# Blender 5.2.2 LTS
# www.blender.org
mtllib anemometer_damaged.mtl
o anemometer_damaged
v -8.900000 0.535000 5.800000
v -8.900000 0.535000 5.980000
v -8.907499 0.537010 5.800000
v -8.907499 0.537010 5.980000
v -8.912990 0.542500 5.800000
v -8.912990 0.542500 5.980000
v -8.915000 0.550000 5.800000
v -8.915000 0.550000 5.980000
v -8.912990 0.557500 5.800000
v -8.912990 0.557500 5.980000
v -8.907499 0.562990 5.800000
v -8.907499 0.562990 5.980000
v -8.900000 0.565000 5.800000
v -8.900000 0.565000 5.980000
v -8.892500 0.562990 5.800000
v -8.892500 0.562990 5.980000
v -8.887010 0.557500 5.800000
v -8.887010 0.557500 5.980000
v -8.884999 0.550000 5.800000
v -8.884999 0.550000 5.980000
v -8.887010 0.542500 5.800000
v -8.887010 0.542500 5.980000
v -8.892500 0.537010 5.800000
v -8.892500 0.537010 5.980000
v -8.900000 0.550000 5.986000
v -8.740000 0.550000 5.986000
v -8.900000 0.553000 5.985196
v -8.740000 0.553000 5.985196
v -8.900000 0.555196 5.983000
v -8.740000 0.555196 5.983000
v -8.900000 0.556000 5.980000
v -8.740000 0.556000 5.980000
v -8.900000 0.555196 5.977000
v -8.740000 0.555196 5.977000
v -8.900000 0.553000 5.974804
v -8.740000 0.553000 5.974804
v -8.900000 0.550000 5.974000
v -8.740000 0.550000 5.974000
v -8.900000 0.547000 5.974804
v -8.740000 0.547000 5.974804
v -8.900000 0.544804 5.977000
v -8.740000 0.544804 5.977000
v -8.900000 0.544000 5.980000
v -8.740000 0.544000 5.980000
v -8.900000 0.544804 5.983000
v -8.740000 0.544804 5.983000
v -8.900000 0.547000 5.985196
v -8.740000 0.547000 5.985196
v -8.740000 0.550000 6.020000
v -8.740000 0.557804 6.019231
v -8.740000 0.572223 6.013259
v -8.740000 0.578284 6.008284
v -8.740000 0.586955 5.995307
v -8.740000 0.590000 5.980000
v -8.740000 0.583259 5.957777
v -8.740000 0.550000 5.940000
v -8.738478 0.557654 6.019231
v -8.737014 0.565013 6.016955
v -8.735664 0.571796 6.013259
v -8.734482 0.577741 6.008284
v -8.733511 0.582620 6.002223
v -8.732790 0.586245 5.995307
v -8.732347 0.588478 5.987803
v -8.732196 0.589231 5.980000
v -8.732347 0.588478 5.972197
v -8.732790 0.586245 5.964693
v -8.733511 0.582620 5.957777
v -8.734482 0.577741 5.951716
v -8.735664 0.571796 5.946741
v -8.737014 0.565013 5.943045
v -8.738478 0.557654 5.940769
v -8.737014 0.557210 6.019231
v -8.734142 0.564142 6.016955
v -8.731496 0.570531 6.013259
v -8.729176 0.576131 6.008284
v -8.727272 0.580727 6.002223
v -8.725858 0.584142 5.995307
v -8.724987 0.586245 5.987803
v -8.724692 0.586955 5.980000
v -8.724987 0.586245 5.972197
v -8.725858 0.584142 5.964693
v -8.727272 0.580727 5.957777
v -8.729176 0.576131 5.951716
v -8.731496 0.570531 5.946741
v -8.734142 0.564142 5.943045
v -8.737014 0.557210 5.940769
v -8.735664 0.556488 6.019231
v -8.731496 0.562728 6.016955
v -8.727654 0.568478 6.013259
v -8.724286 0.573518 6.008284
v -8.721522 0.577654 6.002223
v -8.719468 0.580727 5.995307
v -8.718204 0.582620 5.987803
v -8.717777 0.583259 5.980000
v -8.718204 0.582620 5.972197
v -8.719468 0.580727 5.964693
v -8.721522 0.577654 5.957777
v -8.724286 0.573518 5.951716
v -8.727654 0.568478 5.946741
v -8.731496 0.562728 5.943045
v -8.735664 0.556488 5.940769
v -8.734482 0.555518 6.019231
v -8.729176 0.560824 6.016955
v -8.724286 0.565714 6.013259
v -8.719999 0.570000 6.008284
v -8.716482 0.573518 6.002223
v -8.713868 0.576131 5.995307
v -8.712259 0.577741 5.987803
v -8.711716 0.578284 5.980000
v -8.712259 0.577741 5.972197
v -8.713868 0.576131 5.964693
v -8.716482 0.573518 5.957777
v -8.719999 0.570000 5.951716
v -8.724286 0.565714 5.946741
v -8.729176 0.560824 5.943045
v -8.734482 0.555518 5.940769
v -8.733511 0.554335 6.019231
v -8.727272 0.558504 6.016955
v -8.721522 0.562346 6.013259
v -8.716482 0.565714 6.008284
v -8.712346 0.568478 6.002223
v -8.709272 0.570531 5.995307
v -8.707380 0.571796 5.987803
v -8.706741 0.572223 5.980000
v -8.707380 0.571796 5.972197
v -8.709272 0.570531 5.964693
v -8.712346 0.568478 5.957777
v -8.716482 0.565714 5.951716
v -8.721522 0.562346 5.946741
v -8.727272 0.558504 5.943045
v -8.733511 0.554335 5.940769
v -8.732790 0.552986 6.019231
v -8.725858 0.555858 6.016955
v -8.719468 0.558504 6.013259
v -8.713868 0.560824 6.008284
v -8.709272 0.562728 6.002223
v -8.705857 0.564142 5.995307
v -8.703754 0.565013 5.987803
v -8.703045 0.565307 5.980000
v -8.703754 0.565013 5.972197
v -8.705857 0.564142 5.964693
v -8.709272 0.562728 5.957777
v -8.713868 0.560824 5.951716
v -8.719468 0.558504 5.946741
v -8.725858 0.555858 5.943045
v -8.732790 0.552986 5.940769
v -8.732347 0.551522 6.019231
v -8.724987 0.552986 6.016955
v -8.718204 0.554335 6.013259
v -8.712259 0.555518 6.008284
v -8.707380 0.556488 6.002223
v -8.703754 0.557210 5.995307
v -8.701522 0.557654 5.987803
v -8.700768 0.557804 5.980000
v -8.701522 0.557654 5.972197
v -8.703754 0.557210 5.964693
v -8.707380 0.556488 5.957777
v -8.712259 0.555518 5.951716
v -8.718204 0.554335 5.946741
v -8.724987 0.552986 5.943045
v -8.732347 0.551522 5.940769
v -8.732196 0.550000 6.019231
v -8.724692 0.550000 6.016955
v -8.717777 0.550000 6.013259
v -8.711716 0.550000 6.008284
v -8.706741 0.550000 6.002223
v -8.703045 0.550000 5.995307
v -8.700768 0.550000 5.987803
v -8.700000 0.550000 5.980000
v -8.700768 0.550000 5.972197
v -8.703045 0.550000 5.964693
v -8.706741 0.550000 5.957777
v -8.711716 0.550000 5.951716
v -8.717777 0.550000 5.946741
v -8.724692 0.550000 5.943045
v -8.732196 0.550000 5.940769
v -8.732347 0.548478 6.019231
v -8.724987 0.547014 6.016955
v -8.718204 0.545665 6.013259
v -8.712259 0.544482 6.008284
v -8.707380 0.543512 6.002223
v -8.703754 0.542790 5.995307
v -8.701522 0.542346 5.987803
v -8.700768 0.542196 5.980000
v -8.701522 0.542346 5.972197
v -8.703754 0.542790 5.964693
v -8.707380 0.543512 5.957777
v -8.712259 0.544482 5.951716
v -8.718204 0.545665 5.946741
v -8.724987 0.547014 5.943045
v -8.732347 0.548478 5.940769
v -8.732790 0.547014 6.019231
v -8.725858 0.544142 6.016955
v -8.719468 0.541496 6.013259
v -8.713868 0.539176 6.008284
v -8.709272 0.537272 6.002223
v -8.705857 0.535858 5.995307
v -8.703754 0.534987 5.987803
v -8.703045 0.534693 5.980000
v -8.703754 0.534987 5.972197
v -8.705857 0.535858 5.964693
v -8.709272 0.537272 5.957777
v -8.713868 0.539176 5.951716
v -8.719468 0.541496 5.946741
v -8.725858 0.544142 5.943045
v -8.732790 0.547014 5.940769
v -8.733511 0.545665 6.019231
v -8.727272 0.541496 6.016955
v -8.721522 0.537654 6.013259
v -8.716482 0.534286 6.008284
v -8.712346 0.531522 6.002223
v -8.709272 0.529469 5.995307
v -8.707380 0.528204 5.987803
v -8.706741 0.527777 5.980000
v -8.707380 0.528204 5.972197
v -8.709272 0.529469 5.964693
v -8.712346 0.531522 5.957777
v -8.716482 0.534286 5.951716
v -8.721522 0.537654 5.946741
v -8.727272 0.541496 5.943045
v -8.733511 0.545665 5.940769
v -8.734482 0.544482 6.019231
v -8.729176 0.539176 6.016955
v -8.724286 0.534286 6.013259
v -8.719999 0.530000 6.008284
v -8.716482 0.526483 6.002223
v -8.713868 0.523869 5.995307
v -8.712259 0.522259 5.987803
v -8.711716 0.521716 5.980000
v -8.712259 0.522259 5.972197
v -8.713868 0.523869 5.964693
v -8.716482 0.526483 5.957777
v -8.719999 0.530000 5.951716
v -8.724286 0.534286 5.946741
v -8.729176 0.539176 5.943045
v -8.734482 0.544482 5.940769
v -8.735664 0.543512 6.019231
v -8.731496 0.537272 6.016955
v -8.727654 0.531522 6.013259
v -8.724286 0.526483 6.008284
v -8.721522 0.522346 6.002223
v -8.719468 0.519273 5.995307
v -8.718204 0.517380 5.987803
v -8.717777 0.516741 5.980000
v -8.718204 0.517380 5.972197
v -8.719468 0.519273 5.964693
v -8.721522 0.522346 5.957777
v -8.724286 0.526483 5.951716
v -8.727654 0.531522 5.946741
v -8.731496 0.537272 5.943045
v -8.735664 0.543512 5.940769
v -8.737014 0.542790 6.019231
v -8.734142 0.535858 6.016955
v -8.731496 0.529469 6.013259
v -8.729176 0.523869 6.008284
v -8.727272 0.519273 6.002223
v -8.725858 0.515858 5.995307
v -8.724987 0.513755 5.987803
v -8.724692 0.513045 5.980000
v -8.724987 0.513755 5.972197
v -8.725858 0.515858 5.964693
v -8.727272 0.519273 5.957777
v -8.729176 0.523869 5.951716
v -8.731496 0.529469 5.946741
v -8.734142 0.535858 5.943045
v -8.737014 0.542790 5.940769
v -8.738478 0.542346 6.019231
v -8.737014 0.534987 6.016955
v -8.735664 0.528204 6.013259
v -8.734482 0.522259 6.008284
v -8.733511 0.517380 6.002223
v -8.732790 0.513755 5.995307
v -8.732347 0.511522 5.987803
v -8.732196 0.510769 5.980000
v -8.732347 0.511522 5.972197
v -8.732790 0.513755 5.964693
v -8.733511 0.517380 5.957777
v -8.734482 0.522259 5.951716
v -8.735664 0.528204 5.946741
v -8.737014 0.534987 5.943045
v -8.738478 0.542346 5.940769
v -8.740000 0.542196 6.019231
v -8.740000 0.534693 6.016955
v -8.740000 0.527777 6.013259
v -8.740000 0.521716 6.008284
v -8.740000 0.516741 6.002223
v -8.740000 0.513045 5.995307
v -8.740000 0.510769 5.987803
v -8.740000 0.510000 5.980000
v -8.740000 0.510769 5.972197
v -8.740000 0.513045 5.964693
v -8.740000 0.516741 5.957777
v -8.740000 0.521716 5.951716
v -8.740000 0.527777 5.946741
v -8.740000 0.534693 5.943045
v -8.740000 0.542196 5.940769
v -8.741522 0.542346 6.019231
v -8.742986 0.534987 6.016955
v -8.744335 0.528204 6.013259
v -8.745518 0.522259 6.008284
v -8.746489 0.517380 6.002223
v -8.747210 0.513755 5.995307
v -8.747653 0.511522 5.987803
v -8.747804 0.510769 5.980000
v -8.747653 0.511522 5.972197
v -8.747210 0.513755 5.964693
v -8.746489 0.517380 5.957777
v -8.745518 0.522259 5.951716
v -8.744335 0.528204 5.946741
v -8.742986 0.534987 5.943045
v -8.741522 0.542346 5.940769
v -8.742986 0.542790 6.019231
v -8.745857 0.535858 6.016955
v -8.748504 0.529469 6.013259
v -8.750824 0.523869 6.008284
v -8.752728 0.519273 6.002223
v -8.754142 0.515858 5.995307
v -8.755013 0.513755 5.987803
v -8.755307 0.513045 5.980000
v -8.755013 0.513755 5.972197
v -8.754142 0.515858 5.964693
v -8.752728 0.519273 5.957777
v -8.750824 0.523869 5.951716
v -8.748504 0.529469 5.946741
v -8.745857 0.535858 5.943045
v -8.742986 0.542790 5.940769
v -8.744335 0.543512 6.019231
v -8.748504 0.537272 6.016955
v -8.752346 0.531522 6.013259
v -8.755713 0.526483 6.008284
v -8.758477 0.522346 6.002223
v -8.760531 0.519273 5.995307
v -8.761796 0.517380 5.987803
v -8.762222 0.516741 5.980000
v -8.761796 0.517380 5.972197
v -8.760531 0.519273 5.964693
v -8.758477 0.522346 5.957777
v -8.755713 0.526483 5.951716
v -8.752346 0.531522 5.946741
v -8.748504 0.537272 5.943045
v -8.744335 0.543512 5.940769
v -8.745518 0.544482 6.019231
v -8.750824 0.539176 6.016955
v -8.755713 0.534286 6.013259
v -8.760000 0.530000 6.008284
v -8.763517 0.526483 6.002223
v -8.766131 0.523869 5.995307
v -8.767740 0.522259 5.987803
v -8.768284 0.521716 5.980000
v -8.767740 0.522259 5.972197
v -8.766131 0.523869 5.964693
v -8.763517 0.526483 5.957777
v -8.760000 0.530000 5.951716
v -8.755713 0.534286 5.946741
v -8.750824 0.539176 5.943045
v -8.745518 0.544482 5.940769
v -8.746489 0.545665 6.019231
v -8.752728 0.541496 6.016955
v -8.758477 0.537654 6.013259
v -8.763517 0.534286 6.008284
v -8.767653 0.531522 6.002223
v -8.770727 0.529469 5.995307
v -8.772619 0.528204 5.987803
v -8.773258 0.527777 5.980000
v -8.772619 0.528204 5.972197
v -8.770727 0.529469 5.964693
v -8.767653 0.531522 5.957777
v -8.763517 0.534286 5.951716
v -8.758477 0.537654 5.946741
v -8.752728 0.541496 5.943045
v -8.746489 0.545665 5.940769
v -8.747210 0.547014 6.019231
v -8.754142 0.544142 6.016955
v -8.760531 0.541496 6.013259
v -8.766131 0.539176 6.008284
v -8.770727 0.537272 6.002223
v -8.774142 0.535858 5.995307
v -8.776245 0.534987 5.987803
v -8.776955 0.534693 5.980000
v -8.776245 0.534987 5.972197
v -8.774142 0.535858 5.964693
v -8.770727 0.537272 5.957777
v -8.766131 0.539176 5.951716
v -8.760531 0.541496 5.946741
v -8.754142 0.544142 5.943045
v -8.747210 0.547014 5.940769
v -8.747653 0.548478 6.019231
v -8.755013 0.547014 6.016955
v -8.761796 0.545665 6.013259
v -8.767740 0.544482 6.008284
v -8.772619 0.543512 6.002223
v -8.776245 0.542790 5.995307
v -8.778478 0.542346 5.987803
v -8.779231 0.542196 5.980000
v -8.778478 0.542346 5.972197
v -8.776245 0.542790 5.964693
v -8.772619 0.543512 5.957777
v -8.767740 0.544482 5.951716
v -8.761796 0.545665 5.946741
v -8.755013 0.547014 5.943045
v -8.747653 0.548478 5.940769
v -8.747804 0.550000 6.019231
v -8.755307 0.550000 6.016955
v -8.762222 0.550000 6.013259
v -8.768284 0.550000 6.008284
v -8.773258 0.550000 6.002223
v -8.776955 0.550000 5.995307
v -8.779231 0.550000 5.987803
v -8.780000 0.550000 5.980000
v -8.779231 0.550000 5.972197
v -8.776955 0.550000 5.964693
v -8.773258 0.550000 5.957777
v -8.768284 0.550000 5.951716
v -8.762222 0.550000 5.946741
v -8.755307 0.550000 5.943045
v -8.747804 0.550000 5.940769
v -8.747653 0.551522 6.019231
v -8.755013 0.552986 6.016955
v -8.761796 0.554335 6.013259
v -8.767740 0.555518 6.008284
v -8.772619 0.556488 6.002223
v -8.776245 0.557210 5.995307
v -8.778478 0.557654 5.987803
v -8.779231 0.557804 5.980000
v -8.778478 0.557654 5.972197
v -8.776245 0.557210 5.964693
v -8.772619 0.556488 5.957777
v -8.767740 0.555518 5.951716
v -8.761796 0.554335 5.946741
v -8.755013 0.552986 5.943045
v -8.747653 0.551522 5.940769
v -8.747210 0.552986 6.019231
v -8.754142 0.555858 6.016955
v -8.760531 0.558504 6.013259
v -8.766131 0.560824 6.008284
v -8.770727 0.562728 6.002223
v -8.774142 0.564142 5.995307
v -8.776245 0.565013 5.987803
v -8.776955 0.565307 5.980000
v -8.776245 0.565013 5.972197
v -8.774142 0.564142 5.964693
v -8.770727 0.562728 5.957777
v -8.766131 0.560824 5.951716
v -8.760531 0.558504 5.946741
v -8.754142 0.555858 5.943045
v -8.747210 0.552986 5.940769
v -8.746489 0.554335 6.019231
v -8.752728 0.558504 6.016955
v -8.758477 0.562346 6.013259
v -8.763517 0.565714 6.008284
v -8.767653 0.568478 6.002223
v -8.770727 0.570531 5.995307
v -8.772619 0.571796 5.987803
v -8.773258 0.572223 5.980000
v -8.772619 0.571796 5.972197
v -8.770727 0.570531 5.964693
v -8.767653 0.568478 5.957777
v -8.763517 0.565714 5.951716
v -8.758477 0.562346 5.946741
v -8.752728 0.558504 5.943045
v -8.746489 0.554335 5.940769
v -8.745518 0.555518 6.019231
v -8.750824 0.560824 6.016955
v -8.755713 0.565714 6.013259
v -8.759999 0.570000 6.008284
v -8.763517 0.573518 6.002223
v -8.766131 0.576131 5.995307
v -8.767740 0.577741 5.987803
v -8.768284 0.578284 5.980000
v -8.767740 0.577741 5.972197
v -8.766131 0.576131 5.964693
v -8.763517 0.573518 5.957777
v -8.759999 0.570000 5.951716
v -8.755713 0.565714 5.946741
v -8.750824 0.560824 5.943045
v -8.745518 0.555518 5.940769
v -8.744335 0.556488 6.019231
v -8.748504 0.562728 6.016955
v -8.752346 0.568478 6.013259
v -8.755713 0.573518 6.008284
v -8.758477 0.577654 6.002223
v -8.760530 0.580727 5.995307
v -8.761796 0.582620 5.987803
v -8.762222 0.583259 5.980000
v -8.761796 0.582620 5.972197
v -8.760530 0.580727 5.964693
v -8.758477 0.577654 5.957777
v -8.755713 0.573518 5.951716
v -8.752346 0.568478 5.946741
v -8.748504 0.562728 5.943045
v -8.744335 0.556488 5.940769
v -8.742986 0.557210 6.019231
v -8.745857 0.564142 6.016955
v -8.748504 0.570531 6.013259
v -8.750824 0.576131 6.008284
v -8.752728 0.580727 6.002223
v -8.754142 0.584142 5.995307
v -8.755013 0.586245 5.987803
v -8.755307 0.586955 5.980000
v -8.755013 0.586245 5.972197
v -8.754142 0.584142 5.964693
v -8.752728 0.580727 5.957777
v -8.750824 0.576131 5.951716
v -8.748504 0.570531 5.946741
v -8.745857 0.564142 5.943045
v -8.742986 0.557210 5.940769
v -8.741522 0.557654 6.019231
v -8.742986 0.565013 6.016955
v -8.744335 0.571796 6.013259
v -8.745518 0.577741 6.008284
v -8.746489 0.582620 6.002223
v -8.747210 0.586245 5.995307
v -8.747653 0.588478 5.987803
v -8.747804 0.589231 5.980000
v -8.747653 0.588478 5.972197
v -8.747210 0.586245 5.964693
v -8.746489 0.582620 5.957777
v -8.745518 0.577741 5.951716
v -8.744335 0.571796 5.946741
v -8.742986 0.565013 5.943045
v -8.741522 0.557654 5.940769
v -8.740000 0.565307 6.016955
v -8.740000 0.583259 6.002223
v -8.740000 0.589231 5.987803
v -8.740000 0.589231 5.972197
v -8.740000 0.586955 5.964693
v -8.740000 0.578284 5.951716
v -8.740000 0.572223 5.946741
v -8.740000 0.565307 5.943045
v -8.740000 0.557804 5.940769
v -8.901202 0.552083 5.985497
v -8.981202 0.690647 5.915496
v -8.903639 0.550304 5.984760
v -8.983639 0.688868 5.914760
v -8.905101 0.548443 5.982748
v -8.985101 0.687007 5.912748
v -8.905196 0.547000 5.980000
v -8.985196 0.685564 5.910000
v -8.903898 0.546361 5.977252
v -8.983898 0.684925 5.907251
v -8.901556 0.546696 5.975239
v -8.981556 0.685260 5.905239
v -8.898797 0.547917 5.974503
v -8.978797 0.686481 5.904503
v -8.896360 0.549696 5.975239
v -8.976360 0.688260 5.905239
v -8.894898 0.551557 5.977252
v -8.974898 0.690121 5.907251
v -8.894803 0.553000 5.980000
v -8.974803 0.691564 5.910000
v -8.896101 0.553639 5.982748
v -8.976101 0.692203 5.912748
v -8.898443 0.553304 5.984760
v -8.978443 0.691868 5.914760
v -8.980000 0.688564 5.950000
v -8.980000 0.696368 5.949231
v -8.980000 0.710787 5.943259
v -8.980000 0.716848 5.938284
v -8.980000 0.725519 5.925307
v -8.980000 0.728564 5.910000
v -8.980000 0.721823 5.887777
v -8.980000 0.688564 5.870000
v -8.978477 0.696218 5.949231
v -8.977014 0.703577 5.946955
v -8.975664 0.710360 5.943259
v -8.974482 0.716305 5.938284
v -8.973511 0.721184 5.932223
v -8.972790 0.724809 5.925307
v -8.972346 0.727042 5.917803
v -8.972196 0.727795 5.910000
v -8.972346 0.727042 5.902196
v -8.972790 0.724809 5.894692
v -8.973511 0.721184 5.887777
v -8.974482 0.716305 5.881716
v -8.975664 0.710360 5.876741
v -8.977014 0.703577 5.873044
v -8.978477 0.696218 5.870769
v -8.977014 0.695774 5.949231
v -8.974142 0.702706 5.946955
v -8.971496 0.709095 5.943259
v -8.969175 0.714695 5.938284
v -8.967272 0.719291 5.932223
v -8.965858 0.722706 5.925307
v -8.964987 0.724809 5.917803
v -8.964692 0.725519 5.910000
v -8.964987 0.724809 5.902196
v -8.965858 0.722706 5.894692
v -8.967272 0.719291 5.887777
v -8.969175 0.714695 5.881716
v -8.971496 0.709095 5.876741
v -8.974142 0.702706 5.873044
v -8.977014 0.695774 5.870769
v -8.975664 0.695053 5.949231
v -8.971496 0.701292 5.946955
v -8.967653 0.707042 5.943259
v -8.964286 0.712082 5.938284
v -8.961522 0.716218 5.932223
v -8.959468 0.719291 5.925307
v -8.958203 0.721184 5.917803
v -8.957777 0.721823 5.910000
v -8.958203 0.721184 5.902196
v -8.959468 0.719291 5.894692
v -8.961522 0.716218 5.887777
v -8.964286 0.712082 5.881716
v -8.967653 0.707042 5.876741
v -8.971496 0.701292 5.873044
v -8.975664 0.695053 5.870769
v -8.974482 0.694082 5.949231
v -8.969175 0.699388 5.946955
v -8.964286 0.704278 5.943259
v -8.959999 0.708564 5.938284
v -8.956482 0.712082 5.932223
v -8.953868 0.714695 5.925307
v -8.952259 0.716305 5.917803
v -8.951715 0.716848 5.910000
v -8.952259 0.716305 5.902196
v -8.953868 0.714695 5.894692
v -8.956482 0.712082 5.887777
v -8.959999 0.708564 5.881716
v -8.964286 0.704278 5.876741
v -8.969175 0.699388 5.873044
v -8.974482 0.694082 5.870769
v -8.973511 0.692900 5.949231
v -8.967272 0.697068 5.946955
v -8.961522 0.700910 5.943259
v -8.956482 0.704278 5.938284
v -8.952346 0.707042 5.932223
v -8.949272 0.709095 5.925307
v -8.947380 0.710360 5.917803
v -8.946741 0.710787 5.910000
v -8.947380 0.710360 5.902196
v -8.949272 0.709095 5.894692
v -8.952346 0.707042 5.887777
v -8.956482 0.704278 5.881716
v -8.961522 0.700910 5.876741
v -8.967272 0.697068 5.873044
v -8.973511 0.692900 5.870769
v -8.972790 0.691550 5.949231
v -8.965858 0.694422 5.946955
v -8.959468 0.697068 5.943259
v -8.953868 0.699388 5.938284
v -8.949272 0.701292 5.932223
v -8.945857 0.702706 5.925307
v -8.943754 0.703577 5.917803
v -8.943045 0.703871 5.910000
v -8.943754 0.703577 5.902196
v -8.945857 0.702706 5.894692
v -8.949272 0.701292 5.887777
v -8.953868 0.699388 5.881716
v -8.959468 0.697068 5.876741
v -8.965858 0.694422 5.873044
v -8.972790 0.691550 5.870769
v -8.972346 0.690086 5.949231
v -8.964987 0.691550 5.946955
v -8.958203 0.692900 5.943259
v -8.952259 0.694082 5.938284
v -8.947380 0.695053 5.932223
v -8.943754 0.695774 5.925307
v -8.941522 0.696218 5.917803
v -8.940768 0.696368 5.910000
v -8.941522 0.696218 5.902196
v -8.943754 0.695774 5.894692
v -8.947380 0.695053 5.887777
v -8.952259 0.694082 5.881716
v -8.958203 0.692900 5.876741
v -8.964987 0.691550 5.873044
v -8.972346 0.690086 5.870769
v -8.972196 0.688564 5.949231
v -8.964692 0.688564 5.946955
v -8.957777 0.688564 5.943259
v -8.951715 0.688564 5.938284
v -8.946741 0.688564 5.932223
v -8.943045 0.688564 5.925307
v -8.940768 0.688564 5.917803
v -8.940000 0.688564 5.910000
v -8.940768 0.688564 5.902196
v -8.943045 0.688564 5.894692
v -8.946741 0.688564 5.887777
v -8.951715 0.688564 5.881716
v -8.957777 0.688564 5.876741
v -8.964692 0.688564 5.873044
v -8.972196 0.688564 5.870769
v -8.972346 0.687042 5.949231
v -8.964987 0.685578 5.946955
v -8.958203 0.684229 5.943259
v -8.952259 0.683046 5.938284
v -8.947380 0.682076 5.932223
v -8.943754 0.681354 5.925307
v -8.941522 0.680910 5.917803
v -8.940768 0.680760 5.910000
v -8.941522 0.680910 5.902196
v -8.943754 0.681354 5.894692
v -8.947380 0.682076 5.887777
v -8.952259 0.683046 5.881716
v -8.958203 0.684229 5.876741
v -8.964987 0.685578 5.873044
v -8.972346 0.687042 5.870769
v -8.972790 0.685578 5.949231
v -8.965858 0.682706 5.946955
v -8.959468 0.680060 5.943259
v -8.953868 0.677740 5.938284
v -8.949272 0.675837 5.932223
v -8.945857 0.674422 5.925307
v -8.943754 0.673551 5.917803
v -8.943045 0.673257 5.910000
v -8.943754 0.673551 5.902196
v -8.945857 0.674422 5.894692
v -8.949272 0.675837 5.887777
v -8.953868 0.677740 5.881716
v -8.959468 0.680060 5.876741
v -8.965858 0.682706 5.873044
v -8.972790 0.685578 5.870769
v -8.973511 0.684229 5.949231
v -8.967272 0.680060 5.946955
v -8.961522 0.676218 5.943259
v -8.956482 0.672850 5.938284
v -8.952346 0.670087 5.932223
v -8.949272 0.668033 5.925307
v -8.947380 0.666768 5.917803
v -8.946741 0.666341 5.910000
v -8.947380 0.666768 5.902196
v -8.949272 0.668033 5.894692
v -8.952346 0.670087 5.887777
v -8.956482 0.672850 5.881716
v -8.961522 0.676218 5.876741
v -8.967272 0.680060 5.873044
v -8.973511 0.684229 5.870769
v -8.974482 0.683046 5.949231
v -8.969175 0.677740 5.946955
v -8.964286 0.672850 5.943259
v -8.959999 0.668564 5.938284
v -8.956482 0.665047 5.932223
v -8.953868 0.662433 5.925307
v -8.952259 0.660823 5.917803
v -8.951715 0.660280 5.910000
v -8.952259 0.660823 5.902196
v -8.953868 0.662433 5.894692
v -8.956482 0.665047 5.887777
v -8.959999 0.668564 5.881716
v -8.964286 0.672850 5.876741
v -8.969175 0.677740 5.873044
v -8.974482 0.683046 5.870769
v -8.975664 0.682076 5.949231
v -8.971496 0.675837 5.946955
v -8.967653 0.670087 5.943259
v -8.964286 0.665047 5.938284
v -8.961522 0.660910 5.932223
v -8.959468 0.657837 5.925307
v -8.958203 0.655944 5.917803
v -8.957777 0.655305 5.910000
v -8.958203 0.655944 5.902196
v -8.959468 0.657837 5.894692
v -8.961522 0.660910 5.887777
v -8.964286 0.665047 5.881716
v -8.967653 0.670087 5.876741
v -8.971496 0.675837 5.873044
v -8.975664 0.682076 5.870769
v -8.977014 0.681354 5.949231
v -8.974142 0.674422 5.946955
v -8.971496 0.668033 5.943259
v -8.969175 0.662433 5.938284
v -8.967272 0.657837 5.932223
v -8.965858 0.654422 5.925307
v -8.964987 0.652319 5.917803
v -8.964692 0.651609 5.910000
v -8.964987 0.652319 5.902196
v -8.965858 0.654422 5.894692
v -8.967272 0.657837 5.887777
v -8.969175 0.662433 5.881716
v -8.971496 0.668033 5.876741
v -8.974142 0.674422 5.873044
v -8.977014 0.681354 5.870769
v -8.978477 0.680910 5.949231
v -8.977014 0.673551 5.946955
v -8.975664 0.666768 5.943259
v -8.974482 0.660823 5.938284
v -8.973511 0.655944 5.932223
v -8.972790 0.652319 5.925307
v -8.972346 0.650086 5.917803
v -8.972196 0.649333 5.910000
v -8.972346 0.650086 5.902196
v -8.972790 0.652319 5.894692
v -8.973511 0.655944 5.887777
v -8.974482 0.660823 5.881716
v -8.975664 0.666768 5.876741
v -8.977014 0.673551 5.873044
v -8.978477 0.680910 5.870769
v -8.980000 0.680760 5.949231
v -8.980000 0.673257 5.946955
v -8.980000 0.666341 5.943259
v -8.980000 0.660280 5.938284
v -8.980000 0.655305 5.932223
v -8.980000 0.651609 5.925307
v -8.980000 0.649333 5.917803
v -8.980000 0.648564 5.910000
v -8.980000 0.649333 5.902196
v -8.980000 0.651609 5.894692
v -8.980000 0.655305 5.887777
v -8.980000 0.660280 5.881716
v -8.980000 0.666341 5.876741
v -8.980000 0.673257 5.873044
v -8.980000 0.680760 5.870769
v -8.981522 0.680910 5.949231
v -8.982985 0.673551 5.946955
v -8.984335 0.666768 5.943259
v -8.985518 0.660823 5.938284
v -8.986488 0.655944 5.932223
v -8.987209 0.652319 5.925307
v -8.987653 0.650086 5.917803
v -8.987803 0.649333 5.910000
v -8.987653 0.650086 5.902196
v -8.987209 0.652319 5.894692
v -8.986488 0.655944 5.887777
v -8.985518 0.660823 5.881716
v -8.984335 0.666768 5.876741
v -8.982985 0.673551 5.873044
v -8.981522 0.680910 5.870769
v -8.982985 0.681354 5.949231
v -8.985857 0.674422 5.946955
v -8.988503 0.668033 5.943259
v -8.990824 0.662433 5.938284
v -8.992727 0.657837 5.932223
v -8.994142 0.654422 5.925307
v -8.995012 0.652319 5.917803
v -8.995307 0.651609 5.910000
v -8.995012 0.652319 5.902196
v -8.994142 0.654422 5.894692
v -8.992727 0.657837 5.887777
v -8.990824 0.662433 5.881716
v -8.988503 0.668033 5.876741
v -8.985857 0.674422 5.873044
v -8.982985 0.681354 5.870769
v -8.984335 0.682076 5.949231
v -8.988503 0.675837 5.946955
v -8.992346 0.670087 5.943259
v -8.995713 0.665047 5.938284
v -8.998477 0.660910 5.932223
v -9.000531 0.657837 5.925307
v -9.001796 0.655944 5.917803
v -9.002222 0.655305 5.910000
v -9.001796 0.655944 5.902196
v -9.000531 0.657837 5.894692
v -8.998477 0.660910 5.887777
v -8.995713 0.665047 5.881716
v -8.992346 0.670087 5.876741
v -8.988503 0.675837 5.873044
v -8.984335 0.682076 5.870769
v -8.985518 0.683046 5.949231
v -8.990824 0.677740 5.946955
v -8.995713 0.672850 5.943259
v -9.000000 0.668564 5.938284
v -9.003517 0.665047 5.932223
v -9.006131 0.662433 5.925307
v -9.007740 0.660823 5.917803
v -9.008284 0.660280 5.910000
v -9.007740 0.660823 5.902196
v -9.006131 0.662433 5.894692
v -9.003517 0.665047 5.887777
v -9.000000 0.668564 5.881716
v -8.995713 0.672850 5.876741
v -8.990824 0.677740 5.873044
v -8.985518 0.683046 5.870769
v -8.986488 0.684229 5.949231
v -8.992727 0.680060 5.946955
v -8.998477 0.676218 5.943259
v -9.003517 0.672850 5.938284
v -9.007653 0.670087 5.932223
v -9.010727 0.668033 5.925307
v -9.012619 0.666768 5.917803
v -9.013258 0.666341 5.910000
v -9.012619 0.666768 5.902196
v -9.010727 0.668033 5.894692
v -9.007653 0.670087 5.887777
v -9.003517 0.672850 5.881716
v -8.998477 0.676218 5.876741
v -8.992727 0.680060 5.873044
v -8.986488 0.684229 5.870769
v -8.987209 0.685578 5.949231
v -8.994142 0.682706 5.946955
v -9.000531 0.680060 5.943259
v -9.006131 0.677740 5.938284
v -9.010727 0.675837 5.932223
v -9.014142 0.674422 5.925307
v -9.016245 0.673551 5.917803
v -9.016954 0.673257 5.910000
v -9.016245 0.673551 5.902196
v -9.014142 0.674422 5.894692
v -9.010727 0.675837 5.887777
v -9.006131 0.677740 5.881716
v -9.000531 0.680060 5.876741
v -8.994142 0.682706 5.873044
v -8.987209 0.685578 5.870769
v -8.987653 0.687042 5.949231
v -8.995012 0.685578 5.946955
v -9.001796 0.684229 5.943259
v -9.007740 0.683046 5.938284
v -9.012619 0.682076 5.932223
v -9.016245 0.681354 5.925307
v -9.018477 0.680910 5.917803
v -9.019231 0.680760 5.910000
v -9.018477 0.680910 5.902196
v -9.016245 0.681354 5.894692
v -9.012619 0.682076 5.887777
v -9.007740 0.683046 5.881716
v -9.001796 0.684229 5.876741
v -8.995012 0.685578 5.873044
v -8.987653 0.687042 5.870769
v -8.987803 0.688564 5.949231
v -8.995307 0.688564 5.946955
v -9.002222 0.688564 5.943259
v -9.008284 0.688564 5.938284
v -9.013258 0.688564 5.932223
v -9.016954 0.688564 5.925307
v -9.019231 0.688564 5.917803
v -9.020000 0.688564 5.910000
v -9.019231 0.688564 5.902196
v -9.016954 0.688564 5.894692
v -9.013258 0.688564 5.887777
v -9.008284 0.688564 5.881716
v -9.002222 0.688564 5.876741
v -8.995307 0.688564 5.873044
v -8.987803 0.688564 5.870769
v -8.987653 0.690086 5.949231
v -8.995012 0.691550 5.946955
v -9.001796 0.692900 5.943259
v -9.007740 0.694082 5.938284
v -9.012619 0.695053 5.932223
v -9.016245 0.695774 5.925307
v -9.018477 0.696218 5.917803
v -9.019231 0.696368 5.910000
v -9.018477 0.696218 5.902196
v -9.016245 0.695774 5.894692
v -9.012619 0.695053 5.887777
v -9.007740 0.694082 5.881716
v -9.001796 0.692900 5.876741
v -8.995012 0.691550 5.873044
v -8.987653 0.690086 5.870769
v -8.987209 0.691550 5.949231
v -8.994142 0.694422 5.946955
v -9.000531 0.697068 5.943259
v -9.006131 0.699388 5.938284
v -9.010727 0.701292 5.932223
v -9.014142 0.702706 5.925307
v -9.016245 0.703577 5.917803
v -9.016954 0.703871 5.910000
v -9.016245 0.703577 5.902196
v -9.014142 0.702706 5.894692
v -9.010727 0.701292 5.887777
v -9.006131 0.699388 5.881716
v -9.000531 0.697068 5.876741
v -8.994142 0.694422 5.873044
v -8.987209 0.691550 5.870769
v -8.986488 0.692900 5.949231
v -8.992727 0.697068 5.946955
v -8.998477 0.700910 5.943259
v -9.003517 0.704278 5.938284
v -9.007653 0.707042 5.932223
v -9.010727 0.709095 5.925307
v -9.012619 0.710360 5.917803
v -9.013258 0.710787 5.910000
v -9.012619 0.710360 5.902196
v -9.010727 0.709095 5.894692
v -9.007653 0.707042 5.887777
v -9.003517 0.704278 5.881716
v -8.998477 0.700910 5.876741
v -8.992727 0.697068 5.873044
v -8.986488 0.692900 5.870769
v -8.985518 0.694082 5.949231
v -8.990824 0.699388 5.946955
v -8.995713 0.704278 5.943259
v -8.999999 0.708564 5.938284
v -9.003517 0.712082 5.932223
v -9.006131 0.714695 5.925307
v -9.007740 0.716305 5.917803
v -9.008284 0.716848 5.910000
v -9.007740 0.716305 5.902196
v -9.006131 0.714695 5.894692
v -9.003517 0.712082 5.887777
v -8.999999 0.708564 5.881716
v -8.995713 0.704278 5.876741
v -8.990824 0.699388 5.873044
v -8.985518 0.694082 5.870769
v -8.984335 0.695053 5.949231
v -8.988503 0.701292 5.946955
v -8.992346 0.707042 5.943259
v -8.995713 0.712082 5.938284
v -8.998477 0.716218 5.932223
v -9.000530 0.719291 5.925307
v -9.001796 0.721184 5.917803
v -9.002222 0.721823 5.910000
v -9.001796 0.721184 5.902196
v -9.000530 0.719291 5.894692
v -8.998477 0.716218 5.887777
v -8.995713 0.712082 5.881716
v -8.992346 0.707042 5.876741
v -8.988503 0.701292 5.873044
v -8.984335 0.695053 5.870769
v -8.982985 0.695774 5.949231
v -8.985857 0.702706 5.946955
v -8.988503 0.709095 5.943259
v -8.990824 0.714695 5.938284
v -8.992727 0.719291 5.932223
v -8.994142 0.722706 5.925307
v -8.995012 0.724809 5.917803
v -8.995307 0.725519 5.910000
v -8.995012 0.724809 5.902196
v -8.994142 0.722706 5.894692
v -8.992727 0.719291 5.887777
v -8.990824 0.714695 5.881716
v -8.988503 0.709095 5.876741
v -8.985857 0.702706 5.873044
v -8.982985 0.695774 5.870769
v -8.981522 0.696218 5.949231
v -8.982985 0.703577 5.946955
v -8.984335 0.710360 5.943259
v -8.985518 0.716305 5.938284
v -8.986488 0.721184 5.932223
v -8.987209 0.724809 5.925307
v -8.987653 0.727042 5.917803
v -8.987803 0.727795 5.910000
v -8.987653 0.727042 5.902196
v -8.987209 0.724809 5.894692
v -8.986488 0.721184 5.887777
v -8.985518 0.716305 5.881716
v -8.984335 0.710360 5.876741
v -8.982985 0.703577 5.873044
v -8.981522 0.696218 5.870769
v -8.980000 0.703871 5.946955
v -8.980000 0.721823 5.932223
v -8.980000 0.727795 5.917803
v -8.980000 0.727795 5.902196
v -8.980000 0.725519 5.894692
v -8.980000 0.716848 5.881716
v -8.980000 0.710787 5.876741
v -8.980000 0.703871 5.873044
v -8.980000 0.696368 5.870769
v -8.900000 0.550000 5.986000
v -8.980000 0.411436 5.986000
v -8.897402 0.548500 5.985196
v -8.977402 0.409936 5.985196
v -8.895499 0.547402 5.983000
v -8.975499 0.408838 5.983000
v -8.894803 0.547000 5.980000
v -8.974803 0.408436 5.980000
v -8.895499 0.547402 5.977000
v -8.975499 0.408838 5.977000
v -8.897402 0.548500 5.974804
v -8.977402 0.409936 5.974804
v -8.900000 0.550000 5.974000
v -8.980000 0.411436 5.974000
v -8.902597 0.551500 5.974804
v -8.982597 0.412936 5.974804
v -8.904500 0.552598 5.977000
v -8.984500 0.414034 5.977000
v -8.905196 0.553000 5.980000
v -8.985196 0.414436 5.980000
v -8.904500 0.552598 5.983000
v -8.984500 0.414034 5.983000
v -8.902597 0.551500 5.985196
v -8.982597 0.412936 5.985196
v -8.900000 -0.562000 5.800000
v -8.900000 -0.562000 5.920000
v -8.905999 -0.560392 5.800000
v -8.905999 -0.560392 5.920000
v -8.910392 -0.556000 5.800000
v -8.910392 -0.556000 5.920000
v -8.912000 -0.550000 5.800000
v -8.912000 -0.550000 5.920000
v -8.910392 -0.544000 5.800000
v -8.910392 -0.544000 5.920000
v -8.905999 -0.539608 5.800000
v -8.905999 -0.539608 5.920000
v -8.900000 -0.538000 5.800000
v -8.900000 -0.538000 5.920000
v -8.894000 -0.539608 5.800000
v -8.894000 -0.539608 5.920000
v -8.889607 -0.544000 5.800000
v -8.889607 -0.544000 5.920000
v -8.888000 -0.550000 5.800000
v -8.888000 -0.550000 5.920000
v -8.889607 -0.556000 5.800000
v -8.889607 -0.556000 5.920000
v -8.894000 -0.560392 5.800000
v -8.894000 -0.560392 5.920000
v -8.780001 -0.550000 5.928000
v -9.150000 -0.550000 5.928000
v -8.780001 -0.554000 5.926928
v -9.150000 -0.554000 5.926929
v -8.780001 -0.556928 5.924000
v -9.150000 -0.556928 5.924000
v -8.780001 -0.558000 5.920000
v -9.150000 -0.558000 5.920000
v -8.780001 -0.556928 5.916000
v -9.150000 -0.556928 5.916000
v -8.780001 -0.554000 5.913072
v -9.150000 -0.554000 5.913072
v -8.780001 -0.550000 5.912000
v -9.150000 -0.550000 5.912000
v -8.780001 -0.546000 5.913072
v -9.150000 -0.546000 5.913072
v -8.780001 -0.543072 5.916000
v -9.150000 -0.543072 5.916000
v -8.780001 -0.542000 5.920000
v -9.150000 -0.542000 5.920000
v -8.780001 -0.543072 5.924000
v -9.150000 -0.543072 5.924000
v -8.780001 -0.546000 5.926928
v -9.150000 -0.546000 5.926929
v -9.200000 -0.554000 5.860000
v -9.200000 -0.554000 6.000000
v -9.200000 -0.546000 5.860000
v -9.200000 -0.546000 6.000000
v -9.040000 -0.554000 5.860000
v -9.040000 -0.554000 6.000000
v -9.040000 -0.546000 5.860000
v -9.040000 -0.546000 6.000000
vn -0.2588 -0.9659 -0.0000
vn -0.7071 -0.7071 -0.0000
vn -0.9659 -0.2589 -0.0000
vn -0.9659 0.2589 -0.0000
vn -0.7071 0.7071 -0.0000
vn -0.2588 0.9659 -0.0000
vn 0.2588 0.9659 -0.0000
vn 0.7072 0.7070 -0.0000
vn 0.9659 0.2589 -0.0000
vn 0.9659 -0.2589 -0.0000
vn -0.0000 -0.0000 1.0000
vn 0.7070 -0.7072 -0.0000
vn 0.2588 -0.9659 -0.0000
vn -0.0000 -0.0000 -1.0000
vn -0.0000 0.2588 0.9659
vn -0.0000 0.7071 0.7071
vn -0.0000 0.9659 0.2588
vn -0.0000 0.9659 -0.2588
vn -0.0000 0.7071 -0.7071
vn -0.0000 0.2589 -0.9659
vn -0.0000 -0.2589 -0.9659
vn -0.0000 -0.7071 -0.7071
vn -0.0000 -0.9659 -0.2588
vn -0.0000 -0.9659 0.2588
vn 1.0000 -0.0000 -0.0000
vn -0.0000 -0.7071 0.7071
vn -0.0000 -0.2588 0.9659
vn -1.0000 -0.0000 -0.0000
vn 0.0759 0.7708 0.6326
vn 0.0623 0.6331 -0.7716
vn 0.0865 0.8786 0.4696
vn 0.0465 0.4710 -0.8809
vn 0.0939 0.9527 0.2891
vn 0.0283 0.2902 -0.9566
vn 0.0976 0.9904 0.0975
vn 0.0094 0.0980 0.9951
vn 0.0097 0.0980 -0.9951
vn 0.0976 0.9904 -0.0976
vn 0.0286 0.2902 0.9565
vn 0.0938 0.9527 -0.2890
vn 0.0462 0.4709 0.8810
vn 0.0865 0.8786 -0.4696
vn 0.0625 0.6331 0.7715
vn 0.0760 0.7708 -0.6326
vn 0.1847 0.6088 0.7715
vn 0.2247 0.7412 -0.6326
vn 0.2249 0.7411 0.6326
vn 0.1848 0.6089 -0.7714
vn 0.2563 0.8448 0.4697
vn 0.1376 0.4529 -0.8809
vn 0.2778 0.9162 0.2889
vn 0.0845 0.2789 -0.9566
vn 0.2889 0.9524 0.0976
vn 0.0293 0.0943 0.9951
vn 0.0285 0.0943 -0.9951
vn 0.2889 0.9524 -0.0976
vn 0.0846 0.2788 0.9566
vn 0.2779 0.9161 -0.2890
vn 0.1373 0.4528 0.8810
vn 0.2563 0.8449 -0.4696
vn 0.4691 0.8777 0.0976
vn 0.0462 0.0868 0.9952
vn 0.0466 0.0868 -0.9951
vn 0.4690 0.8778 -0.0976
vn 0.1374 0.2573 0.9565
vn 0.4513 0.8443 -0.2890
vn 0.2231 0.4174 0.8809
vn 0.4163 0.7786 -0.4697
vn 0.3000 0.5610 0.7716
vn 0.3651 0.6830 -0.6326
vn 0.3652 0.6830 0.6326
vn 0.2998 0.5610 -0.7716
vn 0.4162 0.7786 0.4696
vn 0.2230 0.4173 -0.8810
vn 0.4512 0.8443 0.2890
vn 0.1374 0.2573 -0.9565
vn 0.4912 0.5988 -0.6326
vn 0.4914 0.5987 0.6326
vn 0.4036 0.4918 -0.7715
vn 0.5600 0.6825 0.4697
vn 0.3002 0.3655 -0.8811
vn 0.6074 0.7400 0.2890
vn 0.1850 0.2252 -0.9566
vn 0.6315 0.7692 0.0975
vn 0.0624 0.0761 0.9951
vn 0.0621 0.0761 -0.9952
vn 0.6312 0.7694 -0.0975
vn 0.1851 0.2253 0.9566
vn 0.6074 0.7400 -0.2889
vn 0.3002 0.3658 0.8809
vn 0.5602 0.6824 -0.4696
vn 0.4036 0.4918 0.7715
vn 0.0761 0.0626 0.9951
vn 0.0765 0.0626 -0.9951
vn 0.7693 0.6314 -0.0975
vn 0.2253 0.1849 0.9566
vn 0.7401 0.6073 -0.2890
vn 0.3659 0.3001 0.8809
vn 0.6824 0.5601 -0.4696
vn 0.4919 0.4037 0.7714
vn 0.5987 0.4913 -0.6326
vn 0.5988 0.4912 0.6326
vn 0.4917 0.4039 -0.7714
vn 0.6824 0.5602 0.4696
vn 0.3657 0.3001 -0.8810
vn 0.7401 0.6073 0.2889
vn 0.2255 0.1850 -0.9565
vn 0.7693 0.6314 0.0976
vn 0.6830 0.3652 0.6325
vn 0.5611 0.2997 -0.7716
vn 0.7785 0.4163 0.4696
vn 0.4172 0.2231 -0.8810
vn 0.8442 0.4514 0.2890
vn 0.2571 0.1373 -0.9566
vn 0.8777 0.4692 0.0975
vn 0.0871 0.0464 0.9951
vn 0.0866 0.0464 -0.9952
vn 0.8778 0.4691 -0.0975
vn 0.2572 0.1373 0.9566
vn 0.8443 0.4513 -0.2889
vn 0.4173 0.2231 0.8810
vn 0.7785 0.4163 -0.4696
vn 0.5612 0.3000 0.7714
vn 0.6830 0.3651 -0.6326
vn 0.9524 0.2889 -0.0975
vn 0.2789 0.0848 0.9566
vn 0.9162 0.2777 -0.2890
vn 0.4528 0.1375 0.8809
vn 0.8449 0.2562 -0.4696
vn 0.6089 0.1846 0.7715
vn 0.7411 0.2249 -0.6326
vn 0.7412 0.2249 0.6325
vn 0.6089 0.1848 -0.7714
vn 0.8448 0.2564 0.4696
vn 0.4526 0.1376 -0.8810
vn 0.9161 0.2779 0.2890
vn 0.2790 0.0845 -0.9565
vn 0.9523 0.2891 0.0975
vn 0.0942 0.0285 0.9951
vn 0.0944 0.0285 -0.9951
vn 0.6332 0.0623 -0.7715
vn 0.8786 0.0865 0.4697
vn 0.4709 0.0464 -0.8810
vn 0.9527 0.0939 0.2890
vn 0.2901 0.0284 -0.9566
vn 0.9905 0.0974 0.0975
vn 0.0980 0.0098 0.9951
vn 0.0980 0.0098 -0.9951
vn 0.9904 0.0976 -0.0976
vn 0.2901 0.0286 0.9566
vn 0.9527 0.0939 -0.2890
vn 0.4710 0.0464 0.8809
vn 0.8786 0.0865 -0.4696
vn 0.6331 0.0624 0.7715
vn 0.7707 0.0761 -0.6326
vn 0.7708 0.0758 0.6326
vn 0.9527 -0.0939 -0.2890
vn 0.4709 -0.0462 0.8810
vn 0.8786 -0.0865 -0.4696
vn 0.6332 -0.0622 0.7715
vn 0.7707 -0.0759 -0.6327
vn 0.7708 -0.0759 0.6325
vn 0.6332 -0.0623 -0.7715
vn 0.8786 -0.0865 0.4697
vn 0.4709 -0.0464 -0.8810
vn 0.9527 -0.0939 0.2890
vn 0.2901 -0.0284 -0.9566
vn 0.9905 -0.0974 0.0975
vn 0.0980 -0.0098 0.9951
vn 0.0980 -0.0098 -0.9951
vn 0.9904 -0.0976 -0.0976
vn 0.2901 -0.0288 0.9566
vn 0.4526 -0.1376 -0.8810
vn 0.9162 -0.2776 0.2890
vn 0.2790 -0.0845 -0.9565
vn 0.9523 -0.2891 0.0975
vn 0.0942 -0.0285 0.9951
vn 0.0944 -0.0285 -0.9951
vn 0.9524 -0.2889 -0.0975
vn 0.2789 -0.0848 0.9566
vn 0.9161 -0.2779 -0.2890
vn 0.4527 -0.1375 0.8810
vn 0.8449 -0.2562 -0.4696
vn 0.6089 -0.1846 0.7715
vn 0.7411 -0.2249 -0.6326
vn 0.7412 -0.2249 0.6325
vn 0.6089 -0.1848 -0.7714
vn 0.8448 -0.2564 0.4696
vn 0.4172 -0.2233 0.8809
vn 0.7785 -0.4163 -0.4696
vn 0.5612 -0.3000 0.7714
vn 0.6830 -0.3651 -0.6326
vn 0.6830 -0.3652 0.6325
vn 0.5611 -0.2997 -0.7716
vn 0.7786 -0.4161 0.4697
vn 0.4172 -0.2231 -0.8810
vn 0.8442 -0.4514 0.2890
vn 0.2572 -0.1373 -0.9566
vn 0.8777 -0.4692 0.0975
vn 0.0871 -0.0464 0.9951
vn 0.0866 -0.0464 -0.9952
vn 0.8778 -0.4691 -0.0975
vn 0.2570 -0.1374 0.9566
vn 0.8442 -0.4515 -0.2889
vn 0.7401 -0.6073 0.2889
vn 0.2252 -0.1850 -0.9566
vn 0.7694 -0.6313 0.0975
vn 0.0761 -0.0626 0.9951
vn 0.0765 -0.0626 -0.9951
vn 0.7693 -0.6314 -0.0975
vn 0.2252 -0.1850 0.9566
vn 0.7401 -0.6073 -0.2890
vn 0.3659 -0.3001 0.8809
vn 0.6824 -0.5602 -0.4696
vn 0.4919 -0.4037 0.7714
vn 0.5987 -0.4913 -0.6326
vn 0.5988 -0.4912 0.6326
vn 0.4917 -0.4039 -0.7714
vn 0.6825 -0.5600 0.4697
vn 0.3658 -0.3000 -0.8810
vn 0.5601 -0.6824 -0.4697
vn 0.4036 -0.4918 0.7715
vn 0.4912 -0.5988 -0.6326
vn 0.4914 -0.5986 0.6327
vn 0.4037 -0.4917 -0.7715
vn 0.5601 -0.6824 0.4697
vn 0.3003 -0.3655 -0.8810
vn 0.6074 -0.7400 0.2890
vn 0.1847 -0.2253 -0.9566
vn 0.6315 -0.7693 0.0975
vn 0.0624 -0.0761 0.9951
vn 0.0621 -0.0761 -0.9952
vn 0.6312 -0.7694 -0.0975
vn 0.1850 -0.2253 0.9566
vn 0.6074 -0.7400 -0.2889
vn 0.3002 -0.3658 0.8809
vn 0.1374 -0.2573 -0.9565
vn 0.4693 -0.8777 0.0975
vn 0.0462 -0.0868 0.9952
vn 0.0466 -0.0868 -0.9951
vn 0.4691 -0.8777 -0.0975
vn 0.1375 -0.2573 0.9565
vn 0.4513 -0.8443 -0.2890
vn 0.2230 -0.4174 0.8809
vn 0.4162 -0.7786 -0.4697
vn 0.3000 -0.5611 0.7715
vn 0.3651 -0.6831 -0.6326
vn 0.3652 -0.6830 0.6326
vn 0.2999 -0.5610 -0.7716
vn 0.4162 -0.7786 0.4696
vn 0.2228 -0.4173 -0.8810
vn 0.4512 -0.8443 0.2890
vn 0.1847 -0.6088 0.7715
vn 0.2248 -0.7412 -0.6326
vn 0.2249 -0.7411 0.6326
vn 0.1848 -0.6089 -0.7714
vn 0.2563 -0.8448 0.4696
vn 0.1375 -0.4529 -0.8809
vn 0.2778 -0.9162 0.2889
vn 0.0842 -0.2789 -0.9566
vn 0.2890 -0.9523 0.0976
vn 0.0293 -0.0943 0.9951
vn 0.0285 -0.0943 -0.9951
vn 0.2889 -0.9524 -0.0976
vn 0.0847 -0.2788 0.9566
vn 0.2779 -0.9161 -0.2890
vn 0.1373 -0.4528 0.8810
vn 0.2563 -0.8449 -0.4696
vn 0.0976 -0.9904 0.0976
vn 0.0094 -0.0980 0.9951
vn 0.0097 -0.0980 -0.9951
vn 0.0976 -0.9904 -0.0976
vn 0.0288 -0.2902 0.9565
vn 0.0938 -0.9527 -0.2890
vn 0.0465 -0.4707 0.8811
vn 0.0865 -0.8786 -0.4696
vn 0.0623 -0.6333 0.7714
vn 0.0758 -0.7708 -0.6326
vn 0.0759 -0.7708 0.6326
vn 0.0623 -0.6332 -0.7715
vn 0.0865 -0.8786 0.4696
vn 0.0462 -0.4708 -0.8810
vn 0.0939 -0.9527 0.2891
vn 0.0283 -0.2902 -0.9566
vn -0.0758 -0.7707 -0.6327
vn -0.0759 -0.7708 0.6326
vn -0.0623 -0.6332 -0.7715
vn -0.0865 -0.8786 0.4696
vn -0.0465 -0.4710 -0.8809
vn -0.0938 -0.9527 0.2890
vn -0.0281 -0.2902 -0.9566
vn -0.0976 -0.9904 0.0975
vn -0.0094 -0.0980 0.9951
vn -0.0097 -0.0980 -0.9951
vn -0.0975 -0.9904 -0.0975
vn -0.0286 -0.2902 0.9565
vn -0.0939 -0.9527 -0.2890
vn -0.0464 -0.4707 0.8811
vn -0.0865 -0.8786 -0.4696
vn -0.0625 -0.6332 0.7714
vn -0.0285 -0.0943 -0.9951
vn -0.2889 -0.9524 -0.0976
vn -0.0846 -0.2788 0.9566
vn -0.2779 -0.9161 -0.2890
vn -0.1373 -0.4529 0.8809
vn -0.2563 -0.8449 -0.4695
vn -0.1847 -0.6088 0.7715
vn -0.2249 -0.7412 -0.6326
vn -0.2249 -0.7411 0.6326
vn -0.1848 -0.6089 -0.7714
vn -0.2563 -0.8448 0.4697
vn -0.1374 -0.4529 -0.8809
vn -0.2778 -0.9161 0.2889
vn -0.0842 -0.2789 -0.9566
vn -0.2889 -0.9524 0.0975
vn -0.0293 -0.0943 0.9951
vn -0.2998 -0.5610 -0.7716
vn -0.4162 -0.7786 0.4696
vn -0.2231 -0.4170 -0.8811
vn -0.4512 -0.8443 0.2890
vn -0.1374 -0.2573 -0.9565
vn -0.4691 -0.8777 0.0976
vn -0.0462 -0.0868 0.9952
vn -0.0466 -0.0868 -0.9951
vn -0.4690 -0.8778 -0.0976
vn -0.1373 -0.2573 0.9565
vn -0.4512 -0.8443 -0.2890
vn -0.2230 -0.4174 0.8809
vn -0.4162 -0.7786 -0.4697
vn -0.3000 -0.5611 0.7715
vn -0.3651 -0.6832 -0.6325
vn -0.3652 -0.6830 0.6326
vn -0.1851 -0.2253 0.9566
vn -0.6074 -0.7400 -0.2889
vn -0.3002 -0.3658 0.8810
vn -0.5602 -0.6823 -0.4697
vn -0.4036 -0.4918 0.7715
vn -0.4913 -0.5988 -0.6325
vn -0.4913 -0.5987 0.6326
vn -0.4037 -0.4917 -0.7715
vn -0.5600 -0.6825 0.4696
vn -0.3002 -0.3657 -0.8810
vn -0.6074 -0.7400 0.2890
vn -0.1850 -0.2252 -0.9566
vn -0.6313 -0.7694 0.0975
vn -0.0624 -0.0761 0.9951
vn -0.0621 -0.0761 -0.9952
vn -0.6312 -0.7694 -0.0975
vn -0.6824 -0.5602 0.4696
vn -0.3657 -0.3003 -0.8810
vn -0.7400 -0.6074 0.2889
vn -0.2254 -0.1849 -0.9565
vn -0.7693 -0.6314 0.0976
vn -0.0761 -0.0625 0.9951
vn -0.0765 -0.0625 -0.9951
vn -0.7693 -0.6314 -0.0976
vn -0.2252 -0.1850 0.9566
vn -0.7400 -0.6074 -0.2889
vn -0.3660 -0.2999 0.8810
vn -0.6826 -0.5599 -0.4696
vn -0.4919 -0.4035 0.7715
vn -0.5987 -0.4913 -0.6326
vn -0.5988 -0.4912 0.6326
vn -0.4918 -0.4037 -0.7715
vn -0.8442 -0.4515 -0.2889
vn -0.4172 -0.2233 0.8809
vn -0.7786 -0.4162 -0.4696
vn -0.5612 -0.3000 0.7714
vn -0.6830 -0.3652 -0.6326
vn -0.6830 -0.3652 0.6325
vn -0.5611 -0.2997 -0.7716
vn -0.7786 -0.4162 0.4697
vn -0.4173 -0.2228 -0.8810
vn -0.8443 -0.4512 0.2890
vn -0.2571 -0.1373 -0.9566
vn -0.8777 -0.4692 0.0975
vn -0.0871 -0.0464 0.9951
vn -0.0866 -0.0464 -0.9952
vn -0.8776 -0.4693 -0.0975
vn -0.2570 -0.1374 0.9566
vn -0.4526 -0.1373 -0.8811
vn -0.9161 -0.2779 0.2890
vn -0.2790 -0.0845 -0.9565
vn -0.9524 -0.2889 0.0975
vn -0.0942 -0.0286 0.9951
vn -0.0944 -0.0286 -0.9951
vn -0.9524 -0.2889 -0.0975
vn -0.2789 -0.0848 0.9566
vn -0.9162 -0.2776 -0.2890
vn -0.4528 -0.1373 0.8810
vn -0.8449 -0.2562 -0.4696
vn -0.6089 -0.1846 0.7715
vn -0.7411 -0.2248 -0.6326
vn -0.7412 -0.2247 0.6325
vn -0.6089 -0.1848 -0.7714
vn -0.8448 -0.2564 0.4696
vn -0.4709 -0.0462 0.8810
vn -0.8786 -0.0865 -0.4696
vn -0.6332 -0.0622 0.7715
vn -0.7707 -0.0761 -0.6326
vn -0.7708 -0.0759 0.6325
vn -0.6332 -0.0623 -0.7715
vn -0.8786 -0.0864 0.4697
vn -0.4709 -0.0461 -0.8810
vn -0.9527 -0.0939 0.2890
vn -0.2902 -0.0287 -0.9565
vn -0.9905 -0.0974 0.0975
vn -0.0980 -0.0098 0.9951
vn -0.0980 -0.0098 -0.9951
vn -0.9905 -0.0974 -0.0975
vn -0.2901 -0.0288 0.9566
vn -0.9527 -0.0939 -0.2890
vn -0.9527 0.0939 0.2890
vn -0.2901 0.0284 -0.9566
vn -0.9905 0.0974 0.0975
vn -0.0980 0.0098 0.9951
vn -0.0980 0.0098 -0.9951
vn -0.9904 0.0976 -0.0976
vn -0.2901 0.0288 0.9566
vn -0.9527 0.0939 -0.2890
vn -0.4709 0.0462 0.8810
vn -0.8786 0.0865 -0.4696
vn -0.6332 0.0622 0.7715
vn -0.7707 0.0761 -0.6326
vn -0.7708 0.0758 0.6326
vn -0.6332 0.0621 -0.7715
vn -0.8786 0.0864 0.4697
vn -0.4709 0.0461 -0.8810
vn -0.8449 0.2563 -0.4696
vn -0.6089 0.1846 0.7714
vn -0.7411 0.2248 -0.6326
vn -0.7412 0.2247 0.6325
vn -0.6089 0.1848 -0.7714
vn -0.8448 0.2564 0.4696
vn -0.4526 0.1373 -0.8811
vn -0.9161 0.2779 0.2890
vn -0.2790 0.0845 -0.9565
vn -0.9524 0.2889 0.0975
vn -0.0942 0.0286 0.9951
vn -0.0944 0.0286 -0.9951
vn -0.9524 0.2889 -0.0975
vn -0.2789 0.0848 0.9566
vn -0.9162 0.2776 -0.2890
vn -0.4527 0.1373 0.8810
vn -0.2572 0.1373 -0.9566
vn -0.8777 0.4692 0.0975
vn -0.0871 0.0464 0.9951
vn -0.0866 0.0464 -0.9952
vn -0.8777 0.4693 -0.0975
vn -0.2570 0.1374 0.9566
vn -0.8442 0.4515 -0.2889
vn -0.4173 0.2231 0.8810
vn -0.7785 0.4163 -0.4696
vn -0.5612 0.3000 0.7714
vn -0.6830 0.3651 -0.6326
vn -0.6830 0.3652 0.6325
vn -0.5611 0.2997 -0.7716
vn -0.7786 0.4161 0.4697
vn -0.4173 0.2228 -0.8810
vn -0.8443 0.4512 0.2890
vn -0.5986 0.4912 -0.6327
vn -0.5987 0.4912 0.6326
vn -0.4918 0.4036 -0.7715
vn -0.6825 0.5600 0.4697
vn -0.3657 0.3003 -0.8809
vn -0.7400 0.6073 0.2889
vn -0.2252 0.1850 -0.9566
vn -0.7693 0.6314 0.0976
vn -0.0761 0.0625 0.9951
vn -0.0765 0.0625 -0.9951
vn -0.7693 0.6314 -0.0975
vn -0.2253 0.1850 0.9566
vn -0.7400 0.6074 -0.2889
vn -0.3660 0.2999 0.8810
vn -0.6824 0.5601 -0.4696
vn -0.4918 0.4038 0.7714
vn -0.0624 0.0761 0.9951
vn -0.0621 0.0761 -0.9952
vn -0.6314 0.7693 -0.0976
vn -0.1848 0.2253 0.9566
vn -0.6074 0.7400 -0.2890
vn -0.3002 0.3656 0.8810
vn -0.5602 0.6824 -0.4697
vn -0.4036 0.4919 0.7715
vn -0.4913 0.5987 -0.6326
vn -0.4913 0.5987 0.6326
vn -0.4037 0.4917 -0.7715
vn -0.5600 0.6825 0.4697
vn -0.3000 0.3661 -0.8809
vn -0.6074 0.7400 0.2890
vn -0.1847 0.2253 -0.9566
vn -0.6314 0.7693 0.0976
vn -0.3652 0.6830 0.6326
vn -0.2999 0.5610 -0.7716
vn -0.4163 0.7786 0.4697
vn -0.2231 0.4170 -0.8811
vn -0.4511 0.8444 0.2890
vn -0.1374 0.2573 -0.9565
vn -0.4694 0.8776 0.0975
vn -0.0462 0.0868 0.9952
vn -0.0466 0.0868 -0.9951
vn -0.4692 0.8777 -0.0975
vn -0.1376 0.2573 0.9565
vn -0.4513 0.8443 -0.2890
vn -0.2230 0.4174 0.8809
vn -0.4162 0.7787 -0.4695
vn -0.3000 0.5611 0.7715
vn -0.3651 0.6831 -0.6326
vn -0.2890 0.9523 -0.0976
vn -0.0846 0.2789 0.9566
vn -0.2779 0.9161 -0.2890
vn -0.1373 0.4529 0.8809
vn -0.2563 0.8449 -0.4695
vn -0.1847 0.6088 0.7715
vn -0.2249 0.7411 -0.6326
vn -0.2249 0.7411 0.6326
vn -0.1848 0.6089 -0.7714
vn -0.2563 0.8448 0.4697
vn -0.1374 0.4529 -0.8809
vn -0.2778 0.9161 0.2889
vn -0.0845 0.2789 -0.9566
vn -0.2889 0.9524 0.0976
vn -0.0293 0.0943 0.9951
vn -0.0285 0.0943 -0.9951
vn -0.0623 0.6332 -0.7715
vn -0.0865 0.8786 0.4696
vn -0.0462 0.4708 -0.8810
vn -0.0938 0.9527 0.2890
vn -0.0281 0.2902 -0.9566
vn -0.0976 0.9904 0.0975
vn -0.0094 0.0980 0.9951
vn -0.0097 0.0980 -0.9951
vn -0.0975 0.9904 -0.0975
vn -0.0288 0.2902 0.9565
vn -0.0939 0.9527 -0.2891
vn -0.0465 0.4707 0.8811
vn -0.0865 0.8786 -0.4696
vn -0.0623 0.6333 0.7714
vn -0.0760 0.7707 -0.6327
vn -0.0759 0.7708 0.6326
vn -0.4176 0.2060 0.8850
vn -0.7540 -0.1080 0.6479
vn -0.8884 -0.3931 0.2372
vn -0.7846 -0.5728 -0.2372
vn -0.4707 -0.5990 -0.6478
vn -0.0306 -0.4645 -0.8851
vn 0.4176 -0.2061 -0.8849
vn 0.7541 0.1083 -0.6477
vn 0.8884 0.3929 -0.2372
vn 0.7847 0.5727 0.2373
vn -0.4581 0.7934 -0.4009
vn 0.4708 0.5989 0.6479
vn 0.0308 0.4645 0.8850
vn 0.4581 -0.7934 0.4008
vn 0.0100 0.0980 0.9951
vn 0.0098 0.0980 -0.9951
vn 0.0464 0.4707 0.8811
vn 0.0865 0.8786 -0.4697
vn 0.0623 0.6331 0.7715
vn 0.0759 0.7708 -0.6326
vn 0.0624 0.6332 -0.7715
vn 0.0462 0.4708 -0.8810
vn 0.0281 0.2902 -0.9566
vn 0.0975 0.9904 0.0976
vn 0.0842 0.2789 -0.9566
vn 0.0287 0.0943 0.9951
vn 0.0846 0.2789 0.9566
vn 0.1373 0.4530 0.8809
vn 0.2563 0.8448 -0.4696
vn 0.1846 0.6089 0.7715
vn 0.2248 0.7412 -0.6325
vn 0.2248 0.7412 0.6326
vn 0.2563 0.8448 0.4696
vn 0.1373 0.4529 -0.8809
vn 0.2778 0.9161 0.2889
vn 0.3000 0.5612 0.7714
vn 0.3651 0.6831 -0.6325
vn 0.3651 0.6829 0.6327
vn 0.2999 0.5610 -0.7716
vn 0.4163 0.7786 0.4697
vn 0.4513 0.8443 0.2890
vn 0.1372 0.2573 -0.9565
vn 0.0467 0.0868 -0.9951
vn 0.4692 0.8777 -0.0975
vn 0.1371 0.2572 0.9566
vn 0.4513 0.8443 -0.2891
vn 0.2233 0.4172 0.8809
vn 0.4163 0.7785 -0.4697
vn 0.6314 0.7693 0.0975
vn 0.0622 0.0761 -0.9952
vn 0.6314 0.7693 -0.0975
vn 0.1850 0.2253 0.9566
vn 0.6073 0.7400 -0.2890
vn 0.3003 0.3658 0.8809
vn 0.5601 0.6824 -0.4697
vn 0.4036 0.4917 0.7716
vn 0.4914 0.5987 -0.6325
vn 0.4913 0.5986 0.6327
vn 0.4037 0.4917 -0.7715
vn 0.5601 0.6824 0.4696
vn 0.3003 0.3657 -0.8809
vn 0.6075 0.7399 0.2890
vn 0.5988 0.4913 -0.6326
vn 0.5987 0.4913 0.6326
vn 0.4919 0.4039 -0.7713
vn 0.6825 0.5600 0.4696
vn 0.3657 0.3003 -0.8809
vn 0.2255 0.1852 -0.9565
vn 0.0761 0.0625 0.9951
vn 0.0760 0.0625 -0.9951
vn 0.2255 0.1849 0.9565
vn 0.7399 0.6075 -0.2890
vn 0.3659 0.3000 0.8810
vn 0.6825 0.5600 -0.4697
vn 0.4917 0.4037 0.7715
vn 0.0871 0.0464 -0.9951
vn 0.8778 0.4690 -0.0976
vn 0.2570 0.1373 0.9566
vn 0.8443 0.4513 -0.2890
vn 0.4171 0.2231 0.8810
vn 0.5611 0.3000 0.7714
vn 0.6830 0.3652 -0.6326
vn 0.6830 0.3652 0.6326
vn 0.5612 0.2998 -0.7715
vn 0.7787 0.4161 0.4696
vn 0.4173 0.2231 -0.8810
vn 0.8443 0.4513 0.2889
vn 0.2574 0.1373 -0.9565
vn 0.8778 0.4691 0.0976
vn 0.7411 0.2247 0.6326
vn 0.6090 0.1850 -0.7713
vn 0.4529 0.1370 -0.8810
vn 0.9161 0.2778 0.2890
vn 0.2789 0.0849 -0.9566
vn 0.9523 0.2892 0.0975
vn 0.0943 0.0285 0.9951
vn 0.0943 0.0285 -0.9951
vn 0.9525 0.2886 -0.0975
vn 0.9161 0.2779 -0.2890
vn 0.4528 0.1370 0.8810
vn 0.8448 0.2564 -0.4697
vn 0.6088 0.1844 0.7716
vn 0.7411 0.2249 -0.6325
vn 0.9904 0.0976 -0.0975
vn 0.2902 0.0288 0.9565
vn 0.9527 0.0937 -0.2890
vn 0.4709 0.0464 0.8810
vn 0.8786 0.0865 -0.4697
vn 0.7708 0.0759 -0.6326
vn 0.7707 0.0759 0.6326
vn 0.8786 0.0865 0.4696
vn 0.2901 0.0281 -0.9566
vn 0.9904 0.0977 0.0975
vn 0.8786 -0.0865 0.4696
vn 0.4707 -0.0467 -0.8810
vn 0.2901 -0.0287 -0.9566
vn 0.9904 -0.0977 0.0975
vn 0.9904 -0.0976 -0.0975
vn 0.2902 -0.0285 0.9565
vn 0.9527 -0.0937 -0.2890
vn 0.4709 -0.0464 0.8810
vn 0.8786 -0.0865 -0.4697
vn 0.6331 -0.0624 0.7715
vn 0.7708 -0.0759 -0.6326
vn 0.7708 -0.0759 0.6326
vn 0.4528 -0.1370 0.8810
vn 0.8449 -0.2562 -0.4697
vn 0.6088 -0.1844 0.7716
vn 0.7411 -0.2247 0.6326
vn 0.6089 -0.1850 -0.7714
vn 0.4529 -0.1370 -0.8810
vn 0.9161 -0.2778 0.2890
vn 0.2787 -0.0849 -0.9566
vn 0.0943 -0.0285 -0.9951
vn 0.9525 -0.2886 -0.0975
vn 0.2790 -0.0848 0.9566
vn 0.8443 -0.4513 0.2889
vn 0.2572 -0.1372 -0.9566
vn 0.8778 -0.4690 0.0975
vn 0.0871 -0.0464 -0.9951
vn 0.8777 -0.4692 -0.0975
vn 0.2572 -0.1372 0.9566
vn 0.8443 -0.4513 -0.2890
vn 0.4171 -0.2231 0.8810
vn 0.7785 -0.4164 -0.4696
vn 0.5611 -0.3000 0.7715
vn 0.6830 -0.3652 -0.6326
vn 0.6830 -0.3651 0.6326
vn 0.5612 -0.2998 -0.7715
vn 0.7787 -0.4161 0.4696
vn 0.3659 -0.3000 0.8810
vn 0.6825 -0.5600 -0.4697
vn 0.4919 -0.4035 0.7715
vn 0.5988 -0.4913 -0.6326
vn 0.5987 -0.4913 0.6326
vn 0.4919 -0.4039 -0.7713
vn 0.6825 -0.5601 0.4696
vn 0.3658 -0.3003 -0.8809
vn 0.2255 -0.1852 -0.9565
vn 0.0761 -0.0625 0.9951
vn 0.0760 -0.0625 -0.9951
vn 0.7693 -0.6313 -0.0975
vn 0.2255 -0.1850 0.9565
vn 0.7400 -0.6074 -0.2889
vn 0.6075 -0.7399 0.2890
vn 0.1847 -0.2252 -0.9566
vn 0.6313 -0.7694 0.0975
vn 0.0622 -0.0761 -0.9952
vn 0.6313 -0.7694 -0.0975
vn 0.1851 -0.2253 0.9566
vn 0.6073 -0.7400 -0.2890
vn 0.3003 -0.3658 0.8809
vn 0.5601 -0.6825 -0.4697
vn 0.4036 -0.4917 0.7716
vn 0.4913 -0.5988 -0.6325
vn 0.4913 -0.5986 0.6327
vn 0.5601 -0.6824 0.4696
vn 0.3003 -0.3657 -0.8810
vn 0.4163 -0.7785 -0.4697
vn 0.3000 -0.5612 0.7714
vn 0.3651 -0.6831 -0.6325
vn 0.3651 -0.6830 0.6326
vn 0.4162 -0.7786 0.4697
vn 0.2230 -0.4173 -0.8810
vn 0.4514 -0.8442 0.2890
vn 0.1372 -0.2573 -0.9565
vn 0.4691 -0.8777 0.0976
vn 0.0467 -0.0868 -0.9951
vn 0.4691 -0.8778 -0.0976
vn 0.1372 -0.2571 0.9566
vn 0.2232 -0.4172 0.8810
vn 0.0845 -0.2789 -0.9566
vn 0.2889 -0.9524 0.0976
vn 0.0287 -0.0943 0.9951
vn 0.0846 -0.2789 0.9566
vn 0.1375 -0.4528 0.8810
vn 0.2562 -0.8449 -0.4695
vn 0.1848 -0.6088 0.7715
vn 0.2249 -0.7412 0.6325
vn 0.2563 -0.8449 0.4695
vn 0.1373 -0.4531 -0.8808
vn 0.2778 -0.9161 0.2889
vn 0.0623 -0.6331 0.7715
vn 0.0759 -0.7707 -0.6327
vn 0.0759 -0.7707 0.6326
vn 0.0465 -0.4708 -0.8810
vn 0.0938 -0.9527 0.2891
vn 0.0975 -0.9904 0.0975
vn 0.0100 -0.0980 0.9951
vn 0.0098 -0.0980 -0.9951
vn 0.0285 -0.2902 0.9565
vn 0.0464 -0.4707 0.8811
vn 0.0865 -0.8786 -0.4697
vn -0.0975 -0.9904 0.0975
vn -0.0100 -0.0981 0.9951
vn -0.0098 -0.0981 -0.9951
vn -0.0975 -0.9904 -0.0976
vn -0.0285 -0.2902 0.9565
vn -0.0464 -0.4709 0.8810
vn -0.0866 -0.8786 -0.4696
vn -0.0623 -0.6331 0.7715
vn -0.0759 -0.7708 -0.6326
vn -0.0624 -0.6332 -0.7715
vn -0.0462 -0.4710 -0.8809
vn -0.0289 -0.2902 -0.9565
vn -0.2248 -0.7411 -0.6326
vn -0.2248 -0.7411 0.6326
vn -0.2563 -0.8449 0.4695
vn -0.2889 -0.9524 0.0976
vn -0.0287 -0.0943 0.9951
vn -0.2890 -0.9524 -0.0976
vn -0.0846 -0.2789 0.9566
vn -0.2778 -0.9162 -0.2889
vn -0.1375 -0.4529 0.8809
vn -0.2563 -0.8449 -0.4696
vn -0.0467 -0.0868 -0.9951
vn -0.4691 -0.8778 -0.0976
vn -0.1375 -0.2571 0.9565
vn -0.2233 -0.4174 0.8809
vn -0.2999 -0.5610 0.7716
vn -0.3651 -0.6831 -0.6325
vn -0.3651 -0.6829 0.6327
vn -0.2999 -0.5610 -0.7716
vn -0.2230 -0.4171 -0.8811
vn -0.4514 -0.8442 0.2890
vn -0.1373 -0.2573 -0.9565
vn -0.4037 -0.4916 -0.7716
vn -0.5601 -0.6824 0.4696
vn -0.3003 -0.3657 -0.8809
vn -0.6075 -0.7399 0.2890
vn -0.1849 -0.2255 -0.9565
vn -0.6314 -0.7693 0.0975
vn -0.0622 -0.0761 -0.9952
vn -0.6314 -0.7693 -0.0976
vn -0.1850 -0.2253 0.9566
vn -0.6073 -0.7400 -0.2890
vn -0.3003 -0.3658 0.8809
vn -0.5601 -0.6824 -0.4697
vn -0.4912 -0.5988 -0.6326
vn -0.4914 -0.5986 0.6326
vn -0.2255 -0.1850 0.9565
vn -0.7399 -0.6075 -0.2889
vn -0.3658 -0.3000 0.8810
vn -0.6824 -0.5602 -0.4696
vn -0.4918 -0.4035 0.7716
vn -0.5987 -0.4913 0.6326
vn -0.4919 -0.4039 -0.7713
vn -0.6826 -0.5599 0.4697
vn -0.3658 -0.3003 -0.8809
vn -0.7401 -0.6073 0.2889
vn -0.2252 -0.1850 -0.9566
vn -0.0760 -0.0625 -0.9951
vn -0.7693 -0.6313 -0.0976
vn -0.7785 -0.4163 0.4696
vn -0.4173 -0.2231 -0.8810
vn -0.8443 -0.4513 0.2889
vn -0.2573 -0.1376 -0.9565
vn -0.8777 -0.4692 0.0976
vn -0.0871 -0.0464 -0.9951
vn -0.8777 -0.4692 -0.0975
vn -0.2570 -0.1373 0.9566
vn -0.8442 -0.4514 -0.2890
vn -0.4171 -0.2231 0.8810
vn -0.7785 -0.4163 -0.4696
vn -0.5611 -0.3002 0.7714
vn -0.6830 -0.3653 -0.6325
vn -0.6831 -0.3649 0.6327
vn -0.5612 -0.2996 -0.7715
vn -0.9162 -0.2777 -0.2890
vn -0.4528 -0.1372 0.8810
vn -0.8448 -0.2562 -0.4697
vn -0.6088 -0.1844 0.7716
vn -0.7412 -0.2248 -0.6326
vn -0.7411 -0.2249 0.6326
vn -0.6090 -0.1850 -0.7713
vn -0.4528 -0.1373 -0.8810
vn -0.9161 -0.2778 0.2890
vn -0.2789 -0.0849 -0.9566
vn -0.0942 -0.0285 0.9951
vn -0.0943 -0.0285 -0.9951
vn -0.9524 -0.2888 -0.0975
vn -0.2790 -0.0848 0.9565
vn -0.4708 -0.0467 -0.8810
vn -0.2901 -0.0284 -0.9566
vn -0.9904 -0.0977 0.0975
vn -0.9905 -0.0974 -0.0976
vn -0.2902 -0.0286 0.9565
vn -0.8786 -0.0865 -0.4697
vn -0.6332 -0.0620 0.7715
vn -0.7708 -0.0759 -0.6326
vn -0.7708 -0.0759 0.6326
vn -0.6332 -0.0626 -0.7715
vn -0.8786 -0.0865 0.4696
vn -0.8786 0.0865 -0.4697
vn -0.6332 0.0620 0.7715
vn -0.7708 0.0759 -0.6326
vn -0.7707 0.0759 0.6326
vn -0.6332 0.0626 -0.7715
vn -0.8786 0.0865 0.4696
vn -0.4707 0.0467 -0.8810
vn -0.9904 0.0977 0.0975
vn -0.9905 0.0974 -0.0976
vn -0.2902 0.0286 0.9565
vn -0.9161 0.2778 0.2890
vn -0.2789 0.0849 -0.9566
vn -0.0943 0.0285 0.9951
vn -0.0943 0.0285 -0.9951
vn -0.9524 0.2888 -0.0975
vn -0.2790 0.0846 0.9566
vn -0.4528 0.1373 0.8810
vn -0.8448 0.2562 -0.4697
vn -0.6088 0.1844 0.7716
vn -0.7412 0.2248 -0.6326
vn -0.7411 0.2249 0.6326
vn -0.6089 0.1850 -0.7714
vn -0.4528 0.1373 -0.8810
vn -0.7785 0.4164 -0.4696
vn -0.5611 0.3002 0.7714
vn -0.6830 0.3653 -0.6325
vn -0.6830 0.3650 0.6327
vn -0.5612 0.2996 -0.7715
vn -0.7787 0.4161 0.4696
vn -0.4172 0.2231 -0.8810
vn -0.8443 0.4513 0.2889
vn -0.2572 0.1376 -0.9565
vn -0.8777 0.4693 0.0975
vn -0.0871 0.0464 -0.9951
vn -0.8777 0.4692 -0.0975
vn -0.2572 0.1372 0.9566
vn -0.8443 0.4513 -0.2890
vn -0.4171 0.2231 0.8810
vn -0.2255 0.1849 -0.9565
vn -0.7694 0.6313 0.0975
vn -0.0760 0.0625 -0.9951
vn -0.7693 0.6313 -0.0975
vn -0.2255 0.1849 0.9565
vn -0.3659 0.3000 0.8810
vn -0.6824 0.5602 -0.4696
vn -0.4918 0.4035 0.7716
vn -0.5987 0.4912 -0.6327
vn -0.5987 0.4913 0.6326
vn -0.4918 0.4039 -0.7713
vn -0.6826 0.5599 0.4697
vn -0.3658 0.3003 -0.8809
vn -0.7401 0.6073 0.2889
vn -0.4914 0.5986 -0.6326
vn -0.4912 0.5988 0.6326
vn -0.4037 0.4919 -0.7714
vn -0.5601 0.6825 0.4696
vn -0.3003 0.3657 -0.8810
vn -0.6075 0.7399 0.2890
vn -0.1849 0.2255 -0.9565
vn -0.6314 0.7693 0.0975
vn -0.0622 0.0761 -0.9952
vn -0.1852 0.2253 0.9565
vn -0.6073 0.7400 -0.2890
vn -0.3003 0.3658 0.8809
vn -0.5601 0.6825 -0.4697
vn -0.4037 0.4916 0.7716
vn -0.0467 0.0868 -0.9951
vn -0.1377 0.2571 0.9565
vn -0.4514 0.8442 -0.2891
vn -0.2232 0.4174 0.8809
vn -0.4162 0.7786 -0.4696
vn -0.3000 0.5612 0.7714
vn -0.3651 0.6832 -0.6325
vn -0.3651 0.6829 0.6327
vn -0.4163 0.7786 0.4696
vn -0.2230 0.4173 -0.8810
vn -0.4512 0.8443 0.2890
vn -0.1373 0.2573 -0.9565
vn -0.4692 0.8777 0.0975
vn -0.2249 0.7412 0.6325
vn -0.2563 0.8449 0.4695
vn -0.1373 0.4529 -0.8809
vn -0.2888 0.9524 0.0976
vn -0.0287 0.0943 0.9951
vn -0.2889 0.9524 -0.0976
vn -0.2778 0.9162 -0.2889
vn -0.1375 0.4529 0.8809
vn -0.2563 0.8448 -0.4696
vn -0.1848 0.6088 0.7715
vn -0.2249 0.7412 -0.6325
vn -0.0976 0.9904 -0.0976
vn -0.0285 0.2901 0.9566
vn -0.0938 0.9527 -0.2890
vn -0.0464 0.4707 0.8811
vn -0.0865 0.8786 -0.4697
vn -0.0623 0.6331 0.7715
vn -0.0759 0.7708 -0.6326
vn -0.0624 0.6332 -0.7715
vn -0.0866 0.8786 0.4696
vn -0.0465 0.4708 -0.8810
vn -0.0287 0.2902 -0.9565
vn -0.0100 0.0981 0.9951
vn -0.0098 0.0981 -0.9951
vn 0.2242 -0.1294 0.9659
vn 0.6123 -0.3535 0.7072
vn 0.8365 -0.4830 0.2588
vn 0.8365 -0.4829 -0.2588
vn 0.6123 -0.3535 -0.7072
vn 0.2243 -0.1294 -0.9659
vn -0.2243 0.1294 -0.9659
vn -0.6123 0.3535 -0.7072
vn -0.8365 0.4829 -0.2588
vn -0.8365 0.4830 0.2589
vn -0.4999 -0.8661 -0.0000
vn -0.6123 0.3535 0.7072
vn -0.2242 0.1294 0.9659
vn 0.5001 0.8660 -0.0000
vn -0.2587 -0.9659 -0.0000
vn -0.9659 -0.2588 -0.0000
vn -0.9659 0.2588 -0.0000
vn -0.2589 0.9659 -0.0000
vn 0.7071 0.7071 -0.0000
vn 0.9659 0.2588 -0.0000
vn 0.9659 -0.2588 -0.0000
vn 0.7071 -0.7071 -0.0000
vn 0.2589 -0.9659 -0.0000
vn -0.0000 -0.7071 0.7072
vn -0.0000 -0.2587 -0.9659
vn -0.0000 0.2587 -0.9659
vn -0.0000 0.2589 0.9659
vn 1.0000 0.0001 -0.0000
vn -0.0000 1.0000 -0.0000
vn -0.0000 -1.0000 -0.0000
vn 0.7070 0.7072 -0.0000
vn 0.0001 -0.0000 1.0000
vn -0.0001 -0.0000 1.0000
vn 0.7072 -0.7070 -0.0000
vn -0.0002 -0.0000 -1.0000
vn 0.0002 -0.0000 -1.0000
vn -0.0000 0.2588 -0.9659
vn -0.0000 -0.2588 -0.9659
vn 1.0000 -0.0002 -0.0000
vn 1.0000 0.0002 -0.0000
vn -0.0000 -0.2589 0.9659
vn 0.0624 0.6332 -0.7714
vn 0.0866 0.8786 0.4696
vn 0.0462 0.4707 -0.8811
vn 0.0938 0.9527 0.2890
vn 0.0286 0.2902 -0.9565
vn 0.0976 0.9904 0.0976
vn 0.0975 0.9904 -0.0975
vn 0.0282 0.2902 0.9566
vn 0.0939 0.9527 -0.2891
vn 0.0467 0.4708 0.8810
vn 0.0623 0.6332 0.7715
vn 0.1846 0.6089 0.7714
vn 0.2250 0.7411 -0.6326
vn 0.1847 0.6088 -0.7715
vn 0.2563 0.8449 0.4695
vn 0.1373 0.4528 -0.8810
vn 0.2779 0.9161 0.2890
vn 0.0846 0.2788 -0.9566
vn 0.0845 0.2789 0.9566
vn 0.2778 0.9162 -0.2889
vn 0.1376 0.4529 0.8809
vn 0.4691 0.8777 0.0975
vn 0.1371 0.2573 0.9566
vn 0.4512 0.8443 -0.2890
vn 0.2230 0.4173 0.8810
vn 0.4161 0.7786 -0.4697
vn 0.2999 0.5612 0.7714
vn 0.3651 0.6831 0.6326
vn 0.2999 0.5611 -0.7715
vn 0.2231 0.4174 -0.8809
vn 0.4914 0.5987 -0.6326
vn 0.4912 0.5988 0.6326
vn 0.5602 0.6824 0.4697
vn 0.3002 0.3658 -0.8809
vn 0.6074 0.7400 0.2889
vn 0.1848 0.2253 -0.9566
vn 0.6312 0.7694 0.0975
vn 0.1847 0.2253 0.9566
vn 0.6074 0.7400 -0.2890
vn 0.3001 0.3655 0.8811
vn 0.4037 0.4917 0.7715
vn 0.7694 0.6313 -0.0976
vn 0.2255 0.1850 0.9565
vn 0.7400 0.6074 -0.2889
vn 0.3658 0.3000 0.8810
vn 0.4917 0.4038 0.7715
vn 0.4919 0.4035 -0.7715
vn 0.6825 0.5600 0.4697
vn 0.3657 0.3002 -0.8810
vn 0.7401 0.6072 0.2889
vn 0.2252 0.1849 -0.9566
vn 0.7693 0.6314 0.0975
vn 0.6830 0.3651 0.6326
vn 0.5611 0.3000 -0.7714
vn 0.4174 0.2230 -0.8809
vn 0.8442 0.4515 0.2889
vn 0.2572 0.1374 -0.9565
vn 0.8778 0.4690 0.0975
vn 0.8777 0.4691 -0.0975
vn 0.2569 0.1376 0.9566
vn 0.8441 0.4516 -0.2890
vn 0.4172 0.2231 0.8810
vn 0.7786 0.4161 -0.4697
vn 0.5611 0.2997 0.7716
vn 0.6831 0.3651 -0.6325
vn 0.9523 0.2891 -0.0975
vn 0.2792 0.0845 0.9565
vn 0.4527 0.1370 0.8811
vn 0.8448 0.2564 -0.4696
vn 0.6088 0.1848 0.7715
vn 0.7412 0.2247 -0.6325
vn 0.7411 0.2248 0.6326
vn 0.6089 0.1846 -0.7715
vn 0.8448 0.2562 0.4697
vn 0.9162 0.2777 0.2890
vn 0.2789 0.0848 -0.9566
vn 0.9524 0.2889 0.0975
vn 0.6333 0.0622 -0.7714
vn 0.4708 0.0464 -0.8810
vn 0.2902 0.0288 -0.9565
vn 0.9904 0.0976 0.0976
vn 0.9905 0.0974 -0.0975
vn 0.2901 0.0287 0.9566
vn 0.6332 0.0621 0.7715
vn 0.7708 0.0758 -0.6326
vn 0.7708 0.0761 0.6326
vn 0.4709 -0.0467 0.8810
vn 0.6331 -0.0623 0.7715
vn 0.7708 -0.0759 -0.6325
vn 0.7707 -0.0759 0.6326
vn 0.6333 -0.0622 -0.7714
vn 0.4708 -0.0464 -0.8810
vn 0.2902 -0.0288 -0.9565
vn 0.9904 -0.0976 0.0976
vn 0.9905 -0.0974 -0.0975
vn 0.2901 -0.0284 0.9566
vn 0.9161 -0.2779 0.2890
vn 0.2789 -0.0848 -0.9566
vn 0.9524 -0.2889 0.0975
vn 0.9523 -0.2891 -0.0975
vn 0.2792 -0.0845 0.9565
vn 0.9162 -0.2776 -0.2890
vn 0.4527 -0.1370 0.8811
vn 0.8448 -0.2564 -0.4696
vn 0.6089 -0.1848 0.7714
vn 0.7412 -0.2247 -0.6325
vn 0.7411 -0.2248 0.6326
vn 0.6089 -0.1846 -0.7715
vn 0.8448 -0.2562 0.4697
vn 0.4173 -0.2228 0.8810
vn 0.7786 -0.4161 -0.4697
vn 0.5611 -0.2997 0.7716
vn 0.6831 -0.3652 -0.6325
vn 0.6830 -0.3650 0.6326
vn 0.5611 -0.3000 -0.7714
vn 0.7786 -0.4163 0.4696
vn 0.4174 -0.2230 -0.8809
vn 0.8442 -0.4515 0.2889
vn 0.2572 -0.1374 -0.9565
vn 0.8778 -0.4691 0.0975
vn 0.2574 -0.1373 0.9565
vn 0.8443 -0.4514 -0.2890
vn 0.7693 -0.6314 0.0976
vn 0.7694 -0.6313 -0.0976
vn 0.2255 -0.1849 0.9565
vn 0.7400 -0.6074 -0.2890
vn 0.3658 -0.3000 0.8810
vn 0.4917 -0.4038 0.7715
vn 0.4919 -0.4035 -0.7715
vn 0.6824 -0.5602 0.4696
vn 0.3658 -0.3002 -0.8809
vn 0.4037 -0.4917 0.7715
vn 0.4914 -0.5987 -0.6326
vn 0.4911 -0.5990 0.6325
vn 0.4036 -0.4918 -0.7715
vn 0.5601 -0.6825 0.4697
vn 0.3001 -0.3658 -0.8810
vn 0.6074 -0.7400 0.2889
vn 0.1848 -0.2253 -0.9566
vn 0.6312 -0.7694 0.0975
vn 0.6314 -0.7693 -0.0975
vn 0.1847 -0.2253 0.9566
vn 0.6074 -0.7400 -0.2890
vn 0.3000 -0.3655 0.8811
vn 0.4690 -0.8778 0.0976
vn 0.4691 -0.8777 -0.0976
vn 0.1372 -0.2573 0.9565
vn 0.4512 -0.8443 -0.2890
vn 0.2228 -0.4173 0.8810
vn 0.4162 -0.7786 -0.4696
vn 0.2999 -0.5610 0.7716
vn 0.3652 -0.6830 -0.6326
vn 0.3651 -0.6831 0.6325
vn 0.2999 -0.5611 -0.7715
vn 0.4163 -0.7786 0.4697
vn 0.2231 -0.4174 -0.8809
vn 0.1846 -0.6089 0.7714
vn 0.2249 -0.7411 -0.6326
vn 0.2247 -0.7412 0.6326
vn 0.1847 -0.6088 -0.7715
vn 0.2563 -0.8449 0.4696
vn 0.1373 -0.4528 -0.8810
vn 0.2779 -0.9161 0.2890
vn 0.0848 -0.2788 -0.9566
vn 0.2888 -0.9524 0.0976
vn 0.0842 -0.2789 0.9566
vn 0.2778 -0.9162 -0.2889
vn 0.1375 -0.4529 0.8809
vn 0.2563 -0.8448 -0.4697
vn 0.0975 -0.9904 -0.0976
vn 0.0281 -0.2902 0.9566
vn 0.0938 -0.9527 -0.2891
vn 0.0464 -0.4710 0.8809
vn 0.0626 -0.6331 0.7716
vn 0.0760 -0.7708 -0.6326
vn 0.0624 -0.6331 -0.7715
vn 0.0866 -0.8786 0.4696
vn 0.0464 -0.4709 -0.8810
vn 0.0938 -0.9527 0.2890
vn 0.0286 -0.2902 -0.9565
vn -0.0759 -0.7707 0.6327
vn -0.0624 -0.6332 -0.7714
vn -0.0866 -0.8786 0.4696
vn -0.0462 -0.4707 -0.8811
vn -0.0939 -0.9527 0.2890
vn -0.0285 -0.2902 -0.9565
vn -0.0282 -0.2902 0.9566
vn -0.0938 -0.9527 -0.2891
vn -0.0463 -0.4710 0.8809
vn -0.0623 -0.6332 0.7715
vn -0.2889 -0.9524 -0.0975
vn -0.0842 -0.2789 0.9566
vn -0.2778 -0.9161 -0.2889
vn -0.2563 -0.8448 -0.4697
vn -0.1846 -0.6089 0.7714
vn -0.2248 -0.7412 0.6326
vn -0.1847 -0.6088 -0.7715
vn -0.1373 -0.4529 -0.8809
vn -0.2779 -0.9161 0.2890
vn -0.0848 -0.2788 -0.9566
vn -0.2999 -0.5611 -0.7715
vn -0.4163 -0.7786 0.4697
vn -0.2230 -0.4174 -0.8809
vn -0.4692 -0.8777 0.0975
vn -0.4693 -0.8776 -0.0975
vn -0.1378 -0.2573 0.9565
vn -0.2232 -0.4170 0.8811
vn -0.4162 -0.7786 -0.4696
vn -0.3652 -0.6829 -0.6327
vn -0.3651 -0.6831 0.6325
vn -0.1847 -0.2253 0.9566
vn -0.6074 -0.7400 -0.2890
vn -0.3001 -0.3658 0.8810
vn -0.5600 -0.6825 -0.4696
vn -0.4037 -0.4917 0.7715
vn -0.4913 -0.5987 -0.6326
vn -0.4912 -0.5988 0.6325
vn -0.4036 -0.4918 -0.7715
vn -0.5601 -0.6824 0.4697
vn -0.3001 -0.3658 -0.8810
vn -0.6074 -0.7400 0.2889
vn -0.1848 -0.2253 -0.9566
vn -0.6314 -0.7693 0.0976
vn -0.6825 -0.5600 0.4697
vn -0.3658 -0.3000 -0.8810
vn -0.7693 -0.6314 0.0975
vn -0.7694 -0.6313 -0.0975
vn -0.2255 -0.1849 0.9565
vn -0.3658 -0.3003 0.8809
vn -0.6823 -0.5602 -0.4696
vn -0.4917 -0.4039 0.7714
vn -0.5987 -0.4912 -0.6326
vn -0.8444 -0.4512 -0.2890
vn -0.4173 -0.2228 0.8810
vn -0.7786 -0.4162 -0.4697
vn -0.5611 -0.2997 0.7716
vn -0.6831 -0.3650 -0.6326
vn -0.6830 -0.3651 0.6326
vn -0.5611 -0.3000 -0.7714
vn -0.7786 -0.4162 0.4696
vn -0.4173 -0.2233 -0.8809
vn -0.8442 -0.4515 0.2889
vn -0.2572 -0.1374 -0.9565
vn -0.8777 -0.4691 -0.0975
vn -0.2573 -0.1373 0.9565
vn -0.4529 -0.1372 -0.8809
vn -0.9162 -0.2777 0.2890
vn -0.2789 -0.0848 -0.9566
vn -0.2792 -0.0845 0.9565
vn -0.9161 -0.2779 -0.2890
vn -0.4527 -0.1373 0.8810
vn -0.8448 -0.2564 -0.4697
vn -0.6088 -0.1848 0.7715
vn -0.7412 -0.2249 -0.6326
vn -0.6089 -0.1846 -0.7715
vn -0.8449 -0.2562 0.4696
vn -0.4709 -0.0464 0.8809
vn -0.8786 -0.0864 -0.4697
vn -0.6331 -0.0623 0.7715
vn -0.7708 -0.0758 -0.6326
vn -0.6333 -0.0622 -0.7714
vn -0.4708 -0.0464 -0.8810
vn -0.2901 -0.0286 -0.9566
vn -0.9904 -0.0976 0.0976
vn -0.9904 -0.0977 -0.0975
vn -0.2901 -0.0284 0.9566
vn -0.2902 0.0288 -0.9565
vn -0.9904 0.0976 0.0976
vn -0.9905 0.0974 -0.0975
vn -0.2901 0.0284 0.9566
vn -0.4709 0.0464 0.8810
vn -0.8786 0.0864 -0.4697
vn -0.6331 0.0623 0.7715
vn -0.7708 0.0758 -0.6325
vn -0.7708 0.0761 0.6326
vn -0.6332 0.0624 -0.7714
vn -0.4708 0.0464 -0.8810
vn -0.8448 0.2563 -0.4697
vn -0.6089 0.1848 0.7714
vn -0.7412 0.2249 -0.6325
vn -0.6089 0.1846 -0.7715
vn -0.8449 0.2562 0.4696
vn -0.4529 0.1372 -0.8809
vn -0.9162 0.2776 0.2890
vn -0.2789 0.0848 -0.9566
vn -0.2792 0.0845 0.9565
vn -0.9161 0.2779 -0.2890
vn -0.2572 0.1374 -0.9565
vn -0.2574 0.1373 0.9565
vn -0.8444 0.4512 -0.2890
vn -0.4172 0.2231 0.8810
vn -0.7786 0.4161 -0.4697
vn -0.5611 0.2997 0.7716
vn -0.6831 0.3652 -0.6325
vn -0.6830 0.3650 0.6326
vn -0.5611 0.3000 -0.7714
vn -0.7786 0.4163 0.4696
vn -0.4173 0.2233 -0.8809
vn -0.8442 0.4515 0.2889
vn -0.5987 0.4913 -0.6326
vn -0.4918 0.4038 -0.7714
vn -0.6824 0.5602 0.4696
vn -0.3659 0.3000 -0.8810
vn -0.7400 0.6074 0.2889
vn -0.7693 0.6314 0.0975
vn -0.7694 0.6313 -0.0976
vn -0.2258 0.1849 0.9565
vn -0.7400 0.6074 -0.2890
vn -0.3658 0.3003 0.8809
vn -0.6825 0.5600 -0.4697
vn -0.4918 0.4036 0.7715
vn -0.6313 0.7694 -0.0975
vn -0.1850 0.2252 0.9566
vn -0.6074 0.7399 -0.2891
vn -0.3000 0.3661 0.8809
vn -0.5600 0.6825 -0.4696
vn -0.4037 0.4917 0.7715
vn -0.4037 0.4918 -0.7714
vn -0.5601 0.6824 0.4697
vn -0.3002 0.3656 -0.8810
vn -0.6074 0.7399 0.2891
vn -0.1848 0.2253 -0.9566
vn -0.6313 0.7694 0.0975
vn -0.3651 0.6830 0.6326
vn -0.2999 0.5611 -0.7715
vn -0.4162 0.7787 0.4695
vn -0.2231 0.4174 -0.8809
vn -0.4514 0.8443 0.2890
vn -0.4690 0.8778 0.0976
vn -0.4691 0.8777 -0.0976
vn -0.1372 0.2573 0.9565
vn -0.4512 0.8444 -0.2890
vn -0.2231 0.4170 0.8811
vn -0.4162 0.7786 -0.4697
vn -0.2999 0.5610 0.7716
vn -0.3652 0.6830 -0.6326
vn -0.2888 0.9524 -0.0976
vn -0.0842 0.2786 0.9567
vn -0.2778 0.9161 -0.2889
vn -0.2563 0.8448 -0.4697
vn -0.1846 0.6089 0.7714
vn -0.2248 0.7411 -0.6326
vn -0.2247 0.7412 0.6326
vn -0.1848 0.6088 -0.7715
vn -0.2562 0.8449 0.4695
vn -0.2779 0.9161 0.2890
vn -0.0849 0.2788 -0.9566
vn -0.0624 0.6332 -0.7714
vn -0.0464 0.4709 -0.8810
vn -0.0939 0.9527 0.2891
vn -0.0285 0.2902 -0.9565
vn -0.0975 0.9904 0.0975
vn -0.0281 0.2902 0.9566
vn -0.0464 0.4710 0.8809
vn -0.0626 0.6332 0.7715
vn -0.0759 0.7707 0.6327
vn -0.4178 0.2060 0.8849
vn -0.7541 -0.1081 0.6478
vn -0.8884 -0.3930 0.2373
vn -0.7847 -0.5726 -0.2373
vn -0.0304 -0.4649 -0.8849
vn 0.4176 -0.2057 -0.8850
vn 0.7541 0.1080 -0.6478
vn 0.8884 0.3931 -0.2372
vn 0.7846 0.5728 0.2373
vn -0.4587 0.7931 -0.4008
vn -0.4582 0.7933 -0.4009
vn -0.4581 0.7934 -0.4007
vn -0.4581 0.7935 -0.4006
vn -0.4580 0.7935 -0.4006
vn -0.4578 0.7936 -0.4008
vn -0.4580 0.7935 -0.4008
vn -0.4581 0.7934 -0.4008
vn 0.4707 0.5991 0.6477
vn 0.0304 0.4648 0.8849
vn 0.4578 -0.7935 0.4010
vn 0.4584 -0.7933 0.4007
vn 0.4581 -0.7933 0.4010
vn 0.4585 -0.7931 0.4009
vn 0.4578 -0.7936 0.4008
vn 0.4579 -0.7936 0.4007
vn 0.4580 -0.7935 0.4007
vn 0.4581 -0.7933 0.4009
vn 0.4581 -0.7934 0.4009
vn 0.0975 0.9904 -0.0976
vn 0.0289 0.2902 0.9565
vn 0.0461 0.4708 0.8810
vn 0.0759 0.7707 -0.6326
vn 0.0759 0.7707 0.6327
vn 0.0624 0.6331 -0.7715
vn 0.0866 0.8786 0.4697
vn 0.0466 0.4707 -0.8810
vn 0.0288 0.2902 -0.9565
vn 0.0848 0.2789 -0.9566
vn 0.0842 0.2789 0.9566
vn 0.2778 0.9161 -0.2889
vn 0.2563 0.8449 -0.4695
vn 0.1848 0.6089 0.7714
vn 0.2248 0.7412 -0.6326
vn 0.2249 0.7412 0.6325
vn 0.2562 0.8449 0.4695
vn 0.1373 0.4530 -0.8809
vn 0.2998 0.5610 0.7716
vn 0.3651 0.6829 -0.6327
vn 0.3651 0.6831 0.6325
vn 0.2999 0.5613 -0.7714
vn 0.4162 0.7786 0.4697
vn 0.2231 0.4172 -0.8810
vn 0.4513 0.8443 0.2891
vn 0.1375 0.2571 -0.9565
vn 0.4692 0.8777 0.0975
vn 0.4691 0.8778 -0.0976
vn 0.1378 0.2573 0.9565
vn 0.4162 0.7786 -0.4696
vn 0.6313 0.7694 0.0975
vn 0.6313 0.7694 -0.0975
vn 0.1853 0.2252 0.9565
vn 0.6075 0.7399 -0.2890
vn 0.2999 0.3658 0.8811
vn 0.5600 0.6825 -0.4696
vn 0.4038 0.4917 0.7715
vn 0.4913 0.5986 -0.6327
vn 0.4035 0.4917 -0.7716
vn 0.5601 0.6825 0.4697
vn 0.3001 0.3659 -0.8810
vn 0.6073 0.7401 0.2890
vn 0.5988 0.4913 0.6326
vn 0.4918 0.4035 -0.7715
vn 0.3659 0.3000 -0.8810
vn 0.7399 0.6075 0.2890
vn 0.2252 0.1850 -0.9566
vn 0.7693 0.6313 0.0975
vn 0.7693 0.6314 -0.0976
vn 0.2250 0.1852 0.9566
vn 0.7401 0.6073 -0.2889
vn 0.3657 0.3004 0.8809
vn 0.6825 0.5600 -0.4696
vn 0.4918 0.4037 0.7715
vn 0.8777 0.4692 -0.0975
vn 0.2574 0.1373 0.9565
vn 0.8443 0.4514 -0.2889
vn 0.4175 0.2231 0.8809
vn 0.7787 0.4161 -0.4696
vn 0.5611 0.2999 0.7715
vn 0.6831 0.3650 0.6326
vn 0.5610 0.3001 -0.7715
vn 0.2572 0.1372 -0.9566
vn 0.6089 0.1844 -0.7715
vn 0.4527 0.1375 -0.8810
vn 0.9525 0.2886 0.0975
vn 0.2789 0.0849 0.9566
vn 0.4527 0.1376 0.8810
vn 0.8448 0.2563 -0.4697
vn 0.6089 0.1850 0.7713
vn 0.7411 0.2247 -0.6326
vn 0.9904 0.0977 -0.0976
vn 0.2901 0.0281 0.9566
vn 0.6333 0.0621 0.7714
vn 0.7707 0.0759 -0.6326
vn 0.7708 0.0759 0.6326
vn 0.9527 0.0937 0.2890
vn 0.4709 -0.0462 -0.8810
vn 0.9527 -0.0937 0.2890
vn 0.2902 -0.0285 -0.9565
vn 0.9904 -0.0976 0.0975
vn 0.9904 -0.0977 -0.0975
vn 0.2901 -0.0287 0.9566
vn 0.6333 -0.0621 0.7714
vn 0.9161 -0.2778 -0.2890
vn 0.4527 -0.1376 0.8810
vn 0.6089 -0.1850 0.7714
vn 0.7412 -0.2247 -0.6326
vn 0.6089 -0.1844 -0.7715
vn 0.8449 -0.2562 0.4697
vn 0.4527 -0.1375 -0.8810
vn 0.2791 -0.0848 -0.9565
vn 0.9525 -0.2886 0.0975
vn 0.2789 -0.0849 0.9566
vn 0.4173 -0.2231 -0.8810
vn 0.8776 -0.4693 0.0975
vn 0.8778 -0.4690 -0.0976
vn 0.8443 -0.4513 -0.2889
vn 0.4175 -0.2231 0.8809
vn 0.7787 -0.4161 -0.4696
vn 0.5611 -0.2999 0.7715
vn 0.6830 -0.3652 0.6326
vn 0.5610 -0.3001 -0.7715
vn 0.7785 -0.4163 0.4696
vn 0.3657 -0.3003 0.8809
vn 0.6825 -0.5601 -0.4696
vn 0.4916 -0.4039 0.7715
vn 0.4918 -0.4035 -0.7715
vn 0.3659 -0.3000 -0.8810
vn 0.7400 -0.6074 0.2889
vn 0.2253 -0.1850 -0.9566
vn 0.7693 -0.6314 -0.0976
vn 0.2252 -0.1853 0.9565
vn 0.7401 -0.6073 -0.2889
vn 0.6073 -0.7401 0.2890
vn 0.6314 -0.7693 0.0975
vn 0.1851 -0.2252 0.9566
vn 0.6074 -0.7399 -0.2890
vn 0.3000 -0.3658 0.8810
vn 0.5600 -0.6825 -0.4696
vn 0.4038 -0.4917 0.7715
vn 0.4913 -0.5986 -0.6327
vn 0.4913 -0.5988 0.6325
vn 0.4035 -0.4917 -0.7716
vn 0.5600 -0.6825 0.4697
vn 0.3001 -0.3659 -0.8810
vn 0.3651 -0.6829 -0.6327
vn 0.3651 -0.6831 0.6326
vn 0.2999 -0.5613 -0.7714
vn 0.2231 -0.4173 -0.8810
vn 0.4511 -0.8444 0.2890
vn 0.1376 -0.2571 -0.9565
vn 0.4692 -0.8777 0.0975
vn 0.4692 -0.8777 -0.0975
vn 0.1378 -0.2573 0.9565
vn 0.2231 -0.4173 0.8810
vn 0.0849 -0.2789 -0.9566
vn 0.0845 -0.2789 0.9566
vn 0.2778 -0.9161 -0.2889
vn 0.1373 -0.4531 0.8808
vn 0.2563 -0.8448 -0.4696
vn 0.2247 -0.7412 -0.6326
vn 0.2248 -0.7412 0.6326
vn 0.1846 -0.6089 -0.7715
vn 0.0623 -0.6332 0.7715
vn 0.0759 -0.7708 -0.6326
vn 0.0623 -0.6331 -0.7715
vn 0.0865 -0.8786 0.4697
vn 0.0464 -0.4707 -0.8811
vn 0.0289 -0.2902 -0.9565
vn 0.0975 -0.9904 -0.0975
vn 0.0287 -0.2902 0.9565
vn 0.0939 -0.9527 -0.2891
vn 0.0461 -0.4708 0.8810
vn 0.0866 -0.8786 -0.4696
vn -0.0976 -0.9904 0.0976
vn -0.0287 -0.2899 0.9566
vn -0.0938 -0.9527 -0.2890
vn -0.0461 -0.4708 0.8810
vn -0.0624 -0.6331 -0.7715
vn -0.0866 -0.8786 0.4697
vn -0.0466 -0.4707 -0.8810
vn -0.0286 -0.2901 -0.9566
vn -0.2248 -0.7412 -0.6326
vn -0.2249 -0.7412 0.6325
vn -0.2563 -0.8449 0.4696
vn -0.1373 -0.4530 -0.8809
vn -0.2778 -0.9162 0.2889
vn -0.0848 -0.2789 -0.9566
vn -0.2890 -0.9523 0.0976
vn -0.0845 -0.2789 0.9566
vn -0.4692 -0.8777 -0.0975
vn -0.1372 -0.2573 0.9565
vn -0.4514 -0.8442 -0.2890
vn -0.2230 -0.4171 0.8811
vn -0.4163 -0.7786 -0.4697
vn -0.2998 -0.5614 0.7714
vn -0.3650 -0.6830 -0.6326
vn -0.2999 -0.5613 -0.7714
vn -0.4162 -0.7786 0.4697
vn -0.2231 -0.4174 -0.8809
vn -0.4512 -0.8444 0.2890
vn -0.1377 -0.2571 -0.9565
vn -0.4035 -0.4918 -0.7716
vn -0.5600 -0.6825 0.4697
vn -0.3001 -0.3659 -0.8810
vn -0.6073 -0.7400 0.2890
vn -0.1849 -0.2253 -0.9566
vn -0.6314 -0.7693 -0.0975
vn -0.1853 -0.2255 0.9565
vn -0.6075 -0.7399 -0.2890
vn -0.2999 -0.3658 0.8811
vn -0.5601 -0.6825 -0.4696
vn -0.4038 -0.4915 0.7716
vn -0.4914 -0.5986 -0.6326
vn -0.4912 -0.5988 0.6326
vn -0.2250 -0.1850 0.9566
vn -0.3657 -0.3004 0.8810
vn -0.6826 -0.5599 -0.4697
vn -0.4918 -0.4035 -0.7715
vn -0.7399 -0.6075 0.2889
vn -0.7693 -0.6313 0.0975
vn -0.7693 -0.6314 -0.0975
vn -0.7787 -0.4161 0.4697
vn -0.8443 -0.4514 0.2890
vn -0.2572 -0.1372 -0.9566
vn -0.2573 -0.1376 0.9565
vn -0.8443 -0.4514 -0.2889
vn -0.4175 -0.2231 0.8809
vn -0.7787 -0.4160 -0.4696
vn -0.6831 -0.3649 -0.6326
vn -0.6830 -0.3653 0.6325
vn -0.5610 -0.3002 -0.7715
vn -0.9161 -0.2778 -0.2890
vn -0.6089 -0.1850 0.7713
vn -0.7411 -0.2249 -0.6326
vn -0.6089 -0.1844 -0.7715
vn -0.8448 -0.2562 0.4697
vn -0.2790 -0.0846 -0.9566
vn -0.9524 -0.2888 0.0975
vn -0.2788 -0.0846 0.9566
vn -0.4709 -0.0462 -0.8810
vn -0.2902 -0.0286 -0.9565
vn -0.9905 -0.0974 0.0976
vn -0.4708 -0.0467 0.8810
vn -0.6332 -0.0626 0.7715
vn -0.6333 -0.0620 -0.7714
vn -0.8786 -0.0865 0.4697
vn -0.4708 0.0467 0.8810
vn -0.6332 0.0626 0.7715
vn -0.7707 0.0759 -0.6326
vn -0.7708 0.0759 0.6326
vn -0.6333 0.0620 -0.7714
vn -0.8786 0.0865 0.4697
vn -0.4709 0.0462 -0.8810
vn -0.2902 0.0286 -0.9565
vn -0.9905 0.0974 0.0976
vn -0.9904 0.0977 -0.0975
vn -0.9162 0.2777 0.2890
vn -0.2790 0.0846 -0.9566
vn -0.9524 0.2888 0.0975
vn -0.2789 0.0849 0.9566
vn -0.9161 0.2778 -0.2890
vn -0.8448 0.2564 -0.4696
vn -0.6089 0.1850 0.7714
vn -0.7411 0.2249 -0.6326
vn -0.6089 0.1844 -0.7715
vn -0.8448 0.2562 0.4697
vn -0.4527 0.1373 -0.8810
vn -0.7787 0.4161 -0.4696
vn -0.6830 0.3650 -0.6327
vn -0.6830 0.3653 0.6325
vn -0.5610 0.3002 -0.7715
vn -0.7785 0.4163 0.4696
vn -0.4173 0.2231 -0.8810
vn -0.8442 0.4514 0.2890
vn -0.2572 0.1372 -0.9566
vn -0.2572 0.1376 0.9565
vn -0.8443 0.4513 -0.2889
vn -0.4175 0.2231 0.8809
vn -0.2253 0.1850 -0.9566
vn -0.7693 0.6314 -0.0976
vn -0.2254 0.1850 0.9566
vn -0.7401 0.6073 -0.2889
vn -0.3657 0.3003 0.8809
vn -0.6826 0.5599 -0.4697
vn -0.4917 0.4039 0.7714
vn -0.5988 0.4912 0.6326
vn -0.4919 0.4035 -0.7715
vn -0.4913 0.5988 -0.6326
vn -0.4914 0.5986 0.6326
vn -0.4036 0.4916 -0.7716
vn -0.5601 0.6825 0.4697
vn -0.3001 0.3659 -0.8810
vn -0.6073 0.7400 0.2891
vn -0.6314 0.7693 -0.0975
vn -0.1847 0.2255 0.9566
vn -0.3000 0.3658 0.8810
vn -0.5601 0.6825 -0.4696
vn -0.4037 0.4919 0.7714
vn -0.4690 0.8778 -0.0976
vn -0.4512 0.8443 -0.2890
vn -0.2228 0.4171 0.8811
vn -0.4163 0.7786 -0.4696
vn -0.2997 0.5611 0.7716
vn -0.3651 0.6830 -0.6327
vn -0.3651 0.6832 0.6325
vn -0.2999 0.5613 -0.7714
vn -0.4162 0.7786 0.4696
vn -0.2231 0.4173 -0.8810
vn -0.4513 0.8442 0.2891
vn -0.1377 0.2571 -0.9565
vn -0.4691 0.8778 0.0976
vn -0.2248 0.7411 0.6326
vn -0.1847 0.6088 -0.7715
vn -0.2563 0.8449 0.4696
vn -0.1373 0.4530 -0.8809
vn -0.2778 0.9162 0.2889
vn -0.0849 0.2789 -0.9566
vn -0.2890 0.9523 0.0976
vn -0.0845 0.2789 0.9566
vn -0.2779 0.9161 -0.2889
vn -0.2562 0.8449 -0.4695
vn -0.2247 0.7411 -0.6326
vn -0.0287 0.2902 0.9565
vn -0.0461 0.4710 0.8809
vn -0.0866 0.8786 -0.4696
vn -0.0623 0.6332 0.7715
vn -0.0624 0.6331 -0.7715
vn -0.0939 0.9527 0.2890
vn -0.0285 0.2901 -0.9566
vn -0.0975 0.9904 0.0976
vn 0.2243 -0.1294 0.9659
vn 0.8365 -0.4830 0.2589
vn 0.2241 -0.1294 -0.9659
vn -0.2241 0.1294 -0.9659
vn -0.8365 0.4829 0.2588
vn -0.4998 -0.8661 -0.0003
vn -0.5000 -0.8660 0.0003
vn -0.4997 -0.8662 -0.0000
vn -0.5002 -0.8659 -0.0003
vn -0.5004 -0.8658 -0.0000
vn -0.5000 -0.8660 -0.0000
vn -0.5001 -0.8660 -0.0000
vn -0.2241 0.1294 0.9659
vn 0.5001 0.8660 -0.0001
vn 0.4991 0.8665 -0.0000
vn 0.4989 0.8667 -0.0000
vn 0.4998 0.8661 0.0001
vn 0.4993 0.8664 -0.0000
vn 0.4994 0.8664 -0.0000
vn 0.5000 0.8660 0.0001
vn 0.5001 0.8659 -0.0001
vn 0.5000 0.8660 -0.0000
vn -0.2589 -0.9659 -0.0000
vn -0.7071 -0.7072 -0.0000
vn -0.7071 0.7072 -0.0000
vn -0.2587 0.9659 -0.0000
vn 0.2589 0.9659 -0.0000
vn 0.7071 0.7072 -0.0000
vn 0.7071 -0.7072 -0.0000
vn -0.0000 -0.2587 0.9659
vn -0.0000 -0.7071 -0.7072
vn -1.0000 0.0002 -0.0000
vn -1.0000 0.0001 -0.0000
vn -0.0000 0.2587 0.9659
vn 1.0000 0.0009 -0.0000
vn 1.0000 -0.0009 -0.0000
vn 1.0000 -0.0001 -0.0000
s 0
usemtl bolt_black
f 2//1 3//1 1//1
f 4//2 5//2 3//2
f 6//3 7//3 5//3
f 8//4 9//4 7//4
f 10//5 11//5 9//5
f 12//6 13//6 11//6
f 14//7 15//7 13//7
f 16//8 17//8 15//8
f 18//9 19//9 17//9
f 20//10 21//10 19//10
f 22//11 14//11 6//11
f 22//12 23//12 21//12
f 24//13 1//13 23//13
f 7//14 15//14 23//14
f 26//15 27//15 25//15
f 28//16 29//16 27//16
f 30//17 31//17 29//17
f 32//18 33//18 31//18
f 34//19 35//19 33//19
f 36//20 37//20 35//20
f 38//21 39//21 37//21
f 40//22 41//22 39//22
f 42//23 43//23 41//23
f 44//24 45//24 43//24
f 46//25 38//25 30//25
f 46//26 47//26 45//26
f 48//27 25//27 47//27
f 31//28 39//28 47//28
f 531//541 534//541 533//541
f 534//542 535//542 533//542
f 536//543 537//543 535//543
f 537//544 540//544 539//544
f 539//545 542//545 541//545
f 541//546 544//546 543//546
f 544//547 545//547 543//547
f 545//548 548//548 547//548
f 548//549 549//549 547//549
f 550//550 551//550 549//550
f 552//551 544//551 536//551
f 551//552 554//552 553//552
f 553//553 532//553 531//553
f 537//554 545//554 553//554
f 1038//957 1039//957 1037//957
f 1039//958 1042//958 1041//958
f 1042//959 1043//959 1041//959
f 1044//960 1045//960 1043//960
f 1046//961 1047//961 1045//961
f 1047//962 1050//962 1049//962
f 1050//963 1051//963 1049//963
f 1052//964 1053//964 1051//964
f 1054//965 1055//965 1053//965
f 1056//966 1057//966 1055//966
f 1058//967 1050//967 1042//967
f 1057//968 1060//968 1059//968
f 1060//969 1037//969 1059//969
f 1043//970 1051//970 1059//970
f 1062//971 1063//971 1061//971
f 1064//2 1065//2 1063//2
f 1066//972 1067//972 1065//972
f 1068//973 1069//973 1067//973
f 1070//5 1071//5 1069//5
f 1072//974 1073//974 1071//974
f 1074//7 1075//7 1073//7
f 1076//975 1077//975 1075//975
f 1078//976 1079//976 1077//976
f 1080//977 1081//977 1079//977
f 1082//11 1074//11 1066//11
f 1082//978 1083//978 1081//978
f 1084//979 1061//979 1083//979
f 1067//14 1075//14 1083//14
f 1086//27 1087//27 1085//27
f 1088//980 1089//980 1087//980
f 1090//24 1091//24 1089//24
f 1092//23 1093//23 1091//23
f 1094//22 1095//22 1093//22
f 1096//981 1097//981 1095//981
f 1098//982 1099//982 1097//982
f 1100//19 1101//19 1099//19
f 1102//18 1103//18 1101//18
f 1104//17 1105//17 1103//17
f 1106//28 1098//28 1090//28
f 1106//16 1107//16 1105//16
f 1108//983 1085//983 1107//983
f 1091//984 1099//984 1107//984
f 2//1 4//1 3//1
f 4//2 6//2 5//2
f 6//3 8//3 7//3
f 8//4 10//4 9//4
f 10//5 12//5 11//5
f 12//6 14//6 13//6
f 14//7 16//7 15//7
f 16//987 18//987 17//987
f 18//9 20//9 19//9
f 20//10 22//10 21//10
f 6//988 4//988 2//988
f 2//11 24//11 22//11
f 22//11 20//11 18//11
f 18//989 16//989 14//989
f 14//11 12//11 10//11
f 10//11 8//11 6//11
f 6//11 2//11 22//11
f 22//11 18//11 14//11
f 14//11 10//11 6//11
f 22//990 24//990 23//990
f 24//13 2//13 1//13
f 23//14 1//14 3//14
f 3//991 5//991 7//991
f 7//991 9//991 11//991
f 11//14 13//14 15//14
f 15//992 17//992 19//992
f 19//992 21//992 23//992
f 23//14 3//14 7//14
f 7//14 11//14 15//14
f 15//14 19//14 23//14
f 26//983 28//983 27//983
f 28//16 30//16 29//16
f 30//17 32//17 31//17
f 32//18 34//18 33//18
f 34//19 36//19 35//19
f 36//993 38//993 37//993
f 38//994 40//994 39//994
f 40//22 42//22 41//22
f 42//23 44//23 43//23
f 44//24 46//24 45//24
f 30//995 28//995 26//995
f 26//25 48//25 46//25
f 46//25 44//25 42//25
f 42//996 40//996 38//996
f 38//25 36//25 34//25
f 34//25 32//25 30//25
f 30//25 26//25 46//25
f 46//995 42//995 38//995
f 38//996 34//996 30//996
f 46//26 48//26 47//26
f 48//997 26//997 25//997
f 47//28 25//28 27//28
f 27//28 29//28 31//28
f 31//28 33//28 35//28
f 35//28 37//28 39//28
f 39//28 41//28 43//28
f 43//28 45//28 47//28
f 47//28 27//28 31//28
f 31//28 35//28 39//28
f 39//28 43//28 47//28
f 531//1354 532//1354 534//1354
f 534//1355 536//1355 535//1355
f 536//1356 538//1356 537//1356
f 537//1357 538//1357 540//1357
f 539//545 540//545 542//545
f 541//1358 542//1358 544//1358
f 544//1359 546//1359 545//1359
f 545//1360 546//1360 548//1360
f 548//1361 550//1361 549//1361
f 550//1362 552//1362 551//1362
f 536//1363 534//1363 532//1363
f 532//1364 554//1364 552//1364
f 552//1365 550//1365 548//1365
f 548//1366 546//1366 544//1366
f 544//1367 542//1367 540//1367
f 540//1368 538//1368 536//1368
f 536//1369 532//1369 552//1369
f 552//1370 548//1370 544//1370
f 544//1364 540//1364 536//1364
f 551//1371 552//1371 554//1371
f 553//1372 554//1372 532//1372
f 553//1373 531//1373 533//1373
f 533//1374 535//1374 537//1374
f 537//1375 539//1375 541//1375
f 541//1376 543//1376 545//1376
f 545//1377 547//1377 549//1377
f 549//1378 551//1378 553//1378
f 553//1379 533//1379 537//1379
f 537//1380 541//1380 545//1380
f 545//1381 549//1381 553//1381
f 1038//1694 1040//1694 1039//1694
f 1039//958 1040//958 1042//958
f 1042//1695 1044//1695 1043//1695
f 1044//960 1046//960 1045//960
f 1046//961 1048//961 1047//961
f 1047//1696 1048//1696 1050//1696
f 1050//1697 1052//1697 1051//1697
f 1052//964 1054//964 1053//964
f 1054//965 1056//965 1055//965
f 1056//1698 1058//1698 1057//1698
f 1042//1699 1040//1699 1038//1699
f 1038//1700 1060//1700 1058//1700
f 1058//1701 1056//1701 1054//1701
f 1054//1702 1052//1702 1050//1702
f 1050//1700 1048//1700 1046//1700
f 1046//1703 1044//1703 1042//1703
f 1042//1704 1038//1704 1058//1704
f 1058//1704 1054//1704 1050//1704
f 1050//1705 1046//1705 1042//1705
f 1057//968 1058//968 1060//968
f 1060//1706 1038//1706 1037//1706
f 1059//1707 1037//1707 1039//1707
f 1039//1708 1041//1708 1043//1708
f 1043//1709 1045//1709 1047//1709
f 1047//1710 1049//1710 1051//1710
f 1051//1711 1053//1711 1055//1711
f 1055//1712 1057//1712 1059//1712
f 1059//1713 1039//1713 1043//1713
f 1043//1714 1047//1714 1051//1714
f 1051//1715 1055//1715 1059//1715
f 1062//1716 1064//1716 1063//1716
f 1064//1717 1066//1717 1065//1717
f 1066//972 1068//972 1067//972
f 1068//973 1070//973 1069//973
f 1070//1718 1072//1718 1071//1718
f 1072//1719 1074//1719 1073//1719
f 1074//1720 1076//1720 1075//1720
f 1076//1721 1078//1721 1077//1721
f 1078//976 1080//976 1079//976
f 1080//977 1082//977 1081//977
f 1066//11 1064//11 1062//11
f 1062//11 1084//11 1082//11
f 1082//11 1080//11 1078//11
f 1078//11 1076//11 1074//11
f 1074//11 1072//11 1070//11
f 1070//11 1068//11 1066//11
f 1066//11 1062//11 1082//11
f 1082//988 1078//988 1074//988
f 1074//989 1070//989 1066//989
f 1082//1722 1084//1722 1083//1722
f 1084//13 1062//13 1061//13
f 1083//14 1061//14 1063//14
f 1063//14 1065//14 1067//14
f 1067//14 1069//14 1071//14
f 1071//14 1073//14 1075//14
f 1075//14 1077//14 1079//14
f 1079//14 1081//14 1083//14
f 1083//14 1063//14 1067//14
f 1067//14 1071//14 1075//14
f 1075//14 1079//14 1083//14
f 1086//1723 1088//1723 1087//1723
f 1088//26 1090//26 1089//26
f 1090//24 1092//24 1091//24
f 1092//23 1094//23 1093//23
f 1094//1724 1096//1724 1095//1724
f 1096//994 1098//994 1097//994
f 1098//20 1100//20 1099//20
f 1100//19 1102//19 1101//19
f 1102//18 1104//18 1103//18
f 1104//17 1106//17 1105//17
f 1090//1725 1088//1725 1086//1725
f 1086//28 1108//28 1106//28
f 1106//28 1104//28 1102//28
f 1102//28 1100//28 1098//28
f 1098//28 1096//28 1094//28
f 1094//28 1092//28 1090//28
f 1090//28 1086//28 1106//28
f 1106//1726 1102//1726 1098//1726
f 1098//28 1094//28 1090//28
f 1106//16 1108//16 1107//16
f 1108//1727 1086//1727 1085//1727
f 1107//25 1085//25 1087//25
f 1087//1728 1089//1728 1091//1728
f 1091//25 1093//25 1095//25
f 1095//25 1097//25 1099//25
f 1099//25 1101//25 1103//25
f 1103//1729 1105//1729 1107//1729
f 1107//25 1087//25 1091//25
f 1091//25 1095//25 1099//25
f 1099//1730 1103//1730 1107//1730
usemtl grp_white
f 523//29 60//29 61//29
f 527//30 69//30 528//30
f 523//31 62//31 53//31
f 528//32 70//32 529//32
f 53//33 63//33 524//33
f 529//34 71//34 530//34
f 54//35 63//35 64//35
f 50//36 49//36 57//36
f 56//37 530//37 71//37
f 54//38 65//38 525//38
f 522//39 57//39 58//39
f 526//40 65//40 66//40
f 522//41 59//41 51//41
f 526//42 67//42 55//42
f 51//43 60//43 52//43
f 55//44 68//44 527//44
f 59//45 75//45 60//45
f 67//46 83//46 68//46
f 60//47 76//47 61//47
f 68//48 84//48 69//48
f 61//49 77//49 62//49
f 70//50 84//50 85//50
f 62//51 78//51 63//51
f 70//52 86//52 71//52
f 63//53 79//53 64//53
f 57//54 49//54 72//54
f 56//55 71//55 86//55
f 64//56 80//56 65//56
f 58//57 72//57 73//57
f 66//58 80//58 81//58
f 58//59 74//59 59//59
f 66//60 82//60 67//60
f 78//61 94//61 79//61
f 72//62 49//62 87//62
f 56//63 86//63 101//63
f 79//64 95//64 80//64
f 73//65 87//65 88//65
f 81//66 95//66 96//66
f 74//67 88//67 89//67
f 81//68 97//68 82//68
f 74//69 90//69 75//69
f 83//70 97//70 98//70
f 75//71 91//71 76//71
f 83//72 99//72 84//72
f 77//73 91//73 92//73
f 84//74 100//74 85//74
f 77//75 93//75 78//75
f 85//76 101//76 86//76
f 97//77 113//77 98//77
f 91//78 105//78 106//78
f 98//79 114//79 99//79
f 91//80 107//80 92//80
f 99//81 115//81 100//81
f 92//82 108//82 93//82
f 100//83 116//83 101//83
f 93//84 109//84 94//84
f 87//85 49//85 102//85
f 56//86 101//86 116//86
f 95//87 109//87 110//87
f 88//88 102//88 103//88
f 96//89 110//89 111//89
f 89//90 103//90 104//90
f 96//91 112//91 97//91
f 90//92 104//92 105//92
f 102//93 49//93 117//93
f 56//94 116//94 131//94
f 110//95 124//95 125//95
f 102//96 118//96 103//96
f 111//97 125//97 126//97
f 103//98 119//98 104//98
f 111//99 127//99 112//99
f 105//100 119//100 120//100
f 113//101 127//101 128//101
f 105//102 121//102 106//102
f 114//103 128//103 129//103
f 106//104 122//104 107//104
f 115//105 129//105 130//105
f 107//106 123//106 108//106
f 116//107 130//107 131//107
f 108//108 124//108 109//108
f 120//109 136//109 121//109
f 128//110 144//110 129//110
f 121//111 137//111 122//111
f 129//112 145//112 130//112
f 122//113 138//113 123//113
f 131//114 145//114 146//114
f 123//115 139//115 124//115
f 117//116 49//116 132//116
f 56//117 131//117 146//117
f 125//118 139//118 140//118
f 118//119 132//119 133//119
f 125//120 141//120 126//120
f 119//121 133//121 134//121
f 126//122 142//122 127//122
f 120//123 134//123 135//123
f 128//124 142//124 143//124
f 140//125 154//125 155//125
f 132//126 148//126 133//126
f 140//127 156//127 141//127
f 133//128 149//128 134//128
f 142//129 156//129 157//129
f 134//130 150//130 135//130
f 143//131 157//131 158//131
f 136//132 150//132 151//132
f 144//133 158//133 159//133
f 136//134 152//134 137//134
f 144//135 160//135 145//135
f 138//136 152//136 153//136
f 146//137 160//137 161//137
f 138//138 154//138 139//138
f 132//139 49//139 147//139
f 56//140 146//140 161//140
f 159//141 173//141 174//141
f 151//142 167//142 152//142
f 160//143 174//143 175//143
f 152//144 168//144 153//144
f 160//145 176//145 161//145
f 153//146 169//146 154//146
f 147//147 49//147 162//147
f 56//148 161//148 176//148
f 155//149 169//149 170//149
f 147//150 163//150 148//150
f 156//151 170//151 171//151
f 148//152 164//152 149//152
f 157//153 171//153 172//153
f 150//154 164//154 165//154
f 158//155 172//155 173//155
f 150//156 166//156 151//156
f 170//157 186//157 171//157
f 163//158 179//158 164//158
f 171//159 187//159 172//159
f 165//160 179//160 180//160
f 173//161 187//161 188//161
f 165//162 181//162 166//162
f 173//163 189//163 174//163
f 167//164 181//164 182//164
f 174//165 190//165 175//165
f 168//166 182//166 183//166
f 176//167 190//167 191//167
f 169//168 183//168 184//168
f 162//169 49//169 177//169
f 56//170 176//170 191//170
f 169//171 185//171 170//171
f 162//172 178//172 163//172
f 190//173 204//173 205//173
f 183//174 197//174 198//174
f 190//175 206//175 191//175
f 184//176 198//176 199//176
f 177//177 49//177 192//177
f 56//178 191//178 206//178
f 184//179 200//179 185//179
f 178//180 192//180 193//180
f 185//181 201//181 186//181
f 179//182 193//182 194//182
f 187//183 201//183 202//183
f 180//184 194//184 195//184
f 187//185 203//185 188//185
f 180//186 196//186 181//186
f 188//187 204//187 189//187
f 182//188 196//188 197//188
f 194//189 208//189 209//189
f 202//190 216//190 217//190
f 194//191 210//191 195//191
f 202//192 218//192 203//192
f 196//193 210//193 211//193
f 204//194 218//194 219//194
f 196//195 212//195 197//195
f 205//196 219//196 220//196
f 198//197 212//197 213//197
f 205//198 221//198 206//198
f 199//199 213//199 214//199
f 192//200 49//200 207//200
f 56//201 206//201 221//201
f 199//202 215//202 200//202
f 193//203 207//203 208//203
f 200//204 216//204 201//204
f 212//205 228//205 213//205
f 221//206 235//206 236//206
f 213//207 229//207 214//207
f 207//208 49//208 222//208
f 56//209 221//209 236//209
f 214//210 230//210 215//210
f 208//211 222//211 223//211
f 215//212 231//212 216//212
f 209//213 223//213 224//213
f 217//214 231//214 232//214
f 209//215 225//215 210//215
f 217//216 233//216 218//216
f 211//217 225//217 226//217
f 218//218 234//218 219//218
f 211//219 227//219 212//219
f 219//220 235//220 220//220
f 232//221 246//221 247//221
f 224//222 240//222 225//222
f 233//223 247//223 248//223
f 226//224 240//224 241//224
f 234//225 248//225 249//225
f 226//226 242//226 227//226
f 235//227 249//227 250//227
f 228//228 242//228 243//228
f 236//229 250//229 251//229
f 229//230 243//230 244//230
f 222//231 49//231 237//231
f 56//232 236//232 251//232
f 229//233 245//233 230//233
f 222//234 238//234 223//234
f 230//235 246//235 231//235
f 223//236 239//236 224//236
f 250//237 266//237 251//237
f 243//238 259//238 244//238
f 237//239 49//239 252//239
f 56//240 251//240 266//240
f 244//241 260//241 245//241
f 237//242 253//242 238//242
f 245//243 261//243 246//243
f 238//244 254//244 239//244
f 247//245 261//245 262//245
f 239//246 255//246 240//246
f 247//247 263//247 248//247
f 241//248 255//248 256//248
f 249//249 263//249 264//249
f 241//250 257//250 242//250
f 250//251 264//251 265//251
f 243//252 257//252 258//252
f 254//253 270//253 255//253
f 262//254 278//254 263//254
f 255//255 271//255 256//255
f 263//256 279//256 264//256
f 257//257 271//257 272//257
f 264//258 280//258 265//258
f 258//259 272//259 273//259
f 266//260 280//260 281//260
f 258//261 274//261 259//261
f 252//262 49//262 267//262
f 56//263 266//263 281//263
f 260//264 274//264 275//264
f 252//265 268//265 253//265
f 260//266 276//266 261//266
f 254//267 268//267 269//267
f 261//268 277//268 262//268
f 273//269 289//269 274//269
f 267//270 49//270 282//270
f 56//271 281//271 296//271
f 275//272 289//272 290//272
f 267//273 283//273 268//273
f 275//274 291//274 276//274
f 268//275 284//275 269//275
f 276//276 292//276 277//276
f 269//277 285//277 270//277
f 278//278 292//278 293//278
f 270//279 286//279 271//279
f 278//280 294//280 279//280
f 272//281 286//281 287//281
f 279//282 295//282 280//282
f 273//283 287//283 288//283
f 280//284 296//284 281//284
f 292//285 308//285 293//285
f 286//286 300//286 301//286
f 293//287 309//287 294//287
f 286//288 302//288 287//288
f 294//289 310//289 295//289
f 287//290 303//290 288//290
f 296//291 310//291 311//291
f 289//292 303//292 304//292
f 282//293 49//293 297//293
f 56//294 296//294 311//294
f 289//295 305//295 290//295
f 283//296 297//296 298//296
f 290//297 306//297 291//297
f 284//298 298//298 299//298
f 292//299 306//299 307//299
f 284//300 300//300 285//300
f 56//301 311//301 326//301
f 304//302 320//302 305//302
f 297//303 313//303 298//303
f 306//304 320//304 321//304
f 299//305 313//305 314//305
f 307//306 321//306 322//306
f 299//307 315//307 300//307
f 307//308 323//308 308//308
f 301//309 315//309 316//309
f 308//310 324//310 309//310
f 301//311 317//311 302//311
f 309//312 325//312 310//312
f 302//313 318//313 303//313
f 311//314 325//314 326//314
f 304//315 318//315 319//315
f 297//316 49//316 312//316
f 323//317 339//317 324//317
f 317//318 331//318 332//318
f 324//319 340//319 325//319
f 317//320 333//320 318//320
f 325//321 341//321 326//321
f 318//322 334//322 319//322
f 312//323 49//323 327//323
f 56//324 326//324 341//324
f 319//325 335//325 320//325
f 312//326 328//326 313//326
f 321//327 335//327 336//327
f 314//328 328//328 329//328
f 321//329 337//329 322//329
f 315//330 329//330 330//330
f 322//331 338//331 323//331
f 315//332 331//332 316//332
f 328//333 342//333 343//333
f 336//334 350//334 351//334
f 329//335 343//335 344//335
f 336//336 352//336 337//336
f 330//337 344//337 345//337
f 338//338 352//338 353//338
f 330//339 346//339 331//339
f 338//340 354//340 339//340
f 332//341 346//341 347//341
f 339//342 355//342 340//342
f 332//343 348//343 333//343
f 340//344 356//344 341//344
f 333//345 349//345 334//345
f 327//346 49//346 342//346
f 56//347 341//347 356//347
f 334//348 350//348 335//348
f 346//349 362//349 347//349
f 355//350 369//350 370//350
f 347//351 363//351 348//351
f 355//352 371//352 356//352
f 348//353 364//353 349//353
f 342//354 49//354 357//354
f 56//355 356//355 371//355
f 349//356 365//356 350//356
f 343//357 357//357 358//357
f 351//358 365//358 366//358
f 343//359 359//359 344//359
f 352//360 366//360 367//360
f 344//361 360//361 345//361
f 352//362 368//362 353//362
f 345//363 361//363 346//363
f 353//364 369//364 354//364
f 366//365 380//365 381//365
f 358//366 374//366 359//366
f 367//367 381//367 382//367
f 360//368 374//368 375//368
f 367//369 383//369 368//369
f 360//370 376//370 361//370
f 368//371 384//371 369//371
f 361//372 377//372 362//372
f 370//373 384//373 385//373
f 362//374 378//374 363//374
f 371//375 385//375 386//375
f 364//376 378//376 379//376
f 357//377 49//377 372//377
f 56//378 371//378 386//378
f 364//379 380//379 365//379
f 357//380 373//380 358//380
f 384//381 400//381 385//381
f 378//382 392//382 393//382
f 386//383 400//383 401//383
f 378//384 394//384 379//384
f 372//385 49//385 387//385
f 56//386 386//386 401//386
f 380//387 394//387 395//387
f 372//388 388//388 373//388
f 380//389 396//389 381//389
f 373//390 389//390 374//390
f 381//391 397//391 382//391
f 374//392 390//392 375//392
f 382//393 398//393 383//393
f 375//394 391//394 376//394
f 384//395 398//395 399//395
f 377//396 391//396 392//396
f 389//397 403//397 404//397
f 397//398 411//398 412//398
f 389//399 405//399 390//399
f 398//400 412//400 413//400
f 391//401 405//401 406//401
f 399//402 413//402 414//402
f 391//403 407//403 392//403
f 400//404 414//404 415//404
f 392//405 408//405 393//405
f 401//406 415//406 416//406
f 393//407 409//407 394//407
f 387//408 49//408 402//408
f 56//409 401//409 416//409
f 394//410 410//410 395//410
f 388//411 402//411 403//411
f 396//412 410//412 411//412
f 408//413 422//413 423//413
f 416//414 430//414 431//414
f 409//415 423//415 424//415
f 402//416 49//416 417//416
f 56//417 416//417 431//417
f 409//418 425//418 410//418
f 402//419 418//419 403//419
f 410//420 426//420 411//420
f 403//421 419//421 404//421
f 411//422 427//422 412//422
f 405//423 419//423 420//423
f 412//424 428//424 413//424
f 406//425 420//425 421//425
f 414//426 428//426 429//426
f 407//427 421//427 422//427
f 414//428 430//428 415//428
f 426//429 442//429 427//429
f 420//430 434//430 435//430
f 428//431 442//431 443//431
f 421//432 435//432 436//432
f 428//433 444//433 429//433
f 421//434 437//434 422//434
f 430//435 444//435 445//435
f 422//436 438//436 423//436
f 430//437 446//437 431//437
f 424//438 438//438 439//438
f 417//439 49//439 432//439
f 56//440 431//440 446//440
f 424//441 440//441 425//441
f 418//442 432//442 433//442
f 425//443 441//443 426//443
f 419//444 433//444 434//444
f 445//445 461//445 446//445
f 439//446 453//446 454//446
f 432//447 49//447 447//447
f 56//448 446//448 461//448
f 439//449 455//449 440//449
f 433//450 447//450 448//450
f 440//451 456//451 441//451
f 433//452 449//452 434//452
f 442//453 456//453 457//453
f 434//454 450//454 435//454
f 442//455 458//455 443//455
f 436//456 450//456 451//456
f 444//457 458//457 459//457
f 436//458 452//458 437//458
f 444//459 460//459 445//459
f 438//460 452//460 453//460
f 458//461 472//461 473//461
f 451//462 465//462 466//462
f 459//463 473//463 474//463
f 451//464 467//464 452//464
f 459//465 475//465 460//465
f 453//466 467//466 468//466
f 461//467 475//467 476//467
f 454//468 468//468 469//468
f 447//469 49//469 462//469
f 56//470 461//470 476//470
f 454//471 470//471 455//471
f 447//472 463//472 448//472
f 455//473 471//473 456//473
f 449//474 463//474 464//474
f 457//475 471//475 472//475
f 449//476 465//476 450//476
f 462//477 49//477 477//477
f 56//478 476//478 491//478
f 469//479 485//479 470//479
f 463//480 477//480 478//480
f 470//481 486//481 471//481
f 464//482 478//482 479//482
f 471//483 487//483 472//483
f 464//484 480//484 465//484
f 473//485 487//485 488//485
f 465//486 481//486 466//486
f 474//487 488//487 489//487
f 466//488 482//488 467//488
f 474//489 490//489 475//489
f 467//490 483//490 468//490
f 476//491 490//491 491//491
f 468//492 484//492 469//492
f 481//493 495//493 496//493
f 489//494 503//494 504//494
f 482//495 496//495 497//495
f 490//496 504//496 505//496
f 482//497 498//497 483//497
f 490//498 506//498 491//498
f 483//499 499//499 484//499
f 477//500 49//500 492//500
f 56//501 491//501 506//501
f 484//502 500//502 485//502
f 477//503 493//503 478//503
f 486//504 500//504 501//504
f 478//505 494//505 479//505
f 486//506 502//506 487//506
f 479//507 495//507 480//507
f 487//508 503//508 488//508
f 500//509 514//509 515//509
f 492//510 508//510 493//510
f 500//511 516//511 501//511
f 494//512 508//512 509//512
f 501//513 517//513 502//513
f 494//514 510//514 495//514
f 503//515 517//515 518//515
f 495//516 511//516 496//516
f 504//517 518//517 519//517
f 497//518 511//518 512//518
f 504//519 520//519 505//519
f 498//520 512//520 513//520
f 505//521 521//521 506//521
f 498//522 514//522 499//522
f 492//523 49//523 507//523
f 56//524 506//524 521//524
f 518//525 528//525 519//525
f 512//526 523//526 53//526
f 519//527 529//527 520//527
f 513//528 53//528 524//528
f 521//529 529//529 530//529
f 513//530 54//530 514//530
f 507//531 49//531 50//531
f 56//532 521//532 530//532
f 514//533 525//533 515//533
f 507//534 522//534 508//534
f 515//535 526//535 516//535
f 508//536 51//536 509//536
f 517//537 526//537 55//537
f 509//538 52//538 510//538
f 518//539 55//539 527//539
f 510//540 523//540 511//540
f 556//555 555//555 563//555
f 562//556 1036//556 577//556
f 560//38 571//38 1031//38
f 1028//39 563//39 564//39
f 1032//40 571//40 572//40
f 1028//557 565//557 557//557
f 1032//558 573//558 561//558
f 557//559 566//559 558//559
f 561//560 574//560 1033//560
f 558//29 567//29 1029//29
f 1033//561 575//561 1034//561
f 559//31 567//31 568//31
f 1034//562 576//562 1035//562
f 559//33 569//33 1030//33
f 1036//563 576//563 577//563
f 1030//564 570//564 560//564
f 577//565 591//565 592//565
f 570//53 584//53 585//53
f 563//566 555//566 578//566
f 562//55 577//55 592//55
f 570//56 586//56 571//56
f 563//567 579//567 564//567
f 572//58 586//58 587//58
f 564//568 580//568 565//568
f 572//569 588//569 573//569
f 565//570 581//570 566//570
f 574//571 588//571 589//571
f 566//572 582//572 567//572
f 574//48 590//48 575//48
f 567//573 583//573 568//573
f 576//574 590//574 591//574
f 568//575 584//575 569//575
f 581//576 595//576 596//576
f 589//577 603//577 604//577
f 581//578 597//578 582//578
f 589//579 605//579 590//579
f 583//580 597//580 598//580
f 590//74 606//74 591//74
f 583//581 599//581 584//581
f 592//582 606//582 607//582
f 584//61 600//61 585//61
f 578//62 555//62 593//62
f 562//583 592//583 607//583
f 586//584 600//584 601//584
f 579//585 593//585 594//585
f 587//586 601//586 602//586
f 580//587 594//587 595//587
f 588//588 602//588 603//588
f 599//589 615//589 600//589
f 593//85 555//85 608//85
f 562//590 607//590 622//590
f 600//591 616//591 601//591
f 593//592 609//592 594//592
f 602//593 616//593 617//593
f 595//594 609//594 610//594
f 602//595 618//595 603//595
f 596//596 610//596 611//596
f 603//597 619//597 604//597
f 597//598 611//598 612//598
f 604//599 620//599 605//599
f 598//600 612//600 613//600
f 605//601 621//601 606//601
f 598//602 614//602 599//602
f 607//83 621//83 622//83
f 618//603 634//603 619//603
f 611//604 627//604 612//604
f 619//605 635//605 620//605
f 612//606 628//606 613//606
f 620//607 636//607 621//607
f 613//106 629//106 614//106
f 621//608 637//608 622//608
f 614//108 630//108 615//108
f 608//609 555//609 623//609
f 562//610 622//610 637//610
f 616//95 630//95 631//95
f 609//611 623//611 624//611
f 617//612 631//612 632//612
f 610//613 624//613 625//613
f 618//614 632//614 633//614
f 610//615 626//615 611//615
f 623//116 555//116 638//116
f 562//616 637//616 652//616
f 630//617 646//617 631//617
f 623//618 639//618 624//618
f 632//619 646//619 647//619
f 625//620 639//620 640//620
f 632//122 648//122 633//122
f 626//621 640//621 641//621
f 633//622 649//622 634//622
f 626//623 642//623 627//623
f 634//624 650//624 635//624
f 628//625 642//625 643//625
f 635//626 651//626 636//626
f 628//627 644//627 629//627
f 637//628 651//628 652//628
f 629//629 645//629 630//629
f 641//630 657//630 642//630
f 650//631 664//631 665//631
f 642//134 658//134 643//134
f 651//632 665//632 666//632
f 644//633 658//633 659//633
f 652//634 666//634 667//634
f 644//635 660//635 645//635
f 638//636 555//636 653//636
f 562//637 652//637 667//637
f 646//638 660//638 661//638
f 638//126 654//126 639//126
f 647//639 661//639 662//639
f 640//640 654//640 655//640
f 647//641 663//641 648//641
f 640//642 656//642 641//642
f 649//643 663//643 664//643
f 660//644 676//644 661//644
f 654//645 668//645 669//645
f 662//646 676//646 677//646
f 654//647 670//647 655//647
f 663//648 677//648 678//648
f 656//154 670//154 671//154
f 664//649 678//649 679//649
f 656//650 672//650 657//650
f 665//141 679//141 680//141
f 657//651 673//651 658//651
f 666//143 680//143 681//143
f 659//144 673//144 674//144
f 666//652 682//652 667//652
f 659//653 675//653 660//653
f 653//147 555//147 668//147
f 562//148 667//148 682//148
f 679//163 695//163 680//163
f 673//654 687//654 688//654
f 681//655 695//655 696//655
f 674//166 688//166 689//166
f 681//656 697//656 682//656
f 675//657 689//657 690//657
f 668//169 555//169 683//169
f 562//170 682//170 697//170
f 675//658 691//658 676//658
f 669//659 683//659 684//659
f 676//660 692//660 677//660
f 670//661 684//661 685//661
f 677//662 693//662 678//662
f 670//663 686//663 671//663
f 679//664 693//664 694//664
f 671//665 687//665 672//665
f 692//181 706//181 707//181
f 684//666 700//666 685//666
f 692//667 708//667 693//667
f 686//668 700//668 701//668
f 693//185 709//185 694//185
f 686//669 702//669 687//669
f 694//670 710//670 695//670
f 688//188 702//188 703//188
f 695//671 711//671 696//671
f 689//672 703//672 704//672
f 697//673 711//673 712//673
f 690//176 704//176 705//176
f 683//177 555//177 698//177
f 562//674 697//674 712//674
f 690//675 706//675 691//675
f 684//676 698//676 699//676
f 711//196 725//196 726//196
f 704//677 718//677 719//677
f 711//678 727//678 712//678
f 705//679 719//679 720//679
f 698//200 555//200 713//200
f 562//680 712//680 727//680
f 705//681 721//681 706//681
f 699//682 713//682 714//682
f 706//683 722//683 707//683
f 699//684 715//684 700//684
f 708//685 722//685 723//685
f 700//686 716//686 701//686
f 709//687 723//687 724//687
f 701//688 717//688 702//688
f 710//689 724//689 725//689
f 702//690 718//690 703//690
f 715//691 729//691 730//691
f 722//692 738//692 723//692
f 715//693 731//693 716//693
f 724//694 738//694 739//694
f 717//695 731//695 732//695
f 725//696 739//696 740//696
f 718//697 732//697 733//697
f 725//698 741//698 726//698
f 719//205 733//205 734//205
f 727//699 741//699 742//699
f 719//207 735//207 720//207
f 713//700 555//700 728//700
f 562//701 727//701 742//701
f 720//702 736//702 721//702
f 713//703 729//703 714//703
f 721//704 737//704 722//704
f 734//705 748//705 749//705
f 742//706 756//706 757//706
f 734//707 750//707 735//707
f 728//231 555//231 743//231
f 562//708 742//708 757//708
f 735//709 751//709 736//709
f 729//710 743//710 744//710
f 736//711 752//711 737//711
f 729//712 745//712 730//712
f 738//713 752//713 753//713
f 730//714 746//714 731//714
f 738//715 754//715 739//715
f 732//716 746//716 747//716
f 740//225 754//225 755//225
f 732//717 748//717 733//717
f 741//718 755//718 756//718
f 752//719 768//719 753//719
f 745//720 761//720 746//720
f 753//721 769//721 754//721
f 746//722 762//722 747//722
f 755//249 769//249 770//249
f 747//723 763//723 748//723
f 755//724 771//724 756//724
f 748//725 764//725 749//725
f 757//726 771//726 772//726
f 750//727 764//727 765//727
f 743//239 555//239 758//239
f 562//728 757//728 772//728
f 751//729 765//729 766//729
f 743//730 759//730 744//730
f 751//243 767//243 752//243
f 744//731 760//731 745//731
f 771//732 787//732 772//732
f 764//733 780//733 765//733
f 758//734 555//734 773//734
f 562//263 772//263 787//263
f 766//264 780//264 781//264
f 759//735 773//735 774//735
f 766//266 782//266 767//266
f 759//736 775//736 760//736
f 767//737 783//737 768//737
f 760//738 776//738 761//738
f 768//254 784//254 769//254
f 761//739 777//739 762//739
f 769//256 785//256 770//256
f 762//740 778//740 763//740
f 771//741 785//741 786//741
f 764//742 778//742 779//742
f 775//743 791//743 776//743
f 783//744 799//744 784//744
f 776//745 792//745 777//745
f 785//280 799//280 800//280
f 777//281 793//281 778//281
f 785//746 801//746 786//746
f 779//747 793//747 794//747
f 786//284 802//284 787//284
f 779//748 795//748 780//748
f 773//749 555//749 788//749
f 562//750 787//750 802//750
f 781//272 795//272 796//272
f 773//751 789//751 774//751
f 781//274 797//274 782//274
f 774//752 790//752 775//752
f 782//753 798//753 783//753
f 795//754 809//754 810//754
f 788//755 555//755 803//755
f 562//756 802//756 817//756
f 795//757 811//757 796//757
f 788//758 804//758 789//758
f 797//297 811//297 812//297
f 789//759 805//759 790//759
f 797//760 813//760 798//760
f 790//761 806//761 791//761
f 798//762 814//762 799//762
f 792//286 806//286 807//286
f 799//763 815//763 800//763
f 792//288 808//288 793//288
f 800//764 816//764 801//764
f 793//290 809//290 794//290
f 801//765 817//765 802//765
f 813//766 829//766 814//766
f 806//767 822//767 807//767
f 814//310 830//310 815//310
f 808//768 822//768 823//768
f 815//312 831//312 816//312
f 808//313 824//313 809//313
f 817//314 831//314 832//314
f 810//769 824//769 825//769
f 803//770 555//770 818//770
f 562//301 817//301 832//301
f 810//771 826//771 811//771
f 804//772 818//772 819//772
f 812//773 826//773 827//773
f 805//774 819//774 820//774
f 812//775 828//775 813//775
f 806//307 820//307 821//307
f 562//776 832//776 847//776
f 825//777 841//777 826//777
f 818//778 834//778 819//778
f 827//327 841//327 842//327
f 820//779 834//779 835//779
f 827//329 843//329 828//329
f 820//780 836//780 821//780
f 828//781 844//781 829//781
f 821//782 837//782 822//782
f 829//783 845//783 830//783
f 822//318 838//318 823//318
f 830//784 846//784 831//784
f 823//785 839//785 824//785
f 831//786 847//786 832//786
f 824//322 840//322 825//322
f 818//323 555//323 833//323
f 844//787 860//787 845//787
f 838//788 852//788 853//788
f 845//789 861//789 846//789
f 838//790 854//790 839//790
f 846//791 862//791 847//791
f 839//792 855//792 840//792
f 833//346 555//346 848//346
f 562//793 847//793 862//793
f 841//794 855//794 856//794
f 833//795 849//795 834//795
f 842//796 856//796 857//796
f 835//797 849//797 850//797
f 842//798 858//798 843//798
f 836//337 850//337 851//337
f 843//799 859//799 844//799
f 837//800 851//800 852//800
f 849//801 863//801 864//801
f 857//802 871//802 872//802
f 849//803 865//803 850//803
f 857//804 873//804 858//804
f 850//805 866//805 851//805
f 859//362 873//362 874//362
f 851//806 867//806 852//806
f 859//807 875//807 860//807
f 853//808 867//808 868//808
f 861//809 875//809 876//809
f 853//810 869//810 854//810
f 862//811 876//811 877//811
f 854//353 870//353 855//353
f 848//354 555//354 863//354
f 562//812 862//812 877//812
f 855//813 871//813 856//813
f 867//814 883//814 868//814
f 875//815 891//815 876//815
f 868//816 884//816 869//816
f 877//817 891//817 892//817
f 869//818 885//818 870//818
f 863//377 555//377 878//377
f 562//819 877//819 892//819
f 870//820 886//820 871//820
f 863//821 879//821 864//821
f 872//822 886//822 887//822
f 865//823 879//823 880//823
f 872//824 888//824 873//824
f 866//825 880//825 881//825
f 873//826 889//826 874//826
f 867//827 881//827 882//827
f 874//828 890//828 875//828
f 886//829 902//829 887//829
f 880//830 894//830 895//830
f 888//831 902//831 903//831
f 880//832 896//832 881//832
f 889//833 903//833 904//833
f 881//834 897//834 882//834
f 890//835 904//835 905//835
f 882//396 898//396 883//396
f 890//836 906//836 891//836
f 883//837 899//837 884//837
f 892//838 906//838 907//838
f 884//384 900//384 885//384
f 878//839 555//839 893//839
f 562//840 892//840 907//840
f 886//841 900//841 901//841
f 879//842 893//842 894//842
f 905//843 921//843 906//843
f 898//405 914//405 899//405
f 906//844 922//844 907//844
f 899//845 915//845 900//845
f 893//408 555//408 908//408
f 562//409 907//409 922//409
f 901//846 915//846 916//846
f 894//847 908//847 909//847
f 902//412 916//412 917//412
f 895//397 909//397 910//397
f 902//848 918//848 903//848
f 895//849 911//849 896//849
f 903//850 919//850 904//850
f 897//851 911//851 912//851
f 905//852 919//852 920//852
f 897//853 913//853 898//853
f 909//421 925//421 910//421
f 917//854 933//854 918//854
f 911//855 925//855 926//855
f 918//856 934//856 919//856
f 912//857 926//857 927//857
f 919//858 935//858 920//858
f 913//859 927//859 928//859
f 921//860 935//860 936//860
f 914//413 928//413 929//413
f 922//414 936//414 937//414
f 915//861 929//861 930//861
f 908//416 555//416 923//416
f 562//417 922//417 937//417
f 915//862 931//862 916//862
f 908//863 924//863 909//863
f 916//420 932//420 917//420
f 929//864 943//864 944//864
f 936//865 952//865 937//865
f 930//438 944//438 945//438
f 923//866 555//866 938//866
f 562//867 937//867 952//867
f 930//868 946//868 931//868
f 924//869 938//869 939//869
f 931//443 947//443 932//443
f 924//870 940//870 925//870
f 932//871 948//871 933//871
f 926//872 940//872 941//872
f 933//873 949//873 934//873
f 927//874 941//874 942//874
f 934//875 950//875 935//875
f 928//434 942//434 943//434
f 936//876 950//876 951//876
f 948//877 962//877 963//877
f 940//878 956//878 941//878
f 949//879 963//879 964//879
f 941//880 957//880 942//880
f 950//881 964//881 965//881
f 942//882 958//882 943//882
f 951//883 965//883 966//883
f 944//884 958//884 959//884
f 951//885 967//885 952//885
f 944//886 960//886 945//886
f 938//447 555//447 953//447
f 562//887 952//887 967//887
f 946//888 960//888 961//888
f 939//889 953//889 954//889
f 946//890 962//890 947//890
f 939//891 955//891 940//891
f 967//892 981//892 982//892
f 959//893 975//893 960//893
f 953//469 555//469 968//469
f 562//894 967//894 982//894
f 960//895 976//895 961//895
f 954//896 968//896 969//896
f 961//473 977//473 962//473
f 955//897 969//897 970//897
f 963//898 977//898 978//898
f 956//899 970//899 971//899
f 964//900 978//900 979//900
f 956//901 972//901 957//901
f 964//902 980//902 965//902
f 957//903 973//903 958//903
f 965//904 981//904 966//904
f 959//905 973//905 974//905
f 979//906 993//906 994//906
f 971//907 987//907 972//907
f 979//908 995//908 980//908
f 973//909 987//909 988//909
f 981//910 995//910 996//910
f 973//911 989//911 974//911
f 981//912 997//912 982//912
f 975//913 989//913 990//913
f 968//477 555//477 983//477
f 562//914 982//914 997//914
f 975//479 991//479 976//479
f 968//915 984//915 969//915
f 976//916 992//916 977//916
f 969//917 985//917 970//917
f 977//918 993//918 978//918
f 971//919 985//919 986//919
f 983//500 555//500 998//500
f 562//920 997//920 1012//920
f 990//502 1006//502 991//502
f 984//921 998//921 999//921
f 992//922 1006//922 1007//922
f 984//923 1000//923 985//923
f 992//924 1008//924 993//924
f 985//925 1001//925 986//925
f 993//926 1009//926 994//926
f 987//927 1001//927 1002//927
f 995//494 1009//494 1010//494
f 988//928 1002//928 1003//928
f 995//929 1011//929 996//929
f 988//930 1004//930 989//930
f 996//931 1012//931 997//931
f 989//932 1005//932 990//932
f 1001//933 1017//933 1002//933
f 1009//517 1025//517 1010//517
f 1002//934 1018//934 1003//934
f 1011//935 1025//935 1026//935
f 1004//520 1018//520 1019//520
f 1011//521 1027//521 1012//521
f 1004//936 1020//936 1005//936
f 998//937 555//937 1013//937
f 562//524 1012//524 1027//524
f 1005//938 1021//938 1006//938
f 999//510 1013//510 1014//510
f 1006//939 1022//939 1007//939
f 999//940 1015//940 1000//940
f 1008//941 1022//941 1023//941
f 1000//942 1016//942 1001//942
f 1008//943 1024//943 1009//943
f 1020//944 1031//944 1021//944
f 1013//945 1028//945 1014//945
f 1021//946 1032//946 1022//946
f 1014//947 557//947 1015//947
f 1022//948 561//948 1023//948
f 1015//949 558//949 1016//949
f 1023//950 1033//950 1024//950
f 1016//540 1029//540 1017//540
f 1024//951 1034//951 1025//951
f 1017//952 559//952 1018//952
f 1025//953 1035//953 1026//953
f 1019//528 559//528 1030//528
f 1027//954 1035//954 1036//954
f 1019//530 560//530 1020//530
f 1013//955 555//955 556//955
f 562//956 1027//956 1036//956
f 1110//28 1111//28 1109//28
f 1112//985 1115//985 1111//985
f 1116//25 1113//25 1115//25
f 1114//986 1109//986 1113//986
f 1115//14 1109//14 1111//14
f 1112//11 1114//11 1116//11
f 523//29 52//29 60//29
f 527//998 68//998 69//998
f 523//999 61//999 62//999
f 528//1000 69//1000 70//1000
f 53//1001 62//1001 63//1001
f 529//1002 70//1002 71//1002
f 54//1003 524//1003 63//1003
f 54//1004 64//1004 65//1004
f 522//1005 50//1005 57//1005
f 526//1006 525//1006 65//1006
f 522//1007 58//1007 59//1007
f 526//42 66//42 67//42
f 51//1008 59//1008 60//1008
f 55//560 67//560 68//560
f 59//1009 74//1009 75//1009
f 67//1010 82//1010 83//1010
f 60//572 75//572 76//572
f 68//1011 83//1011 84//1011
f 61//1012 76//1012 77//1012
f 70//1013 69//1013 84//1013
f 62//1014 77//1014 78//1014
f 70//1015 85//1015 86//1015
f 63//53 78//53 79//53
f 64//56 79//56 80//56
f 58//1016 57//1016 72//1016
f 66//1017 65//1017 80//1017
f 58//1018 73//1018 74//1018
f 66//60 81//60 82//60
f 78//1019 93//1019 94//1019
f 79//584 94//584 95//584
f 73//1020 72//1020 87//1020
f 81//1021 80//1021 95//1021
f 74//1022 73//1022 88//1022
f 81//1023 96//1023 97//1023
f 74//1024 89//1024 90//1024
f 83//70 82//70 97//70
f 75//1025 90//1025 91//1025
f 83//1026 98//1026 99//1026
f 77//580 76//580 91//580
f 84//1027 99//1027 100//1027
f 77//75 92//75 93//75
f 85//76 100//76 101//76
f 97//1028 112//1028 113//1028
f 91//1029 90//1029 105//1029
f 98//79 113//79 114//79
f 91//1030 106//1030 107//1030
f 99//1031 114//1031 115//1031
f 92//1032 107//1032 108//1032
f 100//1033 115//1033 116//1033
f 93//1034 108//1034 109//1034
f 95//591 94//591 109//591
f 88//1035 87//1035 102//1035
f 96//1036 95//1036 110//1036
f 89//1037 88//1037 103//1037
f 96//595 111//595 112//595
f 90//1038 89//1038 104//1038
f 110//1039 109//1039 124//1039
f 102//1040 117//1040 118//1040
f 111//1041 110//1041 125//1041
f 103//1042 118//1042 119//1042
f 111//614 126//614 127//614
f 105//1043 104//1043 119//1043
f 113//101 112//101 127//101
f 105//604 120//604 121//604
f 114//1044 113//1044 128//1044
f 106//1045 121//1045 122//1045
f 115//1046 114//1046 129//1046
f 107//1047 122//1047 123//1047
f 116//1048 115//1048 130//1048
f 108//1049 123//1049 124//1049
f 120//1050 135//1050 136//1050
f 128//1051 143//1051 144//1051
f 121//625 136//625 137//625
f 129//1052 144//1052 145//1052
f 122//1053 137//1053 138//1053
f 131//1054 130//1054 145//1054
f 123//1055 138//1055 139//1055
f 125//1056 124//1056 139//1056
f 118//1057 117//1057 132//1057
f 125//1058 140//1058 141//1058
f 119//1059 118//1059 133//1059
f 126//1060 141//1060 142//1060
f 120//1061 119//1061 134//1061
f 128//1062 127//1062 142//1062
f 140//1063 139//1063 154//1063
f 132//1064 147//1064 148//1064
f 140//639 155//639 156//639
f 133//1065 148//1065 149//1065
f 142//1066 141//1066 156//1066
f 134//1067 149//1067 150//1067
f 143//1068 142//1068 157//1068
f 136//1069 135//1069 150//1069
f 144//1070 143//1070 158//1070
f 136//1071 151//1071 152//1071
f 144//632 159//632 160//632
f 138//1072 137//1072 152//1072
f 146//1073 145//1073 160//1073
f 138//1074 153//1074 154//1074
f 159//1075 158//1075 173//1075
f 151//651 166//651 167//651
f 160//1076 159//1076 174//1076
f 152//144 167//144 168//144
f 160//1077 175//1077 176//1077
f 153//1078 168//1078 169//1078
f 155//1079 154//1079 169//1079
f 147//1080 162//1080 163//1080
f 156//151 155//151 170//151
f 148//647 163//647 164//647
f 157//648 156//648 171//648
f 150//1081 149//1081 164//1081
f 158//1082 157//1082 172//1082
f 150//1083 165//1083 166//1083
f 170//157 185//157 186//157
f 163//1084 178//1084 179//1084
f 171//662 186//662 187//662
f 165//1085 164//1085 179//1085
f 173//1086 172//1086 187//1086
f 165//1087 180//1087 181//1087
f 173//1088 188//1088 189//1088
f 167//654 166//654 181//654
f 174//1089 189//1089 190//1089
f 168//166 167//166 182//166
f 176//1090 175//1090 190//1090
f 169//1091 168//1091 183//1091
f 169//1092 184//1092 185//1092
f 162//1093 177//1093 178//1093
f 190//671 189//671 204//671
f 183//1094 182//1094 197//1094
f 190//1095 205//1095 206//1095
f 184//1096 183//1096 198//1096
f 184//1097 199//1097 200//1097
f 178//1098 177//1098 192//1098
f 185//1099 200//1099 201//1099
f 179//1100 178//1100 193//1100
f 187//1101 186//1101 201//1101
f 180//1102 179//1102 194//1102
f 187//1103 202//1103 203//1103
f 180//1104 195//1104 196//1104
f 188//1105 203//1105 204//1105
f 182//1106 181//1106 196//1106
f 194//1107 193//1107 208//1107
f 202//1108 201//1108 216//1108
f 194//1109 209//1109 210//1109
f 202//1110 217//1110 218//1110
f 196//1111 195//1111 210//1111
f 204//1112 203//1112 218//1112
f 196//1113 211//1113 212//1113
f 205//1114 204//1114 219//1114
f 198//1115 197//1115 212//1115
f 205//1116 220//1116 221//1116
f 199//1117 198//1117 213//1117
f 199//681 214//681 215//681
f 193//1118 192//1118 207//1118
f 200//1119 215//1119 216//1119
f 212//205 227//205 228//205
f 221//206 220//206 235//206
f 213//1120 228//1120 229//1120
f 214//1121 229//1121 230//1121
f 208//1122 207//1122 222//1122
f 215//1123 230//1123 231//1123
f 209//1124 208//1124 223//1124
f 217//692 216//692 231//692
f 209//1125 224//1125 225//1125
f 217//216 232//216 233//216
f 211//695 210//695 225//695
f 218//1126 233//1126 234//1126
f 211//1127 226//1127 227//1127
f 219//1128 234//1128 235//1128
f 232//221 231//221 246//221
f 224//1129 239//1129 240//1129
f 233//1130 232//1130 247//1130
f 226//1131 225//1131 240//1131
f 234//1132 233//1132 248//1132
f 226//1133 241//1133 242//1133
f 235//1134 234//1134 249//1134
f 228//1135 227//1135 242//1135
f 236//1136 235//1136 250//1136
f 229//1137 228//1137 243//1137
f 229//1138 244//1138 245//1138
f 222//1139 237//1139 238//1139
f 230//1140 245//1140 246//1140
f 223//1141 238//1141 239//1141
f 250//237 265//237 266//237
f 243//1142 258//1142 259//1142
f 244//1143 259//1143 260//1143
f 237//1144 252//1144 253//1144
f 245//1145 260//1145 261//1145
f 238//1146 253//1146 254//1146
f 247//1147 246//1147 261//1147
f 239//1148 254//1148 255//1148
f 247//1149 262//1149 263//1149
f 241//1150 240//1150 255//1150
f 249//1151 248//1151 263//1151
f 241//1152 256//1152 257//1152
f 250//1153 249//1153 264//1153
f 243//252 242//252 257//252
f 254//1154 269//1154 270//1154
f 262//1155 277//1155 278//1155
f 255//1156 270//1156 271//1156
f 263//1157 278//1157 279//1157
f 257//1158 256//1158 271//1158
f 264//1159 279//1159 280//1159
f 258//1160 257//1160 272//1160
f 266//1161 265//1161 280//1161
f 258//1162 273//1162 274//1162
f 260//264 259//264 274//264
f 252//1163 267//1163 268//1163
f 260//1164 275//1164 276//1164
f 254//1165 253//1165 268//1165
f 261//1166 276//1166 277//1166
f 273//269 288//269 289//269
f 275//1167 274//1167 289//1167
f 267//1168 282//1168 283//1168
f 275//1169 290//1169 291//1169
f 268//1170 283//1170 284//1170
f 276//276 291//276 292//276
f 269//1171 284//1171 285//1171
f 278//1172 277//1172 292//1172
f 270//279 285//279 286//279
f 278//1173 293//1173 294//1173
f 272//1174 271//1174 286//1174
f 279//1175 294//1175 295//1175
f 273//1176 272//1176 287//1176
f 280//1177 295//1177 296//1177
f 292//762 307//762 308//762
f 286//1178 285//1178 300//1178
f 293//1179 308//1179 309//1179
f 286//1180 301//1180 302//1180
f 294//1181 309//1181 310//1181
f 287//1182 302//1182 303//1182
f 296//1183 295//1183 310//1183
f 289//754 288//754 303//754
f 289//295 304//295 305//295
f 283//1184 282//1184 297//1184
f 290//1185 305//1185 306//1185
f 284//1186 283//1186 298//1186
f 292//760 291//760 306//760
f 284//1187 299//1187 300//1187
f 304//1188 319//1188 320//1188
f 297//1189 312//1189 313//1189
f 306//1190 305//1190 320//1190
f 299//305 298//305 313//305
f 307//1191 306//1191 321//1191
f 299//1192 314//1192 315//1192
f 307//766 322//766 323//766
f 301//1193 300//1193 315//1193
f 308//1194 323//1194 324//1194
f 301//768 316//768 317//768
f 309//1195 324//1195 325//1195
f 302//1196 317//1196 318//1196
f 311//1197 310//1197 325//1197
f 304//769 303//769 318//769
f 323//1198 338//1198 339//1198
f 317//1199 316//1199 331//1199
f 324//1200 339//1200 340//1200
f 317//320 332//320 333//320
f 325//321 340//321 341//321
f 318//1201 333//1201 334//1201
f 319//1202 334//1202 335//1202
f 312//1203 327//1203 328//1203
f 321//327 320//327 335//327
f 314//1204 313//1204 328//1204
f 321//1205 336//1205 337//1205
f 315//780 314//780 329//780
f 322//1206 337//1206 338//1206
f 315//1207 330//1207 331//1207
f 328//1208 327//1208 342//1208
f 336//1209 335//1209 350//1209
f 329//1210 328//1210 343//1210
f 336//1211 351//1211 352//1211
f 330//1212 329//1212 344//1212
f 338//1213 337//1213 352//1213
f 330//1214 345//1214 346//1214
f 338//1215 353//1215 354//1215
f 332//1216 331//1216 346//1216
f 339//1217 354//1217 355//1217
f 332//1218 347//1218 348//1218
f 340//1219 355//1219 356//1219
f 333//1220 348//1220 349//1220
f 334//794 349//794 350//794
f 346//1221 361//1221 362//1221
f 355//1222 354//1222 369//1222
f 347//351 362//351 363//351
f 355//811 370//811 371//811
f 348//1223 363//1223 364//1223
f 349//1224 364//1224 365//1224
f 343//1225 342//1225 357//1225
f 351//358 350//358 365//358
f 343//1226 358//1226 359//1226
f 352//1227 351//1227 366//1227
f 344//1228 359//1228 360//1228
f 352//1229 367//1229 368//1229
f 345//806 360//806 361//806
f 353//364 368//364 369//364
f 366//1230 365//1230 380//1230
f 358//1231 373//1231 374//1231
f 367//1232 366//1232 381//1232
f 360//1233 359//1233 374//1233
f 367//1234 382//1234 383//1234
f 360//1235 375//1235 376//1235
f 368//1236 383//1236 384//1236
f 361//1237 376//1237 377//1237
f 370//1238 369//1238 384//1238
f 362//1239 377//1239 378//1239
f 371//1240 370//1240 385//1240
f 364//376 363//376 378//376
f 364//1241 379//1241 380//1241
f 357//1242 372//1242 373//1242
f 384//1243 399//1243 400//1243
f 378//1244 377//1244 392//1244
f 386//1245 385//1245 400//1245
f 378//384 393//384 394//384
f 380//387 379//387 394//387
f 372//1246 387//1246 388//1246
f 380//1247 395//1247 396//1247
f 373//1248 388//1248 389//1248
f 381//1249 396//1249 397//1249
f 374//1250 389//1250 390//1250
f 382//1251 397//1251 398//1251
f 375//834 390//834 391//834
f 384//1252 383//1252 398//1252
f 377//1253 376//1253 391//1253
f 389//1254 388//1254 403//1254
f 397//1255 396//1255 411//1255
f 389//1256 404//1256 405//1256
f 398//1257 397//1257 412//1257
f 391//851 390//851 405//851
f 399//1258 398//1258 413//1258
f 391//853 406//853 407//853
f 400//1259 399//1259 414//1259
f 392//405 407//405 408//405
f 401//1260 400//1260 415//1260
f 393//1261 408//1261 409//1261
f 394//1262 409//1262 410//1262
f 388//1263 387//1263 402//1263
f 396//412 395//412 410//412
f 408//413 407//413 422//413
f 416//1264 415//1264 430//1264
f 409//1265 408//1265 423//1265
f 409//1266 424//1266 425//1266
f 402//1267 417//1267 418//1267
f 410//420 425//420 426//420
f 403//1268 418//1268 419//1268
f 411//1269 426//1269 427//1269
f 405//1270 404//1270 419//1270
f 412//1271 427//1271 428//1271
f 406//1272 405//1272 420//1272
f 414//1273 413//1273 428//1273
f 407//859 406//859 421//859
f 414//1274 429//1274 430//1274
f 426//1275 441//1275 442//1275
f 420//1276 419//1276 434//1276
f 428//1277 427//1277 442//1277
f 421//874 420//874 435//874
f 428//1278 443//1278 444//1278
f 421//1279 436//1279 437//1279
f 430//1280 429//1280 444//1280
f 422//1281 437//1281 438//1281
f 430//1282 445//1282 446//1282
f 424//438 423//438 438//438
f 424//441 439//441 440//441
f 418//1283 417//1283 432//1283
f 425//1284 440//1284 441//1284
f 419//444 418//444 433//444
f 445//1285 460//1285 461//1285
f 439//886 438//886 453//886
f 439//888 454//888 455//888
f 433//1286 432//1286 447//1286
f 440//1287 455//1287 456//1287
f 433//1288 448//1288 449//1288
f 442//1289 441//1289 456//1289
f 434//1290 449//1290 450//1290
f 442//1291 457//1291 458//1291
f 436//1292 435//1292 450//1292
f 444//1293 443//1293 458//1293
f 436//1294 451//1294 452//1294
f 444//1295 459//1295 460//1295
f 438//1296 437//1296 452//1296
f 458//1297 457//1297 472//1297
f 451//901 450//901 465//901
f 459//1298 458//1298 473//1298
f 451//1299 466//1299 467//1299
f 459//1300 474//1300 475//1300
f 453//1301 452//1301 467//1301
f 461//467 460//467 475//467
f 454//1302 453//1302 468//1302
f 454//1303 469//1303 470//1303
f 447//1304 462//1304 463//1304
f 455//1305 470//1305 471//1305
f 449//1306 448//1306 463//1306
f 457//1307 456//1307 471//1307
f 449//1308 464//1308 465//1308
f 469//1309 484//1309 485//1309
f 463//1310 462//1310 477//1310
f 470//1311 485//1311 486//1311
f 464//1312 463//1312 478//1312
f 471//1313 486//1313 487//1313
f 464//1314 479//1314 480//1314
f 473//485 472//485 487//485
f 465//486 480//486 481//486
f 474//1315 473//1315 488//1315
f 466//1316 481//1316 482//1316
f 474//1317 489//1317 490//1317
f 467//1318 482//1318 483//1318
f 476//1319 475//1319 490//1319
f 468//1320 483//1320 484//1320
f 481//1321 480//1321 495//1321
f 489//1322 488//1322 503//1322
f 482//1323 481//1323 496//1323
f 490//1324 489//1324 504//1324
f 482//1325 497//1325 498//1325
f 490//498 505//498 506//498
f 483//1326 498//1326 499//1326
f 484//1327 499//1327 500//1327
f 477//1328 492//1328 493//1328
f 486//1329 485//1329 500//1329
f 478//1330 493//1330 494//1330
f 486//1331 501//1331 502//1331
f 479//1332 494//1332 495//1332
f 487//1333 502//1333 503//1333
f 500//1334 499//1334 514//1334
f 492//1335 507//1335 508//1335
f 500//1336 515//1336 516//1336
f 494//512 493//512 508//512
f 501//1337 516//1337 517//1337
f 494//1338 509//1338 510//1338
f 503//1339 502//1339 517//1339
f 495//1340 510//1340 511//1340
f 504//1341 503//1341 518//1341
f 497//1342 496//1342 511//1342
f 504//935 519//935 520//935
f 498//1343 497//1343 512//1343
f 505//1344 520//1344 521//1344
f 498//522 513//522 514//522
f 518//1345 527//1345 528//1345
f 512//952 511//952 523//952
f 519//1346 528//1346 529//1346
f 513//1347 512//1347 53//1347
f 521//1348 520//1348 529//1348
f 513//1349 524//1349 54//1349
f 514//944 54//944 525//944
f 507//1350 50//1350 522//1350
f 515//946 525//946 526//946
f 508//1351 522//1351 51//1351
f 517//537 516//537 526//537
f 509//1352 51//1352 52//1352
f 518//950 517//950 55//950
f 510//1353 52//1353 523//1353
f 560//1382 570//1382 571//1382
f 1028//1383 556//1383 563//1383
f 1032//1006 1031//1006 571//1006
f 1028//1384 564//1384 565//1384
f 1032//42 572//42 573//42
f 557//1008 565//1008 566//1008
f 561//1385 573//1385 574//1385
f 558//1386 566//1386 567//1386
f 1033//1387 574//1387 575//1387
f 559//1388 1029//1388 567//1388
f 1034//1389 575//1389 576//1389
f 559//1001 568//1001 569//1001
f 1036//1390 1035//1390 576//1390
f 1030//1003 569//1003 570//1003
f 577//1391 576//1391 591//1391
f 570//53 569//53 584//53
f 570//56 585//56 586//56
f 563//1392 578//1392 579//1392
f 572//1393 571//1393 586//1393
f 564//1018 579//1018 580//1018
f 572//1394 587//1394 588//1394
f 565//1395 580//1395 581//1395
f 574//1396 573//1396 588//1396
f 566//1397 581//1397 582//1397
f 574//1011 589//1011 590//1011
f 567//1398 582//1398 583//1398
f 576//1399 575//1399 590//1399
f 568//1014 583//1014 584//1014
f 581//1400 580//1400 595//1400
f 589//1401 588//1401 603//1401
f 581//1402 596//1402 597//1402
f 589//1403 604//1403 605//1403
f 583//1404 582//1404 597//1404
f 590//1405 605//1405 606//1405
f 583//1406 598//1406 599//1406
f 592//1407 591//1407 606//1407
f 584//1408 599//1408 600//1408
f 586//1409 585//1409 600//1409
f 579//1410 578//1410 593//1410
f 587//66 586//66 601//66
f 580//1022 579//1022 594//1022
f 588//1411 587//1411 602//1411
f 599//1412 614//1412 615//1412
f 600//1413 615//1413 616//1413
f 593//1414 608//1414 609//1414
f 602//1415 601//1415 616//1415
f 595//1416 594//1416 609//1416
f 602//1417 617//1417 618//1417
f 596//1418 595//1418 610//1418
f 603//1419 618//1419 619//1419
f 597//1029 596//1029 611//1029
f 604//1420 619//1420 620//1420
f 598//1421 597//1421 612//1421
f 605//1422 620//1422 621//1422
f 598//1423 613//1423 614//1423
f 607//1033 606//1033 621//1033
f 618//101 633//101 634//101
f 611//1424 626//1424 627//1424
f 619//1425 634//1425 635//1425
f 612//1045 627//1045 628//1045
f 620//1426 635//1426 636//1426
f 613//1427 628//1427 629//1427
f 621//1428 636//1428 637//1428
f 614//1429 629//1429 630//1429
f 616//1430 615//1430 630//1430
f 609//1431 608//1431 623//1431
f 617//1432 616//1432 631//1432
f 610//1433 609//1433 624//1433
f 618//1434 617//1434 632//1434
f 610//1435 625//1435 626//1435
f 630//1436 645//1436 646//1436
f 623//1437 638//1437 639//1437
f 632//1438 631//1438 646//1438
f 625//1439 624//1439 639//1439
f 632//1440 647//1440 648//1440
f 626//1441 625//1441 640//1441
f 633//124 648//124 649//124
f 626//1442 641//1442 642//1442
f 634//1443 649//1443 650//1443
f 628//111 627//111 642//111
f 635//626 650//626 651//626
f 628//113 643//113 644//113
f 637//1444 636//1444 651//1444
f 629//115 644//115 645//115
f 641//132 656//132 657//132
f 650//1445 649//1445 664//1445
f 642//1071 657//1071 658//1071
f 651//1446 650//1446 665//1446
f 644//136 643//136 658//136
f 652//1073 651//1073 666//1073
f 644//1447 659//1447 660//1447
f 646//1063 645//1063 660//1063
f 638//1448 653//1448 654//1448
f 647//639 646//639 661//639
f 640//1449 639//1449 654//1449
f 647//1450 662//1450 663//1450
f 640//1451 655//1451 656//1451
f 649//1452 648//1452 663//1452
f 660//1453 675//1453 676//1453
f 654//1454 653//1454 668//1454
f 662//151 661//151 676//151
f 654//647 669//647 670//647
f 663//648 662//648 677//648
f 656//1455 655//1455 670//1455
f 664//1456 663//1456 678//1456
f 656//1457 671//1457 672//1457
f 665//1075 664//1075 679//1075
f 657//142 672//142 673//142
f 666//143 665//143 680//143
f 659//1458 658//1458 673//1458
f 666//1077 681//1077 682//1077
f 659//1078 674//1078 675//1078
f 679//1088 694//1088 695//1088
f 673//164 672//164 687//164
f 681//1459 680//1459 695//1459
f 674//1460 673//1460 688//1460
f 681//1461 696//1461 697//1461
f 675//1462 674//1462 689//1462
f 675//1463 690//1463 691//1463
f 669//1464 668//1464 683//1464
f 676//157 691//157 692//157
f 670//661 669//661 684//661
f 677//662 692//662 693//662
f 670//1465 685//1465 686//1465
f 679//664 678//664 693//664
f 671//1087 686//1087 687//1087
f 692//1466 691//1466 706//1466
f 684//1467 699//1467 700//1467
f 692//1101 707//1101 708//1101
f 686//1468 685//1468 700//1468
f 693//1469 708//1469 709//1469
f 686//186 701//186 702//186
f 694//1470 709//1470 710//1470
f 688//1471 687//1471 702//1471
f 695//1472 710//1472 711//1472
f 689//1094 688//1094 703//1094
f 697//1473 696//1473 711//1473
f 690//1474 689//1474 704//1474
f 690//1097 705//1097 706//1097
f 684//1475 683//1475 698//1475
f 711//1476 710//1476 725//1476
f 704//197 703//197 718//197
f 711//678 726//678 727//678
f 705//1477 704//1477 719//1477
f 705//1478 720//1478 721//1478
f 699//682 698//682 713//682
f 706//1479 721//1479 722//1479
f 699//1480 714//1480 715//1480
f 708//1481 707//1481 722//1481
f 700//1482 715//1482 716//1482
f 709//192 708//192 723//192
f 701//1483 716//1483 717//1483
f 710//1484 709//1484 724//1484
f 702//1485 717//1485 718//1485
f 715//1486 714//1486 729//1486
f 722//1487 737//1487 738//1487
f 715//1488 730//1488 731//1488
f 724//216 723//216 738//216
f 717//695 716//695 731//695
f 725//1489 724//1489 739//1489
f 718//219 717//219 732//219
f 725//1490 740//1490 741//1490
f 719//1491 718//1491 733//1491
f 727//1492 726//1492 741//1492
f 719//1120 734//1120 735//1120
f 720//1493 735//1493 736//1493
f 713//1494 728//1494 729//1494
f 721//1495 736//1495 737//1495
f 734//1496 733//1496 748//1496
f 742//1136 741//1136 756//1136
f 734//1497 749//1497 750//1497
f 735//1138 750//1138 751//1138
f 729//1498 728//1498 743//1498
f 736//1499 751//1499 752//1499
f 729//1500 744//1500 745//1500
f 738//1501 737//1501 752//1501
f 730//1502 745//1502 746//1502
f 738//1503 753//1503 754//1503
f 732//1504 731//1504 746//1504
f 740//1505 739//1505 754//1505
f 732//1506 747//1506 748//1506
f 741//1507 740//1507 755//1507
f 752//1147 767//1147 768//1147
f 745//1148 760//1148 761//1148
f 753//1508 768//1508 769//1508
f 746//1509 761//1509 762//1509
f 755//1510 754//1510 769//1510
f 747//723 762//723 763//723
f 755//1511 770//1511 771//1511
f 748//1512 763//1512 764//1512
f 757//1513 756//1513 771//1513
f 750//1514 749//1514 764//1514
f 751//1515 750//1515 765//1515
f 743//1516 758//1516 759//1516
f 751//243 766//243 767//243
f 744//1517 759//1517 760//1517
f 771//1518 786//1518 787//1518
f 764//733 779//733 780//733
f 766//264 765//264 780//264
f 759//1519 758//1519 773//1519
f 766//1520 781//1520 782//1520
f 759//1521 774//1521 775//1521
f 767//1522 782//1522 783//1522
f 760//1154 775//1154 776//1154
f 768//1523 783//1523 784//1523
f 761//1524 776//1524 777//1524
f 769//1525 784//1525 785//1525
f 762//1158 777//1158 778//1158
f 771//1159 770//1159 785//1159
f 764//1160 763//1160 778//1160
f 775//1526 790//1526 791//1526
f 783//1527 798//1527 799//1527
f 776//279 791//279 792//279
f 785//1528 784//1528 799//1528
f 777//1529 792//1529 793//1529
f 785//1530 800//1530 801//1530
f 779//1176 778//1176 793//1176
f 786//1531 801//1531 802//1531
f 779//269 794//269 795//269
f 781//1532 780//1532 795//1532
f 773//1533 788//1533 789//1533
f 781//1534 796//1534 797//1534
f 774//1535 789//1535 790//1535
f 782//1536 797//1536 798//1536
f 795//1537 794//1537 809//1537
f 795//295 810//295 811//295
f 788//1538 803//1538 804//1538
f 797//1539 796//1539 811//1539
f 789//1540 804//1540 805//1540
f 797//299 812//299 813//299
f 790//1187 805//1187 806//1187
f 798//762 813//762 814//762
f 792//286 791//286 806//286
f 799//1541 814//1541 815//1541
f 792//1542 807//1542 808//1542
f 800//1543 815//1543 816//1543
f 793//1182 808//1182 809//1182
f 801//1544 816//1544 817//1544
f 813//1545 828//1545 829//1545
f 806//1546 821//1546 822//1546
f 814//1194 829//1194 830//1194
f 808//1547 807//1547 822//1547
f 815//1548 830//1548 831//1548
f 808//1549 823//1549 824//1549
f 817//1550 816//1550 831//1550
f 810//1551 809//1551 824//1551
f 810//302 825//302 826//302
f 804//1552 803//1552 818//1552
f 812//1190 811//1190 826//1190
f 805//305 804//305 819//305
f 812//306 827//306 828//306
f 806//1192 805//1192 820//1192
f 825//1553 840//1553 841//1553
f 818//1554 833//1554 834//1554
f 827//1555 826//1555 841//1555
f 820//1556 819//1556 834//1556
f 827//1557 842//1557 843//1557
f 820//1558 835//1558 836//1558
f 828//1559 843//1559 844//1559
f 821//1207 836//1207 837//1207
f 829//1560 844//1560 845//1560
f 822//1561 837//1561 838//1561
f 830//1562 845//1562 846//1562
f 823//1563 838//1563 839//1563
f 831//1564 846//1564 847//1564
f 824//1201 839//1201 840//1201
f 844//1565 859//1565 860//1565
f 838//1566 837//1566 852//1566
f 845//1567 860//1567 861//1567
f 838//1568 853//1568 854//1568
f 846//1569 861//1569 862//1569
f 839//1220 854//1220 855//1220
f 841//1570 840//1570 855//1570
f 833//1571 848//1571 849//1571
f 842//1572 841//1572 856//1572
f 835//1573 834//1573 849//1573
f 842//1574 857//1574 858//1574
f 836//1575 835//1575 850//1575
f 843//1576 858//1576 859//1576
f 837//1577 836//1577 851//1577
f 849//1578 848//1578 863//1578
f 857//358 856//358 871//358
f 849//1579 864//1579 865//1579
f 857//1580 872//1580 873//1580
f 850//1228 865//1228 866//1228
f 859//362 858//362 873//362
f 851//806 866//806 867//806
f 859//1581 874//1581 875//1581
f 853//349 852//349 867//349
f 861//1222 860//1222 875//1222
f 853//1582 868//1582 869//1582
f 862//352 861//352 876//352
f 854//1583 869//1583 870//1583
f 855//1584 870//1584 871//1584
f 867//1585 882//1585 883//1585
f 875//815 890//815 891//815
f 868//1586 883//1586 884//1586
f 877//1587 876//1587 891//1587
f 869//376 884//376 885//376
f 870//820 885//820 886//820
f 863//1588 878//1588 879//1588
f 872//1589 871//1589 886//1589
f 865//1590 864//1590 879//1590
f 872//1591 887//1591 888//1591
f 866//1233 865//1233 880//1233
f 873//1592 888//1592 889//1592
f 867//1593 866//1593 881//1593
f 874//1594 889//1594 890//1594
f 886//1595 901//1595 902//1595
f 880//390 879//390 894//390
f 888//1249 887//1249 902//1249
f 880//1596 895//1596 896//1596
f 889//1597 888//1597 903//1597
f 881//394 896//394 897//394
f 890//1598 889//1598 904//1598
f 882//1599 897//1599 898//1599
f 890//836 905//836 906//836
f 883//1244 898//1244 899//1244
f 892//1600 891//1600 906//1600
f 884//1601 899//1601 900//1601
f 886//387 885//387 900//387
f 879//1602 878//1602 893//1602
f 905//1603 920//1603 921//1603
f 898//405 913//405 914//405
f 906//1604 921//1604 922//1604
f 899//1605 914//1605 915//1605
f 901//1262 900//1262 915//1262
f 894//1263 893//1263 908//1263
f 902//412 901//412 916//412
f 895//1606 894//1606 909//1606
f 902//398 917//398 918//398
f 895//1607 910//1607 911//1607
f 903//850 918//850 919//850
f 897//851 896//851 911//851
f 905//1608 904//1608 919//1608
f 897//1609 912//1609 913//1609
f 909//1610 924//1610 925//1610
f 917//854 932//854 933//854
f 911//1611 910//1611 925//1611
f 918//1612 933//1612 934//1612
f 912//1613 911//1613 926//1613
f 919//1614 934//1614 935//1614
f 913//1615 912//1615 927//1615
f 921//1616 920//1616 935//1616
f 914//413 913//413 928//413
f 922//1617 921//1617 936//1617
f 915//1618 914//1618 929//1618
f 915//1619 930//1619 931//1619
f 908//1267 923//1267 924//1267
f 916//420 931//420 932//420
f 929//1620 928//1620 943//1620
f 936//1621 951//1621 952//1621
f 930//1622 929//1622 944//1622
f 930//441 945//441 946//441
f 924//1623 923//1623 938//1623
f 931//1624 946//1624 947//1624
f 924//870 939//870 940//870
f 932//1625 947//1625 948//1625
f 926//1626 925//1626 940//1626
f 933//1627 948//1627 949//1627
f 927//432 926//432 941//432
f 934//1628 949//1628 950//1628
f 928//1629 927//1629 942//1629
f 936//1630 935//1630 950//1630
f 948//1631 947//1631 962//1631
f 940//1290 955//1290 956//1290
f 949//1632 948//1632 963//1632
f 941//1633 956//1633 957//1633
f 950//1634 949//1634 964//1634
f 942//1635 957//1635 958//1635
f 951//1636 950//1636 965//1636
f 944//1637 943//1637 958//1637
f 951//1638 966//1638 967//1638
f 944//446 959//446 960//446
f 946//888 945//888 960//888
f 939//1639 938//1639 953//1639
f 946//1640 961//1640 962//1640
f 939//1641 954//1641 955//1641
f 967//1642 966//1642 981//1642
f 959//468 974//468 975//468
f 960//1643 975//1643 976//1643
f 954//1644 953//1644 968//1644
f 961//1645 976//1645 977//1645
f 955//1646 954//1646 969//1646
f 963//1647 962//1647 977//1647
f 956//1648 955//1648 970//1648
f 964//1297 963//1297 978//1297
f 956//1649 971//1649 972//1649
f 964//1650 979//1650 980//1650
f 957//1299 972//1299 973//1299
f 965//1300 980//1300 981//1300
f 959//1301 958//1301 973//1301
f 979//1651 978//1651 993//1651
f 971//1652 986//1652 987//1652
f 979//1653 994//1653 995//1653
f 973//1654 972//1654 987//1654
f 981//1655 980//1655 995//1655
f 973//1656 988//1656 989//1656
f 981//1319 996//1319 997//1319
f 975//492 974//492 989//492
f 975//1657 990//1657 991//1657
f 968//1658 983//1658 984//1658
f 976//1311 991//1311 992//1311
f 969//1659 984//1659 985//1659
f 977//1660 992//1660 993//1660
f 971//1661 970//1661 985//1661
f 990//1662 1005//1662 1006//1662
f 984//1328 983//1328 998//1328
f 992//1663 991//1663 1006//1663
f 984//1664 999//1664 1000//1664
f 992//1665 1007//1665 1008//1665
f 985//1666 1000//1666 1001//1666
f 993//1667 1008//1667 1009//1667
f 987//1668 986//1668 1001//1668
f 995//1669 994//1669 1009//1669
f 988//1670 987//1670 1002//1670
f 995//1671 1010//1671 1011//1671
f 988//1672 1003//1672 1004//1672
f 996//1673 1011//1673 1012//1673
f 989//1674 1004//1674 1005//1674
f 1001//1675 1016//1675 1017//1675
f 1009//1676 1024//1676 1025//1676
f 1002//1677 1017//1677 1018//1677
f 1011//1678 1010//1678 1025//1678
f 1004//1679 1003//1679 1018//1679
f 1011//1680 1026//1680 1027//1680
f 1004//1681 1019//1681 1020//1681
f 1005//938 1020//938 1021//938
f 999//1682 998//1682 1013//1682
f 1006//1683 1021//1683 1022//1683
f 999//512 1014//512 1015//512
f 1008//1684 1007//1684 1022//1684
f 1000//1338 1015//1338 1016//1338
f 1008//1685 1023//1685 1024//1685
f 1020//533 560//533 1031//533
f 1013//1686 556//1686 1028//1686
f 1021//946 1031//946 1032//946
f 1014//1687 1028//1687 557//1687
f 1022//1688 1032//1688 561//1688
f 1015//1689 557//1689 558//1689
f 1023//950 561//950 1033//950
f 1016//540 558//540 1029//540
f 1024//1690 1033//1690 1034//1690
f 1017//526 1029//526 559//526
f 1025//1346 1034//1346 1035//1346
f 1019//1691 1018//1691 559//1691
f 1027//1692 1026//1692 1035//1692
f 1019//1693 1030//1693 560//1693
f 1110//28 1112//28 1111//28
f 1112//985 1116//985 1115//985
f 1116//25 1114//25 1113//25
f 1114//986 1110//986 1109//986
f 1115//14 1113//14 1109//14
f 1112//11 1110//11 1114//11
