# Blender 5.2.2 LTS
# www.blender.org
mtllib anemometer_ok.mtl
o anemometer_ok
v -8.900000 0.535000 5.800000
v -8.900000 0.535000 5.980000
v -8.907499 0.537010 5.800000
v -8.907499 0.537010 5.980000
v -8.912990 0.542500 5.800000
v -8.912990 0.542500 5.980000
v -8.915000 0.550000 5.800000
v -8.915000 0.550000 5.980000
v -8.912990 0.557500 5.800000
v -8.912990 0.557500 5.980000
v -8.907499 0.562990 5.800000
v -8.907499 0.562990 5.980000
v -8.900000 0.565000 5.800000
v -8.900000 0.565000 5.980000
v -8.892500 0.562990 5.800000
v -8.892500 0.562990 5.980000
v -8.887010 0.557500 5.800000
v -8.887010 0.557500 5.980000
v -8.884999 0.550000 5.800000
v -8.884999 0.550000 5.980000
v -8.887010 0.542500 5.800000
v -8.887010 0.542500 5.980000
v -8.892500 0.537010 5.800000
v -8.892500 0.537010 5.980000
v -8.900000 0.550000 5.986000
v -8.740000 0.550000 5.986000
v -8.900000 0.553000 5.985196
v -8.740000 0.553000 5.985196
v -8.900000 0.555196 5.983000
v -8.740000 0.555196 5.983000
v -8.900000 0.556000 5.980000
v -8.740000 0.556000 5.980000
v -8.900000 0.555196 5.977000
v -8.740000 0.555196 5.977000
v -8.900000 0.553000 5.974804
v -8.740000 0.553000 5.974804
v -8.900000 0.550000 5.974000
v -8.740000 0.550000 5.974000
v -8.900000 0.547000 5.974804
v -8.740000 0.547000 5.974804
v -8.900000 0.544804 5.977000
v -8.740000 0.544804 5.977000
v -8.900000 0.544000 5.980000
v -8.740000 0.544000 5.980000
v -8.900000 0.544804 5.983000
v -8.740000 0.544804 5.983000
v -8.900000 0.547000 5.985196
v -8.740000 0.547000 5.985196
v -8.740000 0.550000 6.020000
v -8.740000 0.557804 6.019231
v -8.740000 0.572223 6.013259
v -8.740000 0.578284 6.008284
v -8.740000 0.586955 5.995307
v -8.740000 0.590000 5.980000
v -8.740000 0.583259 5.957777
v -8.740000 0.550000 5.940000
v -8.738478 0.557654 6.019231
v -8.737014 0.565013 6.016955
v -8.735664 0.571796 6.013259
v -8.734482 0.577741 6.008284
v -8.733511 0.582620 6.002223
v -8.732790 0.586245 5.995307
v -8.732347 0.588478 5.987803
v -8.732196 0.589231 5.980000
v -8.732347 0.588478 5.972197
v -8.732790 0.586245 5.964693
v -8.733511 0.582620 5.957777
v -8.734482 0.577741 5.951716
v -8.735664 0.571796 5.946741
v -8.737014 0.565013 5.943045
v -8.738478 0.557654 5.940769
v -8.737014 0.557210 6.019231
v -8.734142 0.564142 6.016955
v -8.731496 0.570531 6.013259
v -8.729176 0.576131 6.008284
v -8.727272 0.580727 6.002223
v -8.725858 0.584142 5.995307
v -8.724987 0.586245 5.987803
v -8.724692 0.586955 5.980000
v -8.724987 0.586245 5.972197
v -8.725858 0.584142 5.964693
v -8.727272 0.580727 5.957777
v -8.729176 0.576131 5.951716
v -8.731496 0.570531 5.946741
v -8.734142 0.564142 5.943045
v -8.737014 0.557210 5.940769
v -8.735664 0.556488 6.019231
v -8.731496 0.562728 6.016955
v -8.727654 0.568478 6.013259
v -8.724286 0.573518 6.008284
v -8.721522 0.577654 6.002223
v -8.719468 0.580727 5.995307
v -8.718204 0.582620 5.987803
v -8.717777 0.583259 5.980000
v -8.718204 0.582620 5.972197
v -8.719468 0.580727 5.964693
v -8.721522 0.577654 5.957777
v -8.724286 0.573518 5.951716
v -8.727654 0.568478 5.946741
v -8.731496 0.562728 5.943045
v -8.735664 0.556488 5.940769
v -8.734482 0.555518 6.019231
v -8.729176 0.560824 6.016955
v -8.724286 0.565714 6.013259
v -8.719999 0.570000 6.008284
v -8.716482 0.573518 6.002223
v -8.713868 0.576131 5.995307
v -8.712259 0.577741 5.987803
v -8.711716 0.578284 5.980000
v -8.712259 0.577741 5.972197
v -8.713868 0.576131 5.964693
v -8.716482 0.573518 5.957777
v -8.719999 0.570000 5.951716
v -8.724286 0.565714 5.946741
v -8.729176 0.560824 5.943045
v -8.734482 0.555518 5.940769
v -8.733511 0.554335 6.019231
v -8.727272 0.558504 6.016955
v -8.721522 0.562346 6.013259
v -8.716482 0.565714 6.008284
v -8.712346 0.568478 6.002223
v -8.709272 0.570531 5.995307
v -8.707380 0.571796 5.987803
v -8.706741 0.572223 5.980000
v -8.707380 0.571796 5.972197
v -8.709272 0.570531 5.964693
v -8.712346 0.568478 5.957777
v -8.716482 0.565714 5.951716
v -8.721522 0.562346 5.946741
v -8.727272 0.558504 5.943045
v -8.733511 0.554335 5.940769
v -8.732790 0.552986 6.019231
v -8.725858 0.555858 6.016955
v -8.719468 0.558504 6.013259
v -8.713868 0.560824 6.008284
v -8.709272 0.562728 6.002223
v -8.705857 0.564142 5.995307
v -8.703754 0.565013 5.987803
v -8.703045 0.565307 5.980000
v -8.703754 0.565013 5.972197
v -8.705857 0.564142 5.964693
v -8.709272 0.562728 5.957777
v -8.713868 0.560824 5.951716
v -8.719468 0.558504 5.946741
v -8.725858 0.555858 5.943045
v -8.732790 0.552986 5.940769
v -8.732347 0.551522 6.019231
v -8.724987 0.552986 6.016955
v -8.718204 0.554335 6.013259
v -8.712259 0.555518 6.008284
v -8.707380 0.556488 6.002223
v -8.703754 0.557210 5.995307
v -8.701522 0.557654 5.987803
v -8.700768 0.557804 5.980000
v -8.701522 0.557654 5.972197
v -8.703754 0.557210 5.964693
v -8.707380 0.556488 5.957777
v -8.712259 0.555518 5.951716
v -8.718204 0.554335 5.946741
v -8.724987 0.552986 5.943045
v -8.732347 0.551522 5.940769
v -8.732196 0.550000 6.019231
v -8.724692 0.550000 6.016955
v -8.717777 0.550000 6.013259
v -8.711716 0.550000 6.008284
v -8.706741 0.550000 6.002223
v -8.703045 0.550000 5.995307
v -8.700768 0.550000 5.987803
v -8.700000 0.550000 5.980000
v -8.700768 0.550000 5.972197
v -8.703045 0.550000 5.964693
v -8.706741 0.550000 5.957777
v -8.711716 0.550000 5.951716
v -8.717777 0.550000 5.946741
v -8.724692 0.550000 5.943045
v -8.732196 0.550000 5.940769
v -8.732347 0.548478 6.019231
v -8.724987 0.547014 6.016955
v -8.718204 0.545665 6.013259
v -8.712259 0.544482 6.008284
v -8.707380 0.543512 6.002223
v -8.703754 0.542790 5.995307
v -8.701522 0.542346 5.987803
v -8.700768 0.542196 5.980000
v -8.701522 0.542346 5.972197
v -8.703754 0.542790 5.964693
v -8.707380 0.543512 5.957777
v -8.712259 0.544482 5.951716
v -8.718204 0.545665 5.946741
v -8.724987 0.547014 5.943045
v -8.732347 0.548478 5.940769
v -8.732790 0.547014 6.019231
v -8.725858 0.544142 6.016955
v -8.719468 0.541496 6.013259
v -8.713868 0.539176 6.008284
v -8.709272 0.537272 6.002223
v -8.705857 0.535858 5.995307
v -8.703754 0.534987 5.987803
v -8.703045 0.534693 5.980000
v -8.703754 0.534987 5.972197
v -8.705857 0.535858 5.964693
v -8.709272 0.537272 5.957777
v -8.713868 0.539176 5.951716
v -8.719468 0.541496 5.946741
v -8.725858 0.544142 5.943045
v -8.732790 0.547014 5.940769
v -8.733511 0.545665 6.019231
v -8.727272 0.541496 6.016955
v -8.721522 0.537654 6.013259
v -8.716482 0.534286 6.008284
v -8.712346 0.531522 6.002223
v -8.709272 0.529469 5.995307
v -8.707380 0.528204 5.987803
v -8.706741 0.527777 5.980000
v -8.707380 0.528204 5.972197
v -8.709272 0.529469 5.964693
v -8.712346 0.531522 5.957777
v -8.716482 0.534286 5.951716
v -8.721522 0.537654 5.946741
v -8.727272 0.541496 5.943045
v -8.733511 0.545665 5.940769
v -8.734482 0.544482 6.019231
v -8.729176 0.539176 6.016955
v -8.724286 0.534286 6.013259
v -8.719999 0.530000 6.008284
v -8.716482 0.526483 6.002223
v -8.713868 0.523869 5.995307
v -8.712259 0.522259 5.987803
v -8.711716 0.521716 5.980000
v -8.712259 0.522259 5.972197
v -8.713868 0.523869 5.964693
v -8.716482 0.526483 5.957777
v -8.719999 0.530000 5.951716
v -8.724286 0.534286 5.946741
v -8.729176 0.539176 5.943045
v -8.734482 0.544482 5.940769
v -8.735664 0.543512 6.019231
v -8.731496 0.537272 6.016955
v -8.727654 0.531522 6.013259
v -8.724286 0.526483 6.008284
v -8.721522 0.522346 6.002223
v -8.719468 0.519273 5.995307
v -8.718204 0.517380 5.987803
v -8.717777 0.516741 5.980000
v -8.718204 0.517380 5.972197
v -8.719468 0.519273 5.964693
v -8.721522 0.522346 5.957777
v -8.724286 0.526483 5.951716
v -8.727654 0.531522 5.946741
v -8.731496 0.537272 5.943045
v -8.735664 0.543512 5.940769
v -8.737014 0.542790 6.019231
v -8.734142 0.535858 6.016955
v -8.731496 0.529469 6.013259
v -8.729176 0.523869 6.008284
v -8.727272 0.519273 6.002223
v -8.725858 0.515858 5.995307
v -8.724987 0.513755 5.987803
v -8.724692 0.513045 5.980000
v -8.724987 0.513755 5.972197
v -8.725858 0.515858 5.964693
v -8.727272 0.519273 5.957777
v -8.729176 0.523869 5.951716
v -8.731496 0.529469 5.946741
v -8.734142 0.535858 5.943045
v -8.737014 0.542790 5.940769
v -8.738478 0.542346 6.019231
v -8.737014 0.534987 6.016955
v -8.735664 0.528204 6.013259
v -8.734482 0.522259 6.008284
v -8.733511 0.517380 6.002223
v -8.732790 0.513755 5.995307
v -8.732347 0.511522 5.987803
v -8.732196 0.510769 5.980000
v -8.732347 0.511522 5.972197
v -8.732790 0.513755 5.964693
v -8.733511 0.517380 5.957777
v -8.734482 0.522259 5.951716
v -8.735664 0.528204 5.946741
v -8.737014 0.534987 5.943045
v -8.738478 0.542346 5.940769
v -8.740000 0.542196 6.019231
v -8.740000 0.534693 6.016955
v -8.740000 0.527777 6.013259
v -8.740000 0.521716 6.008284
v -8.740000 0.516741 6.002223
v -8.740000 0.513045 5.995307
v -8.740000 0.510769 5.987803
v -8.740000 0.510000 5.980000
v -8.740000 0.510769 5.972197
v -8.740000 0.513045 5.964693
v -8.740000 0.516741 5.957777
v -8.740000 0.521716 5.951716
v -8.740000 0.527777 5.946741
v -8.740000 0.534693 5.943045
v -8.740000 0.542196 5.940769
v -8.741522 0.542346 6.019231
v -8.742986 0.534987 6.016955
v -8.744335 0.528204 6.013259
v -8.745518 0.522259 6.008284
v -8.746489 0.517380 6.002223
v -8.747210 0.513755 5.995307
v -8.747653 0.511522 5.987803
v -8.747804 0.510769 5.980000
v -8.747653 0.511522 5.972197
v -8.747210 0.513755 5.964693
v -8.746489 0.517380 5.957777
v -8.745518 0.522259 5.951716
v -8.744335 0.528204 5.946741
v -8.742986 0.534987 5.943045
v -8.741522 0.542346 5.940769
v -8.742986 0.542790 6.019231
v -8.745857 0.535858 6.016955
v -8.748504 0.529469 6.013259
v -8.750824 0.523869 6.008284
v -8.752728 0.519273 6.002223
v -8.754142 0.515858 5.995307
v -8.755013 0.513755 5.987803
v -8.755307 0.513045 5.980000
v -8.755013 0.513755 5.972197
v -8.754142 0.515858 5.964693
v -8.752728 0.519273 5.957777
v -8.750824 0.523869 5.951716
v -8.748504 0.529469 5.946741
v -8.745857 0.535858 5.943045
v -8.742986 0.542790 5.940769
v -8.744335 0.543512 6.019231
v -8.748504 0.537272 6.016955
v -8.752346 0.531522 6.013259
v -8.755713 0.526483 6.008284
v -8.758477 0.522346 6.002223
v -8.760531 0.519273 5.995307
v -8.761796 0.517380 5.987803
v -8.762222 0.516741 5.980000
v -8.761796 0.517380 5.972197
v -8.760531 0.519273 5.964693
v -8.758477 0.522346 5.957777
v -8.755713 0.526483 5.951716
v -8.752346 0.531522 5.946741
v -8.748504 0.537272 5.943045
v -8.744335 0.543512 5.940769
v -8.745518 0.544482 6.019231
v -8.750824 0.539176 6.016955
v -8.755713 0.534286 6.013259
v -8.760000 0.530000 6.008284
v -8.763517 0.526483 6.002223
v -8.766131 0.523869 5.995307
v -8.767740 0.522259 5.987803
v -8.768284 0.521716 5.980000
v -8.767740 0.522259 5.972197
v -8.766131 0.523869 5.964693
v -8.763517 0.526483 5.957777
v -8.760000 0.530000 5.951716
v -8.755713 0.534286 5.946741
v -8.750824 0.539176 5.943045
v -8.745518 0.544482 5.940769
v -8.746489 0.545665 6.019231
v -8.752728 0.541496 6.016955
v -8.758477 0.537654 6.013259
v -8.763517 0.534286 6.008284
v -8.767653 0.531522 6.002223
v -8.770727 0.529469 5.995307
v -8.772619 0.528204 5.987803
v -8.773258 0.527777 5.980000
v -8.772619 0.528204 5.972197
v -8.770727 0.529469 5.964693
v -8.767653 0.531522 5.957777
v -8.763517 0.534286 5.951716
v -8.758477 0.537654 5.946741
v -8.752728 0.541496 5.943045
v -8.746489 0.545665 5.940769
v -8.747210 0.547014 6.019231
v -8.754142 0.544142 6.016955
v -8.760531 0.541496 6.013259
v -8.766131 0.539176 6.008284
v -8.770727 0.537272 6.002223
v -8.774142 0.535858 5.995307
v -8.776245 0.534987 5.987803
v -8.776955 0.534693 5.980000
v -8.776245 0.534987 5.972197
v -8.774142 0.535858 5.964693
v -8.770727 0.537272 5.957777
v -8.766131 0.539176 5.951716
v -8.760531 0.541496 5.946741
v -8.754142 0.544142 5.943045
v -8.747210 0.547014 5.940769
v -8.747653 0.548478 6.019231
v -8.755013 0.547014 6.016955
v -8.761796 0.545665 6.013259
v -8.767740 0.544482 6.008284
v -8.772619 0.543512 6.002223
v -8.776245 0.542790 5.995307
v -8.778478 0.542346 5.987803
v -8.779231 0.542196 5.980000
v -8.778478 0.542346 5.972197
v -8.776245 0.542790 5.964693
v -8.772619 0.543512 5.957777
v -8.767740 0.544482 5.951716
v -8.761796 0.545665 5.946741
v -8.755013 0.547014 5.943045
v -8.747653 0.548478 5.940769
v -8.747804 0.550000 6.019231
v -8.755307 0.550000 6.016955
v -8.762222 0.550000 6.013259
v -8.768284 0.550000 6.008284
v -8.773258 0.550000 6.002223
v -8.776955 0.550000 5.995307
v -8.779231 0.550000 5.987803
v -8.780000 0.550000 5.980000
v -8.779231 0.550000 5.972197
v -8.776955 0.550000 5.964693
v -8.773258 0.550000 5.957777
v -8.768284 0.550000 5.951716
v -8.762222 0.550000 5.946741
v -8.755307 0.550000 5.943045
v -8.747804 0.550000 5.940769
v -8.747653 0.551522 6.019231
v -8.755013 0.552986 6.016955
v -8.761796 0.554335 6.013259
v -8.767740 0.555518 6.008284
v -8.772619 0.556488 6.002223
v -8.776245 0.557210 5.995307
v -8.778478 0.557654 5.987803
v -8.779231 0.557804 5.980000
v -8.778478 0.557654 5.972197
v -8.776245 0.557210 5.964693
v -8.772619 0.556488 5.957777
v -8.767740 0.555518 5.951716
v -8.761796 0.554335 5.946741
v -8.755013 0.552986 5.943045
v -8.747653 0.551522 5.940769
v -8.747210 0.552986 6.019231
v -8.754142 0.555858 6.016955
v -8.760531 0.558504 6.013259
v -8.766131 0.560824 6.008284
v -8.770727 0.562728 6.002223
v -8.774142 0.564142 5.995307
v -8.776245 0.565013 5.987803
v -8.776955 0.565307 5.980000
v -8.776245 0.565013 5.972197
v -8.774142 0.564142 5.964693
v -8.770727 0.562728 5.957777
v -8.766131 0.560824 5.951716
v -8.760531 0.558504 5.946741
v -8.754142 0.555858 5.943045
v -8.747210 0.552986 5.940769
v -8.746489 0.554335 6.019231
v -8.752728 0.558504 6.016955
v -8.758477 0.562346 6.013259
v -8.763517 0.565714 6.008284
v -8.767653 0.568478 6.002223
v -8.770727 0.570531 5.995307
v -8.772619 0.571796 5.987803
v -8.773258 0.572223 5.980000
v -8.772619 0.571796 5.972197
v -8.770727 0.570531 5.964693
v -8.767653 0.568478 5.957777
v -8.763517 0.565714 5.951716
v -8.758477 0.562346 5.946741
v -8.752728 0.558504 5.943045
v -8.746489 0.554335 5.940769
v -8.745518 0.555518 6.019231
v -8.750824 0.560824 6.016955
v -8.755713 0.565714 6.013259
v -8.759999 0.570000 6.008284
v -8.763517 0.573518 6.002223
v -8.766131 0.576131 5.995307
v -8.767740 0.577741 5.987803
v -8.768284 0.578284 5.980000
v -8.767740 0.577741 5.972197
v -8.766131 0.576131 5.964693
v -8.763517 0.573518 5.957777
v -8.759999 0.570000 5.951716
v -8.755713 0.565714 5.946741
v -8.750824 0.560824 5.943045
v -8.745518 0.555518 5.940769
v -8.744335 0.556488 6.019231
v -8.748504 0.562728 6.016955
v -8.752346 0.568478 6.013259
v -8.755713 0.573518 6.008284
v -8.758477 0.577654 6.002223
v -8.760530 0.580727 5.995307
v -8.761796 0.582620 5.987803
v -8.762222 0.583259 5.980000
v -8.761796 0.582620 5.972197
v -8.760530 0.580727 5.964693
v -8.758477 0.577654 5.957777
v -8.755713 0.573518 5.951716
v -8.752346 0.568478 5.946741
v -8.748504 0.562728 5.943045
v -8.744335 0.556488 5.940769
v -8.742986 0.557210 6.019231
v -8.745857 0.564142 6.016955
v -8.748504 0.570531 6.013259
v -8.750824 0.576131 6.008284
v -8.752728 0.580727 6.002223
v -8.754142 0.584142 5.995307
v -8.755013 0.586245 5.987803
v -8.755307 0.586955 5.980000
v -8.755013 0.586245 5.972197
v -8.754142 0.584142 5.964693
v -8.752728 0.580727 5.957777
v -8.750824 0.576131 5.951716
v -8.748504 0.570531 5.946741
v -8.745857 0.564142 5.943045
v -8.742986 0.557210 5.940769
v -8.741522 0.557654 6.019231
v -8.742986 0.565013 6.016955
v -8.744335 0.571796 6.013259
v -8.745518 0.577741 6.008284
v -8.746489 0.582620 6.002223
v -8.747210 0.586245 5.995307
v -8.747653 0.588478 5.987803
v -8.747804 0.589231 5.980000
v -8.747653 0.588478 5.972197
v -8.747210 0.586245 5.964693
v -8.746489 0.582620 5.957777
v -8.745518 0.577741 5.951716
v -8.744335 0.571796 5.946741
v -8.742986 0.565013 5.943045
v -8.741522 0.557654 5.940769
v -8.740000 0.565307 6.016955
v -8.740000 0.583259 6.002223
v -8.740000 0.589231 5.987803
v -8.740000 0.589231 5.972197
v -8.740000 0.586955 5.964693
v -8.740000 0.578284 5.951716
v -8.740000 0.572223 5.946741
v -8.740000 0.565307 5.943045
v -8.740000 0.557804 5.940769
v -8.900000 0.550000 5.986000
v -8.980000 0.688564 5.986000
v -8.902597 0.548500 5.985196
v -8.982597 0.687064 5.985196
v -8.904500 0.547402 5.983000
v -8.984500 0.685966 5.983000
v -8.905196 0.547000 5.980000
v -8.985196 0.685564 5.980000
v -8.904500 0.547402 5.977000
v -8.984500 0.685966 5.977000
v -8.902597 0.548500 5.974804
v -8.982597 0.687064 5.974804
v -8.900000 0.550000 5.974000
v -8.980000 0.688564 5.974000
v -8.897402 0.551500 5.974804
v -8.977402 0.690064 5.974804
v -8.895499 0.552598 5.977000
v -8.975499 0.691162 5.977000
v -8.894803 0.553000 5.980000
v -8.974803 0.691564 5.980000
v -8.895499 0.552598 5.983000
v -8.975499 0.691162 5.983000
v -8.897402 0.551500 5.985196
v -8.977402 0.690064 5.985196
v -8.980000 0.688564 6.020000
v -8.980000 0.696368 6.019231
v -8.980000 0.710787 6.013259
v -8.980000 0.716848 6.008284
v -8.980000 0.725519 5.995307
v -8.980000 0.728564 5.980000
v -8.980000 0.721823 5.957777
v -8.980000 0.688564 5.940000
v -8.978477 0.696218 6.019231
v -8.977014 0.703577 6.016955
v -8.975664 0.710360 6.013259
v -8.974482 0.716305 6.008284
v -8.973511 0.721184 6.002223
v -8.972790 0.724809 5.995307
v -8.972346 0.727042 5.987803
v -8.972196 0.727795 5.980000
v -8.972346 0.727042 5.972197
v -8.972790 0.724809 5.964693
v -8.973511 0.721184 5.957777
v -8.974482 0.716305 5.951716
v -8.975664 0.710360 5.946741
v -8.977014 0.703577 5.943045
v -8.978477 0.696218 5.940769
v -8.977014 0.695774 6.019231
v -8.974142 0.702706 6.016955
v -8.971496 0.709095 6.013259
v -8.969175 0.714695 6.008284
v -8.967272 0.719291 6.002223
v -8.965858 0.722706 5.995307
v -8.964987 0.724809 5.987803
v -8.964692 0.725519 5.980000
v -8.964987 0.724809 5.972197
v -8.965858 0.722706 5.964693
v -8.967272 0.719291 5.957777
v -8.969175 0.714695 5.951716
v -8.971496 0.709095 5.946741
v -8.974142 0.702706 5.943045
v -8.977014 0.695774 5.940769
v -8.975664 0.695053 6.019231
v -8.971496 0.701292 6.016955
v -8.967653 0.707042 6.013259
v -8.964286 0.712082 6.008284
v -8.961522 0.716218 6.002223
v -8.959468 0.719291 5.995307
v -8.958203 0.721184 5.987803
v -8.957777 0.721823 5.980000
v -8.958203 0.721184 5.972197
v -8.959468 0.719291 5.964693
v -8.961522 0.716218 5.957777
v -8.964286 0.712082 5.951716
v -8.967653 0.707042 5.946741
v -8.971496 0.701292 5.943045
v -8.975664 0.695053 5.940769
v -8.974482 0.694082 6.019231
v -8.969175 0.699388 6.016955
v -8.964286 0.704278 6.013259
v -8.959999 0.708564 6.008284
v -8.956482 0.712082 6.002223
v -8.953868 0.714695 5.995307
v -8.952259 0.716305 5.987803
v -8.951715 0.716848 5.980000
v -8.952259 0.716305 5.972197
v -8.953868 0.714695 5.964693
v -8.956482 0.712082 5.957777
v -8.959999 0.708564 5.951716
v -8.964286 0.704278 5.946741
v -8.969175 0.699388 5.943045
v -8.974482 0.694082 5.940769
v -8.973511 0.692900 6.019231
v -8.967272 0.697068 6.016955
v -8.961522 0.700910 6.013259
v -8.956482 0.704278 6.008284
v -8.952346 0.707042 6.002223
v -8.949272 0.709095 5.995307
v -8.947380 0.710360 5.987803
v -8.946741 0.710787 5.980000
v -8.947380 0.710360 5.972197
v -8.949272 0.709095 5.964693
v -8.952346 0.707042 5.957777
v -8.956482 0.704278 5.951716
v -8.961522 0.700910 5.946741
v -8.967272 0.697068 5.943045
v -8.973511 0.692900 5.940769
v -8.972790 0.691550 6.019231
v -8.965858 0.694422 6.016955
v -8.959468 0.697068 6.013259
v -8.953868 0.699388 6.008284
v -8.949272 0.701292 6.002223
v -8.945857 0.702706 5.995307
v -8.943754 0.703577 5.987803
v -8.943045 0.703871 5.980000
v -8.943754 0.703577 5.972197
v -8.945857 0.702706 5.964693
v -8.949272 0.701292 5.957777
v -8.953868 0.699388 5.951716
v -8.959468 0.697068 5.946741
v -8.965858 0.694422 5.943045
v -8.972790 0.691550 5.940769
v -8.972346 0.690086 6.019231
v -8.964987 0.691550 6.016955
v -8.958203 0.692900 6.013259
v -8.952259 0.694082 6.008284
v -8.947380 0.695053 6.002223
v -8.943754 0.695774 5.995307
v -8.941522 0.696218 5.987803
v -8.940768 0.696368 5.980000
v -8.941522 0.696218 5.972197
v -8.943754 0.695774 5.964693
v -8.947380 0.695053 5.957777
v -8.952259 0.694082 5.951716
v -8.958203 0.692900 5.946741
v -8.964987 0.691550 5.943045
v -8.972346 0.690086 5.940769
v -8.972196 0.688564 6.019231
v -8.964692 0.688564 6.016955
v -8.957777 0.688564 6.013259
v -8.951715 0.688564 6.008284
v -8.946741 0.688564 6.002223
v -8.943045 0.688564 5.995307
v -8.940768 0.688564 5.987803
v -8.940000 0.688564 5.980000
v -8.940768 0.688564 5.972197
v -8.943045 0.688564 5.964693
v -8.946741 0.688564 5.957777
v -8.951715 0.688564 5.951716
v -8.957777 0.688564 5.946741
v -8.964692 0.688564 5.943045
v -8.972196 0.688564 5.940769
v -8.972346 0.687042 6.019231
v -8.964987 0.685578 6.016955
v -8.958203 0.684229 6.013259
v -8.952259 0.683046 6.008284
v -8.947380 0.682076 6.002223
v -8.943754 0.681354 5.995307
v -8.941522 0.680910 5.987803
v -8.940768 0.680760 5.980000
v -8.941522 0.680910 5.972197
v -8.943754 0.681354 5.964693
v -8.947380 0.682076 5.957777
v -8.952259 0.683046 5.951716
v -8.958203 0.684229 5.946741
v -8.964987 0.685578 5.943045
v -8.972346 0.687042 5.940769
v -8.972790 0.685578 6.019231
v -8.965858 0.682706 6.016955
v -8.959468 0.680060 6.013259
v -8.953868 0.677740 6.008284
v -8.949272 0.675837 6.002223
v -8.945857 0.674422 5.995307
v -8.943754 0.673551 5.987803
v -8.943045 0.673257 5.980000
v -8.943754 0.673551 5.972197
v -8.945857 0.674422 5.964693
v -8.949272 0.675837 5.957777
v -8.953868 0.677740 5.951716
v -8.959468 0.680060 5.946741
v -8.965858 0.682706 5.943045
v -8.972790 0.685578 5.940769
v -8.973511 0.684229 6.019231
v -8.967272 0.680060 6.016955
v -8.961522 0.676218 6.013259
v -8.956482 0.672850 6.008284
v -8.952346 0.670087 6.002223
v -8.949272 0.668033 5.995307
v -8.947380 0.666768 5.987803
v -8.946741 0.666341 5.980000
v -8.947380 0.666768 5.972197
v -8.949272 0.668033 5.964693
v -8.952346 0.670087 5.957777
v -8.956482 0.672850 5.951716
v -8.961522 0.676218 5.946741
v -8.967272 0.680060 5.943045
v -8.973511 0.684229 5.940769
v -8.974482 0.683046 6.019231
v -8.969175 0.677740 6.016955
v -8.964286 0.672850 6.013259
v -8.959999 0.668564 6.008284
v -8.956482 0.665047 6.002223
v -8.953868 0.662433 5.995307
v -8.952259 0.660823 5.987803
v -8.951715 0.660280 5.980000
v -8.952259 0.660823 5.972197
v -8.953868 0.662433 5.964693
v -8.956482 0.665047 5.957777
v -8.959999 0.668564 5.951716
v -8.964286 0.672850 5.946741
v -8.969175 0.677740 5.943045
v -8.974482 0.683046 5.940769
v -8.975664 0.682076 6.019231
v -8.971496 0.675837 6.016955
v -8.967653 0.670087 6.013259
v -8.964286 0.665047 6.008284
v -8.961522 0.660910 6.002223
v -8.959468 0.657837 5.995307
v -8.958203 0.655944 5.987803
v -8.957777 0.655305 5.980000
v -8.958203 0.655944 5.972197
v -8.959468 0.657837 5.964693
v -8.961522 0.660910 5.957777
v -8.964286 0.665047 5.951716
v -8.967653 0.670087 5.946741
v -8.971496 0.675837 5.943045
v -8.975664 0.682076 5.940769
v -8.977014 0.681354 6.019231
v -8.974142 0.674422 6.016955
v -8.971496 0.668033 6.013259
v -8.969175 0.662433 6.008284
v -8.967272 0.657837 6.002223
v -8.965858 0.654422 5.995307
v -8.964987 0.652319 5.987803
v -8.964692 0.651609 5.980000
v -8.964987 0.652319 5.972197
v -8.965858 0.654422 5.964693
v -8.967272 0.657837 5.957777
v -8.969175 0.662433 5.951716
v -8.971496 0.668033 5.946741
v -8.974142 0.674422 5.943045
v -8.977014 0.681354 5.940769
v -8.978477 0.680910 6.019231
v -8.977014 0.673551 6.016955
v -8.975664 0.666768 6.013259
v -8.974482 0.660823 6.008284
v -8.973511 0.655944 6.002223
v -8.972790 0.652319 5.995307
v -8.972346 0.650086 5.987803
v -8.972196 0.649333 5.980000
v -8.972346 0.650086 5.972197
v -8.972790 0.652319 5.964693
v -8.973511 0.655944 5.957777
v -8.974482 0.660823 5.951716
v -8.975664 0.666768 5.946741
v -8.977014 0.673551 5.943045
v -8.978477 0.680910 5.940769
v -8.980000 0.680760 6.019231
v -8.980000 0.673257 6.016955
v -8.980000 0.666341 6.013259
v -8.980000 0.660280 6.008284
v -8.980000 0.655305 6.002223
v -8.980000 0.651609 5.995307
v -8.980000 0.649333 5.987803
v -8.980000 0.648564 5.980000
v -8.980000 0.649333 5.972197
v -8.980000 0.651609 5.964693
v -8.980000 0.655305 5.957777
v -8.980000 0.660280 5.951716
v -8.980000 0.666341 5.946741
v -8.980000 0.673257 5.943045
v -8.980000 0.680760 5.940769
v -8.981522 0.680910 6.019231
v -8.982985 0.673551 6.016955
v -8.984335 0.666768 6.013259
v -8.985518 0.660823 6.008284
v -8.986488 0.655944 6.002223
v -8.987209 0.652319 5.995307
v -8.987653 0.650086 5.987803
v -8.987803 0.649333 5.980000
v -8.987653 0.650086 5.972197
v -8.987209 0.652319 5.964693
v -8.986488 0.655944 5.957777
v -8.985518 0.660823 5.951716
v -8.984335 0.666768 5.946741
v -8.982985 0.673551 5.943045
v -8.981522 0.680910 5.940769
v -8.982985 0.681354 6.019231
v -8.985857 0.674422 6.016955
v -8.988503 0.668033 6.013259
v -8.990824 0.662433 6.008284
v -8.992727 0.657837 6.002223
v -8.994142 0.654422 5.995307
v -8.995012 0.652319 5.987803
v -8.995307 0.651609 5.980000
v -8.995012 0.652319 5.972197
v -8.994142 0.654422 5.964693
v -8.992727 0.657837 5.957777
v -8.990824 0.662433 5.951716
v -8.988503 0.668033 5.946741
v -8.985857 0.674422 5.943045
v -8.982985 0.681354 5.940769
v -8.984335 0.682076 6.019231
v -8.988503 0.675837 6.016955
v -8.992346 0.670087 6.013259
v -8.995713 0.665047 6.008284
v -8.998477 0.660910 6.002223
v -9.000531 0.657837 5.995307
v -9.001796 0.655944 5.987803
v -9.002222 0.655305 5.980000
v -9.001796 0.655944 5.972197
v -9.000531 0.657837 5.964693
v -8.998477 0.660910 5.957777
v -8.995713 0.665047 5.951716
v -8.992346 0.670087 5.946741
v -8.988503 0.675837 5.943045
v -8.984335 0.682076 5.940769
v -8.985518 0.683046 6.019231
v -8.990824 0.677740 6.016955
v -8.995713 0.672850 6.013259
v -9.000000 0.668564 6.008284
v -9.003517 0.665047 6.002223
v -9.006131 0.662433 5.995307
v -9.007740 0.660823 5.987803
v -9.008284 0.660280 5.980000
v -9.007740 0.660823 5.972197
v -9.006131 0.662433 5.964693
v -9.003517 0.665047 5.957777
v -9.000000 0.668564 5.951716
v -8.995713 0.672850 5.946741
v -8.990824 0.677740 5.943045
v -8.985518 0.683046 5.940769
v -8.986488 0.684229 6.019231
v -8.992727 0.680060 6.016955
v -8.998477 0.676218 6.013259
v -9.003517 0.672850 6.008284
v -9.007653 0.670087 6.002223
v -9.010727 0.668033 5.995307
v -9.012619 0.666768 5.987803
v -9.013258 0.666341 5.980000
v -9.012619 0.666768 5.972197
v -9.010727 0.668033 5.964693
v -9.007653 0.670087 5.957777
v -9.003517 0.672850 5.951716
v -8.998477 0.676218 5.946741
v -8.992727 0.680060 5.943045
v -8.986488 0.684229 5.940769
v -8.987209 0.685578 6.019231
v -8.994142 0.682706 6.016955
v -9.000531 0.680060 6.013259
v -9.006131 0.677740 6.008284
v -9.010727 0.675837 6.002223
v -9.014142 0.674422 5.995307
v -9.016245 0.673551 5.987803
v -9.016954 0.673257 5.980000
v -9.016245 0.673551 5.972197
v -9.014142 0.674422 5.964693
v -9.010727 0.675837 5.957777
v -9.006131 0.677740 5.951716
v -9.000531 0.680060 5.946741
v -8.994142 0.682706 5.943045
v -8.987209 0.685578 5.940769
v -8.987653 0.687042 6.019231
v -8.995012 0.685578 6.016955
v -9.001796 0.684229 6.013259
v -9.007740 0.683046 6.008284
v -9.012619 0.682076 6.002223
v -9.016245 0.681354 5.995307
v -9.018477 0.680910 5.987803
v -9.019231 0.680760 5.980000
v -9.018477 0.680910 5.972197
v -9.016245 0.681354 5.964693
v -9.012619 0.682076 5.957777
v -9.007740 0.683046 5.951716
v -9.001796 0.684229 5.946741
v -8.995012 0.685578 5.943045
v -8.987653 0.687042 5.940769
v -8.987803 0.688564 6.019231
v -8.995307 0.688564 6.016955
v -9.002222 0.688564 6.013259
v -9.008284 0.688564 6.008284
v -9.013258 0.688564 6.002223
v -9.016954 0.688564 5.995307
v -9.019231 0.688564 5.987803
v -9.020000 0.688564 5.980000
v -9.019231 0.688564 5.972197
v -9.016954 0.688564 5.964693
v -9.013258 0.688564 5.957777
v -9.008284 0.688564 5.951716
v -9.002222 0.688564 5.946741
v -8.995307 0.688564 5.943045
v -8.987803 0.688564 5.940769
v -8.987653 0.690086 6.019231
v -8.995012 0.691550 6.016955
v -9.001796 0.692900 6.013259
v -9.007740 0.694082 6.008284
v -9.012619 0.695053 6.002223
v -9.016245 0.695774 5.995307
v -9.018477 0.696218 5.987803
v -9.019231 0.696368 5.980000
v -9.018477 0.696218 5.972197
v -9.016245 0.695774 5.964693
v -9.012619 0.695053 5.957777
v -9.007740 0.694082 5.951716
v -9.001796 0.692900 5.946741
v -8.995012 0.691550 5.943045
v -8.987653 0.690086 5.940769
v -8.987209 0.691550 6.019231
v -8.994142 0.694422 6.016955
v -9.000531 0.697068 6.013259
v -9.006131 0.699388 6.008284
v -9.010727 0.701292 6.002223
v -9.014142 0.702706 5.995307
v -9.016245 0.703577 5.987803
v -9.016954 0.703871 5.980000
v -9.016245 0.703577 5.972197
v -9.014142 0.702706 5.964693
v -9.010727 0.701292 5.957777
v -9.006131 0.699388 5.951716
v -9.000531 0.697068 5.946741
v -8.994142 0.694422 5.943045
v -8.987209 0.691550 5.940769
v -8.986488 0.692900 6.019231
v -8.992727 0.697068 6.016955
v -8.998477 0.700910 6.013259
v -9.003517 0.704278 6.008284
v -9.007653 0.707042 6.002223
v -9.010727 0.709095 5.995307
v -9.012619 0.710360 5.987803
v -9.013258 0.710787 5.980000
v -9.012619 0.710360 5.972197
v -9.010727 0.709095 5.964693
v -9.007653 0.707042 5.957777
v -9.003517 0.704278 5.951716
v -8.998477 0.700910 5.946741
v -8.992727 0.697068 5.943045
v -8.986488 0.692900 5.940769
v -8.985518 0.694082 6.019231
v -8.990824 0.699388 6.016955
v -8.995713 0.704278 6.013259
v -8.999999 0.708564 6.008284
v -9.003517 0.712082 6.002223
v -9.006131 0.714695 5.995307
v -9.007740 0.716305 5.987803
v -9.008284 0.716848 5.980000
v -9.007740 0.716305 5.972197
v -9.006131 0.714695 5.964693
v -9.003517 0.712082 5.957777
v -8.999999 0.708564 5.951716
v -8.995713 0.704278 5.946741
v -8.990824 0.699388 5.943045
v -8.985518 0.694082 5.940769
v -8.984335 0.695053 6.019231
v -8.988503 0.701292 6.016955
v -8.992346 0.707042 6.013259
v -8.995713 0.712082 6.008284
v -8.998477 0.716218 6.002223
v -9.000530 0.719291 5.995307
v -9.001796 0.721184 5.987803
v -9.002222 0.721823 5.980000
v -9.001796 0.721184 5.972197
v -9.000530 0.719291 5.964693
v -8.998477 0.716218 5.957777
v -8.995713 0.712082 5.951716
v -8.992346 0.707042 5.946741
v -8.988503 0.701292 5.943045
v -8.984335 0.695053 5.940769
v -8.982985 0.695774 6.019231
v -8.985857 0.702706 6.016955
v -8.988503 0.709095 6.013259
v -8.990824 0.714695 6.008284
v -8.992727 0.719291 6.002223
v -8.994142 0.722706 5.995307
v -8.995012 0.724809 5.987803
v -8.995307 0.725519 5.980000
v -8.995012 0.724809 5.972197
v -8.994142 0.722706 5.964693
v -8.992727 0.719291 5.957777
v -8.990824 0.714695 5.951716
v -8.988503 0.709095 5.946741
v -8.985857 0.702706 5.943045
v -8.982985 0.695774 5.940769
v -8.981522 0.696218 6.019231
v -8.982985 0.703577 6.016955
v -8.984335 0.710360 6.013259
v -8.985518 0.716305 6.008284
v -8.986488 0.721184 6.002223
v -8.987209 0.724809 5.995307
v -8.987653 0.727042 5.987803
v -8.987803 0.727795 5.980000
v -8.987653 0.727042 5.972197
v -8.987209 0.724809 5.964693
v -8.986488 0.721184 5.957777
v -8.985518 0.716305 5.951716
v -8.984335 0.710360 5.946741
v -8.982985 0.703577 5.943045
v -8.981522 0.696218 5.940769
v -8.980000 0.703871 6.016955
v -8.980000 0.721823 6.002223
v -8.980000 0.727795 5.987803
v -8.980000 0.727795 5.972197
v -8.980000 0.725519 5.964693
v -8.980000 0.716848 5.951716
v -8.980000 0.710787 5.946741
v -8.980000 0.703871 5.943045
v -8.980000 0.696368 5.940769
v -8.900000 0.550000 5.986000
v -8.980000 0.411436 5.986000
v -8.897402 0.548500 5.985196
v -8.977402 0.409936 5.985196
v -8.895499 0.547402 5.983000
v -8.975499 0.408838 5.983000
v -8.894803 0.547000 5.980000
v -8.974803 0.408436 5.980000
v -8.895499 0.547402 5.977000
v -8.975499 0.408838 5.977000
v -8.897402 0.548500 5.974804
v -8.977402 0.409936 5.974804
v -8.900000 0.550000 5.974000
v -8.980000 0.411436 5.974000
v -8.902597 0.551500 5.974804
v -8.982597 0.412936 5.974804
v -8.904500 0.552598 5.977000
v -8.984500 0.414034 5.977000
v -8.905196 0.553000 5.980000
v -8.985196 0.414436 5.980000
v -8.904500 0.552598 5.983000
v -8.984500 0.414034 5.983000
v -8.902597 0.551500 5.985196
v -8.982597 0.412936 5.985196
v -8.980000 0.411436 6.020000
v -8.980000 0.419240 6.019231
v -8.980000 0.433659 6.013259
v -8.980000 0.439720 6.008284
v -8.980000 0.448391 5.995307
v -8.980000 0.451436 5.980000
v -8.980000 0.444695 5.957777
v -8.980000 0.411436 5.940000
v -8.978477 0.419090 6.019231
v -8.977014 0.426449 6.016955
v -8.975664 0.433232 6.013259
v -8.974482 0.439177 6.008284
v -8.973511 0.444056 6.002223
v -8.972790 0.447681 5.995307
v -8.972346 0.449914 5.987803
v -8.972196 0.450667 5.980000
v -8.972346 0.449914 5.972197
v -8.972790 0.447681 5.964693
v -8.973511 0.444056 5.957777
v -8.974482 0.439177 5.951716
v -8.975664 0.433232 5.946741
v -8.977014 0.426449 5.943045
v -8.978477 0.419090 5.940769
v -8.977014 0.418646 6.019231
v -8.974142 0.425578 6.016955
v -8.971496 0.431967 6.013259
v -8.969175 0.437567 6.008284
v -8.967272 0.442163 6.002223
v -8.965858 0.445578 5.995307
v -8.964987 0.447681 5.987803
v -8.964692 0.448391 5.980000
v -8.964987 0.447681 5.972197
v -8.965858 0.445578 5.964693
v -8.967272 0.442163 5.957777
v -8.969175 0.437567 5.951716
v -8.971496 0.431967 5.946741
v -8.974142 0.425578 5.943045
v -8.977014 0.418646 5.940769
v -8.975664 0.417924 6.019231
v -8.971496 0.424164 6.016955
v -8.967653 0.429914 6.013259
v -8.964286 0.434953 6.008284
v -8.961522 0.439090 6.002223
v -8.959468 0.442163 5.995307
v -8.958203 0.444056 5.987803
v -8.957777 0.444695 5.980000
v -8.958203 0.444056 5.972197
v -8.959468 0.442163 5.964693
v -8.961522 0.439090 5.957777
v -8.964286 0.434953 5.951716
v -8.967653 0.429914 5.946741
v -8.971496 0.424164 5.943045
v -8.975664 0.417924 5.940769
v -8.974482 0.416954 6.019231
v -8.969175 0.422260 6.016955
v -8.964286 0.427150 6.013259
v -8.959999 0.431436 6.008284
v -8.956482 0.434953 6.002223
v -8.953868 0.437567 5.995307
v -8.952259 0.439177 5.987803
v -8.951715 0.439720 5.980000
v -8.952259 0.439177 5.972197
v -8.953868 0.437567 5.964693
v -8.956482 0.434953 5.957777
v -8.959999 0.431436 5.951716
v -8.964286 0.427150 5.946741
v -8.969175 0.422260 5.943045
v -8.974482 0.416954 5.940769
v -8.973511 0.415771 6.019231
v -8.967272 0.419940 6.016955
v -8.961522 0.423782 6.013259
v -8.956482 0.427150 6.008284
v -8.952346 0.429914 6.002223
v -8.949272 0.431967 5.995307
v -8.947380 0.433232 5.987803
v -8.946741 0.433659 5.980000
v -8.947380 0.433232 5.972197
v -8.949272 0.431967 5.964693
v -8.952346 0.429914 5.957777
v -8.956482 0.427150 5.951716
v -8.961522 0.423782 5.946741
v -8.967272 0.419940 5.943045
v -8.973511 0.415771 5.940769
v -8.972790 0.414422 6.019231
v -8.965858 0.417294 6.016955
v -8.959468 0.419940 6.013259
v -8.953868 0.422260 6.008284
v -8.949272 0.424164 6.002223
v -8.945857 0.425578 5.995307
v -8.943754 0.426449 5.987803
v -8.943045 0.426743 5.980000
v -8.943754 0.426449 5.972197
v -8.945857 0.425578 5.964693
v -8.949272 0.424164 5.957777
v -8.953868 0.422260 5.951716
v -8.959468 0.419940 5.946741
v -8.965858 0.417294 5.943045
v -8.972790 0.414422 5.940769
v -8.972346 0.412958 6.019231
v -8.964987 0.414422 6.016955
v -8.958203 0.415771 6.013259
v -8.952259 0.416954 6.008284
v -8.947380 0.417924 6.002223
v -8.943754 0.418646 5.995307
v -8.941522 0.419090 5.987803
v -8.940768 0.419240 5.980000
v -8.941522 0.419090 5.972197
v -8.943754 0.418646 5.964693
v -8.947380 0.417924 5.957777
v -8.952259 0.416954 5.951716
v -8.958203 0.415771 5.946741
v -8.964987 0.414422 5.943045
v -8.972346 0.412958 5.940769
v -8.972196 0.411436 6.019231
v -8.964692 0.411436 6.016955
v -8.957777 0.411436 6.013259
v -8.951715 0.411436 6.008284
v -8.946741 0.411436 6.002223
v -8.943045 0.411436 5.995307
v -8.940768 0.411436 5.987803
v -8.940000 0.411436 5.980000
v -8.940768 0.411436 5.972197
v -8.943045 0.411436 5.964693
v -8.946741 0.411436 5.957777
v -8.951715 0.411436 5.951716
v -8.957777 0.411436 5.946741
v -8.964692 0.411436 5.943045
v -8.972196 0.411436 5.940769
v -8.972346 0.409914 6.019231
v -8.964987 0.408450 6.016955
v -8.958203 0.407100 6.013259
v -8.952259 0.405918 6.008284
v -8.947380 0.404947 6.002223
v -8.943754 0.404226 5.995307
v -8.941522 0.403782 5.987803
v -8.940768 0.403632 5.980000
v -8.941522 0.403782 5.972197
v -8.943754 0.404226 5.964693
v -8.947380 0.404947 5.957777
v -8.952259 0.405918 5.951716
v -8.958203 0.407100 5.946741
v -8.964987 0.408450 5.943045
v -8.972346 0.409914 5.940769
v -8.972790 0.408450 6.019231
v -8.965858 0.405578 6.016955
v -8.959468 0.402932 6.013259
v -8.953868 0.400612 6.008284
v -8.949272 0.398708 6.002223
v -8.945857 0.397294 5.995307
v -8.943754 0.396423 5.987803
v -8.943045 0.396129 5.980000
v -8.943754 0.396423 5.972197
v -8.945857 0.397294 5.964693
v -8.949272 0.398708 5.957777
v -8.953868 0.400612 5.951716
v -8.959468 0.402932 5.946741
v -8.965858 0.405578 5.943045
v -8.972790 0.408450 5.940769
v -8.973511 0.407100 6.019231
v -8.967272 0.402932 6.016955
v -8.961522 0.399090 6.013259
v -8.956482 0.395722 6.008284
v -8.952346 0.392958 6.002223
v -8.949272 0.390905 5.995307
v -8.947380 0.389640 5.987803
v -8.946741 0.389213 5.980000
v -8.947380 0.389640 5.972197
v -8.949272 0.390905 5.964693
v -8.952346 0.392958 5.957777
v -8.956482 0.395722 5.951716
v -8.961522 0.399090 5.946741
v -8.967272 0.402932 5.943045
v -8.973511 0.407100 5.940769
v -8.974482 0.405918 6.019231
v -8.969175 0.400612 6.016955
v -8.964286 0.395722 6.013259
v -8.959999 0.391436 6.008284
v -8.956482 0.387918 6.002223
v -8.953868 0.385305 5.995307
v -8.952259 0.383695 5.987803
v -8.951715 0.383152 5.980000
v -8.952259 0.383695 5.972197
v -8.953868 0.385305 5.964693
v -8.956482 0.387918 5.957777
v -8.959999 0.391436 5.951716
v -8.964286 0.395722 5.946741
v -8.969175 0.400612 5.943045
v -8.974482 0.405918 5.940769
v -8.975664 0.404947 6.019231
v -8.971496 0.398708 6.016955
v -8.967653 0.392958 6.013259
v -8.964286 0.387918 6.008284
v -8.961522 0.383782 6.002223
v -8.959468 0.380709 5.995307
v -8.958203 0.378816 5.987803
v -8.957777 0.378177 5.980000
v -8.958203 0.378816 5.972197
v -8.959468 0.380709 5.964693
v -8.961522 0.383782 5.957777
v -8.964286 0.387918 5.951716
v -8.967653 0.392958 5.946741
v -8.971496 0.398708 5.943045
v -8.975664 0.404947 5.940769
v -8.977014 0.404226 6.019231
v -8.974142 0.397294 6.016955
v -8.971496 0.390905 6.013259
v -8.969175 0.385305 6.008284
v -8.967272 0.380709 6.002223
v -8.965858 0.377294 5.995307
v -8.964987 0.375191 5.987803
v -8.964692 0.374481 5.980000
v -8.964987 0.375191 5.972197
v -8.965858 0.377294 5.964693
v -8.967272 0.380709 5.957777
v -8.969175 0.385305 5.951716
v -8.971496 0.390905 5.946741
v -8.974142 0.397294 5.943045
v -8.977014 0.404226 5.940769
v -8.978477 0.403782 6.019231
v -8.977014 0.396423 6.016955
v -8.975664 0.389640 6.013259
v -8.974482 0.383695 6.008284
v -8.973511 0.378816 6.002223
v -8.972790 0.375191 5.995307
v -8.972346 0.372958 5.987803
v -8.972196 0.372205 5.980000
v -8.972346 0.372958 5.972197
v -8.972790 0.375191 5.964693
v -8.973511 0.378816 5.957777
v -8.974482 0.383695 5.951716
v -8.975664 0.389640 5.946741
v -8.977014 0.396423 5.943045
v -8.978477 0.403782 5.940769
v -8.980000 0.403632 6.019231
v -8.980000 0.396129 6.016955
v -8.980000 0.389213 6.013259
v -8.980000 0.383152 6.008284
v -8.980000 0.378177 6.002223
v -8.980000 0.374481 5.995307
v -8.980000 0.372205 5.987803
v -8.980000 0.371436 5.980000
v -8.980000 0.372205 5.972197
v -8.980000 0.374481 5.964693
v -8.980000 0.378177 5.957777
v -8.980000 0.383152 5.951716
v -8.980000 0.389213 5.946741
v -8.980000 0.396129 5.943045
v -8.980000 0.403632 5.940769
v -8.981522 0.403782 6.019231
v -8.982985 0.396423 6.016955
v -8.984335 0.389640 6.013259
v -8.985518 0.383695 6.008284
v -8.986488 0.378816 6.002223
v -8.987209 0.375191 5.995307
v -8.987653 0.372958 5.987803
v -8.987803 0.372205 5.980000
v -8.987653 0.372958 5.972197
v -8.987209 0.375191 5.964693
v -8.986488 0.378816 5.957777
v -8.985518 0.383695 5.951716
v -8.984335 0.389640 5.946741
v -8.982985 0.396423 5.943045
v -8.981522 0.403782 5.940769
v -8.982985 0.404226 6.019231
v -8.985857 0.397294 6.016955
v -8.988503 0.390905 6.013259
v -8.990824 0.385305 6.008284
v -8.992727 0.380709 6.002223
v -8.994142 0.377294 5.995307
v -8.995012 0.375191 5.987803
v -8.995307 0.374481 5.980000
v -8.995012 0.375191 5.972197
v -8.994142 0.377294 5.964693
v -8.992727 0.380709 5.957777
v -8.990824 0.385305 5.951716
v -8.988503 0.390905 5.946741
v -8.985857 0.397294 5.943045
v -8.982985 0.404226 5.940769
v -8.984335 0.404947 6.019231
v -8.988503 0.398708 6.016955
v -8.992346 0.392958 6.013259
v -8.995713 0.387918 6.008284
v -8.998477 0.383782 6.002223
v -9.000531 0.380709 5.995307
v -9.001796 0.378816 5.987803
v -9.002222 0.378177 5.980000
v -9.001796 0.378816 5.972197
v -9.000531 0.380709 5.964693
v -8.998477 0.383782 5.957777
v -8.995713 0.387918 5.951716
v -8.992346 0.392958 5.946741
v -8.988503 0.398708 5.943045
v -8.984335 0.404947 5.940769
v -8.985518 0.405918 6.019231
v -8.990824 0.400612 6.016955
v -8.995713 0.395722 6.013259
v -9.000000 0.391436 6.008284
v -9.003517 0.387918 6.002223
v -9.006131 0.385305 5.995307
v -9.007740 0.383695 5.987803
v -9.008284 0.383152 5.980000
v -9.007740 0.383695 5.972197
v -9.006131 0.385305 5.964693
v -9.003517 0.387918 5.957777
v -9.000000 0.391436 5.951716
v -8.995713 0.395722 5.946741
v -8.990824 0.400612 5.943045
v -8.985518 0.405918 5.940769
v -8.986488 0.407100 6.019231
v -8.992727 0.402932 6.016955
v -8.998477 0.399090 6.013259
v -9.003517 0.395722 6.008284
v -9.007653 0.392958 6.002223
v -9.010727 0.390905 5.995307
v -9.012619 0.389640 5.987803
v -9.013258 0.389213 5.980000
v -9.012619 0.389640 5.972197
v -9.010727 0.390905 5.964693
v -9.007653 0.392958 5.957777
v -9.003517 0.395722 5.951716
v -8.998477 0.399090 5.946741
v -8.992727 0.402932 5.943045
v -8.986488 0.407100 5.940769
v -8.987209 0.408450 6.019231
v -8.994142 0.405578 6.016955
v -9.000531 0.402932 6.013259
v -9.006131 0.400612 6.008284
v -9.010727 0.398708 6.002223
v -9.014142 0.397294 5.995307
v -9.016245 0.396423 5.987803
v -9.016954 0.396129 5.980000
v -9.016245 0.396423 5.972197
v -9.014142 0.397294 5.964693
v -9.010727 0.398708 5.957777
v -9.006131 0.400612 5.951716
v -9.000531 0.402932 5.946741
v -8.994142 0.405578 5.943045
v -8.987209 0.408450 5.940769
v -8.987653 0.409914 6.019231
v -8.995012 0.408450 6.016955
v -9.001796 0.407100 6.013259
v -9.007740 0.405918 6.008284
v -9.012619 0.404947 6.002223
v -9.016245 0.404226 5.995307
v -9.018477 0.403782 5.987803
v -9.019231 0.403632 5.980000
v -9.018477 0.403782 5.972197
v -9.016245 0.404226 5.964693
v -9.012619 0.404947 5.957777
v -9.007740 0.405918 5.951716
v -9.001796 0.407100 5.946741
v -8.995012 0.408450 5.943045
v -8.987653 0.409914 5.940769
v -8.987803 0.411436 6.019231
v -8.995307 0.411436 6.016955
v -9.002222 0.411436 6.013259
v -9.008284 0.411436 6.008284
v -9.013258 0.411436 6.002223
v -9.016954 0.411436 5.995307
v -9.019231 0.411436 5.987803
v -9.020000 0.411436 5.980000
v -9.019231 0.411436 5.972197
v -9.016954 0.411436 5.964693
v -9.013258 0.411436 5.957777
v -9.008284 0.411436 5.951716
v -9.002222 0.411436 5.946741
v -8.995307 0.411436 5.943045
v -8.987803 0.411436 5.940769
v -8.987653 0.412958 6.019231
v -8.995012 0.414422 6.016955
v -9.001796 0.415771 6.013259
v -9.007740 0.416954 6.008284
v -9.012619 0.417924 6.002223
v -9.016245 0.418646 5.995307
v -9.018477 0.419090 5.987803
v -9.019231 0.419240 5.980000
v -9.018477 0.419090 5.972197
v -9.016245 0.418646 5.964693
v -9.012619 0.417924 5.957777
v -9.007740 0.416954 5.951716
v -9.001796 0.415771 5.946741
v -8.995012 0.414422 5.943045
v -8.987653 0.412958 5.940769
v -8.987209 0.414422 6.019231
v -8.994142 0.417294 6.016955
v -9.000531 0.419940 6.013259
v -9.006131 0.422260 6.008284
v -9.010727 0.424164 6.002223
v -9.014142 0.425578 5.995307
v -9.016245 0.426449 5.987803
v -9.016954 0.426743 5.980000
v -9.016245 0.426449 5.972197
v -9.014142 0.425578 5.964693
v -9.010727 0.424164 5.957777
v -9.006131 0.422260 5.951716
v -9.000531 0.419940 5.946741
v -8.994142 0.417294 5.943045
v -8.987209 0.414422 5.940769
v -8.986488 0.415771 6.019231
v -8.992727 0.419940 6.016955
v -8.998477 0.423782 6.013259
v -9.003517 0.427150 6.008284
v -9.007653 0.429914 6.002223
v -9.010727 0.431967 5.995307
v -9.012619 0.433232 5.987803
v -9.013258 0.433659 5.980000
v -9.012619 0.433232 5.972197
v -9.010727 0.431967 5.964693
v -9.007653 0.429914 5.957777
v -9.003517 0.427150 5.951716
v -8.998477 0.423782 5.946741
v -8.992727 0.419940 5.943045
v -8.986488 0.415771 5.940769
v -8.985518 0.416954 6.019231
v -8.990824 0.422260 6.016955
v -8.995713 0.427150 6.013259
v -8.999999 0.431436 6.008284
v -9.003517 0.434953 6.002223
v -9.006131 0.437567 5.995307
v -9.007740 0.439177 5.987803
v -9.008284 0.439720 5.980000
v -9.007740 0.439177 5.972197
v -9.006131 0.437567 5.964693
v -9.003517 0.434953 5.957777
v -8.999999 0.431436 5.951716
v -8.995713 0.427150 5.946741
v -8.990824 0.422260 5.943045
v -8.985518 0.416954 5.940769
v -8.984335 0.417924 6.019231
v -8.988503 0.424164 6.016955
v -8.992346 0.429914 6.013259
v -8.995713 0.434953 6.008284
v -8.998477 0.439090 6.002223
v -9.000530 0.442163 5.995307
v -9.001796 0.444056 5.987803
v -9.002222 0.444695 5.980000
v -9.001796 0.444056 5.972197
v -9.000530 0.442163 5.964693
v -8.998477 0.439090 5.957777
v -8.995713 0.434953 5.951716
v -8.992346 0.429914 5.946741
v -8.988503 0.424164 5.943045
v -8.984335 0.417924 5.940769
v -8.982985 0.418646 6.019231
v -8.985857 0.425578 6.016955
v -8.988503 0.431967 6.013259
v -8.990824 0.437567 6.008284
v -8.992727 0.442163 6.002223
v -8.994142 0.445578 5.995307
v -8.995012 0.447681 5.987803
v -8.995307 0.448391 5.980000
v -8.995012 0.447681 5.972197
v -8.994142 0.445578 5.964693
v -8.992727 0.442163 5.957777
v -8.990824 0.437567 5.951716
v -8.988503 0.431967 5.946741
v -8.985857 0.425578 5.943045
v -8.982985 0.418646 5.940769
v -8.981522 0.419090 6.019231
v -8.982985 0.426449 6.016955
v -8.984335 0.433232 6.013259
v -8.985518 0.439177 6.008284
v -8.986488 0.444056 6.002223
v -8.987209 0.447681 5.995307
v -8.987653 0.449914 5.987803
v -8.987803 0.450667 5.980000
v -8.987653 0.449914 5.972197
v -8.987209 0.447681 5.964693
v -8.986488 0.444056 5.957777
v -8.985518 0.439177 5.951716
v -8.984335 0.433232 5.946741
v -8.982985 0.426449 5.943045
v -8.981522 0.419090 5.940769
v -8.980000 0.426743 6.016955
v -8.980000 0.444695 6.002223
v -8.980000 0.450667 5.987803
v -8.980000 0.450667 5.972197
v -8.980000 0.448391 5.964693
v -8.980000 0.439720 5.951716
v -8.980000 0.433659 5.946741
v -8.980000 0.426743 5.943045
v -8.980000 0.419240 5.940769
v -8.900000 -0.562000 5.800000
v -8.900000 -0.562000 5.920000
v -8.905999 -0.560392 5.800000
v -8.905999 -0.560392 5.920000
v -8.910392 -0.556000 5.800000
v -8.910392 -0.556000 5.920000
v -8.912000 -0.550000 5.800000
v -8.912000 -0.550000 5.920000
v -8.910392 -0.544000 5.800000
v -8.910392 -0.544000 5.920000
v -8.905999 -0.539608 5.800000
v -8.905999 -0.539608 5.920000
v -8.900000 -0.538000 5.800000
v -8.900000 -0.538000 5.920000
v -8.894000 -0.539608 5.800000
v -8.894000 -0.539608 5.920000
v -8.889607 -0.544000 5.800000
v -8.889607 -0.544000 5.920000
v -8.888000 -0.550000 5.800000
v -8.888000 -0.550000 5.920000
v -8.889607 -0.556000 5.800000
v -8.889607 -0.556000 5.920000
v -8.894000 -0.560392 5.800000
v -8.894000 -0.560392 5.920000
v -8.780001 -0.550000 5.928000
v -9.150000 -0.550000 5.928000
v -8.780001 -0.554000 5.926928
v -9.150000 -0.554000 5.926929
v -8.780001 -0.556928 5.924000
v -9.150000 -0.556928 5.924000
v -8.780001 -0.558000 5.920000
v -9.150000 -0.558000 5.920000
v -8.780001 -0.556928 5.916000
v -9.150000 -0.556928 5.916000
v -8.780001 -0.554000 5.913072
v -9.150000 -0.554000 5.913072
v -8.780001 -0.550000 5.912000
v -9.150000 -0.550000 5.912000
v -8.780001 -0.546000 5.913072
v -9.150000 -0.546000 5.913072
v -8.780001 -0.543072 5.916000
v -9.150000 -0.543072 5.916000
v -8.780001 -0.542000 5.920000
v -9.150000 -0.542000 5.920000
v -8.780001 -0.543072 5.924000
v -9.150000 -0.543072 5.924000
v -8.780001 -0.546000 5.926928
v -9.150000 -0.546000 5.926929
v -9.200000 -0.554000 5.860000
v -9.200000 -0.554000 6.000000
v -9.200000 -0.546000 5.860000
v -9.200000 -0.546000 6.000000
v -9.040000 -0.554000 5.860000
v -9.040000 -0.554000 6.000000
v -9.040000 -0.546000 5.860000
v -9.040000 -0.546000 6.000000
vn -0.2588 -0.9659 -0.0000
vn -0.7071 -0.7071 -0.0000
vn -0.9659 -0.2589 -0.0000
vn -0.9659 0.2589 -0.0000
vn -0.7071 0.7071 -0.0000
vn -0.2588 0.9659 -0.0000
vn 0.2588 0.9659 -0.0000
vn 0.7072 0.7070 -0.0000
vn 0.9659 0.2589 -0.0000
vn 0.9659 -0.2589 -0.0000
vn -0.0000 -0.0000 1.0000
vn 0.7070 -0.7072 -0.0000
vn 0.2588 -0.9659 -0.0000
vn -0.0000 -0.0000 -1.0000
vn -0.0000 0.2588 0.9659
vn -0.0000 0.7071 0.7071
vn -0.0000 0.9659 0.2588
vn -0.0000 0.9659 -0.2588
vn -0.0000 0.7071 -0.7071
vn -0.0000 0.2589 -0.9659
vn -0.0000 -0.2589 -0.9659
vn -0.0000 -0.7071 -0.7071
vn -0.0000 -0.9659 -0.2588
vn -0.0000 -0.9659 0.2588
vn 1.0000 -0.0000 -0.0000
vn -0.0000 -0.7071 0.7071
vn -0.0000 -0.2588 0.9659
vn -1.0000 -0.0000 -0.0000
vn 0.0625 0.6331 0.7715
vn 0.0760 0.7708 -0.6326
vn 0.0759 0.7708 0.6326
vn 0.0623 0.6331 -0.7716
vn 0.0865 0.8786 0.4696
vn 0.0465 0.4710 -0.8809
vn 0.0939 0.9527 0.2891
vn 0.0283 0.2902 -0.9566
vn 0.0976 0.9904 0.0975
vn 0.0094 0.0980 0.9951
vn 0.0097 0.0980 -0.9951
vn 0.0976 0.9904 -0.0976
vn 0.0286 0.2902 0.9565
vn 0.0938 0.9527 -0.2890
vn 0.0462 0.4709 0.8810
vn 0.0865 0.8786 -0.4696
vn 0.1373 0.4528 0.8810
vn 0.2563 0.8449 -0.4696
vn 0.1847 0.6088 0.7715
vn 0.2247 0.7412 -0.6326
vn 0.2249 0.7411 0.6326
vn 0.1848 0.6089 -0.7714
vn 0.2563 0.8448 0.4697
vn 0.1376 0.4529 -0.8809
vn 0.2778 0.9162 0.2889
vn 0.0845 0.2789 -0.9566
vn 0.2889 0.9524 0.0976
vn 0.0293 0.0943 0.9951
vn 0.0285 0.0943 -0.9951
vn 0.2889 0.9524 -0.0976
vn 0.0846 0.2788 0.9566
vn 0.2779 0.9161 -0.2890
vn 0.4512 0.8443 0.2890
vn 0.1374 0.2573 -0.9565
vn 0.4691 0.8777 0.0976
vn 0.0462 0.0868 0.9952
vn 0.0466 0.0868 -0.9951
vn 0.4690 0.8778 -0.0976
vn 0.1374 0.2573 0.9565
vn 0.4513 0.8443 -0.2890
vn 0.2231 0.4174 0.8809
vn 0.4163 0.7786 -0.4697
vn 0.3000 0.5610 0.7716
vn 0.3651 0.6830 -0.6326
vn 0.3652 0.6830 0.6326
vn 0.2998 0.5610 -0.7716
vn 0.4162 0.7786 0.4696
vn 0.2230 0.4173 -0.8810
vn 0.5602 0.6824 -0.4696
vn 0.4036 0.4918 0.7715
vn 0.4912 0.5988 -0.6326
vn 0.4914 0.5987 0.6326
vn 0.4036 0.4918 -0.7715
vn 0.5600 0.6825 0.4697
vn 0.3002 0.3655 -0.8811
vn 0.6074 0.7400 0.2890
vn 0.1850 0.2252 -0.9566
vn 0.6315 0.7692 0.0975
vn 0.0624 0.0761 0.9951
vn 0.0621 0.0761 -0.9952
vn 0.6312 0.7694 -0.0975
vn 0.1851 0.2253 0.9566
vn 0.6074 0.7400 -0.2889
vn 0.3002 0.3658 0.8809
vn 0.2255 0.1850 -0.9565
vn 0.7693 0.6314 0.0976
vn 0.0761 0.0626 0.9951
vn 0.0765 0.0626 -0.9951
vn 0.7693 0.6314 -0.0975
vn 0.2253 0.1849 0.9566
vn 0.7401 0.6073 -0.2890
vn 0.3659 0.3001 0.8809
vn 0.6824 0.5601 -0.4696
vn 0.4919 0.4037 0.7714
vn 0.5987 0.4913 -0.6326
vn 0.5988 0.4912 0.6326
vn 0.4917 0.4039 -0.7714
vn 0.6824 0.5602 0.4696
vn 0.3657 0.3001 -0.8810
vn 0.7401 0.6073 0.2889
vn 0.5612 0.3000 0.7714
vn 0.6830 0.3651 -0.6326
vn 0.6830 0.3652 0.6325
vn 0.5611 0.2997 -0.7716
vn 0.7785 0.4163 0.4696
vn 0.4172 0.2231 -0.8810
vn 0.8442 0.4514 0.2890
vn 0.2571 0.1373 -0.9566
vn 0.8777 0.4692 0.0975
vn 0.0871 0.0464 0.9951
vn 0.0866 0.0464 -0.9952
vn 0.8778 0.4691 -0.0975
vn 0.2572 0.1373 0.9566
vn 0.8443 0.4513 -0.2889
vn 0.4173 0.2231 0.8810
vn 0.7785 0.4163 -0.4696
vn 0.9523 0.2891 0.0975
vn 0.0942 0.0285 0.9951
vn 0.0944 0.0285 -0.9951
vn 0.9524 0.2889 -0.0975
vn 0.2789 0.0848 0.9566
vn 0.9162 0.2777 -0.2890
vn 0.4528 0.1375 0.8809
vn 0.8449 0.2562 -0.4696
vn 0.6089 0.1846 0.7715
vn 0.7411 0.2249 -0.6326
vn 0.7412 0.2249 0.6325
vn 0.6089 0.1848 -0.7714
vn 0.8448 0.2564 0.4696
vn 0.4526 0.1376 -0.8810
vn 0.9161 0.2779 0.2890
vn 0.2790 0.0845 -0.9565
vn 0.7707 0.0761 -0.6326
vn 0.7708 0.0758 0.6326
vn 0.6332 0.0623 -0.7715
vn 0.8786 0.0865 0.4697
vn 0.4709 0.0464 -0.8810
vn 0.9527 0.0939 0.2890
vn 0.2901 0.0284 -0.9566
vn 0.9905 0.0974 0.0975
vn 0.0980 0.0098 0.9951
vn 0.0980 0.0098 -0.9951
vn 0.9904 0.0976 -0.0976
vn 0.2901 0.0286 0.9566
vn 0.9527 0.0939 -0.2890
vn 0.4710 0.0464 0.8809
vn 0.8786 0.0865 -0.4696
vn 0.6331 0.0624 0.7715
vn 0.0980 -0.0098 -0.9951
vn 0.9904 -0.0976 -0.0976
vn 0.2901 -0.0288 0.9566
vn 0.9527 -0.0939 -0.2890
vn 0.4709 -0.0462 0.8810
vn 0.8786 -0.0865 -0.4696
vn 0.6332 -0.0622 0.7715
vn 0.7707 -0.0759 -0.6327
vn 0.7708 -0.0759 0.6325
vn 0.6332 -0.0623 -0.7715
vn 0.8786 -0.0865 0.4697
vn 0.4709 -0.0464 -0.8810
vn 0.9527 -0.0939 0.2890
vn 0.2901 -0.0284 -0.9566
vn 0.9905 -0.0974 0.0975
vn 0.0980 -0.0098 0.9951
vn 0.6089 -0.1848 -0.7714
vn 0.8448 -0.2564 0.4696
vn 0.4526 -0.1376 -0.8810
vn 0.9162 -0.2776 0.2890
vn 0.2790 -0.0845 -0.9565
vn 0.9523 -0.2891 0.0975
vn 0.0942 -0.0285 0.9951
vn 0.0944 -0.0285 -0.9951
vn 0.9524 -0.2889 -0.0975
vn 0.2789 -0.0848 0.9566
vn 0.9161 -0.2779 -0.2890
vn 0.4527 -0.1375 0.8810
vn 0.8449 -0.2562 -0.4696
vn 0.6089 -0.1846 0.7715
vn 0.7411 -0.2249 -0.6326
vn 0.7412 -0.2249 0.6325
vn 0.2570 -0.1374 0.9566
vn 0.8442 -0.4515 -0.2889
vn 0.4172 -0.2233 0.8809
vn 0.7785 -0.4163 -0.4696
vn 0.5612 -0.3000 0.7714
vn 0.6830 -0.3651 -0.6326
vn 0.6830 -0.3652 0.6325
vn 0.5611 -0.2997 -0.7716
vn 0.7786 -0.4161 0.4697
vn 0.4172 -0.2231 -0.8810
vn 0.8442 -0.4514 0.2890
vn 0.2572 -0.1373 -0.9566
vn 0.8777 -0.4692 0.0975
vn 0.0871 -0.0464 0.9951
vn 0.0866 -0.0464 -0.9952
vn 0.8778 -0.4691 -0.0975
vn 0.6825 -0.5600 0.4697
vn 0.3658 -0.3000 -0.8810
vn 0.7401 -0.6073 0.2889
vn 0.2252 -0.1850 -0.9566
vn 0.7694 -0.6313 0.0975
vn 0.0761 -0.0626 0.9951
vn 0.0765 -0.0626 -0.9951
vn 0.7693 -0.6314 -0.0975
vn 0.2252 -0.1850 0.9566
vn 0.7401 -0.6073 -0.2890
vn 0.3659 -0.3001 0.8809
vn 0.6824 -0.5602 -0.4696
vn 0.4919 -0.4037 0.7714
vn 0.5987 -0.4913 -0.6326
vn 0.5988 -0.4912 0.6326
vn 0.4917 -0.4039 -0.7714
vn 0.6074 -0.7400 -0.2889
vn 0.3002 -0.3658 0.8809
vn 0.5601 -0.6824 -0.4697
vn 0.4036 -0.4918 0.7715
vn 0.4912 -0.5988 -0.6326
vn 0.4914 -0.5986 0.6327
vn 0.4037 -0.4917 -0.7715
vn 0.5601 -0.6824 0.4697
vn 0.3003 -0.3655 -0.8810
vn 0.6074 -0.7400 0.2890
vn 0.1847 -0.2253 -0.9566
vn 0.6315 -0.7693 0.0975
vn 0.0624 -0.0761 0.9951
vn 0.0621 -0.0761 -0.9952
vn 0.6312 -0.7694 -0.0975
vn 0.1850 -0.2253 0.9566
vn 0.2228 -0.4173 -0.8810
vn 0.4512 -0.8443 0.2890
vn 0.1374 -0.2573 -0.9565
vn 0.4693 -0.8777 0.0975
vn 0.0462 -0.0868 0.9952
vn 0.0466 -0.0868 -0.9951
vn 0.4691 -0.8777 -0.0975
vn 0.1375 -0.2573 0.9565
vn 0.4513 -0.8443 -0.2890
vn 0.2230 -0.4174 0.8809
vn 0.4162 -0.7786 -0.4697
vn 0.3000 -0.5611 0.7715
vn 0.3651 -0.6831 -0.6326
vn 0.3652 -0.6830 0.6326
vn 0.2999 -0.5610 -0.7716
vn 0.4162 -0.7786 0.4696
vn 0.1373 -0.4528 0.8810
vn 0.2563 -0.8449 -0.4696
vn 0.1847 -0.6088 0.7715
vn 0.2248 -0.7412 -0.6326
vn 0.2249 -0.7411 0.6326
vn 0.1848 -0.6089 -0.7714
vn 0.2563 -0.8448 0.4696
vn 0.1375 -0.4529 -0.8809
vn 0.2778 -0.9162 0.2889
vn 0.0842 -0.2789 -0.9566
vn 0.2890 -0.9523 0.0976
vn 0.0293 -0.0943 0.9951
vn 0.0285 -0.0943 -0.9951
vn 0.2889 -0.9524 -0.0976
vn 0.0847 -0.2788 0.9566
vn 0.2779 -0.9161 -0.2890
vn 0.0939 -0.9527 0.2891
vn 0.0283 -0.2902 -0.9566
vn 0.0976 -0.9904 0.0976
vn 0.0094 -0.0980 0.9951
vn 0.0097 -0.0980 -0.9951
vn 0.0976 -0.9904 -0.0976
vn 0.0288 -0.2902 0.9565
vn 0.0938 -0.9527 -0.2890
vn 0.0465 -0.4707 0.8811
vn 0.0865 -0.8786 -0.4696
vn 0.0623 -0.6333 0.7714
vn 0.0758 -0.7708 -0.6326
vn 0.0759 -0.7708 0.6326
vn 0.0623 -0.6332 -0.7715
vn 0.0865 -0.8786 0.4696
vn 0.0462 -0.4708 -0.8810
vn -0.0865 -0.8786 -0.4696
vn -0.0625 -0.6332 0.7714
vn -0.0758 -0.7707 -0.6327
vn -0.0759 -0.7708 0.6326
vn -0.0623 -0.6332 -0.7715
vn -0.0865 -0.8786 0.4696
vn -0.0465 -0.4710 -0.8809
vn -0.0938 -0.9527 0.2890
vn -0.0281 -0.2902 -0.9566
vn -0.0976 -0.9904 0.0975
vn -0.0094 -0.0980 0.9951
vn -0.0097 -0.0980 -0.9951
vn -0.0975 -0.9904 -0.0975
vn -0.0286 -0.2902 0.9565
vn -0.0939 -0.9527 -0.2890
vn -0.0464 -0.4707 0.8811
vn -0.0842 -0.2789 -0.9566
vn -0.2889 -0.9524 0.0975
vn -0.0293 -0.0943 0.9951
vn -0.0285 -0.0943 -0.9951
vn -0.2889 -0.9524 -0.0976
vn -0.0846 -0.2788 0.9566
vn -0.2779 -0.9161 -0.2890
vn -0.1373 -0.4529 0.8809
vn -0.2563 -0.8449 -0.4695
vn -0.1847 -0.6088 0.7715
vn -0.2249 -0.7412 -0.6326
vn -0.2249 -0.7411 0.6326
vn -0.1848 -0.6089 -0.7714
vn -0.2563 -0.8448 0.4697
vn -0.1374 -0.4529 -0.8809
vn -0.2778 -0.9161 0.2889
vn -0.3651 -0.6832 -0.6325
vn -0.3652 -0.6830 0.6326
vn -0.2998 -0.5610 -0.7716
vn -0.4162 -0.7786 0.4696
vn -0.2231 -0.4170 -0.8811
vn -0.4512 -0.8443 0.2890
vn -0.1374 -0.2573 -0.9565
vn -0.4691 -0.8777 0.0976
vn -0.0462 -0.0868 0.9952
vn -0.0466 -0.0868 -0.9951
vn -0.4690 -0.8778 -0.0976
vn -0.1373 -0.2573 0.9565
vn -0.4512 -0.8443 -0.2890
vn -0.2230 -0.4174 0.8809
vn -0.4162 -0.7786 -0.4697
vn -0.3000 -0.5611 0.7715
vn -0.0624 -0.0761 0.9951
vn -0.0621 -0.0761 -0.9952
vn -0.6312 -0.7694 -0.0975
vn -0.1851 -0.2253 0.9566
vn -0.6074 -0.7400 -0.2889
vn -0.3002 -0.3658 0.8810
vn -0.5602 -0.6823 -0.4697
vn -0.4036 -0.4918 0.7715
vn -0.4913 -0.5988 -0.6325
vn -0.4913 -0.5987 0.6326
vn -0.4037 -0.4917 -0.7715
vn -0.5600 -0.6825 0.4696
vn -0.3002 -0.3657 -0.8810
vn -0.6074 -0.7400 0.2890
vn -0.1850 -0.2252 -0.9566
vn -0.6313 -0.7694 0.0975
vn -0.5988 -0.4912 0.6326
vn -0.4918 -0.4037 -0.7715
vn -0.6824 -0.5602 0.4696
vn -0.3657 -0.3003 -0.8810
vn -0.7400 -0.6074 0.2889
vn -0.2254 -0.1849 -0.9565
vn -0.7693 -0.6314 0.0976
vn -0.0761 -0.0625 0.9951
vn -0.0765 -0.0625 -0.9951
vn -0.7693 -0.6314 -0.0976
vn -0.2252 -0.1850 0.9566
vn -0.7400 -0.6074 -0.2889
vn -0.3660 -0.2999 0.8810
vn -0.6826 -0.5599 -0.4696
vn -0.4919 -0.4035 0.7715
vn -0.5987 -0.4913 -0.6326
vn -0.8776 -0.4693 -0.0975
vn -0.2570 -0.1374 0.9566
vn -0.8442 -0.4515 -0.2889
vn -0.4172 -0.2233 0.8809
vn -0.7786 -0.4162 -0.4696
vn -0.5612 -0.3000 0.7714
vn -0.6830 -0.3652 -0.6326
vn -0.6830 -0.3652 0.6325
vn -0.5611 -0.2997 -0.7716
vn -0.7786 -0.4162 0.4697
vn -0.4173 -0.2228 -0.8810
vn -0.8443 -0.4512 0.2890
vn -0.2571 -0.1373 -0.9566
vn -0.8777 -0.4692 0.0975
vn -0.0871 -0.0464 0.9951
vn -0.0866 -0.0464 -0.9952
vn -0.6089 -0.1848 -0.7714
vn -0.8448 -0.2564 0.4696
vn -0.4526 -0.1373 -0.8811
vn -0.9161 -0.2779 0.2890
vn -0.2790 -0.0845 -0.9565
vn -0.9524 -0.2889 0.0975
vn -0.0942 -0.0286 0.9951
vn -0.0944 -0.0286 -0.9951
vn -0.9524 -0.2889 -0.0975
vn -0.2789 -0.0848 0.9566
vn -0.9162 -0.2776 -0.2890
vn -0.4528 -0.1373 0.8810
vn -0.8449 -0.2562 -0.4696
vn -0.6089 -0.1846 0.7715
vn -0.7411 -0.2248 -0.6326
vn -0.7412 -0.2247 0.6325
vn -0.2901 -0.0288 0.9566
vn -0.9527 -0.0939 -0.2890
vn -0.4709 -0.0462 0.8810
vn -0.8786 -0.0865 -0.4696
vn -0.6332 -0.0622 0.7715
vn -0.7707 -0.0761 -0.6326
vn -0.7708 -0.0759 0.6325
vn -0.6332 -0.0623 -0.7715
vn -0.8786 -0.0864 0.4697
vn -0.4709 -0.0461 -0.8810
vn -0.9527 -0.0939 0.2890
vn -0.2902 -0.0287 -0.9565
vn -0.9905 -0.0974 0.0975
vn -0.0980 -0.0098 0.9951
vn -0.0980 -0.0098 -0.9951
vn -0.9905 -0.0974 -0.0975
vn -0.8786 0.0864 0.4697
vn -0.4709 0.0461 -0.8810
vn -0.9527 0.0939 0.2890
vn -0.2901 0.0284 -0.9566
vn -0.9905 0.0974 0.0975
vn -0.0980 0.0098 0.9951
vn -0.0980 0.0098 -0.9951
vn -0.9904 0.0976 -0.0976
vn -0.2901 0.0288 0.9566
vn -0.9527 0.0939 -0.2890
vn -0.4709 0.0462 0.8810
vn -0.8786 0.0865 -0.4696
vn -0.6332 0.0622 0.7715
vn -0.7707 0.0761 -0.6326
vn -0.7708 0.0758 0.6326
vn -0.6332 0.0621 -0.7715
vn -0.9162 0.2776 -0.2890
vn -0.4527 0.1373 0.8810
vn -0.8449 0.2563 -0.4696
vn -0.6089 0.1846 0.7714
vn -0.7411 0.2248 -0.6326
vn -0.7412 0.2247 0.6325
vn -0.6089 0.1848 -0.7714
vn -0.8448 0.2564 0.4696
vn -0.4526 0.1373 -0.8811
vn -0.9161 0.2779 0.2890
vn -0.2790 0.0845 -0.9565
vn -0.9524 0.2889 0.0975
vn -0.0942 0.0286 0.9951
vn -0.0944 0.0286 -0.9951
vn -0.9524 0.2889 -0.0975
vn -0.2789 0.0848 0.9566
vn -0.4173 0.2228 -0.8810
vn -0.8443 0.4512 0.2890
vn -0.2572 0.1373 -0.9566
vn -0.8777 0.4692 0.0975
vn -0.0871 0.0464 0.9951
vn -0.0866 0.0464 -0.9952
vn -0.8777 0.4693 -0.0975
vn -0.2570 0.1374 0.9566
vn -0.8442 0.4515 -0.2889
vn -0.4173 0.2231 0.8810
vn -0.7785 0.4163 -0.4696
vn -0.5612 0.3000 0.7714
vn -0.6830 0.3651 -0.6326
vn -0.6830 0.3652 0.6325
vn -0.5611 0.2997 -0.7716
vn -0.7786 0.4161 0.4697
vn -0.6824 0.5601 -0.4696
vn -0.4918 0.4038 0.7714
vn -0.5986 0.4912 -0.6327
vn -0.5987 0.4912 0.6326
vn -0.4918 0.4036 -0.7715
vn -0.6825 0.5600 0.4697
vn -0.3657 0.3003 -0.8809
vn -0.7400 0.6073 0.2889
vn -0.2252 0.1850 -0.9566
vn -0.7693 0.6314 0.0976
vn -0.0761 0.0625 0.9951
vn -0.0765 0.0625 -0.9951
vn -0.7693 0.6314 -0.0975
vn -0.2253 0.1850 0.9566
vn -0.7400 0.6074 -0.2889
vn -0.3660 0.2999 0.8810
vn -0.1847 0.2253 -0.9566
vn -0.6314 0.7693 0.0976
vn -0.0624 0.0761 0.9951
vn -0.0621 0.0761 -0.9952
vn -0.6314 0.7693 -0.0976
vn -0.1848 0.2253 0.9566
vn -0.6074 0.7400 -0.2890
vn -0.3002 0.3656 0.8810
vn -0.5602 0.6824 -0.4697
vn -0.4036 0.4919 0.7715
vn -0.4913 0.5987 -0.6326
vn -0.4913 0.5987 0.6326
vn -0.4037 0.4917 -0.7715
vn -0.5600 0.6825 0.4697
vn -0.3000 0.3661 -0.8809
vn -0.6074 0.7400 0.2890
vn -0.3000 0.5611 0.7715
vn -0.3651 0.6831 -0.6326
vn -0.3652 0.6830 0.6326
vn -0.2999 0.5610 -0.7716
vn -0.4163 0.7786 0.4697
vn -0.2231 0.4170 -0.8811
vn -0.4511 0.8444 0.2890
vn -0.1374 0.2573 -0.9565
vn -0.4694 0.8776 0.0975
vn -0.0462 0.0868 0.9952
vn -0.0466 0.0868 -0.9951
vn -0.4692 0.8777 -0.0975
vn -0.1376 0.2573 0.9565
vn -0.4513 0.8443 -0.2890
vn -0.2230 0.4174 0.8809
vn -0.4162 0.7787 -0.4695
vn -0.2889 0.9524 0.0976
vn -0.0293 0.0943 0.9951
vn -0.0285 0.0943 -0.9951
vn -0.2890 0.9523 -0.0976
vn -0.0846 0.2789 0.9566
vn -0.2779 0.9161 -0.2890
vn -0.1373 0.4529 0.8809
vn -0.2563 0.8449 -0.4695
vn -0.1847 0.6088 0.7715
vn -0.2249 0.7411 -0.6326
vn -0.2249 0.7411 0.6326
vn -0.1848 0.6089 -0.7714
vn -0.2563 0.8448 0.4697
vn -0.1374 0.4529 -0.8809
vn -0.2778 0.9161 0.2889
vn -0.0845 0.2789 -0.9566
vn -0.0760 0.7707 -0.6327
vn -0.0759 0.7708 0.6326
vn -0.0623 0.6332 -0.7715
vn -0.0865 0.8786 0.4696
vn -0.0462 0.4708 -0.8810
vn -0.0938 0.9527 0.2890
vn -0.0281 0.2902 -0.9566
vn -0.0976 0.9904 0.0975
vn -0.0094 0.0980 0.9951
vn -0.0097 0.0980 -0.9951
vn -0.0975 0.9904 -0.0975
vn -0.0288 0.2902 0.9565
vn -0.0939 0.9527 -0.2891
vn -0.0465 0.4707 0.8811
vn -0.0865 0.8786 -0.4696
vn -0.0623 0.6333 0.7714
vn -0.2242 -0.1294 0.9659
vn -0.6123 -0.3535 0.7072
vn -0.8365 -0.4829 0.2588
vn -0.8365 -0.4829 -0.2589
vn -0.6123 -0.3535 -0.7072
vn -0.2241 -0.1294 -0.9659
vn 0.2243 0.1294 -0.9659
vn 0.6123 0.3535 -0.7072
vn 0.8365 0.4829 -0.2588
vn 0.8364 0.4831 0.2589
vn -0.4999 0.8661 -0.0000
vn 0.6123 0.3535 0.7072
vn 0.2241 0.1294 0.9659
vn 0.5000 -0.8660 -0.0000
vn 0.0975 0.9904 0.0976
vn 0.0462 0.4707 0.8811
vn 0.0865 0.8786 -0.4697
vn 0.0623 0.6332 -0.7715
vn 0.0465 0.4708 -0.8810
vn 0.2778 0.9161 0.2889
vn 0.0842 0.2789 -0.9566
vn 0.2890 0.9523 0.0976
vn 0.0844 0.2789 0.9566
vn 0.1373 0.4530 0.8809
vn 0.2563 0.8448 -0.4696
vn 0.2248 0.7412 -0.6325
vn 0.2249 0.7412 0.6325
vn 0.2231 0.4172 0.8810
vn 0.4163 0.7785 -0.4697
vn 0.3000 0.5612 0.7714
vn 0.3651 0.6831 -0.6325
vn 0.3652 0.6829 0.6327
vn 0.4162 0.7786 0.4697
vn 0.1372 0.2573 -0.9565
vn 0.4691 0.8777 -0.0975
vn 0.1374 0.2571 0.9566
vn 0.4512 0.8444 -0.2890
vn 0.1853 0.2252 -0.9565
vn 0.6314 0.7693 -0.0975
vn 0.1848 0.2253 0.9566
vn 0.4036 0.4917 0.7716
vn 0.4914 0.5986 0.6326
vn 0.4037 0.4917 -0.7715
vn 0.5600 0.6825 0.4696
vn 0.3002 0.3657 -0.8810
vn 0.6826 0.5599 -0.4697
vn 0.4919 0.4036 0.7714
vn 0.6825 0.5601 0.4696
vn 0.3659 0.3003 -0.8808
vn 0.2254 0.1852 -0.9565
vn 0.0761 0.0625 0.9951
vn 0.0765 0.0625 -0.9951
vn 0.2252 0.1850 0.9566
vn 0.7400 0.6074 -0.2889
vn 0.3659 0.3000 0.8810
vn 0.8778 0.4690 0.0976
vn 0.8777 0.4691 -0.0976
vn 0.2570 0.1373 0.9566
vn 0.6830 0.3652 -0.6326
vn 0.5610 0.2999 -0.7716
vn 0.7786 0.4161 0.4697
vn 0.6089 0.1844 0.7715
vn 0.7412 0.2247 0.6326
vn 0.6088 0.1851 -0.7714
vn 0.8448 0.2563 0.4697
vn 0.2790 0.0849 -0.9565
vn 0.0943 0.0285 0.9951
vn 0.9525 0.2887 -0.0975
vn 0.9161 0.2779 -0.2890
vn 0.8448 0.2563 -0.4696
vn 0.9904 0.0977 0.0975
vn 0.9904 0.0976 -0.0975
vn 0.2901 0.0288 0.9566
vn 0.9527 0.0937 -0.2890
vn 0.4709 0.0464 0.8809
vn 0.7707 0.0759 -0.6327
vn 0.7708 0.0759 0.6325
vn 0.2901 0.0281 -0.9566
vn 0.4708 -0.0467 -0.8810
vn 0.2902 -0.0287 -0.9565
vn 0.9904 -0.0977 0.0975
vn 0.2901 -0.0285 0.9566
vn 0.9527 -0.0937 -0.2890
vn 0.4709 -0.0464 0.8810
vn 0.6331 -0.0624 0.7715
vn 0.9525 -0.2887 -0.0975
vn 0.2790 -0.0848 0.9566
vn 0.6089 -0.1844 0.7715
vn 0.7412 -0.2247 0.6326
vn 0.6088 -0.1850 -0.7714
vn 0.9161 -0.2779 0.2890
vn 0.2789 -0.0849 -0.9566
vn 0.5610 -0.2999 -0.7716
vn 0.8443 -0.4514 0.2890
vn 0.2572 -0.1372 -0.9566
vn 0.8778 -0.4690 0.0975
vn 0.8776 -0.4693 -0.0975
vn 0.2570 -0.1373 0.9566
vn 0.8443 -0.4513 -0.2889
vn 0.4173 -0.2231 0.8810
vn 0.6830 -0.3652 -0.6326
vn 0.6831 -0.3650 0.6326
vn 0.2253 -0.1850 0.9566
vn 0.7400 -0.6074 -0.2889
vn 0.3660 -0.2999 0.8810
vn 0.6826 -0.5599 -0.4697
vn 0.4919 -0.4035 0.7715
vn 0.5987 -0.4912 0.6326
vn 0.6824 -0.5601 0.4697
vn 0.3657 -0.3003 -0.8809
vn 0.7400 -0.6074 0.2889
vn 0.2252 -0.1853 -0.9565
vn 0.0761 -0.0625 0.9951
vn 0.0765 -0.0625 -0.9951
vn 0.5600 -0.6825 0.4696
vn 0.3003 -0.3657 -0.8810
vn 0.1847 -0.2252 -0.9566
vn 0.6313 -0.7694 0.0975
vn 0.6312 -0.7694 -0.0976
vn 0.1848 -0.2253 0.9566
vn 0.4036 -0.4917 0.7716
vn 0.4913 -0.5988 -0.6325
vn 0.4914 -0.5986 0.6326
vn 0.4514 -0.8442 -0.2890
vn 0.2230 -0.4173 0.8810
vn 0.4163 -0.7785 -0.4697
vn 0.3000 -0.5612 0.7714
vn 0.3651 -0.6831 -0.6325
vn 0.4162 -0.7786 0.4697
vn 0.2231 -0.4173 -0.8810
vn 0.4513 -0.8443 0.2891
vn 0.1372 -0.2573 -0.9565
vn 0.4692 -0.8777 0.0976
vn 0.1376 -0.2571 0.9565
vn 0.1376 -0.4531 -0.8808
vn 0.2778 -0.9161 0.2889
vn 0.0845 -0.2789 -0.9566
vn 0.0843 -0.2789 0.9566
vn 0.1375 -0.4528 0.8810
vn 0.2563 -0.8449 -0.4695
vn 0.2249 -0.7412 0.6325
vn 0.1847 -0.6089 -0.7714
vn 0.2563 -0.8449 0.4695
vn 0.0866 -0.8786 -0.4697
vn 0.0623 -0.6331 0.7715
vn 0.0759 -0.7707 -0.6327
vn 0.0759 -0.7707 0.6326
vn 0.0976 -0.9904 0.0975
vn -0.0283 -0.2902 -0.9566
vn -0.0094 -0.0981 0.9951
vn -0.0097 -0.0981 -0.9951
vn -0.0975 -0.9904 -0.0976
vn -0.0286 -0.2901 0.9566
vn -0.0938 -0.9527 -0.2890
vn -0.0462 -0.4709 0.8810
vn -0.0625 -0.6331 0.7715
vn -0.0758 -0.7708 -0.6326
vn -0.2563 -0.8449 -0.4696
vn -0.2249 -0.7411 -0.6326
vn -0.2563 -0.8449 0.4695
vn -0.1375 -0.4529 -0.8809
vn -0.2889 -0.9524 0.0976
vn -0.0846 -0.2789 0.9566
vn -0.2779 -0.9161 -0.2889
vn -0.1375 -0.4529 0.8809
vn -0.1372 -0.2571 0.9566
vn -0.2231 -0.4174 0.8809
vn -0.4163 -0.7785 -0.4697
vn -0.3000 -0.5610 0.7715
vn -0.3651 -0.6831 -0.6326
vn -0.3652 -0.6829 0.6327
vn -0.2230 -0.4171 -0.8811
vn -0.4513 -0.8443 0.2890
vn -0.4912 -0.5988 -0.6326
vn -0.4914 -0.5986 0.6326
vn -0.4037 -0.4916 -0.7716
vn -0.1850 -0.2255 -0.9565
vn -0.6315 -0.7693 0.0975
vn -0.6314 -0.7693 -0.0976
vn -0.1848 -0.2253 0.9566
vn -0.3002 -0.3658 0.8809
vn -0.5601 -0.6824 -0.4697
vn -0.2253 -0.1849 0.9566
vn -0.6824 -0.5601 -0.4696
vn -0.4917 -0.4039 -0.7714
vn -0.6825 -0.5599 0.4697
vn -0.3657 -0.3004 -0.8810
vn -0.2254 -0.1849 -0.9566
vn -0.6831 -0.3649 0.6326
vn -0.7785 -0.4163 0.4696
vn -0.4172 -0.2231 -0.8810
vn -0.8442 -0.4514 0.2890
vn -0.2570 -0.1376 -0.9566
vn -0.8776 -0.4693 -0.0976
vn -0.2570 -0.1373 0.9566
vn -0.8443 -0.4513 -0.2890
vn -0.4173 -0.2231 0.8810
vn -0.7786 -0.4161 -0.4697
vn -0.5611 -0.3002 0.7714
vn -0.6830 -0.3653 -0.6325
vn -0.2790 -0.0848 0.9565
vn -0.6089 -0.1844 0.7715
vn -0.7412 -0.2249 0.6325
vn -0.6088 -0.1851 -0.7714
vn -0.4528 -0.1373 -0.8810
vn -0.2790 -0.0849 -0.9565
vn -0.0942 -0.0285 0.9951
vn -0.0944 -0.0285 -0.9951
vn -0.6332 -0.0626 -0.7715
vn -0.8786 -0.0865 0.4697
vn -0.4708 -0.0467 -0.8810
vn -0.9904 -0.0977 0.0975
vn -0.9905 -0.0974 -0.0976
vn -0.2901 -0.0286 0.9566
vn -0.8786 -0.0865 -0.4697
vn -0.6332 -0.0620 0.7715
vn -0.7707 -0.0759 -0.6327
vn -0.2901 0.0286 0.9566
vn -0.9527 0.0937 -0.2890
vn -0.6332 0.0620 0.7715
vn -0.7707 0.0759 -0.6327
vn -0.7708 0.0759 0.6326
vn -0.6332 0.0626 -0.7715
vn -0.8786 0.0865 0.4697
vn -0.4708 0.0467 -0.8810
vn -0.9904 0.0977 0.0975
vn -0.9905 0.0974 -0.0976
vn -0.4529 0.1373 -0.8810
vn -0.2790 0.0849 -0.9565
vn -0.0943 0.0285 0.9951
vn -0.0944 0.0285 -0.9951
vn -0.2790 0.0846 0.9566
vn -0.4528 0.1373 0.8810
vn -0.8449 0.2562 -0.4696
vn -0.6089 0.1844 0.7715
vn -0.7412 0.2249 0.6325
vn -0.6087 0.1846 -0.7716
vn -0.8444 0.4511 -0.2889
vn -0.5612 0.3002 0.7713
vn -0.6830 0.3653 -0.6325
vn -0.6831 0.3649 0.6326
vn -0.4172 0.2231 -0.8810
vn -0.8442 0.4514 0.2890
vn -0.2572 0.1376 -0.9565
vn -0.8776 0.4693 -0.0976
vn -0.2570 0.1373 0.9566
vn -0.7400 0.6074 0.2889
vn -0.2252 0.1849 -0.9566
vn -0.7694 0.6313 0.0975
vn -0.2252 0.1849 0.9566
vn -0.6824 0.5602 -0.4696
vn -0.4919 0.4035 0.7715
vn -0.4917 0.4039 -0.7714
vn -0.6826 0.5599 0.4697
vn -0.5601 0.6824 -0.4696
vn -0.4038 0.4916 0.7716
vn -0.4914 0.5986 -0.6326
vn -0.4913 0.5988 0.6326
vn -0.4037 0.4919 -0.7714
vn -0.3003 0.3657 -0.8810
vn -0.1853 0.2255 -0.9565
vn -0.6315 0.7693 0.0975
vn -0.1850 0.2253 0.9566
vn -0.6073 0.7400 -0.2891
vn -0.3002 0.3658 0.8809
vn -0.4693 0.8777 0.0975
vn -0.4690 0.8778 -0.0976
vn -0.1374 0.2571 0.9566
vn -0.4514 0.8442 -0.2891
vn -0.4162 0.7786 -0.4696
vn -0.3000 0.5612 0.7714
vn -0.3651 0.6832 -0.6325
vn -0.3652 0.6829 0.6327
vn -0.4163 0.7786 0.4696
vn -0.2230 0.4173 -0.8810
vn -0.2248 0.7412 -0.6326
vn -0.2249 0.7412 0.6325
vn -0.2563 0.8449 0.4695
vn -0.1373 0.4529 -0.8809
vn -0.2889 0.9524 -0.0976
vn -0.2779 0.9161 -0.2889
vn -0.1373 0.4530 0.8809
vn -0.2563 0.8448 -0.4696
vn -0.0094 0.0981 0.9951
vn -0.0097 0.0981 -0.9951
vn -0.0976 0.9904 -0.0976
vn -0.0288 0.2901 0.9566
vn -0.0939 0.9527 -0.2890
vn -0.0865 0.8786 -0.4697
vn -0.0623 0.6331 0.7715
vn -0.0759 0.7708 -0.6326
vn 0.2242 -0.1294 0.9659
vn 0.6123 -0.3535 0.7072
vn 0.8365 -0.4830 0.2588
vn 0.8365 -0.4829 -0.2588
vn 0.6123 -0.3535 -0.7072
vn 0.2243 -0.1294 -0.9659
vn -0.2243 0.1294 -0.9659
vn -0.6123 0.3535 -0.7072
vn -0.8365 0.4829 -0.2588
vn -0.8365 0.4830 0.2589
vn -0.4999 -0.8661 -0.0000
vn -0.6123 0.3535 0.7072
vn -0.2242 0.1294 0.9659
vn 0.5001 0.8660 -0.0000
vn 0.0866 0.8786 -0.4697
vn 0.0759 0.7708 -0.6326
vn 0.0624 0.6332 -0.7715
vn 0.0287 0.2902 -0.9565
vn 0.0100 0.0980 -0.9951
vn 0.0285 0.2902 0.9565
vn 0.2562 0.8449 -0.4695
vn 0.2248 0.7412 -0.6326
vn 0.2248 0.7412 0.6326
vn 0.1847 0.6089 -0.7714
vn 0.2563 0.8448 0.4696
vn 0.1373 0.4529 -0.8809
vn 0.0841 0.2789 -0.9566
vn 0.2890 0.9524 0.0976
vn 0.0287 0.0943 0.9951
vn 0.0282 0.0943 -0.9951
vn 0.0846 0.2789 0.9566
vn 0.1371 0.2573 -0.9566
vn 0.4693 0.8777 0.0975
vn 0.0463 0.0868 -0.9951
vn 0.1377 0.2571 0.9565
vn 0.3000 0.5610 0.7715
vn 0.3651 0.6831 -0.6326
vn 0.4161 0.7786 0.4697
vn 0.5601 0.6824 -0.4697
vn 0.4913 0.5988 -0.6325
vn 0.6314 0.7693 0.0975
vn 0.0627 0.0761 -0.9951
vn 0.6313 0.7694 -0.0975
vn 0.7400 0.6074 0.2889
vn 0.2251 0.1853 -0.9566
vn 0.0762 0.0625 -0.9951
vn 0.2250 0.1850 0.9566
vn 0.4919 0.4035 0.7715
vn 0.4916 0.4039 -0.7714
vn 0.3658 0.3003 -0.8809
vn 0.7786 0.4161 -0.4697
vn 0.5611 0.3001 -0.7715
vn 0.4173 0.2231 -0.8809
vn 0.2572 0.1373 -0.9566
vn 0.8776 0.4693 -0.0975
vn 0.2572 0.1372 0.9566
vn 0.8443 0.4513 -0.2890
vn 0.4528 0.1370 0.8810
vn 0.8448 0.2562 -0.4697
vn 0.6088 0.1850 -0.7714
vn 0.4528 0.1370 -0.8810
vn 0.6332 0.0622 0.7715
vn 0.4708 0.0467 -0.8810
vn 0.2903 0.0287 -0.9565
vn 0.2901 0.0285 0.9566
vn 0.4709 0.0462 0.8810
vn 0.7708 -0.0759 0.6326
vn 0.6333 -0.0621 -0.7714
vn 0.8786 -0.0865 0.4696
vn 0.2901 -0.0281 -0.9566
vn 0.7412 -0.2247 0.6325
vn 0.4527 -0.1370 -0.8811
vn 0.2790 -0.0849 -0.9565
vn 0.0943 -0.0285 0.9951
vn 0.9524 -0.2887 -0.0975
vn 0.4528 -0.1370 0.8810
vn 0.8449 -0.2563 -0.4696
vn 0.6089 -0.1848 0.7714
vn 0.2572 -0.1372 0.9566
vn 0.8443 -0.4513 -0.2890
vn 0.7786 -0.4161 -0.4697
vn 0.5611 -0.2999 -0.7715
vn 0.4173 -0.2231 -0.8809
vn 0.2571 -0.1373 -0.9566
vn 0.8778 -0.4690 0.0976
vn 0.6826 -0.5599 0.4697
vn 0.3658 -0.3003 -0.8809
vn 0.2258 -0.1852 -0.9564
vn 0.7693 -0.6314 0.0976
vn 0.0762 -0.0625 -0.9951
vn 0.3658 -0.3000 0.8810
vn 0.6824 -0.5601 -0.4696
vn 0.5601 -0.6825 -0.4697
vn 0.4036 -0.4918 -0.7715
vn 0.3000 -0.3658 -0.8810
vn 0.6314 -0.7693 0.0975
vn 0.0627 -0.0761 -0.9951
vn 0.6313 -0.7694 -0.0975
vn 0.4161 -0.7786 0.4697
vn 0.0463 -0.0868 -0.9951
vn 0.4691 -0.8778 -0.0975
vn 0.2231 -0.4172 0.8810
vn 0.4163 -0.7786 -0.4696
vn 0.3652 -0.6829 0.6327
vn 0.2998 -0.5614 -0.7714
vn 0.2562 -0.8449 -0.4695
vn 0.2248 -0.7412 -0.6325
vn 0.1373 -0.4531 -0.8808
vn 0.2779 -0.9161 0.2890
vn 0.2890 -0.9524 0.0976
vn 0.0847 -0.2789 0.9566
vn 0.0463 -0.4708 -0.8810
vn 0.0283 -0.2902 0.9565
vn 0.0465 -0.4707 0.8810
vn 0.0865 -0.8786 -0.4697
vn 0.0759 -0.7708 -0.6326
vn 0.0622 -0.6332 -0.7715
vn -0.0759 -0.7708 -0.6326
vn -0.0464 -0.4708 -0.8810
vn -0.0290 -0.2902 -0.9565
vn -0.0975 -0.9904 0.0975
vn -0.0976 -0.9904 -0.0975
vn -0.0284 -0.2902 0.9565
vn -0.0845 -0.2789 -0.9566
vn -0.2562 -0.8449 -0.4696
vn -0.1846 -0.6089 -0.7714
vn -0.4163 -0.7785 -0.4696
vn -0.3000 -0.5613 0.7714
vn -0.3651 -0.6831 -0.6325
vn -0.2999 -0.5610 -0.7716
vn -0.4161 -0.7786 0.4697
vn -0.2231 -0.4173 -0.8810
vn -0.4514 -0.8442 0.2890
vn -0.1371 -0.2573 -0.9566
vn -0.0463 -0.0868 -0.9951
vn -0.4691 -0.8777 -0.0975
vn -0.1377 -0.2571 0.9565
vn -0.2230 -0.4173 0.8810
vn -0.6314 -0.7693 0.0975
vn -0.0627 -0.0761 -0.9951
vn -0.4912 -0.5988 -0.6325
vn -0.5600 -0.6825 0.4697
vn -0.3000 -0.3658 -0.8810
vn -0.6825 -0.5601 0.4696
vn -0.3658 -0.3003 -0.8809
vn -0.2257 -0.1849 -0.9565
vn -0.7694 -0.6313 0.0976
vn -0.0762 -0.0625 -0.9951
vn -0.3659 -0.3000 0.8810
vn -0.6825 -0.5601 -0.4696
vn -0.2572 -0.1372 0.9566
vn -0.7785 -0.4163 -0.4696
vn -0.7786 -0.4161 0.4697
vn -0.4173 -0.2231 -0.8809
vn -0.2574 -0.1376 -0.9565
vn -0.6088 -0.1846 -0.7716
vn -0.0943 -0.0285 0.9951
vn -0.2789 -0.0846 0.9566
vn -0.9904 -0.0976 -0.0975
vn -0.2901 -0.0284 -0.9566
vn -0.9905 -0.0974 0.0976
vn -0.8786 0.0865 0.4696
vn -0.2903 0.0287 -0.9565
vn -0.2901 0.0285 0.9566
vn -0.7708 0.0759 0.6325
vn -0.2789 0.0846 0.9566
vn -0.9162 0.2777 -0.2890
vn -0.8448 0.2562 -0.4697
vn -0.6090 0.1844 0.7715
vn -0.6088 0.1846 -0.7716
vn -0.4527 0.1373 -0.8810
vn -0.4173 0.2231 -0.8809
vn -0.8442 0.4516 0.2890
vn -0.8776 0.4693 -0.0975
vn -0.2572 0.1372 0.9566
vn -0.8443 0.4513 -0.2890
vn -0.7786 0.4163 -0.4696
vn -0.5612 0.3002 0.7714
vn -0.6829 0.3654 -0.6326
vn -0.5610 0.3001 -0.7715
vn -0.3658 0.3000 0.8810
vn -0.2258 0.1849 -0.9565
vn -0.0762 0.0625 -0.9951
vn -0.7693 0.6314 -0.0976
vn -0.2252 0.1850 0.9566
vn -0.3001 0.3661 -0.8809
vn -0.1847 0.2255 -0.9566
vn -0.6314 0.7693 0.0975
vn -0.0627 0.0761 -0.9951
vn -0.1849 0.2253 0.9566
vn -0.4036 0.4919 -0.7714
vn -0.2997 0.5611 -0.7716
vn -0.4162 0.7786 0.4697
vn -0.1372 0.2573 -0.9565
vn -0.0463 0.0868 -0.9951
vn -0.4691 0.8778 -0.0975
vn -0.4512 0.8443 -0.2890
vn -0.2231 0.4174 0.8809
vn -0.0851 0.2789 -0.9566
vn -0.2890 0.9524 -0.0976
vn -0.0847 0.2789 0.9566
vn -0.2562 0.8449 -0.4695
vn -0.2248 0.7411 -0.6326
vn -0.1846 0.6089 -0.7714
vn -0.2563 0.8448 0.4696
vn -0.1375 0.4529 -0.8809
vn -0.0624 0.6331 0.7715
vn -0.0758 0.7708 -0.6326
vn -0.0467 0.4710 -0.8809
vn -0.0290 0.2899 -0.9566
vn -0.0283 0.2902 0.9565
vn -0.0938 0.9527 -0.2890
vn -0.0464 0.4707 0.8810
vn -0.0866 0.8786 -0.4697
vn -0.2587 -0.9659 -0.0000
vn -0.9659 -0.2588 -0.0000
vn -0.9659 0.2588 -0.0000
vn -0.2589 0.9659 -0.0000
vn 0.7071 0.7071 -0.0000
vn 0.9659 0.2588 -0.0000
vn 0.9659 -0.2588 -0.0000
vn 0.7071 -0.7071 -0.0000
vn 0.2589 -0.9659 -0.0000
vn -0.0000 -0.7071 0.7072
vn -0.0000 -0.2587 -0.9659
vn -0.0000 0.2587 -0.9659
vn -0.0000 0.2589 0.9659
vn 1.0000 0.0001 -0.0000
vn -0.0000 1.0000 -0.0000
vn -0.0000 -1.0000 -0.0000
vn 0.7070 0.7072 -0.0000
vn 0.0001 -0.0000 1.0000
vn -0.0001 -0.0000 1.0000
vn 0.7072 -0.7070 -0.0000
vn -0.0002 -0.0000 -1.0000
vn 0.0002 -0.0000 -1.0000
vn -0.0000 0.2588 -0.9659
vn -0.0000 -0.2588 -0.9659
vn 1.0000 -0.0002 -0.0000
vn 1.0000 0.0002 -0.0000
vn -0.0000 -0.2589 0.9659
vn 0.0623 0.6332 0.7715
vn 0.0624 0.6332 -0.7714
vn 0.0866 0.8786 0.4696
vn 0.0462 0.4707 -0.8811
vn 0.0938 0.9527 0.2890
vn 0.0286 0.2902 -0.9565
vn 0.0976 0.9904 0.0976
vn 0.0975 0.9904 -0.0975
vn 0.0282 0.2902 0.9566
vn 0.0939 0.9527 -0.2891
vn 0.0467 0.4708 0.8810
vn 0.1376 0.4529 0.8809
vn 0.1846 0.6089 0.7714
vn 0.2250 0.7411 -0.6326
vn 0.1847 0.6088 -0.7715
vn 0.2563 0.8449 0.4695
vn 0.1373 0.4528 -0.8810
vn 0.2779 0.9161 0.2890
vn 0.0846 0.2788 -0.9566
vn 0.0845 0.2789 0.9566
vn 0.2778 0.9162 -0.2889
vn 0.4691 0.8777 0.0975
vn 0.4692 0.8777 -0.0975
vn 0.1371 0.2573 0.9566
vn 0.4512 0.8443 -0.2890
vn 0.2230 0.4173 0.8810
vn 0.4161 0.7786 -0.4697
vn 0.2999 0.5612 0.7714
vn 0.3651 0.6831 0.6326
vn 0.2999 0.5611 -0.7715
vn 0.4163 0.7786 0.4697
vn 0.2231 0.4174 -0.8809
vn 0.4037 0.4917 0.7715
vn 0.4914 0.5987 -0.6326
vn 0.4912 0.5988 0.6326
vn 0.5602 0.6824 0.4697
vn 0.3002 0.3658 -0.8809
vn 0.6074 0.7400 0.2889
vn 0.1848 0.2253 -0.9566
vn 0.6312 0.7694 0.0975
vn 0.1847 0.2253 0.9566
vn 0.6074 0.7400 -0.2890
vn 0.3001 0.3655 0.8811
vn 0.2252 0.1849 -0.9566
vn 0.7693 0.6314 0.0975
vn 0.7694 0.6313 -0.0976
vn 0.2255 0.1850 0.9565
vn 0.3658 0.3000 0.8810
vn 0.6825 0.5600 -0.4697
vn 0.4917 0.4038 0.7715
vn 0.5987 0.4913 0.6326
vn 0.4919 0.4035 -0.7715
vn 0.6825 0.5600 0.4697
vn 0.3657 0.3002 -0.8810
vn 0.7401 0.6072 0.2889
vn 0.5611 0.2997 0.7716
vn 0.6831 0.3651 -0.6325
vn 0.6830 0.3651 0.6326
vn 0.5611 0.3000 -0.7714
vn 0.7787 0.4161 0.4696
vn 0.4174 0.2230 -0.8809
vn 0.8442 0.4515 0.2889
vn 0.2572 0.1374 -0.9565
vn 0.8778 0.4690 0.0975
vn 0.8777 0.4691 -0.0975
vn 0.2569 0.1376 0.9566
vn 0.8441 0.4516 -0.2890
vn 0.4172 0.2231 0.8810
vn 0.9524 0.2889 0.0975
vn 0.9523 0.2891 -0.0975
vn 0.2792 0.0845 0.9565
vn 0.4527 0.1370 0.8811
vn 0.8448 0.2564 -0.4696
vn 0.6088 0.1848 0.7715
vn 0.7412 0.2247 -0.6325
vn 0.7411 0.2248 0.6326
vn 0.6089 0.1846 -0.7715
vn 0.8448 0.2562 0.4697
vn 0.4529 0.1370 -0.8810
vn 0.9162 0.2777 0.2890
vn 0.2789 0.0848 -0.9566
vn 0.7708 0.0758 -0.6326
vn 0.7708 0.0761 0.6326
vn 0.6333 0.0622 -0.7714
vn 0.8786 0.0865 0.4696
vn 0.4708 0.0464 -0.8810
vn 0.2902 0.0288 -0.9565
vn 0.9904 0.0976 0.0976
vn 0.9905 0.0974 -0.0975
vn 0.2901 0.0287 0.9566
vn 0.4709 0.0464 0.8810
vn 0.8786 0.0865 -0.4697
vn 0.6332 0.0621 0.7715
vn 0.9905 -0.0974 -0.0975
vn 0.2901 -0.0284 0.9566
vn 0.4709 -0.0467 0.8810
vn 0.8786 -0.0865 -0.4697
vn 0.6331 -0.0623 0.7715
vn 0.7708 -0.0759 -0.6325
vn 0.7707 -0.0759 0.6326
vn 0.6333 -0.0622 -0.7714
vn 0.4708 -0.0464 -0.8810
vn 0.2902 -0.0288 -0.9565
vn 0.9904 -0.0976 0.0976
vn 0.6089 -0.1846 -0.7715
vn 0.8448 -0.2562 0.4697
vn 0.4529 -0.1370 -0.8810
vn 0.2789 -0.0848 -0.9566
vn 0.9524 -0.2889 0.0975
vn 0.9523 -0.2891 -0.0975
vn 0.2792 -0.0845 0.9565
vn 0.9162 -0.2776 -0.2890
vn 0.4527 -0.1370 0.8811
vn 0.8448 -0.2564 -0.4696
vn 0.7412 -0.2247 -0.6325
vn 0.7411 -0.2248 0.6326
vn 0.2574 -0.1373 0.9565
vn 0.8443 -0.4514 -0.2890
vn 0.4173 -0.2228 0.8810
vn 0.5611 -0.2997 0.7716
vn 0.6831 -0.3652 -0.6325
vn 0.6830 -0.3650 0.6326
vn 0.5611 -0.3000 -0.7714
vn 0.7786 -0.4163 0.4696
vn 0.4174 -0.2230 -0.8809
vn 0.8442 -0.4515 0.2889
vn 0.2572 -0.1374 -0.9565
vn 0.8778 -0.4691 0.0975
vn 0.8777 -0.4692 -0.0975
vn 0.6824 -0.5602 0.4696
vn 0.3658 -0.3002 -0.8809
vn 0.7694 -0.6313 -0.0976
vn 0.2255 -0.1849 0.9565
vn 0.7400 -0.6074 -0.2890
vn 0.6825 -0.5600 -0.4697
vn 0.4917 -0.4038 0.7715
vn 0.5987 -0.4913 0.6326
vn 0.4919 -0.4035 -0.7715
vn 0.6074 -0.7400 -0.2890
vn 0.3000 -0.3655 0.8811
vn 0.4037 -0.4917 0.7715
vn 0.4914 -0.5987 -0.6326
vn 0.4911 -0.5990 0.6325
vn 0.5601 -0.6825 0.4697
vn 0.3001 -0.3658 -0.8810
vn 0.6074 -0.7400 0.2889
vn 0.1848 -0.2253 -0.9566
vn 0.6312 -0.7694 0.0975
vn 0.6314 -0.7693 -0.0975
vn 0.1847 -0.2253 0.9566
vn 0.2231 -0.4174 -0.8809
vn 0.4690 -0.8778 0.0976
vn 0.4691 -0.8777 -0.0976
vn 0.1372 -0.2573 0.9565
vn 0.4512 -0.8443 -0.2890
vn 0.2228 -0.4173 0.8810
vn 0.4162 -0.7786 -0.4696
vn 0.2999 -0.5610 0.7716
vn 0.3652 -0.6830 -0.6326
vn 0.3651 -0.6831 0.6325
vn 0.2999 -0.5611 -0.7715
vn 0.4163 -0.7786 0.4697
vn 0.1375 -0.4529 0.8809
vn 0.2563 -0.8448 -0.4697
vn 0.1846 -0.6089 0.7714
vn 0.2249 -0.7411 -0.6326
vn 0.2247 -0.7412 0.6326
vn 0.1847 -0.6088 -0.7715
vn 0.2563 -0.8449 0.4696
vn 0.1373 -0.4528 -0.8810
vn 0.0848 -0.2788 -0.9566
vn 0.2888 -0.9524 0.0976
vn 0.0842 -0.2789 0.9566
vn 0.2778 -0.9162 -0.2889
vn 0.0938 -0.9527 0.2890
vn 0.0286 -0.2902 -0.9565
vn 0.0975 -0.9904 -0.0976
vn 0.0281 -0.2902 0.9566
vn 0.0938 -0.9527 -0.2891
vn 0.0464 -0.4710 0.8809
vn 0.0626 -0.6331 0.7716
vn 0.0760 -0.7708 -0.6326
vn 0.0624 -0.6331 -0.7715
vn 0.0866 -0.8786 0.4696
vn 0.0464 -0.4709 -0.8810
vn -0.0866 -0.8786 -0.4696
vn -0.0623 -0.6332 0.7715
vn -0.0759 -0.7707 0.6327
vn -0.0624 -0.6332 -0.7714
vn -0.0866 -0.8786 0.4696
vn -0.0462 -0.4707 -0.8811
vn -0.0939 -0.9527 0.2890
vn -0.0285 -0.2902 -0.9565
vn -0.0282 -0.2902 0.9566
vn -0.0938 -0.9527 -0.2891
vn -0.0463 -0.4710 0.8809
vn -0.0848 -0.2788 -0.9566
vn -0.2889 -0.9524 -0.0975
vn -0.0842 -0.2789 0.9566
vn -0.2778 -0.9161 -0.2889
vn -0.2563 -0.8448 -0.4697
vn -0.1846 -0.6089 0.7714
vn -0.2248 -0.7411 -0.6326
vn -0.2248 -0.7412 0.6326
vn -0.1847 -0.6088 -0.7715
vn -0.1373 -0.4529 -0.8809
vn -0.2779 -0.9161 0.2890
vn -0.3652 -0.6829 -0.6327
vn -0.3651 -0.6831 0.6325
vn -0.2999 -0.5611 -0.7715
vn -0.4163 -0.7786 0.4697
vn -0.2230 -0.4174 -0.8809
vn -0.4692 -0.8777 0.0975
vn -0.4693 -0.8776 -0.0975
vn -0.1378 -0.2573 0.9565
vn -0.2232 -0.4170 0.8811
vn -0.4162 -0.7786 -0.4696
vn -0.2999 -0.5610 0.7716
vn -0.1847 -0.2253 0.9566
vn -0.6074 -0.7400 -0.2890
vn -0.3001 -0.3658 0.8810
vn -0.5600 -0.6825 -0.4696
vn -0.4037 -0.4917 0.7715
vn -0.4913 -0.5987 -0.6326
vn -0.4912 -0.5988 0.6325
vn -0.4036 -0.4918 -0.7715
vn -0.5601 -0.6824 0.4697
vn -0.3001 -0.3658 -0.8810
vn -0.6074 -0.7400 0.2889
vn -0.1848 -0.2253 -0.9566
vn -0.6314 -0.7693 0.0976
vn -0.5987 -0.4913 0.6326
vn -0.6825 -0.5600 0.4697
vn -0.3658 -0.3000 -0.8810
vn -0.2252 -0.1850 -0.9566
vn -0.7693 -0.6314 0.0975
vn -0.7694 -0.6313 -0.0975
vn -0.2255 -0.1849 0.9565
vn -0.3658 -0.3003 0.8809
vn -0.6823 -0.5602 -0.4696
vn -0.4917 -0.4039 0.7714
vn -0.5987 -0.4912 -0.6326
vn -0.8777 -0.4691 -0.0975
vn -0.2573 -0.1373 0.9565
vn -0.8444 -0.4512 -0.2890
vn -0.4173 -0.2228 0.8810
vn -0.7786 -0.4162 -0.4697
vn -0.5611 -0.2997 0.7716
vn -0.6831 -0.3650 -0.6326
vn -0.6830 -0.3651 0.6326
vn -0.5611 -0.3000 -0.7714
vn -0.7786 -0.4162 0.4696
vn -0.4173 -0.2233 -0.8809
vn -0.8442 -0.4515 0.2889
vn -0.2572 -0.1374 -0.9565
vn -0.6089 -0.1846 -0.7715
vn -0.8449 -0.2562 0.4696
vn -0.4529 -0.1372 -0.8809
vn -0.9162 -0.2777 0.2890
vn -0.2789 -0.0848 -0.9566
vn -0.2792 -0.0845 0.9565
vn -0.9161 -0.2779 -0.2890
vn -0.4527 -0.1373 0.8810
vn -0.8448 -0.2564 -0.4697
vn -0.6088 -0.1848 0.7715
vn -0.7412 -0.2249 -0.6326
vn -0.7411 -0.2249 0.6326
vn -0.2901 -0.0284 0.9566
vn -0.4709 -0.0464 0.8809
vn -0.8786 -0.0864 -0.4697
vn -0.6331 -0.0623 0.7715
vn -0.7708 -0.0758 -0.6326
vn -0.7708 -0.0759 0.6326
vn -0.6333 -0.0622 -0.7714
vn -0.8786 -0.0865 0.4696
vn -0.4708 -0.0464 -0.8810
vn -0.2901 -0.0286 -0.9566
vn -0.9904 -0.0976 0.0976
vn -0.9904 -0.0977 -0.0975
vn -0.4708 0.0464 -0.8810
vn -0.2902 0.0288 -0.9565
vn -0.9904 0.0976 0.0976
vn -0.9905 0.0974 -0.0975
vn -0.2901 0.0284 0.9566
vn -0.4709 0.0464 0.8810
vn -0.8786 0.0864 -0.4697
vn -0.6331 0.0623 0.7715
vn -0.7708 0.0758 -0.6325
vn -0.7708 0.0761 0.6326
vn -0.6332 0.0624 -0.7714
vn -0.9161 0.2779 -0.2890
vn -0.8448 0.2563 -0.4697
vn -0.6089 0.1848 0.7714
vn -0.7412 0.2249 -0.6325
vn -0.7411 0.2249 0.6326
vn -0.6089 0.1846 -0.7715
vn -0.8449 0.2562 0.4696
vn -0.4529 0.1372 -0.8809
vn -0.9162 0.2776 0.2890
vn -0.2789 0.0848 -0.9566
vn -0.2792 0.0845 0.9565
vn -0.4173 0.2233 -0.8809
vn -0.8442 0.4515 0.2889
vn -0.2572 0.1374 -0.9565
vn -0.8777 0.4693 0.0975
vn -0.8777 0.4692 -0.0975
vn -0.2574 0.1373 0.9565
vn -0.8444 0.4512 -0.2890
vn -0.4172 0.2231 0.8810
vn -0.7786 0.4161 -0.4697
vn -0.5611 0.2997 0.7716
vn -0.6831 0.3652 -0.6325
vn -0.6830 0.3650 0.6326
vn -0.5611 0.3000 -0.7714
vn -0.7786 0.4163 0.4696
vn -0.6825 0.5600 -0.4697
vn -0.4918 0.4036 0.7715
vn -0.5987 0.4913 -0.6326
vn -0.5987 0.4913 0.6326
vn -0.4918 0.4038 -0.7714
vn -0.6824 0.5602 0.4696
vn -0.3659 0.3000 -0.8810
vn -0.7693 0.6314 0.0975
vn -0.7694 0.6313 -0.0976
vn -0.2258 0.1849 0.9565
vn -0.7400 0.6074 -0.2890
vn -0.3658 0.3003 0.8809
vn -0.1848 0.2253 -0.9566
vn -0.6313 0.7694 0.0975
vn -0.6313 0.7694 -0.0975
vn -0.1850 0.2252 0.9566
vn -0.6074 0.7399 -0.2891
vn -0.3000 0.3661 0.8809
vn -0.5600 0.6825 -0.4696
vn -0.4037 0.4917 0.7715
vn -0.4037 0.4918 -0.7714
vn -0.5601 0.6824 0.4697
vn -0.3002 0.3656 -0.8810
vn -0.6074 0.7399 0.2891
vn -0.2999 0.5610 0.7716
vn -0.3652 0.6830 -0.6326
vn -0.3651 0.6830 0.6326
vn -0.2999 0.5611 -0.7715
vn -0.4162 0.7787 0.4695
vn -0.2231 0.4174 -0.8809
vn -0.4514 0.8443 0.2890
vn -0.4690 0.8778 0.0976
vn -0.4691 0.8777 -0.0976
vn -0.1372 0.2573 0.9565
vn -0.4512 0.8444 -0.2890
vn -0.2231 0.4170 0.8811
vn -0.4162 0.7786 -0.4697
vn -0.2888 0.9524 -0.0976
vn -0.0842 0.2786 0.9567
vn -0.2778 0.9161 -0.2889
vn -0.2563 0.8448 -0.4697
vn -0.1846 0.6089 0.7714
vn -0.2247 0.7412 0.6326
vn -0.1848 0.6088 -0.7715
vn -0.2562 0.8449 0.4695
vn -0.2779 0.9161 0.2890
vn -0.0849 0.2788 -0.9566
vn -0.0759 0.7707 0.6327
vn -0.0624 0.6332 -0.7714
vn -0.0866 0.8786 0.4696
vn -0.0464 0.4709 -0.8810
vn -0.0939 0.9527 0.2891
vn -0.0285 0.2902 -0.9565
vn -0.0975 0.9904 0.0975
vn -0.0281 0.2902 0.9566
vn -0.0464 0.4710 0.8809
vn -0.0626 0.6332 0.7715
vn -0.2241 -0.1294 0.9659
vn -0.8364 -0.4830 0.2589
vn -0.8365 -0.4829 -0.2588
vn -0.6123 -0.3535 -0.7071
vn -0.2243 -0.1294 -0.9659
vn 0.2241 0.1294 -0.9659
vn 0.8365 0.4829 0.2588
vn -0.5002 0.8659 0.0002
vn -0.5000 0.8660 -0.0002
vn -0.5004 0.8658 -0.0000
vn -0.5001 0.8660 0.0002
vn -0.4999 0.8661 -0.0002
vn -0.4997 0.8662 -0.0000
vn -0.5000 0.8660 -0.0000
vn -0.5001 0.8660 -0.0000
vn 0.2242 0.1294 0.9659
vn 0.5001 -0.8660 0.0001
vn 0.4994 -0.8664 -0.0000
vn 0.4992 -0.8665 -0.0000
vn 0.4998 -0.8661 -0.0001
vn 0.4989 -0.8666 -0.0000
vn 0.4990 -0.8666 -0.0000
vn 0.5000 -0.8660 -0.0001
vn 0.5001 -0.8659 0.0001
vn 0.5002 -0.8659 -0.0000
vn 0.0975 0.9904 -0.0976
vn 0.0759 0.7707 -0.6326
vn 0.0759 0.7707 0.6327
vn 0.0624 0.6331 -0.7715
vn 0.0866 0.8786 0.4697
vn 0.0848 0.2789 -0.9566
vn 0.2888 0.9524 0.0976
vn 0.0849 0.2789 0.9566
vn 0.2778 0.9161 -0.2889
vn 0.2563 0.8449 -0.4695
vn 0.1846 0.6089 0.7715
vn 0.2248 0.7412 0.6325
vn 0.4161 0.7787 -0.4696
vn 0.2999 0.5610 0.7716
vn 0.3651 0.6829 -0.6327
vn 0.3650 0.6832 0.6325
vn 0.2999 0.5613 -0.7714
vn 0.4163 0.7786 0.4696
vn 0.2231 0.4172 -0.8810
vn 0.4513 0.8443 0.2890
vn 0.1375 0.2571 -0.9565
vn 0.4691 0.8777 -0.0976
vn 0.4514 0.8442 -0.2890
vn 0.1847 0.2253 -0.9566
vn 0.6312 0.7694 0.0976
vn 0.1847 0.2252 0.9566
vn 0.3001 0.3658 0.8810
vn 0.5600 0.6825 -0.4697
vn 0.4914 0.5986 -0.6326
vn 0.4037 0.4917 -0.7716
vn 0.5601 0.6825 0.4697
vn 0.3001 0.3659 -0.8810
vn 0.6825 0.5601 -0.4696
vn 0.5987 0.4912 -0.6326
vn 0.6825 0.5599 0.4697
vn 0.3657 0.3000 -0.8811
vn 0.2252 0.1850 -0.9566
vn 0.2255 0.1852 0.9565
vn 0.3659 0.3003 0.8809
vn 0.2572 0.1372 -0.9566
vn 0.2574 0.1373 0.9565
vn 0.8443 0.4514 -0.2889
vn 0.5610 0.2999 0.7716
vn 0.6831 0.3650 -0.6326
vn 0.8443 0.4513 0.2889
vn 0.6088 0.1851 0.7714
vn 0.7412 0.2247 -0.6326
vn 0.7411 0.2249 0.6326
vn 0.6089 0.1844 -0.7715
vn 0.8448 0.2563 0.4696
vn 0.9525 0.2887 0.0975
vn 0.2792 0.0848 0.9565
vn 0.8448 0.2563 -0.4697
vn 0.9904 0.0977 -0.0976
vn 0.2901 0.0281 0.9566
vn 0.7708 0.0759 -0.6325
vn 0.7708 0.0759 0.6326
vn 0.9527 0.0937 0.2890
vn 0.4708 -0.0462 -0.8810
vn 0.9527 -0.0937 0.2890
vn 0.2901 -0.0285 -0.9566
vn 0.9904 -0.0977 -0.0975
vn 0.2901 -0.0287 0.9566
vn 0.6332 -0.0621 0.7714
vn 0.2792 -0.0848 0.9565
vn 0.6088 -0.1850 0.7714
vn 0.7412 -0.2247 -0.6326
vn 0.7411 -0.2249 0.6326
vn 0.6089 -0.1844 -0.7715
vn 0.8449 -0.2562 0.4697
vn 0.9525 -0.2887 0.0975
vn 0.8443 -0.4513 0.2889
vn 0.8776 -0.4693 0.0975
vn 0.8778 -0.4690 -0.0975
vn 0.2573 -0.1372 0.9565
vn 0.8443 -0.4514 -0.2889
vn 0.4172 -0.2231 0.8810
vn 0.5610 -0.2999 0.7716
vn 0.6831 -0.3650 -0.6326
vn 0.6830 -0.3652 0.6326
vn 0.2258 -0.1852 0.9564
vn 0.3658 -0.3003 0.8809
vn 0.6824 -0.5601 -0.4697
vn 0.4916 -0.4039 0.7715
vn 0.5987 -0.4912 -0.6326
vn 0.5988 -0.4913 0.6326
vn 0.3659 -0.3000 -0.8810
vn 0.3001 -0.3659 -0.8810
vn 0.1850 -0.2252 0.9566
vn 0.3000 -0.3658 0.8810
vn 0.5600 -0.6825 -0.4697
vn 0.4914 -0.5986 -0.6326
vn 0.4912 -0.5988 0.6325
vn 0.4037 -0.4917 -0.7716
vn 0.4161 -0.7787 -0.4696
vn 0.3652 -0.6829 -0.6327
vn 0.3651 -0.6831 0.6326
vn 0.2999 -0.5613 -0.7714
vn 0.4163 -0.7786 0.4696
vn 0.4513 -0.8443 0.2890
vn 0.1376 -0.2571 -0.9565
vn 0.4691 -0.8778 0.0975
vn 0.0849 -0.2789 -0.9566
vn 0.0851 -0.2789 0.9566
vn 0.2778 -0.9161 -0.2889
vn 0.1373 -0.4531 0.8808
vn 0.2562 -0.8448 -0.4697
vn 0.2249 -0.7412 -0.6325
vn 0.1849 -0.6088 -0.7715
vn 0.0464 -0.4708 0.8810
vn 0.0626 -0.6332 0.7715
vn 0.0866 -0.8786 0.4697
vn 0.0464 -0.4707 -0.8811
vn 0.0975 -0.9904 -0.0975
vn -0.0286 -0.2901 -0.9566
vn -0.0975 -0.9904 0.0976
vn -0.0467 -0.4708 0.8810
vn -0.0624 -0.6331 -0.7715
vn -0.0866 -0.8786 0.4697
vn -0.2248 -0.7412 -0.6326
vn -0.2563 -0.8449 0.4696
vn -0.1373 -0.4530 -0.8809
vn -0.2779 -0.9161 0.2889
vn -0.0848 -0.2789 -0.9566
vn -0.0845 -0.2789 0.9566
vn -0.1372 -0.4529 0.8809
vn -0.1374 -0.2571 -0.9566
vn -0.4691 -0.8777 0.0975
vn -0.4692 -0.8777 -0.0975
vn -0.4513 -0.8443 -0.2890
vn -0.2230 -0.4171 0.8811
vn -0.2998 -0.5614 0.7714
vn -0.3651 -0.6830 -0.6326
vn -0.2999 -0.5613 -0.7714
vn -0.4163 -0.7785 0.4697
vn -0.2231 -0.4174 -0.8809
vn -0.4914 -0.5986 -0.6326
vn -0.4912 -0.5988 0.6326
vn -0.3001 -0.3659 -0.8810
vn -0.6314 -0.7693 -0.0975
vn -0.1847 -0.2255 0.9566
vn -0.4037 -0.4916 0.7716
vn -0.2255 -0.1850 0.9565
vn -0.6825 -0.5600 -0.4697
vn -0.4918 -0.4035 -0.7715
vn -0.6829 -0.3654 0.6326
vn -0.5611 -0.3002 -0.7714
vn -0.7787 -0.4161 0.4696
vn -0.4174 -0.2230 -0.8809
vn -0.8443 -0.4513 0.2890
vn -0.2572 -0.1372 -0.9566
vn -0.2573 -0.1376 0.9565
vn -0.8443 -0.4514 -0.2889
vn -0.4172 -0.2231 0.8810
vn -0.6831 -0.3649 -0.6326
vn -0.2791 -0.0846 0.9565
vn -0.8448 -0.2565 -0.4697
vn -0.6088 -0.1851 0.7714
vn -0.7412 -0.2249 -0.6325
vn -0.7411 -0.2248 0.6326
vn -0.6089 -0.1844 -0.7715
vn -0.8449 -0.2562 0.4697
vn -0.9162 -0.2776 0.2890
vn -0.2790 -0.0846 -0.9566
vn -0.6333 -0.0620 -0.7714
vn -0.4709 -0.0462 -0.8810
vn -0.2901 -0.0285 -0.9566
vn -0.4709 -0.0467 0.8809
vn -0.6331 -0.0626 0.7715
vn -0.7708 -0.0759 -0.6325
vn -0.9527 0.0942 -0.2890
vn -0.4708 0.0467 0.8810
vn -0.8786 0.0865 -0.4697
vn -0.6331 0.0626 0.7715
vn -0.7708 0.0759 -0.6325
vn -0.6333 0.0620 -0.7714
vn -0.4708 0.0462 -0.8810
vn -0.2902 0.0286 -0.9565
vn -0.9905 0.0974 0.0976
vn -0.9904 0.0977 -0.0975
vn -0.8448 0.2562 0.4697
vn -0.2790 0.0846 -0.9566
vn -0.2792 0.0848 0.9565
vn -0.8448 0.2564 -0.4696
vn -0.6088 0.1850 0.7714
vn -0.7411 0.2248 0.6326
vn -0.6090 0.1847 -0.7713
vn -0.8442 0.4516 -0.2889
vn -0.6831 0.3649 -0.6326
vn -0.6829 0.3654 0.6326
vn -0.5611 0.3002 -0.7714
vn -0.4174 0.2230 -0.8809
vn -0.8443 0.4513 0.2889
vn -0.2572 0.1372 -0.9566
vn -0.2573 0.1376 0.9565
vn -0.2255 0.1850 0.9565
vn -0.6826 0.5599 -0.4697
vn -0.4917 0.4039 0.7714
vn -0.5987 0.4912 -0.6326
vn -0.5987 0.4912 0.6327
vn -0.4919 0.4035 -0.7715
vn -0.5600 0.6825 -0.4697
vn -0.4913 0.5988 -0.6326
vn -0.4913 0.5986 0.6326
vn -0.4038 0.4916 -0.7716
vn -0.5601 0.6825 0.4697
vn -0.3001 0.3659 -0.8810
vn -0.6314 0.7693 -0.0975
vn -0.1847 0.2255 0.9566
vn -0.6075 0.7399 -0.2890
vn -0.3000 0.3658 0.8810
vn -0.1374 0.2571 -0.9566
vn -0.1378 0.2573 0.9565
vn -0.3652 0.6829 -0.6327
vn -0.3651 0.6831 0.6325
vn -0.2999 0.5613 -0.7714
vn -0.4162 0.7786 0.4696
vn -0.2231 0.4173 -0.8810
vn -0.4515 0.8442 0.2891
vn -0.2248 0.7411 0.6327
vn -0.1847 0.6088 -0.7715
vn -0.2563 0.8449 0.4696
vn -0.2778 0.9162 0.2889
vn -0.0849 0.2789 -0.9566
vn -0.0845 0.2789 0.9566
vn -0.0975 0.9904 0.0976
vn -0.0624 0.6331 -0.7715
vn -0.0939 0.9527 0.2890
vn -0.0285 0.2901 -0.9566
vn 0.2243 -0.1294 0.9659
vn 0.8365 -0.4830 0.2589
vn 0.2241 -0.1294 -0.9659
vn -0.2241 0.1294 -0.9659
vn -0.8365 0.4829 0.2588
vn -0.4998 -0.8661 -0.0003
vn -0.5000 -0.8660 0.0003
vn -0.4997 -0.8662 -0.0000
vn -0.5002 -0.8659 -0.0003
vn -0.5004 -0.8658 -0.0000
vn -0.5000 -0.8660 -0.0000
vn -0.5001 -0.8660 -0.0000
vn -0.2241 0.1294 0.9659
vn 0.5001 0.8660 -0.0001
vn 0.4991 0.8665 -0.0000
vn 0.4989 0.8667 -0.0000
vn 0.4998 0.8661 0.0001
vn 0.4993 0.8664 -0.0000
vn 0.4994 0.8664 -0.0000
vn 0.5000 0.8660 0.0001
vn 0.5001 0.8659 -0.0001
vn 0.5000 0.8660 -0.0000
vn 0.0760 0.7707 0.6327
vn 0.0464 0.4707 -0.8811
vn 0.0287 0.2902 0.9565
vn 0.1373 0.4529 0.8809
vn 0.1374 0.4529 -0.8809
vn 0.0849 0.2789 -0.9565
vn 0.4514 0.8442 0.2890
vn 0.1374 0.2571 -0.9566
vn 0.4690 0.8778 0.0976
vn 0.2232 0.4173 0.8809
vn 0.4162 0.7786 -0.4696
vn 0.2998 0.5614 0.7714
vn 0.3652 0.6830 -0.6326
vn 0.3651 0.6831 0.6325
vn 0.5600 0.6825 -0.4696
vn 0.4912 0.5988 0.6325
vn 0.3001 0.3658 -0.8810
vn 0.2253 0.1849 -0.9566
vn 0.3658 0.3003 0.8809
vn 0.6825 0.5599 -0.4697
vn 0.4917 0.4039 0.7714
vn 0.3659 0.3000 -0.8810
vn 0.6831 0.3650 -0.6325
vn 0.5612 0.2999 -0.7715
vn 0.8443 0.4513 0.2890
vn 0.8778 0.4690 -0.0975
vn 0.4527 0.1376 0.8810
vn 0.4527 0.1375 -0.8810
vn 0.6331 0.0623 0.7715
vn 0.4708 0.0462 -0.8810
vn 0.2901 0.0285 -0.9566
vn 0.9904 0.0977 -0.0975
vn 0.4709 0.0467 0.8809
vn 0.2901 -0.0281 0.9566
vn 0.6332 -0.0624 -0.7714
vn 0.4527 -0.1375 -0.8810
vn 0.4527 -0.1376 0.8810
vn 0.8448 -0.2563 -0.4697
vn 0.2572 -0.1373 0.9566
vn 0.7786 -0.4163 -0.4696
vn 0.6832 -0.3650 -0.6325
vn 0.5611 -0.3000 -0.7715
vn 0.3657 -0.3000 -0.8811
vn 0.7693 -0.6314 0.0975
vn 0.4917 -0.4039 0.7714
vn 0.5600 -0.6825 -0.4696
vn 0.4037 -0.4916 -0.7715
vn 0.3003 -0.3658 -0.8809
vn 0.2230 -0.4173 -0.8810
vn 0.1375 -0.2571 -0.9565
vn 0.3650 -0.6832 0.6325
vn 0.3001 -0.5610 -0.7715
vn 0.2563 -0.8448 -0.4696
vn 0.1375 -0.4528 -0.8810
vn 0.2779 -0.9161 0.2889
vn 0.0849 -0.2789 -0.9565
vn 0.2890 -0.9524 -0.0976
vn 0.0976 -0.9904 -0.0975
vn 0.0759 -0.7707 -0.6326
vn -0.0462 -0.4709 -0.8810
vn -0.0976 -0.9904 0.0976
vn -0.0287 -0.2899 0.9566
vn -0.0849 -0.2789 -0.9565
vn -0.2249 -0.7412 -0.6325
vn -0.2248 -0.7412 0.6325
vn -0.4161 -0.7786 -0.4697
vn -0.3000 -0.5613 -0.7714
vn -0.2230 -0.4173 -0.8810
vn -0.4691 -0.8778 0.0975
vn -0.4691 -0.8777 -0.0976
vn -0.1371 -0.2573 0.9566
vn -0.4514 -0.8442 -0.2890
vn -0.2231 -0.4173 0.8810
vn -0.5600 -0.6825 -0.4697
vn -0.5601 -0.6825 0.4697
vn -0.3003 -0.3658 -0.8809
vn -0.4919 -0.4035 -0.7715
vn -0.3657 -0.3000 -0.8811
vn -0.3657 -0.3004 0.8809
vn -0.6825 -0.5599 -0.4697
vn -0.2574 -0.1376 0.9565
vn -0.6090 -0.1847 -0.7714
vn -0.4527 -0.1373 -0.8810
vn -0.2789 -0.0846 -0.9566
vn -0.2792 -0.0848 0.9565
vn -0.4708 -0.0462 -0.8810
vn -0.2902 -0.0286 -0.9565
vn -0.9904 -0.0976 0.0975
vn -0.2901 0.0285 -0.9566
vn -0.2901 0.0287 0.9566
vn -0.4709 0.0467 0.8810
vn -0.7707 0.0759 0.6326
vn -0.9161 0.2778 -0.2890
vn -0.2789 0.0846 -0.9566
vn -0.8444 0.4511 0.2890
vn -0.2572 0.1376 0.9565
vn -0.8443 0.4514 -0.2889
vn -0.6832 0.3649 -0.6325
vn -0.5612 0.2999 -0.7715
vn -0.3657 0.3003 0.8809
vn -0.3657 0.3000 -0.8811
vn -0.7693 0.6313 -0.0976
vn -0.5601 0.6825 0.4696
vn -0.4163 0.7786 -0.4697
vn -0.3000 0.5612 -0.7714
vn -0.2230 0.4174 -0.8809
vn -0.4515 0.8442 0.2890
vn -0.1375 0.2571 -0.9565
vn -0.1377 0.2573 0.9565
vn -0.4513 0.8442 -0.2890
vn -0.2228 0.4171 0.8811
vn -0.0846 0.2789 -0.9566
vn -0.0842 0.2789 0.9566
vn -0.1375 0.4529 0.8809
vn -0.2248 0.7412 -0.6325
vn -0.2248 0.7412 0.6326
vn -0.2779 0.9161 0.2889
vn -0.0623 0.6332 0.7715
vn -0.0760 0.7708 -0.6326
vn -0.0866 0.8786 0.4697
vn -0.0463 0.4707 -0.8811
vn -0.0283 0.2902 -0.9565
vn -0.0288 0.2899 0.9566
vn -0.2589 -0.9659 -0.0000
vn -0.7071 -0.7072 -0.0000
vn -0.7071 0.7072 -0.0000
vn -0.2587 0.9659 -0.0000
vn 0.2589 0.9659 -0.0000
vn 0.7071 0.7072 -0.0000
vn 0.7071 -0.7072 -0.0000
vn -0.0000 -0.2587 0.9659
vn -0.0000 -0.7071 -0.7072
vn -1.0000 0.0002 -0.0000
vn -1.0000 0.0001 -0.0000
vn -0.0000 0.2587 0.9659
vn 1.0000 0.0009 -0.0000
vn 1.0000 -0.0009 -0.0000
vn 1.0000 -0.0001 -0.0000
s 0
usemtl bolt_black
f 2//1 3//1 1//1
f 4//2 5//2 3//2
f 6//3 7//3 5//3
f 8//4 9//4 7//4
f 10//5 11//5 9//5
f 12//6 13//6 11//6
f 14//7 15//7 13//7
f 16//8 17//8 15//8
f 18//9 19//9 17//9
f 20//10 21//10 19//10
f 22//11 14//11 6//11
f 22//12 23//12 21//12
f 24//13 1//13 23//13
f 7//14 15//14 23//14
f 26//15 27//15 25//15
f 28//16 29//16 27//16
f 30//17 31//17 29//17
f 32//18 33//18 31//18
f 34//19 35//19 33//19
f 36//20 37//20 35//20
f 38//21 39//21 37//21
f 40//22 41//22 39//22
f 42//23 43//23 41//23
f 44//24 45//24 43//24
f 46//25 38//25 30//25
f 46//26 47//26 45//26
f 48//27 25//27 47//27
f 31//28 39//28 47//28
f 532//541 533//541 531//541
f 534//542 535//542 533//542
f 536//543 537//543 535//543
f 538//544 539//544 537//544
f 539//545 542//545 541//545
f 542//546 543//546 541//546
f 544//547 545//547 543//547
f 545//548 548//548 547//548
f 547//549 550//549 549//549
f 550//550 551//550 549//550
f 552//551 544//551 536//551
f 552//552 553//552 551//552
f 553//553 532//553 531//553
f 537//554 545//554 553//554
f 1038//832 1039//832 1037//832
f 1039//833 1042//833 1041//833
f 1042//834 1043//834 1041//834
f 1044//835 1045//835 1043//835
f 1046//836 1047//836 1045//836
f 1047//837 1050//837 1049//837
f 1050//838 1051//838 1049//838
f 1052//839 1053//839 1051//839
f 1054//840 1055//840 1053//840
f 1056//841 1057//841 1055//841
f 1058//842 1050//842 1042//842
f 1057//843 1060//843 1059//843
f 1060//844 1037//844 1059//844
f 1043//845 1051//845 1059//845
f 1544//1046 1545//1046 1543//1046
f 1546//2 1547//2 1545//2
f 1548//1047 1549//1047 1547//1047
f 1550//1048 1551//1048 1549//1048
f 1552//5 1553//5 1551//5
f 1554//1049 1555//1049 1553//1049
f 1556//7 1557//7 1555//7
f 1558//1050 1559//1050 1557//1050
f 1560//1051 1561//1051 1559//1051
f 1562//1052 1563//1052 1561//1052
f 1564//11 1556//11 1548//11
f 1564//1053 1565//1053 1563//1053
f 1566//1054 1543//1054 1565//1054
f 1549//14 1557//14 1565//14
f 1568//27 1569//27 1567//27
f 1570//1055 1571//1055 1569//1055
f 1572//24 1573//24 1571//24
f 1574//23 1575//23 1573//23
f 1576//22 1577//22 1575//22
f 1578//1056 1579//1056 1577//1056
f 1580//1057 1581//1057 1579//1057
f 1582//19 1583//19 1581//19
f 1584//18 1585//18 1583//18
f 1586//17 1587//17 1585//17
f 1588//28 1580//28 1572//28
f 1588//16 1589//16 1587//16
f 1590//1058 1567//1058 1589//1058
f 1573//1059 1581//1059 1589//1059
f 2//1 4//1 3//1
f 4//2 6//2 5//2
f 6//3 8//3 7//3
f 8//4 10//4 9//4
f 10//5 12//5 11//5
f 12//6 14//6 13//6
f 14//7 16//7 15//7
f 16//1062 18//1062 17//1062
f 18//9 20//9 19//9
f 20//10 22//10 21//10
f 6//1063 4//1063 2//1063
f 2//11 24//11 22//11
f 22//11 20//11 18//11
f 18//1064 16//1064 14//1064
f 14//11 12//11 10//11
f 10//11 8//11 6//11
f 6//11 2//11 22//11
f 22//11 18//11 14//11
f 14//11 10//11 6//11
f 22//1065 24//1065 23//1065
f 24//13 2//13 1//13
f 23//14 1//14 3//14
f 3//1066 5//1066 7//1066
f 7//1066 9//1066 11//1066
f 11//14 13//14 15//14
f 15//1067 17//1067 19//1067
f 19//1067 21//1067 23//1067
f 23//14 3//14 7//14
f 7//14 11//14 15//14
f 15//14 19//14 23//14
f 26//1058 28//1058 27//1058
f 28//16 30//16 29//16
f 30//17 32//17 31//17
f 32//18 34//18 33//18
f 34//19 36//19 35//19
f 36//1068 38//1068 37//1068
f 38//1069 40//1069 39//1069
f 40//22 42//22 41//22
f 42//23 44//23 43//23
f 44//24 46//24 45//24
f 30//1070 28//1070 26//1070
f 26//25 48//25 46//25
f 46//25 44//25 42//25
f 42//1071 40//1071 38//1071
f 38//25 36//25 34//25
f 34//25 32//25 30//25
f 30//25 26//25 46//25
f 46//1070 42//1070 38//1070
f 38//1071 34//1071 30//1071
f 46//26 48//26 47//26
f 48//1072 26//1072 25//1072
f 47//28 25//28 27//28
f 27//28 29//28 31//28
f 31//28 33//28 35//28
f 35//28 37//28 39//28
f 39//28 41//28 43//28
f 43//28 45//28 47//28
f 47//28 27//28 31//28
f 31//28 35//28 39//28
f 39//28 43//28 47//28
f 532//1445 534//1445 533//1445
f 534//542 536//542 535//542
f 536//1446 538//1446 537//1446
f 538//1447 540//1447 539//1447
f 539//1448 540//1448 542//1448
f 542//1449 544//1449 543//1449
f 544//1450 546//1450 545//1450
f 545//548 546//548 548//548
f 547//549 548//549 550//549
f 550//1451 552//1451 551//1451
f 536//1452 534//1452 532//1452
f 532//1453 554//1453 552//1453
f 552//1454 550//1454 548//1454
f 548//1455 546//1455 544//1455
f 544//1456 542//1456 540//1456
f 540//1457 538//1457 536//1457
f 536//1458 532//1458 552//1458
f 552//1458 548//1458 544//1458
f 544//1459 540//1459 536//1459
f 552//552 554//552 553//552
f 553//1460 554//1460 532//1460
f 553//1461 531//1461 533//1461
f 533//1462 535//1462 537//1462
f 537//1463 539//1463 541//1463
f 541//1464 543//1464 545//1464
f 545//1465 547//1465 549//1465
f 549//1466 551//1466 553//1466
f 553//1467 533//1467 537//1467
f 537//1468 541//1468 545//1468
f 545//1469 549//1469 553//1469
f 1038//1699 1040//1699 1039//1699
f 1039//833 1040//833 1042//833
f 1042//1700 1044//1700 1043//1700
f 1044//835 1046//835 1045//835
f 1046//836 1048//836 1047//836
f 1047//1701 1048//1701 1050//1701
f 1050//1702 1052//1702 1051//1702
f 1052//839 1054//839 1053//839
f 1054//840 1056//840 1055//840
f 1056//1703 1058//1703 1057//1703
f 1042//1704 1040//1704 1038//1704
f 1038//1705 1060//1705 1058//1705
f 1058//1706 1056//1706 1054//1706
f 1054//1707 1052//1707 1050//1707
f 1050//1705 1048//1705 1046//1705
f 1046//1708 1044//1708 1042//1708
f 1042//1709 1038//1709 1058//1709
f 1058//1709 1054//1709 1050//1709
f 1050//1710 1046//1710 1042//1710
f 1057//843 1058//843 1060//843
f 1060//1711 1038//1711 1037//1711
f 1059//1712 1037//1712 1039//1712
f 1039//1713 1041//1713 1043//1713
f 1043//1714 1045//1714 1047//1714
f 1047//1715 1049//1715 1051//1715
f 1051//1716 1053//1716 1055//1716
f 1055//1717 1057//1717 1059//1717
f 1059//1718 1039//1718 1043//1718
f 1043//1719 1047//1719 1051//1719
f 1051//1720 1055//1720 1059//1720
f 1544//1844 1546//1844 1545//1844
f 1546//1845 1548//1845 1547//1845
f 1548//1047 1550//1047 1549//1047
f 1550//1048 1552//1048 1551//1048
f 1552//1846 1554//1846 1553//1846
f 1554//1847 1556//1847 1555//1847
f 1556//1848 1558//1848 1557//1848
f 1558//1849 1560//1849 1559//1849
f 1560//1051 1562//1051 1561//1051
f 1562//1052 1564//1052 1563//1052
f 1548//11 1546//11 1544//11
f 1544//11 1566//11 1564//11
f 1564//11 1562//11 1560//11
f 1560//11 1558//11 1556//11
f 1556//11 1554//11 1552//11
f 1552//11 1550//11 1548//11
f 1548//11 1544//11 1564//11
f 1564//1063 1560//1063 1556//1063
f 1556//1064 1552//1064 1548//1064
f 1564//1850 1566//1850 1565//1850
f 1566//13 1544//13 1543//13
f 1565//14 1543//14 1545//14
f 1545//14 1547//14 1549//14
f 1549//14 1551//14 1553//14
f 1553//14 1555//14 1557//14
f 1557//14 1559//14 1561//14
f 1561//14 1563//14 1565//14
f 1565//14 1545//14 1549//14
f 1549//14 1553//14 1557//14
f 1557//14 1561//14 1565//14
f 1568//1851 1570//1851 1569//1851
f 1570//26 1572//26 1571//26
f 1572//24 1574//24 1573//24
f 1574//23 1576//23 1575//23
f 1576//1852 1578//1852 1577//1852
f 1578//1069 1580//1069 1579//1069
f 1580//20 1582//20 1581//20
f 1582//19 1584//19 1583//19
f 1584//18 1586//18 1585//18
f 1586//17 1588//17 1587//17
f 1572//1853 1570//1853 1568//1853
f 1568//28 1590//28 1588//28
f 1588//28 1586//28 1584//28
f 1584//28 1582//28 1580//28
f 1580//28 1578//28 1576//28
f 1576//28 1574//28 1572//28
f 1572//28 1568//28 1588//28
f 1588//1854 1584//1854 1580//1854
f 1580//28 1576//28 1572//28
f 1588//16 1590//16 1589//16
f 1590//1855 1568//1855 1567//1855
f 1589//25 1567//25 1569//25
f 1569//1856 1571//1856 1573//1856
f 1573//25 1575//25 1577//25
f 1577//25 1579//25 1581//25
f 1581//25 1583//25 1585//25
f 1585//1857 1587//1857 1589//1857
f 1589//25 1569//25 1573//25
f 1573//25 1577//25 1581//25
f 1581//1858 1585//1858 1589//1858
usemtl grp_white
f 51//29 60//29 52//29
f 55//30 68//30 527//30
f 523//31 60//31 61//31
f 527//32 69//32 528//32
f 523//33 62//33 53//33
f 528//34 70//34 529//34
f 53//35 63//35 524//35
f 529//36 71//36 530//36
f 54//37 63//37 64//37
f 50//38 49//38 57//38
f 56//39 530//39 71//39
f 54//40 65//40 525//40
f 522//41 57//41 58//41
f 526//42 65//42 66//42
f 522//43 59//43 51//43
f 526//44 67//44 55//44
f 58//45 74//45 59//45
f 66//46 82//46 67//46
f 59//47 75//47 60//47
f 67//48 83//48 68//48
f 60//49 76//49 61//49
f 68//50 84//50 69//50
f 61//51 77//51 62//51
f 70//52 84//52 85//52
f 62//53 78//53 63//53
f 70//54 86//54 71//54
f 63//55 79//55 64//55
f 57//56 49//56 72//56
f 56//57 71//57 86//57
f 64//58 80//58 65//58
f 58//59 72//59 73//59
f 66//60 80//60 81//60
f 77//61 93//61 78//61
f 85//62 101//62 86//62
f 78//63 94//63 79//63
f 72//64 49//64 87//64
f 56//65 86//65 101//65
f 79//66 95//66 80//66
f 73//67 87//67 88//67
f 81//68 95//68 96//68
f 74//69 88//69 89//69
f 81//70 97//70 82//70
f 74//71 90//71 75//71
f 83//72 97//72 98//72
f 75//73 91//73 76//73
f 83//74 99//74 84//74
f 77//75 91//75 92//75
f 84//76 100//76 85//76
f 96//77 112//77 97//77
f 90//78 104//78 105//78
f 97//79 113//79 98//79
f 91//80 105//80 106//80
f 98//81 114//81 99//81
f 91//82 107//82 92//82
f 99//83 115//83 100//83
f 92//84 108//84 93//84
f 100//85 116//85 101//85
f 93//86 109//86 94//86
f 87//87 49//87 102//87
f 56//88 101//88 116//88
f 95//89 109//89 110//89
f 88//90 102//90 103//90
f 96//91 110//91 111//91
f 89//92 103//92 104//92
f 116//93 130//93 131//93
f 108//94 124//94 109//94
f 102//95 49//95 117//95
f 56//96 116//96 131//96
f 110//97 124//97 125//97
f 102//98 118//98 103//98
f 111//99 125//99 126//99
f 103//100 119//100 104//100
f 111//101 127//101 112//101
f 105//102 119//102 120//102
f 113//103 127//103 128//103
f 105//104 121//104 106//104
f 114//105 128//105 129//105
f 106//106 122//106 107//106
f 115//107 129//107 130//107
f 107//108 123//108 108//108
f 120//109 134//109 135//109
f 128//110 142//110 143//110
f 120//111 136//111 121//111
f 128//112 144//112 129//112
f 121//113 137//113 122//113
f 129//114 145//114 130//114
f 122//115 138//115 123//115
f 131//116 145//116 146//116
f 123//117 139//117 124//117
f 117//118 49//118 132//118
f 56//119 131//119 146//119
f 125//120 139//120 140//120
f 118//121 132//121 133//121
f 125//122 141//122 126//122
f 119//123 133//123 134//123
f 126//124 142//124 127//124
f 138//125 154//125 139//125
f 132//126 49//126 147//126
f 56//127 146//127 161//127
f 140//128 154//128 155//128
f 132//129 148//129 133//129
f 140//130 156//130 141//130
f 133//131 149//131 134//131
f 142//132 156//132 157//132
f 134//133 150//133 135//133
f 143//134 157//134 158//134
f 136//135 150//135 151//135
f 144//136 158//136 159//136
f 136//137 152//137 137//137
f 144//138 160//138 145//138
f 138//139 152//139 153//139
f 146//140 160//140 161//140
f 158//141 172//141 173//141
f 150//142 166//142 151//142
f 159//143 173//143 174//143
f 151//144 167//144 152//144
f 160//145 174//145 175//145
f 152//146 168//146 153//146
f 160//147 176//147 161//147
f 153//148 169//148 154//148
f 147//149 49//149 162//149
f 56//150 161//150 176//150
f 155//151 169//151 170//151
f 147//152 163//152 148//152
f 156//153 170//153 171//153
f 148//154 164//154 149//154
f 157//155 171//155 172//155
f 150//156 164//156 165//156
f 56//157 176//157 191//157
f 169//158 185//158 170//158
f 162//159 178//159 163//159
f 170//160 186//160 171//160
f 163//161 179//161 164//161
f 171//162 187//162 172//162
f 165//163 179//163 180//163
f 173//164 187//164 188//164
f 165//165 181//165 166//165
f 173//166 189//166 174//166
f 167//167 181//167 182//167
f 174//168 190//168 175//168
f 168//169 182//169 183//169
f 176//170 190//170 191//170
f 169//171 183//171 184//171
f 162//172 49//172 177//172
f 188//173 204//173 189//173
f 182//174 196//174 197//174
f 190//175 204//175 205//175
f 183//176 197//176 198//176
f 190//177 206//177 191//177
f 184//178 198//178 199//178
f 177//179 49//179 192//179
f 56//180 191//180 206//180
f 184//181 200//181 185//181
f 178//182 192//182 193//182
f 185//183 201//183 186//183
f 179//184 193//184 194//184
f 187//185 201//185 202//185
f 180//186 194//186 195//186
f 187//187 203//187 188//187
f 180//188 196//188 181//188
f 193//189 207//189 208//189
f 200//190 216//190 201//190
f 194//191 208//191 209//191
f 202//192 216//192 217//192
f 194//193 210//193 195//193
f 202//194 218//194 203//194
f 196//195 210//195 211//195
f 204//196 218//196 219//196
f 196//197 212//197 197//197
f 205//198 219//198 220//198
f 198//199 212//199 213//199
f 205//200 221//200 206//200
f 199//201 213//201 214//201
f 192//202 49//202 207//202
f 56//203 206//203 221//203
f 199//204 215//204 200//204
f 211//205 227//205 212//205
f 219//206 235//206 220//206
f 212//207 228//207 213//207
f 221//208 235//208 236//208
f 213//209 229//209 214//209
f 207//210 49//210 222//210
f 56//211 221//211 236//211
f 214//212 230//212 215//212
f 208//213 222//213 223//213
f 215//214 231//214 216//214
f 209//215 223//215 224//215
f 217//216 231//216 232//216
f 209//217 225//217 210//217
f 217//218 233//218 218//218
f 211//219 225//219 226//219
f 218//220 234//220 219//220
f 230//221 246//221 231//221
f 223//222 239//222 224//222
f 232//223 246//223 247//223
f 224//224 240//224 225//224
f 233//225 247//225 248//225
f 226//226 240//226 241//226
f 234//227 248//227 249//227
f 226//228 242//228 227//228
f 235//229 249//229 250//229
f 228//230 242//230 243//230
f 236//231 250//231 251//231
f 229//232 243//232 244//232
f 222//233 49//233 237//233
f 56//234 236//234 251//234
f 229//235 245//235 230//235
f 222//236 238//236 223//236
f 250//237 264//237 265//237
f 243//238 257//238 258//238
f 250//239 266//239 251//239
f 243//240 259//240 244//240
f 237//241 49//241 252//241
f 56//242 251//242 266//242
f 244//243 260//243 245//243
f 237//244 253//244 238//244
f 245//245 261//245 246//245
f 238//246 254//246 239//246
f 247//247 261//247 262//247
f 239//248 255//248 240//248
f 247//249 263//249 248//249
f 241//250 255//250 256//250
f 249//251 263//251 264//251
f 241//252 257//252 242//252
f 254//253 268//253 269//253
f 261//254 277//254 262//254
f 254//255 270//255 255//255
f 262//256 278//256 263//256
f 255//257 271//257 256//257
f 263//258 279//258 264//258
f 257//259 271//259 272//259
f 264//260 280//260 265//260
f 258//261 272//261 273//261
f 266//262 280//262 281//262
f 258//263 274//263 259//263
f 252//264 49//264 267//264
f 56//265 266//265 281//265
f 260//266 274//266 275//266
f 252//267 268//267 253//267
f 260//268 276//268 261//268
f 273//269 287//269 288//269
f 280//270 296//270 281//270
f 273//271 289//271 274//271
f 267//272 49//272 282//272
f 56//273 281//273 296//273
f 275//274 289//274 290//274
f 267//275 283//275 268//275
f 275//276 291//276 276//276
f 268//277 284//277 269//277
f 276//278 292//278 277//278
f 269//279 285//279 270//279
f 278//280 292//280 293//280
f 270//281 286//281 271//281
f 278//282 294//282 279//282
f 272//283 286//283 287//283
f 279//284 295//284 280//284
f 292//285 306//285 307//285
f 284//286 300//286 285//286
f 292//287 308//287 293//287
f 286//288 300//288 301//288
f 293//289 309//289 294//289
f 286//290 302//290 287//290
f 294//291 310//291 295//291
f 287//292 303//292 288//292
f 296//293 310//293 311//293
f 289//294 303//294 304//294
f 282//295 49//295 297//295
f 56//296 296//296 311//296
f 289//297 305//297 290//297
f 283//298 297//298 298//298
f 290//299 306//299 291//299
f 284//300 298//300 299//300
f 311//301 325//301 326//301
f 304//302 318//302 319//302
f 297//303 49//303 312//303
f 56//304 311//304 326//304
f 304//305 320//305 305//305
f 297//306 313//306 298//306
f 306//307 320//307 321//307
f 299//308 313//308 314//308
f 307//309 321//309 322//309
f 299//310 315//310 300//310
f 307//311 323//311 308//311
f 301//312 315//312 316//312
f 308//313 324//313 309//313
f 301//314 317//314 302//314
f 309//315 325//315 310//315
f 302//316 318//316 303//316
f 322//317 338//317 323//317
f 315//318 331//318 316//318
f 323//319 339//319 324//319
f 317//320 331//320 332//320
f 324//321 340//321 325//321
f 317//322 333//322 318//322
f 325//323 341//323 326//323
f 318//324 334//324 319//324
f 312//325 49//325 327//325
f 56//326 326//326 341//326
f 319//327 335//327 320//327
f 312//328 328//328 313//328
f 321//329 335//329 336//329
f 314//330 328//330 329//330
f 321//331 337//331 322//331
f 315//332 329//332 330//332
f 327//333 49//333 342//333
f 56//334 341//334 356//334
f 334//335 350//335 335//335
f 328//336 342//336 343//336
f 336//337 350//337 351//337
f 329//338 343//338 344//338
f 336//339 352//339 337//339
f 330//340 344//340 345//340
f 338//341 352//341 353//341
f 330//342 346//342 331//342
f 338//343 354//343 339//343
f 332//344 346//344 347//344
f 339//345 355//345 340//345
f 332//346 348//346 333//346
f 340//347 356//347 341//347
f 333//348 349//348 334//348
f 345//349 361//349 346//349
f 353//350 369//350 354//350
f 346//351 362//351 347//351
f 355//352 369//352 370//352
f 347//353 363//353 348//353
f 355//354 371//354 356//354
f 348//355 364//355 349//355
f 342//356 49//356 357//356
f 56//357 356//357 371//357
f 349//358 365//358 350//358
f 343//359 357//359 358//359
f 351//360 365//360 366//360
f 343//361 359//361 344//361
f 352//362 366//362 367//362
f 344//363 360//363 345//363
f 352//364 368//364 353//364
f 364//365 380//365 365//365
f 357//366 373//366 358//366
f 366//367 380//367 381//367
f 358//368 374//368 359//368
f 367//369 381//369 382//369
f 360//370 374//370 375//370
f 367//371 383//371 368//371
f 360//372 376//372 361//372
f 368//373 384//373 369//373
f 361//374 377//374 362//374
f 370//375 384//375 385//375
f 362//376 378//376 363//376
f 371//377 385//377 386//377
f 364//378 378//378 379//378
f 357//379 49//379 372//379
f 56//380 371//380 386//380
f 384//381 398//381 399//381
f 377//382 391//382 392//382
f 384//383 400//383 385//383
f 378//384 392//384 393//384
f 386//385 400//385 401//385
f 378//386 394//386 379//386
f 372//387 49//387 387//387
f 56//388 386//388 401//388
f 380//389 394//389 395//389
f 372//390 388//390 373//390
f 380//391 396//391 381//391
f 373//392 389//392 374//392
f 381//393 397//393 382//393
f 374//394 390//394 375//394
f 382//395 398//395 383//395
f 375//396 391//396 376//396
f 388//397 402//397 403//397
f 396//398 410//398 411//398
f 389//399 403//399 404//399
f 397//400 411//400 412//400
f 389//401 405//401 390//401
f 398//402 412//402 413//402
f 391//403 405//403 406//403
f 399//404 413//404 414//404
f 391//405 407//405 392//405
f 400//406 414//406 415//406
f 392//407 408//407 393//407
f 401//408 415//408 416//408
f 393//409 409//409 394//409
f 387//410 49//410 402//410
f 56//411 401//411 416//411
f 394//412 410//412 395//412
f 407//413 421//413 422//413
f 414//414 430//414 415//414
f 408//415 422//415 423//415
f 416//416 430//416 431//416
f 409//417 423//417 424//417
f 402//418 49//418 417//418
f 56//419 416//419 431//419
f 409//420 425//420 410//420
f 402//421 418//421 403//421
f 410//422 426//422 411//422
f 403//423 419//423 404//423
f 411//424 427//424 412//424
f 405//425 419//425 420//425
f 412//426 428//426 413//426
f 406//427 420//427 421//427
f 414//428 428//428 429//428
f 425//429 441//429 426//429
f 419//430 433//430 434//430
f 426//431 442//431 427//431
f 420//432 434//432 435//432
f 428//433 442//433 443//433
f 421//434 435//434 436//434
f 428//435 444//435 429//435
f 421//436 437//436 422//436
f 430//437 444//437 445//437
f 422//438 438//438 423//438
f 430//439 446//439 431//439
f 424//440 438//440 439//440
f 417//441 49//441 432//441
f 56//442 431//442 446//442
f 424//443 440//443 425//443
f 418//444 432//444 433//444
f 444//445 460//445 445//445
f 438//446 452//446 453//446
f 445//447 461//447 446//447
f 439//448 453//448 454//448
f 432//449 49//449 447//449
f 56//450 446//450 461//450
f 439//451 455//451 440//451
f 433//452 447//452 448//452
f 440//453 456//453 441//453
f 433//454 449//454 434//454
f 442//455 456//455 457//455
f 434//456 450//456 435//456
f 442//457 458//457 443//457
f 436//458 450//458 451//458
f 444//459 458//459 459//459
f 436//460 452//460 437//460
f 457//461 471//461 472//461
f 449//462 465//462 450//462
f 458//463 472//463 473//463
f 451//464 465//464 466//464
f 459//465 473//465 474//465
f 451//466 467//466 452//466
f 459//467 475//467 460//467
f 453//468 467//468 468//468
f 461//469 475//469 476//469
f 454//470 468//470 469//470
f 447//471 49//471 462//471
f 56//472 461//472 476//472
f 454//473 470//473 455//473
f 447//474 463//474 448//474
f 455//475 471//475 456//475
f 449//476 463//476 464//476
f 476//477 490//477 491//477
f 468//478 484//478 469//478
f 462//479 49//479 477//479
f 56//480 476//480 491//480
f 469//481 485//481 470//481
f 463//482 477//482 478//482
f 470//483 486//483 471//483
f 464//484 478//484 479//484
f 471//485 487//485 472//485
f 464//486 480//486 465//486
f 473//487 487//487 488//487
f 465//488 481//488 466//488
f 474//489 488//489 489//489
f 466//490 482//490 467//490
f 474//491 490//491 475//491
f 467//492 483//492 468//492
f 479//493 495//493 480//493
f 487//494 503//494 488//494
f 481//495 495//495 496//495
f 489//496 503//496 504//496
f 482//497 496//497 497//497
f 490//498 504//498 505//498
f 482//499 498//499 483//499
f 490//500 506//500 491//500
f 483//501 499//501 484//501
f 477//502 49//502 492//502
f 56//503 491//503 506//503
f 484//504 500//504 485//504
f 477//505 493//505 478//505
f 486//506 500//506 501//506
f 478//507 494//507 479//507
f 486//508 502//508 487//508
f 498//509 514//509 499//509
f 492//510 49//510 507//510
f 56//511 506//511 521//511
f 500//512 514//512 515//512
f 492//513 508//513 493//513
f 500//514 516//514 501//514
f 494//515 508//515 509//515
f 501//516 517//516 502//516
f 494//517 510//517 495//517
f 503//518 517//518 518//518
f 495//519 511//519 496//519
f 504//520 518//520 519//520
f 497//521 511//521 512//521
f 504//522 520//522 505//522
f 498//523 512//523 513//523
f 505//524 521//524 506//524
f 518//525 55//525 527//525
f 510//526 523//526 511//526
f 518//527 528//527 519//527
f 512//528 523//528 53//528
f 519//529 529//529 520//529
f 513//530 53//530 524//530
f 521//531 529//531 530//531
f 513//532 54//532 514//532
f 507//533 49//533 50//533
f 56//534 521//534 530//534
f 514//535 525//535 515//535
f 507//536 522//536 508//536
f 515//537 526//537 516//537
f 508//538 51//538 509//538
f 517//539 526//539 55//539
f 509//540 52//540 510//540
f 1035//36 577//36 1036//36
f 1030//555 570//555 560//555
f 556//38 555//38 563//38
f 562//39 1036//39 577//39
f 560//40 571//40 1031//40
f 1028//41 563//41 564//41
f 1032//42 571//42 572//42
f 1028//556 565//556 557//556
f 1032//557 573//557 561//557
f 557//29 566//29 558//29
f 561//30 574//30 1033//30
f 558//31 567//31 1029//31
f 1033//558 575//558 1034//558
f 559//33 567//33 568//33
f 1034//559 576//559 1035//559
f 559//35 569//35 1030//35
f 576//52 590//52 591//52
f 568//560 584//560 569//560
f 577//561 591//561 592//561
f 570//562 584//562 585//562
f 563//56 555//56 578//56
f 562//57 577//57 592//57
f 570//58 586//58 571//58
f 563//563 579//563 564//563
f 572//60 586//60 587//60
f 564//564 580//564 565//564
f 572//565 588//565 573//565
f 565//47 581//47 566//47
f 574//566 588//566 589//566
f 566//567 582//567 567//567
f 574//50 590//50 575//50
f 567//51 583//51 568//51
f 580//568 594//568 595//568
f 588//569 602//569 603//569
f 581//570 595//570 596//570
f 589//571 603//571 604//571
f 581//572 597//572 582//572
f 589//74 605//74 590//74
f 583//573 597//573 598//573
f 590//76 606//76 591//76
f 583//61 599//61 584//61
f 592//574 606//574 607//574
f 584//63 600//63 585//63
f 578//64 555//64 593//64
f 562//65 592//65 607//65
f 586//575 600//575 601//575
f 579//576 593//576 594//576
f 586//577 602//577 587//577
f 598//84 614//84 599//84
f 607//578 621//578 622//578
f 599//86 615//86 600//86
f 593//87 555//87 608//87
f 562//88 607//88 622//88
f 600//579 616//579 601//579
f 593//580 609//580 594//580
f 602//91 616//91 617//91
f 595//92 609//92 610//92
f 602//77 618//77 603//77
f 596//581 610//581 611//581
f 603//79 619//79 604//79
f 596//582 612//582 597//582
f 604//583 620//583 605//583
f 598//584 612//584 613//584
f 605//585 621//585 606//585
f 618//586 632//586 633//586
f 610//587 626//587 611//587
f 618//103 634//103 619//103
f 611//104 627//104 612//104
f 619//105 635//105 620//105
f 612//588 628//588 613//588
f 620//589 636//589 621//589
f 613//108 629//108 614//108
f 621//590 637//590 622//590
f 614//94 630//94 615//94
f 608//591 555//591 623//591
f 562//592 622//592 637//592
f 616//97 630//97 631//97
f 609//593 623//593 624//593
f 617//594 631//594 632//594
f 610//595 624//595 625//595
f 637//116 651//116 652//116
f 629//596 645//596 630//596
f 623//118 555//118 638//118
f 562//119 637//119 652//119
f 630//597 646//597 631//597
f 623//598 639//598 624//598
f 632//122 646//122 647//122
f 625//123 639//123 640//123
f 632//124 648//124 633//124
f 626//109 640//109 641//109
f 633//599 649//599 634//599
f 626//111 642//111 627//111
f 634//600 650//600 635//600
f 628//601 642//601 643//601
f 635//114 651//114 636//114
f 628//115 644//115 629//115
f 640//602 656//602 641//602
f 649//134 663//134 664//134
f 641//603 657//603 642//603
f 650//604 664//604 665//604
f 643//605 657//605 658//605
f 650//138 666//138 651//138
f 643//139 659//139 644//139
f 652//606 666//606 667//606
f 644//125 660//125 645//125
f 638//607 555//607 653//607
f 562//127 652//127 667//127
f 646//608 660//608 661//608
f 638//129 654//129 639//129
f 647//609 661//609 662//609
f 639//131 655//131 640//131
f 647//610 663//610 648//610
f 659//611 675//611 660//611
f 653//149 555//149 668//149
f 562//150 667//150 682//150
f 660//612 676//612 661//612
f 654//613 668//613 669//613
f 662//614 676//614 677//614
f 654//615 670//615 655//615
f 663//155 677//155 678//155
f 656//156 670//156 671//156
f 664//616 678//616 679//616
f 657//617 671//617 672//617
f 665//143 679//143 680//143
f 657//144 673//144 658//144
f 666//145 680//145 681//145
f 659//146 673//146 674//146
f 666//618 682//618 667//618
f 679//164 693//164 694//164
f 671//165 687//165 672//165
f 679//166 695//166 680//166
f 673//167 687//167 688//167
f 681//619 695//619 696//619
f 674//169 688//169 689//169
f 681//620 697//620 682//620
f 675//621 689//621 690//621
f 668//172 555//172 683//172
f 562//157 682//157 697//157
f 675//158 691//158 676//158
f 669//622 683//622 684//622
f 676//623 692//623 677//623
f 670//624 684//624 685//624
f 677//162 693//162 678//162
f 670//625 686//625 671//625
f 562//180 697//180 712//180
f 690//626 706//626 691//626
f 684//627 698//627 699//627
f 692//183 706//183 707//183
f 685//184 699//184 700//184
f 692//185 708//185 693//185
f 686//628 700//628 701//628
f 693//187 709//187 694//187
f 686//629 702//629 687//629
f 694//630 710//630 695//630
f 688//174 702//174 703//174
f 696//175 710//175 711//175
f 689//631 703//631 704//631
f 697//632 711//632 712//632
f 690//178 704//178 705//178
f 683//179 555//179 698//179
f 710//633 724//633 725//633
f 702//197 718//197 703//197
f 711//198 725//198 726//198
f 703//634 719//634 704//634
f 711//635 727//635 712//635
f 705//636 719//636 720//636
f 698//202 555//202 713//202
f 562//203 712//203 727//203
f 705//637 721//637 706//637
f 699//638 713//638 714//638
f 706//639 722//639 707//639
f 699//640 715//640 700//640
f 708//192 722//192 723//192
f 700//193 716//193 701//193
f 709//641 723//641 724//641
f 701//642 717//642 702//642
f 713//643 729//643 714//643
f 721//644 737//644 722//644
f 715//645 729//645 730//645
f 722//646 738//646 723//646
f 715//647 731//647 716//647
f 724//218 738//218 739//218
f 716//648 732//648 717//648
f 725//220 739//220 740//220
f 718//649 732//649 733//649
f 725//650 741//650 726//650
f 719//651 733//651 734//651
f 727//652 741//652 742//652
f 719//209 735//209 720//209
f 713//653 555//653 728//653
f 562//654 727//654 742//654
f 720//212 736//212 721//212
f 732//655 748//655 733//655
f 741//656 755//656 756//656
f 734//230 748//230 749//230
f 742//657 756//657 757//657
f 734//658 750//658 735//658
f 728//233 555//233 743//233
f 562//234 742//234 757//234
f 735//659 751//659 736//659
f 729//660 743//660 744//660
f 736//221 752//221 737//221
f 729//222 745//222 730//222
f 738//223 752//223 753//223
f 730//661 746//661 731//661
f 738//662 754//662 739//662
f 732//663 746//663 747//663
f 740//227 754//227 755//227
f 751//664 767//664 752//664
f 744//665 760//665 745//665
f 752//666 768//666 753//666
f 745//667 761//667 746//667
f 753//668 769//668 754//668
f 746//250 762//250 747//250
f 755//251 769//251 770//251
f 747//669 763//669 748//669
f 755//670 771//670 756//670
f 748//671 764//671 749//671
f 757//672 771//672 772//672
f 750//673 764//673 765//673
f 743//241 555//241 758//241
f 562//242 757//242 772//242
f 750//243 766//243 751//243
f 743//674 759//674 744//674
f 771//675 785//675 786//675
f 764//676 778//676 779//676
f 771//677 787//677 772//677
f 764//263 780//263 765//263
f 758//264 555//264 773//264
f 562//265 772//265 787//265
f 766//266 780//266 781//266
f 759//678 773//678 774//678
f 766//268 782//268 767//268
f 759//679 775//679 760//679
f 767//680 783//680 768//680
f 760//255 776//255 761//255
f 768//256 784//256 769//256
f 761//681 777//681 762//681
f 769//682 785//682 770//682
f 762//683 778//683 763//683
f 774//277 790//277 775//277
f 782//684 798//684 783//684
f 775//685 791//685 776//685
f 783//686 799//686 784//686
f 776//687 792//687 777//687
f 785//282 799//282 800//282
f 777//283 793//283 778//283
f 785//284 801//284 786//284
f 779//269 793//269 794//269
f 786//270 802//270 787//270
f 779//688 795//688 780//688
f 773//272 555//272 788//272
f 562//273 787//273 802//273
f 781//274 795//274 796//274
f 773//275 789//275 774//275
f 781//276 797//276 782//276
f 793//292 809//292 794//292
f 801//689 817//689 802//689
f 795//294 809//294 810//294
f 788//690 555//690 803//690
f 562//691 802//691 817//691
f 795//692 811//692 796//692
f 789//693 803//693 804//693
f 797//694 811//694 812//694
f 789//695 805//695 790//695
f 797//285 813//285 798//285
f 790//696 806//696 791//696
f 798//697 814//697 799//697
f 792//288 806//288 807//288
f 799//289 815//289 800//289
f 792//290 808//290 793//290
f 800//291 816//291 801//291
f 812//698 828//698 813//698
f 806//310 820//310 821//310
f 813//699 829//699 814//699
f 806//312 822//312 807//312
f 814//313 830//313 815//313
f 808//700 822//700 823//700
f 815//701 831//701 816//701
f 808//316 824//316 809//316
f 817//301 831//301 832//301
f 810//702 824//702 825//702
f 803//303 555//303 818//303
f 562//304 817//304 832//304
f 810//305 826//305 811//305
f 804//703 818//703 819//703
f 812//704 826//704 827//704
f 805//705 819//705 820//705
f 831//323 847//323 832//323
f 824//324 840//324 825//324
f 818//325 555//325 833//325
f 562//326 832//326 847//326
f 825//327 841//327 826//327
f 818//706 834//706 819//706
f 827//329 841//329 842//329
f 820//707 834//707 835//707
f 828//708 842//708 843//708
f 820//709 836//709 821//709
f 828//710 844//710 829//710
f 821//711 837//711 822//711
f 829//319 845//319 830//319
f 822//320 838//320 823//320
f 830//712 846//712 831//712
f 823//713 839//713 824//713
f 843//714 859//714 844//714
f 837//715 851//715 852//715
f 844//716 860//716 845//716
f 838//344 852//344 853//344
f 845//345 861//345 846//345
f 838//346 854//346 839//346
f 846//717 862//717 847//717
f 839//718 855//718 840//718
f 833//333 555//333 848//333
f 562//334 847//334 862//334
f 841//719 855//719 856//719
f 833//720 849//720 834//720
f 842//337 856//337 857//337
f 835//721 849//721 850//721
f 842//722 858//722 843//722
f 836//340 850//340 851//340
f 848//356 555//356 863//356
f 562//357 862//357 877//357
f 855//358 871//358 856//358
f 848//723 864//723 849//723
f 857//360 871//360 872//360
f 849//361 865//361 850//361
f 857//724 873//724 858//724
f 850//363 866//363 851//363
f 858//364 874//364 859//364
f 851//349 867//349 852//349
f 860//725 874//725 875//725
f 853//726 867//726 868//726
f 861//727 875//727 876//727
f 853//353 869//353 854//353
f 861//728 877//728 862//728
f 854//355 870//355 855//355
f 867//729 881//729 882//729
f 874//373 890//373 875//373
f 867//730 883//730 868//730
f 875//731 891//731 876//731
f 868//732 884//732 869//732
f 877//733 891//733 892//733
f 869//378 885//378 870//378
f 863//379 555//379 878//379
f 562//380 877//380 892//380
f 870//734 886//734 871//734
f 863//735 879//735 864//735
f 872//736 886//736 887//736
f 865//737 879//737 880//737
f 873//738 887//738 888//738
f 866//739 880//739 881//739
f 873//740 889//740 874//740
f 886//389 900//389 901//389
f 879//741 893//741 894//741
f 886//391 902//391 887//391
f 880//392 894//392 895//392
f 888//393 902//393 903//393
f 880//742 896//742 881//742
f 889//395 903//395 904//395
f 881//743 897//743 882//743
f 890//744 904//744 905//744
f 882//382 898//382 883//382
f 891//745 905//745 906//745
f 883//384 899//384 884//384
f 892//746 906//746 907//746
f 884//386 900//386 885//386
f 878//747 555//747 893//747
f 562//748 892//748 907//748
f 905//749 919//749 920//749
f 897//750 913//750 898//750
f 905//751 921//751 906//751
f 898//407 914//407 899//407
f 907//408 921//408 922//408
f 899//752 915//752 900//752
f 893//410 555//410 908//410
f 562//411 907//411 922//411
f 901//753 915//753 916//753
f 894//754 908//754 909//754
f 902//398 916//398 917//398
f 895//399 909//399 910//399
f 902//755 918//755 903//755
f 895//756 911//756 896//756
f 903//757 919//757 904//757
f 897//403 911//403 912//403
f 908//758 924//758 909//758
f 917//759 931//759 932//759
f 909//423 925//423 910//423
f 917//424 933//424 918//424
f 911//760 925//760 926//760
f 918//761 934//761 919//761
f 912//762 926//762 927//762
f 919//763 935//763 920//763
f 913//764 927//764 928//764
f 921//765 935//765 936//765
f 914//415 928//415 929//415
f 922//416 936//416 937//416
f 915//766 929//766 930//766
f 908//418 555//418 923//418
f 562//419 922//419 937//419
f 915//767 931//767 916//767
f 928//436 942//436 943//436
f 935//768 951//768 936//768
f 929//438 943//438 944//438
f 936//769 952//769 937//769
f 930//440 944//440 945//440
f 923//770 555//770 938//770
f 562//771 937//771 952//771
f 930//443 946//443 931//443
f 924//772 938//772 939//772
f 931//429 947//429 932//429
f 924//773 940//773 925//773
f 932//774 948//774 933//774
f 926//775 940//775 941//775
f 933//433 949//433 934//433
f 927//776 941//776 942//776
f 935//777 949//777 950//777
f 947//778 961//778 962//778
f 939//454 955//454 940//454
f 948//455 962//455 963//455
f 940//779 956//779 941//779
f 949//780 963//780 964//780
f 941//781 957//781 942//781
f 950//459 964//459 965//459
f 942//460 958//460 943//460
f 951//782 965//782 966//782
f 944//783 958//783 959//783
f 951//784 967//784 952//784
f 944//448 960//448 945//448
f 938//449 555//449 953//449
f 562//450 952//450 967//450
f 946//785 960//785 961//785
f 939//786 953//786 954//786
f 965//467 981//467 966//467
f 959//787 973//787 974//787
f 967//788 981//788 982//788
f 959//789 975//789 960//789
f 953//471 555//471 968//471
f 562//472 967//472 982//472
f 960//473 976//473 961//473
f 954//790 968//790 969//790
f 961//475 977//475 962//475
f 955//476 969//476 970//476
f 963//791 977//791 978//791
f 956//792 970//792 971//792
f 964//463 978//463 979//463
f 956//464 972//464 957//464
f 964//793 980//793 965//793
f 957//794 973//794 958//794
f 977//795 993//795 978//795
f 971//796 985//796 986//796
f 979//797 993//797 994//797
f 971//798 987//798 972//798
f 979//799 995//799 980//799
f 973//490 987//490 988//490
f 981//800 995//800 996//800
f 973//492 989//492 974//492
f 981//801 997//801 982//801
f 975//802 989//802 990//802
f 968//479 555//479 983//479
f 562//480 982//480 997//480
f 975//481 991//481 976//481
f 968//803 984//803 969//803
f 977//804 991//804 992//804
f 969//805 985//805 970//805
f 996//500 1012//500 997//500
f 989//806 1005//806 990//806
f 983//502 555//502 998//502
f 562//503 997//503 1012//503
f 991//807 1005//807 1006//807
f 984//808 998//808 999//808
f 992//809 1006//809 1007//809
f 984//507 1000//507 985//507
f 992//810 1008//810 993//810
f 985//811 1001//811 986//811
f 993//812 1009//812 994//812
f 987//813 1001//813 1002//813
f 995//496 1009//496 1010//496
f 988//814 1002//814 1003//814
f 995//815 1011//815 996//815
f 988//499 1004//499 989//499
f 1000//517 1016//517 1001//517
f 1008//816 1024//816 1009//816
f 1001//817 1017//817 1002//817
f 1009//520 1025//520 1010//520
f 1002//818 1018//818 1003//818
f 1011//819 1025//819 1026//819
f 1004//523 1018//523 1019//523
f 1011//524 1027//524 1012//524
f 1004//509 1020//509 1005//509
f 998//510 555//510 1013//510
f 562//511 1012//511 1027//511
f 1005//820 1021//820 1006//820
f 999//513 1013//513 1014//513
f 1006//821 1022//821 1007//821
f 999//822 1015//822 1000//822
f 1008//823 1022//823 1023//823
f 1019//532 560//532 1020//532
f 1013//824 555//824 556//824
f 562//825 1027//825 1036//825
f 1020//826 1031//826 1021//826
f 1013//827 1028//827 1014//827
f 1021//828 1032//828 1022//828
f 1014//538 557//538 1015//538
f 1022//829 561//829 1023//829
f 1015//830 558//830 1016//830
f 1023//831 1033//831 1024//831
f 1016//526 1029//526 1017//526
f 1024//527 1034//527 1025//527
f 1017//528 559//528 1018//528
f 1025//529 1035//529 1026//529
f 1019//530 559//530 1030//530
f 1027//531 1035//531 1036//531
f 1067//846 1078//846 1079//846
f 1063//29 1072//29 1064//29
f 1067//847 1080//847 1539//847
f 1064//31 1073//31 1535//31
f 1539//848 1081//848 1540//848
f 1535//33 1074//33 1065//33
f 1540//559 1082//559 1541//559
f 1065//35 1075//35 1536//35
f 1541//849 1083//849 1542//849
f 1066//555 1075//555 1076//555
f 1062//38 1061//38 1069//38
f 1068//850 1542//850 1083//850
f 1066//40 1077//40 1537//40
f 1062//851 1070//851 1534//851
f 1538//42 1077//42 1078//42
f 1534//556 1071//556 1063//556
f 1078//60 1092//60 1093//60
f 1070//564 1086//564 1071//564
f 1079//852 1093//852 1094//852
f 1072//47 1086//47 1087//47
f 1079//853 1095//853 1080//853
f 1072//854 1088//854 1073//854
f 1080//855 1096//855 1081//855
f 1073//856 1089//856 1074//856
f 1082//857 1096//857 1097//857
f 1074//560 1090//560 1075//560
f 1082//858 1098//858 1083//858
f 1076//859 1090//859 1091//859
f 1069//860 1061//860 1084//860
f 1068//861 1083//861 1098//861
f 1076//58 1092//58 1077//58
f 1070//862 1084//862 1085//862
f 1096//76 1112//76 1097//76
f 1089//61 1105//61 1090//61
f 1097//863 1113//863 1098//863
f 1091//864 1105//864 1106//864
f 1084//64 1061//64 1099//64
f 1068//865 1098//865 1113//865
f 1091//66 1107//66 1092//66
f 1085//866 1099//866 1100//866
f 1093//68 1107//68 1108//68
f 1086//568 1100//568 1101//568
f 1094//569 1108//569 1109//569
f 1086//867 1102//867 1087//867
f 1094//868 1110//868 1095//868
f 1087//572 1103//572 1088//572
f 1095//74 1111//74 1096//74
f 1089//869 1103//869 1104//869
f 1101//92 1115//92 1116//92
f 1108//870 1124//870 1109//870
f 1102//581 1116//581 1117//581
f 1110//871 1124//871 1125//871
f 1102//582 1118//582 1103//582
f 1110//583 1126//583 1111//583
f 1104//584 1118//584 1119//584
f 1111//585 1127//585 1112//585
f 1104//84 1120//84 1105//84
f 1113//578 1127//578 1128//578
f 1105//872 1121//872 1106//872
f 1099//87 1061//87 1114//87
f 1068//873 1113//873 1128//873
f 1107//874 1121//874 1122//874
f 1099//580 1115//580 1100//580
f 1108//91 1122//91 1123//91
f 1119//875 1135//875 1120//875
f 1127//876 1143//876 1128//876
f 1120//94 1136//94 1121//94
f 1114//591 1061//591 1129//591
f 1068//877 1128//877 1143//877
f 1122//97 1136//97 1137//97
f 1115//878 1129//878 1130//878
f 1123//594 1137//594 1138//594
f 1115//595 1131//595 1116//595
f 1123//101 1139//101 1124//101
f 1117//879 1131//879 1132//879
f 1125//103 1139//103 1140//103
f 1117//104 1133//104 1118//104
f 1125//880 1141//880 1126//880
f 1118//588 1134//588 1119//588
f 1127//881 1141//881 1142//881
f 1139//882 1153//882 1154//882
f 1132//109 1146//109 1147//109
f 1139//599 1155//599 1140//599
f 1132//111 1148//111 1133//111
f 1141//883 1155//883 1156//883
f 1133//113 1149//113 1134//113
f 1141//884 1157//884 1142//884
f 1134//115 1150//115 1135//115
f 1142//885 1158//885 1143//885
f 1135//596 1151//596 1136//596
f 1129//118 1061//118 1144//118
f 1068//119 1143//119 1158//119
f 1137//886 1151//886 1152//886
f 1129//887 1145//887 1130//887
f 1138//888 1152//888 1153//888
f 1131//123 1145//123 1146//123
f 1158//606 1172//606 1173//606
f 1150//125 1166//125 1151//125
f 1144//607 1061//607 1159//607
f 1068//127 1158//127 1173//127
f 1151//128 1167//128 1152//128
f 1144//129 1160//129 1145//129
f 1152//609 1168//609 1153//609
f 1146//889 1160//889 1161//889
f 1154//890 1168//890 1169//890
f 1146//602 1162//602 1147//602
f 1155//134 1169//134 1170//134
f 1147//603 1163//603 1148//603
f 1156//891 1170//891 1171//891
f 1149//605 1163//605 1164//605
f 1157//892 1171//892 1172//892
f 1149//139 1165//139 1150//139
f 1161//893 1177//893 1162//893
f 1169//616 1185//616 1170//616
f 1163//617 1177//617 1178//617
f 1171//143 1185//143 1186//143
f 1163//144 1179//144 1164//144
f 1171//894 1187//894 1172//894
f 1164//146 1180//146 1165//146
f 1173//895 1187//895 1188//895
f 1165//611 1181//611 1166//611
f 1159//149 1061//149 1174//149
f 1068//150 1173//150 1188//150
f 1166//612 1182//612 1167//612
f 1159//896 1175//896 1160//896
f 1168//614 1182//614 1183//614
f 1161//897 1175//897 1176//897
f 1168//155 1184//155 1169//155
f 1181//621 1195//621 1196//621
f 1174//172 1061//172 1189//172
f 1068//157 1188//157 1203//157
f 1181//158 1197//158 1182//158
f 1174//159 1190//159 1175//159
f 1182//623 1198//623 1183//623
f 1176//624 1190//624 1191//624
f 1184//162 1198//162 1199//162
f 1177//163 1191//163 1192//163
f 1184//164 1200//164 1185//164
f 1178//898 1192//898 1193//898
f 1186//899 1200//899 1201//899
f 1178//900 1194//900 1179//900
f 1186//168 1202//168 1187//168
f 1180//169 1194//169 1195//169
f 1188//901 1202//901 1203//901
f 1199//187 1215//187 1200//187
f 1193//902 1207//902 1208//902
f 1200//630 1216//630 1201//630
f 1194//174 1208//174 1209//174
f 1201//903 1217//903 1202//903
f 1194//631 1210//631 1195//631
f 1202//904 1218//904 1203//904
f 1196//178 1210//178 1211//178
f 1189//905 1061//905 1204//905
f 1068//180 1203//180 1218//180
f 1196//906 1212//906 1197//906
f 1190//182 1204//182 1205//182
f 1198//183 1212//183 1213//183
f 1190//907 1206//907 1191//907
f 1199//908 1213//908 1214//908
f 1191//909 1207//909 1192//909
f 1068//203 1218//203 1233//203
f 1211//637 1227//637 1212//637
f 1205//910 1219//910 1220//910
f 1212//911 1228//911 1213//911
f 1205//640 1221//640 1206//640
f 1213//912 1229//912 1214//912
f 1206//193 1222//193 1207//193
f 1215//641 1229//641 1230//641
f 1207//642 1223//642 1208//642
f 1216//913 1230//913 1231//913
f 1208//197 1224//197 1209//197
f 1217//914 1231//914 1232//914
f 1210//199 1224//199 1225//199
f 1218//915 1232//915 1233//915
f 1211//916 1225//916 1226//916
f 1204//202 1061//202 1219//202
f 1231//220 1245//220 1246//220
f 1223//917 1239//917 1224//917
f 1232//918 1246//918 1247//918
f 1225//651 1239//651 1240//651
f 1233//919 1247//919 1248//919
f 1226//920 1240//920 1241//920
f 1219//653 1061//653 1234//653
f 1068//921 1233//921 1248//921
f 1226//212 1242//212 1227//212
f 1219//213 1235//213 1220//213
f 1227//644 1243//644 1228//644
f 1220//922 1236//922 1221//922
f 1229//923 1243//923 1244//923
f 1221//647 1237//647 1222//647
f 1229//218 1245//218 1230//218
f 1223//219 1237//219 1238//219
f 1235//660 1249//660 1250//660
f 1242//221 1258//221 1243//221
f 1235//222 1251//222 1236//222
f 1244//924 1258//924 1259//924
f 1236//661 1252//661 1237//661
f 1244//662 1260//662 1245//662
f 1237//663 1253//663 1238//663
f 1246//925 1260//925 1261//925
f 1238//655 1254//655 1239//655
f 1247//926 1261//926 1262//926
f 1240//230 1254//230 1255//230
f 1248//657 1262//657 1263//657
f 1241//927 1255//927 1256//927
f 1234//233 1061//233 1249//233
f 1068//928 1248//928 1263//928
f 1241//929 1257//929 1242//929
f 1253//930 1269//930 1254//930
f 1262//670 1276//670 1277//670
f 1255//238 1269//238 1270//238
f 1263//672 1277//672 1278//672
f 1255//240 1271//240 1256//240
f 1249//241 1061//241 1264//241
f 1068//931 1263//931 1278//931
f 1256//932 1272//932 1257//932
f 1249//674 1265//674 1250//674
f 1257//245 1273//245 1258//245
f 1250//933 1266//933 1251//933
f 1259//934 1273//934 1274//934
f 1251//667 1267//667 1252//667
f 1259//668 1275//668 1260//668
f 1253//935 1267//935 1268//935
f 1260//936 1276//936 1261//936
f 1272//268 1288//268 1273//268
f 1265//679 1281//679 1266//679
f 1273//937 1289//937 1274//937
f 1266//255 1282//255 1267//255
f 1274//938 1290//938 1275//938
f 1267//681 1283//681 1268//681
f 1275//682 1291//682 1276//682
f 1268//683 1284//683 1269//683
f 1277//939 1291//939 1292//939
f 1269//940 1285//940 1270//940
f 1278//262 1292//262 1293//262
f 1270//941 1286//941 1271//941
f 1264//264 1061//264 1279//264
f 1068//265 1278//265 1293//265
f 1272//266 1286//266 1287//266
f 1264//942 1280//942 1265//942
f 1291//943 1307//943 1292//943
f 1285//269 1299//269 1300//269
f 1292//270 1308//270 1293//270
f 1285//271 1301//271 1286//271
f 1279//272 1061//272 1294//272
f 1068//273 1293//273 1308//273
f 1286//274 1302//274 1287//274
f 1280//944 1294//944 1295//944
f 1287//276 1303//276 1288//276
f 1280//945 1296//945 1281//945
f 1289//946 1303//946 1304//946
f 1281//685 1297//685 1282//685
f 1290//947 1304//947 1305//947
f 1282//687 1298//687 1283//687
f 1290//948 1306//948 1291//948
f 1283//283 1299//283 1284//283
f 1295//695 1311//695 1296//695
f 1303//285 1319//285 1304//285
f 1296//696 1312//696 1297//696
f 1304//949 1320//949 1305//949
f 1297//288 1313//288 1298//288
f 1305//289 1321//289 1306//289
f 1299//290 1313//290 1314//290
f 1307//950 1321//950 1322//950
f 1299//292 1315//292 1300//292
f 1307//951 1323//951 1308//951
f 1300//952 1316//952 1301//952
f 1294//690 1061//690 1309//690
f 1068//691 1308//691 1323//691
f 1301//953 1317//953 1302//953
f 1294//954 1310//954 1295//954
f 1303//694 1317//694 1318//694
f 1314//316 1330//316 1315//316
f 1322//955 1338//955 1323//955
f 1316//702 1330//702 1331//702
f 1309//303 1061//303 1324//303
f 1068//304 1323//304 1338//304
f 1316//305 1332//305 1317//305
f 1310//703 1324//703 1325//703
f 1318//704 1332//704 1333//704
f 1311//705 1325//705 1326//705
f 1318//956 1334//956 1319//956
f 1311//310 1327//310 1312//310
f 1319//699 1335//699 1320//699
f 1312//312 1328//312 1313//312
f 1321//957 1335//957 1336//957
f 1314//700 1328//700 1329//700
f 1321//701 1337//701 1322//701
f 1333//958 1349//958 1334//958
f 1327//959 1341//959 1342//959
f 1335//960 1349//960 1350//960
f 1327//711 1343//711 1328//711
f 1335//961 1351//961 1336//961
f 1329//962 1343//962 1344//962
f 1337//963 1351//963 1352//963
f 1329//964 1345//964 1330//964
f 1337//965 1353//965 1338//965
f 1330//324 1346//324 1331//324
f 1324//325 1061//325 1339//325
f 1068//966 1338//966 1353//966
f 1332//967 1346//967 1347//967
f 1325//968 1339//968 1340//968
f 1333//329 1347//329 1348//329
f 1325//969 1341//969 1326//969
f 1352//717 1368//717 1353//717
f 1345//970 1361//970 1346//970
f 1339//333 1061//333 1354//333
f 1068//971 1353//971 1368//971
f 1347//719 1361//719 1362//719
f 1340//336 1354//336 1355//336
f 1348//337 1362//337 1363//337
f 1341//721 1355//721 1356//721
f 1348//722 1364//722 1349//722
f 1342//340 1356//340 1357//340
f 1349//972 1365//972 1350//972
f 1343//715 1357//715 1358//715
f 1351//343 1365//343 1366//343
f 1344//973 1358//973 1359//973
f 1351//974 1367//974 1352//974
f 1344//346 1360//346 1345//346
f 1365//364 1379//364 1380//364
f 1357//349 1373//349 1358//349
f 1365//725 1381//725 1366//725
f 1358//975 1374//975 1359//975
f 1367//976 1381//976 1382//976
f 1359//353 1375//353 1360//353
f 1367//977 1383//977 1368//977
f 1360//978 1376//978 1361//978
f 1354//356 1061//356 1369//356
f 1068//979 1368//979 1383//979
f 1361//358 1377//358 1362//358
f 1354//723 1370//723 1355//723
f 1363//360 1377//360 1378//360
f 1355//980 1371//980 1356//980
f 1363//981 1379//981 1364//981
f 1356//363 1372//363 1357//363
f 1369//379 1061//379 1384//379
f 1068//380 1383//380 1398//380
f 1376//365 1392//365 1377//365
f 1369//982 1385//982 1370//982
f 1378//736 1392//736 1393//736
f 1371//737 1385//737 1386//737
f 1378//983 1394//983 1379//983
f 1372//739 1386//739 1387//739
f 1379//740 1395//740 1380//740
f 1373//729 1387//729 1388//729
f 1380//373 1396//373 1381//373
f 1374//984 1388//984 1389//984
f 1381//985 1397//985 1382//985
f 1374//732 1390//732 1375//732
f 1383//986 1397//986 1398//986
f 1375//378 1391//378 1376//378
f 1387//743 1403//743 1388//743
f 1395//987 1411//987 1396//987
f 1388//382 1404//382 1389//382
f 1397//745 1411//745 1412//745
f 1390//384 1404//384 1405//384
f 1398//746 1412//746 1413//746
f 1390//386 1406//386 1391//386
f 1384//988 1061//988 1399//988
f 1068//748 1398//748 1413//748
f 1392//389 1406//389 1407//389
f 1384//989 1400//989 1385//989
f 1392//391 1408//391 1393//391
f 1386//392 1400//392 1401//392
f 1394//393 1408//393 1409//393
f 1386//742 1402//742 1387//742
f 1395//395 1409//395 1410//395
f 1406//990 1422//990 1407//990
f 1400//754 1414//754 1415//754
f 1408//398 1422//398 1423//398
f 1401//399 1415//399 1416//399
f 1409//400 1423//400 1424//400
f 1401//756 1417//756 1402//756
f 1409//757 1425//757 1410//757
f 1402//403 1418//403 1403//403
f 1411//749 1425//749 1426//749
f 1403//750 1419//750 1404//750
f 1411//751 1427//751 1412//751
f 1404//407 1420//407 1405//407
f 1412//991 1428//991 1413//991
f 1406//992 1420//992 1421//992
f 1399//410 1061//410 1414//410
f 1068//411 1413//411 1428//411
f 1425//763 1441//763 1426//763
f 1418//993 1434//993 1419//993
f 1427//765 1441//765 1442//765
f 1420//415 1434//415 1435//415
f 1427//994 1443//994 1428//994
f 1421//766 1435//766 1436//766
f 1414//418 1061//418 1429//418
f 1068//419 1428//419 1443//419
f 1421//767 1437//767 1422//767
f 1415//995 1429//995 1430//995
f 1422//422 1438//422 1423//422
f 1415//423 1431//423 1416//423
f 1424//424 1438//424 1439//424
f 1417//760 1431//760 1432//760
f 1425//761 1439//761 1440//761
f 1417//996 1433//996 1418//996
f 1430//997 1444//997 1445//997
f 1437//998 1453//998 1438//998
f 1430//773 1446//773 1431//773
f 1438//999 1454//999 1439//999
f 1432//1000 1446//1000 1447//1000
f 1439//433 1455//433 1440//433
f 1433//776 1447//776 1448//776
f 1441//1001 1455//1001 1456//1001
f 1434//436 1448//436 1449//436
f 1441//1002 1457//1002 1442//1002
f 1435//438 1449//438 1450//438
f 1442//769 1458//769 1443//769
f 1436//440 1450//440 1451//440
f 1429//770 1061//770 1444//770
f 1068//771 1443//771 1458//771
f 1436//443 1452//443 1437//443
f 1448//460 1464//460 1449//460
f 1457//1003 1471//1003 1472//1003
f 1449//1004 1465//1004 1450//1004
f 1457//784 1473//784 1458//784
f 1451//448 1465//448 1466//448
f 1444//449 1061//449 1459//449
f 1068//450 1458//450 1473//450
f 1451//1005 1467//1005 1452//1005
f 1445//1006 1459//1006 1460//1006
f 1452//1007 1468//1007 1453//1007
f 1445//454 1461//454 1446//454
f 1454//1008 1468//1008 1469//1008
f 1446//1009 1462//1009 1447//1009
f 1455//1010 1469//1010 1470//1010
f 1447//781 1463//781 1448//781
f 1455//1011 1471//1011 1456//1011
f 1467//475 1483//475 1468//475
f 1461//1012 1475//1012 1476//1012
f 1469//461 1483//461 1484//461
f 1461//462 1477//462 1462//462
f 1470//463 1484//463 1485//463
f 1462//464 1478//464 1463//464
f 1470//793 1486//793 1471//793
f 1463//794 1479//794 1464//794
f 1471//467 1487//467 1472//467
f 1465//787 1479//787 1480//787
f 1473//1013 1487//1013 1488//1013
f 1465//789 1481//789 1466//789
f 1459//471 1061//471 1474//471
f 1068//1014 1473//1014 1488//1014
f 1466//1015 1482//1015 1467//1015
f 1460//1016 1474//1016 1475//1016
f 1486//1017 1502//1017 1487//1017
f 1479//492 1495//492 1480//492
f 1488//1018 1502//1018 1503//1018
f 1481//1019 1495//1019 1496//1019
f 1474//479 1061//479 1489//479
f 1068//1020 1488//1020 1503//1020
f 1481//481 1497//481 1482//481
f 1474//1021 1490//1021 1475//1021
f 1483//804 1497//804 1498//804
f 1475//805 1491//805 1476//805
f 1483//795 1499//795 1484//795
f 1477//796 1491//796 1492//796
f 1485//797 1499//797 1500//797
f 1477//488 1493//488 1478//488
f 1485//1022 1501//1022 1486//1022
f 1478//490 1494//490 1479//490
f 1498//810 1514//810 1499//810
f 1491//811 1507//811 1492//811
f 1499//812 1515//812 1500//812
f 1493//813 1507//813 1508//813
f 1501//1023 1515//1023 1516//1023
f 1494//1024 1508//1024 1509//1024
f 1502//498 1516//498 1517//498
f 1494//499 1510//499 1495//499
f 1503//1025 1517//1025 1518//1025
f 1495//806 1511//806 1496//806
f 1489//502 1061//502 1504//502
f 1068//1026 1503//1026 1518//1026
f 1496//1027 1512//1027 1497//1027
f 1490//808 1504//808 1505//808
f 1497//1028 1513//1028 1498//1028
f 1490//1029 1506//1029 1491//1029
f 1517//1030 1533//1030 1518//1030
f 1510//509 1526//509 1511//509
f 1504//510 1061//510 1519//510
f 1068//511 1518//511 1533//511
f 1512//1031 1526//1031 1527//1031
f 1504//1032 1520//1032 1505//1032
f 1512//821 1528//821 1513//821
f 1506//515 1520//515 1521//515
f 1513//1033 1529//1033 1514//1033
f 1506//517 1522//517 1507//517
f 1515//1034 1529//1034 1530//1034
f 1508//519 1522//519 1523//519
f 1516//1035 1530//1035 1531//1035
f 1509//1036 1523//1036 1524//1036
f 1516//1037 1532//1037 1517//1037
f 1510//523 1524//523 1525//523
f 1522//1038 1063//1038 1064//1038
f 1530//1039 1067//1039 1539//1039
f 1522//526 1535//526 1523//526
f 1530//527 1540//527 1531//527
f 1524//528 1535//528 1065//528
f 1532//1040 1540//1040 1541//1040
f 1525//530 1065//530 1536//530
f 1532//1041 1542//1041 1533//1041
f 1525//532 1066//532 1526//532
f 1519//824 1061//824 1062//824
f 1068//825 1533//825 1542//825
f 1526//826 1537//826 1527//826
f 1520//1042 1062//1042 1534//1042
f 1527//1043 1538//1043 1528//1043
f 1520//1044 1063//1044 1521//1044
f 1528//1045 1067//1045 1529//1045
f 1592//28 1593//28 1591//28
f 1594//1060 1597//1060 1593//1060
f 1598//25 1595//25 1597//25
f 1596//1061 1591//1061 1595//1061
f 1597//14 1591//14 1593//14
f 1594//11 1596//11 1598//11
f 51//1073 59//1073 60//1073
f 55//847 67//847 68//847
f 523//31 52//31 60//31
f 527//1074 68//1074 69//1074
f 523//1075 61//1075 62//1075
f 528//1076 69//1076 70//1076
f 53//1077 62//1077 63//1077
f 529//1078 70//1078 71//1078
f 54//1079 524//1079 63//1079
f 54//1080 64//1080 65//1080
f 522//1081 50//1081 57//1081
f 526//1082 525//1082 65//1082
f 522//1083 58//1083 59//1083
f 526//44 66//44 67//44
f 58//1084 73//1084 74//1084
f 66//46 81//46 82//46
f 59//1085 74//1085 75//1085
f 67//1086 82//1086 83//1086
f 60//854 75//854 76//854
f 68//1087 83//1087 84//1087
f 61//1088 76//1088 77//1088
f 70//1089 69//1089 84//1089
f 62//1090 77//1090 78//1090
f 70//1091 85//1091 86//1091
f 63//55 78//55 79//55
f 64//58 79//58 80//58
f 58//1092 57//1092 72//1092
f 66//1093 65//1093 80//1093
f 77//61 92//61 93//61
f 85//62 100//62 101//62
f 78//1094 93//1094 94//1094
f 79//1095 94//1095 95//1095
f 73//1096 72//1096 87//1096
f 81//1097 80//1097 95//1097
f 74//1098 73//1098 88//1098
f 81//1099 96//1099 97//1099
f 74//1100 89//1100 90//1100
f 83//72 82//72 97//72
f 75//1101 90//1101 91//1101
f 83//1102 98//1102 99//1102
f 77//1103 76//1103 91//1103
f 84//1104 99//1104 100//1104
f 96//870 111//870 112//870
f 90//1105 89//1105 104//1105
f 97//1106 112//1106 113//1106
f 91//1107 90//1107 105//1107
f 98//81 113//81 114//81
f 91//1108 106//1108 107//1108
f 99//1109 114//1109 115//1109
f 92//1110 107//1110 108//1110
f 100//1111 115//1111 116//1111
f 93//1112 108//1112 109//1112
f 95//579 94//579 109//579
f 88//1113 87//1113 102//1113
f 96//1114 95//1114 110//1114
f 89//1115 88//1115 103//1115
f 116//1116 115//1116 130//1116
f 108//1117 123//1117 124//1117
f 110//1118 109//1118 124//1118
f 102//1119 117//1119 118//1119
f 111//594 110//594 125//594
f 103//1120 118//1120 119//1120
f 111//1121 126//1121 127//1121
f 105//1122 104//1122 119//1122
f 113//103 112//103 127//103
f 105//1123 120//1123 121//1123
f 114//1124 113//1124 128//1124
f 106//1125 121//1125 122//1125
f 115//1126 114//1126 129//1126
f 107//1127 122//1127 123//1127
f 120//1128 119//1128 134//1128
f 128//1129 127//1129 142//1129
f 120//1130 135//1130 136//1130
f 128//1131 143//1131 144//1131
f 121//1132 136//1132 137//1132
f 129//1133 144//1133 145//1133
f 122//1134 137//1134 138//1134
f 131//1135 130//1135 145//1135
f 123//1136 138//1136 139//1136
f 125//1137 124//1137 139//1137
f 118//1138 117//1138 132//1138
f 125//1139 140//1139 141//1139
f 119//1140 118//1140 133//1140
f 126//882 141//882 142//882
f 138//1141 153//1141 154//1141
f 140//1142 139//1142 154//1142
f 132//1143 147//1143 148//1143
f 140//609 155//609 156//609
f 133//1144 148//1144 149//1144
f 142//1145 141//1145 156//1145
f 134//1146 149//1146 150//1146
f 143//1147 142//1147 157//1147
f 136//1148 135//1148 150//1148
f 144//1149 143//1149 158//1149
f 136//1150 151//1150 152//1150
f 144//1151 159//1151 160//1151
f 138//1152 137//1152 152//1152
f 146//1153 145//1153 160//1153
f 158//1154 157//1154 172//1154
f 150//1155 165//1155 166//1155
f 159//1156 158//1156 173//1156
f 151//1157 166//1157 167//1157
f 160//1158 159//1158 174//1158
f 152//146 167//146 168//146
f 160//1159 175//1159 176//1159
f 153//1160 168//1160 169//1160
f 155//1161 154//1161 169//1161
f 147//1162 162//1162 163//1162
f 156//153 155//153 170//153
f 148//1163 163//1163 164//1163
f 157//1164 156//1164 171//1164
f 150//1165 149//1165 164//1165
f 169//1166 184//1166 185//1166
f 162//1167 177//1167 178//1167
f 170//160 185//160 186//160
f 163//1168 178//1168 179//1168
f 171//1169 186//1169 187//1169
f 165//1170 164//1170 179//1170
f 173//1171 172//1171 187//1171
f 165//1172 180//1172 181//1172
f 173//1173 188//1173 189//1173
f 167//900 166//900 181//900
f 174//1174 189//1174 190//1174
f 168//169 167//169 182//169
f 176//1175 175//1175 190//1175
f 169//1176 168//1176 183//1176
f 188//1177 203//1177 204//1177
f 182//1178 181//1178 196//1178
f 190//1179 189//1179 204//1179
f 183//631 182//631 197//631
f 190//1180 205//1180 206//1180
f 184//1181 183//1181 198//1181
f 184//1182 199//1182 200//1182
f 178//1183 177//1183 192//1183
f 185//1184 200//1184 201//1184
f 179//1185 178//1185 193//1185
f 187//1186 186//1186 201//1186
f 180//909 179//909 194//909
f 187//1187 202//1187 203//1187
f 180//1188 195//1188 196//1188
f 193//1189 192//1189 207//1189
f 200//1190 215//1190 216//1190
f 194//1191 193//1191 208//1191
f 202//912 201//912 216//912
f 194//1192 209//1192 210//1192
f 202//1193 217//1193 218//1193
f 196//1194 195//1194 210//1194
f 204//1195 203//1195 218//1195
f 196//1196 211//1196 212//1196
f 205//1197 204//1197 219//1197
f 198//1198 197//1198 212//1198
f 205//1199 220//1199 221//1199
f 199//1200 198//1200 213//1200
f 199//1201 214//1201 215//1201
f 211//1202 226//1202 227//1202
f 219//1203 234//1203 235//1203
f 212//207 227//207 228//207
f 221//208 220//208 235//208
f 213//920 228//920 229//920
f 214//1204 229//1204 230//1204
f 208//1205 207//1205 222//1205
f 215//1206 230//1206 231//1206
f 209//922 208//922 223//922
f 217//1207 216//1207 231//1207
f 209//1208 224//1208 225//1208
f 217//218 232//218 233//218
f 211//1209 210//1209 225//1209
f 218//1210 233//1210 234//1210
f 230//1211 245//1211 246//1211
f 223//1212 238//1212 239//1212
f 232//223 231//223 246//223
f 224//1213 239//1213 240//1213
f 233//1214 232//1214 247//1214
f 226//1215 225//1215 240//1215
f 234//925 233//925 248//925
f 226//1216 241//1216 242//1216
f 235//1217 234//1217 249//1217
f 228//1218 227//1218 242//1218
f 236//1219 235//1219 250//1219
f 229//1220 228//1220 243//1220
f 229//1221 244//1221 245//1221
f 222//1222 237//1222 238//1222
f 250//1223 249//1223 264//1223
f 243//238 242//238 257//238
f 250//239 265//239 266//239
f 243//1224 258//1224 259//1224
f 244//1225 259//1225 260//1225
f 237//1226 252//1226 253//1226
f 245//1227 260//1227 261//1227
f 238//1228 253//1228 254//1228
f 247//1229 246//1229 261//1229
f 239//1230 254//1230 255//1230
f 247//1231 262//1231 263//1231
f 241//1232 240//1232 255//1232
f 249//1233 248//1233 263//1233
f 241//1234 256//1234 257//1234
f 254//1235 253//1235 268//1235
f 261//1236 276//1236 277//1236
f 254//1237 269//1237 270//1237
f 262//1238 277//1238 278//1238
f 255//1239 270//1239 271//1239
f 263//1240 278//1240 279//1240
f 257//1241 256//1241 271//1241
f 264//1242 279//1242 280//1242
f 258//940 257//940 272//940
f 266//1243 265//1243 280//1243
f 258//1244 273//1244 274//1244
f 260//266 259//266 274//266
f 252//1245 267//1245 268//1245
f 260//1246 275//1246 276//1246
f 273//1247 272//1247 287//1247
f 280//1248 295//1248 296//1248
f 273//271 288//271 289//271
f 275//1249 274//1249 289//1249
f 267//1250 282//1250 283//1250
f 275//1251 290//1251 291//1251
f 268//1252 283//1252 284//1252
f 276//278 291//278 292//278
f 269//1253 284//1253 285//1253
f 278//1254 277//1254 292//1254
f 270//281 285//281 286//281
f 278//1255 293//1255 294//1255
f 272//1256 271//1256 286//1256
f 279//1257 294//1257 295//1257
f 292//1258 291//1258 306//1258
f 284//1259 299//1259 300//1259
f 292//949 307//949 308//949
f 286//1260 285//1260 300//1260
f 293//1261 308//1261 309//1261
f 286//1262 301//1262 302//1262
f 294//1263 309//1263 310//1263
f 287//1264 302//1264 303//1264
f 296//1265 295//1265 310//1265
f 289//952 288//952 303//952
f 289//297 304//297 305//297
f 283//1266 282//1266 297//1266
f 290//1267 305//1267 306//1267
f 284//1268 283//1268 298//1268
f 311//1269 310//1269 325//1269
f 304//702 303//702 318//702
f 304//1270 319//1270 320//1270
f 297//1271 312//1271 313//1271
f 306//1272 305//1272 320//1272
f 299//308 298//308 313//308
f 307//1273 306//1273 321//1273
f 299//1274 314//1274 315//1274
f 307//1275 322//1275 323//1275
f 301//1276 300//1276 315//1276
f 308//1277 323//1277 324//1277
f 301//700 316//700 317//700
f 309//1278 324//1278 325//1278
f 302//1279 317//1279 318//1279
f 322//1280 337//1280 338//1280
f 315//1281 330//1281 331//1281
f 323//1282 338//1282 339//1282
f 317//1283 316//1283 331//1283
f 324//1284 339//1284 340//1284
f 317//322 332//322 333//322
f 325//323 340//323 341//323
f 318//1285 333//1285 334//1285
f 319//1286 334//1286 335//1286
f 312//1287 327//1287 328//1287
f 321//329 320//329 335//329
f 314//1288 313//1288 328//1288
f 321//1289 336//1289 337//1289
f 315//1290 314//1290 329//1290
f 334//719 349//719 350//719
f 328//1291 327//1291 342//1291
f 336//1292 335//1292 350//1292
f 329//1293 328//1293 343//1293
f 336//1294 351//1294 352//1294
f 330//1295 329//1295 344//1295
f 338//1296 337//1296 352//1296
f 330//1297 345//1297 346//1297
f 338//1298 353//1298 354//1298
f 332//1299 331//1299 346//1299
f 339//1300 354//1300 355//1300
f 332//1301 347//1301 348//1301
f 340//1302 355//1302 356//1302
f 333//1303 348//1303 349//1303
f 345//1304 360//1304 361//1304
f 353//350 368//350 369//350
f 346//1305 361//1305 362//1305
f 355//1306 354//1306 369//1306
f 347//353 362//353 363//353
f 355//1307 370//1307 371//1307
f 348//1308 363//1308 364//1308
f 349//1309 364//1309 365//1309
f 343//1310 342//1310 357//1310
f 351//360 350//360 365//360
f 343//1311 358//1311 359//1311
f 352//1312 351//1312 366//1312
f 344//1313 359//1313 360//1313
f 352//1314 367//1314 368//1314
f 364//1315 379//1315 380//1315
f 357//1316 372//1316 373//1316
f 366//1317 365//1317 380//1317
f 358//1318 373//1318 374//1318
f 367//1319 366//1319 381//1319
f 360//1320 359//1320 374//1320
f 367//1321 382//1321 383//1321
f 360//1322 375//1322 376//1322
f 368//1323 383//1323 384//1323
f 361//1324 376//1324 377//1324
f 370//1325 369//1325 384//1325
f 362//1326 377//1326 378//1326
f 371//1327 370//1327 385//1327
f 364//378 363//378 378//378
f 384//1328 383//1328 398//1328
f 377//1329 376//1329 391//1329
f 384//1330 399//1330 400//1330
f 378//1331 377//1331 392//1331
f 386//1332 385//1332 400//1332
f 378//386 393//386 394//386
f 380//389 379//389 394//389
f 372//1333 387//1333 388//1333
f 380//1334 395//1334 396//1334
f 373//1335 388//1335 389//1335
f 381//1336 396//1336 397//1336
f 374//1337 389//1337 390//1337
f 382//1338 397//1338 398//1338
f 375//1339 390//1339 391//1339
f 388//1340 387//1340 402//1340
f 396//398 395//398 410//398
f 389//1341 388//1341 403//1341
f 397//1342 396//1342 411//1342
f 389//1343 404//1343 405//1343
f 398//1344 397//1344 412//1344
f 391//1345 390//1345 405//1345
f 399//1346 398//1346 413//1346
f 391//1347 406//1347 407//1347
f 400//1348 399//1348 414//1348
f 392//407 407//407 408//407
f 401//1349 400//1349 415//1349
f 393//1350 408//1350 409//1350
f 394//1351 409//1351 410//1351
f 407//993 406//993 421//993
f 414//1352 429//1352 430//1352
f 408//415 407//415 422//415
f 416//1353 415//1353 430//1353
f 409//1354 408//1354 423//1354
f 409//1355 424//1355 425//1355
f 402//1356 417//1356 418//1356
f 410//422 425//422 426//422
f 403//1357 418//1357 419//1357
f 411//1358 426//1358 427//1358
f 405//1359 404//1359 419//1359
f 412//1360 427//1360 428//1360
f 406//1361 405//1361 420//1361
f 414//1362 413//1362 428//1362
f 425//1363 440//1363 441//1363
f 419//430 418//430 433//430
f 426//1364 441//1364 442//1364
f 420//1365 419//1365 434//1365
f 428//1366 427//1366 442//1366
f 421//1367 420//1367 435//1367
f 428//1368 443//1368 444//1368
f 421//1369 436//1369 437//1369
f 430//1370 429//1370 444//1370
f 422//1371 437//1371 438//1371
f 430//1372 445//1372 446//1372
f 424//440 423//440 438//440
f 424//443 439//443 440//443
f 418//1373 417//1373 432//1373
f 444//1374 459//1374 460//1374
f 438//1375 437//1375 452//1375
f 445//1376 460//1376 461//1376
f 439//1377 438//1377 453//1377
f 439//1378 454//1378 455//1378
f 433//1379 432//1379 447//1379
f 440//1380 455//1380 456//1380
f 433//1381 448//1381 449//1381
f 442//1382 441//1382 456//1382
f 434//1383 449//1383 450//1383
f 442//1384 457//1384 458//1384
f 436//1385 435//1385 450//1385
f 444//1386 443//1386 458//1386
f 436//1387 451//1387 452//1387
f 457//1388 456//1388 471//1388
f 449//1389 464//1389 465//1389
f 458//1390 457//1390 472//1390
f 451//1391 450//1391 465//1391
f 459//1392 458//1392 473//1392
f 451//1393 466//1393 467//1393
f 459//1394 474//1394 475//1394
f 453//787 452//787 467//787
f 461//469 460//469 475//469
f 454//1395 453//1395 468//1395
f 454//1396 469//1396 470//1396
f 447//1397 462//1397 463//1397
f 455//1398 470//1398 471//1398
f 449//1399 448//1399 463//1399
f 476//1400 475//1400 490//1400
f 468//1401 483//1401 484//1401
f 469//1402 484//1402 485//1402
f 463//1403 462//1403 477//1403
f 470//1404 485//1404 486//1404
f 464//1405 463//1405 478//1405
f 471//1406 486//1406 487//1406
f 464//1407 479//1407 480//1407
f 473//487 472//487 487//487
f 465//488 480//488 481//488
f 474//1408 473//1408 488//1408
f 466//1409 481//1409 482//1409
f 474//1410 489//1410 490//1410
f 467//1411 482//1411 483//1411
f 479//1412 494//1412 495//1412
f 487//1413 502//1413 503//1413
f 481//1414 480//1414 495//1414
f 489//1415 488//1415 503//1415
f 482//1416 481//1416 496//1416
f 490//1417 489//1417 504//1417
f 482//1418 497//1418 498//1418
f 490//500 505//500 506//500
f 483//1419 498//1419 499//1419
f 484//1420 499//1420 500//1420
f 477//1421 492//1421 493//1421
f 486//1422 485//1422 500//1422
f 478//1423 493//1423 494//1423
f 486//1424 501//1424 502//1424
f 498//509 513//509 514//509
f 500//1425 499//1425 514//1425
f 492//1426 507//1426 508//1426
f 500//1427 515//1427 516//1427
f 494//515 493//515 508//515
f 501//1428 516//1428 517//1428
f 494//1429 509//1429 510//1429
f 503//1034 502//1034 517//1034
f 495//1430 510//1430 511//1430
f 504//1431 503//1431 518//1431
f 497//1432 496//1432 511//1432
f 504//819 519//819 520//819
f 498//1433 497//1433 512//1433
f 505//1434 520//1434 521//1434
f 518//831 517//831 55//831
f 510//1435 52//1435 523//1435
f 518//1436 527//1436 528//1436
f 512//1437 511//1437 523//1437
f 519//1438 528//1438 529//1438
f 513//1439 512//1439 53//1439
f 521//1440 520//1440 529//1440
f 513//1441 524//1441 54//1441
f 514//826 54//826 525//826
f 507//1442 50//1442 522//1442
f 515//1043 525//1043 526//1043
f 508//1443 522//1443 51//1443
f 517//539 516//539 526//539
f 509//1444 51//1444 52//1444
f 1035//1078 576//1078 577//1078
f 1030//1079 569//1079 570//1079
f 560//1470 570//1470 571//1470
f 1028//1081 556//1081 563//1081
f 1032//1082 1031//1082 571//1082
f 1028//1083 564//1083 565//1083
f 1032//44 572//44 573//44
f 557//1073 565//1073 566//1073
f 561//1471 573//1471 574//1471
f 558//1472 566//1472 567//1472
f 1033//1473 574//1473 575//1473
f 559//1474 1029//1474 567//1474
f 1034//1076 575//1076 576//1076
f 559//1077 568//1077 569//1077
f 576//857 575//857 590//857
f 568//1090 583//1090 584//1090
f 577//1475 576//1475 591//1475
f 570//1476 569//1476 584//1476
f 570//58 585//58 586//58
f 563//1477 578//1477 579//1477
f 572//1478 571//1478 586//1478
f 564//1084 579//1084 580//1084
f 572//1479 587//1479 588//1479
f 565//1480 580//1480 581//1480
f 574//853 573//853 588//853
f 566//1481 581//1481 582//1481
f 574//1087 589//1087 590//1087
f 567//1088 582//1088 583//1088
f 580//1098 579//1098 594//1098
f 588//1482 587//1482 602//1482
f 581//1483 580//1483 595//1483
f 589//1484 588//1484 603//1484
f 581//1485 596//1485 597//1485
f 589//1486 604//1486 605//1486
f 583//1487 582//1487 597//1487
f 590//1488 605//1488 606//1488
f 583//1489 598//1489 599//1489
f 592//1490 591//1490 606//1490
f 584//1094 599//1094 600//1094
f 586//1491 585//1491 600//1491
f 579//1096 578//1096 593//1096
f 586//1492 601//1492 602//1492
f 598//1110 613//1110 614//1110
f 607//1493 606//1493 621//1493
f 599//1494 614//1494 615//1494
f 600//874 615//874 616//874
f 593//1495 608//1495 609//1495
f 602//1114 601//1114 616//1114
f 595//1496 594//1496 609//1496
f 602//1497 617//1497 618//1497
f 596//1105 595//1105 610//1105
f 603//1498 618//1498 619//1498
f 596//1107 611//1107 612//1107
f 604//1499 619//1499 620//1499
f 598//1500 597//1500 612//1500
f 605//1501 620//1501 621//1501
f 618//1502 617//1502 632//1502
f 610//1122 625//1122 626//1122
f 618//1503 633//1503 634//1503
f 611//1123 626//1123 627//1123
f 619//1124 634//1124 635//1124
f 612//1504 627//1504 628//1504
f 620//1505 635//1505 636//1505
f 613//875 628//875 629//875
f 621//1506 636//1506 637//1506
f 614//1117 629//1117 630//1117
f 616//1118 615//1118 630//1118
f 609//1507 608//1507 623//1507
f 617//594 616//594 631//594
f 610//1508 609//1508 624//1508
f 637//1509 636//1509 651//1509
f 629//117 644//117 645//117
f 630//1137 645//1137 646//1137
f 623//1510 638//1510 639//1510
f 632//1511 631//1511 646//1511
f 625//1140 624//1140 639//1140
f 632//882 647//882 648//882
f 626//1512 625//1512 640//1512
f 633//1513 648//1513 649//1513
f 626//1130 641//1130 642//1130
f 634//1131 649//1131 650//1131
f 628//113 627//113 642//113
f 635//1133 650//1133 651//1133
f 628//1514 643//1514 644//1514
f 640//1515 655//1515 656//1515
f 649//1516 648//1516 663//1516
f 641//1517 656//1517 657//1517
f 650//1518 649//1518 664//1518
f 643//1519 642//1519 657//1519
f 650//1151 665//1151 666//1151
f 643//139 658//139 659//139
f 652//1153 651//1153 666//1153
f 644//1520 659//1520 660//1520
f 646//1142 645//1142 660//1142
f 638//1521 653//1521 654//1521
f 647//609 646//609 661//609
f 639//1144 654//1144 655//1144
f 647//1522 662//1522 663//1522
f 659//1160 674//1160 675//1160
f 660//1523 675//1523 676//1523
f 654//1524 653//1524 668//1524
f 662//153 661//153 676//153
f 654//1163 669//1163 670//1163
f 663//1164 662//1164 677//1164
f 656//1165 655//1165 670//1165
f 664//1525 663//1525 678//1525
f 657//1526 656//1526 671//1526
f 665//1156 664//1156 679//1156
f 657//1157 672//1157 673//1157
f 666//1158 665//1158 680//1158
f 659//1527 658//1527 673//1527
f 666//1159 681//1159 682//1159
f 679//1171 678//1171 693//1171
f 671//1172 686//1172 687//1172
f 679//1173 694//1173 695//1173
f 673//900 672//900 687//900
f 681//1528 680//1528 695//1528
f 674//1529 673//1529 688//1529
f 681//1530 696//1530 697//1530
f 675//1176 674//1176 689//1176
f 675//1531 690//1531 691//1531
f 669//1532 668//1532 683//1532
f 676//160 691//160 692//160
f 670//624 669//624 684//624
f 677//1169 692//1169 693//1169
f 670//1533 685//1533 686//1533
f 690//1182 705//1182 706//1182
f 684//1534 683//1534 698//1534
f 692//183 691//183 706//183
f 685//1185 684//1185 699//1185
f 692//1186 707//1186 708//1186
f 686//1535 685//1535 700//1535
f 693//1536 708//1536 709//1536
f 686//1537 701//1537 702//1537
f 694//1538 709//1538 710//1538
f 688//1539 687//1539 702//1539
f 696//1179 695//1179 710//1179
f 689//631 688//631 703//631
f 697//1180 696//1180 711//1180
f 690//1540 689//1540 704//1540
f 710//1195 709//1195 724//1195
f 702//1196 717//1196 718//1196
f 711//1197 710//1197 725//1197
f 703//1541 718//1541 719//1541
f 711//635 726//635 727//635
f 705//1542 704//1542 719//1542
f 705//1543 720//1543 721//1543
f 699//1544 698//1544 713//1544
f 706//1545 721//1545 722//1545
f 699//1546 714//1546 715//1546
f 708//912 707//912 722//912
f 700//1547 715//1547 716//1547
f 709//1548 708//1548 723//1548
f 701//1549 716//1549 717//1549
f 713//1550 728//1550 729//1550
f 721//644 736//644 737//644
f 715//1551 714//1551 729//1551
f 722//1552 737//1552 738//1552
f 715//1553 730//1553 731//1553
f 724//1554 723//1554 738//1554
f 716//1555 731//1555 732//1555
f 725//1210 724//1210 739//1210
f 718//917 717//917 732//917
f 725//1556 740//1556 741//1556
f 719//651 718//651 733//651
f 727//208 726//208 741//208
f 719//920 734//920 735//920
f 720//1204 735//1204 736//1204
f 732//1216 747//1216 748//1216
f 741//1557 740//1557 755//1557
f 734//1218 733//1218 748//1218
f 742//1219 741//1219 756//1219
f 734//927 749//927 750//927
f 735//1221 750//1221 751//1221
f 729//1558 728//1558 743//1558
f 736//1211 751//1211 752//1211
f 729//1559 744//1559 745//1559
f 738//1560 737//1560 752//1560
f 730//1213 745//1213 746//1213
f 738//1561 753//1561 754//1561
f 732//1562 731//1562 746//1562
f 740//1563 739//1563 754//1563
f 751//1227 766//1227 767//1227
f 744//1228 759//1228 760//1228
f 752//1564 767//1564 768//1564
f 745//1230 760//1230 761//1230
f 753//1565 768//1565 769//1565
f 746//1566 761//1566 762//1566
f 755//1567 754//1567 769//1567
f 747//1568 762//1568 763//1568
f 755//670 770//670 771//670
f 748//1569 763//1569 764//1569
f 757//1570 756//1570 771//1570
f 750//1571 749//1571 764//1571
f 750//1225 765//1225 766//1225
f 743//1226 758//1226 759//1226
f 771//1242 770//1242 785//1242
f 764//940 763//940 778//940
f 771//1572 786//1572 787//1572
f 764//1244 779//1244 780//1244
f 766//266 765//266 780//266
f 759//1573 758//1573 773//1573
f 766//1574 781//1574 782//1574
f 759//1575 774//1575 775//1575
f 767//1576 782//1576 783//1576
f 760//1237 775//1237 776//1237
f 768//1577 783//1577 784//1577
f 761//1239 776//1239 777//1239
f 769//1578 784//1578 785//1578
f 762//1241 777//1241 778//1241
f 774//1579 789//1579 790//1579
f 782//278 797//278 798//278
f 775//1580 790//1580 791//1580
f 783//947 798//947 799//947
f 776//281 791//281 792//281
f 785//1255 784//1255 799//1255
f 777//1581 792//1581 793//1581
f 785//1582 800//1582 801//1582
f 779//1247 778//1247 793//1247
f 786//1248 801//1248 802//1248
f 779//271 794//271 795//271
f 781//1583 780//1583 795//1583
f 773//1250 788//1250 789//1250
f 781//1251 796//1251 797//1251
f 793//292 808//292 809//292
f 801//1584 816//1584 817//1584
f 795//1585 794//1585 809//1585
f 795//297 810//297 811//297
f 789//1266 788//1266 803//1266
f 797//694 796//694 811//694
f 789//1586 804//1586 805//1586
f 797//285 812//285 813//285
f 790//1259 805//1259 806//1259
f 798//949 813//949 814//949
f 792//288 791//288 806//288
f 799//1587 814//1587 815//1587
f 792//1588 807//1588 808//1588
f 800//1263 815//1263 816//1263
f 812//309 827//309 828//309
f 806//1274 805//1274 820//1274
f 813//1589 828//1589 829//1589
f 806//1276 821//1276 822//1276
f 814//1277 829//1277 830//1277
f 808//1590 807//1590 822//1590
f 815//1591 830//1591 831//1591
f 808//1592 823//1592 824//1592
f 817//1593 816//1593 831//1593
f 810//702 809//702 824//702
f 810//305 825//305 826//305
f 804//1594 803//1594 818//1594
f 812//1272 811//1272 826//1272
f 805//1595 804//1595 819//1595
f 831//1596 846//1596 847//1596
f 824//1597 839//1597 840//1597
f 825//1598 840//1598 841//1598
f 818//1287 833//1287 834//1287
f 827//1599 826//1599 841//1599
f 820//1600 819//1600 834//1600
f 828//331 827//331 842//331
f 820//1601 835//1601 836//1601
f 828//1602 843//1602 844//1602
f 821//1281 836//1281 837//1281
f 829//1603 844//1603 845//1603
f 822//1604 837//1604 838//1604
f 830//1605 845//1605 846//1605
f 823//322 838//322 839//322
f 843//1606 858//1606 859//1606
f 837//1607 836//1607 851//1607
f 844//1298 859//1298 860//1298
f 838//1299 837//1299 852//1299
f 845//1608 860//1608 861//1608
f 838//1301 853//1301 854//1301
f 846//1302 861//1302 862//1302
f 839//1303 854//1303 855//1303
f 841//1609 840//1609 855//1609
f 833//1610 848//1610 849//1610
f 842//1292 841//1292 856//1292
f 835//1293 834//1293 849//1293
f 842//1294 857//1294 858//1294
f 836//1611 835//1611 850//1611
f 855//1309 870//1309 871//1309
f 848//1612 863//1612 864//1612
f 857//360 856//360 871//360
f 849//1311 864//1311 865//1311
f 857//1613 872//1613 873//1613
f 850//1313 865//1313 866//1313
f 858//1314 873//1314 874//1314
f 851//1304 866//1304 867//1304
f 860//1614 859//1614 874//1614
f 853//351 852//351 867//351
f 861//1306 860//1306 875//1306
f 853//353 868//353 869//353
f 861//1307 876//1307 877//1307
f 854//1308 869//1308 870//1308
f 867//1615 866//1615 881//1615
f 874//1616 889//1616 890//1616
f 867//1617 882//1617 883//1617
f 875//1618 890//1618 891//1618
f 868//1619 883//1619 884//1619
f 877//1620 876//1620 891//1620
f 869//378 884//378 885//378
f 870//1315 885//1315 886//1315
f 863//1621 878//1621 879//1621
f 872//1622 871//1622 886//1622
f 865//1623 864//1623 879//1623
f 873//983 872//983 887//983
f 866//1320 865//1320 880//1320
f 873//1624 888//1624 889//1624
f 886//389 885//389 900//389
f 879//1625 878//1625 893//1625
f 886//1334 901//1334 902//1334
f 880//392 879//392 894//392
f 888//1626 887//1626 902//1626
f 880//1627 895//1627 896//1627
f 889//1628 888//1628 903//1628
f 881//1629 896//1629 897//1629
f 890//1630 889//1630 904//1630
f 882//1631 897//1631 898//1631
f 891//745 890//745 905//745
f 883//1632 898//1632 899//1632
f 892//1633 891//1633 906//1633
f 884//386 899//386 900//386
f 905//1634 904//1634 919//1634
f 897//1347 912//1347 913//1347
f 905//1635 920//1635 921//1635
f 898//407 913//407 914//407
f 907//1636 906//1636 921//1636
f 899//992 914//992 915//992
f 901//1351 900//1351 915//1351
f 894//1340 893//1340 908//1340
f 902//398 901//398 916//398
f 895//1637 894//1637 909//1637
f 902//755 917//755 918//755
f 895//1638 910//1638 911//1638
f 903//1639 918//1639 919//1639
f 897//1345 896//1345 911//1345
f 908//1356 923//1356 924//1356
f 917//1640 916//1640 931//1640
f 909//1641 924//1641 925//1641
f 917//1642 932//1642 933//1642
f 911//1643 910//1643 925//1643
f 918//1644 933//1644 934//1644
f 912//762 911//762 926//762
f 919//1645 934//1645 935//1645
f 913//993 912//993 927//993
f 921//1646 920//1646 935//1646
f 914//415 913//415 928//415
f 922//1647 921//1647 936//1647
f 915//1648 914//1648 929//1648
f 915//1649 930//1649 931//1649
f 928//1650 927//1650 942//1650
f 935//1002 950//1002 951//1002
f 929//1371 928//1371 943//1371
f 936//1651 951//1651 952//1651
f 930//440 929//440 944//440
f 930//443 945//443 946//443
f 924//1652 923//1652 938//1652
f 931//1363 946//1363 947//1363
f 924//773 939//773 940//773
f 932//1653 947//1653 948//1653
f 926//1654 925//1654 940//1654
f 933//1366 948//1366 949//1366
f 927//1655 926//1655 941//1655
f 935//1656 934//1656 949//1656
f 947//1657 946//1657 961//1657
f 939//1381 954//1381 955//1381
f 948//1382 947//1382 962//1382
f 940//1383 955//1383 956//1383
f 949//1658 948//1658 963//1658
f 941//1659 956//1659 957//1659
f 950//1660 949//1660 964//1660
f 942//1387 957//1387 958//1387
f 951//1661 950//1661 965//1661
f 944//1662 943//1662 958//1662
f 951//1663 966//1663 967//1663
f 944//448 959//448 960//448
f 946//1378 945//1378 960//1378
f 939//1664 938//1664 953//1664
f 965//1394 980//1394 981//1394
f 959//787 958//787 973//787
f 967//469 966//469 981//469
f 959//470 974//470 975//470
f 960//1396 975//1396 976//1396
f 954//1665 953//1665 968//1665
f 961//475 976//475 977//475
f 955//1399 954//1399 969//1399
f 963//1666 962//1666 977//1666
f 956//1667 955//1667 970//1667
f 964//1668 963//1668 978//1668
f 956//1669 971//1669 972//1669
f 964//1670 979//1670 980//1670
f 957//1393 972//1393 973//1393
f 977//1671 992//1671 993//1671
f 971//486 970//486 985//486
f 979//1672 978//1672 993//1672
f 971//1673 986//1673 987//1673
f 979//1674 994//1674 995//1674
f 973//1675 972//1675 987//1675
f 981//1676 980//1676 995//1676
f 973//1411 988//1411 989//1411
f 981//1400 996//1400 997//1400
f 975//478 974//478 989//478
f 975//1677 990//1677 991//1677
f 968//1678 983//1678 984//1678
f 977//1679 976//1679 991//1679
f 969//1680 984//1680 985//1680
f 996//1681 1011//1681 1012//1681
f 989//1419 1004//1419 1005//1419
f 991//504 990//504 1005//504
f 984//1682 983//1682 998//1682
f 992//1422 991//1422 1006//1422
f 984//1423 999//1423 1000//1423
f 992//1424 1007//1424 1008//1424
f 985//1412 1000//1412 1001//1412
f 993//1683 1008//1683 1009//1683
f 987//1684 986//1684 1001//1684
f 995//1685 994//1685 1009//1685
f 988//1686 987//1686 1002//1686
f 995//1687 1010//1687 1011//1687
f 988//1688 1003//1688 1004//1688
f 1000//1429 1015//1429 1016//1429
f 1008//518 1023//518 1024//518
f 1001//1689 1016//1689 1017//1689
f 1009//1690 1024//1690 1025//1690
f 1002//1691 1017//1691 1018//1691
f 1011//819 1010//819 1025//819
f 1004//1692 1003//1692 1018//1692
f 1011//1693 1026//1693 1027//1693
f 1004//509 1019//509 1020//509
f 1005//820 1020//820 1021//820
f 999//1694 998//1694 1013//1694
f 1006//1427 1021//1427 1022//1427
f 999//515 1014//515 1015//515
f 1008//1033 1007//1033 1022//1033
f 1019//1695 1030//1695 560//1695
f 1020//535 560//535 1031//535
f 1013//1442 556//1442 1028//1442
f 1021//1043 1031//1043 1032//1043
f 1014//1443 1028//1443 557//1443
f 1022//539 1032//539 561//539
f 1015//1444 557//1444 558//1444
f 1023//831 561//831 1033//831
f 1016//526 558//526 1029//526
f 1024//1696 1033//1696 1034//1696
f 1017//1437 1029//1437 559//1437
f 1025//1438 1034//1438 1035//1438
f 1019//1697 1018//1697 559//1697
f 1027//1698 1026//1698 1035//1698
f 1067//44 1538//44 1078//44
f 1063//1073 1071//1073 1072//1073
f 1067//1471 1079//1471 1080//1471
f 1064//1721 1072//1721 1073//1721
f 1539//1473 1080//1473 1081//1473
f 1535//1474 1073//1474 1074//1474
f 1540//1722 1081//1722 1082//1722
f 1065//1077 1074//1077 1075//1077
f 1541//1078 1082//1078 1083//1078
f 1066//1079 1536//1079 1075//1079
f 1066//1470 1076//1470 1077//1470
f 1062//1723 1069//1723 1070//1723
f 1538//1082 1537//1082 1077//1082
f 1534//1083 1070//1083 1071//1083
f 1078//1478 1077//1478 1092//1478
f 1070//1724 1085//1724 1086//1724
f 1079//565 1078//565 1093//565
f 1072//1085 1071//1085 1086//1085
f 1079//566 1094//566 1095//566
f 1072//854 1087//854 1088//854
f 1080//1087 1095//1087 1096//1087
f 1073//1088 1088//1088 1089//1088
f 1082//1725 1081//1725 1096//1725
f 1074//1090 1089//1090 1090//1090
f 1082//1726 1097//1726 1098//1726
f 1076//1476 1075//1476 1090//1476
f 1076//58 1091//58 1092//58
f 1070//1092 1069//1092 1084//1092
f 1096//1488 1111//1488 1112//1488
f 1089//1727 1104//1727 1105//1727
f 1097//1728 1112//1728 1113//1728
f 1091//1729 1090//1729 1105//1729
f 1091//1095 1106//1095 1107//1095
f 1085//1096 1084//1096 1099//1096
f 1093//1097 1092//1097 1107//1097
f 1086//1730 1085//1730 1100//1730
f 1094//1731 1093//1731 1108//1731
f 1086//1732 1101//1732 1102//1732
f 1094//1733 1109//1733 1110//1733
f 1087//1734 1102//1734 1103//1734
f 1095//1486 1110//1486 1111//1486
f 1089//1487 1088//1487 1103//1487
f 1101//1496 1100//1496 1115//1496
f 1108//1735 1123//1735 1124//1735
f 1102//1105 1101//1105 1116//1105
f 1110//1498 1109//1498 1124//1498
f 1102//1736 1117//1736 1118//1736
f 1110//1499 1125//1499 1126//1499
f 1104//1500 1103//1500 1118//1500
f 1111//1737 1126//1737 1127//1737
f 1104//1110 1119//1110 1120//1110
f 1113//1493 1112//1493 1127//1493
f 1105//1112 1120//1112 1121//1112
f 1107//579 1106//579 1121//579
f 1099//1495 1114//1495 1115//1495
f 1108//1114 1107//1114 1122//1114
f 1119//875 1134//875 1135//875
f 1127//1738 1142//1738 1143//1738
f 1120//1117 1135//1117 1136//1117
f 1122//1118 1121//1118 1136//1118
f 1115//1507 1114//1507 1129//1507
f 1123//594 1122//594 1137//594
f 1115//1739 1130//1739 1131//1739
f 1123//1740 1138//1740 1139//1740
f 1117//1741 1116//1741 1131//1741
f 1125//103 1124//103 1139//103
f 1117//1123 1132//1123 1133//1123
f 1125//1124 1140//1124 1141//1124
f 1118//1125 1133//1125 1134//1125
f 1127//1742 1126//1742 1141//1742
f 1139//124 1138//124 1153//124
f 1132//1512 1131//1512 1146//1512
f 1139//1743 1154//1743 1155//1743
f 1132//1130 1147//1130 1148//1130
f 1141//1744 1140//1744 1155//1744
f 1133//1132 1148//1132 1149//1132
f 1141//114 1156//114 1157//114
f 1134//1745 1149//1745 1150//1745
f 1142//1509 1157//1509 1158//1509
f 1135//117 1150//117 1151//117
f 1137//1746 1136//1746 1151//1746
f 1129//1510 1144//1510 1145//1510
f 1138//1511 1137//1511 1152//1511
f 1131//1140 1130//1140 1145//1140
f 1158//1153 1157//1153 1172//1153
f 1150//1520 1165//1520 1166//1520
f 1151//128 1166//128 1167//128
f 1144//1521 1159//1521 1160//1521
f 1152//609 1167//609 1168//609
f 1146//1747 1145//1747 1160//1747
f 1154//1145 1153//1145 1168//1145
f 1146//1515 1161//1515 1162//1515
f 1155//1516 1154//1516 1169//1516
f 1147//1517 1162//1517 1163//1517
f 1156//1518 1155//1518 1170//1518
f 1149//1519 1148//1519 1163//1519
f 1157//1748 1156//1748 1171//1748
f 1149//139 1164//139 1165//139
f 1161//1749 1176//1749 1177//1749
f 1169//1525 1184//1525 1185//1525
f 1163//1526 1162//1526 1177//1526
f 1171//1156 1170//1156 1185//1156
f 1163//1157 1178//1157 1179//1157
f 1171//1750 1186//1750 1187//1750
f 1164//1527 1179//1527 1180//1527
f 1173//1751 1172//1751 1187//1751
f 1165//1160 1180//1160 1181//1160
f 1166//1752 1181//1752 1182//1752
f 1159//1162 1174//1162 1175//1162
f 1168//153 1167//153 1182//153
f 1161//1753 1160//1753 1175//1753
f 1168//1164 1183//1164 1184//1164
f 1181//1176 1180//1176 1195//1176
f 1181//1531 1196//1531 1197//1531
f 1174//1754 1189//1754 1190//1754
f 1182//160 1197//160 1198//160
f 1176//624 1175//624 1190//624
f 1184//1169 1183//1169 1198//1169
f 1177//1170 1176//1170 1191//1170
f 1184//1171 1199//1171 1200//1171
f 1178//898 1177//898 1192//898
f 1186//1755 1185//1755 1200//1755
f 1178//167 1193//167 1194//167
f 1186//1174 1201//1174 1202//1174
f 1180//1529 1179//1529 1194//1529
f 1188//1175 1187//1175 1202//1175
f 1199//1536 1214//1536 1215//1536
f 1193//1537 1192//1537 1207//1537
f 1200//1538 1215//1538 1216//1538
f 1194//1178 1193//1178 1208//1178
f 1201//1756 1216//1756 1217//1756
f 1194//631 1209//631 1210//631
f 1202//1180 1217//1180 1218//1180
f 1196//1540 1195//1540 1210//1540
f 1196//1182 1211//1182 1212//1182
f 1190//1534 1189//1534 1204//1534
f 1198//183 1197//183 1212//183
f 1190//1757 1205//1757 1206//1757
f 1199//1758 1198//1758 1213//1758
f 1191//186 1206//186 1207//186
f 1211//1543 1226//1543 1227//1543
f 1205//1759 1204//1759 1219//1759
f 1212//1545 1227//1545 1228//1545
f 1205//1546 1220//1546 1221//1546
f 1213//1760 1228//1760 1229//1760
f 1206//1547 1221//1547 1222//1547
f 1215//1761 1214//1761 1229//1761
f 1207//1549 1222//1549 1223//1549
f 1216//1762 1215//1762 1230//1762
f 1208//1196 1223//1196 1224//1196
f 1217//198 1216//198 1231//198
f 1210//1541 1209//1541 1224//1541
f 1218//635 1217//635 1232//635
f 1211//201 1210//201 1225//201
f 1231//1210 1230//1210 1245//1210
f 1223//1202 1238//1202 1239//1202
f 1232//1763 1231//1763 1246//1763
f 1225//651 1224//651 1239//651
f 1233//208 1232//208 1247//208
f 1226//1764 1225//1764 1240//1764
f 1226//1204 1241//1204 1242//1204
f 1219//1550 1234//1550 1235//1550
f 1227//644 1242//644 1243//644
f 1220//1551 1235//1551 1236//1551
f 1229//1207 1228//1207 1243//1207
f 1221//1765 1236//1765 1237//1765
f 1229//218 1244//218 1245//218
f 1223//1209 1222//1209 1237//1209
f 1235//1558 1234//1558 1249//1558
f 1242//1211 1257//1211 1258//1211
f 1235//1559 1250//1559 1251//1559
f 1244//1766 1243//1766 1258//1766
f 1236//1213 1251//1213 1252//1213
f 1244//1561 1259//1561 1260//1561
f 1237//1562 1252//1562 1253//1562
f 1246//1767 1245//1767 1260//1767
f 1238//1216 1253//1216 1254//1216
f 1247//1768 1246//1768 1261//1768
f 1240//1218 1239//1218 1254//1218
f 1248//1219 1247//1219 1262//1219
f 1241//1220 1240//1220 1255//1220
f 1241//1221 1256//1221 1257//1221
f 1253//1568 1268//1568 1269//1568
f 1262//1769 1261//1769 1276//1769
f 1255//1569 1254//1569 1269//1569
f 1263//1770 1262//1770 1277//1770
f 1255//1224 1270//1224 1271//1224
f 1256//1225 1271//1225 1272//1225
f 1249//1226 1264//1226 1265//1226
f 1257//1227 1272//1227 1273//1227
f 1250//1228 1265//1228 1266//1228
f 1259//247 1258//247 1273//247
f 1251//1230 1266//1230 1267//1230
f 1259//1565 1274//1565 1275//1565
f 1253//1771 1252//1771 1267//1771
f 1260//1772 1275//1772 1276//1772
f 1272//1574 1287//1574 1288//1574
f 1265//1575 1280//1575 1281//1575
f 1273//1773 1288//1773 1289//1773
f 1266//1237 1281//1237 1282//1237
f 1274//1577 1289//1577 1290//1577
f 1267//1239 1282//1239 1283//1239
f 1275//1240 1290//1240 1291//1240
f 1268//1241 1283//1241 1284//1241
f 1277//1774 1276//1774 1291//1774
f 1269//1775 1284//1775 1285//1775
f 1278//1776 1277//1776 1292//1776
f 1270//1244 1285//1244 1286//1244
f 1272//1777 1271//1777 1286//1777
f 1264//1245 1279//1245 1280//1245
f 1291//1582 1306//1582 1307//1582
f 1285//1247 1284//1247 1299//1247
f 1292//1248 1307//1248 1308//1248
f 1285//271 1300//271 1301//271
f 1286//1778 1301//1778 1302//1778
f 1280//275 1279//275 1294//275
f 1287//1251 1302//1251 1303//1251
f 1280//1579 1295//1579 1296//1579
f 1289//278 1288//278 1303//278
f 1281//1580 1296//1580 1297//1580
f 1290//1779 1289//1779 1304//1779
f 1282//281 1297//281 1298//281
f 1290//1255 1305//1255 1306//1255
f 1283//1581 1298//1581 1299//1581
f 1295//1586 1310//1586 1311//1586
f 1303//285 1318//285 1319//285
f 1296//1259 1311//1259 1312//1259
f 1304//949 1319//949 1320//949
f 1297//288 1312//288 1313//288
f 1305//1587 1320//1587 1321//1587
f 1299//1262 1298//1262 1313//1262
f 1307//1780 1306//1780 1321//1780
f 1299//292 1314//292 1315//292
f 1307//1584 1322//1584 1323//1584
f 1300//1781 1315//1781 1316//1781
f 1301//692 1316//692 1317//692
f 1294//1782 1309//1782 1310//1782
f 1303//694 1302//694 1317//694
f 1314//1592 1329//1592 1330//1592
f 1322//1783 1337//1783 1338//1783
f 1316//702 1315//702 1330//702
f 1316//305 1331//305 1332//305
f 1310//1594 1309//1594 1324//1594
f 1318//1272 1317//1272 1332//1272
f 1311//1595 1310//1595 1325//1595
f 1318//309 1333//309 1334//309
f 1311//1274 1326//1274 1327//1274
f 1319//1784 1334//1784 1335//1784
f 1312//1785 1327//1785 1328//1785
f 1321//1277 1320//1277 1335//1277
f 1314//1590 1313//1590 1328//1590
f 1321//1591 1336//1591 1337//1591
f 1333//1786 1348//1786 1349//1786
f 1327//1290 1326//1290 1341//1290
f 1335//1280 1334//1280 1349//1280
f 1327//1281 1342//1281 1343//1281
f 1335//1787 1350//1787 1351//1787
f 1329//1283 1328//1283 1343//1283
f 1337//1788 1336//1788 1351//1788
f 1329//713 1344//713 1345//713
f 1337//1596 1352//1596 1353//1596
f 1330//1789 1345//1789 1346//1789
f 1332//1790 1331//1790 1346//1790
f 1325//1791 1324//1791 1339//1791
f 1333//1792 1332//1792 1347//1792
f 1325//1793 1340//1793 1341//1793
f 1352//1302 1367//1302 1368//1302
f 1345//1303 1360//1303 1361//1303
f 1347//1609 1346//1609 1361//1609
f 1340//1610 1339//1610 1354//1610
f 1348//1292 1347//1292 1362//1292
f 1341//1293 1340//1293 1355//1293
f 1348//1794 1363//1794 1364//1794
f 1342//1611 1341//1611 1356//1611
f 1349//1606 1364//1606 1365//1606
f 1343//1607 1342//1607 1357//1607
f 1351//343 1350//343 1365//343
f 1344//1795 1343//1795 1358//1795
f 1351//1796 1366//1796 1367//1796
f 1344//1301 1359//1301 1360//1301
f 1365//364 1364//364 1379//364
f 1357//1304 1372//1304 1373//1304
f 1365//1797 1380//1797 1381//1797
f 1358//1305 1373//1305 1374//1305
f 1367//1798 1366//1798 1381//1798
f 1359//353 1374//353 1375//353
f 1367//1307 1382//1307 1383//1307
f 1360//1308 1375//1308 1376//1308
f 1361//1309 1376//1309 1377//1309
f 1354//359 1369//359 1370//359
f 1363//360 1362//360 1377//360
f 1355//1799 1370//1799 1371//1799
f 1363//1800 1378//1800 1379//1800
f 1356//1313 1371//1313 1372//1313
f 1376//1315 1391//1315 1392//1315
f 1369//1801 1384//1801 1385//1801
f 1378//1622 1377//1622 1392//1622
f 1371//1623 1370//1623 1385//1623
f 1378//738 1393//738 1394//738
f 1372//1320 1371//1320 1386//1320
f 1379//1624 1394//1624 1395//1624
f 1373//1615 1372//1615 1387//1615
f 1380//1616 1395//1616 1396//1616
f 1374//730 1373//730 1388//730
f 1381//731 1396//731 1397//731
f 1374//1619 1389//1619 1390//1619
f 1383//1620 1382//1620 1397//1620
f 1375//378 1390//378 1391//378
f 1387//1629 1402//1629 1403//1629
f 1395//1802 1410//1802 1411//1802
f 1388//1631 1403//1631 1404//1631
f 1397//1803 1396//1803 1411//1803
f 1390//1331 1389//1331 1404//1331
f 1398//1804 1397//1804 1412//1804
f 1390//386 1405//386 1406//386
f 1392//389 1391//389 1406//389
f 1384//1805 1399//1805 1400//1805
f 1392//1334 1407//1334 1408//1334
f 1386//392 1385//392 1400//392
f 1394//1336 1393//1336 1408//1336
f 1386//1627 1401//1627 1402//1627
f 1395//1628 1394//1628 1409//1628
f 1406//753 1421//753 1422//753
f 1400//1340 1399//1340 1414//1340
f 1408//398 1407//398 1422//398
f 1401//1637 1400//1637 1415//1637
f 1409//755 1408//755 1423//755
f 1401//1638 1416//1638 1417//1638
f 1409//1639 1424//1639 1425//1639
f 1402//1345 1417//1345 1418//1345
f 1411//1634 1410//1634 1425//1634
f 1403//1347 1418//1347 1419//1347
f 1411//1806 1426//1806 1427//1806
f 1404//407 1419//407 1420//407
f 1412//1807 1427//1807 1428//1807
f 1406//1808 1405//1808 1420//1808
f 1425//1645 1440//1645 1441//1645
f 1418//993 1433//993 1434//993
f 1427//1646 1426//1646 1441//1646
f 1420//415 1419//415 1434//415
f 1427//1809 1442//1809 1443//1809
f 1421//1648 1420//1648 1435//1648
f 1421//1649 1436//1649 1437//1649
f 1415//1810 1414//1810 1429//1810
f 1422//422 1437//422 1438//422
f 1415//1811 1430//1811 1431//1811
f 1424//1642 1423//1642 1438//1642
f 1417//1643 1416//1643 1431//1643
f 1425//1644 1424//1644 1439//1644
f 1417//1812 1432//1812 1433//1812
f 1430//1652 1429//1652 1444//1652
f 1437//1813 1452//1813 1453//1813
f 1430//773 1445//773 1446//773
f 1438//1653 1453//1653 1454//1653
f 1432//1654 1431//1654 1446//1654
f 1439//1366 1454//1366 1455//1366
f 1433//1655 1432//1655 1447//1655
f 1441//435 1440//435 1455//435
f 1434//1650 1433//1650 1448//1650
f 1441//1002 1456//1002 1457//1002
f 1435//1371 1434//1371 1449//1371
f 1442//1814 1457//1814 1458//1814
f 1436//440 1435//440 1450//440
f 1436//443 1451//443 1452//443
f 1448//1387 1463//1387 1464//1387
f 1457//782 1456//782 1471//782
f 1449//1815 1464//1815 1465//1815
f 1457//1663 1472//1663 1473//1663
f 1451//448 1450//448 1465//448
f 1451//1378 1466//1378 1467//1378
f 1445//1816 1444//1816 1459//1816
f 1452//1817 1467//1817 1468//1817
f 1445//1381 1460//1381 1461//1381
f 1454//1382 1453//1382 1468//1382
f 1446//1383 1461//1383 1462//1383
f 1455//1818 1454//1818 1469//1818
f 1447//1659 1462//1659 1463//1659
f 1455//1819 1470//1819 1471//1819
f 1467//475 1482//475 1483//475
f 1461//1820 1460//1820 1475//1820
f 1469//1666 1468//1666 1483//1666
f 1461//1389 1476//1389 1477//1389
f 1470//1668 1469//1668 1484//1668
f 1462//1669 1477//1669 1478//1669
f 1470//1670 1485//1670 1486//1670
f 1463//1393 1478//1393 1479//1393
f 1471//1821 1486//1821 1487//1821
f 1465//787 1464//787 1479//787
f 1473//469 1472//469 1487//469
f 1465//470 1480//470 1481//470
f 1466//1822 1481//1822 1482//1822
f 1460//474 1459//474 1474//474
f 1486//1410 1501//1410 1502//1410
f 1479//1411 1494//1411 1495//1411
f 1488//1400 1487//1400 1502//1400
f 1481//478 1480//478 1495//478
f 1481//1677 1496//1677 1497//1677
f 1474//1678 1489//1678 1490//1678
f 1483//483 1482//483 1497//483
f 1475//1680 1490//1680 1491//1680
f 1483//1671 1498//1671 1499//1671
f 1477//486 1476//486 1491//486
f 1485//487 1484//487 1499//487
f 1477//1673 1492//1673 1493//1673
f 1485//1674 1500//1674 1501//1674
f 1478//1823 1493//1823 1494//1823
f 1498//1824 1513//1824 1514//1824
f 1491//1412 1506//1412 1507//1412
f 1499//1683 1514//1683 1515//1683
f 1493//1684 1492//1684 1507//1684
f 1501//1825 1500//1825 1515//1825
f 1494//1686 1493//1686 1508//1686
f 1502//1826 1501//1826 1516//1826
f 1494//1827 1509//1827 1510//1827
f 1503//1828 1502//1828 1517//1828
f 1495//1419 1510//1419 1511//1419
f 1496//1420 1511//1420 1512//1420
f 1490//1829 1489//1829 1504//1829
f 1497//1830 1512//1830 1513//1830
f 1490//1831 1505//1831 1506//1831
f 1517//1832 1532//1832 1533//1832
f 1510//509 1525//509 1526//509
f 1512//820 1511//820 1526//820
f 1504//1833 1519//1833 1520//1833
f 1512//1427 1527//1427 1528//1427
f 1506//1834 1505//1834 1520//1834
f 1513//1428 1528//1428 1529//1428
f 1506//1429 1521//1429 1522//1429
f 1515//1835 1514//1835 1529//1835
f 1508//1836 1507//1836 1522//1836
f 1516//1431 1515//1431 1530//1431
f 1509//1432 1508//1432 1523//1432
f 1516//819 1531//819 1532//819
f 1510//1837 1509//1837 1524//1837
f 1522//1838 1521//1838 1063//1838
f 1530//1839 1529//1839 1067//1839
f 1522//526 1064//526 1535//526
f 1530//1696 1539//1696 1540//1696
f 1524//1840 1523//1840 1535//1840
f 1532//1841 1531//1841 1540//1841
f 1525//1697 1524//1697 1065//1697
f 1532//1842 1541//1842 1542//1842
f 1525//1441 1536//1441 1066//1441
f 1526//535 1066//535 1537//535
f 1520//1843 1519//1843 1062//1843
f 1527//1043 1537//1043 1538//1043
f 1520//1443 1534//1443 1063//1443
f 1528//539 1538//539 1067//539
f 1592//28 1594//28 1593//28
f 1594//1060 1598//1060 1597//1060
f 1598//25 1596//25 1595//25
f 1596//1061 1592//1061 1591//1061
f 1597//14 1595//14 1591//14
f 1594//11 1592//11 1596//11
