# Blender 5.2.2 LTS
# www.blender.org
mtllib blade.mtl
o blade
v -0.444546 1.221630 0.000000
v -0.525276 1.189163 0.000000
v -0.602858 1.151677 0.000000
v -0.678849 1.108647 0.000000
v -0.751454 1.060794 0.000000
v -0.820820 1.008161 0.000000
v -0.886534 0.951019 0.000000
v -0.947674 0.889854 0.000000
v -1.004960 0.824577 0.000000
v -1.057820 0.755595 0.000000
v -1.105911 0.683254 0.000000
v -1.149264 0.607788 0.000000
v -1.187184 0.529716 0.000000
v -1.219848 0.449263 0.000000
v -1.247112 0.366785 0.000000
v -1.268787 0.282676 0.000000
v -1.284889 0.197270 0.000000
v -1.295337 0.110953 0.000000
v -1.299800 0.024212 0.000000
v -1.298535 -0.062664 0.000000
v -1.291352 -0.149218 0.000000
v -1.278448 -0.235122 0.000000
v -1.260036 -0.320049 0.000000
v -1.235790 -0.403472 0.000000
v -1.206081 -0.485114 0.000000
v -1.171042 -0.564609 0.000000
v -1.130566 -0.641508 0.000000
v -1.085243 -0.715615 0.000000
v -1.035118 -0.786542 0.000000
v -0.980254 -0.853914 0.000000
v -0.921087 -0.917500 0.000000
v -0.857608 -0.976915 0.000000
v -0.790383 -1.031999 0.000000
v -0.719721 -1.082507 0.000000
v -0.645826 -1.128174 0.000000
v -0.569095 -1.168819 0.000000
v -0.489868 -1.204261 0.000000
v -0.408152 -1.234215 0.000000
v -0.324816 -1.258730 0.000000
v -0.239985 -1.277607 0.000000
v -0.154144 -1.290801 0.000000
v -0.067992 -1.298367 0.000000
v 0.019078 -1.299911 0.000000
v 0.106048 -1.295654 0.000000
v 0.192426 -1.285654 0.000000
v 0.278300 -1.269782 0.000000
v 0.361831 -1.248640 0.000000
v 0.444546 -1.221630 0.000000
v 0.525276 -1.189163 0.000000
v 0.602858 -1.151677 0.000000
v 0.678849 -1.108647 0.000000
v 0.751454 -1.060794 0.000000
v 0.820820 -1.008161 0.000000
v 0.886534 -0.951019 0.000000
v 0.947674 -0.889854 0.000000
v 1.004960 -0.824577 0.000000
v 1.057820 -0.755595 0.000000
v 1.105911 -0.683254 0.000000
v 1.149264 -0.607788 0.000000
v 1.187184 -0.529716 0.000000
v 1.219848 -0.449263 0.000000
v 1.247112 -0.366785 0.000000
v 1.268787 -0.282676 0.000000
v 1.284889 -0.197270 0.000000
v 1.295337 -0.110953 0.000000
v 1.299800 -0.024212 0.000000
v 1.298535 0.062664 0.000000
v 1.291352 0.149218 0.000000
v 1.278448 0.235122 0.000000
v 1.260036 0.320049 0.000000
v 1.235790 0.403472 0.000000
v 1.206081 0.485114 0.000000
v 1.171042 0.564609 0.000000
v 1.130566 0.641508 0.000000
v 1.085243 0.715615 0.000000
v 1.035118 0.786542 0.000000
v 0.980254 0.853914 0.000000
v 0.921087 0.917500 0.000000
v 0.857608 0.976915 0.000000
v 0.790383 1.031999 0.000000
v 0.719721 1.082507 0.000000
v 0.645826 1.128174 0.000000
v 0.569095 1.168819 0.000000
v 0.489868 1.204261 0.000000
v 0.408152 1.234215 0.000000
v 0.324816 1.258730 0.000000
v 0.239985 1.277607 0.000000
v 0.154144 1.290801 0.000000
v 0.067992 1.298367 0.000000
v -0.019078 1.299911 0.000000
v -0.106048 1.295654 0.000000
v -0.192426 1.285654 0.000000
v -0.278300 1.269782 0.000000
v -0.361831 1.248640 0.000000
v -0.444649 1.237121 1.050000
v -0.525507 1.204974 1.050000
v -0.603237 1.167795 1.050000
v -0.679398 1.125065 1.050000
v -0.752191 1.077500 1.050000
v -0.821765 1.025141 1.050000
v -0.887705 0.968260 1.050000
v -0.949086 0.907338 1.050000
v -1.006630 0.842288 1.050000
v -1.059762 0.773515 1.050000
v -1.108138 0.701365 1.050000
v -1.151790 0.626071 1.050000
v -1.190019 0.548150 1.050000
v -1.223001 0.467826 1.050000
v -1.250590 0.385457 1.050000
v -1.272598 0.301434 1.050000
v -1.289037 0.216093 1.050000
v -1.299827 0.129818 1.050000
v -1.304633 0.043095 1.050000
v -1.303711 -0.043785 1.050000
v -1.296872 -0.130367 1.050000
v -1.284307 -0.216321 1.050000
v -1.266231 -0.301321 1.050000
v -1.242316 -0.384839 1.050000
v -1.212930 -0.466597 1.050000
v -1.178205 -0.546231 1.050000
v -1.138034 -0.623289 1.050000
v -1.093004 -0.697574 1.050000
v -1.043161 -0.768700 1.050000
v -0.988563 -0.836288 1.050000
v -0.929649 -0.900108 1.050000
v -0.866404 -0.959774 1.050000
v -0.799398 -1.015123 1.050000
v -0.728936 -1.065910 1.050000
v -0.655223 -1.111868 1.050000
v -0.578653 -1.152817 1.050000
v -0.499566 -1.188572 1.050000
v -0.417970 -1.218849 1.050000
v -0.334732 -1.243693 1.050000
v -0.249976 -1.262906 1.050000
v -0.164187 -1.276439 1.050000
v -0.078067 -1.284346 1.050000
v 0.008996 -1.286234 1.050000
v 0.095983 -1.282322 1.050000
v 0.182400 -1.272663 1.050000
v 0.268336 -1.257131 1.050000
v 0.351949 -1.236320 1.050000
v 0.434771 -1.209637 1.050000
v 0.515628 -1.177490 1.050000
v 0.593359 -1.140311 1.050000
v 0.669520 -1.097581 1.050000
v 0.742313 -1.050016 1.050000
v 0.811886 -0.997658 1.050000
v 0.877826 -0.940777 1.050000
v 0.939208 -0.879854 1.050000
v 0.996752 -0.814804 1.050000
v 1.049884 -0.746031 1.050000
v 1.098260 -0.673881 1.050000
v 1.141912 -0.598587 1.050000
v 1.180141 -0.520666 1.050000
v 1.213122 -0.440342 1.050000
v 1.240712 -0.357973 1.050000
v 1.262720 -0.273950 1.050000
v 1.279159 -0.188609 1.050000
v 1.289949 -0.102334 1.050000
v 1.294755 -0.015612 1.050000
v 1.293833 0.071269 1.050000
v 1.286993 0.157851 1.050000
v 1.274429 0.243805 1.050000
v 1.256353 0.328805 1.050000
v 1.232437 0.412323 1.050000
v 1.203051 0.494081 1.050000
v 1.168327 0.573715 1.050000
v 1.128155 0.650773 1.050000
v 1.083126 0.725058 1.050000
v 1.033282 0.796183 1.050000
v 0.978685 0.863772 1.050000
v 0.919770 0.927591 1.050000
v 0.856526 0.987257 1.050000
v 0.789520 1.042606 1.050000
v 0.719058 1.093393 1.050000
v 0.645344 1.139352 1.050000
v 0.568775 1.180301 1.050000
v 0.489688 1.216056 1.050000
v 0.408092 1.246332 1.050000
v 0.324853 1.271177 1.050000
v 0.240097 1.290390 1.050000
v 0.154309 1.303923 1.050000
v 0.068188 1.311830 1.050000
v -0.018875 1.313718 1.050000
v -0.105861 1.309806 1.050000
v -0.192278 1.300147 1.050000
v -0.278214 1.284615 1.050000
v -0.361828 1.263803 1.050000
v -0.450919 1.289026 2.100000
v -0.531430 1.257425 2.100000
v -0.610701 1.220034 2.100000
v -0.690625 1.176225 2.100000
v -0.765863 1.127956 2.100000
v -0.834564 1.075979 2.100000
v -0.899606 1.019398 2.100000
v -0.960192 0.958647 2.100000
v -1.017025 0.893652 2.100000
v -1.069540 0.824812 2.100000
v -1.117417 0.752467 2.100000
v -1.160667 0.676859 2.100000
v -1.198593 0.598505 2.100000
v -1.231373 0.517631 2.100000
v -1.258859 0.434600 2.100000
v -1.280849 0.349809 2.100000
v -1.297294 0.263621 2.100000
v -1.308214 0.176387 2.100000
v -1.313277 0.088598 2.100000
v -1.312664 0.000572 2.100000
v -1.306208 -0.087236 2.100000
v -1.294092 -0.174489 2.100000
v -1.276459 -0.260829 2.100000
v -1.252939 -0.345712 2.100000
v -1.223881 -0.428844 2.100000
v -1.189373 -0.509839 2.100000
v -1.149341 -0.588256 2.100000
v -1.104332 -0.663873 2.100000
v -1.054443 -0.736318 2.100000
v -0.999789 -0.805227 2.100000
v -0.940724 -0.870332 2.100000
v -0.877248 -0.931249 2.100000
v -0.809974 -0.987823 2.100000
v -0.739219 -1.039806 2.100000
v -0.665183 -1.086925 2.100000
v -0.588231 -1.128983 2.100000
v -0.508808 -1.165827 2.100000
v -0.426798 -1.197125 2.100000
v -0.343205 -1.222965 2.100000
v -0.258148 -1.243140 2.100000
v -0.171990 -1.257554 2.100000
v -0.085685 -1.266345 2.100000
v 0.001663 -1.269019 2.100000
v 0.088724 -1.265898 2.100000
v 0.175249 -1.256945 2.100000
v 0.261251 -1.242060 2.100000
v 0.345164 -1.221727 2.100000
v 0.428350 -1.195422 2.100000
v 0.509202 -1.163701 2.100000
v 0.586743 -1.126921 2.100000
v 0.662512 -1.084582 2.100000
v 0.734964 -1.037299 2.100000
v 0.804101 -0.985167 2.100000
v 0.869621 -0.928417 2.100000
v 0.930496 -0.867564 2.100000
v 0.987672 -0.802447 2.100000
v 1.040407 -0.733530 2.100000
v 1.088429 -0.661134 2.100000
v 1.131773 -0.585493 2.100000
v 1.169671 -0.507148 2.100000
v 1.202434 -0.426280 2.100000
v 1.229809 -0.343288 2.100000
v 1.251623 -0.258560 2.100000
v 1.267917 -0.172425 2.100000
v 1.278623 -0.085267 2.100000
v 1.283370 0.002411 2.100000
v 1.282353 0.090294 2.100000
v 1.275528 0.177971 2.100000
v 1.263039 0.265092 2.100000
v 1.245038 0.351302 2.100000
v 1.221227 0.436081 2.100000
v 1.191949 0.519135 2.100000
v 1.157382 0.600110 2.100000
v 1.117455 0.678564 2.100000
v 1.072600 0.754236 2.100000
v 1.022981 0.826776 2.100000
v 0.968666 0.895805 2.100000
v 0.909971 0.961041 2.100000
v 0.847036 1.022150 2.100000
v 0.780423 1.078957 2.100000
v 0.710327 1.131173 2.100000
v 0.637037 1.178557 2.100000
v 0.560896 1.220901 2.100000
v 0.482311 1.258041 2.100000
v 0.401175 1.289649 2.100000
v 0.318489 1.315810 2.100000
v 0.234399 1.336326 2.100000
v 0.149366 1.351139 2.100000
v 0.064079 1.360289 2.100000
v -0.022382 1.363277 2.100000
v -0.109356 1.360187 2.100000
v -0.197413 1.350693 2.100000
v -0.283770 1.335682 2.100000
v -0.367136 1.315542 2.100000
v -0.478628 1.445074 3.150000
v -0.557513 1.414330 3.150000
v -0.642341 1.374964 3.150000
v -0.736301 1.325912 3.150000
v -0.820421 1.273851 3.150000
v -0.885165 1.222201 3.150000
v -0.946083 1.165681 3.150000
v -1.002873 1.104552 3.150000
v -1.056166 1.038780 3.150000
v -1.105447 0.968754 3.150000
v -1.150484 0.894793 3.150000
v -1.191213 0.817178 3.150000
v -1.226955 0.736429 3.150000
v -1.257896 0.652787 3.150000
v -1.283878 0.566631 3.150000
v -1.304661 0.478390 3.150000
v -1.319959 0.388526 3.150000
v -1.330190 0.297269 3.150000
v -1.335032 0.205125 3.150000
v -1.334383 0.112532 3.150000
v -1.328173 0.019929 3.150000
v -1.316550 -0.072311 3.150000
v -1.299389 -0.163716 3.150000
v -1.276173 -0.253670 3.150000
v -1.247169 -0.341828 3.150000
v -1.212306 -0.427728 3.150000
v -1.171648 -0.510952 3.150000
v -1.125583 -0.591203 3.150000
v -1.074420 -0.668156 3.150000
v -1.018490 -0.741504 3.150000
v -0.957832 -0.810847 3.150000
v -0.892500 -0.875798 3.150000
v -0.823287 -0.936243 3.150000
v -0.750546 -0.991926 3.150000
v -0.674480 -1.042556 3.150000
v -0.595328 -1.087873 3.150000
v -0.513952 -1.127851 3.150000
v -0.429760 -1.161978 3.150000
v -0.344292 -1.190508 3.150000
v -0.257637 -1.213211 3.150000
v -0.169695 -1.229816 3.150000
v -0.082401 -1.240787 3.150000
v 0.006246 -1.245241 3.150000
v 0.093709 -1.243903 3.150000
v 0.180686 -1.236403 3.150000
v 0.266891 -1.222736 3.150000
v 0.351833 -1.203001 3.150000
v 0.436210 -1.176910 3.150000
v 0.516745 -1.145591 3.150000
v 0.593189 -1.109144 3.150000
v 0.667003 -1.067105 3.150000
v 0.737614 -1.019747 3.150000
v 0.804472 -0.967361 3.150000
v 0.867710 -0.910033 3.150000
v 0.925898 -0.848418 3.150000
v 0.980859 -0.782065 3.150000
v 1.031203 -0.711669 3.150000
v 1.076941 -0.637464 3.150000
v 1.118129 -0.559689 3.150000
v 1.153733 -0.478988 3.150000
v 1.184593 -0.395374 3.150000
v 1.210035 -0.309406 3.150000
v 1.229968 -0.221461 3.150000
v 1.244534 -0.131851 3.150000
v 1.253725 -0.040957 3.150000
v 1.257034 0.050654 3.150000
v 1.254430 0.142566 3.150000
v 1.246430 0.234545 3.150000
v 1.232998 0.326156 3.150000
v 1.214054 0.416940 3.150000
v 1.189422 0.506401 3.150000
v 1.159350 0.594187 3.150000
v 1.124203 0.679988 3.150000
v 1.084056 0.763391 3.150000
v 1.038739 0.843901 3.150000
v 0.988882 0.921309 3.150000
v 0.934595 0.995230 3.150000
v 0.875732 1.065197 3.150000
v 0.813024 1.131062 3.150000
v 0.747013 1.192621 3.150000
v 0.677471 1.249418 3.150000
v 0.605020 1.301307 3.150000
v 0.529802 1.347993 3.150000
v 0.452485 1.389384 3.150000
v 0.372535 1.424988 3.150000
v 0.291463 1.455048 3.150000
v 0.209497 1.479384 3.150000
v 0.127011 1.497888 3.150000
v 0.044648 1.510575 3.150000
v -0.039696 1.516527 3.150000
v -0.126737 1.515337 3.150000
v -0.221139 1.505251 3.150000
v -0.309070 1.490983 3.150000
v -0.391358 1.472172 3.150000
v -0.513963 1.676202 4.200000
v -0.589275 1.647016 4.200000
v -0.682738 1.604605 4.200000
v -0.799716 1.547187 4.200000
v -0.898146 1.489171 4.200000
v -0.955454 1.438356 4.200000
v -1.008682 1.382263 4.200000
v -1.058378 1.320875 4.200000
v -1.105046 1.254218 4.200000
v -1.148257 1.182666 4.200000
v -1.187936 1.106498 4.200000
v -1.223891 1.026059 4.200000
v -1.255478 0.941873 4.200000
v -1.282899 0.854199 4.200000
v -1.305978 0.763447 4.200000
v -1.324416 0.670089 4.200000
v -1.337523 0.574750 4.200000
v -1.346393 0.477461 4.200000
v -1.350725 0.378747 4.200000
v -1.349935 0.279242 4.200000
v -1.344120 0.179356 4.200000
v -1.333369 0.079516 4.200000
v -1.317096 -0.019616 4.200000
v -1.294541 -0.117316 4.200000
v -1.265831 -0.213154 4.200000
v -1.230620 -0.306542 4.200000
v -1.189210 -0.397112 4.200000
v -1.141714 -0.484434 4.200000
v -1.088800 -0.568274 4.200000
v -1.031166 -0.648415 4.200000
v -0.968312 -0.724241 4.200000
v -0.900383 -0.795367 4.200000
v -0.828474 -0.861745 4.200000
v -0.752996 -0.923109 4.200000
v -0.674153 -0.979140 4.200000
v -0.591970 -1.029475 4.200000
v -0.508010 -1.074299 4.200000
v -0.420880 -1.112807 4.200000
v -0.333009 -1.145524 4.200000
v -0.244447 -1.172185 4.200000
v -0.154296 -1.192233 4.200000
v -0.066151 -1.206663 4.200000
v 0.023858 -1.213961 4.200000
v 0.111158 -1.215513 4.200000
v 0.198053 -1.210396 4.200000
v 0.283756 -1.198768 4.200000
v 0.369610 -1.180092 4.200000
v 0.455180 -1.154471 4.200000
v 0.534362 -1.123967 4.200000
v 0.608156 -1.088256 4.200000
v 0.677872 -1.046939 4.200000
v 0.744609 -0.999720 4.200000
v 0.806876 -0.947215 4.200000
v 0.865544 -0.889269 4.200000
v 0.918521 -0.826763 4.200000
v 0.969102 -0.758773 4.200000
v 1.014808 -0.686371 4.200000
v 1.056130 -0.609643 4.200000
v 1.093162 -0.528837 4.200000
v 1.124427 -0.444761 4.200000
v 1.151656 -0.357153 4.200000
v 1.173471 -0.266831 4.200000
v 1.189913 -0.174154 4.200000
v 1.201305 -0.079398 4.200000
v 1.207734 0.017059 4.200000
v 1.208470 0.114547 4.200000
v 1.203094 0.212491 4.200000
v 1.193079 0.310945 4.200000
v 1.178081 0.409339 4.200000
v 1.157627 0.507047 4.200000
v 1.131749 0.603614 4.200000
v 1.100533 0.698599 4.200000
v 1.064654 0.791760 4.200000
v 1.024446 0.882738 4.200000
v 0.978705 0.970658 4.200000
v 0.928854 1.055542 4.200000
v 0.875076 1.136997 4.200000
v 0.816432 1.214257 4.200000
v 0.754659 1.287480 4.200000
v 0.690262 1.356417 4.200000
v 0.622290 1.420338 4.200000
v 0.551927 1.479258 4.200000
v 0.478976 1.532738 4.200000
v 0.404539 1.580806 4.200000
v 0.327358 1.622703 4.200000
v 0.249803 1.658934 4.200000
v 0.172239 1.689342 4.200000
v 0.094890 1.713751 4.200000
v 0.018313 1.732123 4.200000
v -0.061600 1.742860 4.200000
v -0.147909 1.744749 4.200000
v -0.252225 1.733697 4.200000
v -0.341978 1.720690 4.200000
v -0.421606 1.704135 4.200000
v -0.533690 1.900311 5.250000
v -0.601938 1.873817 5.250000
v -0.704328 1.828446 5.250000
v -0.849019 1.761529 5.250000
v -0.963903 1.697167 5.250000
v -1.009413 1.648657 5.250000
v -1.050614 1.594475 5.250000
v -1.089186 1.534243 5.250000
v -1.125448 1.468066 5.250000
v -1.159101 1.396284 5.250000
v -1.190283 1.319124 5.250000
v -1.218637 1.237001 5.250000
v -1.243584 1.150434 5.250000
v -1.265341 1.059699 5.250000
v -1.283719 0.965232 5.250000
v -1.298340 0.867555 5.250000
v -1.307992 0.767484 5.250000
v -1.314653 0.664794 5.250000
v -1.318059 0.560021 5.250000
v -1.316992 0.454035 5.250000
v -1.311771 0.347203 5.250000
v -1.302402 0.240009 5.250000
v -1.287697 0.133341 5.250000
v -1.266585 0.028054 5.250000
v -1.239003 -0.075330 5.250000
v -1.204244 -0.176071 5.250000
v -1.162921 -0.273874 5.250000
v -1.114773 -0.368151 5.250000
v -1.060934 -0.458790 5.250000
v -1.002581 -0.545695 5.250000
v -0.938499 -0.627989 5.250000
v -0.868952 -0.705295 5.250000
v -0.795411 -0.777656 5.250000
v -0.718355 -0.844799 5.250000
v -0.637984 -0.906374 5.250000
v -0.554032 -0.961899 5.250000
v -0.468967 -1.011824 5.250000
v -0.380350 -1.054986 5.250000
v -0.291747 -1.092250 5.250000
v -0.203149 -1.123312 5.250000
v -0.112609 -1.147254 5.250000
v -0.025859 -1.165744 5.250000
v 0.063381 -1.176479 5.250000
v 0.147922 -1.181672 5.250000
v 0.232171 -1.179707 5.250000
v 0.314686 -1.170947 5.250000
v 0.399256 -1.154046 5.250000
v 0.483921 -1.129607 5.250000
v 0.558933 -1.100861 5.250000
v 0.626950 -1.066939 5.250000
v 0.689040 -1.027534 5.250000
v 0.748535 -0.981621 5.250000
v 0.802713 -0.930224 5.250000
v 0.853421 -0.872875 5.250000
v 0.897727 -0.810733 5.250000
v 0.940829 -0.742278 5.250000
v 0.978841 -0.669044 5.250000
v 1.012895 -0.590927 5.250000
v 1.043131 -0.508178 5.250000
v 1.067516 -0.421798 5.250000
v 1.088938 -0.331174 5.250000
v 1.105105 -0.237444 5.250000
v 1.116238 -0.140928 5.250000
v 1.122893 -0.041856 5.250000
v 1.125287 0.059413 5.250000
v 1.122409 0.162092 5.250000
v 1.113327 0.265409 5.250000
v 1.100766 0.369796 5.250000
v 1.083976 0.474518 5.250000
v 1.061963 0.578752 5.250000
v 1.035045 0.682106 5.250000
v 1.003081 0.784030 5.250000
v 0.967155 0.884383 5.250000
v 0.927933 0.982885 5.250000
v 0.882851 1.078184 5.250000
v 0.834367 1.170605 5.250000
v 0.782753 1.259756 5.250000
v 0.726029 1.344500 5.250000
v 0.667240 1.425390 5.250000
v 0.606827 1.502124 5.250000
v 0.542889 1.573635 5.250000
v 0.477338 1.640147 5.250000
v 0.409520 1.701046 5.250000
v 0.341098 1.756514 5.250000
v 0.269869 1.805468 5.250000
v 0.199295 1.848736 5.250000
v 0.129918 1.886200 5.250000
v 0.061751 1.917595 5.250000
v -0.004780 1.942819 5.250000
v -0.076376 1.959431 5.250000
v -0.159185 1.965201 5.250000
v -0.273880 1.953095 5.250000
v -0.363473 1.941977 5.250000
v -0.437163 1.928701 5.250000
v -0.541933 2.126955 6.300000
v -0.601412 2.103715 6.300000
v -0.713148 2.055600 6.300000
v -0.888442 1.979007 6.300000
v -1.021250 1.908343 6.300000
v -1.052801 1.862752 6.300000
v -1.079830 1.811087 6.300000
v -1.105309 1.752576 6.300000
v -1.129337 1.687412 6.300000
v -1.151768 1.615899 6.300000
v -1.172985 1.538199 6.300000
v -1.192441 1.454806 6.300000
v -1.209640 1.366225 6.300000
v -1.224813 1.272752 6.300000
v -1.237753 1.174849 6.300000
v -1.248000 1.073084 6.300000
v -1.253750 0.968480 6.300000
v -1.257975 0.860535 6.300000
v -1.260461 0.749793 6.300000
v -1.259266 0.637374 6.300000
v -1.254966 0.523596 6.300000
v -1.247466 0.409003 6.300000
v -1.234896 0.294724 6.300000
v -1.215838 0.181746 6.300000
v -1.190005 0.070694 6.300000
v -1.156285 -0.037539 6.300000
v -1.115641 -0.142732 6.300000
v -1.067381 -0.244134 6.300000
v -1.013168 -0.341758 6.300000
v -0.954715 -0.435646 6.300000
v -0.889996 -0.524638 6.300000
v -0.819407 -0.608370 6.300000
v -0.744841 -0.686981 6.300000
v -0.666847 -0.760188 6.300000
v -0.585620 -0.827614 6.300000
v -0.500558 -0.888648 6.300000
v -0.415151 -0.944022 6.300000
v -0.325774 -0.992192 6.300000
v -0.237272 -1.034383 6.300000
v -0.149566 -1.070251 6.300000
v -0.059517 -1.098495 6.300000
v 0.024732 -1.121494 6.300000
v 0.112182 -1.136110 6.300000
v 0.192696 -1.145432 6.300000
v 0.273064 -1.147104 6.300000
v 0.351103 -1.141709 6.300000
v 0.433384 -1.127033 6.300000
v 0.516208 -1.104218 6.300000
v 0.585720 -1.077731 6.300000
v 0.646464 -1.046119 6.300000
v 0.699222 -1.009183 6.300000
v 0.749862 -0.965111 6.300000
v 0.794272 -0.915359 6.300000
v 0.835405 -0.859129 6.300000
v 0.869389 -0.797866 6.300000
v 0.903563 -0.729418 6.300000
v 0.932462 -0.655812 6.300000
v 0.957939 -0.576733 6.300000
v 0.980188 -0.492436 6.300000
v 0.996552 -0.404125 6.300000
v 1.011228 -0.310813 6.300000
v 1.020889 -0.213971 6.300000
v 1.025962 -0.113881 6.300000
v 1.027263 -0.010717 6.300000
v 1.025161 0.095181 6.300000
v 1.018323 0.202905 6.300000
v 1.005240 0.311477 6.300000
v 0.990049 0.421730 6.300000
v 0.971541 0.532760 6.300000
v 0.948130 0.643531 6.300000
v 0.920458 0.753721 6.300000
v 0.888127 0.862670 6.300000
v 0.852675 0.970342 6.300000
v 0.815146 1.076544 6.300000
v 0.771436 1.179417 6.300000
v 0.725166 1.279613 6.300000
v 0.676711 1.376736 6.300000
v 0.622906 1.469260 6.300000
v 0.568277 1.558158 6.300000
v 0.513185 1.643071 6.300000
v 0.454653 1.722577 6.300000
v 0.395410 1.797118 6.300000
v 0.334284 1.865898 6.300000
v 0.273565 1.929262 6.300000
v 0.209984 1.985781 6.300000
v 0.148227 2.036627 6.300000
v 0.089035 2.081724 6.300000
v 0.032177 2.120710 6.300000
v -0.022079 2.153416 6.300000
v -0.083355 2.176503 6.300000
v -0.161299 2.186656 6.300000
v -0.286833 2.173710 6.300000
v -0.375371 2.164918 6.300000
v -0.441512 2.155465 6.300000
v -0.525814 2.405410 7.722580
v -0.573789 2.386549 7.722580
v -0.697336 2.336188 7.722580
v -0.911776 2.249719 7.722580
v -1.067547 2.172781 7.722580
v -1.081238 2.130904 7.722580
v -1.090211 2.082428 7.722580
v -1.099093 2.026150 7.722580
v -1.107699 1.962364 7.722580
v -1.116080 1.891328 7.722580
v -1.124929 1.813137 7.722580
v -1.133458 1.728369 7.722580
v -1.141271 1.637510 7.722580
v -1.148615 1.540881 7.722580
v -1.155260 1.438974 7.722580
v -1.160635 1.332408 7.722580
v -1.162171 1.222433 7.722580
v -1.164119 1.108246 7.722580
v -1.166320 0.990402 7.722580
v -1.165901 0.870298 7.722580
v -1.163760 0.748198 7.722580
v -1.159675 0.624719 7.722580
v -1.150889 0.501257 7.722580
v -1.135539 0.378942 7.722580
v -1.113047 0.258518 7.722580
v -1.081770 0.141052 7.722580
v -1.043121 0.026683 7.722580
v -0.995850 -0.083645 7.722580
v -0.942290 -0.190087 7.722580
v -0.884840 -0.292824 7.722580
v -0.820425 -0.390384 7.722580
v -0.749609 -0.482414 7.722580
v -0.674818 -0.569145 7.722580
v -0.596690 -0.650284 7.722580
v -0.515405 -0.725416 7.722580
v -0.429927 -0.793780 7.722580
v -0.345052 -0.856414 7.722580
v -0.255630 -0.911356 7.722580
v -0.168142 -0.960211 7.722580
v -0.082415 -1.002589 7.722580
v 0.006222 -1.036764 7.722580
v 0.086539 -1.065881 7.722580
v 0.171028 -1.085896 7.722580
v 0.245772 -1.100844 7.722580
v 0.320625 -1.107555 7.722580
v 0.392451 -1.106852 7.722580
v 0.471398 -1.095552 7.722580
v 0.551533 -1.075403 7.722580
v 0.613736 -1.052208 7.722580
v 0.664974 -1.023867 7.722580
v 0.705653 -0.990310 7.722580
v 0.744906 -0.948852 7.722580
v 0.776832 -0.901423 7.722580
v 0.805804 -0.846857 7.722580
v 0.826747 -0.786906 7.722580
v 0.849742 -0.718739 7.722580
v 0.867293 -0.644911 7.722580
v 0.882185 -0.564880 7.722580
v 0.894673 -0.478906 7.722580
v 0.901303 -0.388407 7.722580
v 0.907942 -0.291993 7.722580
v 0.909937 -0.191501 7.722580
v 0.907974 -0.087170 7.722580
v 0.903204 0.020884 7.722580
v 0.896178 0.132339 7.722580
v 0.885158 0.246157 7.722580
v 0.867880 0.361127 7.722580
v 0.850297 0.478524 7.722580
v 0.830600 0.597250 7.722580
v 0.806442 0.716031 7.722580
v 0.778877 0.834627 7.722580
v 0.747169 0.952245 7.722580
v 0.713437 1.068962 7.722580
v 0.679206 1.184677 7.722580
v 0.638387 1.296970 7.722580
v 0.596091 1.406842 7.722580
v 0.552817 1.513896 7.722580
v 0.503879 1.616168 7.722580
v 0.455696 1.715090 7.722580
v 0.408521 1.810231 7.722580
v 0.357989 1.899773 7.722580
v 0.307878 1.984398 7.722580
v 0.256342 2.063097 7.722580
v 0.206476 2.136392 7.722580
v 0.153634 2.202472 7.722580
v 0.104072 2.262876 7.722580
v 0.058778 2.317567 7.722580
v 0.017207 2.366074 7.722580
v -0.020578 2.408142 7.722580
v -0.067951 2.439460 7.722580
v -0.139052 2.455517 7.722580
v -0.277952 2.442725 7.722580
v -0.364665 2.437489 7.722580
v -0.420725 2.433158 7.722580
v -0.495446 2.639953 9.145162
v -0.538575 2.623571 9.145162
v -0.667769 2.574497 9.145162
v -0.875880 2.494768 9.145162
v -1.025574 2.422459 9.145162
v -1.033698 2.380699 9.145162
v -1.036575 2.331971 9.145162
v -1.039159 2.275118 9.145162
v -1.042160 2.210195 9.145162
v -1.045771 2.137434 9.145162
v -1.050714 2.056957 9.145162
v -1.056167 1.969344 9.145162
v -1.061585 1.875131 9.145162
v -1.067504 1.774583 9.145162
v -1.073606 1.668230 9.145162
v -1.079165 1.556740 9.145162
v -1.082060 1.441191 9.145162
v -1.086094 1.321043 9.145162
v -1.090917 1.196926 9.145162
v -1.093639 1.070187 9.145162
v -1.095396 0.941073 9.145162
v -1.095962 0.810223 9.145162
v -1.092595 0.678978 9.145162
v -1.083097 0.548536 9.145162
v -1.067165 0.419575 9.145162
v -1.042436 0.293344 9.145162
v -1.010011 0.170134 9.145162
v -0.968313 0.050970 9.145162
v -0.919190 -0.064074 9.145162
v -0.866122 -0.175387 9.145162
v -0.804497 -0.281130 9.145162
v -0.736644 -0.381399 9.145162
v -0.663386 -0.475891 9.145162
v -0.587251 -0.564791 9.145162
v -0.507220 -0.647327 9.145162
v -0.422804 -0.722896 9.145162
v -0.338563 -0.792317 9.145162
v -0.249575 -0.853815 9.145162
v -0.162318 -0.908798 9.145162
v -0.077135 -0.957005 9.145162
v 0.010821 -0.996777 9.145162
v 0.090572 -1.030863 9.145162
v 0.173615 -1.055834 9.145162
v 0.246943 -1.075071 9.145162
v 0.319392 -1.085954 9.145162
v 0.389759 -1.088679 9.145162
v 0.466057 -1.080931 9.145162
v 0.548335 -1.062636 9.145162
v 0.609289 -1.041325 9.145162
v 0.655215 -1.015276 9.145162
v 0.691875 -0.982957 9.145162
v 0.726742 -0.942398 9.145162
v 0.754362 -0.895248 9.145162
v 0.778533 -0.840631 9.145162
v 0.795187 -0.779887 9.145162
v 0.814055 -0.710577 9.145162
v 0.827968 -0.634968 9.145162
v 0.839436 -0.552687 9.145162
v 0.848582 -0.464052 9.145162
v 0.852594 -0.370228 9.145162
v 0.856761 -0.270164 9.145162
v 0.856763 -0.165498 9.145162
v 0.852992 -0.056588 9.145162
v 0.846969 0.056495 9.145162
v 0.838296 0.173129 9.145162
v 0.826313 0.292599 9.145162
v 0.808331 0.413613 9.145162
v 0.790630 0.537346 9.145162
v 0.770790 0.662554 9.145162
v 0.746560 0.788030 9.145162
v 0.719207 0.913535 9.145162
v 0.687818 1.038222 9.145162
v 0.654328 1.162030 9.145162
v 0.620616 1.284884 9.145162
v 0.580587 1.404509 9.145162
v 0.538902 1.521610 9.145162
v 0.496145 1.635774 9.145162
v 0.447475 1.745100 9.145162
v 0.399713 1.850925 9.145162
v 0.353916 1.953010 9.145162
v 0.305006 2.049438 9.145162
v 0.257785 2.141046 9.145162
v 0.210170 2.226791 9.145162
v 0.165061 2.307033 9.145162
v 0.117946 2.380110 9.145162
v 0.074623 2.447241 9.145162
v 0.036042 2.508335 9.145162
v 0.002042 2.563026 9.145162
v -0.027627 2.610961 9.145162
v -0.066118 2.648251 9.145162
v -0.127560 2.670774 9.145162
v -0.255519 2.666308 9.145162
v -0.338018 2.665679 9.145162
v -0.390799 2.664433 9.145162
v -0.464921 2.829942 10.567742
v -0.507135 2.814950 10.567742
v -0.633587 2.770041 10.567742
v -0.773759 2.712618 10.567742
v -0.876248 2.655424 10.567742
v -0.889212 2.611349 10.567742
v -0.895767 2.560139 10.567742
v -0.899680 2.501087 10.567742
v -0.904330 2.433622 10.567742
v -0.910050 2.357960 10.567742
v -0.917271 2.274324 10.567742
v -0.925390 2.183230 10.567742
v -0.933374 2.085329 10.567742
v -0.942492 1.980738 10.567742
v -0.952243 1.870036 10.567742
v -0.961654 1.753948 10.567742
v -0.970713 1.632984 10.567742
v -0.980501 1.507408 10.567742
v -0.990107 1.377994 10.567742
v -0.997763 1.245746 10.567742
v -1.004839 1.110908 10.567742
v -1.011266 0.974091 10.567742
v -1.015437 0.836295 10.567742
v -1.014863 0.698743 10.567742
v -1.010323 0.561858 10.567742
v -0.998244 0.427135 10.567742
v -0.978371 0.295252 10.567742
v -0.948972 0.167245 10.567742
v -0.909804 0.043779 10.567742
v -0.866318 -0.075894 10.567742
v -0.811202 -0.189392 10.567742
v -0.751171 -0.297798 10.567742
v -0.682220 -0.399580 10.567742
v -0.611668 -0.496004 10.567742
v -0.535410 -0.585555 10.567742
v -0.454902 -0.668107 10.567742
v -0.372478 -0.743776 10.567742
v -0.285701 -0.811535 10.567742
v -0.198992 -0.872072 10.567742
v -0.114152 -0.925465 10.567742
v -0.027766 -0.970544 10.567742
v 0.053693 -1.008602 10.567742
v 0.134769 -1.038263 10.567742
v 0.209553 -1.060760 10.567742
v 0.280441 -1.075320 10.567742
v 0.352423 -1.080572 10.567742
v 0.423584 -1.076887 10.567742
v 0.512220 -1.059702 10.567742
v 0.576376 -1.039314 10.567742
v 0.617634 -1.015355 10.567742
v 0.656063 -0.982951 10.567742
v 0.690842 -0.942407 10.567742
v 0.719892 -0.894378 10.567742
v 0.743765 -0.838908 10.567742
v 0.762545 -0.776200 10.567742
v 0.781619 -0.705189 10.567742
v 0.797219 -0.627097 10.567742
v 0.809998 -0.542094 10.567742
v 0.819669 -0.450619 10.567742
v 0.826102 -0.353099 10.567742
v 0.831008 -0.249544 10.567742
v 0.832600 -0.140848 10.567742
v 0.830200 -0.027665 10.567742
v 0.825880 0.090010 10.567742
v 0.816556 0.210886 10.567742
v 0.804902 0.335071 10.567742
v 0.788054 0.461294 10.567742
v 0.770913 0.590177 10.567742
v 0.750211 0.720322 10.567742
v 0.724902 0.850869 10.567742
v 0.696317 0.981533 10.567742
v 0.663494 1.111463 10.567742
v 0.627187 1.240229 10.567742
v 0.589602 1.367756 10.567742
v 0.547091 1.492539 10.567742
v 0.501300 1.614377 10.567742
v 0.452892 1.732838 10.567742
v 0.398509 1.846516 10.567742
v 0.343670 1.956200 10.567742
v 0.291654 2.062146 10.567742
v 0.237246 2.162540 10.567742
v 0.186610 2.258392 10.567742
v 0.137882 2.348759 10.567742
v 0.092454 2.433525 10.567742
v 0.047875 2.511661 10.567742
v 0.006787 2.583416 10.567742
v -0.030268 2.648561 10.567742
v -0.062070 2.707061 10.567742
v -0.089442 2.758420 10.567742
v -0.120278 2.800436 10.567742
v -0.163118 2.830788 10.567742
v -0.243871 2.842921 10.567742
v -0.315375 2.848292 10.567742
v -0.369772 2.848728 10.567742
v -0.420878 2.982771 11.990322
v -0.462236 2.969024 11.990322
v -0.586125 2.927845 11.990322
v -0.669033 2.886234 11.990322
v -0.731788 2.839754 11.990322
v -0.748951 2.794099 11.990322
v -0.758781 2.741113 11.990322
v -0.764041 2.680420 11.990322
v -0.770338 2.611063 11.990322
v -0.778122 2.533248 11.990322
v -0.787576 2.447274 11.990322
v -0.798282 2.353609 11.990322
v -0.808798 2.252973 11.990322
v -0.821003 2.145396 11.990322
v -0.834242 2.031491 11.990322
v -0.847333 1.912009 11.990322
v -0.862036 1.787090 11.990322
v -0.877138 1.657539 11.990322
v -0.891262 1.524223 11.990322
v -0.903581 1.387903 11.990322
v -0.915655 1.248835 11.990322
v -0.927545 1.107616 11.990322
v -0.938599 0.965006 11.990322
v -0.946087 0.822228 11.990322
v -0.951692 0.679545 11.990322
v -0.950828 0.538589 11.990322
v -0.942107 0.400292 11.990322
v -0.923663 0.265689 11.990322
v -0.893501 0.135832 11.990322
v -0.858706 0.009787 11.990322
v -0.809721 -0.109765 11.990322
v -0.756916 -0.224505 11.990322
v -0.692248 -0.332114 11.990322
v -0.627033 -0.434517 11.990322
v -0.554583 -0.529735 11.990322
v -0.477985 -0.617944 11.990322
v -0.397693 -0.698775 11.990322
v -0.313361 -0.771714 11.990322
v -0.227672 -0.836937 11.990322
v -0.143642 -0.894728 11.990322
v -0.059069 -0.944267 11.990322
v 0.023374 -0.985832 11.990322
v 0.102389 -1.019441 11.990322
v 0.178036 -1.044854 11.990322
v 0.247301 -1.062542 11.990322
v 0.320361 -1.070137 11.990322
v 0.386973 -1.069769 11.990322
v 0.480700 -1.054054 11.990322
v 0.547400 -1.034780 11.990322
v 0.584693 -1.012487 11.990322
v 0.624606 -0.980253 11.990322
v 0.659355 -0.939881 11.990322
v 0.689701 -0.891352 11.990322
v 0.713470 -0.835326 11.990322
v 0.734228 -0.771253 11.990322
v 0.753703 -0.699022 11.990322
v 0.770987 -0.619135 11.990322
v 0.785175 -0.532129 11.990322
v 0.795632 -0.438517 11.990322
v 0.804478 -0.338245 11.990322
v 0.810418 -0.232035 11.990322
v 0.813791 -0.120281 11.990322
v 0.813020 -0.003823 11.990322
v 0.810633 0.117369 11.990322
v 0.801299 0.241590 11.990322
v 0.790478 0.369466 11.990322
v 0.775167 0.499760 11.990322
v 0.759092 0.632689 11.990322
v 0.738281 0.766776 11.990322
v 0.712701 0.901396 11.990322
v 0.683727 1.036222 11.990322
v 0.650359 1.170405 11.990322
v 0.612353 1.303261 11.990322
v 0.572181 1.434698 11.990322
v 0.528258 1.563745 11.990322
v 0.479692 1.689588 11.990322
v 0.427206 1.811774 11.990322
v 0.368696 1.929250 11.990322
v 0.308571 2.042393 11.990322
v 0.251962 2.151760 11.990322
v 0.193552 2.255647 11.990322
v 0.140628 2.355123 11.990322
v 0.091516 2.449327 11.990322
v 0.046335 2.537815 11.990322
v 0.004366 2.619993 11.990322
v -0.034402 2.695450 11.990322
v -0.069774 2.763853 11.990322
v -0.099374 2.825381 11.990322
v -0.124509 2.879445 11.990322
v -0.148639 2.925024 11.990322
v -0.175591 2.961057 11.990322
v -0.216398 2.984951 11.990322
v -0.278401 2.994958 11.990322
v -0.333959 2.997000 11.990322
v -0.376533 3.097730 13.412903
v -0.416672 3.085069 13.412903
v -0.536909 3.047144 13.412903
v -0.578254 3.015124 13.412903
v -0.612173 2.975133 13.412903
v -0.632248 2.928577 13.412903
v -0.644496 2.874468 13.412903
v -0.650927 2.812645 13.412903
v -0.658632 2.741991 13.412903
v -0.668140 2.662710 13.412903
v -0.679454 2.575149 13.412903
v -0.692290 2.479743 13.412903
v -0.704937 2.377243 13.412903
v -0.719680 2.267648 13.412903
v -0.735755 2.151585 13.412903
v -0.751848 2.029814 13.412903
v -0.770933 1.902284 13.412903
v -0.790199 1.770097 13.412903
v -0.807954 1.634158 13.412903
v -0.824030 1.495092 13.412903
v -0.840098 1.353178 13.412903
v -0.856297 1.209010 13.412903
v -0.872642 1.063214 13.412903
v -0.886274 0.916986 13.412903
v -0.899472 0.770522 13.412903
v -0.906998 0.625489 13.412903
v -0.906677 0.482953 13.412903
v -0.896575 0.343930 13.412903
v -0.873479 0.209679 13.412903
v -0.845512 0.079229 13.412903
v -0.801677 -0.044660 13.412903
v -0.754766 -0.163900 13.412903
v -0.694008 -0.275810 13.412903
v -0.633360 -0.382567 13.412903
v -0.564423 -0.481999 13.412903
v -0.491386 -0.574421 13.412903
v -0.413381 -0.659186 13.412903
v -0.331548 -0.736070 13.412903
v -0.247303 -0.804937 13.412903
v -0.164481 -0.866154 13.412903
v -0.081774 -0.919120 13.412903
v 0.000858 -0.963519 13.412903
v 0.078000 -1.000140 13.412903
v 0.153927 -1.027914 13.412903
v 0.221837 -1.047983 13.412903
v 0.295429 -1.057518 13.412903
v 0.358847 -1.059512 13.412903
v 0.455580 -1.045396 13.412903
v 0.523809 -1.027240 13.412903
v 0.558703 -1.006011 13.412903
v 0.599951 -0.974009 13.412903
v 0.635017 -0.933794 13.412903
v 0.666676 -0.884972 13.412903
v 0.690859 -0.828528 13.412903
v 0.713542 -0.763526 13.412903
v 0.733825 -0.690410 13.412903
v 0.752830 -0.609272 13.412903
v 0.768557 -0.520847 13.412903
v 0.780126 -0.425689 13.412903
v 0.791206 -0.323496 13.412903
v 0.798395 -0.215379 13.412903
v 0.803518 -0.101458 13.412903
v 0.804384 0.017334 13.412903
v 0.803789 0.141014 13.412903
v 0.794900 0.267693 13.412903
v 0.785044 0.398230 13.412903
v 0.771148 0.531432 13.412903
v 0.756029 0.667244 13.412903
v 0.735271 0.804182 13.412903
v 0.709555 0.941749 13.412903
v 0.680276 1.079582 13.412903
v 0.646437 1.216844 13.412903
v 0.607099 1.352709 13.412903
v 0.564924 1.487056 13.412903
v 0.519827 1.619233 13.412903
v 0.469183 1.748095 13.412903
v 0.413767 1.873174 13.412903
v 0.352412 1.993636 13.412903
v 0.288709 2.109591 13.412903
v 0.229028 2.221711 13.412903
v 0.168080 2.328410 13.412903
v 0.113848 2.430719 13.412903
v 0.064818 2.527837 13.412903
v 0.020203 2.619134 13.412903
v -0.019470 2.704267 13.412903
v -0.056114 2.782446 13.412903
v -0.089785 2.853279 13.412903
v -0.117351 2.917033 13.412903
v -0.140440 2.973081 13.412903
v -0.159357 3.021093 13.412903
v -0.174561 3.060747 13.412903
v -0.186436 3.091779 13.412903
v -0.240679 3.105098 13.412903
v -0.296137 3.108651 13.412903
v -0.378196 3.167190 14.835484
v -0.407315 3.157224 14.835484
v -0.494542 3.127370 14.835484
v -0.525469 3.097790 14.835484
v -0.551491 3.059563 14.835484
v -0.567992 3.013651 14.835484
v -0.579251 2.959495 14.835484
v -0.586718 2.897072 14.835484
v -0.595473 2.825763 14.835484
v -0.605990 2.745797 14.835484
v -0.618244 2.657526 14.835484
v -0.631973 2.561383 14.835484
v -0.645945 2.458000 14.835484
v -0.661871 2.347529 14.835484
v -0.679079 2.230570 14.835484
v -0.696519 2.107814 14.835484
v -0.716274 1.979430 14.835484
v -0.736316 1.846334 14.835484
v -0.755324 1.709335 14.835484
v -0.772911 1.569099 14.835484
v -0.790270 1.426028 14.835484
v -0.807289 1.280767 14.835484
v -0.823763 1.133989 14.835484
v -0.837598 0.986703 14.835484
v -0.850146 0.839319 14.835484
v -0.857507 0.693170 14.835484
v -0.858027 0.549194 14.835484
v -0.850232 0.408292 14.835484
v -0.831661 0.271533 14.835484
v -0.808052 0.138533 14.835484
v -0.771482 0.011297 14.835484
v -0.731198 -0.111203 14.835484
v -0.679471 -0.227029 14.835484
v -0.626257 -0.337374 14.835484
v -0.565669 -0.440669 14.835484
v -0.500783 -0.536944 14.835484
v -0.431179 -0.625645 14.835484
v -0.357797 -0.706487 14.835484
v -0.281734 -0.779244 14.835484
v -0.205843 -0.844032 14.835484
v -0.129357 -0.900367 14.835484
v -0.052429 -0.947966 14.835484
v 0.020789 -0.987283 14.835484
v 0.093386 -1.017544 14.835484
v 0.160195 -1.039464 14.835484
v 0.231371 -1.051109 14.835484
v 0.297541 -1.054017 14.835484
v 0.383741 -1.043727 14.835484
v 0.447138 -1.027739 14.835484
v 0.490045 -1.005670 14.835484
v 0.535758 -0.973493 14.835484
v 0.575994 -0.932769 14.835484
v 0.613226 -0.883216 14.835484
v 0.644380 -0.825565 14.835484
v 0.673928 -0.759263 14.835484
v 0.700912 -0.684752 14.835484
v 0.726088 -0.602211 14.835484
v 0.747812 -0.512277 14.835484
v 0.765354 -0.415463 14.835484
v 0.781234 -0.311746 14.835484
v 0.792928 -0.202019 14.835484
v 0.801573 -0.086563 14.835484
v 0.805584 0.033834 14.835484
v 0.806671 0.158938 14.835484
v 0.799995 0.287341 14.835484
v 0.790564 0.419345 14.835484
v 0.775887 0.553914 14.835484
v 0.757531 0.690711 14.835484
v 0.732232 0.828538 14.835484
v 0.700522 0.966852 14.835484
v 0.663554 1.105214 14.835484
v 0.620909 1.242903 14.835484
v 0.572136 1.379192 14.835484
v 0.519815 1.513886 14.835484
v 0.464428 1.646427 14.835484
v 0.404854 1.775984 14.835484
v 0.342102 1.902108 14.835484
v 0.275741 2.024111 14.835484
v 0.209047 2.141972 14.835484
v 0.146792 2.255949 14.835484
v 0.085598 2.364892 14.835484
v 0.031458 2.469319 14.835484
v -0.016600 2.568550 14.835484
v -0.059273 2.661983 14.835484
v -0.095968 2.749269 14.835484
v -0.128523 2.829668 14.835484
v -0.157091 2.902769 14.835484
v -0.179762 2.968557 14.835484
v -0.197789 3.026502 14.835484
v -0.211815 3.076217 14.835484
v -0.222471 3.117358 14.835484
v -0.230383 3.149624 14.835484
v -0.268730 3.167036 14.835484
v -0.308189 3.174637 14.835484
v -0.357813 3.205960 16.258064
v -0.377622 3.198035 16.258064
v -0.436960 3.174295 16.258064
v -0.459151 3.146686 16.258064
v -0.478603 3.109983 16.258064
v -0.492229 3.064816 16.258064
v -0.502831 3.010942 16.258064
v -0.511387 2.948444 16.258064
v -0.521273 2.877072 16.258064
v -0.532914 2.797072 16.258064
v -0.546259 2.708800 16.258064
v -0.561067 2.612680 16.258064
v -0.576506 2.509259 16.258064
v -0.593800 2.398800 16.258064
v -0.612355 2.281874 16.258064
v -0.631345 2.159120 16.258064
v -0.652096 2.030867 16.258064
v -0.673240 1.897886 16.258064
v -0.693772 1.760912 16.258064
v -0.713120 1.620630 16.258064
v -0.732072 1.477533 16.258064
v -0.750304 1.332295 16.258064
v -0.767424 1.185614 16.258064
v -0.781987 1.038358 16.258064
v -0.794563 0.891084 16.258064
v -0.802382 0.744873 16.258064
v -0.804231 0.600558 16.258064
v -0.799027 0.458951 16.258064
v -0.784940 0.320972 16.258064
v -0.765694 0.186670 16.258064
v -0.735962 0.057483 16.258064
v -0.701987 -0.066959 16.258064
v -0.658614 -0.185277 16.258064
v -0.612412 -0.297931 16.258064
v -0.559612 -0.403802 16.258064
v -0.502346 -0.502710 16.258064
v -0.440569 -0.594168 16.258064
v -0.375042 -0.677842 16.258064
v -0.306594 -0.753441 16.258064
v -0.237240 -0.820893 16.258064
v -0.166667 -0.879800 16.258064
v -0.095187 -0.929898 16.258064
v -0.025874 -0.971391 16.258064
v 0.043354 -1.003721 16.258064
v 0.108724 -1.027283 16.258064
v 0.177382 -1.040818 16.258064
v 0.245405 -1.044826 16.258064
v 0.322336 -1.037763 16.258064
v 0.381376 -1.023760 16.258064
v 0.430773 -1.001561 16.258064
v 0.480050 -0.969755 16.258064
v 0.524509 -0.929177 16.258064
v 0.566356 -0.879638 16.258064
v 0.603363 -0.821674 16.258064
v 0.638725 -0.755023 16.258064
v 0.671438 -0.680114 16.258064
v 0.701951 -0.597190 16.258064
v 0.728922 -0.506808 16.258064
v 0.751747 -0.409445 16.258064
v 0.771973 -0.305283 16.258064
v 0.787823 -0.195047 16.258064
v 0.799851 -0.079132 16.258064
v 0.806983 0.041785 16.258064
v 0.810013 0.167292 16.258064
v 0.805786 0.296342 16.258064
v 0.797350 0.428829 16.258064
v 0.782708 0.563844 16.258064
v 0.762379 0.700856 16.258064
v 0.734071 0.838883 16.258064
v 0.698184 0.977352 16.258064
v 0.655666 1.115765 16.258064
v 0.606574 1.253484 16.258064
v 0.550863 1.389853 16.258064
v 0.491029 1.524612 16.258064
v 0.428018 1.657263 16.258064
v 0.361966 1.787191 16.258064
v 0.294068 1.913956 16.258064
v 0.224504 2.036972 16.258064
v 0.156267 2.156105 16.258064
v 0.092770 2.271306 16.258064
v 0.032242 2.381740 16.258064
v -0.021014 2.487540 16.258064
v -0.067520 2.588115 16.258064
v -0.107894 2.682889 16.258064
v -0.141490 2.771510 16.258064
v -0.170082 2.853284 16.258064
v -0.193900 2.927791 16.258064
v -0.212064 2.994817 16.258064
v -0.225509 3.053907 16.258064
v -0.235158 3.104643 16.258064
v -0.241780 3.146673 16.258064
v -0.246204 3.179677 16.258064
v -0.271003 3.200007 16.258064
v -0.296865 3.210546 16.258064
v -0.325406 3.216244 17.680645
v -0.337353 3.209798 17.680645
v -0.373140 3.190489 17.680645
v -0.387980 3.164441 17.680645
v -0.401926 3.129048 17.680645
v -0.413178 3.084703 17.680645
v -0.423296 3.031387 17.680645
v -0.432856 2.969253 17.680645
v -0.443793 2.898313 17.680645
v -0.456490 2.818823 17.680645
v -0.470872 2.731141 17.680645
v -0.486717 2.635682 17.680645
v -0.503531 2.532927 17.680645
v -0.522121 2.423217 17.680645
v -0.541963 2.307101 17.680645
v -0.562418 2.185172 17.680645
v -0.584177 2.057870 17.680645
v -0.606426 1.925859 17.680645
v -0.628428 1.789815 17.680645
v -0.649460 1.650432 17.680645
v -0.669964 1.508258 17.680645
v -0.689442 1.363983 17.680645
v -0.707349 1.218314 17.680645
v -0.722783 1.072013 17.680645
v -0.735663 0.925735 17.680645
v -0.744171 0.780371 17.680645
v -0.747470 0.636679 17.680645
v -0.744804 0.495400 17.680645
v -0.734883 0.357342 17.680645
v -0.719726 0.222854 17.680645
v -0.696200 0.092970 17.680645
v -0.668009 -0.032218 17.680645
v -0.632167 -0.151727 17.680645
v -0.592384 -0.265507 17.680645
v -0.546676 -0.372755 17.680645
v -0.496376 -0.473145 17.680645
v -0.441746 -0.566235 17.680645
v -0.383397 -0.651657 17.680645
v -0.321926 -0.729077 17.680645
v -0.258638 -0.798287 17.680645
v -0.193599 -0.858949 17.680645
v -0.127249 -0.910813 17.680645
v -0.061747 -0.953899 17.680645
v 0.004140 -0.987808 17.680645
v 0.067822 -1.012699 17.680645
v 0.133897 -1.027801 17.680645
v 0.203004 -1.032919 17.680645
v 0.271727 -1.028451 17.680645
v 0.326786 -1.016173 17.680645
v 0.381314 -0.994329 17.680645
v 0.433310 -0.963254 17.680645
v 0.481091 -0.923284 17.680645
v 0.526626 -0.874301 17.680645
v 0.568403 -0.816702 17.680645
v 0.608536 -0.750432 17.680645
v 0.645987 -0.675905 17.680645
v 0.680945 -0.593403 17.680645
v 0.712327 -0.503422 17.680645
v 0.739639 -0.406411 17.680645
v 0.763606 -0.302688 17.680645
v 0.783082 -0.192858 17.680645
v 0.798132 -0.077391 17.680645
v 0.808112 0.043121 17.680645
v 0.813048 0.168147 17.680645
v 0.811205 0.296899 17.680645
v 0.803979 0.428988 17.680645
v 0.789796 0.563608 17.680645
v 0.768296 0.700100 17.680645
v 0.738009 0.837642 17.680645
v 0.699223 0.975641 17.680645
v 0.652706 1.113561 17.680645
v 0.598909 1.250818 17.680645
v 0.538126 1.386808 17.680645
v 0.472764 1.521212 17.680645
v 0.404150 1.653569 17.680645
v 0.333461 1.783406 17.680645
v 0.262039 1.910282 17.680645
v 0.190571 2.033680 17.680645
v 0.121793 2.153377 17.680645
v 0.057965 2.269101 17.680645
v -0.001337 2.380239 17.680645
v -0.053247 2.486648 17.680645
v -0.097906 2.587802 17.680645
v -0.135865 2.683146 17.680645
v -0.166444 2.772326 17.680645
v -0.191346 2.854693 17.680645
v -0.210869 2.929824 17.680645
v -0.224996 2.997374 17.680645
v -0.234393 3.056943 17.680645
v -0.240210 3.108103 17.680645
v -0.243327 3.150504 17.680645
v -0.244735 3.183820 17.680645
v -0.258044 3.206060 17.680645
v -0.272390 3.218586 17.680645
v -0.284762 3.197322 19.103226
v -0.289926 3.191946 19.103226
v -0.305396 3.175842 19.103226
v -0.313892 3.151095 19.103226
v -0.323086 3.116914 19.103226
v -0.332288 3.073529 19.103226
v -0.341985 3.021069 19.103226
v -0.352409 2.959738 19.103226
v -0.364252 2.889724 19.103226
v -0.377855 2.811293 19.103226
v -0.393125 2.724798 19.103226
v -0.409857 2.630643 19.103226
v -0.427847 2.529262 19.103226
v -0.447543 2.421047 19.103226
v -0.468481 2.306525 19.103226
v -0.490189 2.186252 19.103226
v -0.512806 2.060738 19.103226
v -0.535999 1.930569 19.103226
v -0.559264 1.796375 19.103226
v -0.581752 1.658842 19.103226
v -0.603608 1.518556 19.103226
v -0.624188 1.376206 19.103226
v -0.642820 1.232498 19.103226
v -0.659072 1.088112 19.103226
v -0.672304 0.943761 19.103226
v -0.681527 0.800198 19.103226
v -0.686227 0.658120 19.103226
v -0.685933 0.518214 19.103226
v -0.679824 0.381201 19.103226
v -0.668448 0.247632 19.103226
v -0.650567 0.118255 19.103226
v -0.627690 -0.006521 19.103226
v -0.598705 -0.125995 19.103226
v -0.564853 -0.239764 19.103226
v -0.525688 -0.347251 19.103226
v -0.481848 -0.448028 19.103226
v -0.433859 -0.541686 19.103226
v -0.382195 -0.627835 19.103226
v -0.327251 -0.706111 19.103226
v -0.269718 -0.776215 19.103226
v -0.209982 -0.837851 19.103226
v -0.148590 -0.890775 19.103226
v -0.086903 -0.934878 19.103226
v -0.024422 -0.969873 19.103226
v 0.037290 -0.995754 19.103226
v 0.100630 -1.012092 19.103226
v 0.170113 -1.018252 19.103226
v 0.231314 -1.015860 19.103226
v 0.282566 -1.005089 19.103226
v 0.341068 -0.983947 19.103226
v 0.395017 -0.953880 19.103226
v 0.445308 -0.914889 19.103226
v 0.493695 -0.866916 19.103226
v 0.539287 -0.810255 19.103226
v 0.583259 -0.744997 19.103226
v 0.624554 -0.671536 19.103226
v 0.663136 -0.590180 19.103226
v 0.698151 -0.501374 19.103226
v 0.729201 -0.405543 19.103226
v 0.756308 -0.303095 19.103226
v 0.778867 -0.194545 19.103226
v 0.796529 -0.080406 19.103226
v 0.809018 0.038788 19.103226
v 0.815707 0.162438 19.103226
v 0.816081 0.289935 19.103226
v 0.810118 0.420707 19.103226
v 0.796616 0.554028 19.103226
v 0.774468 0.689163 19.103226
v 0.742916 0.825410 19.103226
v 0.702148 0.962166 19.103226
v 0.652771 1.098869 19.103226
v 0.595569 1.234975 19.103226
v 0.531121 1.369915 19.103226
v 0.461741 1.503321 19.103226
v 0.389065 1.634754 19.103226
v 0.315151 1.763830 19.103226
v 0.241454 1.890104 19.103226
v 0.169086 2.013104 19.103226
v 0.100545 2.132534 19.103226
v 0.037088 2.247973 19.103226
v -0.020558 2.358957 19.103226
v -0.070772 2.465150 19.103226
v -0.113375 2.566073 19.103226
v -0.148854 2.661195 19.103226
v -0.176503 2.750155 19.103226
v -0.197958 2.832351 19.103226
v -0.213568 2.907363 19.103226
v -0.224056 2.974763 19.103226
v -0.229851 3.034195 19.103226
v -0.232289 3.085234 19.103226
v -0.232339 3.127537 19.103226
v -0.231123 3.160784 19.103226
v -0.234508 3.184139 19.103226
v -0.238916 3.197917 19.103226
v -0.230542 3.152827 20.525806
v -0.231461 3.148048 20.525806
v -0.234216 3.133736 20.525806
v -0.238793 3.109952 20.525806
v -0.245088 3.076812 20.525806
v -0.253100 3.034460 20.525806
v -0.262652 2.983101 20.525806
v -0.273748 2.922960 20.525806
v -0.286284 2.854308 20.525806
v -0.300571 2.777419 20.525806
v -0.316518 2.692636 20.525806
v -0.333928 2.600351 20.525806
v -0.352771 2.500973 20.525806
v -0.373262 2.394913 20.525806
v -0.394967 2.282682 20.525806
v -0.417542 2.164804 20.525806
v -0.440770 2.041818 20.525806
v -0.464611 1.914266 20.525806
v -0.488716 1.782742 20.525806
v -0.512201 1.647912 20.525806
v -0.534983 1.510375 20.525806
v -0.556382 1.370804 20.525806
v -0.575643 1.229887 20.525806
v -0.592635 1.088259 20.525806
v -0.606390 0.946641 20.525806
v -0.616456 0.805704 20.525806
v -0.622528 0.666105 20.525806
v -0.624288 0.528495 20.525806
v -0.621226 0.393540 20.525806
v -0.612962 0.261880 20.525806
v -0.599437 0.134115 20.525806
v -0.580751 0.010811 20.525806
v -0.556932 -0.107477 20.525806
v -0.527679 -0.220178 20.525806
v -0.493523 -0.326831 20.525806
v -0.454699 -0.426966 20.525806
v -0.411883 -0.520186 20.525806
v -0.365466 -0.606096 20.525806
v -0.315739 -0.684319 20.525806
v -0.263013 -0.754516 20.525806
v -0.207864 -0.816407 20.525806
v -0.150907 -0.869752 20.525806
v -0.092982 -0.914372 20.525806
v -0.034080 -0.950040 20.525806
v 0.024890 -0.976662 20.525806
v 0.084818 -0.994003 20.525806
v 0.152388 -1.001293 20.525806
v 0.207584 -1.000466 20.525806
v 0.255554 -0.990989 20.525806
v 0.315069 -0.971007 20.525806
v 0.369194 -0.942274 20.525806
v 0.420299 -0.904659 20.525806
v 0.469956 -0.858148 20.525806
v 0.517649 -0.802980 20.525806
v 0.563913 -0.739326 20.525806
v 0.607658 -0.667558 20.525806
v 0.648701 -0.587995 20.525806
v 0.686317 -0.501048 20.525806
v 0.720165 -0.407122 20.525806
v 0.749775 -0.306668 20.525806
v 0.774849 -0.200151 20.525806
v 0.794765 -0.088098 20.525806
v 0.809371 0.028984 20.525806
v 0.817593 0.150471 20.525806
v 0.819586 0.275841 20.525806
v 0.814479 0.404447 20.525806
v 0.801406 0.535626 20.525806
v 0.778927 0.668642 20.525806
v 0.746835 0.802871 20.525806
v 0.705351 0.937721 20.525806
v 0.655030 1.072626 20.525806
v 0.596851 1.207060 20.525806
v 0.531611 1.340475 20.525806
v 0.461465 1.472462 20.525806
v 0.388199 1.602579 20.525806
v 0.314300 1.730459 20.525806
v 0.241274 1.855650 20.525806
v 0.170440 1.977692 20.525806
v 0.104055 2.096232 20.525806
v 0.042745 2.210775 20.525806
v -0.012074 2.320924 20.525806
v -0.059596 2.426241 20.525806
v -0.099462 2.526272 20.525806
v -0.132098 2.620509 20.525806
v -0.156842 2.708584 20.525806
v -0.175215 2.789939 20.525806
v -0.187631 2.864161 20.525806
v -0.195241 2.930800 20.525806
v -0.198321 2.989527 20.525806
v -0.198280 3.039936 20.525806
v -0.196148 3.081699 20.525806
v -0.193099 3.114515 20.525806
v -0.190136 3.138138 20.525806
v -0.188225 3.152367 20.525806
v -0.155667 3.087163 21.948387
v -0.156626 3.082506 21.948387
v -0.159500 3.068555 21.948387
v -0.164273 3.045373 21.948387
v -0.170839 3.013071 21.948387
v -0.179162 2.971793 21.948387
v -0.189090 2.921733 21.948387
v -0.200600 2.863114 21.948387
v -0.213547 2.796205 21.948387
v -0.228217 2.721275 21.948387
v -0.244570 2.638658 21.948387
v -0.262398 2.548733 21.948387
v -0.281643 2.451900 21.948387
v -0.302508 2.348569 21.948387
v -0.324525 2.239231 21.948387
v -0.347426 2.124389 21.948387
v -0.370955 2.004570 21.948387
v -0.395047 1.880304 21.948387
v -0.419384 1.752165 21.948387
v -0.443197 1.620780 21.948387
v -0.466279 1.486744 21.948387
v -0.488108 1.350692 21.948387
v -0.507924 1.213286 21.948387
v -0.525604 1.075143 21.948387
v -0.540235 0.936951 21.948387
v -0.551417 0.799354 21.948387
v -0.558858 0.662988 21.948387
v -0.562168 0.528491 21.948387
v -0.560879 0.396502 21.948387
v -0.554591 0.267644 21.948387
v -0.543217 0.142504 21.948387
v -0.526772 0.021642 21.948387
v -0.505180 -0.094389 21.948387
v -0.478157 -0.205038 21.948387
v -0.446275 -0.309850 21.948387
v -0.409862 -0.408371 21.948387
v -0.369560 -0.500203 21.948387
v -0.325766 -0.584953 21.948387
v -0.278841 -0.662256 21.948387
v -0.229113 -0.731778 21.948387
v -0.177133 -0.793235 21.948387
v -0.123523 -0.846386 21.948387
v -0.069067 -0.891039 21.948387
v -0.013847 -0.926981 21.948387
v 0.041251 -0.954105 21.948387
v 0.096772 -0.972224 21.948387
v 0.158677 -0.980734 21.948387
v 0.210595 -0.980951 21.948387
v 0.256345 -0.972533 21.948387
v 0.312034 -0.954147 21.948387
v 0.363532 -0.927041 21.948387
v 0.412800 -0.891153 21.948387
v 0.461298 -0.846501 21.948387
v 0.508462 -0.793315 21.948387
v 0.554683 -0.731781 21.948387
v 0.598808 -0.662253 21.948387
v 0.640632 -0.585043 21.948387
v 0.679381 -0.500545 21.948387
v 0.714708 -0.409151 21.948387
v 0.745999 -0.311307 21.948387
v 0.772846 -0.207473 21.948387
v 0.794599 -0.098157 21.948387
v 0.810791 0.016121 21.948387
v 0.820240 0.134758 21.948387
v 0.822823 0.257218 21.948387
v 0.817782 0.382890 21.948387
v 0.804538 0.511164 21.948387
v 0.782035 0.641371 21.948387
v 0.750359 0.772930 21.948387
v 0.710005 0.905283 21.948387
v 0.661680 1.037883 21.948387
v 0.606322 1.170198 21.948387
v 0.544850 1.301693 21.948387
v 0.479153 1.431918 21.948387
v 0.410891 1.560405 21.948387
v 0.342222 1.686736 21.948387
v 0.274603 1.810443 21.948387
v 0.209193 1.931045 21.948387
v 0.148009 2.048150 21.948387
v 0.091670 2.161263 21.948387
v 0.041509 2.269969 21.948387
v -0.001756 2.373825 21.948387
v -0.037832 2.472375 21.948387
v -0.067075 2.565135 21.948387
v -0.088998 2.651722 21.948387
v -0.104925 2.731628 21.948387
v -0.115360 2.804450 21.948387
v -0.121362 2.869768 21.948387
v -0.123202 2.927266 21.948387
v -0.122164 2.976579 21.948387
v -0.119307 3.017398 21.948387
v -0.115724 3.049450 21.948387
v -0.112412 3.072509 21.948387
v -0.110268 3.086399 21.948387
v -0.085810 2.998191 23.370968
v -0.086792 2.993677 23.370968
v -0.089736 2.980154 23.370968
v -0.094624 2.957682 23.370968
v -0.101348 2.926368 23.370968
v -0.109842 2.886355 23.370968
v -0.119981 2.837828 23.370968
v -0.131716 2.781003 23.370968
v -0.144869 2.716143 23.370968
v -0.159705 2.643514 23.370968
v -0.176223 2.563438 23.370968
v -0.194213 2.476280 23.370968
v -0.213591 2.382432 23.370968
v -0.234546 2.282291 23.370968
v -0.256591 2.176333 23.370968
v -0.279522 2.065039 23.370968
v -0.303050 1.948919 23.370968
v -0.327095 1.828490 23.370968
v -0.351366 1.704303 23.370968
v -0.375194 1.576952 23.370968
v -0.398276 1.447018 23.370968
v -0.420224 1.315104 23.370968
v -0.440280 1.181843 23.370968
v -0.458333 1.047833 23.370968
v -0.473522 0.913728 23.370968
v -0.485495 0.780146 23.370968
v -0.493974 0.647699 23.370968
v -0.498509 0.517008 23.370968
v -0.498679 0.388686 23.370968
v -0.494065 0.263334 23.370968
v -0.484559 0.141521 23.370968
v -0.470105 0.023799 23.370968
v -0.450539 -0.089292 23.370968
v -0.425594 -0.197220 23.370968
v -0.395876 -0.299538 23.370968
v -0.361782 -0.395809 23.370968
v -0.323924 -0.485634 23.370968
v -0.282698 -0.568629 23.370968
v -0.238524 -0.644438 23.370968
v -0.191740 -0.712734 23.370968
v -0.142870 -0.773234 23.370968
v -0.092537 -0.825696 23.370968
v -0.041472 -0.869921 23.370968
v 0.010168 -0.905706 23.370968
v 0.061522 -0.932936 23.370968
v 0.112843 -0.951457 23.370968
v 0.169430 -0.960795 23.370968
v 0.218124 -0.961817 23.370968
v 0.261595 -0.954315 23.370968
v 0.313558 -0.937346 23.370968
v 0.362374 -0.911786 23.370968
v 0.409642 -0.877622 23.370968
v 0.456716 -0.834897 23.370968
v 0.502994 -0.783829 23.370968
v 0.548745 -0.724612 23.370968
v 0.592771 -0.657582 23.370968
v 0.634852 -0.583038 23.370968
v 0.674181 -0.501358 23.370968
v 0.710404 -0.412919 23.370968
v 0.742796 -0.318155 23.370968
v 0.770861 -0.217514 23.370968
v 0.793927 -0.111485 23.370968
v 0.811269 -0.000584 23.370968
v 0.821625 0.114610 23.370968
v 0.824638 0.233560 23.370968
v 0.819652 0.355691 23.370968
v 0.806337 0.480431 23.370968
v 0.783968 0.607169 23.370968
v 0.752878 0.735355 23.370968
v 0.713789 0.864458 23.370968
v 0.667528 0.993946 23.370968
v 0.614991 1.123290 23.370968
v 0.557194 1.251967 23.370968
v 0.495783 1.379501 23.370968
v 0.432298 1.505409 23.370968
v 0.368600 1.629242 23.370968
v 0.306094 1.750524 23.370968
v 0.245791 1.868766 23.370968
v 0.189492 1.983546 23.370968
v 0.137799 2.094378 23.370968
v 0.091970 2.200838 23.370968
v 0.052638 2.302480 23.370968
v 0.020040 2.398856 23.370968
v -0.006119 2.489504 23.370968
v -0.025501 2.574034 23.370968
v -0.039255 2.651982 23.370968
v -0.047953 2.722956 23.370968
v -0.052572 2.786567 23.370968
v -0.053371 2.842511 23.370968
v -0.051521 2.890455 23.370968
v -0.048095 2.930112 23.370968
v -0.044105 2.961233 23.370968
v -0.040537 2.983612 23.370968
v -0.038220 2.997092 23.370968
v -0.020570 2.890007 24.793549
v -0.021560 2.885654 24.793549
v -0.024526 2.872613 24.793549
v -0.029448 2.850942 24.793549
v -0.036220 2.820745 24.793549
v -0.044753 2.782158 24.793549
v -0.054940 2.735359 24.793549
v -0.066714 2.680558 24.793549
v -0.079871 2.618008 24.793549
v -0.094655 2.547971 24.793549
v -0.111101 2.470753 24.793549
v -0.128995 2.386709 24.793549
v -0.148234 2.296214 24.793549
v -0.168997 2.199657 24.793549
v -0.190782 2.097494 24.793549
v -0.213440 1.990184 24.793549
v -0.236663 1.878218 24.793549
v -0.260353 1.762096 24.793549
v -0.284247 1.642346 24.793549
v -0.307771 1.519531 24.793549
v -0.330540 1.394214 24.793549
v -0.352285 1.266966 24.793549
v -0.372257 1.138394 24.793549
v -0.390355 1.009072 24.793549
v -0.405773 0.879620 24.793549
v -0.418203 0.750631 24.793549
v -0.427381 0.622693 24.793549
v -0.432812 0.496405 24.793549
v -0.434115 0.372350 24.793549
v -0.430865 0.251109 24.793549
v -0.422935 0.133230 24.793549
v -0.410207 0.019250 24.793549
v -0.392450 -0.090306 24.793549
v -0.369410 -0.194929 24.793549
v -0.341715 -0.294183 24.793549
v -0.309823 -0.387643 24.793549
v -0.274311 -0.474919 24.793549
v -0.235575 -0.555633 24.793549
v -0.194075 -0.629443 24.793549
v -0.150161 -0.696029 24.793549
v -0.104327 -0.755110 24.793549
v -0.057191 -0.806448 24.793549
v -0.009434 -0.849839 24.793549
v 0.038726 -0.885092 24.793549
v 0.086458 -0.912085 24.793549
v 0.133761 -0.930684 24.793549
v 0.185325 -0.940519 24.793549
v 0.230841 -0.942138 24.793549
v 0.271975 -0.935424 24.793549
v 0.320290 -0.919716 24.793549
v 0.366365 -0.895626 24.793549
v 0.411480 -0.863174 24.793549
v 0.456884 -0.822419 24.793549
v 0.501950 -0.773569 24.793549
v 0.546839 -0.716820 24.793549
v 0.590330 -0.652487 24.793549
v 0.632189 -0.580857 24.793549
v 0.671588 -0.502290 24.793549
v 0.708175 -0.417147 24.793549
v 0.741134 -0.325845 24.793549
v 0.769898 -0.228818 24.793549
v 0.793787 -0.126531 24.793549
v 0.811860 -0.019491 24.793549
v 0.822800 0.091753 24.793549
v 0.826056 0.206673 24.793549
v 0.821063 0.324725 24.793549
v 0.807708 0.445372 24.793549
v 0.785553 0.568047 24.793549
v 0.755139 0.692228 24.793549
v 0.717374 0.817405 24.793549
v 0.673181 0.943064 24.793549
v 0.623413 1.068683 24.793549
v 0.569157 1.193751 24.793549
v 0.511840 1.317778 24.793549
v 0.452887 1.440281 24.793549
v 0.393889 1.560790 24.793549
v 0.336194 1.678830 24.793549
v 0.280681 1.793910 24.793549
v 0.228949 1.905597 24.793549
v 0.181583 2.013412 24.793549
v 0.139763 2.116931 24.793549
v 0.104047 2.215713 24.793549
v 0.074621 2.309318 24.793549
v 0.051246 2.397307 24.793549
v 0.034130 2.479293 24.793549
v 0.022285 2.554847 24.793549
v 0.015083 2.623591 24.793549
v 0.011629 2.685165 24.793549
v 0.011678 2.739277 24.793549
v 0.014162 2.785623 24.793549
v 0.018010 2.823934 24.793549
v 0.022284 2.853984 24.793549
v 0.026020 2.875585 24.793549
v 0.028451 2.888595 24.793549
v 0.039880 2.766113 26.216129
v 0.038898 2.761935 26.216129
v 0.035955 2.749418 26.216129
v 0.031072 2.728620 26.216129
v 0.024354 2.699636 26.216129
v 0.015911 2.662601 26.216129
v 0.005828 2.617683 26.216129
v -0.005810 2.565083 26.216129
v -0.018779 2.505046 26.216129
v -0.033303 2.437825 26.216129
v -0.049447 2.363714 26.216129
v -0.067000 2.283051 26.216129
v -0.085841 2.196199 26.216129
v -0.106138 2.103534 26.216129
v -0.127381 2.005488 26.216129
v -0.149474 1.902501 26.216129
v -0.172092 1.795044 26.216129
v -0.195127 1.683596 26.216129
v -0.218340 1.568663 26.216129
v -0.241243 1.450777 26.216129
v -0.263388 1.330481 26.216129
v -0.284610 1.208316 26.216129
v -0.304176 1.084859 26.216129
v -0.321996 0.960661 26.216129
v -0.337317 0.836311 26.216129
v -0.349872 0.712374 26.216129
v -0.359414 0.589412 26.216129
v -0.365415 0.468000 26.216129
v -0.367532 0.348694 26.216129
v -0.365336 0.232048 26.216129
v -0.358689 0.118591 26.216129
v -0.347421 0.008839 26.216129
v -0.331242 -0.096700 26.216129
v -0.309916 -0.197541 26.216129
v -0.284085 -0.293260 26.216129
v -0.254253 -0.383448 26.216129
v -0.220965 -0.467723 26.216129
v -0.184612 -0.545721 26.216129
v -0.145690 -0.617110 26.216129
v -0.104552 -0.681579 26.216129
v -0.061663 -0.738856 26.216129
v -0.017633 -0.788704 26.216129
v 0.026908 -0.830922 26.216129
v 0.071689 -0.865326 26.216129
v 0.115911 -0.891792 26.216129
v 0.159355 -0.910201 26.216129
v 0.206142 -0.920260 26.216129
v 0.248519 -0.922295 26.216129
v 0.287271 -0.916249 26.216129
v 0.331994 -0.901668 26.216129
v 0.375273 -0.878971 26.216129
v 0.418097 -0.848203 26.216129
v 0.461615 -0.809434 26.216129
v 0.505185 -0.762861 26.216129
v 0.548873 -0.708677 26.216129
v 0.591448 -0.647176 26.216129
v 0.632667 -0.578635 26.216129
v 0.671691 -0.503394 26.216129
v 0.708172 -0.421795 26.216129
v 0.741224 -0.334241 26.216129
v 0.770225 -0.241145 26.216129
v 0.794492 -0.142950 26.216129
v 0.812908 -0.040144 26.216129
v 0.824120 0.066749 26.216129
v 0.827413 0.177221 26.216129
v 0.822308 0.290754 26.216129
v 0.808879 0.406844 26.216129
v 0.786944 0.524961 26.216129
v 0.757218 0.644608 26.216129
v 0.720764 0.765296 26.216129
v 0.678580 0.886528 26.216129
v 0.631476 1.007792 26.216129
v 0.580591 1.128593 26.216129
v 0.527151 1.248442 26.216129
v 0.472470 1.366855 26.216129
v 0.417893 1.483358 26.216129
v 0.364707 1.597484 26.216129
v 0.313670 1.708746 26.216129
v 0.266192 1.816708 26.216129
v 0.222840 1.920905 26.216129
v 0.184717 2.020915 26.216129
v 0.152312 2.116309 26.216129
v 0.125765 2.206659 26.216129
v 0.104889 2.291548 26.216129
v 0.089777 2.370596 26.216129
v 0.079590 2.443405 26.216129
v 0.073657 2.509615 26.216129
v 0.071165 2.568888 26.216129
v 0.071878 2.620948 26.216129
v 0.074832 2.665514 26.216129
v 0.078963 2.702336 26.216129
v 0.083409 2.731207 26.216129
v 0.087230 2.751953 26.216129
v 0.089723 2.764447 26.216129
v 0.095066 2.630678 27.638710
v 0.094106 2.626684 27.638710
v 0.091230 2.614721 27.638710
v 0.086458 2.594842 27.638710
v 0.079894 2.567139 27.638710
v 0.071665 2.531741 27.638710
v 0.061836 2.488806 27.638710
v 0.050506 2.438529 27.638710
v 0.037917 2.381142 27.638710
v 0.023861 2.316890 27.638710
v 0.008247 2.246055 27.638710
v -0.008715 2.168957 27.638710
v -0.026895 2.085945 27.638710
v -0.046448 1.997378 27.638710
v -0.066863 1.903670 27.638710
v -0.088091 1.805238 27.638710
v -0.109796 1.702532 27.638710
v -0.131861 1.596011 27.638710
v -0.154074 1.486156 27.638710
v -0.176029 1.373470 27.638710
v -0.197222 1.258474 27.638710
v -0.217586 1.141680 27.638710
v -0.236408 1.023637 27.638710
v -0.253607 0.904872 27.638710
v -0.268488 0.785940 27.638710
v -0.280823 0.667381 27.638710
v -0.290382 0.549731 27.638710
v -0.296610 0.433537 27.638710
v -0.299205 0.319330 27.638710
v -0.297738 0.207637 27.638710
v -0.292062 0.098965 27.638710
v -0.281964 -0.006192 27.638710
v -0.267105 -0.107348 27.638710
v -0.247266 -0.204038 27.638710
v -0.223098 -0.295855 27.638710
v -0.195146 -0.382407 27.638710
v -0.163921 -0.463325 27.638710
v -0.129806 -0.538256 27.638710
v -0.093327 -0.606882 27.638710
v -0.054837 -0.668905 27.638710
v -0.014775 -0.724059 27.638710
v 0.026263 -0.772116 27.638710
v 0.067694 -0.812877 27.638710
v 0.109204 -0.846166 27.638710
v 0.150028 -0.871859 27.638710
v 0.189752 -0.889851 27.638710
v 0.231963 -0.899902 27.638710
v 0.271239 -0.902190 27.638710
v 0.307574 -0.896696 27.638710
v 0.348743 -0.883108 27.638710
v 0.389169 -0.861717 27.638710
v 0.429579 -0.832579 27.638710
v 0.471023 -0.795772 27.638710
v 0.512850 -0.751480 27.638710
v 0.555042 -0.699894 27.638710
v 0.596367 -0.641288 27.638710
v 0.636579 -0.575928 27.638710
v 0.674835 -0.504132 27.638710
v 0.710794 -0.426229 27.638710
v 0.743516 -0.342600 27.638710
v 0.772333 -0.253640 27.638710
v 0.796568 -0.159770 27.638710
v 0.814954 -0.061459 27.638710
v 0.826118 0.040801 27.638710
v 0.829206 0.146517 27.638710
v 0.823820 0.255202 27.638710
v 0.810201 0.366379 27.638710
v 0.788395 0.479551 27.638710
v 0.759271 0.594246 27.638710
v 0.724019 0.709996 27.638710
v 0.683700 0.826322 27.638710
v 0.639079 0.942730 27.638710
v 0.591337 1.058741 27.638710
v 0.541509 1.173873 27.638710
v 0.490805 1.287652 27.638710
v 0.440339 1.399609 27.638710
v 0.391338 1.509286 27.638710
v 0.344444 1.616210 27.638710
v 0.300894 1.719949 27.638710
v 0.261232 1.820053 27.638710
v 0.226487 1.916111 27.638710
v 0.197082 2.007706 27.638710
v 0.173119 2.094427 27.638710
v 0.154456 2.175877 27.638710
v 0.141086 2.251688 27.638710
v 0.132308 2.321489 27.638710
v 0.127421 2.384938 27.638710
v 0.125688 2.441717 27.638710
v 0.126885 2.491565 27.638710
v 0.130150 2.534221 27.638710
v 0.134431 2.569452 27.638710
v 0.138941 2.597068 27.638710
v 0.142770 2.616907 27.638710
v 0.145276 2.628855 27.638710
v 0.150552 2.489680 29.061291
v 0.149619 2.485876 29.061291
v 0.146821 2.474482 29.061291
v 0.142182 2.455548 29.061291
v 0.135803 2.429163 29.061291
v 0.127823 2.395447 29.061291
v 0.118292 2.354553 29.061291
v 0.107319 2.306664 29.061291
v 0.095161 2.252003 29.061291
v 0.081627 2.190804 29.061291
v 0.066604 2.123336 29.061291
v 0.050295 2.049903 29.061291
v 0.032842 1.970837 29.061291
v 0.014101 1.886483 29.061291
v -0.005419 1.797232 29.061291
v -0.025713 1.703481 29.061291
v -0.046435 1.605656 29.061291
v -0.067463 1.504197 29.061291
v -0.088608 1.399559 29.061291
v -0.109544 1.292218 29.061291
v -0.129717 1.182671 29.061291
v -0.149151 1.071402 29.061291
v -0.167156 0.958929 29.061291
v -0.183661 0.845755 29.061291
v -0.198024 0.732405 29.061291
v -0.210057 0.619391 29.061291
v -0.219546 0.507222 29.061291
v -0.225916 0.396419 29.061291
v -0.228902 0.287484 29.061291
v -0.228079 0.180920 29.061291
v -0.223292 0.077207 29.061291
v -0.214290 -0.023182 29.061291
v -0.200690 -0.119782 29.061291
v -0.182292 -0.212153 29.061291
v -0.159751 -0.299904 29.061291
v -0.133644 -0.382659 29.061291
v -0.104451 -0.460062 29.061291
v -0.072548 -0.531775 29.061291
v -0.038482 -0.597492 29.061291
v -0.002607 -0.656929 29.061291
v 0.034667 -0.709827 29.061291
v 0.072756 -0.755966 29.061291
v 0.111128 -0.795152 29.061291
v 0.149425 -0.827217 29.061291
v 0.186922 -0.852037 29.061291
v 0.223028 -0.869518 29.061291
v 0.260816 -0.879465 29.061291
v 0.297039 -0.881943 29.061291
v 0.330961 -0.876963 29.061291
v 0.368646 -0.864324 29.061291
v 0.406235 -0.844216 29.061291
v 0.444208 -0.816703 29.061291
v 0.483520 -0.781870 29.061291
v 0.523515 -0.739889 29.061291
v 0.564099 -0.690945 29.061291
v 0.604045 -0.635293 29.061291
v 0.643103 -0.573184 29.061291
v 0.680435 -0.504920 29.061291
v 0.715706 -0.430811 29.061291
v 0.747929 -0.351218 29.061291
v 0.776403 -0.266517 29.061291
v 0.800454 -0.177104 29.061291
v 0.818689 -0.083426 29.061291
v 0.829720 0.014053 29.061291
v 0.832571 0.114864 29.061291
v 0.826921 0.218546 29.061291
v 0.813163 0.324649 29.061291
v 0.791554 0.432707 29.061291
v 0.763097 0.542268 29.061291
v 0.729097 0.652886 29.061291
v 0.690666 0.764100 29.061291
v 0.648522 0.875435 29.061291
v 0.603880 0.986428 29.061291
v 0.557596 1.096608 29.061291
v 0.510774 1.205514 29.061291
v 0.464315 1.312685 29.061291
v 0.419380 1.417676 29.061291
v 0.376506 1.520031 29.061291
v 0.336760 1.619323 29.061291
v 0.300665 1.715121 29.061291
v 0.269176 1.807025 29.061291
v 0.242653 1.894634 29.061291
v 0.221163 1.977554 29.061291
v 0.204607 2.055407 29.061291
v 0.192884 2.127840 29.061291
v 0.185426 2.194506 29.061291
v 0.181507 2.255082 29.061291
v 0.180463 2.309273 29.061291
v 0.182085 2.356828 29.061291
v 0.185605 2.397508 29.061291
v 0.189992 2.431095 29.061291
v 0.194529 2.457415 29.061291
v 0.198340 2.476319 29.061291
v 0.200840 2.487703 29.061291
v 0.203767 2.348638 30.483871
v 0.202867 2.345022 30.483871
v 0.200169 2.334191 30.483871
v 0.195695 2.316193 30.483871
v 0.189544 2.291111 30.483871
v 0.181870 2.259061 30.483871
v 0.172706 2.220185 30.483871
v 0.162170 2.174660 30.483871
v 0.150532 2.122696 30.483871
v 0.137619 2.064519 30.483871
v 0.123292 2.000381 30.483871
v 0.107753 1.930575 30.483871
v 0.091151 1.855413 30.483871
v 0.073352 1.775225 30.483871
v 0.054862 1.690383 30.483871
v 0.035646 1.601261 30.483871
v 0.016053 1.508266 30.483871
v -0.003787 1.411814 30.483871
v -0.023711 1.312339 30.483871
v -0.043467 1.210289 30.483871
v -0.062459 1.106135 30.483871
v -0.080797 1.000338 30.483871
v -0.097814 0.893387 30.483871
v -0.113450 0.785758 30.483871
v -0.127117 0.677950 30.483871
v -0.138664 0.570445 30.483871
v -0.147896 0.463729 30.483871
v -0.154221 0.358294 30.483871
v -0.157408 0.254618 30.483871
v -0.157040 0.153175 30.483871
v -0.152954 0.054424 30.483871
v -0.144865 -0.041185 30.483871
v -0.132349 -0.133211 30.483871
v -0.115225 -0.221236 30.483871
v -0.094151 -0.304884 30.483871
v -0.069736 -0.383798 30.483871
v -0.042427 -0.457634 30.483871
v -0.012594 -0.526072 30.483871
v 0.019197 -0.588818 30.483871
v 0.052590 -0.645598 30.483871
v 0.087204 -0.696166 30.483871
v 0.122470 -0.740308 30.483871
v 0.157900 -0.777838 30.483871
v 0.193101 -0.808595 30.483871
v 0.227382 -0.832457 30.483871
v 0.259986 -0.849336 30.483871
v 0.293493 -0.859074 30.483871
v 0.326730 -0.861660 30.483871
v 0.358272 -0.857119 30.483871
v 0.392534 -0.845335 30.483871
v 0.427306 -0.826423 30.483871
v 0.462832 -0.800454 30.483871
v 0.499974 -0.767515 30.483871
v 0.538071 -0.727766 30.483871
v 0.576958 -0.681386 30.483871
v 0.615417 -0.628612 30.483871
v 0.653197 -0.569684 30.483871
v 0.689462 -0.504885 30.483871
v 0.723887 -0.434508 30.483871
v 0.755444 -0.358895 30.483871
v 0.783399 -0.278400 30.483871
v 0.807087 -0.193401 30.483871
v 0.824995 -0.104319 30.483871
v 0.835728 -0.011591 30.483871
v 0.838196 0.084336 30.483871
v 0.832151 0.183028 30.483871
v 0.818132 0.284058 30.483871
v 0.796595 0.386989 30.483871
v 0.768672 0.491390 30.483871
v 0.735774 0.596835 30.483871
v 0.699059 0.702883 30.483871
v 0.659201 0.809076 30.483871
v 0.617444 0.914972 30.483871
v 0.574473 1.020113 30.483871
v 0.531290 1.124054 30.483871
v 0.488589 1.226346 30.483871
v 0.447470 1.326558 30.483871
v 0.408366 1.424253 30.483871
v 0.372182 1.519013 30.483871
v 0.339421 1.610428 30.483871
v 0.310966 1.698112 30.483871
v 0.287116 1.781676 30.483871
v 0.267904 1.860747 30.483871
v 0.253274 1.934966 30.483871
v 0.243038 2.003995 30.483871
v 0.236753 2.067511 30.483871
v 0.233673 2.125206 30.483871
v 0.233207 2.176804 30.483871
v 0.235158 2.222070 30.483871
v 0.238851 2.260780 30.483871
v 0.243279 2.292732 30.483871
v 0.247792 2.317765 30.483871
v 0.251548 2.335742 30.483871
v 0.254021 2.346566 30.483871
v 0.255924 2.213262 31.906452
v 0.255060 2.209826 31.906452
v 0.252472 2.199534 31.906452
v 0.248181 2.182431 31.906452
v 0.242285 2.158597 31.906452
v 0.234948 2.128141 31.906452
v 0.226189 2.091198 31.906452
v 0.216135 2.047937 31.906452
v 0.205069 1.998556 31.906452
v 0.192833 1.943271 31.906452
v 0.179267 1.882323 31.906452
v 0.164565 1.815987 31.906452
v 0.148887 1.744563 31.906452
v 0.132108 1.668364 31.906452
v 0.114731 1.587742 31.906452
v 0.096677 1.503053 31.906452
v 0.078305 1.414681 31.906452
v 0.059747 1.323024 31.906452
v 0.041143 1.228492 31.906452
v 0.022669 1.131509 31.906452
v 0.004963 1.032523 31.906452
v -0.012169 0.931969 31.906452
v -0.028082 0.830311 31.906452
v -0.042730 0.728002 31.906452
v -0.055577 0.625511 31.906452
v -0.066510 0.523297 31.906452
v -0.075351 0.421821 31.906452
v -0.081491 0.321549 31.906452
v -0.084737 0.222934 31.906452
v -0.084676 0.126428 31.906452
v -0.081139 0.032464 31.906452
v -0.073807 -0.058529 31.906452
v -0.062219 -0.146131 31.906452
v -0.046210 -0.229946 31.906452
v -0.026442 -0.309614 31.906452
v -0.003557 -0.384795 31.906452
v 0.022027 -0.455159 31.906452
v 0.049949 -0.520401 31.906452
v 0.079619 -0.580239 31.906452
v 0.110684 -0.634412 31.906452
v 0.142786 -0.682685 31.906452
v 0.175369 -0.724851 31.906452
v 0.207993 -0.760731 31.906452
v 0.240226 -0.790172 31.906452
v 0.271410 -0.813054 31.906452
v 0.300626 -0.829296 31.906452
v 0.329967 -0.838769 31.906452
v 0.360303 -0.841404 31.906452
v 0.389528 -0.837240 31.906452
v 0.420441 -0.826220 31.906452
v 0.452451 -0.808406 31.906452
v 0.485569 -0.783872 31.906452
v 0.520567 -0.752706 31.906452
v 0.556781 -0.715059 31.906452
v 0.593974 -0.671101 31.906452
v 0.630936 -0.621055 31.906452
v 0.667414 -0.565147 31.906452
v 0.702577 -0.503644 31.906452
v 0.736107 -0.436825 31.906452
v 0.766936 -0.365012 31.906452
v 0.794298 -0.288542 31.906452
v 0.817536 -0.207769 31.906452
v 0.835017 -0.123094 31.906452
v 0.845340 -0.034930 31.906452
v 0.847300 0.056301 31.906452
v 0.840724 0.150187 31.906452
v 0.826293 0.246325 31.906452
v 0.804664 0.344301 31.906452
v 0.777094 0.443707 31.906452
v 0.745101 0.544135 31.906452
v 0.709889 0.645164 31.906452
v 0.672095 0.746355 31.906452
v 0.632987 0.847284 31.906452
v 0.593087 0.947509 31.906452
v 0.553297 1.046602 31.906452
v 0.514110 1.144127 31.906452
v 0.476565 1.239671 31.906452
v 0.440996 1.332813 31.906452
v 0.408149 1.423150 31.906452
v 0.378510 1.510289 31.906452
v 0.352888 1.593857 31.906452
v 0.331529 1.673484 31.906452
v 0.314429 1.748813 31.906452
v 0.301578 1.819505 31.906452
v 0.292699 1.885235 31.906452
v 0.287474 1.945701 31.906452
v 0.285137 2.000612 31.906452
v 0.285167 2.049710 31.906452
v 0.287382 2.092770 31.906452
v 0.291197 2.129585 31.906452
v 0.295624 2.159966 31.906452
v 0.300083 2.183764 31.906452
v 0.303765 2.200851 31.906452
v 0.306199 2.211139 31.906452
v 0.310324 2.086920 33.329033
v 0.309461 2.083652 33.329033
v 0.306876 2.073864 33.329033
v 0.302593 2.057599 33.329033
v 0.296932 2.034936 33.329033
v 0.289906 2.005977 33.329033
v 0.281524 1.970850 33.329033
v 0.271912 1.929714 33.329033
v 0.261359 1.882758 33.329033
v 0.249717 1.830187 33.329033
v 0.236825 1.772233 33.329033
v 0.222862 1.709155 33.329033
v 0.207997 1.641239 33.329033
v 0.192112 1.568783 33.329033
v 0.175700 1.492121 33.329033
v 0.158660 1.411590 33.329033
v 0.141342 1.327557 33.329033
v 0.123882 1.240398 33.329033
v 0.106399 1.150504 33.329033
v 0.089023 1.058276 33.329033
v 0.072399 0.964139 33.329033
v 0.056303 0.868507 33.329033
v 0.041328 0.771819 33.329033
v 0.027535 0.674506 33.329033
v 0.015400 0.577011 33.329033
v 0.005015 0.479772 33.329033
v -0.003433 0.383224 33.329033
v -0.009350 0.287812 33.329033
v -0.012554 0.193965 33.329033
v -0.012627 0.102111 33.329033
v -0.009417 0.012663 33.329033
v -0.002598 -0.073971 33.329033
v 0.008271 -0.157396 33.329033
v 0.023337 -0.237233 33.329033
v 0.041937 -0.313140 33.329033
v 0.063431 -0.384788 33.329033
v 0.087425 -0.451866 33.329033
v 0.113572 -0.514077 33.329033
v 0.141270 -0.571156 33.329033
v 0.170180 -0.622851 33.329033
v 0.199956 -0.668936 33.329033
v 0.230077 -0.709214 33.329033
v 0.260137 -0.743511 33.329033
v 0.289677 -0.771681 33.329033
v 0.318079 -0.793608 33.329033
v 0.344330 -0.809214 33.329033
v 0.370129 -0.818390 33.329033
v 0.397918 -0.821039 33.329033
v 0.425097 -0.817203 33.329033
v 0.453160 -0.806865 33.329033
v 0.482682 -0.790055 33.329033
v 0.513529 -0.766848 33.329033
v 0.546395 -0.737331 33.329033
v 0.580614 -0.701646 33.329033
v 0.615874 -0.659956 33.329033
v 0.651025 -0.612469 33.329033
v 0.685822 -0.559399 33.329033
v 0.719467 -0.500996 33.329033
v 0.751642 -0.437525 33.329033
v 0.781276 -0.369290 33.329033
v 0.807599 -0.296609 33.329033
v 0.829981 -0.219817 33.329033
v 0.846756 -0.139293 33.329033
v 0.856557 -0.055422 33.329033
v 0.858136 0.031394 33.329033
v 0.851384 0.120765 33.329033
v 0.837043 0.212308 33.329033
v 0.815896 0.305630 33.329033
v 0.789240 0.400338 33.329033
v 0.758613 0.496042 33.329033
v 0.725192 0.592336 33.329033
v 0.689593 0.688800 33.329033
v 0.653070 0.785027 33.329033
v 0.616020 0.880592 33.329033
v 0.579268 0.975083 33.329033
v 0.543170 1.068081 33.329033
v 0.508725 1.159190 33.329033
v 0.476217 1.248005 33.329033
v 0.446269 1.334141 33.329033
v 0.419363 1.417219 33.329033
v 0.396243 1.496882 33.329033
v 0.377110 1.572777 33.329033
v 0.361934 1.644562 33.329033
v 0.350717 1.711915 33.329033
v 0.343115 1.774527 33.329033
v 0.338884 1.832112 33.329033
v 0.337267 1.884397 33.329033
v 0.337800 1.931136 33.329033
v 0.340284 1.972119 33.329033
v 0.344197 2.007149 33.329033
v 0.348601 2.036052 33.329033
v 0.352904 2.058685 33.329033
v 0.356327 2.074932 33.329033
v 0.358600 2.084713 33.329033
v 0.367911 1.970082 34.751614
v 0.366934 1.966969 34.751614
v 0.364005 1.957644 34.751614
v 0.359150 1.942149 34.751614
v 0.353663 1.920577 34.751614
v 0.346850 1.893010 34.751614
v 0.338752 1.859572 34.751614
v 0.329445 1.820413 34.751614
v 0.319202 1.775712 34.751614
v 0.307861 1.725664 34.751614
v 0.295351 1.670493 34.751614
v 0.281787 1.610444 34.751614
v 0.267350 1.545788 34.751614
v 0.251930 1.476811 34.751614
v 0.235981 1.403827 34.751614
v 0.219438 1.327161 34.751614
v 0.202604 1.247159 34.751614
v 0.185608 1.164179 34.751614
v 0.168564 1.078592 34.751614
v 0.151640 0.990783 34.751614
v 0.135378 0.901152 34.751614
v 0.119697 0.810097 34.751614
v 0.105059 0.718031 34.751614
v 0.091607 0.625367 34.751614
v 0.079744 0.532525 34.751614
v 0.069593 0.439921 34.751614
v 0.061428 0.347973 34.751614
v 0.055730 0.257100 34.751614
v 0.052748 0.167712 34.751614
v 0.052942 0.080215 34.751614
v 0.056370 -0.004998 34.751614
v 0.063274 -0.087541 34.751614
v 0.073881 -0.167043 34.751614
v 0.088314 -0.243143 34.751614
v 0.105936 -0.315513 34.751614
v 0.126223 -0.383839 34.751614
v 0.148776 -0.447819 34.751614
v 0.173302 -0.507173 34.751614
v 0.199212 -0.561643 34.751614
v 0.226239 -0.610989 34.751614
v 0.254000 -0.654996 34.751614
v 0.282092 -0.693473 34.751614
v 0.310103 -0.726251 34.751614
v 0.337583 -0.753192 34.751614
v 0.363980 -0.774182 34.751614
v 0.388428 -0.789142 34.751614
v 0.412507 -0.797974 34.751614
v 0.438698 -0.800591 34.751614
v 0.464530 -0.797024 34.751614
v 0.491182 -0.787266 34.751614
v 0.518929 -0.771353 34.751614
v 0.547776 -0.749354 34.751614
v 0.578375 -0.721353 34.751614
v 0.610055 -0.687484 34.751614
v 0.642430 -0.647904 34.751614
v 0.674585 -0.602803 34.751614
v 0.706318 -0.552383 34.751614
v 0.736961 -0.496880 34.751614
v 0.766175 -0.436545 34.751614
v 0.793001 -0.371663 34.751614
v 0.816786 -0.302533 34.751614
v 0.836970 -0.229473 34.751614
v 0.852152 -0.152831 34.751614
v 0.861148 -0.072972 34.751614
v 0.862897 0.009729 34.751614
v 0.857335 0.094903 34.751614
v 0.844976 0.182178 34.751614
v 0.826494 0.271174 34.751614
v 0.802932 0.361513 34.751614
v 0.775558 0.452812 34.751614
v 0.745263 0.544677 34.751614
v 0.712716 0.636708 34.751614
v 0.678993 0.728511 34.751614
v 0.644510 0.819680 34.751614
v 0.610066 0.909820 34.751614
v 0.576099 0.998534 34.751614
v 0.543613 1.085441 34.751614
v 0.513014 1.170157 34.751614
v 0.484901 1.252313 34.751614
v 0.459810 1.331550 34.751614
v 0.438419 1.407524 34.751614
v 0.420929 1.479896 34.751614
v 0.407303 1.548343 34.751614
v 0.397458 1.612556 34.751614
v 0.391048 1.672240 34.751614
v 0.387731 1.727123 34.751614
v 0.386871 1.776947 34.751614
v 0.388011 1.821482 34.751614
v 0.390847 1.860523 34.751614
v 0.394822 1.893886 34.751614
v 0.399152 1.921407 34.751614
v 0.402971 1.942950 34.751614
v 0.405537 1.958403 34.751614
v 0.407254 1.967705 34.751614
v 0.428642 1.863312 36.174194
v 0.427548 1.860343 36.174194
v 0.424269 1.851449 36.174194
v 0.418832 1.836670 36.174194
v 0.413505 1.816106 36.174194
v 0.406891 1.789827 36.174194
v 0.399056 1.757951 36.174194
v 0.390032 1.720620 36.174194
v 0.380074 1.678005 36.174194
v 0.369010 1.630292 36.174194
v 0.356854 1.577694 36.174194
v 0.343658 1.520446 36.174194
v 0.329616 1.458806 36.174194
v 0.314627 1.393046 36.174194
v 0.299105 1.323465 36.174194
v 0.283022 1.250373 36.174194
v 0.266636 1.174099 36.174194
v 0.250067 1.094985 36.174194
v 0.233425 1.013383 36.174194
v 0.216919 0.929661 36.174194
v 0.200989 0.844198 36.174194
v 0.185695 0.757375 36.174194
v 0.171369 0.669585 36.174194
v 0.158239 0.581221 36.174194
v 0.146632 0.492683 36.174194
v 0.136706 0.404367 36.174194
v 0.128824 0.316672 36.174194
v 0.123352 0.229996 36.174194
v 0.120608 0.144730 36.174194
v 0.121097 0.061262 36.174194
v 0.124779 -0.020036 36.174194
v 0.131819 -0.098798 36.174194
v 0.142227 -0.174672 36.174194
v 0.156104 -0.247317 36.174194
v 0.172835 -0.316416 36.174194
v 0.192013 -0.381665 36.174194
v 0.213229 -0.442779 36.174194
v 0.236246 -0.499486 36.174194
v 0.260483 -0.551541 36.174194
v 0.285745 -0.598711 36.174194
v 0.311610 -0.640791 36.174194
v 0.337791 -0.677596 36.174194
v 0.363870 -0.708966 36.174194
v 0.389404 -0.734765 36.174194
v 0.413903 -0.754883 36.174194
v 0.436646 -0.769242 36.174194
v 0.459100 -0.777751 36.174194
v 0.483792 -0.780335 36.174194
v 0.508372 -0.777015 36.174194
v 0.533710 -0.767792 36.174194
v 0.559782 -0.752705 36.174194
v 0.586731 -0.731818 36.174194
v 0.615170 -0.705212 36.174194
v 0.644423 -0.673017 36.174194
v 0.674026 -0.635379 36.174194
v 0.703295 -0.592475 36.174194
v 0.732073 -0.544497 36.174194
v 0.759816 -0.491667 36.174194
v 0.786164 -0.434222 36.174194
v 0.810269 -0.372432 36.174194
v 0.831586 -0.306577 36.174194
v 0.849630 -0.236959 36.174194
v 0.863256 -0.163904 36.174194
v 0.871456 -0.087752 36.174194
v 0.873355 -0.008856 36.174194
v 0.868932 0.072431 36.174194
v 0.858478 0.155750 36.174194
v 0.842559 0.240738 36.174194
v 0.821967 0.327024 36.174194
v 0.797709 0.414239 36.174194
v 0.770393 0.501998 36.174194
v 0.740743 0.589920 36.174194
v 0.709663 0.677624 36.174194
v 0.677585 0.764721 36.174194
v 0.645292 0.850833 36.174194
v 0.613300 0.935581 36.174194
v 0.582624 1.018598 36.174194
v 0.553793 1.099521 36.174194
v 0.527382 1.177994 36.174194
v 0.503987 1.253674 36.174194
v 0.484218 1.326230 36.174194
v 0.468282 1.395341 36.174194
v 0.456130 1.460695 36.174194
v 0.447598 1.521999 36.174194
v 0.442334 1.578971 36.174194
v 0.439898 1.631351 36.174194
v 0.439775 1.678896 36.174194
v 0.441511 1.721389 36.174194
v 0.444694 1.758632 36.174194
v 0.448734 1.790452 36.174194
v 0.452997 1.816696 36.174194
v 0.456341 1.837231 36.174194
v 0.458058 1.851954 36.174194
v 0.459225 1.860816 36.174194
v 0.493418 1.765858 37.596775
v 0.492209 1.763024 37.596775
v 0.488587 1.754537 37.596775
v 0.482582 1.740433 37.596775
v 0.477385 1.720809 37.596775
v 0.470929 1.695731 37.596775
v 0.463311 1.665311 37.596775
v 0.454515 1.629686 37.596775
v 0.444782 1.589015 37.596775
v 0.433929 1.543479 37.596775
v 0.422051 1.493281 37.596775
v 0.409143 1.438645 37.596775
v 0.395412 1.379816 37.596775
v 0.380760 1.317055 37.596775
v 0.365569 1.250647 37.596775
v 0.349845 1.180887 37.596775
v 0.333803 1.108088 37.596775
v 0.317557 1.032575 37.596775
v 0.301213 0.954687 37.596775
v 0.285016 0.874773 37.596775
v 0.269313 0.793193 37.596775
v 0.254298 0.710312 37.596775
v 0.240180 0.626502 37.596775
v 0.227266 0.542141 37.596775
v 0.215817 0.457606 37.596775
v 0.206021 0.373278 37.596775
v 0.198324 0.289536 37.596775
v 0.192989 0.206758 37.596775
v 0.190395 0.125317 37.596775
v 0.191092 0.045581 37.596775
v 0.194951 -0.032093 37.596775
v 0.202059 -0.107358 37.596775
v 0.212223 -0.179879 37.596775
v 0.225526 -0.249332 37.596775
v 0.241371 -0.315412 37.596775
v 0.259459 -0.377825 37.596775
v 0.279379 -0.436298 37.596775
v 0.300938 -0.490569 37.596775
v 0.323570 -0.540401 37.596775
v 0.347144 -0.585573 37.596775
v 0.371202 -0.625885 37.596775
v 0.395566 -0.661160 37.596775
v 0.419813 -0.691242 37.596775
v 0.443504 -0.716000 37.596775
v 0.466212 -0.735328 37.596775
v 0.487348 -0.749145 37.596775
v 0.508276 -0.757373 37.596775
v 0.531570 -0.759947 37.596775
v 0.554990 -0.756878 37.596775
v 0.579114 -0.748173 37.596775
v 0.603636 -0.733873 37.596775
v 0.628830 -0.714037 37.596775
v 0.655273 -0.688747 37.596775
v 0.682282 -0.658123 37.596775
v 0.709319 -0.622304 37.596775
v 0.735918 -0.581455 37.596775
v 0.761964 -0.535757 37.596775
v 0.787030 -0.485420 37.596775
v 0.810737 -0.430669 37.596775
v 0.832340 -0.371757 37.596775
v 0.851395 -0.308950 37.596775
v 0.867487 -0.242532 37.596775
v 0.879714 -0.172808 37.596775
v 0.887232 -0.100100 37.596775
v 0.889341 -0.024737 37.596775
v 0.886063 0.052943 37.596775
v 0.877473 0.132595 37.596775
v 0.864038 0.213867 37.596775
v 0.846314 0.296401 37.596775
v 0.825058 0.379835 37.596775
v 0.800614 0.463801 37.596775
v 0.773754 0.547930 37.596775
v 0.745222 0.631852 37.596775
v 0.715467 0.715197 37.596775
v 0.685254 0.797599 37.596775
v 0.655174 0.878694 37.596775
v 0.626254 0.958130 37.596775
v 0.599140 1.035558 37.596775
v 0.574384 1.110636 37.596775
v 0.552637 1.183035 37.596775
v 0.534448 1.252436 37.596775
v 0.520027 1.318531 37.596775
v 0.509315 1.381023 37.596775
v 0.502071 1.439629 37.596775
v 0.497935 1.494085 37.596775
v 0.496377 1.544141 37.596775
v 0.496991 1.589568 37.596775
v 0.499329 1.630161 37.596775
v 0.502876 1.665731 37.596775
v 0.507008 1.696113 37.596775
v 0.511234 1.721167 37.596775
v 0.514148 1.740767 37.596775
v 0.515076 1.754817 37.596775
v 0.515729 1.763274 37.596775
v 0.559046 1.678232 39.019356
v 0.557736 1.675523 39.019356
v 0.553812 1.667407 39.019356
v 0.547305 1.653922 39.019356
v 0.542242 1.635156 39.019356
v 0.535953 1.611173 39.019356
v 0.528556 1.582081 39.019356
v 0.519997 1.548010 39.019356
v 0.510504 1.509113 39.019356
v 0.499881 1.465562 39.019356
v 0.488299 1.417552 39.019356
v 0.475699 1.365298 39.019356
v 0.462298 1.309033 39.019356
v 0.448007 1.249008 39.019356
v 0.433173 1.185493 39.019356
v 0.417834 1.118771 39.019356
v 0.402166 1.049142 39.019356
v 0.386276 0.976916 39.019356
v 0.370267 0.902416 39.019356
v 0.354418 0.825977 39.019356
v 0.338989 0.747940 39.019356
v 0.324296 0.668658 39.019356
v 0.310435 0.588483 39.019356
v 0.297788 0.507776 39.019356
v 0.286551 0.426898 39.019356
v 0.276940 0.346213 39.019356
v 0.269478 0.266083 39.019356
v 0.264330 0.186868 39.019356
v 0.261936 0.108924 39.019356
v 0.262882 0.032604 39.019356
v 0.266957 -0.041754 39.019356
v 0.274181 -0.113816 39.019356
v 0.284174 -0.183264 39.019356
v 0.297002 -0.249786 39.019356
v 0.312087 -0.313090 39.019356
v 0.329228 -0.372892 39.019356
v 0.348007 -0.428929 39.019356
v 0.368277 -0.480951 39.019356
v 0.389481 -0.528729 39.019356
v 0.411549 -0.572048 39.019356
v 0.433988 -0.610720 39.019356
v 0.456722 -0.644569 39.019356
v 0.479320 -0.673449 39.019356
v 0.501351 -0.697231 39.019356
v 0.522440 -0.715812 39.019356
v 0.542121 -0.729112 39.019356
v 0.561664 -0.737061 39.019356
v 0.583681 -0.739605 39.019356
v 0.606037 -0.736747 39.019356
v 0.629043 -0.728497 39.019356
v 0.652140 -0.714894 39.019356
v 0.675718 -0.695997 39.019356
v 0.700320 -0.671884 39.019356
v 0.725260 -0.642668 39.019356
v 0.749933 -0.608483 39.019356
v 0.774071 -0.569482 39.019356
v 0.797594 -0.525840 39.019356
v 0.820186 -0.477752 39.019356
v 0.841447 -0.425437 39.019356
v 0.860728 -0.369130 39.019356
v 0.877679 -0.309086 39.019356
v 0.891945 -0.245575 39.019356
v 0.902845 -0.178885 39.019356
v 0.909687 -0.109318 39.019356
v 0.911930 -0.037189 39.019356
v 0.909631 0.037182 39.019356
v 0.902675 0.113460 39.019356
v 0.891436 0.191307 39.019356
v 0.876255 0.270378 39.019356
v 0.857668 0.350324 39.019356
v 0.835772 0.430786 39.019356
v 0.811390 0.511411 39.019356
v 0.785116 0.591843 39.019356
v 0.757418 0.671723 39.019356
v 0.729040 0.750701 39.019356
v 0.700646 0.828427 39.019356
v 0.673271 0.904561 39.019356
v 0.647665 0.978766 39.019356
v 0.624363 1.050714 39.019356
v 0.604065 1.120089 39.019356
v 0.587263 1.186584 39.019356
v 0.574172 1.249901 39.019356
v 0.564723 1.309758 39.019356
v 0.558605 1.365885 39.019356
v 0.555453 1.418028 39.019356
v 0.554652 1.465950 39.019356
v 0.555900 1.509434 39.019356
v 0.558751 1.548284 39.019356
v 0.562600 1.582322 39.019356
v 0.566792 1.611391 39.019356
v 0.570962 1.635359 39.019356
v 0.573471 1.654107 39.019356
v 0.573672 1.667548 39.019356
v 0.573854 1.675637 39.019356
v 0.626588 1.599812 40.441936
v 0.625196 1.597216 40.441936
v 0.621027 1.589440 40.441936
v 0.614112 1.576519 40.441936
v 0.609195 1.558532 40.441936
v 0.603086 1.535545 40.441936
v 0.595925 1.507662 40.441936
v 0.587624 1.475005 40.441936
v 0.578396 1.437722 40.441936
v 0.568038 1.395978 40.441936
v 0.556784 1.349960 40.441936
v 0.544528 1.299874 40.441936
v 0.531497 1.245943 40.441936
v 0.517606 1.188408 40.441936
v 0.503175 1.127527 40.441936
v 0.488267 1.063572 40.441936
v 0.473023 0.996829 40.441936
v 0.457546 0.927596 40.441936
v 0.441934 0.856183 40.441936
v 0.426495 0.782909 40.441936
v 0.411411 0.708103 40.441936
v 0.397105 0.632100 40.441936
v 0.383575 0.555239 40.441936
v 0.371263 0.477866 40.441936
v 0.360311 0.400326 40.441936
v 0.350958 0.322967 40.441936
v 0.343793 0.246137 40.441936
v 0.338895 0.170179 40.441936
v 0.336752 0.095434 40.441936
v 0.337983 0.022239 40.441936
v 0.342309 -0.049079 40.441936
v 0.349684 -0.118203 40.441936
v 0.359573 -0.184827 40.441936
v 0.372026 -0.248652 40.441936
v 0.386478 -0.309396 40.441936
v 0.402816 -0.366787 40.441936
v 0.420619 -0.420571 40.441936
v 0.439777 -0.470508 40.441936
v 0.459742 -0.516378 40.441936
v 0.480497 -0.557974 40.441936
v 0.501522 -0.595113 40.441936
v 0.522824 -0.627629 40.441936
v 0.543971 -0.655378 40.441936
v 0.564537 -0.678238 40.441936
v 0.584193 -0.696108 40.441936
v 0.602583 -0.708909 40.441936
v 0.620889 -0.716578 40.441936
v 0.641754 -0.719069 40.441936
v 0.663137 -0.716378 40.441936
v 0.685116 -0.708517 40.441936
v 0.706913 -0.695525 40.441936
v 0.729020 -0.677457 40.441936
v 0.751950 -0.654390 40.441936
v 0.775015 -0.626431 40.441936
v 0.797552 -0.593706 40.441936
v 0.819466 -0.556363 40.441936
v 0.840711 -0.514567 40.441936
v 0.861062 -0.468506 40.441936
v 0.880108 -0.418388 40.441936
v 0.897281 -0.364437 40.441936
v 0.912313 -0.306897 40.441936
v 0.924905 -0.246025 40.441936
v 0.934568 -0.182095 40.441936
v 0.940744 -0.115395 40.441936
v 0.943028 -0.046225 40.441936
v 0.941512 0.025107 40.441936
v 0.935915 0.098281 40.441936
v 0.926529 0.172971 40.441936
v 0.913512 0.248844 40.441936
v 0.897201 0.325563 40.441936
v 0.877486 0.402784 40.441936
v 0.855227 0.480166 40.441936
v 0.830893 0.557365 40.441936
v 0.804961 0.634038 40.441936
v 0.778162 0.709846 40.441936
v 0.751218 0.784452 40.441936
v 0.725169 0.857529 40.441936
v 0.700857 0.928752 40.441936
v 0.678798 0.997807 40.441936
v 0.659735 1.064387 40.441936
v 0.644109 1.128197 40.441936
v 0.632138 1.188952 40.441936
v 0.623748 1.246381 40.441936
v 0.618566 1.300225 40.441936
v 0.616223 1.350243 40.441936
v 0.616036 1.396206 40.441936
v 0.617788 1.437909 40.441936
v 0.621041 1.475164 40.441936
v 0.625110 1.507800 40.441936
v 0.629316 1.535670 40.441936
v 0.633407 1.558647 40.441936
v 0.635542 1.576620 40.441936
v 0.635100 1.589507 40.441936
v 0.634865 1.597262 40.441936
v 0.698385 1.531234 41.864517
v 0.696928 1.528742 41.864517
v 0.692562 1.521277 41.864517
v 0.685321 1.508873 41.864517
v 0.680519 1.491593 41.864517
v 0.674552 1.469508 41.864517
v 0.667578 1.442718 41.864517
v 0.659478 1.411341 41.864517
v 0.650456 1.375519 41.864517
v 0.640302 1.335411 41.864517
v 0.629302 1.291196 41.864517
v 0.617313 1.243071 41.864517
v 0.604568 1.191252 41.864517
v 0.590988 1.135971 41.864517
v 0.576865 1.077473 41.864517
v 0.562289 1.016021 41.864517
v 0.547368 0.951889 41.864517
v 0.532203 0.885364 41.864517
v 0.516887 0.816742 41.864517
v 0.501752 0.746331 41.864517
v 0.486917 0.674445 41.864517
v 0.472890 0.601406 41.864517
v 0.459589 0.527539 41.864517
v 0.447505 0.453176 41.864517
v 0.436736 0.378649 41.864517
v 0.427538 0.304290 41.864517
v 0.420552 0.230433 41.864517
v 0.415789 0.157408 41.864517
v 0.413775 0.085541 41.864517
v 0.415153 0.015155 41.864517
v 0.419588 -0.053437 41.864517
v 0.426985 -0.119929 41.864517
v 0.436679 -0.184024 41.864517
v 0.448708 -0.245437 41.864517
v 0.462524 -0.303892 41.864517
v 0.478083 -0.359131 41.864517
v 0.494963 -0.410905 41.864517
v 0.513087 -0.458984 41.864517
v 0.531915 -0.503155 41.864517
v 0.551476 -0.543219 41.864517
v 0.571226 -0.578998 41.864517
v 0.591244 -0.610333 41.864517
v 0.611097 -0.637083 41.864517
v 0.630365 -0.659130 41.864517
v 0.648759 -0.676376 41.864517
v 0.666012 -0.688743 41.864517
v 0.683233 -0.696176 41.864517
v 0.703079 -0.698636 41.864517
v 0.723594 -0.696116 41.864517
v 0.744665 -0.688626 41.864517
v 0.765336 -0.676202 41.864517
v 0.786183 -0.658897 41.864517
v 0.807690 -0.636789 41.864517
v 0.829169 -0.609977 41.864517
v 0.849914 -0.578582 41.864517
v 0.869971 -0.542743 41.864517
v 0.889321 -0.502621 41.864517
v 0.907818 -0.458395 41.864517
v 0.925038 -0.410262 41.864517
v 0.940483 -0.358440 41.864517
v 0.953956 -0.303158 41.864517
v 0.965200 -0.244665 41.864517
v 0.973888 -0.183222 41.864517
v 0.979572 -0.119103 41.864517
v 0.981962 -0.052597 41.864517
v 0.981175 0.016001 41.864517
v 0.976795 0.086383 41.864517
v 0.969049 0.158235 41.864517
v 0.957938 0.231236 41.864517
v 0.943638 0.305062 41.864517
v 0.925868 0.379380 41.864517
v 0.905517 0.453861 41.864517
v 0.882943 0.528172 41.864517
v 0.858636 0.601982 41.864517
v 0.833310 0.674962 41.864517
v 0.807731 0.746788 41.864517
v 0.782943 0.817140 41.864517
v 0.759855 0.885704 41.864517
v 0.738970 0.952175 41.864517
v 0.721060 1.016258 41.864517
v 0.706525 1.077667 41.864517
v 0.695584 1.136127 41.864517
v 0.688157 1.191377 41.864517
v 0.683822 1.243170 41.864517
v 0.682209 1.291275 41.864517
v 0.682578 1.335474 41.864517
v 0.684787 1.375570 41.864517
v 0.688401 1.411384 41.864517
v 0.692675 1.442755 41.864517
v 0.696910 1.469541 41.864517
v 0.700948 1.491623 41.864517
v 0.702789 1.508899 41.864517
v 0.701835 1.521291 41.864517
v 0.701268 1.528749 41.864517
v 0.771093 1.472462 43.287098
v 0.769672 1.470062 43.287098
v 0.765414 1.462873 43.287098
v 0.758351 1.450926 43.287098
v 0.753700 1.434272 43.287098
v 0.747912 1.412987 43.287098
v 0.741148 1.387166 43.287098
v 0.733287 1.356925 43.287098
v 0.724516 1.322398 43.287098
v 0.714635 1.283741 43.287098
v 0.703941 1.241125 43.287098
v 0.692284 1.194741 43.287098
v 0.679891 1.144796 43.287098
v 0.666695 1.091513 43.287098
v 0.652963 1.035130 43.287098
v 0.638792 0.975899 43.287098
v 0.624282 0.914084 43.287098
v 0.609526 0.849962 43.287098
v 0.594615 0.783818 43.287098
v 0.579876 0.715949 43.287098
v 0.565408 0.646656 43.287098
v 0.551727 0.576249 43.287098
v 0.538731 0.505044 43.287098
v 0.526926 0.433357 43.287098
v 0.516384 0.361508 43.287098
v 0.507367 0.289819 43.287098
v 0.500525 0.218609 43.287098
v 0.495841 0.148196 43.287098
v 0.493844 0.078894 43.287098
v 0.495176 0.011013 43.287098
v 0.499509 -0.055144 43.287098
v 0.506712 -0.119282 43.287098
v 0.516087 -0.181114 43.287098
v 0.527644 -0.240363 43.287098
v 0.540867 -0.296765 43.287098
v 0.555733 -0.350068 43.287098
v 0.571835 -0.400033 43.287098
v 0.589107 -0.446437 43.287098
v 0.607035 -0.489074 43.287098
v 0.625657 -0.527751 43.287098
v 0.644445 -0.562297 43.287098
v 0.663489 -0.592558 43.287098
v 0.682373 -0.618397 43.287098
v 0.700683 -0.639699 43.287098
v 0.718161 -0.656369 43.287098
v 0.734575 -0.668332 43.287098
v 0.750923 -0.675537 43.287098
v 0.769729 -0.677951 43.287098
v 0.789186 -0.675564 43.287098
v 0.809161 -0.668385 43.287098
v 0.828691 -0.656447 43.287098
v 0.848350 -0.639804 43.287098
v 0.868566 -0.618529 43.287098
v 0.888686 -0.592718 43.287098
v 0.907998 -0.562485 43.287098
v 0.926611 -0.527965 43.287098
v 0.944507 -0.489313 43.287098
v 0.961579 -0.446702 43.287098
v 0.977421 -0.400321 43.287098
v 0.991582 -0.350377 43.287098
v 1.003902 -0.297094 43.287098
v 1.014148 -0.240708 43.287098
v 1.022079 -0.181473 43.287098
v 1.027314 -0.119652 43.287098
v 1.029628 -0.055520 43.287098
v 1.029133 0.010634 43.287098
v 1.025377 0.078517 43.287098
v 1.018553 0.147825 43.287098
v 1.008596 0.218248 43.287098
v 0.995600 0.289472 43.287098
v 0.979225 0.361180 43.287098
v 0.960341 0.433049 43.287098
v 0.939253 0.504759 43.287098
v 0.916437 0.575991 43.287098
v 0.892588 0.646424 43.287098
v 0.868467 0.715744 43.287098
v 0.845088 0.783641 43.287098
v 0.823363 0.849810 43.287098
v 0.803775 0.913957 43.287098
v 0.787077 0.975794 43.287098
v 0.773642 1.035045 43.287098
v 0.763676 1.091444 43.287098
v 0.757085 1.144741 43.287098
v 0.753437 1.194697 43.287098
v 0.752358 1.241090 43.287098
v 0.753098 1.283713 43.287098
v 0.755554 1.322376 43.287098
v 0.759294 1.356906 43.287098
v 0.763570 1.387150 43.287098
v 0.767714 1.412973 43.287098
v 0.771605 1.434259 43.287098
v 0.773308 1.450915 43.287098
v 0.772262 1.462868 43.287098
v 0.771628 1.470061 43.287098
v 0.847587 1.421159 44.709679
v 0.846319 1.418840 44.709679
v 0.842519 1.411891 44.709679
v 0.836216 1.400343 44.709679
v 0.831739 1.384237 44.709679
v 0.826152 1.363652 44.709679
v 0.819596 1.338679 44.709679
v 0.811985 1.309431 44.709679
v 0.803473 1.276039 44.709679
v 0.793899 1.238651 44.709679
v 0.783518 1.197435 44.709679
v 0.772213 1.152574 44.709679
v 0.760188 1.104268 44.709679
v 0.747402 1.052735 44.709679
v 0.734084 0.998202 44.709679
v 0.720338 0.940915 44.709679
v 0.706262 0.881127 44.709679
v 0.691950 0.819107 44.709679
v 0.677490 0.755132 44.709679
v 0.663170 0.689486 44.709679
v 0.649113 0.622462 44.709679
v 0.635765 0.554359 44.709679
v 0.623066 0.485481 44.709679
v 0.611503 0.416134 44.709679
v 0.601144 0.346629 44.709679
v 0.592241 0.277274 44.709679
v 0.585413 0.208379 44.709679
v 0.580657 0.140250 44.709679
v 0.578465 0.073191 44.709679
v 0.579458 0.007500 44.709679
v 0.583390 -0.056530 44.709679
v 0.590097 -0.118613 44.709679
v 0.598945 -0.178468 44.709679
v 0.609897 -0.235829 44.709679
v 0.622495 -0.290438 44.709679
v 0.636675 -0.342052 44.709679
v 0.652069 -0.390439 44.709679
v 0.668602 -0.435382 44.709679
v 0.685801 -0.476681 44.709679
v 0.703680 -0.514150 44.709679
v 0.721770 -0.547621 44.709679
v 0.740101 -0.576946 44.709679
v 0.758303 -0.601992 44.709679
v 0.775960 -0.622646 44.709679
v 0.792841 -0.638816 44.709679
v 0.808694 -0.650429 44.709679
v 0.824336 -0.657436 44.709679
v 0.841972 -0.659811 44.709679
v 0.860046 -0.657542 44.709679
v 0.878598 -0.650636 44.709679
v 0.896856 -0.639125 44.709679
v 0.915297 -0.623060 44.709679
v 0.934251 -0.602514 44.709679
v 0.953134 -0.577578 44.709679
v 0.971274 -0.548362 44.709679
v 0.988764 -0.514996 44.709679
v 1.005555 -0.477629 44.709679
v 1.021543 -0.436430 44.709679
v 1.036373 -0.391579 44.709679
v 1.049622 -0.343277 44.709679
v 1.061141 -0.291740 44.709679
v 1.070694 -0.237196 44.709679
v 1.078057 -0.179890 44.709679
v 1.082885 -0.120075 44.709679
v 1.084962 -0.058019 44.709679
v 1.084360 0.006001 44.709679
v 1.080702 0.071701 44.709679
v 1.074179 0.138786 44.709679
v 1.064741 0.206956 44.709679
v 1.052479 0.275909 44.709679
v 1.037119 0.345335 44.709679
v 1.019449 0.414924 44.709679
v 0.999773 0.484363 44.709679
v 0.978534 0.553342 44.709679
v 0.956399 0.621550 44.709679
v 0.934073 0.688682 44.709679
v 0.912501 0.754434 44.709679
v 0.892524 0.818512 44.709679
v 0.874601 0.880628 44.709679
v 0.859407 0.940502 44.709679
v 0.847299 0.997866 44.709679
v 0.838456 1.052464 44.709679
v 0.832755 1.104053 44.709679
v 0.829787 1.152403 44.709679
v 0.829180 1.197299 44.709679
v 0.830207 1.238543 44.709679
v 0.832777 1.275952 44.709679
v 0.836453 1.309359 44.709679
v 0.840554 1.338617 44.709679
v 0.844497 1.363597 44.709679
v 0.848145 1.384188 44.709679
v 0.849892 1.400303 44.709679
v 0.849238 1.411871 44.709679
v 0.848841 1.418832 44.709679
v 0.928874 1.379094 46.132259
v 0.927748 1.376843 46.132259
v 0.924374 1.370101 46.132259
v 0.918777 1.358897 46.132259
v 0.914454 1.343264 46.132259
v 0.909041 1.323284 46.132259
v 0.902666 1.299045 46.132259
v 0.895271 1.270656 46.132259
v 0.886983 1.238244 46.132259
v 0.877672 1.201953 46.132259
v 0.867561 1.161946 46.132259
v 0.856557 1.118402 46.132259
v 0.844850 1.071514 46.132259
v 0.832418 1.021492 46.132259
v 0.819456 0.968560 46.132259
v 0.806076 0.912952 46.132259
v 0.792374 0.854917 46.132259
v 0.778444 0.794714 46.132259
v 0.764372 0.732613 46.132259
v 0.750410 0.668889 46.132259
v 0.736706 0.603826 46.132259
v 0.723638 0.537713 46.132259
v 0.711185 0.470847 46.132259
v 0.699821 0.403523 46.132259
v 0.689608 0.336043 46.132259
v 0.680789 0.268706 46.132259
v 0.673955 0.201810 46.132259
v 0.669118 0.135655 46.132259
v 0.666737 0.070533 46.132259
v 0.667412 0.006732 46.132259
v 0.670974 -0.055462 46.132259
v 0.677229 -0.115770 46.132259
v 0.685604 -0.173920 46.132259
v 0.696014 -0.229652 46.132259
v 0.708055 -0.282716 46.132259
v 0.721626 -0.332873 46.132259
v 0.736394 -0.379900 46.132259
v 0.752272 -0.423585 46.132259
v 0.768829 -0.463731 46.132259
v 0.786055 -0.500160 46.132259
v 0.803535 -0.532707 46.132259
v 0.821242 -0.561227 46.132259
v 0.838848 -0.585591 46.132259
v 0.855937 -0.605689 46.132259
v 0.872300 -0.621430 46.132259
v 0.887665 -0.632743 46.132259
v 0.902682 -0.639582 46.132259
v 0.919255 -0.641925 46.132259
v 0.936064 -0.639756 46.132259
v 0.953315 -0.633086 46.132259
v 0.970414 -0.621943 46.132259
v 0.987749 -0.606378 46.132259
v 1.005554 -0.586462 46.132259
v 1.023314 -0.562283 46.132259
v 1.040391 -0.533944 46.132259
v 1.056861 -0.501575 46.132259
v 1.072647 -0.465319 46.132259
v 1.087648 -0.425337 46.132259
v 1.101556 -0.381808 46.132259
v 1.113973 -0.334924 46.132259
v 1.124761 -0.284894 46.132259
v 1.133679 -0.231940 46.132259
v 1.140522 -0.176297 46.132259
v 1.144973 -0.118214 46.132259
v 1.146829 -0.057949 46.132259
v 1.146120 0.004230 46.132259
v 1.142543 0.068046 46.132259
v 1.136284 0.133213 46.132259
v 1.127311 0.199441 46.132259
v 1.115711 0.266433 46.132259
v 1.101269 0.333891 46.132259
v 1.084701 0.401512 46.132259
v 1.066312 0.468991 46.132259
v 1.046511 0.536026 46.132259
v 1.025941 0.602314 46.132259
v 1.005258 0.667557 46.132259
v 0.985343 0.731458 46.132259
v 0.966971 0.793729 46.132259
v 0.950580 0.854090 46.132259
v 0.936773 0.912269 46.132259
v 0.925893 0.968003 46.132259
v 0.918092 1.021045 46.132259
v 0.913222 1.071157 46.132259
v 0.910892 1.118118 46.132259
v 0.910732 1.161721 46.132259
v 0.912034 1.201774 46.132259
v 0.914720 1.238099 46.132259
v 0.918345 1.270535 46.132259
v 0.922290 1.298942 46.132259
v 0.926053 1.323195 46.132259
v 0.929479 1.343185 46.132259
v 0.931273 1.358832 46.132259
v 0.930991 1.370066 46.132259
v 0.930818 1.376827 46.132259
v 1.015588 1.347707 47.554840
v 1.014591 1.345513 47.554840
v 1.011604 1.338943 47.554840
v 1.006648 1.328024 47.554840
v 1.002456 1.312787 47.554840
v 0.997191 1.293312 47.554840
v 0.990965 1.269686 47.554840
v 0.983751 1.242015 47.554840
v 0.975647 1.210422 47.554840
v 0.966556 1.175049 47.554840
v 0.956667 1.136053 47.554840
v 0.945915 1.093608 47.554840
v 0.934470 1.047905 47.554840
v 0.922332 0.999147 47.554840
v 0.909666 0.947550 47.554840
v 0.896588 0.893346 47.554840
v 0.883197 0.836776 47.554840
v 0.869584 0.778092 47.554840
v 0.855834 0.717556 47.554840
v 0.842165 0.655437 47.554840
v 0.828751 0.592012 47.554840
v 0.815907 0.527563 47.554840
v 0.803650 0.462378 47.554840
v 0.792439 0.396743 47.554840
v 0.782334 0.330954 47.554840
v 0.773570 0.265302 47.554840
v 0.766712 0.200076 47.554840
v 0.761787 0.135568 47.554840
v 0.759224 0.072063 47.554840
v 0.759605 0.009840 47.554840
v 0.762835 -0.050822 47.554840
v 0.768689 -0.109651 47.554840
v 0.776648 -0.166380 47.554840
v 0.786585 -0.220755 47.554840
v 0.798142 -0.272531 47.554840
v 0.811186 -0.321477 47.554840
v 0.825414 -0.367371 47.554840
v 0.840730 -0.410009 47.554840
v 0.856737 -0.449197 47.554840
v 0.873404 -0.484761 47.554840
v 0.890367 -0.516540 47.554840
v 0.907546 -0.544393 47.554840
v 0.924648 -0.568192 47.554840
v 0.941258 -0.587829 47.554840
v 0.957185 -0.603216 47.554840
v 0.972141 -0.614283 47.554840
v 0.986619 -0.620983 47.554840
v 1.002251 -0.623300 47.554840
v 1.017930 -0.621215 47.554840
v 1.034019 -0.614742 47.554840
v 1.050089 -0.603906 47.554840
v 1.066444 -0.588759 47.554840
v 1.083231 -0.569370 47.554840
v 1.099996 -0.545822 47.554840
v 1.116132 -0.518217 47.554840
v 1.131699 -0.486680 47.554840
v 1.146594 -0.451350 47.554840
v 1.160719 -0.412385 47.554840
v 1.173809 -0.369959 47.554840
v 1.185486 -0.324257 47.554840
v 1.195624 -0.275484 47.554840
v 1.203976 -0.223855 47.554840
v 1.210353 -0.169601 47.554840
v 1.214466 -0.112962 47.554840
v 1.216120 -0.054189 47.554840
v 1.215309 0.006455 47.554840
v 1.211797 0.068701 47.554840
v 1.205764 0.132270 47.554840
v 1.197198 0.196879 47.554840
v 1.186179 0.262237 47.554840
v 1.172549 0.328056 47.554840
v 1.156959 0.394036 47.554840
v 1.139713 0.459882 47.554840
v 1.121192 0.525296 47.554840
v 1.102019 0.589983 47.554840
v 1.082804 0.653650 47.554840
v 1.064371 0.716007 47.554840
v 1.047440 0.776771 47.554840
v 1.032426 0.835667 47.554840
v 1.019870 0.892431 47.554840
v 1.010099 0.946805 47.554840
v 1.003246 0.998546 47.554840
v 0.999134 1.047425 47.554840
v 0.997391 1.093226 47.554840
v 0.997645 1.135748 47.554840
v 0.999206 1.174806 47.554840
v 1.002006 1.210226 47.554840
v 1.005594 1.241852 47.554840
v 1.009405 1.269549 47.554840
v 1.013011 1.293194 47.554840
v 1.016239 1.312684 47.554840
v 1.018082 1.327939 47.554840
v 1.018145 1.338894 47.554840
v 1.018180 1.345486 47.554840
v 1.110653 1.326339 48.977421
v 1.109768 1.324192 48.977421
v 1.107117 1.317762 48.977421
v 1.102716 1.307076 48.977421
v 1.098614 1.292161 48.977421
v 1.093447 1.273099 48.977421
v 1.087314 1.249973 48.977421
v 1.080214 1.222887 48.977421
v 1.072220 1.191962 48.977421
v 1.063264 1.157337 48.977421
v 1.053507 1.119165 48.977421
v 1.042906 1.077618 48.977421
v 1.031617 1.032880 48.977421
v 1.019659 0.985152 48.977421
v 1.007171 0.934645 48.977421
v 0.994271 0.881584 48.977421
v 0.981062 0.826206 48.977421
v 0.967635 0.768758 48.977421
v 0.954072 0.709497 48.977421
v 0.940564 0.648685 48.977421
v 0.927306 0.586592 48.977421
v 0.914559 0.523495 48.977421
v 0.902373 0.459674 48.977421
v 0.891198 0.395411 48.977421
v 0.881090 0.330992 48.977421
v 0.872277 0.266704 48.977421
v 0.865307 0.202827 48.977421
v 0.860217 0.139648 48.977421
v 0.857411 0.077444 48.977421
v 0.857457 0.016488 48.977421
v 0.860326 -0.042949 48.977421
v 0.865766 -0.100598 48.977421
v 0.873305 -0.156197 48.977421
v 0.882778 -0.209496 48.977421
v 0.893870 -0.260255 48.977421
v 0.906415 -0.308245 48.977421
v 0.920139 -0.353250 48.977421
v 0.934938 -0.395067 48.977421
v 0.950445 -0.433509 48.977421
v 0.966610 -0.468401 48.977421
v 0.983114 -0.499588 48.977421
v 0.999826 -0.526927 48.977421
v 1.016491 -0.550296 48.977421
v 1.032687 -0.569587 48.977421
v 1.048244 -0.584711 48.977421
v 1.062856 -0.595599 48.977421
v 1.076877 -0.602208 48.977421
v 1.091694 -0.604522 48.977421
v 1.106394 -0.602523 48.977421
v 1.121479 -0.596225 48.977421
v 1.136671 -0.585654 48.977421
v 1.152198 -0.570861 48.977421
v 1.168128 -0.551913 48.977421
v 1.184063 -0.528892 48.977421
v 1.199418 -0.501894 48.977421
v 1.214245 -0.471042 48.977421
v 1.228411 -0.436473 48.977421
v 1.241823 -0.398340 48.977421
v 1.254253 -0.356812 48.977421
v 1.265343 -0.312072 48.977421
v 1.274973 -0.264319 48.977421
v 1.282892 -0.213763 48.977421
v 1.288925 -0.160629 48.977421
v 1.292805 -0.105152 48.977421
v 1.294347 -0.047577 48.977421
v 1.293510 0.011838 48.977421
v 1.290116 0.072830 48.977421
v 1.284345 0.135126 48.977421
v 1.276196 0.198446 48.977421
v 1.265748 0.262508 48.977421
v 1.252893 0.327027 48.977421
v 1.238222 0.391710 48.977421
v 1.222040 0.456265 48.977421
v 1.204704 0.520401 48.977421
v 1.186820 0.583825 48.977421
v 1.168956 0.646249 48.977421
v 1.151890 0.707387 48.977421
v 1.136288 0.766960 48.977421
v 1.122548 0.824697 48.977421
v 1.111156 0.880338 48.977421
v 1.102427 0.933629 48.977421
v 1.096472 0.984333 48.977421
v 1.093090 1.032225 48.977421
v 1.091926 1.077096 48.977421
v 1.092604 1.118748 48.977421
v 1.094449 1.157004 48.977421
v 1.097399 1.191694 48.977421
v 1.100999 1.222665 48.977421
v 1.104729 1.249787 48.977421
v 1.108228 1.272941 48.977421
v 1.111308 1.292026 48.977421
v 1.113218 1.306964 48.977421
v 1.113605 1.317693 48.977421
v 1.113836 1.324149 48.977421
v 1.211170 1.314733 50.400002
v 1.210383 1.312621 50.400002
v 1.208024 1.306297 50.400002
v 1.204108 1.295787 50.400002
v 1.200085 1.281120 50.400002
v 1.195005 1.262374 50.400002
v 1.188954 1.239633 50.400002
v 1.181954 1.212997 50.400002
v 1.174058 1.182586 50.400002
v 1.165221 1.148536 50.400002
v 1.155582 1.110998 50.400002
v 1.145115 1.070140 50.400002
v 1.133965 1.026145 50.400002
v 1.122168 0.979208 50.400002
v 1.109838 0.929538 50.400002
v 1.097098 0.877357 50.400002
v 1.084054 0.822896 50.400002
v 1.070794 0.766399 50.400002
v 1.057401 0.708118 50.400002
v 1.044042 0.648311 50.400002
v 1.030929 0.587244 50.400002
v 1.018277 0.525187 50.400002
v 1.006166 0.462417 50.400002
v 0.995035 0.399209 50.400002
v 0.984941 0.335847 50.400002
v 0.976106 0.272610 50.400002
v 0.969060 0.209774 50.400002
v 0.963851 0.147620 50.400002
v 0.960863 0.086421 50.400002
v 0.960651 0.026443 50.400002
v 0.963246 -0.032046 50.400002
v 0.968368 -0.088782 50.400002
v 0.975589 -0.143506 50.400002
v 0.984708 -0.195972 50.400002
v 0.995446 -0.245941 50.400002
v 1.007609 -0.293190 50.400002
v 1.020948 -0.337503 50.400002
v 1.035350 -0.378684 50.400002
v 1.050475 -0.416544 50.400002
v 1.066257 -0.450914 50.400002
v 1.082411 -0.481638 50.400002
v 1.098768 -0.508577 50.400002
v 1.115099 -0.531610 50.400002
v 1.130979 -0.550628 50.400002
v 1.146255 -0.565546 50.400002
v 1.160604 -0.576293 50.400002
v 1.174258 -0.582826 50.400002
v 1.188393 -0.585132 50.400002
v 1.202264 -0.583190 50.400002
v 1.216498 -0.577020 50.400002
v 1.230946 -0.566647 50.400002
v 1.245771 -0.552120 50.400002
v 1.260973 -0.533506 50.400002
v 1.276199 -0.510884 50.400002
v 1.290887 -0.484348 50.400002
v 1.305077 -0.454019 50.400002
v 1.318615 -0.420030 50.400002
v 1.331407 -0.382533 50.400002
v 1.343260 -0.341694 50.400002
v 1.353831 -0.297691 50.400002
v 1.363008 -0.250720 50.400002
v 1.370534 -0.200988 50.400002
v 1.376246 -0.148715 50.400002
v 1.379897 -0.094132 50.400002
v 1.381310 -0.037481 50.400002
v 1.380412 0.020986 50.400002
v 1.377079 0.081010 50.400002
v 1.371486 0.142321 50.400002
v 1.363649 0.204644 50.400002
v 1.353641 0.267701 50.400002
v 1.341399 0.331213 50.400002
v 1.327463 0.394888 50.400002
v 1.312142 0.458439 50.400002
v 1.295770 0.521579 50.400002
v 1.278939 0.584019 50.400002
v 1.262185 0.645475 50.400002
v 1.246244 0.705663 50.400002
v 1.231738 0.764307 50.400002
v 1.219054 0.821141 50.400002
v 1.208624 0.875907 50.400002
v 1.200758 0.928356 50.400002
v 1.195549 0.978254 50.400002
v 1.192773 1.025380 50.400002
v 1.192087 1.069530 50.400002
v 1.193113 1.110510 50.400002
v 1.195188 1.148146 50.400002
v 1.198256 1.182271 50.400002
v 1.201855 1.212738 50.400002
v 1.205507 1.239418 50.400002
v 1.208906 1.262194 50.400002
v 1.211851 1.280967 50.400002
v 1.213814 1.295660 50.400002
v 1.214481 1.306213 50.400002
v 1.214880 1.312563 50.400002
v 1.294507 1.311655 51.502499
v 1.293781 1.309565 51.502499
v 1.291608 1.303305 51.502499
v 1.287999 1.292902 51.502499
v 1.284009 1.278386 51.502499
v 1.278961 1.259833 51.502499
v 1.272933 1.237326 51.502499
v 1.265965 1.210964 51.502499
v 1.258094 1.180865 51.502499
v 1.249292 1.147165 51.502499
v 1.239681 1.110013 51.502499
v 1.229249 1.069575 51.502499
v 1.218134 1.026031 51.502499
v 1.206382 0.979576 51.502499
v 1.194092 0.930416 51.502499
v 1.181391 0.878769 51.502499
v 1.168385 0.824865 51.502499
v 1.155163 0.768945 51.502499
v 1.141809 0.711258 51.502499
v 1.128471 0.652061 51.502499
v 1.115378 0.591614 51.502499
v 1.102710 0.530187 51.502499
v 1.090570 0.468052 51.502499
v 1.079392 0.405481 51.502499
v 1.069231 0.342755 51.502499
v 1.060306 0.280149 51.502499
v 1.053138 0.217937 51.502499
v 1.047781 0.156395 51.502499
v 1.044606 0.095794 51.502499
v 1.044162 0.036395 51.502499
v 1.046518 -0.021537 51.502499
v 1.051378 -0.077740 51.502499
v 1.058340 -0.131955 51.502499
v 1.067181 -0.183939 51.502499
v 1.077646 -0.233454 51.502499
v 1.089523 -0.280279 51.502499
v 1.102577 -0.324200 51.502499
v 1.116691 -0.365021 51.502499
v 1.131542 -0.402556 51.502499
v 1.147052 -0.436635 51.502499
v 1.162963 -0.467105 51.502499
v 1.179076 -0.493828 51.502499
v 1.195181 -0.516681 51.502499
v 1.210852 -0.535557 51.502499
v 1.225944 -0.550371 51.502499
v 1.240124 -0.561052 51.502499
v 1.253543 -0.567556 51.502499
v 1.267240 -0.569871 51.502499
v 1.280578 -0.567978 51.502499
v 1.294269 -0.561898 51.502499
v 1.308249 -0.551656 51.502499
v 1.322640 -0.537303 51.502499
v 1.337395 -0.518902 51.502499
v 1.352190 -0.496531 51.502499
v 1.366480 -0.470284 51.502499
v 1.380293 -0.440278 51.502499
v 1.393463 -0.406646 51.502499
v 1.405897 -0.369538 51.502499
v 1.417422 -0.329118 51.502499
v 1.427705 -0.285561 51.502499
v 1.436639 -0.239061 51.502499
v 1.443963 -0.189823 51.502499
v 1.449521 -0.138065 51.502499
v 1.453080 -0.084014 51.502499
v 1.454465 -0.027909 51.502499
v 1.453585 0.030000 51.502499
v 1.450348 0.089457 51.502499
v 1.444930 0.150193 51.502499
v 1.437354 0.211936 51.502499
v 1.427690 0.274411 51.502499
v 1.415905 0.337340 51.502499
v 1.402506 0.400435 51.502499
v 1.387803 0.463410 51.502499
v 1.372116 0.525979 51.502499
v 1.356030 0.587856 51.502499
v 1.340056 0.648756 51.502499
v 1.324905 0.708399 51.502499
v 1.311171 0.766509 51.502499
v 1.299230 0.822821 51.502499
v 1.289484 0.877080 51.502499
v 1.282237 0.929039 51.502499
v 1.277568 0.978464 51.502499
v 1.275238 1.025140 51.502499
v 1.274915 1.068862 51.502499
v 1.276216 1.109442 51.502499
v 1.278484 1.146709 51.502499
v 1.281669 1.180497 51.502499
v 1.285303 1.210662 51.502499
v 1.288933 1.237076 51.502499
v 1.292293 1.259625 51.502499
v 1.295171 1.278211 51.502499
v 1.297187 1.292758 51.502499
v 1.298051 1.303204 51.502499
v 1.298570 1.309491 51.502499
v 1.383199 1.308195 52.605000
v 1.382526 1.306128 52.605000
v 1.380511 1.299937 52.605000
v 1.377163 1.289648 52.605000
v 1.373205 1.275295 52.605000
v 1.368189 1.256951 52.605000
v 1.362187 1.234696 52.605000
v 1.355252 1.208630 52.605000
v 1.347409 1.178869 52.605000
v 1.338643 1.145547 52.605000
v 1.329064 1.108811 52.605000
v 1.318672 1.068827 52.605000
v 1.307596 1.025771 52.605000
v 1.295891 0.979835 52.605000
v 1.283645 0.931224 52.605000
v 1.270987 0.880154 52.605000
v 1.258023 0.826853 52.605000
v 1.244843 0.771556 52.605000
v 1.231531 0.714512 52.605000
v 1.218220 0.655973 52.605000
v 1.205150 0.596197 52.605000
v 1.192477 0.535450 52.605000
v 1.180318 0.474003 52.605000
v 1.169103 0.412121 52.605000
v 1.158885 0.350083 52.605000
v 1.149882 0.288161 52.605000
v 1.142604 0.226624 52.605000
v 1.137112 0.165746 52.605000
v 1.133765 0.105793 52.605000
v 1.133104 0.047023 52.605000
v 1.135231 -0.010303 52.605000
v 1.139838 -0.065924 52.605000
v 1.146546 -0.119585 52.605000
v 1.155112 -0.171042 52.605000
v 1.165304 -0.220062 52.605000
v 1.176893 -0.266423 52.605000
v 1.189660 -0.309915 52.605000
v 1.203483 -0.350341 52.605000
v 1.218053 -0.387518 52.605000
v 1.233286 -0.421278 52.605000
v 1.248943 -0.451468 52.605000
v 1.264802 -0.477950 52.605000
v 1.280669 -0.500604 52.605000
v 1.296119 -0.519321 52.605000
v 1.311015 -0.534018 52.605000
v 1.325015 -0.544624 52.605000
v 1.338203 -0.551093 52.605000
v 1.351499 -0.553415 52.605000
v 1.364360 -0.551570 52.605000
v 1.377566 -0.545583 52.605000
v 1.391126 -0.535480 52.605000
v 1.405124 -0.521311 52.605000
v 1.419475 -0.503137 52.605000
v 1.433884 -0.481036 52.605000
v 1.447815 -0.455098 52.605000
v 1.461293 -0.425439 52.605000
v 1.474137 -0.392192 52.605000
v 1.486254 -0.355502 52.605000
v 1.497493 -0.315533 52.605000
v 1.507528 -0.272458 52.605000
v 1.516255 -0.226468 52.605000
v 1.523411 -0.177764 52.605000
v 1.528848 -0.126563 52.605000
v 1.532342 -0.073088 52.605000
v 1.533723 -0.017576 52.605000
v 1.532883 0.039726 52.605000
v 1.529758 0.098565 52.605000
v 1.524523 0.158675 52.605000
v 1.517208 0.219787 52.605000
v 1.507880 0.281627 52.605000
v 1.496531 0.343920 52.605000
v 1.483639 0.406380 52.605000
v 1.469513 0.468724 52.605000
v 1.454463 0.530669 52.605000
v 1.439062 0.591928 52.605000
v 1.423804 0.652220 52.605000
v 1.409374 0.711266 52.605000
v 1.396342 0.768791 52.605000
v 1.385074 0.824534 52.605000
v 1.375946 0.878239 52.605000
v 1.369253 0.929662 52.605000
v 1.365067 0.978572 52.605000
v 1.363135 1.024757 52.605000
v 1.363133 1.068015 52.605000
v 1.364677 1.108161 52.605000
v 1.367116 1.145027 52.605000
v 1.370405 1.178450 52.605000
v 1.374070 1.208287 52.605000
v 1.377685 1.234414 52.605000
v 1.381013 1.256717 52.605000
v 1.383835 1.275101 52.605000
v 1.385895 1.289489 52.605000
v 1.386927 1.299820 52.605000
v 1.387547 1.306037 52.605000
v 1.477169 1.298722 53.707500
v 1.476541 1.296688 53.707500
v 1.474660 1.290596 53.707500
v 1.471535 1.280472 53.707500
v 1.467623 1.266353 53.707500
v 1.462658 1.248307 53.707500
v 1.456709 1.226414 53.707500
v 1.449836 1.200772 53.707500
v 1.442057 1.171494 53.707500
v 1.433367 1.138714 53.707500
v 1.423864 1.102575 53.707500
v 1.413558 1.063239 53.707500
v 1.402570 1.020882 53.707500
v 1.390965 0.975692 53.707500
v 1.378816 0.927870 53.707500
v 1.366258 0.877628 53.707500
v 1.353394 0.825190 53.707500
v 1.340315 0.770788 53.707500
v 1.327102 0.714666 53.707500
v 1.313880 0.657073 53.707500
v 1.300893 0.598262 53.707500
v 1.288276 0.538494 53.707500
v 1.276159 0.478035 53.707500
v 1.264965 0.417147 53.707500
v 1.254747 0.356102 53.707500
v 1.245717 0.295169 53.707500
v 1.238374 0.234610 53.707500
v 1.232787 0.174695 53.707500
v 1.229298 0.115686 53.707500
v 1.228444 0.057835 53.707500
v 1.230349 0.001397 53.707500
v 1.234696 -0.053368 53.707500
v 1.241129 -0.106209 53.707500
v 1.249393 -0.156886 53.707500
v 1.259273 -0.205168 53.707500
v 1.270531 -0.250836 53.707500
v 1.282959 -0.293682 53.707500
v 1.296433 -0.333513 53.707500
v 1.310660 -0.370148 53.707500
v 1.325548 -0.403421 53.707500
v 1.340877 -0.433180 53.707500
v 1.356410 -0.459291 53.707500
v 1.371966 -0.481632 53.707500
v 1.387121 -0.500098 53.707500
v 1.401748 -0.514604 53.707500
v 1.415501 -0.525081 53.707500
v 1.428410 -0.531482 53.707500
v 1.441295 -0.533798 53.707500
v 1.453692 -0.532010 53.707500
v 1.466427 -0.526144 53.707500
v 1.479567 -0.516229 53.707500
v 1.493165 -0.502312 53.707500
v 1.507108 -0.484454 53.707500
v 1.521123 -0.462729 53.707500
v 1.534687 -0.437227 53.707500
v 1.547820 -0.408061 53.707500
v 1.560334 -0.375360 53.707500
v 1.572137 -0.339269 53.707500
v 1.583091 -0.299948 53.707500
v 1.592882 -0.257566 53.707500
v 1.601408 -0.212311 53.707500
v 1.608408 -0.164381 53.707500
v 1.613736 -0.113988 53.707500
v 1.617182 -0.061353 53.707500
v 1.618578 -0.006708 53.707500
v 1.617805 0.049706 53.707500
v 1.614820 0.107637 53.707500
v 1.609797 0.166824 53.707500
v 1.602769 0.227002 53.707500
v 1.593803 0.287901 53.707500
v 1.582908 0.349251 53.707500
v 1.570536 0.410768 53.707500
v 1.556995 0.472172 53.707500
v 1.542580 0.533185 53.707500
v 1.527857 0.593524 53.707500
v 1.513297 0.652910 53.707500
v 1.499564 0.711066 53.707500
v 1.487201 0.767721 53.707500
v 1.476568 0.822618 53.707500
v 1.468014 0.875503 53.707500
v 1.461828 0.926137 53.707500
v 1.458072 0.974291 53.707500
v 1.456488 1.019757 53.707500
v 1.456758 1.062338 53.707500
v 1.458500 1.101851 53.707500
v 1.461073 1.138135 53.707500
v 1.464435 1.171027 53.707500
v 1.468114 1.200390 53.707500
v 1.471704 1.226101 53.707500
v 1.474994 1.248049 53.707500
v 1.477761 1.266141 53.707500
v 1.479849 1.280298 53.707500
v 1.481009 1.290463 53.707500
v 1.481706 1.296580 53.707500
v 1.575975 1.276783 54.810001
v 1.575385 1.274800 54.810001
v 1.573617 1.268862 54.810001
v 1.570681 1.258995 54.810001
v 1.566846 1.245236 54.810001
v 1.561975 1.227651 54.810001
v 1.556132 1.206317 54.810001
v 1.549382 1.181329 54.810001
v 1.541736 1.152798 54.810001
v 1.533199 1.120854 54.810001
v 1.523858 1.085637 54.810001
v 1.513729 1.047305 54.810001
v 1.502929 1.006028 54.810001
v 1.491525 0.961989 54.810001
v 1.479584 0.915386 54.810001
v 1.467237 0.866424 54.810001
v 1.454588 0.815321 54.810001
v 1.441727 0.762304 54.810001
v 1.428731 0.707610 54.810001
v 1.415718 0.651481 54.810001
v 1.402933 0.594164 54.810001
v 1.390493 0.535914 54.810001
v 1.378536 0.476988 54.810001
v 1.367474 0.417642 54.810001
v 1.357360 0.358140 54.810001
v 1.348399 0.298744 54.810001
v 1.341076 0.239710 54.810001
v 1.335463 0.181300 54.810001
v 1.331890 0.123767 54.810001
v 1.330878 0.067357 54.810001
v 1.332567 0.012319 54.810001
v 1.336641 -0.041094 54.810001
v 1.342762 -0.092636 54.810001
v 1.350671 -0.142073 54.810001
v 1.360167 -0.189178 54.810001
v 1.371011 -0.233737 54.810001
v 1.383005 -0.275548 54.810001
v 1.396026 -0.314422 54.810001
v 1.409795 -0.350180 54.810001
v 1.424216 -0.382662 54.810001
v 1.439087 -0.411719 54.810001
v 1.454162 -0.437218 54.810001
v 1.469271 -0.459043 54.810001
v 1.484001 -0.477086 54.810001
v 1.498229 -0.491268 54.810001
v 1.511613 -0.501518 54.810001
v 1.524145 -0.507791 54.810001
v 1.536569 -0.510078 54.810001
v 1.548476 -0.508360 54.810001
v 1.560716 -0.502667 54.810001
v 1.573391 -0.493028 54.810001
v 1.586534 -0.479487 54.810001
v 1.600015 -0.462103 54.810001
v 1.613578 -0.440950 54.810001
v 1.626718 -0.416112 54.810001
v 1.639451 -0.387700 54.810001
v 1.651585 -0.355840 54.810001
v 1.663031 -0.320672 54.810001
v 1.673663 -0.282352 54.810001
v 1.683178 -0.241045 54.810001
v 1.691477 -0.196934 54.810001
v 1.698303 -0.150211 54.810001
v 1.703516 -0.101082 54.810001
v 1.706914 -0.049762 54.810001
v 1.708338 0.003522 54.810001
v 1.707657 0.058537 54.810001
v 1.704848 0.115036 54.810001
v 1.700079 0.172764 54.810001
v 1.693385 0.231462 54.810001
v 1.684831 0.290868 54.810001
v 1.674438 0.350717 54.810001
v 1.662634 0.410732 54.810001
v 1.649722 0.470639 54.810001
v 1.635983 0.530167 54.810001
v 1.621967 0.589037 54.810001
v 1.608127 0.646977 54.810001
v 1.595098 0.703715 54.810001
v 1.583403 0.758987 54.810001
v 1.573388 0.812540 54.810001
v 1.565378 0.864126 54.810001
v 1.559657 0.913512 54.810001
v 1.556280 0.960473 54.810001
v 1.554984 1.004809 54.810001
v 1.555462 1.046328 54.810001
v 1.557340 1.084853 54.810001
v 1.559991 1.120227 54.810001
v 1.563378 1.152292 54.810001
v 1.567034 1.180915 54.810001
v 1.570572 1.205979 54.810001
v 1.573805 1.227374 54.810001
v 1.576508 1.245010 54.810001
v 1.578594 1.258809 54.810001
v 1.579831 1.268717 54.810001
v 1.580574 1.274679 54.810001
v 1.681308 1.236384 55.912498
v 1.680749 1.234480 55.912498
v 1.679073 1.228776 55.912498
v 1.676289 1.219298 55.912498
v 1.672568 1.206085 55.912498
v 1.667838 1.189196 55.912498
v 1.662160 1.168707 55.912498
v 1.655602 1.144708 55.912498
v 1.648170 1.117307 55.912498
v 1.639873 1.086627 55.912498
v 1.630792 1.052804 55.912498
v 1.620945 1.015989 55.912498
v 1.610445 0.976345 55.912498
v 1.599358 0.934048 55.912498
v 1.587746 0.889288 55.912498
v 1.575737 0.842261 55.912498
v 1.563431 0.793178 55.912498
v 1.550916 0.742255 55.912498
v 1.538268 0.689721 55.912498
v 1.525595 0.635808 55.912498
v 1.513138 0.580752 55.912498
v 1.501004 0.524797 55.912498
v 1.489331 0.468192 55.912498
v 1.478515 0.411180 55.912498
v 1.468607 0.354016 55.912498
v 1.459805 0.296950 55.912498
v 1.452576 0.240227 55.912498
v 1.446990 0.184098 55.912498
v 1.443362 0.128806 55.912498
v 1.442195 0.074587 55.912498
v 1.443632 0.021677 55.912498
v 1.447366 -0.029679 55.912498
v 1.453078 -0.079243 55.912498
v 1.460513 -0.126788 55.912498
v 1.469485 -0.172097 55.912498
v 1.479758 -0.214963 55.912498
v 1.491148 -0.255190 55.912498
v 1.503533 -0.292598 55.912498
v 1.516650 -0.327013 55.912498
v 1.530403 -0.358281 55.912498
v 1.544606 -0.386259 55.912498
v 1.559012 -0.410816 55.912498
v 1.573466 -0.431842 55.912498
v 1.587567 -0.449233 55.912498
v 1.601200 -0.462909 55.912498
v 1.614032 -0.472803 55.912498
v 1.626039 -0.478872 55.912498
v 1.637905 -0.481107 55.912498
v 1.649261 -0.479491 55.912498
v 1.660945 -0.474054 55.912498
v 1.673075 -0.464825 55.912498
v 1.685675 -0.451848 55.912498
v 1.698605 -0.435178 55.912498
v 1.711628 -0.414885 55.912498
v 1.724260 -0.391048 55.912498
v 1.736513 -0.363776 55.912498
v 1.748200 -0.333186 55.912498
v 1.759234 -0.299414 55.912498
v 1.769498 -0.262611 55.912498
v 1.778703 -0.222932 55.912498
v 1.786754 -0.180555 55.912498
v 1.793399 -0.135662 55.912498
v 1.798509 -0.088452 55.912498
v 1.801889 -0.039130 55.912498
v 1.803386 0.012086 55.912498
v 1.802870 0.064972 55.912498
v 1.800325 0.119290 55.912498
v 1.795911 0.174796 55.912498
v 1.789666 0.231241 55.912498
v 1.781648 0.288370 55.912498
v 1.771886 0.345931 55.912498
v 1.760782 0.403656 55.912498
v 1.748629 0.461280 55.912498
v 1.735694 0.518541 55.912498
v 1.722504 0.575170 55.912498
v 1.709488 0.630906 55.912498
v 1.697255 0.685483 55.912498
v 1.686298 0.738646 55.912498
v 1.676949 0.790152 55.912498
v 1.669515 0.839761 55.912498
v 1.664265 0.887248 55.912498
v 1.661249 0.932398 55.912498
v 1.660212 0.975018 55.912498
v 1.660858 1.014925 55.912498
v 1.662825 1.051950 55.912498
v 1.665511 1.085944 55.912498
v 1.668880 1.116755 55.912498
v 1.672481 1.144258 55.912498
v 1.675948 1.168339 55.912498
v 1.679106 1.188896 55.912498
v 1.681739 1.205840 55.912498
v 1.683795 1.219098 55.912498
v 1.685057 1.228617 55.912498
v 1.685815 1.234345 55.912498
v 1.794200 1.171584 57.014999
v 1.793667 1.169794 57.014999
v 1.792069 1.164430 57.014999
v 1.789414 1.155516 57.014999
v 1.785852 1.143089 57.014999
v 1.781323 1.127205 57.014999
v 1.775886 1.107936 57.014999
v 1.769603 1.085364 57.014999
v 1.762483 1.059593 57.014999
v 1.754534 1.030738 57.014999
v 1.745833 0.998926 57.014999
v 1.736397 0.964300 57.014999
v 1.726333 0.927013 57.014999
v 1.715706 0.887230 57.014999
v 1.704572 0.845130 57.014999
v 1.693055 0.800897 57.014999
v 1.681250 0.754729 57.014999
v 1.669239 0.706829 57.014999
v 1.657095 0.657412 57.014999
v 1.644922 0.606697 57.014999
v 1.632948 0.554905 57.014999
v 1.621272 0.502265 57.014999
v 1.610028 0.449010 57.014999
v 1.599588 0.395369 57.014999
v 1.590003 0.341579 57.014999
v 1.581459 0.287878 57.014999
v 1.574398 0.234492 57.014999
v 1.568886 0.181659 57.014999
v 1.565221 0.129606 57.014999
v 1.563878 0.078551 57.014999
v 1.564994 0.028717 57.014999
v 1.568280 -0.019662 57.014999
v 1.573436 -0.066363 57.014999
v 1.580225 -0.111171 57.014999
v 1.588471 -0.153879 57.014999
v 1.597953 -0.194293 57.014999
v 1.608498 -0.232227 57.014999
v 1.619993 -0.267510 57.014999
v 1.632191 -0.299978 57.014999
v 1.645004 -0.329486 57.014999
v 1.658253 -0.355896 57.014999
v 1.671710 -0.379087 57.014999
v 1.685228 -0.398952 57.014999
v 1.698429 -0.415392 57.014999
v 1.711207 -0.428332 57.014999
v 1.723247 -0.437707 57.014999
v 1.734525 -0.443475 57.014999
v 1.745680 -0.445633 57.014999
v 1.756369 -0.444161 57.014999
v 1.767384 -0.439093 57.014999
v 1.778838 -0.430456 57.014999
v 1.790750 -0.418290 57.014999
v 1.802990 -0.402649 57.014999
v 1.815334 -0.383596 57.014999
v 1.827326 -0.361204 57.014999
v 1.838977 -0.335575 57.014999
v 1.850109 -0.306820 57.014999
v 1.860641 -0.275065 57.014999
v 1.870461 -0.240451 57.014999
v 1.879296 -0.203126 57.014999
v 1.887058 -0.163253 57.014999
v 1.893509 -0.121006 57.014999
v 1.898524 -0.076569 57.014999
v 1.901921 -0.030136 57.014999
v 1.903553 0.018089 57.014999
v 1.903299 0.067895 57.014999
v 1.901141 0.119060 57.014999
v 1.897231 0.171351 57.014999
v 1.891601 0.224534 57.014999
v 1.884308 0.278371 57.014999
v 1.875377 0.332621 57.014999
v 1.865185 0.387031 57.014999
v 1.854006 0.441351 57.014999
v 1.842091 0.495333 57.014999
v 1.829935 0.548721 57.014999
v 1.817940 0.601265 57.014999
v 1.806678 0.652716 57.014999
v 1.796611 0.702830 57.014999
v 1.788051 0.751376 57.014999
v 1.781284 0.798127 57.014999
v 1.776565 0.842870 57.014999
v 1.773937 0.885402 57.014999
v 1.773159 0.925543 57.014999
v 1.773953 0.963121 57.014999
v 1.775976 0.997979 57.014999
v 1.778661 1.029980 57.014999
v 1.781973 1.058981 57.014999
v 1.785486 1.084866 57.014999
v 1.788856 1.107528 57.014999
v 1.791920 1.126873 57.014999
v 1.794472 1.142818 57.014999
v 1.796469 1.155295 57.014999
v 1.797704 1.164253 57.014999
v 1.798448 1.169644 57.014999
v 1.912638 1.075769 58.117500
v 1.912142 1.074135 58.117500
v 1.910655 1.069241 58.117500
v 1.908184 1.061108 58.117500
v 1.904866 1.049769 58.117500
v 1.900648 1.035276 58.117500
v 1.895582 1.017693 58.117500
v 1.889727 0.997097 58.117500
v 1.883091 0.973581 58.117500
v 1.875682 0.947250 58.117500
v 1.867570 0.918221 58.117500
v 1.858773 0.886624 58.117500
v 1.849389 0.852599 58.117500
v 1.839477 0.816295 58.117500
v 1.829091 0.777876 58.117500
v 1.818344 0.737511 58.117500
v 1.807323 0.695377 58.117500
v 1.796106 0.651663 58.117500
v 1.784761 0.606562 58.117500
v 1.773381 0.560275 58.117500
v 1.762178 0.513003 58.117500
v 1.751244 0.464955 58.117500
v 1.740701 0.416343 58.117500
v 1.730891 0.367373 58.117500
v 1.721861 0.318264 58.117500
v 1.713784 0.269230 58.117500
v 1.707063 0.220477 58.117500
v 1.701760 0.172221 58.117500
v 1.698150 0.124669 58.117500
v 1.696666 0.078017 58.117500
v 1.697436 0.032469 58.117500
v 1.700196 -0.011761 58.117500
v 1.704674 -0.054466 58.117500
v 1.710653 -0.095449 58.117500
v 1.717975 -0.134521 58.117500
v 1.726438 -0.171502 58.117500
v 1.735884 -0.206223 58.117500
v 1.746213 -0.238525 58.117500
v 1.757198 -0.268258 58.117500
v 1.768759 -0.295289 58.117500
v 1.780735 -0.319491 58.117500
v 1.792916 -0.340753 58.117500
v 1.805171 -0.358975 58.117500
v 1.817152 -0.374065 58.117500
v 1.828765 -0.385955 58.117500
v 1.839721 -0.394583 58.117500
v 1.849999 -0.399911 58.117500
v 1.860182 -0.401939 58.117500
v 1.869959 -0.400648 58.117500
v 1.880050 -0.396071 58.117500
v 1.890561 -0.388235 58.117500
v 1.901508 -0.377177 58.117500
v 1.912773 -0.362944 58.117500
v 1.924150 -0.345594 58.117500
v 1.935221 -0.325191 58.117500
v 1.945998 -0.301827 58.117500
v 1.956315 -0.275604 58.117500
v 1.966099 -0.246636 58.117500
v 1.975247 -0.215053 58.117500
v 1.983509 -0.180986 58.117500
v 1.990803 -0.144586 58.117500
v 1.996910 -0.106009 58.117500
v 2.001716 -0.065424 58.117500
v 2.005053 -0.023007 58.117500
v 2.006787 0.021057 58.117500
v 2.006804 0.066576 58.117500
v 2.005090 0.113346 58.117500
v 2.001778 0.161153 58.117500
v 1.996900 0.209785 58.117500
v 1.990506 0.259022 58.117500
v 1.982615 0.308645 58.117500
v 1.973574 0.358420 58.117500
v 1.963630 0.408119 58.117500
v 1.953012 0.457512 58.117500
v 1.942171 0.506363 58.117500
v 1.931473 0.554443 58.117500
v 1.921438 0.601520 58.117500
v 1.912490 0.647369 58.117500
v 1.904911 0.691777 58.117500
v 1.898961 0.734537 58.117500
v 1.894873 0.775450 58.117500
v 1.892684 0.814333 58.117500
v 1.892175 0.851020 58.117500
v 1.893089 0.885359 58.117500
v 1.895113 0.917205 58.117500
v 1.897727 0.946437 58.117500
v 1.900899 0.972924 58.117500
v 1.904240 0.996562 58.117500
v 1.907433 1.017256 58.117500
v 1.910331 1.034919 58.117500
v 1.912743 1.049478 58.117500
v 1.914630 1.060870 58.117500
v 1.915804 1.069051 58.117500
v 1.916511 1.073974 58.117500
v 2.038739 0.943397 59.220001
v 2.038295 0.941973 59.220001
v 2.036965 0.937706 59.220001
v 2.034755 0.930616 59.220001
v 2.031786 0.920728 59.220001
v 2.028010 0.908091 59.220001
v 2.023474 0.892760 59.220001
v 2.018230 0.874800 59.220001
v 2.012285 0.854294 59.220001
v 2.005647 0.831334 59.220001
v 1.998379 0.806020 59.220001
v 1.990496 0.778467 59.220001
v 1.982084 0.748795 59.220001
v 1.973198 0.717137 59.220001
v 1.963884 0.683633 59.220001
v 1.954242 0.648430 59.220001
v 1.944350 0.611684 59.220001
v 1.934277 0.573558 59.220001
v 1.924083 0.534222 59.220001
v 1.913852 0.493850 59.220001
v 1.903769 0.452615 59.220001
v 1.893916 0.410701 59.220001
v 1.884401 0.368291 59.220001
v 1.875525 0.325565 59.220001
v 1.867329 0.282712 59.220001
v 1.859966 0.239918 59.220001
v 1.853790 0.197362 59.220001
v 1.848856 0.155231 59.220001
v 1.845405 0.113704 59.220001
v 1.843819 0.072951 59.220001
v 1.844208 0.033149 59.220001
v 1.846344 -0.005514 59.220001
v 1.849991 -0.042856 59.220001
v 1.854960 -0.078702 59.220001
v 1.861114 -0.112887 59.220001
v 1.868278 -0.145253 59.220001
v 1.876316 -0.175649 59.220001
v 1.885139 -0.203937 59.220001
v 1.894552 -0.229985 59.220001
v 1.904485 -0.253675 59.220001
v 1.914799 -0.274897 59.220001
v 1.925310 -0.293550 59.220001
v 1.935904 -0.309548 59.220001
v 1.946279 -0.322808 59.220001
v 1.956351 -0.333270 59.220001
v 1.965871 -0.340876 59.220001
v 1.974818 -0.345596 59.220001
v 1.983703 -0.347431 59.220001
v 1.992253 -0.346364 59.220001
v 2.001099 -0.342427 59.220001
v 2.010332 -0.335646 59.220001
v 2.019966 -0.326053 59.220001
v 2.029897 -0.313687 59.220001
v 2.039946 -0.298597 59.220001
v 2.049747 -0.280839 59.220001
v 2.059308 -0.260492 59.220001
v 2.068486 -0.237643 59.220001
v 2.077215 -0.212394 59.220001
v 2.085405 -0.184854 59.220001
v 2.092837 -0.155140 59.220001
v 2.099436 -0.123380 59.220001
v 2.105012 -0.089712 59.220001
v 2.109464 -0.054280 59.220001
v 2.112644 -0.017239 59.220001
v 2.114434 0.021252 59.220001
v 2.114733 0.061023 59.220001
v 2.113525 0.101899 59.220001
v 2.110929 0.143692 59.220001
v 2.106970 0.186215 59.220001
v 2.101690 0.229276 59.220001
v 2.095104 0.272683 59.220001
v 2.087514 0.316231 59.220001
v 2.079136 0.359717 59.220001
v 2.070166 0.402941 59.220001
v 2.060997 0.445693 59.220001
v 2.051949 0.487769 59.220001
v 2.043474 0.528965 59.220001
v 2.035941 0.569082 59.220001
v 2.029595 0.607931 59.220001
v 2.024663 0.645329 59.220001
v 2.021346 0.681103 59.220001
v 2.019676 0.715091 59.220001
v 2.019459 0.747150 59.220001
v 2.020472 0.777147 59.220001
v 2.022438 0.804961 59.220001
v 2.024904 0.830486 59.220001
v 2.027841 0.853609 59.220001
v 2.030907 0.874242 59.220001
v 2.033826 0.892304 59.220001
v 2.036468 0.907719 59.220001
v 2.038666 0.920426 59.220001
v 2.040386 0.930368 59.220001
v 2.041463 0.937508 59.220001
v 2.042111 0.941805 59.220001
v 2.151113 0.796954 60.165001
v 2.150729 0.795756 60.165001
v 2.149579 0.792166 60.165001
v 2.147667 0.786202 60.165001
v 2.145095 0.777884 60.165001
v 2.141824 0.767253 60.165001
v 2.137894 0.754355 60.165001
v 2.133350 0.739245 60.165001
v 2.128196 0.721993 60.165001
v 2.122441 0.702675 60.165001
v 2.116139 0.681377 60.165001
v 2.109303 0.658195 60.165001
v 2.102006 0.633230 60.165001
v 2.094296 0.606593 60.165001
v 2.086212 0.578402 60.165001
v 2.077841 0.548781 60.165001
v 2.069248 0.517860 60.165001
v 2.060493 0.485777 60.165001
v 2.051627 0.452673 60.165001
v 2.042723 0.418697 60.165001
v 2.033938 0.383992 60.165001
v 2.025343 0.348712 60.165001
v 2.017029 0.313013 60.165001
v 2.009251 0.277041 60.165001
v 2.002047 0.240958 60.165001
v 1.995545 0.204921 60.165001
v 1.990046 0.169074 60.165001
v 1.985598 0.133578 60.165001
v 1.982404 0.098582 60.165001
v 1.980787 0.064225 60.165001
v 1.980844 0.030657 60.165001
v 1.982381 -0.001963 60.165001
v 1.985201 -0.033479 60.165001
v 1.989147 -0.063743 60.165001
v 1.994103 -0.092614 60.165001
v 1.999923 -0.119957 60.165001
v 2.006494 -0.145645 60.165001
v 2.013742 -0.169562 60.165001
v 2.021502 -0.191593 60.165001
v 2.029717 -0.211639 60.165001
v 2.038269 -0.229606 60.165001
v 2.047006 -0.245408 60.165001
v 2.055831 -0.258972 60.165001
v 2.064490 -0.270225 60.165001
v 2.072912 -0.279116 60.165001
v 2.080889 -0.285596 60.165001
v 2.088401 -0.289637 60.165001
v 2.095882 -0.291246 60.165001
v 2.103100 -0.290404 60.165001
v 2.110587 -0.287145 60.165001
v 2.118419 -0.281489 60.165001
v 2.126609 -0.273465 60.165001
v 2.135069 -0.263104 60.165001
v 2.143646 -0.250448 60.165001
v 2.152032 -0.235539 60.165001
v 2.160235 -0.218445 60.165001
v 2.168131 -0.199239 60.165001
v 2.175665 -0.178006 60.165001
v 2.182760 -0.154837 60.165001
v 2.189229 -0.129829 60.165001
v 2.195012 -0.103091 60.165001
v 2.199944 -0.074736 60.165001
v 2.203941 -0.044886 60.165001
v 2.206876 -0.013670 60.165001
v 2.208648 0.018777 60.165001
v 2.209172 0.052315 60.165001
v 2.208433 0.086795 60.165001
v 2.206529 0.122057 60.165001
v 2.203481 0.157944 60.165001
v 2.199322 0.194294 60.165001
v 2.194065 0.230945 60.165001
v 2.187962 0.267722 60.165001
v 2.181193 0.304452 60.165001
v 2.173924 0.340964 60.165001
v 2.166484 0.377080 60.165001
v 2.159141 0.412626 60.165001
v 2.152276 0.447425 60.165001
v 2.146197 0.481307 60.165001
v 2.141111 0.514112 60.165001
v 2.137207 0.545685 60.165001
v 2.134653 0.575876 60.165001
v 2.133477 0.604550 60.165001
v 2.133514 0.631587 60.165001
v 2.134573 0.656877 60.165001
v 2.136421 0.680320 60.165001
v 2.138675 0.701828 60.165001
v 2.141309 0.721309 60.165001
v 2.144036 0.738688 60.165001
v 2.146621 0.753900 60.165001
v 2.148955 0.766881 60.165001
v 2.150895 0.777582 60.165001
v 2.152414 0.785954 60.165001
v 2.153371 0.791969 60.165001
v 2.153946 0.795588 60.165001
v 2.228640 0.677823 60.794998
v 2.228308 0.676807 60.794998
v 2.227312 0.673763 60.794998
v 2.225659 0.668705 60.794998
v 2.223432 0.661651 60.794998
v 2.220601 0.652634 60.794998
v 2.217198 0.641695 60.794998
v 2.213262 0.628880 60.794998
v 2.208799 0.614247 60.794998
v 2.203814 0.597863 60.794998
v 2.198354 0.579799 60.794998
v 2.192431 0.560136 60.794998
v 2.186109 0.538961 60.794998
v 2.179426 0.516368 60.794998
v 2.172419 0.492456 60.794998
v 2.165160 0.467330 60.794998
v 2.157707 0.441101 60.794998
v 2.150110 0.413886 60.794998
v 2.142414 0.385804 60.794998
v 2.134681 0.356981 60.794998
v 2.127046 0.327538 60.794998
v 2.119568 0.297606 60.794998
v 2.112328 0.267316 60.794998
v 2.105543 0.236792 60.794998
v 2.099244 0.206171 60.794998
v 2.093542 0.175584 60.794998
v 2.088692 0.145155 60.794998
v 2.084738 0.115019 60.794998
v 2.081851 0.085301 60.794998
v 2.080308 0.056118 60.794998
v 2.080190 0.027597 60.794998
v 2.081335 -0.000125 60.794998
v 2.083576 -0.026916 60.794998
v 2.086779 -0.052648 60.794998
v 2.090847 -0.077202 60.794998
v 2.095657 -0.100462 60.794998
v 2.101113 -0.122320 60.794998
v 2.107153 -0.142676 60.794998
v 2.113637 -0.161432 60.794998
v 2.120518 -0.178504 60.794998
v 2.127695 -0.193812 60.794998
v 2.135041 -0.207281 60.794998
v 2.142471 -0.218849 60.794998
v 2.149772 -0.228453 60.794998
v 2.156885 -0.236048 60.794998
v 2.163629 -0.241593 60.794998
v 2.169992 -0.245064 60.794998
v 2.176340 -0.246467 60.794998
v 2.182477 -0.245788 60.794998
v 2.188854 -0.243056 60.794998
v 2.195536 -0.238289 60.794998
v 2.202535 -0.231512 60.794998
v 2.209773 -0.222751 60.794998
v 2.217123 -0.212040 60.794998
v 2.224322 -0.199414 60.794998
v 2.231376 -0.184932 60.794998
v 2.238179 -0.168653 60.794998
v 2.244685 -0.150650 60.794998
v 2.250828 -0.131000 60.794998
v 2.256448 -0.109784 60.794998
v 2.261493 -0.087096 60.794998
v 2.265824 -0.063029 60.794998
v 2.269367 -0.037687 60.794998
v 2.272014 -0.011180 60.794998
v 2.273680 0.016379 60.794998
v 2.274291 0.044872 60.794998
v 2.273833 0.074170 60.794998
v 2.272390 0.104139 60.794998
v 2.269977 0.134645 60.794998
v 2.266623 0.165549 60.794998
v 2.262338 0.196715 60.794998
v 2.257334 0.227991 60.794998
v 2.251764 0.259232 60.794998
v 2.245769 0.290289 60.794998
v 2.239625 0.321011 60.794998
v 2.233562 0.351248 60.794998
v 2.227901 0.380848 60.794998
v 2.222904 0.409665 60.794998
v 2.218745 0.437563 60.794998
v 2.215584 0.464407 60.794998
v 2.213563 0.490070 60.794998
v 2.212706 0.514438 60.794998
v 2.212870 0.537410 60.794998
v 2.213895 0.558892 60.794998
v 2.215581 0.578800 60.794998
v 2.217602 0.597063 60.794998
v 2.219937 0.613601 60.794998
v 2.222339 0.628353 60.794998
v 2.224611 0.641265 60.794998
v 2.226657 0.652283 60.794998
v 2.228359 0.661365 60.794998
v 2.229691 0.668471 60.794998
v 2.230533 0.673576 60.794998
v 2.231040 0.676648 60.794998
v 2.266885 0.618277 61.110001
v 2.266579 0.617352 61.110001
v 2.265664 0.614580 61.110001
v 2.264143 0.609974 61.110001
v 2.262095 0.603550 61.110001
v 2.259490 0.595339 61.110001
v 2.256360 0.585376 61.110001
v 2.252738 0.573705 61.110001
v 2.248631 0.560379 61.110001
v 2.244043 0.545458 61.110001
v 2.239019 0.529007 61.110001
v 2.233568 0.511100 61.110001
v 2.227749 0.491816 61.110001
v 2.221598 0.471239 61.110001
v 2.215147 0.449462 61.110001
v 2.208464 0.426578 61.110001
v 2.201601 0.402690 61.110001
v 2.194604 0.377903 61.110001
v 2.187515 0.352327 61.110001
v 2.180390 0.326075 61.110001
v 2.173352 0.299257 61.110001
v 2.166457 0.271994 61.110001
v 2.159778 0.244403 61.110001
v 2.153512 0.216598 61.110001
v 2.147689 0.188703 61.110001
v 2.142411 0.160838 61.110001
v 2.137910 0.133115 61.110001
v 2.134225 0.105656 61.110001
v 2.131516 0.078575 61.110001
v 2.130032 0.051979 61.110001
v 2.129848 0.025982 61.110001
v 2.130819 0.000710 61.110001
v 2.132790 -0.023716 61.110001
v 2.135641 -0.047180 61.110001
v 2.139285 -0.069572 61.110001
v 2.143608 -0.090787 61.110001
v 2.148523 -0.110725 61.110001
v 2.153974 -0.129295 61.110001
v 2.159835 -0.146409 61.110001
v 2.166061 -0.161989 61.110001
v 2.172564 -0.175961 61.110001
v 2.179223 -0.188258 61.110001
v 2.185965 -0.198822 61.110001
v 2.192595 -0.207595 61.110001
v 2.199058 -0.214537 61.110001
v 2.205191 -0.219609 61.110001
v 2.210982 -0.222790 61.110001
v 2.216764 -0.224086 61.110001
v 2.222360 -0.223483 61.110001
v 2.228180 -0.221009 61.110001
v 2.234283 -0.216682 61.110001
v 2.240680 -0.210523 61.110001
v 2.247302 -0.202557 61.110001
v 2.254030 -0.192813 61.110001
v 2.260625 -0.181324 61.110001
v 2.267093 -0.168141 61.110001
v 2.273338 -0.153321 61.110001
v 2.279315 -0.136928 61.110001
v 2.284966 -0.119033 61.110001
v 2.290146 -0.099710 61.110001
v 2.294804 -0.079042 61.110001
v 2.298815 -0.057116 61.110001
v 2.302112 -0.034027 61.110001
v 2.304596 -0.009872 61.110001
v 2.306187 0.015244 61.110001
v 2.306819 0.041213 61.110001
v 2.306480 0.067921 61.110001
v 2.305244 0.095242 61.110001
v 2.303125 0.123054 61.110001
v 2.300150 0.151233 61.110001
v 2.296326 0.179652 61.110001
v 2.291848 0.208174 61.110001
v 2.286854 0.236665 61.110001
v 2.281471 0.264990 61.110001
v 2.275953 0.293009 61.110001
v 2.270506 0.320587 61.110001
v 2.265425 0.347583 61.110001
v 2.260946 0.373863 61.110001
v 2.257228 0.399303 61.110001
v 2.254418 0.423780 61.110001
v 2.252645 0.447178 61.110001
v 2.251928 0.469392 61.110001
v 2.252138 0.490331 61.110001
v 2.253129 0.509909 61.110001
v 2.254719 0.528051 61.110001
v 2.256610 0.544693 61.110001
v 2.258781 0.559761 61.110001
v 2.261010 0.573202 61.110001
v 2.263115 0.584965 61.110001
v 2.265010 0.595002 61.110001
v 2.266585 0.603276 61.110001
v 2.267817 0.609750 61.110001
v 2.268599 0.614401 61.110001
v 2.269069 0.617200 61.110001
v 2.307368 0.546872 61.424999
v 2.307096 0.546055 61.424999
v 2.306279 0.543609 61.424999
v 2.304923 0.539543 61.424999
v 2.303095 0.533872 61.424999
v 2.300771 0.526624 61.424999
v 2.297976 0.517830 61.424999
v 2.294744 0.507528 61.424999
v 2.291077 0.495764 61.424999
v 2.286982 0.482592 61.424999
v 2.282496 0.468070 61.424999
v 2.277630 0.452263 61.424999
v 2.272434 0.435239 61.424999
v 2.266942 0.417074 61.424999
v 2.261181 0.397850 61.424999
v 2.255212 0.377649 61.424999
v 2.249081 0.356560 61.424999
v 2.242829 0.334677 61.424999
v 2.236493 0.312098 61.424999
v 2.230124 0.288921 61.424999
v 2.223831 0.265244 61.424999
v 2.217663 0.241173 61.424999
v 2.211683 0.216812 61.424999
v 2.206069 0.192261 61.424999
v 2.200846 0.167629 61.424999
v 2.196104 0.143022 61.424999
v 2.192050 0.118538 61.424999
v 2.188717 0.094285 61.424999
v 2.186247 0.070364 61.424999
v 2.184862 0.046867 61.424999
v 2.184628 0.023897 61.424999
v 2.185414 0.001563 61.424999
v 2.187088 -0.020025 61.424999
v 2.189542 -0.040766 61.424999
v 2.192698 -0.060562 61.424999
v 2.196459 -0.079320 61.424999
v 2.200747 -0.096951 61.424999
v 2.205511 -0.113375 61.424999
v 2.210642 -0.128514 61.424999
v 2.216101 -0.142298 61.424999
v 2.221807 -0.154662 61.424999
v 2.227657 -0.165546 61.424999
v 2.233585 -0.174899 61.424999
v 2.239419 -0.182670 61.424999
v 2.245110 -0.188822 61.424999
v 2.250515 -0.193321 61.424999
v 2.255623 -0.196147 61.424999
v 2.260729 -0.197309 61.424999
v 2.265675 -0.196791 61.424999
v 2.270824 -0.194622 61.424999
v 2.276230 -0.190816 61.424999
v 2.281899 -0.185391 61.424999
v 2.287772 -0.178370 61.424999
v 2.293744 -0.169780 61.424999
v 2.299604 -0.159646 61.424999
v 2.305356 -0.148016 61.424999
v 2.310915 -0.134938 61.424999
v 2.316243 -0.120470 61.424999
v 2.321286 -0.104674 61.424999
v 2.325917 -0.087614 61.424999
v 2.330091 -0.069365 61.424999
v 2.333697 -0.050002 61.424999
v 2.336674 -0.029609 61.424999
v 2.338936 -0.008273 61.424999
v 2.340412 0.013916 61.424999
v 2.341043 0.036861 61.424999
v 2.340818 0.060461 61.424999
v 2.339802 0.084605 61.424999
v 2.338008 0.109187 61.424999
v 2.335457 0.134094 61.424999
v 2.332158 0.159216 61.424999
v 2.328281 0.184431 61.424999
v 2.323947 0.209620 61.424999
v 2.319270 0.234663 61.424999
v 2.314473 0.259437 61.424999
v 2.309737 0.283820 61.424999
v 2.305322 0.307688 61.424999
v 2.301438 0.330922 61.424999
v 2.298224 0.353411 61.424999
v 2.295810 0.375048 61.424999
v 2.294308 0.395727 61.424999
v 2.293736 0.415358 61.424999
v 2.293981 0.433859 61.424999
v 2.294911 0.451156 61.424999
v 2.296366 0.467181 61.424999
v 2.298084 0.481881 61.424999
v 2.300045 0.495190 61.424999
v 2.302052 0.507060 61.424999
v 2.303945 0.517448 61.424999
v 2.305647 0.526312 61.424999
v 2.307061 0.533618 61.424999
v 2.308169 0.539335 61.424999
v 2.308872 0.543443 61.424999
v 2.309296 0.545914 61.424999
v 2.386983 0.404132 62.055000
v 2.386778 0.403532 62.055000
v 2.386165 0.401734 62.055000
v 2.385147 0.398745 62.055000
v 2.383775 0.394577 62.055000
v 2.382029 0.389249 62.055000
v 2.379930 0.382785 62.055000
v 2.377501 0.375212 62.055000
v 2.374746 0.366564 62.055000
v 2.371668 0.356882 62.055000
v 2.368296 0.346206 62.055000
v 2.364639 0.334586 62.055000
v 2.360732 0.322071 62.055000
v 2.356602 0.308717 62.055000
v 2.352270 0.294584 62.055000
v 2.347779 0.279732 62.055000
v 2.343165 0.264228 62.055000
v 2.338458 0.248139 62.055000
v 2.333686 0.231538 62.055000
v 2.328887 0.214496 62.055000
v 2.324142 0.197086 62.055000
v 2.319486 0.179385 62.055000
v 2.314969 0.161470 62.055000
v 2.310719 0.143413 62.055000
v 2.306757 0.125295 62.055000
v 2.303150 0.107192 62.055000
v 2.300050 0.089177 62.055000
v 2.297482 0.071329 62.055000
v 2.295552 0.053721 62.055000
v 2.294422 0.036421 62.055000
v 2.294142 0.019503 62.055000
v 2.294618 0.003050 62.055000
v 2.295750 -0.012859 62.055000
v 2.297461 -0.028148 62.055000
v 2.299694 -0.042743 62.055000
v 2.302376 -0.056577 62.055000
v 2.305452 -0.069583 62.055000
v 2.308885 -0.081703 62.055000
v 2.312594 -0.092877 62.055000
v 2.316550 -0.103055 62.055000
v 2.320696 -0.112188 62.055000
v 2.324954 -0.120232 62.055000
v 2.329277 -0.127149 62.055000
v 2.333537 -0.132900 62.055000
v 2.337701 -0.137458 62.055000
v 2.341661 -0.140797 62.055000
v 2.345410 -0.142902 62.055000
v 2.349165 -0.143781 62.055000
v 2.352811 -0.143423 62.055000
v 2.356614 -0.141850 62.055000
v 2.360613 -0.139071 62.055000
v 2.364814 -0.135102 62.055000
v 2.369172 -0.129958 62.055000
v 2.373611 -0.123659 62.055000
v 2.377975 -0.116222 62.055000
v 2.382265 -0.107682 62.055000
v 2.386421 -0.098076 62.055000
v 2.390412 -0.087444 62.055000
v 2.394201 -0.075832 62.055000
v 2.397691 -0.063288 62.055000
v 2.400850 -0.049866 62.055000
v 2.403596 -0.035621 62.055000
v 2.405884 -0.020615 62.055000
v 2.407649 -0.004910 62.055000
v 2.408840 0.011426 62.055000
v 2.409411 0.028324 62.055000
v 2.409355 0.045707 62.055000
v 2.408720 0.063496 62.055000
v 2.407513 0.081610 62.055000
v 2.405750 0.099967 62.055000
v 2.403437 0.118487 62.055000
v 2.400698 0.137077 62.055000
v 2.397624 0.155650 62.055000
v 2.394295 0.174118 62.055000
v 2.390877 0.192387 62.055000
v 2.387503 0.210369 62.055000
v 2.384362 0.227969 62.055000
v 2.381609 0.245101 62.055000
v 2.379347 0.261680 62.055000
v 2.377669 0.277628 62.055000
v 2.376659 0.292866 62.055000
v 2.376330 0.307328 62.055000
v 2.376596 0.320954 62.055000
v 2.377362 0.333690 62.055000
v 2.378508 0.345487 62.055000
v 2.379842 0.356306 62.055000
v 2.381348 0.366099 62.055000
v 2.382882 0.374833 62.055000
v 2.384324 0.382475 62.055000
v 2.385619 0.388996 62.055000
v 2.386695 0.394371 62.055000
v 2.387537 0.398577 62.055000
v 2.388075 0.401599 62.055000
v 2.388398 0.403418 62.055000
v 2.445936 0.285272 62.495998
v 2.445790 0.284851 62.495998
v 2.445353 0.283588 62.495998
v 2.444627 0.281490 62.495998
v 2.443647 0.278564 62.495998
v 2.442400 0.274823 62.495998
v 2.440902 0.270284 62.495998
v 2.439167 0.264967 62.495998
v 2.437198 0.258895 62.495998
v 2.435000 0.252096 62.495998
v 2.432591 0.244600 62.495998
v 2.429978 0.236441 62.495998
v 2.427187 0.227654 62.495998
v 2.424236 0.218277 62.495998
v 2.421139 0.208353 62.495998
v 2.417929 0.197924 62.495998
v 2.414629 0.187037 62.495998
v 2.411263 0.175738 62.495998
v 2.407849 0.164080 62.495998
v 2.404414 0.152112 62.495998
v 2.401016 0.139885 62.495998
v 2.397679 0.127453 62.495998
v 2.394439 0.114870 62.495998
v 2.391387 0.102186 62.495998
v 2.388538 0.089457 62.495998
v 2.385937 0.076739 62.495998
v 2.383694 0.064081 62.495998
v 2.381825 0.051538 62.495998
v 2.380406 0.039162 62.495998
v 2.379550 0.026999 62.495998
v 2.379294 0.015103 62.495998
v 2.379571 0.003530 62.495998
v 2.380311 -0.007663 62.495998
v 2.381461 -0.018420 62.495998
v 2.382980 -0.028693 62.495998
v 2.384818 -0.038431 62.495998
v 2.386935 -0.047588 62.495998
v 2.389307 -0.056124 62.495998
v 2.391876 -0.063995 62.495998
v 2.394623 -0.071167 62.495998
v 2.397506 -0.077604 62.495998
v 2.400473 -0.083277 62.495998
v 2.403488 -0.088156 62.495998
v 2.406465 -0.092215 62.495998
v 2.409376 -0.095435 62.495998
v 2.412150 -0.097797 62.495998
v 2.414779 -0.099291 62.495998
v 2.417417 -0.099923 62.495998
v 2.419982 -0.099684 62.495998
v 2.422662 -0.098590 62.495998
v 2.425484 -0.096650 62.495998
v 2.428452 -0.093874 62.495998
v 2.431536 -0.090272 62.495998
v 2.434679 -0.085857 62.495998
v 2.437774 -0.080642 62.495998
v 2.440821 -0.074652 62.495998
v 2.443778 -0.067910 62.495998
v 2.446622 -0.060447 62.495998
v 2.449327 -0.052295 62.495998
v 2.451825 -0.043485 62.495998
v 2.454094 -0.034057 62.495998
v 2.456076 -0.024049 62.495998
v 2.457737 -0.013503 62.495998
v 2.459034 -0.002465 62.495998
v 2.459929 0.009020 62.495998
v 2.460390 0.020901 62.495998
v 2.460412 0.033126 62.495998
v 2.460027 0.045639 62.495998
v 2.459242 0.058382 62.495998
v 2.458067 0.071298 62.495998
v 2.456505 0.084330 62.495998
v 2.454644 0.097414 62.495998
v 2.452548 0.110486 62.495998
v 2.450271 0.123486 62.495998
v 2.447932 0.136346 62.495998
v 2.445622 0.149003 62.495998
v 2.443475 0.161392 62.495998
v 2.441599 0.173450 62.495998
v 2.440066 0.185118 62.495998
v 2.438942 0.196339 62.495998
v 2.438286 0.207059 62.495998
v 2.438105 0.217231 62.495998
v 2.438340 0.226812 62.495998
v 2.438923 0.235766 62.495998
v 2.439770 0.244059 62.495998
v 2.440746 0.251663 62.495998
v 2.441840 0.258545 62.495998
v 2.442949 0.264681 62.495998
v 2.443990 0.270051 62.495998
v 2.444924 0.274633 62.495998
v 2.445700 0.278409 62.495998
v 2.446307 0.281363 62.495998
v 2.446695 0.283487 62.495998
v 2.446929 0.284765 62.495998
v 2.487320 0.200421 62.811001
v 2.487217 0.200127 62.811001
v 2.486908 0.199246 62.811001
v 2.486395 0.197782 62.811001
v 2.485703 0.195740 62.811001
v 2.484823 0.193129 62.811001
v 2.483765 0.189962 62.811001
v 2.482540 0.186252 62.811001
v 2.481150 0.182015 62.811001
v 2.479597 0.177271 62.811001
v 2.477895 0.172040 62.811001
v 2.476050 0.166346 62.811001
v 2.474078 0.160214 62.811001
v 2.471992 0.153670 62.811001
v 2.469805 0.146745 62.811001
v 2.467535 0.139467 62.811001
v 2.465204 0.131869 62.811001
v 2.462823 0.123984 62.811001
v 2.460409 0.115848 62.811001
v 2.457980 0.107496 62.811001
v 2.455575 0.098962 62.811001
v 2.453213 0.090285 62.811001
v 2.450918 0.081502 62.811001
v 2.448755 0.072648 62.811001
v 2.446732 0.063763 62.811001
v 2.444884 0.054885 62.811001
v 2.443285 0.046047 62.811001
v 2.441948 0.037289 62.811001
v 2.440926 0.028646 62.811001
v 2.440298 0.020151 62.811001
v 2.440089 0.011840 62.811001
v 2.440254 0.003755 62.811001
v 2.440743 -0.004066 62.811001
v 2.441519 -0.011585 62.811001
v 2.442555 -0.018765 62.811001
v 2.443815 -0.025573 62.811001
v 2.445271 -0.031976 62.811001
v 2.446907 -0.037945 62.811001
v 2.448682 -0.043450 62.811001
v 2.450583 -0.048467 62.811001
v 2.452581 -0.052972 62.811001
v 2.454640 -0.056942 62.811001
v 2.456734 -0.060358 62.811001
v 2.458804 -0.063202 62.811001
v 2.460830 -0.065459 62.811001
v 2.462761 -0.067116 62.811001
v 2.464595 -0.068166 62.811001
v 2.466436 -0.068614 62.811001
v 2.468228 -0.068453 62.811001
v 2.470104 -0.067696 62.811001
v 2.472080 -0.066348 62.811001
v 2.474161 -0.064415 62.811001
v 2.476324 -0.061906 62.811001
v 2.478531 -0.058830 62.811001
v 2.480706 -0.055195 62.811001
v 2.482850 -0.051017 62.811001
v 2.484932 -0.046315 62.811001
v 2.486938 -0.041108 62.811001
v 2.488848 -0.035419 62.811001
v 2.490615 -0.029271 62.811001
v 2.492224 -0.022690 62.811001
v 2.493633 -0.015703 62.811001
v 2.494820 -0.008340 62.811001
v 2.495753 -0.000631 62.811001
v 2.496407 0.007390 62.811001
v 2.496759 0.015689 62.811001
v 2.496804 0.024230 62.811001
v 2.496567 0.032973 62.811001
v 2.496050 0.041877 62.811001
v 2.495261 0.050904 62.811001
v 2.494203 0.060012 62.811001
v 2.492935 0.069157 62.811001
v 2.491503 0.078295 62.811001
v 2.489945 0.087382 62.811001
v 2.488343 0.096373 62.811001
v 2.486761 0.105221 62.811001
v 2.485291 0.113882 62.811001
v 2.484011 0.122310 62.811001
v 2.482969 0.130465 62.811001
v 2.482212 0.138307 62.811001
v 2.481780 0.145798 62.811001
v 2.481679 0.152905 62.811001
v 2.481867 0.159598 62.811001
v 2.482297 0.165852 62.811001
v 2.482910 0.171643 62.811001
v 2.483610 0.176953 62.811001
v 2.484391 0.181759 62.811001
v 2.485182 0.186043 62.811001
v 2.485923 0.189792 62.811001
v 2.486586 0.192990 62.811001
v 2.487138 0.195626 62.811001
v 2.487569 0.197689 62.811001
v 2.487846 0.199172 62.811001
v 2.488012 0.200064 62.811001
v 2.511860 0.149531 63.000000
v 2.511783 0.149313 63.000000
v 2.511553 0.148660 63.000000
v 2.511170 0.147576 63.000000
v 2.510654 0.146064 63.000000
v 2.509998 0.144131 63.000000
v 2.509208 0.141785 63.000000
v 2.508294 0.139037 63.000000
v 2.507257 0.135899 63.000000
v 2.506099 0.132385 63.000000
v 2.504830 0.128511 63.000000
v 2.503452 0.124293 63.000000
v 2.501981 0.119752 63.000000
v 2.500425 0.114905 63.000000
v 2.498793 0.109776 63.000000
v 2.497099 0.104385 63.000000
v 2.495359 0.098757 63.000000
v 2.493582 0.092917 63.000000
v 2.491780 0.086891 63.000000
v 2.489966 0.080704 63.000000
v 2.488170 0.074383 63.000000
v 2.486406 0.067956 63.000000
v 2.484691 0.061450 63.000000
v 2.483074 0.054891 63.000000
v 2.481560 0.048309 63.000000
v 2.480176 0.041731 63.000000
v 2.478977 0.035183 63.000000
v 2.477973 0.028694 63.000000
v 2.477201 0.022290 63.000000
v 2.476722 0.015995 63.000000
v 2.476555 0.009836 63.000000
v 2.476664 0.003843 63.000000
v 2.477014 -0.001955 63.000000
v 2.477578 -0.007528 63.000000
v 2.478334 -0.012852 63.000000
v 2.479257 -0.017900 63.000000
v 2.480326 -0.022648 63.000000
v 2.481529 -0.027074 63.000000
v 2.482836 -0.031158 63.000000
v 2.484237 -0.034879 63.000000
v 2.485711 -0.038221 63.000000
v 2.487230 -0.041167 63.000000
v 2.488777 -0.043702 63.000000
v 2.490306 -0.045813 63.000000
v 2.491804 -0.047489 63.000000
v 2.493233 -0.048720 63.000000
v 2.494591 -0.049501 63.000000
v 2.495955 -0.049836 63.000000
v 2.497283 -0.049720 63.000000
v 2.498674 -0.049162 63.000000
v 2.500141 -0.048166 63.000000
v 2.501687 -0.046737 63.000000
v 2.503294 -0.044881 63.000000
v 2.504934 -0.042604 63.000000
v 2.506552 -0.039913 63.000000
v 2.508148 -0.036820 63.000000
v 2.509698 -0.033338 63.000000
v 2.511193 -0.029482 63.000000
v 2.512618 -0.025269 63.000000
v 2.513938 -0.020715 63.000000
v 2.515141 -0.015840 63.000000
v 2.516196 -0.010663 63.000000
v 2.517087 -0.005208 63.000000
v 2.517792 0.000504 63.000000
v 2.518289 0.006448 63.000000
v 2.518563 0.012599 63.000000
v 2.518610 0.018929 63.000000
v 2.518448 0.025409 63.000000
v 2.518079 0.032009 63.000000
v 2.517509 0.038701 63.000000
v 2.516738 0.045453 63.000000
v 2.515814 0.052233 63.000000
v 2.514766 0.059008 63.000000
v 2.513626 0.065746 63.000000
v 2.512453 0.072412 63.000000
v 2.511294 0.078973 63.000000
v 2.510219 0.085394 63.000000
v 2.509284 0.091643 63.000000
v 2.508524 0.097689 63.000000
v 2.507975 0.103502 63.000000
v 2.507667 0.109055 63.000000
v 2.507603 0.114322 63.000000
v 2.507753 0.119283 63.000000
v 2.508082 0.123918 63.000000
v 2.508545 0.128209 63.000000
v 2.509073 0.132143 63.000000
v 2.509660 0.135704 63.000000
v 2.510252 0.138878 63.000000
v 2.510807 0.141655 63.000000
v 2.511304 0.144024 63.000000
v 2.511717 0.145978 63.000000
v 2.512040 0.147506 63.000000
v 2.512247 0.148604 63.000000
v 2.512372 0.149265 63.000000
v 0.000000 -0.000000 0.000000
v 2.501231 0.050065 63.000000
v 1.526433 0.129577 56.735439
v 1.526433 0.149022 56.729542
v 1.526433 0.154326 56.725189
v 1.526433 0.161913 56.713833
v 1.526433 0.163905 56.707268
v 1.526433 0.164577 56.700439
v 1.526433 0.163905 56.693611
v 1.526433 0.161913 56.687046
v 1.526433 0.158678 56.680996
v 1.526433 0.149022 56.671337
v 1.526433 0.129577 56.665440
v 1.527765 0.136274 56.734768
v 1.529046 0.142714 56.732777
v 1.530226 0.148648 56.729542
v 1.531261 0.153850 56.725189
v 1.532110 0.158119 56.719883
v 1.532741 0.161292 56.713833
v 1.533130 0.163245 56.707268
v 1.533261 0.163905 56.700439
v 1.533130 0.163245 56.693611
v 1.532741 0.161292 56.687046
v 1.532110 0.158119 56.680996
v 1.531261 0.153850 56.675690
v 1.530226 0.148648 56.671337
v 1.529046 0.142714 56.668102
v 1.527765 0.136274 56.666111
v 1.529046 0.135885 56.734768
v 1.531558 0.141951 56.732777
v 1.533874 0.147542 56.729542
v 1.535904 0.152442 56.725189
v 1.537569 0.156463 56.719883
v 1.538807 0.159451 56.713833
v 1.539569 0.161292 56.707268
v 1.539827 0.161913 56.700439
v 1.539569 0.161292 56.693611
v 1.538807 0.159451 56.687046
v 1.537569 0.156463 56.680996
v 1.535904 0.152442 56.675690
v 1.533874 0.147542 56.671337
v 1.531558 0.141951 56.668102
v 1.529046 0.135885 56.666111
v 1.530226 0.135254 56.734768
v 1.533874 0.140714 56.732777
v 1.537236 0.145745 56.729542
v 1.540182 0.150155 56.725189
v 1.542601 0.153774 56.719883
v 1.544398 0.156463 56.713833
v 1.545504 0.158119 56.707268
v 1.545878 0.158678 56.700439
v 1.545504 0.158119 56.693611
v 1.544398 0.156463 56.687046
v 1.542601 0.153774 56.680996
v 1.540182 0.150155 56.675690
v 1.537236 0.145745 56.671337
v 1.533874 0.140714 56.668102
v 1.530226 0.135254 56.666111
v 1.531261 0.134405 56.734768
v 1.535904 0.139048 56.732777
v 1.540182 0.143327 56.729542
v 1.543933 0.147077 56.725189
v 1.547011 0.150155 56.719883
v 1.549298 0.152442 56.713833
v 1.550706 0.153850 56.707268
v 1.551181 0.154326 56.700439
v 1.550706 0.153850 56.693611
v 1.549298 0.152442 56.687046
v 1.547011 0.150155 56.680996
v 1.543933 0.147077 56.675690
v 1.540182 0.143327 56.671337
v 1.535904 0.139048 56.668102
v 1.531261 0.134405 56.666111
v 1.532110 0.133371 56.734768
v 1.537569 0.137018 56.732777
v 1.542601 0.140380 56.729542
v 1.547011 0.143327 56.725189
v 1.550630 0.145745 56.719883
v 1.553319 0.147542 56.713833
v 1.554975 0.148648 56.707268
v 1.555534 0.149022 56.700439
v 1.554975 0.148648 56.693611
v 1.553319 0.147542 56.687046
v 1.550630 0.145745 56.680996
v 1.547011 0.143327 56.675690
v 1.542601 0.140380 56.671337
v 1.537569 0.137018 56.668102
v 1.532110 0.133371 56.666111
v 1.532741 0.132190 56.734768
v 1.538807 0.134703 56.732777
v 1.544398 0.137018 56.729542
v 1.549298 0.139048 56.725189
v 1.553319 0.140714 56.719883
v 1.556307 0.141951 56.713833
v 1.558147 0.142714 56.707268
v 1.558769 0.142971 56.700439
v 1.558147 0.142714 56.693611
v 1.556307 0.141951 56.687046
v 1.553319 0.140714 56.680996
v 1.549298 0.139048 56.675690
v 1.544398 0.137018 56.671337
v 1.538807 0.134703 56.668102
v 1.532741 0.132190 56.666111
v 1.533130 0.130909 56.734768
v 1.539569 0.132190 56.732777
v 1.545504 0.133371 56.729542
v 1.550706 0.134405 56.725189
v 1.554975 0.135254 56.719883
v 1.558147 0.135885 56.713833
v 1.560101 0.136274 56.707268
v 1.560760 0.136405 56.700439
v 1.560101 0.136274 56.693611
v 1.558147 0.135885 56.687046
v 1.554975 0.135254 56.680996
v 1.550706 0.134405 56.675690
v 1.545504 0.133371 56.671337
v 1.539569 0.132190 56.668102
v 1.533130 0.130909 56.666111
v 1.533261 0.129577 56.734768
v 1.539827 0.129577 56.732777
v 1.545878 0.129577 56.729542
v 1.551181 0.129577 56.725189
v 1.555534 0.129577 56.719883
v 1.558769 0.129577 56.713833
v 1.560760 0.129577 56.707268
v 1.561433 0.129577 56.700439
v 1.560760 0.129577 56.693611
v 1.558769 0.129577 56.687046
v 1.555534 0.129577 56.680996
v 1.551181 0.129577 56.675690
v 1.545878 0.129577 56.671337
v 1.539827 0.129577 56.668102
v 1.533261 0.129577 56.666111
v 1.533130 0.128245 56.734768
v 1.539569 0.126964 56.732777
v 1.545504 0.125784 56.729542
v 1.550706 0.124749 56.725189
v 1.554975 0.123900 56.719883
v 1.558147 0.123269 56.713833
v 1.560101 0.122880 56.707268
v 1.560760 0.122749 56.700439
v 1.560101 0.122880 56.693611
v 1.558147 0.123269 56.687046
v 1.554975 0.123900 56.680996
v 1.550706 0.124749 56.675690
v 1.545504 0.125784 56.671337
v 1.539569 0.126964 56.668102
v 1.533130 0.128245 56.666111
v 1.532741 0.126964 56.734768
v 1.538807 0.124451 56.732777
v 1.544398 0.122136 56.729542
v 1.549298 0.120106 56.725189
v 1.553319 0.118440 56.719883
v 1.556307 0.117203 56.713833
v 1.558147 0.116440 56.707268
v 1.558769 0.116183 56.700439
v 1.558147 0.116440 56.693611
v 1.556307 0.117203 56.687046
v 1.553319 0.118440 56.680996
v 1.549298 0.120106 56.675690
v 1.544398 0.122136 56.671337
v 1.538807 0.124451 56.668102
v 1.532741 0.126964 56.666111
v 1.532110 0.125784 56.734768
v 1.537569 0.122136 56.732777
v 1.542601 0.118774 56.729542
v 1.547011 0.115827 56.725189
v 1.550630 0.113409 56.719883
v 1.553319 0.111612 56.713833
v 1.554975 0.110506 56.707268
v 1.555534 0.110132 56.700439
v 1.554975 0.110506 56.693611
v 1.553319 0.111612 56.687046
v 1.550630 0.113409 56.680996
v 1.547011 0.115827 56.675690
v 1.542601 0.118774 56.671337
v 1.537569 0.122136 56.668102
v 1.532110 0.125784 56.666111
v 1.531261 0.124749 56.734768
v 1.535904 0.120106 56.732777
v 1.540182 0.115827 56.729542
v 1.543933 0.112077 56.725189
v 1.547011 0.108999 56.719883
v 1.549298 0.106712 56.713833
v 1.550706 0.105304 56.707268
v 1.551181 0.104828 56.700439
v 1.550706 0.105304 56.693611
v 1.549298 0.106712 56.687046
v 1.547011 0.108999 56.680996
v 1.543933 0.112077 56.675690
v 1.540182 0.115827 56.671337
v 1.535904 0.120106 56.668102
v 1.531261 0.124749 56.666111
v 1.530226 0.123900 56.734768
v 1.533874 0.118440 56.732777
v 1.537236 0.113409 56.729542
v 1.540182 0.108999 56.725189
v 1.542601 0.105380 56.719883
v 1.544398 0.102691 56.713833
v 1.545504 0.101035 56.707268
v 1.545878 0.100476 56.700439
v 1.545504 0.101035 56.693611
v 1.544398 0.102691 56.687046
v 1.542601 0.105380 56.680996
v 1.540182 0.108999 56.675690
v 1.537236 0.113409 56.671337
v 1.533874 0.118440 56.668102
v 1.530226 0.123900 56.666111
v 1.529046 0.123269 56.734768
v 1.531558 0.117203 56.732777
v 1.533874 0.111612 56.729542
v 1.535904 0.106712 56.725189
v 1.537569 0.102691 56.719883
v 1.538807 0.099703 56.713833
v 1.539569 0.097863 56.707268
v 1.539827 0.097241 56.700439
v 1.539569 0.097863 56.693611
v 1.538807 0.099703 56.687046
v 1.537569 0.102691 56.680996
v 1.535904 0.106712 56.675690
v 1.533874 0.111612 56.671337
v 1.531558 0.117203 56.668102
v 1.529046 0.123269 56.666111
v 1.527765 0.122880 56.734768
v 1.529046 0.116440 56.732777
v 1.530226 0.110506 56.729542
v 1.531261 0.105304 56.725189
v 1.532110 0.101035 56.719883
v 1.532741 0.097863 56.713833
v 1.533130 0.095909 56.707268
v 1.533261 0.095250 56.700439
v 1.533130 0.095909 56.693611
v 1.532741 0.097863 56.687046
v 1.532110 0.101035 56.680996
v 1.531261 0.105304 56.675690
v 1.530226 0.110506 56.671337
v 1.529046 0.116440 56.668102
v 1.527765 0.122880 56.666111
v 1.526433 0.122749 56.734768
v 1.526433 0.116183 56.732777
v 1.526433 0.110132 56.729542
v 1.526433 0.104828 56.725189
v 1.526433 0.100476 56.719883
v 1.526433 0.097241 56.713833
v 1.526433 0.095250 56.707268
v 1.526433 0.094577 56.700439
v 1.526433 0.095250 56.693611
v 1.526433 0.097241 56.687046
v 1.526433 0.100476 56.680996
v 1.526433 0.104828 56.675690
v 1.526433 0.110132 56.671337
v 1.526433 0.116183 56.668102
v 1.526433 0.122749 56.666111
v 1.525101 0.122880 56.734768
v 1.523820 0.116440 56.732777
v 1.522639 0.110506 56.729542
v 1.521605 0.105304 56.725189
v 1.520755 0.101035 56.719883
v 1.520124 0.097863 56.713833
v 1.519736 0.095909 56.707268
v 1.519605 0.095250 56.700439
v 1.519736 0.095909 56.693611
v 1.520124 0.097863 56.687046
v 1.520755 0.101035 56.680996
v 1.521605 0.105304 56.675690
v 1.522639 0.110506 56.671337
v 1.523820 0.116440 56.668102
v 1.525101 0.122880 56.666111
v 1.523820 0.123269 56.734768
v 1.521307 0.117203 56.732777
v 1.518991 0.111612 56.729542
v 1.516962 0.106712 56.725189
v 1.515296 0.102691 56.719883
v 1.514058 0.099703 56.713833
v 1.513296 0.097863 56.707268
v 1.513039 0.097241 56.700439
v 1.513296 0.097863 56.693611
v 1.514058 0.099703 56.687046
v 1.515296 0.102691 56.680996
v 1.516962 0.106712 56.675690
v 1.518991 0.111612 56.671337
v 1.521307 0.117203 56.668102
v 1.523820 0.123269 56.666111
v 1.522639 0.123900 56.734768
v 1.518991 0.118440 56.732777
v 1.515630 0.113409 56.729542
v 1.512683 0.108999 56.725189
v 1.510265 0.105380 56.719883
v 1.508468 0.102691 56.713833
v 1.507361 0.101035 56.707268
v 1.506988 0.100476 56.700439
v 1.507361 0.101035 56.693611
v 1.508468 0.102691 56.687046
v 1.510265 0.105380 56.680996
v 1.512683 0.108999 56.675690
v 1.515630 0.113409 56.671337
v 1.518991 0.118440 56.668102
v 1.522639 0.123900 56.666111
v 1.521605 0.124749 56.734768
v 1.516962 0.120106 56.732777
v 1.512683 0.115827 56.729542
v 1.508933 0.112077 56.725189
v 1.505855 0.108999 56.719883
v 1.503568 0.106712 56.713833
v 1.502160 0.105304 56.707268
v 1.501684 0.104828 56.700439
v 1.502160 0.105304 56.693611
v 1.503568 0.106712 56.687046
v 1.505855 0.108999 56.680996
v 1.508933 0.112077 56.675690
v 1.512683 0.115827 56.671337
v 1.516962 0.120106 56.668102
v 1.521605 0.124749 56.666111
v 1.520755 0.125784 56.734768
v 1.515296 0.122136 56.732777
v 1.510265 0.118774 56.729542
v 1.505855 0.115827 56.725189
v 1.502236 0.113409 56.719883
v 1.499547 0.111612 56.713833
v 1.497890 0.110506 56.707268
v 1.497331 0.110132 56.700439
v 1.497890 0.110506 56.693611
v 1.499547 0.111612 56.687046
v 1.502236 0.113409 56.680996
v 1.505855 0.115827 56.675690
v 1.510265 0.118774 56.671337
v 1.515296 0.122136 56.668102
v 1.520755 0.125784 56.666111
v 1.520124 0.126964 56.734768
v 1.514058 0.124451 56.732777
v 1.508468 0.122136 56.729542
v 1.503568 0.120106 56.725189
v 1.499547 0.118440 56.719883
v 1.496558 0.117203 56.713833
v 1.494718 0.116440 56.707268
v 1.494097 0.116183 56.700439
v 1.494718 0.116440 56.693611
v 1.496558 0.117203 56.687046
v 1.499547 0.118440 56.680996
v 1.503568 0.120106 56.675690
v 1.508468 0.122136 56.671337
v 1.514058 0.124451 56.668102
v 1.520124 0.126964 56.666111
v 1.519736 0.128245 56.734768
v 1.513296 0.126964 56.732777
v 1.507361 0.125784 56.729542
v 1.502160 0.124749 56.725189
v 1.497890 0.123900 56.719883
v 1.494718 0.123269 56.713833
v 1.492765 0.122880 56.707268
v 1.492105 0.122749 56.700439
v 1.492765 0.122880 56.693611
v 1.494718 0.123269 56.687046
v 1.497890 0.123900 56.680996
v 1.502160 0.124749 56.675690
v 1.507361 0.125784 56.671337
v 1.513296 0.126964 56.668102
v 1.519736 0.128245 56.666111
v 1.519605 0.129577 56.734768
v 1.513039 0.129577 56.732777
v 1.506988 0.129577 56.729542
v 1.501684 0.129577 56.725189
v 1.497331 0.129577 56.719883
v 1.494097 0.129577 56.713833
v 1.492105 0.129577 56.707268
v 1.491433 0.129577 56.700439
v 1.492105 0.129577 56.693611
v 1.494097 0.129577 56.687046
v 1.497331 0.129577 56.680996
v 1.501684 0.129577 56.675690
v 1.506988 0.129577 56.671337
v 1.513039 0.129577 56.668102
v 1.519605 0.129577 56.666111
v 1.519736 0.130909 56.734768
v 1.513296 0.132190 56.732777
v 1.507361 0.133371 56.729542
v 1.502160 0.134405 56.725189
v 1.497890 0.135254 56.719883
v 1.494718 0.135885 56.713833
v 1.492765 0.136274 56.707268
v 1.492105 0.136405 56.700439
v 1.492765 0.136274 56.693611
v 1.494718 0.135885 56.687046
v 1.497890 0.135254 56.680996
v 1.502160 0.134405 56.675690
v 1.507361 0.133371 56.671337
v 1.513296 0.132190 56.668102
v 1.519736 0.130909 56.666111
v 1.520124 0.132190 56.734768
v 1.514058 0.134703 56.732777
v 1.508468 0.137018 56.729542
v 1.503568 0.139048 56.725189
v 1.499547 0.140714 56.719883
v 1.496558 0.141951 56.713833
v 1.494718 0.142714 56.707268
v 1.494097 0.142971 56.700439
v 1.494718 0.142714 56.693611
v 1.496558 0.141951 56.687046
v 1.499547 0.140714 56.680996
v 1.503568 0.139048 56.675690
v 1.508468 0.137018 56.671337
v 1.514058 0.134703 56.668102
v 1.520124 0.132190 56.666111
v 1.520755 0.133371 56.734768
v 1.515296 0.137018 56.732777
v 1.510265 0.140380 56.729542
v 1.505855 0.143327 56.725189
v 1.502236 0.145745 56.719883
v 1.499547 0.147542 56.713833
v 1.497890 0.148648 56.707268
v 1.497331 0.149022 56.700439
v 1.497890 0.148648 56.693611
v 1.499547 0.147542 56.687046
v 1.502236 0.145745 56.680996
v 1.505855 0.143327 56.675690
v 1.510265 0.140380 56.671337
v 1.515296 0.137018 56.668102
v 1.520755 0.133371 56.666111
v 1.521605 0.134405 56.734768
v 1.516962 0.139048 56.732777
v 1.512683 0.143327 56.729542
v 1.508933 0.147077 56.725189
v 1.505855 0.150155 56.719883
v 1.503568 0.152442 56.713833
v 1.502160 0.153850 56.707268
v 1.501684 0.154326 56.700439
v 1.502160 0.153850 56.693611
v 1.503568 0.152442 56.687046
v 1.505855 0.150155 56.680996
v 1.508933 0.147077 56.675690
v 1.512683 0.143327 56.671337
v 1.516962 0.139048 56.668102
v 1.521605 0.134405 56.666111
v 1.522639 0.135254 56.734768
v 1.518991 0.140714 56.732777
v 1.515630 0.145745 56.729542
v 1.512683 0.150155 56.725189
v 1.510265 0.153774 56.719883
v 1.508468 0.156463 56.713833
v 1.507361 0.158119 56.707268
v 1.506988 0.158678 56.700439
v 1.507361 0.158119 56.693611
v 1.508468 0.156463 56.687046
v 1.510265 0.153774 56.680996
v 1.512683 0.150155 56.675690
v 1.515630 0.145745 56.671337
v 1.518991 0.140714 56.668102
v 1.522639 0.135254 56.666111
v 1.523820 0.135885 56.734768
v 1.521307 0.141951 56.732777
v 1.518991 0.147542 56.729542
v 1.516962 0.152442 56.725189
v 1.515296 0.156463 56.719883
v 1.514058 0.159451 56.713833
v 1.513296 0.161292 56.707268
v 1.513039 0.161913 56.700439
v 1.513296 0.161292 56.693611
v 1.514058 0.159451 56.687046
v 1.515296 0.156463 56.680996
v 1.516962 0.152442 56.675690
v 1.518991 0.147542 56.671337
v 1.521307 0.141951 56.668102
v 1.523820 0.135885 56.666111
v 1.525101 0.136274 56.734768
v 1.523820 0.142714 56.732777
v 1.522639 0.148648 56.729542
v 1.521605 0.153850 56.725189
v 1.520755 0.158119 56.719883
v 1.520124 0.161291 56.713833
v 1.519736 0.163245 56.707268
v 1.519605 0.163905 56.700439
v 1.519736 0.163245 56.693611
v 1.520124 0.161291 56.687046
v 1.520755 0.158119 56.680996
v 1.521605 0.153850 56.675690
v 1.522639 0.148648 56.671337
v 1.523820 0.142714 56.668102
v 1.525101 0.136274 56.666111
v 1.526433 0.136405 56.734768
v 1.526433 0.142971 56.732777
v 1.526433 0.158678 56.719883
v 1.526433 0.154326 56.675690
v 1.526433 0.142971 56.668102
v 1.526433 0.136405 56.666111
v 2.182320 0.070683 61.460690
v 2.182320 0.090128 61.454792
v 2.182320 0.095432 61.450439
v 2.182320 0.103019 61.439083
v 2.182320 0.105011 61.432518
v 2.182320 0.105683 61.425690
v 2.182320 0.105011 61.418861
v 2.182320 0.103019 61.412296
v 2.182320 0.099784 61.406246
v 2.182320 0.090128 61.396587
v 2.182320 0.070683 61.390690
v 2.183652 0.077380 61.460018
v 2.184933 0.083820 61.458027
v 2.186114 0.089754 61.454792
v 2.187149 0.094956 61.450439
v 2.187998 0.099225 61.445133
v 2.188629 0.102398 61.439083
v 2.189017 0.104351 61.432518
v 2.189148 0.105011 61.425690
v 2.189017 0.104351 61.418861
v 2.188629 0.102398 61.412296
v 2.187998 0.099225 61.406246
v 2.187149 0.094956 61.400940
v 2.186114 0.089754 61.396587
v 2.184933 0.083820 61.393353
v 2.183652 0.077380 61.391361
v 2.184933 0.076991 61.460018
v 2.187446 0.083057 61.458027
v 2.189762 0.088648 61.454792
v 2.191791 0.093548 61.450439
v 2.193457 0.097569 61.445133
v 2.194695 0.100557 61.439083
v 2.195457 0.102398 61.432518
v 2.195714 0.103019 61.425690
v 2.195457 0.102398 61.418861
v 2.194695 0.100557 61.412296
v 2.193457 0.097569 61.406246
v 2.191791 0.093548 61.400940
v 2.189762 0.088648 61.396587
v 2.187446 0.083057 61.393353
v 2.184933 0.076991 61.391361
v 2.186114 0.076360 61.460018
v 2.189762 0.081820 61.458027
v 2.193123 0.086851 61.454792
v 2.196070 0.091261 61.450439
v 2.198488 0.094880 61.445133
v 2.200285 0.097569 61.439083
v 2.201392 0.099225 61.432518
v 2.201765 0.099784 61.425690
v 2.201392 0.099225 61.418861
v 2.200285 0.097569 61.412296
v 2.198488 0.094880 61.406246
v 2.196070 0.091261 61.400940
v 2.193123 0.086851 61.396587
v 2.189762 0.081820 61.393353
v 2.186114 0.076360 61.391361
v 2.187149 0.075511 61.460018
v 2.191791 0.080154 61.458027
v 2.196070 0.084433 61.454792
v 2.199820 0.088183 61.450439
v 2.202898 0.091261 61.445133
v 2.205185 0.093548 61.439083
v 2.206594 0.094956 61.432518
v 2.207069 0.095432 61.425690
v 2.206594 0.094956 61.418861
v 2.205185 0.093548 61.412296
v 2.202898 0.091261 61.406246
v 2.199820 0.088183 61.400940
v 2.196070 0.084433 61.396587
v 2.191791 0.080154 61.393353
v 2.187149 0.075511 61.391361
v 2.187998 0.074477 61.460018
v 2.193457 0.078124 61.458027
v 2.198488 0.081486 61.454792
v 2.202898 0.084433 61.450439
v 2.206517 0.086851 61.445133
v 2.209207 0.088648 61.439083
v 2.210863 0.089754 61.432518
v 2.211422 0.090128 61.425690
v 2.210863 0.089754 61.418861
v 2.209207 0.088648 61.412296
v 2.206517 0.086851 61.406246
v 2.202898 0.084433 61.400940
v 2.198488 0.081486 61.396587
v 2.193457 0.078124 61.393353
v 2.187998 0.074477 61.391361
v 2.188629 0.073296 61.460018
v 2.194695 0.075809 61.458027
v 2.200285 0.078124 61.454792
v 2.205185 0.080154 61.450439
v 2.209207 0.081820 61.445133
v 2.212195 0.083057 61.439083
v 2.214035 0.083820 61.432518
v 2.214656 0.084077 61.425690
v 2.214035 0.083820 61.418861
v 2.212195 0.083057 61.412296
v 2.209207 0.081820 61.406246
v 2.205185 0.080154 61.400940
v 2.200285 0.078124 61.396587
v 2.194695 0.075809 61.393353
v 2.188629 0.073296 61.391361
v 2.189017 0.072015 61.460018
v 2.195457 0.073296 61.458027
v 2.201392 0.074477 61.454792
v 2.206594 0.075511 61.450439
v 2.210863 0.076360 61.445133
v 2.214035 0.076991 61.439083
v 2.215988 0.077380 61.432518
v 2.216648 0.077511 61.425690
v 2.215988 0.077380 61.418861
v 2.214035 0.076991 61.412296
v 2.210863 0.076360 61.406246
v 2.206594 0.075511 61.400940
v 2.201392 0.074477 61.396587
v 2.195457 0.073296 61.393353
v 2.189017 0.072015 61.391361
v 2.189148 0.070683 61.460018
v 2.195714 0.070683 61.458027
v 2.201765 0.070683 61.454792
v 2.207069 0.070683 61.450439
v 2.211422 0.070683 61.445133
v 2.214656 0.070683 61.439083
v 2.216648 0.070683 61.432518
v 2.217320 0.070683 61.425690
v 2.216648 0.070683 61.418861
v 2.214656 0.070683 61.412296
v 2.211422 0.070683 61.406246
v 2.207069 0.070683 61.400940
v 2.201765 0.070683 61.396587
v 2.195714 0.070683 61.393353
v 2.189148 0.070683 61.391361
v 2.189017 0.069351 61.460018
v 2.195457 0.068070 61.458027
v 2.201392 0.066890 61.454792
v 2.206594 0.065855 61.450439
v 2.210863 0.065006 61.445133
v 2.214035 0.064375 61.439083
v 2.215988 0.063986 61.432518
v 2.216648 0.063855 61.425690
v 2.215988 0.063986 61.418861
v 2.214035 0.064375 61.412296
v 2.210863 0.065006 61.406246
v 2.206594 0.065855 61.400940
v 2.201392 0.066890 61.396587
v 2.195457 0.068070 61.393353
v 2.189017 0.069351 61.391361
v 2.188629 0.068070 61.460018
v 2.194695 0.065557 61.458027
v 2.200285 0.063242 61.454792
v 2.205185 0.061212 61.450439
v 2.209207 0.059546 61.445133
v 2.212195 0.058309 61.439083
v 2.214035 0.057546 61.432518
v 2.214656 0.057289 61.425690
v 2.214035 0.057546 61.418861
v 2.212195 0.058309 61.412296
v 2.209207 0.059546 61.406246
v 2.205185 0.061212 61.400940
v 2.200285 0.063242 61.396587
v 2.194695 0.065557 61.393353
v 2.188629 0.068070 61.391361
v 2.187998 0.066890 61.460018
v 2.193457 0.063242 61.458027
v 2.198488 0.059880 61.454792
v 2.202898 0.056933 61.450439
v 2.206517 0.054515 61.445133
v 2.209207 0.052718 61.439083
v 2.210863 0.051612 61.432518
v 2.211422 0.051238 61.425690
v 2.210863 0.051612 61.418861
v 2.209207 0.052718 61.412296
v 2.206517 0.054515 61.406246
v 2.202898 0.056933 61.400940
v 2.198488 0.059880 61.396587
v 2.193457 0.063242 61.393353
v 2.187998 0.066890 61.391361
v 2.187149 0.065855 61.460018
v 2.191791 0.061212 61.458027
v 2.196070 0.056933 61.454792
v 2.199820 0.053183 61.450439
v 2.202898 0.050105 61.445133
v 2.205185 0.047818 61.439083
v 2.206594 0.046410 61.432518
v 2.207069 0.045934 61.425690
v 2.206594 0.046410 61.418861
v 2.205185 0.047818 61.412296
v 2.202898 0.050105 61.406246
v 2.199820 0.053183 61.400940
v 2.196070 0.056933 61.396587
v 2.191791 0.061212 61.393353
v 2.187149 0.065855 61.391361
v 2.186114 0.065006 61.460018
v 2.189762 0.059546 61.458027
v 2.193123 0.054515 61.454792
v 2.196070 0.050105 61.450439
v 2.198488 0.046486 61.445133
v 2.200285 0.043797 61.439083
v 2.201392 0.042141 61.432518
v 2.201765 0.041582 61.425690
v 2.201392 0.042141 61.418861
v 2.200285 0.043797 61.412296
v 2.198488 0.046486 61.406246
v 2.196070 0.050105 61.400940
v 2.193123 0.054515 61.396587
v 2.189762 0.059546 61.393353
v 2.186114 0.065006 61.391361
v 2.184933 0.064375 61.460018
v 2.187446 0.058309 61.458027
v 2.189762 0.052718 61.454792
v 2.191791 0.047818 61.450439
v 2.193457 0.043797 61.445133
v 2.194695 0.040809 61.439083
v 2.195457 0.038969 61.432518
v 2.195714 0.038347 61.425690
v 2.195457 0.038969 61.418861
v 2.194695 0.040809 61.412296
v 2.193457 0.043797 61.406246
v 2.191791 0.047818 61.400940
v 2.189762 0.052718 61.396587
v 2.187446 0.058309 61.393353
v 2.184933 0.064375 61.391361
v 2.183652 0.063986 61.460018
v 2.184933 0.057546 61.458027
v 2.186114 0.051612 61.454792
v 2.187149 0.046410 61.450439
v 2.187998 0.042141 61.445133
v 2.188629 0.038969 61.439083
v 2.189017 0.037015 61.432518
v 2.189148 0.036356 61.425690
v 2.189017 0.037015 61.418861
v 2.188629 0.038969 61.412296
v 2.187998 0.042141 61.406246
v 2.187149 0.046410 61.400940
v 2.186114 0.051612 61.396587
v 2.184933 0.057546 61.393353
v 2.183652 0.063986 61.391361
v 2.182320 0.063855 61.460018
v 2.182320 0.057289 61.458027
v 2.182320 0.051238 61.454792
v 2.182320 0.045934 61.450439
v 2.182320 0.041582 61.445133
v 2.182320 0.038347 61.439083
v 2.182320 0.036356 61.432518
v 2.182320 0.035683 61.425690
v 2.182320 0.036356 61.418861
v 2.182320 0.038347 61.412296
v 2.182320 0.041582 61.406246
v 2.182320 0.045934 61.400940
v 2.182320 0.051238 61.396587
v 2.182320 0.057289 61.393353
v 2.182320 0.063855 61.391361
v 2.180988 0.063986 61.460018
v 2.179707 0.057547 61.458027
v 2.178527 0.051612 61.454792
v 2.177492 0.046410 61.450439
v 2.176643 0.042141 61.445133
v 2.176012 0.038969 61.439083
v 2.175623 0.037015 61.432518
v 2.175492 0.036356 61.425690
v 2.175623 0.037015 61.418861
v 2.176012 0.038969 61.412296
v 2.176643 0.042141 61.406246
v 2.177492 0.046410 61.400940
v 2.178527 0.051612 61.396587
v 2.179707 0.057547 61.393353
v 2.180988 0.063986 61.391361
v 2.179707 0.064375 61.460018
v 2.177195 0.058309 61.458027
v 2.174879 0.052718 61.454792
v 2.172849 0.047818 61.450439
v 2.171184 0.043797 61.445133
v 2.169946 0.040809 61.439083
v 2.169184 0.038969 61.432518
v 2.168926 0.038347 61.425690
v 2.169184 0.038969 61.418861
v 2.169946 0.040809 61.412296
v 2.171184 0.043797 61.406246
v 2.172849 0.047818 61.400940
v 2.174879 0.052718 61.396587
v 2.177195 0.058309 61.393353
v 2.179707 0.064375 61.391361
v 2.178527 0.065006 61.460018
v 2.174879 0.059546 61.458027
v 2.171517 0.054515 61.454792
v 2.168571 0.050105 61.450439
v 2.166152 0.046486 61.445133
v 2.164356 0.043797 61.439083
v 2.163249 0.042141 61.432518
v 2.162875 0.041582 61.425690
v 2.163249 0.042141 61.418861
v 2.164356 0.043797 61.412296
v 2.166152 0.046486 61.406246
v 2.168571 0.050105 61.400940
v 2.171517 0.054515 61.396587
v 2.174879 0.059546 61.393353
v 2.178527 0.065006 61.391361
v 2.177492 0.065855 61.460018
v 2.172849 0.061212 61.458027
v 2.168571 0.056933 61.454792
v 2.164820 0.053183 61.450439
v 2.161742 0.050105 61.445133
v 2.159456 0.047818 61.439083
v 2.158047 0.046410 61.432518
v 2.157572 0.045934 61.425690
v 2.158047 0.046410 61.418861
v 2.159456 0.047818 61.412296
v 2.161742 0.050105 61.406246
v 2.164820 0.053183 61.400940
v 2.168571 0.056933 61.396587
v 2.172849 0.061212 61.393353
v 2.177492 0.065855 61.391361
v 2.176643 0.066890 61.460018
v 2.171184 0.063242 61.458027
v 2.166152 0.059880 61.454792
v 2.161742 0.056933 61.450439
v 2.158123 0.054515 61.445133
v 2.155434 0.052718 61.439083
v 2.153778 0.051612 61.432518
v 2.153219 0.051238 61.425690
v 2.153778 0.051612 61.418861
v 2.155434 0.052718 61.412296
v 2.158123 0.054515 61.406246
v 2.161742 0.056933 61.400940
v 2.166152 0.059880 61.396587
v 2.171184 0.063242 61.393353
v 2.176643 0.066890 61.391361
v 2.176012 0.068070 61.460018
v 2.169946 0.065557 61.458027
v 2.164356 0.063242 61.454792
v 2.159456 0.061212 61.450439
v 2.155434 0.059546 61.445133
v 2.152446 0.058309 61.439083
v 2.150606 0.057546 61.432518
v 2.149985 0.057289 61.425690
v 2.150606 0.057546 61.418861
v 2.152446 0.058309 61.412296
v 2.155434 0.059546 61.406246
v 2.159456 0.061212 61.400940
v 2.164356 0.063242 61.396587
v 2.169946 0.065557 61.393353
v 2.176012 0.068070 61.391361
v 2.175623 0.069351 61.460018
v 2.169184 0.068070 61.458027
v 2.163249 0.066890 61.454792
v 2.158047 0.065855 61.450439
v 2.153778 0.065006 61.445133
v 2.150606 0.064375 61.439083
v 2.148653 0.063986 61.432518
v 2.147993 0.063855 61.425690
v 2.148653 0.063986 61.418861
v 2.150606 0.064375 61.412296
v 2.153778 0.065006 61.406246
v 2.158047 0.065855 61.400940
v 2.163249 0.066890 61.396587
v 2.169184 0.068070 61.393353
v 2.175623 0.069351 61.391361
v 2.175492 0.070683 61.460018
v 2.168926 0.070683 61.458027
v 2.162875 0.070683 61.454792
v 2.157572 0.070683 61.450439
v 2.153219 0.070683 61.445133
v 2.149985 0.070683 61.439083
v 2.147993 0.070683 61.432518
v 2.147320 0.070683 61.425690
v 2.147993 0.070683 61.418861
v 2.149985 0.070683 61.412296
v 2.153219 0.070683 61.406246
v 2.157572 0.070683 61.400940
v 2.162875 0.070683 61.396587
v 2.168926 0.070683 61.393353
v 2.175492 0.070683 61.391361
v 2.175623 0.072015 61.460018
v 2.169184 0.073296 61.458027
v 2.163249 0.074477 61.454792
v 2.158047 0.075511 61.450439
v 2.153778 0.076360 61.445133
v 2.150606 0.076991 61.439083
v 2.148653 0.077380 61.432518
v 2.147993 0.077511 61.425690
v 2.148653 0.077380 61.418861
v 2.150606 0.076991 61.412296
v 2.153778 0.076360 61.406246
v 2.158047 0.075511 61.400940
v 2.163249 0.074477 61.396587
v 2.169184 0.073296 61.393353
v 2.175623 0.072015 61.391361
v 2.176012 0.073296 61.460018
v 2.169946 0.075809 61.458027
v 2.164356 0.078124 61.454792
v 2.159456 0.080154 61.450439
v 2.155434 0.081820 61.445133
v 2.152446 0.083057 61.439083
v 2.150606 0.083820 61.432518
v 2.149985 0.084077 61.425690
v 2.150606 0.083820 61.418861
v 2.152446 0.083057 61.412296
v 2.155434 0.081820 61.406246
v 2.159456 0.080154 61.400940
v 2.164356 0.078124 61.396587
v 2.169946 0.075809 61.393353
v 2.176012 0.073296 61.391361
v 2.176643 0.074477 61.460018
v 2.171184 0.078124 61.458027
v 2.166152 0.081486 61.454792
v 2.161742 0.084433 61.450439
v 2.158123 0.086851 61.445133
v 2.155434 0.088648 61.439083
v 2.153778 0.089754 61.432518
v 2.153219 0.090128 61.425690
v 2.153778 0.089754 61.418861
v 2.155434 0.088648 61.412296
v 2.158123 0.086851 61.406246
v 2.161742 0.084433 61.400940
v 2.166152 0.081486 61.396587
v 2.171184 0.078124 61.393353
v 2.176643 0.074477 61.391361
v 2.177492 0.075511 61.460018
v 2.172849 0.080154 61.458027
v 2.168571 0.084433 61.454792
v 2.164820 0.088183 61.450439
v 2.161742 0.091261 61.445133
v 2.159456 0.093548 61.439083
v 2.158047 0.094956 61.432518
v 2.157572 0.095432 61.425690
v 2.158047 0.094956 61.418861
v 2.159456 0.093548 61.412296
v 2.161742 0.091261 61.406246
v 2.164820 0.088183 61.400940
v 2.168571 0.084433 61.396587
v 2.172849 0.080154 61.393353
v 2.177492 0.075511 61.391361
v 2.178527 0.076360 61.460018
v 2.174879 0.081820 61.458027
v 2.171517 0.086851 61.454792
v 2.168571 0.091261 61.450439
v 2.166152 0.094880 61.445133
v 2.164356 0.097569 61.439083
v 2.163249 0.099225 61.432518
v 2.162875 0.099784 61.425690
v 2.163249 0.099225 61.418861
v 2.164356 0.097569 61.412296
v 2.166152 0.094880 61.406246
v 2.168571 0.091261 61.400940
v 2.171517 0.086851 61.396587
v 2.174879 0.081820 61.393353
v 2.178527 0.076360 61.391361
v 2.179707 0.076991 61.460018
v 2.177195 0.083057 61.458027
v 2.174879 0.088648 61.454792
v 2.172849 0.093548 61.450439
v 2.171184 0.097569 61.445133
v 2.169946 0.100557 61.439083
v 2.169184 0.102398 61.432518
v 2.168926 0.103019 61.425690
v 2.169184 0.102398 61.418861
v 2.169946 0.100557 61.412296
v 2.171184 0.097569 61.406246
v 2.172849 0.093548 61.400940
v 2.174879 0.088648 61.396587
v 2.177195 0.083057 61.393353
v 2.179707 0.076991 61.391361
v 2.180988 0.077380 61.460018
v 2.179707 0.083820 61.458027
v 2.178527 0.089754 61.454792
v 2.177492 0.094956 61.450439
v 2.176643 0.099225 61.445133
v 2.176012 0.102398 61.439083
v 2.175623 0.104351 61.432518
v 2.175492 0.105011 61.425690
v 2.175623 0.104351 61.418861
v 2.176012 0.102398 61.412296
v 2.176643 0.099225 61.406246
v 2.177492 0.094956 61.400940
v 2.178527 0.089754 61.396587
v 2.179707 0.083820 61.393353
v 2.180988 0.077380 61.391361
v 2.182320 0.077511 61.460018
v 2.182320 0.084077 61.458027
v 2.182320 0.099784 61.445133
v 2.182320 0.095432 61.400940
v 2.182320 0.084077 61.393353
v 2.182320 0.077511 61.391361
v 1.876311 0.119356 56.734634
v 1.876311 0.138801 56.728737
v 1.876311 0.144105 56.724384
v 1.876311 0.151692 56.713028
v 1.876311 0.153684 56.706463
v 1.876311 0.154356 56.699635
v 1.876311 0.153684 56.692806
v 1.876311 0.151692 56.686241
v 1.876311 0.148458 56.680191
v 1.876311 0.138801 56.670532
v 1.876311 0.119356 56.664635
v 1.877643 0.126053 56.733963
v 1.878924 0.132493 56.731972
v 1.880104 0.138428 56.728737
v 1.881139 0.143630 56.724384
v 1.881988 0.147899 56.719078
v 1.882619 0.151071 56.713028
v 1.883008 0.153024 56.706463
v 1.883139 0.153684 56.699635
v 1.883008 0.153024 56.692806
v 1.882619 0.151071 56.686241
v 1.881988 0.147899 56.680191
v 1.881139 0.143630 56.674885
v 1.880104 0.138428 56.670532
v 1.878924 0.132493 56.667297
v 1.877643 0.126053 56.665306
v 1.878924 0.125665 56.733963
v 1.881436 0.131731 56.731972
v 1.883752 0.137321 56.728737
v 1.885782 0.142221 56.724384
v 1.887447 0.146243 56.719078
v 1.888685 0.149231 56.713028
v 1.889447 0.151071 56.706463
v 1.889704 0.151692 56.699635
v 1.889447 0.151071 56.692806
v 1.888685 0.149231 56.686241
v 1.887447 0.146243 56.680191
v 1.885782 0.142221 56.674885
v 1.883752 0.137321 56.670532
v 1.881436 0.131731 56.667297
v 1.878924 0.125665 56.665306
v 1.880104 0.125034 56.733963
v 1.883752 0.130493 56.731972
v 1.887114 0.135524 56.728737
v 1.890060 0.139934 56.724384
v 1.892478 0.143553 56.719078
v 1.894275 0.146243 56.713028
v 1.895382 0.147899 56.706463
v 1.895756 0.148458 56.699635
v 1.895382 0.147899 56.692806
v 1.894275 0.146243 56.686241
v 1.892478 0.143553 56.680191
v 1.890060 0.139934 56.674885
v 1.887114 0.135524 56.670532
v 1.883752 0.130493 56.667297
v 1.880104 0.125034 56.665306
v 1.881139 0.124185 56.733963
v 1.885782 0.128827 56.731972
v 1.890060 0.133106 56.728737
v 1.893811 0.136856 56.724384
v 1.896888 0.139934 56.719078
v 1.899175 0.142221 56.713028
v 1.900584 0.143630 56.706463
v 1.901059 0.144105 56.699635
v 1.900584 0.143630 56.692806
v 1.899175 0.142221 56.686241
v 1.896888 0.139934 56.680191
v 1.893811 0.136856 56.674885
v 1.890060 0.133106 56.670532
v 1.885782 0.128827 56.667297
v 1.881139 0.124185 56.665306
v 1.881988 0.123150 56.733963
v 1.887447 0.126798 56.731972
v 1.892478 0.130159 56.728737
v 1.896888 0.133106 56.724384
v 1.900508 0.135524 56.719078
v 1.903197 0.137321 56.713028
v 1.904853 0.138428 56.706463
v 1.905412 0.138801 56.699635
v 1.904853 0.138428 56.692806
v 1.903197 0.137321 56.686241
v 1.900508 0.135524 56.680191
v 1.896888 0.133106 56.674885
v 1.892478 0.130159 56.670532
v 1.887447 0.126798 56.667297
v 1.881988 0.123150 56.665306
v 1.882619 0.121969 56.733963
v 1.888685 0.124482 56.731972
v 1.894275 0.126798 56.728737
v 1.899175 0.128827 56.724384
v 1.903197 0.130493 56.719078
v 1.906185 0.131731 56.713028
v 1.908025 0.132493 56.706463
v 1.908646 0.132750 56.699635
v 1.908025 0.132493 56.692806
v 1.906185 0.131731 56.686241
v 1.903197 0.130493 56.680191
v 1.899175 0.128827 56.674885
v 1.894275 0.126798 56.670532
v 1.888685 0.124482 56.667297
v 1.882619 0.121969 56.665306
v 1.883008 0.120689 56.733963
v 1.889447 0.121969 56.731972
v 1.895382 0.123150 56.728737
v 1.900584 0.124185 56.724384
v 1.904853 0.125034 56.719078
v 1.908025 0.125665 56.713028
v 1.909979 0.126053 56.706463
v 1.910638 0.126185 56.699635
v 1.909979 0.126053 56.692806
v 1.908025 0.125665 56.686241
v 1.904853 0.125034 56.680191
v 1.900584 0.124185 56.674885
v 1.895382 0.123150 56.670532
v 1.889447 0.121969 56.667297
v 1.883008 0.120689 56.665306
v 1.883139 0.119356 56.733963
v 1.889704 0.119356 56.731972
v 1.895756 0.119356 56.728737
v 1.901059 0.119356 56.724384
v 1.905412 0.119356 56.719078
v 1.908646 0.119356 56.713028
v 1.910638 0.119356 56.706463
v 1.911311 0.119356 56.699635
v 1.910638 0.119356 56.692806
v 1.908646 0.119356 56.686241
v 1.905412 0.119356 56.680191
v 1.901059 0.119356 56.674885
v 1.895756 0.119356 56.670532
v 1.889704 0.119356 56.667297
v 1.883139 0.119356 56.665306
v 1.883008 0.118024 56.733963
v 1.889447 0.116743 56.731972
v 1.895382 0.115563 56.728737
v 1.900584 0.114528 56.724384
v 1.904853 0.113679 56.719078
v 1.908025 0.113048 56.713028
v 1.909979 0.112659 56.706463
v 1.910638 0.112528 56.699635
v 1.909979 0.112659 56.692806
v 1.908025 0.113048 56.686241
v 1.904853 0.113679 56.680191
v 1.900584 0.114528 56.674885
v 1.895382 0.115563 56.670532
v 1.889447 0.116743 56.667297
v 1.883008 0.118024 56.665306
v 1.882619 0.116743 56.733963
v 1.888685 0.114231 56.731972
v 1.894275 0.111915 56.728737
v 1.899175 0.109886 56.724384
v 1.903197 0.108220 56.719078
v 1.906185 0.106982 56.713028
v 1.908025 0.106220 56.706463
v 1.908646 0.105963 56.699635
v 1.908025 0.106220 56.692806
v 1.906185 0.106982 56.686241
v 1.903197 0.108220 56.680191
v 1.899175 0.109886 56.674885
v 1.894275 0.111915 56.670532
v 1.888685 0.114231 56.667297
v 1.882619 0.116743 56.665306
v 1.881988 0.115563 56.733963
v 1.887447 0.111915 56.731972
v 1.892478 0.108553 56.728737
v 1.896888 0.105607 56.724384
v 1.900508 0.103189 56.719078
v 1.903197 0.101392 56.713028
v 1.904853 0.100285 56.706463
v 1.905412 0.099911 56.699635
v 1.904853 0.100285 56.692806
v 1.903197 0.101392 56.686241
v 1.900508 0.103189 56.680191
v 1.896888 0.105607 56.674885
v 1.892478 0.108553 56.670532
v 1.887447 0.111915 56.667297
v 1.881988 0.115563 56.665306
v 1.881139 0.114528 56.733963
v 1.885782 0.109886 56.731972
v 1.890060 0.105607 56.728737
v 1.893811 0.101856 56.724384
v 1.896888 0.098779 56.719078
v 1.899175 0.096492 56.713028
v 1.900584 0.095083 56.706463
v 1.901059 0.094608 56.699635
v 1.900584 0.095083 56.692806
v 1.899175 0.096492 56.686241
v 1.896888 0.098779 56.680191
v 1.893811 0.101856 56.674885
v 1.890060 0.105607 56.670532
v 1.885782 0.109886 56.667297
v 1.881139 0.114528 56.665306
v 1.880104 0.113679 56.733963
v 1.883752 0.108220 56.731972
v 1.887114 0.103189 56.728737
v 1.890060 0.098779 56.724384
v 1.892478 0.095159 56.719078
v 1.894275 0.092470 56.713028
v 1.895382 0.090814 56.706463
v 1.895756 0.090255 56.699635
v 1.895382 0.090814 56.692806
v 1.894275 0.092470 56.686241
v 1.892478 0.095159 56.680191
v 1.890060 0.098779 56.674885
v 1.887114 0.103189 56.670532
v 1.883752 0.108220 56.667297
v 1.880104 0.113679 56.665306
v 1.878924 0.113048 56.733963
v 1.881436 0.106982 56.731972
v 1.883752 0.101392 56.728737
v 1.885782 0.096492 56.724384
v 1.887447 0.092470 56.719078
v 1.888685 0.089482 56.713028
v 1.889447 0.087642 56.706463
v 1.889704 0.087021 56.699635
v 1.889447 0.087642 56.692806
v 1.888685 0.089482 56.686241
v 1.887447 0.092470 56.680191
v 1.885782 0.096492 56.674885
v 1.883752 0.101392 56.670532
v 1.881436 0.106982 56.667297
v 1.878924 0.113048 56.665306
v 1.877643 0.112659 56.733963
v 1.878924 0.106220 56.731972
v 1.880104 0.100285 56.728737
v 1.881139 0.095083 56.724384
v 1.881988 0.090814 56.719078
v 1.882619 0.087642 56.713028
v 1.883008 0.085689 56.706463
v 1.883139 0.085029 56.699635
v 1.883008 0.085689 56.692806
v 1.882619 0.087642 56.686241
v 1.881988 0.090814 56.680191
v 1.881139 0.095083 56.674885
v 1.880104 0.100285 56.670532
v 1.878924 0.106220 56.667297
v 1.877643 0.112659 56.665306
v 1.876311 0.112528 56.733963
v 1.876311 0.105963 56.731972
v 1.876311 0.099911 56.728737
v 1.876311 0.094608 56.724384
v 1.876311 0.090255 56.719078
v 1.876311 0.087021 56.713028
v 1.876311 0.085029 56.706463
v 1.876311 0.084356 56.699635
v 1.876311 0.085029 56.692806
v 1.876311 0.087021 56.686241
v 1.876311 0.090255 56.680191
v 1.876311 0.094608 56.674885
v 1.876311 0.099911 56.670532
v 1.876311 0.105963 56.667297
v 1.876311 0.112528 56.665306
v 1.874978 0.112659 56.733963
v 1.873698 0.106220 56.731972
v 1.872517 0.100285 56.728737
v 1.871482 0.095083 56.724384
v 1.870633 0.090814 56.719078
v 1.870002 0.087642 56.713028
v 1.869614 0.085689 56.706463
v 1.869482 0.085029 56.699635
v 1.869614 0.085689 56.692806
v 1.870002 0.087642 56.686241
v 1.870633 0.090814 56.680191
v 1.871482 0.095083 56.674885
v 1.872517 0.100285 56.670532
v 1.873698 0.106220 56.667297
v 1.874978 0.112659 56.665306
v 1.873698 0.113048 56.733963
v 1.871185 0.106982 56.731972
v 1.868869 0.101392 56.728737
v 1.866840 0.096492 56.724384
v 1.865174 0.092470 56.719078
v 1.863936 0.089482 56.713028
v 1.863174 0.087642 56.706463
v 1.862917 0.087021 56.699635
v 1.863174 0.087642 56.692806
v 1.863936 0.089482 56.686241
v 1.865174 0.092470 56.680191
v 1.866840 0.096492 56.674885
v 1.868869 0.101392 56.670532
v 1.871185 0.106982 56.667297
v 1.873698 0.113048 56.665306
v 1.872517 0.113679 56.733963
v 1.868869 0.108220 56.731972
v 1.865508 0.103189 56.728737
v 1.862561 0.098779 56.724384
v 1.860143 0.095159 56.719078
v 1.858346 0.092470 56.713028
v 1.857239 0.090814 56.706463
v 1.856866 0.090255 56.699635
v 1.857239 0.090814 56.692806
v 1.858346 0.092470 56.686241
v 1.860143 0.095159 56.680191
v 1.862561 0.098779 56.674885
v 1.865508 0.103189 56.670532
v 1.868869 0.108220 56.667297
v 1.872517 0.113679 56.665306
v 1.871482 0.114528 56.733963
v 1.866840 0.109886 56.731972
v 1.862561 0.105607 56.728737
v 1.858811 0.101856 56.724384
v 1.855733 0.098779 56.719078
v 1.853446 0.096492 56.713028
v 1.852037 0.095083 56.706463
v 1.851562 0.094608 56.699635
v 1.852037 0.095083 56.692806
v 1.853446 0.096492 56.686241
v 1.855733 0.098779 56.680191
v 1.858811 0.101856 56.674885
v 1.862561 0.105607 56.670532
v 1.866840 0.109886 56.667297
v 1.871482 0.114528 56.665306
v 1.870633 0.115563 56.733963
v 1.865174 0.111915 56.731972
v 1.860143 0.108553 56.728737
v 1.855733 0.105607 56.724384
v 1.852114 0.103189 56.719078
v 1.849424 0.101392 56.713028
v 1.847768 0.100285 56.706463
v 1.847209 0.099911 56.699635
v 1.847768 0.100285 56.692806
v 1.849424 0.101392 56.686241
v 1.852114 0.103189 56.680191
v 1.855733 0.105607 56.674885
v 1.860143 0.108553 56.670532
v 1.865174 0.111915 56.667297
v 1.870633 0.115563 56.665306
v 1.870002 0.116743 56.733963
v 1.863936 0.114231 56.731972
v 1.858346 0.111915 56.728737
v 1.853446 0.109886 56.724384
v 1.849424 0.108220 56.719078
v 1.846436 0.106982 56.713028
v 1.844596 0.106220 56.706463
v 1.843975 0.105963 56.699635
v 1.844596 0.106220 56.692806
v 1.846436 0.106982 56.686241
v 1.849424 0.108220 56.680191
v 1.853446 0.109886 56.674885
v 1.858346 0.111915 56.670532
v 1.863936 0.114231 56.667297
v 1.870002 0.116743 56.665306
v 1.869614 0.118024 56.733963
v 1.863174 0.116743 56.731972
v 1.857239 0.115563 56.728737
v 1.852037 0.114528 56.724384
v 1.847768 0.113679 56.719078
v 1.844596 0.113048 56.713028
v 1.842643 0.112659 56.706463
v 1.841983 0.112528 56.699635
v 1.842643 0.112659 56.692806
v 1.844596 0.113048 56.686241
v 1.847768 0.113679 56.680191
v 1.852037 0.114528 56.674885
v 1.857239 0.115563 56.670532
v 1.863174 0.116743 56.667297
v 1.869614 0.118024 56.665306
v 1.869482 0.119356 56.733963
v 1.862917 0.119356 56.731972
v 1.856866 0.119356 56.728737
v 1.851562 0.119356 56.724384
v 1.847209 0.119356 56.719078
v 1.843975 0.119356 56.713028
v 1.841983 0.119356 56.706463
v 1.841311 0.119356 56.699635
v 1.841983 0.119356 56.692806
v 1.843975 0.119356 56.686241
v 1.847209 0.119356 56.680191
v 1.851562 0.119356 56.674885
v 1.856866 0.119356 56.670532
v 1.862917 0.119356 56.667297
v 1.869482 0.119356 56.665306
v 1.869614 0.120689 56.733963
v 1.863174 0.121969 56.731972
v 1.857239 0.123150 56.728737
v 1.852037 0.124185 56.724384
v 1.847768 0.125034 56.719078
v 1.844596 0.125665 56.713028
v 1.842643 0.126053 56.706463
v 1.841983 0.126185 56.699635
v 1.842643 0.126053 56.692806
v 1.844596 0.125665 56.686241
v 1.847768 0.125034 56.680191
v 1.852037 0.124185 56.674885
v 1.857239 0.123150 56.670532
v 1.863174 0.121969 56.667297
v 1.869614 0.120689 56.665306
v 1.870002 0.121969 56.733963
v 1.863936 0.124482 56.731972
v 1.858346 0.126798 56.728737
v 1.853446 0.128827 56.724384
v 1.849424 0.130493 56.719078
v 1.846436 0.131731 56.713028
v 1.844596 0.132493 56.706463
v 1.843975 0.132750 56.699635
v 1.844596 0.132493 56.692806
v 1.846436 0.131731 56.686241
v 1.849424 0.130493 56.680191
v 1.853446 0.128827 56.674885
v 1.858346 0.126798 56.670532
v 1.863936 0.124482 56.667297
v 1.870002 0.121969 56.665306
v 1.870633 0.123150 56.733963
v 1.865174 0.126798 56.731972
v 1.860143 0.130159 56.728737
v 1.855733 0.133106 56.724384
v 1.852114 0.135524 56.719078
v 1.849424 0.137321 56.713028
v 1.847768 0.138428 56.706463
v 1.847209 0.138801 56.699635
v 1.847768 0.138428 56.692806
v 1.849424 0.137321 56.686241
v 1.852114 0.135524 56.680191
v 1.855733 0.133106 56.674885
v 1.860143 0.130159 56.670532
v 1.865174 0.126798 56.667297
v 1.870633 0.123150 56.665306
v 1.871482 0.124185 56.733963
v 1.866840 0.128827 56.731972
v 1.862561 0.133106 56.728737
v 1.858811 0.136856 56.724384
v 1.855733 0.139934 56.719078
v 1.853446 0.142221 56.713028
v 1.852037 0.143630 56.706463
v 1.851562 0.144105 56.699635
v 1.852037 0.143630 56.692806
v 1.853446 0.142221 56.686241
v 1.855733 0.139934 56.680191
v 1.858811 0.136856 56.674885
v 1.862561 0.133106 56.670532
v 1.866840 0.128827 56.667297
v 1.871482 0.124185 56.665306
v 1.872517 0.125034 56.733963
v 1.868869 0.130493 56.731972
v 1.865508 0.135524 56.728737
v 1.862561 0.139934 56.724384
v 1.860143 0.143553 56.719078
v 1.858346 0.146243 56.713028
v 1.857239 0.147899 56.706463
v 1.856866 0.148458 56.699635
v 1.857239 0.147899 56.692806
v 1.858346 0.146243 56.686241
v 1.860143 0.143553 56.680191
v 1.862561 0.139934 56.674885
v 1.865508 0.135524 56.670532
v 1.868869 0.130493 56.667297
v 1.872517 0.125034 56.665306
v 1.873698 0.125665 56.733963
v 1.871185 0.131731 56.731972
v 1.868869 0.137321 56.728737
v 1.866840 0.142221 56.724384
v 1.865174 0.146243 56.719078
v 1.863936 0.149231 56.713028
v 1.863174 0.151071 56.706463
v 1.862917 0.151692 56.699635
v 1.863174 0.151071 56.692806
v 1.863936 0.149231 56.686241
v 1.865174 0.146243 56.680191
v 1.866840 0.142221 56.674885
v 1.868869 0.137321 56.670532
v 1.871185 0.131731 56.667297
v 1.873698 0.125665 56.665306
v 1.874978 0.126053 56.733963
v 1.873698 0.132493 56.731972
v 1.872517 0.138428 56.728737
v 1.871482 0.143630 56.724384
v 1.870633 0.147899 56.719078
v 1.870002 0.151071 56.713028
v 1.869614 0.153024 56.706463
v 1.869482 0.153684 56.699635
v 1.869614 0.153024 56.692806
v 1.870002 0.151071 56.686241
v 1.870633 0.147899 56.680191
v 1.871482 0.143630 56.674885
v 1.872517 0.138428 56.670532
v 1.873698 0.132493 56.667297
v 1.874978 0.126053 56.665306
v 1.876311 0.126185 56.733963
v 1.876311 0.132750 56.731972
v 1.876311 0.148458 56.719078
v 1.876311 0.144105 56.674885
v 1.876311 0.132750 56.667297
v 1.876311 0.126185 56.665306
v 2.344793 0.060564 61.459568
v 2.344793 0.080009 61.453671
v 2.344793 0.085313 61.449318
v 2.344793 0.092900 61.437962
v 2.344793 0.094892 61.431396
v 2.344793 0.095564 61.424568
v 2.344793 0.094892 61.417740
v 2.344793 0.092900 61.411175
v 2.344793 0.089666 61.405125
v 2.344793 0.080009 61.395466
v 2.344793 0.060564 61.389568
v 2.346125 0.067261 61.458897
v 2.347406 0.073701 61.456905
v 2.348587 0.079635 61.453671
v 2.349622 0.084837 61.449318
v 2.350471 0.089106 61.444012
v 2.351102 0.092279 61.437962
v 2.351490 0.094232 61.431396
v 2.351621 0.094892 61.424568
v 2.351490 0.094232 61.417740
v 2.351102 0.092279 61.411175
v 2.350471 0.089106 61.405125
v 2.349622 0.084837 61.399818
v 2.348587 0.079635 61.395466
v 2.347406 0.073701 61.392231
v 2.346125 0.067261 61.390240
v 2.347406 0.066873 61.458897
v 2.349919 0.072939 61.456905
v 2.352235 0.078529 61.453671
v 2.354264 0.083429 61.449318
v 2.355930 0.087450 61.444012
v 2.357168 0.090439 61.437962
v 2.357930 0.092279 61.431396
v 2.358187 0.092900 61.424568
v 2.357930 0.092279 61.417740
v 2.357168 0.090439 61.411175
v 2.355930 0.087450 61.405125
v 2.354264 0.083429 61.399818
v 2.352235 0.078529 61.395466
v 2.349919 0.072939 61.392231
v 2.347406 0.066873 61.390240
v 2.348587 0.066242 61.458897
v 2.352235 0.071701 61.456905
v 2.355596 0.076732 61.453671
v 2.358543 0.081142 61.449318
v 2.360961 0.084761 61.444012
v 2.362758 0.087450 61.437962
v 2.363865 0.089106 61.431396
v 2.364238 0.089666 61.424568
v 2.363865 0.089106 61.417740
v 2.362758 0.087450 61.411175
v 2.360961 0.084761 61.405125
v 2.358543 0.081142 61.399818
v 2.355596 0.076732 61.395466
v 2.352235 0.071701 61.392231
v 2.348587 0.066242 61.390240
v 2.349622 0.065392 61.458897
v 2.354264 0.070035 61.456905
v 2.358543 0.074314 61.453671
v 2.362293 0.078064 61.449318
v 2.365371 0.081142 61.444012
v 2.367658 0.083429 61.437962
v 2.369066 0.084837 61.431396
v 2.369542 0.085313 61.424568
v 2.369066 0.084837 61.417740
v 2.367658 0.083429 61.411175
v 2.365371 0.081142 61.405125
v 2.362293 0.078064 61.399818
v 2.358543 0.074314 61.395466
v 2.354264 0.070035 61.392231
v 2.349622 0.065392 61.390240
v 2.350471 0.064358 61.458897
v 2.355930 0.068005 61.456905
v 2.360961 0.071367 61.453671
v 2.365371 0.074314 61.449318
v 2.368990 0.076732 61.444012
v 2.371680 0.078529 61.437962
v 2.373336 0.079635 61.431396
v 2.373895 0.080009 61.424568
v 2.373336 0.079635 61.417740
v 2.371680 0.078529 61.411175
v 2.368990 0.076732 61.405125
v 2.365371 0.074314 61.399818
v 2.360961 0.071367 61.395466
v 2.355930 0.068005 61.392231
v 2.350471 0.064358 61.390240
v 2.351102 0.063177 61.458897
v 2.357168 0.065690 61.456905
v 2.362758 0.068005 61.453671
v 2.367658 0.070035 61.449318
v 2.371680 0.071701 61.444012
v 2.374668 0.072939 61.437962
v 2.376508 0.073701 61.431396
v 2.377129 0.073958 61.424568
v 2.376508 0.073701 61.417740
v 2.374668 0.072939 61.411175
v 2.371680 0.071701 61.405125
v 2.367658 0.070035 61.399818
v 2.362758 0.068005 61.395466
v 2.357168 0.065690 61.392231
v 2.351102 0.063177 61.390240
v 2.351490 0.061896 61.458897
v 2.357930 0.063177 61.456905
v 2.363865 0.064358 61.453671
v 2.369066 0.065392 61.449318
v 2.373336 0.066242 61.444012
v 2.376508 0.066873 61.437962
v 2.378461 0.067261 61.431396
v 2.379121 0.067392 61.424568
v 2.378461 0.067261 61.417740
v 2.376508 0.066873 61.411175
v 2.373336 0.066242 61.405125
v 2.369066 0.065392 61.399818
v 2.363865 0.064358 61.395466
v 2.357930 0.063177 61.392231
v 2.351490 0.061896 61.390240
v 2.351621 0.060564 61.458897
v 2.358187 0.060564 61.456905
v 2.364238 0.060564 61.453671
v 2.369542 0.060564 61.449318
v 2.373895 0.060564 61.444012
v 2.377129 0.060564 61.437962
v 2.379121 0.060564 61.431396
v 2.379793 0.060564 61.424568
v 2.379121 0.060564 61.417740
v 2.377129 0.060564 61.411175
v 2.373895 0.060564 61.405125
v 2.369542 0.060564 61.399818
v 2.364238 0.060564 61.395466
v 2.358187 0.060564 61.392231
v 2.351621 0.060564 61.390240
v 2.351490 0.059232 61.458897
v 2.357930 0.057951 61.456905
v 2.363865 0.056771 61.453671
v 2.369066 0.055736 61.449318
v 2.373336 0.054887 61.444012
v 2.376508 0.054256 61.437962
v 2.378461 0.053867 61.431396
v 2.379121 0.053736 61.424568
v 2.378461 0.053867 61.417740
v 2.376508 0.054256 61.411175
v 2.373336 0.054887 61.405125
v 2.369066 0.055736 61.399818
v 2.363865 0.056771 61.395466
v 2.357930 0.057951 61.392231
v 2.351490 0.059232 61.390240
v 2.351102 0.057951 61.458897
v 2.357168 0.055439 61.456905
v 2.362758 0.053123 61.453671
v 2.367658 0.051093 61.449318
v 2.371680 0.049428 61.444012
v 2.374668 0.048190 61.437962
v 2.376508 0.047428 61.431396
v 2.377129 0.047170 61.424568
v 2.376508 0.047428 61.417740
v 2.374668 0.048190 61.411175
v 2.371680 0.049428 61.405125
v 2.367658 0.051093 61.399818
v 2.362758 0.053123 61.395466
v 2.357168 0.055439 61.392231
v 2.351102 0.057951 61.390240
v 2.350471 0.056771 61.458897
v 2.355930 0.053123 61.456905
v 2.360961 0.049761 61.453671
v 2.365371 0.046814 61.449318
v 2.368990 0.044396 61.444012
v 2.371680 0.042599 61.437962
v 2.373336 0.041493 61.431396
v 2.373895 0.041119 61.424568
v 2.373336 0.041493 61.417740
v 2.371680 0.042599 61.411175
v 2.368990 0.044396 61.405125
v 2.365371 0.046814 61.399818
v 2.360961 0.049761 61.395466
v 2.355930 0.053123 61.392231
v 2.350471 0.056771 61.390240
v 2.349622 0.055736 61.458897
v 2.354264 0.051093 61.456905
v 2.358543 0.046814 61.453671
v 2.362293 0.043064 61.449318
v 2.365371 0.039986 61.444012
v 2.367658 0.037699 61.437962
v 2.369066 0.036291 61.431396
v 2.369542 0.035815 61.424568
v 2.369066 0.036291 61.417740
v 2.367658 0.037699 61.411175
v 2.365371 0.039986 61.405125
v 2.362293 0.043064 61.399818
v 2.358543 0.046814 61.395466
v 2.354264 0.051093 61.392231
v 2.349622 0.055736 61.390240
v 2.348587 0.054887 61.458897
v 2.352235 0.049428 61.456905
v 2.355596 0.044396 61.453671
v 2.358543 0.039986 61.449318
v 2.360961 0.036367 61.444012
v 2.362758 0.033678 61.437962
v 2.363865 0.032022 61.431396
v 2.364238 0.031463 61.424568
v 2.363865 0.032022 61.417740
v 2.362758 0.033678 61.411175
v 2.360961 0.036367 61.405125
v 2.358543 0.039986 61.399818
v 2.355596 0.044396 61.395466
v 2.352235 0.049428 61.392231
v 2.348587 0.054887 61.390240
v 2.347406 0.054256 61.458897
v 2.349919 0.048190 61.456905
v 2.352235 0.042599 61.453671
v 2.354264 0.037699 61.449318
v 2.355930 0.033678 61.444012
v 2.357168 0.030690 61.437962
v 2.357930 0.028850 61.431396
v 2.358187 0.028228 61.424568
v 2.357930 0.028850 61.417740
v 2.357168 0.030690 61.411175
v 2.355930 0.033678 61.405125
v 2.354264 0.037699 61.399818
v 2.352235 0.042599 61.395466
v 2.349919 0.048190 61.392231
v 2.347406 0.054256 61.390240
v 2.346125 0.053867 61.458897
v 2.347406 0.047428 61.456905
v 2.348587 0.041493 61.453671
v 2.349622 0.036291 61.449318
v 2.350471 0.032022 61.444012
v 2.351102 0.028850 61.437962
v 2.351490 0.026896 61.431396
v 2.351621 0.026237 61.424568
v 2.351490 0.026896 61.417740
v 2.351102 0.028850 61.411175
v 2.350471 0.032022 61.405125
v 2.349622 0.036291 61.399818
v 2.348587 0.041493 61.395466
v 2.347406 0.047428 61.392231
v 2.346125 0.053867 61.390240
v 2.344793 0.053736 61.458897
v 2.344793 0.047170 61.456905
v 2.344793 0.041119 61.453671
v 2.344793 0.035815 61.449318
v 2.344793 0.031463 61.444012
v 2.344793 0.028228 61.437962
v 2.344793 0.026237 61.431396
v 2.344793 0.025564 61.424568
v 2.344793 0.026237 61.417740
v 2.344793 0.028228 61.411175
v 2.344793 0.031463 61.405125
v 2.344793 0.035815 61.399818
v 2.344793 0.041119 61.395466
v 2.344793 0.047170 61.392231
v 2.344793 0.053736 61.390240
v 2.343461 0.053867 61.458897
v 2.342180 0.047428 61.456905
v 2.341000 0.041493 61.453671
v 2.339965 0.036291 61.449318
v 2.339116 0.032022 61.444012
v 2.338485 0.028850 61.437962
v 2.338096 0.026896 61.431396
v 2.337965 0.026237 61.424568
v 2.338096 0.026896 61.417740
v 2.338485 0.028850 61.411175
v 2.339116 0.032022 61.405125
v 2.339965 0.036291 61.399818
v 2.341000 0.041493 61.395466
v 2.342180 0.047428 61.392231
v 2.343461 0.053867 61.390240
v 2.342180 0.054256 61.458897
v 2.339668 0.048190 61.456905
v 2.337352 0.042599 61.453671
v 2.335322 0.037699 61.449318
v 2.333657 0.033678 61.444012
v 2.332419 0.030690 61.437962
v 2.331657 0.028850 61.431396
v 2.331399 0.028228 61.424568
v 2.331657 0.028850 61.417740
v 2.332419 0.030690 61.411175
v 2.333657 0.033678 61.405125
v 2.335322 0.037699 61.399818
v 2.337352 0.042599 61.395466
v 2.339668 0.048190 61.392231
v 2.342180 0.054256 61.390240
v 2.341000 0.054887 61.458897
v 2.337352 0.049428 61.456905
v 2.333990 0.044396 61.453671
v 2.331044 0.039986 61.449318
v 2.328625 0.036367 61.444012
v 2.326828 0.033678 61.437962
v 2.325722 0.032022 61.431396
v 2.325348 0.031463 61.424568
v 2.325722 0.032022 61.417740
v 2.326828 0.033678 61.411175
v 2.328625 0.036367 61.405125
v 2.331044 0.039986 61.399818
v 2.333990 0.044396 61.395466
v 2.337352 0.049428 61.392231
v 2.341000 0.054887 61.390240
v 2.339965 0.055736 61.458897
v 2.335322 0.051093 61.456905
v 2.331044 0.046814 61.453671
v 2.327293 0.043064 61.449318
v 2.324215 0.039986 61.444012
v 2.321929 0.037699 61.437962
v 2.320520 0.036291 61.431396
v 2.320045 0.035815 61.424568
v 2.320520 0.036291 61.417740
v 2.321929 0.037699 61.411175
v 2.324215 0.039986 61.405125
v 2.327293 0.043064 61.399818
v 2.331044 0.046814 61.395466
v 2.335322 0.051093 61.392231
v 2.339965 0.055736 61.390240
v 2.339116 0.056771 61.458897
v 2.333657 0.053123 61.456905
v 2.328625 0.049761 61.453671
v 2.324215 0.046814 61.449318
v 2.320596 0.044396 61.444012
v 2.317907 0.042599 61.437962
v 2.316251 0.041493 61.431396
v 2.315692 0.041119 61.424568
v 2.316251 0.041493 61.417740
v 2.317907 0.042599 61.411175
v 2.320596 0.044396 61.405125
v 2.324215 0.046814 61.399818
v 2.328625 0.049761 61.395466
v 2.333657 0.053123 61.392231
v 2.339116 0.056771 61.390240
v 2.338485 0.057951 61.458897
v 2.332419 0.055439 61.456905
v 2.326828 0.053123 61.453671
v 2.321929 0.051093 61.449318
v 2.317907 0.049428 61.444012
v 2.314919 0.048190 61.437962
v 2.313079 0.047428 61.431396
v 2.312458 0.047170 61.424568
v 2.313079 0.047428 61.417740
v 2.314919 0.048190 61.411175
v 2.317907 0.049428 61.405125
v 2.321929 0.051093 61.399818
v 2.326828 0.053123 61.395466
v 2.332419 0.055439 61.392231
v 2.338485 0.057951 61.390240
v 2.338096 0.059232 61.458897
v 2.331657 0.057951 61.456905
v 2.325722 0.056771 61.453671
v 2.320520 0.055736 61.449318
v 2.316251 0.054887 61.444012
v 2.313079 0.054256 61.437962
v 2.311126 0.053867 61.431396
v 2.310466 0.053736 61.424568
v 2.311126 0.053867 61.417740
v 2.313079 0.054256 61.411175
v 2.316251 0.054887 61.405125
v 2.320520 0.055736 61.399818
v 2.325722 0.056771 61.395466
v 2.331657 0.057951 61.392231
v 2.338096 0.059232 61.390240
v 2.337965 0.060564 61.458897
v 2.331399 0.060564 61.456905
v 2.325348 0.060564 61.453671
v 2.320045 0.060564 61.449318
v 2.315692 0.060564 61.444012
v 2.312458 0.060564 61.437962
v 2.310466 0.060564 61.431396
v 2.309793 0.060564 61.424568
v 2.310466 0.060564 61.417740
v 2.312458 0.060564 61.411175
v 2.315692 0.060564 61.405125
v 2.320045 0.060564 61.399818
v 2.325348 0.060564 61.395466
v 2.331399 0.060564 61.392231
v 2.337965 0.060564 61.390240
v 2.338096 0.061896 61.458897
v 2.331657 0.063177 61.456905
v 2.325722 0.064358 61.453671
v 2.320520 0.065392 61.449318
v 2.316251 0.066242 61.444012
v 2.313079 0.066873 61.437962
v 2.311126 0.067261 61.431396
v 2.310466 0.067392 61.424568
v 2.311126 0.067261 61.417740
v 2.313079 0.066873 61.411175
v 2.316251 0.066242 61.405125
v 2.320520 0.065392 61.399818
v 2.325722 0.064358 61.395466
v 2.331657 0.063177 61.392231
v 2.338096 0.061896 61.390240
v 2.338485 0.063177 61.458897
v 2.332419 0.065690 61.456905
v 2.326828 0.068005 61.453671
v 2.321929 0.070035 61.449318
v 2.317907 0.071701 61.444012
v 2.314919 0.072939 61.437962
v 2.313079 0.073701 61.431396
v 2.312458 0.073958 61.424568
v 2.313079 0.073701 61.417740
v 2.314919 0.072939 61.411175
v 2.317907 0.071701 61.405125
v 2.321929 0.070035 61.399818
v 2.326828 0.068005 61.395466
v 2.332419 0.065690 61.392231
v 2.338485 0.063177 61.390240
v 2.339116 0.064358 61.458897
v 2.333657 0.068005 61.456905
v 2.328625 0.071367 61.453671
v 2.324215 0.074314 61.449318
v 2.320596 0.076732 61.444012
v 2.317907 0.078529 61.437962
v 2.316251 0.079635 61.431396
v 2.315692 0.080009 61.424568
v 2.316251 0.079635 61.417740
v 2.317907 0.078529 61.411175
v 2.320596 0.076732 61.405125
v 2.324215 0.074314 61.399818
v 2.328625 0.071367 61.395466
v 2.333657 0.068005 61.392231
v 2.339116 0.064358 61.390240
v 2.339965 0.065392 61.458897
v 2.335322 0.070035 61.456905
v 2.331044 0.074314 61.453671
v 2.327293 0.078064 61.449318
v 2.324215 0.081142 61.444012
v 2.321929 0.083429 61.437962
v 2.320520 0.084837 61.431396
v 2.320045 0.085313 61.424568
v 2.320520 0.084837 61.417740
v 2.321929 0.083429 61.411175
v 2.324215 0.081142 61.405125
v 2.327293 0.078064 61.399818
v 2.331044 0.074314 61.395466
v 2.335322 0.070035 61.392231
v 2.339965 0.065392 61.390240
v 2.341000 0.066242 61.458897
v 2.337352 0.071701 61.456905
v 2.333990 0.076732 61.453671
v 2.331044 0.081142 61.449318
v 2.328625 0.084761 61.444012
v 2.326828 0.087450 61.437962
v 2.325722 0.089106 61.431396
v 2.325348 0.089666 61.424568
v 2.325722 0.089106 61.417740
v 2.326828 0.087450 61.411175
v 2.328625 0.084761 61.405125
v 2.331044 0.081142 61.399818
v 2.333990 0.076732 61.395466
v 2.337352 0.071701 61.392231
v 2.341000 0.066242 61.390240
v 2.342180 0.066873 61.458897
v 2.339668 0.072939 61.456905
v 2.337352 0.078529 61.453671
v 2.335322 0.083429 61.449318
v 2.333657 0.087450 61.444012
v 2.332419 0.090439 61.437962
v 2.331657 0.092279 61.431396
v 2.331399 0.092900 61.424568
v 2.331657 0.092279 61.417740
v 2.332419 0.090439 61.411175
v 2.333657 0.087450 61.405125
v 2.335322 0.083429 61.399818
v 2.337352 0.078529 61.395466
v 2.339668 0.072939 61.392231
v 2.342180 0.066873 61.390240
v 2.343461 0.067261 61.458897
v 2.342180 0.073701 61.456905
v 2.341000 0.079635 61.453671
v 2.339965 0.084837 61.449318
v 2.339116 0.089106 61.444012
v 2.338485 0.092279 61.437962
v 2.338096 0.094232 61.431396
v 2.337965 0.094892 61.424568
v 2.338096 0.094232 61.417740
v 2.338485 0.092279 61.411175
v 2.339116 0.089106 61.405125
v 2.339965 0.084837 61.399818
v 2.341000 0.079635 61.395466
v 2.342180 0.073701 61.392231
v 2.343461 0.067261 61.390240
v 2.344793 0.067392 61.458897
v 2.344793 0.073958 61.456905
v 2.344793 0.089666 61.444012
v 2.344793 0.085313 61.399818
v 2.344793 0.073958 61.392231
v 2.344793 0.067392 61.390240
vn -0.2426 0.6668 -0.7047
vn -0.4006 0.9157 -0.0310
vn -0.3381 0.9406 -0.0312
vn -0.2869 0.6490 -0.7046
vn -0.4604 0.8872 -0.0307
vn -0.3293 0.6283 -0.7048
vn -0.5182 0.8547 -0.0305
vn -0.3704 0.6054 -0.7045
vn -0.5744 0.8181 -0.0300
vn -0.4100 0.5792 -0.7045
vn -0.6275 0.7781 -0.0291
vn -0.4477 0.5508 -0.7044
vn -0.6792 0.7335 -0.0279
vn -0.4846 0.5193 -0.7039
vn -0.7271 0.6861 -0.0266
vn -0.5181 0.4852 -0.7043
vn -0.7706 0.6369 -0.0252
vn -0.5491 0.4504 -0.7040
vn -0.8114 0.5840 -0.0236
vn -0.5782 0.4128 -0.7038
vn -0.8483 0.5291 -0.0219
vn -0.6042 0.3737 -0.7038
vn -0.8820 0.4708 -0.0201
vn -0.6285 0.3325 -0.7031
vn -0.9119 0.4100 -0.0182
vn -0.6496 0.2891 -0.7032
vn -0.9372 0.3485 -0.0163
vn -0.6676 0.2454 -0.7029
vn -0.9583 0.2853 -0.0144
vn -0.6828 0.2004 -0.7026
vn -0.9752 0.2210 -0.0125
vn -0.6947 0.1546 -0.7025
vn -0.9876 0.1564 -0.0107
vn -0.7037 0.1086 -0.7022
vn -0.9960 0.0895 -0.0089
vn -0.7100 0.0610 -0.7015
vn -0.9997 0.0221 -0.0071
vn -0.7125 0.0129 -0.7016
vn -0.9990 -0.0450 -0.0054
vn -0.7123 -0.0349 -0.7010
vn -0.9937 -0.1120 -0.0038
vn -0.7084 -0.0827 -0.7009
vn -0.9843 -0.1766 -0.0023
vn -0.7016 -0.1288 -0.7008
vn -0.9703 -0.2420 -0.0009
vn -0.6923 -0.1756 -0.6999
vn -0.9517 -0.3071 0.0006
vn -0.6788 -0.2221 -0.6999
vn -0.9293 -0.3693 0.0019
vn -0.6629 -0.2666 -0.6996
vn -0.9022 -0.4314 0.0033
vn -0.6440 -0.3112 -0.6989
vn -0.8713 -0.4907 0.0046
vn -0.6216 -0.3534 -0.6991
vn -0.8374 -0.5465 0.0058
vn -0.5976 -0.3935 -0.6986
vn -0.7988 -0.6015 0.0069
vn -0.5702 -0.4331 -0.6981
vn -0.7567 -0.6537 0.0080
vn -0.5399 -0.4704 -0.6980
vn -0.7109 -0.7033 0.0091
vn -0.5074 -0.5062 -0.6974
vn -0.6618 -0.7496 0.0100
vn -0.4721 -0.5392 -0.6974
vn -0.6111 -0.7915 0.0108
vn -0.4358 -0.5693 -0.6971
vn -0.5572 -0.8303 0.0116
vn -0.3972 -0.5973 -0.6967
vn -0.5006 -0.8656 0.0123
vn -0.3566 -0.6226 -0.6965
vn -0.4420 -0.8969 0.0129
vn -0.3146 -0.6452 -0.6963
vn -0.3802 -0.9248 0.0134
vn -0.2703 -0.6655 -0.6957
vn -0.3171 -0.9483 0.0138
vn -0.2249 -0.6819 -0.6960
vn -0.2537 -0.9672 0.0141
vn -0.1794 -0.6957 -0.6956
vn -0.1886 -0.9819 0.0144
vn -0.1326 -0.7062 -0.6955
vn -0.1238 -0.9922 0.0145
vn -0.0860 -0.7134 -0.6955
vn -0.0567 -0.9983 0.0146
vn -0.0378 -0.7182 -0.6948
vn 0.0115 -0.9998 0.0147
vn 0.0113 -0.7189 -0.6950
vn 0.0780 -0.9968 0.0147
vn 0.0590 -0.7166 -0.6950
vn 0.1445 -0.9894 0.0146
vn 0.1068 -0.7113 -0.6948
vn 0.2097 -0.9777 0.0146
vn 0.1537 -0.7024 -0.6950
vn 0.2742 -0.9616 0.0145
vn 0.2000 -0.6910 -0.6946
vn 0.3382 -0.9410 0.0143
vn 0.2460 -0.6759 -0.6947
vn 0.4006 -0.9161 0.0142
vn 0.2908 -0.6579 -0.6947
vn 0.4606 -0.8875 0.0141
vn 0.3337 -0.6369 -0.6950
vn 0.5184 -0.8550 0.0139
vn 0.3753 -0.6136 -0.6948
vn 0.5744 -0.8184 0.0138
vn 0.4153 -0.5869 -0.6950
vn 0.6276 -0.7784 0.0135
vn 0.4906 -0.5260 -0.6947
vn 0.4535 -0.5580 -0.6950
vn 0.5244 -0.4914 -0.6954
vn 0.6792 -0.7338 0.0133
vn 0.5555 -0.4559 -0.6954
vn 0.7271 -0.6864 0.0131
vn 0.5846 -0.4178 -0.6955
vn 0.7706 -0.6372 0.0129
vn 0.6106 -0.3780 -0.6959
vn 0.8114 -0.5843 0.0127
vn 0.6349 -0.3362 -0.6957
vn 0.8483 -0.5294 0.0125
vn 0.6557 -0.2921 -0.6962
vn 0.8820 -0.4712 0.0122
vn 0.6734 -0.2479 -0.6965
vn 0.9119 -0.4103 0.0118
vn 0.6883 -0.2024 -0.6967
vn 0.9371 -0.3488 0.0114
vn 0.6998 -0.1561 -0.6971
vn 0.9583 -0.2856 0.0109
vn 0.7083 -0.1097 -0.6973
vn 0.9751 -0.2213 0.0104
vn 0.7141 -0.0617 -0.6973
vn 0.9876 -0.1567 0.0097
vn 0.7160 -0.0134 -0.6979
vn 0.9959 -0.0898 0.0089
vn 0.7153 0.0346 -0.6980
vn 0.9997 -0.0224 0.0080
vn 0.7108 0.0826 -0.6985
vn 0.9990 0.0447 0.0070
vn 0.7034 0.1287 -0.6991
vn 0.9937 0.1117 0.0059
vn 0.6934 0.1755 -0.6988
vn 0.9843 0.1763 0.0047
vn 0.6793 0.2218 -0.6995
vn 0.9704 0.2416 0.0033
vn 0.6628 0.2661 -0.6999
vn 0.9518 0.3068 0.0019
vn 0.6433 0.3104 -0.6998
vn 0.9294 0.3690 0.0003
vn 0.6204 0.3523 -0.7007
vn 0.9023 0.4310 -0.0013
vn 0.5960 0.3920 -0.7008
vn 0.8715 0.4903 -0.0031
vn 0.5682 0.4311 -0.7009
vn 0.8377 0.5462 -0.0049
vn 0.5376 0.4679 -0.7015
vn 0.7991 0.6012 -0.0067
vn 0.5048 0.5031 -0.7015
vn 0.7569 0.6534 -0.0087
vn 0.4693 0.5355 -0.7021
vn 0.7111 0.7030 -0.0106
vn 0.4329 0.5650 -0.7024
vn 0.6621 0.7493 -0.0126
vn 0.3943 0.5924 -0.7025
vn 0.6114 0.7912 -0.0145
vn 0.3538 0.6171 -0.7029
vn 0.5574 0.8301 -0.0165
vn 0.3119 0.6390 -0.7031
vn 0.5008 0.8653 -0.0184
vn 0.2679 0.6588 -0.7030
vn 0.4422 0.8967 -0.0203
vn 0.2228 0.6747 -0.7037
vn 0.3804 0.9246 -0.0220
vn 0.1776 0.6880 -0.7037
vn 0.3173 0.9480 -0.0237
vn 0.1313 0.6980 -0.7039
vn 0.2539 0.9669 -0.0253
vn 0.0851 0.7048 -0.7042
vn 0.1888 0.9817 -0.0267
vn 0.0375 0.7094 -0.7038
vn 0.1239 0.9919 -0.0280
vn -0.0109 0.7098 -0.7044
vn 0.0568 0.9980 -0.0291
vn -0.0779 0.9965 -0.0306
vn -0.0114 0.9995 -0.0299
vn -0.0581 0.7073 -0.7046
vn -0.1444 0.9890 -0.0310
vn -0.1053 0.7018 -0.7045
vn -0.2097 0.9773 -0.0313
vn -0.1516 0.6930 -0.7048
vn -0.2741 0.9612 -0.0313
vn -0.1973 0.6817 -0.7046
vn -0.3945 0.9138 -0.0970
vn -0.3323 0.9381 -0.0981
vn -0.4517 0.8870 -0.0962
vn -0.5084 0.8558 -0.0957
vn -0.5701 0.8162 -0.0941
vn -0.6281 0.7728 -0.0908
vn -0.6806 0.7275 -0.0866
vn -0.7290 0.6796 -0.0817
vn -0.7727 0.6301 -0.0764
vn -0.8135 0.5773 -0.0706
vn -0.8502 0.5225 -0.0645
vn -0.8836 0.4646 -0.0582
vn -0.9131 0.4044 -0.0517
vn -0.9379 0.3438 -0.0453
vn -0.9587 0.2816 -0.0390
vn -0.9753 0.2183 -0.0328
vn -0.9875 0.1550 -0.0270
vn -0.9957 0.0901 -0.0214
vn -0.9996 0.0246 -0.0163
vn -0.9991 -0.0408 -0.0116
vn -0.9943 -0.1060 -0.0074
vn -0.9855 -0.1694 -0.0037
vn -0.9722 -0.2341 -0.0002
vn -0.9542 -0.2990 0.0031
vn -0.9324 -0.3615 0.0061
vn -0.9057 -0.4239 0.0090
vn -0.8752 -0.4836 0.0117
vn -0.8417 -0.5398 0.0141
vn -0.8038 -0.5947 0.0163
vn -0.7622 -0.6470 0.0181
vn -0.7167 -0.6971 0.0198
vn -0.6682 -0.7437 0.0212
vn -0.6180 -0.7859 0.0222
vn -0.5647 -0.8250 0.0230
vn -0.5084 -0.8608 0.0235
vn -0.4504 -0.8925 0.0237
vn -0.3889 -0.9210 0.0237
vn -0.3262 -0.9450 0.0235
vn -0.2634 -0.9644 0.0229
vn -0.1982 -0.9799 0.0222
vn -0.1335 -0.9908 0.0214
vn -0.0660 -0.9976 0.0208
vn 0.0023 -0.9998 0.0201
vn 0.0691 -0.9974 0.0189
vn 0.1365 -0.9905 0.0177
vn 0.2029 -0.9791 0.0166
vn 0.2684 -0.9632 0.0156
vn 0.3334 -0.9427 0.0147
vn 0.3970 -0.9177 0.0139
vn 0.4583 -0.8887 0.0132
vn 0.5174 -0.8556 0.0129
vn 0.5746 -0.8183 0.0129
vn 0.6288 -0.7775 0.0131
vn 0.6813 -0.7319 0.0136
vn 0.7297 -0.6836 0.0144
vn 0.7733 -0.6339 0.0153
vn 0.8143 -0.5803 0.0162
vn 0.8510 -0.5249 0.0172
vn 0.8844 -0.4663 0.0181
vn 0.9140 -0.4054 0.0189
vn 0.9387 -0.3443 0.0196
vn 0.9594 -0.2812 0.0200
vn 0.9759 -0.2175 0.0201
vn 0.9879 -0.1538 0.0199
vn 0.9959 -0.0880 0.0193
vn 0.9996 -0.0213 0.0183
vn 0.9989 0.0445 0.0169
vn 0.9939 0.1096 0.0150
vn 0.9849 0.1729 0.0125
vn 0.9714 0.2371 0.0095
vn 0.9536 0.3011 0.0061
vn 0.9321 0.3622 0.0022
vn 0.9063 0.4227 -0.0022
vn 0.8765 0.4813 -0.0071
vn 0.8436 0.5368 -0.0122
vn 0.8065 0.5910 -0.0178
vn 0.7655 0.6430 -0.0237
vn 0.7208 0.6925 -0.0298
vn 0.6734 0.7384 -0.0360
vn 0.6237 0.7805 -0.0424
vn 0.5707 0.8197 -0.0489
vn 0.5149 0.8555 -0.0553
vn 0.4569 0.8874 -0.0616
vn 0.3954 0.9160 -0.0678
vn 0.3325 0.9402 -0.0736
vn 0.2695 0.9598 -0.0790
vn 0.2045 0.9753 -0.0840
vn 0.1394 0.9863 -0.0885
vn 0.0710 0.9932 -0.0925
vn -0.0000 0.9954 -0.0955
vn -0.1385 0.9855 -0.0981
vn -0.0707 0.9927 -0.0973
vn -0.2021 0.9744 -0.0987
vn -0.2672 0.9586 -0.0987
vn -0.3860 0.9050 -0.1786
vn -0.3248 0.9283 -0.1808
vn -0.4348 0.8829 -0.1771
vn -0.4872 0.8553 -0.1765
vn -0.5682 0.8045 -0.1729
vn -0.6439 0.7470 -0.1653
vn -0.6988 0.6981 -0.1562
vn -0.7477 0.6478 -0.1459
vn -0.7911 0.5967 -0.1349
vn -0.8305 0.5432 -0.1230
vn -0.8653 0.4888 -0.1108
vn -0.8965 0.4320 -0.0982
vn -0.9235 0.3739 -0.0856
vn -0.9458 0.3164 -0.0734
vn -0.9642 0.2579 -0.0616
vn -0.9790 0.1976 -0.0501
vn -0.9895 0.1390 -0.0394
vn -0.9962 0.0815 -0.0298
vn -0.9995 0.0223 -0.0209
vn -0.9992 -0.0373 -0.0129
vn -0.9953 -0.0963 -0.0060
vn -0.9879 -0.1551 -0.0000
vn -0.9760 -0.2176 0.0059
vn -0.9595 -0.2816 0.0114
vn -0.9386 -0.3447 0.0165
vn -0.9128 -0.4078 0.0213
vn -0.8830 -0.4687 0.0257
vn -0.8500 -0.5259 0.0296
vn -0.8139 -0.5800 0.0328
vn -0.7739 -0.6324 0.0354
vn -0.7288 -0.6837 0.0378
vn -0.6813 -0.7310 0.0395
vn -0.6327 -0.7733 0.0406
vn -0.5809 -0.8129 0.0411
vn -0.5254 -0.8498 0.0411
vn -0.4689 -0.8823 0.0406
vn -0.4084 -0.9119 0.0397
vn -0.3463 -0.9373 0.0383
vn -0.2848 -0.9579 0.0371
vn -0.2198 -0.9749 0.0356
vn -0.1554 -0.9873 0.0331
vn -0.0875 -0.9957 0.0299
vn -0.0177 -0.9995 0.0266
vn 0.0503 -0.9985 0.0237
vn 0.1210 -0.9924 0.0209
vn 0.1912 -0.9814 0.0184
vn 0.2608 -0.9653 0.0163
vn 0.3289 -0.9443 0.0143
vn 0.3965 -0.9180 0.0127
vn 0.4628 -0.8864 0.0117
vn 0.5262 -0.8503 0.0113
vn 0.5873 -0.8093 0.0117
vn 0.6446 -0.7644 0.0127
vn 0.6999 -0.7141 0.0144
vn 0.7491 -0.6623 0.0167
vn 0.7923 -0.6099 0.0193
vn 0.8328 -0.5531 0.0221
vn 0.8679 -0.4962 0.0250
vn 0.8997 -0.4357 0.0278
vn 0.9267 -0.3746 0.0305
vn 0.9486 -0.3147 0.0328
vn 0.9671 -0.2521 0.0346
vn 0.9810 -0.1904 0.0360
vn 0.9908 -0.1303 0.0367
vn 0.9970 -0.0682 0.0366
vn 0.9994 -0.0038 0.0355
vn 0.9978 0.0576 0.0339
vn 0.9928 0.1158 0.0314
vn 0.9843 0.1745 0.0277
vn 0.9718 0.2347 0.0229
vn 0.9555 0.2946 0.0172
vn 0.9362 0.3514 0.0108
vn 0.9138 0.4062 0.0034
vn 0.8870 0.4618 -0.0052
vn 0.8566 0.5157 -0.0146
vn 0.8238 0.5663 -0.0244
vn 0.7860 0.6172 -0.0353
vn 0.7447 0.6657 -0.0467
vn 0.7028 0.7090 -0.0581
vn 0.6567 0.7509 -0.0703
vn 0.6063 0.7909 -0.0828
vn 0.5533 0.8275 -0.0953
vn 0.4977 0.8606 -0.1076
vn 0.4373 0.8913 -0.1199
vn 0.3748 0.9177 -0.1316
vn 0.3138 0.9388 -0.1424
vn 0.2496 0.9562 -0.1526
vn 0.1839 0.9695 -0.1619
vn 0.1105 0.9792 -0.1701
vn 0.0285 0.9839 -0.1765
vn -0.0586 0.9819 -0.1802
vn -0.1884 0.9650 -0.1822
vn -0.1308 0.9747 -0.1814
vn -0.2557 0.9494 -0.1822
vn -0.3792 0.9022 -0.2056
vn -0.3187 0.9246 -0.2086
vn -0.4177 0.8854 -0.2041
vn -0.4647 0.8617 -0.2037
vn -0.5780 0.7919 -0.1971
vn -0.6838 0.7064 -0.1831
vn -0.7415 0.6494 -0.1687
vn -0.7896 0.5942 -0.1533
vn -0.8305 0.5400 -0.1371
vn -0.8658 0.4857 -0.1204
vn -0.8957 0.4325 -0.1038
vn -0.9217 0.3780 -0.0871
vn -0.9434 0.3239 -0.0709
vn -0.9607 0.2719 -0.0558
vn -0.9747 0.2198 -0.0414
vn -0.9860 0.1647 -0.0273
vn -0.9934 0.1135 -0.0148
vn -0.9977 0.0674 -0.0046
vn -0.9998 0.0180 0.0049
vn -0.9994 -0.0329 0.0134
vn -0.9964 -0.0824 0.0203
vn -0.9906 -0.1344 0.0264
vn -0.9806 -0.1933 0.0325
vn -0.9660 -0.2557 0.0385
vn -0.9465 -0.3196 0.0441
vn -0.9221 -0.3839 0.0493
vn -0.8933 -0.4463 0.0540
vn -0.8612 -0.5050 0.0579
vn -0.8278 -0.5577 0.0606
vn -0.7900 -0.6100 0.0627
vn -0.7456 -0.6632 0.0644
vn -0.6998 -0.7113 0.0654
vn -0.6537 -0.7539 0.0654
vn -0.6044 -0.7940 0.0647
vn -0.5503 -0.8326 0.0634
vn -0.4957 -0.8662 0.0623
vn -0.4375 -0.8972 0.0605
vn -0.3765 -0.9247 0.0574
vn -0.3182 -0.9465 0.0531
vn -0.2530 -0.9663 0.0482
vn -0.1895 -0.9809 0.0438
vn -0.1217 -0.9918 0.0391
vn -0.0496 -0.9982 0.0342
vn 0.0201 -0.9994 0.0294
vn 0.0963 -0.9950 0.0248
vn 0.1733 -0.9847 0.0206
vn 0.2496 -0.9682 0.0171
vn 0.3232 -0.9462 0.0141
vn 0.3977 -0.9174 0.0117
vn 0.4730 -0.8810 0.0102
vn 0.5441 -0.8389 0.0101
vn 0.6117 -0.7910 0.0112
vn 0.6743 -0.7384 0.0135
vn 0.7336 -0.6794 0.0169
vn 0.7836 -0.6208 0.0227
vn 0.8245 -0.5651 0.0291
vn 0.8633 -0.5036 0.0345
vn 0.8943 -0.4458 0.0383
vn 0.9232 -0.3821 0.0420
vn 0.9456 -0.3219 0.0470
vn 0.9628 -0.2651 0.0515
vn 0.9774 -0.2040 0.0554
vn 0.9875 -0.1464 0.0586
vn 0.9939 -0.0923 0.0610
vn 0.9974 -0.0366 0.0623
vn 0.9978 0.0239 0.0624
vn 0.9950 0.0783 0.0618
vn 0.9902 0.1261 0.0602
vn 0.9824 0.1778 0.0569
vn 0.9713 0.2318 0.0522
vn 0.9573 0.2855 0.0463
vn 0.9411 0.3358 0.0395
vn 0.9237 0.3818 0.0318
vn 0.9012 0.4329 0.0219
vn 0.8750 0.4841 0.0110
vn 0.8487 0.5288 -0.0002
vn 0.8160 0.5778 -0.0134
vn 0.7805 0.6246 -0.0273
vn 0.7473 0.6632 -0.0408
vn 0.7074 0.7046 -0.0561
vn 0.6623 0.7457 -0.0722
vn 0.6148 0.7837 -0.0885
vn 0.5643 0.8189 -0.1048
vn 0.5068 0.8534 -0.1216
vn 0.4464 0.8842 -0.1378
vn 0.3901 0.9081 -0.1525
vn 0.3289 0.9295 -0.1670
vn 0.2633 0.9477 -0.1806
vn 0.1805 0.9644 -0.1933
vn 0.0765 0.9761 -0.2036
vn -0.0405 0.9771 -0.2090
vn -0.1697 0.9626 -0.2112
vn -0.1214 0.9701 -0.2103
vn -0.2415 0.9472 -0.2109
vn -0.3758 0.9050 -0.1993
vn -0.3159 0.9268 -0.2029
vn -0.4039 0.8931 -0.1983
vn -0.4456 0.8730 -0.1984
vn -0.6072 0.7722 -0.1871
vn -0.7539 0.6365 -0.1628
vn -0.8116 0.5665 -0.1427
vn -0.8538 0.5060 -0.1226
vn -0.8871 0.4501 -0.1027
vn -0.9135 0.3981 -0.0834
vn -0.9346 0.3497 -0.0650
vn -0.9524 0.3013 -0.0471
vn -0.9665 0.2549 -0.0304
vn -0.9771 0.2120 -0.0153
vn -0.9855 0.1695 -0.0013
vn -0.9924 0.1220 0.0127
vn -0.9965 0.0805 0.0244
vn -0.9983 0.0488 0.0328
vn -0.9991 0.0113 0.0407
vn -0.9984 -0.0292 0.0477
vn -0.9963 -0.0677 0.0530
vn -0.9921 -0.1115 0.0578
vn -0.9841 -0.1662 0.0632
vn -0.9716 -0.2267 0.0685
vn -0.9538 -0.2913 0.0737
vn -0.9309 -0.3567 0.0785
vn -0.9034 -0.4208 0.0825
vn -0.8725 -0.4811 0.0858
vn -0.8422 -0.5321 0.0874
vn -0.8070 -0.5839 0.0884
vn -0.7637 -0.6393 0.0891
vn -0.7200 -0.6883 0.0889
vn -0.6770 -0.7308 0.0876
vn -0.6307 -0.7713 0.0855
vn -0.5779 -0.8118 0.0837
vn -0.5270 -0.8460 0.0805
vn -0.4713 -0.8787 0.0756
vn -0.4120 -0.9084 0.0709
vn -0.3588 -0.9311 0.0657
vn -0.2932 -0.9542 0.0598
vn -0.2319 -0.9713 0.0538
vn -0.1643 -0.9853 0.0474
vn -0.0904 -0.9951 0.0408
vn -0.0193 -0.9992 0.0344
vn 0.0642 -0.9975 0.0280
vn 0.1506 -0.9883 0.0224
vn 0.2366 -0.9714 0.0176
vn 0.3177 -0.9481 0.0137
vn 0.4023 -0.9154 0.0106
vn 0.4915 -0.8708 0.0088
vn 0.5739 -0.8189 0.0090
vn 0.6503 -0.7596 0.0111
vn 0.7193 -0.6945 0.0149
vn 0.7833 -0.6212 0.0221
vn 0.8673 -0.4966 0.0344
vn 0.8309 -0.5557 0.0288
vn 0.9019 -0.4298 0.0419
vn 0.9269 -0.3719 0.0510
vn 0.9496 -0.3081 0.0581
vn 0.9662 -0.2501 0.0633
vn 0.9774 -0.1994 0.0695
vn 0.9871 -0.1417 0.0750
vn 0.9927 -0.0903 0.0798
vn 0.9955 -0.0449 0.0836
vn 0.9963 0.0024 0.0863
vn 0.9945 0.0577 0.0875
vn 0.9907 0.1034 0.0881
vn 0.9865 0.1386 0.0878
vn 0.9796 0.1820 0.0855
vn 0.9700 0.2288 0.0817
vn 0.9584 0.2750 0.0767
vn 0.9456 0.3175 0.0707
vn 0.9335 0.3529 0.0640
vn 0.9156 0.3983 0.0546
vn 0.8941 0.4458 0.0439
vn 0.8752 0.4826 0.0333
vn 0.8486 0.5287 0.0200
vn 0.8201 0.5722 0.0061
vn 0.7975 0.6033 -0.0070
vn 0.7659 0.6425 -0.0228
vn 0.7286 0.6838 -0.0401
vn 0.6895 0.7220 -0.0576
vn 0.6474 0.7584 -0.0755
vn 0.5961 0.7973 -0.0946
vn 0.5413 0.8331 -0.1135
vn 0.4950 0.8591 -0.1303
vn 0.4423 0.8847 -0.1474
vn 0.3816 0.9096 -0.1644
vn 0.2866 0.9406 -0.1823
vn 0.1459 0.9694 -0.1976
vn -0.1113 0.9722 -0.2060
vn -0.0169 0.9786 -0.2050
vn -0.1470 0.9672 -0.2071
vn -0.2255 0.9521 -0.2065
vn -0.3729 0.9089 -0.1866
vn -0.3134 0.9303 -0.1906
vn -0.3905 0.9015 -0.1867
vn -0.4277 0.8843 -0.1873
vn -0.6578 0.7344 -0.1673
vn -0.8491 0.5130 -0.1263
vn -0.8974 0.4296 -0.1011
vn -0.9249 0.3717 -0.0797
vn -0.9447 0.3224 -0.0597
vn -0.9587 0.2814 -0.0417
vn -0.9690 0.2456 -0.0254
vn -0.9778 0.2093 -0.0098
vn -0.9844 0.1758 0.0042
vn -0.9892 0.1460 0.0165
vn -0.9929 0.1159 0.0277
vn -0.9962 0.0778 0.0394
vn -0.9977 0.0473 0.0485
vn -0.9981 0.0311 0.0537
vn -0.9982 0.0062 0.0589
vn -0.9977 -0.0238 0.0637
vn -0.9965 -0.0511 0.0668
vn -0.9938 -0.0869 0.0699
vn -0.9877 -0.1373 0.0743
vn -0.9775 -0.1957 0.0789
vn -0.9617 -0.2611 0.0838
vn -0.9407 -0.3277 0.0881
vn -0.9147 -0.3936 0.0919
vn -0.8851 -0.4556 0.0947
vn -0.8580 -0.5047 0.0957
vn -0.8256 -0.5560 0.0961
vn -0.7836 -0.6138 0.0963
vn -0.7420 -0.6635 0.0956
vn -0.7022 -0.7058 0.0937
vn -0.6592 -0.7464 0.0912
vn -0.6085 -0.7888 0.0872
vn -0.5611 -0.8235 0.0834
vn -0.5081 -0.8576 0.0798
vn -0.4512 -0.8893 0.0747
vn -0.4036 -0.9123 0.0692
vn -0.3386 -0.9388 0.0629
vn -0.2808 -0.9581 0.0565
vn -0.2142 -0.9755 0.0497
vn -0.1398 -0.9893 0.0426
vn -0.0680 -0.9970 0.0358
vn 0.0241 -0.9993 0.0287
vn 0.1223 -0.9922 0.0224
vn 0.2207 -0.9752 0.0170
vn 0.3111 -0.9503 0.0128
vn 0.4094 -0.9123 0.0094
vn 0.5185 -0.8550 0.0075
vn 0.6158 -0.7879 0.0080
vn 0.7025 -0.7116 0.0109
vn 0.7779 -0.6281 0.0172
vn 0.8843 -0.4659 0.0296
vn 0.8429 -0.5375 0.0237
vn 0.9130 -0.4061 0.0375
vn 0.9408 -0.3360 0.0455
vn 0.9583 -0.2808 0.0534
vn 0.9734 -0.2208 0.0612
vn 0.9834 -0.1683 0.0684
vn 0.9891 -0.1270 0.0747
vn 0.9940 -0.0747 0.0801
vn 0.9959 -0.0315 0.0848
vn 0.9961 0.0037 0.0887
vn 0.9950 0.0415 0.0913
vn 0.9915 0.0911 0.0925
vn 0.9874 0.1276 0.0933
vn 0.9843 0.1499 0.0935
vn 0.9785 0.1849 0.0916
vn 0.9705 0.2244 0.0882
vn 0.9611 0.2633 0.0838
vn 0.9514 0.2979 0.0786
vn 0.9438 0.3223 0.0731
vn 0.9301 0.3616 0.0646
vn 0.9128 0.4048 0.0547
vn 0.9004 0.4326 0.0457
vn 0.8795 0.4747 0.0334
vn 0.8580 0.5133 0.0207
vn 0.8453 0.5341 0.0098
vn 0.8223 0.5690 -0.0048
vn 0.7939 0.6077 -0.0209
vn 0.7648 0.6432 -0.0372
vn 0.7336 0.6774 -0.0540
vn 0.6917 0.7185 -0.0729
vn 0.6472 0.7568 -0.0916
vn 0.6171 0.7795 -0.1075
vn 0.5812 0.8042 -0.1243
vn 0.5354 0.8326 -0.1421
vn 0.4302 0.8876 -0.1645
vn 0.2383 0.9532 -0.1860
vn -0.0984 0.9757 -0.1956
vn 0.0134 0.9807 -0.1951
vn -0.1179 0.9733 -0.1969
vn -0.2042 0.9592 -0.1957
vn -0.3665 0.9166 -0.1599
vn -0.3071 0.9375 -0.1636
vn -0.3707 0.9147 -0.1611
vn -0.4041 0.9005 -0.1607
vn -0.7556 0.6449 -0.1144
vn -0.9680 0.2477 -0.0404
vn -0.9853 0.1701 -0.0183
vn -0.9893 0.1460 -0.0058
vn -0.9919 0.1266 0.0052
vn -0.9932 0.1159 0.0139
vn -0.9940 0.1073 0.0214
vn -0.9952 0.0938 0.0291
vn -0.9960 0.0816 0.0357
vn -0.9966 0.0712 0.0412
vn -0.9972 0.0584 0.0462
vn -0.9981 0.0330 0.0524
vn -0.9983 0.0162 0.0564
vn -0.9982 0.0184 0.0564
vn -0.9983 0.0081 0.0576
vn -0.9982 -0.0101 0.0591
vn -0.9979 -0.0249 0.0592
vn -0.9969 -0.0516 0.0600
vn -0.9933 -0.0972 0.0624
vn -0.9860 -0.1533 0.0652
vn -0.9732 -0.2195 0.0683
vn -0.9551 -0.2876 0.0710
vn -0.9317 -0.3558 0.0731
vn -0.9043 -0.4203 0.0745
vn -0.8810 -0.4673 0.0741
vn -0.8520 -0.5184 0.0737
vn -0.8119 -0.5791 0.0735
vn -0.7732 -0.6300 0.0725
vn -0.7373 -0.6719 0.0706
vn -0.6982 -0.7127 0.0683
vn -0.6506 -0.7566 0.0657
vn -0.6075 -0.7919 0.0616
vn -0.5579 -0.8279 0.0572
vn -0.5047 -0.8617 0.0534
vn -0.4646 -0.8842 0.0492
vn -0.4010 -0.9150 0.0447
vn -0.3497 -0.9360 0.0400
vn -0.2853 -0.9578 0.0352
vn -0.2128 -0.9766 0.0302
vn -0.1422 -0.9895 0.0255
vn -0.0391 -0.9990 0.0207
vn 0.0765 -0.9969 0.0165
vn 0.1935 -0.9810 0.0129
vn 0.2976 -0.9546 0.0105
vn 0.4181 -0.9083 0.0088
vn 0.5628 -0.8266 0.0084
vn 0.6824 -0.7309 0.0101
vn 0.7803 -0.6253 0.0135
vn 0.9159 -0.4010 0.0200
vn 0.8577 -0.5138 0.0164
vn 0.9452 -0.3254 0.0254
vn 0.9605 -0.2768 0.0303
vn 0.9775 -0.2079 0.0349
vn 0.9856 -0.1640 0.0400
vn 0.9928 -0.1102 0.0464
vn 0.9961 -0.0714 0.0521
vn 0.9974 -0.0448 0.0556
vn 0.9983 -0.0011 0.0584
vn 0.9977 0.0309 0.0607
vn 0.9966 0.0530 0.0625
vn 0.9948 0.0792 0.0635
vn 0.9905 0.1220 0.0635
vn 0.9870 0.1479 0.0632
vn 0.9858 0.1555 0.0629
vn 0.9816 0.1812 0.0610
vn 0.9754 0.2126 0.0581
vn 0.9684 0.2432 0.0546
vn 0.9618 0.2689 0.0507
vn 0.9586 0.2808 0.0472
vn 0.9488 0.3131 0.0413
vn 0.9358 0.3507 0.0343
vn 0.9296 0.3675 0.0286
vn 0.9145 0.4041 0.0202
vn 0.9001 0.4355 0.0120
vn 0.8970 0.4419 0.0061
vn 0.8832 0.4690 -0.0031
vn 0.8651 0.5013 -0.0137
vn 0.8479 0.5295 -0.0245
vn 0.8307 0.5556 -0.0357
vn 0.8029 0.5941 -0.0496
vn 0.7750 0.6288 -0.0634
vn 0.7690 0.6350 -0.0733
vn 0.7614 0.6428 -0.0838
vn 0.7475 0.6573 -0.0959
vn 0.6476 0.7524 -0.1204
vn 0.3881 0.9090 -0.1521
vn -0.0745 0.9827 -0.1698
vn 0.0662 0.9836 -0.1675
vn -0.0677 0.9828 -0.1719
vn -0.1646 0.9715 -0.1704
vn -0.3518 0.9268 -0.1317
vn -0.2895 0.9476 -0.1347
vn -0.3540 0.9259 -0.1321
vn -0.3951 0.9099 -0.1268
vn -0.7952 0.6044 -0.0483
vn -0.9910 0.1262 0.0437
vn -0.9969 0.0529 0.0578
vn -0.9971 0.0466 0.0606
vn -0.9969 0.0486 0.0617
vn -0.9965 0.0561 0.0616
vn -0.9962 0.0623 0.0614
vn -0.9962 0.0603 0.0621
vn -0.9963 0.0586 0.0625
vn -0.9964 0.0585 0.0622
vn -0.9966 0.0539 0.0621
vn -0.9973 0.0381 0.0630
vn -0.9976 0.0297 0.0621
vn -0.9976 0.0364 0.0588
vn -0.9979 0.0304 0.0572
vn -0.9983 0.0178 0.0563
vn -0.9985 0.0092 0.0543
vn -0.9986 -0.0102 0.0528
vn -0.9974 -0.0485 0.0525
vn -0.9939 -0.0968 0.0520
vn -0.9864 -0.1564 0.0512
vn -0.9737 -0.2224 0.0499
vn -0.9554 -0.2915 0.0482
vn -0.9315 -0.3608 0.0464
vn -0.9107 -0.4107 0.0433
vn -0.8835 -0.4667 0.0410
vn -0.8462 -0.5314 0.0395
vn -0.8091 -0.5864 0.0375
vn -0.7749 -0.6311 0.0351
vn -0.7387 -0.6732 0.0324
vn -0.6926 -0.7207 0.0302
vn -0.6513 -0.7583 0.0278
vn -0.6025 -0.7977 0.0256
vn -0.5506 -0.8344 0.0235
vn -0.5127 -0.8583 0.0211
vn -0.4524 -0.8916 0.0191
vn -0.4022 -0.9154 0.0169
vn -0.3406 -0.9401 0.0149
vn -0.2705 -0.9626 0.0131
vn -0.2009 -0.9795 0.0113
vn -0.0931 -0.9956 0.0103
vn 0.0318 -0.9994 0.0097
vn 0.1599 -0.9871 0.0093
vn 0.2746 -0.9615 0.0089
vn 0.5807 -0.8140 0.0118
vn 0.4139 -0.9103 0.0097
vn 0.7115 -0.7025 0.0139
vn 0.8137 -0.5810 0.0162
vn 0.8898 -0.4559 0.0184
vn 0.9417 -0.3359 0.0205
vn 0.9643 -0.2639 0.0221
vn 0.9746 -0.2228 0.0243
vn 0.9868 -0.1600 0.0261
vn 0.9923 -0.1208 0.0269
vn 0.9970 -0.0730 0.0275
vn 0.9987 -0.0427 0.0278
vn 0.9994 -0.0211 0.0278
vn 0.9995 0.0169 0.0274
vn 0.9987 0.0436 0.0268
vn 0.9977 0.0633 0.0261
vn 0.9959 0.0870 0.0255
vn 0.9921 0.1234 0.0242
vn 0.9893 0.1441 0.0229
vn 0.9886 0.1490 0.0218
vn 0.9847 0.1732 0.0201
vn 0.9793 0.2015 0.0182
vn 0.9733 0.2288 0.0161
vn 0.9674 0.2529 0.0139
vn 0.9646 0.2633 0.0127
vn 0.9564 0.2918 0.0104
vn 0.9451 0.3268 0.0072
vn 0.9391 0.3436 0.0053
vn 0.9251 0.3798 0.0020
vn 0.9122 0.4097 -0.0006
vn 0.9115 0.4112 -0.0005
vn 0.9019 0.4320 -0.0028
vn 0.8899 0.4562 -0.0060
vn 0.8812 0.4727 -0.0094
vn 0.8725 0.4883 -0.0139
vn 0.8558 0.5168 -0.0209
vn 0.8398 0.5422 -0.0285
vn 0.8422 0.5382 -0.0327
vn 0.8465 0.5312 -0.0364
vn 0.8487 0.5273 -0.0407
vn 0.7771 0.6266 -0.0594
vn 0.5301 0.8424 -0.0967
vn -0.0197 0.9905 -0.1362
vn 0.1596 0.9793 -0.1248
vn -0.0158 0.9897 -0.1421
vn -0.1248 0.9821 -0.1411
vn -0.3326 0.9372 -0.1051
vn -0.2637 0.9585 -0.1080
vn -0.3561 0.9287 -0.1033
vn -0.4325 0.8970 -0.0910
vn -0.7785 0.6274 -0.0149
vn -0.9763 0.2055 0.0679
vn -0.9919 0.0963 0.0834
vn -0.9940 0.0672 0.0865
vn -0.9938 0.0718 0.0848
vn -0.9934 0.0804 0.0823
vn -0.9930 0.0871 0.0798
vn -0.9933 0.0848 0.0786
vn -0.9935 0.0839 0.0771
vn -0.9934 0.0871 0.0747
vn -0.9938 0.0841 0.0729
vn -0.9944 0.0778 0.0710
vn -0.9948 0.0759 0.0679
vn -0.9951 0.0756 0.0644
vn -0.9959 0.0659 0.0623
vn -0.9967 0.0550 0.0604
vn -0.9971 0.0496 0.0576
vn -0.9977 0.0387 0.0548
vn -0.9985 0.0132 0.0526
vn -0.9986 -0.0184 0.0497
vn -0.9971 -0.0610 0.0461
vn -0.9920 -0.1191 0.0425
vn -0.9817 -0.1864 0.0388
vn -0.9640 -0.2634 0.0356
vn -0.9462 -0.3220 0.0315
vn -0.9205 -0.3898 0.0284
vn -0.8872 -0.4606 0.0261
vn -0.8518 -0.5233 0.0235
vn -0.8175 -0.5756 0.0208
vn -0.7845 -0.6199 0.0178
vn -0.7390 -0.6736 0.0157
vn -0.6961 -0.7178 0.0134
vn -0.6464 -0.7629 0.0117
vn -0.5940 -0.8044 0.0102
vn -0.5526 -0.8334 0.0085
vn -0.4981 -0.8671 0.0073
vn -0.4428 -0.8966 0.0061
vn -0.3840 -0.9233 0.0053
vn -0.3157 -0.9488 0.0047
vn -0.2450 -0.9695 0.0042
vn -0.1372 -0.9905 0.0050
vn -0.0107 -0.9999 0.0061
vn 0.1214 -0.9926 0.0075
vn 0.2470 -0.9690 0.0089
vn 0.4050 -0.9142 0.0113
vn 0.5753 -0.8178 0.0148
vn 0.7040 -0.7100 0.0175
vn 0.8098 -0.5863 0.0195
vn 0.8890 -0.4574 0.0210
vn 0.9395 -0.3419 0.0218
vn 0.9618 -0.2730 0.0217
vn 0.9735 -0.2276 0.0213
vn 0.9848 -0.1723 0.0208
vn 0.9917 -0.1270 0.0200
vn 0.9962 -0.0853 0.0190
vn 0.9982 -0.0567 0.0178
vn 0.9994 -0.0309 0.0166
vn 0.9999 0.0033 0.0151
vn 0.9995 0.0290 0.0135
vn 0.9983 0.0566 0.0119
vn 0.9963 0.0852 0.0108
vn 0.9936 0.1130 0.0093
vn 0.9912 0.1320 0.0077
vn 0.9895 0.1443 0.0064
vn 0.9848 0.1737 0.0050
vn 0.9794 0.2020 0.0037
vn 0.9733 0.2293 0.0024
vn 0.9661 0.2580 0.0011
vn 0.9609 0.2769 0.0008
vn 0.9530 0.3028 0.0002
vn 0.9415 0.3370 -0.0012
vn 0.9310 0.3649 -0.0017
vn 0.9143 0.4051 -0.0027
vn 0.8984 0.4392 -0.0031
vn 0.8961 0.4439 -0.0010
vn 0.8886 0.4588 -0.0001
vn 0.8817 0.4718 0.0002
vn 0.8821 0.4710 0.0006
vn 0.8808 0.4735 -0.0004
vn 0.8749 0.4843 -0.0033
vn 0.8682 0.4962 -0.0072
vn 0.8685 0.4956 -0.0099
vn 0.8739 0.4860 -0.0113
vn 0.8805 0.4739 -0.0124
vn 0.8457 0.5333 -0.0227
vn 0.6987 0.7136 -0.0511
vn 0.3698 0.9248 -0.0897
vn 0.0405 0.9926 -0.1148
vn 0.1135 0.9874 -0.1100
vn -0.0929 0.9891 -0.1139
vn -0.3143 0.9459 -0.0800
vn -0.2386 0.9676 -0.0832
vn -0.3831 0.9207 -0.0743
vn -0.5226 0.8509 -0.0545
vn -0.7950 0.6066 0.0018
vn -0.9615 0.2687 0.0570
vn -0.9882 0.1345 0.0727
vn -0.9931 0.0881 0.0772
vn -0.9926 0.0947 0.0755
vn -0.9919 0.1041 0.0732
vn -0.9913 0.1111 0.0711
vn -0.9916 0.1085 0.0700
vn -0.9918 0.1080 0.0686
vn -0.9913 0.1138 0.0662
vn -0.9916 0.1119 0.0645
vn -0.9917 0.1127 0.0621
vn -0.9915 0.1160 0.0589
vn -0.9923 0.1103 0.0565
vn -0.9937 0.0975 0.0550
vn -0.9947 0.0881 0.0531
vn -0.9951 0.0850 0.0505
vn -0.9956 0.0805 0.0476
vn -0.9969 0.0648 0.0450
vn -0.9981 0.0458 0.0417
vn -0.9991 0.0165 0.0380
vn -0.9988 -0.0347 0.0349
vn -0.9945 -0.0995 0.0321
vn -0.9830 -0.1813 0.0301
vn -0.9688 -0.2463 0.0272
vn -0.9460 -0.3233 0.0252
vn -0.9168 -0.3986 0.0235
vn -0.8838 -0.4674 0.0215
vn -0.8502 -0.5261 0.0195
vn -0.8202 -0.5719 0.0170
vn -0.7757 -0.6309 0.0152
vn -0.7325 -0.6806 0.0134
vn -0.6823 -0.7310 0.0120
vn -0.6301 -0.7764 0.0107
vn -0.5863 -0.8101 0.0093
vn -0.5364 -0.8439 0.0081
vn -0.4779 -0.8784 0.0072
vn -0.4211 -0.9070 0.0064
vn -0.3550 -0.9348 0.0058
vn -0.2832 -0.9590 0.0055
vn -0.1758 -0.9844 0.0061
vn -0.0491 -0.9988 0.0071
vn 0.0857 -0.9963 0.0082
vn 0.2218 -0.9750 0.0095
vn 0.3987 -0.9170 0.0116
vn 0.5718 -0.8203 0.0143
vn 0.6958 -0.7180 0.0161
vn 0.8050 -0.5931 0.0174
vn 0.8868 -0.4618 0.0182
vn 0.9366 -0.3499 0.0184
vn 0.9586 -0.2842 0.0180
vn 0.9716 -0.2359 0.0174
vn 0.9824 -0.1863 0.0166
vn 0.9906 -0.1361 0.0156
vn 0.9950 -0.0993 0.0145
vn 0.9973 -0.0720 0.0132
vn 0.9990 -0.0429 0.0119
vn 0.9999 -0.0118 0.0104
vn 0.9999 0.0132 0.0088
vn 0.9989 0.0472 0.0072
vn 0.9968 0.0797 0.0059
vn 0.9949 0.1006 0.0046
vn 0.9930 0.1184 0.0030
vn 0.9906 0.1367 0.0016
vn 0.9854 0.1701 0.0002
vn 0.9801 0.1984 -0.0011
vn 0.9742 0.2258 -0.0023
vn 0.9661 0.2582 -0.0036
vn 0.9589 0.2836 -0.0043
vn 0.9515 0.3075 -0.0048
vn 0.9400 0.3412 -0.0060
vn 0.9260 0.3773 -0.0070
vn 0.9073 0.4205 -0.0082
vn 0.8892 0.4574 -0.0089
vn 0.8856 0.4644 -0.0078
vn 0.8800 0.4750 -0.0072
vn 0.8773 0.4799 -0.0067
vn 0.8847 0.4661 -0.0058
vn 0.8887 0.4585 -0.0061
vn 0.8905 0.4550 -0.0075
vn 0.8900 0.4559 -0.0099
vn 0.8888 0.4581 -0.0124
vn 0.8947 0.4464 -0.0135
vn 0.9039 0.4275 -0.0141
vn 0.8951 0.4455 -0.0185
vn 0.8435 0.5362 -0.0320
vn 0.6626 0.7465 -0.0611
vn 0.0973 0.9911 -0.0912
vn 0.3390 0.9369 -0.0858
vn -0.0624 0.9941 -0.0892
vn -0.3006 0.9521 -0.0567
vn -0.2175 0.9743 -0.0593
vn -0.4632 0.8851 -0.0460
vn -0.6890 0.7244 -0.0216
vn -0.8476 0.5306 0.0097
vn -0.9499 0.3104 0.0370
vn -0.9854 0.1628 0.0499
vn -0.9929 0.1058 0.0538
vn -0.9922 0.1135 0.0525
vn -0.9911 0.1233 0.0509
vn -0.9902 0.1305 0.0494
vn -0.9906 0.1277 0.0487
vn -0.9907 0.1276 0.0477
vn -0.9898 0.1350 0.0460
vn -0.9900 0.1339 0.0449
vn -0.9893 0.1391 0.0433
vn -0.9885 0.1456 0.0414
vn -0.9898 0.1365 0.0404
vn -0.9917 0.1219 0.0398
vn -0.9928 0.1133 0.0388
vn -0.9930 0.1117 0.0373
vn -0.9932 0.1110 0.0359
vn -0.9942 0.1016 0.0349
vn -0.9953 0.0905 0.0338
vn -0.9970 0.0700 0.0329
vn -0.9992 0.0241 0.0327
vn -0.9988 -0.0379 0.0325
vn -0.9921 -0.1213 0.0323
vn -0.9813 -0.1898 0.0309
vn -0.9619 -0.2718 0.0294
vn -0.9365 -0.3496 0.0273
vn -0.9064 -0.4218 0.0245
vn -0.8742 -0.4852 0.0214
vn -0.8466 -0.5319 0.0179
vn -0.8038 -0.5947 0.0149
vn -0.7610 -0.6487 0.0118
vn -0.7111 -0.7031 0.0090
vn -0.6595 -0.7517 0.0063
vn -0.6141 -0.7892 0.0038
vn -0.5673 -0.8235 0.0018
vn -0.5067 -0.8621 0.0005
vn -0.4513 -0.8924 -0.0005
vn -0.3863 -0.9224 -0.0007
vn -0.3134 -0.9496 -0.0002
vn -0.2060 -0.9786 0.0017
vn -0.0795 -0.9968 0.0044
vn 0.0574 -0.9983 0.0074
vn 0.2018 -0.9794 0.0106
vn 0.3937 -0.9191 0.0158
vn 0.5673 -0.8233 0.0203
vn 0.6867 -0.7266 0.0227
vn 0.7981 -0.6020 0.0242
vn 0.8820 -0.4707 0.0242
vn 0.9318 -0.3623 0.0229
vn 0.9541 -0.2989 0.0206
vn 0.9686 -0.2481 0.0180
vn 0.9794 -0.2015 0.0164
vn 0.9888 -0.1484 0.0148
vn 0.9933 -0.1146 0.0121
vn 0.9961 -0.0875 0.0095
vn 0.9984 -0.0559 0.0072
vn 0.9996 -0.0263 0.0049
vn 1.0000 -0.0014 0.0029
vn 0.9993 0.0373 0.0010
vn 0.9974 0.0725 -0.0005
vn 0.9960 0.0897 -0.0018
vn 0.9942 0.1074 -0.0026
vn 0.9914 0.1307 -0.0027
vn 0.9859 0.1674 -0.0023
vn 0.9805 0.1965 -0.0013
vn 0.9745 0.2245 0.0002
vn 0.9657 0.2597 0.0020
vn 0.9571 0.2897 0.0045
vn 0.9500 0.3123 0.0072
vn 0.9384 0.3454 0.0095
vn 0.9223 0.3862 0.0114
vn 0.9027 0.4301 0.0125
vn 0.8837 0.4679 0.0129
vn 0.8795 0.4757 0.0141
vn 0.8755 0.4830 0.0146
vn 0.8760 0.4821 0.0148
vn 0.8880 0.4595 0.0156
vn 0.8955 0.4448 0.0154
vn 0.9024 0.4307 0.0146
vn 0.9059 0.4233 0.0128
vn 0.9044 0.4266 0.0101
vn 0.9108 0.4128 0.0083
vn 0.9214 0.3886 0.0069
vn 0.9275 0.3737 0.0045
vn 0.9318 0.3630 0.0001
vn 0.9328 0.3603 -0.0089
vn 0.1530 0.9865 -0.0578
vn 0.6636 0.7471 -0.0387
vn -0.0337 0.9976 -0.0611
vn -0.3239 0.9455 -0.0327
vn -0.2168 0.9756 -0.0351
vn -0.5196 0.8542 -0.0196
vn -0.7628 0.6466 0.0018
vn -0.8903 0.4550 0.0196
vn -0.9617 0.2721 0.0338
vn -0.9860 0.1617 0.0410
vn -0.9918 0.1202 0.0429
vn -0.9911 0.1260 0.0418
vn -0.9902 0.1338 0.0407
vn -0.9894 0.1393 0.0397
vn -0.9897 0.1376 0.0391
vn -0.9897 0.1382 0.0382
vn -0.9889 0.1441 0.0371
vn -0.9890 0.1431 0.0363
vn -0.9886 0.1462 0.0353
vn -0.9880 0.1505 0.0344
vn -0.9891 0.1432 0.0341
vn -0.9908 0.1310 0.0338
vn -0.9919 0.1224 0.0332
vn -0.9924 0.1184 0.0325
vn -0.9930 0.1139 0.0321
vn -0.9942 0.1026 0.0322
vn -0.9955 0.0891 0.0327
vn -0.9971 0.0677 0.0337
vn -0.9990 0.0272 0.0353
vn -0.9990 -0.0255 0.0367
vn -0.9948 -0.0945 0.0376
vn -0.9873 -0.1546 0.0368
vn -0.9737 -0.2253 0.0354
vn -0.9551 -0.2943 0.0329
vn -0.9324 -0.3602 0.0294
vn -0.9066 -0.4212 0.0251
vn -0.8822 -0.4704 0.0205
vn -0.8462 -0.5327 0.0163
vn -0.8084 -0.5885 0.0119
vn -0.7640 -0.6452 0.0077
vn -0.7162 -0.6979 0.0036
vn -0.6704 -0.7420 -0.0002
vn -0.6215 -0.7834 -0.0031
vn -0.5600 -0.8285 -0.0050
vn -0.4997 -0.8662 -0.0063
vn -0.4294 -0.9031 -0.0064
vn -0.3484 -0.9373 -0.0053
vn -0.2375 -0.9714 -0.0024
vn -0.1028 -0.9947 0.0018
vn 0.0371 -0.9993 0.0064
vn 0.1819 -0.9832 0.0114
vn 0.3527 -0.9356 0.0184
vn 0.5175 -0.8553 0.0247
vn 0.6456 -0.7632 0.0282
vn 0.7567 -0.6531 0.0304
vn 0.8415 -0.5395 0.0305
vn 0.8969 -0.4414 0.0287
vn 0.9271 -0.3739 0.0256
vn 0.9485 -0.3161 0.0221
vn 0.9647 -0.2627 0.0175
vn 0.9785 -0.2060 0.0137
vn 0.9863 -0.1649 0.0109
vn 0.9917 -0.1287 0.0075
vn 0.9959 -0.0904 0.0045
vn 0.9985 -0.0540 0.0017
vn 0.9998 -0.0211 -0.0005
vn 0.9998 0.0217 -0.0025
vn 0.9981 0.0614 -0.0041
vn 0.9960 0.0897 -0.0050
vn 0.9927 0.1204 -0.0049
vn 0.9877 0.1566 -0.0037
vn 0.9794 0.2018 -0.0016
vn 0.9706 0.2405 0.0014
vn 0.9609 0.2768 0.0053
vn 0.9486 0.3163 0.0097
vn 0.9369 0.3493 0.0145
vn 0.9274 0.3736 0.0196
vn 0.9155 0.4016 0.0243
vn 0.9017 0.4315 0.0281
vn 0.8865 0.4617 0.0306
vn 0.8739 0.4850 0.0318
vn 0.8736 0.4856 0.0328
vn 0.8742 0.4845 0.0332
vn 0.8795 0.4747 0.0331
vn 0.8935 0.4478 0.0333
vn 0.9044 0.4255 0.0329
vn 0.9154 0.4013 0.0320
vn 0.9239 0.3813 0.0304
vn 0.9288 0.3696 0.0277
vn 0.9384 0.3448 0.0252
vn 0.9500 0.3114 0.0230
vn 0.9585 0.2842 0.0205
vn 0.9652 0.2611 0.0180
vn 0.9696 0.2444 0.0155
vn 0.7667 0.6420 -0.0052
vn 0.3026 0.9527 -0.0284
vn 0.0421 0.9985 -0.0351
vn -0.3718 0.9283 -0.0075
vn -0.2264 0.9740 -0.0119
vn -0.5943 0.8042 0.0075
vn -0.8346 0.5502 0.0271
vn -0.9238 0.3810 0.0387
vn -0.9693 0.2415 0.0463
vn -0.9851 0.1646 0.0495
vn -0.9894 0.1362 0.0500
vn -0.9889 0.1404 0.0491
vn -0.9880 0.1466 0.0482
vn -0.9875 0.1507 0.0472
vn -0.9876 0.1499 0.0464
vn -0.9875 0.1510 0.0455
vn -0.9868 0.1556 0.0443
vn -0.9870 0.1547 0.0434
vn -0.9868 0.1561 0.0423
vn -0.9865 0.1583 0.0414
vn -0.9875 0.1526 0.0407
vn -0.9890 0.1424 0.0400
vn -0.9902 0.1339 0.0392
vn -0.9911 0.1278 0.0383
vn -0.9920 0.1201 0.0376
vn -0.9935 0.1072 0.0374
vn -0.9951 0.0917 0.0375
vn -0.9969 0.0693 0.0379
vn -0.9987 0.0333 0.0386
vn -0.9992 -0.0117 0.0390
vn -0.9969 -0.0689 0.0388
vn -0.9919 -0.1216 0.0375
vn -0.9825 -0.1828 0.0356
vn -0.9693 -0.2438 0.0329
vn -0.9523 -0.3037 0.0294
vn -0.9318 -0.3620 0.0255
vn -0.9105 -0.4130 0.0213
vn -0.8804 -0.4739 0.0174
vn -0.8474 -0.5307 0.0134
vn -0.8084 -0.5886 0.0095
vn -0.7647 -0.6444 0.0058
vn -0.7195 -0.6945 0.0024
vn -0.6694 -0.7429 -0.0002
vn -0.6078 -0.7941 -0.0019
vn -0.5440 -0.8391 -0.0030
vn -0.4690 -0.8832 -0.0031
vn -0.3814 -0.9244 -0.0020
vn -0.2672 -0.9637 0.0004
vn -0.1264 -0.9920 0.0040
vn 0.0161 -0.9998 0.0078
vn 0.1615 -0.9868 0.0119
vn 0.3213 -0.9468 0.0172
vn 0.4772 -0.8785 0.0218
vn 0.6100 -0.7920 0.0247
vn 0.7202 -0.6933 0.0263
vn 0.8048 -0.5930 0.0262
vn 0.8636 -0.5036 0.0247
vn 0.9003 -0.4346 0.0221
vn 0.9277 -0.3728 0.0192
vn 0.9487 -0.3157 0.0161
vn 0.9664 -0.2566 0.0121
vn 0.9779 -0.2090 0.0088
vn 0.9860 -0.1665 0.0066
vn 0.9924 -0.1228 0.0039
vn 0.9967 -0.0810 0.0015
vn 0.9991 -0.0416 -0.0006
vn 1.0000 0.0044 -0.0023
vn 0.9988 0.0480 -0.0039
vn 0.9963 0.0856 -0.0049
vn 0.9919 0.1273 -0.0048
vn 0.9848 0.1739 -0.0035
vn 0.9741 0.2259 -0.0016
vn 0.9622 0.2722 0.0011
vn 0.9492 0.3147 0.0045
vn 0.9343 0.3565 0.0073
vn 0.9200 0.3919 0.0103
vn 0.9087 0.4173 0.0142
vn 0.8973 0.4411 0.0180
vn 0.8863 0.4626 0.0211
vn 0.8757 0.4822 0.0231
vn 0.8688 0.4946 0.0242
vn 0.8716 0.4897 0.0248
vn 0.8760 0.4817 0.0249
vn 0.8850 0.4650 0.0245
vn 0.9003 0.4346 0.0241
vn 0.9137 0.4057 0.0232
vn 0.9275 0.3732 0.0220
vn 0.9394 0.3423 0.0203
vn 0.9482 0.3173 0.0179
vn 0.9590 0.2830 0.0153
vn 0.9703 0.2417 0.0128
vn 0.9789 0.2043 0.0103
vn 0.9852 0.1712 0.0078
vn 0.9895 0.1442 0.0056
vn 0.8722 0.4891 -0.0047
vn 0.5104 0.8598 -0.0162
vn 0.1546 0.9878 -0.0175
vn -0.4752 0.8797 0.0173
vn -0.2667 0.9637 0.0105
vn -0.6975 0.7159 0.0313
vn -0.9007 0.4320 0.0450
vn -0.9503 0.3072 0.0507
vn -0.9748 0.2164 0.0538
vn -0.9840 0.1693 0.0548
vn -0.9869 0.1520 0.0545
vn -0.9865 0.1548 0.0538
vn -0.9858 0.1596 0.0529
vn -0.9853 0.1626 0.0521
vn -0.9854 0.1624 0.0513
vn -0.9852 0.1640 0.0503
vn -0.9846 0.1675 0.0493
vn -0.9848 0.1668 0.0483
vn -0.9849 0.1667 0.0474
vn -0.9848 0.1672 0.0464
vn -0.9856 0.1628 0.0456
vn -0.9870 0.1543 0.0447
vn -0.9883 0.1458 0.0437
vn -0.9895 0.1381 0.0427
vn -0.9909 0.1278 0.0420
vn -0.9927 0.1134 0.0416
vn -0.9945 0.0962 0.0414
vn -0.9965 0.0731 0.0414
vn -0.9983 0.0408 0.0415
vn -0.9991 0.0022 0.0412
vn -0.9982 -0.0450 0.0404
vn -0.9950 -0.0918 0.0388
vn -0.9888 -0.1449 0.0367
vn -0.9794 -0.1990 0.0338
vn -0.9669 -0.2534 0.0305
vn -0.9508 -0.3088 0.0268
vn -0.9322 -0.3611 0.0230
vn -0.9072 -0.4202 0.0194
vn -0.8786 -0.4773 0.0157
vn -0.8445 -0.5354 0.0120
vn -0.8049 -0.5934 0.0086
vn -0.7609 -0.6488 0.0056
vn -0.7105 -0.7037 0.0032
vn -0.6495 -0.7603 0.0015
vn -0.5831 -0.8124 0.0005
vn -0.5043 -0.8635 0.0004
vn -0.4113 -0.9115 0.0013
vn -0.2944 -0.9557 0.0032
vn -0.1488 -0.9888 0.0062
vn -0.0047 -0.9999 0.0091
vn 0.1417 -0.9898 0.0124
vn 0.2954 -0.9552 0.0163
vn 0.4436 -0.8960 0.0196
vn 0.5788 -0.8152 0.0218
vn 0.6881 -0.7253 0.0228
vn 0.7721 -0.6351 0.0225
vn 0.8330 -0.5529 0.0210
vn 0.8750 -0.4838 0.0188
vn 0.9075 -0.4197 0.0163
vn 0.9329 -0.3598 0.0137
vn 0.9538 -0.3002 0.0110
vn 0.9688 -0.2476 0.0076
vn 0.9798 -0.1999 0.0044
vn 0.9884 -0.1519 0.0022
vn 0.9944 -0.1059 0.0002
vn 0.9981 -0.0610 -0.0014
vn 0.9999 -0.0125 -0.0028
vn 0.9994 0.0345 -0.0039
vn 0.9914 0.1304 -0.0042
vn 0.9968 0.0797 -0.0043
vn 0.9826 0.1855 -0.0034
vn 0.9700 0.2430 -0.0018
vn 0.9554 0.2953 0.0003
vn 0.9396 0.3424 0.0029
vn 0.9224 0.3861 0.0067
vn 0.9062 0.4227 0.0108
vn 0.8936 0.4487 0.0141
vn 0.8830 0.4691 0.0170
vn 0.8747 0.4842 0.0192
vn 0.8682 0.4957 0.0206
vn 0.8660 0.4996 0.0211
vn 0.8712 0.4904 0.0211
vn 0.8788 0.4767 0.0206
vn 0.8905 0.4545 0.0197
vn 0.9068 0.4211 0.0185
vn 0.9220 0.3868 0.0171
vn 0.9377 0.3471 0.0152
vn 0.9517 0.3068 0.0128
vn 0.9627 0.2704 0.0100
vn 0.9736 0.2281 0.0071
vn 0.9836 0.1802 0.0041
vn 0.9909 0.1343 0.0012
vn 0.9957 0.0931 -0.0015
vn 0.9983 0.0577 -0.0039
vn 0.7664 0.6423 -0.0057
vn 0.9578 0.2872 -0.0048
vn 0.3283 0.9446 -0.0010
vn -0.7205 0.6923 0.0406
vn -0.3979 0.9168 0.0339
vn -0.8517 0.5217 0.0483
vn -0.9548 0.2924 0.0541
vn -0.9707 0.2337 0.0566
vn -0.9792 0.1945 0.0580
vn -0.9829 0.1745 0.0584
vn -0.9843 0.1669 0.0581
vn -0.9840 0.1685 0.0574
vn -0.9834 0.1721 0.0567
vn -0.9831 0.1741 0.0560
vn -0.9831 0.1746 0.0553
vn -0.9828 0.1766 0.0545
vn -0.9824 0.1792 0.0536
vn -0.9825 0.1785 0.0527
vn -0.9828 0.1772 0.0518
vn -0.9830 0.1761 0.0509
vn -0.9837 0.1729 0.0501
vn -0.9849 0.1659 0.0492
vn -0.9863 0.1576 0.0480
vn -0.9878 0.1483 0.0468
vn -0.9897 0.1357 0.0460
vn -0.9917 0.1201 0.0454
vn -0.9938 0.1015 0.0449
vn -0.9960 0.0777 0.0446
vn -0.9978 0.0487 0.0443
vn -0.9989 0.0156 0.0436
vn -0.9988 -0.0232 0.0425
vn -0.9971 -0.0647 0.0408
vn -0.9931 -0.1107 0.0387
vn -0.9867 -0.1587 0.0361
vn -0.9776 -0.2080 0.0332
vn -0.9650 -0.2607 0.0300
vn -0.9491 -0.3139 0.0268
vn -0.9284 -0.3708 0.0236
vn -0.9037 -0.4277 0.0205
vn -0.8741 -0.4855 0.0173
vn -0.8384 -0.5448 0.0143
vn -0.7962 -0.6050 0.0116
vn -0.7461 -0.6658 0.0094
vn -0.6862 -0.7274 0.0077
vn -0.6179 -0.7862 0.0065
vn -0.5360 -0.8442 0.0060
vn -0.4385 -0.8987 0.0062
vn -0.3193 -0.9476 0.0072
vn -0.1698 -0.9854 0.0089
vn -0.0249 -0.9996 0.0106
vn 0.1226 -0.9924 0.0127
vn 0.2731 -0.9619 0.0152
vn 0.4145 -0.9099 0.0172
vn 0.5511 -0.8342 0.0186
vn 0.6594 -0.7515 0.0191
vn 0.7426 -0.6695 0.0186
vn 0.8048 -0.5933 0.0174
vn 0.8511 -0.5247 0.0155
vn 0.8881 -0.4594 0.0135
vn 0.9174 -0.3978 0.0113
vn 0.9412 -0.3376 0.0090
vn 0.9594 -0.2820 0.0067
vn 0.9733 -0.2296 0.0045
vn 0.9840 -0.1782 0.0025
vn 0.9917 -0.1285 0.0008
vn 0.9969 -0.0790 -0.0007
vn 0.9996 -0.0284 -0.0017
vn 0.9998 0.0215 -0.0025
vn 0.9973 0.0733 -0.0029
vn 0.9913 0.1315 -0.0025
vn 0.9810 0.1939 -0.0015
vn 0.9667 0.2558 0.0001
vn 0.9498 0.3128 0.0020
vn 0.9315 0.3636 0.0042
vn 0.9124 0.4092 0.0066
vn 0.8950 0.4460 0.0089
vn 0.8813 0.4724 0.0111
vn 0.8716 0.4901 0.0131
vn 0.8658 0.5002 0.0146
vn 0.8628 0.5052 0.0155
vn 0.8647 0.5021 0.0156
vn 0.8719 0.4895 0.0150
vn 0.8820 0.4711 0.0140
vn 0.8959 0.4441 0.0125
vn 0.9129 0.4081 0.0106
vn 0.9294 0.3691 0.0084
vn 0.9464 0.3231 0.0058
vn 0.9616 0.2746 0.0029
vn 0.9736 0.2281 -0.0003
vn 0.9839 0.1788 -0.0037
vn 0.9921 0.1254 -0.0073
vn 0.9973 0.0724 -0.0107
vn 0.9996 0.0245 -0.0139
vn 0.9997 -0.0176 -0.0168
vn 0.9984 0.0537 -0.0175
vn 0.9740 0.2257 -0.0172
vn 0.5805 0.8142 0.0038
vn -0.6313 0.7733 0.0595
vn -0.9802 0.1900 0.0554
vn -0.9802 0.1891 0.0581
vn -0.9804 0.1878 0.0591
vn -0.9807 0.1861 0.0595
vn -0.9811 0.1841 0.0595
vn -0.9816 0.1818 0.0591
vn -0.9819 0.1802 0.0585
vn -0.9818 0.1808 0.0579
vn -0.9814 0.1834 0.0574
vn -0.9811 0.1848 0.0568
vn -0.9810 0.1855 0.0561
vn -0.9807 0.1877 0.0554
vn -0.9804 0.1895 0.0548
vn -0.9806 0.1887 0.0540
vn -0.9810 0.1866 0.0533
vn -0.9815 0.1844 0.0525
vn -0.9820 0.1817 0.0518
vn -0.9831 0.1757 0.0510
vn -0.9863 0.1573 0.0497
vn -0.9846 0.1674 0.0503
vn -0.9885 0.1433 0.0489
vn -0.9907 0.1272 0.0482
vn -0.9930 0.1078 0.0474
vn -0.9954 0.0840 0.0467
vn -0.9973 0.0574 0.0460
vn -0.9986 0.0281 0.0451
vn -0.9990 -0.0048 0.0438
vn -0.9982 -0.0427 0.0422
vn -0.9956 -0.0840 0.0406
vn -0.9911 -0.1277 0.0389
vn -0.9841 -0.1737 0.0370
vn -0.9738 -0.2246 0.0350
vn -0.9599 -0.2783 0.0331
vn -0.9422 -0.3335 0.0312
vn -0.9204 -0.3898 0.0295
vn -0.8943 -0.4466 0.0278
vn -0.8620 -0.5062 0.0258
vn -0.8220 -0.5689 0.0238
vn -0.7735 -0.6334 0.0219
vn -0.7157 -0.6981 0.0202
vn -0.6476 -0.7617 0.0185
vn -0.5651 -0.8248 0.0171
vn -0.4658 -0.8848 0.0159
vn -0.3460 -0.9381 0.0149
vn -0.1938 -0.9809 0.0142
vn -0.0466 -0.9988 0.0135
vn 0.1043 -0.9945 0.0134
vn 0.2562 -0.9665 0.0136
vn 0.3946 -0.9187 0.0139
vn 0.5320 -0.8466 0.0141
vn 0.6392 -0.7689 0.0140
vn 0.7210 -0.6928 0.0136
vn 0.7834 -0.6214 0.0128
vn 0.8321 -0.5545 0.0116
vn 0.8718 -0.4898 0.0099
vn 0.9038 -0.4279 0.0081
vn 0.9297 -0.3681 0.0064
vn 0.9504 -0.3109 0.0046
vn 0.9667 -0.2560 0.0029
vn 0.9794 -0.2021 0.0013
vn 0.9888 -0.1494 -0.0002
vn 0.9954 -0.0956 -0.0012
vn 0.9991 -0.0416 -0.0018
vn 0.9999 0.0121 -0.0019
vn 0.9976 0.0696 -0.0016
vn 0.9911 0.1331 -0.0006
vn 0.9799 0.1997 0.0007
vn 0.9647 0.2633 0.0021
vn 0.9468 0.3217 0.0034
vn 0.9278 0.3732 0.0046
vn 0.9084 0.4180 0.0054
vn 0.8910 0.4540 0.0058
vn 0.8775 0.4796 0.0058
vn 0.8689 0.4950 0.0054
vn 0.8650 0.5017 0.0046
vn 0.8646 0.5025 0.0033
vn 0.8689 0.4950 0.0015
vn 0.8773 0.4800 -0.0008
vn 0.8887 0.4585 -0.0034
vn 0.9036 0.4283 -0.0065
vn 0.9205 0.3906 -0.0100
vn 0.9372 0.3486 -0.0135
vn 0.9542 0.2988 -0.0173
vn 0.9692 0.2453 -0.0212
vn 0.9810 0.1926 -0.0251
vn 0.9898 0.1393 -0.0289
vn 0.9960 0.0830 -0.0326
vn 0.9990 0.0259 -0.0362
vn 0.9989 -0.0258 -0.0393
vn 0.9965 -0.0716 -0.0421
vn 0.9931 -0.1083 -0.0443
vn 0.9907 -0.1280 -0.0465
vn 0.7520 0.6591 -0.0063
vn -0.6213 0.7800 0.0739
vn -0.9776 0.2014 0.0606
vn -0.9777 0.2013 0.0605
vn -0.9779 0.2001 0.0602
vn -0.9784 0.1981 0.0599
vn -0.9789 0.1957 0.0594
vn -0.9794 0.1933 0.0589
vn -0.9799 0.1910 0.0584
vn -0.9799 0.1907 0.0579
vn -0.9795 0.1928 0.0575
vn -0.9793 0.1940 0.0571
vn -0.9793 0.1944 0.0565
vn -0.9790 0.1961 0.0560
vn -0.9788 0.1973 0.0555
vn -0.9790 0.1962 0.0549
vn -0.9795 0.1938 0.0543
vn -0.9801 0.1912 0.0537
vn -0.9807 0.1882 0.0530
vn -0.9819 0.1822 0.0524
vn -0.9834 0.1738 0.0517
vn -0.9852 0.1638 0.0509
vn -0.9874 0.1504 0.0502
vn -0.9897 0.1347 0.0493
vn -0.9921 0.1160 0.0484
vn -0.9945 0.0930 0.0475
vn -0.9966 0.0677 0.0464
vn -0.9982 0.0395 0.0453
vn -0.9986 -0.0292 0.0435
vn -0.9990 0.0076 0.0444
vn -0.9967 -0.0696 0.0422
vn -0.9928 -0.1126 0.0410
vn -0.9865 -0.1588 0.0397
vn -0.9769 -0.2100 0.0384
vn -0.9638 -0.2640 0.0372
vn -0.9471 -0.3188 0.0361
vn -0.9266 -0.3744 0.0346
vn -0.9020 -0.4304 0.0331
vn -0.8717 -0.4890 0.0317
vn -0.8343 -0.5505 0.0303
vn -0.7888 -0.6140 0.0287
vn -0.7342 -0.6784 0.0270
vn -0.6696 -0.7423 0.0252
vn -0.5905 -0.8067 0.0232
vn -0.4944 -0.8690 0.0212
vn -0.3769 -0.9261 0.0190
vn -0.2241 -0.9744 0.0167
vn -0.0705 -0.9974 0.0147
vn 0.0887 -0.9960 0.0132
vn 0.2477 -0.9688 0.0120
vn 0.3909 -0.9204 0.0111
vn 0.5286 -0.8488 0.0103
vn 0.6341 -0.7732 0.0097
vn 0.7137 -0.7004 0.0090
vn 0.7745 -0.6325 0.0082
vn 0.8226 -0.5686 0.0072
vn 0.8945 -0.4470 0.0054
vn 0.8622 -0.5065 0.0065
vn 0.9213 -0.3888 0.0039
vn 0.9430 -0.3327 0.0026
vn 0.9607 -0.2775 0.0013
vn 0.9749 -0.2228 0.0001
vn 0.9858 -0.1677 -0.0010
vn 0.9940 -0.1098 -0.0017
vn 0.9987 -0.0501 -0.0019
vn 1.0000 0.0096 -0.0015
vn 0.9974 0.0715 -0.0005
vn 0.9906 0.1366 0.0009
vn 0.9793 0.2023 0.0026
vn 0.9648 0.2630 0.0041
vn 0.9484 0.3171 0.0053
vn 0.9313 0.3643 0.0059
vn 0.9144 0.4048 0.0060
vn 0.8994 0.4370 0.0055
vn 0.8880 0.4599 0.0043
vn 0.8808 0.4734 0.0026
vn 0.8780 0.4787 0.0004
vn 0.8782 0.4783 -0.0022
vn 0.8827 0.4700 -0.0053
vn 0.8907 0.4545 -0.0086
vn 0.9016 0.4325 -0.0123
vn 0.9156 0.4018 -0.0164
vn 0.9311 0.3642 -0.0208
vn 0.9463 0.3222 -0.0252
vn 0.9615 0.2730 -0.0299
vn 0.9748 0.2204 -0.0345
vn 0.9849 0.1685 -0.0388
vn 0.9923 0.1165 -0.0428
vn 0.9970 0.0616 -0.0468
vn 0.9987 0.0054 -0.0506
vn 0.9975 -0.0455 -0.0538
vn 0.9943 -0.0904 -0.0565
vn 0.9902 -0.1265 -0.0586
vn 0.9873 -0.1471 -0.0599
vn 0.7629 0.6465 -0.0048
vn -0.6147 0.7844 0.0835
vn -0.9753 0.2123 0.0610
vn -0.9753 0.2122 0.0609
vn -0.9756 0.2108 0.0606
vn -0.9762 0.2084 0.0603
vn -0.9768 0.2057 0.0598
vn -0.9774 0.2030 0.0594
vn -0.9780 0.2001 0.0588
vn -0.9782 0.1991 0.0584
vn -0.9779 0.2007 0.0581
vn -0.9777 0.2017 0.0577
vn -0.9777 0.2018 0.0573
vn -0.9775 0.2032 0.0569
vn -0.9774 0.2039 0.0565
vn -0.9777 0.2024 0.0560
vn -0.9783 0.1999 0.0555
vn -0.9789 0.1969 0.0549
vn -0.9796 0.1935 0.0544
vn -0.9808 0.1876 0.0538
vn -0.9824 0.1792 0.0531
vn -0.9842 0.1693 0.0524
vn -0.9864 0.1563 0.0516
vn -0.9887 0.1410 0.0508
vn -0.9912 0.1229 0.0499
vn -0.9937 0.1008 0.0489
vn -0.9959 0.0765 0.0479
vn -0.9977 0.0492 0.0467
vn -0.9988 0.0180 0.0455
vn -0.9989 -0.0177 0.0443
vn -0.9974 -0.0573 0.0430
vn -0.9941 -0.0998 0.0416
vn -0.9884 -0.1461 0.0403
vn -0.9795 -0.1977 0.0391
vn -0.9670 -0.2520 0.0378
vn -0.9512 -0.3063 0.0366
vn -0.9319 -0.3610 0.0353
vn -0.9085 -0.4166 0.0341
vn -0.8798 -0.4742 0.0327
vn -0.8447 -0.5344 0.0313
vn -0.8017 -0.5970 0.0297
vn -0.7501 -0.6607 0.0280
vn -0.6886 -0.7246 0.0262
vn -0.6128 -0.7898 0.0242
vn -0.5198 -0.8540 0.0221
vn -0.4049 -0.9141 0.0199
vn -0.2522 -0.9675 0.0174
vn -0.0923 -0.9956 0.0150
vn 0.0747 -0.9971 0.0131
vn 0.2408 -0.9705 0.0114
vn 0.3884 -0.9214 0.0100
vn 0.5261 -0.8504 0.0088
vn 0.6299 -0.7767 0.0079
vn 0.7074 -0.7068 0.0070
vn 0.7668 -0.6419 0.0061
vn 0.8142 -0.5806 0.0052
vn 0.8538 -0.5205 0.0042
vn 0.9136 -0.4066 0.0023
vn 0.8862 -0.4632 0.0033
vn 0.9362 -0.3514 0.0012
vn 0.9552 -0.2961 0.0002
vn 0.9706 -0.2406 -0.0007
vn 0.9830 -0.1835 -0.0014
vn 0.9925 -0.1220 -0.0018
vn 0.9984 -0.0573 -0.0016
vn 1.0000 0.0078 -0.0009
vn 0.9973 0.0736 0.0004
vn 0.9901 0.1401 0.0021
vn 0.9788 0.2049 0.0040
vn 0.9648 0.2628 0.0058
vn 0.9497 0.3132 0.0071
vn 0.9343 0.3564 0.0081
vn 0.9195 0.3931 0.0085
vn 0.9066 0.4218 0.0083
vn 0.8969 0.4421 0.0075
vn 0.8910 0.4539 0.0061
vn 0.8890 0.4578 0.0042
vn 0.8898 0.4563 0.0019
vn 0.8943 0.4474 -0.0008
vn 0.9021 0.4316 -0.0039
vn 0.9125 0.4091 -0.0075
vn 0.9256 0.3782 -0.0115
vn 0.9400 0.3407 -0.0159
vn 0.9541 0.2989 -0.0205
vn 0.9678 0.2504 -0.0254
vn 0.9796 0.1986 -0.0303
vn 0.9884 0.1476 -0.0349
vn 0.9945 0.0970 -0.0394
vn 0.9981 0.0433 -0.0438
vn 0.9988 -0.0122 -0.0481
vn 0.9967 -0.0623 -0.0519
vn 0.9928 -0.1065 -0.0551
vn 0.9882 -0.1421 -0.0577
vn 0.9848 -0.1631 -0.0592
vn 0.7710 0.6368 0.0068
vn -0.6089 0.7880 0.0911
vn -0.9733 0.2213 0.0610
vn -0.9733 0.2212 0.0609
vn -0.9737 0.2198 0.0607
vn -0.9743 0.2170 0.0603
vn -0.9750 0.2139 0.0599
vn -0.9757 0.2110 0.0594
vn -0.9764 0.2076 0.0589
vn -0.9768 0.2058 0.0585
vn -0.9766 0.2070 0.0583
vn -0.9764 0.2079 0.0581
vn -0.9765 0.2077 0.0577
vn -0.9763 0.2087 0.0575
vn -0.9762 0.2090 0.0572
vn -0.9766 0.2072 0.0568
vn -0.9772 0.2045 0.0563
vn -0.9780 0.2012 0.0559
vn -0.9787 0.1975 0.0554
vn -0.9799 0.1916 0.0549
vn -0.9816 0.1832 0.0543
vn -0.9834 0.1733 0.0537
vn -0.9856 0.1607 0.0530
vn -0.9879 0.1458 0.0522
vn -0.9904 0.1283 0.0513
vn -0.9930 0.1069 0.0504
vn -0.9953 0.0836 0.0494
vn -0.9972 0.0572 0.0483
vn -0.9985 0.0267 0.0471
vn -0.9989 -0.0082 0.0459
vn -0.9979 -0.0469 0.0446
vn -0.9951 -0.0890 0.0433
vn -0.9899 -0.1354 0.0419
vn -0.9814 -0.1874 0.0406
vn -0.9695 -0.2418 0.0393
vn -0.9545 -0.2958 0.0381
vn -0.9361 -0.3498 0.0368
vn -0.9138 -0.4047 0.0356
vn -0.8866 -0.4614 0.0342
vn -0.8533 -0.5204 0.0328
vn -0.8127 -0.5819 0.0312
vn -0.7637 -0.6449 0.0295
vn -0.7050 -0.7087 0.0277
vn -0.6322 -0.7743 0.0258
vn -0.5423 -0.8399 0.0236
vn -0.4301 -0.9025 0.0212
vn -0.2779 -0.9604 0.0184
vn -0.1119 -0.9936 0.0157
vn 0.0630 -0.9979 0.0132
vn 0.2357 -0.9718 0.0109
vn 0.3875 -0.9218 0.0090
vn 0.5249 -0.8511 0.0074
vn 0.6269 -0.7791 0.0061
vn 0.7023 -0.7119 0.0051
vn 0.7602 -0.6497 0.0041
vn 0.8069 -0.5906 0.0032
vn 0.8464 -0.5326 0.0023
vn 0.9067 -0.4218 0.0007
vn 0.8790 -0.4768 0.0016
vn 0.9301 -0.3673 -0.0004
vn 0.9501 -0.3120 -0.0012
vn 0.9667 -0.2559 -0.0018
vn 0.9804 -0.1970 -0.0023
vn 0.9912 -0.1322 -0.0023
vn 0.9980 -0.0630 -0.0018
vn 1.0000 0.0071 -0.0007
vn 0.9971 0.0763 0.0009
vn 0.9896 0.1440 0.0029
vn 0.9781 0.2079 0.0050
vn 0.9647 0.2634 0.0069
vn 0.9506 0.3104 0.0084
vn 0.9367 0.3501 0.0095
vn 0.9236 0.3832 0.0102
vn 0.9126 0.4088 0.0102
vn 0.9044 0.4266 0.0097
vn 0.8996 0.4367 0.0086
vn 0.8982 0.4394 0.0070
vn 0.8995 0.4368 0.0051
vn 0.9040 0.4274 0.0026
vn 0.9115 0.4113 -0.0004
vn 0.9215 0.3885 -0.0038
vn 0.9339 0.3574 -0.0077
vn 0.9473 0.3200 -0.0121
vn 0.9603 0.2784 -0.0168
vn 0.9728 0.2306 -0.0218
vn 0.9834 0.1796 -0.0269
vn 0.9911 0.1295 -0.0318
vn 0.9961 0.0800 -0.0365
vn 0.9988 0.0275 -0.0413
vn 0.9986 -0.0272 -0.0460
vn 0.9958 -0.0767 -0.0502
vn 0.9913 -0.1203 -0.0539
vn 0.9862 -0.1554 -0.0567
vn 0.9825 -0.1768 -0.0585
vn 0.7780 0.6281 0.0165
vn -0.6044 0.7908 0.0966
vn -0.9717 0.2285 0.0603
vn -0.9717 0.2283 0.0602
vn -0.9721 0.2268 0.0600
vn -0.9729 0.2236 0.0596
vn -0.9736 0.2202 0.0592
vn -0.9744 0.2171 0.0588
vn -0.9753 0.2132 0.0583
vn -0.9758 0.2108 0.0579
vn -0.9756 0.2116 0.0578
vn -0.9755 0.2124 0.0577
vn -0.9756 0.2119 0.0574
vn -0.9755 0.2126 0.0573
vn -0.9755 0.2125 0.0571
vn -0.9760 0.2104 0.0568
vn -0.9766 0.2075 0.0565
vn -0.9774 0.2038 0.0561
vn -0.9782 0.1999 0.0558
vn -0.9794 0.1940 0.0554
vn -0.9811 0.1856 0.0549
vn -0.9829 0.1758 0.0544
vn -0.9851 0.1636 0.0538
vn -0.9874 0.1490 0.0531
vn -0.9899 0.1320 0.0523
vn -0.9924 0.1114 0.0515
vn -0.9948 0.0889 0.0506
vn -0.9968 0.0633 0.0496
vn -0.9983 0.0335 0.0485
vn -0.9989 -0.0006 0.0473
vn -0.9982 -0.0386 0.0461
vn -0.9958 -0.0803 0.0448
vn -0.9910 -0.1267 0.0435
vn -0.9829 -0.1791 0.0422
vn -0.9715 -0.2336 0.0409
vn -0.9571 -0.2872 0.0397
vn -0.9394 -0.3406 0.0384
vn -0.9180 -0.3948 0.0372
vn -0.8920 -0.4505 0.0359
vn -0.8605 -0.5083 0.0344
vn -0.8219 -0.5688 0.0329
vn -0.7752 -0.6309 0.0312
vn -0.7191 -0.6943 0.0294
vn -0.6492 -0.7601 0.0274
vn -0.5622 -0.8266 0.0252
vn -0.4529 -0.8913 0.0227
vn -0.3015 -0.9533 0.0196
vn -0.1296 -0.9914 0.0163
vn 0.0532 -0.9985 0.0133
vn 0.2327 -0.9725 0.0104
vn 0.3885 -0.9214 0.0080
vn 0.5252 -0.8510 0.0059
vn 0.6252 -0.7805 0.0044
vn 0.6984 -0.7157 0.0032
vn 0.7549 -0.6559 0.0021
vn 0.8009 -0.5988 0.0012
vn 0.8400 -0.5425 0.0003
vn 0.8728 -0.4881 -0.0006
vn 0.9247 -0.3808 -0.0020
vn 0.9006 -0.4347 -0.0013
vn 0.9456 -0.3254 -0.0026
vn 0.9632 -0.2687 -0.0031
vn 0.9781 -0.2082 -0.0033
vn 0.9901 -0.1403 -0.0030
vn 0.9977 -0.0670 -0.0022
vn 1.0000 0.0077 -0.0008
vn 0.9968 0.0800 0.0011
vn 0.9889 0.1489 0.0033
vn 0.9773 0.2120 0.0056
vn 0.9642 0.2652 0.0077
vn 0.9510 0.3089 0.0094
vn 0.9384 0.3454 0.0107
vn 0.9269 0.3751 0.0115
vn 0.9174 0.3977 0.0117
vn 0.9105 0.4132 0.0114
vn 0.9067 0.4217 0.0106
vn 0.9059 0.4233 0.0093
vn 0.9076 0.4197 0.0075
vn 0.9122 0.4098 0.0052
vn 0.9194 0.3934 0.0025
vn 0.9289 0.3702 -0.0007
vn 0.9408 0.3390 -0.0047
vn 0.9533 0.3019 -0.0090
vn 0.9654 0.2604 -0.0137
vn 0.9768 0.2133 -0.0187
vn 0.9863 0.1632 -0.0240
vn 0.9931 0.1139 -0.0290
vn 0.9973 0.0656 -0.0338
vn 0.9991 0.0141 -0.0388
vn 0.9982 -0.0399 -0.0439
vn 0.9949 -0.0888 -0.0484
vn 0.9899 -0.1317 -0.0523
vn 0.9845 -0.1664 -0.0554
vn 0.9805 -0.1881 -0.0573
vn 0.7837 0.6206 0.0245
vn -0.6021 0.7921 0.1004
vn -0.9705 0.2334 0.0604
vn -0.9706 0.2332 0.0603
vn -0.9710 0.2316 0.0601
vn -0.9718 0.2281 0.0597
vn -0.9727 0.2244 0.0593
vn -0.9735 0.2211 0.0589
vn -0.9745 0.2167 0.0584
vn -0.9752 0.2136 0.0581
vn -0.9751 0.2141 0.0580
vn -0.9750 0.2147 0.0579
vn -0.9751 0.2140 0.0577
vn -0.9750 0.2144 0.0577
vn -0.9752 0.2139 0.0575
vn -0.9757 0.2115 0.0573
vn -0.9764 0.2084 0.0570
vn -0.9772 0.2045 0.0568
vn -0.9781 0.2002 0.0565
vn -0.9793 0.1944 0.0562
vn -0.9810 0.1860 0.0558
vn -0.9828 0.1762 0.0553
vn -0.9849 0.1644 0.0548
vn -0.9872 0.1502 0.0542
vn -0.9896 0.1335 0.0535
vn -0.9921 0.1137 0.0527
vn -0.9944 0.0921 0.0518
vn -0.9964 0.0672 0.0509
vn -0.9980 0.0381 0.0499
vn -0.9988 0.0048 0.0487
vn -0.9983 -0.0326 0.0476
vn -0.9962 -0.0738 0.0463
vn -0.9917 -0.1204 0.0450
vn -0.9839 -0.1731 0.0437
vn -0.9728 -0.2276 0.0425
vn -0.9589 -0.2808 0.0412
vn -0.9419 -0.3335 0.0400
vn -0.9212 -0.3871 0.0387
vn -0.8963 -0.4418 0.0374
vn -0.8663 -0.4983 0.0360
vn -0.8294 -0.5575 0.0345
vn -0.7849 -0.6187 0.0329
vn -0.7312 -0.6814 0.0310
vn -0.6640 -0.7471 0.0290
vn -0.5799 -0.8143 0.0267
vn -0.4736 -0.8804 0.0241
vn -0.3236 -0.9460 0.0208
vn -0.1455 -0.9892 0.0171
vn 0.0458 -0.9989 0.0134
vn 0.2322 -0.9726 0.0099
vn 0.3919 -0.9200 0.0070
vn 0.5275 -0.8495 0.0046
vn 0.6253 -0.7804 0.0029
vn 0.6962 -0.7178 0.0016
vn 0.7510 -0.6603 0.0005
vn 0.7962 -0.6051 -0.0005
vn 0.8349 -0.5504 -0.0014
vn 0.8675 -0.4974 -0.0023
vn 0.9200 -0.3919 -0.0037
vn 0.8955 -0.4450 -0.0030
vn 0.9417 -0.3364 -0.0042
vn 0.9602 -0.2792 -0.0045
vn 0.9762 -0.2170 -0.0046
vn 0.9892 -0.1462 -0.0042
vn 0.9976 -0.0689 -0.0031
vn 0.9999 0.0102 -0.0015
vn 0.9963 0.0856 0.0006
vn 0.9878 0.1555 0.0030
vn 0.9760 0.2177 0.0054
vn 0.9632 0.2688 0.0076
vn 0.9509 0.3094 0.0094
vn 0.9394 0.3427 0.0107
vn 0.9293 0.3692 0.0115
vn 0.9212 0.3888 0.0119
vn 0.9155 0.4021 0.0116
vn 0.9125 0.4090 0.0109
vn 0.9123 0.4094 0.0097
vn 0.9144 0.4048 0.0080
vn 0.9189 0.3944 0.0059
vn 0.9259 0.3778 0.0033
vn 0.9351 0.3543 0.0001
vn 0.9464 0.3230 -0.0038
vn 0.9582 0.2861 -0.0081
vn 0.9695 0.2449 -0.0127
vn 0.9799 0.1986 -0.0178
vn 0.9885 0.1492 -0.0231
vn 0.9945 0.1008 -0.0281
vn 0.9980 0.0536 -0.0330
vn 0.9993 0.0032 -0.0381
vn 0.9978 -0.0501 -0.0433
vn 0.9940 -0.0984 -0.0479
vn 0.9887 -0.1408 -0.0520
vn 0.9830 -0.1751 -0.0552
vn 0.9787 -0.1971 -0.0573
vn 0.7879 0.6151 0.0291
vn -0.5992 0.7942 0.1017
vn -0.9694 0.2379 0.0606
vn -0.9694 0.2377 0.0606
vn -0.9699 0.2361 0.0603
vn -0.9708 0.2322 0.0599
vn -0.9718 0.2282 0.0595
vn -0.9726 0.2248 0.0591
vn -0.9738 0.2199 0.0586
vn -0.9746 0.2161 0.0582
vn -0.9746 0.2163 0.0581
vn -0.9745 0.2167 0.0581
vn -0.9747 0.2158 0.0580
vn -0.9747 0.2158 0.0579
vn -0.9749 0.2149 0.0578
vn -0.9755 0.2122 0.0576
vn -0.9762 0.2090 0.0574
vn -0.9771 0.2047 0.0572
vn -0.9781 0.2002 0.0570
vn -0.9793 0.1944 0.0567
vn -0.9809 0.1860 0.0563
vn -0.9827 0.1763 0.0559
vn -0.9848 0.1648 0.0555
vn -0.9870 0.1509 0.0550
vn -0.9894 0.1348 0.0543
vn -0.9918 0.1156 0.0536
vn -0.9941 0.0949 0.0529
vn -0.9961 0.0707 0.0520
vn -0.9978 0.0423 0.0510
vn -0.9987 0.0098 0.0500
vn -0.9984 -0.0269 0.0488
vn -0.9966 -0.0677 0.0476
vn -0.9924 -0.1143 0.0464
vn -0.9849 -0.1673 0.0451
vn -0.9741 -0.2219 0.0438
vn -0.9606 -0.2747 0.0426
vn -0.9442 -0.3267 0.0414
vn -0.9243 -0.3795 0.0402
vn -0.9004 -0.4332 0.0389
vn -0.8718 -0.4884 0.0375
vn -0.8368 -0.5464 0.0360
vn -0.7944 -0.6064 0.0344
vn -0.7431 -0.6684 0.0326
vn -0.6787 -0.7337 0.0305
vn -0.5977 -0.8012 0.0282
vn -0.4948 -0.8686 0.0255
vn -0.3468 -0.9377 0.0219
vn -0.1622 -0.9866 0.0178
vn 0.0386 -0.9992 0.0135
vn 0.2324 -0.9726 0.0094
vn 0.3962 -0.9182 0.0061
vn 0.5304 -0.8477 0.0034
vn 0.6257 -0.7801 0.0015
vn 0.6942 -0.7198 -0.0000
vn 0.7474 -0.6644 -0.0011
vn 0.7916 -0.6111 -0.0022
vn 0.8298 -0.5580 -0.0031
vn 0.8623 -0.5063 -0.0040
vn 0.9153 -0.4028 -0.0052
vn 0.8905 -0.4550 -0.0046
vn 0.9378 -0.3471 -0.0059
vn 0.9572 -0.2893 -0.0062
vn 0.9742 -0.2255 -0.0062
vn 0.9884 -0.1518 -0.0057
vn 0.9975 -0.0704 -0.0046
vn 0.9999 0.0131 -0.0028
vn 0.9958 0.0916 -0.0005
vn 0.9867 0.1624 0.0020
vn 0.9746 0.2238 0.0045
vn 0.9621 0.2726 0.0066
vn 0.9506 0.3102 0.0084
vn 0.9403 0.3403 0.0097
vn 0.9315 0.3636 0.0104
vn 0.9248 0.3802 0.0107
vn 0.9203 0.3911 0.0105
vn 0.9180 0.3964 0.0097
vn 0.9184 0.3956 0.0085
vn 0.9208 0.3899 0.0069
vn 0.9254 0.3790 0.0048
vn 0.9321 0.3622 0.0023
vn 0.9410 0.3384 -0.0009
vn 0.9517 0.3070 -0.0047
vn 0.9627 0.2704 -0.0089
vn 0.9732 0.2295 -0.0135
vn 0.9828 0.1840 -0.0185
vn 0.9905 0.1355 -0.0236
vn 0.9957 0.0879 -0.0287
vn 0.9986 0.0419 -0.0334
vn 0.9992 -0.0074 -0.0384
vn 0.9972 -0.0601 -0.0436
vn 0.9930 -0.1077 -0.0483
vn 0.9874 -0.1495 -0.0523
vn 0.9815 -0.1835 -0.0555
vn 0.9769 -0.2057 -0.0577
vn 0.7923 0.6093 0.0301
vn -0.5976 0.7956 0.0995
vn -0.9686 0.2413 0.0593
vn -0.9687 0.2410 0.0593
vn -0.9692 0.2393 0.0591
vn -0.9702 0.2351 0.0587
vn -0.9713 0.2307 0.0582
vn -0.9722 0.2271 0.0579
vn -0.9734 0.2216 0.0574
vn -0.9744 0.2173 0.0570
vn -0.9745 0.2170 0.0570
vn -0.9747 0.2161 0.0569
vn -0.9748 0.2158 0.0569
vn -0.9751 0.2145 0.0569
vn -0.9757 0.2115 0.0568
vn -0.9765 0.2081 0.0566
vn -0.9774 0.2035 0.0565
vn -0.9785 0.1986 0.0564
vn -0.9796 0.1929 0.0562
vn -0.9813 0.1844 0.0560
vn -0.9830 0.1748 0.0557
vn -0.9850 0.1637 0.0554
vn -0.9871 0.1502 0.0550
vn -0.9894 0.1345 0.0545
vn -0.9918 0.1161 0.0540
vn -0.9939 0.0963 0.0534
vn -0.9959 0.0729 0.0526
vn -0.9976 0.0452 0.0518
vn -0.9986 0.0135 0.0509
vn -0.9985 -0.0225 0.0499
vn -0.9968 -0.0628 0.0488
vn -0.9928 -0.1095 0.0476
vn -0.9856 -0.1628 0.0464
vn -0.9750 -0.2175 0.0453
vn -0.9619 -0.2698 0.0441
vn -0.9461 -0.3211 0.0430
vn -0.9269 -0.3731 0.0418
vn -0.9040 -0.4256 0.0406
vn -0.8768 -0.4793 0.0393
vn -0.8435 -0.5358 0.0378
vn -0.8033 -0.5945 0.0362
vn -0.7544 -0.6555 0.0344
vn -0.6930 -0.7202 0.0323
vn -0.6153 -0.7877 0.0299
vn -0.5165 -0.8559 0.0270
vn -0.3711 -0.9283 0.0232
vn -0.1794 -0.9836 0.0185
vn 0.0325 -0.9994 0.0135
vn 0.2348 -0.9720 0.0088
vn 0.4029 -0.9153 0.0049
vn 0.5351 -0.8448 0.0019
vn 0.6275 -0.7786 -0.0002
vn 0.6933 -0.7206 -0.0017
vn 0.7445 -0.6676 -0.0029
vn 0.7877 -0.6161 -0.0040
vn 0.8254 -0.5646 -0.0050
vn 0.8576 -0.5143 -0.0059
vn 0.8858 -0.4640 -0.0067
vn 0.9341 -0.3569 -0.0078
vn 0.9109 -0.4125 -0.0073
vn 0.9544 -0.2984 -0.0083
vn 0.9725 -0.2329 -0.0083
vn 0.9877 -0.1561 -0.0078
vn 0.9975 -0.0704 -0.0066
vn 0.9998 0.0178 -0.0047
vn 0.9950 0.0994 -0.0024
vn 0.9852 0.1712 0.0002
vn 0.9728 0.2317 0.0027
vn 0.9605 0.2781 0.0049
vn 0.9499 0.3125 0.0066
vn 0.9407 0.3393 0.0078
vn 0.9333 0.3591 0.0085
vn 0.9280 0.3725 0.0087
vn 0.9246 0.3810 0.0084
vn 0.9231 0.3844 0.0077
vn 0.9240 0.3824 0.0065
vn 0.9268 0.3756 0.0049
vn 0.9313 0.3642 0.0029
vn 0.9378 0.3471 0.0004
vn 0.9464 0.3231 -0.0026
vn 0.9565 0.2917 -0.0062
vn 0.9668 0.2554 -0.0103
vn 0.9765 0.2148 -0.0147
vn 0.9852 0.1701 -0.0194
vn 0.9922 0.1226 -0.0243
vn 0.9967 0.0759 -0.0291
vn 0.9989 0.0312 -0.0336
vn 0.9991 -0.0170 -0.0383
vn 0.9967 -0.0689 -0.0433
vn 0.9921 -0.1160 -0.0477
vn 0.9862 -0.1571 -0.0516
vn 0.9801 -0.1907 -0.0547
vn 0.9753 -0.2133 -0.0568
vn 0.7958 0.6048 0.0293
vn -0.5969 0.7966 0.0957
vn -0.9681 0.2435 0.0586
vn -0.9682 0.2432 0.0586
vn -0.9687 0.2413 0.0584
vn -0.9698 0.2368 0.0579
vn -0.9710 0.2321 0.0575
vn -0.9719 0.2282 0.0572
vn -0.9734 0.2222 0.0567
vn -0.9745 0.2170 0.0563
vn -0.9747 0.2163 0.0562
vn -0.9747 0.2165 0.0563
vn -0.9750 0.2151 0.0562
vn -0.9751 0.2144 0.0562
vn -0.9755 0.2126 0.0562
vn -0.9762 0.2093 0.0561
vn -0.9770 0.2057 0.0560
vn -0.9781 0.2007 0.0558
vn -0.9791 0.1955 0.0557
vn -0.9802 0.1898 0.0556
vn -0.9819 0.1813 0.0554
vn -0.9836 0.1718 0.0552
vn -0.9854 0.1611 0.0550
vn -0.9875 0.1480 0.0546
vn -0.9897 0.1329 0.0542
vn -0.9919 0.1152 0.0538
vn -0.9939 0.0964 0.0533
vn -0.9959 0.0738 0.0526
vn -0.9975 0.0469 0.0519
vn -0.9986 0.0161 0.0511
vn -0.9986 -0.0191 0.0503
vn -0.9970 -0.0589 0.0494
vn -0.9932 -0.1057 0.0484
vn -0.9861 -0.1593 0.0474
vn -0.9757 -0.2141 0.0463
vn -0.9630 -0.2659 0.0453
vn -0.9476 -0.3163 0.0442
vn -0.9291 -0.3674 0.0431
vn -0.9072 -0.4187 0.0420
vn -0.8814 -0.4707 0.0407
vn -0.8499 -0.5255 0.0393
vn -0.8119 -0.5826 0.0377
vn -0.7657 -0.6422 0.0359
vn -0.7075 -0.7059 0.0339
vn -0.6336 -0.7730 0.0315
vn -0.5396 -0.8414 0.0287
vn -0.3984 -0.9169 0.0247
vn -0.1982 -0.9800 0.0194
vn 0.0273 -0.9995 0.0136
vn 0.2395 -0.9709 0.0081
vn 0.4124 -0.9110 0.0035
vn 0.5419 -0.8405 0.0002
vn 0.6308 -0.7760 -0.0021
vn 0.6934 -0.7206 -0.0037
vn 0.7424 -0.6699 -0.0050
vn 0.7843 -0.6203 -0.0061
vn 0.8213 -0.5705 -0.0071
vn 0.8532 -0.5216 -0.0080
vn 0.8813 -0.4725 -0.0087
vn 0.9067 -0.4216 -0.0094
vn 0.9517 -0.3068 -0.0100
vn 0.9306 -0.3659 -0.0098
vn 0.9709 -0.2395 -0.0099
vn 0.9872 -0.1594 -0.0094
vn 0.9976 -0.0689 -0.0083
vn 0.9997 0.0242 -0.0065
vn 0.9940 0.1092 -0.0044
vn 0.9833 0.1820 -0.0020
vn 0.9704 0.2414 0.0002
vn 0.9584 0.2853 0.0021
vn 0.9487 0.3163 0.0035
vn 0.9406 0.3394 0.0044
vn 0.9346 0.3555 0.0050
vn 0.9308 0.3656 0.0050
vn 0.9285 0.3712 0.0046
vn 0.9279 0.3727 0.0039
vn 0.9293 0.3693 0.0028
vn 0.9325 0.3613 0.0012
vn 0.9370 0.3493 -0.0006
vn 0.9433 0.3319 -0.0029
vn 0.9515 0.3077 -0.0058
vn 0.9611 0.2762 -0.0092
vn 0.9706 0.2403 -0.0130
vn 0.9796 0.2002 -0.0171
vn 0.9875 0.1564 -0.0215
vn 0.9936 0.1100 -0.0260
vn 0.9975 0.0643 -0.0304
vn 0.9992 0.0210 -0.0346
vn 0.9989 -0.0259 -0.0389
vn 0.9961 -0.0771 -0.0436
vn 0.9912 -0.1235 -0.0477
vn 0.9851 -0.1640 -0.0512
vn 0.9789 -0.1971 -0.0541
vn 0.9739 -0.2200 -0.0560
vn 0.7986 0.6014 0.0259
vn -0.5909 0.8015 0.0918
vn -0.9651 0.2548 0.0597
vn -0.9652 0.2546 0.0595
vn -0.9669 0.2481 0.0588
vn -0.9694 0.2387 0.0579
vn -0.9706 0.2336 0.0575
vn -0.9716 0.2294 0.0571
vn -0.9732 0.2230 0.0566
vn -0.9745 0.2174 0.0562
vn -0.9747 0.2164 0.0560
vn -0.9747 0.2163 0.0559
vn -0.9751 0.2147 0.0557
vn -0.9753 0.2137 0.0556
vn -0.9758 0.2115 0.0554
vn -0.9766 0.2079 0.0551
vn -0.9774 0.2042 0.0549
vn -0.9785 0.1989 0.0546
vn -0.9796 0.1934 0.0542
vn -0.9807 0.1878 0.0539
vn -0.9823 0.1793 0.0535
vn -0.9841 0.1698 0.0531
vn -0.9858 0.1594 0.0526
vn -0.9878 0.1465 0.0521
vn -0.9899 0.1318 0.0516
vn -0.9921 0.1147 0.0510
vn -0.9940 0.0966 0.0504
vn -0.9960 0.0744 0.0498
vn -0.9976 0.0479 0.0492
vn -0.9987 0.0174 0.0486
vn -0.9987 -0.0176 0.0479
vn -0.9972 -0.0572 0.0474
vn -0.9935 -0.1038 0.0467
vn -0.9865 -0.1573 0.0460
vn -0.9763 -0.2116 0.0451
vn -0.9639 -0.2625 0.0443
vn -0.9491 -0.3119 0.0434
vn -0.9312 -0.3620 0.0424
vn -0.9103 -0.4119 0.0414
vn -0.8859 -0.4622 0.0402
vn -0.8561 -0.5153 0.0390
vn -0.8203 -0.5708 0.0376
vn -0.7765 -0.6291 0.0360
vn -0.7213 -0.6917 0.0342
vn -0.6511 -0.7583 0.0321
vn -0.5618 -0.8268 0.0295
vn -0.4249 -0.9049 0.0258
vn -0.2166 -0.9760 0.0203
vn 0.0225 -0.9997 0.0137
vn 0.2440 -0.9698 0.0074
vn 0.4216 -0.9068 0.0020
vn 0.5490 -0.8358 -0.0019
vn 0.6352 -0.7723 -0.0045
vn 0.6954 -0.7186 -0.0063
vn 0.7430 -0.6692 -0.0075
vn 0.7841 -0.6206 -0.0085
vn 0.8204 -0.5718 -0.0091
vn 0.8518 -0.5238 -0.0095
vn 0.8796 -0.4757 -0.0097
vn 0.9050 -0.4253 -0.0098
vn 0.9506 -0.3102 -0.0088
vn 0.9292 -0.3694 -0.0094
vn 0.9703 -0.2420 -0.0083
vn 0.9871 -0.1601 -0.0075
vn 0.9977 -0.0673 -0.0065
vn 0.9996 0.0284 -0.0052
vn 0.9934 0.1149 -0.0039
vn 0.9822 0.1877 -0.0026
vn 0.9693 0.2458 -0.0015
vn 0.9577 0.2877 -0.0008
vn 0.9487 0.3162 -0.0003
vn 0.9415 0.3369 -0.0000
vn 0.9366 0.3505 -0.0000
vn 0.9337 0.3582 -0.0002
vn 0.9322 0.3620 -0.0005
vn 0.9321 0.3623 -0.0011
vn 0.9338 0.3578 -0.0019
vn 0.9372 0.3488 -0.0030
vn 0.9418 0.3362 -0.0045
vn 0.9479 0.3184 -0.0063
vn 0.9559 0.2935 -0.0087
vn 0.9651 0.2617 -0.0118
vn 0.9741 0.2257 -0.0152
vn 0.9824 0.1856 -0.0189
vn 0.9895 0.1425 -0.0229
vn 0.9949 0.0970 -0.0271
vn 0.9982 0.0521 -0.0311
vn 0.9993 0.0098 -0.0350
vn 0.9986 -0.0359 -0.0390
vn 0.9954 -0.0856 -0.0432
vn 0.9903 -0.1307 -0.0469
vn 0.9845 -0.1684 -0.0499
vn 0.9792 -0.1961 -0.0519
vn 0.9750 -0.2159 -0.0532
vn 0.7986 0.6014 0.0228
vn -0.5663 0.8195 0.0881
vn -0.9522 0.2990 0.0629
vn -0.9523 0.2987 0.0626
vn -0.9603 0.2724 0.0605
vn -0.9683 0.2428 0.0583
vn -0.9697 0.2372 0.0579
vn -0.9708 0.2329 0.0575
vn -0.9722 0.2269 0.0570
vn -0.9734 0.2218 0.0566
vn -0.9737 0.2207 0.0563
vn -0.9738 0.2204 0.0561
vn -0.9742 0.2188 0.0559
vn -0.9744 0.2177 0.0556
vn -0.9749 0.2155 0.0553
vn -0.9758 0.2119 0.0549
vn -0.9766 0.2081 0.0545
vn -0.9777 0.2030 0.0540
vn -0.9788 0.1977 0.0535
vn -0.9800 0.1920 0.0530
vn -0.9816 0.1836 0.0524
vn -0.9834 0.1739 0.0518
vn -0.9853 0.1631 0.0512
vn -0.9874 0.1501 0.0505
vn -0.9896 0.1350 0.0499
vn -0.9918 0.1177 0.0492
vn -0.9939 0.0986 0.0486
vn -0.9960 0.0754 0.0481
vn -0.9977 0.0479 0.0475
vn -0.9988 0.0156 0.0470
vn -0.9987 -0.0212 0.0466
vn -0.9970 -0.0617 0.0463
vn -0.9931 -0.1078 0.0459
vn -0.9862 -0.1592 0.0454
vn -0.9764 -0.2113 0.0448
vn -0.9645 -0.2605 0.0441
vn -0.9503 -0.3084 0.0433
vn -0.9331 -0.3570 0.0424
vn -0.9131 -0.4055 0.0414
vn -0.8897 -0.4548 0.0404
vn -0.8612 -0.5068 0.0393
vn -0.8266 -0.5615 0.0380
vn -0.7840 -0.6197 0.0366
vn -0.7304 -0.6821 0.0349
vn -0.6618 -0.7490 0.0329
vn -0.5730 -0.8190 0.0305
vn -0.4352 -0.8999 0.0268
vn -0.2237 -0.9744 0.0209
vn 0.0187 -0.9997 0.0137
vn 0.2416 -0.9704 0.0066
vn 0.4221 -0.9066 0.0005
vn 0.5531 -0.8331 -0.0040
vn 0.6413 -0.7672 -0.0070
vn 0.7032 -0.7110 -0.0089
vn 0.7525 -0.6585 -0.0102
vn 0.7945 -0.6072 -0.0110
vn 0.8306 -0.5568 -0.0113
vn 0.8612 -0.5082 -0.0113
vn 0.8880 -0.4597 -0.0111
vn 0.9124 -0.4091 -0.0106
vn 0.9552 -0.2958 -0.0093
vn 0.9353 -0.3537 -0.0102
vn 0.9730 -0.2305 -0.0082
vn 0.9881 -0.1533 -0.0071
vn 0.9978 -0.0667 -0.0061
vn 0.9997 0.0219 -0.0051
vn 0.9947 0.1027 -0.0045
vn 0.9851 0.1718 -0.0041
vn 0.9737 0.2279 -0.0039
vn 0.9629 0.2698 -0.0041
vn 0.9539 0.3002 -0.0044
vn 0.9463 0.3233 -0.0047
vn 0.9407 0.3391 -0.0051
vn 0.9370 0.3493 -0.0054
vn 0.9347 0.3554 -0.0057
vn 0.9340 0.3573 -0.0060
vn 0.9353 0.3539 -0.0066
vn 0.9386 0.3449 -0.0073
vn 0.9433 0.3317 -0.0084
vn 0.9498 0.3128 -0.0099
vn 0.9580 0.2865 -0.0120
vn 0.9674 0.2530 -0.0147
vn 0.9764 0.2151 -0.0179
vn 0.9846 0.1734 -0.0214
vn 0.9913 0.1292 -0.0251
vn 0.9961 0.0836 -0.0290
vn 0.9987 0.0388 -0.0327
vn 0.9993 -0.0041 -0.0363
vn 0.9980 -0.0489 -0.0399
vn 0.9945 -0.0952 -0.0436
vn 0.9895 -0.1367 -0.0467
vn 0.9851 -0.1647 -0.0488
vn 0.9844 -0.1690 -0.0489
vn 0.9838 -0.1725 -0.0487
vn 0.7887 0.6145 0.0201
vn -0.5372 0.8392 0.0841
vn -0.9362 0.3451 0.0659
vn -0.9364 0.3448 0.0656
vn -0.9526 0.2977 0.0625
vn -0.9672 0.2470 0.0594
vn -0.9687 0.2410 0.0590
vn -0.9699 0.2364 0.0586
vn -0.9712 0.2309 0.0582
vn -0.9723 0.2263 0.0578
vn -0.9726 0.2252 0.0575
vn -0.9728 0.2245 0.0573
vn -0.9731 0.2230 0.0570
vn -0.9734 0.2218 0.0568
vn -0.9739 0.2196 0.0564
vn -0.9748 0.2160 0.0560
vn -0.9757 0.2121 0.0556
vn -0.9767 0.2072 0.0552
vn -0.9778 0.2021 0.0547
vn -0.9790 0.1963 0.0542
vn -0.9807 0.1881 0.0536
vn -0.9826 0.1781 0.0530
vn -0.9846 0.1670 0.0524
vn -0.9867 0.1538 0.0518
vn -0.9891 0.1383 0.0512
vn -0.9914 0.1207 0.0506
vn -0.9937 0.1005 0.0500
vn -0.9959 0.0762 0.0495
vn -0.9977 0.0475 0.0490
vn -0.9987 0.0132 0.0486
vn -0.9985 -0.0255 0.0482
vn -0.9966 -0.0671 0.0479
vn -0.9925 -0.1124 0.0476
vn -0.9857 -0.1617 0.0472
vn -0.9763 -0.2113 0.0466
vn -0.9649 -0.2585 0.0459
vn -0.9514 -0.3048 0.0452
vn -0.9350 -0.3518 0.0443
vn -0.9160 -0.3989 0.0434
vn -0.8936 -0.4469 0.0424
vn -0.8664 -0.4977 0.0413
vn -0.8332 -0.5515 0.0400
vn -0.7919 -0.6094 0.0385
vn -0.7401 -0.6715 0.0368
vn -0.6732 -0.7386 0.0347
vn -0.5851 -0.8103 0.0321
vn -0.4462 -0.8945 0.0281
vn -0.2312 -0.9727 0.0217
vn 0.0149 -0.9998 0.0138
vn 0.2393 -0.9709 0.0061
vn 0.4230 -0.9061 -0.0006
vn 0.5579 -0.8299 -0.0056
vn 0.6485 -0.7611 -0.0090
vn 0.7121 -0.7019 -0.0112
vn 0.7634 -0.6458 -0.0127
vn 0.8064 -0.5912 -0.0136
vn 0.8421 -0.5392 -0.0141
vn 0.8717 -0.4898 -0.0142
vn 0.8974 -0.4411 -0.0140
vn 0.9206 -0.3903 -0.0136
vn 0.9418 -0.3358 -0.0130
vn 0.9761 -0.2172 -0.0117
vn 0.9601 -0.2794 -0.0125
vn 0.9893 -0.1454 -0.0107
vn 0.9978 -0.0657 -0.0099
vn 0.9998 0.0150 -0.0092
vn 0.9960 0.0894 -0.0088
vn 0.9880 0.1543 -0.0087
vn 0.9781 0.2081 -0.0087
vn 0.9682 0.2501 -0.0090
vn 0.9592 0.2826 -0.0094
vn 0.9512 0.3084 -0.0097
vn 0.9450 0.3268 -0.0100
vn 0.9404 0.3398 -0.0103
vn 0.9373 0.3484 -0.0105
vn 0.9359 0.3521 -0.0108
vn 0.9367 0.3499 -0.0113
vn 0.9400 0.3411 -0.0121
vn 0.9448 0.3273 -0.0131
vn 0.9515 0.3071 -0.0147
vn 0.9601 0.2791 -0.0168
vn 0.9696 0.2438 -0.0195
vn 0.9788 0.2038 -0.0226
vn 0.9867 0.1603 -0.0259
vn 0.9929 0.1150 -0.0295
vn 0.9970 0.0693 -0.0331
vn 0.9990 0.0246 -0.0366
vn 0.9990 -0.0190 -0.0399
vn 0.9971 -0.0629 -0.0432
vn 0.9934 -0.1054 -0.0463
vn 0.9885 -0.1429 -0.0489
vn 0.9858 -0.1603 -0.0500
vn 0.9892 -0.1382 -0.0484
vn 0.9913 -0.1231 -0.0470
vn 0.7789 0.6270 0.0150
vn -0.5012 0.8617 0.0793
vn -0.9177 0.3915 0.0674
vn -0.9179 0.3912 0.0670
vn -0.9439 0.3240 0.0635
vn -0.9658 0.2522 0.0597
vn -0.9675 0.2457 0.0593
vn -0.9688 0.2409 0.0590
vn -0.9700 0.2358 0.0586
vn -0.9710 0.2319 0.0583
vn -0.9713 0.2307 0.0580
vn -0.9715 0.2297 0.0578
vn -0.9719 0.2282 0.0575
vn -0.9722 0.2269 0.0573
vn -0.9727 0.2248 0.0570
vn -0.9736 0.2211 0.0566
vn -0.9745 0.2172 0.0562
vn -0.9756 0.2124 0.0558
vn -0.9767 0.2075 0.0553
vn -0.9779 0.2017 0.0549
vn -0.9816 0.1834 0.0538
vn -0.9837 0.1719 0.0533
vn -0.9860 0.1585 0.0527
vn -0.9884 0.1426 0.0521
vn -0.9909 0.1246 0.0516
vn -0.9933 0.1033 0.0511
vn -0.9957 0.0778 0.0506
vn -0.9976 0.0480 0.0502
vn -0.9987 0.0115 0.0498
vn -0.9984 -0.0292 0.0495
vn -0.9962 -0.0718 0.0492
vn -0.9920 -0.1163 0.0490
vn -0.9854 -0.1633 0.0486
vn -0.9764 -0.2105 0.0481
vn -0.9656 -0.2556 0.0475
vn -0.9527 -0.3002 0.0468
vn -0.9373 -0.3456 0.0461
vn -0.9192 -0.3911 0.0452
vn -0.8980 -0.4378 0.0442
vn -0.8722 -0.4873 0.0431
vn -0.8405 -0.5402 0.0418
vn -0.8006 -0.5979 0.0404
vn -0.7507 -0.6596 0.0387
vn -0.6858 -0.7269 0.0366
vn -0.5986 -0.8004 0.0338
vn -0.4588 -0.8881 0.0295
vn -0.2400 -0.9705 0.0226
vn 0.0100 -0.9999 0.0140
vn 0.2359 -0.9717 0.0057
vn 0.4232 -0.9060 -0.0016
vn 0.5625 -0.8268 -0.0072
vn 0.6556 -0.7551 -0.0110
vn 0.7211 -0.6927 -0.0134
vn 0.7745 -0.6324 -0.0152
vn 0.8184 -0.5744 -0.0164
vn 0.8536 -0.5206 -0.0170
vn 0.8822 -0.4706 -0.0172
vn 0.9066 -0.4217 -0.0172
vn 0.9285 -0.3709 -0.0169
vn 0.9481 -0.3174 -0.0164
vn 0.9647 -0.2630 -0.0159
vn 0.9903 -0.1379 -0.0146
vn 0.9789 -0.2040 -0.0152
vn 0.9978 -0.0655 -0.0140
vn 0.9999 0.0070 -0.0136
vn 0.9971 0.0747 -0.0134
vn 0.9907 0.1352 -0.0134
vn 0.9823 0.1866 -0.0136
vn 0.9735 0.2285 -0.0140
vn 0.9646 0.2632 -0.0143
vn 0.9563 0.2919 -0.0146
vn 0.9496 0.3130 -0.0149
vn 0.9442 0.3291 -0.0150
vn 0.9402 0.3402 -0.0152
vn 0.9381 0.3460 -0.0154
vn 0.9385 0.3449 -0.0158
vn 0.9416 0.3363 -0.0165
vn 0.9466 0.3218 -0.0176
vn 0.9536 0.3004 -0.0191
vn 0.9625 0.2706 -0.0211
vn 0.9721 0.2334 -0.0237
vn 0.9812 0.1911 -0.0267
vn 0.9889 0.1458 -0.0300
vn 0.9945 0.0992 -0.0333
vn 0.9979 0.0535 -0.0366
vn 0.9992 0.0089 -0.0398
vn 0.9985 -0.0354 -0.0428
vn 0.9959 -0.0782 -0.0457
vn 0.9920 -0.1168 -0.0483
vn 0.9874 -0.1503 -0.0504
vn 0.9864 -0.1565 -0.0508
vn 0.9932 -0.1065 -0.0477
vn 0.9964 -0.0714 -0.0452
vn 0.7727 0.6347 0.0098
vn -0.4553 0.8873 0.0734
vn -0.8983 0.4343 0.0672
vn -0.8985 0.4339 0.0669
vn -0.9353 0.3482 0.0634
vn -0.9647 0.2566 0.0593
vn -0.9666 0.2496 0.0589
vn -0.9679 0.2446 0.0587
vn -0.9690 0.2399 0.0584
vn -0.9699 0.2366 0.0581
vn -0.9702 0.2353 0.0579
vn -0.9705 0.2341 0.0577
vn -0.9709 0.2327 0.0575
vn -0.9712 0.2313 0.0573
vn -0.9717 0.2291 0.0571
vn -0.9726 0.2254 0.0568
vn -0.9735 0.2214 0.0565
vn -0.9746 0.2168 0.0561
vn -0.9756 0.2121 0.0558
vn -0.9769 0.2062 0.0554
vn -0.9786 0.1982 0.0550
vn -0.9807 0.1878 0.0546
vn -0.9829 0.1760 0.0541
vn -0.9853 0.1623 0.0537
vn -0.9878 0.1460 0.0533
vn -0.9904 0.1278 0.0529
vn -0.9931 0.1054 0.0525
vn -0.9955 0.0787 0.0521
vn -0.9975 0.0477 0.0518
vn -0.9986 0.0091 0.0515
vn -0.9981 -0.0335 0.0513
vn -0.9957 -0.0772 0.0511
vn -0.9913 -0.1210 0.0509
vn -0.9849 -0.1658 0.0507
vn -0.9763 -0.2104 0.0503
vn -0.9661 -0.2534 0.0498
vn -0.9538 -0.2964 0.0492
vn -0.9391 -0.3401 0.0485
vn -0.9221 -0.3840 0.0477
vn -0.9019 -0.4295 0.0468
vn -0.8774 -0.4776 0.0457
vn -0.8472 -0.5295 0.0445
vn -0.8086 -0.5867 0.0431
vn -0.7606 -0.6479 0.0413
vn -0.6977 -0.7153 0.0392
vn -0.6114 -0.7905 0.0363
vn -0.4707 -0.8817 0.0315
vn -0.2481 -0.9684 0.0237
vn 0.0059 -0.9999 0.0141
vn 0.2334 -0.9724 0.0050
vn 0.4243 -0.9055 -0.0032
vn 0.5678 -0.8231 -0.0095
vn 0.6634 -0.7482 -0.0137
vn 0.7308 -0.6824 -0.0166
vn 0.7862 -0.6177 -0.0187
vn 0.8309 -0.5560 -0.0201
vn 0.8655 -0.5005 -0.0210
vn 0.8928 -0.4500 -0.0213
vn 0.9159 -0.4009 -0.0214
vn 0.9364 -0.3503 -0.0213
vn 0.9544 -0.2979 -0.0210
vn 0.9692 -0.2455 -0.0206
vn 0.9914 -0.1296 -0.0197
vn 0.9815 -0.1902 -0.0202
vn 0.9977 -0.0646 -0.0192
vn 0.9998 -0.0002 -0.0189
vn 0.9980 0.0608 -0.0189
vn 0.9930 0.1168 -0.0190
vn 0.9860 0.1657 -0.0192
vn 0.9780 0.2075 -0.0196
vn 0.9694 0.2446 -0.0198
vn 0.9609 0.2760 -0.0200
vn 0.9537 0.3000 -0.0201
vn 0.9475 0.3191 -0.0201
vn 0.9428 0.3329 -0.0201
vn 0.9400 0.3406 -0.0201
vn 0.9400 0.3407 -0.0204
vn 0.9430 0.3322 -0.0210
vn 0.9481 0.3171 -0.0220
vn 0.9554 0.2944 -0.0234
vn 0.9645 0.2629 -0.0253
vn 0.9743 0.2237 -0.0278
vn 0.9833 0.1792 -0.0306
vn 0.9907 0.1322 -0.0336
vn 0.9958 0.0844 -0.0366
vn 0.9985 0.0386 -0.0395
vn 0.9991 -0.0059 -0.0423
vn 0.9977 -0.0508 -0.0450
vn 0.9946 -0.0926 -0.0475
vn 0.9906 -0.1273 -0.0496
vn 0.9863 -0.1568 -0.0512
vn 0.9871 -0.1519 -0.0510
vn 0.9962 -0.0739 -0.0467
vn 0.9989 -0.0187 -0.0433
vn 0.7736 0.6337 0.0042
vn -0.3798 0.9226 0.0668
vn -0.8793 0.4714 0.0673
vn -0.8795 0.4711 0.0670
vn -0.9272 0.3691 0.0639
vn -0.9638 0.2598 0.0599
vn -0.9658 0.2523 0.0596
vn -0.9672 0.2471 0.0594
vn -0.9683 0.2429 0.0591
vn -0.9690 0.2401 0.0589
vn -0.9693 0.2388 0.0588
vn -0.9697 0.2372 0.0586
vn -0.9700 0.2359 0.0584
vn -0.9704 0.2344 0.0582
vn -0.9709 0.2323 0.0580
vn -0.9718 0.2285 0.0578
vn -0.9728 0.2245 0.0575
vn -0.9738 0.2201 0.0572
vn -0.9748 0.2155 0.0569
vn -0.9762 0.2095 0.0566
vn -0.9779 0.2016 0.0563
vn -0.9800 0.1910 0.0559
vn -0.9823 0.1789 0.0555
vn -0.9847 0.1650 0.0552
vn -0.9874 0.1483 0.0548
vn -0.9900 0.1298 0.0545
vn -0.9929 0.1063 0.0542
vn -0.9955 0.0785 0.0539
vn -0.9975 0.0465 0.0536
vn -0.9986 0.0059 0.0534
vn -0.9978 -0.0386 0.0532
vn -0.9951 -0.0832 0.0531
vn -0.9906 -0.1263 0.0529
vn -0.9842 -0.1690 0.0527
vn -0.9760 -0.2112 0.0524
vn -0.9662 -0.2524 0.0519
vn -0.9545 -0.2937 0.0513
vn -0.9405 -0.3359 0.0507
vn -0.9243 -0.3783 0.0500
vn -0.9051 -0.4224 0.0491
vn -0.8818 -0.4692 0.0481
vn -0.8529 -0.5200 0.0469
vn -0.8156 -0.5768 0.0455
vn -0.7693 -0.6374 0.0438
vn -0.7083 -0.7046 0.0416
vn -0.6229 -0.7814 0.0385
vn -0.4813 -0.8759 0.0334
vn -0.2549 -0.9666 0.0248
vn 0.0031 -0.9999 0.0143
vn 0.2321 -0.9727 0.0043
vn 0.4263 -0.9046 -0.0046
vn 0.5739 -0.8189 -0.0117
vn 0.6718 -0.7406 -0.0164
vn 0.7409 -0.6713 -0.0196
vn 0.7980 -0.6023 -0.0221
vn 0.8433 -0.5369 -0.0239
vn 0.8771 -0.4797 -0.0250
vn 0.9031 -0.4287 -0.0256
vn 0.9247 -0.3797 -0.0258
vn 0.9439 -0.3293 -0.0259
vn 0.9602 -0.2781 -0.0258
vn 0.9734 -0.2277 -0.0256
vn 0.9841 -0.1760 -0.0253
vn 0.9977 -0.0627 -0.0249
vn 0.9924 -0.1208 -0.0251
vn 0.9997 -0.0060 -0.0247
vn 0.9985 0.0487 -0.0248
vn 0.9946 0.1004 -0.0250
vn 0.9888 0.1469 -0.0253
vn 0.9817 0.1885 -0.0256
vn 0.9734 0.2277 -0.0257
vn 0.9648 0.2619 -0.0258
vn 0.9571 0.2885 -0.0258
vn 0.9502 0.3104 -0.0257
vn 0.9448 0.3268 -0.0256
vn 0.9414 0.3364 -0.0255
vn 0.9409 0.3376 -0.0257
vn 0.9439 0.3293 -0.0263
vn 0.9492 0.3136 -0.0272
vn 0.9567 0.2897 -0.0285
vn 0.9661 0.2565 -0.0304
vn 0.9759 0.2156 -0.0327
vn 0.9850 0.1689 -0.0353
vn 0.9920 0.1202 -0.0380
vn 0.9966 0.0713 -0.0408
vn 0.9987 0.0255 -0.0433
vn 0.9988 -0.0189 -0.0458
vn 0.9968 -0.0644 -0.0482
vn 0.9932 -0.1052 -0.0503
vn 0.9893 -0.1362 -0.0519
vn 0.9854 -0.1620 -0.0531
vn 0.9878 -0.1465 -0.0525
vn 0.9980 -0.0420 -0.0475
vn 0.9985 0.0322 -0.0434
vn 0.7958 0.6055 -0.0049
vn -0.1636 0.9851 0.0535
vn -0.8613 0.5037 0.0662
vn -0.8616 0.5034 0.0660
vn -0.9194 0.3881 0.0637
vn -0.9627 0.2638 0.0604
vn -0.9648 0.2559 0.0601
vn -0.9663 0.2505 0.0599
vn -0.9673 0.2466 0.0597
vn -0.9678 0.2444 0.0596
vn -0.9682 0.2430 0.0595
vn -0.9687 0.2411 0.0593
vn -0.9690 0.2399 0.0592
vn -0.9694 0.2383 0.0590
vn -0.9699 0.2362 0.0588
vn -0.9709 0.2323 0.0586
vn -0.9718 0.2283 0.0584
vn -0.9728 0.2240 0.0582
vn -0.9739 0.2197 0.0580
vn -0.9752 0.2136 0.0577
vn -0.9769 0.2058 0.0575
vn -0.9791 0.1950 0.0572
vn -0.9815 0.1826 0.0569
vn -0.9841 0.1685 0.0566
vn -0.9869 0.1514 0.0563
vn -0.9896 0.1327 0.0561
vn -0.9925 0.1083 0.0558
vn -0.9953 0.0795 0.0556
vn -0.9974 0.0465 0.0554
vn -0.9985 0.0042 0.0552
vn -0.9976 -0.0420 0.0550
vn -0.9947 -0.0874 0.0548
vn -0.9900 -0.1299 0.0546
vn -0.9838 -0.1707 0.0543
vn -0.9760 -0.2109 0.0540
vn -0.9667 -0.2503 0.0536
vn -0.9555 -0.2902 0.0530
vn -0.9422 -0.3310 0.0524
vn -0.9268 -0.3720 0.0518
vn -0.9084 -0.4150 0.0510
vn -0.8862 -0.4606 0.0501
vn -0.8585 -0.5105 0.0490
vn -0.8224 -0.5669 0.0476
vn -0.7778 -0.6269 0.0459
vn -0.7187 -0.6940 0.0438
vn -0.6342 -0.7721 0.0406
vn -0.4920 -0.8699 0.0352
vn -0.2623 -0.9646 0.0259
vn -0.0007 -0.9999 0.0145
vn 0.2297 -0.9733 0.0038
vn 0.4271 -0.9042 -0.0059
vn 0.5785 -0.8156 -0.0135
vn 0.6785 -0.7343 -0.0187
vn 0.7493 -0.6619 -0.0223
vn 0.8079 -0.5887 -0.0252
vn 0.8537 -0.5200 -0.0274
vn 0.8867 -0.4615 -0.0287
vn 0.9115 -0.4101 -0.0296
vn 0.9319 -0.3614 -0.0301
vn 0.9498 -0.3113 -0.0305
vn 0.9648 -0.2612 -0.0306
vn 0.9766 -0.2128 -0.0307
vn 0.9859 -0.1644 -0.0306
vn 0.9930 -0.1141 -0.0305
vn 0.9995 -0.0122 -0.0305
vn 0.9976 -0.0621 -0.0305
vn 0.9989 0.0368 -0.0305
vn 0.9959 0.0847 -0.0307
vn 0.9912 0.1288 -0.0308
vn 0.9849 0.1703 -0.0310
vn 0.9769 0.2114 -0.0310
vn 0.9683 0.2480 -0.0309
vn 0.9604 0.2770 -0.0308
vn 0.9529 0.3016 -0.0307
vn 0.9469 0.3202 -0.0306
vn 0.9430 0.3315 -0.0305
vn 0.9422 0.3337 -0.0308
vn 0.9450 0.3256 -0.0314
vn 0.9504 0.3093 -0.0324
vn 0.9581 0.2843 -0.0337
vn 0.9677 0.2497 -0.0356
vn 0.9776 0.2071 -0.0377
vn 0.9865 0.1586 -0.0402
vn 0.9932 0.1083 -0.0426
vn 0.9973 0.0585 -0.0451
vn 0.9988 0.0126 -0.0473
vn 0.9983 -0.0316 -0.0493
vn 0.9957 -0.0775 -0.0513
vn 0.9917 -0.1175 -0.0530
vn 0.9879 -0.1453 -0.0542
vn 0.9843 -0.1677 -0.0551
vn 0.9883 -0.1429 -0.0542
vn 0.9987 -0.0148 -0.0490
vn 0.9961 0.0762 -0.0447
vn 0.8927 0.4501 -0.0232
vn 0.1578 0.9870 0.0311
vn -0.8586 0.5085 0.0647
vn -0.8588 0.5081 0.0647
vn -0.9181 0.3912 0.0635
vn -0.9623 0.2652 0.0611
vn -0.9644 0.2574 0.0610
vn -0.9658 0.2520 0.0608
vn -0.9667 0.2484 0.0607
vn -0.9673 0.2465 0.0606
vn -0.9676 0.2450 0.0606
vn -0.9681 0.2431 0.0605
vn -0.9684 0.2418 0.0604
vn -0.9689 0.2402 0.0603
vn -0.9694 0.2381 0.0602
vn -0.9703 0.2342 0.0601
vn -0.9713 0.2302 0.0600
vn -0.9723 0.2260 0.0599
vn -0.9733 0.2217 0.0598
vn -0.9746 0.2157 0.0597
vn -0.9763 0.2079 0.0595
vn -0.9786 0.1972 0.0594
vn -0.9810 0.1848 0.0592
vn -0.9836 0.1707 0.0590
vn -0.9864 0.1536 0.0589
vn -0.9891 0.1348 0.0587
vn -0.9922 0.1100 0.0585
vn -0.9950 0.0809 0.0583
vn -0.9972 0.0475 0.0581
vn -0.9983 0.0046 0.0578
vn -0.9974 -0.0424 0.0575
vn -0.9944 -0.0883 0.0572
vn -0.9898 -0.1305 0.0569
vn -0.9838 -0.1704 0.0565
vn -0.9762 -0.2095 0.0560
vn -0.9671 -0.2481 0.0556
vn -0.9563 -0.2873 0.0550
vn -0.9433 -0.3274 0.0544
vn -0.9284 -0.3678 0.0538
vn -0.9104 -0.4103 0.0530
vn -0.8888 -0.4553 0.0522
vn -0.8617 -0.5048 0.0511
vn -0.8263 -0.5610 0.0498
vn -0.7826 -0.6207 0.0481
vn -0.7244 -0.6878 0.0459
vn -0.6405 -0.7668 0.0425
vn -0.4988 -0.8660 0.0367
vn -0.2681 -0.9630 0.0264
vn -0.0030 -0.9999 0.0138
vn 0.2313 -0.9729 0.0021
vn 0.4320 -0.9018 -0.0083
vn 0.5855 -0.8105 -0.0165
vn 0.6864 -0.7269 -0.0220
vn 0.7574 -0.6524 -0.0258
vn 0.8163 -0.5770 -0.0290
vn 0.8616 -0.5066 -0.0313
vn 0.8937 -0.4474 -0.0329
vn 0.9176 -0.3960 -0.0340
vn 0.9370 -0.3475 -0.0347
vn 0.9539 -0.2980 -0.0353
vn 0.9678 -0.2490 -0.0358
vn 0.9787 -0.2020 -0.0360
vn 0.9871 -0.1557 -0.0362
vn 0.9934 -0.1085 -0.0363
vn 0.9992 -0.0142 -0.0362
vn 0.9975 -0.0602 -0.0363
vn 0.9989 0.0314 -0.0361
vn 0.9964 0.0766 -0.0359
vn 0.9923 0.1190 -0.0358
vn 0.9865 0.1597 -0.0356
vn 0.9789 0.2010 -0.0353
vn 0.9706 0.2383 -0.0351
vn 0.9628 0.2680 -0.0349
vn 0.9554 0.2934 -0.0347
vn 0.9492 0.3127 -0.0347
vn 0.9453 0.3244 -0.0349
vn 0.9444 0.3269 -0.0353
vn 0.9472 0.3185 -0.0362
vn 0.9527 0.3018 -0.0374
vn 0.9603 0.2762 -0.0389
vn 0.9697 0.2407 -0.0408
vn 0.9794 0.1974 -0.0430
vn 0.9879 0.1483 -0.0453
vn 0.9941 0.0977 -0.0475
vn 0.9976 0.0480 -0.0496
vn 0.9987 0.0030 -0.0515
vn 0.9978 -0.0403 -0.0531
vn 0.9948 -0.0854 -0.0547
vn 0.9908 -0.1236 -0.0559
vn 0.9872 -0.1489 -0.0567
vn 0.9840 -0.1688 -0.0573
vn 0.9884 -0.1407 -0.0565
vn 0.9986 -0.0075 -0.0520
vn 0.9950 0.0873 -0.0483
vn 0.9872 0.1528 -0.0452
vn 0.0036 0.9995 0.0325
vn -0.8756 0.4787 0.0644
vn -0.8757 0.4784 0.0647
vn -0.9248 0.3749 0.0643
vn -0.9624 0.2643 0.0628
vn -0.9643 0.2574 0.0627
vn -0.9656 0.2524 0.0626
vn -0.9665 0.2489 0.0626
vn -0.9670 0.2471 0.0625
vn -0.9673 0.2457 0.0625
vn -0.9678 0.2438 0.0624
vn -0.9681 0.2425 0.0624
vn -0.9686 0.2407 0.0624
vn -0.9691 0.2386 0.0623
vn -0.9700 0.2348 0.0623
vn -0.9710 0.2308 0.0622
vn -0.9720 0.2266 0.0621
vn -0.9730 0.2222 0.0621
vn -0.9743 0.2164 0.0620
vn -0.9760 0.2088 0.0620
vn -0.9782 0.1984 0.0619
vn -0.9805 0.1865 0.0617
vn -0.9831 0.1726 0.0616
vn -0.9859 0.1556 0.0615
vn -0.9887 0.1371 0.0614
vn -0.9917 0.1128 0.0612
vn -0.9946 0.0840 0.0610
vn -0.9968 0.0510 0.0609
vn -0.9981 0.0087 0.0607
vn -0.9974 -0.0382 0.0603
vn -0.9946 -0.0842 0.0599
vn -0.9902 -0.1266 0.0595
vn -0.9842 -0.1666 0.0591
vn -0.9768 -0.2059 0.0586
vn -0.9679 -0.2445 0.0581
vn -0.9572 -0.2836 0.0575
vn -0.9444 -0.3238 0.0569
vn -0.9296 -0.3643 0.0562
vn -0.9117 -0.4070 0.0555
vn -0.8901 -0.4525 0.0546
vn -0.8630 -0.5023 0.0535
vn -0.8278 -0.5585 0.0521
vn -0.7842 -0.6185 0.0503
vn -0.7260 -0.6860 0.0478
vn -0.6421 -0.7653 0.0442
vn -0.5024 -0.8638 0.0378
vn -0.2740 -0.9614 0.0268
vn -0.0046 -0.9999 0.0129
vn 0.2382 -0.9712 -0.0000
vn 0.4433 -0.8963 -0.0113
vn 0.5967 -0.8022 -0.0200
vn 0.6967 -0.7169 -0.0257
vn 0.7666 -0.6414 -0.0297
vn 0.8238 -0.5659 -0.0329
vn 0.8676 -0.4959 -0.0354
vn 0.8987 -0.4370 -0.0371
vn 0.9218 -0.3857 -0.0383
vn 0.9404 -0.3377 -0.0391
vn 0.9565 -0.2891 -0.0399
vn 0.9696 -0.2412 -0.0404
vn 0.9799 -0.1952 -0.0408
vn 0.9878 -0.1499 -0.0410
vn 0.9937 -0.1039 -0.0412
vn 0.9975 -0.0569 -0.0412
vn 0.9986 0.0325 -0.0410
vn 0.9991 -0.0120 -0.0412
vn 0.9963 0.0761 -0.0408
vn 0.9923 0.1169 -0.0405
vn 0.9869 0.1560 -0.0402
vn 0.9799 0.1954 -0.0398
vn 0.9722 0.2309 -0.0395
vn 0.9650 0.2592 -0.0393
vn 0.9582 0.2832 -0.0392
vn 0.9527 0.3012 -0.0393
vn 0.9493 0.3119 -0.0397
vn 0.9488 0.3134 -0.0403
vn 0.9516 0.3044 -0.0413
vn 0.9569 0.2872 -0.0426
vn 0.9642 0.2614 -0.0442
vn 0.9730 0.2261 -0.0461
vn 0.9819 0.1831 -0.0482
vn 0.9896 0.1348 -0.0503
vn 0.9950 0.0855 -0.0524
vn 0.9978 0.0374 -0.0542
vn 0.9984 -0.0056 -0.0557
vn 0.9973 -0.0466 -0.0570
vn 0.9943 -0.0888 -0.0582
vn 0.9905 -0.1238 -0.0591
vn 0.9873 -0.1471 -0.0596
vn 0.9845 -0.1649 -0.0600
vn 0.9882 -0.1410 -0.0594
vn 0.9981 -0.0259 -0.0563
vn 0.9969 0.0567 -0.0537
vn 0.9613 0.2717 -0.0448
vn -0.8925 0.4465 0.0643
vn -0.1221 0.9920 0.0328
vn -0.8926 0.4463 0.0645
vn -0.9317 0.3575 0.0648
vn -0.9625 0.2634 0.0644
vn -0.9642 0.2574 0.0643
vn -0.9654 0.2527 0.0643
vn -0.9663 0.2494 0.0642
vn -0.9667 0.2476 0.0642
vn -0.9671 0.2463 0.0642
vn -0.9675 0.2445 0.0642
vn -0.9679 0.2431 0.0641
vn -0.9684 0.2412 0.0641
vn -0.9689 0.2390 0.0641
vn -0.9698 0.2354 0.0640
vn -0.9708 0.2314 0.0640
vn -0.9718 0.2271 0.0640
vn -0.9728 0.2228 0.0639
vn -0.9741 0.2171 0.0639
vn -0.9757 0.2096 0.0639
vn -0.9778 0.1996 0.0638
vn -0.9826 0.1744 0.0638
vn -0.9801 0.1881 0.0638
vn -0.9854 0.1577 0.0637
vn -0.9882 0.1395 0.0637
vn -0.9913 0.1155 0.0637
vn -0.9942 0.0871 0.0636
vn -0.9965 0.0546 0.0635
vn -0.9979 0.0129 0.0633
vn -0.9974 -0.0339 0.0631
vn -0.9948 -0.0801 0.0629
vn -0.9905 -0.1226 0.0626
vn -0.9847 -0.1628 0.0622
vn -0.9774 -0.2021 0.0618
vn -0.9686 -0.2408 0.0613
vn -0.9581 -0.2799 0.0608
vn -0.9455 -0.3201 0.0602
vn -0.9307 -0.3609 0.0595
vn -0.9130 -0.4038 0.0587
vn -0.8913 -0.4497 0.0578
vn -0.8643 -0.4998 0.0567
vn -0.8293 -0.5561 0.0552
vn -0.7857 -0.6163 0.0533
vn -0.7276 -0.6842 0.0506
vn -0.6438 -0.7637 0.0467
vn -0.5060 -0.8616 0.0400
vn -0.2801 -0.9596 0.0283
vn -0.0062 -0.9999 0.0132
vn 0.2459 -0.9693 -0.0012
vn 0.4556 -0.8901 -0.0136
vn 0.6086 -0.7931 -0.0229
vn 0.7075 -0.7061 -0.0291
vn 0.7762 -0.6297 -0.0333
vn 0.8315 -0.5543 -0.0367
vn 0.8738 -0.4848 -0.0393
vn 0.9037 -0.4262 -0.0411
vn 0.9260 -0.3751 -0.0424
vn 0.9438 -0.3276 -0.0434
vn 0.9590 -0.2800 -0.0442
vn 0.9714 -0.2332 -0.0448
vn 0.9811 -0.1883 -0.0453
vn 0.9885 -0.1440 -0.0456
vn 0.9940 -0.0992 -0.0459
vn 0.9975 -0.0536 -0.0460
vn 0.9984 0.0336 -0.0460
vn 0.9989 -0.0097 -0.0461
vn 0.9961 0.0757 -0.0458
vn 0.9923 0.1148 -0.0457
vn 0.9873 0.1523 -0.0454
vn 0.9808 0.1898 -0.0452
vn 0.9737 0.2234 -0.0450
vn 0.9672 0.2502 -0.0449
vn 0.9610 0.2728 -0.0449
vn 0.9561 0.2895 -0.0451
vn 0.9532 0.2990 -0.0455
vn 0.9530 0.2996 -0.0461
vn 0.9559 0.2900 -0.0471
vn 0.9610 0.2722 -0.0483
vn 0.9679 0.2462 -0.0498
vn 0.9761 0.2111 -0.0515
vn 0.9843 0.1684 -0.0533
vn 0.9911 0.1210 -0.0551
vn 0.9957 0.0731 -0.0567
vn 0.9979 0.0266 -0.0582
vn 0.9981 -0.0143 -0.0594
vn 0.9968 -0.0530 -0.0604
vn 0.9939 -0.0922 -0.0612
vn 0.9904 -0.1240 -0.0618
vn 0.9875 -0.1451 -0.0621
vn 0.9850 -0.1608 -0.0623
vn 0.9880 -0.1413 -0.0620
vn 0.9972 -0.0446 -0.0601
vn 0.9980 0.0253 -0.0586
vn 0.9324 0.3584 -0.0462
vn -0.9084 0.4129 0.0658
vn -0.2167 0.9757 0.0320
vn -0.9085 0.4126 0.0660
vn -0.9383 0.3395 0.0668
vn -0.9626 0.2625 0.0670
vn -0.9640 0.2573 0.0670
vn -0.9652 0.2530 0.0670
vn -0.9660 0.2498 0.0670
vn -0.9664 0.2481 0.0669
vn -0.9668 0.2468 0.0669
vn -0.9672 0.2451 0.0669
vn -0.9675 0.2437 0.0668
vn -0.9680 0.2417 0.0668
vn -0.9695 0.2359 0.0668
vn -0.9686 0.2395 0.0668
vn -0.9704 0.2319 0.0667
vn -0.9715 0.2277 0.0667
vn -0.9725 0.2232 0.0667
vn -0.9737 0.2177 0.0667
vn -0.9753 0.2104 0.0667
vn -0.9774 0.2007 0.0667
vn -0.9796 0.1897 0.0667
vn -0.9821 0.1762 0.0667
vn -0.9849 0.1597 0.0667
vn -0.9877 0.1418 0.0667
vn -0.9907 0.1182 0.0667
vn -0.9937 0.0901 0.0668
vn -0.9961 0.0581 0.0668
vn -0.9976 0.0171 0.0668
vn -0.9973 -0.0296 0.0667
vn -0.9949 -0.0760 0.0665
vn -0.9907 -0.1187 0.0663
vn -0.9851 -0.1590 0.0660
vn -0.9779 -0.1984 0.0656
vn -0.9693 -0.2372 0.0652
vn -0.9589 -0.2763 0.0647
vn -0.9464 -0.3165 0.0641
vn -0.9318 -0.3575 0.0634
vn -0.9141 -0.4006 0.0626
vn -0.8925 -0.4469 0.0616
vn -0.8655 -0.4972 0.0604
vn -0.8307 -0.5536 0.0588
vn -0.7872 -0.6141 0.0568
vn -0.7291 -0.6823 0.0540
vn -0.6454 -0.7622 0.0498
vn -0.5097 -0.8593 0.0426
vn -0.2863 -0.9577 0.0301
vn -0.0077 -0.9999 0.0137
vn 0.2543 -0.9671 -0.0025
vn 0.4686 -0.8833 -0.0162
vn 0.6208 -0.7835 -0.0263
vn 0.7184 -0.6949 -0.0328
vn 0.7856 -0.6176 -0.0374
vn 0.8391 -0.5424 -0.0410
vn 0.8797 -0.4735 -0.0438
vn 0.9085 -0.4153 -0.0458
vn 0.9300 -0.3644 -0.0472
vn 0.9470 -0.3176 -0.0483
vn 0.9613 -0.2710 -0.0492
vn 0.9730 -0.2253 -0.0499
vn 0.9821 -0.1814 -0.0505
vn 0.9891 -0.1381 -0.0510
vn 0.9942 -0.0945 -0.0513
vn 0.9974 -0.0502 -0.0516
vn 0.9986 -0.0074 -0.0517
vn 0.9958 0.0753 -0.0518
vn 0.9981 0.0348 -0.0518
vn 0.9923 0.1128 -0.0517
vn 0.9875 0.1486 -0.0517
vn 0.9815 0.1843 -0.0515
vn 0.9750 0.2161 -0.0515
vn 0.9691 0.2413 -0.0515
vn 0.9635 0.2625 -0.0516
vn 0.9592 0.2779 -0.0518
vn 0.9568 0.2862 -0.0522
vn 0.9568 0.2858 -0.0529
vn 0.9598 0.2756 -0.0538
vn 0.9648 0.2574 -0.0550
vn 0.9713 0.2312 -0.0563
vn 0.9789 0.1962 -0.0578
vn 0.9863 0.1539 -0.0593
vn 0.9923 0.1075 -0.0608
vn 0.9962 0.0609 -0.0621
vn 0.9979 0.0161 -0.0632
vn 0.9977 -0.0229 -0.0641
vn 0.9961 -0.0592 -0.0648
vn 0.9933 -0.0955 -0.0653
vn 0.9901 -0.1242 -0.0656
vn 0.9875 -0.1432 -0.0658
vn 0.9854 -0.1567 -0.0659
vn 0.9878 -0.1415 -0.0657
vn 0.9959 -0.0630 -0.0649
vn 0.9979 -0.0055 -0.0641
vn 0.9084 0.4150 -0.0507
vn -0.9224 0.3803 0.0679
vn -0.2846 0.9582 0.0307
vn -0.9224 0.3801 0.0681
vn -0.9440 0.3227 0.0691
vn -0.9623 0.2628 0.0698
vn -0.9635 0.2583 0.0698
vn -0.9646 0.2543 0.0698
vn -0.9654 0.2513 0.0698
vn -0.9658 0.2497 0.0698
vn -0.9661 0.2484 0.0698
vn -0.9665 0.2468 0.0698
vn -0.9669 0.2453 0.0697
vn -0.9675 0.2432 0.0697
vn -0.9680 0.2409 0.0697
vn -0.9689 0.2375 0.0697
vn -0.9698 0.2335 0.0697
vn -0.9709 0.2292 0.0697
vn -0.9719 0.2248 0.0697
vn -0.9731 0.2194 0.0697
vn -0.9747 0.2123 0.0697
vn -0.9767 0.2029 0.0697
vn -0.9789 0.1923 0.0698
vn -0.9814 0.1790 0.0699
vn -0.9842 0.1628 0.0699
vn -0.9869 0.1450 0.0700
vn -0.9901 0.1218 0.0702
vn -0.9931 0.0941 0.0703
vn -0.9956 0.0625 0.0704
vn -0.9973 0.0221 0.0706
vn -0.9972 -0.0245 0.0706
vn -0.9950 -0.0710 0.0705
vn -0.9910 -0.1139 0.0703
vn -0.9855 -0.1543 0.0701
vn -0.9786 -0.1938 0.0698
vn -0.9701 -0.2327 0.0694
vn -0.9599 -0.2717 0.0690
vn -0.9476 -0.3120 0.0684
vn -0.9331 -0.3531 0.0677
vn -0.9156 -0.3965 0.0669
vn -0.8940 -0.4432 0.0659
vn -0.8671 -0.4938 0.0646
vn -0.8326 -0.5503 0.0629
vn -0.7892 -0.6111 0.0607
vn -0.7312 -0.6797 0.0576
vn -0.6478 -0.7600 0.0531
vn -0.5141 -0.8566 0.0455
vn -0.2933 -0.9555 0.0322
vn -0.0101 -0.9998 0.0141
vn 0.2620 -0.9651 -0.0040
vn 0.4807 -0.8767 -0.0192
vn 0.6319 -0.7744 -0.0300
vn 0.7282 -0.6844 -0.0371
vn 0.7940 -0.6065 -0.0419
vn 0.8456 -0.5318 -0.0458
vn 0.8847 -0.4635 -0.0488
vn 0.9125 -0.4059 -0.0509
vn 0.9333 -0.3551 -0.0525
vn 0.9496 -0.3089 -0.0537
vn 0.9631 -0.2634 -0.0548
vn 0.9742 -0.2189 -0.0556
vn 0.9828 -0.1760 -0.0563
vn 0.9894 -0.1336 -0.0569
vn 0.9942 -0.0912 -0.0573
vn 0.9972 -0.0482 -0.0577
vn 0.9983 -0.0063 -0.0579
vn 0.9977 0.0348 -0.0581
vn 0.9923 0.1098 -0.0582
vn 0.9956 0.0738 -0.0582
vn 0.9879 0.1441 -0.0582
vn 0.9823 0.1779 -0.0582
vn 0.9764 0.2080 -0.0582
vn 0.9710 0.2318 -0.0583
vn 0.9661 0.2516 -0.0584
vn 0.9623 0.2657 -0.0587
vn 0.9603 0.2728 -0.0591
vn 0.9606 0.2715 -0.0598
vn 0.9635 0.2607 -0.0606
vn 0.9683 0.2420 -0.0616
vn 0.9744 0.2157 -0.0628
vn 0.9814 0.1808 -0.0640
vn 0.9881 0.1389 -0.0653
vn 0.9934 0.0934 -0.0664
vn 0.9966 0.0482 -0.0674
vn 0.9977 0.0049 -0.0682
vn 0.9971 -0.0321 -0.0688
vn 0.9954 -0.0663 -0.0692
vn 0.9926 -0.0998 -0.0694
vn 0.9897 -0.1255 -0.0695
vn 0.9873 -0.1425 -0.0696
vn 0.9856 -0.1540 -0.0696
vn 0.9873 -0.1428 -0.0695
vn 0.9943 -0.0815 -0.0693
vn 0.9970 -0.0358 -0.0692
vn 0.8919 0.4487 -0.0564
vn -0.9346 0.3486 0.0703
vn -0.3359 0.9414 0.0298
vn -0.9347 0.3484 0.0705
vn -0.9492 0.3063 0.0715
vn -0.9623 0.2624 0.0723
vn -0.9632 0.2587 0.0723
vn -0.9642 0.2550 0.0724
vn -0.9650 0.2521 0.0724
vn -0.9654 0.2506 0.0724
vn -0.9657 0.2493 0.0723
vn -0.9661 0.2478 0.0723
vn -0.9665 0.2463 0.0723
vn -0.9671 0.2441 0.0723
vn -0.9677 0.2417 0.0723
vn -0.9685 0.2384 0.0723
vn -0.9694 0.2344 0.0723
vn -0.9705 0.2301 0.0723
vn -0.9715 0.2256 0.0723
vn -0.9727 0.2204 0.0723
vn -0.9743 0.2134 0.0724
vn -0.9762 0.2043 0.0725
vn -0.9783 0.1941 0.0726
vn -0.9808 0.1810 0.0727
vn -0.9836 0.1649 0.0728
vn -0.9864 0.1475 0.0730
vn -0.9895 0.1246 0.0732
vn -0.9926 0.0972 0.0734
vn -0.9951 0.0660 0.0737
vn -0.9969 0.0261 0.0739
vn -0.9970 -0.0204 0.0741
vn -0.9950 -0.0670 0.0741
vn -0.9912 -0.1101 0.0740
vn -0.9858 -0.1507 0.0739
vn -0.9790 -0.1902 0.0736
vn -0.9706 -0.2291 0.0733
vn -0.9606 -0.2681 0.0728
vn -0.9485 -0.3084 0.0723
vn -0.9341 -0.3497 0.0716
vn -0.9167 -0.3933 0.0708
vn -0.8951 -0.4404 0.0697
vn -0.8683 -0.4913 0.0684
vn -0.8340 -0.5478 0.0666
vn -0.7907 -0.6089 0.0642
vn -0.7327 -0.6778 0.0610
vn -0.6495 -0.7583 0.0562
vn -0.5175 -0.8543 0.0481
vn -0.2992 -0.9536 0.0341
vn -0.0115 -0.9998 0.0146
vn 0.2705 -0.9627 -0.0055
vn 0.4930 -0.8697 -0.0220
vn 0.6430 -0.7652 -0.0335
vn 0.7377 -0.6739 -0.0410
vn 0.8020 -0.5955 -0.0462
vn 0.8520 -0.5212 -0.0502
vn 0.8896 -0.4537 -0.0534
vn 0.9164 -0.3965 -0.0557
vn 0.9365 -0.3460 -0.0574
vn 0.9520 -0.3004 -0.0587
vn 0.9649 -0.2558 -0.0598
vn 0.9753 -0.2123 -0.0608
vn 0.9834 -0.1704 -0.0615
vn 0.9897 -0.1289 -0.0622
vn 0.9942 -0.0875 -0.0628
vn 0.9969 -0.0458 -0.0632
vn 0.9980 -0.0048 -0.0636
vn 0.9973 0.0353 -0.0638
vn 0.9921 0.1076 -0.0641
vn 0.9953 0.0730 -0.0640
vn 0.9880 0.1405 -0.0642
vn 0.9829 0.1727 -0.0642
vn 0.9775 0.2011 -0.0643
vn 0.9725 0.2236 -0.0644
vn 0.9681 0.2422 -0.0646
vn 0.9647 0.2551 -0.0649
vn 0.9631 0.2611 -0.0653
vn 0.9636 0.2590 -0.0659
vn 0.9666 0.2475 -0.0667
vn 0.9712 0.2285 -0.0676
vn 0.9770 0.2020 -0.0685
vn 0.9834 0.1673 -0.0696
vn 0.9895 0.1258 -0.0705
vn 0.9941 0.0812 -0.0714
vn 0.9967 0.0371 -0.0721
vn 0.9974 -0.0047 -0.0725
vn 0.9965 -0.0399 -0.0728
vn 0.9947 -0.0721 -0.0730
vn 0.9920 -0.1031 -0.0731
vn 0.9893 -0.1261 -0.0730
vn 0.9873 -0.1412 -0.0730
vn 0.9859 -0.1509 -0.0729
vn 0.9870 -0.1433 -0.0729
vn 0.9953 -0.0628 -0.0733
vn 0.9925 -0.0976 -0.0731
vn 0.8808 0.4694 -0.0621
vn -0.9421 0.3270 0.0745
vn -0.3645 0.9307 0.0312
vn -0.9421 0.3269 0.0747
vn -0.9523 0.2957 0.0755
vn -0.9618 0.2630 0.0762
vn -0.9626 0.2599 0.0762
vn -0.9636 0.2564 0.0763
vn -0.9643 0.2535 0.0763
vn -0.9647 0.2521 0.0763
vn -0.9650 0.2509 0.0762
vn -0.9654 0.2494 0.0762
vn -0.9658 0.2478 0.0762
vn -0.9664 0.2456 0.0761
vn -0.9670 0.2432 0.0761
vn -0.9678 0.2400 0.0761
vn -0.9688 0.2360 0.0761
vn -0.9698 0.2317 0.0761
vn -0.9709 0.2272 0.0761
vn -0.9721 0.2220 0.0761
vn -0.9736 0.2151 0.0762
vn -0.9755 0.2062 0.0762
vn -0.9776 0.1963 0.0763
vn -0.9801 0.1833 0.0764
vn -0.9829 0.1674 0.0766
vn -0.9857 0.1501 0.0768
vn -0.9889 0.1274 0.0770
vn -0.9920 0.1003 0.0773
vn -0.9946 0.0693 0.0776
vn -0.9965 0.0298 0.0779
vn -0.9968 -0.0165 0.0781
vn -0.9949 -0.0632 0.0782
vn -0.9912 -0.1065 0.0782
vn -0.9860 -0.1472 0.0780
vn -0.9793 -0.1867 0.0778
vn -0.9711 -0.2257 0.0775
vn -0.9613 -0.2646 0.0770
vn -0.9493 -0.3050 0.0764
vn -0.9350 -0.3464 0.0757
vn -0.9177 -0.3901 0.0749
vn -0.8962 -0.4375 0.0738
vn -0.8695 -0.4886 0.0724
vn -0.8354 -0.5452 0.0705
vn -0.7922 -0.6064 0.0680
vn -0.7344 -0.6756 0.0646
vn -0.6514 -0.7564 0.0595
vn -0.5208 -0.8522 0.0511
vn -0.3044 -0.9518 0.0363
vn -0.0135 -0.9998 0.0154
vn 0.2756 -0.9612 -0.0064
vn 0.5010 -0.8651 -0.0242
vn 0.6499 -0.7591 -0.0365
vn 0.7435 -0.6672 -0.0444
vn 0.8069 -0.5886 -0.0499
vn 0.8557 -0.5147 -0.0542
vn 0.8923 -0.4477 -0.0576
vn 0.9185 -0.3909 -0.0600
vn 0.9382 -0.3406 -0.0619
vn 0.9533 -0.2955 -0.0633
vn 0.9657 -0.2515 -0.0646
vn 0.9757 -0.2088 -0.0656
vn 0.9836 -0.1676 -0.0665
vn 0.9897 -0.1267 -0.0673
vn 0.9940 -0.0861 -0.0679
vn 0.9966 -0.0451 -0.0685
vn 0.9976 -0.0047 -0.0689
vn 0.9970 0.0347 -0.0692
vn 0.9950 0.0714 -0.0695
vn 0.9881 0.1370 -0.0698
vn 0.9920 0.1050 -0.0696
vn 0.9833 0.1681 -0.0699
vn 0.9782 0.1954 -0.0700
vn 0.9736 0.2170 -0.0701
vn 0.9695 0.2347 -0.0703
vn 0.9665 0.2468 -0.0706
vn 0.9651 0.2520 -0.0710
vn 0.9658 0.2493 -0.0715
vn 0.9687 0.2375 -0.0723
vn 0.9732 0.2182 -0.0731
vn 0.9787 0.1916 -0.0740
vn 0.9847 0.1571 -0.0749
vn 0.9904 0.1158 -0.0757
vn 0.9945 0.0718 -0.0764
vn 0.9966 0.0286 -0.0770
vn 0.9969 -0.0122 -0.0773
vn 0.9959 -0.0463 -0.0775
vn 0.9940 -0.0771 -0.0776
vn 0.9913 -0.1064 -0.0776
vn 0.9888 -0.1275 -0.0775
vn 0.9869 -0.1414 -0.0774
vn 0.9857 -0.1498 -0.0773
vn 0.9865 -0.1447 -0.0773
vn 0.9909 -0.1096 -0.0777
vn 0.9936 -0.0821 -0.0779
vn 0.8753 0.4790 -0.0671
vn -0.9478 0.3085 0.0804
vn -0.3860 0.9217 0.0373
vn -0.9478 0.3085 0.0805
vn -0.9546 0.2868 0.0810
vn -0.9611 0.2639 0.0815
vn -0.9618 0.2612 0.0815
vn -0.9627 0.2579 0.0815
vn -0.9635 0.2551 0.0815
vn -0.9638 0.2538 0.0815
vn -0.9642 0.2525 0.0815
vn -0.9645 0.2511 0.0814
vn -0.9649 0.2495 0.0814
vn -0.9655 0.2472 0.0813
vn -0.9662 0.2448 0.0813
vn -0.9670 0.2416 0.0813
vn -0.9679 0.2377 0.0813
vn -0.9690 0.2333 0.0813
vn -0.9701 0.2288 0.0813
vn -0.9713 0.2238 0.0813
vn -0.9728 0.2169 0.0813
vn -0.9747 0.2082 0.0814
vn -0.9767 0.1985 0.0814
vn -0.9792 0.1856 0.0816
vn -0.9821 0.1699 0.0818
vn -0.9849 0.1527 0.0819
vn -0.9881 0.1302 0.0822
vn -0.9912 0.1033 0.0825
vn -0.9939 0.0726 0.0828
vn -0.9960 0.0334 0.0831
vn -0.9964 -0.0129 0.0834
vn -0.9947 -0.0596 0.0835
vn -0.9912 -0.1030 0.0835
vn -0.9861 -0.1437 0.0834
vn -0.9795 -0.1833 0.0832
vn -0.9714 -0.2223 0.0829
vn -0.9617 -0.2613 0.0824
vn -0.9499 -0.3017 0.0819
vn -0.9358 -0.3432 0.0812
vn -0.9186 -0.3870 0.0803
vn -0.8971 -0.4346 0.0792
vn -0.8706 -0.4858 0.0777
vn -0.8366 -0.5425 0.0758
vn -0.7936 -0.6040 0.0732
vn -0.7360 -0.6734 0.0697
vn -0.6531 -0.7545 0.0643
vn -0.5238 -0.8500 0.0555
vn -0.3092 -0.9502 0.0401
vn -0.0154 -0.9997 0.0176
vn 0.2800 -0.9600 -0.0063
vn 0.5077 -0.8611 -0.0257
vn 0.6557 -0.7540 -0.0388
vn 0.7483 -0.6616 -0.0474
vn 0.8109 -0.5828 -0.0533
vn 0.8586 -0.5093 -0.0580
vn 0.8945 -0.4429 -0.0616
vn 0.9201 -0.3864 -0.0642
vn 0.9394 -0.3364 -0.0663
vn 0.9541 -0.2916 -0.0679
vn 0.9662 -0.2483 -0.0693
vn 0.9760 -0.2062 -0.0705
vn 0.9836 -0.1655 -0.0715
vn 0.9895 -0.1252 -0.0723
vn 0.9937 -0.0852 -0.0731
vn 0.9963 -0.0449 -0.0737
vn 0.9972 -0.0051 -0.0742
vn 0.9966 0.0338 -0.0745
vn 0.9948 0.0697 -0.0748
vn 0.9882 0.1336 -0.0751
vn 0.9919 0.1025 -0.0749
vn 0.9836 0.1637 -0.0751
vn 0.9789 0.1902 -0.0752
vn 0.9746 0.2110 -0.0753
vn 0.9708 0.2279 -0.0754
vn 0.9680 0.2393 -0.0756
vn 0.9668 0.2439 -0.0760
vn 0.9676 0.2407 -0.0765
vn 0.9705 0.2285 -0.0771
vn 0.9748 0.2089 -0.0779
vn 0.9801 0.1823 -0.0788
vn 0.9858 0.1479 -0.0797
vn 0.9910 0.1068 -0.0805
vn 0.9947 0.0633 -0.0813
vn 0.9964 0.0208 -0.0818
vn 0.9964 -0.0191 -0.0823
vn 0.9952 -0.0521 -0.0825
vn 0.9932 -0.0817 -0.0826
vn 0.9905 -0.1096 -0.0826
vn 0.9882 -0.1291 -0.0825
vn 0.9864 -0.1418 -0.0825
vn 0.9854 -0.1491 -0.0824
vn 0.9858 -0.1462 -0.0824
vn 0.9893 -0.1201 -0.0827
vn 0.9916 -0.0989 -0.0828
vn 0.8718 0.4849 -0.0695
vn -0.9518 0.2939 0.0874
vn -0.4008 0.9149 0.0479
vn -0.9518 0.2939 0.0875
vn -0.9560 0.2800 0.0877
vn -0.9602 0.2651 0.0879
vn -0.9609 0.2627 0.0879
vn -0.9617 0.2596 0.0879
vn -0.9624 0.2569 0.0879
vn -0.9628 0.2555 0.0879
vn -0.9631 0.2543 0.0878
vn -0.9635 0.2529 0.0878
vn -0.9639 0.2513 0.0877
vn -0.9645 0.2490 0.0877
vn -0.9652 0.2465 0.0876
vn -0.9660 0.2434 0.0876
vn -0.9670 0.2395 0.0875
vn -0.9680 0.2351 0.0875
vn -0.9691 0.2306 0.0875
vn -0.9703 0.2256 0.0875
vn -0.9718 0.2189 0.0875
vn -0.9737 0.2103 0.0875
vn -0.9757 0.2008 0.0876
vn -0.9783 0.1879 0.0877
vn -0.9811 0.1723 0.0878
vn -0.9839 0.1553 0.0880
vn -0.9872 0.1330 0.0882
vn -0.9904 0.1062 0.0885
vn -0.9932 0.0757 0.0888
vn -0.9953 0.0368 0.0891
vn -0.9959 -0.0094 0.0894
vn -0.9944 -0.0562 0.0896
vn -0.9910 -0.0996 0.0896
vn -0.9860 -0.1404 0.0895
vn -0.9796 -0.1800 0.0892
vn -0.9716 -0.2191 0.0889
vn -0.9621 -0.2580 0.0885
vn -0.9504 -0.2984 0.0880
vn -0.9364 -0.3400 0.0873
vn -0.9193 -0.3839 0.0864
vn -0.8979 -0.4318 0.0853
vn -0.8715 -0.4831 0.0839
vn -0.8378 -0.5399 0.0819
vn -0.7949 -0.6015 0.0793
vn -0.7374 -0.6712 0.0757
vn -0.6549 -0.7525 0.0702
vn -0.5266 -0.8479 0.0611
vn -0.3135 -0.9485 0.0451
vn -0.0175 -0.9996 0.0211
vn 0.2832 -0.9590 -0.0048
vn 0.5129 -0.8580 -0.0259
vn 0.6600 -0.7502 -0.0401
vn 0.7519 -0.6574 -0.0494
vn 0.8138 -0.5785 -0.0558
vn 0.8607 -0.5054 -0.0609
vn 0.8959 -0.4395 -0.0649
vn 0.9211 -0.3833 -0.0679
vn 0.9402 -0.3334 -0.0702
vn 0.9546 -0.2889 -0.0720
vn 0.9664 -0.2461 -0.0735
vn 0.9760 -0.2046 -0.0748
vn 0.9835 -0.1644 -0.0759
vn 0.9892 -0.1245 -0.0769
vn 0.9933 -0.0850 -0.0777
vn 0.9959 -0.0453 -0.0784
vn 0.9969 -0.0059 -0.0789
vn 0.9963 0.0325 -0.0793
vn 0.9945 0.0678 -0.0795
vn 0.9883 0.1304 -0.0797
vn 0.9918 0.1000 -0.0796
vn 0.9839 0.1598 -0.0796
vn 0.9794 0.1855 -0.0796
vn 0.9754 0.2056 -0.0796
vn 0.9718 0.2220 -0.0796
vn 0.9693 0.2328 -0.0797
vn 0.9682 0.2368 -0.0800
vn 0.9691 0.2332 -0.0804
vn 0.9719 0.2208 -0.0811
vn 0.9762 0.2010 -0.0819
vn 0.9812 0.1743 -0.0828
vn 0.9866 0.1400 -0.0838
vn 0.9914 0.0991 -0.0849
vn 0.9947 0.0560 -0.0858
vn 0.9961 0.0141 -0.0865
vn 0.9959 -0.0251 -0.0871
vn 0.9945 -0.0572 -0.0875
vn 0.9924 -0.0859 -0.0878
vn 0.9897 -0.1126 -0.0880
vn 0.9875 -0.1308 -0.0881
vn 0.9858 -0.1427 -0.0881
vn 0.9849 -0.1491 -0.0881
vn 0.9851 -0.1479 -0.0881
vn 0.9877 -0.1291 -0.0882
vn 0.9897 -0.1128 -0.0882
vn 0.8699 0.4884 -0.0690
vn -0.9540 0.2840 0.0963
vn -0.4099 0.9099 0.0633
vn -0.9540 0.2839 0.0964
vn -0.9564 0.2756 0.0964
vn -0.9590 0.2665 0.0964
vn -0.9596 0.2643 0.0964
vn -0.9604 0.2613 0.0963
vn -0.9612 0.2586 0.0963
vn -0.9615 0.2573 0.0962
vn -0.9619 0.2561 0.0962
vn -0.9622 0.2547 0.0961
vn -0.9627 0.2531 0.0960
vn -0.9633 0.2508 0.0959
vn -0.9639 0.2483 0.0958
vn -0.9647 0.2452 0.0957
vn -0.9657 0.2413 0.0956
vn -0.9668 0.2369 0.0955
vn -0.9679 0.2324 0.0954
vn -0.9691 0.2275 0.0954
vn -0.9707 0.2208 0.0953
vn -0.9725 0.2123 0.0953
vn -0.9745 0.2029 0.0953
vn -0.9771 0.1902 0.0953
vn -0.9800 0.1746 0.0954
vn -0.9829 0.1577 0.0955
vn -0.9861 0.1355 0.0956
vn -0.9894 0.1089 0.0958
vn -0.9923 0.0785 0.0960
vn -0.9946 0.0398 0.0963
vn -0.9953 -0.0063 0.0965
vn -0.9939 -0.0531 0.0966
vn -0.9906 -0.0966 0.0966
vn -0.9858 -0.1373 0.0965
vn -0.9795 -0.1770 0.0962
vn -0.9717 -0.2161 0.0959
vn -0.9622 -0.2550 0.0955
vn -0.9506 -0.2954 0.0949
vn -0.9368 -0.3371 0.0942
vn -0.9198 -0.3810 0.0934
vn -0.8986 -0.4290 0.0923
vn -0.8723 -0.4805 0.0908
vn -0.8387 -0.5373 0.0889
vn -0.7961 -0.5990 0.0863
vn -0.7388 -0.6689 0.0826
vn -0.6564 -0.7504 0.0770
vn -0.5290 -0.8459 0.0677
vn -0.3171 -0.9470 0.0510
vn -0.0196 -0.9995 0.0257
vn 0.2850 -0.9585 -0.0024
vn 0.5161 -0.8561 -0.0253
vn 0.6626 -0.7478 -0.0407
vn 0.7540 -0.6549 -0.0508
vn 0.8154 -0.5760 -0.0579
vn 0.8618 -0.5032 -0.0635
vn 0.8966 -0.4376 -0.0679
vn 0.9215 -0.3817 -0.0712
vn 0.9404 -0.3319 -0.0738
vn 0.9547 -0.2877 -0.0758
vn 0.9664 -0.2453 -0.0775
vn 0.9758 -0.2041 -0.0790
vn 0.9831 -0.1643 -0.0803
vn 0.9889 -0.1247 -0.0813
vn 0.9929 -0.0855 -0.0822
vn 0.9955 -0.0462 -0.0829
vn 0.9965 -0.0071 -0.0834
vn 0.9960 0.0309 -0.0838
vn 0.9917 0.0975 -0.0841
vn 0.9943 0.0657 -0.0840
vn 0.9883 0.1275 -0.0840
vn 0.9841 0.1563 -0.0839
vn 0.9798 0.1814 -0.0837
vn 0.9760 0.2012 -0.0836
vn 0.9726 0.2171 -0.0834
vn 0.9702 0.2275 -0.0835
vn 0.9693 0.2312 -0.0836
vn 0.9702 0.2273 -0.0840
vn 0.9730 0.2146 -0.0847
vn 0.9771 0.1947 -0.0856
vn 0.9820 0.1680 -0.0867
vn 0.9871 0.1337 -0.0880
vn 0.9916 0.0930 -0.0894
vn 0.9946 0.0502 -0.0907
vn 0.9957 0.0087 -0.0918
vn 0.9952 -0.0300 -0.0928
vn 0.9937 -0.0615 -0.0935
vn 0.9915 -0.0896 -0.0940
vn 0.9888 -0.1154 -0.0945
vn 0.9866 -0.1327 -0.0948
vn 0.9850 -0.1440 -0.0950
vn 0.9841 -0.1498 -0.0951
vn 0.9861 -0.1360 -0.0950
vn 0.9878 -0.1233 -0.0949
vn 0.8690 0.4904 -0.0663
vn -0.4118 0.9074 0.0835
vn -0.9539 0.2802 0.1078
vn -0.9554 0.2749 0.1077
vn -0.9572 0.2688 0.1075
vn -0.9577 0.2668 0.1074
vn -0.9586 0.2638 0.1073
vn -0.9593 0.2612 0.1072
vn -0.9597 0.2599 0.1071
vn -0.9600 0.2587 0.1069
vn -0.9604 0.2574 0.1068
vn -0.9608 0.2558 0.1067
vn -0.9615 0.2534 0.1065
vn -0.9629 0.2479 0.1062
vn -0.9621 0.2509 0.1064
vn -0.9640 0.2439 0.1060
vn -0.9651 0.2396 0.1059
vn -0.9662 0.2351 0.1057
vn -0.9674 0.2302 0.1055
vn -0.9690 0.2235 0.1054
vn -0.9709 0.2152 0.1051
vn -0.9729 0.2058 0.1050
vn -0.9756 0.1931 0.1048
vn -0.9785 0.1776 0.1048
vn -0.9814 0.1608 0.1047
vn -0.9848 0.1387 0.1048
vn -0.9881 0.1121 0.1048
vn -0.9911 0.0818 0.1049
vn -0.9935 0.0433 0.1050
vn -0.9945 -0.0028 0.1051
vn -0.9932 -0.0496 0.1050
vn -0.9901 -0.0930 0.1049
vn -0.9855 -0.1338 0.1047
vn -0.9793 -0.1734 0.1044
vn -0.9716 -0.2125 0.1040
vn -0.9623 -0.2514 0.1035
vn -0.9509 -0.2919 0.1030
vn -0.9372 -0.3335 0.1023
vn -0.9204 -0.3776 0.1014
vn -0.8993 -0.4256 0.1003
vn -0.8732 -0.4772 0.0989
vn -0.8399 -0.5341 0.0969
vn -0.7975 -0.5959 0.0943
vn -0.7404 -0.6660 0.0906
vn -0.6584 -0.7478 0.0849
vn -0.5317 -0.8436 0.0754
vn -0.3208 -0.9454 0.0582
vn -0.0226 -0.9993 0.0314
vn 0.2841 -0.9588 0.0012
vn 0.5163 -0.8561 -0.0237
vn 0.6626 -0.7478 -0.0405
vn 0.7539 -0.6550 -0.0516
vn 0.8152 -0.5761 -0.0595
vn 0.8614 -0.5036 -0.0657
vn 0.8961 -0.4382 -0.0706
vn 0.9210 -0.3825 -0.0743
vn 0.9398 -0.3329 -0.0772
vn 0.9541 -0.2888 -0.0795
vn 0.9657 -0.2466 -0.0815
vn 0.9751 -0.2057 -0.0832
vn 0.9825 -0.1660 -0.0846
vn 0.9882 -0.1266 -0.0858
vn 0.9924 -0.0877 -0.0868
vn 0.9950 -0.0486 -0.0875
vn 0.9961 -0.0097 -0.0881
vn 0.9957 0.0281 -0.0885
vn 0.9916 0.0943 -0.0886
vn 0.9941 0.0628 -0.0887
vn 0.9883 0.1240 -0.0885
vn 0.9844 0.1525 -0.0882
vn 0.9802 0.1774 -0.0879
vn 0.9765 0.1969 -0.0876
vn 0.9732 0.2126 -0.0873
vn 0.9710 0.2228 -0.0872
vn 0.9701 0.2263 -0.0874
vn 0.9710 0.2222 -0.0878
vn 0.9738 0.2094 -0.0886
vn 0.9778 0.1894 -0.0897
vn 0.9825 0.1627 -0.0911
vn 0.9874 0.1284 -0.0928
vn 0.9916 0.0878 -0.0947
vn 0.9943 0.0452 -0.0966
vn 0.9951 0.0039 -0.0983
vn 0.9944 -0.0346 -0.0998
vn 0.9927 -0.0657 -0.1010
vn 0.9904 -0.0933 -0.1020
vn 0.9876 -0.1187 -0.1029
vn 0.9854 -0.1355 -0.1035
vn 0.9837 -0.1464 -0.1039
vn 0.9829 -0.1519 -0.1042
vn 0.9828 -0.1526 -0.1042
vn 0.9845 -0.1415 -0.1039
vn 0.9860 -0.1306 -0.1036
vn 0.8694 0.4902 -0.0621
vn -0.4060 0.9075 0.1079
vn -0.9514 0.2834 0.1204
vn -0.9529 0.2785 0.1202
vn -0.9545 0.2729 0.1199
vn -0.9551 0.2709 0.1198
vn -0.9560 0.2679 0.1195
vn -0.9567 0.2653 0.1193
vn -0.9571 0.2641 0.1192
vn -0.9575 0.2628 0.1190
vn -0.9579 0.2615 0.1188
vn -0.9583 0.2599 0.1186
vn -0.9590 0.2575 0.1184
vn -0.9597 0.2551 0.1181
vn -0.9605 0.2521 0.1179
vn -0.9616 0.2481 0.1176
vn -0.9627 0.2438 0.1173
vn -0.9639 0.2393 0.1170
vn -0.9651 0.2344 0.1167
vn -0.9667 0.2278 0.1164
vn -0.9708 0.2102 0.1160
vn -0.9687 0.2195 0.1162
vn -0.9734 0.1975 0.1157
vn -0.9765 0.1820 0.1155
vn -0.9795 0.1652 0.1152
vn -0.9830 0.1432 0.1150
vn -0.9865 0.1167 0.1149
vn -0.9896 0.0865 0.1148
vn -0.9922 0.0480 0.1147
vn -0.9934 0.0019 0.1147
vn -0.9924 -0.0448 0.1145
vn -0.9895 -0.0882 0.1142
vn -0.9851 -0.1289 0.1138
vn -0.9791 -0.1686 0.1135
vn -0.9716 -0.2077 0.1130
vn -0.9626 -0.2466 0.1125
vn -0.9513 -0.2871 0.1120
vn -0.9378 -0.3288 0.1113
vn -0.9213 -0.3728 0.1104
vn -0.9005 -0.4210 0.1094
vn -0.8746 -0.4726 0.1080
vn -0.8416 -0.5296 0.1061
vn -0.7995 -0.5916 0.1036
vn -0.7429 -0.6619 0.0999
vn -0.6614 -0.7441 0.0942
vn -0.5353 -0.8404 0.0846
vn -0.3252 -0.9433 0.0668
vn -0.0273 -0.9989 0.0386
vn 0.2799 -0.9600 0.0063
vn 0.5126 -0.8584 -0.0206
vn 0.6595 -0.7507 -0.0389
vn 0.7511 -0.6582 -0.0512
vn 0.8127 -0.5796 -0.0599
vn 0.8592 -0.5073 -0.0669
vn 0.8940 -0.4421 -0.0723
vn 0.9191 -0.3865 -0.0765
vn 0.9381 -0.3370 -0.0797
vn 0.9526 -0.2930 -0.0824
vn 0.9643 -0.2508 -0.0846
vn 0.9739 -0.2100 -0.0865
vn 0.9814 -0.1704 -0.0880
vn 0.9873 -0.1310 -0.0894
vn 0.9916 -0.0922 -0.0904
vn 0.9944 -0.0532 -0.0912
vn 0.9957 -0.0143 -0.0918
vn 0.9940 0.0581 -0.0922
vn 0.9955 0.0235 -0.0921
vn 0.9917 0.0896 -0.0920
vn 0.9886 0.1193 -0.0918
vn 0.9848 0.1478 -0.0913
vn 0.9808 0.1726 -0.0908
vn 0.9772 0.1921 -0.0904
vn 0.9740 0.2077 -0.0900
vn 0.9718 0.2179 -0.0897
vn 0.9710 0.2214 -0.0898
vn 0.9719 0.2173 -0.0903
vn 0.9746 0.2045 -0.0913
vn 0.9785 0.1844 -0.0927
vn 0.9830 0.1577 -0.0946
vn 0.9876 0.1234 -0.0969
vn 0.9916 0.0828 -0.0995
vn 0.9940 0.0402 -0.1022
vn 0.9945 -0.0010 -0.1047
vn 0.9935 -0.0394 -0.1069
vn 0.9916 -0.0704 -0.1088
vn 0.9890 -0.0981 -0.1104
vn 0.9861 -0.1233 -0.1118
vn 0.9837 -0.1399 -0.1128
vn 0.9820 -0.1508 -0.1134
vn 0.9811 -0.1562 -0.1138
vn 0.9810 -0.1570 -0.1139
vn 0.9827 -0.1463 -0.1134
vn 0.9843 -0.1357 -0.1128
vn 0.8715 0.4874 -0.0551
vn -0.3990 0.9067 0.1369
vn -0.9481 0.2880 0.1349
vn -0.9496 0.2832 0.1345
vn -0.9513 0.2776 0.1341
vn -0.9519 0.2757 0.1339
vn -0.9528 0.2727 0.1336
vn -0.9536 0.2701 0.1333
vn -0.9539 0.2688 0.1331
vn -0.9543 0.2676 0.1329
vn -0.9547 0.2663 0.1326
vn -0.9552 0.2647 0.1324
vn -0.9559 0.2623 0.1321
vn -0.9566 0.2599 0.1317
vn -0.9575 0.2569 0.1314
vn -0.9586 0.2530 0.1310
vn -0.9597 0.2487 0.1306
vn -0.9609 0.2442 0.1303
vn -0.9622 0.2393 0.1299
vn -0.9639 0.2327 0.1295
vn -0.9659 0.2244 0.1290
vn -0.9681 0.2151 0.1286
vn -0.9708 0.2025 0.1282
vn -0.9740 0.1871 0.1278
vn -0.9807 0.1484 0.1272
vn -0.9771 0.1704 0.1275
vn -0.9844 0.1220 0.1269
vn -0.9877 0.0918 0.1266
vn -0.9905 0.0534 0.1264
vn -0.9920 0.0074 0.1260
vn -0.9913 -0.0393 0.1256
vn -0.9887 -0.0826 0.1252
vn -0.9845 -0.1234 0.1248
vn -0.9788 -0.1630 0.1243
vn -0.9715 -0.2021 0.1239
vn -0.9627 -0.2410 0.1234
vn -0.9517 -0.2815 0.1228
vn -0.9384 -0.3232 0.1221
vn -0.9222 -0.3673 0.1214
vn -0.9016 -0.4155 0.1204
vn -0.8761 -0.4672 0.1191
vn -0.8434 -0.5243 0.1173
vn -0.8018 -0.5865 0.1149
vn -0.7456 -0.6570 0.1114
vn -0.6647 -0.7396 0.1058
vn -0.5394 -0.8366 0.0961
vn -0.3301 -0.9407 0.0777
vn -0.0328 -0.9983 0.0480
vn 0.2745 -0.9615 0.0133
vn 0.5079 -0.8613 -0.0160
vn 0.6554 -0.7544 -0.0363
vn 0.7475 -0.6624 -0.0500
vn 0.8095 -0.5841 -0.0597
vn 0.8563 -0.5120 -0.0675
vn 0.8915 -0.4470 -0.0736
vn 0.9168 -0.3915 -0.0783
vn 0.9361 -0.3421 -0.0820
vn 0.9507 -0.2981 -0.0849
vn 0.9627 -0.2561 -0.0874
vn 0.9724 -0.2153 -0.0895
vn 0.9802 -0.1757 -0.0912
vn 0.9863 -0.1364 -0.0927
vn 0.9908 -0.0976 -0.0938
vn 0.9938 -0.0586 -0.0946
vn 0.9953 -0.0198 -0.0952
vn 0.9941 0.0527 -0.0953
vn 0.9953 0.0180 -0.0954
vn 0.9919 0.0841 -0.0951
vn 0.9890 0.1138 -0.0946
vn 0.9853 0.1423 -0.0940
vn 0.9815 0.1672 -0.0933
vn 0.9780 0.1867 -0.0926
vn 0.9750 0.2024 -0.0921
vn 0.9728 0.2125 -0.0917
vn 0.9721 0.2160 -0.0918
vn 0.9729 0.2119 -0.0924
vn 0.9755 0.1991 -0.0936
vn 0.9792 0.1790 -0.0954
vn 0.9835 0.1522 -0.0978
vn 0.9879 0.1179 -0.1009
vn 0.9915 0.0772 -0.1044
vn 0.9935 0.0347 -0.1081
vn 0.9937 -0.0065 -0.1115
vn 0.9924 -0.0449 -0.1147
vn 0.9902 -0.0758 -0.1173
vn 0.9874 -0.1034 -0.1196
vn 0.9842 -0.1286 -0.1217
vn 0.9817 -0.1452 -0.1231
vn 0.9799 -0.1560 -0.1241
vn 0.9790 -0.1614 -0.1246
vn 0.9788 -0.1622 -0.1248
vn 0.9807 -0.1515 -0.1239
vn 0.9823 -0.1409 -0.1231
vn 0.8740 0.4837 -0.0456
vn -0.3897 0.9054 0.1684
vn -0.9439 0.2940 0.1505
vn -0.9439 0.2941 0.1505
vn -0.9454 0.2893 0.1500
vn -0.9472 0.2838 0.1494
vn -0.9478 0.2818 0.1491
vn -0.9488 0.2789 0.1487
vn -0.9496 0.2763 0.1483
vn -0.9500 0.2750 0.1480
vn -0.9504 0.2738 0.1478
vn -0.9508 0.2725 0.1475
vn -0.9513 0.2709 0.1471
vn -0.9520 0.2686 0.1468
vn -0.9528 0.2662 0.1464
vn -0.9537 0.2632 0.1459
vn -0.9548 0.2593 0.1454
vn -0.9560 0.2550 0.1449
vn -0.9573 0.2505 0.1444
vn -0.9586 0.2457 0.1439
vn -0.9603 0.2391 0.1434
vn -0.9625 0.2308 0.1428
vn -0.9647 0.2216 0.1422
vn -0.9676 0.2091 0.1416
vn -0.9709 0.1937 0.1410
vn -0.9741 0.1770 0.1405
vn -0.9779 0.1551 0.1399
vn -0.9818 0.1287 0.1394
vn -0.9854 0.0986 0.1389
vn -0.9885 0.0603 0.1384
vn -0.9903 0.0145 0.1379
vn -0.9900 -0.0321 0.1374
vn -0.9877 -0.0755 0.1369
vn -0.9838 -0.1162 0.1364
vn -0.9784 -0.1558 0.1359
vn -0.9714 -0.1949 0.1354
vn -0.9629 -0.2338 0.1349
vn -0.9522 -0.2743 0.1344
vn -0.9393 -0.3160 0.1338
vn -0.9233 -0.3602 0.1331
vn -0.9032 -0.4084 0.1322
vn -0.8781 -0.4603 0.1311
vn -0.8458 -0.5175 0.1295
vn -0.8047 -0.5799 0.1273
vn -0.7491 -0.6507 0.1239
vn -0.6690 -0.7338 0.1185
vn -0.5446 -0.8316 0.1088
vn -0.3364 -0.9374 0.0901
vn -0.0398 -0.9975 0.0589
vn 0.2677 -0.9632 0.0217
vn 0.5018 -0.8649 -0.0102
vn 0.6501 -0.7592 -0.0326
vn 0.7428 -0.6678 -0.0477
vn 0.8053 -0.5899 -0.0586
vn 0.8526 -0.5181 -0.0673
vn 0.8882 -0.4533 -0.0742
vn 0.9139 -0.3980 -0.0795
vn 0.9335 -0.3487 -0.0836
vn 0.9484 -0.3049 -0.0869
vn 0.9607 -0.2629 -0.0897
vn 0.9707 -0.2222 -0.0921
vn 0.9787 -0.1827 -0.0940
vn 0.9850 -0.1434 -0.0956
vn 0.9898 -0.1046 -0.0968
vn 0.9930 -0.0657 -0.0977
vn 0.9951 0.0110 -0.0984
vn 0.9948 -0.0269 -0.0982
vn 0.9941 0.0456 -0.0982
vn 0.9922 0.0770 -0.0978
vn 0.9895 0.1068 -0.0972
vn 0.9861 0.1353 -0.0963
vn 0.9825 0.1602 -0.0954
vn 0.9792 0.1797 -0.0946
vn 0.9762 0.1954 -0.0938
vn 0.9742 0.2056 -0.0934
vn 0.9734 0.2091 -0.0934
vn 0.9742 0.2049 -0.0941
vn 0.9767 0.1921 -0.0957
vn 0.9802 0.1720 -0.0980
vn 0.9842 0.1451 -0.1010
vn 0.9883 0.1108 -0.1049
vn 0.9915 0.0701 -0.1094
vn 0.9931 0.0276 -0.1141
vn 0.9928 -0.0136 -0.1187
vn 0.9911 -0.0519 -0.1229
vn 0.9885 -0.0828 -0.1264
vn 0.9854 -0.1103 -0.1295
vn 0.9819 -0.1354 -0.1323
vn 0.9792 -0.1519 -0.1342
vn 0.9773 -0.1628 -0.1355
vn 0.9763 -0.1681 -0.1362
vn 0.9762 -0.1689 -0.1363
vn 0.9781 -0.1582 -0.1352
vn 0.9799 -0.1477 -0.1340
vn 0.8779 0.4776 -0.0352
vn -0.3800 0.9032 0.1996
vn -0.9391 0.3011 0.1654
vn -0.9392 0.3010 0.1654
vn -0.9408 0.2963 0.1647
vn -0.9427 0.2908 0.1639
vn -0.9433 0.2888 0.1636
vn -0.9443 0.2859 0.1631
vn -0.9451 0.2833 0.1626
vn -0.9456 0.2821 0.1623
vn -0.9460 0.2809 0.1620
vn -0.9464 0.2796 0.1617
vn -0.9469 0.2780 0.1613
vn -0.9477 0.2756 0.1608
vn -0.9485 0.2733 0.1604
vn -0.9494 0.2703 0.1599
vn -0.9506 0.2664 0.1593
vn -0.9519 0.2621 0.1587
vn -0.9532 0.2577 0.1581
vn -0.9546 0.2529 0.1575
vn -0.9564 0.2464 0.1568
vn -0.9586 0.2381 0.1561
vn -0.9609 0.2290 0.1554
vn -0.9640 0.2165 0.1547
vn -0.9674 0.2012 0.1539
vn -0.9708 0.1845 0.1532
vn -0.9748 0.1627 0.1525
vn -0.9789 0.1364 0.1518
vn -0.9828 0.1064 0.1512
vn -0.9862 0.0682 0.1506
vn -0.9884 0.0224 0.1499
vn -0.9885 -0.0241 0.1493
vn -0.9866 -0.0674 0.1487
vn -0.9830 -0.1080 0.1481
vn -0.9780 -0.1476 0.1476
vn -0.9713 -0.1867 0.1472
vn -0.9631 -0.2256 0.1467
vn -0.9528 -0.2661 0.1463
vn -0.9402 -0.3079 0.1458
vn -0.9246 -0.3521 0.1453
vn -0.9049 -0.4004 0.1446
vn -0.8802 -0.4523 0.1436
vn -0.8485 -0.5097 0.1423
vn -0.8079 -0.5723 0.1403
vn -0.7530 -0.6435 0.1373
vn -0.6737 -0.7271 0.1321
vn -0.5504 -0.8258 0.1226
vn -0.3436 -0.9334 0.1035
vn -0.0479 -0.9963 0.0709
vn 0.2598 -0.9652 0.0312
vn 0.4948 -0.8690 -0.0035
vn 0.6439 -0.7646 -0.0281
vn 0.7375 -0.6739 -0.0448
vn 0.8006 -0.5965 -0.0569
vn 0.8485 -0.5251 -0.0666
vn 0.8845 -0.4605 -0.0744
vn 0.9106 -0.4054 -0.0803
vn 0.9305 -0.3562 -0.0849
vn 0.9458 -0.3125 -0.0886
vn 0.9583 -0.2706 -0.0917
vn 0.9686 -0.2300 -0.0944
vn 0.9769 -0.1905 -0.0965
vn 0.9836 -0.1513 -0.0982
vn 0.9886 -0.1126 -0.0996
vn 0.9922 -0.0737 -0.1005
vn 0.9949 0.0029 -0.1011
vn 0.9943 -0.0350 -0.1010
vn 0.9942 0.0375 -0.1008
vn 0.9926 0.0690 -0.1003
vn 0.9901 0.0987 -0.0995
vn 0.9870 0.1273 -0.0984
vn 0.9836 0.1522 -0.0973
vn 0.9804 0.1717 -0.0962
vn 0.9776 0.1874 -0.0953
vn 0.9757 0.1977 -0.0947
vn 0.9750 0.2011 -0.0947
vn 0.9757 0.1970 -0.0955
vn 0.9781 0.1842 -0.0973
vn 0.9814 0.1640 -0.1000
vn 0.9851 0.1371 -0.1037
vn 0.9888 0.1028 -0.1083
vn 0.9916 0.0621 -0.1139
vn 0.9926 0.0195 -0.1196
vn 0.9919 -0.0216 -0.1253
vn 0.9896 -0.0598 -0.1305
vn 0.9867 -0.0907 -0.1348
vn 0.9833 -0.1181 -0.1386
vn 0.9794 -0.1431 -0.1422
vn 0.9765 -0.1596 -0.1446
vn 0.9745 -0.1704 -0.1462
vn 0.9734 -0.1758 -0.1470
vn 0.9732 -0.1765 -0.1472
vn 0.9753 -0.1659 -0.1457
vn 0.9773 -0.1554 -0.1443
vn 0.8823 0.4701 -0.0242
vn -0.3754 0.9012 0.2164
vn -0.9363 0.3061 0.1724
vn -0.9363 0.3061 0.1723
vn -0.9380 0.3013 0.1715
vn -0.9399 0.2958 0.1707
vn -0.9405 0.2939 0.1703
vn -0.9415 0.2910 0.1698
vn -0.9424 0.2885 0.1693
vn -0.9428 0.2872 0.1690
vn -0.9433 0.2860 0.1687
vn -0.9437 0.2847 0.1684
vn -0.9442 0.2832 0.1680
vn -0.9450 0.2808 0.1675
vn -0.9458 0.2784 0.1671
vn -0.9468 0.2755 0.1666
vn -0.9480 0.2716 0.1660
vn -0.9493 0.2674 0.1654
vn -0.9506 0.2629 0.1648
vn -0.9521 0.2581 0.1642
vn -0.9539 0.2516 0.1635
vn -0.9562 0.2434 0.1627
vn -0.9586 0.2343 0.1620
vn -0.9617 0.2218 0.1613
vn -0.9652 0.2065 0.1605
vn -0.9687 0.1899 0.1597
vn -0.9729 0.1682 0.1590
vn -0.9771 0.1419 0.1582
vn -0.9811 0.1120 0.1576
vn -0.9848 0.0738 0.1569
vn -0.9873 0.0281 0.1563
vn -0.9876 -0.0184 0.1556
vn -0.9860 -0.0616 0.1550
vn -0.9827 -0.1022 0.1545
vn -0.9778 -0.1418 0.1541
vn -0.9714 -0.1809 0.1537
vn -0.9634 -0.2198 0.1533
vn -0.9533 -0.2603 0.1529
vn -0.9410 -0.3021 0.1525
vn -0.9257 -0.3463 0.1521
vn -0.9062 -0.3947 0.1515
vn -0.8819 -0.4467 0.1507
vn -0.8505 -0.5042 0.1495
vn -0.8104 -0.5670 0.1477
vn -0.7560 -0.6384 0.1448
vn -0.6772 -0.7224 0.1398
vn -0.5546 -0.8219 0.1304
vn -0.3485 -0.9307 0.1111
vn -0.0532 -0.9956 0.0776
vn 0.2546 -0.9664 0.0363
vn 0.4900 -0.8717 -0.0000
vn 0.6397 -0.7682 -0.0258
vn 0.7337 -0.6781 -0.0435
vn 0.7972 -0.6010 -0.0563
vn 0.8455 -0.5299 -0.0665
vn 0.8819 -0.4655 -0.0747
vn 0.9082 -0.4106 -0.0809
vn 0.9284 -0.3615 -0.0859
vn 0.9439 -0.3179 -0.0898
vn 0.9566 -0.2761 -0.0931
vn 0.9671 -0.2355 -0.0958
vn 0.9757 -0.1962 -0.0981
vn 0.9825 -0.1570 -0.0999
vn 0.9878 -0.1183 -0.1013
vn 0.9916 -0.0795 -0.1022
vn 0.9947 -0.0029 -0.1028
vn 0.9939 -0.0407 -0.1027
vn 0.9942 0.0317 -0.1025
vn 0.9928 0.0632 -0.1019
vn 0.9905 0.0929 -0.1009
vn 0.9876 0.1215 -0.0998
vn 0.9843 0.1464 -0.0985
vn 0.9813 0.1660 -0.0973
vn 0.9786 0.1817 -0.0963
vn 0.9767 0.1919 -0.0956
vn 0.9761 0.1954 -0.0955
vn 0.9768 0.1913 -0.0963
vn 0.9790 0.1785 -0.0982
vn 0.9822 0.1584 -0.1011
vn 0.9857 0.1315 -0.1050
vn 0.9892 0.0972 -0.1100
vn 0.9917 0.0565 -0.1159
vn 0.9924 0.0139 -0.1222
vn 0.9914 -0.0271 -0.1283
vn 0.9888 -0.0654 -0.1340
vn 0.9857 -0.0962 -0.1386
vn 0.9820 -0.1236 -0.1428
vn 0.9779 -0.1486 -0.1467
vn 0.9749 -0.1651 -0.1493
vn 0.9727 -0.1759 -0.1511
vn 0.9716 -0.1812 -0.1520
vn 0.9714 -0.1820 -0.1522
vn 0.9736 -0.1715 -0.1506
vn 0.9757 -0.1610 -0.1489
vn 0.8879 0.4596 -0.0212
vn -0.3700 0.8999 0.2311
vn -0.9338 0.3088 0.1809
vn -0.9339 0.3084 0.1808
vn -0.9356 0.3037 0.1800
vn -0.9376 0.2982 0.1790
vn -0.9383 0.2962 0.1786
vn -0.9393 0.2933 0.1781
vn -0.9402 0.2908 0.1776
vn -0.9406 0.2896 0.1773
vn -0.9410 0.2884 0.1770
vn -0.9415 0.2871 0.1766
vn -0.9420 0.2855 0.1763
vn -0.9428 0.2832 0.1758
vn -0.9436 0.2808 0.1753
vn -0.9446 0.2778 0.1748
vn -0.9458 0.2740 0.1742
vn -0.9472 0.2698 0.1735
vn -0.9485 0.2653 0.1729
vn -0.9500 0.2606 0.1723
vn -0.9518 0.2541 0.1716
vn -0.9541 0.2458 0.1709
vn -0.9566 0.2367 0.1701
vn -0.9597 0.2243 0.1693
vn -0.9633 0.2091 0.1685
vn -0.9669 0.1925 0.1677
vn -0.9711 0.1708 0.1669
vn -0.9754 0.1446 0.1661
vn -0.9795 0.1147 0.1654
vn -0.9834 0.0766 0.1647
vn -0.9860 0.0310 0.1640
vn -0.9864 -0.0155 0.1634
vn -0.9849 -0.0586 0.1628
vn -0.9817 -0.0992 0.1624
vn -0.9770 -0.1388 0.1619
vn -0.9707 -0.1778 0.1616
vn -0.9628 -0.2167 0.1613
vn -0.9529 -0.2572 0.1610
vn -0.9406 -0.2990 0.1607
vn -0.9255 -0.3432 0.1604
vn -0.9061 -0.3916 0.1599
vn -0.8820 -0.4436 0.1593
vn -0.8508 -0.5011 0.1582
vn -0.8109 -0.5639 0.1566
vn -0.7568 -0.6354 0.1538
vn -0.6784 -0.7194 0.1489
vn -0.5563 -0.8192 0.1394
vn -0.3510 -0.9287 0.1197
vn -0.0566 -0.9948 0.0852
vn 0.2511 -0.9670 0.0421
vn 0.4871 -0.8734 0.0038
vn 0.6372 -0.7703 -0.0235
vn 0.7316 -0.6804 -0.0423
vn 0.7954 -0.6035 -0.0559
vn 0.8438 -0.5325 -0.0669
vn 0.8804 -0.4682 -0.0756
vn 0.9069 -0.4133 -0.0823
vn 0.9272 -0.3642 -0.0876
vn 0.9427 -0.3206 -0.0917
vn 0.9556 -0.2789 -0.0952
vn 0.9662 -0.2383 -0.0982
vn 0.9748 -0.1990 -0.1006
vn 0.9818 -0.1599 -0.1025
vn 0.9872 -0.1212 -0.1039
vn 0.9911 -0.0823 -0.1049
vn 0.9944 -0.0058 -0.1054
vn 0.9935 -0.0436 -0.1054
vn 0.9940 0.0288 -0.1051
vn 0.9927 0.0603 -0.1043
vn 0.9906 0.0900 -0.1033
vn 0.9877 0.1186 -0.1020
vn 0.9845 0.1435 -0.1006
vn 0.9816 0.1631 -0.0993
vn 0.9790 0.1788 -0.0981
vn 0.9771 0.1891 -0.0973
vn 0.9765 0.1926 -0.0972
vn 0.9772 0.1884 -0.0980
vn 0.9794 0.1756 -0.1000
vn 0.9825 0.1554 -0.1030
vn 0.9859 0.1285 -0.1072
vn 0.9892 0.0941 -0.1126
vn 0.9914 0.0534 -0.1191
vn 0.9920 0.0108 -0.1259
vn 0.9907 -0.0302 -0.1325
vn 0.9880 -0.0684 -0.1388
vn 0.9846 -0.0992 -0.1438
vn 0.9808 -0.1265 -0.1484
vn 0.9766 -0.1514 -0.1526
vn 0.9735 -0.1679 -0.1555
vn 0.9713 -0.1786 -0.1574
vn 0.9701 -0.1839 -0.1584
vn 0.9699 -0.1846 -0.1586
vn 0.9722 -0.1741 -0.1568
vn 0.9743 -0.1637 -0.1550
vn 0.8864 0.4627 -0.0125
vn -0.3670 0.8960 0.2499
vn -0.9314 0.3109 0.1892
vn -0.9314 0.3109 0.1891
vn -0.9332 0.3061 0.1882
vn -0.9352 0.3007 0.1872
vn -0.9359 0.2987 0.1868
vn -0.9369 0.2958 0.1862
vn -0.9378 0.2933 0.1857
vn -0.9383 0.2920 0.1854
vn -0.9387 0.2909 0.1851
vn -0.9391 0.2896 0.1848
vn -0.9397 0.2880 0.1844
vn -0.9405 0.2857 0.1839
vn -0.9413 0.2833 0.1834
vn -0.9423 0.2804 0.1829
vn -0.9435 0.2766 0.1823
vn -0.9449 0.2723 0.1816
vn -0.9463 0.2679 0.1810
vn -0.9477 0.2632 0.1804
vn -0.9496 0.2567 0.1797
vn -0.9520 0.2485 0.1789
vn -0.9544 0.2394 0.1781
vn -0.9576 0.2270 0.1773
vn -0.9613 0.2118 0.1764
vn -0.9649 0.1953 0.1756
vn -0.9692 0.1736 0.1748
vn -0.9736 0.1475 0.1740
vn -0.9778 0.1176 0.1732
vn -0.9818 0.0796 0.1725
vn -0.9845 0.0340 0.1718
vn -0.9852 -0.0123 0.1712
vn -0.9838 -0.0554 0.1706
vn -0.9807 -0.0960 0.1702
vn -0.9761 -0.1355 0.1698
vn -0.9699 -0.1745 0.1696
vn -0.9622 -0.2134 0.1693
vn -0.9524 -0.2538 0.1691
vn -0.9403 -0.2956 0.1689
vn -0.9252 -0.3398 0.1687
vn -0.9061 -0.3882 0.1684
vn -0.8821 -0.4401 0.1679
vn -0.8512 -0.4976 0.1670
vn -0.8115 -0.5605 0.1655
vn -0.7576 -0.6320 0.1629
vn -0.6797 -0.7163 0.1581
vn -0.5581 -0.8163 0.1486
vn -0.3533 -0.9266 0.1286
vn -0.0592 -0.9939 0.0927
vn 0.2486 -0.9674 0.0477
vn 0.4848 -0.8746 0.0074
vn 0.6351 -0.7721 -0.0214
vn 0.7296 -0.6826 -0.0413
vn 0.7936 -0.6059 -0.0557
vn 0.8422 -0.5350 -0.0673
vn 0.8789 -0.4708 -0.0766
vn 0.9055 -0.4160 -0.0837
vn 0.9259 -0.3670 -0.0893
vn 0.9416 -0.3235 -0.0937
vn 0.9545 -0.2818 -0.0974
vn 0.9652 -0.2413 -0.1005
vn 0.9740 -0.2020 -0.1030
vn 0.9810 -0.1629 -0.1051
vn 0.9865 -0.1242 -0.1066
vn 0.9905 -0.0854 -0.1076
vn 0.9941 -0.0089 -0.1080
vn 0.9930 -0.0467 -0.1081
vn 0.9939 0.0257 -0.1076
vn 0.9926 0.0571 -0.1068
vn 0.9906 0.0869 -0.1057
vn 0.9878 0.1154 -0.1042
vn 0.9848 0.1404 -0.1026
vn 0.9819 0.1600 -0.1012
vn 0.9794 0.1757 -0.0998
vn 0.9776 0.1860 -0.0990
vn 0.9769 0.1895 -0.0988
vn 0.9776 0.1854 -0.0996
vn 0.9797 0.1725 -0.1016
vn 0.9827 0.1524 -0.1049
vn 0.9861 0.1255 -0.1094
vn 0.9892 0.0911 -0.1151
vn 0.9912 0.0504 -0.1221
vn 0.9916 0.0079 -0.1294
vn 0.9901 -0.0331 -0.1366
vn 0.9871 -0.0713 -0.1433
vn 0.9836 -0.1021 -0.1488
vn 0.9796 -0.1293 -0.1538
vn 0.9752 -0.1543 -0.1584
vn 0.9720 -0.1707 -0.1615
vn 0.9697 -0.1814 -0.1636
vn 0.9685 -0.1868 -0.1647
vn 0.9683 -0.1875 -0.1649
vn 0.9706 -0.1771 -0.1629
vn 0.9728 -0.1667 -0.1609
vn 0.8912 0.4534 -0.0103
vn -0.3587 0.8949 0.2656
vn -0.9277 0.3160 0.1989
vn -0.9277 0.3159 0.1990
vn -0.9295 0.3113 0.1980
vn -0.9315 0.3059 0.1969
vn -0.9322 0.3041 0.1965
vn -0.9332 0.3012 0.1959
vn -0.9342 0.2987 0.1953
vn -0.9346 0.2974 0.1950
vn -0.9351 0.2963 0.1947
vn -0.9355 0.2949 0.1944
vn -0.9361 0.2934 0.1940
vn -0.9369 0.2911 0.1935
vn -0.9378 0.2887 0.1930
vn -0.9388 0.2858 0.1925
vn -0.9400 0.2820 0.1919
vn -0.9414 0.2778 0.1912
vn -0.9428 0.2734 0.1906
vn -0.9443 0.2687 0.1899
vn -0.9463 0.2622 0.1892
vn -0.9487 0.2541 0.1884
vn -0.9512 0.2450 0.1876
vn -0.9545 0.2326 0.1867
vn -0.9582 0.2175 0.1858
vn -0.9620 0.2010 0.1849
vn -0.9664 0.1794 0.1841
vn -0.9710 0.1534 0.1832
vn -0.9754 0.1236 0.1824
vn -0.9796 0.0857 0.1817
vn -0.9827 0.0402 0.1810
vn -0.9836 -0.0061 0.1803
vn -0.9825 -0.0492 0.1798
vn -0.9797 -0.0897 0.1794
vn -0.9753 -0.1291 0.1791
vn -0.9694 -0.1681 0.1788
vn -0.9619 -0.2069 0.1787
vn -0.9523 -0.2474 0.1786
vn -0.9405 -0.2892 0.1785
vn -0.9258 -0.3333 0.1784
vn -0.9069 -0.3818 0.1782
vn -0.8833 -0.4338 0.1778
vn -0.8528 -0.4914 0.1771
vn -0.8135 -0.5544 0.1757
vn -0.7603 -0.6261 0.1732
vn -0.6830 -0.7107 0.1684
vn -0.5624 -0.8114 0.1589
vn -0.3590 -0.9230 0.1384
vn -0.0659 -0.9927 0.1013
vn 0.2418 -0.9688 0.0540
vn 0.4787 -0.8779 0.0115
vn 0.6300 -0.7764 -0.0192
vn 0.7252 -0.6874 -0.0404
vn 0.7896 -0.6111 -0.0558
vn 0.8386 -0.5404 -0.0683
vn 0.8757 -0.4764 -0.0782
vn 0.9027 -0.4217 -0.0857
vn 0.9233 -0.3729 -0.0917
vn 0.9392 -0.3294 -0.0964
vn 0.9524 -0.2878 -0.1004
vn 0.9634 -0.2473 -0.1037
vn 0.9723 -0.2081 -0.1064
vn 0.9796 -0.1691 -0.1085
vn 0.9853 -0.1305 -0.1101
vn 0.9896 -0.0916 -0.1111
vn 0.9936 -0.0152 -0.1116
vn 0.9923 -0.0529 -0.1116
vn 0.9936 0.0194 -0.1110
vn 0.9926 0.0508 -0.1101
vn 0.9908 0.0806 -0.1089
vn 0.9882 0.1092 -0.1072
vn 0.9853 0.1342 -0.1055
vn 0.9826 0.1538 -0.1039
vn 0.9802 0.1695 -0.1024
vn 0.9785 0.1798 -0.1014
vn 0.9779 0.1833 -0.1011
vn 0.9785 0.1791 -0.1019
vn 0.9806 0.1662 -0.1042
vn 0.9834 0.1460 -0.1076
vn 0.9865 0.1191 -0.1124
vn 0.9893 0.0846 -0.1187
vn 0.9910 0.0439 -0.1262
vn 0.9910 0.0014 -0.1341
vn 0.9891 -0.0395 -0.1419
vn 0.9858 -0.0777 -0.1492
vn 0.9819 -0.1083 -0.1551
vn 0.9777 -0.1356 -0.1605
vn 0.9731 -0.1604 -0.1655
vn 0.9697 -0.1767 -0.1688
vn 0.9673 -0.1874 -0.1711
vn 0.9660 -0.1926 -0.1722
vn 0.9659 -0.1934 -0.1724
vn 0.9683 -0.1829 -0.1702
vn 0.9706 -0.1726 -0.1680
vn 0.8910 0.4540 -0.0005
vn -0.3537 0.8903 0.2869
vn -0.9239 0.3206 0.2089
vn -0.9240 0.3205 0.2088
vn -0.9259 0.3155 0.2076
vn -0.9281 0.3099 0.2064
vn -0.9288 0.3081 0.2060
vn -0.9299 0.3052 0.2054
vn -0.9308 0.3026 0.2048
vn -0.9313 0.3015 0.2045
vn -0.9317 0.3003 0.2042
vn -0.9322 0.2990 0.2039
vn -0.9328 0.2975 0.2035
vn -0.9336 0.2952 0.2030
vn -0.9345 0.2929 0.2025
vn -0.9355 0.2899 0.2020
vn -0.9368 0.2861 0.2013
vn -0.9382 0.2819 0.2007
vn -0.9397 0.2776 0.2000
vn -0.9412 0.2729 0.1994
vn -0.9432 0.2664 0.1986
vn -0.9456 0.2583 0.1978
vn -0.9482 0.2493 0.1970
vn -0.9515 0.2370 0.1961
vn -0.9554 0.2219 0.1951
vn -0.9592 0.2054 0.1942
vn -0.9637 0.1839 0.1933
vn -0.9685 0.1579 0.1924
vn -0.9730 0.1282 0.1917
vn -0.9774 0.0904 0.1909
vn -0.9807 0.0450 0.1902
vn -0.9819 -0.0012 0.1895
vn -0.9810 -0.0442 0.1890
vn -0.9784 -0.0846 0.1886
vn -0.9742 -0.1240 0.1884
vn -0.9612 -0.2018 0.1881
vn -0.9685 -0.1629 0.1882
vn -0.9518 -0.2422 0.1881
vn -0.9402 -0.2839 0.1881
vn -0.9257 -0.3281 0.1881
vn -0.9071 -0.3765 0.1881
vn -0.8838 -0.4285 0.1878
vn -0.8536 -0.4862 0.1871
vn -0.8148 -0.5492 0.1859
vn -0.7620 -0.6211 0.1835
vn -0.6853 -0.7060 0.1789
vn -0.5654 -0.8073 0.1693
vn -0.3627 -0.9201 0.1482
vn -0.0702 -0.9915 0.1095
vn 0.2375 -0.9695 0.0599
vn 0.4747 -0.8800 0.0150
vn 0.6264 -0.7793 -0.0174
vn 0.7220 -0.6908 -0.0399
vn 0.7867 -0.6148 -0.0562
vn 0.8360 -0.5444 -0.0694
vn 0.8733 -0.4806 -0.0799
vn 0.9004 -0.4260 -0.0879
vn 0.9213 -0.3773 -0.0943
vn 0.9374 -0.3339 -0.0993
vn 0.9507 -0.2924 -0.1034
vn 0.9618 -0.2520 -0.1069
vn 0.9709 -0.2128 -0.1097
vn 0.9784 -0.1738 -0.1120
vn 0.9843 -0.1353 -0.1136
vn 0.9887 -0.0966 -0.1147
vn 0.9932 -0.0202 -0.1150
vn 0.9917 -0.0579 -0.1152
vn 0.9933 0.0144 -0.1144
vn 0.9925 0.0459 -0.1134
vn 0.9908 0.0756 -0.1120
vn 0.9884 0.1042 -0.1102
vn 0.9857 0.1292 -0.1083
vn 0.9831 0.1487 -0.1065
vn 0.9808 0.1645 -0.1049
vn 0.9791 0.1748 -0.1037
vn 0.9785 0.1783 -0.1034
vn 0.9792 0.1742 -0.1042
vn 0.9811 0.1613 -0.1065
vn 0.9838 0.1412 -0.1102
vn 0.9867 0.1142 -0.1153
vn 0.9893 0.0798 -0.1219
vn 0.9907 0.0392 -0.1300
vn 0.9904 -0.0033 -0.1385
vn 0.9882 -0.0443 -0.1469
vn 0.9845 -0.0824 -0.1547
vn 0.9804 -0.1130 -0.1612
vn 0.9759 -0.1401 -0.1670
vn 0.9711 -0.1649 -0.1724
vn 0.9676 -0.1812 -0.1760
vn 0.9651 -0.1919 -0.1784
vn 0.9638 -0.1972 -0.1796
vn 0.9636 -0.1979 -0.1798
vn 0.9661 -0.1874 -0.1774
vn 0.9686 -0.1769 -0.1749
vn 0.8965 0.4429 0.0012
vn -0.3512 0.8916 0.2857
vn -0.9235 0.3227 0.2073
vn -0.9233 0.3232 0.2077
vn -0.9250 0.3187 0.2066
vn -0.9272 0.3133 0.2055
vn -0.9278 0.3115 0.2051
vn -0.9289 0.3087 0.2044
vn -0.9299 0.3061 0.2038
vn -0.9304 0.3048 0.2035
vn -0.9308 0.3037 0.2033
vn -0.9313 0.3024 0.2030
vn -0.9319 0.3009 0.2026
vn -0.9327 0.2986 0.2022
vn -0.9336 0.2962 0.2017
vn -0.9346 0.2933 0.2012
vn -0.9359 0.2895 0.2006
vn -0.9374 0.2853 0.2000
vn -0.9388 0.2809 0.1994
vn -0.9403 0.2762 0.1988
vn -0.9423 0.2698 0.1981
vn -0.9448 0.2617 0.1973
vn -0.9474 0.2527 0.1965
vn -0.9508 0.2403 0.1956
vn -0.9546 0.2253 0.1947
vn -0.9585 0.2088 0.1939
vn -0.9631 0.1873 0.1930
vn -0.9680 0.1614 0.1922
vn -0.9726 0.1317 0.1915
vn -0.9771 0.0938 0.1908
vn -0.9806 0.0485 0.1901
vn -0.9819 0.0023 0.1895
vn -0.9811 -0.0407 0.1890
vn -0.9787 -0.0811 0.1887
vn -0.9746 -0.1206 0.1885
vn -0.9619 -0.1983 0.1883
vn -0.9691 -0.1595 0.1884
vn -0.9526 -0.2388 0.1884
vn -0.9411 -0.2806 0.1884
vn -0.9268 -0.3248 0.1885
vn -0.9084 -0.3732 0.1884
vn -0.8852 -0.4254 0.1882
vn -0.8552 -0.4831 0.1876
vn -0.8166 -0.5462 0.1864
vn -0.7641 -0.6182 0.1841
vn -0.6878 -0.7034 0.1794
vn -0.5683 -0.8051 0.1698
vn -0.3660 -0.9187 0.1487
vn -0.0735 -0.9912 0.1100
vn 0.2344 -0.9703 0.0603
vn 0.4717 -0.8816 0.0153
vn 0.6235 -0.7816 -0.0173
vn 0.7194 -0.6935 -0.0397
vn 0.7845 -0.6176 -0.0561
vn 0.8340 -0.5474 -0.0693
vn 0.8716 -0.4837 -0.0799
vn 0.8989 -0.4292 -0.0879
vn 0.9199 -0.3806 -0.0943
vn 0.9361 -0.3373 -0.0993
vn 0.9497 -0.2957 -0.1034
vn 0.9609 -0.2554 -0.1069
vn 0.9701 -0.2163 -0.1097
vn 0.9778 -0.1773 -0.1120
vn 0.9838 -0.1388 -0.1136
vn 0.9884 -0.1000 -0.1147
vn 0.9931 -0.0237 -0.1150
vn 0.9915 -0.0614 -0.1151
vn 0.9934 0.0109 -0.1144
vn 0.9927 0.0423 -0.1133
vn 0.9911 0.0721 -0.1119
vn 0.9888 0.1007 -0.1100
vn 0.9862 0.1256 -0.1081
vn 0.9837 0.1453 -0.1063
vn 0.9814 0.1610 -0.1046
vn 0.9798 0.1713 -0.1034
vn 0.9792 0.1749 -0.1031
vn 0.9798 0.1707 -0.1038
vn 0.9817 0.1579 -0.1061
vn 0.9844 0.1377 -0.1097
vn 0.9872 0.1107 -0.1147
vn 0.9897 0.0763 -0.1214
vn 0.9910 0.0356 -0.1293
vn 0.9904 -0.0068 -0.1378
vn 0.9881 -0.0477 -0.1461
vn 0.9843 -0.0858 -0.1540
vn 0.9802 -0.1165 -0.1603
vn 0.9756 -0.1436 -0.1661
vn 0.9707 -0.1684 -0.1715
vn 0.9671 -0.1848 -0.1751
vn 0.9645 -0.1954 -0.1775
vn 0.9632 -0.2007 -0.1787
vn 0.9630 -0.2015 -0.1789
vn 0.9656 -0.1912 -0.1765
vn 0.9680 -0.1809 -0.1741
vn 0.8986 0.4387 0.0015
vn -0.2636 0.6876 0.6765
vn -0.5936 0.2094 0.7770
vn -0.5936 0.2096 0.7770
vn -0.5966 0.2064 0.7756
vn -0.5971 0.2029 0.7761
vn -0.5972 0.2020 0.7762
vn -0.5919 0.2014 0.7804
vn -0.5993 0.1985 0.7756
vn -0.5995 0.1978 0.7756
vn -0.6000 0.1971 0.7754
vn -0.6006 0.1962 0.7751
vn -0.6047 0.1946 0.7723
vn -0.6015 0.1939 0.7750
vn -0.6022 0.1924 0.7748
vn -0.6031 0.1906 0.7745
vn -0.6042 0.1882 0.7743
vn -0.6053 0.1855 0.7741
vn -0.6062 0.1828 0.7740
vn -0.6063 0.1800 0.7746
vn -0.6095 0.1757 0.7731
vn -0.6113 0.1706 0.7728
vn -0.6135 0.1648 0.7723
vn -0.6167 0.1570 0.7714
vn -0.6192 0.1474 0.7713
vn -0.6223 0.1368 0.7707
vn -0.6264 0.1230 0.7697
vn -0.6305 0.1062 0.7689
vn -0.6341 0.0871 0.7683
vn -0.6383 0.0626 0.7672
vn -0.6413 0.0330 0.7665
vn -0.6420 0.0028 0.7667
vn -0.6413 -0.0253 0.7669
vn -0.6406 -0.0516 0.7662
vn -0.6355 -0.0776 0.7682
vn -0.6292 -0.1282 0.7666
vn -0.6349 -0.1027 0.7657
vn -0.6215 -0.1551 0.7679
vn -0.6173 -0.1819 0.7654
vn -0.6076 -0.2112 0.7657
vn -0.5958 -0.2433 0.7654
vn -0.5795 -0.2782 0.7660
vn -0.5642 -0.3162 0.7627
vn -0.5389 -0.3588 0.7621
vn -0.5063 -0.4087 0.7593
vn -0.4607 -0.4681 0.7541
vn -0.3812 -0.5453 0.7466
vn -0.2468 -0.6375 0.7299
vn -0.0434 -0.7017 0.7111
vn 0.1776 -0.6953 0.6965
vn 0.3483 -0.6360 0.6886
vn 0.4596 -0.5670 0.6836
vn 0.5316 -0.5060 0.6792
vn 0.5779 -0.4548 0.6776
vn 0.6216 -0.4041 0.6710
vn 0.6484 -0.3596 0.6710
vn 0.6691 -0.3211 0.6702
vn 0.6882 -0.2850 0.6672
vn 0.7016 -0.2534 0.6660
vn 0.7134 -0.2229 0.6644
vn 0.7225 -0.1932 0.6638
vn 0.7292 -0.1644 0.6643
vn 0.7383 -0.1347 0.6609
vn 0.7419 -0.1063 0.6621
vn 0.7477 -0.0769 0.6596
vn 0.7502 -0.0196 0.6609
vn 0.7492 -0.0480 0.6606
vn 0.7497 0.0064 0.6618
vn 0.7482 0.0300 0.6628
vn 0.7474 0.0523 0.6623
vn 0.7443 0.0737 0.6638
vn 0.7409 0.0923 0.6653
vn 0.7380 0.1069 0.6663
vn 0.7352 0.1186 0.6674
vn 0.7327 0.1263 0.6688
vn 0.7314 0.1290 0.6696
vn 0.7311 0.1261 0.6705
vn 0.7325 0.1168 0.6707
vn 0.7370 0.1019 0.6681
vn 0.7387 0.0825 0.6689
vn 0.7423 0.0574 0.6676
vn 0.7380 0.0276 0.6743
vn 0.7632 -0.0047 0.6462
vn 0.7091 -0.0389 0.7041
vn 0.7228 -0.0527 -0.6891
vn 0.6470 -0.0771 -0.7586
vn 0.6425 -0.0947 -0.7604
vn 0.6368 -0.1110 -0.7630
vn 0.6323 -0.1217 -0.7651
vn 0.6296 -0.1285 -0.7662
vn 0.6274 -0.1319 -0.7674
vn 0.6270 -0.1324 -0.7677
vn 0.6264 -0.1262 -0.7692
vn 0.5571 -0.1295 -0.8203
vn 0.7635 0.2755 0.5841
vn -0.0000 -0.0000 -1.0000
vn -0.0000 -0.0000 1.0000
vn 0.0973 0.9905 0.0976
vn 0.0065 0.0979 0.9952
vn 0.0101 0.0979 -0.9951
vn 0.0976 0.9904 -0.0976
vn 0.0281 0.2901 0.9566
vn 0.0943 0.9527 -0.2890
vn 0.0452 0.4710 0.8810
vn 0.0869 0.8786 -0.4697
vn 0.0637 0.6331 0.7714
vn 0.0762 0.7709 -0.6324
vn 0.0755 0.7710 0.6324
vn 0.0627 0.6331 -0.7715
vn 0.0864 0.8786 0.4697
vn 0.0465 0.4709 -0.8809
vn 0.0940 0.9527 0.2890
vn 0.0261 0.2901 -0.9566
vn 0.2777 0.9162 0.2890
vn 0.0847 0.2789 -0.9566
vn 0.2890 0.9523 0.0975
vn 0.0261 0.0941 0.9952
vn 0.0310 0.0941 -0.9951
vn 0.2891 0.9523 -0.0975
vn 0.0872 0.2789 0.9564
vn 0.2780 0.9161 -0.2890
vn 0.1367 0.4529 0.8810
vn 0.2568 0.8447 -0.4696
vn 0.1850 0.6088 0.7715
vn 0.2247 0.7413 -0.6324
vn 0.2243 0.7414 0.6325
vn 0.1851 0.6088 -0.7715
vn 0.2559 0.8449 0.4697
vn 0.1370 0.4529 -0.8810
vn 0.4168 0.7783 -0.4695
vn 0.2999 0.5611 0.7715
vn 0.3658 0.6830 -0.6322
vn 0.3646 0.6834 0.6325
vn 0.3005 0.5610 -0.7714
vn 0.4158 0.7787 0.4698
vn 0.2225 0.4174 -0.8811
vn 0.4514 0.8442 0.2890
vn 0.1433 0.2569 -0.9558
vn 0.4691 0.8777 0.0976
vn 0.0457 0.0867 0.9952
vn 0.0473 0.0867 -0.9951
vn 0.4692 0.8777 -0.0975
vn 0.1355 0.2572 0.9568
vn 0.4517 0.8441 -0.2890
vn 0.2219 0.4174 0.8812
vn 0.1794 0.2256 -0.9576
vn 0.6313 0.7694 0.0976
vn 0.0652 0.0760 0.9950
vn 0.0620 0.0760 -0.9952
vn 0.6314 0.7693 -0.0975
vn 0.1861 0.2253 0.9564
vn 0.6074 0.7400 -0.2890
vn 0.2997 0.3659 0.8811
vn 0.5597 0.6827 -0.4698
vn 0.4032 0.4919 0.7717
vn 0.4915 0.5988 -0.6324
vn 0.4912 0.5989 0.6325
vn 0.4034 0.4918 -0.7716
vn 0.5599 0.6825 0.4698
vn 0.3005 0.3658 -0.8808
vn 0.6071 0.7402 0.2891
vn 0.4920 0.4036 0.7714
vn 0.5990 0.4913 -0.6323
vn 0.5992 0.4913 0.6321
vn 0.4924 0.4034 -0.7712
vn 0.6825 0.5600 0.4696
vn 0.3654 0.3003 -0.8811
vn 0.7400 0.6073 0.2890
vn 0.2218 0.1851 -0.9574
vn 0.7695 0.6312 0.0975
vn 0.0718 0.0624 0.9955
vn 0.0718 0.0624 -0.9955
vn 0.7693 0.6313 -0.0975
vn 0.2244 0.1850 0.9568
vn 0.7408 0.6065 -0.2886
vn 0.3650 0.3003 0.8812
vn 0.6819 0.5604 -0.4700
vn 0.8777 0.4692 0.0976
vn 0.0848 0.0463 0.9953
vn 0.0864 0.0463 -0.9952
vn 0.8775 0.4696 -0.0976
vn 0.2575 0.1374 0.9565
vn 0.8444 0.4511 -0.2889
vn 0.4174 0.2230 0.8809
vn 0.7788 0.4160 -0.4695
vn 0.5605 0.3001 0.7719
vn 0.6842 0.3647 -0.6315
vn 0.6824 0.3655 0.6330
vn 0.5611 0.3000 -0.7715
vn 0.7783 0.4164 0.4699
vn 0.4169 0.2232 -0.8811
vn 0.8440 0.4516 0.2892
vn 0.2559 0.1375 -0.9569
vn 0.7410 0.2250 -0.6327
vn 0.7412 0.2249 0.6325
vn 0.6092 0.1846 -0.7712
vn 0.8445 0.2565 0.4701
vn 0.4532 0.1374 -0.8808
vn 0.9160 0.2781 0.2892
vn 0.2787 0.0846 -0.9566
vn 0.9524 0.2889 0.0976
vn 0.0946 0.0285 0.9951
vn 0.0946 0.0285 -0.9951
vn 0.9524 0.2888 -0.0975
vn 0.2791 0.0846 0.9565
vn 0.9161 0.2780 -0.2891
vn 0.4520 0.1374 0.8814
vn 0.8449 0.2562 -0.4695
vn 0.6077 0.1849 0.7724
vn 0.0978 0.0097 -0.9952
vn 0.9904 0.0975 -0.0976
vn 0.2892 0.0286 0.9568
vn 0.9527 0.0938 -0.2890
vn 0.4712 0.0464 0.8808
vn 0.8785 0.0866 -0.4699
vn 0.6325 0.0624 0.7720
vn 0.7710 0.0759 -0.6322
vn 0.7707 0.0760 0.6327
vn 0.6338 0.0623 -0.7710
vn 0.8788 0.0865 0.4693
vn 0.4714 0.0464 -0.8807
vn 0.9526 0.0939 0.2893
vn 0.2916 0.0285 -0.9561
vn 0.9905 0.0974 0.0975
vn 0.0978 0.0097 0.9952
vn 0.6338 -0.0623 -0.7710
vn 0.8787 -0.0865 0.4695
vn 0.4714 -0.0464 -0.8807
vn 0.9526 -0.0939 0.2893
vn 0.2916 -0.0285 -0.9561
vn 0.9904 -0.0975 0.0976
vn 0.0978 -0.0097 0.9952
vn 0.0978 -0.0097 -0.9952
vn 0.9904 -0.0975 -0.0976
vn 0.2892 -0.0286 0.9568
vn 0.9528 -0.0938 -0.2888
vn 0.4712 -0.0464 0.8808
vn 0.8788 -0.0864 -0.4692
vn 0.6325 -0.0624 0.7720
vn 0.7710 -0.0759 -0.6322
vn 0.7710 -0.0759 0.6323
vn 0.2791 -0.0846 0.9565
vn 0.9161 -0.2780 -0.2891
vn 0.4520 -0.1374 0.8814
vn 0.8445 -0.2565 -0.4701
vn 0.6085 -0.1847 0.7717
vn 0.7412 -0.2249 -0.6324
vn 0.7406 -0.2251 0.6331
vn 0.6097 -0.1845 -0.7708
vn 0.8445 -0.2565 0.4701
vn 0.4532 -0.1374 -0.8808
vn 0.9161 -0.2780 0.2891
vn 0.2787 -0.0846 -0.9566
vn 0.9523 -0.2890 0.0976
vn 0.0946 -0.0285 0.9951
vn 0.0946 -0.0285 -0.9951
vn 0.9524 -0.2888 -0.0975
vn 0.7789 -0.4160 0.4694
vn 0.4182 -0.2229 -0.8806
vn 0.8440 -0.4516 0.2893
vn 0.2590 -0.1373 -0.9561
vn 0.8777 -0.4693 0.0976
vn 0.0848 -0.0463 0.9953
vn 0.0864 -0.0463 -0.9952
vn 0.8777 -0.4691 -0.0975
vn 0.2575 -0.1374 0.9565
vn 0.8443 -0.4513 -0.2890
vn 0.4174 -0.2231 0.8809
vn 0.7788 -0.4160 -0.4695
vn 0.5605 -0.3001 0.7719
vn 0.6837 -0.3649 -0.6319
vn 0.6824 -0.3655 0.6330
vn 0.5611 -0.2999 -0.7715
vn 0.7402 -0.6071 -0.2889
vn 0.3660 -0.3002 0.8809
vn 0.6819 -0.5604 -0.4700
vn 0.4920 -0.4035 0.7714
vn 0.5990 -0.4913 -0.6323
vn 0.5982 -0.4917 0.6327
vn 0.4915 -0.4037 -0.7717
vn 0.6822 -0.5602 0.4699
vn 0.3654 -0.3003 -0.8811
vn 0.7397 -0.6076 0.2892
vn 0.2218 -0.1851 -0.9574
vn 0.7695 -0.6312 0.0975
vn 0.0718 -0.0624 0.9955
vn 0.0774 -0.0624 -0.9950
vn 0.7694 -0.6313 -0.0975
vn 0.2244 -0.1850 0.9568
vn 0.3005 -0.3658 -0.8809
vn 0.6067 -0.7404 0.2892
vn 0.1865 -0.2253 -0.9563
vn 0.6309 -0.7697 0.0976
vn 0.0652 -0.0760 0.9950
vn 0.0579 -0.0760 -0.9954
vn 0.6313 -0.7694 -0.0976
vn 0.1853 -0.2253 0.9565
vn 0.6074 -0.7400 -0.2890
vn 0.2997 -0.3659 0.8811
vn 0.5597 -0.6826 -0.4698
vn 0.4032 -0.4919 0.7717
vn 0.4914 -0.5988 -0.6324
vn 0.4907 -0.5991 0.6327
vn 0.4025 -0.4921 -0.7719
vn 0.5604 -0.6823 0.4696
vn 0.2241 -0.4172 0.8807
vn 0.4168 -0.7783 -0.4695
vn 0.2999 -0.5611 0.7715
vn 0.3650 -0.6832 -0.6324
vn 0.3653 -0.6832 0.6323
vn 0.3000 -0.5611 -0.7715
vn 0.4158 -0.7787 0.4698
vn 0.2241 -0.4172 -0.8807
vn 0.4511 -0.8444 0.2890
vn 0.1353 -0.2572 -0.9568
vn 0.4691 -0.8777 0.0975
vn 0.0457 -0.0867 0.9952
vn 0.0473 -0.0867 -0.9951
vn 0.4692 -0.8777 -0.0975
vn 0.1363 -0.2571 0.9567
vn 0.4511 -0.8443 -0.2891
vn 0.2777 -0.9162 0.2890
vn 0.0876 -0.2789 -0.9563
vn 0.2887 -0.9524 0.0976
vn 0.0261 -0.0941 0.9952
vn 0.0298 -0.0941 -0.9951
vn 0.2890 -0.9523 -0.0975
vn 0.0839 -0.2790 0.9566
vn 0.2780 -0.9161 -0.2890
vn 0.1367 -0.4529 0.8810
vn 0.2576 -0.8445 -0.4695
vn 0.1841 -0.6089 0.7716
vn 0.2251 -0.7412 -0.6324
vn 0.2243 -0.7414 0.6325
vn 0.1840 -0.6089 -0.7716
vn 0.2556 -0.8450 0.4698
vn 0.1402 -0.4527 -0.8806
vn 0.0861 -0.8786 -0.4697
vn 0.0620 -0.6332 0.7715
vn 0.0760 -0.7709 -0.6324
vn 0.0763 -0.7709 0.6324
vn 0.0631 -0.6331 -0.7715
vn 0.0864 -0.8786 0.4697
vn 0.0451 -0.4710 -0.8810
vn 0.0936 -0.9527 0.2890
vn 0.0261 -0.2901 -0.9566
vn 0.0973 -0.9905 0.0976
vn 0.0065 -0.0979 0.9952
vn 0.0101 -0.0979 -0.9951
vn 0.0976 -0.9904 -0.0976
vn 0.0302 -0.2901 0.9565
vn 0.0939 -0.9527 -0.2890
vn 0.0479 -0.4709 0.8809
vn -0.0290 -0.2901 -0.9565
vn -0.0973 -0.9905 0.0976
vn -0.0065 -0.0979 0.9952
vn -0.0101 -0.0979 -0.9951
vn -0.0978 -0.9904 -0.0975
vn -0.0302 -0.2901 0.9565
vn -0.0939 -0.9527 -0.2890
vn -0.0479 -0.4709 0.8809
vn -0.0869 -0.8786 -0.4697
vn -0.0620 -0.6332 0.7715
vn -0.0760 -0.7709 -0.6324
vn -0.0763 -0.7709 0.6324
vn -0.0631 -0.6331 -0.7715
vn -0.0864 -0.8786 0.4697
vn -0.0485 -0.4709 -0.8809
vn -0.0938 -0.9527 0.2890
vn -0.2251 -0.7413 -0.6324
vn -0.2243 -0.7414 0.6325
vn -0.1851 -0.6088 -0.7715
vn -0.2562 -0.8448 0.4697
vn -0.1394 -0.4527 -0.8807
vn -0.2777 -0.9162 0.2890
vn -0.0799 -0.2790 -0.9569
vn -0.2887 -0.9524 0.0976
vn -0.0261 -0.0941 0.9952
vn -0.0310 -0.0941 -0.9951
vn -0.2892 -0.9523 -0.0975
vn -0.0839 -0.2790 0.9566
vn -0.2780 -0.9161 -0.2890
vn -0.1367 -0.4529 0.8810
vn -0.2568 -0.8447 -0.4696
vn -0.1850 -0.6088 0.7715
vn -0.0457 -0.0867 0.9952
vn -0.0473 -0.0867 -0.9951
vn -0.4692 -0.8777 -0.0975
vn -0.1355 -0.2572 0.9568
vn -0.4517 -0.8441 -0.2890
vn -0.2236 -0.4173 0.8808
vn -0.4162 -0.7786 -0.4697
vn -0.2999 -0.5611 0.7715
vn -0.3650 -0.6832 -0.6324
vn -0.3646 -0.6833 0.6325
vn -0.2995 -0.5612 -0.7716
vn -0.4164 -0.7785 0.4696
vn -0.2225 -0.4174 -0.8811
vn -0.4514 -0.8442 0.2890
vn -0.1353 -0.2572 -0.9568
vn -0.4691 -0.8777 0.0975
vn -0.4912 -0.5989 0.6325
vn -0.4025 -0.4921 -0.7719
vn -0.5599 -0.6825 0.4697
vn -0.3005 -0.3658 -0.8809
vn -0.6067 -0.7404 0.2892
vn -0.1850 -0.2253 -0.9566
vn -0.6313 -0.7694 0.0976
vn -0.0652 -0.0760 0.9950
vn -0.0563 -0.0760 -0.9955
vn -0.6313 -0.7694 -0.0976
vn -0.1869 -0.2252 0.9562
vn -0.6076 -0.7398 -0.2890
vn -0.3008 -0.3658 0.8808
vn -0.5597 -0.6826 -0.4698
vn -0.4032 -0.4919 0.7717
vn -0.4921 -0.5985 -0.6321
vn -0.7694 -0.6313 -0.0975
vn -0.2260 -0.1849 0.9564
vn -0.7402 -0.6071 -0.2889
vn -0.3660 -0.3002 0.8809
vn -0.6823 -0.5601 -0.4698
vn -0.4920 -0.4036 0.7714
vn -0.5995 -0.4911 -0.6319
vn -0.5982 -0.4917 0.6327
vn -0.4915 -0.4037 -0.7717
vn -0.6829 -0.5597 0.4694
vn -0.3668 -0.3001 -0.8806
vn -0.7399 -0.6074 0.2891
vn -0.2226 -0.1850 -0.9572
vn -0.7694 -0.6313 0.0975
vn -0.0750 -0.0624 0.9952
vn -0.0774 -0.0624 -0.9950
vn -0.5611 -0.2999 -0.7715
vn -0.7789 -0.4160 0.4694
vn -0.4169 -0.2231 -0.8812
vn -0.8440 -0.4516 0.2893
vn -0.2559 -0.1374 -0.9569
vn -0.8776 -0.4693 0.0976
vn -0.0848 -0.0464 0.9953
vn -0.0864 -0.0464 -0.9952
vn -0.8778 -0.4691 -0.0975
vn -0.2575 -0.1374 0.9565
vn -0.8441 -0.4515 -0.2892
vn -0.4165 -0.2232 0.8813
vn -0.7788 -0.4160 -0.4695
vn -0.5605 -0.3001 0.7719
vn -0.6842 -0.3647 -0.6315
vn -0.6833 -0.3651 0.6323
vn -0.2791 -0.0846 0.9565
vn -0.9163 -0.2776 -0.2887
vn -0.4520 -0.1374 0.8814
vn -0.8448 -0.2563 -0.4698
vn -0.6077 -0.1849 0.7724
vn -0.7410 -0.2250 -0.6326
vn -0.7410 -0.2249 0.6327
vn -0.6097 -0.1845 -0.7708
vn -0.8445 -0.2565 0.4701
vn -0.4532 -0.1374 -0.8808
vn -0.9162 -0.2777 0.2888
vn -0.2787 -0.0846 -0.9566
vn -0.9524 -0.2888 0.0975
vn -0.0946 -0.0285 0.9951
vn -0.0946 -0.0285 -0.9951
vn -0.9524 -0.2888 -0.0975
vn -0.8788 -0.0865 0.4693
vn -0.4714 -0.0464 -0.8807
vn -0.9526 -0.0939 0.2893
vn -0.2916 -0.0286 -0.9561
vn -0.9905 -0.0974 0.0975
vn -0.0978 -0.0097 0.9952
vn -0.0978 -0.0097 -0.9952
vn -0.9904 -0.0976 -0.0976
vn -0.2892 -0.0286 0.9568
vn -0.9527 -0.0938 -0.2890
vn -0.4712 -0.0464 0.8808
vn -0.8785 -0.0866 -0.4699
vn -0.6325 -0.0624 0.7720
vn -0.7710 -0.0759 -0.6322
vn -0.7707 -0.0760 0.6327
vn -0.6338 -0.0623 -0.7710
vn -0.9529 0.0937 -0.2886
vn -0.4712 0.0464 0.8808
vn -0.8788 0.0864 -0.4692
vn -0.6328 0.0624 0.7718
vn -0.7710 0.0759 -0.6322
vn -0.7703 0.0760 0.6331
vn -0.6338 0.0623 -0.7710
vn -0.8784 0.0866 0.4701
vn -0.4714 0.0464 -0.8807
vn -0.9526 0.0939 0.2893
vn -0.2916 0.0286 -0.9561
vn -0.9904 0.0976 0.0976
vn -0.0978 0.0097 0.9952
vn -0.0978 0.0097 -0.9952
vn -0.9904 0.0976 -0.0976
vn -0.2892 0.0286 0.9568
vn -0.4532 0.1374 -0.8808
vn -0.9158 0.2783 0.2895
vn -0.2787 0.0846 -0.9566
vn -0.9523 0.2890 0.0976
vn -0.0946 0.0285 0.9951
vn -0.0946 0.0285 -0.9951
vn -0.9524 0.2888 -0.0975
vn -0.2791 0.0846 0.9565
vn -0.9162 0.2777 -0.2888
vn -0.4529 0.1374 0.8809
vn -0.8443 0.2566 -0.4704
vn -0.6077 0.1849 0.7724
vn -0.7410 0.2250 -0.6327
vn -0.7406 0.2251 0.6331
vn -0.6090 0.1846 -0.7714
vn -0.8445 0.2565 0.4701
vn -0.7788 0.4160 -0.4695
vn -0.5605 0.3000 0.7719
vn -0.6842 0.3647 -0.6315
vn -0.6824 0.3655 0.6330
vn -0.5619 0.2997 -0.7710
vn -0.7786 0.4162 0.4696
vn -0.4182 0.2230 -0.8805
vn -0.8440 0.4516 0.2893
vn -0.2575 0.1374 -0.9565
vn -0.8777 0.4692 0.0975
vn -0.0848 0.0464 0.9953
vn -0.0864 0.0464 -0.9952
vn -0.8777 0.4691 -0.0975
vn -0.2575 0.1374 0.9565
vn -0.8440 0.4517 -0.2893
vn -0.4165 0.2232 0.8813
vn -0.2218 0.1851 -0.9574
vn -0.7694 0.6313 0.0975
vn -0.0782 0.0624 0.9950
vn -0.0766 0.0624 -0.9951
vn -0.7694 0.6313 -0.0975
vn -0.2244 0.1850 0.9568
vn -0.7405 0.6068 -0.2888
vn -0.3670 0.3001 0.8805
vn -0.6828 0.5598 -0.4695
vn -0.4913 0.4037 0.7718
vn -0.5990 0.4913 -0.6323
vn -0.5987 0.4915 0.6324
vn -0.4915 0.4037 -0.7717
vn -0.6822 0.5602 0.4699
vn -0.3668 0.3001 -0.8806
vn -0.7395 0.6079 0.2893
vn -0.4032 0.4919 0.7717
vn -0.4914 0.5989 -0.6324
vn -0.4906 0.5992 0.6327
vn -0.4034 0.4918 -0.7716
vn -0.5608 0.6820 0.4694
vn -0.3005 0.3658 -0.8809
vn -0.6070 0.7403 0.2891
vn -0.1826 0.2254 -0.9570
vn -0.6313 0.7694 0.0976
vn -0.0652 0.0760 0.9950
vn -0.0579 0.0760 -0.9954
vn -0.6314 0.7693 -0.0975
vn -0.1853 0.2253 0.9565
vn -0.6078 0.7397 -0.2889
vn -0.3008 0.3658 0.8808
vn -0.5602 0.6824 -0.4696
vn -0.4696 0.8775 0.0975
vn -0.0457 0.0867 0.9952
vn -0.0473 0.0867 -0.9951
vn -0.4690 0.8778 -0.0976
vn -0.1363 0.2572 0.9567
vn -0.4511 0.8443 -0.2891
vn -0.2219 0.4175 0.8812
vn -0.4162 0.7786 -0.4697
vn -0.2983 0.5614 0.7719
vn -0.3650 0.6832 -0.6324
vn -0.3653 0.6832 0.6323
vn -0.3005 0.5610 -0.7714
vn -0.4158 0.7787 0.4698
vn -0.2210 0.4175 -0.8814
vn -0.4511 0.8444 0.2890
vn -0.1417 0.2569 -0.9560
vn -0.2251 0.7412 -0.6324
vn -0.2250 0.7413 0.6324
vn -0.1851 0.6088 -0.7715
vn -0.2556 0.8450 0.4698
vn -0.1370 0.4529 -0.8810
vn -0.2777 0.9162 0.2890
vn -0.0864 0.2789 -0.9564
vn -0.2890 0.9523 0.0975
vn -0.0261 0.0941 0.9952
vn -0.0310 0.0941 -0.9951
vn -0.2890 0.9523 -0.0975
vn -0.0831 0.2790 0.9567
vn -0.2780 0.9161 -0.2890
vn -0.1389 0.4527 0.8808
vn -0.2576 0.8445 -0.4695
vn -0.1858 0.6087 0.7713
vn -0.0065 0.0979 0.9952
vn -0.0101 0.0979 -0.9951
vn -0.0976 0.9904 -0.0976
vn -0.0302 0.2901 0.9565
vn -0.0936 0.9527 -0.2891
vn -0.0458 0.4710 0.8810
vn -0.0863 0.8786 -0.4697
vn -0.0629 0.6331 0.7715
vn -0.0760 0.7709 -0.6324
vn -0.0763 0.7709 0.6324
vn -0.0620 0.6332 -0.7715
vn -0.0861 0.8786 0.4697
vn -0.0451 0.4710 -0.8810
vn -0.0936 0.9527 0.2891
vn -0.0261 0.2901 -0.9566
vn -0.0973 0.9905 0.0976
vn 0.0130 0.0978 0.9951
vn 0.0116 0.0978 -0.9951
vn 0.0975 0.9904 -0.0975
vn 0.0285 0.2901 0.9566
vn 0.0939 0.9527 -0.2890
vn 0.0472 0.4709 0.8809
vn 0.0861 0.8786 -0.4697
vn 0.0630 0.6331 0.7715
vn 0.0758 0.7709 -0.6324
vn 0.0753 0.7710 0.6324
vn 0.0624 0.6331 -0.7715
vn 0.0467 0.4709 -0.8809
vn 0.0933 0.9528 0.2890
vn 0.0340 0.2900 -0.9564
vn 0.0975 0.9904 0.0976
vn 0.0847 0.2790 -0.9566
vn 0.0297 0.0941 -0.9951
vn 0.2890 0.9524 -0.0975
vn 0.0843 0.2790 0.9566
vn 0.1372 0.4528 0.8810
vn 0.2561 0.8448 -0.4697
vn 0.1845 0.6088 0.7716
vn 0.2255 0.7412 -0.6323
vn 0.1374 0.4529 -0.8809
vn 0.2777 0.9161 0.2891
vn 0.2991 0.5613 0.7717
vn 0.3658 0.6829 -0.6323
vn 0.2995 0.5612 -0.7716
vn 0.4164 0.7785 0.4696
vn 0.4509 0.8445 0.2891
vn 0.1329 0.2573 -0.9572
vn 0.4691 0.8777 0.0975
vn 0.0432 0.0867 -0.9953
vn 0.4694 0.8776 -0.0975
vn 0.1363 0.2571 0.9567
vn 0.4514 0.8442 -0.2890
vn 0.2219 0.4175 0.8812
vn 0.4162 0.7786 -0.4697
vn 0.6312 0.7694 0.0976
vn 0.0636 0.0760 -0.9951
vn 0.6314 0.7693 -0.0976
vn 0.1869 0.2252 0.9562
vn 0.3018 0.3656 0.8805
vn 0.5602 0.6824 -0.4696
vn 0.4025 0.4920 0.7719
vn 0.4921 0.5986 -0.6321
vn 0.4918 0.5987 0.6323
vn 0.4044 0.4916 -0.7712
vn 0.5604 0.6823 0.4696
vn 0.3020 0.3656 -0.8804
vn 0.6072 0.7401 0.2891
vn 0.1842 0.2253 -0.9567
vn 0.5995 0.4911 -0.6320
vn 0.5992 0.4912 0.6322
vn 0.4915 0.4037 -0.7717
vn 0.6829 0.5597 0.4694
vn 0.3639 0.3005 -0.8816
vn 0.7394 0.6079 0.2893
vn 0.2249 0.1848 -0.9567
vn 0.7695 0.6311 0.0975
vn 0.0750 0.0624 0.9952
vn 0.0782 0.0624 -0.9950
vn 0.7692 0.6315 -0.0976
vn 0.2252 0.1850 0.9566
vn 0.7402 0.6071 -0.2889
vn 0.3650 0.3004 0.8812
vn 0.6820 0.5604 -0.4700
vn 0.4920 0.4035 0.7714
vn 0.0880 0.0463 0.9950
vn 0.8777 0.4691 -0.0975
vn 0.2560 0.1375 0.9569
vn 0.8440 0.4517 -0.2893
vn 0.4174 0.2231 0.8809
vn 0.7782 0.4165 -0.4701
vn 0.5605 0.3000 0.7719
vn 0.6833 0.3651 -0.6323
vn 0.6833 0.3651 0.6323
vn 0.5615 0.2998 -0.7713
vn 0.7786 0.4161 0.4697
vn 0.4182 0.2230 -0.8805
vn 0.8442 0.4513 0.2891
vn 0.2544 0.1376 -0.9573
vn 0.8776 0.4693 0.0976
vn 0.7409 0.2250 0.6327
vn 0.6090 0.1847 -0.7714
vn 0.8445 0.2566 0.4701
vn 0.4519 0.1375 -0.8814
vn 0.9163 0.2776 0.2888
vn 0.2802 0.0845 -0.9562
vn 0.9523 0.2891 0.0976
vn 0.0929 0.0286 0.9953
vn 0.0946 0.0286 -0.9951
vn 0.2776 0.0847 0.9570
vn 0.9163 0.2776 -0.2887
vn 0.4520 0.1375 0.8814
vn 0.8447 0.2563 -0.4699
vn 0.7410 0.2250 -0.6326
vn 0.9905 0.0974 -0.0975
vn 0.2907 0.0286 0.9564
vn 0.9529 0.0936 -0.2886
vn 0.4720 0.0464 0.8804
vn 0.8785 0.0865 -0.4699
vn 0.7713 0.0759 0.6320
vn 0.6331 0.0623 -0.7715
vn 0.8785 0.0866 0.4699
vn 0.4714 0.0463 -0.8807
vn 0.9526 0.0940 0.2893
vn 0.2901 0.0286 -0.9566
vn 0.9904 0.0976 0.0976
vn 0.0978 0.0096 0.9952
vn 0.0978 0.0096 -0.9952
vn 0.6331 -0.0623 -0.7715
vn 0.8785 -0.0866 0.4699
vn 0.4714 -0.0463 -0.8807
vn 0.9526 -0.0940 0.2893
vn 0.2901 -0.0286 -0.9566
vn 0.9904 -0.0976 0.0976
vn 0.0978 -0.0096 0.9952
vn 0.0978 -0.0096 -0.9952
vn 0.9905 -0.0974 -0.0975
vn 0.2907 -0.0286 0.9564
vn 0.9528 -0.0936 -0.2887
vn 0.4716 -0.0464 0.8806
vn 0.8785 -0.0865 -0.4699
vn 0.7711 -0.0759 -0.6322
vn 0.7707 -0.0760 0.6327
vn 0.8448 -0.2562 -0.4698
vn 0.6082 -0.1848 0.7720
vn 0.7414 -0.2249 -0.6322
vn 0.7413 -0.2249 0.6324
vn 0.6090 -0.1847 -0.7714
vn 0.8449 -0.2563 0.4695
vn 0.4532 -0.1373 -0.8808
vn 0.9160 -0.2780 0.2891
vn 0.2802 -0.0845 -0.9562
vn 0.0946 -0.0286 0.9951
vn 0.0946 -0.0286 -0.9951
vn 0.9524 -0.2889 -0.0976
vn 0.4182 -0.2230 -0.8805
vn 0.8443 -0.4513 0.2890
vn 0.2559 -0.1376 -0.9569
vn 0.8779 -0.4687 0.0975
vn 0.0880 -0.0463 0.9950
vn 0.8775 -0.4696 -0.0976
vn 0.2560 -0.1375 0.9569
vn 0.8444 -0.4511 -0.2890
vn 0.7783 -0.4164 -0.4699
vn 0.5618 -0.2997 0.7711
vn 0.6842 -0.3647 -0.6315
vn 0.6833 -0.3651 0.6323
vn 0.7784 -0.4163 0.4699
vn 0.6828 -0.5598 -0.4695
vn 0.4913 -0.4037 0.7718
vn 0.5992 -0.4912 0.6321
vn 0.4932 -0.4032 -0.7708
vn 0.6829 -0.5598 0.4694
vn 0.3661 -0.3001 -0.8809
vn 0.7399 -0.6075 0.2891
vn 0.2249 -0.1848 -0.9567
vn 0.7695 -0.6311 0.0975
vn 0.0782 -0.0624 0.9950
vn 0.0782 -0.0624 -0.9950
vn 0.7694 -0.6312 -0.0975
vn 0.2260 -0.1850 0.9564
vn 0.7402 -0.6071 -0.2890
vn 0.6076 -0.7398 0.2890
vn 0.1826 -0.2254 -0.9570
vn 0.6316 -0.7691 0.0975
vn 0.0636 -0.0760 -0.9951
vn 0.1837 -0.2254 0.9568
vn 0.5602 -0.6824 -0.4696
vn 0.4040 -0.4917 0.7714
vn 0.4914 -0.5989 -0.6324
vn 0.4912 -0.5989 0.6325
vn 0.4044 -0.4916 -0.7712
vn 0.5599 -0.6825 0.4698
vn 0.2990 -0.3659 -0.8813
vn 0.4162 -0.7786 -0.4697
vn 0.3658 -0.6829 -0.6323
vn 0.3640 -0.6836 0.6327
vn 0.4164 -0.7785 0.4696
vn 0.2233 -0.4173 -0.8809
vn 0.4514 -0.8442 0.2890
vn 0.1369 -0.2571 -0.9566
vn 0.0432 -0.0867 -0.9953
vn 0.1371 -0.2571 0.9566
vn 0.4517 -0.8441 -0.2890
vn 0.2230 -0.4174 0.8809
vn 0.0831 -0.2790 -0.9567
vn 0.2887 -0.9524 0.0975
vn 0.0326 -0.0941 0.9950
vn 0.0277 -0.0941 -0.9952
vn 0.2891 -0.9523 -0.0975
vn 0.0864 -0.2789 0.9564
vn 0.2783 -0.9160 -0.2890
vn 0.1372 -0.4528 0.8810
vn 0.2561 -0.8448 -0.4697
vn 0.1837 -0.6089 0.7717
vn 0.2251 -0.7413 -0.6324
vn 0.1394 -0.4528 -0.8807
vn 0.2777 -0.9161 0.2891
vn 0.0630 -0.6331 0.7715
vn 0.0771 -0.7708 -0.6323
vn 0.0768 -0.7709 0.6323
vn 0.0624 -0.6332 -0.7715
vn 0.0871 -0.8785 0.4697
vn 0.0455 -0.4710 -0.8810
vn 0.0938 -0.9527 0.2890
vn 0.0326 -0.2900 -0.9565
vn 0.0975 -0.9904 0.0976
vn 0.0065 -0.0978 0.9952
vn 0.0096 -0.0978 -0.9952
vn 0.0975 -0.9904 -0.0975
vn 0.0272 -0.2901 0.9566
vn 0.0936 -0.9527 -0.2890
vn 0.0480 -0.4709 0.8809
vn 0.0869 -0.8786 -0.4697
vn -0.0975 -0.9904 0.0975
vn -0.0065 -0.0978 0.9952
vn -0.0096 -0.0978 -0.9952
vn -0.0975 -0.9904 -0.0975
vn -0.0299 -0.2901 0.9565
vn -0.0458 -0.4710 0.8810
vn -0.0630 -0.6331 0.7715
vn -0.0769 -0.7709 -0.6324
vn -0.0610 -0.6332 -0.7716
vn -0.0870 -0.8785 0.4697
vn -0.0465 -0.4709 -0.8809
vn -0.0295 -0.2901 -0.9565
vn -0.2251 -0.7413 -0.6323
vn -0.2246 -0.7414 0.6324
vn -0.1382 -0.4528 -0.8808
vn -0.2777 -0.9161 0.2891
vn -0.0847 -0.2789 -0.9566
vn -0.0297 -0.0941 -0.9951
vn -0.2890 -0.9524 -0.0975
vn -0.0852 -0.2790 0.9565
vn -0.2783 -0.9160 -0.2890
vn -0.1372 -0.4529 0.8810
vn -0.2554 -0.8450 -0.4698
vn -0.1845 -0.6088 0.7715
vn -0.0432 -0.0867 -0.9953
vn -0.4694 -0.8776 -0.0975
vn -0.1387 -0.2570 0.9564
vn -0.4506 -0.8446 -0.2891
vn -0.2219 -0.4175 0.8812
vn -0.4162 -0.7785 -0.4697
vn -0.3007 -0.5610 0.7713
vn -0.3658 -0.6830 -0.6322
vn -0.3646 -0.6834 0.6325
vn -0.4158 -0.7787 0.4698
vn -0.2249 -0.4171 -0.8806
vn -0.1305 -0.2573 -0.9575
vn -0.0522 -0.0867 0.9949
vn -0.4034 -0.4919 -0.7716
vn -0.5599 -0.6825 0.4698
vn -0.3020 -0.3656 -0.8804
vn -0.6072 -0.7401 0.2891
vn -0.1865 -0.2253 -0.9563
vn -0.6317 -0.7690 0.0975
vn -0.0587 -0.0760 0.9954
vn -0.0611 -0.0760 -0.9952
vn -0.6314 -0.7693 -0.0976
vn -0.1853 -0.2253 0.9565
vn -0.6074 -0.7400 -0.2890
vn -0.2997 -0.3659 0.8811
vn -0.5597 -0.6827 -0.4698
vn -0.4032 -0.4918 0.7717
vn -0.4921 -0.5986 -0.6321
vn -0.2267 -0.1849 0.9562
vn -0.7402 -0.6072 -0.2889
vn -0.6828 -0.5598 -0.4695
vn -0.4913 -0.4037 0.7718
vn -0.5995 -0.4911 -0.6320
vn -0.4923 -0.4035 -0.7712
vn -0.6822 -0.5602 0.4699
vn -0.3647 -0.3004 -0.8814
vn -0.7396 -0.6077 0.2892
vn -0.2249 -0.1849 -0.9567
vn -0.7695 -0.6311 0.0975
vn -0.0782 -0.0624 -0.9950
vn -0.7694 -0.6313 -0.0976
vn -0.7784 -0.4163 0.4699
vn -0.4182 -0.2230 -0.8806
vn -0.8444 -0.4512 0.2889
vn -0.2560 -0.1376 -0.9569
vn -0.0880 -0.0463 0.9950
vn -0.0864 -0.0463 -0.9952
vn -0.8775 -0.4696 -0.0976
vn -0.2560 -0.1375 0.9569
vn -0.8444 -0.4512 -0.2889
vn -0.4174 -0.2231 0.8809
vn -0.5593 -0.3003 0.7726
vn -0.6833 -0.3651 -0.6323
vn -0.6824 -0.3656 0.6330
vn -0.5611 -0.3000 -0.7715
vn -0.9162 -0.2778 -0.2888
vn -0.4525 -0.1374 0.8811
vn -0.8452 -0.2561 -0.4691
vn -0.6088 -0.1846 0.7715
vn -0.7419 -0.2247 -0.6318
vn -0.7406 -0.2252 0.6331
vn -0.6090 -0.1847 -0.7714
vn -0.8445 -0.2566 0.4701
vn -0.4519 -0.1375 -0.8814
vn -0.9160 -0.2779 0.2891
vn -0.2802 -0.0844 -0.9562
vn -0.9523 -0.2892 0.0976
vn -0.0929 -0.0286 0.9953
vn -0.0946 -0.0286 -0.9951
vn -0.2776 -0.0846 0.9570
vn -0.4714 -0.0463 -0.8807
vn -0.9527 -0.0939 0.2890
vn -0.2901 -0.0287 -0.9566
vn -0.9904 -0.0976 0.0976
vn -0.0978 -0.0096 0.9952
vn -0.0978 -0.0096 -0.9952
vn -0.9905 -0.0974 -0.0975
vn -0.2907 -0.0286 0.9564
vn -0.9528 -0.0938 -0.2888
vn -0.4721 -0.0464 0.8803
vn -0.8785 -0.0865 -0.4699
vn -0.7709 -0.0760 0.6324
vn -0.6331 -0.0624 -0.7715
vn -0.8785 -0.0866 0.4699
vn -0.4716 0.0464 0.8806
vn -0.8785 0.0865 -0.4699
vn -0.6325 0.0624 0.7720
vn -0.7703 0.0760 -0.6331
vn -0.7707 0.0760 0.6327
vn -0.6331 0.0624 -0.7715
vn -0.8785 0.0866 0.4699
vn -0.4714 0.0463 -0.8807
vn -0.9526 0.0940 0.2893
vn -0.2901 0.0287 -0.9566
vn -0.0978 0.0096 0.9952
vn -0.0978 0.0096 -0.9952
vn -0.9905 0.0974 -0.0975
vn -0.2907 0.0285 0.9564
vn -0.9528 0.0936 -0.2887
vn -0.9161 0.2779 0.2890
vn -0.2802 0.0844 -0.9562
vn -0.9523 0.2891 0.0976
vn -0.0946 0.0286 0.9951
vn -0.0946 0.0286 -0.9951
vn -0.2791 0.0847 0.9565
vn -0.9161 0.2780 -0.2891
vn -0.8448 0.2562 -0.4698
vn -0.6082 0.1847 0.7720
vn -0.7414 0.2248 -0.6322
vn -0.7413 0.2249 0.6324
vn -0.6090 0.1847 -0.7714
vn -0.8449 0.2563 0.4695
vn -0.4532 0.1373 -0.8808
vn -0.7782 0.4165 -0.4701
vn -0.6833 0.3651 -0.6323
vn -0.6833 0.3652 0.6323
vn -0.5611 0.3000 -0.7715
vn -0.7789 0.4159 0.4694
vn -0.4182 0.2230 -0.8806
vn -0.2575 0.1375 -0.9564
vn -0.8777 0.4693 0.0976
vn -0.0880 0.0463 0.9950
vn -0.0864 0.0463 -0.9952
vn -0.8778 0.4691 -0.0975
vn -0.2560 0.1375 0.9569
vn -0.8446 0.4509 -0.2888
vn -0.4174 0.2231 0.8809
vn -0.2249 0.1849 -0.9567
vn -0.7695 0.6311 0.0975
vn -0.0782 0.0624 -0.9950
vn -0.2260 0.1849 0.9564
vn -0.7402 0.6071 -0.2890
vn -0.3679 0.3000 0.8801
vn -0.6827 0.5599 -0.4695
vn -0.5996 0.4911 -0.6320
vn -0.5983 0.4916 0.6327
vn -0.4915 0.4038 -0.7716
vn -0.6822 0.5602 0.4698
vn -0.3661 0.3001 -0.8809
vn -0.4907 0.5992 -0.6326
vn -0.4912 0.5989 0.6325
vn -0.4044 0.4916 -0.7712
vn -0.5599 0.6825 0.4698
vn -0.3005 0.3657 -0.8809
vn -0.6074 0.7400 0.2890
vn -0.1826 0.2255 -0.9570
vn -0.6308 0.7698 0.0976
vn -0.0587 0.0760 0.9954
vn -0.0611 0.0760 -0.9952
vn -0.6316 0.7692 -0.0975
vn -0.6074 0.7400 -0.2890
vn -0.2987 0.3660 0.8814
vn -0.4040 0.4917 0.7714
vn -0.0522 0.0867 0.9949
vn -0.0432 0.0867 -0.9953
vn -0.4692 0.8777 -0.0975
vn -0.1363 0.2571 0.9567
vn -0.4517 0.8441 -0.2890
vn -0.2214 0.4175 0.8813
vn -0.4168 0.7783 -0.4696
vn -0.2999 0.5611 0.7715
vn -0.3658 0.6829 -0.6323
vn -0.3646 0.6833 0.6326
vn -0.3010 0.5609 -0.7712
vn -0.2257 0.4171 -0.8804
vn -0.4504 0.8447 0.2892
vn -0.1305 0.2574 -0.9574
vn -0.4692 0.8777 0.0975
vn -0.2257 0.7412 0.6322
vn -0.1374 0.4529 -0.8809
vn -0.2777 0.9161 0.2891
vn -0.0876 0.2788 -0.9563
vn -0.2890 0.9524 0.0975
vn -0.0297 0.0941 -0.9951
vn -0.2892 0.9523 -0.0975
vn -0.1372 0.4528 0.8810
vn -0.2561 0.8449 -0.4697
vn -0.1845 0.6088 0.7715
vn -0.2247 0.7413 -0.6324
vn -0.0976 0.9904 -0.0975
vn -0.0305 0.2901 0.9565
vn -0.0936 0.9527 -0.2890
vn -0.0456 0.4710 0.8810
vn -0.0869 0.8786 -0.4697
vn -0.0623 0.6332 0.7715
vn -0.0769 0.7708 -0.6324
vn -0.0763 0.7709 0.6323
vn -0.0631 0.6331 -0.7715
vn -0.0871 0.8785 0.4697
vn -0.0455 0.4710 -0.8810
vn -0.0938 0.9527 0.2890
vn -0.0326 0.2901 -0.9565
vn -0.0975 0.9904 0.0975
vn -0.0130 0.0978 0.9951
vn -0.0139 0.0978 -0.9951
vn 0.0976 0.9904 -0.0975
vn 0.0280 0.2901 0.9566
vn 0.0936 0.9527 -0.2890
vn 0.0476 0.4709 0.8809
vn 0.0617 0.6332 0.7716
vn 0.0763 0.7709 -0.6324
vn 0.0763 0.7709 0.6324
vn 0.0630 0.6331 -0.7715
vn 0.0863 0.8786 0.4697
vn 0.0260 0.2901 -0.9566
vn 0.0975 0.9904 0.0975
vn 0.0130 0.0979 0.9951
vn 0.0066 0.0979 -0.9952
vn 0.0831 0.2790 -0.9567
vn 0.2887 0.9524 0.0976
vn 0.0326 0.0941 0.9950
vn 0.0277 0.0941 -0.9952
vn 0.2892 0.9523 -0.0975
vn 0.0860 0.2789 0.9565
vn 0.1854 0.6087 0.7714
vn 0.2238 0.7415 -0.6325
vn 0.2257 0.7412 0.6323
vn 0.1846 0.6088 -0.7715
vn 0.2566 0.8447 0.4697
vn 0.1390 0.4528 -0.8807
vn 0.2780 0.9161 0.2890
vn 0.3642 0.6835 -0.6326
vn 0.3653 0.6832 0.6323
vn 0.3015 0.5608 -0.7711
vn 0.1369 0.2571 -0.9566
vn 0.4696 0.8775 0.0975
vn 0.4691 0.8777 -0.0975
vn 0.1395 0.2570 0.9563
vn 0.4509 0.8445 -0.2891
vn 0.4156 0.7788 -0.4698
vn 0.0587 0.0760 0.9954
vn 0.6317 0.7690 -0.0975
vn 0.4032 0.4919 0.7716
vn 0.4908 0.5991 -0.6327
vn 0.4918 0.5987 0.6322
vn 0.4034 0.4919 -0.7716
vn 0.6076 0.7398 0.2890
vn 0.1842 0.2254 -0.9567
vn 0.6315 0.7692 0.0975
vn 0.5982 0.4917 0.6327
vn 0.6824 0.5601 0.4697
vn 0.3668 0.3001 -0.8806
vn 0.7406 0.6067 0.2887
vn 0.2288 0.1848 -0.9558
vn 0.7694 0.6312 0.0975
vn 0.0782 0.0624 0.9950
vn 0.0742 0.0624 -0.9953
vn 0.7694 0.6313 -0.0975
vn 0.2275 0.1848 0.9561
vn 0.7397 0.6076 -0.2892
vn 0.3670 0.3001 0.8805
vn 0.6823 0.5602 -0.4697
vn 0.5990 0.4914 -0.6323
vn 0.8778 0.4691 -0.0975
vn 0.4165 0.2232 0.8813
vn 0.5618 0.2997 0.7711
vn 0.6828 0.3654 -0.6327
vn 0.6841 0.3647 0.6317
vn 0.7789 0.4160 0.4694
vn 0.4169 0.2231 -0.8812
vn 0.8444 0.4511 0.2889
vn 0.2575 0.1374 -0.9565
vn 0.8776 0.4694 0.0976
vn 0.0880 0.0464 0.9950
vn 0.0880 0.0464 -0.9950
vn 0.6081 0.1848 -0.7720
vn 0.8449 0.2562 0.4695
vn 0.4539 0.1373 -0.8804
vn 0.9161 0.2779 0.2890
vn 0.9523 0.2890 0.0976
vn 0.0929 0.0285 0.9953
vn 0.4529 0.1374 0.8809
vn 0.6088 0.1846 0.7715
vn 0.7416 0.2248 0.6320
vn 0.9526 0.0939 -0.2894
vn 0.6336 0.0623 0.7711
vn 0.6331 0.0624 -0.7715
vn 0.9528 0.0938 0.2889
vn 0.2916 0.0286 -0.9561
vn 0.9904 0.0976 -0.0976
vn 0.9528 -0.0938 0.2889
vn 0.2916 -0.0286 -0.9561
vn 0.9905 -0.0974 -0.0974
vn 0.9526 -0.0939 -0.2894
vn 0.8785 -0.0866 -0.4699
vn 0.6333 -0.0623 0.7714
vn 0.7711 -0.0759 0.6321
vn 0.6331 -0.0624 -0.7715
vn 0.9159 -0.2783 -0.2894
vn 0.8448 -0.2564 -0.4698
vn 0.6091 -0.1846 0.7713
vn 0.7402 -0.2253 -0.6335
vn 0.8448 -0.2563 0.4697
vn 0.9162 -0.2777 0.2888
vn 0.9524 -0.2889 0.0976
vn 0.0913 -0.0285 0.9954
vn 0.8444 -0.4511 0.2889
vn 0.2575 -0.1374 -0.9565
vn 0.0880 -0.0464 0.9950
vn 0.0880 -0.0464 -0.9950
vn 0.8439 -0.4518 -0.2894
vn 0.6828 -0.3654 -0.6327
vn 0.5611 -0.3000 -0.7715
vn 0.4920 -0.4036 0.7714
vn 0.5990 -0.4914 -0.6323
vn 0.5992 -0.4912 0.6322
vn 0.3661 -0.3002 -0.8808
vn 0.7406 -0.6067 0.2887
vn 0.2280 -0.1848 -0.9560
vn 0.7690 -0.6318 0.0976
vn 0.0742 -0.0624 -0.9953
vn 0.7693 -0.6314 -0.0975
vn 0.2260 -0.1849 0.9564
vn 0.7399 -0.6075 -0.2891
vn 0.1826 -0.2255 -0.9570
vn 0.0644 -0.0760 -0.9950
vn 0.6313 -0.7694 -0.0975
vn 0.6070 -0.7403 -0.2891
vn 0.5607 -0.6821 -0.4694
vn 0.4034 -0.4918 -0.7716
vn 0.3005 -0.3658 -0.8808
vn 0.3007 -0.5609 0.7713
vn 0.3646 -0.6833 0.6325
vn 0.3015 -0.5608 -0.7711
vn 0.0391 -0.0867 0.9955
vn 0.4506 -0.8446 -0.2891
vn 0.2890 -0.9523 0.0975
vn 0.0269 -0.0941 -0.9952
vn 0.2892 -0.9523 -0.0975
vn 0.0860 -0.2789 0.9565
vn 0.2777 -0.9162 -0.2890
vn 0.1858 -0.6087 0.7713
vn 0.2247 -0.7413 -0.6324
vn 0.2261 -0.7411 0.6322
vn 0.1835 -0.6090 -0.7717
vn 0.2562 -0.8448 0.4697
vn 0.1390 -0.4528 -0.8807
vn 0.2780 -0.9161 0.2890
vn 0.0839 -0.2790 -0.9566
vn 0.0766 -0.7709 -0.6323
vn 0.0755 -0.7709 0.6324
vn 0.0633 -0.6331 -0.7715
vn 0.0861 -0.8786 0.4697
vn 0.0450 -0.4710 -0.8810
vn 0.0941 -0.9527 0.2890
vn 0.0325 -0.2901 -0.9564
vn 0.0975 -0.9904 0.0975
vn 0.0130 -0.0979 0.9951
vn 0.0066 -0.0979 -0.9952
vn 0.0266 -0.2901 0.9566
vn 0.0458 -0.4710 0.8810
vn 0.0865 -0.8786 -0.4697
vn 0.0635 -0.6331 0.7715
vn -0.0130 -0.0978 0.9951
vn -0.0066 -0.0978 -0.9952
vn -0.0976 -0.9904 -0.0976
vn -0.0268 -0.2901 0.9566
vn -0.0861 -0.8786 -0.4697
vn -0.0635 -0.6331 0.7715
vn -0.0766 -0.7709 -0.6324
vn -0.0755 -0.7710 0.6324
vn -0.0633 -0.6331 -0.7715
vn -0.0868 -0.8786 0.4697
vn -0.0450 -0.4710 -0.8810
vn -0.0326 -0.2901 -0.9564
vn -0.2250 -0.7413 0.6324
vn -0.1846 -0.6088 -0.7715
vn -0.1394 -0.4528 -0.8807
vn -0.2780 -0.9161 0.2890
vn -0.2889 -0.9524 0.0976
vn -0.0326 -0.0941 0.9950
vn -0.0277 -0.0941 -0.9952
vn -0.0860 -0.2789 0.9565
vn -0.2777 -0.9162 -0.2890
vn -0.2565 -0.8448 -0.4696
vn -0.1841 -0.6089 0.7716
vn -0.2255 -0.7412 -0.6323
vn -0.4697 -0.8774 -0.0975
vn -0.1371 -0.2571 0.9566
vn -0.4509 -0.8445 -0.2891
vn -0.2991 -0.5612 0.7717
vn -0.3653 -0.6832 0.6323
vn -0.4509 -0.8445 0.2891
vn -0.1369 -0.2571 -0.9566
vn -0.4034 -0.4918 -0.7716
vn -0.5608 -0.6820 0.4694
vn -0.6071 -0.7402 0.2891
vn -0.1842 -0.2253 -0.9567
vn -0.6317 -0.7691 0.0975
vn -0.0636 -0.0760 -0.9951
vn -0.6317 -0.7690 -0.0975
vn -0.1861 -0.2253 0.9564
vn -0.6070 -0.7403 -0.2891
vn -0.5607 -0.6821 -0.4694
vn -0.4914 -0.5988 -0.6324
vn -0.7396 -0.6078 -0.2892
vn -0.5978 -0.4919 -0.6330
vn -0.5992 -0.4913 0.6321
vn -0.4924 -0.4035 -0.7712
vn -0.3647 -0.3003 -0.8814
vn -0.7403 -0.6070 0.2889
vn -0.2288 -0.1848 -0.9558
vn -0.7690 -0.6318 0.0976
vn -0.0782 -0.0624 0.9950
vn -0.0742 -0.0624 -0.9953
vn -0.2259 -0.1849 0.9564
vn -0.8444 -0.4511 0.2889
vn -0.2575 -0.1373 -0.9565
vn -0.8777 -0.4692 0.0976
vn -0.0880 -0.0464 0.9950
vn -0.0880 -0.0464 -0.9950
vn -0.2575 -0.1374 0.9564
vn -0.8444 -0.4511 -0.2889
vn -0.7782 -0.4165 -0.4701
vn -0.5618 -0.2997 0.7711
vn -0.6841 -0.3647 0.6317
vn -0.4529 -0.1374 0.8809
vn -0.8449 -0.2562 -0.4695
vn -0.6088 -0.1847 0.7715
vn -0.7416 -0.2248 0.6320
vn -0.6088 -0.1847 -0.7715
vn -0.8449 -0.2562 0.4695
vn -0.4539 -0.1373 -0.8804
vn -0.9163 -0.2777 0.2887
vn -0.9524 -0.2889 0.0976
vn -0.0929 -0.0285 0.9953
vn -0.9159 -0.2783 -0.2894
vn -0.9528 -0.0938 0.2889
vn -0.9905 -0.0974 -0.0974
vn -0.9526 -0.0939 -0.2893
vn -0.6336 -0.0623 0.7711
vn -0.7709 -0.0759 -0.6324
vn -0.7713 -0.0759 0.6320
vn -0.8785 0.0866 -0.4699
vn -0.6333 0.0623 0.7714
vn -0.7712 0.0759 0.6321
vn -0.8787 0.0865 0.4695
vn -0.9528 0.0938 0.2889
vn -0.9904 0.0975 0.0976
vn -0.2907 0.0286 0.9564
vn -0.9526 0.0939 -0.2892
vn -0.2787 0.0847 -0.9566
vn -0.9524 0.2889 0.0976
vn -0.0913 0.0285 0.9954
vn -0.9523 0.2892 -0.0976
vn -0.9160 0.2781 -0.2893
vn -0.8448 0.2563 -0.4698
vn -0.6088 0.1847 0.7715
vn -0.7420 0.2246 0.6317
vn -0.6083 0.1848 -0.7719
vn -0.9162 0.2777 0.2888
vn -0.5618 0.2997 0.7711
vn -0.6828 0.3653 -0.6327
vn -0.6833 0.3651 0.6323
vn -0.5611 0.2999 -0.7715
vn -0.4155 0.2233 -0.8818
vn -0.8444 0.4511 0.2889
vn -0.2575 0.1373 -0.9565
vn -0.0880 0.0464 0.9950
vn -0.0880 0.0464 -0.9950
vn -0.8775 0.4696 -0.0976
vn -0.8439 0.4518 -0.2894
vn -0.7695 0.6312 0.0975
vn -0.0742 0.0624 -0.9953
vn -0.7688 0.6319 -0.0976
vn -0.2267 0.1849 0.9562
vn -0.7396 0.6078 -0.2892
vn -0.3650 0.3004 0.8812
vn -0.6823 0.5601 -0.4698
vn -0.4920 0.4036 0.7714
vn -0.5978 0.4919 -0.6330
vn -0.5992 0.4913 0.6321
vn -0.4924 0.4035 -0.7712
vn -0.3654 0.3002 -0.8811
vn -0.7406 0.6067 0.2887
vn -0.2280 0.1848 -0.9560
vn -0.4914 0.5988 -0.6324
vn -0.4918 0.5987 0.6322
vn -0.4025 0.4920 -0.7719
vn -0.5604 0.6823 0.4696
vn -0.3005 0.3658 -0.8808
vn -0.6073 0.7400 0.2890
vn -0.0636 0.0760 -0.9951
vn -0.6318 0.7690 -0.0975
vn -0.2997 0.3659 0.8811
vn -0.1395 0.2570 0.9563
vn -0.4506 0.8446 -0.2891
vn -0.2241 0.4173 0.8807
vn -0.2991 0.5613 0.7717
vn -0.3658 0.6830 -0.6322
vn -0.3653 0.6832 0.6324
vn -0.2995 0.5612 -0.7716
vn -0.4164 0.7785 0.4696
vn -0.2241 0.4172 -0.8807
vn -0.4514 0.8442 0.2890
vn -0.1353 0.2572 -0.9568
vn -0.1390 0.4528 -0.8807
vn -0.2780 0.9161 0.2890
vn -0.0831 0.2790 -0.9567
vn -0.2893 0.9523 0.0975
vn -0.0326 0.0941 0.9950
vn -0.0277 0.0941 -0.9952
vn -0.2889 0.9524 -0.0975
vn -0.2777 0.9162 -0.2891
vn -0.1372 0.4529 0.8810
vn -0.2554 0.8450 -0.4698
vn -0.2259 0.7411 -0.6323
vn -0.2246 0.7414 0.6324
vn -0.0266 0.2901 0.9566
vn -0.0938 0.9527 -0.2890
vn -0.0861 0.8786 -0.4697
vn -0.0757 0.7710 -0.6324
vn -0.0621 0.6332 -0.7715
vn -0.0863 0.8786 0.4697
vn -0.0450 0.4710 -0.8810
vn -0.0940 0.9527 0.2890
vn -0.0260 0.2901 -0.9566
vn -0.0973 0.9905 0.0975
vn -0.0066 0.0978 -0.9952
vn -0.0978 0.9904 -0.0975
vn 0.0299 0.2901 0.9565
vn 0.0938 0.9527 -0.2890
vn 0.0465 0.4710 0.8809
vn 0.0627 0.6332 0.7715
vn 0.0755 0.7709 0.6324
vn 0.0641 0.6331 -0.7714
vn 0.0490 0.4709 -0.8808
vn 0.0938 0.9527 0.2890
vn 0.0314 0.2902 -0.9565
vn 0.0973 0.9905 0.0975
vn 0.0077 0.0979 -0.9952
vn 0.2891 0.9523 0.0975
vn 0.0322 0.0941 -0.9950
vn 0.2886 0.9525 -0.0976
vn 0.0852 0.2789 0.9565
vn 0.2783 0.9160 -0.2890
vn 0.1389 0.4527 0.8808
vn 0.2562 0.8448 -0.4697
vn 0.2238 0.7415 -0.6326
vn 0.2257 0.7411 0.6323
vn 0.2566 0.8448 0.4696
vn 0.1362 0.4529 -0.8811
vn 0.3650 0.6833 -0.6324
vn 0.3646 0.6833 0.6325
vn 0.2995 0.5611 -0.7716
vn 0.2257 0.4171 -0.8804
vn 0.1377 0.2571 -0.9565
vn 0.4686 0.8780 0.0976
vn 0.0522 0.0867 0.9949
vn 0.0448 0.0867 -0.9952
vn 0.4690 0.8778 -0.0976
vn 0.6305 0.7700 -0.0976
vn 0.6078 0.7397 -0.2889
vn 0.3008 0.3657 0.8808
vn 0.5597 0.6826 -0.4699
vn 0.4040 0.4917 0.7714
vn 0.4921 0.5985 -0.6321
vn 0.6067 0.7405 0.2892
vn 0.1795 0.2255 -0.9576
vn 0.6316 0.7692 0.0975
vn 0.4915 0.4036 -0.7717
vn 0.6822 0.5603 0.4698
vn 0.3661 0.3002 -0.8808
vn 0.7401 0.6073 0.2890
vn 0.2249 0.1851 -0.9566
vn 0.0782 0.0623 -0.9950
vn 0.7693 0.6314 -0.0975
vn 0.2260 0.1848 0.9564
vn 0.7402 0.6071 -0.2890
vn 0.3650 0.3003 0.8813
vn 0.6822 0.5602 -0.4699
vn 0.4906 0.4040 0.7721
vn 0.5989 0.4914 -0.6323
vn 0.5983 0.4917 0.6327
vn 0.2575 0.1374 0.9564
vn 0.8444 0.4511 -0.2890
vn 0.4184 0.2229 0.8805
vn 0.6830 0.3652 -0.6325
vn 0.5619 0.2996 -0.7710
vn 0.7787 0.4161 0.4695
vn 0.4169 0.2232 -0.8812
vn 0.2544 0.1374 -0.9573
vn 0.8446 0.2564 0.4701
vn 0.4532 0.1373 -0.8808
vn 0.9160 0.2780 0.2891
vn 0.2787 0.0847 -0.9566
vn 0.0929 0.0285 -0.9953
vn 0.8452 0.2561 -0.4691
vn 0.7406 0.2251 0.6331
vn 0.6097 0.1845 -0.7708
vn 0.9527 0.0939 -0.2890
vn 0.8786 0.0865 -0.4697
vn 0.7710 0.0760 -0.6322
vn 0.7707 0.0759 0.6327
vn 0.8785 0.0865 0.4699
vn 0.9527 0.0938 0.2891
vn 0.2901 0.0285 -0.9566
vn 0.9904 0.0975 0.0976
vn 0.9904 0.0978 -0.0977
vn 0.4701 -0.0464 -0.8814
vn 0.2901 -0.0285 -0.9566
vn 0.9904 -0.0976 -0.0975
vn 0.2900 -0.0286 0.9566
vn 0.9528 -0.0938 -0.2889
vn 0.4707 -0.0464 0.8811
vn 0.7711 -0.0760 -0.6322
vn 0.7713 -0.0758 0.6319
vn 0.6341 -0.0624 -0.7707
vn 0.8789 -0.0864 0.4692
vn 0.4520 -0.1375 0.8814
vn 0.8452 -0.2561 -0.4691
vn 0.6091 -0.1847 0.7713
vn 0.7418 -0.2247 -0.6318
vn 0.6090 -0.1846 -0.7714
vn 0.8449 -0.2562 0.4695
vn 0.4545 -0.1372 -0.8801
vn 0.9160 -0.2781 0.2892
vn 0.9524 -0.2890 -0.0976
vn 0.2807 -0.0846 0.9561
vn 0.9163 -0.2775 -0.2887
vn 0.8440 -0.4517 0.2892
vn 0.2590 -0.1372 -0.9561
vn 0.8777 -0.4692 0.0976
vn 0.0848 -0.0464 0.9953
vn 0.0864 -0.0464 -0.9952
vn 0.8774 -0.4697 -0.0976
vn 0.8448 -0.4507 -0.2886
vn 0.4184 -0.2229 0.8805
vn 0.5605 -0.3000 0.7719
vn 0.6833 -0.3651 -0.6323
vn 0.5619 -0.2997 -0.7710
vn 0.7783 -0.4164 0.4699
vn 0.4169 -0.2232 -0.8812
vn 0.4913 -0.4038 0.7717
vn 0.5989 -0.4915 -0.6323
vn 0.5983 -0.4917 0.6327
vn 0.4924 -0.4034 -0.7713
vn 0.7400 -0.6073 0.2890
vn 0.2280 -0.1849 -0.9559
vn 0.0718 -0.0624 -0.9955
vn 0.2260 -0.1848 0.9564
vn 0.1850 -0.2253 -0.9566
vn 0.6317 -0.7691 0.0975
vn 0.0660 -0.0760 -0.9949
vn 0.6307 -0.7699 -0.0976
vn 0.2997 -0.3658 0.8811
vn 0.5602 -0.6823 -0.4697
vn 0.4032 -0.4919 0.7716
vn 0.4921 -0.5985 -0.6321
vn 0.5594 -0.6828 0.4699
vn 0.6067 -0.7405 0.2892
vn 0.3650 -0.6833 -0.6324
vn 0.3005 -0.5610 -0.7714
vn 0.2225 -0.4174 -0.8810
vn 0.4509 -0.8445 0.2891
vn 0.1377 -0.2571 -0.9565
vn 0.0522 -0.0867 0.9949
vn 0.0448 -0.0867 -0.9952
vn 0.4695 -0.8775 -0.0975
vn 0.1395 -0.2571 0.9563
vn 0.2236 -0.4173 0.8808
vn 0.0322 -0.0941 -0.9950
vn 0.0831 -0.2790 0.9567
vn 0.1356 -0.4530 0.8812
vn 0.2562 -0.8448 -0.4697
vn 0.1845 -0.6088 0.7715
vn 0.2246 -0.7414 0.6324
vn 0.1851 -0.6088 -0.7715
vn 0.2559 -0.8449 0.4697
vn 0.1394 -0.4527 -0.8807
vn 0.2774 -0.9162 0.2891
vn 0.0847 -0.2790 -0.9566
vn 0.0759 -0.7709 0.6324
vn 0.0619 -0.6331 -0.7716
vn 0.0871 -0.8785 0.4696
vn 0.0498 -0.4709 -0.8808
vn 0.0271 -0.2902 -0.9566
vn 0.0055 -0.0979 -0.9952
vn 0.0299 -0.2901 0.9565
vn 0.0938 -0.9527 -0.2890
vn 0.0465 -0.4710 0.8809
vn 0.0860 -0.8786 -0.4697
vn 0.0627 -0.6331 0.7715
vn 0.0753 -0.7710 -0.6324
vn -0.0305 -0.2901 0.9565
vn -0.0937 -0.9527 -0.2890
vn -0.0465 -0.4710 0.8809
vn -0.0627 -0.6332 0.7715
vn -0.0750 -0.7710 -0.6324
vn -0.0619 -0.6332 -0.7715
vn -0.0488 -0.4709 -0.8808
vn -0.0936 -0.9527 0.2890
vn -0.0261 -0.2901 -0.9566
vn -0.0130 -0.0979 0.9951
vn -0.0055 -0.0979 -0.9952
vn -0.1851 -0.6088 -0.7714
vn -0.1374 -0.4528 -0.8810
vn -0.2774 -0.9162 0.2891
vn -0.0851 -0.2790 -0.9565
vn -0.2887 -0.9524 0.0975
vn -0.0322 -0.0941 -0.9950
vn -0.2889 -0.9524 -0.0975
vn -0.0831 -0.2790 0.9567
vn -0.1389 -0.4527 0.8808
vn -0.2572 -0.8446 -0.4696
vn -0.1854 -0.6087 0.7714
vn -0.4511 -0.8444 -0.2890
vn -0.2999 -0.5610 0.7715
vn -0.3650 -0.6833 -0.6324
vn -0.2995 -0.5611 -0.7716
vn -0.2233 -0.4173 -0.8809
vn -0.0448 -0.0867 -0.9952
vn -0.4695 -0.8775 -0.0975
vn -0.2990 -0.3660 -0.8813
vn -0.6315 -0.7692 0.0976
vn -0.6305 -0.7700 -0.0976
vn -0.6078 -0.7397 -0.2889
vn -0.3008 -0.3657 0.8808
vn -0.5602 -0.6824 -0.4696
vn -0.4032 -0.4919 0.7716
vn -0.4044 -0.4916 -0.7712
vn -0.7408 -0.6065 -0.2887
vn -0.6826 -0.5599 -0.4696
vn -0.4913 -0.4038 0.7717
vn -0.5984 -0.4916 -0.6327
vn -0.5992 -0.4912 0.6322
vn -0.4915 -0.4036 -0.7717
vn -0.6822 -0.5603 0.4698
vn -0.3654 -0.3003 -0.8811
vn -0.7401 -0.6072 0.2890
vn -0.2280 -0.1849 -0.9559
vn -0.7689 -0.6319 0.0976
vn -0.0750 -0.0624 -0.9952
vn -0.7698 -0.6307 -0.0975
vn -0.2236 -0.1849 0.9570
vn -0.4182 -0.2230 -0.8805
vn -0.8442 -0.4514 0.2891
vn -0.2560 -0.1374 -0.9569
vn -0.8444 -0.4511 -0.2890
vn -0.7788 -0.4161 -0.4695
vn -0.5605 -0.3000 0.7719
vn -0.6833 -0.3652 0.6323
vn -0.5611 -0.2998 -0.7715
vn -0.7783 -0.4164 0.4699
vn -0.8451 -0.2562 -0.4693
vn -0.7419 -0.2246 -0.6318
vn -0.7413 -0.2248 0.6324
vn -0.6094 -0.1845 -0.7711
vn -0.8449 -0.2561 0.4695
vn -0.4519 -0.1374 -0.8814
vn -0.9158 -0.2783 0.2895
vn -0.2772 -0.0848 -0.9571
vn -0.2784 -0.0846 0.9567
vn -0.9162 -0.2777 -0.2889
vn -0.4538 -0.1372 0.8805
vn -0.2901 -0.0285 -0.9566
vn -0.0974 -0.0097 0.9952
vn -0.0962 -0.0097 -0.9953
vn -0.9529 -0.0938 -0.2886
vn -0.4712 -0.0463 0.8808
vn -0.8784 -0.0866 -0.4701
vn -0.7703 -0.0760 0.6332
vn -0.8788 -0.0864 0.4693
vn -0.4719 -0.0464 -0.8804
vn -0.9527 -0.0938 0.2891
vn -0.7707 0.0759 0.6327
vn -0.8786 0.0865 0.4697
vn -0.2901 0.0285 -0.9566
vn -0.0994 0.0097 -0.9950
vn -0.9904 0.0977 -0.0977
vn -0.9528 0.0938 -0.2887
vn -0.4703 0.0463 0.8813
vn -0.0929 0.0285 -0.9953
vn -0.9524 0.2890 -0.0976
vn -0.9161 0.2779 -0.2891
vn -0.4520 0.1374 0.8814
vn -0.8450 0.2561 -0.4695
vn -0.6079 0.1849 0.7722
vn -0.7413 0.2248 -0.6324
vn -0.6097 0.1845 -0.7708
vn -0.4532 0.1374 -0.8807
vn -0.9160 0.2780 0.2892
vn -0.2772 0.0848 -0.9571
vn -0.6832 0.3652 0.6323
vn -0.7786 0.4161 0.4697
vn -0.8440 0.4517 0.2892
vn -0.2560 0.1374 -0.9569
vn -0.8776 0.4693 0.0976
vn -0.8774 0.4697 -0.0976
vn -0.2591 0.1374 0.9560
vn -0.8448 0.4507 -0.2886
vn -0.7788 0.4161 -0.4695
vn -0.0782 0.0623 0.9950
vn -0.0750 0.0624 -0.9952
vn -0.7699 0.6307 -0.0974
vn -0.2260 0.1848 0.9564
vn -0.7399 0.6074 -0.2891
vn -0.3660 0.3002 0.8809
vn -0.4913 0.4038 0.7717
vn -0.5989 0.4915 -0.6323
vn -0.4915 0.4036 -0.7717
vn -0.6825 0.5600 0.4696
vn -0.3654 0.3003 -0.8811
vn -0.7400 0.6073 0.2890
vn -0.2249 0.1851 -0.9566
vn -0.7690 0.6317 0.0976
vn -0.2998 0.3659 -0.8811
vn -0.6069 0.7403 0.2891
vn -0.6317 0.7691 0.0975
vn -0.6310 0.7696 -0.0976
vn -0.1861 0.2253 0.9564
vn -0.3018 0.3656 0.8805
vn -0.4921 0.5985 -0.6321
vn -0.2999 0.5610 0.7715
vn -0.3650 0.6833 -0.6324
vn -0.3653 0.6831 0.6324
vn -0.2995 0.5611 -0.7716
vn -0.4509 0.8445 0.2891
vn -0.1369 0.2570 -0.9567
vn -0.4691 0.8777 0.0975
vn -0.0448 0.0867 -0.9952
vn -0.2559 0.8449 0.4697
vn -0.1354 0.4529 -0.8812
vn -0.0847 0.2790 -0.9566
vn -0.2887 0.9524 0.0976
vn -0.0302 0.0941 -0.9951
vn -0.0852 0.2790 0.9565
vn -0.1849 0.6088 0.7714
vn -0.2242 0.7414 -0.6325
vn -0.2239 0.7415 0.6325
vn -0.0939 0.9527 -0.2890
vn -0.0480 0.4709 0.8809
vn -0.0871 0.8785 -0.4697
vn -0.0615 0.6332 0.7716
vn -0.0759 0.7709 -0.6324
vn -0.0626 0.6331 -0.7715
vn -0.0858 0.8786 0.4697
vn -0.0444 0.4710 -0.8810
vn -0.0291 0.2901 -0.9566
vn -0.0100 0.0979 -0.9951
vn -0.0295 0.2901 0.9565
vn 0.0976 0.9904 0.0976
vn 0.0975 0.9904 -0.0976
vn 0.0261 0.2901 0.9566
vn 0.0498 0.4709 0.8808
vn 0.0864 0.8786 -0.4697
vn 0.0617 0.6332 0.7715
vn 0.0755 0.7709 -0.6324
vn 0.0762 0.7709 0.6324
vn 0.0611 0.6332 -0.7716
vn 0.0861 0.8786 0.4697
vn 0.0448 0.4710 -0.8810
vn 0.0939 0.9527 0.2890
vn 0.0301 0.2901 -0.9565
vn 0.0823 0.2790 -0.9568
vn 0.2889 0.9524 0.0975
vn 0.0847 0.2789 0.9566
vn 0.2777 0.9162 -0.2890
vn 0.1394 0.4528 0.8807
vn 0.2559 0.8449 -0.4697
vn 0.1835 0.6090 0.7717
vn 0.2250 0.7413 -0.6324
vn 0.2259 0.7411 0.6322
vn 0.1850 0.6088 -0.7715
vn 0.2572 0.8446 0.4695
vn 0.1372 0.4528 -0.8810
vn 0.4158 0.7787 -0.4698
vn 0.2995 0.5612 0.7716
vn 0.3646 0.6833 -0.6325
vn 0.3658 0.6830 0.6322
vn 0.2999 0.5611 -0.7715
vn 0.4162 0.7786 0.4697
vn 0.2241 0.4172 -0.8807
vn 0.4517 0.8441 0.2890
vn 0.1371 0.2571 -0.9566
vn 0.4692 0.8777 0.0975
vn 0.1369 0.2571 0.9566
vn 0.2225 0.4174 0.8811
vn 0.1861 0.2253 -0.9564
vn 0.6317 0.7691 0.0975
vn 0.6313 0.7694 -0.0976
vn 0.1873 0.2252 0.9561
vn 0.6071 0.7402 -0.2891
vn 0.2998 0.3659 0.8811
vn 0.5604 0.6823 -0.4696
vn 0.4044 0.4916 0.7712
vn 0.4912 0.5989 -0.6325
vn 0.4915 0.5988 0.6324
vn 0.4040 0.4917 -0.7714
vn 0.5602 0.6824 0.4696
vn 0.2997 0.3659 -0.8811
vn 0.6074 0.7400 0.2890
vn 0.4924 0.4034 0.7712
vn 0.5987 0.4915 -0.6324
vn 0.5990 0.4913 0.6323
vn 0.4913 0.4037 -0.7718
vn 0.6819 0.5604 0.4700
vn 0.3660 0.3002 -0.8809
vn 0.7399 0.6075 0.2891
vn 0.2260 0.1849 -0.9564
vn 0.7692 0.6315 0.0976
vn 0.2265 0.1849 0.9563
vn 0.7396 0.6077 -0.2892
vn 0.3668 0.3001 0.8806
vn 0.6827 0.5598 -0.4695
vn 0.8777 0.4692 0.0975
vn 0.8780 0.4687 -0.0974
vn 0.8441 0.4515 -0.2892
vn 0.4169 0.2232 0.8811
vn 0.7789 0.4160 -0.4694
vn 0.5615 0.2998 0.7713
vn 0.6824 0.3655 -0.6330
vn 0.6842 0.3647 0.6315
vn 0.5605 0.3000 -0.7719
vn 0.4174 0.2230 -0.8809
vn 0.8443 0.4512 0.2890
vn 0.7414 0.2248 -0.6323
vn 0.7419 0.2247 0.6318
vn 0.6088 0.1847 -0.7715
vn 0.4538 0.1373 -0.8805
vn 0.9161 0.2780 0.2891
vn 0.2791 0.0846 -0.9565
vn 0.9524 0.2887 0.0975
vn 0.9523 0.2891 -0.0976
vn 0.2787 0.0846 0.9566
vn 0.9161 0.2779 -0.2890
vn 0.4525 0.1374 0.8811
vn 0.6094 0.1846 0.7711
vn 0.2916 0.0285 0.9561
vn 0.9526 0.0939 -0.2893
vn 0.4714 0.0464 0.8807
vn 0.8788 0.0865 -0.4693
vn 0.6338 0.0623 0.7710
vn 0.7707 0.0760 -0.6327
vn 0.7710 0.0759 0.6322
vn 0.6325 0.0624 -0.7720
vn 0.4712 0.0464 -0.8808
vn 0.9527 0.0938 0.2890
vn 0.2892 0.0286 -0.9568
vn 0.6331 -0.0624 -0.7716
vn 0.4707 -0.0464 -0.8811
vn 0.9527 -0.0938 0.2889
vn 0.2892 -0.0286 -0.9568
vn 0.9904 -0.0975 0.0975
vn 0.9904 -0.0975 -0.0975
vn 0.2916 -0.0285 0.9561
vn 0.9526 -0.0939 -0.2893
vn 0.4714 -0.0464 0.8807
vn 0.8784 -0.0866 -0.4701
vn 0.6338 -0.0623 0.7710
vn 0.7704 -0.0760 -0.6330
vn 0.7710 -0.0759 0.6322
vn 0.2787 -0.0846 0.9566
vn 0.9158 -0.2784 -0.2895
vn 0.4532 -0.1374 0.8808
vn 0.8449 -0.2562 -0.4695
vn 0.6097 -0.1845 0.7708
vn 0.7413 -0.2248 -0.6324
vn 0.7416 -0.2247 0.6320
vn 0.6082 -0.1848 -0.7720
vn 0.8449 -0.2563 0.4696
vn 0.4529 -0.1374 -0.8809
vn 0.9163 -0.2776 0.2887
vn 0.2776 -0.0846 -0.9570
vn 0.9523 -0.2891 0.0976
vn 0.9523 -0.2890 -0.0976
vn 0.7782 -0.4165 0.4701
vn 0.4174 -0.2231 -0.8809
vn 0.2560 -0.1375 -0.9569
vn 0.8778 -0.4690 0.0975
vn 0.8778 -0.4690 -0.0975
vn 0.2544 -0.1375 0.9573
vn 0.8440 -0.4516 -0.2893
vn 0.4182 -0.2229 0.8806
vn 0.7789 -0.4160 -0.4694
vn 0.5611 -0.2999 0.7715
vn 0.6824 -0.3655 -0.6330
vn 0.6837 -0.3649 0.6319
vn 0.5605 -0.3001 -0.7719
vn 0.7397 -0.6076 -0.2892
vn 0.3654 -0.3002 0.8811
vn 0.6822 -0.5602 -0.4699
vn 0.4923 -0.4035 0.7712
vn 0.5987 -0.4915 -0.6324
vn 0.5995 -0.4911 0.6319
vn 0.4920 -0.4035 -0.7714
vn 0.6823 -0.5602 0.4697
vn 0.3660 -0.3002 -0.8809
vn 0.7396 -0.6078 0.2892
vn 0.2267 -0.1849 -0.9562
vn 0.7693 -0.6314 0.0975
vn 0.7695 -0.6312 -0.0975
vn 0.2280 -0.1848 0.9560
vn 0.2997 -0.3659 -0.8811
vn 0.6078 -0.7397 0.2889
vn 0.1861 -0.2253 -0.9564
vn 0.6317 -0.7690 -0.0975
vn 0.1826 -0.2255 0.9570
vn 0.6071 -0.7401 -0.2891
vn 0.3013 -0.3657 0.8806
vn 0.5599 -0.6825 -0.4698
vn 0.4025 -0.4921 0.7719
vn 0.4912 -0.5989 -0.6325
vn 0.4921 -0.5986 0.6321
vn 0.4040 -0.4917 -0.7714
vn 0.5597 -0.6827 0.4698
vn 0.2233 -0.4173 0.8809
vn 0.4158 -0.7787 -0.4698
vn 0.2995 -0.5612 0.7716
vn 0.3646 -0.6834 -0.6325
vn 0.3658 -0.6830 0.6322
vn 0.4162 -0.7786 0.4697
vn 0.2219 -0.4174 -0.8812
vn 0.4517 -0.8441 0.2890
vn 0.1363 -0.2571 -0.9567
vn 0.4692 -0.8777 0.0975
vn 0.4690 -0.8778 -0.0976
vn 0.1425 -0.2569 0.9559
vn 0.4511 -0.8444 -0.2890
vn 0.2891 -0.9523 0.0975
vn 0.2887 -0.9524 -0.0976
vn 0.0847 -0.2789 0.9566
vn 0.1362 -0.4530 0.8811
vn 0.2559 -0.8449 -0.4697
vn 0.1851 -0.6088 0.7715
vn 0.2243 -0.7414 -0.6325
vn 0.2251 -0.7412 0.6324
vn 0.1850 -0.6088 -0.7715
vn 0.2568 -0.8447 0.4696
vn 0.1372 -0.4529 -0.8810
vn 0.0864 -0.8786 -0.4697
vn 0.0617 -0.6332 0.7715
vn 0.0755 -0.7709 -0.6324
vn 0.0753 -0.7709 0.6324
vn 0.0629 -0.6331 -0.7715
vn 0.0869 -0.8785 0.4697
vn 0.0458 -0.4710 -0.8810
vn 0.0939 -0.9527 0.2890
vn 0.0313 -0.2901 -0.9565
vn 0.0976 -0.9904 0.0975
vn 0.0977 -0.9904 -0.0975
vn 0.0326 -0.2901 0.9564
vn 0.0940 -0.9527 -0.2890
vn -0.0299 -0.2901 -0.9565
vn -0.0976 -0.9904 0.0975
vn -0.0975 -0.9904 -0.0976
vn -0.0326 -0.2901 0.9564
vn -0.0938 -0.9527 -0.2890
vn -0.0465 -0.4709 0.8809
vn -0.0864 -0.8786 -0.4697
vn -0.0617 -0.6332 0.7715
vn -0.0755 -0.7710 -0.6324
vn -0.0753 -0.7710 0.6324
vn -0.0629 -0.6331 -0.7715
vn -0.0871 -0.8785 0.4697
vn -0.0435 -0.4710 -0.8811
vn -0.0939 -0.9527 0.2890
vn -0.2243 -0.7414 -0.6325
vn -0.2251 -0.7413 0.6324
vn -0.1832 -0.6090 -0.7717
vn -0.2561 -0.8448 0.4697
vn -0.1372 -0.4529 -0.8810
vn -0.0864 -0.2789 -0.9564
vn -0.2892 -0.9523 0.0975
vn -0.2889 -0.9524 -0.0976
vn -0.0847 -0.2789 0.9566
vn -0.2777 -0.9161 -0.2891
vn -0.1362 -0.4530 0.8811
vn -0.2559 -0.8449 -0.4697
vn -0.1851 -0.6088 0.7715
vn -0.4690 -0.8778 -0.0976
vn -0.1369 -0.2571 0.9566
vn -0.4508 -0.8445 -0.2891
vn -0.2225 -0.4174 0.8811
vn -0.4158 -0.7787 -0.4698
vn -0.2995 -0.5612 0.7716
vn -0.3653 -0.6832 -0.6324
vn -0.3658 -0.6830 0.6322
vn -0.3007 -0.5609 -0.7713
vn -0.4162 -0.7786 0.4697
vn -0.2241 -0.4172 -0.8807
vn -0.1395 -0.2570 -0.9563
vn -0.4692 -0.8777 0.0975
vn -0.4914 -0.5988 0.6324
vn -0.4040 -0.4917 -0.7714
vn -0.5602 -0.6824 0.4696
vn -0.2997 -0.3659 -0.8811
vn -0.6076 -0.7398 0.2890
vn -0.1861 -0.2253 -0.9564
vn -0.6314 -0.7693 0.0975
vn -0.6316 -0.7691 -0.0975
vn -0.1826 -0.2255 0.9570
vn -0.6072 -0.7401 -0.2891
vn -0.2990 -0.3660 0.8813
vn -0.5604 -0.6823 -0.4696
vn -0.4034 -0.4918 0.7716
vn -0.4912 -0.5989 -0.6325
vn -0.7693 -0.6314 -0.0975
vn -0.2257 -0.1849 0.9565
vn -0.7397 -0.6076 -0.2892
vn -0.3668 -0.3001 0.8806
vn -0.6825 -0.5600 -0.4696
vn -0.4924 -0.4034 0.7712
vn -0.5977 -0.4919 -0.6330
vn -0.5990 -0.4914 0.6323
vn -0.4920 -0.4035 -0.7714
vn -0.6823 -0.5601 0.4698
vn -0.3650 -0.3004 -0.8812
vn -0.7396 -0.6078 0.2892
vn -0.2260 -0.1849 -0.9564
vn -0.5608 -0.3000 -0.7717
vn -0.4174 -0.2231 -0.8809
vn -0.2575 -0.1374 -0.9564
vn -0.8778 -0.4691 0.0975
vn -0.8777 -0.4692 -0.0976
vn -0.4182 -0.2230 0.8805
vn -0.7789 -0.4160 -0.4694
vn -0.5611 -0.2999 0.7715
vn -0.6822 -0.3656 -0.6331
vn -0.6837 -0.3649 0.6319
vn -0.2787 -0.0846 0.9566
vn -0.9160 -0.2781 -0.2892
vn -0.8447 -0.2564 -0.4699
vn -0.6097 -0.1845 0.7708
vn -0.7415 -0.2248 -0.6322
vn -0.7419 -0.2247 0.6318
vn -0.4529 -0.1374 -0.8809
vn -0.2791 -0.0846 -0.9565
vn -0.4712 -0.0464 -0.8808
vn -0.9527 -0.0938 0.2890
vn -0.2892 -0.0286 -0.9568
vn -0.2916 -0.0286 0.9561
vn -0.4714 -0.0464 0.8807
vn -0.8788 -0.0865 -0.4693
vn -0.6338 -0.0623 0.7710
vn -0.7707 -0.0760 -0.6327
vn -0.7710 -0.0759 0.6322
vn -0.6325 -0.0624 -0.7720
vn -0.9526 0.0939 -0.2893
vn -0.4714 0.0464 0.8807
vn -0.8784 0.0866 -0.4701
vn -0.6338 0.0623 0.7710
vn -0.7704 0.0760 -0.6330
vn -0.7710 0.0759 0.6322
vn -0.6329 0.0624 -0.7717
vn -0.8788 0.0864 0.4692
vn -0.4707 0.0464 -0.8811
vn -0.9528 0.0937 0.2887
vn -0.2892 0.0286 -0.9568
vn -0.9905 0.0974 0.0975
vn -0.9904 0.0975 -0.0975
vn -0.2916 0.0286 0.9561
vn -0.4529 0.1374 -0.8809
vn -0.9163 0.2775 0.2886
vn -0.2791 0.0846 -0.9565
vn -0.9524 0.2888 0.0975
vn -0.9523 0.2890 -0.0976
vn -0.2787 0.0846 0.9566
vn -0.9160 0.2780 -0.2891
vn -0.4532 0.1374 0.8808
vn -0.8447 0.2563 -0.4698
vn -0.6094 0.1846 0.7711
vn -0.7418 0.2247 0.6318
vn -0.6088 0.1847 -0.7715
vn -0.8449 0.2562 0.4696
vn -0.7787 0.4161 -0.4695
vn -0.5627 0.2996 0.7705
vn -0.6824 0.3655 -0.6330
vn -0.6842 0.3647 0.6315
vn -0.5605 0.3000 -0.7719
vn -0.7788 0.4160 0.4695
vn -0.4165 0.2232 -0.8813
vn -0.8777 0.4691 0.0975
vn -0.2590 0.1374 0.9561
vn -0.8443 0.4512 -0.2890
vn -0.4169 0.2231 0.8812
vn -0.2260 0.1849 -0.9564
vn -0.7697 0.6310 -0.0975
vn -0.2218 0.1851 0.9574
vn -0.7395 0.6079 -0.2893
vn -0.3654 0.3002 0.8811
vn -0.6822 0.5602 -0.4699
vn -0.4923 0.4035 0.7712
vn -0.5987 0.4915 -0.6324
vn -0.5990 0.4913 0.6323
vn -0.4913 0.4038 -0.7718
vn -0.6823 0.5601 0.4698
vn -0.3650 0.3004 -0.8812
vn -0.7402 0.6071 0.2889
vn -0.4025 0.4921 0.7719
vn -0.4912 0.5989 -0.6325
vn -0.4914 0.5988 0.6324
vn -0.4040 0.4917 -0.7714
vn -0.5597 0.6826 0.4698
vn -0.3018 0.3656 -0.8805
vn -0.1845 0.2254 -0.9567
vn -0.6317 0.7690 0.0975
vn -0.6316 0.7691 -0.0975
vn -0.1889 0.2251 0.9558
vn -0.6070 0.7403 -0.2891
vn -0.2990 0.3660 0.8813
vn -0.5599 0.6825 -0.4697
vn -0.4689 0.8779 0.0976
vn -0.4691 0.8777 -0.0975
vn -0.1361 0.2571 0.9567
vn -0.4511 0.8444 -0.2890
vn -0.2225 0.4174 0.8811
vn -0.4164 0.7785 -0.4696
vn -0.3005 0.5610 0.7714
vn -0.3646 0.6833 -0.6325
vn -0.3658 0.6830 0.6322
vn -0.2999 0.5611 -0.7715
vn -0.4162 0.7786 0.4697
vn -0.2241 0.4173 -0.8807
vn -0.4517 0.8441 0.2890
vn -0.1363 0.2572 -0.9567
vn -0.2243 0.7414 -0.6325
vn -0.2251 0.7412 0.6324
vn -0.1858 0.6087 -0.7713
vn -0.2568 0.8447 0.4696
vn -0.1372 0.4529 -0.8810
vn -0.2783 0.9160 0.2890
vn -0.2889 0.9524 0.0975
vn -0.2887 0.9524 -0.0976
vn -0.0839 0.2790 0.9566
vn -0.1362 0.4530 0.8811
vn -0.2556 0.8450 -0.4698
vn -0.1829 0.6090 0.7718
vn -0.0975 0.9904 -0.0975
vn -0.0261 0.2901 0.9566
vn -0.0940 0.9527 -0.2890
vn -0.0462 0.4709 0.8810
vn -0.0631 0.6331 0.7715
vn -0.0763 0.7709 -0.6324
vn -0.0760 0.7709 0.6324
vn -0.0629 0.6331 -0.7715
vn -0.0869 0.8785 0.4697
vn -0.0458 0.4710 -0.8810
vn -0.0943 0.9527 0.2890
vn -0.0279 0.2901 -0.9566
vn -0.0976 0.9904 0.0975
vn 0.0326 0.2900 0.9565
vn 0.0747 0.7710 -0.6324
vn 0.0771 0.7708 0.6323
vn 0.0628 0.6331 -0.7715
vn 0.0869 0.8786 0.4697
vn 0.0480 0.4709 -0.8809
vn 0.0943 0.9527 0.2890
vn 0.0266 0.2901 -0.9566
vn 0.0976 0.9904 0.0975
vn 0.0852 0.2790 -0.9565
vn 0.2888 0.9524 0.0975
vn 0.2887 0.9524 -0.0976
vn 0.0847 0.2790 0.9566
vn 0.1362 0.4530 0.8811
vn 0.1851 0.6088 0.7715
vn 0.2243 0.7414 -0.6325
vn 0.2251 0.7413 0.6324
vn 0.2561 0.8448 0.4697
vn 0.2783 0.9160 0.2890
vn 0.3015 0.5608 0.7711
vn 0.3653 0.6832 -0.6323
vn 0.3658 0.6829 0.6323
vn 0.2991 0.5613 -0.7717
vn 0.2219 0.4175 -0.8812
vn 0.4511 0.8443 0.2891
vn 0.1395 0.2570 -0.9563
vn 0.4695 0.8775 0.0975
vn 0.1385 0.2571 0.9564
vn 0.4164 0.7785 -0.4696
vn 0.6306 0.7700 0.0976
vn 0.6320 0.7688 -0.0975
vn 0.1826 0.2254 0.9570
vn 0.6072 0.7401 -0.2891
vn 0.3020 0.3656 0.8804
vn 0.4034 0.4919 0.7716
vn 0.4906 0.5991 -0.6327
vn 0.4914 0.5989 0.6324
vn 0.4032 0.4919 -0.7717
vn 0.6078 0.7397 0.2889
vn 0.5983 0.4917 -0.6327
vn 0.4920 0.4035 -0.7714
vn 0.6821 0.5603 0.4699
vn 0.3660 0.3001 -0.8809
vn 0.7404 0.6070 0.2889
vn 0.2244 0.1851 -0.9568
vn 0.7697 0.6309 0.0975
vn 0.7690 0.6317 -0.0976
vn 0.2280 0.1847 0.9560
vn 0.3668 0.3000 0.8806
vn 0.6829 0.5598 -0.4694
vn 0.4924 0.4035 0.7712
vn 0.8777 0.4692 -0.0976
vn 0.2590 0.1374 0.9560
vn 0.8442 0.4513 -0.2891
vn 0.4182 0.2230 0.8805
vn 0.5611 0.2999 0.7715
vn 0.6837 0.3649 -0.6320
vn 0.6835 0.3650 0.6321
vn 0.7782 0.4165 0.4701
vn 0.4174 0.2231 -0.8809
vn 0.8444 0.4512 0.2889
vn 0.2560 0.1375 -0.9569
vn 0.8778 0.4691 0.0975
vn 0.7418 0.2247 0.6318
vn 0.8448 0.2562 0.4698
vn 0.4534 0.1373 -0.8807
vn 0.9161 0.2780 0.2890
vn 0.2784 0.0847 -0.9567
vn 0.9524 0.2888 0.0975
vn 0.9524 0.2889 -0.0976
vn 0.2787 0.0845 0.9567
vn 0.9159 0.2782 -0.2894
vn 0.4539 0.1372 0.8804
vn 0.8449 0.2563 -0.4695
vn 0.7409 0.2250 -0.6328
vn 0.2901 0.0286 0.9566
vn 0.9526 0.0940 -0.2893
vn 0.4701 0.0464 0.8814
vn 0.6338 0.0622 0.7710
vn 0.7711 0.0759 0.6322
vn 0.6336 0.0624 -0.7711
vn 0.9529 0.0936 0.2886
vn 0.6336 -0.0624 -0.7711
vn 0.8785 -0.0865 0.4699
vn 0.9529 -0.0936 0.2886
vn 0.2900 -0.0286 -0.9566
vn 0.9904 -0.0976 -0.0976
vn 0.2901 -0.0286 0.9566
vn 0.9526 -0.0940 -0.2893
vn 0.4701 -0.0464 0.8814
vn 0.8786 -0.0866 -0.4697
vn 0.6335 -0.0623 0.7713
vn 0.7714 -0.0758 0.6318
vn 0.9161 -0.2779 -0.2890
vn 0.8448 -0.2564 -0.4697
vn 0.6090 -0.1847 0.7714
vn 0.7406 -0.2251 -0.6331
vn 0.7420 -0.2246 0.6316
vn 0.6091 -0.1846 -0.7713
vn 0.8448 -0.2562 0.4698
vn 0.4520 -0.1375 -0.8814
vn 0.2776 -0.0847 -0.9570
vn 0.9525 -0.2886 0.0975
vn 0.2802 -0.0845 0.9562
vn 0.4165 -0.2232 -0.8813
vn 0.8444 -0.4511 0.2890
vn 0.2575 -0.1374 -0.9564
vn 0.8774 -0.4697 0.0976
vn 0.2575 -0.1375 0.9565
vn 0.8444 -0.4512 -0.2889
vn 0.4169 -0.2232 0.8812
vn 0.7784 -0.4163 -0.4699
vn 0.5603 -0.3001 0.7720
vn 0.5605 -0.3000 -0.7719
vn 0.7785 -0.4163 0.4698
vn 0.3661 -0.3001 0.8809
vn 0.6825 -0.5600 -0.4696
vn 0.4924 -0.4035 0.7712
vn 0.5995 -0.4911 0.6320
vn 0.4913 -0.4037 -0.7718
vn 0.6824 -0.5601 0.4697
vn 0.7402 -0.6071 0.2890
vn 0.2260 -0.1850 -0.9564
vn 0.7693 -0.6314 0.0976
vn 0.7690 -0.6317 -0.0976
vn 0.2265 -0.1847 0.9563
vn 0.7396 -0.6078 -0.2892
vn 0.6308 -0.7698 0.0976
vn 0.6316 -0.7691 -0.0975
vn 0.1889 -0.2251 0.9558
vn 0.6068 -0.7404 -0.2892
vn 0.3020 -0.3656 0.8804
vn 0.5604 -0.6823 -0.4696
vn 0.4025 -0.4920 0.7719
vn 0.4906 -0.5991 -0.6327
vn 0.4914 -0.5989 0.6324
vn 0.4164 -0.7785 -0.4696
vn 0.3005 -0.5610 0.7714
vn 0.3658 -0.6829 0.6323
vn 0.2999 -0.5611 -0.7715
vn 0.2219 -0.4175 -0.8812
vn 0.1387 -0.2570 -0.9564
vn 0.4690 -0.8778 -0.0975
vn 0.1305 -0.2573 0.9575
vn 0.4509 -0.8445 -0.2891
vn 0.2257 -0.4171 0.8804
vn 0.2887 -0.9524 -0.0975
vn 0.0847 -0.2791 0.9565
vn 0.2777 -0.9161 -0.2891
vn 0.2566 -0.8448 -0.4697
vn 0.2255 -0.7412 0.6323
vn 0.1372 -0.4528 -0.8810
vn 0.0617 -0.6332 0.7716
vn 0.0747 -0.7710 -0.6324
vn 0.0611 -0.6332 -0.7716
vn 0.0863 -0.8786 0.4697
vn 0.0480 -0.4709 -0.8809
vn 0.0936 -0.9527 0.2891
vn 0.0309 -0.2901 -0.9565
vn 0.0975 -0.9904 -0.0976
vn 0.0326 -0.2900 0.9565
vn 0.0459 -0.4710 0.8809
vn 0.0858 -0.8786 -0.4697
vn -0.0308 -0.2901 0.9565
vn -0.0933 -0.9528 -0.2890
vn -0.0481 -0.4709 0.8809
vn -0.0747 -0.7710 -0.6324
vn -0.0752 -0.7710 0.6324
vn -0.0628 -0.6331 -0.7715
vn -0.0861 -0.8786 0.4697
vn -0.0458 -0.4710 -0.8810
vn -0.2250 -0.7413 -0.6324
vn -0.2259 -0.7411 0.6323
vn -0.1841 -0.6089 -0.7716
vn -0.2568 -0.8447 0.4696
vn -0.1372 -0.4528 -0.8810
vn -0.0843 -0.2790 -0.9566
vn -0.2888 -0.9524 0.0975
vn -0.2890 -0.9523 -0.0975
vn -0.4691 -0.8777 -0.0975
vn -0.2233 -0.4173 0.8809
vn -0.3015 -0.5608 0.7711
vn -0.3646 -0.6833 -0.6326
vn -0.3658 -0.6829 0.6323
vn -0.2999 -0.5611 -0.7715
vn -0.4162 -0.7785 0.4697
vn -0.2219 -0.4175 -0.8812
vn -0.1371 -0.2571 -0.9566
vn -0.4690 -0.8778 0.0976
vn -0.4040 -0.4916 -0.7714
vn -0.5607 -0.6821 0.4694
vn -0.6074 -0.7400 0.2890
vn -0.6306 -0.7699 0.0976
vn -0.6315 -0.7692 -0.0975
vn -0.1826 -0.2254 0.9570
vn -0.2990 -0.3659 0.8813
vn -0.4044 -0.4916 0.7712
vn -0.4906 -0.5991 -0.6327
vn -0.4907 -0.5992 0.6326
vn -0.2280 -0.1848 0.9560
vn -0.7396 -0.6077 -0.2892
vn -0.3668 -0.3000 0.8806
vn -0.6829 -0.5598 -0.4694
vn -0.4923 -0.4035 0.7712
vn -0.5996 -0.4911 0.6320
vn -0.4913 -0.4037 -0.7718
vn -0.3660 -0.3002 -0.8809
vn -0.7402 -0.6072 0.2889
vn -0.2267 -0.1849 -0.9562
vn -0.7692 -0.6315 0.0976
vn -0.7788 -0.4160 0.4695
vn -0.8443 -0.4512 0.2890
vn -0.2560 -0.1375 -0.9569
vn -0.8776 -0.4693 -0.0976
vn -0.2575 -0.1375 0.9565
vn -0.8445 -0.4510 -0.2889
vn -0.4182 -0.2230 0.8806
vn -0.7785 -0.4162 -0.4698
vn -0.5615 -0.2999 0.7712
vn -0.6833 -0.3652 -0.6323
vn -0.6840 -0.3648 0.6317
vn -0.5612 -0.2999 -0.7715
vn -0.9160 -0.2779 -0.2891
vn -0.4532 -0.1374 0.8808
vn -0.8445 -0.2565 -0.4702
vn -0.6094 -0.1846 0.7711
vn -0.7406 -0.2251 -0.6331
vn -0.7414 -0.2248 0.6323
vn -0.6088 -0.1846 -0.7715
vn -0.8452 -0.2559 0.4692
vn -0.4534 -0.1373 -0.8807
vn -0.9162 -0.2778 0.2888
vn -0.2784 -0.0847 -0.9567
vn -0.9524 -0.2890 -0.0976
vn -0.9527 -0.0937 0.2890
vn -0.2892 -0.0285 -0.9568
vn -0.9904 -0.0975 0.0976
vn -0.2901 -0.0285 0.9566
vn -0.9526 -0.0939 -0.2892
vn -0.4701 -0.0464 0.8814
vn -0.7704 -0.0760 -0.6330
vn -0.6336 -0.0624 -0.7711
vn -0.8785 -0.0865 0.4699
vn -0.4701 0.0464 0.8814
vn -0.8786 0.0866 -0.4697
vn -0.6335 0.0623 0.7713
vn -0.7710 0.0760 -0.6322
vn -0.7714 0.0758 0.6318
vn -0.6336 0.0624 -0.7711
vn -0.9527 0.0937 0.2890
vn -0.2900 0.0285 -0.9566
vn -0.2901 0.0287 0.9566
vn -0.9526 0.0940 -0.2893
vn -0.9161 0.2780 0.2891
vn -0.2776 0.0847 -0.9570
vn -0.9523 0.2891 -0.0976
vn -0.2802 0.0844 0.9562
vn -0.9160 0.2780 -0.2892
vn -0.4519 0.1374 0.8814
vn -0.8448 0.2564 -0.4697
vn -0.6090 0.1847 0.7714
vn -0.7406 0.2251 -0.6331
vn -0.7421 0.2246 0.6316
vn -0.6091 0.1846 -0.7713
vn -0.8448 0.2562 0.4698
vn -0.4520 0.1375 -0.8814
vn -0.7784 0.4163 -0.4699
vn -0.5611 0.3000 0.7715
vn -0.6841 0.3648 -0.6317
vn -0.7780 0.4166 0.4702
vn -0.8445 0.4510 0.2889
vn -0.8778 0.4690 0.0975
vn -0.8777 0.4692 -0.0975
vn -0.2605 0.1374 0.9556
vn -0.8440 0.4516 -0.2893
vn -0.7697 0.6310 0.0975
vn -0.7693 0.6315 -0.0976
vn -0.2265 0.1848 0.9563
vn -0.7400 0.6073 -0.2890
vn -0.3661 0.3001 0.8809
vn -0.6826 0.5600 -0.4696
vn -0.5984 0.4917 0.6326
vn -0.4913 0.4037 -0.7718
vn -0.6827 0.5599 0.4695
vn -0.3660 0.3002 -0.8809
vn -0.7405 0.6069 0.2888
vn -0.4921 0.5986 0.6321
vn -0.4040 0.4916 -0.7714
vn -0.5602 0.6824 0.4696
vn -0.6078 0.7397 0.2889
vn -0.1877 0.2252 -0.9561
vn -0.1889 0.2252 0.9558
vn -0.3020 0.3656 0.8804
vn -0.5604 0.6823 -0.4696
vn -0.4044 0.4915 0.7713
vn -0.4689 0.8779 -0.0976
vn -0.1369 0.2572 0.9566
vn -0.4504 0.8447 -0.2892
vn -0.4158 0.7787 -0.4698
vn -0.3000 0.5611 0.7715
vn -0.3646 0.6834 -0.6325
vn -0.3650 0.6832 0.6324
vn -0.4168 0.7783 0.4696
vn -0.2214 0.4175 -0.8813
vn -0.4520 0.8440 0.2889
vn -0.1395 0.2570 -0.9563
vn -0.2247 0.7413 0.6324
vn -0.1832 0.6090 -0.7717
vn -0.2569 0.8447 0.4696
vn -0.1372 0.4528 -0.8810
vn -0.0864 0.2790 -0.9564
vn -0.2887 0.9524 -0.0975
vn -0.0827 0.2789 0.9567
vn -0.2777 0.9161 -0.2891
vn -0.1382 0.4528 0.8808
vn -0.2559 0.8449 -0.4698
vn -0.1851 0.6088 0.7715
vn -0.2242 0.7414 -0.6324
vn -0.0941 0.9527 -0.2890
vn -0.0498 0.4709 0.8808
vn -0.0858 0.8786 -0.4697
vn -0.0617 0.6332 0.7716
vn -0.0763 0.7709 -0.6323
vn -0.0750 0.7709 0.6325
vn -0.0939 0.9527 0.2890
vn -0.0276 0.2901 -0.9566
vn 0.0977 0.9904 -0.0975
vn 0.0940 0.9527 -0.2890
vn 0.0465 0.4709 0.8809
vn 0.0866 0.8786 -0.4697
vn 0.0747 0.7710 0.6324
vn 0.0869 0.8785 0.4697
vn 0.0467 0.4710 -0.8809
vn 0.0299 0.2901 -0.9565
vn 0.2892 0.9523 0.0975
vn 0.2889 0.9524 -0.0976
vn 0.0783 0.2791 0.9571
vn 0.1394 0.4527 0.8807
vn 0.2257 0.7412 -0.6323
vn 0.2247 0.7413 0.6324
vn 0.2558 0.8449 0.4697
vn 0.1350 0.4530 -0.8812
vn 0.2777 0.9162 0.2891
vn 0.3659 0.6830 -0.6322
vn 0.3650 0.6833 0.6324
vn 0.2991 0.5612 -0.7717
vn 0.1387 0.2570 -0.9564
vn 0.4687 0.8779 0.0976
vn 0.4170 0.7783 -0.4695
vn 0.2995 0.5611 0.7716
vn 0.6311 0.7696 -0.0976
vn 0.1826 0.2255 0.9570
vn 0.5599 0.6825 -0.4698
vn 0.4918 0.5987 -0.6322
vn 0.4914 0.5988 0.6324
vn 0.5597 0.6827 0.4698
vn 0.6313 0.7694 0.0975
vn 0.5990 0.4914 0.6323
vn 0.4927 0.4033 -0.7711
vn 0.6827 0.5599 0.4695
vn 0.7397 0.6076 0.2892
vn 0.2244 0.1850 -0.9568
vn 0.7688 0.6319 0.0976
vn 0.2257 0.1849 0.9565
vn 0.7400 0.6073 -0.2890
vn 0.3654 0.3003 0.8811
vn 0.4915 0.4037 0.7717
vn 0.8446 0.4509 -0.2888
vn 0.4182 0.2229 0.8806
vn 0.5611 0.3000 0.7715
vn 0.6839 0.3648 -0.6318
vn 0.6823 0.3656 0.6331
vn 0.5612 0.2999 -0.7715
vn 0.7783 0.4163 0.4699
vn 0.4165 0.2232 -0.8813
vn 0.8441 0.4515 0.2892
vn 0.6088 0.1846 -0.7715
vn 0.4529 0.1374 -0.8809
vn 0.9524 0.2889 0.0975
vn 0.9162 0.2777 -0.2888
vn 0.4532 0.1374 0.8808
vn 0.6086 0.1847 0.7716
vn 0.7415 0.2248 -0.6322
vn 0.7410 0.2250 0.6327
vn 0.9528 0.0938 -0.2889
vn 0.6324 0.0625 0.7721
vn 0.7713 0.0759 -0.6320
vn 0.6336 0.0623 -0.7711
vn 0.4703 0.0464 -0.8813
vn 0.4703 -0.0464 -0.8813
vn 0.9527 -0.0939 0.2891
vn 0.2886 -0.0286 0.9570
vn 0.8787 -0.0865 -0.4695
vn 0.6324 -0.0625 0.7721
vn 0.6332 -0.0623 -0.7715
vn 0.9162 -0.2778 -0.2889
vn 0.6083 -0.1848 0.7719
vn 0.7415 -0.2248 -0.6322
vn 0.7410 -0.2250 0.6327
vn 0.6096 -0.1845 -0.7709
vn 0.8448 -0.2563 0.4698
vn 0.4520 -0.1374 -0.8814
vn 0.2791 -0.0846 -0.9565
vn 0.9524 -0.2887 -0.0975
vn 0.2802 -0.0846 0.9562
vn 0.8441 -0.4515 0.2892
vn 0.8775 -0.4695 0.0976
vn 0.8775 -0.4695 -0.0976
vn 0.8444 -0.4511 -0.2889
vn 0.5611 -0.3000 0.7715
vn 0.6833 -0.3652 0.6323
vn 0.5618 -0.2997 -0.7711
vn 0.4915 -0.4037 0.7717
vn 0.5992 -0.4912 -0.6321
vn 0.5984 -0.4916 0.6326
vn 0.4927 -0.4034 -0.7711
vn 0.6827 -0.5599 0.4695
vn 0.3650 -0.3003 -0.8813
vn 0.2260 -0.1849 -0.9564
vn 0.7694 -0.6313 0.0975
vn 0.7690 -0.6318 -0.0976
vn 0.7400 -0.6073 -0.2890
vn 0.3639 -0.3004 0.8816
vn 0.1845 -0.2254 -0.9567
vn 0.6313 -0.7694 0.0976
vn 0.6314 -0.7693 -0.0975
vn 0.4044 -0.4916 0.7712
vn 0.5607 -0.6821 0.4694
vn 0.6065 -0.7406 0.2893
vn 0.3653 -0.6832 -0.6324
vn 0.2991 -0.5612 -0.7717
vn 0.4156 -0.7788 0.4698
vn 0.4511 -0.8443 0.2891
vn 0.1395 -0.2570 -0.9563
vn 0.4694 -0.8776 0.0975
vn 0.4694 -0.8776 -0.0975
vn 0.1369 -0.2571 0.9566
vn 0.4514 -0.8442 -0.2890
vn 0.1366 -0.4529 0.8810
vn 0.1829 -0.6090 0.7718
vn 0.2250 -0.7413 -0.6324
vn 0.2242 -0.7414 0.6325
vn 0.2561 -0.8449 0.4697
vn 0.0756 -0.7710 0.6324
vn 0.0266 -0.2901 -0.9566
vn 0.0278 -0.2901 0.9566
vn 0.0463 -0.4709 0.8810
vn -0.0261 -0.2901 0.9566
vn -0.0940 -0.9527 -0.2890
vn -0.0868 -0.8786 -0.4697
vn -0.0762 -0.7709 0.6324
vn -0.0280 -0.2901 -0.9566
vn -0.2569 -0.8447 0.4696
vn -0.1378 -0.4528 -0.8809
vn -0.0835 -0.2790 -0.9567
vn -0.2887 -0.9524 -0.0976
vn -0.2566 -0.8448 -0.4697
vn -0.4514 -0.8442 -0.2890
vn -0.4164 -0.7785 -0.4696
vn -0.3650 -0.6832 0.6324
vn -0.1387 -0.2571 -0.9564
vn -0.5597 -0.6827 0.4698
vn -0.6313 -0.7694 0.0975
vn -0.6309 -0.7697 -0.0976
vn -0.6075 -0.7399 -0.2890
vn -0.3005 -0.3658 0.8808
vn -0.5599 -0.6825 -0.4697
vn -0.7403 -0.6070 -0.2889
vn -0.3654 -0.3003 0.8811
vn -0.6829 -0.5597 -0.4694
vn -0.4915 -0.4037 0.7717
vn -0.5992 -0.4912 -0.6322
vn -0.5984 -0.4916 0.6326
vn -0.4920 -0.4036 -0.7714
vn -0.3670 -0.3001 -0.8805
vn -0.2259 -0.1849 -0.9564
vn -0.7693 -0.6314 0.0976
vn -0.7692 -0.6315 -0.0976
vn -0.4165 -0.2232 -0.8813
vn -0.8777 -0.4691 -0.0975
vn -0.2575 -0.1373 0.9565
vn -0.8443 -0.4512 -0.2890
vn -0.6837 -0.3649 -0.6320
vn -0.6826 -0.3655 0.6329
vn -0.5615 -0.2998 -0.7713
vn -0.6086 -0.1847 0.7716
vn -0.4520 -0.1374 -0.8814
vn -0.9161 -0.2779 0.2891
vn -0.9525 -0.2886 -0.0975
vn -0.2787 -0.0847 0.9566
vn -0.9161 -0.2780 -0.2891
vn -0.2901 -0.0286 0.9566
vn -0.9528 -0.0938 -0.2889
vn -0.6324 -0.0624 0.7721
vn -0.7713 -0.0759 -0.6320
vn -0.7712 -0.0759 0.6321
vn -0.6336 -0.0623 -0.7711
vn -0.4703 -0.0464 -0.8813
vn -0.8787 0.0865 -0.4695
vn -0.6324 0.0624 0.7721
vn -0.7710 0.0759 -0.6323
vn -0.6332 0.0623 -0.7715
vn -0.4703 0.0464 -0.8813
vn -0.9526 0.0939 0.2892
vn -0.9905 0.0975 -0.0975
vn -0.2886 0.0286 0.9570
vn -0.9528 0.0938 -0.2889
vn -0.9525 0.2887 -0.0975
vn -0.2802 0.0846 0.9562
vn -0.8449 0.2562 -0.4695
vn -0.7415 0.2248 -0.6322
vn -0.7410 0.2250 0.6327
vn -0.8447 0.2564 0.4699
vn -0.4538 0.1373 -0.8805
vn -0.5603 0.3001 0.7720
vn -0.5618 0.2997 -0.7711
vn -0.4184 0.2229 -0.8805
vn -0.8441 0.4515 0.2892
vn -0.2575 0.1374 -0.9564
vn -0.8778 0.4690 -0.0975
vn -0.2575 0.1373 0.9565
vn -0.8444 0.4511 -0.2889
vn -0.7691 0.6317 -0.0976
vn -0.2280 0.1848 0.9560
vn -0.7403 0.6070 -0.2889
vn -0.3668 0.3001 0.8806
vn -0.6825 0.5600 -0.4696
vn -0.4915 0.4037 0.7717
vn -0.5992 0.4913 -0.6321
vn -0.5984 0.4916 0.6326
vn -0.4920 0.4036 -0.7714
vn -0.6832 0.5595 0.4693
vn -0.7397 0.6076 0.2892
vn -0.2244 0.1850 -0.9568
vn -0.4908 0.5991 0.6327
vn -0.2997 0.3659 -0.8811
vn -0.6313 0.7694 0.0975
vn -0.6313 0.7694 -0.0976
vn -0.1826 0.2254 0.9570
vn -0.6073 0.7400 -0.2890
vn -0.2998 0.3659 0.8811
vn -0.5599 0.6825 -0.4698
vn -0.4044 0.4916 0.7712
vn -0.4694 0.8776 -0.0975
vn -0.4514 0.8442 -0.2890
vn -0.2995 0.5611 0.7716
vn -0.3653 0.6832 -0.6324
vn -0.4687 0.8779 0.0976
vn -0.1837 0.6089 -0.7717
vn -0.2561 0.8449 0.4697
vn -0.2777 0.9162 0.2891
vn -0.0876 0.2789 0.9563
vn -0.1366 0.4529 0.8810
vn -0.2572 0.8446 -0.4696
vn -0.0343 0.2901 0.9564
vn -0.0463 0.4709 0.8809
vn -0.0866 0.8786 -0.4697
vn -0.0607 0.6332 0.7716
vn -0.0753 0.7709 0.6324
vn -0.0480 0.4709 -0.8809
vn -0.0266 0.2901 -0.9566
vn 0.0289 0.2902 0.9565
vn 0.0458 0.4710 -0.8810
vn 0.0978 0.9904 -0.0975
vn 0.2889 0.9524 0.0976
vn 0.2777 0.9161 -0.2891
vn 0.1362 0.4529 0.8811
vn 0.1857 0.6087 0.7714
vn 0.2242 0.7414 0.6325
vn 0.2562 0.8448 0.4697
vn 0.1378 0.4528 -0.8809
vn 0.0839 0.2789 -0.9566
vn 0.2241 0.4173 -0.8807
vn 0.4694 0.8776 0.0975
vn 0.4696 0.8775 -0.0975
vn 0.1401 0.2570 0.9562
vn 0.2225 0.4174 0.8810
vn 0.1810 0.2255 0.9573
vn 0.4025 0.4921 0.7719
vn 0.4906 0.5992 -0.6327
vn 0.4915 0.5987 0.6324
vn 0.5602 0.6823 0.4696
vn 0.2987 0.3660 -0.8814
vn 0.1829 0.2254 -0.9569
vn 0.6316 0.7691 0.0975
vn 0.4913 0.4038 -0.7717
vn 0.6826 0.5599 0.4696
vn 0.3650 0.3004 -0.8812
vn 0.2267 0.1848 -0.9563
vn 0.2280 0.1849 0.9559
vn 0.6822 0.5603 -0.4698
vn 0.4924 0.4034 0.7713
vn 0.5992 0.4913 -0.6321
vn 0.5989 0.4915 0.6323
vn 0.2575 0.1373 0.9565
vn 0.8443 0.4513 -0.2890
vn 0.4155 0.2233 0.8818
vn 0.7781 0.4166 -0.4701
vn 0.5611 0.2998 0.7715
vn 0.8778 0.4690 -0.0975
vn 0.8451 0.2562 0.4693
vn 0.4525 0.1374 -0.8811
vn 0.9162 0.2776 0.2888
vn 0.2799 0.0846 -0.9563
vn 0.9524 0.2887 -0.0975
vn 0.2772 0.0848 0.9571
vn 0.9160 0.2780 -0.2892
vn 0.8449 0.2561 -0.4695
vn 0.6097 0.1845 0.7708
vn 0.7406 0.2251 -0.6331
vn 0.7417 0.2247 0.6319
vn 0.6338 0.0624 0.7710
vn 0.7707 0.0759 -0.6327
vn 0.7710 0.0760 0.6322
vn 0.8787 0.0865 0.4694
vn 0.9527 0.0939 0.2890
vn 0.9904 0.0977 0.0976
vn 0.2901 0.0285 0.9566
vn 0.4712 -0.0464 -0.8808
vn 0.9526 -0.0939 0.2892
vn 0.2907 -0.0286 -0.9564
vn 0.9904 -0.0976 0.0975
vn 0.2901 -0.0285 0.9566
vn 0.6341 -0.0624 0.7707
vn 0.6325 -0.0624 -0.7720
vn 0.8781 -0.0867 0.4705
vn 0.4532 -0.1373 0.8808
vn 0.8446 -0.2564 -0.4701
vn 0.6090 -0.1846 0.7714
vn 0.7408 -0.2250 -0.6329
vn 0.7412 -0.2249 0.6324
vn 0.6082 -0.1848 -0.7719
vn 0.8451 -0.2560 0.4693
vn 0.9161 -0.2779 0.2891
vn 0.9524 -0.2887 0.0975
vn 0.8445 -0.4510 0.2889
vn 0.8778 -0.4689 0.0975
vn 0.2575 -0.1373 0.9565
vn 0.8442 -0.4513 -0.2891
vn 0.4155 -0.2233 0.8818
vn 0.7785 -0.4163 -0.4698
vn 0.5603 -0.3000 0.7720
vn 0.6829 -0.3653 -0.6326
vn 0.5612 -0.2999 -0.7715
vn 0.7789 -0.4159 0.4694
vn 0.4174 -0.2230 -0.8809
vn 0.6822 -0.5603 -0.4698
vn 0.4932 -0.4032 0.7708
vn 0.5978 -0.4919 -0.6330
vn 0.5989 -0.4914 0.6323
vn 0.4913 -0.4038 -0.7717
vn 0.6828 -0.5598 0.4695
vn 0.7399 -0.6074 0.2891
vn 0.2260 -0.1848 -0.9564
vn 0.7695 -0.6311 -0.0975
vn 0.2265 -0.1850 0.9563
vn 0.3683 -0.2999 0.8800
vn 0.1829 -0.2254 -0.9569
vn 0.6312 -0.7695 0.0976
vn 0.6317 -0.7691 -0.0975
vn 0.1826 -0.2254 0.9570
vn 0.6073 -0.7400 -0.2890
vn 0.2998 -0.3659 0.8811
vn 0.5599 -0.6825 -0.4697
vn 0.4915 -0.5987 0.6324
vn 0.4040 -0.4918 -0.7713
vn 0.5608 -0.6820 0.4695
vn 0.2997 -0.3658 -0.8811
vn 0.3646 -0.6833 -0.6325
vn 0.3650 -0.6832 0.6324
vn 0.1395 -0.2571 -0.9563
vn 0.4686 -0.8780 -0.0976
vn 0.1337 -0.2572 0.9571
vn 0.3000 -0.5610 0.7715
vn 0.2890 -0.9524 -0.0975
vn 0.0847 -0.2790 0.9566
vn 0.1395 -0.4526 0.8807
vn 0.2565 -0.8448 -0.4696
vn 0.2257 -0.7411 -0.6323
vn 0.2569 -0.8447 0.4696
vn 0.1350 -0.4530 -0.8812
vn 0.2783 -0.9160 0.2890
vn 0.2892 -0.9523 0.0975
vn 0.0771 -0.7709 0.6323
vn 0.0628 -0.6331 -0.7715
vn 0.0865 -0.8786 0.4697
vn 0.0456 -0.4710 -0.8810
vn 0.0299 -0.2901 -0.9565
vn 0.0269 -0.2902 0.9566
vn 0.0465 -0.4709 0.8809
vn 0.0871 -0.8785 -0.4696
vn 0.0757 -0.7709 -0.6324
vn -0.0977 -0.9904 -0.0975
vn -0.0936 -0.9527 -0.2890
vn -0.0870 -0.8786 -0.4697
vn -0.0617 -0.6332 0.7716
vn -0.0763 -0.7709 -0.6324
vn -0.0772 -0.7709 0.6323
vn -0.0457 -0.4710 -0.8809
vn -0.0309 -0.2901 -0.9565
vn -0.1845 -0.6088 -0.7715
vn -0.2554 -0.8450 0.4698
vn -0.2783 -0.9160 0.2890
vn -0.2890 -0.9523 0.0975
vn -0.2893 -0.9523 -0.0975
vn -0.0855 -0.2789 0.9565
vn -0.1362 -0.4528 0.8811
vn -0.1851 -0.6088 0.7714
vn -0.2242 -0.7414 -0.6324
vn -0.2251 -0.7413 0.6323
vn -0.2249 -0.4172 0.8806
vn -0.3653 -0.6831 -0.6324
vn -0.3650 -0.6833 0.6324
vn -0.2991 -0.5612 -0.7718
vn -0.4168 -0.7783 0.4695
vn -0.2241 -0.4173 -0.8807
vn -0.1355 -0.2571 -0.9568
vn -0.4694 -0.8776 0.0975
vn -0.4686 -0.8780 -0.0976
vn -0.2987 -0.3660 -0.8814
vn -0.6319 -0.7689 -0.0975
vn -0.1834 -0.2254 0.9569
vn -0.6071 -0.7402 -0.2891
vn -0.3020 -0.3656 0.8804
vn -0.4032 -0.4919 -0.7716
vn -0.7393 -0.6080 -0.2894
vn -0.6822 -0.5603 -0.4698
vn -0.4915 -0.4036 0.7717
vn -0.5987 -0.4915 -0.6324
vn -0.5989 -0.4915 0.6323
vn -0.6824 -0.5601 0.4698
vn -0.7399 -0.6075 0.2891
vn -0.2244 -0.1849 -0.9568
vn -0.7693 -0.6314 0.0975
vn -0.7693 -0.6313 -0.0975
vn -0.2249 -0.1851 0.9566
vn -0.2575 -0.1374 -0.9565
vn -0.2544 -0.1374 0.9573
vn -0.8442 -0.4514 -0.2891
vn -0.4169 -0.2232 0.8812
vn -0.7783 -0.4164 -0.4699
vn -0.5615 -0.2997 0.7713
vn -0.6826 -0.3655 -0.6328
vn -0.6835 -0.3650 0.6321
vn -0.5609 -0.3000 -0.7717
vn -0.7786 -0.4162 0.4696
vn -0.8449 -0.2561 -0.4695
vn -0.6090 -0.1846 0.7714
vn -0.7409 -0.2250 -0.6328
vn -0.7410 -0.2250 0.6326
vn -0.6077 -0.1849 -0.7724
vn -0.8447 -0.2564 0.4698
vn -0.4534 -0.1374 -0.8807
vn -0.2799 -0.0846 -0.9563
vn -0.9524 -0.2889 -0.0976
vn -0.2802 -0.0847 0.9562
vn -0.9160 -0.2780 -0.2891
vn -0.4525 -0.1375 0.8811
vn -0.2907 -0.0286 -0.9564
vn -0.9904 -0.0976 -0.0975
vn -0.4710 -0.0464 0.8809
vn -0.6345 -0.0623 0.7704
vn -0.7711 -0.0759 -0.6322
vn -0.7718 -0.0758 0.6314
vn -0.8786 -0.0866 0.4697
vn -0.4703 -0.0463 -0.8813
vn -0.6338 0.0624 0.7710
vn -0.7714 0.0759 0.6318
vn -0.6336 0.0623 -0.7711
vn -0.8788 0.0865 0.4692
vn -0.4712 0.0463 -0.8808
vn -0.9527 0.0939 0.2890
vn -0.2901 0.0285 0.9566
vn -0.9525 0.2886 -0.0975
vn -0.2772 0.0848 0.9571
vn -0.9159 0.2782 -0.2894
vn -0.4519 0.1375 0.8814
vn -0.8449 0.2563 -0.4695
vn -0.6097 0.1845 0.7708
vn -0.7415 0.2248 0.6322
vn -0.8449 0.2561 0.4696
vn -0.4529 0.1373 -0.8809
vn -0.9163 0.2775 0.2887
vn -0.6824 0.3656 -0.6330
vn -0.6838 0.3649 0.6319
vn -0.7788 0.4161 0.4695
vn -0.8778 0.4689 0.0975
vn -0.2544 0.1374 0.9573
vn -0.8442 0.4513 -0.2891
vn -0.4182 0.2230 0.8805
vn -0.7782 0.4165 -0.4700
vn -0.5619 0.2996 0.7710
vn -0.2265 0.1850 0.9563
vn -0.3654 0.3003 0.8811
vn -0.4915 0.4036 0.7717
vn -0.5988 0.4914 -0.6325
vn -0.5995 0.4911 0.6320
vn -0.6820 0.5604 0.4700
vn -0.7401 0.6073 0.2890
vn -0.2260 0.1848 -0.9564
vn -0.4040 0.4918 -0.7713
vn -0.2976 0.3661 -0.8817
vn -0.1869 0.2253 -0.9562
vn -0.6309 0.7697 -0.0976
vn -0.3005 0.3658 0.8808
vn -0.4906 0.5992 -0.6327
vn -0.1369 0.2570 0.9567
vn -0.2225 0.4174 0.8810
vn -0.3653 0.6831 -0.6324
vn -0.3650 0.6833 0.6324
vn -0.2999 0.5610 -0.7715
vn -0.4156 0.7788 0.4698
vn -0.2230 0.4174 -0.8809
vn -0.1845 0.6089 -0.7715
vn -0.1395 0.4527 -0.8807
vn -0.0839 0.2790 -0.9566
vn -0.0847 0.2790 0.9566
vn -0.1362 0.4529 0.8811
vn -0.2565 0.8448 -0.4696
vn -0.2250 0.7413 -0.6323
vn -0.2259 0.7411 0.6323
vn -0.0935 0.9527 -0.2891
vn -0.0469 0.4710 0.8809
vn -0.0864 0.8786 -0.4697
vn -0.0617 0.6332 0.7715
vn -0.0753 0.7710 0.6324
vn -0.0628 0.6331 -0.7715
vn -0.0869 0.8786 0.4697
vn -0.0299 0.2901 -0.9565
vn -0.0326 0.2901 0.9565
s 1
usemtl blade_white
f 1//1 96//2 95//3
f 2//4 97//5 96//2
f 3//6 98//7 97//5
f 4//8 99//9 98//7
f 5//10 100//11 99//9
f 6//12 101//13 100//11
f 7//14 102//15 101//13
f 8//16 103//17 102//15
f 9//18 104//19 103//17
f 10//20 105//21 104//19
f 11//22 106//23 105//21
f 12//24 107//25 106//23
f 13//26 108//27 107//25
f 14//28 109//29 108//27
f 15//30 110//31 109//29
f 16//32 111//33 110//31
f 17//34 112//35 111//33
f 18//36 113//37 112//35
f 19//38 114//39 113//37
f 20//40 115//41 114//39
f 21//42 116//43 115//41
f 22//44 117//45 116//43
f 23//46 118//47 117//45
f 24//48 119//49 118//47
f 25//50 120//51 119//49
f 26//52 121//53 120//51
f 27//54 122//55 121//53
f 28//56 123//57 122//55
f 29//58 124//59 123//57
f 30//60 125//61 124//59
f 31//62 126//63 125//61
f 32//64 127//65 126//63
f 33//66 128//67 127//65
f 34//68 129//69 128//67
f 35//70 130//71 129//69
f 36//72 131//73 130//71
f 37//74 132//75 131//73
f 38//76 133//77 132//75
f 39//78 134//79 133//77
f 40//80 135//81 134//79
f 41//82 136//83 135//81
f 42//84 137//85 136//83
f 43//86 138//87 137//85
f 44//88 139//89 138//87
f 45//90 140//91 139//89
f 46//92 141//93 140//91
f 47//94 142//95 141//93
f 48//96 143//97 142//95
f 49//98 144//99 143//97
f 50//100 145//101 144//99
f 51//102 146//103 145//101
f 52//104 147//105 146//103
f 54//106 147//105 53//107
f 55//108 148//109 54//106
f 56//110 149//111 55//108
f 57//112 150//113 56//110
f 58//114 151//115 57//112
f 59//116 152//117 58//114
f 60//118 153//119 59//116
f 61//120 154//121 60//118
f 62//122 155//123 61//120
f 63//124 156//125 62//122
f 64//126 157//127 63//124
f 65//128 158//129 64//126
f 66//130 159//131 65//128
f 67//132 160//133 66//130
f 68//134 161//135 67//132
f 69//136 162//137 68//134
f 70//138 163//139 69//136
f 71//140 164//141 70//138
f 72//142 165//143 71//140
f 73//144 166//145 72//142
f 74//146 167//147 73//144
f 75//148 168//149 74//146
f 76//150 169//151 75//148
f 77//152 170//153 76//150
f 78//154 171//155 77//152
f 79//156 172//157 78//154
f 80//158 173//159 79//156
f 81//160 174//161 80//158
f 82//162 175//163 81//160
f 83//164 176//165 82//162
f 84//166 177//167 83//164
f 85//168 178//169 84//166
f 86//170 179//171 85//168
f 87//172 180//173 86//170
f 88//174 181//175 87//172
f 89//176 182//177 88//174
f 90//178 183//179 89//176
f 90//178 185//180 184//181
f 91//182 186//183 185//180
f 92//184 187//185 186//183
f 93//186 188//187 187//185
f 94//188 95//3 188//187
f 95//3 190//189 189//190
f 96//2 191//191 190//189
f 97//5 192//192 191//191
f 98//7 193//193 192//192
f 99//9 194//194 193//193
f 100//11 195//195 194//194
f 101//13 196//196 195//195
f 102//15 197//197 196//196
f 103//17 198//198 197//197
f 104//19 199//199 198//198
f 105//21 200//200 199//199
f 106//23 201//201 200//200
f 107//25 202//202 201//201
f 108//27 203//203 202//202
f 109//29 204//204 203//203
f 110//31 205//205 204//204
f 111//33 206//206 205//205
f 112//35 207//207 206//206
f 113//37 208//208 207//207
f 114//39 209//209 208//208
f 115//41 210//210 209//209
f 116//43 211//211 210//210
f 117//45 212//212 211//211
f 118//47 213//213 212//212
f 119//49 214//214 213//213
f 120//51 215//215 214//214
f 121//53 216//216 215//215
f 122//55 217//217 216//216
f 123//57 218//218 217//217
f 124//59 219//219 218//218
f 125//61 220//220 219//219
f 126//63 221//221 220//220
f 127//65 222//222 221//221
f 128//67 223//223 222//222
f 129//69 224//224 223//223
f 130//71 225//225 224//224
f 131//73 226//226 225//225
f 132//75 227//227 226//226
f 133//77 228//228 227//227
f 134//79 229//229 228//228
f 135//81 230//230 229//229
f 136//83 231//231 230//230
f 137//85 232//232 231//231
f 138//87 233//233 232//232
f 139//89 234//234 233//233
f 140//91 235//235 234//234
f 141//93 236//236 235//235
f 142//95 237//237 236//236
f 143//97 238//238 237//237
f 145//101 238//238 144//99
f 146//103 239//239 145//101
f 147//105 240//240 146//103
f 148//109 241//241 147//105
f 149//111 242//242 148//109
f 150//113 243//243 149//111
f 151//115 244//244 150//113
f 152//117 245//245 151//115
f 153//119 246//246 152//117
f 154//121 247//247 153//119
f 155//123 248//248 154//121
f 156//125 249//249 155//123
f 157//127 250//250 156//125
f 158//129 251//251 157//127
f 159//131 252//252 158//129
f 160//133 253//253 159//131
f 161//135 254//254 160//133
f 162//137 255//255 161//135
f 163//139 256//256 162//137
f 164//141 257//257 163//139
f 165//143 258//258 164//141
f 166//145 259//259 165//143
f 167//147 260//260 166//145
f 168//149 261//261 167//147
f 169//151 262//262 168//149
f 170//153 263//263 169//151
f 171//155 264//264 170//153
f 172//157 265//265 171//155
f 173//159 266//266 172//157
f 174//161 267//267 173//159
f 175//163 268//268 174//161
f 176//165 269//269 175//163
f 177//167 270//270 176//165
f 178//169 271//271 177//167
f 179//171 272//272 178//169
f 180//173 273//273 179//171
f 181//175 274//274 180//173
f 182//177 275//275 181//175
f 183//179 276//276 182//177
f 184//181 277//277 183//179
f 185//180 278//278 184//181
f 185//180 280//279 279//280
f 186//183 281//281 280//279
f 187//185 282//282 281//281
f 188//187 189//190 282//282
f 189//190 284//283 283//284
f 190//189 285//285 284//283
f 191//191 286//286 285//285
f 192//192 287//287 286//286
f 193//193 288//288 287//287
f 194//194 289//289 288//288
f 195//195 290//290 289//289
f 196//196 291//291 290//290
f 197//197 292//292 291//291
f 198//198 293//293 292//292
f 199//199 294//294 293//293
f 200//200 295//295 294//294
f 201//201 296//296 295//295
f 202//202 297//297 296//296
f 203//203 298//298 297//297
f 204//204 299//299 298//298
f 205//205 300//300 299//299
f 206//206 301//301 300//300
f 207//207 302//302 301//301
f 208//208 303//303 302//302
f 209//209 304//304 303//303
f 210//210 305//305 304//304
f 211//211 306//306 305//305
f 212//212 307//307 306//306
f 213//213 308//308 307//307
f 214//214 309//309 308//308
f 215//215 310//310 309//309
f 216//216 311//311 310//310
f 217//217 312//312 311//311
f 218//218 313//313 312//312
f 219//219 314//314 313//313
f 220//220 315//315 314//314
f 221//221 316//316 315//315
f 222//222 317//317 316//316
f 223//223 318//318 317//317
f 224//224 319//319 318//318
f 225//225 320//320 319//319
f 226//226 321//321 320//320
f 227//227 322//322 321//321
f 228//228 323//323 322//322
f 229//229 324//324 323//323
f 231//231 324//324 230//230
f 232//232 325//325 231//231
f 233//233 326//326 232//232
f 234//234 327//327 233//233
f 235//235 328//328 234//234
f 236//236 329//329 235//235
f 237//237 330//330 236//236
f 238//238 331//331 237//237
f 239//239 332//332 238//238
f 240//240 333//333 239//239
f 241//241 334//334 240//240
f 242//242 335//335 241//241
f 243//243 336//336 242//242
f 244//244 337//337 243//243
f 245//245 338//338 244//244
f 246//246 339//339 245//245
f 247//247 340//340 246//246
f 248//248 341//341 247//247
f 249//249 342//342 248//248
f 250//250 343//343 249//249
f 251//251 344//344 250//250
f 252//252 345//345 251//251
f 253//253 346//346 252//252
f 254//254 347//347 253//253
f 255//255 348//348 254//254
f 256//256 349//349 255//255
f 257//257 350//350 256//256
f 258//258 351//351 257//257
f 259//259 352//352 258//258
f 260//260 353//353 259//259
f 261//261 354//354 260//260
f 262//262 355//355 261//261
f 263//263 356//356 262//262
f 264//264 357//357 263//263
f 265//265 358//358 264//264
f 266//266 359//359 265//265
f 267//267 360//360 266//266
f 268//268 361//361 267//267
f 269//269 362//362 268//268
f 270//270 363//363 269//269
f 271//271 364//364 270//270
f 272//272 365//365 271//271
f 273//273 366//366 272//272
f 274//274 367//367 273//273
f 275//275 368//368 274//274
f 276//276 369//369 275//275
f 277//277 370//370 276//276
f 278//278 371//371 277//277
f 279//280 372//372 278//278
f 280//279 373//373 279//280
f 280//279 375//374 374//375
f 281//281 376//376 375//374
f 282//282 283//284 376//376
f 283//284 378//377 377//378
f 284//283 379//379 378//377
f 285//285 380//380 379//379
f 286//286 381//381 380//380
f 287//287 382//382 381//381
f 288//288 383//383 382//382
f 289//289 384//384 383//383
f 290//290 385//385 384//384
f 291//291 386//386 385//385
f 292//292 387//387 386//386
f 293//293 388//388 387//387
f 294//294 389//389 388//388
f 295//295 390//390 389//389
f 296//296 391//391 390//390
f 297//297 392//392 391//391
f 298//298 393//393 392//392
f 299//299 394//394 393//393
f 300//300 395//395 394//394
f 301//301 396//396 395//395
f 302//302 397//397 396//396
f 303//303 398//398 397//397
f 304//304 399//399 398//398
f 305//305 400//400 399//399
f 306//306 401//401 400//400
f 307//307 402//402 401//401
f 308//308 403//403 402//402
f 309//309 404//404 403//403
f 310//310 405//405 404//404
f 311//311 406//406 405//405
f 312//312 407//407 406//406
f 313//313 408//408 407//407
f 314//314 409//409 408//408
f 315//315 410//410 409//409
f 316//316 411//411 410//410
f 317//317 412//412 411//411
f 318//318 413//413 412//412
f 319//319 414//414 413//413
f 320//320 415//415 414//414
f 322//322 415//415 321//321
f 323//323 416//416 322//322
f 324//324 417//417 323//323
f 325//325 418//418 324//324
f 326//326 419//419 325//325
f 327//327 420//420 326//326
f 328//328 421//421 327//327
f 329//329 422//422 328//328
f 330//330 423//423 329//329
f 331//331 424//424 330//330
f 332//332 425//425 331//331
f 333//333 426//426 332//332
f 334//334 427//427 333//333
f 335//335 428//428 334//334
f 336//336 429//429 335//335
f 337//337 430//430 336//336
f 338//338 431//431 337//337
f 339//339 432//432 338//338
f 340//340 433//433 339//339
f 341//341 434//434 340//340
f 342//342 435//435 341//341
f 343//343 436//436 342//342
f 344//344 437//437 343//343
f 345//345 438//438 344//344
f 346//346 439//439 345//345
f 347//347 440//440 346//346
f 348//348 441//441 347//347
f 349//349 442//442 348//348
f 350//350 443//443 349//349
f 351//351 444//444 350//350
f 352//352 445//445 351//351
f 353//353 446//446 352//352
f 354//354 447//447 353//353
f 355//355 448//448 354//354
f 356//356 449//449 355//355
f 357//357 450//450 356//356
f 358//358 451//451 357//357
f 359//359 452//452 358//358
f 360//360 453//453 359//359
f 361//361 454//454 360//360
f 362//362 455//455 361//361
f 363//363 456//456 362//362
f 364//364 457//457 363//363
f 365//365 458//458 364//364
f 366//366 459//459 365//365
f 367//367 460//460 366//366
f 368//368 461//461 367//367
f 369//369 462//462 368//368
f 370//370 463//463 369//369
f 371//371 464//464 370//370
f 372//372 465//465 371//371
f 373//373 466//466 372//372
f 374//375 467//467 373//373
f 374//375 469//468 468//469
f 375//374 470//470 469//468
f 376//376 377//378 470//470
f 377//378 472//471 471//472
f 378//377 473//473 472//471
f 379//379 474//474 473//473
f 380//380 475//475 474//474
f 381//381 476//476 475//475
f 382//382 477//477 476//476
f 383//383 478//478 477//477
f 384//384 479//479 478//478
f 385//385 480//480 479//479
f 386//386 481//481 480//480
f 387//387 482//482 481//481
f 388//388 483//483 482//482
f 389//389 484//484 483//483
f 390//390 485//485 484//484
f 391//391 486//486 485//485
f 392//392 487//487 486//486
f 393//393 488//488 487//487
f 394//394 489//489 488//488
f 395//395 490//490 489//489
f 396//396 491//491 490//490
f 397//397 492//492 491//491
f 398//398 493//493 492//492
f 399//399 494//494 493//493
f 400//400 495//495 494//494
f 401//401 496//496 495//495
f 402//402 497//497 496//496
f 403//403 498//498 497//497
f 404//404 499//499 498//498
f 405//405 500//500 499//499
f 406//406 501//501 500//500
f 407//407 502//502 501//501
f 408//408 503//503 502//502
f 409//409 504//504 503//503
f 410//410 505//505 504//504
f 411//411 506//506 505//505
f 413//413 506//506 412//412
f 414//414 507//507 413//413
f 415//415 508//508 414//414
f 416//416 509//509 415//415
f 417//417 510//510 416//416
f 418//418 511//511 417//417
f 419//419 512//512 418//418
f 420//420 513//513 419//419
f 421//421 514//514 420//420
f 422//422 515//515 421//421
f 423//423 516//516 422//422
f 424//424 517//517 423//423
f 425//425 518//518 424//424
f 426//426 519//519 425//425
f 427//427 520//520 426//426
f 428//428 521//521 427//427
f 429//429 522//522 428//428
f 430//430 523//523 429//429
f 431//431 524//524 430//430
f 431//431 526//525 525//526
f 432//432 527//527 526//525
f 433//433 528//528 527//527
f 435//435 528//528 434//434
f 436//436 529//529 435//435
f 437//437 530//530 436//436
f 438//438 531//531 437//437
f 439//439 532//532 438//438
f 440//440 533//533 439//439
f 441//441 534//534 440//440
f 442//442 535//535 441//441
f 443//443 536//536 442//442
f 444//444 537//537 443//443
f 445//445 538//538 444//444
f 446//446 539//539 445//445
f 447//447 540//540 446//446
f 448//448 541//541 447//447
f 449//449 542//542 448//448
f 450//450 543//543 449//449
f 451//451 544//544 450//450
f 452//452 545//545 451//451
f 453//453 546//546 452//452
f 454//454 547//547 453//453
f 455//455 548//548 454//454
f 456//456 549//549 455//455
f 457//457 550//550 456//456
f 458//458 551//551 457//457
f 459//459 552//552 458//458
f 460//460 553//553 459//459
f 461//461 554//554 460//460
f 462//462 555//555 461//461
f 463//463 556//556 462//462
f 464//464 557//557 463//463
f 465//465 558//558 464//464
f 466//466 559//559 465//465
f 467//467 560//560 466//466
f 467//467 562//561 561//562
f 468//469 563//563 562//561
f 469//468 564//564 563//563
f 470//470 471//472 564//564
f 471//472 566//565 565//566
f 472//471 567//567 566//565
f 473//473 568//568 567//567
f 474//474 569//569 568//568
f 475//475 570//570 569//569
f 476//476 571//571 570//570
f 477//477 572//572 571//571
f 478//478 573//573 572//572
f 479//479 574//574 573//573
f 480//480 575//575 574//574
f 481//481 576//576 575//575
f 482//482 577//577 576//576
f 483//483 578//578 577//577
f 484//484 579//579 578//578
f 485//485 580//580 579//579
f 486//486 581//581 580//580
f 487//487 582//582 581//581
f 488//488 583//583 582//582
f 489//489 584//584 583//583
f 490//490 585//585 584//584
f 491//491 586//586 585//585
f 492//492 587//587 586//586
f 493//493 588//588 587//587
f 494//494 589//589 588//588
f 495//495 590//590 589//589
f 496//496 591//591 590//590
f 497//497 592//592 591//591
f 498//498 593//593 592//592
f 499//499 594//594 593//593
f 500//500 595//595 594//594
f 501//501 596//596 595//595
f 502//502 597//597 596//596
f 503//503 598//598 597//597
f 504//504 599//599 598//598
f 506//506 599//599 505//505
f 507//507 600//600 506//506
f 508//508 601//601 507//507
f 509//509 602//602 508//508
f 510//510 603//603 509//509
f 511//511 604//604 510//510
f 512//512 605//605 511//511
f 513//513 606//606 512//512
f 514//514 607//607 513//513
f 515//515 608//608 514//514
f 516//516 609//609 515//515
f 517//517 610//610 516//516
f 518//518 611//611 517//517
f 519//519 612//612 518//518
f 520//520 613//613 519//519
f 521//521 614//614 520//520
f 522//522 615//615 521//521
f 523//523 616//616 522//522
f 524//524 617//617 523//523
f 524//524 619//618 618//619
f 525//526 620//620 619//618
f 526//525 621//621 620//620
f 527//527 622//622 621//621
f 528//528 623//623 622//622
f 530//530 623//623 529//529
f 531//531 624//624 530//530
f 532//532 625//625 531//531
f 533//533 626//626 532//532
f 534//534 627//627 533//533
f 535//535 628//628 534//534
f 536//536 629//629 535//535
f 537//537 630//630 536//536
f 538//538 631//631 537//537
f 539//539 632//632 538//538
f 540//540 633//633 539//539
f 541//541 634//634 540//540
f 542//542 635//635 541//541
f 543//543 636//636 542//542
f 544//544 637//637 543//543
f 545//545 638//638 544//544
f 546//546 639//639 545//545
f 547//547 640//640 546//546
f 548//548 641//641 547//547
f 549//549 642//642 548//548
f 550//550 643//643 549//549
f 551//551 644//644 550//550
f 552//552 645//645 551//551
f 553//553 646//646 552//552
f 554//554 647//647 553//553
f 555//555 648//648 554//554
f 556//556 649//649 555//555
f 557//557 650//650 556//556
f 558//558 651//651 557//557
f 559//559 652//652 558//558
f 560//560 653//653 559//559
f 561//562 654//654 560//560
f 561//562 656//655 655//656
f 562//561 657//657 656//655
f 563//563 658//658 657//657
f 564//564 565//566 658//658
f 565//566 660//659 659//660
f 566//565 661//661 660//659
f 567//567 662//662 661//661
f 568//568 663//663 662//662
f 569//569 664//664 663//663
f 570//570 665//665 664//664
f 571//571 666//666 665//665
f 572//572 667//667 666//666
f 573//573 668//668 667//667
f 574//574 669//669 668//668
f 575//575 670//670 669//669
f 576//576 671//671 670//670
f 577//577 672//672 671//671
f 578//578 673//673 672//672
f 579//579 674//674 673//673
f 580//580 675//675 674//674
f 581//581 676//676 675//675
f 582//582 677//677 676//676
f 583//583 678//678 677//677
f 584//584 679//679 678//678
f 585//585 680//680 679//679
f 586//586 681//681 680//680
f 587//587 682//682 681//681
f 588//588 683//683 682//682
f 589//589 684//684 683//683
f 590//590 685//685 684//684
f 591//591 686//686 685//685
f 592//592 687//687 686//686
f 593//593 688//688 687//687
f 594//594 689//689 688//688
f 595//595 690//690 689//689
f 596//596 691//691 690//690
f 597//597 692//692 691//691
f 598//598 693//693 692//692
f 599//599 694//694 693//693
f 601//601 694//694 600//600
f 602//602 695//695 601//601
f 603//603 696//696 602//602
f 604//604 697//697 603//603
f 605//605 698//698 604//604
f 606//606 699//699 605//605
f 607//607 700//700 606//606
f 608//608 701//701 607//607
f 609//609 702//702 608//608
f 610//610 703//703 609//609
f 611//611 704//704 610//610
f 612//612 705//705 611//611
f 613//613 706//706 612//612
f 614//614 707//707 613//613
f 615//615 708//708 614//614
f 616//616 709//709 615//615
f 617//617 710//710 616//616
f 617//617 712//711 711//712
f 618//619 713//713 712//711
f 619//618 714//714 713//713
f 620//620 715//715 714//714
f 621//621 716//716 715//715
f 622//622 717//717 716//716
f 624//624 717//717 623//623
f 625//625 718//718 624//624
f 626//626 719//719 625//625
f 627//627 720//720 626//626
f 628//628 721//721 627//627
f 629//629 722//722 628//628
f 630//630 723//723 629//629
f 631//631 724//724 630//630
f 632//632 725//725 631//631
f 633//633 726//726 632//632
f 634//634 727//727 633//633
f 635//635 728//728 634//634
f 636//636 729//729 635//635
f 637//637 730//730 636//636
f 638//638 731//731 637//637
f 639//639 732//732 638//638
f 640//640 733//733 639//639
f 641//641 734//734 640//640
f 642//642 735//735 641//641
f 643//643 736//736 642//642
f 644//644 737//737 643//643
f 645//645 738//738 644//644
f 646//646 739//739 645//645
f 647//647 740//740 646//646
f 648//648 741//741 647//647
f 649//649 742//742 648//648
f 650//650 743//743 649//649
f 651//651 744//744 650//650
f 652//652 745//745 651//651
f 653//653 746//746 652//652
f 654//654 747//747 653//653
f 655//656 748//748 654//654
f 655//656 750//749 749//750
f 656//655 751//751 750//749
f 657//657 752//752 751//751
f 658//658 659//660 752//752
f 659//660 754//753 753//754
f 660//659 755//755 754//753
f 661//661 756//756 755//755
f 662//662 757//757 756//756
f 663//663 758//758 757//757
f 664//664 759//759 758//758
f 665//665 760//760 759//759
f 666//666 761//761 760//760
f 667//667 762//762 761//761
f 668//668 763//763 762//762
f 669//669 764//764 763//763
f 670//670 765//765 764//764
f 671//671 766//766 765//765
f 672//672 767//767 766//766
f 673//673 768//768 767//767
f 674//674 769//769 768//768
f 675//675 770//770 769//769
f 676//676 771//771 770//770
f 677//677 772//772 771//771
f 678//678 773//773 772//772
f 679//679 774//774 773//773
f 680//680 775//775 774//774
f 681//681 776//776 775//775
f 682//682 777//777 776//776
f 683//683 778//778 777//777
f 684//684 779//779 778//778
f 685//685 780//780 779//779
f 686//686 781//781 780//780
f 687//687 782//782 781//781
f 688//688 783//783 782//782
f 689//689 784//784 783//783
f 690//690 785//785 784//784
f 691//691 786//786 785//785
f 692//692 787//787 786//786
f 693//693 788//788 787//787
f 694//694 789//789 788//788
f 695//695 790//790 789//789
f 696//696 791//791 790//790
f 697//697 792//792 791//791
f 698//698 793//793 792//792
f 699//699 794//794 793//793
f 700//700 795//795 794//794
f 701//701 796//796 795//795
f 702//702 797//797 796//796
f 703//703 798//798 797//797
f 704//704 799//799 798//798
f 705//705 800//800 799//799
f 707//707 800//800 706//706
f 707//707 802//801 801//802
f 708//708 803//803 802//801
f 709//709 804//804 803//803
f 710//710 805//805 804//804
f 711//712 806//806 805//805
f 712//711 807//807 806//806
f 713//713 808//808 807//807
f 715//715 808//808 714//714
f 716//716 809//809 715//715
f 717//717 810//810 716//716
f 718//718 811//811 717//717
f 719//719 812//812 718//718
f 720//720 813//813 719//719
f 721//721 814//814 720//720
f 722//722 815//815 721//721
f 723//723 816//816 722//722
f 724//724 817//817 723//723
f 725//725 818//818 724//724
f 726//726 819//819 725//725
f 727//727 820//820 726//726
f 728//728 821//821 727//727
f 729//729 822//822 728//728
f 730//730 823//823 729//729
f 731//731 824//824 730//730
f 732//732 825//825 731//731
f 733//733 826//826 732//732
f 734//734 827//827 733//733
f 735//735 828//828 734//734
f 736//736 829//829 735//735
f 737//737 830//830 736//736
f 738//738 831//831 737//737
f 739//739 832//832 738//738
f 740//740 833//833 739//739
f 741//741 834//834 740//740
f 742//742 835//835 741//741
f 743//743 836//836 742//742
f 744//744 837//837 743//743
f 745//745 838//838 744//744
f 746//746 839//839 745//745
f 747//747 840//840 746//746
f 748//748 841//841 747//747
f 749//750 842//842 748//748
f 749//750 844//843 843//844
f 750//749 845//845 844//843
f 751//751 846//846 845//845
f 752//752 753//754 846//846
f 753//754 848//847 847//848
f 754//753 849//849 848//847
f 755//755 850//850 849//849
f 756//756 851//851 850//850
f 757//757 852//852 851//851
f 758//758 853//853 852//852
f 759//759 854//854 853//853
f 760//760 855//855 854//854
f 761//761 856//856 855//855
f 762//762 857//857 856//856
f 763//763 858//858 857//857
f 764//764 859//859 858//858
f 765//765 860//860 859//859
f 766//766 861//861 860//860
f 767//767 862//862 861//861
f 768//768 863//863 862//862
f 769//769 864//864 863//863
f 770//770 865//865 864//864
f 771//771 866//866 865//865
f 772//772 867//867 866//866
f 773//773 868//868 867//867
f 774//774 869//869 868//868
f 775//775 870//870 869//869
f 776//776 871//871 870//870
f 777//777 872//872 871//871
f 778//778 873//873 872//872
f 779//779 874//874 873//873
f 780//780 875//875 874//874
f 781//781 876//876 875//875
f 782//782 877//877 876//876
f 783//783 878//878 877//877
f 784//784 879//879 878//878
f 785//785 880//880 879//879
f 786//786 881//881 880//880
f 787//787 882//882 881//881
f 788//788 883//883 882//882
f 789//789 884//884 883//883
f 790//790 885//885 884//884
f 791//791 886//886 885//885
f 792//792 887//887 886//886
f 793//793 888//888 887//887
f 794//794 889//889 888//888
f 795//795 890//890 889//889
f 796//796 891//891 890//890
f 797//797 892//892 891//891
f 798//798 893//893 892//892
f 799//799 894//894 893//893
f 800//800 895//895 894//894
f 801//802 896//896 895//895
f 802//801 897//897 896//896
f 803//803 898//898 897//897
f 804//804 899//899 898//898
f 805//805 900//900 899//899
f 806//806 901//901 900//900
f 807//807 902//902 901//901
f 809//809 902//902 808//808
f 810//810 903//903 809//809
f 811//811 904//904 810//810
f 812//812 905//905 811//811
f 813//813 906//906 812//812
f 814//814 907//907 813//813
f 815//815 908//908 814//814
f 816//816 909//909 815//815
f 817//817 910//910 816//816
f 818//818 911//911 817//817
f 819//819 912//912 818//818
f 820//820 913//913 819//819
f 821//821 914//914 820//820
f 822//822 915//915 821//821
f 823//823 916//916 822//822
f 824//824 917//917 823//823
f 825//825 918//918 824//824
f 826//826 919//919 825//825
f 827//827 920//920 826//826
f 828//828 921//921 827//827
f 829//829 922//922 828//828
f 830//830 923//923 829//829
f 831//831 924//924 830//830
f 832//832 925//925 831//831
f 833//833 926//926 832//832
f 834//834 927//927 833//833
f 835//835 928//928 834//834
f 836//836 929//929 835//835
f 837//837 930//930 836//836
f 838//838 931//931 837//837
f 839//839 932//932 838//838
f 840//840 933//933 839//839
f 841//841 934//934 840//840
f 842//842 935//935 841//841
f 843//844 936//936 842//842
f 844//843 937//937 843//844
f 844//843 939//938 938//939
f 845//845 940//940 939//938
f 846//846 847//848 940//940
f 847//848 942//941 941//942
f 848//847 943//943 942//941
f 849//849 944//944 943//943
f 850//850 945//945 944//944
f 851//851 946//946 945//945
f 852//852 947//947 946//946
f 853//853 948//948 947//947
f 854//854 949//949 948//948
f 855//855 950//950 949//949
f 856//856 951//951 950//950
f 857//857 952//952 951//951
f 858//858 953//953 952//952
f 859//859 954//954 953//953
f 860//860 955//955 954//954
f 861//861 956//956 955//955
f 862//862 957//957 956//956
f 863//863 958//958 957//957
f 864//864 959//959 958//958
f 865//865 960//960 959//959
f 866//866 961//961 960//960
f 867//867 962//962 961//961
f 868//868 963//963 962//962
f 869//869 964//964 963//963
f 870//870 965//965 964//964
f 871//871 966//966 965//965
f 872//872 967//967 966//966
f 873//873 968//968 967//967
f 874//874 969//969 968//968
f 875//875 970//970 969//969
f 876//876 971//971 970//970
f 877//877 972//972 971//971
f 878//878 973//973 972//972
f 879//879 974//974 973//973
f 880//880 975//975 974//974
f 881//881 976//976 975//975
f 882//882 977//977 976//976
f 883//883 978//978 977//977
f 884//884 979//979 978//978
f 885//885 980//980 979//979
f 886//886 981//981 980//980
f 887//887 982//982 981//981
f 888//888 983//983 982//982
f 889//889 984//984 983//983
f 890//890 985//985 984//984
f 891//891 986//986 985//985
f 892//892 987//987 986//986
f 893//893 988//988 987//987
f 894//894 989//989 988//988
f 895//895 990//990 989//989
f 896//896 991//991 990//990
f 897//897 992//992 991//991
f 898//898 993//993 992//992
f 899//899 994//994 993//993
f 900//900 995//995 994//994
f 901//901 996//996 995//995
f 903//903 996//996 902//902
f 904//904 997//997 903//903
f 905//905 998//998 904//904
f 906//906 999//999 905//905
f 907//907 1000//1000 906//906
f 908//908 1001//1001 907//907
f 909//909 1002//1002 908//908
f 910//910 1003//1003 909//909
f 911//911 1004//1004 910//910
f 912//912 1005//1005 911//911
f 913//913 1006//1006 912//912
f 914//914 1007//1007 913//913
f 915//915 1008//1008 914//914
f 916//916 1009//1009 915//915
f 917//917 1010//1010 916//916
f 918//918 1011//1011 917//917
f 919//919 1012//1012 918//918
f 920//920 1013//1013 919//919
f 921//921 1014//1014 920//920
f 922//922 1015//1015 921//921
f 923//923 1016//1016 922//922
f 924//924 1017//1017 923//923
f 925//925 1018//1018 924//924
f 926//926 1019//1019 925//925
f 927//927 1020//1020 926//926
f 928//928 1021//1021 927//927
f 929//929 1022//1022 928//928
f 930//930 1023//1023 929//929
f 931//931 1024//1024 930//930
f 932//932 1025//1025 931//931
f 933//933 1026//1026 932//932
f 934//934 1027//1027 933//933
f 935//935 1028//1028 934//934
f 936//936 1029//1029 935//935
f 937//937 1030//1030 936//936
f 938//939 1031//1031 937//937
f 938//939 1033//1032 1032//1033
f 939//938 1034//1034 1033//1032
f 940//940 941//942 1034//1034
f 941//942 1036//1035 1035//1036
f 942//941 1037//1037 1036//1035
f 943//943 1038//1038 1037//1037
f 944//944 1039//1039 1038//1038
f 945//945 1040//1040 1039//1039
f 946//946 1041//1041 1040//1040
f 947//947 1042//1042 1041//1041
f 948//948 1043//1043 1042//1042
f 949//949 1044//1044 1043//1043
f 950//950 1045//1045 1044//1044
f 951//951 1046//1046 1045//1045
f 952//952 1047//1047 1046//1046
f 953//953 1048//1048 1047//1047
f 954//954 1049//1049 1048//1048
f 955//955 1050//1050 1049//1049
f 956//956 1051//1051 1050//1050
f 957//957 1052//1052 1051//1051
f 958//958 1053//1053 1052//1052
f 959//959 1054//1054 1053//1053
f 960//960 1055//1055 1054//1054
f 961//961 1056//1056 1055//1055
f 962//962 1057//1057 1056//1056
f 963//963 1058//1058 1057//1057
f 964//964 1059//1059 1058//1058
f 965//965 1060//1060 1059//1059
f 966//966 1061//1061 1060//1060
f 967//967 1062//1062 1061//1061
f 968//968 1063//1063 1062//1062
f 969//969 1064//1064 1063//1063
f 970//970 1065//1065 1064//1064
f 971//971 1066//1066 1065//1065
f 972//972 1067//1067 1066//1066
f 973//973 1068//1068 1067//1067
f 974//974 1069//1069 1068//1068
f 975//975 1070//1070 1069//1069
f 976//976 1071//1071 1070//1070
f 977//977 1072//1072 1071//1071
f 978//978 1073//1073 1072//1072
f 979//979 1074//1074 1073//1073
f 980//980 1075//1075 1074//1074
f 981//981 1076//1076 1075//1075
f 982//982 1077//1077 1076//1076
f 983//983 1078//1078 1077//1077
f 984//984 1079//1079 1078//1078
f 985//985 1080//1080 1079//1079
f 986//986 1081//1081 1080//1080
f 987//987 1082//1082 1081//1081
f 988//988 1083//1083 1082//1082
f 989//989 1084//1084 1083//1083
f 990//990 1085//1085 1084//1084
f 991//991 1086//1086 1085//1085
f 992//992 1087//1087 1086//1086
f 993//993 1088//1088 1087//1087
f 994//994 1089//1089 1088//1088
f 996//996 1089//1089 995//995
f 997//997 1090//1090 996//996
f 998//998 1091//1091 997//997
f 999//999 1092//1092 998//998
f 1000//1000 1093//1093 999//999
f 1001//1001 1094//1094 1000//1000
f 1002//1002 1095//1095 1001//1001
f 1003//1003 1096//1096 1002//1002
f 1004//1004 1097//1097 1003//1003
f 1005//1005 1098//1098 1004//1004
f 1006//1006 1099//1099 1005//1005
f 1007//1007 1100//1100 1006//1006
f 1008//1008 1101//1101 1007//1007
f 1009//1009 1102//1102 1008//1008
f 1010//1010 1103//1103 1009//1009
f 1011//1011 1104//1104 1010//1010
f 1012//1012 1105//1105 1011//1011
f 1013//1013 1106//1106 1012//1012
f 1014//1014 1107//1107 1013//1013
f 1015//1015 1108//1108 1014//1014
f 1016//1016 1109//1109 1015//1015
f 1017//1017 1110//1110 1016//1016
f 1018//1018 1111//1111 1017//1017
f 1019//1019 1112//1112 1018//1018
f 1020//1020 1113//1113 1019//1019
f 1021//1021 1114//1114 1020//1020
f 1022//1022 1115//1115 1021//1021
f 1023//1023 1116//1116 1022//1022
f 1024//1024 1117//1117 1023//1023
f 1025//1025 1118//1118 1024//1024
f 1026//1026 1119//1119 1025//1025
f 1027//1027 1120//1120 1026//1026
f 1028//1028 1121//1121 1027//1027
f 1029//1029 1122//1122 1028//1028
f 1030//1030 1123//1123 1029//1029
f 1031//1031 1124//1124 1030//1030
f 1032//1033 1125//1125 1031//1031
f 1032//1033 1127//1126 1126//1127
f 1033//1032 1128//1128 1127//1126
f 1034//1034 1035//1036 1128//1128
f 1035//1036 1130//1129 1129//1130
f 1036//1035 1131//1131 1130//1129
f 1037//1037 1132//1132 1131//1131
f 1038//1038 1133//1133 1132//1132
f 1039//1039 1134//1134 1133//1133
f 1040//1040 1135//1135 1134//1134
f 1041//1041 1136//1136 1135//1135
f 1042//1042 1137//1137 1136//1136
f 1043//1043 1138//1138 1137//1137
f 1044//1044 1139//1139 1138//1138
f 1045//1045 1140//1140 1139//1139
f 1046//1046 1141//1141 1140//1140
f 1047//1047 1142//1142 1141//1141
f 1048//1048 1143//1143 1142//1142
f 1049//1049 1144//1144 1143//1143
f 1050//1050 1145//1145 1144//1144
f 1051//1051 1146//1146 1145//1145
f 1052//1052 1147//1147 1146//1146
f 1053//1053 1148//1148 1147//1147
f 1054//1054 1149//1149 1148//1148
f 1055//1055 1150//1150 1149//1149
f 1056//1056 1151//1151 1150//1150
f 1057//1057 1152//1152 1151//1151
f 1058//1058 1153//1153 1152//1152
f 1059//1059 1154//1154 1153//1153
f 1060//1060 1155//1155 1154//1154
f 1061//1061 1156//1156 1155//1155
f 1062//1062 1157//1157 1156//1156
f 1063//1063 1158//1158 1157//1157
f 1064//1064 1159//1159 1158//1158
f 1065//1065 1160//1160 1159//1159
f 1066//1066 1161//1161 1160//1160
f 1067//1067 1162//1162 1161//1161
f 1068//1068 1163//1163 1162//1162
f 1069//1069 1164//1164 1163//1163
f 1070//1070 1165//1165 1164//1164
f 1071//1071 1166//1166 1165//1165
f 1072//1072 1167//1167 1166//1166
f 1073//1073 1168//1168 1167//1167
f 1074//1074 1169//1169 1168//1168
f 1075//1075 1170//1170 1169//1169
f 1076//1076 1171//1171 1170//1170
f 1077//1077 1172//1172 1171//1171
f 1078//1078 1173//1173 1172//1172
f 1079//1079 1174//1174 1173//1173
f 1080//1080 1175//1175 1174//1174
f 1081//1081 1176//1176 1175//1175
f 1082//1082 1177//1177 1176//1176
f 1083//1083 1178//1178 1177//1177
f 1084//1084 1179//1179 1178//1178
f 1085//1085 1180//1180 1179//1179
f 1086//1086 1181//1181 1180//1180
f 1087//1087 1182//1182 1181//1181
f 1088//1088 1183//1183 1182//1182
f 1089//1089 1184//1184 1183//1183
f 1090//1090 1185//1185 1184//1184
f 1092//1092 1185//1185 1091//1091
f 1093//1093 1186//1186 1092//1092
f 1094//1094 1187//1187 1093//1093
f 1095//1095 1188//1188 1094//1094
f 1096//1096 1189//1189 1095//1095
f 1097//1097 1190//1190 1096//1096
f 1098//1098 1191//1191 1097//1097
f 1099//1099 1192//1192 1098//1098
f 1100//1100 1193//1193 1099//1099
f 1101//1101 1194//1194 1100//1100
f 1102//1102 1195//1195 1101//1101
f 1103//1103 1196//1196 1102//1102
f 1104//1104 1197//1197 1103//1103
f 1105//1105 1198//1198 1104//1104
f 1106//1106 1199//1199 1105//1105
f 1107//1107 1200//1200 1106//1106
f 1108//1108 1201//1201 1107//1107
f 1109//1109 1202//1202 1108//1108
f 1110//1110 1203//1203 1109//1109
f 1111//1111 1204//1204 1110//1110
f 1112//1112 1205//1205 1111//1111
f 1113//1113 1206//1206 1112//1112
f 1114//1114 1207//1207 1113//1113
f 1115//1115 1208//1208 1114//1114
f 1116//1116 1209//1209 1115//1115
f 1117//1117 1210//1210 1116//1116
f 1118//1118 1211//1211 1117//1117
f 1119//1119 1212//1212 1118//1118
f 1120//1120 1213//1213 1119//1119
f 1121//1121 1214//1214 1120//1120
f 1122//1122 1215//1215 1121//1121
f 1123//1123 1216//1216 1122//1122
f 1124//1124 1217//1217 1123//1123
f 1125//1125 1218//1218 1124//1124
f 1126//1127 1219//1219 1125//1125
f 1127//1126 1220//1220 1126//1127
f 1128//1128 1221//1221 1127//1126
f 1128//1128 1129//1130 1222//1222
f 1129//1130 1224//1223 1223//1224
f 1130//1129 1225//1225 1224//1223
f 1131//1131 1226//1226 1225//1225
f 1132//1132 1227//1227 1226//1226
f 1133//1133 1228//1228 1227//1227
f 1134//1134 1229//1229 1228//1228
f 1135//1135 1230//1230 1229//1229
f 1136//1136 1231//1231 1230//1230
f 1137//1137 1232//1232 1231//1231
f 1138//1138 1233//1233 1232//1232
f 1139//1139 1234//1234 1233//1233
f 1140//1140 1235//1235 1234//1234
f 1141//1141 1236//1236 1235//1235
f 1142//1142 1237//1237 1236//1236
f 1143//1143 1238//1238 1237//1237
f 1144//1144 1239//1239 1238//1238
f 1145//1145 1240//1240 1239//1239
f 1146//1146 1241//1241 1240//1240
f 1147//1147 1242//1242 1241//1241
f 1148//1148 1243//1243 1242//1242
f 1149//1149 1244//1244 1243//1243
f 1150//1150 1245//1245 1244//1244
f 1151//1151 1246//1246 1245//1245
f 1152//1152 1247//1247 1246//1246
f 1153//1153 1248//1248 1247//1247
f 1154//1154 1249//1249 1248//1248
f 1155//1155 1250//1250 1249//1249
f 1156//1156 1251//1251 1250//1250
f 1157//1157 1252//1252 1251//1251
f 1158//1158 1253//1253 1252//1252
f 1159//1159 1254//1254 1253//1253
f 1160//1160 1255//1255 1254//1254
f 1161//1161 1256//1256 1255//1255
f 1162//1162 1257//1257 1256//1256
f 1163//1163 1258//1258 1257//1257
f 1164//1164 1259//1259 1258//1258
f 1165//1165 1260//1260 1259//1259
f 1166//1166 1261//1261 1260//1260
f 1167//1167 1262//1262 1261//1261
f 1168//1168 1263//1263 1262//1262
f 1169//1169 1264//1264 1263//1263
f 1170//1170 1265//1265 1264//1264
f 1171//1171 1266//1266 1265//1265
f 1172//1172 1267//1267 1266//1266
f 1173//1173 1268//1268 1267//1267
f 1174//1174 1269//1269 1268//1268
f 1175//1175 1270//1270 1269//1269
f 1176//1176 1271//1271 1270//1270
f 1177//1177 1272//1272 1271//1271
f 1178//1178 1273//1273 1272//1272
f 1179//1179 1274//1274 1273//1273
f 1180//1180 1275//1275 1274//1274
f 1181//1181 1276//1276 1275//1275
f 1182//1182 1277//1277 1276//1276
f 1183//1183 1278//1278 1277//1277
f 1184//1184 1279//1279 1278//1278
f 1185//1185 1280//1280 1279//1279
f 1187//1187 1280//1280 1186//1186
f 1188//1188 1281//1281 1187//1187
f 1189//1189 1282//1282 1188//1188
f 1190//1190 1283//1283 1189//1189
f 1191//1191 1284//1284 1190//1190
f 1192//1192 1285//1285 1191//1191
f 1193//1193 1286//1286 1192//1192
f 1194//1194 1287//1287 1193//1193
f 1195//1195 1288//1288 1194//1194
f 1196//1196 1289//1289 1195//1195
f 1197//1197 1290//1290 1196//1196
f 1198//1198 1291//1291 1197//1197
f 1199//1199 1292//1292 1198//1198
f 1200//1200 1293//1293 1199//1199
f 1201//1201 1294//1294 1200//1200
f 1202//1202 1295//1295 1201//1201
f 1203//1203 1296//1296 1202//1202
f 1204//1204 1297//1297 1203//1203
f 1205//1205 1298//1298 1204//1204
f 1206//1206 1299//1299 1205//1205
f 1207//1207 1300//1300 1206//1206
f 1208//1208 1301//1301 1207//1207
f 1209//1209 1302//1302 1208//1208
f 1210//1210 1303//1303 1209//1209
f 1211//1211 1304//1304 1210//1210
f 1212//1212 1305//1305 1211//1211
f 1213//1213 1306//1306 1212//1212
f 1214//1214 1307//1307 1213//1213
f 1215//1215 1308//1308 1214//1214
f 1216//1216 1309//1309 1215//1215
f 1217//1217 1310//1310 1216//1216
f 1218//1218 1311//1311 1217//1217
f 1219//1219 1312//1312 1218//1218
f 1220//1220 1313//1313 1219//1219
f 1221//1221 1314//1314 1220//1220
f 1222//1222 1315//1315 1221//1221
f 1222//1222 1223//1224 1316//1316
f 1223//1224 1318//1317 1317//1318
f 1224//1223 1319//1319 1318//1317
f 1225//1225 1320//1320 1319//1319
f 1226//1226 1321//1321 1320//1320
f 1227//1227 1322//1322 1321//1321
f 1228//1228 1323//1323 1322//1322
f 1229//1229 1324//1324 1323//1323
f 1230//1230 1325//1325 1324//1324
f 1231//1231 1326//1326 1325//1325
f 1232//1232 1327//1327 1326//1326
f 1233//1233 1328//1328 1327//1327
f 1234//1234 1329//1329 1328//1328
f 1235//1235 1330//1330 1329//1329
f 1236//1236 1331//1331 1330//1330
f 1237//1237 1332//1332 1331//1331
f 1238//1238 1333//1333 1332//1332
f 1239//1239 1334//1334 1333//1333
f 1240//1240 1335//1335 1334//1334
f 1241//1241 1336//1336 1335//1335
f 1242//1242 1337//1337 1336//1336
f 1243//1243 1338//1338 1337//1337
f 1244//1244 1339//1339 1338//1338
f 1245//1245 1340//1340 1339//1339
f 1246//1246 1341//1341 1340//1340
f 1247//1247 1342//1342 1341//1341
f 1248//1248 1343//1343 1342//1342
f 1249//1249 1344//1344 1343//1343
f 1250//1250 1345//1345 1344//1344
f 1251//1251 1346//1346 1345//1345
f 1252//1252 1347//1347 1346//1346
f 1253//1253 1348//1348 1347//1347
f 1254//1254 1349//1349 1348//1348
f 1255//1255 1350//1350 1349//1349
f 1256//1256 1351//1351 1350//1350
f 1257//1257 1352//1352 1351//1351
f 1258//1258 1353//1353 1352//1352
f 1259//1259 1354//1354 1353//1353
f 1260//1260 1355//1355 1354//1354
f 1261//1261 1356//1356 1355//1355
f 1262//1262 1357//1357 1356//1356
f 1263//1263 1358//1358 1357//1357
f 1264//1264 1359//1359 1358//1358
f 1265//1265 1360//1360 1359//1359
f 1266//1266 1361//1361 1360//1360
f 1267//1267 1362//1362 1361//1361
f 1268//1268 1363//1363 1362//1362
f 1269//1269 1364//1364 1363//1363
f 1270//1270 1365//1365 1364//1364
f 1271//1271 1366//1366 1365//1365
f 1272//1272 1367//1367 1366//1366
f 1273//1273 1368//1368 1367//1367
f 1274//1274 1369//1369 1368//1368
f 1275//1275 1370//1370 1369//1369
f 1276//1276 1371//1371 1370//1370
f 1277//1277 1372//1372 1371//1371
f 1278//1278 1373//1373 1372//1372
f 1279//1279 1374//1374 1373//1373
f 1280//1280 1375//1375 1374//1374
f 1282//1282 1375//1375 1281//1281
f 1283//1283 1376//1376 1282//1282
f 1284//1284 1377//1377 1283//1283
f 1285//1285 1378//1378 1284//1284
f 1286//1286 1379//1379 1285//1285
f 1287//1287 1380//1380 1286//1286
f 1288//1288 1381//1381 1287//1287
f 1288//1288 1383//1382 1382//1383
f 1289//1289 1384//1384 1383//1382
f 1290//1290 1385//1385 1384//1384
f 1291//1291 1386//1386 1385//1385
f 1292//1292 1387//1387 1386//1386
f 1293//1293 1388//1388 1387//1387
f 1295//1295 1388//1388 1294//1294
f 1296//1296 1389//1389 1295//1295
f 1297//1297 1390//1390 1296//1296
f 1298//1298 1391//1391 1297//1297
f 1299//1299 1392//1392 1298//1298
f 1300//1300 1393//1393 1299//1299
f 1301//1301 1394//1394 1300//1300
f 1302//1302 1395//1395 1301//1301
f 1303//1303 1396//1396 1302//1302
f 1304//1304 1397//1397 1303//1303
f 1305//1305 1398//1398 1304//1304
f 1306//1306 1399//1399 1305//1305
f 1307//1307 1400//1400 1306//1306
f 1308//1308 1401//1401 1307//1307
f 1309//1309 1402//1402 1308//1308
f 1310//1310 1403//1403 1309//1309
f 1311//1311 1404//1404 1310//1310
f 1312//1312 1405//1405 1311//1311
f 1313//1313 1406//1406 1312//1312
f 1314//1314 1407//1407 1313//1313
f 1314//1314 1409//1408 1408//1409
f 1315//1315 1410//1410 1409//1408
f 1316//1316 1317//1318 1410//1410
f 1317//1318 1412//1411 1411//1412
f 1318//1317 1413//1413 1412//1411
f 1319//1319 1414//1414 1413//1413
f 1320//1320 1415//1415 1414//1414
f 1321//1321 1416//1416 1415//1415
f 1322//1322 1417//1417 1416//1416
f 1323//1323 1418//1418 1417//1417
f 1324//1324 1419//1419 1418//1418
f 1325//1325 1420//1420 1419//1419
f 1326//1326 1421//1421 1420//1420
f 1327//1327 1422//1422 1421//1421
f 1328//1328 1423//1423 1422//1422
f 1329//1329 1424//1424 1423//1423
f 1330//1330 1425//1425 1424//1424
f 1331//1331 1426//1426 1425//1425
f 1332//1332 1427//1427 1426//1426
f 1333//1333 1428//1428 1427//1427
f 1334//1334 1429//1429 1428//1428
f 1335//1335 1430//1430 1429//1429
f 1336//1336 1431//1431 1430//1430
f 1337//1337 1432//1432 1431//1431
f 1338//1338 1433//1433 1432//1432
f 1339//1339 1434//1434 1433//1433
f 1340//1340 1435//1435 1434//1434
f 1341//1341 1436//1436 1435//1435
f 1342//1342 1437//1437 1436//1436
f 1343//1343 1438//1438 1437//1437
f 1344//1344 1439//1439 1438//1438
f 1345//1345 1440//1440 1439//1439
f 1346//1346 1441//1441 1440//1440
f 1347//1347 1442//1442 1441//1441
f 1348//1348 1443//1443 1442//1442
f 1349//1349 1444//1444 1443//1443
f 1350//1350 1445//1445 1444//1444
f 1351//1351 1446//1446 1445//1445
f 1352//1352 1447//1447 1446//1446
f 1353//1353 1448//1448 1447//1447
f 1354//1354 1449//1449 1448//1448
f 1355//1355 1450//1450 1449//1449
f 1356//1356 1451//1451 1450//1450
f 1357//1357 1452//1452 1451//1451
f 1358//1358 1453//1453 1452//1452
f 1359//1359 1454//1454 1453//1453
f 1360//1360 1455//1455 1454//1454
f 1361//1361 1456//1456 1455//1455
f 1362//1362 1457//1457 1456//1456
f 1363//1363 1458//1458 1457//1457
f 1364//1364 1459//1459 1458//1458
f 1365//1365 1460//1460 1459//1459
f 1366//1366 1461//1461 1460//1460
f 1367//1367 1462//1462 1461//1461
f 1368//1368 1463//1463 1462//1462
f 1369//1369 1464//1464 1463//1463
f 1370//1370 1465//1465 1464//1464
f 1371//1371 1466//1466 1465//1465
f 1372//1372 1467//1467 1466//1466
f 1373//1373 1468//1468 1467//1467
f 1374//1374 1469//1469 1468//1468
f 1375//1375 1470//1470 1469//1469
f 1376//1376 1471//1471 1470//1470
f 1377//1377 1472//1472 1471//1471
f 1378//1378 1473//1473 1472//1472
f 1379//1379 1474//1474 1473//1473
f 1380//1380 1475//1475 1474//1474
f 1381//1381 1476//1476 1475//1475
f 1382//1383 1477//1477 1476//1476
f 1383//1382 1478//1478 1477//1477
f 1384//1384 1479//1479 1478//1478
f 1385//1385 1480//1480 1479//1479
f 1386//1386 1481//1481 1480//1480
f 1387//1387 1482//1482 1481//1481
f 1388//1388 1483//1483 1482//1482
f 1389//1389 1484//1484 1483//1483
f 1390//1390 1485//1485 1484//1484
f 1391//1391 1486//1486 1485//1485
f 1392//1392 1487//1487 1486//1486
f 1393//1393 1488//1488 1487//1487
f 1394//1394 1489//1489 1488//1488
f 1395//1395 1490//1490 1489//1489
f 1396//1396 1491//1491 1490//1490
f 1397//1397 1492//1492 1491//1491
f 1398//1398 1493//1493 1492//1492
f 1399//1399 1494//1494 1493//1493
f 1400//1400 1495//1495 1494//1494
f 1401//1401 1496//1496 1495//1495
f 1402//1402 1497//1497 1496//1496
f 1403//1403 1498//1498 1497//1497
f 1404//1404 1499//1499 1498//1498
f 1405//1405 1500//1500 1499//1499
f 1406//1406 1501//1501 1500//1500
f 1407//1407 1502//1502 1501//1501
f 1408//1409 1503//1503 1502//1502
f 1409//1408 1504//1504 1503//1503
f 1410//1410 1411//1412 1504//1504
f 1412//1411 1505//1505 1411//1412
f 1413//1413 1506//1506 1412//1411
f 1414//1414 1507//1507 1413//1413
f 1415//1415 1508//1508 1414//1414
f 1416//1416 1509//1509 1415//1415
f 1417//1417 1510//1510 1416//1416
f 1418//1418 1511//1511 1417//1417
f 1419//1419 1512//1512 1418//1418
f 1420//1420 1513//1513 1419//1419
f 1421//1421 1514//1514 1420//1420
f 1422//1422 1515//1515 1421//1421
f 1423//1423 1516//1516 1422//1422
f 1424//1424 1517//1517 1423//1423
f 1425//1425 1518//1518 1424//1424
f 1426//1426 1519//1519 1425//1425
f 1427//1427 1520//1520 1426//1426
f 1428//1428 1521//1521 1427//1427
f 1429//1429 1522//1522 1428//1428
f 1430//1430 1523//1523 1429//1429
f 1430//1430 1525//1524 1524//1525
f 1431//1431 1526//1526 1525//1524
f 1432//1432 1527//1527 1526//1526
f 1433//1433 1528//1528 1527//1527
f 1434//1434 1529//1529 1528//1528
f 1435//1435 1530//1530 1529//1529
f 1436//1436 1531//1531 1530//1530
f 1437//1437 1532//1532 1531//1531
f 1438//1438 1533//1533 1532//1532
f 1439//1439 1534//1534 1533//1533
f 1440//1440 1535//1535 1534//1534
f 1441//1441 1536//1536 1535//1535
f 1442//1442 1537//1537 1536//1536
f 1443//1443 1538//1538 1537//1537
f 1444//1444 1539//1539 1538//1538
f 1445//1445 1540//1540 1539//1539
f 1446//1446 1541//1541 1540//1540
f 1447//1447 1542//1542 1541//1541
f 1448//1448 1543//1543 1542//1542
f 1449//1449 1544//1544 1543//1543
f 1450//1450 1545//1545 1544//1544
f 1451//1451 1546//1546 1545//1545
f 1452//1452 1547//1547 1546//1546
f 1453//1453 1548//1548 1547//1547
f 1454//1454 1549//1549 1548//1548
f 1455//1455 1550//1550 1549//1549
f 1456//1456 1551//1551 1550//1550
f 1457//1457 1552//1552 1551//1551
f 1458//1458 1553//1553 1552//1552
f 1459//1459 1554//1554 1553//1553
f 1460//1460 1555//1555 1554//1554
f 1461//1461 1556//1556 1555//1555
f 1462//1462 1557//1557 1556//1556
f 1463//1463 1558//1558 1557//1557
f 1464//1464 1559//1559 1558//1558
f 1465//1465 1560//1560 1559//1559
f 1466//1466 1561//1561 1560//1560
f 1467//1467 1562//1562 1561//1561
f 1468//1468 1563//1563 1562//1562
f 1469//1469 1564//1564 1563//1563
f 1470//1470 1565//1565 1564//1564
f 1471//1471 1566//1566 1565//1565
f 1472//1472 1567//1567 1566//1566
f 1473//1473 1568//1568 1567//1567
f 1474//1474 1569//1569 1568//1568
f 1475//1475 1570//1570 1569//1569
f 1476//1476 1571//1571 1570//1570
f 1477//1477 1572//1572 1571//1571
f 1478//1478 1573//1573 1572//1572
f 1479//1479 1574//1574 1573//1573
f 1480//1480 1575//1575 1574//1574
f 1481//1481 1576//1576 1575//1575
f 1482//1482 1577//1577 1576//1576
f 1483//1483 1578//1578 1577//1577
f 1484//1484 1579//1579 1578//1578
f 1485//1485 1580//1580 1579//1579
f 1486//1486 1581//1581 1580//1580
f 1487//1487 1582//1582 1581//1581
f 1488//1488 1583//1583 1582//1582
f 1489//1489 1584//1584 1583//1583
f 1490//1490 1585//1585 1584//1584
f 1491//1491 1586//1586 1585//1585
f 1492//1492 1587//1587 1586//1586
f 1493//1493 1588//1588 1587//1587
f 1494//1494 1589//1589 1588//1588
f 1495//1495 1590//1590 1589//1589
f 1496//1496 1591//1591 1590//1590
f 1497//1497 1592//1592 1591//1591
f 1498//1498 1593//1593 1592//1592
f 1499//1499 1594//1594 1593//1593
f 1500//1500 1595//1595 1594//1594
f 1501//1501 1596//1596 1595//1595
f 1502//1502 1597//1597 1596//1596
f 1503//1503 1598//1598 1597//1597
f 1504//1504 1505//1505 1598//1598
f 1506//1506 1599//1599 1505//1505
f 1507//1507 1600//1600 1506//1506
f 1508//1508 1601//1601 1507//1507
f 1509//1509 1602//1602 1508//1508
f 1510//1510 1603//1603 1509//1509
f 1511//1511 1604//1604 1510//1510
f 1512//1512 1605//1605 1511//1511
f 1513//1513 1606//1606 1512//1512
f 1514//1514 1607//1607 1513//1513
f 1515//1515 1608//1608 1514//1514
f 1516//1516 1609//1609 1515//1515
f 1517//1517 1610//1610 1516//1516
f 1518//1518 1611//1611 1517//1517
f 1519//1519 1612//1612 1518//1518
f 1520//1520 1613//1613 1519//1519
f 1521//1521 1614//1614 1520//1520
f 1522//1522 1615//1615 1521//1521
f 1523//1523 1616//1616 1522//1522
f 1524//1525 1617//1617 1523//1523
f 1525//1524 1618//1618 1524//1525
f 1526//1526 1619//1619 1525//1524
f 1527//1527 1620//1620 1526//1526
f 1528//1528 1621//1621 1527//1527
f 1529//1529 1622//1622 1528//1528
f 1530//1530 1623//1623 1529//1529
f 1531//1531 1624//1624 1530//1530
f 1532//1532 1625//1625 1531//1531
f 1532//1532 1627//1626 1626//1627
f 1533//1533 1628//1628 1627//1626
f 1534//1534 1629//1629 1628//1628
f 1535//1535 1630//1630 1629//1629
f 1536//1536 1631//1631 1630//1630
f 1537//1537 1632//1632 1631//1631
f 1538//1538 1633//1633 1632//1632
f 1539//1539 1634//1634 1633//1633
f 1541//1541 1634//1634 1540//1540
f 1542//1542 1635//1635 1541//1541
f 1543//1543 1636//1636 1542//1542
f 1544//1544 1637//1637 1543//1543
f 1545//1545 1638//1638 1544//1544
f 1546//1546 1639//1639 1545//1545
f 1547//1547 1640//1640 1546//1546
f 1548//1548 1641//1641 1547//1547
f 1549//1549 1642//1642 1548//1548
f 1550//1550 1643//1643 1549//1549
f 1551//1551 1644//1644 1550//1550
f 1552//1552 1645//1645 1551//1551
f 1553//1553 1646//1646 1552//1552
f 1554//1554 1647//1647 1553//1553
f 1555//1555 1648//1648 1554//1554
f 1556//1556 1649//1649 1555//1555
f 1557//1557 1650//1650 1556//1556
f 1558//1558 1651//1651 1557//1557
f 1559//1559 1652//1652 1558//1558
f 1560//1560 1653//1653 1559//1559
f 1560//1560 1655//1654 1654//1655
f 1561//1561 1656//1656 1655//1654
f 1562//1562 1657//1657 1656//1656
f 1563//1563 1658//1658 1657//1657
f 1564//1564 1659//1659 1658//1658
f 1565//1565 1660//1660 1659//1659
f 1566//1566 1661//1661 1660//1660
f 1567//1567 1662//1662 1661//1661
f 1568//1568 1663//1663 1662//1662
f 1569//1569 1664//1664 1663//1663
f 1570//1570 1665//1665 1664//1664
f 1571//1571 1666//1666 1665//1665
f 1572//1572 1667//1667 1666//1666
f 1573//1573 1668//1668 1667//1667
f 1574//1574 1669//1669 1668//1668
f 1575//1575 1670//1670 1669//1669
f 1576//1576 1671//1671 1670//1670
f 1577//1577 1672//1672 1671//1671
f 1578//1578 1673//1673 1672//1672
f 1579//1579 1674//1674 1673//1673
f 1580//1580 1675//1675 1674//1674
f 1581//1581 1676//1676 1675//1675
f 1582//1582 1677//1677 1676//1676
f 1583//1583 1678//1678 1677//1677
f 1584//1584 1679//1679 1678//1678
f 1585//1585 1680//1680 1679//1679
f 1586//1586 1681//1681 1680//1680
f 1587//1587 1682//1682 1681//1681
f 1588//1588 1683//1683 1682//1682
f 1589//1589 1684//1684 1683//1683
f 1590//1590 1685//1685 1684//1684
f 1591//1591 1686//1686 1685//1685
f 1592//1592 1687//1687 1686//1686
f 1593//1593 1688//1688 1687//1687
f 1594//1594 1689//1689 1688//1688
f 1595//1595 1690//1690 1689//1689
f 1596//1596 1691//1691 1690//1690
f 1597//1597 1692//1692 1691//1691
f 1598//1598 1599//1599 1692//1692
f 1600//1600 1693//1693 1599//1599
f 1601//1601 1694//1694 1600//1600
f 1602//1602 1695//1695 1601//1601
f 1603//1603 1696//1696 1602//1602
f 1604//1604 1697//1697 1603//1603
f 1605//1605 1698//1698 1604//1604
f 1606//1606 1699//1699 1605//1605
f 1607//1607 1700//1700 1606//1606
f 1608//1608 1701//1701 1607//1607
f 1609//1609 1702//1702 1608//1608
f 1610//1610 1703//1703 1609//1609
f 1611//1611 1704//1704 1610//1610
f 1612//1612 1705//1705 1611//1611
f 1613//1613 1706//1706 1612//1612
f 1614//1614 1707//1707 1613//1613
f 1615//1615 1708//1708 1614//1614
f 1616//1616 1709//1709 1615//1615
f 1617//1617 1710//1710 1616//1616
f 1618//1618 1711//1711 1617//1617
f 1619//1619 1712//1712 1618//1618
f 1620//1620 1713//1713 1619//1619
f 1621//1621 1714//1714 1620//1620
f 1622//1622 1715//1715 1621//1621
f 1623//1623 1716//1716 1622//1622
f 1624//1624 1717//1717 1623//1623
f 1625//1625 1718//1718 1624//1624
f 1626//1627 1719//1719 1625//1625
f 1627//1626 1720//1720 1626//1627
f 1628//1628 1721//1721 1627//1626
f 1629//1629 1722//1722 1628//1628
f 1630//1630 1723//1723 1629//1629
f 1631//1631 1724//1724 1630//1630
f 1632//1632 1725//1725 1631//1631
f 1633//1633 1726//1726 1632//1632
f 1634//1634 1727//1727 1633//1633
f 1635//1635 1728//1728 1634//1634
f 1636//1636 1729//1729 1635//1635
f 1637//1637 1730//1730 1636//1636
f 1638//1638 1731//1731 1637//1637
f 1639//1639 1732//1732 1638//1638
f 1640//1640 1733//1733 1639//1639
f 1641//1641 1734//1734 1640//1640
f 1642//1642 1735//1735 1641//1641
f 1643//1643 1736//1736 1642//1642
f 1644//1644 1737//1737 1643//1643
f 1645//1645 1738//1738 1644//1644
f 1646//1646 1739//1739 1645//1645
f 1647//1647 1740//1740 1646//1646
f 1648//1648 1741//1741 1647//1647
f 1649//1649 1742//1742 1648//1648
f 1650//1650 1743//1743 1649//1649
f 1651//1651 1744//1744 1650//1650
f 1652//1652 1745//1745 1651//1651
f 1653//1653 1746//1746 1652//1652
f 1654//1655 1747//1747 1653//1653
f 1655//1654 1748//1748 1654//1655
f 1655//1654 1750//1749 1749//1750
f 1656//1656 1751//1751 1750//1749
f 1657//1657 1752//1752 1751//1751
f 1658//1658 1753//1753 1752//1752
f 1659//1659 1754//1754 1753//1753
f 1660//1660 1755//1755 1754//1754
f 1661//1661 1756//1756 1755//1755
f 1662//1662 1757//1757 1756//1756
f 1663//1663 1758//1758 1757//1757
f 1664//1664 1759//1759 1758//1758
f 1665//1665 1760//1760 1759//1759
f 1666//1666 1761//1761 1760//1760
f 1667//1667 1762//1762 1761//1761
f 1668//1668 1763//1763 1762//1762
f 1669//1669 1764//1764 1763//1763
f 1670//1670 1765//1765 1764//1764
f 1671//1671 1766//1766 1765//1765
f 1672//1672 1767//1767 1766//1766
f 1673//1673 1768//1768 1767//1767
f 1674//1674 1769//1769 1768//1768
f 1675//1675 1770//1770 1769//1769
f 1676//1676 1771//1771 1770//1770
f 1677//1677 1772//1772 1771//1771
f 1678//1678 1773//1773 1772//1772
f 1679//1679 1774//1774 1773//1773
f 1680//1680 1775//1775 1774//1774
f 1681//1681 1776//1776 1775//1775
f 1682//1682 1777//1777 1776//1776
f 1683//1683 1778//1778 1777//1777
f 1684//1684 1779//1779 1778//1778
f 1685//1685 1780//1780 1779//1779
f 1686//1686 1781//1781 1780//1780
f 1687//1687 1782//1782 1781//1781
f 1688//1688 1783//1783 1782//1782
f 1689//1689 1784//1784 1783//1783
f 1690//1690 1785//1785 1784//1784
f 1691//1691 1786//1786 1785//1785
f 1692//1692 1693//1693 1786//1786
f 1694//1694 1787//1787 1693//1693
f 1695//1695 1788//1788 1694//1694
f 1696//1696 1789//1789 1695//1695
f 1697//1697 1790//1790 1696//1696
f 1698//1698 1791//1791 1697//1697
f 1699//1699 1792//1792 1698//1698
f 1700//1700 1793//1793 1699//1699
f 1701//1701 1794//1794 1700//1700
f 1702//1702 1795//1795 1701//1701
f 1703//1703 1796//1796 1702//1702
f 1704//1704 1797//1797 1703//1703
f 1705//1705 1798//1798 1704//1704
f 1706//1706 1799//1799 1705//1705
f 1707//1707 1800//1800 1706//1706
f 1708//1708 1801//1801 1707//1707
f 1709//1709 1802//1802 1708//1708
f 1710//1710 1803//1803 1709//1709
f 1711//1711 1804//1804 1710//1710
f 1712//1712 1805//1805 1711//1711
f 1713//1713 1806//1806 1712//1712
f 1714//1714 1807//1807 1713//1713
f 1715//1715 1808//1808 1714//1714
f 1716//1716 1809//1809 1715//1715
f 1717//1717 1810//1810 1716//1716
f 1718//1718 1811//1811 1717//1717
f 1719//1719 1812//1812 1718//1718
f 1720//1720 1813//1813 1719//1719
f 1721//1721 1814//1814 1720//1720
f 1722//1722 1815//1815 1721//1721
f 1723//1723 1816//1816 1722//1722
f 1724//1724 1817//1817 1723//1723
f 1725//1725 1818//1818 1724//1724
f 1726//1726 1819//1819 1725//1725
f 1727//1727 1820//1820 1726//1726
f 1728//1728 1821//1821 1727//1727
f 1729//1729 1822//1822 1728//1728
f 1730//1730 1823//1823 1729//1729
f 1731//1731 1824//1824 1730//1730
f 1732//1732 1825//1825 1731//1731
f 1733//1733 1826//1826 1732//1732
f 1734//1734 1827//1827 1733//1733
f 1735//1735 1828//1828 1734//1734
f 1736//1736 1829//1829 1735//1735
f 1737//1737 1830//1830 1736//1736
f 1738//1738 1831//1831 1737//1737
f 1739//1739 1832//1832 1738//1738
f 1740//1740 1833//1833 1739//1739
f 1741//1741 1834//1834 1740//1740
f 1742//1742 1835//1835 1741//1741
f 1743//1743 1836//1836 1742//1742
f 1744//1744 1837//1837 1743//1743
f 1745//1745 1838//1838 1744//1744
f 1746//1746 1839//1839 1745//1745
f 1747//1747 1840//1840 1746//1746
f 1748//1748 1841//1841 1747//1747
f 1749//1750 1842//1842 1748//1748
f 1749//1750 1844//1843 1843//1844
f 1750//1749 1845//1845 1844//1843
f 1751//1751 1846//1846 1845//1845
f 1752//1752 1847//1847 1846//1846
f 1753//1753 1848//1848 1847//1847
f 1754//1754 1849//1849 1848//1848
f 1755//1755 1850//1850 1849//1849
f 1756//1756 1851//1851 1850//1850
f 1757//1757 1852//1852 1851//1851
f 1758//1758 1853//1853 1852//1852
f 1759//1759 1854//1854 1853//1853
f 1760//1760 1855//1855 1854//1854
f 1761//1761 1856//1856 1855//1855
f 1762//1762 1857//1857 1856//1856
f 1763//1763 1858//1858 1857//1857
f 1764//1764 1859//1859 1858//1858
f 1765//1765 1860//1860 1859//1859
f 1766//1766 1861//1861 1860//1860
f 1767//1767 1862//1862 1861//1861
f 1768//1768 1863//1863 1862//1862
f 1769//1769 1864//1864 1863//1863
f 1770//1770 1865//1865 1864//1864
f 1771//1771 1866//1866 1865//1865
f 1772//1772 1867//1867 1866//1866
f 1773//1773 1868//1868 1867//1867
f 1774//1774 1869//1869 1868//1868
f 1775//1775 1870//1870 1869//1869
f 1776//1776 1871//1871 1870//1870
f 1777//1777 1872//1872 1871//1871
f 1778//1778 1873//1873 1872//1872
f 1779//1779 1874//1874 1873//1873
f 1780//1780 1875//1875 1874//1874
f 1781//1781 1876//1876 1875//1875
f 1782//1782 1877//1877 1876//1876
f 1783//1783 1878//1878 1877//1877
f 1784//1784 1879//1879 1878//1878
f 1785//1785 1880//1880 1879//1879
f 1786//1786 1787//1787 1880//1880
f 1788//1788 1881//1881 1787//1787
f 1789//1789 1882//1882 1788//1788
f 1790//1790 1883//1883 1789//1789
f 1791//1791 1884//1884 1790//1790
f 1792//1792 1885//1885 1791//1791
f 1793//1793 1886//1886 1792//1792
f 1794//1794 1887//1887 1793//1793
f 1795//1795 1888//1888 1794//1794
f 1796//1796 1889//1889 1795//1795
f 1797//1797 1890//1890 1796//1796
f 1798//1798 1891//1891 1797//1797
f 1799//1799 1892//1892 1798//1798
f 1800//1800 1893//1893 1799//1799
f 1801//1801 1894//1894 1800//1800
f 1802//1802 1895//1895 1801//1801
f 1803//1803 1896//1896 1802//1802
f 1804//1804 1897//1897 1803//1803
f 1805//1805 1898//1898 1804//1804
f 1806//1806 1899//1899 1805//1805
f 1807//1807 1900//1900 1806//1806
f 1808//1808 1901//1901 1807//1807
f 1809//1809 1902//1902 1808//1808
f 1810//1810 1903//1903 1809//1809
f 1811//1811 1904//1904 1810//1810
f 1812//1812 1905//1905 1811//1811
f 1813//1813 1906//1906 1812//1812
f 1814//1814 1907//1907 1813//1813
f 1815//1815 1908//1908 1814//1814
f 1816//1816 1909//1909 1815//1815
f 1817//1817 1910//1910 1816//1816
f 1818//1818 1911//1911 1817//1817
f 1819//1819 1912//1912 1818//1818
f 1820//1820 1913//1913 1819//1819
f 1821//1821 1914//1914 1820//1820
f 1822//1822 1915//1915 1821//1821
f 1823//1823 1916//1916 1822//1822
f 1824//1824 1917//1917 1823//1823
f 1825//1825 1918//1918 1824//1824
f 1826//1826 1919//1919 1825//1825
f 1827//1827 1920//1920 1826//1826
f 1828//1828 1921//1921 1827//1827
f 1829//1829 1922//1922 1828//1828
f 1830//1830 1923//1923 1829//1829
f 1831//1831 1924//1924 1830//1830
f 1832//1832 1925//1925 1831//1831
f 1833//1833 1926//1926 1832//1832
f 1834//1834 1927//1927 1833//1833
f 1835//1835 1928//1928 1834//1834
f 1836//1836 1929//1929 1835//1835
f 1837//1837 1930//1930 1836//1836
f 1838//1838 1931//1931 1837//1837
f 1839//1839 1932//1932 1838//1838
f 1840//1840 1933//1933 1839//1839
f 1841//1841 1934//1934 1840//1840
f 1842//1842 1935//1935 1841//1841
f 1843//1844 1936//1936 1842//1842
f 1844//1843 1937//1937 1843//1844
f 1844//1843 1939//1938 1938//1939
f 1845//1845 1940//1940 1939//1938
f 1846//1846 1941//1941 1940//1940
f 1847//1847 1942//1942 1941//1941
f 1848//1848 1943//1943 1942//1942
f 1849//1849 1944//1944 1943//1943
f 1850//1850 1945//1945 1944//1944
f 1851//1851 1946//1946 1945//1945
f 1852//1852 1947//1947 1946//1946
f 1853//1853 1948//1948 1947//1947
f 1854//1854 1949//1949 1948//1948
f 1855//1855 1950//1950 1949//1949
f 1856//1856 1951//1951 1950//1950
f 1857//1857 1952//1952 1951//1951
f 1858//1858 1953//1953 1952//1952
f 1859//1859 1954//1954 1953//1953
f 1860//1860 1955//1955 1954//1954
f 1861//1861 1956//1956 1955//1955
f 1862//1862 1957//1957 1956//1956
f 1863//1863 1958//1958 1957//1957
f 1864//1864 1959//1959 1958//1958
f 1865//1865 1960//1960 1959//1959
f 1866//1866 1961//1961 1960//1960
f 1867//1867 1962//1962 1961//1961
f 1868//1868 1963//1963 1962//1962
f 1869//1869 1964//1964 1963//1963
f 1870//1870 1965//1965 1964//1964
f 1871//1871 1966//1966 1965//1965
f 1872//1872 1967//1967 1966//1966
f 1873//1873 1968//1968 1967//1967
f 1874//1874 1969//1969 1968//1968
f 1875//1875 1970//1970 1969//1969
f 1876//1876 1971//1971 1970//1970
f 1877//1877 1972//1972 1971//1971
f 1878//1878 1973//1973 1972//1972
f 1879//1879 1974//1974 1973//1973
f 1880//1880 1881//1881 1974//1974
f 1882//1882 1975//1975 1881//1881
f 1883//1883 1976//1976 1882//1882
f 1884//1884 1977//1977 1883//1883
f 1885//1885 1978//1978 1884//1884
f 1886//1886 1979//1979 1885//1885
f 1887//1887 1980//1980 1886//1886
f 1888//1888 1981//1981 1887//1887
f 1889//1889 1982//1982 1888//1888
f 1890//1890 1983//1983 1889//1889
f 1891//1891 1984//1984 1890//1890
f 1892//1892 1985//1985 1891//1891
f 1893//1893 1986//1986 1892//1892
f 1894//1894 1987//1987 1893//1893
f 1895//1895 1988//1988 1894//1894
f 1896//1896 1989//1989 1895//1895
f 1897//1897 1990//1990 1896//1896
f 1898//1898 1991//1991 1897//1897
f 1899//1899 1992//1992 1898//1898
f 1900//1900 1993//1993 1899//1899
f 1901//1901 1994//1994 1900//1900
f 1902//1902 1995//1995 1901//1901
f 1903//1903 1996//1996 1902//1902
f 1904//1904 1997//1997 1903//1903
f 1905//1905 1998//1998 1904//1904
f 1906//1906 1999//1999 1905//1905
f 1907//1907 2000//2000 1906//1906
f 1908//1908 2001//2001 1907//1907
f 1909//1909 2002//2002 1908//1908
f 1910//1910 2003//2003 1909//1909
f 1911//1911 2004//2004 1910//1910
f 1912//1912 2005//2005 1911//1911
f 1913//1913 2006//2006 1912//1912
f 1914//1914 2007//2007 1913//1913
f 1915//1915 2008//2008 1914//1914
f 1916//1916 2009//2009 1915//1915
f 1917//1917 2010//2010 1916//1916
f 1918//1918 2011//2011 1917//1917
f 1919//1919 2012//2012 1918//1918
f 1920//1920 2013//2013 1919//1919
f 1921//1921 2014//2014 1920//1920
f 1922//1922 2015//2015 1921//1921
f 1923//1923 2016//2016 1922//1922
f 1924//1924 2017//2017 1923//1923
f 1925//1925 2018//2018 1924//1924
f 1926//1926 2019//2019 1925//1925
f 1927//1927 2020//2020 1926//1926
f 1928//1928 2021//2021 1927//1927
f 1929//1929 2022//2022 1928//1928
f 1930//1930 2023//2023 1929//1929
f 1931//1931 2024//2024 1930//1930
f 1932//1932 2025//2025 1931//1931
f 1933//1933 2026//2026 1932//1932
f 1934//1934 2027//2027 1933//1933
f 1935//1935 2028//2028 1934//1934
f 1936//1936 2029//2029 1935//1935
f 1937//1937 2030//2030 1936//1936
f 1938//1939 2031//2031 1937//1937
f 1938//1939 2033//2032 2032//2033
f 1939//1938 2034//2034 2033//2032
f 1940//1940 2035//2035 2034//2034
f 1941//1941 2036//2036 2035//2035
f 1942//1942 2037//2037 2036//2036
f 1943//1943 2038//2038 2037//2037
f 1944//1944 2039//2039 2038//2038
f 1945//1945 2040//2040 2039//2039
f 1946//1946 2041//2041 2040//2040
f 1947//1947 2042//2042 2041//2041
f 1948//1948 2043//2043 2042//2042
f 1949//1949 2044//2044 2043//2043
f 1950//1950 2045//2045 2044//2044
f 1951//1951 2046//2046 2045//2045
f 1952//1952 2047//2047 2046//2046
f 1953//1953 2048//2048 2047//2047
f 1954//1954 2049//2049 2048//2048
f 1955//1955 2050//2050 2049//2049
f 1956//1956 2051//2051 2050//2050
f 1957//1957 2052//2052 2051//2051
f 1958//1958 2053//2053 2052//2052
f 1959//1959 2054//2054 2053//2053
f 1960//1960 2055//2055 2054//2054
f 1961//1961 2056//2056 2055//2055
f 1962//1962 2057//2057 2056//2056
f 1963//1963 2058//2058 2057//2057
f 1964//1964 2059//2059 2058//2058
f 1965//1965 2060//2060 2059//2059
f 1966//1966 2061//2061 2060//2060
f 1967//1967 2062//2062 2061//2061
f 1968//1968 2063//2063 2062//2062
f 1969//1969 2064//2064 2063//2063
f 1970//1970 2065//2065 2064//2064
f 1971//1971 2066//2066 2065//2065
f 1972//1972 2067//2067 2066//2066
f 1973//1973 2068//2068 2067//2067
f 1974//1974 1975//1975 2068//2068
f 1976//1976 2069//2069 1975//1975
f 1977//1977 2070//2070 1976//1976
f 1978//1978 2071//2071 1977//1977
f 1979//1979 2072//2072 1978//1978
f 1980//1980 2073//2073 1979//1979
f 1981//1981 2074//2074 1980//1980
f 1982//1982 2075//2075 1981//1981
f 1983//1983 2076//2076 1982//1982
f 1984//1984 2077//2077 1983//1983
f 1985//1985 2078//2078 1984//1984
f 1986//1986 2079//2079 1985//1985
f 1987//1987 2080//2080 1986//1986
f 1988//1988 2081//2081 1987//1987
f 1989//1989 2082//2082 1988//1988
f 1990//1990 2083//2083 1989//1989
f 1991//1991 2084//2084 1990//1990
f 1992//1992 2085//2085 1991//1991
f 1993//1993 2086//2086 1992//1992
f 1994//1994 2087//2087 1993//1993
f 1995//1995 2088//2088 1994//1994
f 1996//1996 2089//2089 1995//1995
f 1997//1997 2090//2090 1996//1996
f 1998//1998 2091//2091 1997//1997
f 1999//1999 2092//2092 1998//1998
f 2000//2000 2093//2093 1999//1999
f 2001//2001 2094//2094 2000//2000
f 2002//2002 2095//2095 2001//2001
f 2003//2003 2096//2096 2002//2002
f 2004//2004 2097//2097 2003//2003
f 2005//2005 2098//2098 2004//2004
f 2006//2006 2099//2099 2005//2005
f 2007//2007 2100//2100 2006//2006
f 2008//2008 2101//2101 2007//2007
f 2009//2009 2102//2102 2008//2008
f 2010//2010 2103//2103 2009//2009
f 2011//2011 2104//2104 2010//2010
f 2012//2012 2105//2105 2011//2011
f 2013//2013 2106//2106 2012//2012
f 2014//2014 2107//2107 2013//2013
f 2015//2015 2108//2108 2014//2014
f 2016//2016 2109//2109 2015//2015
f 2017//2017 2110//2110 2016//2016
f 2018//2018 2111//2111 2017//2017
f 2019//2019 2112//2112 2018//2018
f 2020//2020 2113//2113 2019//2019
f 2021//2021 2114//2114 2020//2020
f 2022//2022 2115//2115 2021//2021
f 2023//2023 2116//2116 2022//2022
f 2024//2024 2117//2117 2023//2023
f 2025//2025 2118//2118 2024//2024
f 2026//2026 2119//2119 2025//2025
f 2027//2027 2120//2120 2026//2026
f 2028//2028 2121//2121 2027//2027
f 2029//2029 2122//2122 2028//2028
f 2030//2030 2123//2123 2029//2029
f 2031//2031 2124//2124 2030//2030
f 2032//2033 2125//2125 2031//2031
f 2032//2033 2127//2126 2126//2127
f 2033//2032 2128//2128 2127//2126
f 2034//2034 2129//2129 2128//2128
f 2035//2035 2130//2130 2129//2129
f 2036//2036 2131//2131 2130//2130
f 2037//2037 2132//2132 2131//2131
f 2038//2038 2133//2133 2132//2132
f 2039//2039 2134//2134 2133//2133
f 2040//2040 2135//2135 2134//2134
f 2041//2041 2136//2136 2135//2135
f 2042//2042 2137//2137 2136//2136
f 2043//2043 2138//2138 2137//2137
f 2044//2044 2139//2139 2138//2138
f 2045//2045 2140//2140 2139//2139
f 2046//2046 2141//2141 2140//2140
f 2047//2047 2142//2142 2141//2141
f 2048//2048 2143//2143 2142//2142
f 2049//2049 2144//2144 2143//2143
f 2050//2050 2145//2145 2144//2144
f 2051//2051 2146//2146 2145//2145
f 2052//2052 2147//2147 2146//2146
f 2053//2053 2148//2148 2147//2147
f 2054//2054 2149//2149 2148//2148
f 2055//2055 2150//2150 2149//2149
f 2056//2056 2151//2151 2150//2150
f 2057//2057 2152//2152 2151//2151
f 2058//2058 2153//2153 2152//2152
f 2059//2059 2154//2154 2153//2153
f 2060//2060 2155//2155 2154//2154
f 2061//2061 2156//2156 2155//2155
f 2062//2062 2157//2157 2156//2156
f 2063//2063 2158//2158 2157//2157
f 2064//2064 2159//2159 2158//2158
f 2065//2065 2160//2160 2159//2159
f 2066//2066 2161//2161 2160//2160
f 2067//2067 2162//2162 2161//2161
f 2068//2068 2069//2069 2162//2162
f 2070//2070 2163//2163 2069//2069
f 2071//2071 2164//2164 2070//2070
f 2072//2072 2165//2165 2071//2071
f 2073//2073 2166//2166 2072//2072
f 2074//2074 2167//2167 2073//2073
f 2075//2075 2168//2168 2074//2074
f 2076//2076 2169//2169 2075//2075
f 2077//2077 2170//2170 2076//2076
f 2078//2078 2171//2171 2077//2077
f 2079//2079 2172//2172 2078//2078
f 2080//2080 2173//2171 2079//2079
f 2081//2081 2174//2173 2080//2080
f 2082//2082 2175//2174 2081//2081
f 2083//2083 2176//2175 2082//2082
f 2084//2084 2177//2176 2083//2083
f 2085//2085 2178//2177 2084//2084
f 2086//2086 2179//2178 2085//2085
f 2087//2087 2180//2179 2086//2086
f 2088//2088 2181//2180 2087//2087
f 2089//2089 2182//2181 2088//2088
f 2090//2090 2183//2182 2089//2089
f 2091//2091 2184//2183 2090//2090
f 2092//2092 2185//2184 2091//2091
f 2093//2093 2186//2185 2092//2092
f 2094//2094 2187//2186 2093//2093
f 2095//2095 2188//2187 2094//2094
f 2096//2096 2189//2188 2095//2095
f 2097//2097 2190//2189 2096//2096
f 2098//2098 2191//2190 2097//2097
f 2099//2099 2192//2191 2098//2098
f 2100//2100 2193//2192 2099//2099
f 2101//2101 2194//2193 2100//2100
f 2102//2102 2195//2194 2101//2101
f 2103//2103 2196//2195 2102//2102
f 2104//2104 2197//2196 2103//2103
f 2105//2105 2198//2197 2104//2104
f 2106//2106 2199//2198 2105//2105
f 2107//2107 2200//2199 2106//2106
f 2108//2108 2201//2200 2107//2107
f 2109//2109 2202//2201 2108//2108
f 2110//2110 2203//2202 2109//2109
f 2111//2111 2204//2203 2110//2110
f 2112//2112 2205//2204 2111//2111
f 2113//2113 2206//2205 2112//2112
f 2114//2114 2207//2206 2113//2113
f 2115//2115 2208//2207 2114//2114
f 2116//2116 2209//2208 2115//2115
f 2117//2117 2210//2209 2116//2116
f 2118//2118 2211//2210 2117//2117
f 2119//2119 2212//2211 2118//2118
f 2120//2120 2213//2212 2119//2119
f 2121//2121 2214//2213 2120//2120
f 2122//2122 2215//2214 2121//2121
f 2123//2123 2216//2215 2122//2122
f 2124//2124 2217//2216 2123//2123
f 2125//2125 2218//2217 2124//2124
f 2126//2127 2219//2218 2125//2125
f 2127//2126 2220//2219 2126//2127
f 2127//2126 2222//2220 2221//2221
f 2128//2128 2223//2222 2222//2220
f 2129//2129 2224//2223 2223//2222
f 2130//2130 2225//2224 2224//2223
f 2131//2131 2226//2225 2225//2224
f 2132//2132 2227//2226 2226//2225
f 2133//2133 2228//2227 2227//2226
f 2134//2134 2229//2228 2228//2227
f 2135//2135 2230//2229 2229//2228
f 2136//2136 2231//2230 2230//2229
f 2137//2137 2232//2231 2231//2230
f 2138//2138 2233//2232 2232//2231
f 2139//2139 2234//2233 2233//2232
f 2140//2140 2235//2234 2234//2233
f 2141//2141 2236//2235 2235//2234
f 2142//2142 2237//2236 2236//2235
f 2143//2143 2238//2237 2237//2236
f 2144//2144 2239//2238 2238//2237
f 2145//2145 2240//2239 2239//2238
f 2146//2146 2241//2240 2240//2239
f 2147//2147 2242//2241 2241//2240
f 2148//2148 2243//2242 2242//2241
f 2149//2149 2244//2243 2243//2242
f 2150//2150 2245//2244 2244//2243
f 2151//2151 2246//2245 2245//2244
f 2152//2152 2247//2246 2246//2245
f 2153//2153 2248//2247 2247//2246
f 2154//2154 2249//2248 2248//2247
f 2155//2155 2250//2249 2249//2248
f 2156//2156 2251//2250 2250//2249
f 2157//2157 2252//2251 2251//2250
f 2158//2158 2253//2252 2252//2251
f 2159//2159 2254//2253 2253//2252
f 2160//2160 2255//2254 2254//2253
f 2161//2161 2256//2255 2255//2254
f 2162//2162 2163//2163 2256//2255
f 2164//2164 2257//2256 2163//2163
f 2165//2165 2258//2257 2164//2164
f 2166//2166 2259//2258 2165//2165
f 2167//2167 2260//2259 2166//2166
f 2168//2168 2261//2260 2167//2167
f 2169//2169 2262//2261 2168//2168
f 2170//2170 2263//2262 2169//2169
f 2171//2171 2264//2263 2170//2170
f 2172//2172 2265//2264 2171//2171
f 2173//2171 2266//2265 2172//2172
f 2174//2173 2267//2266 2173//2171
f 2175//2174 2268//2267 2174//2173
f 2176//2175 2269//2268 2175//2174
f 2177//2176 2270//2269 2176//2175
f 2178//2177 2271//2270 2177//2176
f 2179//2178 2272//2271 2178//2177
f 2180//2179 2273//2272 2179//2178
f 2181//2180 2274//2273 2180//2179
f 2182//2181 2275//2274 2181//2180
f 2183//2182 2276//2275 2182//2181
f 2184//2183 2277//2276 2183//2182
f 2185//2184 2278//2277 2184//2183
f 2186//2185 2279//2278 2185//2184
f 2187//2186 2280//2279 2186//2185
f 2188//2187 2281//2280 2187//2186
f 2189//2188 2282//2281 2188//2187
f 2190//2189 2283//2282 2189//2188
f 2191//2190 2284//2283 2190//2189
f 2192//2191 2285//2284 2191//2190
f 2193//2192 2286//2285 2192//2191
f 2194//2193 2287//2286 2193//2192
f 2195//2194 2288//2287 2194//2193
f 2196//2195 2289//2288 2195//2194
f 2197//2196 2290//2289 2196//2195
f 2198//2197 2291//2290 2197//2196
f 2199//2198 2292//2291 2198//2197
f 2200//2199 2293//2292 2199//2198
f 2201//2200 2294//2293 2200//2199
f 2202//2201 2295//2294 2201//2200
f 2203//2202 2296//2295 2202//2201
f 2204//2203 2297//2296 2203//2202
f 2205//2204 2298//2297 2204//2203
f 2206//2205 2299//2298 2205//2204
f 2207//2206 2300//2299 2206//2205
f 2208//2207 2301//2300 2207//2206
f 2209//2208 2302//2301 2208//2207
f 2210//2209 2303//2302 2209//2208
f 2211//2210 2304//2303 2210//2209
f 2212//2211 2305//2304 2211//2210
f 2213//2212 2306//2305 2212//2211
f 2214//2213 2307//2306 2213//2212
f 2215//2214 2308//2307 2214//2213
f 2216//2215 2309//2308 2215//2214
f 2217//2216 2310//2309 2216//2215
f 2218//2217 2311//2310 2217//2216
f 2219//2218 2312//2311 2218//2217
f 2220//2219 2313//2312 2219//2218
f 2221//2221 2314//2313 2220//2219
f 2222//2220 2315//2314 2221//2221
f 2222//2220 2317//2315 2316//2316
f 2223//2222 2318//2317 2317//2315
f 2224//2223 2319//2318 2318//2317
f 2225//2224 2320//2319 2319//2318
f 2226//2225 2321//2320 2320//2319
f 2227//2226 2322//2321 2321//2320
f 2228//2227 2323//2322 2322//2321
f 2229//2228 2324//2323 2323//2322
f 2230//2229 2325//2324 2324//2323
f 2231//2230 2326//2325 2325//2324
f 2232//2231 2327//2326 2326//2325
f 2233//2232 2328//2327 2327//2326
f 2234//2233 2329//2328 2328//2327
f 2235//2234 2330//2329 2329//2328
f 2236//2235 2331//2330 2330//2329
f 2237//2236 2332//2331 2331//2330
f 2238//2237 2333//2332 2332//2331
f 2239//2238 2334//2333 2333//2332
f 2240//2239 2335//2334 2334//2333
f 2241//2240 2336//2335 2335//2334
f 2242//2241 2337//2336 2336//2335
f 2243//2242 2338//2337 2337//2336
f 2244//2243 2339//2338 2338//2337
f 2245//2244 2340//2339 2339//2338
f 2246//2245 2341//2340 2340//2339
f 2247//2246 2342//2341 2341//2340
f 2248//2247 2343//2342 2342//2341
f 2249//2248 2344//2343 2343//2342
f 2250//2249 2345//2344 2344//2343
f 2251//2250 2346//2345 2345//2344
f 2252//2251 2347//2346 2346//2345
f 2253//2252 2348//2347 2347//2346
f 2254//2253 2349//2348 2348//2347
f 2255//2254 2350//2349 2349//2348
f 2256//2255 2257//2256 2350//2349
f 2258//2257 2351//2350 2257//2256
f 2259//2258 2352//2351 2258//2257
f 2260//2259 2353//2352 2259//2258
f 2261//2260 2354//2353 2260//2259
f 2262//2261 2355//2354 2261//2260
f 2263//2262 2356//2355 2262//2261
f 2264//2263 2357//2356 2263//2262
f 2265//2264 2358//2357 2264//2263
f 2266//2265 2359//2358 2265//2264
f 2267//2266 2360//2359 2266//2265
f 2268//2267 2361//2360 2267//2266
f 2269//2268 2362//2361 2268//2267
f 2270//2269 2363//2362 2269//2268
f 2271//2270 2364//2363 2270//2269
f 2272//2271 2365//2364 2271//2270
f 2273//2272 2366//2365 2272//2271
f 2274//2273 2367//2366 2273//2272
f 2275//2274 2368//2367 2274//2273
f 2276//2275 2369//2368 2275//2274
f 2277//2276 2370//2369 2276//2275
f 2278//2277 2371//2370 2277//2276
f 2279//2278 2372//2371 2278//2277
f 2280//2279 2373//2372 2279//2278
f 2281//2280 2374//2373 2280//2279
f 2282//2281 2375//2374 2281//2280
f 2283//2282 2376//2375 2282//2281
f 2284//2283 2377//2376 2283//2282
f 2285//2284 2378//2377 2284//2283
f 2286//2285 2379//2378 2285//2284
f 2287//2286 2380//2379 2286//2285
f 2288//2287 2381//2380 2287//2286
f 2289//2288 2382//2381 2288//2287
f 2290//2289 2383//2382 2289//2288
f 2291//2290 2384//2383 2290//2289
f 2292//2291 2385//2384 2291//2290
f 2293//2292 2386//2385 2292//2291
f 2294//2293 2387//2386 2293//2292
f 2295//2294 2388//2387 2294//2293
f 2296//2295 2389//2388 2295//2294
f 2297//2296 2390//2389 2296//2295
f 2298//2297 2391//2390 2297//2296
f 2299//2298 2392//2391 2298//2297
f 2300//2299 2393//2392 2299//2298
f 2301//2300 2394//2393 2300//2299
f 2302//2301 2395//2394 2301//2300
f 2303//2302 2396//2395 2302//2301
f 2304//2303 2397//2396 2303//2302
f 2305//2304 2398//2397 2304//2303
f 2306//2305 2399//2398 2305//2304
f 2307//2306 2400//2399 2306//2305
f 2308//2307 2401//2400 2307//2306
f 2309//2308 2402//2401 2308//2307
f 2310//2309 2403//2402 2309//2308
f 2311//2310 2404//2403 2310//2309
f 2312//2311 2405//2404 2311//2310
f 2313//2312 2406//2405 2312//2311
f 2314//2313 2407//2406 2313//2312
f 2315//2314 2408//2407 2314//2313
f 2316//2316 2409//2408 2315//2314
f 2316//2316 2411//2409 2410//2410
f 2317//2315 2412//2411 2411//2409
f 2318//2317 2413//2412 2412//2411
f 2319//2318 2414//2413 2413//2412
f 2320//2319 2415//2414 2414//2413
f 2321//2320 2416//2415 2415//2414
f 2322//2321 2417//2416 2416//2415
f 2323//2322 2418//2417 2417//2416
f 2324//2323 2419//2418 2418//2417
f 2325//2324 2420//2419 2419//2418
f 2326//2325 2421//2420 2420//2419
f 2327//2326 2422//2421 2421//2420
f 2328//2327 2423//2422 2422//2421
f 2329//2328 2424//2423 2423//2422
f 2330//2329 2425//2424 2424//2423
f 2331//2330 2426//2425 2425//2424
f 2332//2331 2427//2426 2426//2425
f 2333//2332 2428//2427 2427//2426
f 2334//2333 2429//2428 2428//2427
f 2335//2334 2430//2429 2429//2428
f 2336//2335 2431//2430 2430//2429
f 2337//2336 2432//2431 2431//2430
f 2338//2337 2433//2432 2432//2431
f 2339//2338 2434//2433 2433//2432
f 2340//2339 2435//2434 2434//2433
f 2341//2340 2436//2435 2435//2434
f 2342//2341 2437//2436 2436//2435
f 2343//2342 2438//2437 2437//2436
f 2344//2343 2439//2438 2438//2437
f 2345//2344 2440//2439 2439//2438
f 2346//2345 2441//2440 2440//2439
f 2347//2346 2442//2441 2441//2440
f 2348//2347 2443//2442 2442//2441
f 2349//2348 2444//2443 2443//2442
f 2350//2349 2351//2350 2444//2443
f 2352//2351 2445//2444 2351//2350
f 2353//2352 2446//2445 2352//2351
f 2354//2353 2447//2446 2353//2352
f 2355//2354 2448//2447 2354//2353
f 2356//2355 2449//2448 2355//2354
f 2357//2356 2450//2449 2356//2355
f 2358//2357 2451//2450 2357//2356
f 2359//2358 2452//2451 2358//2357
f 2360//2359 2453//2452 2359//2358
f 2361//2360 2454//2453 2360//2359
f 2362//2361 2455//2454 2361//2360
f 2363//2362 2456//2455 2362//2361
f 2364//2363 2457//2456 2363//2362
f 2365//2364 2458//2457 2364//2363
f 2366//2365 2459//2458 2365//2364
f 2367//2366 2460//2459 2366//2365
f 2368//2367 2461//2460 2367//2366
f 2369//2368 2462//2461 2368//2367
f 2370//2369 2463//2462 2369//2368
f 2371//2370 2464//2463 2370//2369
f 2372//2371 2465//2464 2371//2370
f 2373//2372 2466//2465 2372//2371
f 2374//2373 2467//2466 2373//2372
f 2375//2374 2468//2467 2374//2373
f 2376//2375 2469//2468 2375//2374
f 2377//2376 2470//2469 2376//2375
f 2378//2377 2471//2470 2377//2376
f 2379//2378 2472//2471 2378//2377
f 2380//2379 2473//2472 2379//2378
f 2381//2380 2474//2473 2380//2379
f 2382//2381 2475//2474 2381//2380
f 2383//2382 2476//2475 2382//2381
f 2384//2383 2477//2476 2383//2382
f 2385//2384 2478//2477 2384//2383
f 2386//2385 2479//2478 2385//2384
f 2387//2386 2480//2479 2386//2385
f 2388//2387 2481//2480 2387//2386
f 2389//2388 2482//2481 2388//2387
f 2390//2389 2483//2482 2389//2388
f 2391//2390 2484//2483 2390//2389
f 2392//2391 2485//2484 2391//2390
f 2393//2392 2486//2485 2392//2391
f 2394//2393 2487//2486 2393//2392
f 2395//2394 2488//2487 2394//2393
f 2396//2395 2489//2488 2395//2394
f 2397//2396 2490//2489 2396//2395
f 2398//2397 2491//2490 2397//2396
f 2399//2398 2492//2491 2398//2397
f 2400//2399 2493//2492 2399//2398
f 2401//2400 2494//2493 2400//2399
f 2402//2401 2495//2494 2401//2400
f 2403//2402 2496//2495 2402//2401
f 2404//2403 2497//2496 2403//2402
f 2405//2404 2498//2497 2404//2403
f 2406//2405 2499//2498 2405//2404
f 2407//2406 2500//2499 2406//2405
f 2408//2407 2501//2500 2407//2406
f 2409//2408 2502//2501 2408//2407
f 2410//2410 2503//2502 2409//2408
f 2410//2410 2505//2503 2504//2504
f 2411//2409 2506//2505 2505//2503
f 2412//2411 2507//2506 2506//2505
f 2413//2412 2508//2507 2507//2506
f 2414//2413 2509//2508 2508//2507
f 2415//2414 2510//2509 2509//2508
f 2416//2415 2511//2510 2510//2509
f 2417//2416 2512//2511 2511//2510
f 2418//2417 2513//2512 2512//2511
f 2419//2418 2514//2513 2513//2512
f 2420//2419 2515//2514 2514//2513
f 2421//2420 2516//2515 2515//2514
f 2422//2421 2517//2516 2516//2515
f 2423//2422 2518//2517 2517//2516
f 2424//2423 2519//2518 2518//2517
f 2425//2424 2520//2519 2519//2518
f 2426//2425 2521//2520 2520//2519
f 2427//2426 2522//2521 2521//2520
f 2428//2427 2523//2522 2522//2521
f 2429//2428 2524//2523 2523//2522
f 2430//2429 2525//2524 2524//2523
f 2431//2430 2526//2525 2525//2524
f 2432//2431 2527//2526 2526//2525
f 2433//2432 2528//2527 2527//2526
f 2434//2433 2529//2528 2528//2527
f 2435//2434 2530//2529 2529//2528
f 2436//2435 2531//2530 2530//2529
f 2437//2436 2532//2531 2531//2530
f 2438//2437 2533//2532 2532//2531
f 2439//2438 2534//2533 2533//2532
f 2440//2439 2535//2534 2534//2533
f 2441//2440 2536//2535 2535//2534
f 2442//2441 2537//2536 2536//2535
f 2443//2442 2538//2537 2537//2536
f 2444//2443 2445//2444 2538//2537
f 2446//2445 2539//2538 2445//2444
f 2447//2446 2540//2539 2446//2445
f 2448//2447 2541//2540 2447//2446
f 2449//2448 2542//2541 2448//2447
f 2450//2449 2543//2542 2449//2448
f 2451//2450 2544//2543 2450//2449
f 2452//2451 2545//2544 2451//2450
f 2453//2452 2546//2545 2452//2451
f 2454//2453 2547//2546 2453//2452
f 2455//2454 2548//2547 2454//2453
f 2456//2455 2549//2548 2455//2454
f 2457//2456 2550//2549 2456//2455
f 2458//2457 2551//2550 2457//2456
f 2459//2458 2552//2551 2458//2457
f 2460//2459 2553//2552 2459//2458
f 2461//2460 2554//2553 2460//2459
f 2462//2461 2555//2554 2461//2460
f 2463//2462 2556//2555 2462//2461
f 2464//2463 2557//2556 2463//2462
f 2465//2464 2558//2557 2464//2463
f 2466//2465 2559//2558 2465//2464
f 2467//2466 2560//2559 2466//2465
f 2468//2467 2561//2560 2467//2466
f 2469//2468 2562//2561 2468//2467
f 2470//2469 2563//2562 2469//2468
f 2471//2470 2564//2563 2470//2469
f 2472//2471 2565//2564 2471//2470
f 2473//2472 2566//2565 2472//2471
f 2474//2473 2567//2566 2473//2472
f 2475//2474 2568//2567 2474//2473
f 2476//2475 2569//2568 2475//2474
f 2477//2476 2570//2569 2476//2475
f 2478//2477 2571//2570 2477//2476
f 2479//2478 2572//2571 2478//2477
f 2480//2479 2573//2572 2479//2478
f 2481//2480 2574//2573 2480//2479
f 2482//2481 2575//2574 2481//2480
f 2483//2482 2576//2575 2482//2481
f 2484//2483 2577//2576 2483//2482
f 2485//2484 2578//2577 2484//2483
f 2486//2485 2579//2578 2485//2484
f 2487//2486 2580//2579 2486//2485
f 2488//2487 2581//2580 2487//2486
f 2489//2488 2582//2581 2488//2487
f 2490//2489 2583//2582 2489//2488
f 2491//2490 2584//2583 2490//2489
f 2492//2491 2585//2584 2491//2490
f 2493//2492 2586//2585 2492//2491
f 2494//2493 2587//2586 2493//2492
f 2495//2494 2588//2587 2494//2493
f 2496//2495 2589//2588 2495//2494
f 2497//2496 2590//2589 2496//2495
f 2498//2497 2591//2590 2497//2496
f 2499//2498 2592//2591 2498//2497
f 2500//2499 2593//2592 2499//2498
f 2501//2500 2594//2593 2500//2499
f 2502//2501 2595//2594 2501//2500
f 2503//2502 2596//2595 2502//2501
f 2504//2504 2597//2596 2503//2502
f 2505//2503 2598//2597 2504//2504
f 2505//2503 2600//2598 2599//2599
f 2506//2505 2601//2600 2600//2598
f 2507//2506 2602//2601 2601//2600
f 2508//2507 2603//2602 2602//2601
f 2509//2508 2604//2603 2603//2602
f 2510//2509 2605//2604 2604//2603
f 2511//2510 2606//2605 2605//2604
f 2512//2511 2607//2606 2606//2605
f 2513//2512 2608//2607 2607//2606
f 2514//2513 2609//2608 2608//2607
f 2515//2514 2610//2609 2609//2608
f 2516//2515 2611//2610 2610//2609
f 2517//2516 2612//2611 2611//2610
f 2518//2517 2613//2612 2612//2611
f 2519//2518 2614//2613 2613//2612
f 2520//2519 2615//2614 2614//2613
f 2521//2520 2616//2615 2615//2614
f 2522//2521 2617//2616 2616//2615
f 2523//2522 2618//2617 2617//2616
f 2524//2523 2619//2618 2618//2617
f 2525//2524 2620//2619 2619//2618
f 2526//2525 2621//2620 2620//2619
f 2527//2526 2622//2621 2621//2620
f 2528//2527 2623//2622 2622//2621
f 2529//2528 2624//2623 2623//2622
f 2530//2529 2625//2624 2624//2623
f 2531//2530 2626//2625 2625//2624
f 2532//2531 2627//2626 2626//2625
f 2533//2532 2628//2627 2627//2626
f 2534//2533 2629//2628 2628//2627
f 2535//2534 2630//2629 2629//2628
f 2536//2535 2631//2630 2630//2629
f 2537//2536 2632//2631 2631//2630
f 2538//2537 2539//2538 2632//2631
f 2540//2539 2633//2632 2539//2538
f 2541//2540 2634//2633 2540//2539
f 2542//2541 2635//2634 2541//2540
f 2543//2542 2636//2635 2542//2541
f 2544//2543 2637//2636 2543//2542
f 2545//2544 2638//2637 2544//2543
f 2546//2545 2639//2638 2545//2544
f 2547//2546 2640//2639 2546//2545
f 2548//2547 2641//2640 2547//2546
f 2549//2548 2642//2641 2548//2547
f 2550//2549 2643//2642 2549//2548
f 2551//2550 2644//2643 2550//2549
f 2552//2551 2645//2644 2551//2550
f 2553//2552 2646//2645 2552//2551
f 2554//2553 2647//2646 2553//2552
f 2555//2554 2648//2647 2554//2553
f 2556//2555 2649//2648 2555//2554
f 2557//2556 2650//2649 2556//2555
f 2558//2557 2651//2650 2557//2556
f 2559//2558 2652//1710 2558//2557
f 2560//2559 2653//2651 2559//2558
f 2561//2560 2654//2652 2560//2559
f 2562//2561 2655//2653 2561//2560
f 2563//2562 2656//2654 2562//2561
f 2564//2563 2657//2655 2563//2562
f 2565//2564 2658//2656 2564//2563
f 2566//2565 2659//2657 2565//2564
f 2567//2566 2660//2658 2566//2565
f 2568//2567 2661//2659 2567//2566
f 2569//2568 2662//2660 2568//2567
f 2570//2569 2663//2661 2569//2568
f 2571//2570 2664//2662 2570//2569
f 2572//2571 2665//2663 2571//2570
f 2573//2572 2666//2664 2572//2571
f 2574//2573 2667//2665 2573//2572
f 2575//2574 2668//2666 2574//2573
f 2576//2575 2669//2667 2575//2574
f 2577//2576 2670//2668 2576//2575
f 2578//2577 2671//2669 2577//2576
f 2579//2578 2672//2670 2578//2577
f 2580//2579 2673//2671 2579//2578
f 2581//2580 2674//2672 2580//2579
f 2582//2581 2675//2673 2581//2580
f 2583//2582 2676//2674 2582//2581
f 2584//2583 2677//2675 2583//2582
f 2585//2584 2678//2676 2584//2583
f 2586//2585 2679//2677 2585//2584
f 2587//2586 2680//2678 2586//2585
f 2588//2587 2681//2679 2587//2586
f 2589//2588 2682//2680 2588//2587
f 2590//2589 2683//2681 2589//2588
f 2591//2590 2684//2682 2590//2589
f 2592//2591 2685//2683 2591//2590
f 2593//2592 2686//2684 2592//2591
f 2594//2593 2687//2685 2593//2592
f 2595//2594 2688//2686 2594//2593
f 2596//2595 2689//2687 2595//2594
f 2597//2596 2690//2688 2596//2595
f 2598//2597 2691//2689 2597//2596
f 2599//2599 2692//2690 2598//2597
f 2600//2598 2693//2691 2599//2599
f 2600//2598 2695//2692 2694//2693
f 2601//2600 2696//2694 2695//2692
f 2602//2601 2697//2695 2696//2694
f 2603//2602 2698//2696 2697//2695
f 2604//2603 2699//2697 2698//2696
f 2605//2604 2700//2698 2699//2697
f 2606//2605 2701//2699 2700//2698
f 2607//2606 2702//2700 2701//2699
f 2608//2607 2703//2701 2702//2700
f 2609//2608 2704//2702 2703//2701
f 2610//2609 2705//2703 2704//2702
f 2611//2610 2706//2704 2705//2703
f 2612//2611 2707//2705 2706//2704
f 2613//2612 2708//2706 2707//2705
f 2614//2613 2709//2707 2708//2706
f 2615//2614 2710//2708 2709//2707
f 2616//2615 2711//2709 2710//2708
f 2617//2616 2712//2710 2711//2709
f 2618//2617 2713//2711 2712//2710
f 2619//2618 2714//2712 2713//2711
f 2620//2619 2715//2713 2714//2712
f 2621//2620 2716//2714 2715//2713
f 2622//2621 2717//2715 2716//2714
f 2623//2622 2718//2716 2717//2715
f 2624//2623 2719//2717 2718//2716
f 2625//2624 2720//2718 2719//2717
f 2626//2625 2721//2719 2720//2718
f 2627//2626 2722//2720 2721//2719
f 2628//2627 2723//2721 2722//2720
f 2629//2628 2724//2722 2723//2721
f 2630//2629 2725//2723 2724//2722
f 2631//2630 2726//2724 2725//2723
f 2632//2631 2633//2632 2726//2724
f 2634//2633 2727//2725 2633//2632
f 2635//2634 2728//2726 2634//2633
f 2636//2635 2729//2727 2635//2634
f 2637//2636 2730//2728 2636//2635
f 2638//2637 2731//2729 2637//2636
f 2639//2638 2732//2730 2638//2637
f 2640//2639 2733//2731 2639//2638
f 2641//2640 2734//2732 2640//2639
f 2642//2641 2735//2733 2641//2640
f 2643//2642 2736//2734 2642//2641
f 2644//2643 2737//2735 2643//2642
f 2645//2644 2738//2736 2644//2643
f 2646//2645 2739//2737 2645//2644
f 2647//2646 2740//2738 2646//2645
f 2648//2647 2741//2739 2647//2646
f 2649//2648 2742//2740 2648//2647
f 2650//2649 2743//2741 2649//2648
f 2651//2650 2744//2742 2650//2649
f 2652//1710 2745//2743 2651//2650
f 2653//2651 2746//2744 2652//1710
f 2654//2652 2747//2745 2653//2651
f 2655//2653 2748//2746 2654//2652
f 2656//2654 2749//2747 2655//2653
f 2657//2655 2750//2748 2656//2654
f 2658//2656 2751//2749 2657//2655
f 2659//2657 2752//2750 2658//2656
f 2660//2658 2753//2751 2659//2657
f 2661//2659 2754//2752 2660//2658
f 2662//2660 2755//2753 2661//2659
f 2663//2661 2756//2754 2662//2660
f 2664//2662 2757//2755 2663//2661
f 2665//2663 2758//2756 2664//2662
f 2666//2664 2759//2757 2665//2663
f 2667//2665 2760//2758 2666//2664
f 2668//2666 2761//2759 2667//2665
f 2669//2667 2762//2760 2668//2666
f 2670//2668 2763//2761 2669//2667
f 2671//2669 2764//2762 2670//2668
f 2672//2670 2765//2763 2671//2669
f 2673//2671 2766//2764 2672//2670
f 2674//2672 2767//2765 2673//2671
f 2675//2673 2768//2766 2674//2672
f 2676//2674 2769//2767 2675//2673
f 2677//2675 2770//2768 2676//2674
f 2678//2676 2771//2769 2677//2675
f 2679//2677 2772//2770 2678//2676
f 2680//2678 2773//2771 2679//2677
f 2681//2679 2774//2772 2680//2678
f 2682//2680 2775//2773 2681//2679
f 2683//2681 2776//2774 2682//2680
f 2684//2682 2777//2775 2683//2681
f 2685//2683 2778//2776 2684//2682
f 2686//2684 2779//2777 2685//2683
f 2687//2685 2780//2778 2686//2684
f 2688//2686 2781//2779 2687//2685
f 2689//2687 2782//2780 2688//2686
f 2690//2688 2783//2781 2689//2687
f 2691//2689 2784//2782 2690//2688
f 2692//2690 2785//2783 2691//2689
f 2693//2691 2786//2784 2692//2690
f 2694//2693 2787//2785 2693//2691
f 2694//2693 2789//2786 2788//2787
f 2695//2692 2790//2788 2789//2786
f 2696//2694 2791//2789 2790//2788
f 2697//2695 2792//2790 2791//2789
f 2698//2696 2793//2791 2792//2790
f 2699//2697 2794//2792 2793//2791
f 2700//2698 2795//2793 2794//2792
f 2701//2699 2796//2794 2795//2793
f 2702//2700 2797//2795 2796//2794
f 2703//2701 2798//2796 2797//2795
f 2704//2702 2799//2797 2798//2796
f 2705//2703 2800//2798 2799//2797
f 2706//2704 2801//2799 2800//2798
f 2707//2705 2802//2800 2801//2799
f 2708//2706 2803//2801 2802//2800
f 2709//2707 2804//2802 2803//2801
f 2710//2708 2805//2803 2804//2802
f 2711//2709 2806//2804 2805//2803
f 2712//2710 2807//2805 2806//2804
f 2713//2711 2808//2806 2807//2805
f 2714//2712 2809//2807 2808//2806
f 2715//2713 2810//2808 2809//2807
f 2716//2714 2811//2809 2810//2808
f 2717//2715 2812//2810 2811//2809
f 2718//2716 2813//2811 2812//2810
f 2719//2717 2814//2812 2813//2811
f 2720//2718 2815//2813 2814//2812
f 2721//2719 2816//2814 2815//2813
f 2722//2720 2817//2815 2816//2814
f 2723//2721 2818//2816 2817//2815
f 2724//2722 2819//2817 2818//2816
f 2725//2723 2820//2818 2819//2817
f 2726//2724 2727//2725 2820//2818
f 2728//2726 2821//2819 2727//2725
f 2729//2727 2822//2820 2728//2726
f 2730//2728 2823//2821 2729//2727
f 2731//2729 2824//2822 2730//2728
f 2732//2730 2825//2823 2731//2729
f 2733//2731 2826//2824 2732//2730
f 2734//2732 2827//2825 2733//2731
f 2735//2733 2828//2826 2734//2732
f 2736//2734 2829//2827 2735//2733
f 2737//2735 2830//2828 2736//2734
f 2738//2736 2831//2829 2737//2735
f 2739//2737 2832//2830 2738//2736
f 2740//2738 2833//2831 2739//2737
f 2741//2739 2834//2832 2740//2738
f 2742//2740 2835//2833 2741//2739
f 2743//2741 2836//2834 2742//2740
f 2744//2742 2837//2835 2743//2741
f 2745//2743 2838//2836 2744//2742
f 2746//2744 2839//2837 2745//2743
f 2747//2745 2840//2838 2746//2744
f 2748//2746 2841//2839 2747//2745
f 2749//2747 2842//2840 2748//2746
f 2750//2748 2843//2841 2749//2747
f 2751//2749 2844//2842 2750//2748
f 2752//2750 2845//2843 2751//2749
f 2753//2751 2846//2844 2752//2750
f 2754//2752 2847//2845 2753//2751
f 2755//2753 2848//2846 2754//2752
f 2756//2754 2849//2847 2755//2753
f 2757//2755 2850//2848 2756//2754
f 2758//2756 2851//2849 2757//2755
f 2759//2757 2852//2850 2758//2756
f 2760//2758 2853//2851 2759//2757
f 2761//2759 2854//2852 2760//2758
f 2762//2760 2855//2853 2761//2759
f 2763//2761 2856//2854 2762//2760
f 2764//2762 2857//2855 2763//2761
f 2765//2763 2858//2856 2764//2762
f 2766//2764 2859//2857 2765//2763
f 2767//2765 2860//2858 2766//2764
f 2768//2766 2861//2859 2767//2765
f 2769//2767 2862//2860 2768//2766
f 2770//2768 2863//2861 2769//2767
f 2771//2769 2864//2862 2770//2768
f 2772//2770 2865//2863 2771//2769
f 2773//2771 2866//2864 2772//2770
f 2774//2772 2867//2865 2773//2771
f 2775//2773 2868//2866 2774//2772
f 2776//2774 2869//2867 2775//2773
f 2777//2775 2870//2868 2776//2774
f 2778//2776 2871//2869 2777//2775
f 2779//2777 2872//2870 2778//2776
f 2780//2778 2873//2871 2779//2777
f 2781//2779 2874//2872 2780//2778
f 2782//2780 2875//2873 2781//2779
f 2783//2781 2876//2874 2782//2780
f 2784//2782 2877//2875 2783//2781
f 2785//2783 2878//2876 2784//2782
f 2786//2784 2879//2877 2785//2783
f 2787//2785 2880//2878 2786//2784
f 2788//2787 2881//2879 2787//2785
f 2789//2786 2882//2880 2788//2787
f 2789//2786 2884//2881 2883//2882
f 2790//2788 2885//2883 2884//2881
f 2791//2789 2886//2884 2885//2883
f 2792//2790 2887//2885 2886//2884
f 2793//2791 2888//2886 2887//2885
f 2794//2792 2889//2887 2888//2886
f 2795//2793 2890//2888 2889//2887
f 2796//2794 2891//2889 2890//2888
f 2797//2795 2892//2890 2891//2889
f 2798//2796 2893//2891 2892//2890
f 2799//2797 2894//2892 2893//2891
f 2800//2798 2895//2893 2894//2892
f 2801//2799 2896//2894 2895//2893
f 2802//2800 2897//2895 2896//2894
f 2803//2801 2898//2896 2897//2895
f 2804//2802 2899//2897 2898//2896
f 2805//2803 2900//2898 2899//2897
f 2806//2804 2901//2899 2900//2898
f 2807//2805 2902//2900 2901//2899
f 2808//2806 2903//2901 2902//2900
f 2809//2807 2904//2902 2903//2901
f 2810//2808 2905//2903 2904//2902
f 2811//2809 2906//2904 2905//2903
f 2812//2810 2907//2905 2906//2904
f 2813//2811 2908//2906 2907//2905
f 2814//2812 2909//2907 2908//2906
f 2815//2813 2910//2908 2909//2907
f 2816//2814 2911//2909 2910//2908
f 2817//2815 2912//2910 2911//2909
f 2818//2816 2913//2911 2912//2910
f 2819//2817 2914//2912 2913//2911
f 2820//2818 2821//2819 2914//2912
f 2822//2820 2915//2913 2821//2819
f 2823//2821 2916//2914 2822//2820
f 2824//2822 2917//2915 2823//2821
f 2825//2823 2918//2916 2824//2822
f 2826//2824 2919//2917 2825//2823
f 2827//2825 2920//2918 2826//2824
f 2828//2826 2921//2919 2827//2825
f 2829//2827 2922//2920 2828//2826
f 2830//2828 2923//2921 2829//2827
f 2831//2829 2924//2922 2830//2828
f 2832//2830 2925//2923 2831//2829
f 2833//2831 2926//2924 2832//2830
f 2834//2832 2927//2925 2833//2831
f 2835//2833 2928//2926 2834//2832
f 2836//2834 2929//2927 2835//2833
f 2837//2835 2930//2928 2836//2834
f 2838//2836 2931//2929 2837//2835
f 2839//2837 2932//2930 2838//2836
f 2840//2838 2933//2931 2839//2837
f 2841//2839 2934//2932 2840//2838
f 2842//2840 2935//2933 2841//2839
f 2843//2841 2936//2934 2842//2840
f 2844//2842 2937//2935 2843//2841
f 2845//2843 2938//2936 2844//2842
f 2846//2844 2939//2937 2845//2843
f 2847//2845 2940//2938 2846//2844
f 2848//2846 2941//2939 2847//2845
f 2849//2847 2942//2940 2848//2846
f 2850//2848 2943//2941 2849//2847
f 2851//2849 2944//2942 2850//2848
f 2852//2850 2945//2943 2851//2849
f 2853//2851 2946//2944 2852//2850
f 2854//2852 2947//2945 2853//2851
f 2855//2853 2948//2946 2854//2852
f 2856//2854 2949//2947 2855//2853
f 2857//2855 2950//2948 2856//2854
f 2858//2856 2951//2949 2857//2855
f 2859//2857 2952//2950 2858//2856
f 2860//2858 2953//2951 2859//2857
f 2861//2859 2954//2952 2860//2858
f 2862//2860 2955//2953 2861//2859
f 2863//2861 2956//2954 2862//2860
f 2864//2862 2957//2955 2863//2861
f 2865//2863 2958//2956 2864//2862
f 2866//2864 2959//2957 2865//2863
f 2867//2865 2960//2958 2866//2864
f 2868//2866 2961//2959 2867//2865
f 2869//2867 2962//2960 2868//2866
f 2870//2868 2963//2961 2869//2867
f 2871//2869 2964//2962 2870//2868
f 2872//2870 2965//2963 2871//2869
f 2873//2871 2966//2964 2872//2870
f 2874//2872 2967//2965 2873//2871
f 2875//2873 2968//2966 2874//2872
f 2876//2874 2969//2967 2875//2873
f 2877//2875 2970//2968 2876//2874
f 2878//2876 2971//2969 2877//2875
f 2879//2877 2972//2970 2878//2876
f 2880//2878 2973//2971 2879//2877
f 2881//2879 2974//2972 2880//2878
f 2882//2880 2975//2973 2881//2879
f 2883//2882 2976//2974 2882//2880
f 2884//2881 2977//2975 2883//2882
f 2884//2881 2979//2976 2978//2977
f 2885//2883 2980//2978 2979//2976
f 2886//2884 2981//2979 2980//2978
f 2887//2885 2982//2980 2981//2979
f 2888//2886 2983//2981 2982//2980
f 2889//2887 2984//2982 2983//2981
f 2890//2888 2985//2983 2984//2982
f 2891//2889 2986//2984 2985//2983
f 2892//2890 2987//2985 2986//2984
f 2893//2891 2988//2986 2987//2985
f 2894//2892 2989//2987 2988//2986
f 2895//2893 2990//2988 2989//2987
f 2896//2894 2991//2989 2990//2988
f 2897//2895 2992//2990 2991//2989
f 2898//2896 2993//2991 2992//2990
f 2899//2897 2994//2992 2993//2991
f 2900//2898 2995//2993 2994//2992
f 2901//2899 2996//2994 2995//2993
f 2902//2900 2997//2995 2996//2994
f 2903//2901 2998//2996 2997//2995
f 2904//2902 2999//2997 2998//2996
f 2905//2903 3000//2998 2999//2997
f 2906//2904 3001//2999 3000//2998
f 2907//2905 3002//3000 3001//2999
f 2908//2906 3003//3001 3002//3000
f 2909//2907 3004//3002 3003//3001
f 2910//2908 3005//3003 3004//3002
f 2911//2909 3006//3004 3005//3003
f 2912//2910 3007//3005 3006//3004
f 2913//2911 3008//3006 3007//3005
f 2914//2912 2915//2913 3008//3006
f 2916//2914 3009//3007 2915//2913
f 2917//2915 3010//3008 2916//2914
f 2918//2916 3011//3009 2917//2915
f 2919//2917 3012//3010 2918//2916
f 2920//2918 3013//3011 2919//2917
f 2921//2919 3014//3012 2920//2918
f 2922//2920 3015//3013 2921//2919
f 2923//2921 3016//3014 2922//2920
f 2924//2922 3017//3015 2923//2921
f 2925//2923 3018//3016 2924//2922
f 2926//2924 3019//3017 2925//2923
f 2927//2925 3020//3018 2926//2924
f 2928//2926 3021//3019 2927//2925
f 2929//2927 3022//3020 2928//2926
f 2930//2928 3023//3021 2929//2927
f 2931//2929 3024//3022 2930//2928
f 2932//2930 3025//3023 2931//2929
f 2933//2931 3026//3024 2932//2930
f 2934//2932 3027//3025 2933//2931
f 2935//2933 3028//3026 2934//2932
f 2936//2934 3029//3027 2935//2933
f 2937//2935 3030//3028 2936//2934
f 2938//2936 3031//3029 2937//2935
f 2939//2937 3032//3030 2938//2936
f 2940//2938 3033//3031 2939//2937
f 2941//2939 3034//3032 2940//2938
f 2942//2940 3035//3033 2941//2939
f 2943//2941 3036//3034 2942//2940
f 2944//2942 3037//3035 2943//2941
f 2945//2943 3038//3036 2944//2942
f 2946//2944 3039//3037 2945//2943
f 2947//2945 3040//3038 2946//2944
f 2948//2946 3041//3039 2947//2945
f 2949//2947 3042//3040 2948//2946
f 2950//2948 3043//3041 2949//2947
f 2951//2949 3044//3042 2950//2948
f 2952//2950 3045//3043 2951//2949
f 2953//2951 3046//3044 2952//2950
f 2954//2952 3047//3045 2953//2951
f 2955//2953 3048//3046 2954//2952
f 2956//2954 3049//3047 2955//2953
f 2957//2955 3050//3048 2956//2954
f 2958//2956 3051//3049 2957//2955
f 2959//2957 3052//3050 2958//2956
f 2960//2958 3053//3051 2959//2957
f 2961//2959 3054//3052 2960//2958
f 2962//2960 3055//3053 2961//2959
f 2963//2961 3056//3054 2962//2960
f 2964//2962 3057//3055 2963//2961
f 2965//2963 3058//3056 2964//2962
f 2966//2964 3059//3057 2965//2963
f 2967//2965 3060//3058 2966//2964
f 2968//2966 3061//3059 2967//2965
f 2969//2967 3062//3060 2968//2966
f 2970//2968 3063//3061 2969//2967
f 2971//2969 3064//3062 2970//2968
f 2972//2970 3065//3063 2971//2969
f 2973//2971 3066//3064 2972//2970
f 2974//2972 3067//3065 2973//2971
f 2975//2973 3068//3066 2974//2972
f 2976//2974 3069//3067 2975//2973
f 2977//2975 3070//3068 2976//2974
f 2978//2977 3071//3069 2977//2975
f 2978//2977 3073//3070 3072//3071
f 2979//2976 3074//3072 3073//3070
f 2980//2978 3075//3073 3074//3072
f 2981//2979 3076//3074 3075//3073
f 2982//2980 3077//3075 3076//3074
f 2983//2981 3078//3076 3077//3075
f 2984//2982 3079//3077 3078//3076
f 2985//2983 3080//3078 3079//3077
f 2986//2984 3081//3079 3080//3078
f 2987//2985 3082//3080 3081//3079
f 2988//2986 3083//3081 3082//3080
f 2989//2987 3084//3082 3083//3081
f 2990//2988 3085//3083 3084//3082
f 2991//2989 3086//3084 3085//3083
f 2992//2990 3087//3085 3086//3084
f 2993//2991 3088//3086 3087//3085
f 2994//2992 3089//3087 3088//3086
f 2995//2993 3090//3088 3089//3087
f 2996//2994 3091//3089 3090//3088
f 2997//2995 3092//3090 3091//3089
f 2998//2996 3093//3091 3092//3090
f 2999//2997 3094//3092 3093//3091
f 3000//2998 3095//3093 3094//3092
f 3001//2999 3096//3094 3095//3093
f 3002//3000 3097//3095 3096//3094
f 3003//3001 3098//3096 3097//3095
f 3004//3002 3099//3097 3098//3096
f 3005//3003 3100//3098 3099//3097
f 3006//3004 3101//3099 3100//3098
f 3007//3005 3102//3100 3101//3099
f 3008//3006 3009//3007 3102//3100
f 3010//3008 3103//3101 3009//3007
f 3011//3009 3104//3102 3010//3008
f 3012//3010 3105//3103 3011//3009
f 3013//3011 3106//3104 3012//3010
f 3014//3012 3107//3105 3013//3011
f 3015//3013 3108//3106 3014//3012
f 3016//3014 3109//3107 3015//3013
f 3017//3015 3110//3108 3016//3014
f 3018//3016 3111//3109 3017//3015
f 3019//3017 3112//3110 3018//3016
f 3020//3018 3113//3111 3019//3017
f 3021//3019 3114//3112 3020//3018
f 3022//3020 3115//3113 3021//3019
f 3023//3021 3116//3114 3022//3020
f 3024//3022 3117//3115 3023//3021
f 3025//3023 3118//3116 3024//3022
f 3026//3024 3119//3117 3025//3023
f 3027//3025 3120//3118 3026//3024
f 3028//3026 3121//3119 3027//3025
f 3029//3027 3122//3120 3028//3026
f 3030//3028 3123//3121 3029//3027
f 3031//3029 3124//3122 3030//3028
f 3032//3030 3125//3123 3031//3029
f 3033//3031 3126//3124 3032//3030
f 3034//3032 3127//3125 3033//3031
f 3035//3033 3128//3126 3034//3032
f 3036//3034 3129//3127 3035//3033
f 3037//3035 3130//3128 3036//3034
f 3038//3036 3131//3129 3037//3035
f 3039//3037 3132//3130 3038//3036
f 3040//3038 3133//3131 3039//3037
f 3041//3039 3134//3132 3040//3038
f 3042//3040 3135//3133 3041//3039
f 3043//3041 3136//3134 3042//3040
f 3044//3042 3137//3135 3043//3041
f 3045//3043 3138//3136 3044//3042
f 3046//3044 3139//3137 3045//3043
f 3047//3045 3140//3138 3046//3044
f 3048//3046 3141//3139 3047//3045
f 3049//3047 3142//3140 3048//3046
f 3050//3048 3143//3141 3049//3047
f 3051//3049 3144//3142 3050//3048
f 3052//3050 3145//3143 3051//3049
f 3053//3051 3146//3144 3052//3050
f 3054//3052 3147//3145 3053//3051
f 3055//3053 3148//3146 3054//3052
f 3056//3054 3149//3147 3055//3053
f 3057//3055 3150//3148 3056//3054
f 3058//3056 3151//3149 3057//3055
f 3059//3057 3152//3150 3058//3056
f 3060//3058 3153//3151 3059//3057
f 3061//3059 3154//3152 3060//3058
f 3062//3060 3155//3153 3061//3059
f 3063//3061 3156//3154 3062//3060
f 3064//3062 3157//3155 3063//3061
f 3065//3063 3158//3156 3064//3062
f 3066//3064 3159//3157 3065//3063
f 3067//3065 3160//3158 3066//3064
f 3068//3066 3161//3159 3067//3065
f 3069//3067 3162//3160 3068//3066
f 3070//3068 3163//3161 3069//3067
f 3071//3069 3164//3162 3070//3068
f 3072//3071 3165//3163 3071//3069
f 3073//3070 3166//3164 3072//3071
f 3073//3070 3168//3165 3167//3166
f 3074//3072 3169//3167 3168//3165
f 3075//3073 3170//3168 3169//3167
f 3076//3074 3171//3169 3170//3168
f 3077//3075 3172//3170 3171//3169
f 3078//3076 3173//3171 3172//3170
f 3079//3077 3174//3172 3173//3171
f 3080//3078 3175//3173 3174//3172
f 3081//3079 3176//3174 3175//3173
f 3082//3080 3177//3175 3176//3174
f 3083//3081 3178//3176 3177//3175
f 3084//3082 3179//3177 3178//3176
f 3085//3083 3180//3178 3179//3177
f 3086//3084 3181//3179 3180//3178
f 3087//3085 3182//3180 3181//3179
f 3088//3086 3183//3181 3182//3180
f 3089//3087 3184//3182 3183//3181
f 3090//3088 3185//3183 3184//3182
f 3091//3089 3186//3184 3185//3183
f 3092//3090 3187//3185 3186//3184
f 3093//3091 3188//3186 3187//3185
f 3094//3092 3189//3187 3188//3186
f 3095//3093 3190//3188 3189//3187
f 3096//3094 3191//3189 3190//3188
f 3097//3095 3192//3190 3191//3189
f 3098//3096 3193//3191 3192//3190
f 3099//3097 3194//3192 3193//3191
f 3100//3098 3195//3193 3194//3192
f 3101//3099 3196//3194 3195//3193
f 3102//3100 3103//3101 3196//3194
f 3103//3101 3198//3195 3197//3196
f 3104//3102 3199//3197 3198//3195
f 3105//3103 3200//3198 3199//3197
f 3107//3105 3200//3198 3106//3104
f 3108//3106 3201//3199 3107//3105
f 3109//3107 3202//3200 3108//3106
f 3110//3108 3203//3201 3109//3107
f 3111//3109 3204//3202 3110//3108
f 3112//3110 3205//3203 3111//3109
f 3113//3111 3206//3204 3112//3110
f 3114//3112 3207//3205 3113//3111
f 3115//3113 3208//3206 3114//3112
f 3116//3114 3209//3207 3115//3113
f 3117//3115 3210//3208 3116//3114
f 3118//3116 3211//3209 3117//3115
f 3119//3117 3212//3210 3118//3116
f 3120//3118 3213//3211 3119//3117
f 3121//3119 3214//3212 3120//3118
f 3122//3120 3215//3213 3121//3119
f 3123//3121 3216//3214 3122//3120
f 3124//3122 3217//3215 3123//3121
f 3124//3122 3219//3216 3218//3217
f 3125//3123 3220//3218 3219//3216
f 3126//3124 3221//3219 3220//3218
f 3127//3125 3222//3220 3221//3219
f 3128//3126 3223//3221 3222//3220
f 3129//3127 3224//3222 3223//3221
f 3131//3129 3224//3222 3130//3128
f 3132//3130 3225//3223 3131//3129
f 3133//3131 3226//3224 3132//3130
f 3134//3132 3227//3225 3133//3131
f 3135//3133 3228//3226 3134//3132
f 3136//3134 3229//3227 3135//3133
f 3137//3135 3230//3228 3136//3134
f 3138//3136 3231//3229 3137//3135
f 3139//3137 3232//3230 3138//3136
f 3140//3138 3233//3231 3139//3137
f 3141//3139 3234//3232 3140//3138
f 3142//3140 3235//3233 3141//3139
f 3143//3141 3236//3234 3142//3140
f 3144//3142 3237//3235 3143//3141
f 3145//3143 3238//3236 3144//3142
f 3146//3144 3239//3237 3145//3143
f 3147//3145 3240//3238 3146//3144
f 3148//3146 3241//3239 3147//3145
f 3149//3147 3242//3240 3148//3146
f 3150//3148 3243//3241 3149//3147
f 3151//3149 3244//3242 3150//3148
f 3152//3150 3245//3243 3151//3149
f 3153//3151 3246//3244 3152//3150
f 3154//3152 3247//3245 3153//3151
f 3155//3153 3248//3246 3154//3152
f 3156//3154 3249//3247 3155//3153
f 3157//3155 3250//3248 3156//3154
f 3158//3156 3251//3249 3157//3155
f 3159//3157 3252//3250 3158//3156
f 3160//3158 3253//3251 3159//3157
f 3161//3159 3254//3252 3160//3158
f 3162//3160 3255//3253 3161//3159
f 3163//3161 3256//3254 3162//3160
f 3164//3162 3257//3255 3163//3161
f 3165//3163 3258//3256 3164//3162
f 3166//3164 3259//3257 3165//3163
f 3167//3166 3260//3258 3166//3164
f 3167//3166 3262//3259 3261//3260
f 3168//3165 3263//3261 3262//3259
f 3169//3167 3264//3262 3263//3261
f 3170//3168 3265//3263 3264//3262
f 3171//3169 3266//3264 3265//3263
f 3172//3170 3267//3265 3266//3264
f 3173//3171 3268//3266 3267//3265
f 3174//3172 3269//3267 3268//3266
f 3175//3173 3270//3268 3269//3267
f 3176//3174 3271//3269 3270//3268
f 3177//3175 3272//3270 3271//3269
f 3178//3176 3273//3271 3272//3270
f 3179//3177 3274//3272 3273//3271
f 3180//3178 3275//3273 3274//3272
f 3181//3179 3276//3274 3275//3273
f 3182//3180 3277//3275 3276//3274
f 3183//3181 3278//3276 3277//3275
f 3184//3182 3279//3277 3278//3276
f 3185//3183 3280//3278 3279//3277
f 3186//3184 3281//3279 3280//3278
f 3187//3185 3282//3280 3281//3279
f 3188//3186 3283//3281 3282//3280
f 3189//3187 3284//3282 3283//3281
f 3190//3188 3285//3283 3284//3282
f 3191//3189 3286//3284 3285//3283
f 3192//3190 3287//3285 3286//3284
f 3193//3191 3288//3286 3287//3285
f 3194//3192 3289//3287 3288//3286
f 3195//3193 3290//3288 3289//3287
f 3196//3194 3197//3196 3290//3288
f 3197//3196 3292//3289 3291//3290
f 3198//3195 3293//3291 3292//3289
f 3199//3197 3294//3292 3293//3291
f 3201//3199 3294//3292 3200//3198
f 3202//3200 3295//3293 3201//3199
f 3203//3201 3296//3294 3202//3200
f 3204//3202 3297//3295 3203//3201
f 3205//3203 3298//3296 3204//3202
f 3206//3204 3299//3297 3205//3203
f 3207//3205 3300//3298 3206//3204
f 3208//3206 3301//3299 3207//3205
f 3209//3207 3302//3300 3208//3206
f 3210//3208 3303//3301 3209//3207
f 3210//3208 3305//3302 3304//3303
f 3211//3209 3306//3304 3305//3302
f 3212//3210 3307//3305 3306//3304
f 3213//3211 3308//3306 3307//3305
f 3214//3212 3309//3307 3308//3306
f 3215//3213 3310//3308 3309//3307
f 3216//3214 3311//3309 3310//3308
f 3217//3215 3312//3310 3311//3309
f 3218//3217 3313//3311 3312//3310
f 3219//3216 3314//3312 3313//3311
f 3220//3218 3315//3313 3314//3312
f 3221//3219 3316//3314 3315//3313
f 3222//3220 3317//3315 3316//3314
f 3223//3221 3318//3316 3317//3315
f 3224//3222 3319//3317 3318//3316
f 3225//3223 3320//3318 3319//3317
f 3227//3225 3320//3318 3226//3224
f 3228//3226 3321//3319 3227//3225
f 3229//3227 3322//3320 3228//3226
f 3230//3228 3323//3321 3229//3227
f 3231//3229 3324//3322 3230//3228
f 3232//3230 3325//3323 3231//3229
f 3233//3231 3326//3324 3232//3230
f 3234//3232 3327//3325 3233//3231
f 3235//3233 3328//3326 3234//3232
f 3236//3234 3329//3327 3235//3233
f 3237//3235 3330//3328 3236//3234
f 3238//3236 3331//3329 3237//3235
f 3239//3237 3332//3330 3238//3236
f 3240//3238 3333//3331 3239//3237
f 3241//3239 3334//3332 3240//3238
f 3242//3240 3335//3333 3241//3239
f 3243//3241 3336//3334 3242//3240
f 3244//3242 3337//3335 3243//3241
f 3245//3243 3338//3336 3244//3242
f 3246//3244 3339//3337 3245//3243
f 3247//3245 3340//3338 3246//3244
f 3248//3246 3341//3339 3247//3245
f 3249//3247 3342//3340 3248//3246
f 3250//3248 3343//3341 3249//3247
f 3251//3249 3344//3342 3250//3248
f 3252//3250 3345//3343 3251//3249
f 3253//3251 3346//3344 3252//3250
f 3254//3252 3347//3345 3253//3251
f 3255//3253 3348//3346 3254//3252
f 3256//3254 3349//3347 3255//3253
f 3257//3255 3350//3348 3256//3254
f 3258//3256 3351//3349 3257//3255
f 3259//3257 3352//3350 3258//3256
f 3260//3258 3353//3351 3259//3257
f 3261//3260 3354//3352 3260//3258
f 3262//3259 3355//3353 3261//3260
f 3262//3259 3357//3354 3356//3355
f 3263//3261 3358//3356 3357//3354
f 3264//3262 3359//3357 3358//3356
f 3265//3263 3360//3358 3359//3357
f 3266//3264 3361//3359 3360//3358
f 3267//3265 3362//3360 3361//3359
f 3268//3266 3363//3361 3362//3360
f 3269//3267 3364//3362 3363//3361
f 3270//3268 3365//3363 3364//3362
f 3271//3269 3366//3364 3365//3363
f 3272//3270 3367//3365 3366//3364
f 3273//3271 3368//3366 3367//3365
f 3274//3272 3369//3367 3368//3366
f 3275//3273 3370//3368 3369//3367
f 3276//3274 3371//3369 3370//3368
f 3277//3275 3372//3370 3371//3369
f 3278//3276 3373//3371 3372//3370
f 3279//3277 3374//3372 3373//3371
f 3280//3278 3375//3373 3374//3372
f 3281//3279 3376//3374 3375//3373
f 3282//3280 3377//3375 3376//3374
f 3283//3281 3378//3376 3377//3375
f 3284//3282 3379//3377 3378//3376
f 3285//3283 3380//3378 3379//3377
f 3286//3284 3381//3379 3380//3378
f 3287//3285 3382//3380 3381//3379
f 3288//3286 3383//3381 3382//3380
f 3289//3287 3384//3382 3383//3381
f 3290//3288 3291//3290 3384//3382
f 3291//3290 3386//3383 3385//3384
f 3292//3289 3387//3385 3386//3383
f 3293//3291 3388//3386 3387//3385
f 3294//3292 3389//3387 3388//3386
f 3295//3293 3390//3388 3389//3387
f 3296//3294 3391//3389 3390//3388
f 3297//3295 3392//3390 3391//3389
f 3298//3296 3393//3391 3392//3390
f 3299//3297 3394//3392 3393//3391
f 3300//3298 3395//3393 3394//3392
f 3301//3299 3396//3394 3395//3393
f 3302//3300 3397//3395 3396//3394
f 3303//3301 3398//3396 3397//3395
f 3304//3303 3399//3397 3398//3396
f 3305//3302 3400//3398 3399//3397
f 3306//3304 3401//3399 3400//3398
f 3307//3305 3402//3400 3401//3399
f 3308//3306 3403//3401 3402//3400
f 3309//3307 3404//3402 3403//3401
f 3310//3308 3405//3403 3404//3402
f 3311//3309 3406//3404 3405//3403
f 3312//3310 3407//3405 3406//3404
f 3313//3311 3408//3406 3407//3405
f 3314//3312 3409//3407 3408//3406
f 3315//3313 3410//3408 3409//3407
f 3316//3314 3411//3409 3410//3408
f 3317//3315 3412//3410 3411//3409
f 3318//3316 3413//3411 3412//3410
f 3319//3317 3414//3412 3413//3411
f 3320//3318 3415//3413 3414//3412
f 3322//3320 3415//3413 3321//3319
f 3323//3321 3416//3414 3322//3320
f 3324//3322 3417//3415 3323//3321
f 3325//3323 3418//3416 3324//3322
f 3326//3324 3419//3417 3325//3323
f 3327//3325 3420//3418 3326//3324
f 3328//3326 3421//3419 3327//3325
f 3329//3327 3422//3420 3328//3326
f 3330//3328 3423//3421 3329//3327
f 3331//3329 3424//3422 3330//3328
f 3332//3330 3425//3423 3331//3329
f 3333//3331 3426//3424 3332//3330
f 3334//3332 3427//3425 3333//3331
f 3335//3333 3428//3426 3334//3332
f 3336//3334 3429//3427 3335//3333
f 3337//3335 3430//3428 3336//3334
f 3338//3336 3431//3429 3337//3335
f 3339//3337 3432//3430 3338//3336
f 3340//3338 3433//3431 3339//3337
f 3341//3339 3434//3432 3340//3338
f 3342//3340 3435//3433 3341//3339
f 3343//3341 3436//3434 3342//3340
f 3344//3342 3437//3435 3343//3341
f 3345//3343 3438//3436 3344//3342
f 3346//3344 3439//3437 3345//3343
f 3347//3345 3440//3438 3346//3344
f 3348//3346 3441//3439 3347//3345
f 3349//3347 3442//3440 3348//3346
f 3350//3348 3443//3441 3349//3347
f 3351//3349 3444//3442 3350//3348
f 3352//3350 3445//3443 3351//3349
f 3353//3351 3446//3444 3352//3350
f 3354//3352 3447//3445 3353//3351
f 3355//3353 3448//3446 3354//3352
f 3356//3355 3449//3447 3355//3353
f 3357//3354 3450//3448 3356//3355
f 3357//3354 3452//3449 3451//3450
f 3358//3356 3453//3451 3452//3449
f 3359//3357 3454//3452 3453//3451
f 3360//3358 3455//3453 3454//3452
f 3361//3359 3456//3454 3455//3453
f 3362//3360 3457//3455 3456//3454
f 3363//3361 3458//3456 3457//3455
f 3364//3362 3459//3457 3458//3456
f 3365//3363 3460//3458 3459//3457
f 3366//3364 3461//3459 3460//3458
f 3367//3365 3462//3460 3461//3459
f 3368//3366 3463//3461 3462//3460
f 3369//3367 3464//3462 3463//3461
f 3370//3368 3465//3463 3464//3462
f 3371//3369 3466//3464 3465//3463
f 3372//3370 3467//3465 3466//3464
f 3373//3371 3468//3466 3467//3465
f 3374//3372 3469//3467 3468//3466
f 3375//3373 3470//3468 3469//3467
f 3376//3374 3471//3469 3470//3468
f 3377//3375 3472//3470 3471//3469
f 3378//3376 3473//3471 3472//3470
f 3379//3377 3474//3472 3473//3471
f 3380//3378 3475//3473 3474//3472
f 3381//3379 3476//3474 3475//3473
f 3382//3380 3477//3475 3476//3474
f 3383//3381 3478//3476 3477//3475
f 3384//3382 3385//3384 3478//3476
f 3385//3384 3480//3477 3479//3478
f 3386//3383 3481//3479 3480//3477
f 3387//3385 3482//3480 3481//3479
f 3388//3386 3483//3481 3482//3480
f 3389//3387 3484//3482 3483//3481
f 3390//3388 3485//3483 3484//3482
f 3391//3389 3486//3484 3485//3483
f 3392//3390 3487//3485 3486//3484
f 3393//3391 3488//3486 3487//3485
f 3394//3392 3489//3487 3488//3486
f 3395//3393 3490//3488 3489//3487
f 3396//3394 3491//3489 3490//3488
f 3397//3395 3492//3490 3491//3489
f 3398//3396 3493//3491 3492//3490
f 3399//3397 3494//3492 3493//3491
f 3400//3398 3495//3493 3494//3492
f 3401//3399 3496//3494 3495//3493
f 3402//3400 3497//3495 3496//3494
f 3403//3401 3498//3496 3497//3495
f 3404//3402 3499//3497 3498//3496
f 3405//3403 3500//3498 3499//3497
f 3406//3404 3501//3499 3500//3498
f 3407//3405 3502//3500 3501//3499
f 3408//3406 3503//3501 3502//3500
f 3409//3407 3504//3502 3503//3501
f 3410//3408 3505//3503 3504//3502
f 3411//3409 3506//3504 3505//3503
f 3412//3410 3507//3505 3506//3504
f 3413//3411 3508//3506 3507//3505
f 3414//3412 3509//3507 3508//3506
f 3415//3413 3510//3508 3509//3507
f 3417//3415 3510//3508 3416//3414
f 3418//3416 3511//3509 3417//3415
f 3419//3417 3512//3510 3418//3416
f 3420//3418 3513//3511 3419//3417
f 3421//3419 3514//3512 3420//3418
f 3422//3420 3515//3513 3421//3419
f 3423//3421 3516//3514 3422//3420
f 3424//3422 3517//3515 3423//3421
f 3425//3423 3518//3516 3424//3422
f 3426//3424 3519//3517 3425//3423
f 3427//3425 3520//3518 3426//3424
f 3428//3426 3521//3519 3427//3425
f 3429//3427 3522//3520 3428//3426
f 3430//3428 3523//3521 3429//3427
f 3431//3429 3524//3522 3430//3428
f 3432//3430 3525//3523 3431//3429
f 3433//3431 3526//3524 3432//3430
f 3434//3432 3527//3525 3433//3431
f 3435//3433 3528//3526 3434//3432
f 3436//3434 3529//3527 3435//3433
f 3437//3435 3530//3528 3436//3434
f 3438//3436 3531//3529 3437//3435
f 3439//3437 3532//3530 3438//3436
f 3440//3438 3533//3531 3439//3437
f 3441//3439 3534//3532 3440//3438
f 3442//3440 3535//3533 3441//3439
f 3443//3441 3536//3534 3442//3440
f 3444//3442 3537//3535 3443//3441
f 3445//3443 3538//3536 3444//3442
f 3446//3444 3539//3537 3445//3443
f 3447//3445 3540//3538 3446//3444
f 3448//3446 3541//3539 3447//3445
f 3449//3447 3542//3540 3448//3446
f 3450//3448 3543//3541 3449//3447
f 3451//3450 3544//3542 3450//3448
f 3451//3450 3546//3543 3545//3544
f 3452//3449 3547//3545 3546//3543
f 3453//3451 3548//3546 3547//3545
f 3454//3452 3549//3547 3548//3546
f 3455//3453 3550//3548 3549//3547
f 3456//3454 3551//3549 3550//3548
f 3457//3455 3552//3550 3551//3549
f 3458//3456 3553//3551 3552//3550
f 3459//3457 3554//3552 3553//3551
f 3460//3458 3555//3553 3554//3552
f 3461//3459 3556//3554 3555//3553
f 3462//3460 3557//3555 3556//3554
f 3463//3461 3558//3556 3557//3555
f 3464//3462 3559//3557 3558//3556
f 3465//3463 3560//3558 3559//3557
f 3466//3464 3561//3559 3560//3558
f 3467//3465 3562//3560 3561//3559
f 3468//3466 3563//3561 3562//3560
f 3469//3467 3564//3562 3563//3561
f 3470//3468 3565//3563 3564//3562
f 3472//3470 3565//3563 3471//3469
f 3473//3471 3566//3564 3472//3470
f 3474//3472 3567//3565 3473//3471
f 3475//3473 3568//3566 3474//3472
f 3476//3474 3569//3567 3475//3473
f 3476//3474 3571//3568 3570//3569
f 3477//3475 3572//3570 3571//3568
f 3478//3476 3479//3478 3572//3570
f 3479//3478 3574//3571 3573//3572
f 3480//3477 3575//3573 3574//3571
f 3481//3479 3576//3574 3575//3573
f 3482//3480 3577//3575 3576//3574
f 3483//3481 3578//3576 3577//3575
f 3484//3482 3579//3577 3578//3576
f 3485//3483 3580//3578 3579//3577
f 3486//3484 3581//3579 3580//3578
f 3487//3485 3582//3580 3581//3579
f 3488//3486 3583//3581 3582//3580
f 3489//3487 3584//3582 3583//3581
f 3490//3488 3585//3583 3584//3582
f 3491//3489 3586//3584 3585//3583
f 3492//3490 3587//3585 3586//3584
f 3493//3491 3588//3586 3587//3585
f 3494//3492 3589//3587 3588//3586
f 3495//3493 3590//3588 3589//3587
f 3496//3494 3591//3589 3590//3588
f 3497//3495 3592//3590 3591//3589
f 3498//3496 3593//3591 3592//3590
f 3499//3497 3594//3592 3593//3591
f 3500//3498 3595//3593 3594//3592
f 3501//3499 3596//3594 3595//3593
f 3502//3500 3597//3595 3596//3594
f 3503//3501 3598//3596 3597//3595
f 3504//3502 3599//3597 3598//3596
f 3505//3503 3600//3598 3599//3597
f 3506//3504 3601//3599 3600//3598
f 3507//3505 3602//3600 3601//3599
f 3508//3506 3603//3601 3602//3600
f 3509//3507 3604//3602 3603//3601
f 3510//3508 3605//3603 3604//3602
f 3512//3510 3605//3603 3511//3509
f 3513//3511 3606//3604 3512//3510
f 3514//3512 3607//3605 3513//3511
f 3515//3513 3608//3606 3514//3512
f 3516//3514 3609//3607 3515//3513
f 3517//3515 3610//3608 3516//3514
f 3518//3516 3611//3609 3517//3515
f 3519//3517 3612//3610 3518//3516
f 3520//3518 3613//3611 3519//3517
f 3521//3519 3614//3612 3520//3518
f 3522//3520 3615//3613 3521//3519
f 3523//3521 3616//3614 3522//3520
f 3524//3522 3617//3615 3523//3521
f 3525//3523 3618//3616 3524//3522
f 3526//3524 3619//3617 3525//3523
f 3527//3525 3620//3618 3526//3524
f 3528//3526 3621//3619 3527//3525
f 3529//3527 3622//3620 3528//3526
f 3530//3528 3623//3621 3529//3527
f 3531//3529 3624//3622 3530//3528
f 3532//3530 3625//3623 3531//3529
f 3533//3531 3626//3624 3532//3530
f 3534//3532 3627//3625 3533//3531
f 3535//3533 3628//3626 3534//3532
f 3536//3534 3629//3627 3535//3533
f 3537//3535 3630//3628 3536//3534
f 3538//3536 3631//3629 3537//3535
f 3539//3537 3632//3630 3538//3536
f 3540//3538 3633//3631 3539//3537
f 3541//3539 3634//3632 3540//3538
f 3542//3540 3635//3633 3541//3539
f 3543//3541 3636//3634 3542//3540
f 3544//3542 3637//3635 3543//3541
f 3545//3544 3638//3636 3544//3542
f 3546//3543 3639//3637 3545//3544
f 3546//3543 3641//3638 3640//3639
f 3547//3545 3642//3640 3641//3638
f 3548//3546 3643//3641 3642//3640
f 3549//3547 3644//3642 3643//3641
f 3550//3548 3645//3643 3644//3642
f 3551//3549 3646//3644 3645//3643
f 3552//3550 3647//3645 3646//3644
f 3553//3551 3648//3646 3647//3645
f 3554//3552 3649//3647 3648//3646
f 3555//3553 3650//3648 3649//3647
f 3556//3554 3651//3649 3650//3648
f 3557//3555 3652//3650 3651//3649
f 3558//3556 3653//3651 3652//3650
f 3559//3557 3654//3652 3653//3651
f 3560//3558 3655//3653 3654//3652
f 3561//3559 3656//3654 3655//3653
f 3563//3561 3656//3654 3562//3560
f 3564//3562 3657//3655 3563//3561
f 3565//3563 3658//3656 3564//3562
f 3566//3564 3659//3657 3565//3563
f 3567//3565 3660//3658 3566//3564
f 3568//3566 3661//3659 3567//3565
f 3569//3567 3662//3660 3568//3566
f 3570//3569 3663//3661 3569//3567
f 3571//3568 3664//3662 3570//3569
f 3572//3570 3665//3663 3571//3568
f 3572//3570 3573//3572 3666//3664
f 3573//3572 3668//3665 3667//3666
f 3574//3571 3669//3667 3668//3665
f 3575//3573 3670//3668 3669//3667
f 3576//3574 3671//3669 3670//3668
f 3577//3575 3672//3670 3671//3669
f 3578//3576 3673//3671 3672//3670
f 3579//3577 3674//3672 3673//3671
f 3580//3578 3675//3673 3674//3672
f 3581//3579 3676//3674 3675//3673
f 3582//3580 3677//3675 3676//3674
f 3583//3581 3678//3676 3677//3675
f 3584//3582 3679//3677 3678//3676
f 3585//3583 3680//3678 3679//3677
f 3586//3584 3681//3679 3680//3678
f 3587//3585 3682//3680 3681//3679
f 3588//3586 3683//3681 3682//3680
f 3589//3587 3684//3682 3683//3681
f 3590//3588 3685//3683 3684//3682
f 3591//3589 3686//3684 3685//3683
f 3592//3590 3687//3685 3686//3684
f 3593//3591 3688//3686 3687//3685
f 3594//3592 3689//3687 3688//3686
f 3595//3593 3690//3688 3689//3687
f 3596//3594 3691//3689 3690//3688
f 3597//3595 3692//3690 3691//3689
f 3598//3596 3693//3691 3692//3690
f 3599//3597 3694//3692 3693//3691
f 3600//3598 3695//3693 3694//3692
f 3601//3599 3696//3694 3695//3693
f 3602//3600 3697//3695 3696//3694
f 3603//3601 3698//3696 3697//3695
f 3604//3602 3699//3697 3698//3696
f 3606//3604 3699//3697 3605//3603
f 3607//3605 3700//3698 3606//3604
f 3608//3606 3701//3699 3607//3605
f 3609//3607 3702//3700 3608//3606
f 3610//3608 3703//3701 3609//3607
f 3611//3609 3704//3702 3610//3608
f 3612//3610 3705//3703 3611//3609
f 3613//3611 3706//3704 3612//3610
f 3614//3612 3707//3705 3613//3611
f 3615//3613 3708//3706 3614//3612
f 3616//3614 3709//3707 3615//3613
f 3617//3615 3710//3708 3616//3614
f 3618//3616 3711//3709 3617//3615
f 3619//3617 3712//3710 3618//3616
f 3620//3618 3713//3711 3619//3617
f 3621//3619 3714//3712 3620//3618
f 3622//3620 3715//3713 3621//3619
f 3623//3621 3716//3714 3622//3620
f 3624//3622 3717//3715 3623//3621
f 3625//3623 3718//3716 3624//3622
f 3626//3624 3719//3717 3625//3623
f 3627//3625 3720//3718 3626//3624
f 3628//3626 3721//3719 3627//3625
f 3629//3627 3722//3720 3628//3626
f 3630//3628 3723//3721 3629//3627
f 3631//3629 3724//3722 3630//3628
f 3632//3630 3725//3723 3631//3629
f 3633//3631 3726//3724 3632//3630
f 3634//3632 3727//3725 3633//3631
f 3635//3633 3728//3726 3634//3632
f 3636//3634 3729//3727 3635//3633
f 3637//3635 3730//3728 3636//3634
f 3638//3636 3731//3729 3637//3635
f 3639//3637 3732//3730 3638//3636
f 3640//3639 3733//3731 3639//3637
f 3640//3639 3735//3732 3734//3733
f 3641//3638 3736//3734 3735//3732
f 3642//3640 3737//3735 3736//3734
f 3643//3641 3738//3736 3737//3735
f 3644//3642 3739//3737 3738//3736
f 3645//3643 3740//3738 3739//3737
f 3646//3644 3741//3739 3740//3738
f 3647//3645 3742//3740 3741//3739
f 3648//3646 3743//3741 3742//3740
f 3649//3647 3744//3742 3743//3741
f 3650//3648 3745//3743 3744//3742
f 3651//3649 3746//3744 3745//3743
f 3652//3650 3747//3745 3746//3744
f 3653//3651 3748//3746 3747//3745
f 3654//3652 3749//3747 3748//3746
f 3655//3653 3750//3748 3749//3747
f 3657//3655 3750//3748 3656//3654
f 3658//3656 3751//3749 3657//3655
f 3659//3657 3752//3750 3658//3656
f 3660//3658 3753//3751 3659//3657
f 3661//3659 3754//3752 3660//3658
f 3662//3660 3755//3753 3661//3659
f 3663//3661 3756//3754 3662//3660
f 3664//3662 3757//3755 3663//3661
f 3665//3663 3758//3756 3664//3662
f 3666//3664 3759//3757 3665//3663
f 3666//3664 3667//3666 3760//3758
f 3667//3666 3762//3759 3761//3760
f 3668//3665 3763//3761 3762//3759
f 3669//3667 3764//3762 3763//3761
f 3670//3668 3765//3763 3764//3762
f 3671//3669 3766//3764 3765//3763
f 3672//3670 3767//3765 3766//3764
f 3673//3671 3768//3766 3767//3765
f 3674//3672 3769//3767 3768//3766
f 3675//3673 3770//3768 3769//3767
f 3676//3674 3771//3769 3770//3768
f 3677//3675 3772//3770 3771//3769
f 3678//3676 3773//3771 3772//3770
f 3679//3677 3774//3772 3773//3771
f 3680//3678 3775//3773 3774//3772
f 3681//3679 3776//3774 3775//3773
f 3682//3680 3777//3775 3776//3774
f 3683//3681 3778//3776 3777//3775
f 3684//3682 3779//3777 3778//3776
f 3685//3683 3780//3778 3779//3777
f 3686//3684 3781//3779 3780//3778
f 3687//3685 3782//3780 3781//3779
f 3688//3686 3783//3781 3782//3780
f 3689//3687 3784//3782 3783//3781
f 3690//3688 3785//3783 3784//3782
f 3691//3689 3786//3784 3785//3783
f 3692//3690 3787//3785 3786//3784
f 3693//3691 3788//3786 3787//3785
f 3694//3692 3789//3787 3788//3786
f 3695//3693 3790//3788 3789//3787
f 3696//3694 3791//3789 3790//3788
f 3697//3695 3792//3790 3791//3789
f 3698//3696 3793//3791 3792//3790
f 3700//3698 3793//3791 3699//3697
f 3701//3699 3794//3792 3700//3698
f 3702//3700 3795//3793 3701//3699
f 3703//3701 3796//3794 3702//3700
f 3704//3702 3797//3795 3703//3701
f 3705//3703 3798//3796 3704//3702
f 3706//3704 3799//3797 3705//3703
f 3707//3705 3800//3798 3706//3704
f 3708//3706 3801//3799 3707//3705
f 3709//3707 3802//3800 3708//3706
f 3710//3708 3803//3801 3709//3707
f 3711//3709 3804//3802 3710//3708
f 3712//3710 3805//3803 3711//3709
f 3713//3711 3806//3804 3712//3710
f 3714//3712 3807//3805 3713//3711
f 3715//3713 3808//3806 3714//3712
f 3716//3714 3809//3807 3715//3713
f 3717//3715 3810//3808 3716//3714
f 3718//3716 3811//3809 3717//3715
f 3719//3717 3812//3810 3718//3716
f 3720//3718 3813//3811 3719//3717
f 3721//3719 3814//3812 3720//3718
f 3722//3720 3815//3813 3721//3719
f 3723//3721 3816//3814 3722//3720
f 3724//3722 3817//3815 3723//3721
f 3725//3723 3818//3816 3724//3722
f 3726//3724 3819//3817 3725//3723
f 3727//3725 3820//3818 3726//3724
f 3728//3726 3821//3819 3727//3725
f 3729//3727 3822//3820 3728//3726
f 3730//3728 3823//3821 3729//3727
f 3731//3729 3824//3822 3730//3728
f 3732//3730 3825//3823 3731//3729
f 3733//3731 3826//3824 3732//3730
f 3734//3733 3827//3825 3733//3731
f 3734//3733 3829//3826 3828//3827
f 3735//3732 3830//3828 3829//3826
f 3736//3734 3831//3829 3830//3828
f 3737//3735 3832//3830 3831//3829
f 3738//3736 3833//3831 3832//3830
f 3739//3737 3834//3832 3833//3831
f 3740//3738 3835//3833 3834//3832
f 3741//3739 3836//3834 3835//3833
f 3742//3740 3837//3835 3836//3834
f 3743//3741 3838//3836 3837//3835
f 3744//3742 3839//3837 3838//3836
f 3745//3743 3840//3838 3839//3837
f 3746//3744 3841//3839 3840//3838
f 3747//3745 3842//3840 3841//3839
f 3748//3746 3843//3841 3842//3840
f 3749//3747 3844//3842 3843//3841
f 3750//3748 3845//3843 3844//3842
f 3751//3749 3846//3844 3845//3843
f 3753//3751 3846//3844 3752//3750
f 3754//3752 3847//3845 3753//3751
f 3755//3753 3848//3846 3754//3752
f 3756//3754 3849//3847 3755//3753
f 3757//3755 3850//3848 3756//3754
f 3758//3756 3851//3849 3757//3755
f 3759//3757 3852//3850 3758//3756
f 3760//3758 3853//3851 3759//3757
f 3760//3758 3761//3760 3854//3852
f 3761//3760 3856//3853 3855//3854
f 3762//3759 3857//3855 3856//3853
f 3763//3761 3858//3856 3857//3855
f 3764//3762 3859//3857 3858//3856
f 3765//3763 3860//3858 3859//3857
f 3766//3764 3861//3859 3860//3858
f 3767//3765 3862//3860 3861//3859
f 3768//3766 3863//3861 3862//3860
f 3769//3767 3864//3862 3863//3861
f 3770//3768 3865//3863 3864//3862
f 3771//3769 3866//3864 3865//3863
f 3772//3770 3867//3865 3866//3864
f 3773//3771 3868//3866 3867//3865
f 3774//3772 3869//3867 3868//3866
f 3775//3773 3870//3868 3869//3867
f 3776//3774 3871//3869 3870//3868
f 3777//3775 3872//3870 3871//3869
f 3778//3776 3873//3871 3872//3870
f 3779//3777 3874//3872 3873//3871
f 3780//3778 3875//3873 3874//3872
f 3781//3779 3876//3874 3875//3873
f 3782//3780 3877//3875 3876//3874
f 3783//3781 3878//3876 3877//3875
f 3784//3782 3879//3877 3878//3876
f 3785//3783 3880//3878 3879//3877
f 3786//3784 3881//3879 3880//3878
f 3787//3785 3882//3880 3881//3879
f 3788//3786 3883//3881 3882//3880
f 3789//3787 3884//3882 3883//3881
f 3790//3788 3885//3883 3884//3882
f 3791//3789 3886//3884 3885//3883
f 3792//3790 3887//3885 3886//3884
f 3794//3792 3887//3885 3793//3791
f 3795//3793 3888//3886 3794//3792
f 3796//3794 3889//3887 3795//3793
f 3797//3795 3890//3888 3796//3794
f 3798//3796 3891//3889 3797//3795
f 3799//3797 3892//3890 3798//3796
f 3800//3798 3893//3891 3799//3797
f 3801//3799 3894//3892 3800//3798
f 3802//3800 3895//3893 3801//3799
f 3803//3801 3896//3894 3802//3800
f 3804//3802 3897//3895 3803//3801
f 3805//3803 3898//3896 3804//3802
f 3806//3804 3899//3897 3805//3803
f 3807//3805 3900//3898 3806//3804
f 3808//3806 3901//3899 3807//3805
f 3809//3807 3902//3900 3808//3806
f 3810//3808 3903//3901 3809//3807
f 3811//3809 3904//3902 3810//3808
f 3812//3810 3905//3903 3811//3809
f 3813//3811 3906//3904 3812//3810
f 3814//3812 3907//3905 3813//3811
f 3815//3813 3908//3906 3814//3812
f 3816//3814 3909//3907 3815//3813
f 3817//3815 3910//3908 3816//3814
f 3818//3816 3911//3909 3817//3815
f 3819//3817 3912//3910 3818//3816
f 3820//3818 3913//3911 3819//3817
f 3821//3819 3914//3912 3820//3818
f 3822//3820 3915//3913 3821//3819
f 3823//3821 3916//3914 3822//3820
f 3824//3822 3917//3915 3823//3821
f 3825//3823 3918//3916 3824//3822
f 3826//3824 3919//3917 3825//3823
f 3827//3825 3920//3918 3826//3824
f 3827//3825 3922//3919 3921//3920
f 3828//3827 3923//3921 3922//3919
f 3829//3826 3924//3922 3923//3921
f 3830//3828 3925//3923 3924//3922
f 3831//3829 3926//3924 3925//3923
f 3832//3830 3927//3925 3926//3924
f 3833//3831 3928//3926 3927//3925
f 3834//3832 3929//3927 3928//3926
f 3835//3833 3930//3928 3929//3927
f 3836//3834 3931//3929 3930//3928
f 3837//3835 3932//3930 3931//3929
f 3838//3836 3933//3931 3932//3930
f 3839//3837 3934//3932 3933//3931
f 3840//3838 3935//3933 3934//3932
f 3841//3839 3936//3934 3935//3933
f 3842//3840 3937//3935 3936//3934
f 3843//3841 3938//3936 3937//3935
f 3844//3842 3939//3937 3938//3936
f 3845//3843 3940//3938 3939//3937
f 3846//3844 3941//3939 3940//3938
f 3847//3845 3942//3940 3941//3939
f 3848//3846 3943//3941 3942//3940
f 3849//3847 3944//3942 3943//3941
f 3850//3848 3945//3942 3944//3942
f 3851//3849 3946//3943 3945//3942
f 3852//3850 3947//3944 3946//3943
f 3853//3851 3948//3945 3947//3944
f 3854//3852 3855//3854 3948//3945
f 3856//3853 3949//3946 3855//3854
f 3857//3855 3950//3947 3856//3853
f 3858//3856 3951//3947 3857//3855
f 3859//3857 3952//3948 3858//3856
f 3860//3858 3953//3949 3859//3857
f 3861//3859 3954//3950 3860//3858
f 3862//3860 3955//3951 3861//3859
f 3863//3861 3956//3952 3862//3860
f 3864//3862 3957//3953 3863//3861
f 3865//3863 3958//3954 3864//3862
f 3866//3864 3959//3955 3865//3863
f 3867//3865 3960//3956 3866//3864
f 3868//3866 3961//3957 3867//3865
f 3868//3866 3963//3958 3962//3959
f 3869//3867 3964//3960 3963//3958
f 3870//3868 3965//3961 3964//3960
f 3871//3869 3966//3962 3965//3961
f 3872//3870 3967//3963 3966//3962
f 3873//3871 3968//3964 3967//3963
f 3874//3872 3969//3965 3968//3964
f 3875//3873 3970//3966 3969//3965
f 3876//3874 3971//3967 3970//3966
f 3877//3875 3972//3968 3971//3967
f 3878//3876 3973//3969 3972//3968
f 3879//3877 3974//3970 3973//3969
f 3880//3878 3975//3971 3974//3970
f 3881//3879 3976//3972 3975//3971
f 3882//3880 3977//3973 3976//3972
f 3883//3881 3978//3974 3977//3973
f 3884//3882 3979//3975 3978//3974
f 3885//3883 3980//3976 3979//3975
f 3887//3885 3980//3976 3886//3884
f 3888//3886 3981//3977 3887//3885
f 3889//3887 3982//3978 3888//3886
f 3890//3888 3983//3979 3889//3887
f 3891//3889 3984//3980 3890//3888
f 3892//3890 3985//3981 3891//3889
f 3893//3891 3986//3982 3892//3890
f 3894//3892 3987//3983 3893//3891
f 3895//3893 3988//3984 3894//3892
f 3896//3894 3989//3985 3895//3893
f 3897//3895 3990//3986 3896//3894
f 3898//3896 3991//3987 3897//3895
f 3899//3897 3992//3988 3898//3896
f 3900//3898 3993//3989 3899//3897
f 3901//3899 3994//3990 3900//3898
f 3902//3900 3995//3991 3901//3899
f 3903//3901 3996//3992 3902//3900
f 3904//3902 3997//3993 3903//3901
f 3905//3903 3998//3994 3904//3902
f 3906//3904 3999//3995 3905//3903
f 3907//3905 4000//3996 3906//3904
f 3908//3906 4001//3997 3907//3905
f 3909//3907 4002//3998 3908//3906
f 3910//3908 4003//3999 3909//3907
f 3911//3909 4004//4000 3910//3908
f 3912//3910 4005//4001 3911//3909
f 3913//3911 4006//4002 3912//3910
f 3914//3912 4007//4003 3913//3911
f 3915//3913 4008//4004 3914//3912
f 3916//3914 4009//4005 3915//3913
f 3917//3915 4010//4006 3916//3914
f 3918//3916 4011//4007 3917//3915
f 3919//3917 4012//4008 3918//3916
f 3920//3918 4013//4009 3919//3917
f 3921//3920 4014//4010 3920//3918
f 3921//3920 4016//4011 4015//4012
f 3922//3919 4017//4013 4016//4011
f 3923//3921 4018//4014 4017//4013
f 3924//3922 4019//4015 4018//4014
f 3925//3923 4020//4016 4019//4015
f 3926//3924 4021//4017 4020//4016
f 3927//3925 4022//4018 4021//4017
f 3928//3926 4023//4019 4022//4018
f 3929//3927 4024//4020 4023//4019
f 3930//3928 4025//4021 4024//4020
f 3931//3929 4026//4022 4025//4021
f 3932//3930 4027//4023 4026//4022
f 3933//3931 4028//4024 4027//4023
f 3934//3932 4029//4025 4028//4024
f 3935//3933 4030//4026 4029//4025
f 3936//3934 4031//4027 4030//4026
f 3937//3935 4032//4028 4031//4027
f 3938//3936 4033//4029 4032//4028
f 3939//3937 4034//4030 4033//4029
f 3940//3938 4035//4031 4034//4030
f 3941//3939 4036//4032 4035//4031
f 3942//3940 4037//4033 4036//4032
f 3943//3941 4038//4034 4037//4033
f 3944//3942 4039//4035 4038//4034
f 3945//3942 4040//4036 4039//4035
f 3946//3943 4041//4037 4040//4036
f 3947//3944 4042//4038 4041//4037
f 3948//3945 3949//3946 4042//4038
f 3950//3947 4043//4039 3949//3946
f 3951//3947 4044//4040 3950//3947
f 3952//3948 4045//4040 3951//3947
f 3953//3949 4046//4041 3952//3948
f 3954//3950 4047//4042 3953//3949
f 3955//3951 4048//4043 3954//3950
f 3956//3952 4049//4044 3955//3951
f 3957//3953 4050//4045 3956//3952
f 3958//3954 4051//4046 3957//3953
f 3959//3955 4052//4047 3958//3954
f 3960//3956 4053//4048 3959//3955
f 3961//3957 4054//4049 3960//3956
f 3962//3959 4055//4050 3961//3957
f 3963//3958 4056//4051 3962//3959
f 3964//3960 4057//4052 3963//3958
f 3965//3961 4058//4053 3964//3960
f 3966//3962 4059//4054 3965//3961
f 3967//3963 4060//4055 3966//3962
f 3968//3964 4061//4056 3967//3963
f 3969//3965 4062//4057 3968//3964
f 3969//3965 4064//4058 4063//4059
f 3970//3966 4065//4060 4064//4058
f 3971//3967 4066//4061 4065//4060
f 3972//3968 4067//4062 4066//4061
f 3973//3969 4068//4063 4067//4062
f 3974//3970 4069//4064 4068//4063
f 3975//3971 4070//4065 4069//4064
f 3976//3972 4071//4066 4070//4065
f 3977//3973 4072//4067 4071//4066
f 3978//3974 4073//4068 4072//4067
f 3979//3975 4074//4069 4073//4068
f 3981//3977 4074//4069 3980//3976
f 3982//3978 4075//4070 3981//3977
f 3983//3979 4076//4071 3982//3978
f 3984//3980 4077//4072 3983//3979
f 3985//3981 4078//4073 3984//3980
f 3986//3982 4079//4074 3985//3981
f 3987//3983 4080//4075 3986//3982
f 3988//3984 4081//4076 3987//3983
f 3989//3985 4082//4077 3988//3984
f 3990//3986 4083//4078 3989//3985
f 3991//3987 4084//4079 3990//3986
f 3992//3988 4085//4080 3991//3987
f 3993//3989 4086//4081 3992//3988
f 3994//3990 4087//4082 3993//3989
f 3995//3991 4088//4083 3994//3990
f 3996//3992 4089//4084 3995//3991
f 3997//3993 4090//4085 3996//3992
f 3998//3994 4091//4086 3997//3993
f 3999//3995 4092//4087 3998//3994
f 4000//3996 4093//4088 3999//3995
f 4001//3997 4094//4089 4000//3996
f 4002//3998 4095//4090 4001//3997
f 4003//3999 4096//4091 4002//3998
f 4004//4000 4097//4092 4003//3999
f 4005//4001 4098//4093 4004//4000
f 4006//4002 4099//4094 4005//4001
f 4007//4003 4100//4095 4006//4002
f 4008//4004 4101//4096 4007//4003
f 4009//4005 4102//4097 4008//4004
f 4010//4006 4103//4098 4009//4005
f 4011//4007 4104//4099 4010//4006
f 4012//4008 4105//4100 4011//4007
f 4013//4009 4106//4101 4012//4008
f 4014//4010 4107//4102 4013//4009
f 4014//4010 4109//4103 4108//4104
f 4015//4012 4110//4105 4109//4103
f 4016//4011 4111//4106 4110//4105
f 4017//4013 4112//4107 4111//4106
f 4018//4014 4113//4108 4112//4107
f 4019//4015 4114//4109 4113//4108
f 4020//4016 4115//4110 4114//4109
f 4021//4017 4116//4111 4115//4110
f 4022//4018 4117//4112 4116//4111
f 4023//4019 4118//4113 4117//4112
f 4024//4020 4119//4114 4118//4113
f 4025//4021 4120//4115 4119//4114
f 4026//4022 4121//4116 4120//4115
f 4027//4023 4122//4117 4121//4116
f 4028//4024 4123//4118 4122//4117
f 4029//4025 4124//4119 4123//4118
f 4030//4026 4125//4120 4124//4119
f 4031//4027 4126//4121 4125//4120
f 4032//4028 4127//4122 4126//4121
f 4033//4029 4128//4123 4127//4122
f 4034//4030 4129//4124 4128//4123
f 4035//4031 4130//4125 4129//4124
f 4036//4032 4131//4126 4130//4125
f 4037//4033 4132//4127 4131//4126
f 4038//4034 4133//4128 4132//4127
f 4039//4035 4134//4129 4133//4128
f 4040//4036 4135//4130 4134//4129
f 4041//4037 4136//4131 4135//4130
f 4042//4038 4043//4039 4136//4131
f 4044//4040 4137//4132 4043//4039
f 4045//4040 4138//4133 4044//4040
f 4046//4041 4139//4133 4045//4040
f 4047//4042 4140//4134 4046//4041
f 4048//4043 4141//4135 4047//4042
f 4049//4044 4142//4136 4048//4043
f 4050//4045 4143//4137 4049//4044
f 4051//4046 4144//4138 4050//4045
f 4052//4047 4145//4139 4051//4046
f 4053//4048 4146//4140 4052//4047
f 4054//4049 4147//4141 4053//4048
f 4055//4050 4148//4142 4054//4049
f 4056//4051 4149//4143 4055//4050
f 4057//4052 4150//4144 4056//4051
f 4058//4053 4151//4145 4057//4052
f 4059//4054 4152//4146 4058//4053
f 4060//4055 4153//4147 4059//4054
f 4061//4056 4154//4148 4060//4055
f 4062//4057 4155//4149 4061//4056
f 4063//4059 4156//4150 4062//4057
f 4064//4058 4157//4151 4063//4059
f 4065//4060 4158//4152 4064//4058
f 4066//4061 4159//4153 4065//4060
f 4067//4062 4160//4154 4066//4061
f 4067//4062 4162//4155 4161//4156
f 4068//4063 4163//4157 4162//4155
f 4069//4064 4164//4158 4163//4157
f 4070//4065 4165//4159 4164//4158
f 4071//4066 4166//4160 4165//4159
f 4073//4068 4166//4160 4072//4067
f 4074//4069 4167//4161 4073//4068
f 4075//4070 4168//4162 4074//4069
f 4076//4071 4169//4163 4075//4070
f 4077//4072 4170//4164 4076//4071
f 4078//4073 4171//4165 4077//4072
f 4079//4074 4172//4166 4078//4073
f 4080//4075 4173//4167 4079//4074
f 4081//4076 4174//4168 4080//4075
f 4082//4077 4175//4169 4081//4076
f 4083//4078 4176//4170 4082//4077
f 4084//4079 4177//4171 4083//4078
f 4085//4080 4178//4172 4084//4079
f 4086//4081 4179//4173 4085//4080
f 4087//4082 4180//4174 4086//4081
f 4088//4083 4181//4175 4087//4082
f 4089//4084 4182//4176 4088//4083
f 4090//4085 4183//4177 4089//4084
f 4091//4086 4184//4178 4090//4085
f 4092//4087 4185//4179 4091//4086
f 4093//4088 4186//4180 4092//4087
f 4094//4089 4187//4181 4093//4088
f 4095//4090 4188//4182 4094//4089
f 4096//4091 4189//4183 4095//4090
f 4097//4092 4190//4184 4096//4091
f 4098//4093 4191//4185 4097//4092
f 4099//4094 4192//4186 4098//4093
f 4100//4095 4193//4187 4099//4094
f 4101//4096 4194//4188 4100//4095
f 4102//4097 4195//4189 4101//4096
f 4103//4098 4196//4190 4102//4097
f 4104//4099 4197//4191 4103//4098
f 4105//4100 4198//4192 4104//4099
f 4106//4101 4199//4193 4105//4100
f 4107//4102 4200//4194 4106//4101
f 4108//4104 4201//4195 4107//4102
f 4108//4104 4203//4196 4202//4197
f 4109//4103 4204//4198 4203//4196
f 4110//4105 4205//4199 4204//4198
f 4111//4106 4206//4200 4205//4199
f 4112//4107 4207//4201 4206//4200
f 4113//4108 4208//4202 4207//4201
f 4114//4109 4209//4203 4208//4202
f 4115//4110 4210//4204 4209//4203
f 4116//4111 4211//4205 4210//4204
f 4117//4112 4212//4206 4211//4205
f 4118//4113 4213//4207 4212//4206
f 4119//4114 4214//4208 4213//4207
f 4120//4115 4215//4209 4214//4208
f 4121//4116 4216//4210 4215//4209
f 4122//4117 4217//4211 4216//4210
f 4123//4118 4218//4212 4217//4211
f 4124//4119 4219//4213 4218//4212
f 4125//4120 4220//4214 4219//4213
f 4126//4121 4221//4215 4220//4214
f 4127//4122 4222//4216 4221//4215
f 4128//4123 4223//4217 4222//4216
f 4129//4124 4224//4218 4223//4217
f 4130//4125 4225//4219 4224//4218
f 4131//4126 4226//4220 4225//4219
f 4132//4127 4227//4221 4226//4220
f 4133//4128 4228//4222 4227//4221
f 4134//4129 4229//4223 4228//4222
f 4135//4130 4230//4224 4229//4223
f 4136//4131 4137//4132 4230//4224
f 4138//4133 4231//4225 4137//4132
f 4139//4133 4232//4226 4138//4133
f 4140//4134 4233//4227 4139//4133
f 4141//4135 4234//4228 4140//4134
f 4142//4136 4235//4229 4141//4135
f 4143//4137 4236//4230 4142//4136
f 4144//4138 4237//4231 4143//4137
f 4145//4139 4238//4232 4144//4138
f 4146//4140 4239//4233 4145//4139
f 4147//4141 4240//4234 4146//4140
f 4148//4142 4241//4235 4147//4141
f 4149//4143 4242//4236 4148//4142
f 4150//4144 4243//4237 4149//4143
f 4151//4145 4244//4238 4150//4144
f 4152//4146 4245//4239 4151//4145
f 4153//4147 4246//4240 4152//4146
f 4154//4148 4247//4241 4153//4147
f 4155//4149 4248//4242 4154//4148
f 4156//4150 4249//4243 4155//4149
f 4157//4151 4250//4244 4156//4150
f 4158//4152 4251//4245 4157//4151
f 4159//4153 4252//4246 4158//4152
f 4160//4154 4253//4247 4159//4153
f 4161//4156 4254//4248 4160//4154
f 4162//4155 4255//4249 4161//4156
f 4163//4157 4256//4250 4162//4155
f 4164//4158 4257//4251 4163//4157
f 4165//4159 4258//4252 4164//4158
f 4166//4160 4259//4253 4165//4159
f 4167//4161 4260//4254 4166//4160
f 4168//4162 4261//4255 4167//4161
f 4169//4163 4262//4256 4168//4162
f 4170//4164 4263//4257 4169//4163
f 4171//4165 4264//4258 4170//4164
f 4172//4166 4265//4259 4171//4165
f 4173//4167 4266//4260 4172//4166
f 4174//4168 4267//4261 4173//4167
f 4175//4169 4268//4262 4174//4168
f 4176//4170 4269//4263 4175//4169
f 4177//4171 4270//4264 4176//4170
f 4178//4172 4271//4265 4177//4171
f 4179//4173 4272//4266 4178//4172
f 4180//4174 4273//4267 4179//4173
f 4181//4175 4274//4268 4180//4174
f 4182//4176 4275//4269 4181//4175
f 4183//4177 4276//4270 4182//4176
f 4184//4178 4277//4271 4183//4177
f 4185//4179 4278//4272 4184//4178
f 4186//4180 4279//4273 4185//4179
f 4187//4181 4280//4274 4186//4180
f 4188//4182 4281//4275 4187//4181
f 4189//4183 4282//4276 4188//4182
f 4190//4184 4283//4277 4189//4183
f 4191//4185 4284//4278 4190//4184
f 4192//4186 4285//4279 4191//4185
f 4193//4187 4286//4280 4192//4186
f 4194//4188 4287//4281 4193//4187
f 4195//4189 4288//4282 4194//4188
f 4196//4190 4289//4283 4195//4189
f 4197//4191 4290//4284 4196//4190
f 4198//4192 4291//4285 4197//4191
f 4199//4193 4292//4286 4198//4192
f 4200//4194 4293//4287 4199//4193
f 4201//4195 4294//4288 4200//4194
f 4201//4195 4296//4289 4295//4290
f 4202//4197 4297//4291 4296//4289
f 4203//4196 4298//4292 4297//4291
f 4204//4198 4299//4293 4298//4292
f 4205//4199 4300//4294 4299//4293
f 4206//4200 4301//4295 4300//4294
f 4207//4201 4302//4296 4301//4295
f 4208//4202 4303//4297 4302//4296
f 4209//4203 4304//4298 4303//4297
f 4210//4204 4305//4299 4304//4298
f 4211//4205 4306//4300 4305//4299
f 4212//4206 4307//4301 4306//4300
f 4213//4207 4308//4302 4307//4301
f 4214//4208 4309//4303 4308//4302
f 4215//4209 4310//4304 4309//4303
f 4216//4210 4311//4305 4310//4304
f 4217//4211 4312//4306 4311//4305
f 4218//4212 4313//4307 4312//4306
f 4219//4213 4314//4308 4313//4307
f 4220//4214 4315//4309 4314//4308
f 4221//4215 4316//4310 4315//4309
f 4222//4216 4317//4311 4316//4310
f 4223//4217 4318//4312 4317//4311
f 4224//4218 4319//4313 4318//4312
f 4225//4219 4320//4314 4319//4313
f 4226//4220 4321//4315 4320//4314
f 4227//4221 4322//4316 4321//4315
f 4228//4222 4323//4317 4322//4316
f 4229//4223 4324//4318 4323//4317
f 4230//4224 4231//4225 4324//4318
f 4232//4226 4325//4319 4231//4225
f 4233//4227 4326//4320 4232//4226
f 4234//4228 4327//4321 4233//4227
f 4235//4229 4328//4322 4234//4228
f 4236//4230 4329//4323 4235//4229
f 4237//4231 4330//4324 4236//4230
f 4238//4232 4331//4325 4237//4231
f 4239//4233 4332//4326 4238//4232
f 4240//4234 4333//4327 4239//4233
f 4241//4235 4334//4328 4240//4234
f 4242//4236 4335//4329 4241//4235
f 4243//4237 4336//4330 4242//4236
f 4244//4238 4337//4331 4243//4237
f 4245//4239 4338//4332 4244//4238
f 4246//4240 4339//4333 4245//4239
f 4247//4241 4340//4334 4246//4240
f 4248//4242 4341//4335 4247//4241
f 4249//4243 4342//4336 4248//4242
f 4250//4244 4343//4337 4249//4243
f 4251//4245 4344//4338 4250//4244
f 4252//4246 4345//4339 4251//4245
f 4253//4247 4346//4340 4252//4246
f 4254//4248 4347//4341 4253//4247
f 4255//4249 4348//4342 4254//4248
f 4256//4250 4349//4343 4255//4249
f 4257//4251 4350//4344 4256//4250
f 4258//4252 4351//4345 4257//4251
f 4259//4253 4352//4346 4258//4252
f 4260//4254 4353//4347 4259//4253
f 4261//4255 4354//4348 4260//4254
f 4262//4256 4355//4349 4261//4255
f 4263//4257 4356//4350 4262//4256
f 4264//4258 4357//4351 4263//4257
f 4265//4259 4358//4352 4264//4258
f 4266//4260 4359//4353 4265//4259
f 4267//4261 4360//4354 4266//4260
f 4268//4262 4361//4355 4267//4261
f 4269//4263 4362//4356 4268//4262
f 4270//4264 4363//4357 4269//4263
f 4271//4265 4364//4358 4270//4264
f 4272//4266 4365//4359 4271//4265
f 4273//4267 4366//4360 4272//4266
f 4274//4268 4367//4361 4273//4267
f 4275//4269 4368//4362 4274//4268
f 4276//4270 4369//4363 4275//4269
f 4277//4271 4370//4364 4276//4270
f 4278//4272 4371//4365 4277//4271
f 4279//4273 4372//4366 4278//4272
f 4280//4274 4373//4367 4279//4273
f 4281//4275 4374//4368 4280//4274
f 4282//4276 4375//4369 4281//4275
f 4283//4277 4376//4370 4282//4276
f 4284//4278 4377//4371 4283//4277
f 4285//4279 4378//4372 4284//4278
f 4286//4280 4379//4373 4285//4279
f 4287//4281 4380//4374 4286//4280
f 4288//4282 4381//4375 4287//4281
f 4289//4283 4382//4376 4288//4282
f 4290//4284 4383//4377 4289//4283
f 4291//4285 4384//4378 4290//4284
f 4292//4286 4385//4379 4291//4285
f 4293//4287 4386//4380 4292//4286
f 4294//4288 4387//4381 4293//4287
f 4295//4290 4388//4382 4294//4288
f 4295//4290 4390//4383 4389//4384
f 4296//4289 4391//4385 4390//4383
f 4297//4291 4392//4386 4391//4385
f 4298//4292 4393//4387 4392//4386
f 4299//4293 4394//4388 4393//4387
f 4300//4294 4395//4389 4394//4388
f 4301//4295 4396//4390 4395//4389
f 4302//4296 4397//4391 4396//4390
f 4303//4297 4398//4392 4397//4391
f 4304//4298 4399//4393 4398//4392
f 4305//4299 4400//4394 4399//4393
f 4306//4300 4401//4395 4400//4394
f 4307//4301 4402//4396 4401//4395
f 4308//4302 4403//4397 4402//4396
f 4309//4303 4404//4398 4403//4397
f 4310//4304 4405//4399 4404//4398
f 4311//4305 4406//4400 4405//4399
f 4312//4306 4407//4401 4406//4400
f 4313//4307 4408//4402 4407//4401
f 4314//4308 4409//4403 4408//4402
f 4315//4309 4410//4404 4409//4403
f 4316//4310 4411//4405 4410//4404
f 4317//4311 4412//4406 4411//4405
f 4318//4312 4413//4407 4412//4406
f 4319//4313 4414//4408 4413//4407
f 4320//4314 4415//4409 4414//4408
f 4321//4315 4416//4410 4415//4409
f 4322//4316 4417//4411 4416//4410
f 4323//4317 4418//4412 4417//4411
f 4324//4318 4325//4319 4418//4412
f 4326//4320 4419//4413 4325//4319
f 4327//4321 4420//4414 4326//4320
f 4328//4322 4421//4415 4327//4321
f 4329//4323 4422//4416 4328//4322
f 4330//4324 4423//4417 4329//4323
f 4331//4325 4424//4418 4330//4324
f 4332//4326 4425//4419 4331//4325
f 4333//4327 4426//4420 4332//4326
f 4334//4328 4427//4421 4333//4327
f 4335//4329 4428//4422 4334//4328
f 4336//4330 4429//4423 4335//4329
f 4337//4331 4430//4424 4336//4330
f 4338//4332 4431//4425 4337//4331
f 4339//4333 4432//4426 4338//4332
f 4340//4334 4433//4427 4339//4333
f 4341//4335 4434//4428 4340//4334
f 4342//4336 4435//4429 4341//4335
f 4343//4337 4436//4430 4342//4336
f 4344//4338 4437//4431 4343//4337
f 4345//4339 4438//4432 4344//4338
f 4346//4340 4439//4433 4345//4339
f 4347//4341 4440//4434 4346//4340
f 4348//4342 4441//4435 4347//4341
f 4349//4343 4442//4436 4348//4342
f 4350//4344 4443//4437 4349//4343
f 4351//4345 4444//4438 4350//4344
f 4352//4346 4445//4439 4351//4345
f 4353//4347 4446//4440 4352//4346
f 4354//4348 4447//4441 4353//4347
f 4355//4349 4448//4442 4354//4348
f 4356//4350 4449//4443 4355//4349
f 4357//4351 4450//4444 4356//4350
f 4358//4352 4451//4445 4357//4351
f 4359//4353 4452//4446 4358//4352
f 4360//4354 4453//4447 4359//4353
f 4361//4355 4454//4448 4360//4354
f 4362//4356 4455//4449 4361//4355
f 4363//4357 4456//4450 4362//4356
f 4364//4358 4457//4451 4363//4357
f 4365//4359 4458//4452 4364//4358
f 4366//4360 4459//4453 4365//4359
f 4367//4361 4460//4454 4366//4360
f 4368//4362 4461//4455 4367//4361
f 4369//4363 4462//4456 4368//4362
f 4370//4364 4463//4457 4369//4363
f 4371//4365 4464//4458 4370//4364
f 4372//4366 4465//4459 4371//4365
f 4373//4367 4466//4460 4372//4366
f 4374//4368 4467//4461 4373//4367
f 4375//4369 4468//4462 4374//4368
f 4376//4370 4469//4463 4375//4369
f 4377//4371 4470//4464 4376//4370
f 4378//4372 4471//4465 4377//4371
f 4379//4373 4472//4466 4378//4372
f 4380//4374 4473//4467 4379//4373
f 4381//4375 4474//4468 4380//4374
f 4382//4376 4475//4469 4381//4375
f 4383//4377 4476//4470 4382//4376
f 4384//4378 4477//4471 4383//4377
f 4385//4379 4478//4472 4384//4378
f 4386//4380 4479//4473 4385//4379
f 4387//4381 4480//4474 4386//4380
f 4388//4382 4481//4475 4387//4381
f 4389//4384 4482//4476 4388//4382
f 4389//4384 4484//4477 4483//4478
f 4390//4383 4485//4479 4484//4477
f 4391//4385 4486//4480 4485//4479
f 4392//4386 4487//4481 4486//4480
f 4393//4387 4488//4482 4487//4481
f 4394//4388 4489//4483 4488//4482
f 4395//4389 4490//4484 4489//4483
f 4396//4390 4491//4485 4490//4484
f 4397//4391 4492//4486 4491//4485
f 4398//4392 4493//4487 4492//4486
f 4399//4393 4494//4488 4493//4487
f 4400//4394 4495//4489 4494//4488
f 4401//4395 4496//4490 4495//4489
f 4402//4396 4497//4491 4496//4490
f 4403//4397 4498//4492 4497//4491
f 4404//4398 4499//4493 4498//4492
f 4405//4399 4500//4494 4499//4493
f 4406//4400 4501//4495 4500//4494
f 4407//4401 4502//4496 4501//4495
f 4408//4402 4503//4497 4502//4496
f 4409//4403 4504//4498 4503//4497
f 4410//4404 4505//4499 4504//4498
f 4411//4405 4506//4500 4505//4499
f 4412//4406 4507//4501 4506//4500
f 4413//4407 4508//4502 4507//4501
f 4414//4408 4509//4503 4508//4502
f 4415//4409 4510//4504 4509//4503
f 4416//4410 4511//4505 4510//4504
f 4417//4411 4512//4506 4511//4505
f 4418//4412 4419//4413 4512//4506
f 4420//4414 4513//4507 4419//4413
f 4421//4415 4514//4508 4420//4414
f 4422//4416 4515//4509 4421//4415
f 4423//4417 4516//4510 4422//4416
f 4424//4418 4517//4511 4423//4417
f 4425//4419 4518//4512 4424//4418
f 4426//4420 4519//4513 4425//4419
f 4427//4421 4520//4514 4426//4420
f 4428//4422 4521//4515 4427//4421
f 4429//4423 4522//4516 4428//4422
f 4430//4424 4523//4517 4429//4423
f 4431//4425 4524//4518 4430//4424
f 4432//4426 4525//4519 4431//4425
f 4433//4427 4526//4520 4432//4426
f 4434//4428 4527//4521 4433//4427
f 4435//4429 4528//4522 4434//4428
f 4436//4430 4529//4523 4435//4429
f 4437//4431 4530//4524 4436//4430
f 4438//4432 4531//4525 4437//4431
f 4439//4433 4532//4526 4438//4432
f 4440//4434 4533//4527 4439//4433
f 4441//4435 4534//4528 4440//4434
f 4442//4436 4535//4529 4441//4435
f 4443//4437 4536//4530 4442//4436
f 4444//4438 4537//4531 4443//4437
f 4445//4439 4538//4532 4444//4438
f 4446//4440 4539//4533 4445//4439
f 4447//4441 4540//4534 4446//4440
f 4448//4442 4541//4535 4447//4441
f 4449//4443 4542//4536 4448//4442
f 4450//4444 4543//4537 4449//4443
f 4451//4445 4544//4538 4450//4444
f 4452//4446 4545//4539 4451//4445
f 4453//4447 4546//4540 4452//4446
f 4454//4448 4547//4541 4453//4447
f 4455//4449 4548//4542 4454//4448
f 4456//4450 4549//4543 4455//4449
f 4457//4451 4550//4544 4456//4450
f 4458//4452 4551//4545 4457//4451
f 4459//4453 4552//4546 4458//4452
f 4460//4454 4553//4547 4459//4453
f 4461//4455 4554//4548 4460//4454
f 4462//4456 4555//4549 4461//4455
f 4463//4457 4556//4550 4462//4456
f 4464//4458 4557//4551 4463//4457
f 4465//4459 4558//4552 4464//4458
f 4466//4460 4559//4553 4465//4459
f 4467//4461 4560//4554 4466//4460
f 4468//4462 4561//4555 4467//4461
f 4469//4463 4562//4556 4468//4462
f 4470//4464 4563//4557 4469//4463
f 4471//4465 4564//4558 4470//4464
f 4472//4466 4565//4559 4471//4465
f 4473//4467 4566//4560 4472//4466
f 4474//4468 4567//4561 4473//4467
f 4475//4469 4568//4562 4474//4468
f 4476//4470 4569//4563 4475//4469
f 4477//4471 4570//4564 4476//4470
f 4478//4472 4571//4565 4477//4471
f 4479//4473 4572//4566 4478//4472
f 4480//4474 4573//4567 4479//4473
f 4481//4475 4574//4568 4480//4474
f 4482//4476 4575//4569 4481//4475
f 4483//4478 4576//4570 4482//4476
f 4483//4478 4578//4571 4577//4572
f 4484//4477 4579//4573 4578//4571
f 4485//4479 4580//4574 4579//4573
f 4486//4480 4581//4575 4580//4574
f 4487//4481 4582//4576 4581//4575
f 4488//4482 4583//4577 4582//4576
f 4489//4483 4584//4578 4583//4577
f 4490//4484 4585//4579 4584//4578
f 4491//4485 4586//4580 4585//4579
f 4492//4486 4587//4581 4586//4580
f 4493//4487 4588//4582 4587//4581
f 4494//4488 4589//4583 4588//4582
f 4495//4489 4590//4584 4589//4583
f 4496//4490 4591//4585 4590//4584
f 4497//4491 4592//4586 4591//4585
f 4498//4492 4593//4587 4592//4586
f 4499//4493 4594//4588 4593//4587
f 4500//4494 4595//4589 4594//4588
f 4501//4495 4596//4590 4595//4589
f 4502//4496 4597//4591 4596//4590
f 4503//4497 4598//4592 4597//4591
f 4504//4498 4599//4593 4598//4592
f 4505//4499 4600//4594 4599//4593
f 4506//4500 4601//4595 4600//4594
f 4507//4501 4602//4596 4601//4595
f 4508//4502 4603//4597 4602//4596
f 4509//4503 4604//4598 4603//4597
f 4510//4504 4605//4599 4604//4598
f 4511//4505 4606//4600 4605//4599
f 4512//4506 4513//4507 4606//4600
f 4514//4508 4607//4601 4513//4507
f 4515//4509 4608//4602 4514//4508
f 4516//4510 4609//4603 4515//4509
f 4517//4511 4610//4604 4516//4510
f 4518//4512 4611//4605 4517//4511
f 4519//4513 4612//4606 4518//4512
f 4520//4514 4613//4607 4519//4513
f 4521//4515 4614//4608 4520//4514
f 4522//4516 4615//4609 4521//4515
f 4523//4517 4616//4610 4522//4516
f 4524//4518 4617//4611 4523//4517
f 4525//4519 4618//4612 4524//4518
f 4526//4520 4619//4613 4525//4519
f 4527//4521 4620//4614 4526//4520
f 4528//4522 4621//4615 4527//4521
f 4529//4523 4622//4616 4528//4522
f 4530//4524 4623//4617 4529//4523
f 4531//4525 4624//4618 4530//4524
f 4532//4526 4625//4619 4531//4525
f 4533//4527 4626//4620 4532//4526
f 4534//4528 4627//4621 4533//4527
f 4535//4529 4628//4622 4534//4528
f 4536//4530 4629//4623 4535//4529
f 4537//4531 4630//4624 4536//4530
f 4538//4532 4631//4625 4537//4531
f 4539//4533 4632//4626 4538//4532
f 4540//4534 4633//4627 4539//4533
f 4541//4535 4634//4628 4540//4534
f 4542//4536 4635//4629 4541//4535
f 4543//4537 4636//4630 4542//4536
f 4544//4538 4637//4631 4543//4537
f 4545//4539 4638//4632 4544//4538
f 4546//4540 4639//4633 4545//4539
f 4547//4541 4640//4634 4546//4540
f 4548//4542 4641//4635 4547//4541
f 4549//4543 4642//4636 4548//4542
f 4550//4544 4643//4637 4549//4543
f 4551//4545 4644//4638 4550//4544
f 4552//4546 4645//4639 4551//4545
f 4553//4547 4646//4640 4552//4546
f 4554//4548 4647//4641 4553//4547
f 4555//4549 4648//4642 4554//4548
f 4556//4550 4649//4643 4555//4549
f 4557//4551 4650//4644 4556//4550
f 4558//4552 4651//4645 4557//4551
f 4559//4553 4652//4646 4558//4552
f 4560//4554 4653//4647 4559//4553
f 4561//4555 4654//4648 4560//4554
f 4562//4556 4655//4649 4561//4555
f 4563//4557 4656//4650 4562//4556
f 4564//4558 4657//4651 4563//4557
f 4565//4559 4658//4652 4564//4558
f 4566//4560 4659//4653 4565//4559
f 4567//4561 4660//4654 4566//4560
f 4568//4562 4661//4655 4567//4561
f 4569//4563 4662//4656 4568//4562
f 4570//4564 4663//4657 4569//4563
f 4571//4565 4664//4658 4570//4564
f 4572//4566 4665//4659 4571//4565
f 4573//4567 4666//4660 4572//4566
f 4574//4568 4667//4661 4573//4567
f 4575//4569 4668//4662 4574//4568
f 4576//4570 4669//4663 4575//4569
f 4577//4572 4670//4664 4576//4570
f 4577//4572 4672//4665 4671//4666
f 4578//4571 4673//4667 4672//4665
f 4579//4573 4674//4668 4673//4667
f 4580//4574 4675//4669 4674//4668
f 4581//4575 4676//4670 4675//4669
f 4582//4576 4677//4671 4676//4670
f 4583//4577 4678//4672 4677//4671
f 4584//4578 4679//4673 4678//4672
f 4585//4579 4680//4674 4679//4673
f 4586//4580 4681//4675 4680//4674
f 4587//4581 4682//4676 4681//4675
f 4588//4582 4683//4677 4682//4676
f 4589//4583 4684//4678 4683//4677
f 4590//4584 4685//4679 4684//4678
f 4591//4585 4686//4680 4685//4679
f 4592//4586 4687//4681 4686//4680
f 4593//4587 4688//4682 4687//4681
f 4594//4588 4689//4683 4688//4682
f 4595//4589 4690//4684 4689//4683
f 4596//4590 4691//4685 4690//4684
f 4597//4591 4692//4686 4691//4685
f 4598//4592 4693//4687 4692//4686
f 4599//4593 4694//4688 4693//4687
f 4600//4594 4695//4689 4694//4688
f 4601//4595 4696//4690 4695//4689
f 4602//4596 4697//4691 4696//4690
f 4603//4597 4698//4692 4697//4691
f 4604//4598 4699//4693 4698//4692
f 4605//4599 4700//4694 4699//4693
f 4606//4600 4607//4601 4700//4694
f 4608//4602 4701//4695 4607//4601
f 4609//4603 4702//4696 4608//4602
f 4610//4604 4703//4697 4609//4603
f 4611//4605 4704//4698 4610//4604
f 4612//4606 4705//4699 4611//4605
f 4613//4607 4706//4700 4612//4606
f 4614//4608 4707//4701 4613//4607
f 4615//4609 4708//4702 4614//4608
f 4616//4610 4709//4703 4615//4609
f 4617//4611 4710//4704 4616//4610
f 4618//4612 4711//4705 4617//4611
f 4619//4613 4712//4706 4618//4612
f 4620//4614 4713//4707 4619//4613
f 4621//4615 4714//4708 4620//4614
f 4622//4616 4715//4709 4621//4615
f 4623//4617 4716//4710 4622//4616
f 4624//4618 4717//4711 4623//4617
f 4625//4619 4718//4712 4624//4618
f 4626//4620 4719//4713 4625//4619
f 4627//4621 4720//4714 4626//4620
f 4628//4622 4721//4715 4627//4621
f 4629//4623 4722//4716 4628//4622
f 4630//4624 4723//4717 4629//4623
f 4631//4625 4724//4718 4630//4624
f 4632//4626 4725//4719 4631//4625
f 4633//4627 4726//4720 4632//4626
f 4634//4628 4727//4721 4633//4627
f 4635//4629 4728//4722 4634//4628
f 4636//4630 4729//4723 4635//4629
f 4637//4631 4730//4724 4636//4630
f 4638//4632 4731//4725 4637//4631
f 4639//4633 4732//4726 4638//4632
f 4640//4634 4733//4727 4639//4633
f 4641//4635 4734//4728 4640//4634
f 4642//4636 4735//4729 4641//4635
f 4643//4637 4736//4730 4642//4636
f 4644//4638 4737//4731 4643//4637
f 4645//4639 4738//4732 4644//4638
f 4646//4640 4739//4733 4645//4639
f 4647//4641 4740//4734 4646//4640
f 4648//4642 4741//4735 4647//4641
f 4649//4643 4742//4736 4648//4642
f 4650//4644 4743//4737 4649//4643
f 4651//4645 4744//4738 4650//4644
f 4652//4646 4745//4739 4651//4645
f 4653//4647 4746//4740 4652//4646
f 4654//4648 4747//4741 4653//4647
f 4655//4649 4748//4742 4654//4648
f 4656//4650 4749//4743 4655//4649
f 4657//4651 4750//4744 4656//4650
f 4658//4652 4751//4745 4657//4651
f 4659//4653 4752//4746 4658//4652
f 4660//4654 4753//4747 4659//4653
f 4661//4655 4754//4748 4660//4654
f 4662//4656 4755//4749 4661//4655
f 4663//4657 4756//4750 4662//4656
f 4664//4658 4757//4751 4663//4657
f 4665//4659 4758//4752 4664//4658
f 4666//4660 4759//4753 4665//4659
f 4667//4661 4760//4754 4666//4660
f 4668//4662 4761//4755 4667//4661
f 4669//4663 4762//4756 4668//4662
f 4670//4664 4763//4757 4669//4663
f 4671//4666 4764//4758 4670//4664
f 4671//4666 4766//4759 4765//4760
f 4672//4665 4767//4761 4766//4759
f 4673//4667 4768//4762 4767//4761
f 4674//4668 4769//4763 4768//4762
f 4675//4669 4770//4764 4769//4763
f 4676//4670 4771//4765 4770//4764
f 4677//4671 4772//4766 4771//4765
f 4678//4672 4773//4767 4772//4766
f 4679//4673 4774//4768 4773//4767
f 4680//4674 4775//4769 4774//4768
f 4681//4675 4776//4770 4775//4769
f 4682//4676 4777//4771 4776//4770
f 4683//4677 4778//4772 4777//4771
f 4684//4678 4779//4773 4778//4772
f 4685//4679 4780//4774 4779//4773
f 4686//4680 4781//4775 4780//4774
f 4687//4681 4782//4776 4781//4775
f 4688//4682 4783//4777 4782//4776
f 4689//4683 4784//4778 4783//4777
f 4690//4684 4785//4779 4784//4778
f 4691//4685 4786//4780 4785//4779
f 4692//4686 4787//4781 4786//4780
f 4693//4687 4788//4782 4787//4781
f 4694//4688 4789//4783 4788//4782
f 4695//4689 4790//4784 4789//4783
f 4696//4690 4791//4785 4790//4784
f 4697//4691 4792//4786 4791//4785
f 4698//4692 4793//4787 4792//4786
f 4699//4693 4794//4788 4793//4787
f 4700//4694 4701//4695 4794//4788
f 4702//4696 4795//4789 4701//4695
f 4703//4697 4796//4790 4702//4696
f 4704//4698 4797//4791 4703//4697
f 4705//4699 4798//4792 4704//4698
f 4706//4700 4799//4793 4705//4699
f 4707//4701 4800//4794 4706//4700
f 4708//4702 4801//4795 4707//4701
f 4709//4703 4802//4796 4708//4702
f 4710//4704 4803//4797 4709//4703
f 4711//4705 4804//4798 4710//4704
f 4712//4706 4805//4799 4711//4705
f 4713//4707 4806//4800 4712//4706
f 4714//4708 4807//4801 4713//4707
f 4715//4709 4808//4802 4714//4708
f 4716//4710 4809//4803 4715//4709
f 4717//4711 4810//4804 4716//4710
f 4718//4712 4811//4805 4717//4711
f 4719//4713 4812//4806 4718//4712
f 4720//4714 4813//4807 4719//4713
f 4721//4715 4814//4808 4720//4714
f 4722//4716 4815//4809 4721//4715
f 4723//4717 4816//4810 4722//4716
f 4724//4718 4817//4811 4723//4717
f 4725//4719 4818//4812 4724//4718
f 4726//4720 4819//4813 4725//4719
f 4727//4721 4820//4814 4726//4720
f 4728//4722 4821//4815 4727//4721
f 4729//4723 4822//4816 4728//4722
f 4730//4724 4823//4817 4729//4723
f 4731//4725 4824//4818 4730//4724
f 4732//4726 4825//4819 4731//4725
f 4733//4727 4826//4820 4732//4726
f 4734//4728 4827//4821 4733//4727
f 4735//4729 4828//4822 4734//4728
f 4735//4729 4830//4823 4829//4824
f 4736//4730 4831//4825 4830//4823
f 4737//4731 4832//4826 4831//4825
f 4738//4732 4833//4827 4832//4826
f 4739//4733 4834//4828 4833//4827
f 4741//4735 4834//4828 4740//4734
f 4742//4736 4835//4829 4741//4735
f 4743//4737 4836//4830 4742//4736
f 4744//4738 4837//4831 4743//4737
f 4745//4739 4838//4832 4744//4738
f 4746//4740 4839//4833 4745//4739
f 4747//4741 4840//4834 4746//4740
f 4748//4742 4841//4835 4747//4741
f 4749//4743 4842//4836 4748//4742
f 4750//4744 4843//4837 4749//4743
f 4751//4745 4844//4838 4750//4744
f 4752//4746 4845//4839 4751//4745
f 4753//4747 4846//4840 4752//4746
f 4754//4748 4847//4841 4753//4747
f 4755//4749 4848//4842 4754//4748
f 4756//4750 4849//4843 4755//4749
f 4757//4751 4850//4844 4756//4750
f 4758//4752 4851//4845 4757//4751
f 4759//4753 4852//4846 4758//4752
f 4760//4754 4853//4847 4759//4753
f 4761//4755 4854//4848 4760//4754
f 4762//4756 4855//4849 4761//4755
f 4763//4757 4856//4850 4762//4756
f 4764//4758 4857//4851 4763//4757
f 4765//4760 4858//4852 4764//4758
f 4765//4760 4860//4853 4859//4854
f 4766//4759 4861//4855 4860//4853
f 4767//4761 4862//4856 4861//4855
f 4768//4762 4863//4857 4862//4856
f 4769//4763 4864//4858 4863//4857
f 4770//4764 4865//4859 4864//4858
f 4771//4765 4866//4860 4865//4859
f 4772//4766 4867//4861 4866//4860
f 4773//4767 4868//4862 4867//4861
f 4774//4768 4869//4863 4868//4862
f 4775//4769 4870//4864 4869//4863
f 4776//4770 4871//4865 4870//4864
f 4777//4771 4872//4866 4871//4865
f 4778//4772 4873//4867 4872//4866
f 4779//4773 4874//4868 4873//4867
f 4780//4774 4875//4869 4874//4868
f 4781//4775 4876//4870 4875//4869
f 4782//4776 4877//4871 4876//4870
f 4783//4777 4878//4872 4877//4871
f 4784//4778 4879//4873 4878//4872
f 4785//4779 4880//4874 4879//4873
f 4786//4780 4881//4875 4880//4874
f 4787//4781 4882//4876 4881//4875
f 4788//4782 4883//4877 4882//4876
f 4789//4783 4884//4878 4883//4877
f 4790//4784 4885//4879 4884//4878
f 4791//4785 4886//4880 4885//4879
f 4792//4786 4887//4881 4886//4880
f 4793//4787 4888//4882 4887//4881
f 4794//4788 4795//4789 4888//4882
f 4796//4790 4889//4883 4795//4789
f 4797//4791 4890//4884 4796//4790
f 4798//4792 4891//4885 4797//4791
f 4799//4793 4892//4886 4798//4792
f 4800//4794 4893//4887 4799//4793
f 4801//4795 4894//4888 4800//4794
f 4802//4796 4895//4889 4801//4795
f 4803//4797 4896//4890 4802//4796
f 4804//4798 4897//4891 4803//4797
f 4805//4799 4898//4892 4804//4798
f 4806//4800 4899//4893 4805//4799
f 4807//4801 4900//4894 4806//4800
f 4808//4802 4901//4895 4807//4801
f 4809//4803 4902//4896 4808//4802
f 4810//4804 4903//4897 4809//4803
f 4811//4805 4904//4898 4810//4804
f 4812//4806 4905//4899 4811//4805
f 4813//4807 4906//4900 4812//4806
f 4814//4808 4907//4901 4813//4807
f 4815//4809 4908//4902 4814//4808
f 4816//4810 4909//4903 4815//4809
f 4817//4811 4910//4904 4816//4810
f 4818//4812 4911//4905 4817//4811
f 4819//4813 4912//4906 4818//4812
f 4820//4814 4913//4907 4819//4813
f 4821//4815 4914//4908 4820//4814
f 4822//4816 4915//4909 4821//4815
f 4823//4817 4916//4910 4822//4816
f 4824//4818 4917//4911 4823//4817
f 4825//4819 4918//4912 4824//4818
f 4826//4820 4919//4913 4825//4819
f 4827//4821 4920//4914 4826//4820
f 4828//4822 4921//4915 4827//4821
f 4829//4824 4922//4916 4828//4822
f 4829//4824 4924//4917 4923//4918
f 4830//4823 4925//4919 4924//4917
f 4831//4825 4926//4920 4925//4919
f 4832//4826 4927//4921 4926//4920
f 4833//4827 4928//4922 4927//4921
f 4835//4829 4928//4922 4834//4828
f 4836//4830 4929//4923 4835//4829
f 4837//4831 4930//4924 4836//4830
f 4838//4832 4931//4925 4837//4831
f 4839//4833 4932//4926 4838//4832
f 4840//4834 4933//4927 4839//4833
f 4841//4835 4934//4928 4840//4834
f 4842//4836 4935//4929 4841//4835
f 4843//4837 4936//4930 4842//4836
f 4844//4838 4937//4931 4843//4837
f 4845//4839 4938//4932 4844//4838
f 4846//4840 4939//4933 4845//4839
f 4847//4841 4940//4934 4846//4840
f 4848//4842 4941//4935 4847//4841
f 4849//4843 4942//4936 4848//4842
f 4850//4844 4943//4937 4849//4843
f 4851//4845 4944//4938 4850//4844
f 4852//4846 4945//4939 4851//4845
f 4853//4847 4946//4940 4852//4846
f 4854//4848 4947//4941 4853//4847
f 4855//4849 4948//4942 4854//4848
f 4856//4850 4949//4943 4855//4849
f 4857//4851 4950//4944 4856//4850
f 4858//4852 4951//4945 4857//4851
f 4859//4854 4952//4946 4858//4852
f 4859//4854 4954//4947 4953//4948
f 4860//4853 4955//4949 4954//4947
f 4861//4855 4956//4950 4955//4949
f 4862//4856 4957//4951 4956//4950
f 4863//4857 4958//4952 4957//4951
f 4864//4858 4959//4953 4958//4952
f 4865//4859 4960//4954 4959//4953
f 4866//4860 4961//4955 4960//4954
f 4867//4861 4962//4956 4961//4955
f 4868//4862 4963//4957 4962//4956
f 4869//4863 4964//4958 4963//4957
f 4870//4864 4965//4959 4964//4958
f 4871//4865 4966//4960 4965//4959
f 4872//4866 4967//4961 4966//4960
f 4873//4867 4968//4962 4967//4961
f 4874//4868 4969//4963 4968//4962
f 4875//4869 4970//4964 4969//4963
f 4876//4870 4971//4965 4970//4964
f 4877//4871 4972//4966 4971//4965
f 4878//4872 4973//4967 4972//4966
f 4879//4873 4974//4968 4973//4967
f 4880//4874 4975//4969 4974//4968
f 4881//4875 4976//4970 4975//4969
f 4882//4876 4977//4971 4976//4970
f 4883//4877 4978//4972 4977//4971
f 4884//4878 4979//4973 4978//4972
f 4885//4879 4980//4974 4979//4973
f 4886//4880 4981//4975 4980//4974
f 4887//4881 4982//4976 4981//4975
f 4888//4882 4889//4883 4982//4976
f 4890//4884 4983//4977 4889//4883
f 4891//4885 4984//4978 4890//4884
f 4892//4886 4985//4979 4891//4885
f 4893//4887 4986//4980 4892//4886
f 4894//4888 4987//4981 4893//4887
f 4895//4889 4988//4982 4894//4888
f 4896//4890 4989//4983 4895//4889
f 4897//4891 4990//4984 4896//4890
f 4898//4892 4991//4985 4897//4891
f 4899//4893 4992//4986 4898//4892
f 4900//4894 4993//4987 4899//4893
f 4901//4895 4994//4988 4900//4894
f 4902//4896 4995//4989 4901//4895
f 4903//4897 4996//4990 4902//4896
f 4904//4898 4997//4991 4903//4897
f 4905//4899 4998//4992 4904//4898
f 4906//4900 4999//4993 4905//4899
f 4907//4901 5000//4994 4906//4900
f 4908//4902 5001//4995 4907//4901
f 4909//4903 5002//4996 4908//4902
f 4910//4904 5003//4997 4909//4903
f 4911//4905 5004//4998 4910//4904
f 4912//4906 5005//4999 4911//4905
f 4913//4907 5006//5000 4912//4906
f 4914//4908 5007//5001 4913//4907
f 4915//4909 5008//5002 4914//4908
f 4916//4910 5009//5003 4915//4909
f 4917//4911 5010//5004 4916//4910
f 4918//4912 5011//5005 4917//4911
f 4919//4913 5012//5006 4918//4912
f 4920//4914 5013//5007 4919//4913
f 4921//4915 5014//5008 4920//4914
f 4922//4916 5015//5009 4921//4915
f 4923//4918 5016//5010 4922//4916
f 4923//4918 5018//5011 5017//5012
f 4924//4917 5019//5013 5018//5011
f 4925//4919 5020//5014 5019//5013
f 4926//4920 5021//5015 5020//5014
f 4927//4921 5022//5016 5021//5015
f 4929//4923 5022//5016 4928//4922
f 4930//4924 5023//5017 4929//4923
f 4931//4925 5024//5018 4930//4924
f 4932//4926 5025//5019 4931//4925
f 4933//4927 5026//5020 4932//4926
f 4934//4928 5027//5021 4933//4927
f 4935//4929 5028//5022 4934//4928
f 4936//4930 5029//5023 4935//4929
f 4937//4931 5030//5024 4936//4930
f 4938//4932 5031//5025 4937//4931
f 4939//4933 5032//5026 4938//4932
f 4940//4934 5033//5027 4939//4933
f 4941//4935 5034//5028 4940//4934
f 4942//4936 5035//5029 4941//4935
f 4943//4937 5036//5030 4942//4936
f 4944//4938 5037//5031 4943//4937
f 4945//4939 5038//5032 4944//4938
f 4946//4940 5039//5033 4945//4939
f 4947//4941 5040//5034 4946//4940
f 4948//4942 5041//5035 4947//4941
f 4949//4943 5042//5036 4948//4942
f 4950//4944 5043//5037 4949//4943
f 4951//4945 5044//5038 4950//4944
f 4952//4946 5045//5039 4951//4945
f 4953//4948 5046//5040 4952//4946
f 4953//4948 5048//5041 5047//5042
f 4954//4947 5049//5043 5048//5041
f 4955//4949 5050//5044 5049//5043
f 4956//4950 5051//5045 5050//5044
f 4957//4951 5052//5046 5051//5045
f 4958//4952 5053//5047 5052//5046
f 4959//4953 5054//5048 5053//5047
f 4960//4954 5055//5049 5054//5048
f 4961//4955 5056//5050 5055//5049
f 4962//4956 5057//5051 5056//5050
f 4963//4957 5058//5052 5057//5051
f 4964//4958 5059//5053 5058//5052
f 4965//4959 5060//5054 5059//5053
f 4966//4960 5061//5055 5060//5054
f 4967//4961 5062//5056 5061//5055
f 4968//4962 5063//5057 5062//5056
f 4969//4963 5064//5058 5063//5057
f 4970//4964 5065//5059 5064//5058
f 4971//4965 5066//5060 5065//5059
f 4972//4966 5067//5061 5066//5060
f 4973//4967 5068//5062 5067//5061
f 4974//4968 5069//5063 5068//5062
f 4975//4969 5070//5064 5069//5063
f 4976//4970 5071//5065 5070//5064
f 4977//4971 5072//5066 5071//5065
f 4978//4972 5073//5067 5072//5066
f 4979//4973 5074//5068 5073//5067
f 4980//4974 5075//5069 5074//5068
f 4981//4975 5076//5070 5075//5069
f 4982//4976 4983//4977 5076//5070
f 5077//5071 2//4 1//1
f 5077//5071 3//6 2//4
f 5077//5071 4//8 3//6
f 5077//5071 5//10 4//8
f 5077//5071 6//12 5//10
f 5077//5071 7//14 6//12
f 5077//5071 8//16 7//14
f 5077//5071 9//18 8//16
f 5077//5071 10//20 9//18
f 5077//5071 11//22 10//20
f 5077//5071 12//24 11//22
f 5077//5071 13//26 12//24
f 5077//5071 14//28 13//26
f 5077//5071 15//30 14//28
f 5077//5071 16//32 15//30
f 5077//5071 17//34 16//32
f 5077//5071 18//36 17//34
f 5077//5071 19//38 18//36
f 5077//5071 20//40 19//38
f 5077//5071 21//42 20//40
f 5077//5071 22//44 21//42
f 5077//5071 23//46 22//44
f 5077//5071 24//48 23//46
f 5077//5071 25//50 24//48
f 5077//5071 26//52 25//50
f 5077//5071 27//54 26//52
f 5077//5071 28//56 27//54
f 5077//5071 29//58 28//56
f 5077//5071 30//60 29//58
f 5077//5071 31//62 30//60
f 5077//5071 32//64 31//62
f 5077//5071 33//66 32//64
f 5077//5071 34//68 33//66
f 5077//5071 35//70 34//68
f 5077//5071 36//72 35//70
f 5077//5071 37//74 36//72
f 5077//5071 38//76 37//74
f 5077//5071 39//78 38//76
f 5077//5071 40//80 39//78
f 5077//5071 41//82 40//80
f 5077//5071 42//84 41//82
f 5077//5071 43//86 42//84
f 5077//5071 44//88 43//86
f 5077//5071 45//90 44//88
f 5077//5071 46//92 45//90
f 5077//5071 47//94 46//92
f 5077//5071 48//96 47//94
f 5077//5071 49//98 48//96
f 5077//5071 50//100 49//98
f 5077//5071 51//102 50//100
f 5077//5071 52//104 51//102
f 5077//5071 53//107 52//104
f 5077//5071 54//106 53//107
f 5077//5071 55//108 54//106
f 5077//5071 56//110 55//108
f 5077//5071 57//112 56//110
f 5077//5071 58//114 57//112
f 5077//5071 59//116 58//114
f 5077//5071 60//118 59//116
f 5077//5071 61//120 60//118
f 5077//5071 62//122 61//120
f 5077//5071 63//124 62//122
f 5077//5071 64//126 63//124
f 5077//5071 65//128 64//126
f 5077//5071 66//130 65//128
f 5077//5071 67//132 66//130
f 5077//5071 68//134 67//132
f 5077//5071 69//136 68//134
f 5077//5071 70//138 69//136
f 5077//5071 71//140 70//138
f 5077//5071 72//142 71//140
f 5077//5071 73//144 72//142
f 5077//5071 74//146 73//144
f 5077//5071 75//148 74//146
f 5077//5071 76//150 75//148
f 5077//5071 77//152 76//150
f 5077//5071 78//154 77//152
f 5077//5071 79//156 78//154
f 5077//5071 80//158 79//156
f 5077//5071 81//160 80//158
f 5077//5071 82//162 81//160
f 5077//5071 83//164 82//162
f 5077//5071 84//166 83//164
f 5077//5071 85//168 84//166
f 5077//5071 86//170 85//168
f 5077//5071 87//172 86//170
f 5077//5071 88//174 87//172
f 5077//5071 89//176 88//174
f 5077//5071 90//178 89//176
f 5077//5071 91//182 90//178
f 5077//5071 92//184 91//182
f 5077//5071 93//186 92//184
f 5077//5071 94//188 93//186
f 5077//5071 1//1 94//188
f 4983//4977 4984//4978 5078//5072
f 4984//4978 4985//4979 5078//5072
f 4985//4979 4986//4980 5078//5072
f 4986//4980 4987//4981 5078//5072
f 4987//4981 4988//4982 5078//5072
f 4988//4982 4989//4983 5078//5072
f 4989//4983 4990//4984 5078//5072
f 4990//4984 4991//4985 5078//5072
f 4991//4985 4992//4986 5078//5072
f 4992//4986 4993//4987 5078//5072
f 4993//4987 4994//4988 5078//5072
f 4994//4988 4995//4989 5078//5072
f 4995//4989 4996//4990 5078//5072
f 4996//4990 4997//4991 5078//5072
f 4997//4991 4998//4992 5078//5072
f 4998//4992 4999//4993 5078//5072
f 4999//4993 5000//4994 5078//5072
f 5000//4994 5001//4995 5078//5072
f 5001//4995 5002//4996 5078//5072
f 5002//4996 5003//4997 5078//5072
f 5003//4997 5004//4998 5078//5072
f 5004//4998 5005//4999 5078//5072
f 5005//4999 5006//5000 5078//5072
f 5006//5000 5007//5001 5078//5072
f 5007//5001 5008//5002 5078//5072
f 5008//5002 5009//5003 5078//5072
f 5009//5003 5010//5004 5078//5072
f 5010//5004 5011//5005 5078//5072
f 5011//5005 5012//5006 5078//5072
f 5012//5006 5013//5007 5078//5072
f 5013//5007 5014//5008 5078//5072
f 5014//5008 5015//5009 5078//5072
f 5015//5009 5016//5010 5078//5072
f 5016//5010 5017//5012 5078//5072
f 5017//5012 5018//5011 5078//5072
f 5018//5011 5019//5013 5078//5072
f 5019//5013 5020//5014 5078//5072
f 5020//5014 5021//5015 5078//5072
f 5021//5015 5022//5016 5078//5072
f 5022//5016 5023//5017 5078//5072
f 5023//5017 5024//5018 5078//5072
f 5024//5018 5025//5019 5078//5072
f 5025//5019 5026//5020 5078//5072
f 5026//5020 5027//5021 5078//5072
f 5027//5021 5028//5022 5078//5072
f 5028//5022 5029//5023 5078//5072
f 5029//5023 5030//5024 5078//5072
f 5030//5024 5031//5025 5078//5072
f 5031//5025 5032//5026 5078//5072
f 5032//5026 5033//5027 5078//5072
f 5033//5027 5034//5028 5078//5072
f 5034//5028 5035//5029 5078//5072
f 5035//5029 5036//5030 5078//5072
f 5036//5030 5037//5031 5078//5072
f 5037//5031 5038//5032 5078//5072
f 5038//5032 5039//5033 5078//5072
f 5039//5033 5040//5034 5078//5072
f 5040//5034 5041//5035 5078//5072
f 5041//5035 5042//5036 5078//5072
f 5042//5036 5043//5037 5078//5072
f 5043//5037 5044//5038 5078//5072
f 5044//5038 5045//5039 5078//5072
f 5045//5039 5046//5040 5078//5072
f 5046//5040 5047//5042 5078//5072
f 5047//5042 5048//5041 5078//5072
f 5048//5041 5049//5043 5078//5072
f 5049//5043 5050//5044 5078//5072
f 5050//5044 5051//5045 5078//5072
f 5051//5045 5052//5046 5078//5072
f 5052//5046 5053//5047 5078//5072
f 5053//5047 5054//5048 5078//5072
f 5054//5048 5055//5049 5078//5072
f 5055//5049 5056//5050 5078//5072
f 5056//5050 5057//5051 5078//5072
f 5057//5051 5058//5052 5078//5072
f 5058//5052 5059//5053 5078//5072
f 5059//5053 5060//5054 5078//5072
f 5060//5054 5061//5055 5078//5072
f 5061//5055 5062//5056 5078//5072
f 5062//5056 5063//5057 5078//5072
f 5063//5057 5064//5058 5078//5072
f 5064//5058 5065//5059 5078//5072
f 5065//5059 5066//5060 5078//5072
f 5066//5060 5067//5061 5078//5072
f 5067//5061 5068//5062 5078//5072
f 5068//5062 5069//5063 5078//5072
f 5069//5063 5070//5064 5078//5072
f 5070//5064 5071//5065 5078//5072
f 5071//5065 5072//5066 5078//5072
f 5072//5066 5073//5067 5078//5072
f 5073//5067 5074//5068 5078//5072
f 5074//5068 5075//5069 5078//5072
f 5075//5069 5076//5070 5078//5072
f 5076//5070 4983//4977 5078//5072
f 1//1 2//4 96//2
f 2//4 3//6 97//5
f 3//6 4//8 98//7
f 4//8 5//10 99//9
f 5//10 6//12 100//11
f 6//12 7//14 101//13
f 7//14 8//16 102//15
f 8//16 9//18 103//17
f 9//18 10//20 104//19
f 10//20 11//22 105//21
f 11//22 12//24 106//23
f 12//24 13//26 107//25
f 13//26 14//28 108//27
f 14//28 15//30 109//29
f 15//30 16//32 110//31
f 16//32 17//34 111//33
f 17//34 18//36 112//35
f 18//36 19//38 113//37
f 19//38 20//40 114//39
f 20//40 21//42 115//41
f 21//42 22//44 116//43
f 22//44 23//46 117//45
f 23//46 24//48 118//47
f 24//48 25//50 119//49
f 25//50 26//52 120//51
f 26//52 27//54 121//53
f 27//54 28//56 122//55
f 28//56 29//58 123//57
f 29//58 30//60 124//59
f 30//60 31//62 125//61
f 31//62 32//64 126//63
f 32//64 33//66 127//65
f 33//66 34//68 128//67
f 34//68 35//70 129//69
f 35//70 36//72 130//71
f 36//72 37//74 131//73
f 37//74 38//76 132//75
f 38//76 39//78 133//77
f 39//78 40//80 134//79
f 40//80 41//82 135//81
f 41//82 42//84 136//83
f 42//84 43//86 137//85
f 43//86 44//88 138//87
f 44//88 45//90 139//89
f 45//90 46//92 140//91
f 46//92 47//94 141//93
f 47//94 48//96 142//95
f 48//96 49//98 143//97
f 49//98 50//100 144//99
f 50//100 51//102 145//101
f 51//102 52//104 146//103
f 52//104 53//107 147//105
f 54//106 148//109 147//105
f 55//108 149//111 148//109
f 56//110 150//113 149//111
f 57//112 151//115 150//113
f 58//114 152//117 151//115
f 59//116 153//119 152//117
f 60//118 154//121 153//119
f 61//120 155//123 154//121
f 62//122 156//125 155//123
f 63//124 157//127 156//125
f 64//126 158//129 157//127
f 65//128 159//131 158//129
f 66//130 160//133 159//131
f 67//132 161//135 160//133
f 68//134 162//137 161//135
f 69//136 163//139 162//137
f 70//138 164//141 163//139
f 71//140 165//143 164//141
f 72//142 166//145 165//143
f 73//144 167//147 166//145
f 74//146 168//149 167//147
f 75//148 169//151 168//149
f 76//150 170//153 169//151
f 77//152 171//155 170//153
f 78//154 172//157 171//155
f 79//156 173//159 172//157
f 80//158 174//161 173//159
f 81//160 175//163 174//161
f 82//162 176//165 175//163
f 83//164 177//167 176//165
f 84//166 178//169 177//167
f 85//168 179//171 178//169
f 86//170 180//173 179//171
f 87//172 181//175 180//173
f 88//174 182//177 181//175
f 89//176 183//179 182//177
f 90//178 184//181 183//179
f 90//178 91//182 185//180
f 91//182 92//184 186//183
f 92//184 93//186 187//185
f 93//186 94//188 188//187
f 94//188 1//1 95//3
f 95//3 96//2 190//189
f 96//2 97//5 191//191
f 97//5 98//7 192//192
f 98//7 99//9 193//193
f 99//9 100//11 194//194
f 100//11 101//13 195//195
f 101//13 102//15 196//196
f 102//15 103//17 197//197
f 103//17 104//19 198//198
f 104//19 105//21 199//199
f 105//21 106//23 200//200
f 106//23 107//25 201//201
f 107//25 108//27 202//202
f 108//27 109//29 203//203
f 109//29 110//31 204//204
f 110//31 111//33 205//205
f 111//33 112//35 206//206
f 112//35 113//37 207//207
f 113//37 114//39 208//208
f 114//39 115//41 209//209
f 115//41 116//43 210//210
f 116//43 117//45 211//211
f 117//45 118//47 212//212
f 118//47 119//49 213//213
f 119//49 120//51 214//214
f 120//51 121//53 215//215
f 121//53 122//55 216//216
f 122//55 123//57 217//217
f 123//57 124//59 218//218
f 124//59 125//61 219//219
f 125//61 126//63 220//220
f 126//63 127//65 221//221
f 127//65 128//67 222//222
f 128//67 129//69 223//223
f 129//69 130//71 224//224
f 130//71 131//73 225//225
f 131//73 132//75 226//226
f 132//75 133//77 227//227
f 133//77 134//79 228//228
f 134//79 135//81 229//229
f 135//81 136//83 230//230
f 136//83 137//85 231//231
f 137//85 138//87 232//232
f 138//87 139//89 233//233
f 139//89 140//91 234//234
f 140//91 141//93 235//235
f 141//93 142//95 236//236
f 142//95 143//97 237//237
f 143//97 144//99 238//238
f 145//101 239//239 238//238
f 146//103 240//240 239//239
f 147//105 241//241 240//240
f 148//109 242//242 241//241
f 149//111 243//243 242//242
f 150//113 244//244 243//243
f 151//115 245//245 244//244
f 152//117 246//246 245//245
f 153//119 247//247 246//246
f 154//121 248//248 247//247
f 155//123 249//249 248//248
f 156//125 250//250 249//249
f 157//127 251//251 250//250
f 158//129 252//252 251//251
f 159//131 253//253 252//252
f 160//133 254//254 253//253
f 161//135 255//255 254//254
f 162//137 256//256 255//255
f 163//139 257//257 256//256
f 164//141 258//258 257//257
f 165//143 259//259 258//258
f 166//145 260//260 259//259
f 167//147 261//261 260//260
f 168//149 262//262 261//261
f 169//151 263//263 262//262
f 170//153 264//264 263//263
f 171//155 265//265 264//264
f 172//157 266//266 265//265
f 173//159 267//267 266//266
f 174//161 268//268 267//267
f 175//163 269//269 268//268
f 176//165 270//270 269//269
f 177//167 271//271 270//270
f 178//169 272//272 271//271
f 179//171 273//273 272//272
f 180//173 274//274 273//273
f 181//175 275//275 274//274
f 182//177 276//276 275//275
f 183//179 277//277 276//276
f 184//181 278//278 277//277
f 185//180 279//280 278//278
f 185//180 186//183 280//279
f 186//183 187//185 281//281
f 187//185 188//187 282//282
f 188//187 95//3 189//190
f 189//190 190//189 284//283
f 190//189 191//191 285//285
f 191//191 192//192 286//286
f 192//192 193//193 287//287
f 193//193 194//194 288//288
f 194//194 195//195 289//289
f 195//195 196//196 290//290
f 196//196 197//197 291//291
f 197//197 198//198 292//292
f 198//198 199//199 293//293
f 199//199 200//200 294//294
f 200//200 201//201 295//295
f 201//201 202//202 296//296
f 202//202 203//203 297//297
f 203//203 204//204 298//298
f 204//204 205//205 299//299
f 205//205 206//206 300//300
f 206//206 207//207 301//301
f 207//207 208//208 302//302
f 208//208 209//209 303//303
f 209//209 210//210 304//304
f 210//210 211//211 305//305
f 211//211 212//212 306//306
f 212//212 213//213 307//307
f 213//213 214//214 308//308
f 214//214 215//215 309//309
f 215//215 216//216 310//310
f 216//216 217//217 311//311
f 217//217 218//218 312//312
f 218//218 219//219 313//313
f 219//219 220//220 314//314
f 220//220 221//221 315//315
f 221//221 222//222 316//316
f 222//222 223//223 317//317
f 223//223 224//224 318//318
f 224//224 225//225 319//319
f 225//225 226//226 320//320
f 226//226 227//227 321//321
f 227//227 228//228 322//322
f 228//228 229//229 323//323
f 229//229 230//230 324//324
f 231//231 325//325 324//324
f 232//232 326//326 325//325
f 233//233 327//327 326//326
f 234//234 328//328 327//327
f 235//235 329//329 328//328
f 236//236 330//330 329//329
f 237//237 331//331 330//330
f 238//238 332//332 331//331
f 239//239 333//333 332//332
f 240//240 334//334 333//333
f 241//241 335//335 334//334
f 242//242 336//336 335//335
f 243//243 337//337 336//336
f 244//244 338//338 337//337
f 245//245 339//339 338//338
f 246//246 340//340 339//339
f 247//247 341//341 340//340
f 248//248 342//342 341//341
f 249//249 343//343 342//342
f 250//250 344//344 343//343
f 251//251 345//345 344//344
f 252//252 346//346 345//345
f 253//253 347//347 346//346
f 254//254 348//348 347//347
f 255//255 349//349 348//348
f 256//256 350//350 349//349
f 257//257 351//351 350//350
f 258//258 352//352 351//351
f 259//259 353//353 352//352
f 260//260 354//354 353//353
f 261//261 355//355 354//354
f 262//262 356//356 355//355
f 263//263 357//357 356//356
f 264//264 358//358 357//357
f 265//265 359//359 358//358
f 266//266 360//360 359//359
f 267//267 361//361 360//360
f 268//268 362//362 361//361
f 269//269 363//363 362//362
f 270//270 364//364 363//363
f 271//271 365//365 364//364
f 272//272 366//366 365//365
f 273//273 367//367 366//366
f 274//274 368//368 367//367
f 275//275 369//369 368//368
f 276//276 370//370 369//369
f 277//277 371//371 370//370
f 278//278 372//372 371//371
f 279//280 373//373 372//372
f 280//279 374//375 373//373
f 280//279 281//281 375//374
f 281//281 282//282 376//376
f 282//282 189//190 283//284
f 283//284 284//283 378//377
f 284//283 285//285 379//379
f 285//285 286//286 380//380
f 286//286 287//287 381//381
f 287//287 288//288 382//382
f 288//288 289//289 383//383
f 289//289 290//290 384//384
f 290//290 291//291 385//385
f 291//291 292//292 386//386
f 292//292 293//293 387//387
f 293//293 294//294 388//388
f 294//294 295//295 389//389
f 295//295 296//296 390//390
f 296//296 297//297 391//391
f 297//297 298//298 392//392
f 298//298 299//299 393//393
f 299//299 300//300 394//394
f 300//300 301//301 395//395
f 301//301 302//302 396//396
f 302//302 303//303 397//397
f 303//303 304//304 398//398
f 304//304 305//305 399//399
f 305//305 306//306 400//400
f 306//306 307//307 401//401
f 307//307 308//308 402//402
f 308//308 309//309 403//403
f 309//309 310//310 404//404
f 310//310 311//311 405//405
f 311//311 312//312 406//406
f 312//312 313//313 407//407
f 313//313 314//314 408//408
f 314//314 315//315 409//409
f 315//315 316//316 410//410
f 316//316 317//317 411//411
f 317//317 318//318 412//412
f 318//318 319//319 413//413
f 319//319 320//320 414//414
f 320//320 321//321 415//415
f 322//322 416//416 415//415
f 323//323 417//417 416//416
f 324//324 418//418 417//417
f 325//325 419//419 418//418
f 326//326 420//420 419//419
f 327//327 421//421 420//420
f 328//328 422//422 421//421
f 329//329 423//423 422//422
f 330//330 424//424 423//423
f 331//331 425//425 424//424
f 332//332 426//426 425//425
f 333//333 427//427 426//426
f 334//334 428//428 427//427
f 335//335 429//429 428//428
f 336//336 430//430 429//429
f 337//337 431//431 430//430
f 338//338 432//432 431//431
f 339//339 433//433 432//432
f 340//340 434//434 433//433
f 341//341 435//435 434//434
f 342//342 436//436 435//435
f 343//343 437//437 436//436
f 344//344 438//438 437//437
f 345//345 439//439 438//438
f 346//346 440//440 439//439
f 347//347 441//441 440//440
f 348//348 442//442 441//441
f 349//349 443//443 442//442
f 350//350 444//444 443//443
f 351//351 445//445 444//444
f 352//352 446//446 445//445
f 353//353 447//447 446//446
f 354//354 448//448 447//447
f 355//355 449//449 448//448
f 356//356 450//450 449//449
f 357//357 451//451 450//450
f 358//358 452//452 451//451
f 359//359 453//453 452//452
f 360//360 454//454 453//453
f 361//361 455//455 454//454
f 362//362 456//456 455//455
f 363//363 457//457 456//456
f 364//364 458//458 457//457
f 365//365 459//459 458//458
f 366//366 460//460 459//459
f 367//367 461//461 460//460
f 368//368 462//462 461//461
f 369//369 463//463 462//462
f 370//370 464//464 463//463
f 371//371 465//465 464//464
f 372//372 466//466 465//465
f 373//373 467//467 466//466
f 374//375 468//469 467//467
f 374//375 375//374 469//468
f 375//374 376//376 470//470
f 376//376 283//284 377//378
f 377//378 378//377 472//471
f 378//377 379//379 473//473
f 379//379 380//380 474//474
f 380//380 381//381 475//475
f 381//381 382//382 476//476
f 382//382 383//383 477//477
f 383//383 384//384 478//478
f 384//384 385//385 479//479
f 385//385 386//386 480//480
f 386//386 387//387 481//481
f 387//387 388//388 482//482
f 388//388 389//389 483//483
f 389//389 390//390 484//484
f 390//390 391//391 485//485
f 391//391 392//392 486//486
f 392//392 393//393 487//487
f 393//393 394//394 488//488
f 394//394 395//395 489//489
f 395//395 396//396 490//490
f 396//396 397//397 491//491
f 397//397 398//398 492//492
f 398//398 399//399 493//493
f 399//399 400//400 494//494
f 400//400 401//401 495//495
f 401//401 402//402 496//496
f 402//402 403//403 497//497
f 403//403 404//404 498//498
f 404//404 405//405 499//499
f 405//405 406//406 500//500
f 406//406 407//407 501//501
f 407//407 408//408 502//502
f 408//408 409//409 503//503
f 409//409 410//410 504//504
f 410//410 411//411 505//505
f 411//411 412//412 506//506
f 413//413 507//507 506//506
f 414//414 508//508 507//507
f 415//415 509//509 508//508
f 416//416 510//510 509//509
f 417//417 511//511 510//510
f 418//418 512//512 511//511
f 419//419 513//513 512//512
f 420//420 514//514 513//513
f 421//421 515//515 514//514
f 422//422 516//516 515//515
f 423//423 517//517 516//516
f 424//424 518//518 517//517
f 425//425 519//519 518//518
f 426//426 520//520 519//519
f 427//427 521//521 520//520
f 428//428 522//522 521//521
f 429//429 523//523 522//522
f 430//430 524//524 523//523
f 431//431 525//526 524//524
f 431//431 432//432 526//525
f 432//432 433//433 527//527
f 433//433 434//434 528//528
f 435//435 529//529 528//528
f 436//436 530//530 529//529
f 437//437 531//531 530//530
f 438//438 532//532 531//531
f 439//439 533//533 532//532
f 440//440 534//534 533//533
f 441//441 535//535 534//534
f 442//442 536//536 535//535
f 443//443 537//537 536//536
f 444//444 538//538 537//537
f 445//445 539//539 538//538
f 446//446 540//540 539//539
f 447//447 541//541 540//540
f 448//448 542//542 541//541
f 449//449 543//543 542//542
f 450//450 544//544 543//543
f 451//451 545//545 544//544
f 452//452 546//546 545//545
f 453//453 547//547 546//546
f 454//454 548//548 547//547
f 455//455 549//549 548//548
f 456//456 550//550 549//549
f 457//457 551//551 550//550
f 458//458 552//552 551//551
f 459//459 553//553 552//552
f 460//460 554//554 553//553
f 461//461 555//555 554//554
f 462//462 556//556 555//555
f 463//463 557//557 556//556
f 464//464 558//558 557//557
f 465//465 559//559 558//558
f 466//466 560//560 559//559
f 467//467 561//562 560//560
f 467//467 468//469 562//561
f 468//469 469//468 563//563
f 469//468 470//470 564//564
f 470//470 377//378 471//472
f 471//472 472//471 566//565
f 472//471 473//473 567//567
f 473//473 474//474 568//568
f 474//474 475//475 569//569
f 475//475 476//476 570//570
f 476//476 477//477 571//571
f 477//477 478//478 572//572
f 478//478 479//479 573//573
f 479//479 480//480 574//574
f 480//480 481//481 575//575
f 481//481 482//482 576//576
f 482//482 483//483 577//577
f 483//483 484//484 578//578
f 484//484 485//485 579//579
f 485//485 486//486 580//580
f 486//486 487//487 581//581
f 487//487 488//488 582//582
f 488//488 489//489 583//583
f 489//489 490//490 584//584
f 490//490 491//491 585//585
f 491//491 492//492 586//586
f 492//492 493//493 587//587
f 493//493 494//494 588//588
f 494//494 495//495 589//589
f 495//495 496//496 590//590
f 496//496 497//497 591//591
f 497//497 498//498 592//592
f 498//498 499//499 593//593
f 499//499 500//500 594//594
f 500//500 501//501 595//595
f 501//501 502//502 596//596
f 502//502 503//503 597//597
f 503//503 504//504 598//598
f 504//504 505//505 599//599
f 506//506 600//600 599//599
f 507//507 601//601 600//600
f 508//508 602//602 601//601
f 509//509 603//603 602//602
f 510//510 604//604 603//603
f 511//511 605//605 604//604
f 512//512 606//606 605//605
f 513//513 607//607 606//606
f 514//514 608//608 607//607
f 515//515 609//609 608//608
f 516//516 610//610 609//609
f 517//517 611//611 610//610
f 518//518 612//612 611//611
f 519//519 613//613 612//612
f 520//520 614//614 613//613
f 521//521 615//615 614//614
f 522//522 616//616 615//615
f 523//523 617//617 616//616
f 524//524 618//619 617//617
f 524//524 525//526 619//618
f 525//526 526//525 620//620
f 526//525 527//527 621//621
f 527//527 528//528 622//622
f 528//528 529//529 623//623
f 530//530 624//624 623//623
f 531//531 625//625 624//624
f 532//532 626//626 625//625
f 533//533 627//627 626//626
f 534//534 628//628 627//627
f 535//535 629//629 628//628
f 536//536 630//630 629//629
f 537//537 631//631 630//630
f 538//538 632//632 631//631
f 539//539 633//633 632//632
f 540//540 634//634 633//633
f 541//541 635//635 634//634
f 542//542 636//636 635//635
f 543//543 637//637 636//636
f 544//544 638//638 637//637
f 545//545 639//639 638//638
f 546//546 640//640 639//639
f 547//547 641//641 640//640
f 548//548 642//642 641//641
f 549//549 643//643 642//642
f 550//550 644//644 643//643
f 551//551 645//645 644//644
f 552//552 646//646 645//645
f 553//553 647//647 646//646
f 554//554 648//648 647//647
f 555//555 649//649 648//648
f 556//556 650//650 649//649
f 557//557 651//651 650//650
f 558//558 652//652 651//651
f 559//559 653//653 652//652
f 560//560 654//654 653//653
f 561//562 655//656 654//654
f 561//562 562//561 656//655
f 562//561 563//563 657//657
f 563//563 564//564 658//658
f 564//564 471//472 565//566
f 565//566 566//565 660//659
f 566//565 567//567 661//661
f 567//567 568//568 662//662
f 568//568 569//569 663//663
f 569//569 570//570 664//664
f 570//570 571//571 665//665
f 571//571 572//572 666//666
f 572//572 573//573 667//667
f 573//573 574//574 668//668
f 574//574 575//575 669//669
f 575//575 576//576 670//670
f 576//576 577//577 671//671
f 577//577 578//578 672//672
f 578//578 579//579 673//673
f 579//579 580//580 674//674
f 580//580 581//581 675//675
f 581//581 582//582 676//676
f 582//582 583//583 677//677
f 583//583 584//584 678//678
f 584//584 585//585 679//679
f 585//585 586//586 680//680
f 586//586 587//587 681//681
f 587//587 588//588 682//682
f 588//588 589//589 683//683
f 589//589 590//590 684//684
f 590//590 591//591 685//685
f 591//591 592//592 686//686
f 592//592 593//593 687//687
f 593//593 594//594 688//688
f 594//594 595//595 689//689
f 595//595 596//596 690//690
f 596//596 597//597 691//691
f 597//597 598//598 692//692
f 598//598 599//599 693//693
f 599//599 600//600 694//694
f 601//601 695//695 694//694
f 602//602 696//696 695//695
f 603//603 697//697 696//696
f 604//604 698//698 697//697
f 605//605 699//699 698//698
f 606//606 700//700 699//699
f 607//607 701//701 700//700
f 608//608 702//702 701//701
f 609//609 703//703 702//702
f 610//610 704//704 703//703
f 611//611 705//705 704//704
f 612//612 706//706 705//705
f 613//613 707//707 706//706
f 614//614 708//708 707//707
f 615//615 709//709 708//708
f 616//616 710//710 709//709
f 617//617 711//712 710//710
f 617//617 618//619 712//711
f 618//619 619//618 713//713
f 619//618 620//620 714//714
f 620//620 621//621 715//715
f 621//621 622//622 716//716
f 622//622 623//623 717//717
f 624//624 718//718 717//717
f 625//625 719//719 718//718
f 626//626 720//720 719//719
f 627//627 721//721 720//720
f 628//628 722//722 721//721
f 629//629 723//723 722//722
f 630//630 724//724 723//723
f 631//631 725//725 724//724
f 632//632 726//726 725//725
f 633//633 727//727 726//726
f 634//634 728//728 727//727
f 635//635 729//729 728//728
f 636//636 730//730 729//729
f 637//637 731//731 730//730
f 638//638 732//732 731//731
f 639//639 733//733 732//732
f 640//640 734//734 733//733
f 641//641 735//735 734//734
f 642//642 736//736 735//735
f 643//643 737//737 736//736
f 644//644 738//738 737//737
f 645//645 739//739 738//738
f 646//646 740//740 739//739
f 647//647 741//741 740//740
f 648//648 742//742 741//741
f 649//649 743//743 742//742
f 650//650 744//744 743//743
f 651//651 745//745 744//744
f 652//652 746//746 745//745
f 653//653 747//747 746//746
f 654//654 748//748 747//747
f 655//656 749//750 748//748
f 655//656 656//655 750//749
f 656//655 657//657 751//751
f 657//657 658//658 752//752
f 658//658 565//566 659//660
f 659//660 660//659 754//753
f 660//659 661//661 755//755
f 661//661 662//662 756//756
f 662//662 663//663 757//757
f 663//663 664//664 758//758
f 664//664 665//665 759//759
f 665//665 666//666 760//760
f 666//666 667//667 761//761
f 667//667 668//668 762//762
f 668//668 669//669 763//763
f 669//669 670//670 764//764
f 670//670 671//671 765//765
f 671//671 672//672 766//766
f 672//672 673//673 767//767
f 673//673 674//674 768//768
f 674//674 675//675 769//769
f 675//675 676//676 770//770
f 676//676 677//677 771//771
f 677//677 678//678 772//772
f 678//678 679//679 773//773
f 679//679 680//680 774//774
f 680//680 681//681 775//775
f 681//681 682//682 776//776
f 682//682 683//683 777//777
f 683//683 684//684 778//778
f 684//684 685//685 779//779
f 685//685 686//686 780//780
f 686//686 687//687 781//781
f 687//687 688//688 782//782
f 688//688 689//689 783//783
f 689//689 690//690 784//784
f 690//690 691//691 785//785
f 691//691 692//692 786//786
f 692//692 693//693 787//787
f 693//693 694//694 788//788
f 694//694 695//695 789//789
f 695//695 696//696 790//790
f 696//696 697//697 791//791
f 697//697 698//698 792//792
f 698//698 699//699 793//793
f 699//699 700//700 794//794
f 700//700 701//701 795//795
f 701//701 702//702 796//796
f 702//702 703//703 797//797
f 703//703 704//704 798//798
f 704//704 705//705 799//799
f 705//705 706//706 800//800
f 707//707 801//802 800//800
f 707//707 708//708 802//801
f 708//708 709//709 803//803
f 709//709 710//710 804//804
f 710//710 711//712 805//805
f 711//712 712//711 806//806
f 712//711 713//713 807//807
f 713//713 714//714 808//808
f 715//715 809//809 808//808
f 716//716 810//810 809//809
f 717//717 811//811 810//810
f 718//718 812//812 811//811
f 719//719 813//813 812//812
f 720//720 814//814 813//813
f 721//721 815//815 814//814
f 722//722 816//816 815//815
f 723//723 817//817 816//816
f 724//724 818//818 817//817
f 725//725 819//819 818//818
f 726//726 820//820 819//819
f 727//727 821//821 820//820
f 728//728 822//822 821//821
f 729//729 823//823 822//822
f 730//730 824//824 823//823
f 731//731 825//825 824//824
f 732//732 826//826 825//825
f 733//733 827//827 826//826
f 734//734 828//828 827//827
f 735//735 829//829 828//828
f 736//736 830//830 829//829
f 737//737 831//831 830//830
f 738//738 832//832 831//831
f 739//739 833//833 832//832
f 740//740 834//834 833//833
f 741//741 835//835 834//834
f 742//742 836//836 835//835
f 743//743 837//837 836//836
f 744//744 838//838 837//837
f 745//745 839//839 838//838
f 746//746 840//840 839//839
f 747//747 841//841 840//840
f 748//748 842//842 841//841
f 749//750 843//844 842//842
f 749//750 750//749 844//843
f 750//749 751//751 845//845
f 751//751 752//752 846//846
f 752//752 659//660 753//754
f 753//754 754//753 848//847
f 754//753 755//755 849//849
f 755//755 756//756 850//850
f 756//756 757//757 851//851
f 757//757 758//758 852//852
f 758//758 759//759 853//853
f 759//759 760//760 854//854
f 760//760 761//761 855//855
f 761//761 762//762 856//856
f 762//762 763//763 857//857
f 763//763 764//764 858//858
f 764//764 765//765 859//859
f 765//765 766//766 860//860
f 766//766 767//767 861//861
f 767//767 768//768 862//862
f 768//768 769//769 863//863
f 769//769 770//770 864//864
f 770//770 771//771 865//865
f 771//771 772//772 866//866
f 772//772 773//773 867//867
f 773//773 774//774 868//868
f 774//774 775//775 869//869
f 775//775 776//776 870//870
f 776//776 777//777 871//871
f 777//777 778//778 872//872
f 778//778 779//779 873//873
f 779//779 780//780 874//874
f 780//780 781//781 875//875
f 781//781 782//782 876//876
f 782//782 783//783 877//877
f 783//783 784//784 878//878
f 784//784 785//785 879//879
f 785//785 786//786 880//880
f 786//786 787//787 881//881
f 787//787 788//788 882//882
f 788//788 789//789 883//883
f 789//789 790//790 884//884
f 790//790 791//791 885//885
f 791//791 792//792 886//886
f 792//792 793//793 887//887
f 793//793 794//794 888//888
f 794//794 795//795 889//889
f 795//795 796//796 890//890
f 796//796 797//797 891//891
f 797//797 798//798 892//892
f 798//798 799//799 893//893
f 799//799 800//800 894//894
f 800//800 801//802 895//895
f 801//802 802//801 896//896
f 802//801 803//803 897//897
f 803//803 804//804 898//898
f 804//804 805//805 899//899
f 805//805 806//806 900//900
f 806//806 807//807 901//901
f 807//807 808//808 902//902
f 809//809 903//903 902//902
f 810//810 904//904 903//903
f 811//811 905//905 904//904
f 812//812 906//906 905//905
f 813//813 907//907 906//906
f 814//814 908//908 907//907
f 815//815 909//909 908//908
f 816//816 910//910 909//909
f 817//817 911//911 910//910
f 818//818 912//912 911//911
f 819//819 913//913 912//912
f 820//820 914//914 913//913
f 821//821 915//915 914//914
f 822//822 916//916 915//915
f 823//823 917//917 916//916
f 824//824 918//918 917//917
f 825//825 919//919 918//918
f 826//826 920//920 919//919
f 827//827 921//921 920//920
f 828//828 922//922 921//921
f 829//829 923//923 922//922
f 830//830 924//924 923//923
f 831//831 925//925 924//924
f 832//832 926//926 925//925
f 833//833 927//927 926//926
f 834//834 928//928 927//927
f 835//835 929//929 928//928
f 836//836 930//930 929//929
f 837//837 931//931 930//930
f 838//838 932//932 931//931
f 839//839 933//933 932//932
f 840//840 934//934 933//933
f 841//841 935//935 934//934
f 842//842 936//936 935//935
f 843//844 937//937 936//936
f 844//843 938//939 937//937
f 844//843 845//845 939//938
f 845//845 846//846 940//940
f 846//846 753//754 847//848
f 847//848 848//847 942//941
f 848//847 849//849 943//943
f 849//849 850//850 944//944
f 850//850 851//851 945//945
f 851//851 852//852 946//946
f 852//852 853//853 947//947
f 853//853 854//854 948//948
f 854//854 855//855 949//949
f 855//855 856//856 950//950
f 856//856 857//857 951//951
f 857//857 858//858 952//952
f 858//858 859//859 953//953
f 859//859 860//860 954//954
f 860//860 861//861 955//955
f 861//861 862//862 956//956
f 862//862 863//863 957//957
f 863//863 864//864 958//958
f 864//864 865//865 959//959
f 865//865 866//866 960//960
f 866//866 867//867 961//961
f 867//867 868//868 962//962
f 868//868 869//869 963//963
f 869//869 870//870 964//964
f 870//870 871//871 965//965
f 871//871 872//872 966//966
f 872//872 873//873 967//967
f 873//873 874//874 968//968
f 874//874 875//875 969//969
f 875//875 876//876 970//970
f 876//876 877//877 971//971
f 877//877 878//878 972//972
f 878//878 879//879 973//973
f 879//879 880//880 974//974
f 880//880 881//881 975//975
f 881//881 882//882 976//976
f 882//882 883//883 977//977
f 883//883 884//884 978//978
f 884//884 885//885 979//979
f 885//885 886//886 980//980
f 886//886 887//887 981//981
f 887//887 888//888 982//982
f 888//888 889//889 983//983
f 889//889 890//890 984//984
f 890//890 891//891 985//985
f 891//891 892//892 986//986
f 892//892 893//893 987//987
f 893//893 894//894 988//988
f 894//894 895//895 989//989
f 895//895 896//896 990//990
f 896//896 897//897 991//991
f 897//897 898//898 992//992
f 898//898 899//899 993//993
f 899//899 900//900 994//994
f 900//900 901//901 995//995
f 901//901 902//902 996//996
f 903//903 997//997 996//996
f 904//904 998//998 997//997
f 905//905 999//999 998//998
f 906//906 1000//1000 999//999
f 907//907 1001//1001 1000//1000
f 908//908 1002//1002 1001//1001
f 909//909 1003//1003 1002//1002
f 910//910 1004//1004 1003//1003
f 911//911 1005//1005 1004//1004
f 912//912 1006//1006 1005//1005
f 913//913 1007//1007 1006//1006
f 914//914 1008//1008 1007//1007
f 915//915 1009//1009 1008//1008
f 916//916 1010//1010 1009//1009
f 917//917 1011//1011 1010//1010
f 918//918 1012//1012 1011//1011
f 919//919 1013//1013 1012//1012
f 920//920 1014//1014 1013//1013
f 921//921 1015//1015 1014//1014
f 922//922 1016//1016 1015//1015
f 923//923 1017//1017 1016//1016
f 924//924 1018//1018 1017//1017
f 925//925 1019//1019 1018//1018
f 926//926 1020//1020 1019//1019
f 927//927 1021//1021 1020//1020
f 928//928 1022//1022 1021//1021
f 929//929 1023//1023 1022//1022
f 930//930 1024//1024 1023//1023
f 931//931 1025//1025 1024//1024
f 932//932 1026//1026 1025//1025
f 933//933 1027//1027 1026//1026
f 934//934 1028//1028 1027//1027
f 935//935 1029//1029 1028//1028
f 936//936 1030//1030 1029//1029
f 937//937 1031//1031 1030//1030
f 938//939 1032//1033 1031//1031
f 938//939 939//938 1033//1032
f 939//938 940//940 1034//1034
f 940//940 847//848 941//942
f 941//942 942//941 1036//1035
f 942//941 943//943 1037//1037
f 943//943 944//944 1038//1038
f 944//944 945//945 1039//1039
f 945//945 946//946 1040//1040
f 946//946 947//947 1041//1041
f 947//947 948//948 1042//1042
f 948//948 949//949 1043//1043
f 949//949 950//950 1044//1044
f 950//950 951//951 1045//1045
f 951//951 952//952 1046//1046
f 952//952 953//953 1047//1047
f 953//953 954//954 1048//1048
f 954//954 955//955 1049//1049
f 955//955 956//956 1050//1050
f 956//956 957//957 1051//1051
f 957//957 958//958 1052//1052
f 958//958 959//959 1053//1053
f 959//959 960//960 1054//1054
f 960//960 961//961 1055//1055
f 961//961 962//962 1056//1056
f 962//962 963//963 1057//1057
f 963//963 964//964 1058//1058
f 964//964 965//965 1059//1059
f 965//965 966//966 1060//1060
f 966//966 967//967 1061//1061
f 967//967 968//968 1062//1062
f 968//968 969//969 1063//1063
f 969//969 970//970 1064//1064
f 970//970 971//971 1065//1065
f 971//971 972//972 1066//1066
f 972//972 973//973 1067//1067
f 973//973 974//974 1068//1068
f 974//974 975//975 1069//1069
f 975//975 976//976 1070//1070
f 976//976 977//977 1071//1071
f 977//977 978//978 1072//1072
f 978//978 979//979 1073//1073
f 979//979 980//980 1074//1074
f 980//980 981//981 1075//1075
f 981//981 982//982 1076//1076
f 982//982 983//983 1077//1077
f 983//983 984//984 1078//1078
f 984//984 985//985 1079//1079
f 985//985 986//986 1080//1080
f 986//986 987//987 1081//1081
f 987//987 988//988 1082//1082
f 988//988 989//989 1083//1083
f 989//989 990//990 1084//1084
f 990//990 991//991 1085//1085
f 991//991 992//992 1086//1086
f 992//992 993//993 1087//1087
f 993//993 994//994 1088//1088
f 994//994 995//995 1089//1089
f 996//996 1090//1090 1089//1089
f 997//997 1091//1091 1090//1090
f 998//998 1092//1092 1091//1091
f 999//999 1093//1093 1092//1092
f 1000//1000 1094//1094 1093//1093
f 1001//1001 1095//1095 1094//1094
f 1002//1002 1096//1096 1095//1095
f 1003//1003 1097//1097 1096//1096
f 1004//1004 1098//1098 1097//1097
f 1005//1005 1099//1099 1098//1098
f 1006//1006 1100//1100 1099//1099
f 1007//1007 1101//1101 1100//1100
f 1008//1008 1102//1102 1101//1101
f 1009//1009 1103//1103 1102//1102
f 1010//1010 1104//1104 1103//1103
f 1011//1011 1105//1105 1104//1104
f 1012//1012 1106//1106 1105//1105
f 1013//1013 1107//1107 1106//1106
f 1014//1014 1108//1108 1107//1107
f 1015//1015 1109//1109 1108//1108
f 1016//1016 1110//1110 1109//1109
f 1017//1017 1111//1111 1110//1110
f 1018//1018 1112//1112 1111//1111
f 1019//1019 1113//1113 1112//1112
f 1020//1020 1114//1114 1113//1113
f 1021//1021 1115//1115 1114//1114
f 1022//1022 1116//1116 1115//1115
f 1023//1023 1117//1117 1116//1116
f 1024//1024 1118//1118 1117//1117
f 1025//1025 1119//1119 1118//1118
f 1026//1026 1120//1120 1119//1119
f 1027//1027 1121//1121 1120//1120
f 1028//1028 1122//1122 1121//1121
f 1029//1029 1123//1123 1122//1122
f 1030//1030 1124//1124 1123//1123
f 1031//1031 1125//1125 1124//1124
f 1032//1033 1126//1127 1125//1125
f 1032//1033 1033//1032 1127//1126
f 1033//1032 1034//1034 1128//1128
f 1034//1034 941//942 1035//1036
f 1035//1036 1036//1035 1130//1129
f 1036//1035 1037//1037 1131//1131
f 1037//1037 1038//1038 1132//1132
f 1038//1038 1039//1039 1133//1133
f 1039//1039 1040//1040 1134//1134
f 1040//1040 1041//1041 1135//1135
f 1041//1041 1042//1042 1136//1136
f 1042//1042 1043//1043 1137//1137
f 1043//1043 1044//1044 1138//1138
f 1044//1044 1045//1045 1139//1139
f 1045//1045 1046//1046 1140//1140
f 1046//1046 1047//1047 1141//1141
f 1047//1047 1048//1048 1142//1142
f 1048//1048 1049//1049 1143//1143
f 1049//1049 1050//1050 1144//1144
f 1050//1050 1051//1051 1145//1145
f 1051//1051 1052//1052 1146//1146
f 1052//1052 1053//1053 1147//1147
f 1053//1053 1054//1054 1148//1148
f 1054//1054 1055//1055 1149//1149
f 1055//1055 1056//1056 1150//1150
f 1056//1056 1057//1057 1151//1151
f 1057//1057 1058//1058 1152//1152
f 1058//1058 1059//1059 1153//1153
f 1059//1059 1060//1060 1154//1154
f 1060//1060 1061//1061 1155//1155
f 1061//1061 1062//1062 1156//1156
f 1062//1062 1063//1063 1157//1157
f 1063//1063 1064//1064 1158//1158
f 1064//1064 1065//1065 1159//1159
f 1065//1065 1066//1066 1160//1160
f 1066//1066 1067//1067 1161//1161
f 1067//1067 1068//1068 1162//1162
f 1068//1068 1069//1069 1163//1163
f 1069//1069 1070//1070 1164//1164
f 1070//1070 1071//1071 1165//1165
f 1071//1071 1072//1072 1166//1166
f 1072//1072 1073//1073 1167//1167
f 1073//1073 1074//1074 1168//1168
f 1074//1074 1075//1075 1169//1169
f 1075//1075 1076//1076 1170//1170
f 1076//1076 1077//1077 1171//1171
f 1077//1077 1078//1078 1172//1172
f 1078//1078 1079//1079 1173//1173
f 1079//1079 1080//1080 1174//1174
f 1080//1080 1081//1081 1175//1175
f 1081//1081 1082//1082 1176//1176
f 1082//1082 1083//1083 1177//1177
f 1083//1083 1084//1084 1178//1178
f 1084//1084 1085//1085 1179//1179
f 1085//1085 1086//1086 1180//1180
f 1086//1086 1087//1087 1181//1181
f 1087//1087 1088//1088 1182//1182
f 1088//1088 1089//1089 1183//1183
f 1089//1089 1090//1090 1184//1184
f 1090//1090 1091//1091 1185//1185
f 1092//1092 1186//1186 1185//1185
f 1093//1093 1187//1187 1186//1186
f 1094//1094 1188//1188 1187//1187
f 1095//1095 1189//1189 1188//1188
f 1096//1096 1190//1190 1189//1189
f 1097//1097 1191//1191 1190//1190
f 1098//1098 1192//1192 1191//1191
f 1099//1099 1193//1193 1192//1192
f 1100//1100 1194//1194 1193//1193
f 1101//1101 1195//1195 1194//1194
f 1102//1102 1196//1196 1195//1195
f 1103//1103 1197//1197 1196//1196
f 1104//1104 1198//1198 1197//1197
f 1105//1105 1199//1199 1198//1198
f 1106//1106 1200//1200 1199//1199
f 1107//1107 1201//1201 1200//1200
f 1108//1108 1202//1202 1201//1201
f 1109//1109 1203//1203 1202//1202
f 1110//1110 1204//1204 1203//1203
f 1111//1111 1205//1205 1204//1204
f 1112//1112 1206//1206 1205//1205
f 1113//1113 1207//1207 1206//1206
f 1114//1114 1208//1208 1207//1207
f 1115//1115 1209//1209 1208//1208
f 1116//1116 1210//1210 1209//1209
f 1117//1117 1211//1211 1210//1210
f 1118//1118 1212//1212 1211//1211
f 1119//1119 1213//1213 1212//1212
f 1120//1120 1214//1214 1213//1213
f 1121//1121 1215//1215 1214//1214
f 1122//1122 1216//1216 1215//1215
f 1123//1123 1217//1217 1216//1216
f 1124//1124 1218//1218 1217//1217
f 1125//1125 1219//1219 1218//1218
f 1126//1127 1220//1220 1219//1219
f 1127//1126 1221//1221 1220//1220
f 1128//1128 1222//1222 1221//1221
f 1128//1128 1035//1036 1129//1130
f 1129//1130 1130//1129 1224//1223
f 1130//1129 1131//1131 1225//1225
f 1131//1131 1132//1132 1226//1226
f 1132//1132 1133//1133 1227//1227
f 1133//1133 1134//1134 1228//1228
f 1134//1134 1135//1135 1229//1229
f 1135//1135 1136//1136 1230//1230
f 1136//1136 1137//1137 1231//1231
f 1137//1137 1138//1138 1232//1232
f 1138//1138 1139//1139 1233//1233
f 1139//1139 1140//1140 1234//1234
f 1140//1140 1141//1141 1235//1235
f 1141//1141 1142//1142 1236//1236
f 1142//1142 1143//1143 1237//1237
f 1143//1143 1144//1144 1238//1238
f 1144//1144 1145//1145 1239//1239
f 1145//1145 1146//1146 1240//1240
f 1146//1146 1147//1147 1241//1241
f 1147//1147 1148//1148 1242//1242
f 1148//1148 1149//1149 1243//1243
f 1149//1149 1150//1150 1244//1244
f 1150//1150 1151//1151 1245//1245
f 1151//1151 1152//1152 1246//1246
f 1152//1152 1153//1153 1247//1247
f 1153//1153 1154//1154 1248//1248
f 1154//1154 1155//1155 1249//1249
f 1155//1155 1156//1156 1250//1250
f 1156//1156 1157//1157 1251//1251
f 1157//1157 1158//1158 1252//1252
f 1158//1158 1159//1159 1253//1253
f 1159//1159 1160//1160 1254//1254
f 1160//1160 1161//1161 1255//1255
f 1161//1161 1162//1162 1256//1256
f 1162//1162 1163//1163 1257//1257
f 1163//1163 1164//1164 1258//1258
f 1164//1164 1165//1165 1259//1259
f 1165//1165 1166//1166 1260//1260
f 1166//1166 1167//1167 1261//1261
f 1167//1167 1168//1168 1262//1262
f 1168//1168 1169//1169 1263//1263
f 1169//1169 1170//1170 1264//1264
f 1170//1170 1171//1171 1265//1265
f 1171//1171 1172//1172 1266//1266
f 1172//1172 1173//1173 1267//1267
f 1173//1173 1174//1174 1268//1268
f 1174//1174 1175//1175 1269//1269
f 1175//1175 1176//1176 1270//1270
f 1176//1176 1177//1177 1271//1271
f 1177//1177 1178//1178 1272//1272
f 1178//1178 1179//1179 1273//1273
f 1179//1179 1180//1180 1274//1274
f 1180//1180 1181//1181 1275//1275
f 1181//1181 1182//1182 1276//1276
f 1182//1182 1183//1183 1277//1277
f 1183//1183 1184//1184 1278//1278
f 1184//1184 1185//1185 1279//1279
f 1185//1185 1186//1186 1280//1280
f 1187//1187 1281//1281 1280//1280
f 1188//1188 1282//1282 1281//1281
f 1189//1189 1283//1283 1282//1282
f 1190//1190 1284//1284 1283//1283
f 1191//1191 1285//1285 1284//1284
f 1192//1192 1286//1286 1285//1285
f 1193//1193 1287//1287 1286//1286
f 1194//1194 1288//1288 1287//1287
f 1195//1195 1289//1289 1288//1288
f 1196//1196 1290//1290 1289//1289
f 1197//1197 1291//1291 1290//1290
f 1198//1198 1292//1292 1291//1291
f 1199//1199 1293//1293 1292//1292
f 1200//1200 1294//1294 1293//1293
f 1201//1201 1295//1295 1294//1294
f 1202//1202 1296//1296 1295//1295
f 1203//1203 1297//1297 1296//1296
f 1204//1204 1298//1298 1297//1297
f 1205//1205 1299//1299 1298//1298
f 1206//1206 1300//1300 1299//1299
f 1207//1207 1301//1301 1300//1300
f 1208//1208 1302//1302 1301//1301
f 1209//1209 1303//1303 1302//1302
f 1210//1210 1304//1304 1303//1303
f 1211//1211 1305//1305 1304//1304
f 1212//1212 1306//1306 1305//1305
f 1213//1213 1307//1307 1306//1306
f 1214//1214 1308//1308 1307//1307
f 1215//1215 1309//1309 1308//1308
f 1216//1216 1310//1310 1309//1309
f 1217//1217 1311//1311 1310//1310
f 1218//1218 1312//1312 1311//1311
f 1219//1219 1313//1313 1312//1312
f 1220//1220 1314//1314 1313//1313
f 1221//1221 1315//1315 1314//1314
f 1222//1222 1316//1316 1315//1315
f 1222//1222 1129//1130 1223//1224
f 1223//1224 1224//1223 1318//1317
f 1224//1223 1225//1225 1319//1319
f 1225//1225 1226//1226 1320//1320
f 1226//1226 1227//1227 1321//1321
f 1227//1227 1228//1228 1322//1322
f 1228//1228 1229//1229 1323//1323
f 1229//1229 1230//1230 1324//1324
f 1230//1230 1231//1231 1325//1325
f 1231//1231 1232//1232 1326//1326
f 1232//1232 1233//1233 1327//1327
f 1233//1233 1234//1234 1328//1328
f 1234//1234 1235//1235 1329//1329
f 1235//1235 1236//1236 1330//1330
f 1236//1236 1237//1237 1331//1331
f 1237//1237 1238//1238 1332//1332
f 1238//1238 1239//1239 1333//1333
f 1239//1239 1240//1240 1334//1334
f 1240//1240 1241//1241 1335//1335
f 1241//1241 1242//1242 1336//1336
f 1242//1242 1243//1243 1337//1337
f 1243//1243 1244//1244 1338//1338
f 1244//1244 1245//1245 1339//1339
f 1245//1245 1246//1246 1340//1340
f 1246//1246 1247//1247 1341//1341
f 1247//1247 1248//1248 1342//1342
f 1248//1248 1249//1249 1343//1343
f 1249//1249 1250//1250 1344//1344
f 1250//1250 1251//1251 1345//1345
f 1251//1251 1252//1252 1346//1346
f 1252//1252 1253//1253 1347//1347
f 1253//1253 1254//1254 1348//1348
f 1254//1254 1255//1255 1349//1349
f 1255//1255 1256//1256 1350//1350
f 1256//1256 1257//1257 1351//1351
f 1257//1257 1258//1258 1352//1352
f 1258//1258 1259//1259 1353//1353
f 1259//1259 1260//1260 1354//1354
f 1260//1260 1261//1261 1355//1355
f 1261//1261 1262//1262 1356//1356
f 1262//1262 1263//1263 1357//1357
f 1263//1263 1264//1264 1358//1358
f 1264//1264 1265//1265 1359//1359
f 1265//1265 1266//1266 1360//1360
f 1266//1266 1267//1267 1361//1361
f 1267//1267 1268//1268 1362//1362
f 1268//1268 1269//1269 1363//1363
f 1269//1269 1270//1270 1364//1364
f 1270//1270 1271//1271 1365//1365
f 1271//1271 1272//1272 1366//1366
f 1272//1272 1273//1273 1367//1367
f 1273//1273 1274//1274 1368//1368
f 1274//1274 1275//1275 1369//1369
f 1275//1275 1276//1276 1370//1370
f 1276//1276 1277//1277 1371//1371
f 1277//1277 1278//1278 1372//1372
f 1278//1278 1279//1279 1373//1373
f 1279//1279 1280//1280 1374//1374
f 1280//1280 1281//1281 1375//1375
f 1282//1282 1376//1376 1375//1375
f 1283//1283 1377//1377 1376//1376
f 1284//1284 1378//1378 1377//1377
f 1285//1285 1379//1379 1378//1378
f 1286//1286 1380//1380 1379//1379
f 1287//1287 1381//1381 1380//1380
f 1288//1288 1382//1383 1381//1381
f 1288//1288 1289//1289 1383//1382
f 1289//1289 1290//1290 1384//1384
f 1290//1290 1291//1291 1385//1385
f 1291//1291 1292//1292 1386//1386
f 1292//1292 1293//1293 1387//1387
f 1293//1293 1294//1294 1388//1388
f 1295//1295 1389//1389 1388//1388
f 1296//1296 1390//1390 1389//1389
f 1297//1297 1391//1391 1390//1390
f 1298//1298 1392//1392 1391//1391
f 1299//1299 1393//1393 1392//1392
f 1300//1300 1394//1394 1393//1393
f 1301//1301 1395//1395 1394//1394
f 1302//1302 1396//1396 1395//1395
f 1303//1303 1397//1397 1396//1396
f 1304//1304 1398//1398 1397//1397
f 1305//1305 1399//1399 1398//1398
f 1306//1306 1400//1400 1399//1399
f 1307//1307 1401//1401 1400//1400
f 1308//1308 1402//1402 1401//1401
f 1309//1309 1403//1403 1402//1402
f 1310//1310 1404//1404 1403//1403
f 1311//1311 1405//1405 1404//1404
f 1312//1312 1406//1406 1405//1405
f 1313//1313 1407//1407 1406//1406
f 1314//1314 1408//1409 1407//1407
f 1314//1314 1315//1315 1409//1408
f 1315//1315 1316//1316 1410//1410
f 1316//1316 1223//1224 1317//1318
f 1317//1318 1318//1317 1412//1411
f 1318//1317 1319//1319 1413//1413
f 1319//1319 1320//1320 1414//1414
f 1320//1320 1321//1321 1415//1415
f 1321//1321 1322//1322 1416//1416
f 1322//1322 1323//1323 1417//1417
f 1323//1323 1324//1324 1418//1418
f 1324//1324 1325//1325 1419//1419
f 1325//1325 1326//1326 1420//1420
f 1326//1326 1327//1327 1421//1421
f 1327//1327 1328//1328 1422//1422
f 1328//1328 1329//1329 1423//1423
f 1329//1329 1330//1330 1424//1424
f 1330//1330 1331//1331 1425//1425
f 1331//1331 1332//1332 1426//1426
f 1332//1332 1333//1333 1427//1427
f 1333//1333 1334//1334 1428//1428
f 1334//1334 1335//1335 1429//1429
f 1335//1335 1336//1336 1430//1430
f 1336//1336 1337//1337 1431//1431
f 1337//1337 1338//1338 1432//1432
f 1338//1338 1339//1339 1433//1433
f 1339//1339 1340//1340 1434//1434
f 1340//1340 1341//1341 1435//1435
f 1341//1341 1342//1342 1436//1436
f 1342//1342 1343//1343 1437//1437
f 1343//1343 1344//1344 1438//1438
f 1344//1344 1345//1345 1439//1439
f 1345//1345 1346//1346 1440//1440
f 1346//1346 1347//1347 1441//1441
f 1347//1347 1348//1348 1442//1442
f 1348//1348 1349//1349 1443//1443
f 1349//1349 1350//1350 1444//1444
f 1350//1350 1351//1351 1445//1445
f 1351//1351 1352//1352 1446//1446
f 1352//1352 1353//1353 1447//1447
f 1353//1353 1354//1354 1448//1448
f 1354//1354 1355//1355 1449//1449
f 1355//1355 1356//1356 1450//1450
f 1356//1356 1357//1357 1451//1451
f 1357//1357 1358//1358 1452//1452
f 1358//1358 1359//1359 1453//1453
f 1359//1359 1360//1360 1454//1454
f 1360//1360 1361//1361 1455//1455
f 1361//1361 1362//1362 1456//1456
f 1362//1362 1363//1363 1457//1457
f 1363//1363 1364//1364 1458//1458
f 1364//1364 1365//1365 1459//1459
f 1365//1365 1366//1366 1460//1460
f 1366//1366 1367//1367 1461//1461
f 1367//1367 1368//1368 1462//1462
f 1368//1368 1369//1369 1463//1463
f 1369//1369 1370//1370 1464//1464
f 1370//1370 1371//1371 1465//1465
f 1371//1371 1372//1372 1466//1466
f 1372//1372 1373//1373 1467//1467
f 1373//1373 1374//1374 1468//1468
f 1374//1374 1375//1375 1469//1469
f 1375//1375 1376//1376 1470//1470
f 1376//1376 1377//1377 1471//1471
f 1377//1377 1378//1378 1472//1472
f 1378//1378 1379//1379 1473//1473
f 1379//1379 1380//1380 1474//1474
f 1380//1380 1381//1381 1475//1475
f 1381//1381 1382//1383 1476//1476
f 1382//1383 1383//1382 1477//1477
f 1383//1382 1384//1384 1478//1478
f 1384//1384 1385//1385 1479//1479
f 1385//1385 1386//1386 1480//1480
f 1386//1386 1387//1387 1481//1481
f 1387//1387 1388//1388 1482//1482
f 1388//1388 1389//1389 1483//1483
f 1389//1389 1390//1390 1484//1484
f 1390//1390 1391//1391 1485//1485
f 1391//1391 1392//1392 1486//1486
f 1392//1392 1393//1393 1487//1487
f 1393//1393 1394//1394 1488//1488
f 1394//1394 1395//1395 1489//1489
f 1395//1395 1396//1396 1490//1490
f 1396//1396 1397//1397 1491//1491
f 1397//1397 1398//1398 1492//1492
f 1398//1398 1399//1399 1493//1493
f 1399//1399 1400//1400 1494//1494
f 1400//1400 1401//1401 1495//1495
f 1401//1401 1402//1402 1496//1496
f 1402//1402 1403//1403 1497//1497
f 1403//1403 1404//1404 1498//1498
f 1404//1404 1405//1405 1499//1499
f 1405//1405 1406//1406 1500//1500
f 1406//1406 1407//1407 1501//1501
f 1407//1407 1408//1409 1502//1502
f 1408//1409 1409//1408 1503//1503
f 1409//1408 1410//1410 1504//1504
f 1410//1410 1317//1318 1411//1412
f 1412//1411 1506//1506 1505//1505
f 1413//1413 1507//1507 1506//1506
f 1414//1414 1508//1508 1507//1507
f 1415//1415 1509//1509 1508//1508
f 1416//1416 1510//1510 1509//1509
f 1417//1417 1511//1511 1510//1510
f 1418//1418 1512//1512 1511//1511
f 1419//1419 1513//1513 1512//1512
f 1420//1420 1514//1514 1513//1513
f 1421//1421 1515//1515 1514//1514
f 1422//1422 1516//1516 1515//1515
f 1423//1423 1517//1517 1516//1516
f 1424//1424 1518//1518 1517//1517
f 1425//1425 1519//1519 1518//1518
f 1426//1426 1520//1520 1519//1519
f 1427//1427 1521//1521 1520//1520
f 1428//1428 1522//1522 1521//1521
f 1429//1429 1523//1523 1522//1522
f 1430//1430 1524//1525 1523//1523
f 1430//1430 1431//1431 1525//1524
f 1431//1431 1432//1432 1526//1526
f 1432//1432 1433//1433 1527//1527
f 1433//1433 1434//1434 1528//1528
f 1434//1434 1435//1435 1529//1529
f 1435//1435 1436//1436 1530//1530
f 1436//1436 1437//1437 1531//1531
f 1437//1437 1438//1438 1532//1532
f 1438//1438 1439//1439 1533//1533
f 1439//1439 1440//1440 1534//1534
f 1440//1440 1441//1441 1535//1535
f 1441//1441 1442//1442 1536//1536
f 1442//1442 1443//1443 1537//1537
f 1443//1443 1444//1444 1538//1538
f 1444//1444 1445//1445 1539//1539
f 1445//1445 1446//1446 1540//1540
f 1446//1446 1447//1447 1541//1541
f 1447//1447 1448//1448 1542//1542
f 1448//1448 1449//1449 1543//1543
f 1449//1449 1450//1450 1544//1544
f 1450//1450 1451//1451 1545//1545
f 1451//1451 1452//1452 1546//1546
f 1452//1452 1453//1453 1547//1547
f 1453//1453 1454//1454 1548//1548
f 1454//1454 1455//1455 1549//1549
f 1455//1455 1456//1456 1550//1550
f 1456//1456 1457//1457 1551//1551
f 1457//1457 1458//1458 1552//1552
f 1458//1458 1459//1459 1553//1553
f 1459//1459 1460//1460 1554//1554
f 1460//1460 1461//1461 1555//1555
f 1461//1461 1462//1462 1556//1556
f 1462//1462 1463//1463 1557//1557
f 1463//1463 1464//1464 1558//1558
f 1464//1464 1465//1465 1559//1559
f 1465//1465 1466//1466 1560//1560
f 1466//1466 1467//1467 1561//1561
f 1467//1467 1468//1468 1562//1562
f 1468//1468 1469//1469 1563//1563
f 1469//1469 1470//1470 1564//1564
f 1470//1470 1471//1471 1565//1565
f 1471//1471 1472//1472 1566//1566
f 1472//1472 1473//1473 1567//1567
f 1473//1473 1474//1474 1568//1568
f 1474//1474 1475//1475 1569//1569
f 1475//1475 1476//1476 1570//1570
f 1476//1476 1477//1477 1571//1571
f 1477//1477 1478//1478 1572//1572
f 1478//1478 1479//1479 1573//1573
f 1479//1479 1480//1480 1574//1574
f 1480//1480 1481//1481 1575//1575
f 1481//1481 1482//1482 1576//1576
f 1482//1482 1483//1483 1577//1577
f 1483//1483 1484//1484 1578//1578
f 1484//1484 1485//1485 1579//1579
f 1485//1485 1486//1486 1580//1580
f 1486//1486 1487//1487 1581//1581
f 1487//1487 1488//1488 1582//1582
f 1488//1488 1489//1489 1583//1583
f 1489//1489 1490//1490 1584//1584
f 1490//1490 1491//1491 1585//1585
f 1491//1491 1492//1492 1586//1586
f 1492//1492 1493//1493 1587//1587
f 1493//1493 1494//1494 1588//1588
f 1494//1494 1495//1495 1589//1589
f 1495//1495 1496//1496 1590//1590
f 1496//1496 1497//1497 1591//1591
f 1497//1497 1498//1498 1592//1592
f 1498//1498 1499//1499 1593//1593
f 1499//1499 1500//1500 1594//1594
f 1500//1500 1501//1501 1595//1595
f 1501//1501 1502//1502 1596//1596
f 1502//1502 1503//1503 1597//1597
f 1503//1503 1504//1504 1598//1598
f 1504//1504 1411//1412 1505//1505
f 1506//1506 1600//1600 1599//1599
f 1507//1507 1601//1601 1600//1600
f 1508//1508 1602//1602 1601//1601
f 1509//1509 1603//1603 1602//1602
f 1510//1510 1604//1604 1603//1603
f 1511//1511 1605//1605 1604//1604
f 1512//1512 1606//1606 1605//1605
f 1513//1513 1607//1607 1606//1606
f 1514//1514 1608//1608 1607//1607
f 1515//1515 1609//1609 1608//1608
f 1516//1516 1610//1610 1609//1609
f 1517//1517 1611//1611 1610//1610
f 1518//1518 1612//1612 1611//1611
f 1519//1519 1613//1613 1612//1612
f 1520//1520 1614//1614 1613//1613
f 1521//1521 1615//1615 1614//1614
f 1522//1522 1616//1616 1615//1615
f 1523//1523 1617//1617 1616//1616
f 1524//1525 1618//1618 1617//1617
f 1525//1524 1619//1619 1618//1618
f 1526//1526 1620//1620 1619//1619
f 1527//1527 1621//1621 1620//1620
f 1528//1528 1622//1622 1621//1621
f 1529//1529 1623//1623 1622//1622
f 1530//1530 1624//1624 1623//1623
f 1531//1531 1625//1625 1624//1624
f 1532//1532 1626//1627 1625//1625
f 1532//1532 1533//1533 1627//1626
f 1533//1533 1534//1534 1628//1628
f 1534//1534 1535//1535 1629//1629
f 1535//1535 1536//1536 1630//1630
f 1536//1536 1537//1537 1631//1631
f 1537//1537 1538//1538 1632//1632
f 1538//1538 1539//1539 1633//1633
f 1539//1539 1540//1540 1634//1634
f 1541//1541 1635//1635 1634//1634
f 1542//1542 1636//1636 1635//1635
f 1543//1543 1637//1637 1636//1636
f 1544//1544 1638//1638 1637//1637
f 1545//1545 1639//1639 1638//1638
f 1546//1546 1640//1640 1639//1639
f 1547//1547 1641//1641 1640//1640
f 1548//1548 1642//1642 1641//1641
f 1549//1549 1643//1643 1642//1642
f 1550//1550 1644//1644 1643//1643
f 1551//1551 1645//1645 1644//1644
f 1552//1552 1646//1646 1645//1645
f 1553//1553 1647//1647 1646//1646
f 1554//1554 1648//1648 1647//1647
f 1555//1555 1649//1649 1648//1648
f 1556//1556 1650//1650 1649//1649
f 1557//1557 1651//1651 1650//1650
f 1558//1558 1652//1652 1651//1651
f 1559//1559 1653//1653 1652//1652
f 1560//1560 1654//1655 1653//1653
f 1560//1560 1561//1561 1655//1654
f 1561//1561 1562//1562 1656//1656
f 1562//1562 1563//1563 1657//1657
f 1563//1563 1564//1564 1658//1658
f 1564//1564 1565//1565 1659//1659
f 1565//1565 1566//1566 1660//1660
f 1566//1566 1567//1567 1661//1661
f 1567//1567 1568//1568 1662//1662
f 1568//1568 1569//1569 1663//1663
f 1569//1569 1570//1570 1664//1664
f 1570//1570 1571//1571 1665//1665
f 1571//1571 1572//1572 1666//1666
f 1572//1572 1573//1573 1667//1667
f 1573//1573 1574//1574 1668//1668
f 1574//1574 1575//1575 1669//1669
f 1575//1575 1576//1576 1670//1670
f 1576//1576 1577//1577 1671//1671
f 1577//1577 1578//1578 1672//1672
f 1578//1578 1579//1579 1673//1673
f 1579//1579 1580//1580 1674//1674
f 1580//1580 1581//1581 1675//1675
f 1581//1581 1582//1582 1676//1676
f 1582//1582 1583//1583 1677//1677
f 1583//1583 1584//1584 1678//1678
f 1584//1584 1585//1585 1679//1679
f 1585//1585 1586//1586 1680//1680
f 1586//1586 1587//1587 1681//1681
f 1587//1587 1588//1588 1682//1682
f 1588//1588 1589//1589 1683//1683
f 1589//1589 1590//1590 1684//1684
f 1590//1590 1591//1591 1685//1685
f 1591//1591 1592//1592 1686//1686
f 1592//1592 1593//1593 1687//1687
f 1593//1593 1594//1594 1688//1688
f 1594//1594 1595//1595 1689//1689
f 1595//1595 1596//1596 1690//1690
f 1596//1596 1597//1597 1691//1691
f 1597//1597 1598//1598 1692//1692
f 1598//1598 1505//1505 1599//1599
f 1600//1600 1694//1694 1693//1693
f 1601//1601 1695//1695 1694//1694
f 1602//1602 1696//1696 1695//1695
f 1603//1603 1697//1697 1696//1696
f 1604//1604 1698//1698 1697//1697
f 1605//1605 1699//1699 1698//1698
f 1606//1606 1700//1700 1699//1699
f 1607//1607 1701//1701 1700//1700
f 1608//1608 1702//1702 1701//1701
f 1609//1609 1703//1703 1702//1702
f 1610//1610 1704//1704 1703//1703
f 1611//1611 1705//1705 1704//1704
f 1612//1612 1706//1706 1705//1705
f 1613//1613 1707//1707 1706//1706
f 1614//1614 1708//1708 1707//1707
f 1615//1615 1709//1709 1708//1708
f 1616//1616 1710//1710 1709//1709
f 1617//1617 1711//1711 1710//1710
f 1618//1618 1712//1712 1711//1711
f 1619//1619 1713//1713 1712//1712
f 1620//1620 1714//1714 1713//1713
f 1621//1621 1715//1715 1714//1714
f 1622//1622 1716//1716 1715//1715
f 1623//1623 1717//1717 1716//1716
f 1624//1624 1718//1718 1717//1717
f 1625//1625 1719//1719 1718//1718
f 1626//1627 1720//1720 1719//1719
f 1627//1626 1721//1721 1720//1720
f 1628//1628 1722//1722 1721//1721
f 1629//1629 1723//1723 1722//1722
f 1630//1630 1724//1724 1723//1723
f 1631//1631 1725//1725 1724//1724
f 1632//1632 1726//1726 1725//1725
f 1633//1633 1727//1727 1726//1726
f 1634//1634 1728//1728 1727//1727
f 1635//1635 1729//1729 1728//1728
f 1636//1636 1730//1730 1729//1729
f 1637//1637 1731//1731 1730//1730
f 1638//1638 1732//1732 1731//1731
f 1639//1639 1733//1733 1732//1732
f 1640//1640 1734//1734 1733//1733
f 1641//1641 1735//1735 1734//1734
f 1642//1642 1736//1736 1735//1735
f 1643//1643 1737//1737 1736//1736
f 1644//1644 1738//1738 1737//1737
f 1645//1645 1739//1739 1738//1738
f 1646//1646 1740//1740 1739//1739
f 1647//1647 1741//1741 1740//1740
f 1648//1648 1742//1742 1741//1741
f 1649//1649 1743//1743 1742//1742
f 1650//1650 1744//1744 1743//1743
f 1651//1651 1745//1745 1744//1744
f 1652//1652 1746//1746 1745//1745
f 1653//1653 1747//1747 1746//1746
f 1654//1655 1748//1748 1747//1747
f 1655//1654 1749//1750 1748//1748
f 1655//1654 1656//1656 1750//1749
f 1656//1656 1657//1657 1751//1751
f 1657//1657 1658//1658 1752//1752
f 1658//1658 1659//1659 1753//1753
f 1659//1659 1660//1660 1754//1754
f 1660//1660 1661//1661 1755//1755
f 1661//1661 1662//1662 1756//1756
f 1662//1662 1663//1663 1757//1757
f 1663//1663 1664//1664 1758//1758
f 1664//1664 1665//1665 1759//1759
f 1665//1665 1666//1666 1760//1760
f 1666//1666 1667//1667 1761//1761
f 1667//1667 1668//1668 1762//1762
f 1668//1668 1669//1669 1763//1763
f 1669//1669 1670//1670 1764//1764
f 1670//1670 1671//1671 1765//1765
f 1671//1671 1672//1672 1766//1766
f 1672//1672 1673//1673 1767//1767
f 1673//1673 1674//1674 1768//1768
f 1674//1674 1675//1675 1769//1769
f 1675//1675 1676//1676 1770//1770
f 1676//1676 1677//1677 1771//1771
f 1677//1677 1678//1678 1772//1772
f 1678//1678 1679//1679 1773//1773
f 1679//1679 1680//1680 1774//1774
f 1680//1680 1681//1681 1775//1775
f 1681//1681 1682//1682 1776//1776
f 1682//1682 1683//1683 1777//1777
f 1683//1683 1684//1684 1778//1778
f 1684//1684 1685//1685 1779//1779
f 1685//1685 1686//1686 1780//1780
f 1686//1686 1687//1687 1781//1781
f 1687//1687 1688//1688 1782//1782
f 1688//1688 1689//1689 1783//1783
f 1689//1689 1690//1690 1784//1784
f 1690//1690 1691//1691 1785//1785
f 1691//1691 1692//1692 1786//1786
f 1692//1692 1599//1599 1693//1693
f 1694//1694 1788//1788 1787//1787
f 1695//1695 1789//1789 1788//1788
f 1696//1696 1790//1790 1789//1789
f 1697//1697 1791//1791 1790//1790
f 1698//1698 1792//1792 1791//1791
f 1699//1699 1793//1793 1792//1792
f 1700//1700 1794//1794 1793//1793
f 1701//1701 1795//1795 1794//1794
f 1702//1702 1796//1796 1795//1795
f 1703//1703 1797//1797 1796//1796
f 1704//1704 1798//1798 1797//1797
f 1705//1705 1799//1799 1798//1798
f 1706//1706 1800//1800 1799//1799
f 1707//1707 1801//1801 1800//1800
f 1708//1708 1802//1802 1801//1801
f 1709//1709 1803//1803 1802//1802
f 1710//1710 1804//1804 1803//1803
f 1711//1711 1805//1805 1804//1804
f 1712//1712 1806//1806 1805//1805
f 1713//1713 1807//1807 1806//1806
f 1714//1714 1808//1808 1807//1807
f 1715//1715 1809//1809 1808//1808
f 1716//1716 1810//1810 1809//1809
f 1717//1717 1811//1811 1810//1810
f 1718//1718 1812//1812 1811//1811
f 1719//1719 1813//1813 1812//1812
f 1720//1720 1814//1814 1813//1813
f 1721//1721 1815//1815 1814//1814
f 1722//1722 1816//1816 1815//1815
f 1723//1723 1817//1817 1816//1816
f 1724//1724 1818//1818 1817//1817
f 1725//1725 1819//1819 1818//1818
f 1726//1726 1820//1820 1819//1819
f 1727//1727 1821//1821 1820//1820
f 1728//1728 1822//1822 1821//1821
f 1729//1729 1823//1823 1822//1822
f 1730//1730 1824//1824 1823//1823
f 1731//1731 1825//1825 1824//1824
f 1732//1732 1826//1826 1825//1825
f 1733//1733 1827//1827 1826//1826
f 1734//1734 1828//1828 1827//1827
f 1735//1735 1829//1829 1828//1828
f 1736//1736 1830//1830 1829//1829
f 1737//1737 1831//1831 1830//1830
f 1738//1738 1832//1832 1831//1831
f 1739//1739 1833//1833 1832//1832
f 1740//1740 1834//1834 1833//1833
f 1741//1741 1835//1835 1834//1834
f 1742//1742 1836//1836 1835//1835
f 1743//1743 1837//1837 1836//1836
f 1744//1744 1838//1838 1837//1837
f 1745//1745 1839//1839 1838//1838
f 1746//1746 1840//1840 1839//1839
f 1747//1747 1841//1841 1840//1840
f 1748//1748 1842//1842 1841//1841
f 1749//1750 1843//1844 1842//1842
f 1749//1750 1750//1749 1844//1843
f 1750//1749 1751//1751 1845//1845
f 1751//1751 1752//1752 1846//1846
f 1752//1752 1753//1753 1847//1847
f 1753//1753 1754//1754 1848//1848
f 1754//1754 1755//1755 1849//1849
f 1755//1755 1756//1756 1850//1850
f 1756//1756 1757//1757 1851//1851
f 1757//1757 1758//1758 1852//1852
f 1758//1758 1759//1759 1853//1853
f 1759//1759 1760//1760 1854//1854
f 1760//1760 1761//1761 1855//1855
f 1761//1761 1762//1762 1856//1856
f 1762//1762 1763//1763 1857//1857
f 1763//1763 1764//1764 1858//1858
f 1764//1764 1765//1765 1859//1859
f 1765//1765 1766//1766 1860//1860
f 1766//1766 1767//1767 1861//1861
f 1767//1767 1768//1768 1862//1862
f 1768//1768 1769//1769 1863//1863
f 1769//1769 1770//1770 1864//1864
f 1770//1770 1771//1771 1865//1865
f 1771//1771 1772//1772 1866//1866
f 1772//1772 1773//1773 1867//1867
f 1773//1773 1774//1774 1868//1868
f 1774//1774 1775//1775 1869//1869
f 1775//1775 1776//1776 1870//1870
f 1776//1776 1777//1777 1871//1871
f 1777//1777 1778//1778 1872//1872
f 1778//1778 1779//1779 1873//1873
f 1779//1779 1780//1780 1874//1874
f 1780//1780 1781//1781 1875//1875
f 1781//1781 1782//1782 1876//1876
f 1782//1782 1783//1783 1877//1877
f 1783//1783 1784//1784 1878//1878
f 1784//1784 1785//1785 1879//1879
f 1785//1785 1786//1786 1880//1880
f 1786//1786 1693//1693 1787//1787
f 1788//1788 1882//1882 1881//1881
f 1789//1789 1883//1883 1882//1882
f 1790//1790 1884//1884 1883//1883
f 1791//1791 1885//1885 1884//1884
f 1792//1792 1886//1886 1885//1885
f 1793//1793 1887//1887 1886//1886
f 1794//1794 1888//1888 1887//1887
f 1795//1795 1889//1889 1888//1888
f 1796//1796 1890//1890 1889//1889
f 1797//1797 1891//1891 1890//1890
f 1798//1798 1892//1892 1891//1891
f 1799//1799 1893//1893 1892//1892
f 1800//1800 1894//1894 1893//1893
f 1801//1801 1895//1895 1894//1894
f 1802//1802 1896//1896 1895//1895
f 1803//1803 1897//1897 1896//1896
f 1804//1804 1898//1898 1897//1897
f 1805//1805 1899//1899 1898//1898
f 1806//1806 1900//1900 1899//1899
f 1807//1807 1901//1901 1900//1900
f 1808//1808 1902//1902 1901//1901
f 1809//1809 1903//1903 1902//1902
f 1810//1810 1904//1904 1903//1903
f 1811//1811 1905//1905 1904//1904
f 1812//1812 1906//1906 1905//1905
f 1813//1813 1907//1907 1906//1906
f 1814//1814 1908//1908 1907//1907
f 1815//1815 1909//1909 1908//1908
f 1816//1816 1910//1910 1909//1909
f 1817//1817 1911//1911 1910//1910
f 1818//1818 1912//1912 1911//1911
f 1819//1819 1913//1913 1912//1912
f 1820//1820 1914//1914 1913//1913
f 1821//1821 1915//1915 1914//1914
f 1822//1822 1916//1916 1915//1915
f 1823//1823 1917//1917 1916//1916
f 1824//1824 1918//1918 1917//1917
f 1825//1825 1919//1919 1918//1918
f 1826//1826 1920//1920 1919//1919
f 1827//1827 1921//1921 1920//1920
f 1828//1828 1922//1922 1921//1921
f 1829//1829 1923//1923 1922//1922
f 1830//1830 1924//1924 1923//1923
f 1831//1831 1925//1925 1924//1924
f 1832//1832 1926//1926 1925//1925
f 1833//1833 1927//1927 1926//1926
f 1834//1834 1928//1928 1927//1927
f 1835//1835 1929//1929 1928//1928
f 1836//1836 1930//1930 1929//1929
f 1837//1837 1931//1931 1930//1930
f 1838//1838 1932//1932 1931//1931
f 1839//1839 1933//1933 1932//1932
f 1840//1840 1934//1934 1933//1933
f 1841//1841 1935//1935 1934//1934
f 1842//1842 1936//1936 1935//1935
f 1843//1844 1937//1937 1936//1936
f 1844//1843 1938//1939 1937//1937
f 1844//1843 1845//1845 1939//1938
f 1845//1845 1846//1846 1940//1940
f 1846//1846 1847//1847 1941//1941
f 1847//1847 1848//1848 1942//1942
f 1848//1848 1849//1849 1943//1943
f 1849//1849 1850//1850 1944//1944
f 1850//1850 1851//1851 1945//1945
f 1851//1851 1852//1852 1946//1946
f 1852//1852 1853//1853 1947//1947
f 1853//1853 1854//1854 1948//1948
f 1854//1854 1855//1855 1949//1949
f 1855//1855 1856//1856 1950//1950
f 1856//1856 1857//1857 1951//1951
f 1857//1857 1858//1858 1952//1952
f 1858//1858 1859//1859 1953//1953
f 1859//1859 1860//1860 1954//1954
f 1860//1860 1861//1861 1955//1955
f 1861//1861 1862//1862 1956//1956
f 1862//1862 1863//1863 1957//1957
f 1863//1863 1864//1864 1958//1958
f 1864//1864 1865//1865 1959//1959
f 1865//1865 1866//1866 1960//1960
f 1866//1866 1867//1867 1961//1961
f 1867//1867 1868//1868 1962//1962
f 1868//1868 1869//1869 1963//1963
f 1869//1869 1870//1870 1964//1964
f 1870//1870 1871//1871 1965//1965
f 1871//1871 1872//1872 1966//1966
f 1872//1872 1873//1873 1967//1967
f 1873//1873 1874//1874 1968//1968
f 1874//1874 1875//1875 1969//1969
f 1875//1875 1876//1876 1970//1970
f 1876//1876 1877//1877 1971//1971
f 1877//1877 1878//1878 1972//1972
f 1878//1878 1879//1879 1973//1973
f 1879//1879 1880//1880 1974//1974
f 1880//1880 1787//1787 1881//1881
f 1882//1882 1976//1976 1975//1975
f 1883//1883 1977//1977 1976//1976
f 1884//1884 1978//1978 1977//1977
f 1885//1885 1979//1979 1978//1978
f 1886//1886 1980//1980 1979//1979
f 1887//1887 1981//1981 1980//1980
f 1888//1888 1982//1982 1981//1981
f 1889//1889 1983//1983 1982//1982
f 1890//1890 1984//1984 1983//1983
f 1891//1891 1985//1985 1984//1984
f 1892//1892 1986//1986 1985//1985
f 1893//1893 1987//1987 1986//1986
f 1894//1894 1988//1988 1987//1987
f 1895//1895 1989//1989 1988//1988
f 1896//1896 1990//1990 1989//1989
f 1897//1897 1991//1991 1990//1990
f 1898//1898 1992//1992 1991//1991
f 1899//1899 1993//1993 1992//1992
f 1900//1900 1994//1994 1993//1993
f 1901//1901 1995//1995 1994//1994
f 1902//1902 1996//1996 1995//1995
f 1903//1903 1997//1997 1996//1996
f 1904//1904 1998//1998 1997//1997
f 1905//1905 1999//1999 1998//1998
f 1906//1906 2000//2000 1999//1999
f 1907//1907 2001//2001 2000//2000
f 1908//1908 2002//2002 2001//2001
f 1909//1909 2003//2003 2002//2002
f 1910//1910 2004//2004 2003//2003
f 1911//1911 2005//2005 2004//2004
f 1912//1912 2006//2006 2005//2005
f 1913//1913 2007//2007 2006//2006
f 1914//1914 2008//2008 2007//2007
f 1915//1915 2009//2009 2008//2008
f 1916//1916 2010//2010 2009//2009
f 1917//1917 2011//2011 2010//2010
f 1918//1918 2012//2012 2011//2011
f 1919//1919 2013//2013 2012//2012
f 1920//1920 2014//2014 2013//2013
f 1921//1921 2015//2015 2014//2014
f 1922//1922 2016//2016 2015//2015
f 1923//1923 2017//2017 2016//2016
f 1924//1924 2018//2018 2017//2017
f 1925//1925 2019//2019 2018//2018
f 1926//1926 2020//2020 2019//2019
f 1927//1927 2021//2021 2020//2020
f 1928//1928 2022//2022 2021//2021
f 1929//1929 2023//2023 2022//2022
f 1930//1930 2024//2024 2023//2023
f 1931//1931 2025//2025 2024//2024
f 1932//1932 2026//2026 2025//2025
f 1933//1933 2027//2027 2026//2026
f 1934//1934 2028//2028 2027//2027
f 1935//1935 2029//2029 2028//2028
f 1936//1936 2030//2030 2029//2029
f 1937//1937 2031//2031 2030//2030
f 1938//1939 2032//2033 2031//2031
f 1938//1939 1939//1938 2033//2032
f 1939//1938 1940//1940 2034//2034
f 1940//1940 1941//1941 2035//2035
f 1941//1941 1942//1942 2036//2036
f 1942//1942 1943//1943 2037//2037
f 1943//1943 1944//1944 2038//2038
f 1944//1944 1945//1945 2039//2039
f 1945//1945 1946//1946 2040//2040
f 1946//1946 1947//1947 2041//2041
f 1947//1947 1948//1948 2042//2042
f 1948//1948 1949//1949 2043//2043
f 1949//1949 1950//1950 2044//2044
f 1950//1950 1951//1951 2045//2045
f 1951//1951 1952//1952 2046//2046
f 1952//1952 1953//1953 2047//2047
f 1953//1953 1954//1954 2048//2048
f 1954//1954 1955//1955 2049//2049
f 1955//1955 1956//1956 2050//2050
f 1956//1956 1957//1957 2051//2051
f 1957//1957 1958//1958 2052//2052
f 1958//1958 1959//1959 2053//2053
f 1959//1959 1960//1960 2054//2054
f 1960//1960 1961//1961 2055//2055
f 1961//1961 1962//1962 2056//2056
f 1962//1962 1963//1963 2057//2057
f 1963//1963 1964//1964 2058//2058
f 1964//1964 1965//1965 2059//2059
f 1965//1965 1966//1966 2060//2060
f 1966//1966 1967//1967 2061//2061
f 1967//1967 1968//1968 2062//2062
f 1968//1968 1969//1969 2063//2063
f 1969//1969 1970//1970 2064//2064
f 1970//1970 1971//1971 2065//2065
f 1971//1971 1972//1972 2066//2066
f 1972//1972 1973//1973 2067//2067
f 1973//1973 1974//1974 2068//2068
f 1974//1974 1881//1881 1975//1975
f 1976//1976 2070//2070 2069//2069
f 1977//1977 2071//2071 2070//2070
f 1978//1978 2072//2072 2071//2071
f 1979//1979 2073//2073 2072//2072
f 1980//1980 2074//2074 2073//2073
f 1981//1981 2075//2075 2074//2074
f 1982//1982 2076//2076 2075//2075
f 1983//1983 2077//2077 2076//2076
f 1984//1984 2078//2078 2077//2077
f 1985//1985 2079//2079 2078//2078
f 1986//1986 2080//2080 2079//2079
f 1987//1987 2081//2081 2080//2080
f 1988//1988 2082//2082 2081//2081
f 1989//1989 2083//2083 2082//2082
f 1990//1990 2084//2084 2083//2083
f 1991//1991 2085//2085 2084//2084
f 1992//1992 2086//2086 2085//2085
f 1993//1993 2087//2087 2086//2086
f 1994//1994 2088//2088 2087//2087
f 1995//1995 2089//2089 2088//2088
f 1996//1996 2090//2090 2089//2089
f 1997//1997 2091//2091 2090//2090
f 1998//1998 2092//2092 2091//2091
f 1999//1999 2093//2093 2092//2092
f 2000//2000 2094//2094 2093//2093
f 2001//2001 2095//2095 2094//2094
f 2002//2002 2096//2096 2095//2095
f 2003//2003 2097//2097 2096//2096
f 2004//2004 2098//2098 2097//2097
f 2005//2005 2099//2099 2098//2098
f 2006//2006 2100//2100 2099//2099
f 2007//2007 2101//2101 2100//2100
f 2008//2008 2102//2102 2101//2101
f 2009//2009 2103//2103 2102//2102
f 2010//2010 2104//2104 2103//2103
f 2011//2011 2105//2105 2104//2104
f 2012//2012 2106//2106 2105//2105
f 2013//2013 2107//2107 2106//2106
f 2014//2014 2108//2108 2107//2107
f 2015//2015 2109//2109 2108//2108
f 2016//2016 2110//2110 2109//2109
f 2017//2017 2111//2111 2110//2110
f 2018//2018 2112//2112 2111//2111
f 2019//2019 2113//2113 2112//2112
f 2020//2020 2114//2114 2113//2113
f 2021//2021 2115//2115 2114//2114
f 2022//2022 2116//2116 2115//2115
f 2023//2023 2117//2117 2116//2116
f 2024//2024 2118//2118 2117//2117
f 2025//2025 2119//2119 2118//2118
f 2026//2026 2120//2120 2119//2119
f 2027//2027 2121//2121 2120//2120
f 2028//2028 2122//2122 2121//2121
f 2029//2029 2123//2123 2122//2122
f 2030//2030 2124//2124 2123//2123
f 2031//2031 2125//2125 2124//2124
f 2032//2033 2126//2127 2125//2125
f 2032//2033 2033//2032 2127//2126
f 2033//2032 2034//2034 2128//2128
f 2034//2034 2035//2035 2129//2129
f 2035//2035 2036//2036 2130//2130
f 2036//2036 2037//2037 2131//2131
f 2037//2037 2038//2038 2132//2132
f 2038//2038 2039//2039 2133//2133
f 2039//2039 2040//2040 2134//2134
f 2040//2040 2041//2041 2135//2135
f 2041//2041 2042//2042 2136//2136
f 2042//2042 2043//2043 2137//2137
f 2043//2043 2044//2044 2138//2138
f 2044//2044 2045//2045 2139//2139
f 2045//2045 2046//2046 2140//2140
f 2046//2046 2047//2047 2141//2141
f 2047//2047 2048//2048 2142//2142
f 2048//2048 2049//2049 2143//2143
f 2049//2049 2050//2050 2144//2144
f 2050//2050 2051//2051 2145//2145
f 2051//2051 2052//2052 2146//2146
f 2052//2052 2053//2053 2147//2147
f 2053//2053 2054//2054 2148//2148
f 2054//2054 2055//2055 2149//2149
f 2055//2055 2056//2056 2150//2150
f 2056//2056 2057//2057 2151//2151
f 2057//2057 2058//2058 2152//2152
f 2058//2058 2059//2059 2153//2153
f 2059//2059 2060//2060 2154//2154
f 2060//2060 2061//2061 2155//2155
f 2061//2061 2062//2062 2156//2156
f 2062//2062 2063//2063 2157//2157
f 2063//2063 2064//2064 2158//2158
f 2064//2064 2065//2065 2159//2159
f 2065//2065 2066//2066 2160//2160
f 2066//2066 2067//2067 2161//2161
f 2067//2067 2068//2068 2162//2162
f 2068//2068 1975//1975 2069//2069
f 2070//2070 2164//2164 2163//2163
f 2071//2071 2165//2165 2164//2164
f 2072//2072 2166//2166 2165//2165
f 2073//2073 2167//2167 2166//2166
f 2074//2074 2168//2168 2167//2167
f 2075//2075 2169//2169 2168//2168
f 2076//2076 2170//2170 2169//2169
f 2077//2077 2171//2171 2170//2170
f 2078//2078 2172//2172 2171//2171
f 2079//2079 2173//2171 2172//2172
f 2080//2080 2174//2173 2173//2171
f 2081//2081 2175//2174 2174//2173
f 2082//2082 2176//2175 2175//2174
f 2083//2083 2177//2176 2176//2175
f 2084//2084 2178//2177 2177//2176
f 2085//2085 2179//2178 2178//2177
f 2086//2086 2180//2179 2179//2178
f 2087//2087 2181//2180 2180//2179
f 2088//2088 2182//2181 2181//2180
f 2089//2089 2183//2182 2182//2181
f 2090//2090 2184//2183 2183//2182
f 2091//2091 2185//2184 2184//2183
f 2092//2092 2186//2185 2185//2184
f 2093//2093 2187//2186 2186//2185
f 2094//2094 2188//2187 2187//2186
f 2095//2095 2189//2188 2188//2187
f 2096//2096 2190//2189 2189//2188
f 2097//2097 2191//2190 2190//2189
f 2098//2098 2192//2191 2191//2190
f 2099//2099 2193//2192 2192//2191
f 2100//2100 2194//2193 2193//2192
f 2101//2101 2195//2194 2194//2193
f 2102//2102 2196//2195 2195//2194
f 2103//2103 2197//2196 2196//2195
f 2104//2104 2198//2197 2197//2196
f 2105//2105 2199//2198 2198//2197
f 2106//2106 2200//2199 2199//2198
f 2107//2107 2201//2200 2200//2199
f 2108//2108 2202//2201 2201//2200
f 2109//2109 2203//2202 2202//2201
f 2110//2110 2204//2203 2203//2202
f 2111//2111 2205//2204 2204//2203
f 2112//2112 2206//2205 2205//2204
f 2113//2113 2207//2206 2206//2205
f 2114//2114 2208//2207 2207//2206
f 2115//2115 2209//2208 2208//2207
f 2116//2116 2210//2209 2209//2208
f 2117//2117 2211//2210 2210//2209
f 2118//2118 2212//2211 2211//2210
f 2119//2119 2213//2212 2212//2211
f 2120//2120 2214//2213 2213//2212
f 2121//2121 2215//2214 2214//2213
f 2122//2122 2216//2215 2215//2214
f 2123//2123 2217//2216 2216//2215
f 2124//2124 2218//2217 2217//2216
f 2125//2125 2219//2218 2218//2217
f 2126//2127 2220//2219 2219//2218
f 2127//2126 2221//2221 2220//2219
f 2127//2126 2128//2128 2222//2220
f 2128//2128 2129//2129 2223//2222
f 2129//2129 2130//2130 2224//2223
f 2130//2130 2131//2131 2225//2224
f 2131//2131 2132//2132 2226//2225
f 2132//2132 2133//2133 2227//2226
f 2133//2133 2134//2134 2228//2227
f 2134//2134 2135//2135 2229//2228
f 2135//2135 2136//2136 2230//2229
f 2136//2136 2137//2137 2231//2230
f 2137//2137 2138//2138 2232//2231
f 2138//2138 2139//2139 2233//2232
f 2139//2139 2140//2140 2234//2233
f 2140//2140 2141//2141 2235//2234
f 2141//2141 2142//2142 2236//2235
f 2142//2142 2143//2143 2237//2236
f 2143//2143 2144//2144 2238//2237
f 2144//2144 2145//2145 2239//2238
f 2145//2145 2146//2146 2240//2239
f 2146//2146 2147//2147 2241//2240
f 2147//2147 2148//2148 2242//2241
f 2148//2148 2149//2149 2243//2242
f 2149//2149 2150//2150 2244//2243
f 2150//2150 2151//2151 2245//2244
f 2151//2151 2152//2152 2246//2245
f 2152//2152 2153//2153 2247//2246
f 2153//2153 2154//2154 2248//2247
f 2154//2154 2155//2155 2249//2248
f 2155//2155 2156//2156 2250//2249
f 2156//2156 2157//2157 2251//2250
f 2157//2157 2158//2158 2252//2251
f 2158//2158 2159//2159 2253//2252
f 2159//2159 2160//2160 2254//2253
f 2160//2160 2161//2161 2255//2254
f 2161//2161 2162//2162 2256//2255
f 2162//2162 2069//2069 2163//2163
f 2164//2164 2258//2257 2257//2256
f 2165//2165 2259//2258 2258//2257
f 2166//2166 2260//2259 2259//2258
f 2167//2167 2261//2260 2260//2259
f 2168//2168 2262//2261 2261//2260
f 2169//2169 2263//2262 2262//2261
f 2170//2170 2264//2263 2263//2262
f 2171//2171 2265//2264 2264//2263
f 2172//2172 2266//2265 2265//2264
f 2173//2171 2267//2266 2266//2265
f 2174//2173 2268//2267 2267//2266
f 2175//2174 2269//2268 2268//2267
f 2176//2175 2270//2269 2269//2268
f 2177//2176 2271//2270 2270//2269
f 2178//2177 2272//2271 2271//2270
f 2179//2178 2273//2272 2272//2271
f 2180//2179 2274//2273 2273//2272
f 2181//2180 2275//2274 2274//2273
f 2182//2181 2276//2275 2275//2274
f 2183//2182 2277//2276 2276//2275
f 2184//2183 2278//2277 2277//2276
f 2185//2184 2279//2278 2278//2277
f 2186//2185 2280//2279 2279//2278
f 2187//2186 2281//2280 2280//2279
f 2188//2187 2282//2281 2281//2280
f 2189//2188 2283//2282 2282//2281
f 2190//2189 2284//2283 2283//2282
f 2191//2190 2285//2284 2284//2283
f 2192//2191 2286//2285 2285//2284
f 2193//2192 2287//2286 2286//2285
f 2194//2193 2288//2287 2287//2286
f 2195//2194 2289//2288 2288//2287
f 2196//2195 2290//2289 2289//2288
f 2197//2196 2291//2290 2290//2289
f 2198//2197 2292//2291 2291//2290
f 2199//2198 2293//2292 2292//2291
f 2200//2199 2294//2293 2293//2292
f 2201//2200 2295//2294 2294//2293
f 2202//2201 2296//2295 2295//2294
f 2203//2202 2297//2296 2296//2295
f 2204//2203 2298//2297 2297//2296
f 2205//2204 2299//2298 2298//2297
f 2206//2205 2300//2299 2299//2298
f 2207//2206 2301//2300 2300//2299
f 2208//2207 2302//2301 2301//2300
f 2209//2208 2303//2302 2302//2301
f 2210//2209 2304//2303 2303//2302
f 2211//2210 2305//2304 2304//2303
f 2212//2211 2306//2305 2305//2304
f 2213//2212 2307//2306 2306//2305
f 2214//2213 2308//2307 2307//2306
f 2215//2214 2309//2308 2308//2307
f 2216//2215 2310//2309 2309//2308
f 2217//2216 2311//2310 2310//2309
f 2218//2217 2312//2311 2311//2310
f 2219//2218 2313//2312 2312//2311
f 2220//2219 2314//2313 2313//2312
f 2221//2221 2315//2314 2314//2313
f 2222//2220 2316//2316 2315//2314
f 2222//2220 2223//2222 2317//2315
f 2223//2222 2224//2223 2318//2317
f 2224//2223 2225//2224 2319//2318
f 2225//2224 2226//2225 2320//2319
f 2226//2225 2227//2226 2321//2320
f 2227//2226 2228//2227 2322//2321
f 2228//2227 2229//2228 2323//2322
f 2229//2228 2230//2229 2324//2323
f 2230//2229 2231//2230 2325//2324
f 2231//2230 2232//2231 2326//2325
f 2232//2231 2233//2232 2327//2326
f 2233//2232 2234//2233 2328//2327
f 2234//2233 2235//2234 2329//2328
f 2235//2234 2236//2235 2330//2329
f 2236//2235 2237//2236 2331//2330
f 2237//2236 2238//2237 2332//2331
f 2238//2237 2239//2238 2333//2332
f 2239//2238 2240//2239 2334//2333
f 2240//2239 2241//2240 2335//2334
f 2241//2240 2242//2241 2336//2335
f 2242//2241 2243//2242 2337//2336
f 2243//2242 2244//2243 2338//2337
f 2244//2243 2245//2244 2339//2338
f 2245//2244 2246//2245 2340//2339
f 2246//2245 2247//2246 2341//2340
f 2247//2246 2248//2247 2342//2341
f 2248//2247 2249//2248 2343//2342
f 2249//2248 2250//2249 2344//2343
f 2250//2249 2251//2250 2345//2344
f 2251//2250 2252//2251 2346//2345
f 2252//2251 2253//2252 2347//2346
f 2253//2252 2254//2253 2348//2347
f 2254//2253 2255//2254 2349//2348
f 2255//2254 2256//2255 2350//2349
f 2256//2255 2163//2163 2257//2256
f 2258//2257 2352//2351 2351//2350
f 2259//2258 2353//2352 2352//2351
f 2260//2259 2354//2353 2353//2352
f 2261//2260 2355//2354 2354//2353
f 2262//2261 2356//2355 2355//2354
f 2263//2262 2357//2356 2356//2355
f 2264//2263 2358//2357 2357//2356
f 2265//2264 2359//2358 2358//2357
f 2266//2265 2360//2359 2359//2358
f 2267//2266 2361//2360 2360//2359
f 2268//2267 2362//2361 2361//2360
f 2269//2268 2363//2362 2362//2361
f 2270//2269 2364//2363 2363//2362
f 2271//2270 2365//2364 2364//2363
f 2272//2271 2366//2365 2365//2364
f 2273//2272 2367//2366 2366//2365
f 2274//2273 2368//2367 2367//2366
f 2275//2274 2369//2368 2368//2367
f 2276//2275 2370//2369 2369//2368
f 2277//2276 2371//2370 2370//2369
f 2278//2277 2372//2371 2371//2370
f 2279//2278 2373//2372 2372//2371
f 2280//2279 2374//2373 2373//2372
f 2281//2280 2375//2374 2374//2373
f 2282//2281 2376//2375 2375//2374
f 2283//2282 2377//2376 2376//2375
f 2284//2283 2378//2377 2377//2376
f 2285//2284 2379//2378 2378//2377
f 2286//2285 2380//2379 2379//2378
f 2287//2286 2381//2380 2380//2379
f 2288//2287 2382//2381 2381//2380
f 2289//2288 2383//2382 2382//2381
f 2290//2289 2384//2383 2383//2382
f 2291//2290 2385//2384 2384//2383
f 2292//2291 2386//2385 2385//2384
f 2293//2292 2387//2386 2386//2385
f 2294//2293 2388//2387 2387//2386
f 2295//2294 2389//2388 2388//2387
f 2296//2295 2390//2389 2389//2388
f 2297//2296 2391//2390 2390//2389
f 2298//2297 2392//2391 2391//2390
f 2299//2298 2393//2392 2392//2391
f 2300//2299 2394//2393 2393//2392
f 2301//2300 2395//2394 2394//2393
f 2302//2301 2396//2395 2395//2394
f 2303//2302 2397//2396 2396//2395
f 2304//2303 2398//2397 2397//2396
f 2305//2304 2399//2398 2398//2397
f 2306//2305 2400//2399 2399//2398
f 2307//2306 2401//2400 2400//2399
f 2308//2307 2402//2401 2401//2400
f 2309//2308 2403//2402 2402//2401
f 2310//2309 2404//2403 2403//2402
f 2311//2310 2405//2404 2404//2403
f 2312//2311 2406//2405 2405//2404
f 2313//2312 2407//2406 2406//2405
f 2314//2313 2408//2407 2407//2406
f 2315//2314 2409//2408 2408//2407
f 2316//2316 2410//2410 2409//2408
f 2316//2316 2317//2315 2411//2409
f 2317//2315 2318//2317 2412//2411
f 2318//2317 2319//2318 2413//2412
f 2319//2318 2320//2319 2414//2413
f 2320//2319 2321//2320 2415//2414
f 2321//2320 2322//2321 2416//2415
f 2322//2321 2323//2322 2417//2416
f 2323//2322 2324//2323 2418//2417
f 2324//2323 2325//2324 2419//2418
f 2325//2324 2326//2325 2420//2419
f 2326//2325 2327//2326 2421//2420
f 2327//2326 2328//2327 2422//2421
f 2328//2327 2329//2328 2423//2422
f 2329//2328 2330//2329 2424//2423
f 2330//2329 2331//2330 2425//2424
f 2331//2330 2332//2331 2426//2425
f 2332//2331 2333//2332 2427//2426
f 2333//2332 2334//2333 2428//2427
f 2334//2333 2335//2334 2429//2428
f 2335//2334 2336//2335 2430//2429
f 2336//2335 2337//2336 2431//2430
f 2337//2336 2338//2337 2432//2431
f 2338//2337 2339//2338 2433//2432
f 2339//2338 2340//2339 2434//2433
f 2340//2339 2341//2340 2435//2434
f 2341//2340 2342//2341 2436//2435
f 2342//2341 2343//2342 2437//2436
f 2343//2342 2344//2343 2438//2437
f 2344//2343 2345//2344 2439//2438
f 2345//2344 2346//2345 2440//2439
f 2346//2345 2347//2346 2441//2440
f 2347//2346 2348//2347 2442//2441
f 2348//2347 2349//2348 2443//2442
f 2349//2348 2350//2349 2444//2443
f 2350//2349 2257//2256 2351//2350
f 2352//2351 2446//2445 2445//2444
f 2353//2352 2447//2446 2446//2445
f 2354//2353 2448//2447 2447//2446
f 2355//2354 2449//2448 2448//2447
f 2356//2355 2450//2449 2449//2448
f 2357//2356 2451//2450 2450//2449
f 2358//2357 2452//2451 2451//2450
f 2359//2358 2453//2452 2452//2451
f 2360//2359 2454//2453 2453//2452
f 2361//2360 2455//2454 2454//2453
f 2362//2361 2456//2455 2455//2454
f 2363//2362 2457//2456 2456//2455
f 2364//2363 2458//2457 2457//2456
f 2365//2364 2459//2458 2458//2457
f 2366//2365 2460//2459 2459//2458
f 2367//2366 2461//2460 2460//2459
f 2368//2367 2462//2461 2461//2460
f 2369//2368 2463//2462 2462//2461
f 2370//2369 2464//2463 2463//2462
f 2371//2370 2465//2464 2464//2463
f 2372//2371 2466//2465 2465//2464
f 2373//2372 2467//2466 2466//2465
f 2374//2373 2468//2467 2467//2466
f 2375//2374 2469//2468 2468//2467
f 2376//2375 2470//2469 2469//2468
f 2377//2376 2471//2470 2470//2469
f 2378//2377 2472//2471 2471//2470
f 2379//2378 2473//2472 2472//2471
f 2380//2379 2474//2473 2473//2472
f 2381//2380 2475//2474 2474//2473
f 2382//2381 2476//2475 2475//2474
f 2383//2382 2477//2476 2476//2475
f 2384//2383 2478//2477 2477//2476
f 2385//2384 2479//2478 2478//2477
f 2386//2385 2480//2479 2479//2478
f 2387//2386 2481//2480 2480//2479
f 2388//2387 2482//2481 2481//2480
f 2389//2388 2483//2482 2482//2481
f 2390//2389 2484//2483 2483//2482
f 2391//2390 2485//2484 2484//2483
f 2392//2391 2486//2485 2485//2484
f 2393//2392 2487//2486 2486//2485
f 2394//2393 2488//2487 2487//2486
f 2395//2394 2489//2488 2488//2487
f 2396//2395 2490//2489 2489//2488
f 2397//2396 2491//2490 2490//2489
f 2398//2397 2492//2491 2491//2490
f 2399//2398 2493//2492 2492//2491
f 2400//2399 2494//2493 2493//2492
f 2401//2400 2495//2494 2494//2493
f 2402//2401 2496//2495 2495//2494
f 2403//2402 2497//2496 2496//2495
f 2404//2403 2498//2497 2497//2496
f 2405//2404 2499//2498 2498//2497
f 2406//2405 2500//2499 2499//2498
f 2407//2406 2501//2500 2500//2499
f 2408//2407 2502//2501 2501//2500
f 2409//2408 2503//2502 2502//2501
f 2410//2410 2504//2504 2503//2502
f 2410//2410 2411//2409 2505//2503
f 2411//2409 2412//2411 2506//2505
f 2412//2411 2413//2412 2507//2506
f 2413//2412 2414//2413 2508//2507
f 2414//2413 2415//2414 2509//2508
f 2415//2414 2416//2415 2510//2509
f 2416//2415 2417//2416 2511//2510
f 2417//2416 2418//2417 2512//2511
f 2418//2417 2419//2418 2513//2512
f 2419//2418 2420//2419 2514//2513
f 2420//2419 2421//2420 2515//2514
f 2421//2420 2422//2421 2516//2515
f 2422//2421 2423//2422 2517//2516
f 2423//2422 2424//2423 2518//2517
f 2424//2423 2425//2424 2519//2518
f 2425//2424 2426//2425 2520//2519
f 2426//2425 2427//2426 2521//2520
f 2427//2426 2428//2427 2522//2521
f 2428//2427 2429//2428 2523//2522
f 2429//2428 2430//2429 2524//2523
f 2430//2429 2431//2430 2525//2524
f 2431//2430 2432//2431 2526//2525
f 2432//2431 2433//2432 2527//2526
f 2433//2432 2434//2433 2528//2527
f 2434//2433 2435//2434 2529//2528
f 2435//2434 2436//2435 2530//2529
f 2436//2435 2437//2436 2531//2530
f 2437//2436 2438//2437 2532//2531
f 2438//2437 2439//2438 2533//2532
f 2439//2438 2440//2439 2534//2533
f 2440//2439 2441//2440 2535//2534
f 2441//2440 2442//2441 2536//2535
f 2442//2441 2443//2442 2537//2536
f 2443//2442 2444//2443 2538//2537
f 2444//2443 2351//2350 2445//2444
f 2446//2445 2540//2539 2539//2538
f 2447//2446 2541//2540 2540//2539
f 2448//2447 2542//2541 2541//2540
f 2449//2448 2543//2542 2542//2541
f 2450//2449 2544//2543 2543//2542
f 2451//2450 2545//2544 2544//2543
f 2452//2451 2546//2545 2545//2544
f 2453//2452 2547//2546 2546//2545
f 2454//2453 2548//2547 2547//2546
f 2455//2454 2549//2548 2548//2547
f 2456//2455 2550//2549 2549//2548
f 2457//2456 2551//2550 2550//2549
f 2458//2457 2552//2551 2551//2550
f 2459//2458 2553//2552 2552//2551
f 2460//2459 2554//2553 2553//2552
f 2461//2460 2555//2554 2554//2553
f 2462//2461 2556//2555 2555//2554
f 2463//2462 2557//2556 2556//2555
f 2464//2463 2558//2557 2557//2556
f 2465//2464 2559//2558 2558//2557
f 2466//2465 2560//2559 2559//2558
f 2467//2466 2561//2560 2560//2559
f 2468//2467 2562//2561 2561//2560
f 2469//2468 2563//2562 2562//2561
f 2470//2469 2564//2563 2563//2562
f 2471//2470 2565//2564 2564//2563
f 2472//2471 2566//2565 2565//2564
f 2473//2472 2567//2566 2566//2565
f 2474//2473 2568//2567 2567//2566
f 2475//2474 2569//2568 2568//2567
f 2476//2475 2570//2569 2569//2568
f 2477//2476 2571//2570 2570//2569
f 2478//2477 2572//2571 2571//2570
f 2479//2478 2573//2572 2572//2571
f 2480//2479 2574//2573 2573//2572
f 2481//2480 2575//2574 2574//2573
f 2482//2481 2576//2575 2575//2574
f 2483//2482 2577//2576 2576//2575
f 2484//2483 2578//2577 2577//2576
f 2485//2484 2579//2578 2578//2577
f 2486//2485 2580//2579 2579//2578
f 2487//2486 2581//2580 2580//2579
f 2488//2487 2582//2581 2581//2580
f 2489//2488 2583//2582 2582//2581
f 2490//2489 2584//2583 2583//2582
f 2491//2490 2585//2584 2584//2583
f 2492//2491 2586//2585 2585//2584
f 2493//2492 2587//2586 2586//2585
f 2494//2493 2588//2587 2587//2586
f 2495//2494 2589//2588 2588//2587
f 2496//2495 2590//2589 2589//2588
f 2497//2496 2591//2590 2590//2589
f 2498//2497 2592//2591 2591//2590
f 2499//2498 2593//2592 2592//2591
f 2500//2499 2594//2593 2593//2592
f 2501//2500 2595//2594 2594//2593
f 2502//2501 2596//2595 2595//2594
f 2503//2502 2597//2596 2596//2595
f 2504//2504 2598//2597 2597//2596
f 2505//2503 2599//2599 2598//2597
f 2505//2503 2506//2505 2600//2598
f 2506//2505 2507//2506 2601//2600
f 2507//2506 2508//2507 2602//2601
f 2508//2507 2509//2508 2603//2602
f 2509//2508 2510//2509 2604//2603
f 2510//2509 2511//2510 2605//2604
f 2511//2510 2512//2511 2606//2605
f 2512//2511 2513//2512 2607//2606
f 2513//2512 2514//2513 2608//2607
f 2514//2513 2515//2514 2609//2608
f 2515//2514 2516//2515 2610//2609
f 2516//2515 2517//2516 2611//2610
f 2517//2516 2518//2517 2612//2611
f 2518//2517 2519//2518 2613//2612
f 2519//2518 2520//2519 2614//2613
f 2520//2519 2521//2520 2615//2614
f 2521//2520 2522//2521 2616//2615
f 2522//2521 2523//2522 2617//2616
f 2523//2522 2524//2523 2618//2617
f 2524//2523 2525//2524 2619//2618
f 2525//2524 2526//2525 2620//2619
f 2526//2525 2527//2526 2621//2620
f 2527//2526 2528//2527 2622//2621
f 2528//2527 2529//2528 2623//2622
f 2529//2528 2530//2529 2624//2623
f 2530//2529 2531//2530 2625//2624
f 2531//2530 2532//2531 2626//2625
f 2532//2531 2533//2532 2627//2626
f 2533//2532 2534//2533 2628//2627
f 2534//2533 2535//2534 2629//2628
f 2535//2534 2536//2535 2630//2629
f 2536//2535 2537//2536 2631//2630
f 2537//2536 2538//2537 2632//2631
f 2538//2537 2445//2444 2539//2538
f 2540//2539 2634//2633 2633//2632
f 2541//2540 2635//2634 2634//2633
f 2542//2541 2636//2635 2635//2634
f 2543//2542 2637//2636 2636//2635
f 2544//2543 2638//2637 2637//2636
f 2545//2544 2639//2638 2638//2637
f 2546//2545 2640//2639 2639//2638
f 2547//2546 2641//2640 2640//2639
f 2548//2547 2642//2641 2641//2640
f 2549//2548 2643//2642 2642//2641
f 2550//2549 2644//2643 2643//2642
f 2551//2550 2645//2644 2644//2643
f 2552//2551 2646//2645 2645//2644
f 2553//2552 2647//2646 2646//2645
f 2554//2553 2648//2647 2647//2646
f 2555//2554 2649//2648 2648//2647
f 2556//2555 2650//2649 2649//2648
f 2557//2556 2651//2650 2650//2649
f 2558//2557 2652//1710 2651//2650
f 2559//2558 2653//2651 2652//1710
f 2560//2559 2654//2652 2653//2651
f 2561//2560 2655//2653 2654//2652
f 2562//2561 2656//2654 2655//2653
f 2563//2562 2657//2655 2656//2654
f 2564//2563 2658//2656 2657//2655
f 2565//2564 2659//2657 2658//2656
f 2566//2565 2660//2658 2659//2657
f 2567//2566 2661//2659 2660//2658
f 2568//2567 2662//2660 2661//2659
f 2569//2568 2663//2661 2662//2660
f 2570//2569 2664//2662 2663//2661
f 2571//2570 2665//2663 2664//2662
f 2572//2571 2666//2664 2665//2663
f 2573//2572 2667//2665 2666//2664
f 2574//2573 2668//2666 2667//2665
f 2575//2574 2669//2667 2668//2666
f 2576//2575 2670//2668 2669//2667
f 2577//2576 2671//2669 2670//2668
f 2578//2577 2672//2670 2671//2669
f 2579//2578 2673//2671 2672//2670
f 2580//2579 2674//2672 2673//2671
f 2581//2580 2675//2673 2674//2672
f 2582//2581 2676//2674 2675//2673
f 2583//2582 2677//2675 2676//2674
f 2584//2583 2678//2676 2677//2675
f 2585//2584 2679//2677 2678//2676
f 2586//2585 2680//2678 2679//2677
f 2587//2586 2681//2679 2680//2678
f 2588//2587 2682//2680 2681//2679
f 2589//2588 2683//2681 2682//2680
f 2590//2589 2684//2682 2683//2681
f 2591//2590 2685//2683 2684//2682
f 2592//2591 2686//2684 2685//2683
f 2593//2592 2687//2685 2686//2684
f 2594//2593 2688//2686 2687//2685
f 2595//2594 2689//2687 2688//2686
f 2596//2595 2690//2688 2689//2687
f 2597//2596 2691//2689 2690//2688
f 2598//2597 2692//2690 2691//2689
f 2599//2599 2693//2691 2692//2690
f 2600//2598 2694//2693 2693//2691
f 2600//2598 2601//2600 2695//2692
f 2601//2600 2602//2601 2696//2694
f 2602//2601 2603//2602 2697//2695
f 2603//2602 2604//2603 2698//2696
f 2604//2603 2605//2604 2699//2697
f 2605//2604 2606//2605 2700//2698
f 2606//2605 2607//2606 2701//2699
f 2607//2606 2608//2607 2702//2700
f 2608//2607 2609//2608 2703//2701
f 2609//2608 2610//2609 2704//2702
f 2610//2609 2611//2610 2705//2703
f 2611//2610 2612//2611 2706//2704
f 2612//2611 2613//2612 2707//2705
f 2613//2612 2614//2613 2708//2706
f 2614//2613 2615//2614 2709//2707
f 2615//2614 2616//2615 2710//2708
f 2616//2615 2617//2616 2711//2709
f 2617//2616 2618//2617 2712//2710
f 2618//2617 2619//2618 2713//2711
f 2619//2618 2620//2619 2714//2712
f 2620//2619 2621//2620 2715//2713
f 2621//2620 2622//2621 2716//2714
f 2622//2621 2623//2622 2717//2715
f 2623//2622 2624//2623 2718//2716
f 2624//2623 2625//2624 2719//2717
f 2625//2624 2626//2625 2720//2718
f 2626//2625 2627//2626 2721//2719
f 2627//2626 2628//2627 2722//2720
f 2628//2627 2629//2628 2723//2721
f 2629//2628 2630//2629 2724//2722
f 2630//2629 2631//2630 2725//2723
f 2631//2630 2632//2631 2726//2724
f 2632//2631 2539//2538 2633//2632
f 2634//2633 2728//2726 2727//2725
f 2635//2634 2729//2727 2728//2726
f 2636//2635 2730//2728 2729//2727
f 2637//2636 2731//2729 2730//2728
f 2638//2637 2732//2730 2731//2729
f 2639//2638 2733//2731 2732//2730
f 2640//2639 2734//2732 2733//2731
f 2641//2640 2735//2733 2734//2732
f 2642//2641 2736//2734 2735//2733
f 2643//2642 2737//2735 2736//2734
f 2644//2643 2738//2736 2737//2735
f 2645//2644 2739//2737 2738//2736
f 2646//2645 2740//2738 2739//2737
f 2647//2646 2741//2739 2740//2738
f 2648//2647 2742//2740 2741//2739
f 2649//2648 2743//2741 2742//2740
f 2650//2649 2744//2742 2743//2741
f 2651//2650 2745//2743 2744//2742
f 2652//1710 2746//2744 2745//2743
f 2653//2651 2747//2745 2746//2744
f 2654//2652 2748//2746 2747//2745
f 2655//2653 2749//2747 2748//2746
f 2656//2654 2750//2748 2749//2747
f 2657//2655 2751//2749 2750//2748
f 2658//2656 2752//2750 2751//2749
f 2659//2657 2753//2751 2752//2750
f 2660//2658 2754//2752 2753//2751
f 2661//2659 2755//2753 2754//2752
f 2662//2660 2756//2754 2755//2753
f 2663//2661 2757//2755 2756//2754
f 2664//2662 2758//2756 2757//2755
f 2665//2663 2759//2757 2758//2756
f 2666//2664 2760//2758 2759//2757
f 2667//2665 2761//2759 2760//2758
f 2668//2666 2762//2760 2761//2759
f 2669//2667 2763//2761 2762//2760
f 2670//2668 2764//2762 2763//2761
f 2671//2669 2765//2763 2764//2762
f 2672//2670 2766//2764 2765//2763
f 2673//2671 2767//2765 2766//2764
f 2674//2672 2768//2766 2767//2765
f 2675//2673 2769//2767 2768//2766
f 2676//2674 2770//2768 2769//2767
f 2677//2675 2771//2769 2770//2768
f 2678//2676 2772//2770 2771//2769
f 2679//2677 2773//2771 2772//2770
f 2680//2678 2774//2772 2773//2771
f 2681//2679 2775//2773 2774//2772
f 2682//2680 2776//2774 2775//2773
f 2683//2681 2777//2775 2776//2774
f 2684//2682 2778//2776 2777//2775
f 2685//2683 2779//2777 2778//2776
f 2686//2684 2780//2778 2779//2777
f 2687//2685 2781//2779 2780//2778
f 2688//2686 2782//2780 2781//2779
f 2689//2687 2783//2781 2782//2780
f 2690//2688 2784//2782 2783//2781
f 2691//2689 2785//2783 2784//2782
f 2692//2690 2786//2784 2785//2783
f 2693//2691 2787//2785 2786//2784
f 2694//2693 2788//2787 2787//2785
f 2694//2693 2695//2692 2789//2786
f 2695//2692 2696//2694 2790//2788
f 2696//2694 2697//2695 2791//2789
f 2697//2695 2698//2696 2792//2790
f 2698//2696 2699//2697 2793//2791
f 2699//2697 2700//2698 2794//2792
f 2700//2698 2701//2699 2795//2793
f 2701//2699 2702//2700 2796//2794
f 2702//2700 2703//2701 2797//2795
f 2703//2701 2704//2702 2798//2796
f 2704//2702 2705//2703 2799//2797
f 2705//2703 2706//2704 2800//2798
f 2706//2704 2707//2705 2801//2799
f 2707//2705 2708//2706 2802//2800
f 2708//2706 2709//2707 2803//2801
f 2709//2707 2710//2708 2804//2802
f 2710//2708 2711//2709 2805//2803
f 2711//2709 2712//2710 2806//2804
f 2712//2710 2713//2711 2807//2805
f 2713//2711 2714//2712 2808//2806
f 2714//2712 2715//2713 2809//2807
f 2715//2713 2716//2714 2810//2808
f 2716//2714 2717//2715 2811//2809
f 2717//2715 2718//2716 2812//2810
f 2718//2716 2719//2717 2813//2811
f 2719//2717 2720//2718 2814//2812
f 2720//2718 2721//2719 2815//2813
f 2721//2719 2722//2720 2816//2814
f 2722//2720 2723//2721 2817//2815
f 2723//2721 2724//2722 2818//2816
f 2724//2722 2725//2723 2819//2817
f 2725//2723 2726//2724 2820//2818
f 2726//2724 2633//2632 2727//2725
f 2728//2726 2822//2820 2821//2819
f 2729//2727 2823//2821 2822//2820
f 2730//2728 2824//2822 2823//2821
f 2731//2729 2825//2823 2824//2822
f 2732//2730 2826//2824 2825//2823
f 2733//2731 2827//2825 2826//2824
f 2734//2732 2828//2826 2827//2825
f 2735//2733 2829//2827 2828//2826
f 2736//2734 2830//2828 2829//2827
f 2737//2735 2831//2829 2830//2828
f 2738//2736 2832//2830 2831//2829
f 2739//2737 2833//2831 2832//2830
f 2740//2738 2834//2832 2833//2831
f 2741//2739 2835//2833 2834//2832
f 2742//2740 2836//2834 2835//2833
f 2743//2741 2837//2835 2836//2834
f 2744//2742 2838//2836 2837//2835
f 2745//2743 2839//2837 2838//2836
f 2746//2744 2840//2838 2839//2837
f 2747//2745 2841//2839 2840//2838
f 2748//2746 2842//2840 2841//2839
f 2749//2747 2843//2841 2842//2840
f 2750//2748 2844//2842 2843//2841
f 2751//2749 2845//2843 2844//2842
f 2752//2750 2846//2844 2845//2843
f 2753//2751 2847//2845 2846//2844
f 2754//2752 2848//2846 2847//2845
f 2755//2753 2849//2847 2848//2846
f 2756//2754 2850//2848 2849//2847
f 2757//2755 2851//2849 2850//2848
f 2758//2756 2852//2850 2851//2849
f 2759//2757 2853//2851 2852//2850
f 2760//2758 2854//2852 2853//2851
f 2761//2759 2855//2853 2854//2852
f 2762//2760 2856//2854 2855//2853
f 2763//2761 2857//2855 2856//2854
f 2764//2762 2858//2856 2857//2855
f 2765//2763 2859//2857 2858//2856
f 2766//2764 2860//2858 2859//2857
f 2767//2765 2861//2859 2860//2858
f 2768//2766 2862//2860 2861//2859
f 2769//2767 2863//2861 2862//2860
f 2770//2768 2864//2862 2863//2861
f 2771//2769 2865//2863 2864//2862
f 2772//2770 2866//2864 2865//2863
f 2773//2771 2867//2865 2866//2864
f 2774//2772 2868//2866 2867//2865
f 2775//2773 2869//2867 2868//2866
f 2776//2774 2870//2868 2869//2867
f 2777//2775 2871//2869 2870//2868
f 2778//2776 2872//2870 2871//2869
f 2779//2777 2873//2871 2872//2870
f 2780//2778 2874//2872 2873//2871
f 2781//2779 2875//2873 2874//2872
f 2782//2780 2876//2874 2875//2873
f 2783//2781 2877//2875 2876//2874
f 2784//2782 2878//2876 2877//2875
f 2785//2783 2879//2877 2878//2876
f 2786//2784 2880//2878 2879//2877
f 2787//2785 2881//2879 2880//2878
f 2788//2787 2882//2880 2881//2879
f 2789//2786 2883//2882 2882//2880
f 2789//2786 2790//2788 2884//2881
f 2790//2788 2791//2789 2885//2883
f 2791//2789 2792//2790 2886//2884
f 2792//2790 2793//2791 2887//2885
f 2793//2791 2794//2792 2888//2886
f 2794//2792 2795//2793 2889//2887
f 2795//2793 2796//2794 2890//2888
f 2796//2794 2797//2795 2891//2889
f 2797//2795 2798//2796 2892//2890
f 2798//2796 2799//2797 2893//2891
f 2799//2797 2800//2798 2894//2892
f 2800//2798 2801//2799 2895//2893
f 2801//2799 2802//2800 2896//2894
f 2802//2800 2803//2801 2897//2895
f 2803//2801 2804//2802 2898//2896
f 2804//2802 2805//2803 2899//2897
f 2805//2803 2806//2804 2900//2898
f 2806//2804 2807//2805 2901//2899
f 2807//2805 2808//2806 2902//2900
f 2808//2806 2809//2807 2903//2901
f 2809//2807 2810//2808 2904//2902
f 2810//2808 2811//2809 2905//2903
f 2811//2809 2812//2810 2906//2904
f 2812//2810 2813//2811 2907//2905
f 2813//2811 2814//2812 2908//2906
f 2814//2812 2815//2813 2909//2907
f 2815//2813 2816//2814 2910//2908
f 2816//2814 2817//2815 2911//2909
f 2817//2815 2818//2816 2912//2910
f 2818//2816 2819//2817 2913//2911
f 2819//2817 2820//2818 2914//2912
f 2820//2818 2727//2725 2821//2819
f 2822//2820 2916//2914 2915//2913
f 2823//2821 2917//2915 2916//2914
f 2824//2822 2918//2916 2917//2915
f 2825//2823 2919//2917 2918//2916
f 2826//2824 2920//2918 2919//2917
f 2827//2825 2921//2919 2920//2918
f 2828//2826 2922//2920 2921//2919
f 2829//2827 2923//2921 2922//2920
f 2830//2828 2924//2922 2923//2921
f 2831//2829 2925//2923 2924//2922
f 2832//2830 2926//2924 2925//2923
f 2833//2831 2927//2925 2926//2924
f 2834//2832 2928//2926 2927//2925
f 2835//2833 2929//2927 2928//2926
f 2836//2834 2930//2928 2929//2927
f 2837//2835 2931//2929 2930//2928
f 2838//2836 2932//2930 2931//2929
f 2839//2837 2933//2931 2932//2930
f 2840//2838 2934//2932 2933//2931
f 2841//2839 2935//2933 2934//2932
f 2842//2840 2936//2934 2935//2933
f 2843//2841 2937//2935 2936//2934
f 2844//2842 2938//2936 2937//2935
f 2845//2843 2939//2937 2938//2936
f 2846//2844 2940//2938 2939//2937
f 2847//2845 2941//2939 2940//2938
f 2848//2846 2942//2940 2941//2939
f 2849//2847 2943//2941 2942//2940
f 2850//2848 2944//2942 2943//2941
f 2851//2849 2945//2943 2944//2942
f 2852//2850 2946//2944 2945//2943
f 2853//2851 2947//2945 2946//2944
f 2854//2852 2948//2946 2947//2945
f 2855//2853 2949//2947 2948//2946
f 2856//2854 2950//2948 2949//2947
f 2857//2855 2951//2949 2950//2948
f 2858//2856 2952//2950 2951//2949
f 2859//2857 2953//2951 2952//2950
f 2860//2858 2954//2952 2953//2951
f 2861//2859 2955//2953 2954//2952
f 2862//2860 2956//2954 2955//2953
f 2863//2861 2957//2955 2956//2954
f 2864//2862 2958//2956 2957//2955
f 2865//2863 2959//2957 2958//2956
f 2866//2864 2960//2958 2959//2957
f 2867//2865 2961//2959 2960//2958
f 2868//2866 2962//2960 2961//2959
f 2869//2867 2963//2961 2962//2960
f 2870//2868 2964//2962 2963//2961
f 2871//2869 2965//2963 2964//2962
f 2872//2870 2966//2964 2965//2963
f 2873//2871 2967//2965 2966//2964
f 2874//2872 2968//2966 2967//2965
f 2875//2873 2969//2967 2968//2966
f 2876//2874 2970//2968 2969//2967
f 2877//2875 2971//2969 2970//2968
f 2878//2876 2972//2970 2971//2969
f 2879//2877 2973//2971 2972//2970
f 2880//2878 2974//2972 2973//2971
f 2881//2879 2975//2973 2974//2972
f 2882//2880 2976//2974 2975//2973
f 2883//2882 2977//2975 2976//2974
f 2884//2881 2978//2977 2977//2975
f 2884//2881 2885//2883 2979//2976
f 2885//2883 2886//2884 2980//2978
f 2886//2884 2887//2885 2981//2979
f 2887//2885 2888//2886 2982//2980
f 2888//2886 2889//2887 2983//2981
f 2889//2887 2890//2888 2984//2982
f 2890//2888 2891//2889 2985//2983
f 2891//2889 2892//2890 2986//2984
f 2892//2890 2893//2891 2987//2985
f 2893//2891 2894//2892 2988//2986
f 2894//2892 2895//2893 2989//2987
f 2895//2893 2896//2894 2990//2988
f 2896//2894 2897//2895 2991//2989
f 2897//2895 2898//2896 2992//2990
f 2898//2896 2899//2897 2993//2991
f 2899//2897 2900//2898 2994//2992
f 2900//2898 2901//2899 2995//2993
f 2901//2899 2902//2900 2996//2994
f 2902//2900 2903//2901 2997//2995
f 2903//2901 2904//2902 2998//2996
f 2904//2902 2905//2903 2999//2997
f 2905//2903 2906//2904 3000//2998
f 2906//2904 2907//2905 3001//2999
f 2907//2905 2908//2906 3002//3000
f 2908//2906 2909//2907 3003//3001
f 2909//2907 2910//2908 3004//3002
f 2910//2908 2911//2909 3005//3003
f 2911//2909 2912//2910 3006//3004
f 2912//2910 2913//2911 3007//3005
f 2913//2911 2914//2912 3008//3006
f 2914//2912 2821//2819 2915//2913
f 2916//2914 3010//3008 3009//3007
f 2917//2915 3011//3009 3010//3008
f 2918//2916 3012//3010 3011//3009
f 2919//2917 3013//3011 3012//3010
f 2920//2918 3014//3012 3013//3011
f 2921//2919 3015//3013 3014//3012
f 2922//2920 3016//3014 3015//3013
f 2923//2921 3017//3015 3016//3014
f 2924//2922 3018//3016 3017//3015
f 2925//2923 3019//3017 3018//3016
f 2926//2924 3020//3018 3019//3017
f 2927//2925 3021//3019 3020//3018
f 2928//2926 3022//3020 3021//3019
f 2929//2927 3023//3021 3022//3020
f 2930//2928 3024//3022 3023//3021
f 2931//2929 3025//3023 3024//3022
f 2932//2930 3026//3024 3025//3023
f 2933//2931 3027//3025 3026//3024
f 2934//2932 3028//3026 3027//3025
f 2935//2933 3029//3027 3028//3026
f 2936//2934 3030//3028 3029//3027
f 2937//2935 3031//3029 3030//3028
f 2938//2936 3032//3030 3031//3029
f 2939//2937 3033//3031 3032//3030
f 2940//2938 3034//3032 3033//3031
f 2941//2939 3035//3033 3034//3032
f 2942//2940 3036//3034 3035//3033
f 2943//2941 3037//3035 3036//3034
f 2944//2942 3038//3036 3037//3035
f 2945//2943 3039//3037 3038//3036
f 2946//2944 3040//3038 3039//3037
f 2947//2945 3041//3039 3040//3038
f 2948//2946 3042//3040 3041//3039
f 2949//2947 3043//3041 3042//3040
f 2950//2948 3044//3042 3043//3041
f 2951//2949 3045//3043 3044//3042
f 2952//2950 3046//3044 3045//3043
f 2953//2951 3047//3045 3046//3044
f 2954//2952 3048//3046 3047//3045
f 2955//2953 3049//3047 3048//3046
f 2956//2954 3050//3048 3049//3047
f 2957//2955 3051//3049 3050//3048
f 2958//2956 3052//3050 3051//3049
f 2959//2957 3053//3051 3052//3050
f 2960//2958 3054//3052 3053//3051
f 2961//2959 3055//3053 3054//3052
f 2962//2960 3056//3054 3055//3053
f 2963//2961 3057//3055 3056//3054
f 2964//2962 3058//3056 3057//3055
f 2965//2963 3059//3057 3058//3056
f 2966//2964 3060//3058 3059//3057
f 2967//2965 3061//3059 3060//3058
f 2968//2966 3062//3060 3061//3059
f 2969//2967 3063//3061 3062//3060
f 2970//2968 3064//3062 3063//3061
f 2971//2969 3065//3063 3064//3062
f 2972//2970 3066//3064 3065//3063
f 2973//2971 3067//3065 3066//3064
f 2974//2972 3068//3066 3067//3065
f 2975//2973 3069//3067 3068//3066
f 2976//2974 3070//3068 3069//3067
f 2977//2975 3071//3069 3070//3068
f 2978//2977 3072//3071 3071//3069
f 2978//2977 2979//2976 3073//3070
f 2979//2976 2980//2978 3074//3072
f 2980//2978 2981//2979 3075//3073
f 2981//2979 2982//2980 3076//3074
f 2982//2980 2983//2981 3077//3075
f 2983//2981 2984//2982 3078//3076
f 2984//2982 2985//2983 3079//3077
f 2985//2983 2986//2984 3080//3078
f 2986//2984 2987//2985 3081//3079
f 2987//2985 2988//2986 3082//3080
f 2988//2986 2989//2987 3083//3081
f 2989//2987 2990//2988 3084//3082
f 2990//2988 2991//2989 3085//3083
f 2991//2989 2992//2990 3086//3084
f 2992//2990 2993//2991 3087//3085
f 2993//2991 2994//2992 3088//3086
f 2994//2992 2995//2993 3089//3087
f 2995//2993 2996//2994 3090//3088
f 2996//2994 2997//2995 3091//3089
f 2997//2995 2998//2996 3092//3090
f 2998//2996 2999//2997 3093//3091
f 2999//2997 3000//2998 3094//3092
f 3000//2998 3001//2999 3095//3093
f 3001//2999 3002//3000 3096//3094
f 3002//3000 3003//3001 3097//3095
f 3003//3001 3004//3002 3098//3096
f 3004//3002 3005//3003 3099//3097
f 3005//3003 3006//3004 3100//3098
f 3006//3004 3007//3005 3101//3099
f 3007//3005 3008//3006 3102//3100
f 3008//3006 2915//2913 3009//3007
f 3010//3008 3104//3102 3103//3101
f 3011//3009 3105//3103 3104//3102
f 3012//3010 3106//3104 3105//3103
f 3013//3011 3107//3105 3106//3104
f 3014//3012 3108//3106 3107//3105
f 3015//3013 3109//3107 3108//3106
f 3016//3014 3110//3108 3109//3107
f 3017//3015 3111//3109 3110//3108
f 3018//3016 3112//3110 3111//3109
f 3019//3017 3113//3111 3112//3110
f 3020//3018 3114//3112 3113//3111
f 3021//3019 3115//3113 3114//3112
f 3022//3020 3116//3114 3115//3113
f 3023//3021 3117//3115 3116//3114
f 3024//3022 3118//3116 3117//3115
f 3025//3023 3119//3117 3118//3116
f 3026//3024 3120//3118 3119//3117
f 3027//3025 3121//3119 3120//3118
f 3028//3026 3122//3120 3121//3119
f 3029//3027 3123//3121 3122//3120
f 3030//3028 3124//3122 3123//3121
f 3031//3029 3125//3123 3124//3122
f 3032//3030 3126//3124 3125//3123
f 3033//3031 3127//3125 3126//3124
f 3034//3032 3128//3126 3127//3125
f 3035//3033 3129//3127 3128//3126
f 3036//3034 3130//3128 3129//3127
f 3037//3035 3131//3129 3130//3128
f 3038//3036 3132//3130 3131//3129
f 3039//3037 3133//3131 3132//3130
f 3040//3038 3134//3132 3133//3131
f 3041//3039 3135//3133 3134//3132
f 3042//3040 3136//3134 3135//3133
f 3043//3041 3137//3135 3136//3134
f 3044//3042 3138//3136 3137//3135
f 3045//3043 3139//3137 3138//3136
f 3046//3044 3140//3138 3139//3137
f 3047//3045 3141//3139 3140//3138
f 3048//3046 3142//3140 3141//3139
f 3049//3047 3143//3141 3142//3140
f 3050//3048 3144//3142 3143//3141
f 3051//3049 3145//3143 3144//3142
f 3052//3050 3146//3144 3145//3143
f 3053//3051 3147//3145 3146//3144
f 3054//3052 3148//3146 3147//3145
f 3055//3053 3149//3147 3148//3146
f 3056//3054 3150//3148 3149//3147
f 3057//3055 3151//3149 3150//3148
f 3058//3056 3152//3150 3151//3149
f 3059//3057 3153//3151 3152//3150
f 3060//3058 3154//3152 3153//3151
f 3061//3059 3155//3153 3154//3152
f 3062//3060 3156//3154 3155//3153
f 3063//3061 3157//3155 3156//3154
f 3064//3062 3158//3156 3157//3155
f 3065//3063 3159//3157 3158//3156
f 3066//3064 3160//3158 3159//3157
f 3067//3065 3161//3159 3160//3158
f 3068//3066 3162//3160 3161//3159
f 3069//3067 3163//3161 3162//3160
f 3070//3068 3164//3162 3163//3161
f 3071//3069 3165//3163 3164//3162
f 3072//3071 3166//3164 3165//3163
f 3073//3070 3167//3166 3166//3164
f 3073//3070 3074//3072 3168//3165
f 3074//3072 3075//3073 3169//3167
f 3075//3073 3076//3074 3170//3168
f 3076//3074 3077//3075 3171//3169
f 3077//3075 3078//3076 3172//3170
f 3078//3076 3079//3077 3173//3171
f 3079//3077 3080//3078 3174//3172
f 3080//3078 3081//3079 3175//3173
f 3081//3079 3082//3080 3176//3174
f 3082//3080 3083//3081 3177//3175
f 3083//3081 3084//3082 3178//3176
f 3084//3082 3085//3083 3179//3177
f 3085//3083 3086//3084 3180//3178
f 3086//3084 3087//3085 3181//3179
f 3087//3085 3088//3086 3182//3180
f 3088//3086 3089//3087 3183//3181
f 3089//3087 3090//3088 3184//3182
f 3090//3088 3091//3089 3185//3183
f 3091//3089 3092//3090 3186//3184
f 3092//3090 3093//3091 3187//3185
f 3093//3091 3094//3092 3188//3186
f 3094//3092 3095//3093 3189//3187
f 3095//3093 3096//3094 3190//3188
f 3096//3094 3097//3095 3191//3189
f 3097//3095 3098//3096 3192//3190
f 3098//3096 3099//3097 3193//3191
f 3099//3097 3100//3098 3194//3192
f 3100//3098 3101//3099 3195//3193
f 3101//3099 3102//3100 3196//3194
f 3102//3100 3009//3007 3103//3101
f 3103//3101 3104//3102 3198//3195
f 3104//3102 3105//3103 3199//3197
f 3105//3103 3106//3104 3200//3198
f 3107//3105 3201//3199 3200//3198
f 3108//3106 3202//3200 3201//3199
f 3109//3107 3203//3201 3202//3200
f 3110//3108 3204//3202 3203//3201
f 3111//3109 3205//3203 3204//3202
f 3112//3110 3206//3204 3205//3203
f 3113//3111 3207//3205 3206//3204
f 3114//3112 3208//3206 3207//3205
f 3115//3113 3209//3207 3208//3206
f 3116//3114 3210//3208 3209//3207
f 3117//3115 3211//3209 3210//3208
f 3118//3116 3212//3210 3211//3209
f 3119//3117 3213//3211 3212//3210
f 3120//3118 3214//3212 3213//3211
f 3121//3119 3215//3213 3214//3212
f 3122//3120 3216//3214 3215//3213
f 3123//3121 3217//3215 3216//3214
f 3124//3122 3218//3217 3217//3215
f 3124//3122 3125//3123 3219//3216
f 3125//3123 3126//3124 3220//3218
f 3126//3124 3127//3125 3221//3219
f 3127//3125 3128//3126 3222//3220
f 3128//3126 3129//3127 3223//3221
f 3129//3127 3130//3128 3224//3222
f 3131//3129 3225//3223 3224//3222
f 3132//3130 3226//3224 3225//3223
f 3133//3131 3227//3225 3226//3224
f 3134//3132 3228//3226 3227//3225
f 3135//3133 3229//3227 3228//3226
f 3136//3134 3230//3228 3229//3227
f 3137//3135 3231//3229 3230//3228
f 3138//3136 3232//3230 3231//3229
f 3139//3137 3233//3231 3232//3230
f 3140//3138 3234//3232 3233//3231
f 3141//3139 3235//3233 3234//3232
f 3142//3140 3236//3234 3235//3233
f 3143//3141 3237//3235 3236//3234
f 3144//3142 3238//3236 3237//3235
f 3145//3143 3239//3237 3238//3236
f 3146//3144 3240//3238 3239//3237
f 3147//3145 3241//3239 3240//3238
f 3148//3146 3242//3240 3241//3239
f 3149//3147 3243//3241 3242//3240
f 3150//3148 3244//3242 3243//3241
f 3151//3149 3245//3243 3244//3242
f 3152//3150 3246//3244 3245//3243
f 3153//3151 3247//3245 3246//3244
f 3154//3152 3248//3246 3247//3245
f 3155//3153 3249//3247 3248//3246
f 3156//3154 3250//3248 3249//3247
f 3157//3155 3251//3249 3250//3248
f 3158//3156 3252//3250 3251//3249
f 3159//3157 3253//3251 3252//3250
f 3160//3158 3254//3252 3253//3251
f 3161//3159 3255//3253 3254//3252
f 3162//3160 3256//3254 3255//3253
f 3163//3161 3257//3255 3256//3254
f 3164//3162 3258//3256 3257//3255
f 3165//3163 3259//3257 3258//3256
f 3166//3164 3260//3258 3259//3257
f 3167//3166 3261//3260 3260//3258
f 3167//3166 3168//3165 3262//3259
f 3168//3165 3169//3167 3263//3261
f 3169//3167 3170//3168 3264//3262
f 3170//3168 3171//3169 3265//3263
f 3171//3169 3172//3170 3266//3264
f 3172//3170 3173//3171 3267//3265
f 3173//3171 3174//3172 3268//3266
f 3174//3172 3175//3173 3269//3267
f 3175//3173 3176//3174 3270//3268
f 3176//3174 3177//3175 3271//3269
f 3177//3175 3178//3176 3272//3270
f 3178//3176 3179//3177 3273//3271
f 3179//3177 3180//3178 3274//3272
f 3180//3178 3181//3179 3275//3273
f 3181//3179 3182//3180 3276//3274
f 3182//3180 3183//3181 3277//3275
f 3183//3181 3184//3182 3278//3276
f 3184//3182 3185//3183 3279//3277
f 3185//3183 3186//3184 3280//3278
f 3186//3184 3187//3185 3281//3279
f 3187//3185 3188//3186 3282//3280
f 3188//3186 3189//3187 3283//3281
f 3189//3187 3190//3188 3284//3282
f 3190//3188 3191//3189 3285//3283
f 3191//3189 3192//3190 3286//3284
f 3192//3190 3193//3191 3287//3285
f 3193//3191 3194//3192 3288//3286
f 3194//3192 3195//3193 3289//3287
f 3195//3193 3196//3194 3290//3288
f 3196//3194 3103//3101 3197//3196
f 3197//3196 3198//3195 3292//3289
f 3198//3195 3199//3197 3293//3291
f 3199//3197 3200//3198 3294//3292
f 3201//3199 3295//3293 3294//3292
f 3202//3200 3296//3294 3295//3293
f 3203//3201 3297//3295 3296//3294
f 3204//3202 3298//3296 3297//3295
f 3205//3203 3299//3297 3298//3296
f 3206//3204 3300//3298 3299//3297
f 3207//3205 3301//3299 3300//3298
f 3208//3206 3302//3300 3301//3299
f 3209//3207 3303//3301 3302//3300
f 3210//3208 3304//3303 3303//3301
f 3210//3208 3211//3209 3305//3302
f 3211//3209 3212//3210 3306//3304
f 3212//3210 3213//3211 3307//3305
f 3213//3211 3214//3212 3308//3306
f 3214//3212 3215//3213 3309//3307
f 3215//3213 3216//3214 3310//3308
f 3216//3214 3217//3215 3311//3309
f 3217//3215 3218//3217 3312//3310
f 3218//3217 3219//3216 3313//3311
f 3219//3216 3220//3218 3314//3312
f 3220//3218 3221//3219 3315//3313
f 3221//3219 3222//3220 3316//3314
f 3222//3220 3223//3221 3317//3315
f 3223//3221 3224//3222 3318//3316
f 3224//3222 3225//3223 3319//3317
f 3225//3223 3226//3224 3320//3318
f 3227//3225 3321//3319 3320//3318
f 3228//3226 3322//3320 3321//3319
f 3229//3227 3323//3321 3322//3320
f 3230//3228 3324//3322 3323//3321
f 3231//3229 3325//3323 3324//3322
f 3232//3230 3326//3324 3325//3323
f 3233//3231 3327//3325 3326//3324
f 3234//3232 3328//3326 3327//3325
f 3235//3233 3329//3327 3328//3326
f 3236//3234 3330//3328 3329//3327
f 3237//3235 3331//3329 3330//3328
f 3238//3236 3332//3330 3331//3329
f 3239//3237 3333//3331 3332//3330
f 3240//3238 3334//3332 3333//3331
f 3241//3239 3335//3333 3334//3332
f 3242//3240 3336//3334 3335//3333
f 3243//3241 3337//3335 3336//3334
f 3244//3242 3338//3336 3337//3335
f 3245//3243 3339//3337 3338//3336
f 3246//3244 3340//3338 3339//3337
f 3247//3245 3341//3339 3340//3338
f 3248//3246 3342//3340 3341//3339
f 3249//3247 3343//3341 3342//3340
f 3250//3248 3344//3342 3343//3341
f 3251//3249 3345//3343 3344//3342
f 3252//3250 3346//3344 3345//3343
f 3253//3251 3347//3345 3346//3344
f 3254//3252 3348//3346 3347//3345
f 3255//3253 3349//3347 3348//3346
f 3256//3254 3350//3348 3349//3347
f 3257//3255 3351//3349 3350//3348
f 3258//3256 3352//3350 3351//3349
f 3259//3257 3353//3351 3352//3350
f 3260//3258 3354//3352 3353//3351
f 3261//3260 3355//3353 3354//3352
f 3262//3259 3356//3355 3355//3353
f 3262//3259 3263//3261 3357//3354
f 3263//3261 3264//3262 3358//3356
f 3264//3262 3265//3263 3359//3357
f 3265//3263 3266//3264 3360//3358
f 3266//3264 3267//3265 3361//3359
f 3267//3265 3268//3266 3362//3360
f 3268//3266 3269//3267 3363//3361
f 3269//3267 3270//3268 3364//3362
f 3270//3268 3271//3269 3365//3363
f 3271//3269 3272//3270 3366//3364
f 3272//3270 3273//3271 3367//3365
f 3273//3271 3274//3272 3368//3366
f 3274//3272 3275//3273 3369//3367
f 3275//3273 3276//3274 3370//3368
f 3276//3274 3277//3275 3371//3369
f 3277//3275 3278//3276 3372//3370
f 3278//3276 3279//3277 3373//3371
f 3279//3277 3280//3278 3374//3372
f 3280//3278 3281//3279 3375//3373
f 3281//3279 3282//3280 3376//3374
f 3282//3280 3283//3281 3377//3375
f 3283//3281 3284//3282 3378//3376
f 3284//3282 3285//3283 3379//3377
f 3285//3283 3286//3284 3380//3378
f 3286//3284 3287//3285 3381//3379
f 3287//3285 3288//3286 3382//3380
f 3288//3286 3289//3287 3383//3381
f 3289//3287 3290//3288 3384//3382
f 3290//3288 3197//3196 3291//3290
f 3291//3290 3292//3289 3386//3383
f 3292//3289 3293//3291 3387//3385
f 3293//3291 3294//3292 3388//3386
f 3294//3292 3295//3293 3389//3387
f 3295//3293 3296//3294 3390//3388
f 3296//3294 3297//3295 3391//3389
f 3297//3295 3298//3296 3392//3390
f 3298//3296 3299//3297 3393//3391
f 3299//3297 3300//3298 3394//3392
f 3300//3298 3301//3299 3395//3393
f 3301//3299 3302//3300 3396//3394
f 3302//3300 3303//3301 3397//3395
f 3303//3301 3304//3303 3398//3396
f 3304//3303 3305//3302 3399//3397
f 3305//3302 3306//3304 3400//3398
f 3306//3304 3307//3305 3401//3399
f 3307//3305 3308//3306 3402//3400
f 3308//3306 3309//3307 3403//3401
f 3309//3307 3310//3308 3404//3402
f 3310//3308 3311//3309 3405//3403
f 3311//3309 3312//3310 3406//3404
f 3312//3310 3313//3311 3407//3405
f 3313//3311 3314//3312 3408//3406
f 3314//3312 3315//3313 3409//3407
f 3315//3313 3316//3314 3410//3408
f 3316//3314 3317//3315 3411//3409
f 3317//3315 3318//3316 3412//3410
f 3318//3316 3319//3317 3413//3411
f 3319//3317 3320//3318 3414//3412
f 3320//3318 3321//3319 3415//3413
f 3322//3320 3416//3414 3415//3413
f 3323//3321 3417//3415 3416//3414
f 3324//3322 3418//3416 3417//3415
f 3325//3323 3419//3417 3418//3416
f 3326//3324 3420//3418 3419//3417
f 3327//3325 3421//3419 3420//3418
f 3328//3326 3422//3420 3421//3419
f 3329//3327 3423//3421 3422//3420
f 3330//3328 3424//3422 3423//3421
f 3331//3329 3425//3423 3424//3422
f 3332//3330 3426//3424 3425//3423
f 3333//3331 3427//3425 3426//3424
f 3334//3332 3428//3426 3427//3425
f 3335//3333 3429//3427 3428//3426
f 3336//3334 3430//3428 3429//3427
f 3337//3335 3431//3429 3430//3428
f 3338//3336 3432//3430 3431//3429
f 3339//3337 3433//3431 3432//3430
f 3340//3338 3434//3432 3433//3431
f 3341//3339 3435//3433 3434//3432
f 3342//3340 3436//3434 3435//3433
f 3343//3341 3437//3435 3436//3434
f 3344//3342 3438//3436 3437//3435
f 3345//3343 3439//3437 3438//3436
f 3346//3344 3440//3438 3439//3437
f 3347//3345 3441//3439 3440//3438
f 3348//3346 3442//3440 3441//3439
f 3349//3347 3443//3441 3442//3440
f 3350//3348 3444//3442 3443//3441
f 3351//3349 3445//3443 3444//3442
f 3352//3350 3446//3444 3445//3443
f 3353//3351 3447//3445 3446//3444
f 3354//3352 3448//3446 3447//3445
f 3355//3353 3449//3447 3448//3446
f 3356//3355 3450//3448 3449//3447
f 3357//3354 3451//3450 3450//3448
f 3357//3354 3358//3356 3452//3449
f 3358//3356 3359//3357 3453//3451
f 3359//3357 3360//3358 3454//3452
f 3360//3358 3361//3359 3455//3453
f 3361//3359 3362//3360 3456//3454
f 3362//3360 3363//3361 3457//3455
f 3363//3361 3364//3362 3458//3456
f 3364//3362 3365//3363 3459//3457
f 3365//3363 3366//3364 3460//3458
f 3366//3364 3367//3365 3461//3459
f 3367//3365 3368//3366 3462//3460
f 3368//3366 3369//3367 3463//3461
f 3369//3367 3370//3368 3464//3462
f 3370//3368 3371//3369 3465//3463
f 3371//3369 3372//3370 3466//3464
f 3372//3370 3373//3371 3467//3465
f 3373//3371 3374//3372 3468//3466
f 3374//3372 3375//3373 3469//3467
f 3375//3373 3376//3374 3470//3468
f 3376//3374 3377//3375 3471//3469
f 3377//3375 3378//3376 3472//3470
f 3378//3376 3379//3377 3473//3471
f 3379//3377 3380//3378 3474//3472
f 3380//3378 3381//3379 3475//3473
f 3381//3379 3382//3380 3476//3474
f 3382//3380 3383//3381 3477//3475
f 3383//3381 3384//3382 3478//3476
f 3384//3382 3291//3290 3385//3384
f 3385//3384 3386//3383 3480//3477
f 3386//3383 3387//3385 3481//3479
f 3387//3385 3388//3386 3482//3480
f 3388//3386 3389//3387 3483//3481
f 3389//3387 3390//3388 3484//3482
f 3390//3388 3391//3389 3485//3483
f 3391//3389 3392//3390 3486//3484
f 3392//3390 3393//3391 3487//3485
f 3393//3391 3394//3392 3488//3486
f 3394//3392 3395//3393 3489//3487
f 3395//3393 3396//3394 3490//3488
f 3396//3394 3397//3395 3491//3489
f 3397//3395 3398//3396 3492//3490
f 3398//3396 3399//3397 3493//3491
f 3399//3397 3400//3398 3494//3492
f 3400//3398 3401//3399 3495//3493
f 3401//3399 3402//3400 3496//3494
f 3402//3400 3403//3401 3497//3495
f 3403//3401 3404//3402 3498//3496
f 3404//3402 3405//3403 3499//3497
f 3405//3403 3406//3404 3500//3498
f 3406//3404 3407//3405 3501//3499
f 3407//3405 3408//3406 3502//3500
f 3408//3406 3409//3407 3503//3501
f 3409//3407 3410//3408 3504//3502
f 3410//3408 3411//3409 3505//3503
f 3411//3409 3412//3410 3506//3504
f 3412//3410 3413//3411 3507//3505
f 3413//3411 3414//3412 3508//3506
f 3414//3412 3415//3413 3509//3507
f 3415//3413 3416//3414 3510//3508
f 3417//3415 3511//3509 3510//3508
f 3418//3416 3512//3510 3511//3509
f 3419//3417 3513//3511 3512//3510
f 3420//3418 3514//3512 3513//3511
f 3421//3419 3515//3513 3514//3512
f 3422//3420 3516//3514 3515//3513
f 3423//3421 3517//3515 3516//3514
f 3424//3422 3518//3516 3517//3515
f 3425//3423 3519//3517 3518//3516
f 3426//3424 3520//3518 3519//3517
f 3427//3425 3521//3519 3520//3518
f 3428//3426 3522//3520 3521//3519
f 3429//3427 3523//3521 3522//3520
f 3430//3428 3524//3522 3523//3521
f 3431//3429 3525//3523 3524//3522
f 3432//3430 3526//3524 3525//3523
f 3433//3431 3527//3525 3526//3524
f 3434//3432 3528//3526 3527//3525
f 3435//3433 3529//3527 3528//3526
f 3436//3434 3530//3528 3529//3527
f 3437//3435 3531//3529 3530//3528
f 3438//3436 3532//3530 3531//3529
f 3439//3437 3533//3531 3532//3530
f 3440//3438 3534//3532 3533//3531
f 3441//3439 3535//3533 3534//3532
f 3442//3440 3536//3534 3535//3533
f 3443//3441 3537//3535 3536//3534
f 3444//3442 3538//3536 3537//3535
f 3445//3443 3539//3537 3538//3536
f 3446//3444 3540//3538 3539//3537
f 3447//3445 3541//3539 3540//3538
f 3448//3446 3542//3540 3541//3539
f 3449//3447 3543//3541 3542//3540
f 3450//3448 3544//3542 3543//3541
f 3451//3450 3545//3544 3544//3542
f 3451//3450 3452//3449 3546//3543
f 3452//3449 3453//3451 3547//3545
f 3453//3451 3454//3452 3548//3546
f 3454//3452 3455//3453 3549//3547
f 3455//3453 3456//3454 3550//3548
f 3456//3454 3457//3455 3551//3549
f 3457//3455 3458//3456 3552//3550
f 3458//3456 3459//3457 3553//3551
f 3459//3457 3460//3458 3554//3552
f 3460//3458 3461//3459 3555//3553
f 3461//3459 3462//3460 3556//3554
f 3462//3460 3463//3461 3557//3555
f 3463//3461 3464//3462 3558//3556
f 3464//3462 3465//3463 3559//3557
f 3465//3463 3466//3464 3560//3558
f 3466//3464 3467//3465 3561//3559
f 3467//3465 3468//3466 3562//3560
f 3468//3466 3469//3467 3563//3561
f 3469//3467 3470//3468 3564//3562
f 3470//3468 3471//3469 3565//3563
f 3472//3470 3566//3564 3565//3563
f 3473//3471 3567//3565 3566//3564
f 3474//3472 3568//3566 3567//3565
f 3475//3473 3569//3567 3568//3566
f 3476//3474 3570//3569 3569//3567
f 3476//3474 3477//3475 3571//3568
f 3477//3475 3478//3476 3572//3570
f 3478//3476 3385//3384 3479//3478
f 3479//3478 3480//3477 3574//3571
f 3480//3477 3481//3479 3575//3573
f 3481//3479 3482//3480 3576//3574
f 3482//3480 3483//3481 3577//3575
f 3483//3481 3484//3482 3578//3576
f 3484//3482 3485//3483 3579//3577
f 3485//3483 3486//3484 3580//3578
f 3486//3484 3487//3485 3581//3579
f 3487//3485 3488//3486 3582//3580
f 3488//3486 3489//3487 3583//3581
f 3489//3487 3490//3488 3584//3582
f 3490//3488 3491//3489 3585//3583
f 3491//3489 3492//3490 3586//3584
f 3492//3490 3493//3491 3587//3585
f 3493//3491 3494//3492 3588//3586
f 3494//3492 3495//3493 3589//3587
f 3495//3493 3496//3494 3590//3588
f 3496//3494 3497//3495 3591//3589
f 3497//3495 3498//3496 3592//3590
f 3498//3496 3499//3497 3593//3591
f 3499//3497 3500//3498 3594//3592
f 3500//3498 3501//3499 3595//3593
f 3501//3499 3502//3500 3596//3594
f 3502//3500 3503//3501 3597//3595
f 3503//3501 3504//3502 3598//3596
f 3504//3502 3505//3503 3599//3597
f 3505//3503 3506//3504 3600//3598
f 3506//3504 3507//3505 3601//3599
f 3507//3505 3508//3506 3602//3600
f 3508//3506 3509//3507 3603//3601
f 3509//3507 3510//3508 3604//3602
f 3510//3508 3511//3509 3605//3603
f 3512//3510 3606//3604 3605//3603
f 3513//3511 3607//3605 3606//3604
f 3514//3512 3608//3606 3607//3605
f 3515//3513 3609//3607 3608//3606
f 3516//3514 3610//3608 3609//3607
f 3517//3515 3611//3609 3610//3608
f 3518//3516 3612//3610 3611//3609
f 3519//3517 3613//3611 3612//3610
f 3520//3518 3614//3612 3613//3611
f 3521//3519 3615//3613 3614//3612
f 3522//3520 3616//3614 3615//3613
f 3523//3521 3617//3615 3616//3614
f 3524//3522 3618//3616 3617//3615
f 3525//3523 3619//3617 3618//3616
f 3526//3524 3620//3618 3619//3617
f 3527//3525 3621//3619 3620//3618
f 3528//3526 3622//3620 3621//3619
f 3529//3527 3623//3621 3622//3620
f 3530//3528 3624//3622 3623//3621
f 3531//3529 3625//3623 3624//3622
f 3532//3530 3626//3624 3625//3623
f 3533//3531 3627//3625 3626//3624
f 3534//3532 3628//3626 3627//3625
f 3535//3533 3629//3627 3628//3626
f 3536//3534 3630//3628 3629//3627
f 3537//3535 3631//3629 3630//3628
f 3538//3536 3632//3630 3631//3629
f 3539//3537 3633//3631 3632//3630
f 3540//3538 3634//3632 3633//3631
f 3541//3539 3635//3633 3634//3632
f 3542//3540 3636//3634 3635//3633
f 3543//3541 3637//3635 3636//3634
f 3544//3542 3638//3636 3637//3635
f 3545//3544 3639//3637 3638//3636
f 3546//3543 3640//3639 3639//3637
f 3546//3543 3547//3545 3641//3638
f 3547//3545 3548//3546 3642//3640
f 3548//3546 3549//3547 3643//3641
f 3549//3547 3550//3548 3644//3642
f 3550//3548 3551//3549 3645//3643
f 3551//3549 3552//3550 3646//3644
f 3552//3550 3553//3551 3647//3645
f 3553//3551 3554//3552 3648//3646
f 3554//3552 3555//3553 3649//3647
f 3555//3553 3556//3554 3650//3648
f 3556//3554 3557//3555 3651//3649
f 3557//3555 3558//3556 3652//3650
f 3558//3556 3559//3557 3653//3651
f 3559//3557 3560//3558 3654//3652
f 3560//3558 3561//3559 3655//3653
f 3561//3559 3562//3560 3656//3654
f 3563//3561 3657//3655 3656//3654
f 3564//3562 3658//3656 3657//3655
f 3565//3563 3659//3657 3658//3656
f 3566//3564 3660//3658 3659//3657
f 3567//3565 3661//3659 3660//3658
f 3568//3566 3662//3660 3661//3659
f 3569//3567 3663//3661 3662//3660
f 3570//3569 3664//3662 3663//3661
f 3571//3568 3665//3663 3664//3662
f 3572//3570 3666//3664 3665//3663
f 3572//3570 3479//3478 3573//3572
f 3573//3572 3574//3571 3668//3665
f 3574//3571 3575//3573 3669//3667
f 3575//3573 3576//3574 3670//3668
f 3576//3574 3577//3575 3671//3669
f 3577//3575 3578//3576 3672//3670
f 3578//3576 3579//3577 3673//3671
f 3579//3577 3580//3578 3674//3672
f 3580//3578 3581//3579 3675//3673
f 3581//3579 3582//3580 3676//3674
f 3582//3580 3583//3581 3677//3675
f 3583//3581 3584//3582 3678//3676
f 3584//3582 3585//3583 3679//3677
f 3585//3583 3586//3584 3680//3678
f 3586//3584 3587//3585 3681//3679
f 3587//3585 3588//3586 3682//3680
f 3588//3586 3589//3587 3683//3681
f 3589//3587 3590//3588 3684//3682
f 3590//3588 3591//3589 3685//3683
f 3591//3589 3592//3590 3686//3684
f 3592//3590 3593//3591 3687//3685
f 3593//3591 3594//3592 3688//3686
f 3594//3592 3595//3593 3689//3687
f 3595//3593 3596//3594 3690//3688
f 3596//3594 3597//3595 3691//3689
f 3597//3595 3598//3596 3692//3690
f 3598//3596 3599//3597 3693//3691
f 3599//3597 3600//3598 3694//3692
f 3600//3598 3601//3599 3695//3693
f 3601//3599 3602//3600 3696//3694
f 3602//3600 3603//3601 3697//3695
f 3603//3601 3604//3602 3698//3696
f 3604//3602 3605//3603 3699//3697
f 3606//3604 3700//3698 3699//3697
f 3607//3605 3701//3699 3700//3698
f 3608//3606 3702//3700 3701//3699
f 3609//3607 3703//3701 3702//3700
f 3610//3608 3704//3702 3703//3701
f 3611//3609 3705//3703 3704//3702
f 3612//3610 3706//3704 3705//3703
f 3613//3611 3707//3705 3706//3704
f 3614//3612 3708//3706 3707//3705
f 3615//3613 3709//3707 3708//3706
f 3616//3614 3710//3708 3709//3707
f 3617//3615 3711//3709 3710//3708
f 3618//3616 3712//3710 3711//3709
f 3619//3617 3713//3711 3712//3710
f 3620//3618 3714//3712 3713//3711
f 3621//3619 3715//3713 3714//3712
f 3622//3620 3716//3714 3715//3713
f 3623//3621 3717//3715 3716//3714
f 3624//3622 3718//3716 3717//3715
f 3625//3623 3719//3717 3718//3716
f 3626//3624 3720//3718 3719//3717
f 3627//3625 3721//3719 3720//3718
f 3628//3626 3722//3720 3721//3719
f 3629//3627 3723//3721 3722//3720
f 3630//3628 3724//3722 3723//3721
f 3631//3629 3725//3723 3724//3722
f 3632//3630 3726//3724 3725//3723
f 3633//3631 3727//3725 3726//3724
f 3634//3632 3728//3726 3727//3725
f 3635//3633 3729//3727 3728//3726
f 3636//3634 3730//3728 3729//3727
f 3637//3635 3731//3729 3730//3728
f 3638//3636 3732//3730 3731//3729
f 3639//3637 3733//3731 3732//3730
f 3640//3639 3734//3733 3733//3731
f 3640//3639 3641//3638 3735//3732
f 3641//3638 3642//3640 3736//3734
f 3642//3640 3643//3641 3737//3735
f 3643//3641 3644//3642 3738//3736
f 3644//3642 3645//3643 3739//3737
f 3645//3643 3646//3644 3740//3738
f 3646//3644 3647//3645 3741//3739
f 3647//3645 3648//3646 3742//3740
f 3648//3646 3649//3647 3743//3741
f 3649//3647 3650//3648 3744//3742
f 3650//3648 3651//3649 3745//3743
f 3651//3649 3652//3650 3746//3744
f 3652//3650 3653//3651 3747//3745
f 3653//3651 3654//3652 3748//3746
f 3654//3652 3655//3653 3749//3747
f 3655//3653 3656//3654 3750//3748
f 3657//3655 3751//3749 3750//3748
f 3658//3656 3752//3750 3751//3749
f 3659//3657 3753//3751 3752//3750
f 3660//3658 3754//3752 3753//3751
f 3661//3659 3755//3753 3754//3752
f 3662//3660 3756//3754 3755//3753
f 3663//3661 3757//3755 3756//3754
f 3664//3662 3758//3756 3757//3755
f 3665//3663 3759//3757 3758//3756
f 3666//3664 3760//3758 3759//3757
f 3666//3664 3573//3572 3667//3666
f 3667//3666 3668//3665 3762//3759
f 3668//3665 3669//3667 3763//3761
f 3669//3667 3670//3668 3764//3762
f 3670//3668 3671//3669 3765//3763
f 3671//3669 3672//3670 3766//3764
f 3672//3670 3673//3671 3767//3765
f 3673//3671 3674//3672 3768//3766
f 3674//3672 3675//3673 3769//3767
f 3675//3673 3676//3674 3770//3768
f 3676//3674 3677//3675 3771//3769
f 3677//3675 3678//3676 3772//3770
f 3678//3676 3679//3677 3773//3771
f 3679//3677 3680//3678 3774//3772
f 3680//3678 3681//3679 3775//3773
f 3681//3679 3682//3680 3776//3774
f 3682//3680 3683//3681 3777//3775
f 3683//3681 3684//3682 3778//3776
f 3684//3682 3685//3683 3779//3777
f 3685//3683 3686//3684 3780//3778
f 3686//3684 3687//3685 3781//3779
f 3687//3685 3688//3686 3782//3780
f 3688//3686 3689//3687 3783//3781
f 3689//3687 3690//3688 3784//3782
f 3690//3688 3691//3689 3785//3783
f 3691//3689 3692//3690 3786//3784
f 3692//3690 3693//3691 3787//3785
f 3693//3691 3694//3692 3788//3786
f 3694//3692 3695//3693 3789//3787
f 3695//3693 3696//3694 3790//3788
f 3696//3694 3697//3695 3791//3789
f 3697//3695 3698//3696 3792//3790
f 3698//3696 3699//3697 3793//3791
f 3700//3698 3794//3792 3793//3791
f 3701//3699 3795//3793 3794//3792
f 3702//3700 3796//3794 3795//3793
f 3703//3701 3797//3795 3796//3794
f 3704//3702 3798//3796 3797//3795
f 3705//3703 3799//3797 3798//3796
f 3706//3704 3800//3798 3799//3797
f 3707//3705 3801//3799 3800//3798
f 3708//3706 3802//3800 3801//3799
f 3709//3707 3803//3801 3802//3800
f 3710//3708 3804//3802 3803//3801
f 3711//3709 3805//3803 3804//3802
f 3712//3710 3806//3804 3805//3803
f 3713//3711 3807//3805 3806//3804
f 3714//3712 3808//3806 3807//3805
f 3715//3713 3809//3807 3808//3806
f 3716//3714 3810//3808 3809//3807
f 3717//3715 3811//3809 3810//3808
f 3718//3716 3812//3810 3811//3809
f 3719//3717 3813//3811 3812//3810
f 3720//3718 3814//3812 3813//3811
f 3721//3719 3815//3813 3814//3812
f 3722//3720 3816//3814 3815//3813
f 3723//3721 3817//3815 3816//3814
f 3724//3722 3818//3816 3817//3815
f 3725//3723 3819//3817 3818//3816
f 3726//3724 3820//3818 3819//3817
f 3727//3725 3821//3819 3820//3818
f 3728//3726 3822//3820 3821//3819
f 3729//3727 3823//3821 3822//3820
f 3730//3728 3824//3822 3823//3821
f 3731//3729 3825//3823 3824//3822
f 3732//3730 3826//3824 3825//3823
f 3733//3731 3827//3825 3826//3824
f 3734//3733 3828//3827 3827//3825
f 3734//3733 3735//3732 3829//3826
f 3735//3732 3736//3734 3830//3828
f 3736//3734 3737//3735 3831//3829
f 3737//3735 3738//3736 3832//3830
f 3738//3736 3739//3737 3833//3831
f 3739//3737 3740//3738 3834//3832
f 3740//3738 3741//3739 3835//3833
f 3741//3739 3742//3740 3836//3834
f 3742//3740 3743//3741 3837//3835
f 3743//3741 3744//3742 3838//3836
f 3744//3742 3745//3743 3839//3837
f 3745//3743 3746//3744 3840//3838
f 3746//3744 3747//3745 3841//3839
f 3747//3745 3748//3746 3842//3840
f 3748//3746 3749//3747 3843//3841
f 3749//3747 3750//3748 3844//3842
f 3750//3748 3751//3749 3845//3843
f 3751//3749 3752//3750 3846//3844
f 3753//3751 3847//3845 3846//3844
f 3754//3752 3848//3846 3847//3845
f 3755//3753 3849//3847 3848//3846
f 3756//3754 3850//3848 3849//3847
f 3757//3755 3851//3849 3850//3848
f 3758//3756 3852//3850 3851//3849
f 3759//3757 3853//3851 3852//3850
f 3760//3758 3854//3852 3853//3851
f 3760//3758 3667//3666 3761//3760
f 3761//3760 3762//3759 3856//3853
f 3762//3759 3763//3761 3857//3855
f 3763//3761 3764//3762 3858//3856
f 3764//3762 3765//3763 3859//3857
f 3765//3763 3766//3764 3860//3858
f 3766//3764 3767//3765 3861//3859
f 3767//3765 3768//3766 3862//3860
f 3768//3766 3769//3767 3863//3861
f 3769//3767 3770//3768 3864//3862
f 3770//3768 3771//3769 3865//3863
f 3771//3769 3772//3770 3866//3864
f 3772//3770 3773//3771 3867//3865
f 3773//3771 3774//3772 3868//3866
f 3774//3772 3775//3773 3869//3867
f 3775//3773 3776//3774 3870//3868
f 3776//3774 3777//3775 3871//3869
f 3777//3775 3778//3776 3872//3870
f 3778//3776 3779//3777 3873//3871
f 3779//3777 3780//3778 3874//3872
f 3780//3778 3781//3779 3875//3873
f 3781//3779 3782//3780 3876//3874
f 3782//3780 3783//3781 3877//3875
f 3783//3781 3784//3782 3878//3876
f 3784//3782 3785//3783 3879//3877
f 3785//3783 3786//3784 3880//3878
f 3786//3784 3787//3785 3881//3879
f 3787//3785 3788//3786 3882//3880
f 3788//3786 3789//3787 3883//3881
f 3789//3787 3790//3788 3884//3882
f 3790//3788 3791//3789 3885//3883
f 3791//3789 3792//3790 3886//3884
f 3792//3790 3793//3791 3887//3885
f 3794//3792 3888//3886 3887//3885
f 3795//3793 3889//3887 3888//3886
f 3796//3794 3890//3888 3889//3887
f 3797//3795 3891//3889 3890//3888
f 3798//3796 3892//3890 3891//3889
f 3799//3797 3893//3891 3892//3890
f 3800//3798 3894//3892 3893//3891
f 3801//3799 3895//3893 3894//3892
f 3802//3800 3896//3894 3895//3893
f 3803//3801 3897//3895 3896//3894
f 3804//3802 3898//3896 3897//3895
f 3805//3803 3899//3897 3898//3896
f 3806//3804 3900//3898 3899//3897
f 3807//3805 3901//3899 3900//3898
f 3808//3806 3902//3900 3901//3899
f 3809//3807 3903//3901 3902//3900
f 3810//3808 3904//3902 3903//3901
f 3811//3809 3905//3903 3904//3902
f 3812//3810 3906//3904 3905//3903
f 3813//3811 3907//3905 3906//3904
f 3814//3812 3908//3906 3907//3905
f 3815//3813 3909//3907 3908//3906
f 3816//3814 3910//3908 3909//3907
f 3817//3815 3911//3909 3910//3908
f 3818//3816 3912//3910 3911//3909
f 3819//3817 3913//3911 3912//3910
f 3820//3818 3914//3912 3913//3911
f 3821//3819 3915//3913 3914//3912
f 3822//3820 3916//3914 3915//3913
f 3823//3821 3917//3915 3916//3914
f 3824//3822 3918//3916 3917//3915
f 3825//3823 3919//3917 3918//3916
f 3826//3824 3920//3918 3919//3917
f 3827//3825 3921//3920 3920//3918
f 3827//3825 3828//3827 3922//3919
f 3828//3827 3829//3826 3923//3921
f 3829//3826 3830//3828 3924//3922
f 3830//3828 3831//3829 3925//3923
f 3831//3829 3832//3830 3926//3924
f 3832//3830 3833//3831 3927//3925
f 3833//3831 3834//3832 3928//3926
f 3834//3832 3835//3833 3929//3927
f 3835//3833 3836//3834 3930//3928
f 3836//3834 3837//3835 3931//3929
f 3837//3835 3838//3836 3932//3930
f 3838//3836 3839//3837 3933//3931
f 3839//3837 3840//3838 3934//3932
f 3840//3838 3841//3839 3935//3933
f 3841//3839 3842//3840 3936//3934
f 3842//3840 3843//3841 3937//3935
f 3843//3841 3844//3842 3938//3936
f 3844//3842 3845//3843 3939//3937
f 3845//3843 3846//3844 3940//3938
f 3846//3844 3847//3845 3941//3939
f 3847//3845 3848//3846 3942//3940
f 3848//3846 3849//3847 3943//3941
f 3849//3847 3850//3848 3944//3942
f 3850//3848 3851//3849 3945//3942
f 3851//3849 3852//3850 3946//3943
f 3852//3850 3853//3851 3947//3944
f 3853//3851 3854//3852 3948//3945
f 3854//3852 3761//3760 3855//3854
f 3856//3853 3950//3947 3949//3946
f 3857//3855 3951//3947 3950//3947
f 3858//3856 3952//3948 3951//3947
f 3859//3857 3953//3949 3952//3948
f 3860//3858 3954//3950 3953//3949
f 3861//3859 3955//3951 3954//3950
f 3862//3860 3956//3952 3955//3951
f 3863//3861 3957//3953 3956//3952
f 3864//3862 3958//3954 3957//3953
f 3865//3863 3959//3955 3958//3954
f 3866//3864 3960//3956 3959//3955
f 3867//3865 3961//3957 3960//3956
f 3868//3866 3962//3959 3961//3957
f 3868//3866 3869//3867 3963//3958
f 3869//3867 3870//3868 3964//3960
f 3870//3868 3871//3869 3965//3961
f 3871//3869 3872//3870 3966//3962
f 3872//3870 3873//3871 3967//3963
f 3873//3871 3874//3872 3968//3964
f 3874//3872 3875//3873 3969//3965
f 3875//3873 3876//3874 3970//3966
f 3876//3874 3877//3875 3971//3967
f 3877//3875 3878//3876 3972//3968
f 3878//3876 3879//3877 3973//3969
f 3879//3877 3880//3878 3974//3970
f 3880//3878 3881//3879 3975//3971
f 3881//3879 3882//3880 3976//3972
f 3882//3880 3883//3881 3977//3973
f 3883//3881 3884//3882 3978//3974
f 3884//3882 3885//3883 3979//3975
f 3885//3883 3886//3884 3980//3976
f 3887//3885 3981//3977 3980//3976
f 3888//3886 3982//3978 3981//3977
f 3889//3887 3983//3979 3982//3978
f 3890//3888 3984//3980 3983//3979
f 3891//3889 3985//3981 3984//3980
f 3892//3890 3986//3982 3985//3981
f 3893//3891 3987//3983 3986//3982
f 3894//3892 3988//3984 3987//3983
f 3895//3893 3989//3985 3988//3984
f 3896//3894 3990//3986 3989//3985
f 3897//3895 3991//3987 3990//3986
f 3898//3896 3992//3988 3991//3987
f 3899//3897 3993//3989 3992//3988
f 3900//3898 3994//3990 3993//3989
f 3901//3899 3995//3991 3994//3990
f 3902//3900 3996//3992 3995//3991
f 3903//3901 3997//3993 3996//3992
f 3904//3902 3998//3994 3997//3993
f 3905//3903 3999//3995 3998//3994
f 3906//3904 4000//3996 3999//3995
f 3907//3905 4001//3997 4000//3996
f 3908//3906 4002//3998 4001//3997
f 3909//3907 4003//3999 4002//3998
f 3910//3908 4004//4000 4003//3999
f 3911//3909 4005//4001 4004//4000
f 3912//3910 4006//4002 4005//4001
f 3913//3911 4007//4003 4006//4002
f 3914//3912 4008//4004 4007//4003
f 3915//3913 4009//4005 4008//4004
f 3916//3914 4010//4006 4009//4005
f 3917//3915 4011//4007 4010//4006
f 3918//3916 4012//4008 4011//4007
f 3919//3917 4013//4009 4012//4008
f 3920//3918 4014//4010 4013//4009
f 3921//3920 4015//4012 4014//4010
f 3921//3920 3922//3919 4016//4011
f 3922//3919 3923//3921 4017//4013
f 3923//3921 3924//3922 4018//4014
f 3924//3922 3925//3923 4019//4015
f 3925//3923 3926//3924 4020//4016
f 3926//3924 3927//3925 4021//4017
f 3927//3925 3928//3926 4022//4018
f 3928//3926 3929//3927 4023//4019
f 3929//3927 3930//3928 4024//4020
f 3930//3928 3931//3929 4025//4021
f 3931//3929 3932//3930 4026//4022
f 3932//3930 3933//3931 4027//4023
f 3933//3931 3934//3932 4028//4024
f 3934//3932 3935//3933 4029//4025
f 3935//3933 3936//3934 4030//4026
f 3936//3934 3937//3935 4031//4027
f 3937//3935 3938//3936 4032//4028
f 3938//3936 3939//3937 4033//4029
f 3939//3937 3940//3938 4034//4030
f 3940//3938 3941//3939 4035//4031
f 3941//3939 3942//3940 4036//4032
f 3942//3940 3943//3941 4037//4033
f 3943//3941 3944//3942 4038//4034
f 3944//3942 3945//3942 4039//4035
f 3945//3942 3946//3943 4040//4036
f 3946//3943 3947//3944 4041//4037
f 3947//3944 3948//3945 4042//4038
f 3948//3945 3855//3854 3949//3946
f 3950//3947 4044//4040 4043//4039
f 3951//3947 4045//4040 4044//4040
f 3952//3948 4046//4041 4045//4040
f 3953//3949 4047//4042 4046//4041
f 3954//3950 4048//4043 4047//4042
f 3955//3951 4049//4044 4048//4043
f 3956//3952 4050//4045 4049//4044
f 3957//3953 4051//4046 4050//4045
f 3958//3954 4052//4047 4051//4046
f 3959//3955 4053//4048 4052//4047
f 3960//3956 4054//4049 4053//4048
f 3961//3957 4055//4050 4054//4049
f 3962//3959 4056//4051 4055//4050
f 3963//3958 4057//4052 4056//4051
f 3964//3960 4058//4053 4057//4052
f 3965//3961 4059//4054 4058//4053
f 3966//3962 4060//4055 4059//4054
f 3967//3963 4061//4056 4060//4055
f 3968//3964 4062//4057 4061//4056
f 3969//3965 4063//4059 4062//4057
f 3969//3965 3970//3966 4064//4058
f 3970//3966 3971//3967 4065//4060
f 3971//3967 3972//3968 4066//4061
f 3972//3968 3973//3969 4067//4062
f 3973//3969 3974//3970 4068//4063
f 3974//3970 3975//3971 4069//4064
f 3975//3971 3976//3972 4070//4065
f 3976//3972 3977//3973 4071//4066
f 3977//3973 3978//3974 4072//4067
f 3978//3974 3979//3975 4073//4068
f 3979//3975 3980//3976 4074//4069
f 3981//3977 4075//4070 4074//4069
f 3982//3978 4076//4071 4075//4070
f 3983//3979 4077//4072 4076//4071
f 3984//3980 4078//4073 4077//4072
f 3985//3981 4079//4074 4078//4073
f 3986//3982 4080//4075 4079//4074
f 3987//3983 4081//4076 4080//4075
f 3988//3984 4082//4077 4081//4076
f 3989//3985 4083//4078 4082//4077
f 3990//3986 4084//4079 4083//4078
f 3991//3987 4085//4080 4084//4079
f 3992//3988 4086//4081 4085//4080
f 3993//3989 4087//4082 4086//4081
f 3994//3990 4088//4083 4087//4082
f 3995//3991 4089//4084 4088//4083
f 3996//3992 4090//4085 4089//4084
f 3997//3993 4091//4086 4090//4085
f 3998//3994 4092//4087 4091//4086
f 3999//3995 4093//4088 4092//4087
f 4000//3996 4094//4089 4093//4088
f 4001//3997 4095//4090 4094//4089
f 4002//3998 4096//4091 4095//4090
f 4003//3999 4097//4092 4096//4091
f 4004//4000 4098//4093 4097//4092
f 4005//4001 4099//4094 4098//4093
f 4006//4002 4100//4095 4099//4094
f 4007//4003 4101//4096 4100//4095
f 4008//4004 4102//4097 4101//4096
f 4009//4005 4103//4098 4102//4097
f 4010//4006 4104//4099 4103//4098
f 4011//4007 4105//4100 4104//4099
f 4012//4008 4106//4101 4105//4100
f 4013//4009 4107//4102 4106//4101
f 4014//4010 4108//4104 4107//4102
f 4014//4010 4015//4012 4109//4103
f 4015//4012 4016//4011 4110//4105
f 4016//4011 4017//4013 4111//4106
f 4017//4013 4018//4014 4112//4107
f 4018//4014 4019//4015 4113//4108
f 4019//4015 4020//4016 4114//4109
f 4020//4016 4021//4017 4115//4110
f 4021//4017 4022//4018 4116//4111
f 4022//4018 4023//4019 4117//4112
f 4023//4019 4024//4020 4118//4113
f 4024//4020 4025//4021 4119//4114
f 4025//4021 4026//4022 4120//4115
f 4026//4022 4027//4023 4121//4116
f 4027//4023 4028//4024 4122//4117
f 4028//4024 4029//4025 4123//4118
f 4029//4025 4030//4026 4124//4119
f 4030//4026 4031//4027 4125//4120
f 4031//4027 4032//4028 4126//4121
f 4032//4028 4033//4029 4127//4122
f 4033//4029 4034//4030 4128//4123
f 4034//4030 4035//4031 4129//4124
f 4035//4031 4036//4032 4130//4125
f 4036//4032 4037//4033 4131//4126
f 4037//4033 4038//4034 4132//4127
f 4038//4034 4039//4035 4133//4128
f 4039//4035 4040//4036 4134//4129
f 4040//4036 4041//4037 4135//4130
f 4041//4037 4042//4038 4136//4131
f 4042//4038 3949//3946 4043//4039
f 4044//4040 4138//4133 4137//4132
f 4045//4040 4139//4133 4138//4133
f 4046//4041 4140//4134 4139//4133
f 4047//4042 4141//4135 4140//4134
f 4048//4043 4142//4136 4141//4135
f 4049//4044 4143//4137 4142//4136
f 4050//4045 4144//4138 4143//4137
f 4051//4046 4145//4139 4144//4138
f 4052//4047 4146//4140 4145//4139
f 4053//4048 4147//4141 4146//4140
f 4054//4049 4148//4142 4147//4141
f 4055//4050 4149//4143 4148//4142
f 4056//4051 4150//4144 4149//4143
f 4057//4052 4151//4145 4150//4144
f 4058//4053 4152//4146 4151//4145
f 4059//4054 4153//4147 4152//4146
f 4060//4055 4154//4148 4153//4147
f 4061//4056 4155//4149 4154//4148
f 4062//4057 4156//4150 4155//4149
f 4063//4059 4157//4151 4156//4150
f 4064//4058 4158//4152 4157//4151
f 4065//4060 4159//4153 4158//4152
f 4066//4061 4160//4154 4159//4153
f 4067//4062 4161//4156 4160//4154
f 4067//4062 4068//4063 4162//4155
f 4068//4063 4069//4064 4163//4157
f 4069//4064 4070//4065 4164//4158
f 4070//4065 4071//4066 4165//4159
f 4071//4066 4072//4067 4166//4160
f 4073//4068 4167//4161 4166//4160
f 4074//4069 4168//4162 4167//4161
f 4075//4070 4169//4163 4168//4162
f 4076//4071 4170//4164 4169//4163
f 4077//4072 4171//4165 4170//4164
f 4078//4073 4172//4166 4171//4165
f 4079//4074 4173//4167 4172//4166
f 4080//4075 4174//4168 4173//4167
f 4081//4076 4175//4169 4174//4168
f 4082//4077 4176//4170 4175//4169
f 4083//4078 4177//4171 4176//4170
f 4084//4079 4178//4172 4177//4171
f 4085//4080 4179//4173 4178//4172
f 4086//4081 4180//4174 4179//4173
f 4087//4082 4181//4175 4180//4174
f 4088//4083 4182//4176 4181//4175
f 4089//4084 4183//4177 4182//4176
f 4090//4085 4184//4178 4183//4177
f 4091//4086 4185//4179 4184//4178
f 4092//4087 4186//4180 4185//4179
f 4093//4088 4187//4181 4186//4180
f 4094//4089 4188//4182 4187//4181
f 4095//4090 4189//4183 4188//4182
f 4096//4091 4190//4184 4189//4183
f 4097//4092 4191//4185 4190//4184
f 4098//4093 4192//4186 4191//4185
f 4099//4094 4193//4187 4192//4186
f 4100//4095 4194//4188 4193//4187
f 4101//4096 4195//4189 4194//4188
f 4102//4097 4196//4190 4195//4189
f 4103//4098 4197//4191 4196//4190
f 4104//4099 4198//4192 4197//4191
f 4105//4100 4199//4193 4198//4192
f 4106//4101 4200//4194 4199//4193
f 4107//4102 4201//4195 4200//4194
f 4108//4104 4202//4197 4201//4195
f 4108//4104 4109//4103 4203//4196
f 4109//4103 4110//4105 4204//4198
f 4110//4105 4111//4106 4205//4199
f 4111//4106 4112//4107 4206//4200
f 4112//4107 4113//4108 4207//4201
f 4113//4108 4114//4109 4208//4202
f 4114//4109 4115//4110 4209//4203
f 4115//4110 4116//4111 4210//4204
f 4116//4111 4117//4112 4211//4205
f 4117//4112 4118//4113 4212//4206
f 4118//4113 4119//4114 4213//4207
f 4119//4114 4120//4115 4214//4208
f 4120//4115 4121//4116 4215//4209
f 4121//4116 4122//4117 4216//4210
f 4122//4117 4123//4118 4217//4211
f 4123//4118 4124//4119 4218//4212
f 4124//4119 4125//4120 4219//4213
f 4125//4120 4126//4121 4220//4214
f 4126//4121 4127//4122 4221//4215
f 4127//4122 4128//4123 4222//4216
f 4128//4123 4129//4124 4223//4217
f 4129//4124 4130//4125 4224//4218
f 4130//4125 4131//4126 4225//4219
f 4131//4126 4132//4127 4226//4220
f 4132//4127 4133//4128 4227//4221
f 4133//4128 4134//4129 4228//4222
f 4134//4129 4135//4130 4229//4223
f 4135//4130 4136//4131 4230//4224
f 4136//4131 4043//4039 4137//4132
f 4138//4133 4232//4226 4231//4225
f 4139//4133 4233//4227 4232//4226
f 4140//4134 4234//4228 4233//4227
f 4141//4135 4235//4229 4234//4228
f 4142//4136 4236//4230 4235//4229
f 4143//4137 4237//4231 4236//4230
f 4144//4138 4238//4232 4237//4231
f 4145//4139 4239//4233 4238//4232
f 4146//4140 4240//4234 4239//4233
f 4147//4141 4241//4235 4240//4234
f 4148//4142 4242//4236 4241//4235
f 4149//4143 4243//4237 4242//4236
f 4150//4144 4244//4238 4243//4237
f 4151//4145 4245//4239 4244//4238
f 4152//4146 4246//4240 4245//4239
f 4153//4147 4247//4241 4246//4240
f 4154//4148 4248//4242 4247//4241
f 4155//4149 4249//4243 4248//4242
f 4156//4150 4250//4244 4249//4243
f 4157//4151 4251//4245 4250//4244
f 4158//4152 4252//4246 4251//4245
f 4159//4153 4253//4247 4252//4246
f 4160//4154 4254//4248 4253//4247
f 4161//4156 4255//4249 4254//4248
f 4162//4155 4256//4250 4255//4249
f 4163//4157 4257//4251 4256//4250
f 4164//4158 4258//4252 4257//4251
f 4165//4159 4259//4253 4258//4252
f 4166//4160 4260//4254 4259//4253
f 4167//4161 4261//4255 4260//4254
f 4168//4162 4262//4256 4261//4255
f 4169//4163 4263//4257 4262//4256
f 4170//4164 4264//4258 4263//4257
f 4171//4165 4265//4259 4264//4258
f 4172//4166 4266//4260 4265//4259
f 4173//4167 4267//4261 4266//4260
f 4174//4168 4268//4262 4267//4261
f 4175//4169 4269//4263 4268//4262
f 4176//4170 4270//4264 4269//4263
f 4177//4171 4271//4265 4270//4264
f 4178//4172 4272//4266 4271//4265
f 4179//4173 4273//4267 4272//4266
f 4180//4174 4274//4268 4273//4267
f 4181//4175 4275//4269 4274//4268
f 4182//4176 4276//4270 4275//4269
f 4183//4177 4277//4271 4276//4270
f 4184//4178 4278//4272 4277//4271
f 4185//4179 4279//4273 4278//4272
f 4186//4180 4280//4274 4279//4273
f 4187//4181 4281//4275 4280//4274
f 4188//4182 4282//4276 4281//4275
f 4189//4183 4283//4277 4282//4276
f 4190//4184 4284//4278 4283//4277
f 4191//4185 4285//4279 4284//4278
f 4192//4186 4286//4280 4285//4279
f 4193//4187 4287//4281 4286//4280
f 4194//4188 4288//4282 4287//4281
f 4195//4189 4289//4283 4288//4282
f 4196//4190 4290//4284 4289//4283
f 4197//4191 4291//4285 4290//4284
f 4198//4192 4292//4286 4291//4285
f 4199//4193 4293//4287 4292//4286
f 4200//4194 4294//4288 4293//4287
f 4201//4195 4295//4290 4294//4288
f 4201//4195 4202//4197 4296//4289
f 4202//4197 4203//4196 4297//4291
f 4203//4196 4204//4198 4298//4292
f 4204//4198 4205//4199 4299//4293
f 4205//4199 4206//4200 4300//4294
f 4206//4200 4207//4201 4301//4295
f 4207//4201 4208//4202 4302//4296
f 4208//4202 4209//4203 4303//4297
f 4209//4203 4210//4204 4304//4298
f 4210//4204 4211//4205 4305//4299
f 4211//4205 4212//4206 4306//4300
f 4212//4206 4213//4207 4307//4301
f 4213//4207 4214//4208 4308//4302
f 4214//4208 4215//4209 4309//4303
f 4215//4209 4216//4210 4310//4304
f 4216//4210 4217//4211 4311//4305
f 4217//4211 4218//4212 4312//4306
f 4218//4212 4219//4213 4313//4307
f 4219//4213 4220//4214 4314//4308
f 4220//4214 4221//4215 4315//4309
f 4221//4215 4222//4216 4316//4310
f 4222//4216 4223//4217 4317//4311
f 4223//4217 4224//4218 4318//4312
f 4224//4218 4225//4219 4319//4313
f 4225//4219 4226//4220 4320//4314
f 4226//4220 4227//4221 4321//4315
f 4227//4221 4228//4222 4322//4316
f 4228//4222 4229//4223 4323//4317
f 4229//4223 4230//4224 4324//4318
f 4230//4224 4137//4132 4231//4225
f 4232//4226 4326//4320 4325//4319
f 4233//4227 4327//4321 4326//4320
f 4234//4228 4328//4322 4327//4321
f 4235//4229 4329//4323 4328//4322
f 4236//4230 4330//4324 4329//4323
f 4237//4231 4331//4325 4330//4324
f 4238//4232 4332//4326 4331//4325
f 4239//4233 4333//4327 4332//4326
f 4240//4234 4334//4328 4333//4327
f 4241//4235 4335//4329 4334//4328
f 4242//4236 4336//4330 4335//4329
f 4243//4237 4337//4331 4336//4330
f 4244//4238 4338//4332 4337//4331
f 4245//4239 4339//4333 4338//4332
f 4246//4240 4340//4334 4339//4333
f 4247//4241 4341//4335 4340//4334
f 4248//4242 4342//4336 4341//4335
f 4249//4243 4343//4337 4342//4336
f 4250//4244 4344//4338 4343//4337
f 4251//4245 4345//4339 4344//4338
f 4252//4246 4346//4340 4345//4339
f 4253//4247 4347//4341 4346//4340
f 4254//4248 4348//4342 4347//4341
f 4255//4249 4349//4343 4348//4342
f 4256//4250 4350//4344 4349//4343
f 4257//4251 4351//4345 4350//4344
f 4258//4252 4352//4346 4351//4345
f 4259//4253 4353//4347 4352//4346
f 4260//4254 4354//4348 4353//4347
f 4261//4255 4355//4349 4354//4348
f 4262//4256 4356//4350 4355//4349
f 4263//4257 4357//4351 4356//4350
f 4264//4258 4358//4352 4357//4351
f 4265//4259 4359//4353 4358//4352
f 4266//4260 4360//4354 4359//4353
f 4267//4261 4361//4355 4360//4354
f 4268//4262 4362//4356 4361//4355
f 4269//4263 4363//4357 4362//4356
f 4270//4264 4364//4358 4363//4357
f 4271//4265 4365//4359 4364//4358
f 4272//4266 4366//4360 4365//4359
f 4273//4267 4367//4361 4366//4360
f 4274//4268 4368//4362 4367//4361
f 4275//4269 4369//4363 4368//4362
f 4276//4270 4370//4364 4369//4363
f 4277//4271 4371//4365 4370//4364
f 4278//4272 4372//4366 4371//4365
f 4279//4273 4373//4367 4372//4366
f 4280//4274 4374//4368 4373//4367
f 4281//4275 4375//4369 4374//4368
f 4282//4276 4376//4370 4375//4369
f 4283//4277 4377//4371 4376//4370
f 4284//4278 4378//4372 4377//4371
f 4285//4279 4379//4373 4378//4372
f 4286//4280 4380//4374 4379//4373
f 4287//4281 4381//4375 4380//4374
f 4288//4282 4382//4376 4381//4375
f 4289//4283 4383//4377 4382//4376
f 4290//4284 4384//4378 4383//4377
f 4291//4285 4385//4379 4384//4378
f 4292//4286 4386//4380 4385//4379
f 4293//4287 4387//4381 4386//4380
f 4294//4288 4388//4382 4387//4381
f 4295//4290 4389//4384 4388//4382
f 4295//4290 4296//4289 4390//4383
f 4296//4289 4297//4291 4391//4385
f 4297//4291 4298//4292 4392//4386
f 4298//4292 4299//4293 4393//4387
f 4299//4293 4300//4294 4394//4388
f 4300//4294 4301//4295 4395//4389
f 4301//4295 4302//4296 4396//4390
f 4302//4296 4303//4297 4397//4391
f 4303//4297 4304//4298 4398//4392
f 4304//4298 4305//4299 4399//4393
f 4305//4299 4306//4300 4400//4394
f 4306//4300 4307//4301 4401//4395
f 4307//4301 4308//4302 4402//4396
f 4308//4302 4309//4303 4403//4397
f 4309//4303 4310//4304 4404//4398
f 4310//4304 4311//4305 4405//4399
f 4311//4305 4312//4306 4406//4400
f 4312//4306 4313//4307 4407//4401
f 4313//4307 4314//4308 4408//4402
f 4314//4308 4315//4309 4409//4403
f 4315//4309 4316//4310 4410//4404
f 4316//4310 4317//4311 4411//4405
f 4317//4311 4318//4312 4412//4406
f 4318//4312 4319//4313 4413//4407
f 4319//4313 4320//4314 4414//4408
f 4320//4314 4321//4315 4415//4409
f 4321//4315 4322//4316 4416//4410
f 4322//4316 4323//4317 4417//4411
f 4323//4317 4324//4318 4418//4412
f 4324//4318 4231//4225 4325//4319
f 4326//4320 4420//4414 4419//4413
f 4327//4321 4421//4415 4420//4414
f 4328//4322 4422//4416 4421//4415
f 4329//4323 4423//4417 4422//4416
f 4330//4324 4424//4418 4423//4417
f 4331//4325 4425//4419 4424//4418
f 4332//4326 4426//4420 4425//4419
f 4333//4327 4427//4421 4426//4420
f 4334//4328 4428//4422 4427//4421
f 4335//4329 4429//4423 4428//4422
f 4336//4330 4430//4424 4429//4423
f 4337//4331 4431//4425 4430//4424
f 4338//4332 4432//4426 4431//4425
f 4339//4333 4433//4427 4432//4426
f 4340//4334 4434//4428 4433//4427
f 4341//4335 4435//4429 4434//4428
f 4342//4336 4436//4430 4435//4429
f 4343//4337 4437//4431 4436//4430
f 4344//4338 4438//4432 4437//4431
f 4345//4339 4439//4433 4438//4432
f 4346//4340 4440//4434 4439//4433
f 4347//4341 4441//4435 4440//4434
f 4348//4342 4442//4436 4441//4435
f 4349//4343 4443//4437 4442//4436
f 4350//4344 4444//4438 4443//4437
f 4351//4345 4445//4439 4444//4438
f 4352//4346 4446//4440 4445//4439
f 4353//4347 4447//4441 4446//4440
f 4354//4348 4448//4442 4447//4441
f 4355//4349 4449//4443 4448//4442
f 4356//4350 4450//4444 4449//4443
f 4357//4351 4451//4445 4450//4444
f 4358//4352 4452//4446 4451//4445
f 4359//4353 4453//4447 4452//4446
f 4360//4354 4454//4448 4453//4447
f 4361//4355 4455//4449 4454//4448
f 4362//4356 4456//4450 4455//4449
f 4363//4357 4457//4451 4456//4450
f 4364//4358 4458//4452 4457//4451
f 4365//4359 4459//4453 4458//4452
f 4366//4360 4460//4454 4459//4453
f 4367//4361 4461//4455 4460//4454
f 4368//4362 4462//4456 4461//4455
f 4369//4363 4463//4457 4462//4456
f 4370//4364 4464//4458 4463//4457
f 4371//4365 4465//4459 4464//4458
f 4372//4366 4466//4460 4465//4459
f 4373//4367 4467//4461 4466//4460
f 4374//4368 4468//4462 4467//4461
f 4375//4369 4469//4463 4468//4462
f 4376//4370 4470//4464 4469//4463
f 4377//4371 4471//4465 4470//4464
f 4378//4372 4472//4466 4471//4465
f 4379//4373 4473//4467 4472//4466
f 4380//4374 4474//4468 4473//4467
f 4381//4375 4475//4469 4474//4468
f 4382//4376 4476//4470 4475//4469
f 4383//4377 4477//4471 4476//4470
f 4384//4378 4478//4472 4477//4471
f 4385//4379 4479//4473 4478//4472
f 4386//4380 4480//4474 4479//4473
f 4387//4381 4481//4475 4480//4474
f 4388//4382 4482//4476 4481//4475
f 4389//4384 4483//4478 4482//4476
f 4389//4384 4390//4383 4484//4477
f 4390//4383 4391//4385 4485//4479
f 4391//4385 4392//4386 4486//4480
f 4392//4386 4393//4387 4487//4481
f 4393//4387 4394//4388 4488//4482
f 4394//4388 4395//4389 4489//4483
f 4395//4389 4396//4390 4490//4484
f 4396//4390 4397//4391 4491//4485
f 4397//4391 4398//4392 4492//4486
f 4398//4392 4399//4393 4493//4487
f 4399//4393 4400//4394 4494//4488
f 4400//4394 4401//4395 4495//4489
f 4401//4395 4402//4396 4496//4490
f 4402//4396 4403//4397 4497//4491
f 4403//4397 4404//4398 4498//4492
f 4404//4398 4405//4399 4499//4493
f 4405//4399 4406//4400 4500//4494
f 4406//4400 4407//4401 4501//4495
f 4407//4401 4408//4402 4502//4496
f 4408//4402 4409//4403 4503//4497
f 4409//4403 4410//4404 4504//4498
f 4410//4404 4411//4405 4505//4499
f 4411//4405 4412//4406 4506//4500
f 4412//4406 4413//4407 4507//4501
f 4413//4407 4414//4408 4508//4502
f 4414//4408 4415//4409 4509//4503
f 4415//4409 4416//4410 4510//4504
f 4416//4410 4417//4411 4511//4505
f 4417//4411 4418//4412 4512//4506
f 4418//4412 4325//4319 4419//4413
f 4420//4414 4514//4508 4513//4507
f 4421//4415 4515//4509 4514//4508
f 4422//4416 4516//4510 4515//4509
f 4423//4417 4517//4511 4516//4510
f 4424//4418 4518//4512 4517//4511
f 4425//4419 4519//4513 4518//4512
f 4426//4420 4520//4514 4519//4513
f 4427//4421 4521//4515 4520//4514
f 4428//4422 4522//4516 4521//4515
f 4429//4423 4523//4517 4522//4516
f 4430//4424 4524//4518 4523//4517
f 4431//4425 4525//4519 4524//4518
f 4432//4426 4526//4520 4525//4519
f 4433//4427 4527//4521 4526//4520
f 4434//4428 4528//4522 4527//4521
f 4435//4429 4529//4523 4528//4522
f 4436//4430 4530//4524 4529//4523
f 4437//4431 4531//4525 4530//4524
f 4438//4432 4532//4526 4531//4525
f 4439//4433 4533//4527 4532//4526
f 4440//4434 4534//4528 4533//4527
f 4441//4435 4535//4529 4534//4528
f 4442//4436 4536//4530 4535//4529
f 4443//4437 4537//4531 4536//4530
f 4444//4438 4538//4532 4537//4531
f 4445//4439 4539//4533 4538//4532
f 4446//4440 4540//4534 4539//4533
f 4447//4441 4541//4535 4540//4534
f 4448//4442 4542//4536 4541//4535
f 4449//4443 4543//4537 4542//4536
f 4450//4444 4544//4538 4543//4537
f 4451//4445 4545//4539 4544//4538
f 4452//4446 4546//4540 4545//4539
f 4453//4447 4547//4541 4546//4540
f 4454//4448 4548//4542 4547//4541
f 4455//4449 4549//4543 4548//4542
f 4456//4450 4550//4544 4549//4543
f 4457//4451 4551//4545 4550//4544
f 4458//4452 4552//4546 4551//4545
f 4459//4453 4553//4547 4552//4546
f 4460//4454 4554//4548 4553//4547
f 4461//4455 4555//4549 4554//4548
f 4462//4456 4556//4550 4555//4549
f 4463//4457 4557//4551 4556//4550
f 4464//4458 4558//4552 4557//4551
f 4465//4459 4559//4553 4558//4552
f 4466//4460 4560//4554 4559//4553
f 4467//4461 4561//4555 4560//4554
f 4468//4462 4562//4556 4561//4555
f 4469//4463 4563//4557 4562//4556
f 4470//4464 4564//4558 4563//4557
f 4471//4465 4565//4559 4564//4558
f 4472//4466 4566//4560 4565//4559
f 4473//4467 4567//4561 4566//4560
f 4474//4468 4568//4562 4567//4561
f 4475//4469 4569//4563 4568//4562
f 4476//4470 4570//4564 4569//4563
f 4477//4471 4571//4565 4570//4564
f 4478//4472 4572//4566 4571//4565
f 4479//4473 4573//4567 4572//4566
f 4480//4474 4574//4568 4573//4567
f 4481//4475 4575//4569 4574//4568
f 4482//4476 4576//4570 4575//4569
f 4483//4478 4577//4572 4576//4570
f 4483//4478 4484//4477 4578//4571
f 4484//4477 4485//4479 4579//4573
f 4485//4479 4486//4480 4580//4574
f 4486//4480 4487//4481 4581//4575
f 4487//4481 4488//4482 4582//4576
f 4488//4482 4489//4483 4583//4577
f 4489//4483 4490//4484 4584//4578
f 4490//4484 4491//4485 4585//4579
f 4491//4485 4492//4486 4586//4580
f 4492//4486 4493//4487 4587//4581
f 4493//4487 4494//4488 4588//4582
f 4494//4488 4495//4489 4589//4583
f 4495//4489 4496//4490 4590//4584
f 4496//4490 4497//4491 4591//4585
f 4497//4491 4498//4492 4592//4586
f 4498//4492 4499//4493 4593//4587
f 4499//4493 4500//4494 4594//4588
f 4500//4494 4501//4495 4595//4589
f 4501//4495 4502//4496 4596//4590
f 4502//4496 4503//4497 4597//4591
f 4503//4497 4504//4498 4598//4592
f 4504//4498 4505//4499 4599//4593
f 4505//4499 4506//4500 4600//4594
f 4506//4500 4507//4501 4601//4595
f 4507//4501 4508//4502 4602//4596
f 4508//4502 4509//4503 4603//4597
f 4509//4503 4510//4504 4604//4598
f 4510//4504 4511//4505 4605//4599
f 4511//4505 4512//4506 4606//4600
f 4512//4506 4419//4413 4513//4507
f 4514//4508 4608//4602 4607//4601
f 4515//4509 4609//4603 4608//4602
f 4516//4510 4610//4604 4609//4603
f 4517//4511 4611//4605 4610//4604
f 4518//4512 4612//4606 4611//4605
f 4519//4513 4613//4607 4612//4606
f 4520//4514 4614//4608 4613//4607
f 4521//4515 4615//4609 4614//4608
f 4522//4516 4616//4610 4615//4609
f 4523//4517 4617//4611 4616//4610
f 4524//4518 4618//4612 4617//4611
f 4525//4519 4619//4613 4618//4612
f 4526//4520 4620//4614 4619//4613
f 4527//4521 4621//4615 4620//4614
f 4528//4522 4622//4616 4621//4615
f 4529//4523 4623//4617 4622//4616
f 4530//4524 4624//4618 4623//4617
f 4531//4525 4625//4619 4624//4618
f 4532//4526 4626//4620 4625//4619
f 4533//4527 4627//4621 4626//4620
f 4534//4528 4628//4622 4627//4621
f 4535//4529 4629//4623 4628//4622
f 4536//4530 4630//4624 4629//4623
f 4537//4531 4631//4625 4630//4624
f 4538//4532 4632//4626 4631//4625
f 4539//4533 4633//4627 4632//4626
f 4540//4534 4634//4628 4633//4627
f 4541//4535 4635//4629 4634//4628
f 4542//4536 4636//4630 4635//4629
f 4543//4537 4637//4631 4636//4630
f 4544//4538 4638//4632 4637//4631
f 4545//4539 4639//4633 4638//4632
f 4546//4540 4640//4634 4639//4633
f 4547//4541 4641//4635 4640//4634
f 4548//4542 4642//4636 4641//4635
f 4549//4543 4643//4637 4642//4636
f 4550//4544 4644//4638 4643//4637
f 4551//4545 4645//4639 4644//4638
f 4552//4546 4646//4640 4645//4639
f 4553//4547 4647//4641 4646//4640
f 4554//4548 4648//4642 4647//4641
f 4555//4549 4649//4643 4648//4642
f 4556//4550 4650//4644 4649//4643
f 4557//4551 4651//4645 4650//4644
f 4558//4552 4652//4646 4651//4645
f 4559//4553 4653//4647 4652//4646
f 4560//4554 4654//4648 4653//4647
f 4561//4555 4655//4649 4654//4648
f 4562//4556 4656//4650 4655//4649
f 4563//4557 4657//4651 4656//4650
f 4564//4558 4658//4652 4657//4651
f 4565//4559 4659//4653 4658//4652
f 4566//4560 4660//4654 4659//4653
f 4567//4561 4661//4655 4660//4654
f 4568//4562 4662//4656 4661//4655
f 4569//4563 4663//4657 4662//4656
f 4570//4564 4664//4658 4663//4657
f 4571//4565 4665//4659 4664//4658
f 4572//4566 4666//4660 4665//4659
f 4573//4567 4667//4661 4666//4660
f 4574//4568 4668//4662 4667//4661
f 4575//4569 4669//4663 4668//4662
f 4576//4570 4670//4664 4669//4663
f 4577//4572 4671//4666 4670//4664
f 4577//4572 4578//4571 4672//4665
f 4578//4571 4579//4573 4673//4667
f 4579//4573 4580//4574 4674//4668
f 4580//4574 4581//4575 4675//4669
f 4581//4575 4582//4576 4676//4670
f 4582//4576 4583//4577 4677//4671
f 4583//4577 4584//4578 4678//4672
f 4584//4578 4585//4579 4679//4673
f 4585//4579 4586//4580 4680//4674
f 4586//4580 4587//4581 4681//4675
f 4587//4581 4588//4582 4682//4676
f 4588//4582 4589//4583 4683//4677
f 4589//4583 4590//4584 4684//4678
f 4590//4584 4591//4585 4685//4679
f 4591//4585 4592//4586 4686//4680
f 4592//4586 4593//4587 4687//4681
f 4593//4587 4594//4588 4688//4682
f 4594//4588 4595//4589 4689//4683
f 4595//4589 4596//4590 4690//4684
f 4596//4590 4597//4591 4691//4685
f 4597//4591 4598//4592 4692//4686
f 4598//4592 4599//4593 4693//4687
f 4599//4593 4600//4594 4694//4688
f 4600//4594 4601//4595 4695//4689
f 4601//4595 4602//4596 4696//4690
f 4602//4596 4603//4597 4697//4691
f 4603//4597 4604//4598 4698//4692
f 4604//4598 4605//4599 4699//4693
f 4605//4599 4606//4600 4700//4694
f 4606//4600 4513//4507 4607//4601
f 4608//4602 4702//4696 4701//4695
f 4609//4603 4703//4697 4702//4696
f 4610//4604 4704//4698 4703//4697
f 4611//4605 4705//4699 4704//4698
f 4612//4606 4706//4700 4705//4699
f 4613//4607 4707//4701 4706//4700
f 4614//4608 4708//4702 4707//4701
f 4615//4609 4709//4703 4708//4702
f 4616//4610 4710//4704 4709//4703
f 4617//4611 4711//4705 4710//4704
f 4618//4612 4712//4706 4711//4705
f 4619//4613 4713//4707 4712//4706
f 4620//4614 4714//4708 4713//4707
f 4621//4615 4715//4709 4714//4708
f 4622//4616 4716//4710 4715//4709
f 4623//4617 4717//4711 4716//4710
f 4624//4618 4718//4712 4717//4711
f 4625//4619 4719//4713 4718//4712
f 4626//4620 4720//4714 4719//4713
f 4627//4621 4721//4715 4720//4714
f 4628//4622 4722//4716 4721//4715
f 4629//4623 4723//4717 4722//4716
f 4630//4624 4724//4718 4723//4717
f 4631//4625 4725//4719 4724//4718
f 4632//4626 4726//4720 4725//4719
f 4633//4627 4727//4721 4726//4720
f 4634//4628 4728//4722 4727//4721
f 4635//4629 4729//4723 4728//4722
f 4636//4630 4730//4724 4729//4723
f 4637//4631 4731//4725 4730//4724
f 4638//4632 4732//4726 4731//4725
f 4639//4633 4733//4727 4732//4726
f 4640//4634 4734//4728 4733//4727
f 4641//4635 4735//4729 4734//4728
f 4642//4636 4736//4730 4735//4729
f 4643//4637 4737//4731 4736//4730
f 4644//4638 4738//4732 4737//4731
f 4645//4639 4739//4733 4738//4732
f 4646//4640 4740//4734 4739//4733
f 4647//4641 4741//4735 4740//4734
f 4648//4642 4742//4736 4741//4735
f 4649//4643 4743//4737 4742//4736
f 4650//4644 4744//4738 4743//4737
f 4651//4645 4745//4739 4744//4738
f 4652//4646 4746//4740 4745//4739
f 4653//4647 4747//4741 4746//4740
f 4654//4648 4748//4742 4747//4741
f 4655//4649 4749//4743 4748//4742
f 4656//4650 4750//4744 4749//4743
f 4657//4651 4751//4745 4750//4744
f 4658//4652 4752//4746 4751//4745
f 4659//4653 4753//4747 4752//4746
f 4660//4654 4754//4748 4753//4747
f 4661//4655 4755//4749 4754//4748
f 4662//4656 4756//4750 4755//4749
f 4663//4657 4757//4751 4756//4750
f 4664//4658 4758//4752 4757//4751
f 4665//4659 4759//4753 4758//4752
f 4666//4660 4760//4754 4759//4753
f 4667//4661 4761//4755 4760//4754
f 4668//4662 4762//4756 4761//4755
f 4669//4663 4763//4757 4762//4756
f 4670//4664 4764//4758 4763//4757
f 4671//4666 4765//4760 4764//4758
f 4671//4666 4672//4665 4766//4759
f 4672//4665 4673//4667 4767//4761
f 4673//4667 4674//4668 4768//4762
f 4674//4668 4675//4669 4769//4763
f 4675//4669 4676//4670 4770//4764
f 4676//4670 4677//4671 4771//4765
f 4677//4671 4678//4672 4772//4766
f 4678//4672 4679//4673 4773//4767
f 4679//4673 4680//4674 4774//4768
f 4680//4674 4681//4675 4775//4769
f 4681//4675 4682//4676 4776//4770
f 4682//4676 4683//4677 4777//4771
f 4683//4677 4684//4678 4778//4772
f 4684//4678 4685//4679 4779//4773
f 4685//4679 4686//4680 4780//4774
f 4686//4680 4687//4681 4781//4775
f 4687//4681 4688//4682 4782//4776
f 4688//4682 4689//4683 4783//4777
f 4689//4683 4690//4684 4784//4778
f 4690//4684 4691//4685 4785//4779
f 4691//4685 4692//4686 4786//4780
f 4692//4686 4693//4687 4787//4781
f 4693//4687 4694//4688 4788//4782
f 4694//4688 4695//4689 4789//4783
f 4695//4689 4696//4690 4790//4784
f 4696//4690 4697//4691 4791//4785
f 4697//4691 4698//4692 4792//4786
f 4698//4692 4699//4693 4793//4787
f 4699//4693 4700//4694 4794//4788
f 4700//4694 4607//4601 4701//4695
f 4702//4696 4796//4790 4795//4789
f 4703//4697 4797//4791 4796//4790
f 4704//4698 4798//4792 4797//4791
f 4705//4699 4799//4793 4798//4792
f 4706//4700 4800//4794 4799//4793
f 4707//4701 4801//4795 4800//4794
f 4708//4702 4802//4796 4801//4795
f 4709//4703 4803//4797 4802//4796
f 4710//4704 4804//4798 4803//4797
f 4711//4705 4805//4799 4804//4798
f 4712//4706 4806//4800 4805//4799
f 4713//4707 4807//4801 4806//4800
f 4714//4708 4808//4802 4807//4801
f 4715//4709 4809//4803 4808//4802
f 4716//4710 4810//4804 4809//4803
f 4717//4711 4811//4805 4810//4804
f 4718//4712 4812//4806 4811//4805
f 4719//4713 4813//4807 4812//4806
f 4720//4714 4814//4808 4813//4807
f 4721//4715 4815//4809 4814//4808
f 4722//4716 4816//4810 4815//4809
f 4723//4717 4817//4811 4816//4810
f 4724//4718 4818//4812 4817//4811
f 4725//4719 4819//4813 4818//4812
f 4726//4720 4820//4814 4819//4813
f 4727//4721 4821//4815 4820//4814
f 4728//4722 4822//4816 4821//4815
f 4729//4723 4823//4817 4822//4816
f 4730//4724 4824//4818 4823//4817
f 4731//4725 4825//4819 4824//4818
f 4732//4726 4826//4820 4825//4819
f 4733//4727 4827//4821 4826//4820
f 4734//4728 4828//4822 4827//4821
f 4735//4729 4829//4824 4828//4822
f 4735//4729 4736//4730 4830//4823
f 4736//4730 4737//4731 4831//4825
f 4737//4731 4738//4732 4832//4826
f 4738//4732 4739//4733 4833//4827
f 4739//4733 4740//4734 4834//4828
f 4741//4735 4835//4829 4834//4828
f 4742//4736 4836//4830 4835//4829
f 4743//4737 4837//4831 4836//4830
f 4744//4738 4838//4832 4837//4831
f 4745//4739 4839//4833 4838//4832
f 4746//4740 4840//4834 4839//4833
f 4747//4741 4841//4835 4840//4834
f 4748//4742 4842//4836 4841//4835
f 4749//4743 4843//4837 4842//4836
f 4750//4744 4844//4838 4843//4837
f 4751//4745 4845//4839 4844//4838
f 4752//4746 4846//4840 4845//4839
f 4753//4747 4847//4841 4846//4840
f 4754//4748 4848//4842 4847//4841
f 4755//4749 4849//4843 4848//4842
f 4756//4750 4850//4844 4849//4843
f 4757//4751 4851//4845 4850//4844
f 4758//4752 4852//4846 4851//4845
f 4759//4753 4853//4847 4852//4846
f 4760//4754 4854//4848 4853//4847
f 4761//4755 4855//4849 4854//4848
f 4762//4756 4856//4850 4855//4849
f 4763//4757 4857//4851 4856//4850
f 4764//4758 4858//4852 4857//4851
f 4765//4760 4859//4854 4858//4852
f 4765//4760 4766//4759 4860//4853
f 4766//4759 4767//4761 4861//4855
f 4767//4761 4768//4762 4862//4856
f 4768//4762 4769//4763 4863//4857
f 4769//4763 4770//4764 4864//4858
f 4770//4764 4771//4765 4865//4859
f 4771//4765 4772//4766 4866//4860
f 4772//4766 4773//4767 4867//4861
f 4773//4767 4774//4768 4868//4862
f 4774//4768 4775//4769 4869//4863
f 4775//4769 4776//4770 4870//4864
f 4776//4770 4777//4771 4871//4865
f 4777//4771 4778//4772 4872//4866
f 4778//4772 4779//4773 4873//4867
f 4779//4773 4780//4774 4874//4868
f 4780//4774 4781//4775 4875//4869
f 4781//4775 4782//4776 4876//4870
f 4782//4776 4783//4777 4877//4871
f 4783//4777 4784//4778 4878//4872
f 4784//4778 4785//4779 4879//4873
f 4785//4779 4786//4780 4880//4874
f 4786//4780 4787//4781 4881//4875
f 4787//4781 4788//4782 4882//4876
f 4788//4782 4789//4783 4883//4877
f 4789//4783 4790//4784 4884//4878
f 4790//4784 4791//4785 4885//4879
f 4791//4785 4792//4786 4886//4880
f 4792//4786 4793//4787 4887//4881
f 4793//4787 4794//4788 4888//4882
f 4794//4788 4701//4695 4795//4789
f 4796//4790 4890//4884 4889//4883
f 4797//4791 4891//4885 4890//4884
f 4798//4792 4892//4886 4891//4885
f 4799//4793 4893//4887 4892//4886
f 4800//4794 4894//4888 4893//4887
f 4801//4795 4895//4889 4894//4888
f 4802//4796 4896//4890 4895//4889
f 4803//4797 4897//4891 4896//4890
f 4804//4798 4898//4892 4897//4891
f 4805//4799 4899//4893 4898//4892
f 4806//4800 4900//4894 4899//4893
f 4807//4801 4901//4895 4900//4894
f 4808//4802 4902//4896 4901//4895
f 4809//4803 4903//4897 4902//4896
f 4810//4804 4904//4898 4903//4897
f 4811//4805 4905//4899 4904//4898
f 4812//4806 4906//4900 4905//4899
f 4813//4807 4907//4901 4906//4900
f 4814//4808 4908//4902 4907//4901
f 4815//4809 4909//4903 4908//4902
f 4816//4810 4910//4904 4909//4903
f 4817//4811 4911//4905 4910//4904
f 4818//4812 4912//4906 4911//4905
f 4819//4813 4913//4907 4912//4906
f 4820//4814 4914//4908 4913//4907
f 4821//4815 4915//4909 4914//4908
f 4822//4816 4916//4910 4915//4909
f 4823//4817 4917//4911 4916//4910
f 4824//4818 4918//4912 4917//4911
f 4825//4819 4919//4913 4918//4912
f 4826//4820 4920//4914 4919//4913
f 4827//4821 4921//4915 4920//4914
f 4828//4822 4922//4916 4921//4915
f 4829//4824 4923//4918 4922//4916
f 4829//4824 4830//4823 4924//4917
f 4830//4823 4831//4825 4925//4919
f 4831//4825 4832//4826 4926//4920
f 4832//4826 4833//4827 4927//4921
f 4833//4827 4834//4828 4928//4922
f 4835//4829 4929//4923 4928//4922
f 4836//4830 4930//4924 4929//4923
f 4837//4831 4931//4925 4930//4924
f 4838//4832 4932//4926 4931//4925
f 4839//4833 4933//4927 4932//4926
f 4840//4834 4934//4928 4933//4927
f 4841//4835 4935//4929 4934//4928
f 4842//4836 4936//4930 4935//4929
f 4843//4837 4937//4931 4936//4930
f 4844//4838 4938//4932 4937//4931
f 4845//4839 4939//4933 4938//4932
f 4846//4840 4940//4934 4939//4933
f 4847//4841 4941//4935 4940//4934
f 4848//4842 4942//4936 4941//4935
f 4849//4843 4943//4937 4942//4936
f 4850//4844 4944//4938 4943//4937
f 4851//4845 4945//4939 4944//4938
f 4852//4846 4946//4940 4945//4939
f 4853//4847 4947//4941 4946//4940
f 4854//4848 4948//4942 4947//4941
f 4855//4849 4949//4943 4948//4942
f 4856//4850 4950//4944 4949//4943
f 4857//4851 4951//4945 4950//4944
f 4858//4852 4952//4946 4951//4945
f 4859//4854 4953//4948 4952//4946
f 4859//4854 4860//4853 4954//4947
f 4860//4853 4861//4855 4955//4949
f 4861//4855 4862//4856 4956//4950
f 4862//4856 4863//4857 4957//4951
f 4863//4857 4864//4858 4958//4952
f 4864//4858 4865//4859 4959//4953
f 4865//4859 4866//4860 4960//4954
f 4866//4860 4867//4861 4961//4955
f 4867//4861 4868//4862 4962//4956
f 4868//4862 4869//4863 4963//4957
f 4869//4863 4870//4864 4964//4958
f 4870//4864 4871//4865 4965//4959
f 4871//4865 4872//4866 4966//4960
f 4872//4866 4873//4867 4967//4961
f 4873//4867 4874//4868 4968//4962
f 4874//4868 4875//4869 4969//4963
f 4875//4869 4876//4870 4970//4964
f 4876//4870 4877//4871 4971//4965
f 4877//4871 4878//4872 4972//4966
f 4878//4872 4879//4873 4973//4967
f 4879//4873 4880//4874 4974//4968
f 4880//4874 4881//4875 4975//4969
f 4881//4875 4882//4876 4976//4970
f 4882//4876 4883//4877 4977//4971
f 4883//4877 4884//4878 4978//4972
f 4884//4878 4885//4879 4979//4973
f 4885//4879 4886//4880 4980//4974
f 4886//4880 4887//4881 4981//4975
f 4887//4881 4888//4882 4982//4976
f 4888//4882 4795//4789 4889//4883
f 4890//4884 4984//4978 4983//4977
f 4891//4885 4985//4979 4984//4978
f 4892//4886 4986//4980 4985//4979
f 4893//4887 4987//4981 4986//4980
f 4894//4888 4988//4982 4987//4981
f 4895//4889 4989//4983 4988//4982
f 4896//4890 4990//4984 4989//4983
f 4897//4891 4991//4985 4990//4984
f 4898//4892 4992//4986 4991//4985
f 4899//4893 4993//4987 4992//4986
f 4900//4894 4994//4988 4993//4987
f 4901//4895 4995//4989 4994//4988
f 4902//4896 4996//4990 4995//4989
f 4903//4897 4997//4991 4996//4990
f 4904//4898 4998//4992 4997//4991
f 4905//4899 4999//4993 4998//4992
f 4906//4900 5000//4994 4999//4993
f 4907//4901 5001//4995 5000//4994
f 4908//4902 5002//4996 5001//4995
f 4909//4903 5003//4997 5002//4996
f 4910//4904 5004//4998 5003//4997
f 4911//4905 5005//4999 5004//4998
f 4912//4906 5006//5000 5005//4999
f 4913//4907 5007//5001 5006//5000
f 4914//4908 5008//5002 5007//5001
f 4915//4909 5009//5003 5008//5002
f 4916//4910 5010//5004 5009//5003
f 4917//4911 5011//5005 5010//5004
f 4918//4912 5012//5006 5011//5005
f 4919//4913 5013//5007 5012//5006
f 4920//4914 5014//5008 5013//5007
f 4921//4915 5015//5009 5014//5008
f 4922//4916 5016//5010 5015//5009
f 4923//4918 5017//5012 5016//5010
f 4923//4918 4924//4917 5018//5011
f 4924//4917 4925//4919 5019//5013
f 4925//4919 4926//4920 5020//5014
f 4926//4920 4927//4921 5021//5015
f 4927//4921 4928//4922 5022//5016
f 4929//4923 5023//5017 5022//5016
f 4930//4924 5024//5018 5023//5017
f 4931//4925 5025//5019 5024//5018
f 4932//4926 5026//5020 5025//5019
f 4933//4927 5027//5021 5026//5020
f 4934//4928 5028//5022 5027//5021
f 4935//4929 5029//5023 5028//5022
f 4936//4930 5030//5024 5029//5023
f 4937//4931 5031//5025 5030//5024
f 4938//4932 5032//5026 5031//5025
f 4939//4933 5033//5027 5032//5026
f 4940//4934 5034//5028 5033//5027
f 4941//4935 5035//5029 5034//5028
f 4942//4936 5036//5030 5035//5029
f 4943//4937 5037//5031 5036//5030
f 4944//4938 5038//5032 5037//5031
f 4945//4939 5039//5033 5038//5032
f 4946//4940 5040//5034 5039//5033
f 4947//4941 5041//5035 5040//5034
f 4948//4942 5042//5036 5041//5035
f 4949//4943 5043//5037 5042//5036
f 4950//4944 5044//5038 5043//5037
f 4951//4945 5045//5039 5044//5038
f 4952//4946 5046//5040 5045//5039
f 4953//4948 5047//5042 5046//5040
f 4953//4948 4954//4947 5048//5041
f 4954//4947 4955//4949 5049//5043
f 4955//4949 4956//4950 5050//5044
f 4956//4950 4957//4951 5051//5045
f 4957//4951 4958//4952 5052//5046
f 4958//4952 4959//4953 5053//5047
f 4959//4953 4960//4954 5054//5048
f 4960//4954 4961//4955 5055//5049
f 4961//4955 4962//4956 5056//5050
f 4962//4956 4963//4957 5057//5051
f 4963//4957 4964//4958 5058//5052
f 4964//4958 4965//4959 5059//5053
f 4965//4959 4966//4960 5060//5054
f 4966//4960 4967//4961 5061//5055
f 4967//4961 4968//4962 5062//5056
f 4968//4962 4969//4963 5063//5057
f 4969//4963 4970//4964 5064//5058
f 4970//4964 4971//4965 5065//5059
f 4971//4965 4972//4966 5066//5060
f 4972//4966 4973//4967 5067//5061
f 4973//4967 4974//4968 5068//5062
f 4974//4968 4975//4969 5069//5063
f 4975//4969 4976//4970 5070//5064
f 4976//4970 4977//4971 5071//5065
f 4977//4971 4978//4972 5072//5066
f 4978//4972 4979//4973 5073//5067
f 4979//4973 4980//4974 5074//5068
f 4980//4974 4981//4975 5075//5069
f 4981//4975 4982//4976 5076//5070
f 4982//4976 4889//4883 4983//4977
s 0
usemtl pipe_steel
f 5084//5073 5096//5073 5097//5073
f 5555//5074 5079//5074 5090//5074
f 5089//5075 5560//5075 5104//5075
f 5084//5076 5098//5076 5085//5076
f 5555//5077 5091//5077 5556//5077
f 5085//5078 5099//5078 5086//5078
f 5556//5079 5092//5079 5080//5079
f 5086//5080 5100//5080 5087//5080
f 5080//5081 5093//5081 5081//5081
f 5558//5082 5100//5082 5101//5082
f 5557//5083 5093//5083 5094//5083
f 5558//5084 5102//5084 5088//5084
f 5557//5085 5095//5085 5082//5085
f 5559//5086 5102//5086 5103//5086
f 5083//5087 5095//5087 5096//5087
f 5560//5088 5103//5088 5104//5088
f 5095//5089 5111//5089 5096//5089
f 5104//5090 5118//5090 5119//5090
f 5096//5091 5112//5091 5097//5091
f 5090//5092 5079//5092 5105//5092
f 5089//5093 5104//5093 5119//5093
f 5097//5094 5113//5094 5098//5094
f 5090//5095 5106//5095 5091//5095
f 5099//5096 5113//5096 5114//5096
f 5091//5097 5107//5097 5092//5097
f 5099//5098 5115//5098 5100//5098
f 5093//5099 5107//5099 5108//5099
f 5100//5100 5116//5100 5101//5100
f 5094//5101 5108//5101 5109//5101
f 5101//5102 5117//5102 5102//5102
f 5095//5103 5109//5103 5110//5103
f 5102//5104 5118//5104 5103//5104
f 5114//5105 5130//5105 5115//5105
f 5107//5106 5123//5106 5108//5106
f 5115//5107 5131//5107 5116//5107
f 5108//5108 5124//5108 5109//5108
f 5116//5109 5132//5109 5117//5109
f 5110//5110 5124//5110 5125//5110
f 5118//5111 5132//5111 5133//5111
f 5110//5112 5126//5112 5111//5112
f 5119//5113 5133//5113 5134//5113
f 5111//5114 5127//5114 5112//5114
f 5105//5115 5079//5115 5120//5115
f 5089//5116 5119//5116 5134//5116
f 5112//5117 5128//5117 5113//5117
f 5105//5118 5121//5118 5106//5118
f 5114//5119 5128//5119 5129//5119
f 5106//5120 5122//5120 5107//5120
f 5133//5121 5149//5121 5134//5121
f 5126//5122 5142//5122 5127//5122
f 5120//5123 5079//5123 5135//5123
f 5089//5124 5134//5124 5149//5124
f 5128//5125 5142//5125 5143//5125
f 5121//5126 5135//5126 5136//5126
f 5129//5127 5143//5127 5144//5127
f 5122//5128 5136//5128 5137//5128
f 5129//5129 5145//5129 5130//5129
f 5123//5130 5137//5130 5138//5130
f 5131//5131 5145//5131 5146//5131
f 5123//5132 5139//5132 5124//5132
f 5131//5133 5147//5133 5132//5133
f 5124//5134 5140//5134 5125//5134
f 5132//5135 5148//5135 5133//5135
f 5125//5136 5141//5136 5126//5136
f 5137//5137 5153//5137 5138//5137
f 5146//5138 5160//5138 5161//5138
f 5138//5139 5154//5139 5139//5139
f 5147//5140 5161//5140 5162//5140
f 5140//5141 5154//5141 5155//5141
f 5148//5142 5162//5142 5163//5142
f 5140//5143 5156//5143 5141//5143
f 5148//5144 5164//5144 5149//5144
f 5141//5145 5157//5145 5142//5145
f 5135//5146 5079//5146 5150//5146
f 5089//5147 5149//5147 5164//5147
f 5142//5148 5158//5148 5143//5148
f 5136//5149 5150//5149 5151//5149
f 5143//5150 5159//5150 5144//5150
f 5136//5151 5152//5151 5137//5151
f 5144//5152 5160//5152 5145//5152
f 5156//5153 5172//5153 5157//5153
f 5150//5154 5079//5154 5165//5154
f 5089//5155 5164//5155 5179//5155
f 5157//5156 5173//5156 5158//5156
f 5150//5157 5166//5157 5151//5157
f 5158//5158 5174//5158 5159//5158
f 5151//5159 5167//5159 5152//5159
f 5160//5160 5174//5160 5175//5160
f 5152//5161 5168//5161 5153//5161
f 5160//5162 5176//5162 5161//5162
f 5154//5163 5168//5163 5169//5163
f 5161//5164 5177//5164 5162//5164
f 5154//5165 5170//5165 5155//5165
f 5163//5166 5177//5166 5178//5166
f 5155//5167 5171//5167 5156//5167
f 5163//5168 5179//5168 5164//5168
f 5175//5169 5191//5169 5176//5169
f 5169//5170 5183//5170 5184//5170
f 5177//5171 5191//5171 5192//5171
f 5169//5172 5185//5172 5170//5172
f 5178//5173 5192//5173 5193//5173
f 5171//5174 5185//5174 5186//5174
f 5179//5175 5193//5175 5194//5175
f 5171//5176 5187//5176 5172//5176
f 5165//5177 5079//5177 5180//5177
f 5089//5178 5179//5178 5194//5178
f 5172//5179 5188//5179 5173//5179
f 5165//5180 5181//5180 5166//5180
f 5173//5181 5189//5181 5174//5181
f 5166//5182 5182//5182 5167//5182
f 5175//5183 5189//5183 5190//5183
f 5167//5184 5183//5184 5168//5184
f 5089//5185 5194//5185 5209//5185
f 5188//5186 5202//5186 5203//5186
f 5181//5187 5195//5187 5196//5187
f 5189//5188 5203//5188 5204//5188
f 5181//5189 5197//5189 5182//5189
f 5190//5190 5204//5190 5205//5190
f 5182//5191 5198//5191 5183//5191
f 5191//5192 5205//5192 5206//5192
f 5183//5193 5199//5193 5184//5193
f 5192//5194 5206//5194 5207//5194
f 5184//5195 5200//5195 5185//5195
f 5193//5196 5207//5196 5208//5196
f 5185//5197 5201//5197 5186//5197
f 5193//5198 5209//5198 5194//5198
f 5186//5199 5202//5199 5187//5199
f 5180//5200 5079//5200 5195//5200
f 5206//5201 5222//5201 5207//5201
f 5200//5202 5214//5202 5215//5202
f 5207//5203 5223//5203 5208//5203
f 5200//5204 5216//5204 5201//5204
f 5209//5205 5223//5205 5224//5205
f 5201//5206 5217//5206 5202//5206
f 5195//5207 5079//5207 5210//5207
f 5089//5208 5209//5208 5224//5208
f 5202//5209 5218//5209 5203//5209
f 5195//5210 5211//5210 5196//5210
f 5204//5211 5218//5211 5219//5211
f 5197//5212 5211//5212 5212//5212
f 5204//5213 5220//5213 5205//5213
f 5198//5214 5212//5214 5213//5214
f 5205//5215 5221//5215 5206//5215
f 5199//5216 5213//5216 5214//5216
f 5211//5217 5225//5217 5226//5217
f 5218//5218 5234//5218 5219//5218
f 5212//5219 5226//5219 5227//5219
f 5220//5220 5234//5220 5235//5220
f 5213//5221 5227//5221 5228//5221
f 5221//5222 5235//5222 5236//5222
f 5213//5223 5229//5223 5214//5223
f 5221//5224 5237//5224 5222//5224
f 5214//5225 5230//5225 5215//5225
f 5222//5226 5238//5226 5223//5226
f 5216//5227 5230//5227 5231//5227
f 5223//5228 5239//5228 5224//5228
f 5216//5229 5232//5229 5217//5229
f 5210//5230 5079//5230 5225//5230
f 5089//5231 5224//5231 5239//5231
f 5217//5232 5233//5232 5218//5232
f 5230//5233 5244//5233 5245//5233
f 5238//5234 5252//5234 5253//5234
f 5230//5235 5246//5235 5231//5235
f 5238//5236 5254//5236 5239//5236
f 5231//5237 5247//5237 5232//5237
f 5225//5238 5079//5238 5240//5238
f 5089//5239 5239//5239 5254//5239
f 5232//5240 5248//5240 5233//5240
f 5225//5241 5241//5241 5226//5241
f 5234//5242 5248//5242 5249//5242
f 5226//5243 5242//5243 5227//5243
f 5234//5244 5250//5244 5235//5244
f 5228//5245 5242//5245 5243//5245
f 5236//5246 5250//5246 5251//5246
f 5228//5247 5244//5247 5229//5247
f 5236//5248 5252//5248 5237//5248
f 5248//5249 5264//5249 5249//5249
f 5241//5250 5257//5250 5242//5250
f 5250//5251 5264//5251 5265//5251
f 5242//5252 5258//5252 5243//5252
f 5250//5253 5266//5253 5251//5253
f 5243//5254 5259//5254 5244//5254
f 5252//5255 5266//5255 5267//5255
f 5244//5256 5260//5256 5245//5256
f 5252//5257 5268//5257 5253//5257
f 5246//5258 5260//5258 5261//5258
f 5254//5259 5268//5259 5269//5259
f 5246//5260 5262//5260 5247//5260
f 5240//5261 5079//5261 5255//5261
f 5089//5262 5254//5262 5269//5262
f 5248//5263 5262//5263 5263//5263
f 5240//5264 5256//5264 5241//5264
f 5267//5265 5283//5265 5268//5265
f 5261//5266 5275//5266 5276//5266
f 5268//5267 5284//5267 5269//5267
f 5261//5268 5277//5268 5262//5268
f 5255//5269 5079//5269 5270//5269
f 5089//5270 5269//5270 5284//5270
f 5262//5271 5278//5271 5263//5271
f 5255//5272 5271//5272 5256//5272
f 5263//5273 5279//5273 5264//5273
f 5257//5274 5271//5274 5272//5274
f 5264//5275 5280//5275 5265//5275
f 5257//5276 5273//5276 5258//5276
f 5265//5277 5281//5277 5266//5277
f 5258//5278 5274//5278 5259//5278
f 5267//5279 5281//5279 5282//5279
f 5259//5280 5275//5280 5260//5280
f 5272//5281 5286//5281 5287//5281
f 5280//5282 5294//5282 5295//5282
f 5272//5283 5288//5283 5273//5283
f 5280//5284 5296//5284 5281//5284
f 5273//5285 5289//5285 5274//5285
f 5281//5286 5297//5286 5282//5286
f 5274//5287 5290//5287 5275//5287
f 5282//5288 5298//5288 5283//5288
f 5276//5289 5290//5289 5291//5289
f 5283//5290 5299//5290 5284//5290
f 5276//5291 5292//5291 5277//5291
f 5270//5292 5079//5292 5285//5292
f 5089//5293 5284//5293 5299//5293
f 5277//5294 5293//5294 5278//5294
f 5271//5295 5285//5295 5286//5295
f 5278//5296 5294//5296 5279//5296
f 5290//5297 5306//5297 5291//5297
f 5298//5298 5314//5298 5299//5298
f 5291//5299 5307//5299 5292//5299
f 5285//5300 5079//5300 5300//5300
f 5089//5301 5299//5301 5314//5301
f 5293//5302 5307//5302 5308//5302
f 5285//5303 5301//5303 5286//5303
f 5293//5304 5309//5304 5294//5304
f 5286//5305 5302//5305 5287//5305
f 5295//5306 5309//5306 5310//5306
f 5287//5307 5303//5307 5288//5307
f 5295//5308 5311//5308 5296//5308
f 5288//5309 5304//5309 5289//5309
f 5296//5310 5312//5310 5297//5310
f 5289//5311 5305//5311 5290//5311
f 5297//5312 5313//5312 5298//5312
f 5310//5313 5324//5313 5325//5313
f 5302//5314 5318//5314 5303//5314
f 5310//5315 5326//5315 5311//5315
f 5303//5316 5319//5316 5304//5316
f 5311//5317 5327//5317 5312//5317
f 5304//5318 5320//5318 5305//5318
f 5312//5319 5328//5319 5313//5319
f 5306//5320 5320//5320 5321//5320
f 5314//5321 5328//5321 5329//5321
f 5306//5322 5322//5322 5307//5322
f 5300//5323 5079//5323 5315//5323
f 5089//5324 5314//5324 5329//5324
f 5307//5325 5323//5325 5308//5325
f 5300//5326 5316//5326 5301//5326
f 5308//5327 5324//5327 5309//5327
f 5301//5328 5317//5328 5302//5328
f 5328//5329 5344//5329 5329//5329
f 5322//5330 5336//5330 5337//5330
f 5315//5331 5079//5331 5330//5331
f 5089//5332 5329//5332 5344//5332
f 5322//5333 5338//5333 5323//5333
f 5315//5334 5331//5334 5316//5334
f 5324//5335 5338//5335 5339//5335
f 5316//5336 5332//5336 5317//5336
f 5324//5337 5340//5337 5325//5337
f 5317//5338 5333//5338 5318//5338
f 5325//5339 5341//5339 5326//5339
f 5319//5340 5333//5340 5334//5340
f 5326//5341 5342//5341 5327//5341
f 5320//5342 5334//5342 5335//5342
f 5327//5343 5343//5343 5328//5343
f 5320//5344 5336//5344 5321//5344
f 5340//5345 5356//5345 5341//5345
f 5334//5346 5348//5346 5349//5346
f 5341//5347 5357//5347 5342//5347
f 5334//5348 5350//5348 5335//5348
f 5343//5349 5357//5349 5358//5349
f 5335//5350 5351//5350 5336//5350
f 5343//5351 5359//5351 5344//5351
f 5337//5352 5351//5352 5352//5352
f 5330//5353 5079//5353 5345//5353
f 5089//5354 5344//5354 5359//5354
f 5337//5355 5353//5355 5338//5355
f 5330//5356 5346//5356 5331//5356
f 5338//5357 5354//5357 5339//5357
f 5331//5358 5347//5358 5332//5358
f 5339//5359 5355//5359 5340//5359
f 5332//5360 5348//5360 5333//5360
f 5345//5361 5079//5361 5360//5361
f 5089//5362 5359//5362 5374//5362
f 5352//5363 5368//5363 5353//5363
f 5345//5364 5361//5364 5346//5364
f 5354//5365 5368//5365 5369//5365
f 5346//5366 5362//5366 5347//5366
f 5354//5367 5370//5367 5355//5367
f 5347//5368 5363//5368 5348//5368
f 5355//5369 5371//5369 5356//5369
f 5348//5370 5364//5370 5349//5370
f 5357//5371 5371//5371 5372//5371
f 5349//5372 5365//5372 5350//5372
f 5357//5373 5373//5373 5358//5373
f 5350//5374 5366//5374 5351//5374
f 5358//5375 5374//5375 5359//5375
f 5351//5376 5367//5376 5352//5376
f 5363//5377 5379//5377 5364//5377
f 5371//5378 5387//5378 5372//5378
f 5365//5379 5379//5379 5380//5379
f 5373//5380 5387//5380 5388//5380
f 5365//5381 5381//5381 5366//5381
f 5373//5382 5389//5382 5374//5382
f 5366//5383 5382//5383 5367//5383
f 5360//5384 5079//5384 5375//5384
f 5089//5385 5374//5385 5389//5385
f 5367//5386 5383//5386 5368//5386
f 5360//5387 5376//5387 5361//5387
f 5369//5388 5383//5388 5384//5388
f 5361//5389 5377//5389 5362//5389
f 5369//5390 5385//5390 5370//5390
f 5363//5391 5377//5391 5378//5391
f 5371//5392 5385//5392 5386//5392
f 5382//5393 5398//5393 5383//5393
f 5376//5394 5390//5394 5391//5394
f 5383//5395 5399//5395 5384//5395
f 5376//5396 5392//5396 5377//5396
f 5384//5397 5400//5397 5385//5397
f 5377//5398 5393//5398 5378//5398
f 5385//5399 5401//5399 5386//5399
f 5379//5400 5393//5400 5394//5400
f 5386//5401 5402//5401 5387//5401
f 5379//5402 5395//5402 5380//5402
f 5387//5403 5403//5403 5388//5403
f 5381//5404 5395//5404 5396//5404
f 5388//5405 5404//5405 5389//5405
f 5382//5406 5396//5406 5397//5406
f 5375//5407 5079//5407 5390//5407
f 5089//5408 5389//5408 5404//5408
f 5401//5409 5417//5409 5402//5409
f 5394//5410 5410//5410 5395//5410
f 5402//5411 5418//5411 5403//5411
f 5395//5412 5411//5412 5396//5412
f 5403//5413 5419//5413 5404//5413
f 5397//5414 5411//5414 5412//5414
f 5390//5415 5079//5415 5405//5415
f 5089//5416 5404//5416 5419//5416
f 5397//5417 5413//5417 5398//5417
f 5390//5418 5406//5418 5391//5418
f 5399//5419 5413//5419 5414//5419
f 5392//5420 5406//5420 5407//5420
f 5400//5421 5414//5421 5415//5421
f 5392//5422 5408//5422 5393//5422
f 5400//5423 5416//5423 5401//5423
f 5393//5424 5409//5424 5394//5424
f 5405//5425 5421//5425 5406//5425
f 5413//5426 5429//5426 5414//5426
f 5406//5427 5422//5427 5407//5427
f 5414//5428 5430//5428 5415//5428
f 5407//5429 5423//5429 5408//5429
f 5415//5430 5431//5430 5416//5430
f 5409//5431 5423//5431 5424//5431
f 5417//5432 5431//5432 5432//5432
f 5409//5433 5425//5433 5410//5433
f 5418//5434 5432//5434 5433//5434
f 5410//5435 5426//5435 5411//5435
f 5419//5436 5433//5436 5434//5436
f 5412//5437 5426//5437 5427//5437
f 5405//5438 5079//5438 5420//5438
f 5089//5439 5419//5439 5434//5439
f 5412//5440 5428//5440 5413//5440
f 5424//5441 5440//5441 5425//5441
f 5433//5442 5447//5442 5448//5442
f 5425//5443 5441//5443 5426//5443
f 5433//5444 5449//5444 5434//5444
f 5426//5445 5442//5445 5427//5445
f 5420//5446 5079//5446 5435//5446
f 5089//5447 5434//5447 5449//5447
f 5428//5448 5442//5448 5443//5448
f 5421//5449 5435//5449 5436//5449
f 5429//5450 5443//5450 5444//5450
f 5421//5451 5437//5451 5422//5451
f 5430//5452 5444//5452 5445//5452
f 5422//5453 5438//5453 5423//5453
f 5431//5454 5445//5454 5446//5454
f 5423//5455 5439//5455 5424//5455
f 5432//5456 5446//5456 5447//5456
f 5443//5457 5459//5457 5444//5457
f 5437//5458 5451//5458 5452//5458
f 5444//5459 5460//5459 5445//5459
f 5438//5460 5452//5460 5453//5460
f 5445//5461 5461//5461 5446//5461
f 5439//5462 5453//5462 5454//5462
f 5446//5463 5462//5463 5447//5463
f 5440//5464 5454//5464 5455//5464
f 5447//5465 5463//5465 5448//5465
f 5440//5466 5456//5466 5441//5466
f 5449//5467 5463//5467 5464//5467
f 5441//5468 5457//5468 5442//5468
f 5435//5469 5079//5469 5450//5469
f 5089//5470 5449//5470 5464//5470
f 5442//5471 5458//5471 5443//5471
f 5435//5472 5451//5472 5436//5472
f 5462//5473 5478//5473 5463//5473
f 5455//5474 5471//5474 5456//5474
f 5463//5475 5479//5475 5464//5475
f 5456//5476 5472//5476 5457//5476
f 5450//5477 5079//5477 5465//5477
f 5089//5478 5464//5478 5479//5478
f 5457//5479 5473//5479 5458//5479
f 5451//5480 5465//5480 5466//5480
f 5459//5481 5473//5481 5474//5481
f 5452//5482 5466//5482 5467//5482
f 5459//5483 5475//5483 5460//5483
f 5452//5484 5468//5484 5453//5484
f 5461//5485 5475//5485 5476//5485
f 5453//5486 5469//5486 5454//5486
f 5461//5487 5477//5487 5462//5487
f 5454//5488 5470//5488 5455//5488
f 5474//5489 5490//5489 5475//5489
f 5467//5490 5483//5490 5468//5490
f 5476//5491 5490//5491 5491//5491
f 5468//5492 5484//5492 5469//5492
f 5477//5493 5491//5493 5492//5493
f 5470//5494 5484//5494 5485//5494
f 5478//5495 5492//5495 5493//5495
f 5471//5496 5485//5496 5486//5496
f 5478//5497 5494//5497 5479//5497
f 5472//5498 5486//5498 5487//5498
f 5465//5499 5079//5499 5480//5499
f 5089//5500 5479//5500 5494//5500
f 5472//5501 5488//5501 5473//5501
f 5466//5502 5480//5502 5481//5502
f 5473//5503 5489//5503 5474//5503
f 5466//5504 5482//5504 5467//5504
f 5494//5505 5508//5505 5509//5505
f 5487//5506 5501//5506 5502//5506
f 5480//5507 5079//5507 5495//5507
f 5089//5508 5494//5508 5509//5508
f 5487//5509 5503//5509 5488//5509
f 5480//5510 5496//5510 5481//5510
f 5489//5511 5503//5511 5504//5511
f 5481//5512 5497//5512 5482//5512
f 5489//5513 5505//5513 5490//5513
f 5482//5514 5498//5514 5483//5514
f 5490//5515 5506//5515 5491//5515
f 5484//5516 5498//5516 5499//5516
f 5491//5517 5507//5517 5492//5517
f 5484//5518 5500//5518 5485//5518
f 5493//5519 5507//5519 5508//5519
f 5485//5520 5501//5520 5486//5520
f 5497//5521 5513//5521 5498//5521
f 5506//5522 5520//5522 5521//5522
f 5499//5523 5513//5523 5514//5523
f 5507//5524 5521//5524 5522//5524
f 5499//5525 5515//5525 5500//5525
f 5507//5526 5523//5526 5508//5526
f 5501//5527 5515//5527 5516//5527
f 5509//5528 5523//5528 5524//5528
f 5501//5529 5517//5529 5502//5529
f 5495//5530 5079//5530 5510//5530
f 5089//5531 5509//5531 5524//5531
f 5503//5532 5517//5532 5518//5532
f 5495//5533 5511//5533 5496//5533
f 5503//5534 5519//5534 5504//5534
f 5496//5535 5512//5535 5497//5535
f 5505//5536 5519//5536 5520//5536
f 5516//5537 5532//5537 5517//5537
f 5510//5538 5079//5538 5525//5538
f 5089//5539 5524//5539 5539//5539
f 5518//5540 5532//5540 5533//5540
f 5511//5541 5525//5541 5526//5541
f 5518//5542 5534//5542 5519//5542
f 5512//5543 5526//5543 5527//5543
f 5519//5544 5535//5544 5520//5544
f 5513//5545 5527//5545 5528//5545
f 5520//5546 5536//5546 5521//5546
f 5514//5547 5528//5547 5529//5547
f 5521//5548 5537//5548 5522//5548
f 5514//5549 5530//5549 5515//5549
f 5522//5550 5538//5550 5523//5550
f 5516//5551 5530//5551 5531//5551
f 5523//5552 5539//5552 5524//5552
f 5535//5553 5551//5553 5536//5553
f 5529//5554 5543//5554 5544//5554
f 5537//5555 5551//5555 5552//5555
f 5529//5556 5545//5556 5530//5556
f 5537//5557 5553//5557 5538//5557
f 5531//5558 5545//5558 5546//5558
f 5538//5559 5554//5559 5539//5559
f 5531//5560 5547//5560 5532//5560
f 5525//5561 5079//5561 5540//5561
f 5089//5562 5539//5562 5554//5562
f 5533//5563 5547//5563 5548//5563
f 5526//5564 5540//5564 5541//5564
f 5533//5565 5549//5565 5534//5565
f 5526//5566 5542//5566 5527//5566
f 5535//5567 5549//5567 5550//5567
f 5527//5568 5543//5568 5528//5568
f 5540//5569 5079//5569 5555//5569
f 5089//5570 5554//5570 5560//5570
f 5547//5571 5085//5571 5548//5571
f 5540//5572 5556//5572 5541//5572
f 5548//5573 5086//5573 5549//5573
f 5542//5574 5556//5574 5080//5574
f 5549//5575 5087//5575 5550//5575
f 5543//5576 5080//5576 5081//5576
f 5550//5577 5558//5577 5551//5577
f 5544//5578 5081//5578 5557//5578
f 5551//5579 5088//5579 5552//5579
f 5544//5580 5082//5580 5545//5580
f 5552//5581 5559//5581 5553//5581
f 5545//5582 5083//5582 5546//5582
f 5554//5583 5559//5583 5560//5583
f 5546//5584 5084//5584 5547//5584
f 6037//5585 5561//5585 5572//5585
f 5571//5586 6042//5586 5586//5586
f 5566//5587 5580//5587 5567//5587
f 6037//5588 5573//5588 6038//5588
f 5567//5589 5581//5589 5568//5589
f 6038//5590 5574//5590 5562//5590
f 5569//5591 5581//5591 5582//5591
f 5562//5592 5575//5592 5563//5592
f 5569//5593 5583//5593 6040//5593
f 5563//5594 5576//5594 6039//5594
f 6040//5595 5584//5595 5570//5595
f 6039//5085 5577//5085 5564//5085
f 5570//5596 5585//5596 6041//5596
f 5565//5597 5577//5597 5578//5597
f 6041//5598 5586//5598 6042//5598
f 5565//5599 5579//5599 5566//5599
f 5586//5600 5600//5600 5601//5600
f 5578//5091 5594//5091 5579//5091
f 5572//5092 5561//5092 5587//5092
f 5571//5601 5586//5601 5601//5601
f 5580//5602 5594//5602 5595//5602
f 5572//5603 5588//5603 5573//5603
f 5580//5096 5596//5096 5581//5096
f 5573//5604 5589//5604 5574//5604
f 5582//5605 5596//5605 5597//5605
f 5574//5606 5590//5606 5575//5606
f 5582//5607 5598//5607 5583//5607
f 5575//5101 5591//5101 5576//5101
f 5583//5102 5599//5102 5584//5102
f 5576//5103 5592//5103 5577//5103
f 5584//5608 5600//5608 5585//5608
f 5577//5609 5593//5609 5578//5609
f 5589//5610 5605//5610 5590//5610
f 5598//5611 5612//5611 5613//5611
f 5590//5108 5606//5108 5591//5108
f 5599//5612 5613//5612 5614//5612
f 5592//5613 5606//5613 5607//5613
f 5599//5111 5615//5111 5600//5111
f 5592//5614 5608//5614 5593//5614
f 5600//5615 5616//5615 5601//5615
f 5593//5616 5609//5616 5594//5616
f 5587//5115 5561//5115 5602//5115
f 5571//5617 5601//5617 5616//5617
f 5595//5618 5609//5618 5610//5618
f 5588//5619 5602//5619 5603//5619
f 5596//5620 5610//5620 5611//5620
f 5589//5621 5603//5621 5604//5621
f 5596//5622 5612//5622 5597//5622
f 5609//5623 5623//5623 5624//5623
f 5602//5123 5561//5123 5617//5123
f 5571//5624 5616//5624 5631//5624
f 5609//5625 5625//5625 5610//5625
f 5602//5626 5618//5626 5603//5626
f 5611//5127 5625//5127 5626//5127
f 5603//5627 5619//5627 5604//5627
f 5611//5628 5627//5628 5612//5628
f 5604//5629 5620//5629 5605//5629
f 5612//5630 5628//5630 5613//5630
f 5606//5631 5620//5631 5621//5631
f 5614//5632 5628//5632 5629//5632
f 5606//5633 5622//5633 5607//5633
f 5615//5634 5629//5634 5630//5634
f 5607//5635 5623//5635 5608//5635
f 5615//5636 5631//5636 5616//5636
f 5627//5637 5643//5637 5628//5637
f 5620//5638 5636//5638 5621//5638
f 5628//5639 5644//5639 5629//5639
f 5621//5640 5637//5640 5622//5640
f 5629//5641 5645//5641 5630//5641
f 5622//5642 5638//5642 5623//5642
f 5631//5643 5645//5643 5646//5643
f 5623//5644 5639//5644 5624//5644
f 5617//5645 5561//5645 5632//5645
f 5571//5646 5631//5646 5646//5646
f 5625//5647 5639//5647 5640//5647
f 5617//5648 5633//5648 5618//5648
f 5625//5649 5641//5649 5626//5649
f 5618//5650 5634//5650 5619//5650
f 5626//5651 5642//5651 5627//5651
f 5620//5652 5634//5652 5635//5652
f 5632//5653 5561//5653 5647//5653
f 5571//5155 5646//5155 5661//5155
f 5639//5654 5655//5654 5640//5654
f 5633//5655 5647//5655 5648//5655
f 5640//5656 5656//5656 5641//5656
f 5634//5657 5648//5657 5649//5657
f 5641//5658 5657//5658 5642//5658
f 5634//5659 5650//5659 5635//5659
f 5642//5660 5658//5660 5643//5660
f 5635//5661 5651//5661 5636//5661
f 5644//5662 5658//5662 5659//5662
f 5637//5663 5651//5663 5652//5663
f 5645//5664 5659//5664 5660//5664
f 5638//5665 5652//5665 5653//5665
f 5646//5666 5660//5666 5661//5666
f 5638//5667 5654//5667 5639//5667
f 5651//5668 5665//5668 5666//5668
f 5659//5669 5673//5669 5674//5669
f 5651//5670 5667//5670 5652//5670
f 5659//5671 5675//5671 5660//5671
f 5652//5672 5668//5672 5653//5672
f 5660//5673 5676//5673 5661//5673
f 5654//5674 5668//5674 5669//5674
f 5647//5675 5561//5675 5662//5675
f 5571//5676 5661//5676 5676//5676
f 5654//5179 5670//5179 5655//5179
f 5648//5677 5662//5677 5663//5677
f 5655//5678 5671//5678 5656//5678
f 5648//5679 5664//5679 5649//5679
f 5657//5680 5671//5680 5672//5680
f 5649//5184 5665//5184 5650//5184
f 5657//5681 5673//5681 5658//5681
f 5669//5682 5685//5682 5670//5682
f 5662//5683 5678//5683 5663//5683
f 5670//5684 5686//5684 5671//5684
f 5663//5685 5679//5685 5664//5685
f 5672//5686 5686//5686 5687//5686
f 5665//5191 5679//5191 5680//5191
f 5672//5192 5688//5192 5673//5192
f 5665//5687 5681//5687 5666//5687
f 5673//5688 5689//5688 5674//5688
f 5666//5689 5682//5689 5667//5689
f 5675//5690 5689//5690 5690//5690
f 5668//5691 5682//5691 5683//5691
f 5676//5692 5690//5692 5691//5692
f 5669//5693 5683//5693 5684//5693
f 5662//5694 5561//5694 5677//5694
f 5571//5695 5676//5695 5691//5695
f 5689//5696 5703//5696 5704//5696
f 5682//5697 5696//5697 5697//5697
f 5689//5698 5705//5698 5690//5698
f 5682//5699 5698//5699 5683//5699
f 5690//5700 5706//5700 5691//5700
f 5683//5701 5699//5701 5684//5701
f 5677//5702 5561//5702 5692//5702
f 5571//5703 5691//5703 5706//5703
f 5685//5704 5699//5704 5700//5704
f 5678//5705 5692//5705 5693//5705
f 5686//5706 5700//5706 5701//5706
f 5679//5707 5693//5707 5694//5707
f 5686//5708 5702//5708 5687//5708
f 5679//5214 5695//5214 5680//5214
f 5687//5709 5703//5709 5688//5709
f 5680//5710 5696//5710 5681//5710
f 5700//5218 5716//5218 5701//5218
f 5693//5219 5709//5219 5694//5219
f 5701//5711 5717//5711 5702//5711
f 5695//5712 5709//5712 5710//5712
f 5703//5713 5717//5713 5718//5713
f 5695//5714 5711//5714 5696//5714
f 5703//5715 5719//5715 5704//5715
f 5697//5716 5711//5716 5712//5716
f 5704//5717 5720//5717 5705//5717
f 5697//5718 5713//5718 5698//5718
f 5706//5719 5720//5719 5721//5719
f 5698//5229 5714//5229 5699//5229
f 5692//5720 5561//5720 5707//5720
f 5571//5721 5706//5721 5721//5721
f 5700//5722 5714//5722 5715//5722
f 5692//5217 5708//5217 5693//5217
f 5720//5723 5734//5723 5735//5723
f 5713//5724 5727//5724 5728//5724
f 5720//5725 5736//5725 5721//5725
f 5713//5726 5729//5726 5714//5726
f 5707//5727 5561//5727 5722//5727
f 5571//5239 5721//5239 5736//5239
f 5714//5728 5730//5728 5715//5728
f 5708//5729 5722//5729 5723//5729
f 5715//5730 5731//5730 5716//5730
f 5708//5243 5724//5243 5709//5243
f 5717//5731 5731//5731 5732//5731
f 5709//5732 5725//5732 5710//5732
f 5717//5733 5733//5733 5718//5733
f 5711//5734 5725//5734 5726//5734
f 5718//5248 5734//5248 5719//5248
f 5711//5735 5727//5735 5712//5735
f 5724//5250 5738//5250 5739//5250
f 5731//5736 5747//5736 5732//5736
f 5724//5737 5740//5737 5725//5737
f 5732//5253 5748//5253 5733//5253
f 5725//5738 5741//5738 5726//5738
f 5734//5739 5748//5739 5749//5739
f 5726//5740 5742//5740 5727//5740
f 5734//5741 5750//5741 5735//5741
f 5728//5742 5742//5742 5743//5742
f 5735//5743 5751//5743 5736//5743
f 5728//5744 5744//5744 5729//5744
f 5722//5745 5561//5745 5737//5745
f 5571//5746 5736//5746 5751//5746
f 5730//5747 5744//5747 5745//5747
f 5723//5748 5737//5748 5738//5748
f 5730//5749 5746//5749 5731//5749
f 5743//5750 5757//5750 5758//5750
f 5751//5751 5765//5751 5766//5751
f 5743//5752 5759//5752 5744//5752
f 5737//5269 5561//5269 5752//5269
f 5571//5753 5751//5753 5766//5753
f 5745//5271 5759//5271 5760//5271
f 5737//5754 5753//5754 5738//5754
f 5745//5273 5761//5273 5746//5273
f 5738//5274 5754//5274 5739//5274
f 5746//5755 5762//5755 5747//5755
f 5739//5756 5755//5756 5740//5756
f 5748//5757 5762//5757 5763//5757
f 5740//5758 5756//5758 5741//5758
f 5748//5759 5764//5759 5749//5759
f 5742//5760 5756//5760 5757//5760
f 5749//5761 5765//5761 5750//5761
f 5762//5762 5776//5762 5777//5762
f 5755//5283 5769//5283 5770//5283
f 5762//5763 5778//5763 5763//5763
f 5756//5764 5770//5764 5771//5764
f 5763//5286 5779//5286 5764//5286
f 5756//5765 5772//5765 5757//5765
f 5764//5766 5780//5766 5765//5766
f 5758//5767 5772//5767 5773//5767
f 5766//5768 5780//5768 5781//5768
f 5759//5291 5773//5291 5774//5291
f 5752//5292 5561//5292 5767//5292
f 5571//5769 5766//5769 5781//5769
f 5759//5294 5775//5294 5760//5294
f 5752//5770 5768//5770 5753//5770
f 5760//5771 5776//5771 5761//5771
f 5753//5772 5769//5772 5754//5772
f 5780//5773 5796//5773 5781//5773
f 5773//5774 5789//5774 5774//5774
f 5767//5775 5561//5775 5782//5775
f 5571//5776 5781//5776 5796//5776
f 5775//5777 5789//5777 5790//5777
f 5767//5778 5783//5778 5768//5778
f 5775//5779 5791//5779 5776//5779
f 5768//5780 5784//5780 5769//5780
f 5776//5781 5792//5781 5777//5781
f 5769//5782 5785//5782 5770//5782
f 5777//5783 5793//5783 5778//5783
f 5771//5309 5785//5309 5786//5309
f 5778//5310 5794//5310 5779//5310
f 5771//5311 5787//5311 5772//5311
f 5779//5784 5795//5784 5780//5784
f 5773//5785 5787//5785 5788//5785
f 5784//5786 5800//5786 5785//5786
f 5793//5787 5807//5787 5808//5787
f 5785//5788 5801//5788 5786//5788
f 5793//5789 5809//5789 5794//5789
f 5787//5790 5801//5790 5802//5790
f 5794//5791 5810//5791 5795//5791
f 5787//5792 5803//5792 5788//5792
f 5796//5793 5810//5793 5811//5793
f 5788//5794 5804//5794 5789//5794
f 5782//5795 5561//5795 5797//5795
f 5571//5796 5796//5796 5811//5796
f 5789//5797 5805//5797 5790//5797
f 5782//5798 5798//5798 5783//5798
f 5790//5799 5806//5799 5791//5799
f 5784//5800 5798//5800 5799//5800
f 5791//5801 5807//5801 5792//5801
f 5803//5802 5819//5802 5804//5802
f 5797//5803 5561//5803 5812//5803
f 5571//5804 5811//5804 5826//5804
f 5805//5805 5819//5805 5820//5805
f 5798//5806 5812//5806 5813//5806
f 5805//5335 5821//5335 5806//5335
f 5799//5807 5813//5807 5814//5807
f 5807//5337 5821//5337 5822//5337
f 5799//5808 5815//5808 5800//5808
f 5807//5809 5823//5809 5808//5809
f 5801//5340 5815//5340 5816//5340
f 5808//5810 5824//5810 5809//5810
f 5801//5811 5817//5811 5802//5811
f 5809//5812 5825//5812 5810//5812
f 5802//5344 5818//5344 5803//5344
f 5810//5813 5826//5813 5811//5813
f 5822//5814 5838//5814 5823//5814
f 5815//5815 5831//5815 5816//5815
f 5824//5347 5838//5347 5839//5347
f 5816//5348 5832//5348 5817//5348
f 5824//5816 5840//5816 5825//5816
f 5817//5817 5833//5817 5818//5817
f 5826//5818 5840//5818 5841//5818
f 5818//5352 5834//5352 5819//5352
f 5812//5353 5561//5353 5827//5353
f 5571//5819 5826//5819 5841//5819
f 5820//5820 5834//5820 5835//5820
f 5812//5821 5828//5821 5813//5821
f 5820//5822 5836//5822 5821//5822
f 5813//5823 5829//5823 5814//5823
f 5821//5824 5837//5824 5822//5824
f 5814//5825 5830//5825 5815//5825
f 5571//5826 5841//5826 5856//5826
f 5835//5827 5849//5827 5850//5827
f 5827//5828 5843//5828 5828//5828
f 5835//5829 5851//5829 5836//5829
f 5829//5830 5843//5830 5844//5830
f 5836//5831 5852//5831 5837//5831
f 5829//5832 5845//5832 5830//5832
f 5837//5833 5853//5833 5838//5833
f 5830//5834 5846//5834 5831//5834
f 5839//5371 5853//5371 5854//5371
f 5832//5835 5846//5835 5847//5835
f 5839//5836 5855//5836 5840//5836
f 5832//5374 5848//5374 5833//5374
f 5841//5837 5855//5837 5856//5837
f 5833//5376 5849//5376 5834//5376
f 5827//5838 5561//5838 5842//5838
f 5854//5839 5868//5839 5869//5839
f 5846//5840 5862//5840 5847//5840
f 5855//5841 5869//5841 5870//5841
f 5847//5842 5863//5842 5848//5842
f 5855//5843 5871//5843 5856//5843
f 5849//5844 5863//5844 5864//5844
f 5842//5845 5561//5845 5857//5845
f 5571//5846 5856//5846 5871//5846
f 5849//5847 5865//5847 5850//5847
f 5842//5848 5858//5848 5843//5848
f 5851//5849 5865//5849 5866//5849
f 5843//5850 5859//5850 5844//5850
f 5852//5851 5866//5851 5867//5851
f 5844//5852 5860//5852 5845//5852
f 5852//5853 5868//5853 5853//5853
f 5846//5377 5860//5377 5861//5377
f 5857//5854 5873//5854 5858//5854
f 5865//5855 5881//5855 5866//5855
f 5858//5396 5874//5396 5859//5396
f 5866//5856 5882//5856 5867//5856
f 5860//5857 5874//5857 5875//5857
f 5867//5858 5883//5858 5868//5858
f 5860//5400 5876//5400 5861//5400
f 5868//5859 5884//5859 5869//5859
f 5861//5860 5877//5860 5862//5860
f 5869//5861 5885//5861 5870//5861
f 5863//5862 5877//5862 5878//5862
f 5871//5863 5885//5863 5886//5863
f 5863//5864 5879//5864 5864//5864
f 5857//5407 5561//5407 5872//5407
f 5571//5865 5871//5865 5886//5865
f 5864//5866 5880//5866 5865//5866
f 5877//5867 5891//5867 5892//5867
f 5884//5868 5900//5868 5885//5868
f 5877//5869 5893//5869 5878//5869
f 5885//5870 5901//5870 5886//5870
f 5878//5414 5894//5414 5879//5414
f 5872//5871 5561//5871 5887//5871
f 5571//5872 5886//5872 5901//5872
f 5880//5873 5894//5873 5895//5873
f 5872//5874 5888//5874 5873//5874
f 5880//5875 5896//5875 5881//5875
f 5874//5876 5888//5876 5889//5876
f 5881//5421 5897//5421 5882//5421
f 5874//5877 5890//5877 5875//5877
f 5883//5878 5897//5878 5898//5878
f 5875//5879 5891//5879 5876//5879
f 5883//5880 5899//5880 5884//5880
f 5896//5881 5910//5881 5911//5881
f 5889//5882 5903//5882 5904//5882
f 5896//5883 5912//5883 5897//5883
f 5889//5884 5905//5884 5890//5884
f 5897//5885 5913//5885 5898//5885
f 5890//5886 5906//5886 5891//5886
f 5899//5887 5913//5887 5914//5887
f 5891//5888 5907//5888 5892//5888
f 5899//5889 5915//5889 5900//5889
f 5892//5890 5908//5890 5893//5890
f 5900//5891 5916//5891 5901//5891
f 5894//5892 5908//5892 5909//5892
f 5887//5893 5561//5893 5902//5893
f 5571//5894 5901//5894 5916//5894
f 5894//5440 5910//5440 5895//5440
f 5887//5895 5903//5895 5888//5895
f 5915//5896 5929//5896 5930//5896
f 5908//5897 5922//5897 5923//5897
f 5916//5898 5930//5898 5931//5898
f 5909//5899 5923//5899 5924//5899
f 5902//5900 5561//5900 5917//5900
f 5571//5901 5916//5901 5931//5901
f 5909//5902 5925//5902 5910//5902
f 5903//5903 5917//5903 5918//5903
f 5911//5904 5925//5904 5926//5904
f 5903//5905 5919//5905 5904//5905
f 5912//5906 5926//5906 5927//5906
f 5905//5453 5919//5453 5920//5453
f 5912//5454 5928//5454 5913//5454
f 5906//5907 5920//5907 5921//5907
f 5913//5908 5929//5908 5914//5908
f 5906//5909 5922//5909 5907//5909
f 5919//5910 5933//5910 5934//5910
f 5926//5911 5942//5911 5927//5911
f 5919//5912 5935//5912 5920//5912
f 5927//5913 5943//5913 5928//5913
f 5920//5914 5936//5914 5921//5914
f 5929//5915 5943//5915 5944//5915
f 5922//5916 5936//5916 5937//5916
f 5929//5917 5945//5917 5930//5917
f 5922//5918 5938//5918 5923//5918
f 5930//5919 5946//5919 5931//5919
f 5923//5468 5939//5468 5924//5468
f 5917//5920 5561//5920 5932//5920
f 5571//5921 5931//5921 5946//5921
f 5925//5922 5939//5922 5940//5922
f 5918//5923 5932//5923 5933//5923
f 5926//5924 5940//5924 5941//5924
f 5938//5925 5952//5925 5953//5925
f 5946//5926 5960//5926 5961//5926
f 5938//5927 5954//5927 5939//5927
f 5932//5928 5561//5928 5947//5928
f 5571//5929 5946//5929 5961//5929
f 5940//5479 5954//5479 5955//5479
f 5932//5930 5948//5930 5933//5930
f 5940//5931 5956//5931 5941//5931
f 5934//5482 5948//5482 5949//5482
f 5941//5932 5957//5932 5942//5932
f 5935//5933 5949//5933 5950//5933
f 5943//5934 5957//5934 5958//5934
f 5935//5935 5951//5935 5936//5935
f 5943//5936 5959//5936 5944//5936
f 5937//5937 5951//5937 5952//5937
f 5944//5938 5960//5938 5945//5938
f 5957//5939 5971//5939 5972//5939
f 5950//5490 5964//5490 5965//5490
f 5958//5940 5972//5940 5973//5940
f 5951//5941 5965//5941 5966//5941
f 5958//5942 5974//5942 5959//5942
f 5951//5943 5967//5943 5952//5943
f 5960//5944 5974//5944 5975//5944
f 5952//5496 5968//5496 5953//5496
f 5961//5945 5975//5945 5976//5945
f 5953//5946 5969//5946 5954//5946
f 5947//5947 5561//5947 5962//5947
f 5571//5948 5961//5948 5976//5948
f 5954//5949 5970//5949 5955//5949
f 5947//5950 5963//5950 5948//5950
f 5956//5951 5970//5951 5971//5951
f 5948//5952 5964//5952 5949//5952
f 5975//5953 5991//5953 5976//5953
f 5968//5954 5984//5954 5969//5954
f 5962//5507 5561//5507 5977//5507
f 5571//5955 5976//5955 5991//5955
f 5969//5509 5985//5509 5970//5509
f 5963//5956 5977//5956 5978//5956
f 5970//5957 5986//5957 5971//5957
f 5964//5958 5978//5958 5979//5958
f 5971//5959 5987//5959 5972//5959
f 5964//5514 5980//5514 5965//5514
f 5972//5960 5988//5960 5973//5960
f 5965//5961 5981//5961 5966//5961
f 5974//5962 5988//5962 5989//5962
f 5967//5963 5981//5963 5982//5963
f 5974//5964 5990//5964 5975//5964
f 5967//5520 5983//5520 5968//5520
f 5988//5965 6002//5965 6003//5965
f 5980//5966 5996//5966 5981//5966
f 5988//5967 6004//5967 5989//5967
f 5982//5968 5996//5968 5997//5968
f 5989//5969 6005//5969 5990//5969
f 5983//5970 5997//5970 5998//5970
f 5991//5971 6005//5971 6006//5971
f 5983//5972 5999//5972 5984//5972
f 5977//5973 5561//5973 5992//5973
f 5571//5974 5991//5974 6006//5974
f 5985//5975 5999//5975 6000//5975
f 5977//5533 5993//5533 5978//5533
f 5985//5976 6001//5976 5986//5976
f 5978//5977 5994//5977 5979//5977
f 5986//5536 6002//5536 5987//5536
f 5979//5978 5995//5978 5980//5978
f 5992//5979 5561//5979 6007//5979
f 5571//5980 6006//5980 6021//5980
f 5999//5981 6015//5981 6000//5981
f 5992//5982 6008//5982 5993//5982
f 6001//5983 6015//5983 6016//5983
f 5993//5984 6009//5984 5994//5984
f 6002//5985 6016//5985 6017//5985
f 5995//5986 6009//5986 6010//5986
f 6002//5987 6018//5987 6003//5987
f 5995//5988 6011//5988 5996//5988
f 6003//5989 6019//5989 6004//5989
f 5996//5549 6012//5549 5997//5549
f 6005//5990 6019//5990 6020//5990
f 5997//5991 6013//5991 5998//5991
f 6006//5992 6020//5992 6021//5992
f 5999//5993 6013//5993 6014//5993
f 6011//5994 6025//5994 6026//5994
f 6018//5555 6034//5555 6019//5555
f 6011//5556 6027//5556 6012//5556
f 6019//5995 6035//5995 6020//5995
f 6013//5996 6027//5996 6028//5996
f 6020//5997 6036//5997 6021//5997
f 6013//5998 6029//5998 6014//5998
f 6007//5561 5561//5561 6022//5561
f 5571//5999 6021//5999 6036//5999
f 6015//6000 6029//6000 6030//6000
f 6008//5564 6022//5564 6023//5564
f 6015//5565 6031//5565 6016//5565
f 6009//6001 6023//6001 6024//6001
f 6016//6002 6032//6002 6017//6002
f 6009//6003 6025//6003 6010//6003
f 6017//6004 6033//6004 6018//6004
f 6029//6005 5567//6005 6030//6005
f 6022//6006 6038//6006 6023//6006
f 6031//6007 5567//6007 5568//6007
f 6023//6008 5562//6008 6024//6008
f 6031//6009 5569//6009 6032//6009
f 6024//6010 5563//6010 6025//6010
f 6032//6011 6040//6011 6033//6011
f 6026//6012 5563//6012 6039//6012
f 6033//6013 5570//6013 6034//6013
f 6027//6014 6039//6014 5564//6014
f 6034//6015 6041//6015 6035//6015
f 6027//6016 5565//6016 6028//6016
f 6036//6017 6041//6017 6042//6017
f 6029//6018 5565//6018 5566//6018
f 6022//6019 5561//6019 6037//6019
f 5571//6020 6036//6020 6042//6020
f 6049//6021 6061//6021 6062//6021
f 6519//6022 6055//6022 6520//6022
f 6050//6023 6062//6023 6063//6023
f 6520//6024 6056//6024 6044//6024
f 6051//5591 6063//5591 6064//5591
f 6044//6025 6057//6025 6045//6025
f 6051//6026 6065//6026 6522//6026
f 6521//6027 6057//6027 6058//6027
f 6522//6028 6066//6028 6052//6028
f 6521//6029 6059//6029 6046//6029
f 6523//5086 6066//5086 6067//5086
f 6046//5087 6060//5087 6047//5087
f 6523//6030 6068//6030 6524//6030
f 6047//6031 6061//6031 6048//6031
f 6519//6032 6043//6032 6054//6032
f 6053//6033 6524//6033 6068//6033
f 6067//6034 6083//6034 6068//6034
f 6060//6035 6076//6035 6061//6035
f 6054//6036 6043//6036 6069//6036
f 6053//6037 6068//6037 6083//6037
f 6061//6038 6077//6038 6062//6038
f 6054//6039 6070//6039 6055//6039
f 6062//5096 6078//5096 6063//5096
f 6055//5097 6071//5097 6056//5097
f 6063//5098 6079//5098 6064//5098
f 6056//6040 6072//6040 6057//6040
f 6064//6041 6080//6041 6065//6041
f 6058//6042 6072//6042 6073//6042
f 6065//6043 6081//6043 6066//6043
f 6059//6044 6073//6044 6074//6044
f 6066//6045 6082//6045 6067//6045
f 6059//6046 6075//6046 6060//6046
f 6079//6047 6095//6047 6080//6047
f 6073//6048 6087//6048 6088//6048
f 6080//6049 6096//6049 6081//6049
f 6073//5613 6089//5613 6074//5613
f 6082//5111 6096//5111 6097//5111
f 6074//5112 6090//5112 6075//5112
f 6083//6050 6097//6050 6098//6050
f 6075//6051 6091//6051 6076//6051
f 6069//5115 6043//5115 6084//5115
f 6053//5116 6083//5116 6098//5116
f 6077//6052 6091//6052 6092//6052
f 6069//6053 6085//6053 6070//6053
f 6078//6054 6092//6054 6093//6054
f 6070//5120 6086//5120 6071//5120
f 6078//6055 6094//6055 6079//6055
f 6071//5610 6087//5610 6072//5610
f 6084//6056 6043//6056 6099//6056
f 6053//5624 6098//5624 6113//5624
f 6091//6057 6107//6057 6092//6057
f 6085//5126 6099//5126 6100//5126
f 6092//5127 6108//5127 6093//5127
f 6086//5128 6100//5128 6101//5128
f 6093//5628 6109//5628 6094//5628
f 6087//6058 6101//6058 6102//6058
f 6095//6059 6109//6059 6110//6059
f 6087//6060 6103//6060 6088//6060
f 6095//6061 6111//6061 6096//6061
f 6089//5633 6103//5633 6104//5633
f 6096//5135 6112//5135 6097//5135
f 6089//6062 6105//6062 6090//6062
f 6097//6063 6113//6063 6098//6063
f 6091//6064 6105//6064 6106//6064
f 6102//6065 6118//6065 6103//6065
f 6111//5639 6125//5639 6126//5639
f 6104//6066 6118//6066 6119//6066
f 6112//6067 6126//6067 6127//6067
f 6104//6068 6120//6068 6105//6068
f 6112//6069 6128//6069 6113//6069
f 6106//6070 6120//6070 6121//6070
f 6099//6071 6043//6071 6114//6071
f 6053//6072 6113//6072 6128//6072
f 6106//6073 6122//6073 6107//6073
f 6100//6074 6114//6074 6115//6074
f 6108//6075 6122//6075 6123//6075
f 6100//6076 6116//6076 6101//6076
f 6108//6077 6124//6077 6109//6077
f 6101//5652 6117//5652 6102//5652
f 6109//6078 6125//6078 6110//6078
f 6121//6079 6137//6079 6122//6079
f 6115//5157 6129//5157 6130//5157
f 6122//5656 6138//5656 6123//5656
f 6116//6080 6130//6080 6131//6080
f 6124//5658 6138//5658 6139//5658
f 6116//6081 6132//6081 6117//6081
f 6124//6082 6140//6082 6125//6082
f 6118//6083 6132//6083 6133//6083
f 6125//5164 6141//5164 6126//5164
f 6118//6084 6134//6084 6119//6084
f 6126//6085 6142//6085 6127//6085
f 6119//6086 6135//6086 6120//6086
f 6127//6087 6143//6087 6128//6087
f 6121//6088 6135//6088 6136//6088
f 6114//6089 6043//6089 6129//6089
f 6053//6090 6128//6090 6143//6090
f 6141//6091 6155//6091 6156//6091
f 6133//6092 6149//6092 6134//6092
f 6142//6093 6156//6093 6157//6093
f 6135//6094 6149//6094 6150//6094
f 6143//5175 6157//5175 6158//5175
f 6135//6095 6151//6095 6136//6095
f 6129//6096 6043//6096 6144//6096
f 6053//5178 6143//5178 6158//5178
f 6136//5179 6152//5179 6137//5179
f 6129//5677 6145//5677 6130//5677
f 6137//5181 6153//5181 6138//5181
f 6130//6097 6146//6097 6131//6097
f 6139//5183 6153//5183 6154//5183
f 6131//6098 6147//6098 6132//6098
f 6139//5169 6155//5169 6140//5169
f 6133//6099 6147//6099 6148//6099
f 6144//5683 6160//5683 6145//5683
f 6152//6100 6168//6100 6153//6100
f 6145//5189 6161//5189 6146//5189
f 6154//5190 6168//5190 6169//5190
f 6146//6101 6162//6101 6147//6101
f 6155//5192 6169//5192 6170//5192
f 6147//5687 6163//5687 6148//5687
f 6156//6102 6170//6102 6171//6102
f 6148//5195 6164//5195 6149//5195
f 6157//5196 6171//5196 6172//5196
f 6150//6103 6164//6103 6165//6103
f 6157//6104 6173//6104 6158//6104
f 6150//5693 6166//5693 6151//5693
f 6144//5694 6043//5694 6159//5694
f 6053//5695 6158//5695 6173//5695
f 6152//6105 6166//6105 6167//6105
f 6164//5202 6178//5202 6179//5202
f 6171//5203 6187//5203 6172//5203
f 6164//6106 6180//6106 6165//6106
f 6173//6107 6187//6107 6188//6107
f 6165//5701 6181//5701 6166//5701
f 6159//5702 6043//5702 6174//5702
f 6053//5703 6173//5703 6188//5703
f 6166//6108 6182//6108 6167//6108
f 6159//5705 6175//5705 6160//5705
f 6168//6109 6182//6109 6183//6109
f 6161//5212 6175//5212 6176//5212
f 6168//6110 6184//6110 6169//6110
f 6162//6111 6176//6111 6177//6111
f 6169//5215 6185//5215 6170//5215
f 6163//6112 6177//6112 6178//6112
f 6170//6113 6186//6113 6171//6113
f 6182//6114 6198//6114 6183//6114
f 6176//5219 6190//5219 6191//5219
f 6184//6115 6198//6115 6199//6115
f 6177//6116 6191//6116 6192//6116
f 6184//6117 6200//6117 6185//6117
f 6177//5714 6193//5714 6178//5714
f 6185//5715 6201//5715 6186//5715
f 6179//6118 6193//6118 6194//6118
f 6186//5226 6202//5226 6187//5226
f 6179//6119 6195//6119 6180//6119
f 6187//5228 6203//5228 6188//5228
f 6180//6120 6196//6120 6181//6120
f 6174//6121 6043//6121 6189//6121
f 6053//5231 6188//5231 6203//5231
f 6181//5232 6197//5232 6182//5232
f 6175//5217 6189//5217 6190//5217
f 6202//5234 6216//5234 6217//5234
f 6194//6122 6210//6122 6195//6122
f 6203//6123 6217//6123 6218//6123
f 6195//5726 6211//5726 6196//5726
f 6189//6124 6043//6124 6204//6124
f 6053//6125 6203//6125 6218//6125
f 6196//5240 6212//5240 6197//5240
f 6189//5729 6205//5729 6190//5729
f 6198//6126 6212//6126 6213//6126
f 6190//5243 6206//5243 6191//5243
f 6198//5244 6214//5244 6199//5244
f 6191//5732 6207//5732 6192//5732
f 6200//6127 6214//6127 6215//6127
f 6192//5734 6208//5734 6193//5734
f 6200//6128 6216//6128 6201//6128
f 6194//5233 6208//5233 6209//5233
f 6213//5736 6229//5736 6214//5736
f 6206//6129 6222//6129 6207//6129
f 6214//6130 6230//6130 6215//6130
f 6207//6131 6223//6131 6208//6131
f 6215//5255 6231//5255 6216//5255
f 6208//5256 6224//5256 6209//5256
f 6216//6132 6232//6132 6217//6132
f 6209//6133 6225//6133 6210//6133
f 6218//6134 6232//6134 6233//6134
f 6211//6135 6225//6135 6226//6135
f 6204//5745 6043//5745 6219//5745
f 6053//6136 6218//6136 6233//6136
f 6212//6137 6226//6137 6227//6137
f 6204//6138 6220//6138 6205//6138
f 6213//6139 6227//6139 6228//6139
f 6205//5250 6221//5250 6206//5250
f 6233//6140 6247//6140 6248//6140
f 6225//5752 6241//5752 6226//5752
f 6219//5269 6043//5269 6234//5269
f 6053//6141 6233//6141 6248//6141
f 6226//6142 6242//6142 6227//6142
f 6219//5272 6235//5272 6220//5272
f 6227//6143 6243//6143 6228//6143
f 6221//5274 6235//5274 6236//5274
f 6229//6144 6243//6144 6244//6144
f 6221//5276 6237//5276 6222//5276
f 6230//5757 6244//5757 6245//5757
f 6222//5758 6238//5758 6223//5758
f 6231//6145 6245//6145 6246//6145
f 6223//5760 6239//5760 6224//5760
f 6231//6146 6247//6146 6232//6146
f 6225//5750 6239//5750 6240//5750
f 6236//6147 6252//6147 6237//6147
f 6245//5284 6259//5284 6260//5284
f 6237//6148 6253//6148 6238//6148
f 6246//6149 6260//6149 6261//6149
f 6238//5765 6254//5765 6239//5765
f 6246//5766 6262//5766 6247//5766
f 6240//5289 6254//5289 6255//5289
f 6247//5290 6263//5290 6248//5290
f 6240//5291 6256//5291 6241//5291
f 6234//6150 6043//6150 6249//6150
f 6053//5293 6248//5293 6263//5293
f 6241//5294 6257//5294 6242//5294
f 6234//5770 6250//5770 6235//5770
f 6242//6151 6258//6151 6243//6151
f 6236//5281 6250//5281 6251//5281
f 6244//5762 6258//5762 6259//5762
f 6255//6152 6271//6152 6256//6152
f 6249//5775 6043//5775 6264//5775
f 6053//6153 6263//6153 6278//6153
f 6257//6154 6271//6154 6272//6154
f 6249//6155 6265//6155 6250//6155
f 6257//6156 6273//6156 6258//6156
f 6251//5780 6265//5780 6266//5780
f 6258//5781 6274//5781 6259//5781
f 6251//6157 6267//6157 6252//6157
f 6259//6158 6275//6158 6260//6158
f 6252//6159 6268//6159 6253//6159
f 6260//6160 6276//6160 6261//6160
f 6253//6161 6269//6161 6254//6161
f 6261//6162 6277//6162 6262//6162
f 6255//6163 6269//6163 6270//6163
f 6262//6164 6278//6164 6263//6164
f 6274//6165 6290//6165 6275//6165
f 6268//6166 6282//6166 6283//6166
f 6275//6167 6291//6167 6276//6167
f 6268//6168 6284//6168 6269//6168
f 6276//6169 6292//6169 6277//6169
f 6269//6170 6285//6170 6270//6170
f 6277//6171 6293//6171 6278//6171
f 6271//6172 6285//6172 6286//6172
f 6264//6173 6043//6173 6279//6173
f 6053//6174 6278//6174 6293//6174
f 6271//5797 6287//5797 6272//5797
f 6265//6175 6279//6175 6280//6175
f 6273//5327 6287//5327 6288//5327
f 6266//6176 6280//6176 6281//6176
f 6273//6177 6289//6177 6274//6177
f 6266//6178 6282//6178 6267//6178
f 6279//6179 6043//6179 6294//6179
f 6053//6180 6293//6180 6308//6180
f 6286//6181 6302//6181 6287//6181
f 6279//6182 6295//6182 6280//6182
f 6287//5335 6303//5335 6288//5335
f 6280//5807 6296//5807 6281//5807
f 6289//6183 6303//6183 6304//6183
f 6281//6184 6297//6184 6282//6184
f 6289//6185 6305//6185 6290//6185
f 6282//6186 6298//6186 6283//6186
f 6290//6187 6306//6187 6291//6187
f 6283//6188 6299//6188 6284//6188
f 6291//6189 6307//6189 6292//6189
f 6284//5344 6300//5344 6285//5344
f 6293//6190 6307//6190 6308//6190
f 6285//5802 6301//5802 6286//5802
f 6298//6191 6312//6191 6313//6191
f 6305//6192 6321//6192 6306//6192
f 6298//5348 6314//5348 6299//5348
f 6307//6193 6321//6193 6322//6193
f 6299//6194 6315//6194 6300//6194
f 6308//5818 6322//5818 6323//5818
f 6301//6195 6315//6195 6316//6195
f 6294//6196 6043//6196 6309//6196
f 6053//6197 6308//6197 6323//6197
f 6301//5355 6317//5355 6302//5355
f 6294//6198 6310//6198 6295//6198
f 6303//6199 6317//6199 6318//6199
f 6295//5358 6311//5358 6296//5358
f 6303//6200 6319//6200 6304//6200
f 6296//6201 6312//6201 6297//6201
f 6304//6202 6320//6202 6305//6202
f 6316//6203 6332//6203 6317//6203
f 6309//6204 6325//6204 6310//6204
f 6318//6205 6332//6205 6333//6205
f 6310//5366 6326//5366 6311//5366
f 6318//5367 6334//5367 6319//5367
f 6311//6206 6327//6206 6312//6206
f 6319//5369 6335//5369 6320//5369
f 6312//6207 6328//6207 6313//6207
f 6321//5371 6335//5371 6336//5371
f 6313//5835 6329//5835 6314//5835
f 6322//5373 6336//5373 6337//5373
f 6314//6208 6330//6208 6315//6208
f 6323//6209 6337//6209 6338//6209
f 6316//5376 6330//5376 6331//5376
f 6309//5361 6043//5361 6324//5361
f 6053//5362 6323//5362 6338//5362
f 6335//6210 6351//6210 6336//6210
f 6328//6211 6344//6211 6329//6211
f 6336//5380 6352//5380 6337//5380
f 6329//6212 6345//6212 6330//6212
f 6337//6213 6353//6213 6338//6213
f 6330//6214 6346//6214 6331//6214
f 6324//5845 6043//5845 6339//5845
f 6053//6215 6338//6215 6353//6215
f 6331//6216 6347//6216 6332//6216
f 6325//6217 6339//6217 6340//6217
f 6333//6218 6347//6218 6348//6218
f 6325//5850 6341//5850 6326//5850
f 6333//6219 6349//6219 6334//6219
f 6327//5391 6341//5391 6342//5391
f 6334//6220 6350//6220 6335//6220
f 6328//5377 6342//5377 6343//5377
f 6347//6221 6363//6221 6348//6221
f 6340//5396 6356//5396 6341//5396
f 6348//5397 6364//5397 6349//5397
f 6341//5398 6357//5398 6342//5398
f 6349//6222 6365//6222 6350//6222
f 6342//6223 6358//6223 6343//6223
f 6350//6224 6366//6224 6351//6224
f 6343//5860 6359//5860 6344//5860
f 6351//6225 6367//6225 6352//6225
f 6345//6226 6359//6226 6360//6226
f 6352//6227 6368//6227 6353//6227
f 6345//6228 6361//6228 6346//6228
f 6339//6229 6043//6229 6354//6229
f 6053//6230 6353//6230 6368//6230
f 6346//5393 6362//5393 6347//5393
f 6340//6231 6354//6231 6355//6231
f 6366//5411 6382//5411 6367//5411
f 6360//6232 6374//6232 6375//6232
f 6367//6233 6383//6233 6368//6233
f 6360//6234 6376//6234 6361//6234
f 6354//6235 6043//6235 6369//6235
f 6053//6236 6368//6236 6383//6236
f 6361//5417 6377//5417 6362//5417
f 6355//6237 6369//6237 6370//6237
f 6362//6238 6378//6238 6363//6238
f 6356//5420 6370//5420 6371//5420
f 6364//6239 6378//6239 6379//6239
f 6357//6240 6371//6240 6372//6240
f 6364//5878 6380//5878 6365//5878
f 6357//6241 6373//6241 6358//6241
f 6365//5409 6381//5409 6366//5409
f 6358//5410 6374//5410 6359//5410
f 6370//6242 6386//6242 6371//6242
f 6379//6243 6393//6243 6394//6243
f 6371//6244 6387//6244 6372//6244
f 6379//5430 6395//5430 6380//5430
f 6373//6245 6387//6245 6388//6245
f 6381//6246 6395//6246 6396//6246
f 6373//6247 6389//6247 6374//6247
f 6382//6248 6396//6248 6397//6248
f 6375//6249 6389//6249 6390//6249
f 6382//5436 6398//5436 6383//5436
f 6375//6250 6391//6250 6376//6250
f 6369//6251 6043//6251 6384//6251
f 6053//5439 6383//5439 6398//5439
f 6376//5440 6392//5440 6377//5440
f 6369//5895 6385//5895 6370//5895
f 6377//6252 6393//6252 6378//6252
f 6389//6253 6405//6253 6390//6253
f 6397//5444 6413//5444 6398//5444
f 6390//5899 6406//5899 6391//5899
f 6384//5446 6043//5446 6399//5446
f 6053//5447 6398//5447 6413//5447
f 6391//6254 6407//6254 6392//6254
f 6385//5903 6399//5903 6400//5903
f 6393//6255 6407//6255 6408//6255
f 6385//5451 6401//5451 6386//5451
f 6394//5452 6408//5452 6409//5452
f 6386//6256 6402//6256 6387//6256
f 6395//6257 6409//6257 6410//6257
f 6387//6258 6403//6258 6388//6258
f 6396//5908 6410//5908 6411//5908
f 6388//5441 6404//5441 6389//5441
f 6397//5442 6411//5442 6412//5442
f 6408//6259 6424//6259 6409//6259
f 6402//6260 6416//6260 6417//6260
f 6409//5461 6425//5461 6410//5461
f 6403//6261 6417//6261 6418//6261
f 6410//5915 6426//5915 6411//5915
f 6404//6262 6418//6262 6419//6262
f 6411//5465 6427//5465 6412//5465
f 6404//6263 6420//6263 6405//6263
f 6413//5467 6427//5467 6428//5467
f 6406//6264 6420//6264 6421//6264
f 6399//5469 6043//5469 6414//5469
f 6053//5470 6413//5470 6428//5470
f 6406//5471 6422//5471 6407//5471
f 6399//6265 6415//6265 6400//6265
f 6408//6266 6422//6266 6423//6266
f 6401//5458 6415//5458 6416//5458
f 6427//6267 6443//6267 6428//6267
f 6420//6268 6436//6268 6421//6268
f 6414//6269 6043//6269 6429//6269
f 6053//5478 6428//5478 6443//5478
f 6421//6270 6437//6270 6422//6270
f 6415//5480 6429//5480 6430//5480
f 6423//6271 6437//6271 6438//6271
f 6416//5482 6430//5482 6431//5482
f 6423//6272 6439//6272 6424//6272
f 6416//6273 6432//6273 6417//6273
f 6424//5485 6440//5485 6425//5485
f 6417//6274 6433//6274 6418//6274
f 6425//6275 6441//6275 6426//6275
f 6418//5488 6434//5488 6419//5488
f 6426//5473 6442//5473 6427//5473
f 6419//6276 6435//6276 6420//6276
f 6431//6277 6447//6277 6432//6277
f 6439//6278 6455//6278 6440//6278
f 6432//6279 6448//6279 6433//6279
f 6440//6280 6456//6280 6441//6280
f 6434//5494 6448//5494 6449//5494
f 6442//6281 6456//6281 6457//6281
f 6434//6282 6450//6282 6435//6282
f 6443//6283 6457//6283 6458//6283
f 6435//5946 6451//5946 6436//5946
f 6429//6284 6043//6284 6444//6284
f 6053//6285 6443//6285 6458//6285
f 6436//6286 6452//6286 6437//6286
f 6429//5950 6445//5950 6430//5950
f 6438//6287 6452//6287 6453//6287
f 6430//5952 6446//5952 6431//5952
f 6438//5489 6454//5489 6439//5489
f 6451//6288 6465//6288 6466//6288
f 6444//5507 6043//5507 6459//5507
f 6053//6289 6458//6289 6473//6289
f 6451//6290 6467//6290 6452//6290
f 6444//6291 6460//6291 6445//6291
f 6452//6292 6468//6292 6453//6292
f 6445//6293 6461//6293 6446//6293
f 6453//6294 6469//6294 6454//6294
f 6446//6295 6462//6295 6447//6295
f 6454//6296 6470//6296 6455//6296
f 6448//6297 6462//6297 6463//6297
f 6456//6298 6470//6298 6471//6298
f 6448//5518 6464//5518 6449//5518
f 6457//6299 6471//6299 6472//6299
f 6449//6300 6465//6300 6450//6300
f 6458//6301 6472//6301 6473//6301
f 6469//6302 6485//6302 6470//6302
f 6463//6303 6477//6303 6478//6303
f 6471//6304 6485//6304 6486//6304
f 6463//6305 6479//6305 6464//6305
f 6471//6306 6487//6306 6472//6306
f 6465//6307 6479//6307 6480//6307
f 6473//5528 6487//5528 6488//5528
f 6465//5529 6481//5529 6466//5529
f 6459//5973 6043//5973 6474//5973
f 6053//6308 6473//6308 6488//6308
f 6467//6309 6481//6309 6482//6309
f 6459//5533 6475//5533 6460//5533
f 6467//5976 6483//5976 6468//5976
f 6461//6310 6475//6310 6476//6310
f 6468//5536 6484//5536 6469//5536
f 6461//5521 6477//5521 6462//5521
f 6053//5539 6488//5539 6503//5539
f 6481//5981 6497//5981 6482//5981
f 6475//6311 6489//6311 6490//6311
f 6482//6312 6498//6312 6483//6312
f 6476//6313 6490//6313 6491//6313
f 6483//5544 6499//5544 6484//5544
f 6476//6314 6492//6314 6477//6314
f 6485//6315 6499//6315 6500//6315
f 6477//6316 6493//6316 6478//6316
f 6485//6317 6501//6317 6486//6317
f 6478//6318 6494//6318 6479//6318
f 6486//6319 6502//6319 6487//6319
f 6479//6320 6495//6320 6480//6320
f 6487//6321 6503//6321 6488//6321
f 6481//5993 6495//5993 6496//5993
f 6474//5538 6043//5538 6489//5538
f 6501//5555 6515//5555 6516//5555
f 6493//5556 6509//5556 6494//5556
f 6501//6322 6517//6322 6502//6322
f 6495//6323 6509//6323 6510//6323
f 6502//6324 6518//6324 6503//6324
f 6495//6325 6511//6325 6496//6325
f 6489//6326 6043//6326 6504//6326
f 6053//6327 6503//6327 6518//6327
f 6497//6328 6511//6328 6512//6328
f 6490//5564 6504//5564 6505//5564
f 6497//6329 6513//6329 6498//6329
f 6491//6330 6505//6330 6506//6330
f 6499//6331 6513//6331 6514//6331
f 6491//5568 6507//5568 6492//5568
f 6500//6332 6514//6332 6515//6332
f 6492//6333 6508//6333 6493//6333
f 6505//6334 6519//6334 6520//6334
f 6512//6335 6050//6335 6513//6335
f 6506//5574 6520//5574 6044//5574
f 6514//6336 6050//6336 6051//6336
f 6507//5576 6044//5576 6045//5576
f 6514//6337 6522//6337 6515//6337
f 6507//5578 6521//5578 6508//5578
f 6515//6338 6052//6338 6516//6338
f 6508//6339 6046//6339 6509//6339
f 6516//6340 6523//6340 6517//6340
f 6510//6341 6046//6341 6047//6341
f 6517//6342 6524//6342 6518//6342
f 6510//6343 6048//6343 6511//6343
f 6504//6019 6043//6019 6519//6019
f 6053//6344 6518//6344 6524//6344
f 6512//6345 6048//6345 6049//6345
f 7002//6346 6536//6346 6537//6346
f 6531//6347 6545//6347 6532//6347
f 7002//6348 6538//6348 6526//6348
f 6532//5591 6546//5591 6533//5591
f 6526//6349 6539//6349 6527//6349
f 6533//5082 6547//5082 7004//5082
f 6527//6350 6540//6350 7003//6350
f 7004//6351 6548//6351 6534//6351
f 7003//6029 6541//6029 6528//6029
f 6534//6352 6549//6352 7005//6352
f 6528//6353 6542//6353 6529//6353
f 7005//6354 6550//6354 7006//6354
f 6530//6355 6542//6355 6543//6355
f 7001//6032 6525//6032 6536//6032
f 6535//6356 7006//6356 6550//6356
f 6530//5587 6544//5587 6531//5587
f 6543//6357 6557//6357 6558//6357
f 6536//5092 6525//5092 6551//5092
f 6535//6358 6550//6358 6565//6358
f 6543//6359 6559//6359 6544//6359
f 6536//6360 6552//6360 6537//6360
f 6544//6361 6560//6361 6545//6361
f 6537//6362 6553//6362 6538//6362
f 6546//6363 6560//6363 6561//6363
f 6539//5099 6553//5099 6554//5099
f 6546//6364 6562//6364 6547//6364
f 6539//6365 6555//6365 6540//6365
f 6547//6043 6563//6043 6548//6043
f 6540//6366 6556//6366 6541//6366
f 6549//6367 6563//6367 6564//6367
f 6541//5609 6557//5609 6542//5609
f 6550//5600 6564//5600 6565//5600
f 6562//6368 6576//6368 6577//6368
f 6554//6369 6570//6369 6555//6369
f 6563//6370 6577//6370 6578//6370
f 6556//5110 6570//5110 6571//5110
f 6563//6371 6579//6371 6564//6371
f 6556//5614 6572//5614 6557//5614
f 6564//6372 6580//6372 6565//6372
f 6557//6373 6573//6373 6558//6373
f 6551//6374 6525//6374 6566//6374
f 6535//6375 6565//6375 6580//6375
f 6559//6376 6573//6376 6574//6376
f 6552//6053 6566//6053 6567//6053
f 6560//5119 6574//5119 6575//5119
f 6553//5621 6567//5621 6568//5621
f 6560//5622 6576//5622 6561//5622
f 6553//5106 6569//5106 6554//5106
f 6535//5124 6580//5124 6595//5124
f 6573//6377 6589//6377 6574//6377
f 6567//5126 6581//5126 6582//5126
f 6574//6378 6590//6378 6575//6378
f 6567//6379 6583//6379 6568//6379
f 6575//6380 6591//6380 6576//6380
f 6569//6381 6583//6381 6584//6381
f 6576//6382 6592//6382 6577//6382
f 6570//5132 6584//5132 6585//5132
f 6577//5632 6593//5632 6578//5632
f 6570//5134 6586//5134 6571//5134
f 6579//5634 6593//5634 6594//5634
f 6572//6383 6586//6383 6587//6383
f 6579//6384 6595//6384 6580//6384
f 6572//6385 6588//6385 6573//6385
f 6566//6056 6525//6056 6581//6056
f 6592//6386 6608//6386 6593//6386
f 6585//6387 6601//6387 6586//6387
f 6593//6388 6609//6388 6594//6388
f 6586//6389 6602//6389 6587//6389
f 6595//6390 6609//6390 6610//6390
f 6587//5644 6603//5644 6588//5644
f 6581//5645 6525//5645 6596//5645
f 6535//6391 6595//6391 6610//6391
f 6588//6392 6604//6392 6589//6392
f 6581//6393 6597//6393 6582//6393
f 6589//6394 6605//6394 6590//6394
f 6582//6395 6598//6395 6583//6395
f 6591//6396 6605//6396 6606//6396
f 6584//6397 6598//6397 6599//6397
f 6591//6398 6607//6398 6592//6398
f 6584//6399 6600//6399 6585//6399
f 6596//6400 6612//6400 6597//6400
f 6604//6401 6620//6401 6605//6401
f 6598//6402 6612//6402 6613//6402
f 6605//5160 6621//5160 6606//5160
f 6598//6081 6614//6081 6599//6081
f 6607//6403 6621//6403 6622//6403
f 6599//5661 6615//5661 6600//5661
f 6607//6404 6623//6404 6608//6404
f 6601//6405 6615//6405 6616//6405
f 6608//6406 6624//6406 6609//6406
f 6601//5167 6617//5167 6602//5167
f 6609//6407 6625//6407 6610//6407
f 6602//5153 6618//5153 6603//5153
f 6596//6089 6525//6089 6611//6089
f 6535//6090 6610//6090 6625//6090
f 6603//5156 6619//5156 6604//5156
f 6615//6408 6631//6408 6616//6408
f 6623//6409 6639//6409 6624//6409
f 6616//6410 6632//6410 6617//6410
f 6624//6411 6640//6411 6625//6411
f 6617//6095 6633//6095 6618//6095
f 6611//5177 6525//5177 6626//5177
f 6535//6412 6625//6412 6640//6412
f 6618//5179 6634//5179 6619//5179
f 6612//5180 6626//5180 6627//5180
f 6619//5181 6635//5181 6620//5181
f 6612//5182 6628//5182 6613//5182
f 6621//6413 6635//6413 6636//6413
f 6613//5184 6629//5184 6614//5184
f 6621//5169 6637//5169 6622//5169
f 6614//6414 6630//6414 6615//6414
f 6623//6415 6637//6415 6638//6415
f 6634//6416 6650//6416 6635//6416
f 6627//5189 6643//5189 6628//5189
f 6636//6417 6650//6417 6651//6417
f 6629//5191 6643//5191 6644//5191
f 6636//6418 6652//6418 6637//6418
f 6630//6419 6644//6419 6645//6419
f 6637//6102 6653//6102 6638//6102
f 6630//6420 6646//6420 6631//6420
f 6639//5196 6653//5196 6654//5196
f 6632//6421 6646//6421 6647//6421
f 6640//6422 6654//6422 6655//6422
f 6633//6423 6647//6423 6648//6423
f 6626//5200 6525//5200 6641//5200
f 6535//5185 6640//5185 6655//5185
f 6633//6424 6649//6424 6634//6424
f 6626//5683 6642//5683 6627//5683
f 6653//6425 6669//6425 6654//6425
f 6646//6106 6662//6106 6647//6106
f 6654//6426 6670//6426 6655//6426
f 6647//5206 6663//5206 6648//5206
f 6641//5207 6525//5207 6656//5207
f 6535//5208 6655//5208 6670//5208
f 6649//6427 6663//6427 6664//6427
f 6642//6428 6656//6428 6657//6428
f 6650//6429 6664//6429 6665//6429
f 6643//6430 6657//6430 6658//6430
f 6650//5213 6666//5213 6651//5213
f 6643//5214 6659//5214 6644//5214
f 6651//6431 6667//6431 6652//6431
f 6644//6432 6660//6432 6645//6432
f 6653//6433 6667//6433 6668//6433
f 6646//6434 6660//6434 6661//6434
f 6657//6435 6673//6435 6658//6435
f 6665//6436 6681//6436 6666//6436
f 6659//6437 6673//6437 6674//6437
f 6666//6438 6682//6438 6667//6438
f 6659//5223 6675//5223 6660//5223
f 6667//6439 6683//6439 6668//6439
f 6660//6440 6676//6440 6661//6440
f 6669//6441 6683//6441 6684//6441
f 6662//6442 6676//6442 6677//6442
f 6669//5228 6685//5228 6670//5228
f 6662//6120 6678//6120 6663//6120
f 6656//5230 6525//5230 6671//5230
f 6535//5231 6670//5231 6685//5231
f 6664//6443 6678//6443 6679//6443
f 6657//6444 6671//6444 6672//6444
f 6664//6445 6680//6445 6665//6445
f 6676//6446 6692//6446 6677//6446
f 6684//6447 6700//6447 6685//6447
f 6677//6448 6693//6448 6678//6448
f 6671//6449 6525//6449 6686//6449
f 6535//6450 6685//6450 6700//6450
f 6678//6451 6694//6451 6679//6451
f 6671//5729 6687//5729 6672//5729
f 6679//6452 6695//6452 6680//6452
f 6672//6453 6688//6453 6673//6453
f 6680//5244 6696//5244 6681//5244
f 6673//6454 6689//6454 6674//6454
f 6681//6455 6697//6455 6682//6455
f 6674//5734 6690//5734 6675//5734
f 6682//6456 6698//6456 6683//6456
f 6675//6457 6691//6457 6676//6457
f 6684//6458 6698//6458 6699//6458
f 6695//5736 6711//5736 6696//5736
f 6688//6459 6704//6459 6689//6459
f 6696//6460 6712//6460 6697//6460
f 6689//6461 6705//6461 6690//6461
f 6698//6462 6712//6462 6713//6462
f 6691//5740 6705//5740 6706//5740
f 6698//6132 6714//6132 6699//6132
f 6691//6463 6707//6463 6692//6463
f 6699//6464 6715//6464 6700//6464
f 6692//5744 6708//5744 6693//5744
f 6686//5261 6525//5261 6701//5261
f 6535//6465 6700//6465 6715//6465
f 6694//5263 6708//5263 6709//5263
f 6687//6466 6701//6466 6702//6466
f 6695//5749 6709//5749 6710//5749
f 6687//5250 6703//5250 6688//5250
f 6714//6467 6730//6467 6715//6467
f 6707//6468 6723//6468 6708//6468
f 6701//5269 6525//5269 6716//5269
f 6535//6469 6715//6469 6730//6469
f 6709//6470 6723//6470 6724//6470
f 6701//5754 6717//5754 6702//5754
f 6709//5273 6725//5273 6710//5273
f 6703//6471 6717//6471 6718//6471
f 6711//6472 6725//6472 6726//6472
f 6703//6473 6719//6473 6704//6473
f 6712//6474 6726//6474 6727//6474
f 6704//5758 6720//5758 6705//5758
f 6712//6145 6728//6145 6713//6145
f 6705//6475 6721//6475 6706//6475
f 6713//5265 6729//5265 6714//5265
f 6707//6476 6721//6476 6722//6476
f 6726//6477 6742//6477 6727//6477
f 6719//5285 6735//5285 6720//5285
f 6727//6478 6743//6478 6728//6478
f 6720//5287 6736//5287 6721//5287
f 6729//6479 6743//6479 6744//6479
f 6722//6480 6736//6480 6737//6480
f 6729//6481 6745//6481 6730//6481
f 6722//5291 6738//5291 6723//5291
f 6716//6482 6525//6482 6731//6482
f 6535//6483 6730//6483 6745//6483
f 6724//6484 6738//6484 6739//6484
f 6717//6485 6731//6485 6732//6485
f 6724//5771 6740//5771 6725//5771
f 6717//6486 6733//6486 6718//6486
f 6726//5282 6740//5282 6741//5282
f 6719//5283 6733//5283 6734//5283
f 6731//5300 6525//5300 6746//5300
f 6535//6487 6745//6487 6760//6487
f 6739//5302 6753//5302 6754//5302
f 6731//6488 6747//6488 6732//6488
f 6739//5779 6755//5779 6740//5779
f 6732//6489 6748//6489 6733//6489
f 6741//6490 6755//6490 6756//6490
f 6733//6491 6749//6491 6734//6491
f 6741//6158 6757//6158 6742//6158
f 6734//6492 6750//6492 6735//6492
f 6742//6493 6758//6493 6743//6493
f 6735//6494 6751//6494 6736//6494
f 6743//6495 6759//6495 6744//6495
f 6736//6496 6752//6496 6737//6496
f 6745//6497 6759//6497 6760//6497
f 6737//5774 6753//5774 6738//5774
f 6749//6498 6765//6498 6750//6498
f 6757//6499 6773//6499 6758//6499
f 6751//6500 6765//6500 6766//6500
f 6759//6501 6773//6501 6774//6501
f 6752//5320 6766//5320 6767//5320
f 6759//6502 6775//6502 6760//6502
f 6753//6172 6767//6172 6768//6172
f 6746//6173 6525//6173 6761//6173
f 6535//6503 6760//6503 6775//6503
f 6753//5797 6769//5797 6754//5797
f 6747//6504 6761//6504 6762//6504
f 6754//6505 6770//6505 6755//6505
f 6747//6506 6763//6506 6748//6506
f 6755//6507 6771//6507 6756//6507
f 6748//6508 6764//6508 6749//6508
f 6757//6509 6771//6509 6772//6509
f 6769//5805 6783//5805 6784//5805
f 6761//6510 6777//6510 6762//6510
f 6769//6511 6785//6511 6770//6511
f 6762//6512 6778//6512 6763//6512
f 6771//6183 6785//6183 6786//6183
f 6763//6513 6779//6513 6764//6513
f 6771//6514 6787//6514 6772//6514
f 6765//5340 6779//5340 6780//5340
f 6772//6515 6788//6515 6773//6515
f 6765//6188 6781//6188 6766//6188
f 6773//6516 6789//6516 6774//6516
f 6766//6517 6782//6517 6767//6517
f 6775//6518 6789//6518 6790//6518
f 6767//5802 6783//5802 6768//5802
f 6761//6519 6525//6519 6776//6519
f 6535//6520 6775//6520 6790//6520
f 6788//6521 6802//6521 6803//6521
f 6780//5348 6796//5348 6781//5348
f 6788//6522 6804//6522 6789//6522
f 6782//6523 6796//6523 6797//6523
f 6789//6524 6805//6524 6790//6524
f 6782//6525 6798//6525 6783//6525
f 6776//5353 6525//5353 6791//5353
f 6535//6526 6790//6526 6805//6526
f 6784//6527 6798//6527 6799//6527
f 6777//6528 6791//6528 6792//6528
f 6784//5357 6800//5357 6785//5357
f 6777//6529 6793//6529 6778//6529
f 6785//6530 6801//6530 6786//6530
f 6778//6531 6794//6531 6779//6531
f 6786//6202 6802//6202 6787//6202
f 6779//5346 6795//5346 6780//5346
f 6791//6204 6807//6204 6792//6204
f 6800//6532 6814//6532 6815//6532
f 6793//5830 6807//5830 6808//5830
f 6800//5367 6816//5367 6801//5367
f 6793//6533 6809//6533 6794//6533
f 6802//6534 6816//6534 6817//6534
f 6794//5370 6810//5370 6795//5370
f 6803//6535 6817//6535 6818//6535
f 6796//5835 6810//5835 6811//5835
f 6803//6536 6819//6536 6804//6536
f 6796//6208 6812//6208 6797//6208
f 6805//6209 6819//6209 6820//6209
f 6797//5376 6813//5376 6798//5376
f 6791//5838 6525//5838 6806//5838
f 6535//6537 6805//6537 6820//6537
f 6799//6538 6813//6538 6814//6538
f 6810//5840 6826//5840 6811//5840
f 6819//6539 6833//6539 6834//6539
f 6811//6212 6827//6212 6812//6212
f 6819//6213 6835//6213 6820//6213
f 6813//6540 6827//6540 6828//6540
f 6806//5845 6525//5845 6821//5845
f 6535//6215 6820//6215 6835//6215
f 6813//6541 6829//6541 6814//6541
f 6807//6217 6821//6217 6822//6217
f 6815//6542 6829//6542 6830//6542
f 6807//6543 6823//6543 6808//6543
f 6816//6544 6830//6544 6831//6544
f 6808//6545 6824//6545 6809//6545
f 6816//5392 6832//5392 6817//5392
f 6810//5377 6824//5377 6825//5377
f 6817//6546 6833//6546 6818//6546
f 6829//6547 6845//6547 6830//6547
f 6822//5396 6838//5396 6823//5396
f 6831//6548 6845//6548 6846//6548
f 6824//6549 6838//6549 6839//6549
f 6831//6550 6847//6550 6832//6550
f 6824//6551 6840//6551 6825//6551
f 6832//6552 6848//6552 6833//6552
f 6825//6553 6841//6553 6826//6553
f 6834//6554 6848//6554 6849//6554
f 6826//6555 6842//6555 6827//6555
f 6835//6556 6849//6556 6850//6556
f 6828//6557 6842//6557 6843//6557
f 6821//5407 6525//5407 6836//5407
f 6535//6558 6835//6558 6850//6558
f 6828//6559 6844//6559 6829//6559
f 6821//6560 6837//6560 6822//6560
f 6848//6561 6864//6561 6849//6561
f 6842//6562 6856//6562 6857//6562
f 6849//6563 6865//6563 6850//6563
f 6842//6234 6858//6234 6843//6234
f 6836//6235 6525//6235 6851//6235
f 6535//5416 6850//5416 6865//5416
f 6843//5417 6859//5417 6844//5417
f 6836//6237 6852//6237 6837//6237
f 6844//6564 6860//6564 6845//6564
f 6838//5876 6852//5876 6853//5876
f 6846//6565 6860//6565 6861//6565
f 6838//6566 6854//6566 6839//6566
f 6846//5878 6862//5878 6847//5878
f 6839//6567 6855//6567 6840//6567
f 6847//6568 6863//6568 6848//6568
f 6840//6569 6856//6569 6841//6569
f 6861//6570 6875//6570 6876//6570
f 6853//6244 6869//6244 6854//6244
f 6861//6571 6877//6571 6862//6571
f 6854//6572 6870//6572 6855//6572
f 6863//6573 6877//6573 6878//6573
f 6855//6574 6871//6574 6856//6574
f 6863//6575 6879//6575 6864//6575
f 6856//6576 6872//6576 6857//6576
f 6864//6577 6880//6577 6865//6577
f 6858//6250 6872//6250 6873//6250
f 6851//6251 6525//6251 6866//6251
f 6535//5439 6865//5439 6880//5439
f 6858//5440 6874//5440 6859//5440
f 6852//6578 6866//6578 6867//6578
f 6860//6579 6874//6579 6875//6579
f 6852//6580 6868//6580 6853//6580
f 6880//6581 6894//6581 6895//6581
f 6873//5899 6887//5899 6888//5899
f 6866//6582 6525//6582 6881//6582
f 6535//6583 6880//6583 6895//6583
f 6873//5448 6889//5448 6874//5448
f 6866//5903 6882//5903 6867//5903
f 6874//6584 6890//6584 6875//6584
f 6867//6585 6883//6585 6868//6585
f 6876//6586 6890//6586 6891//6586
f 6869//5453 6883//5453 6884//5453
f 6876//5454 6892//5454 6877//5454
f 6870//6587 6884//6587 6885//6587
f 6878//5908 6892//5908 6893//5908
f 6870//6588 6886//6588 6871//6588
f 6879//6589 6893//6589 6894//6589
f 6872//6590 6886//6590 6887//6590
f 6883//5912 6899//5912 6884//5912
f 6891//5913 6907//5913 6892//5913
f 6884//6591 6900//6591 6885//6591
f 6893//5915 6907//5915 6908//5915
f 6886//6592 6900//6592 6901//6592
f 6893//5465 6909//5465 6894//5465
f 6886//6263 6902//6263 6887//6263
f 6894//6593 6910//6593 6895//6593
f 6887//5468 6903//5468 6888//5468
f 6881//5469 6525//5469 6896//5469
f 6535//6594 6895//6594 6910//6594
f 6889//6595 6903//6595 6904//6595
f 6882//5472 6896//5472 6897//5472
f 6890//6596 6904//6596 6905//6596
f 6883//6597 6897//6597 6898//6597
f 6890//6259 6906//6259 6891//6259
f 6902//6268 6918//6268 6903//6268
f 6896//5477 6525//5477 6911//5477
f 6535//6598 6910//6598 6925//6598
f 6904//6599 6918//6599 6919//6599
f 6896//5480 6912//5480 6897//5480
f 6904//6600 6920//6600 6905//6600
f 6898//6601 6912//6601 6913//6601
f 6906//6602 6920//6602 6921//6602
f 6899//6603 6913//6603 6914//6603
f 6907//6604 6921//6604 6922//6604
f 6899//5935 6915//5935 6900//5935
f 6907//6605 6923//6605 6908//6605
f 6900//5937 6916//5937 6901//5937
f 6908//6606 6924//6606 6909//6606
f 6902//6607 6916//6607 6917//6607
f 6910//6608 6924//6608 6925//6608
f 6921//5491 6937//5491 6922//5491
f 6914//6609 6930//6609 6915//6609
f 6922//5493 6938//5493 6923//5493
f 6916//6610 6930//6610 6931//6610
f 6924//5495 6938//5495 6939//5495
f 6916//6611 6932//6611 6917//6611
f 6924//6612 6940//6612 6925//6612
f 6917//6613 6933//6613 6918//6613
f 6911//6284 6525//6284 6926//6284
f 6535//6285 6925//6285 6940//6285
f 6918//6614 6934//6614 6919//6614
f 6911//6615 6927//6615 6912//6615
f 6919//6616 6935//6616 6920//6616
f 6912//5504 6928//5504 6913//5504
f 6920//6617 6936//6617 6921//6617
f 6913//5490 6929//5490 6914//5490
f 6926//6618 6525//6618 6941//6618
f 6535//6619 6940//6619 6955//6619
f 6933//6620 6949//6620 6934//6620
f 6927//6621 6941//6621 6942//6621
f 6935//6622 6949//6622 6950//6622
f 6928//6623 6942//6623 6943//6623
f 6935//5513 6951//5513 6936//5513
f 6928//6624 6944//6624 6929//6624
f 6936//6625 6952//6625 6937//6625
f 6929//6297 6945//6297 6930//6297
f 6938//6626 6952//6626 6953//6626
f 6931//6627 6945//6627 6946//6627
f 6938//6628 6954//6628 6939//6628
f 6931//6629 6947//6629 6932//6629
f 6939//6630 6955//6630 6940//6630
f 6932//6631 6948//6631 6933//6631
f 6944//5966 6960//5966 6945//5966
f 6952//5967 6968//5967 6953//5967
f 6946//6305 6960//6305 6961//6305
f 6953//6632 6969//6632 6954//6632
f 6947//6633 6961//6633 6962//6633
f 6955//5528 6969//5528 6970//5528
f 6947//6634 6963//6634 6948//6634
f 6941//5973 6525//5973 6956//5973
f 6535//6308 6955//6308 6970//6308
f 6949//6635 6963//6635 6964//6635
f 6941//6636 6957//6636 6942//6636
f 6949//5534 6965//5534 6950//5534
f 6943//6637 6957//6637 6958//6637
f 6950//5536 6966//5536 6951//5536
f 6943//5978 6959//5978 6944//5978
f 6952//6638 6966//6638 6967//6638
f 6964//5981 6978//5981 6979//5981
f 6956//6311 6972//6311 6957//6311
f 6964//5983 6980//5983 6965//5983
f 6958//5543 6972//5543 6973//5543
f 6966//5544 6980//5544 6981//5544
f 6959//6639 6973//6639 6974//6639
f 6966//6640 6982//6640 6967//6640
f 6960//6641 6974//6641 6975//6641
f 6967//6642 6983//6642 6968//6642
f 6960//6318 6976//6318 6961//6318
f 6969//5990 6983//5990 6984//5990
f 6961//6643 6977//6643 6962//6643
f 6970//6644 6984//6644 6985//6644
f 6962//6645 6978//6645 6963//6645
f 6956//5979 6525//5979 6971//5979
f 6535//6646 6970//6646 6985//6646
f 6983//5555 6997//5555 6998//5555
f 6975//6647 6991//6647 6976//6647
f 6983//6648 6999//6648 6984//6648
f 6976//5996 6992//5996 6977//5996
f 6985//6649 6999//6649 7000//6649
f 6977//6650 6993//6650 6978//6650
f 6971//5561 6525//5561 6986//5561
f 6535//6651 6985//6651 7000//6651
f 6978//6328 6994//6328 6979//6328
f 6971//6652 6987//6652 6972//6652
f 6979//5565 6995//5565 6980//5565
f 6972//6001 6988//6001 6973//6001
f 6981//6331 6995//6331 6996//6331
f 6973//6653 6989//6653 6974//6653
f 6982//6654 6996//6654 6997//6654
f 6974//6655 6990//6655 6975//6655
f 6995//6656 6531//6656 6532//6656
f 6988//6657 7002//6657 6526//6657
f 6995//6658 6533//6658 6996//6658
f 6988//6659 6527//6659 6989//6659
f 6996//6660 7004//6660 6997//6660
f 6989//5578 7003//5578 6990//5578
f 6997//6661 6534//6661 6998//6661
f 6991//6662 7003//6662 6528//6662
f 6998//6663 7005//6663 6999//6663
f 6991//6016 6529//6016 6992//6016
f 6999//6664 7006//6664 7000//6664
f 6992//6018 6530//6018 6993//6018
f 6986//5569 6525//5569 7001//5569
f 6535//6665 7000//6665 7006//6665
f 6993//6005 6531//6005 6994//6005
f 6986//6666 7002//6666 6987//6666
f 5084//6667 5083//6667 5096//6667
f 5084//6668 5097//6668 5098//6668
f 5555//6669 5090//6669 5091//6669
f 5085//6023 5098//6023 5099//6023
f 5556//6670 5091//6670 5092//6670
f 5086//6671 5099//6671 5100//6671
f 5080//6672 5092//6672 5093//6672
f 5558//6673 5087//6673 5100//6673
f 5557//6674 5081//6674 5093//6674
f 5558//6675 5101//6675 5102//6675
f 5557//6676 5094//6676 5095//6676
f 5559//6677 5088//6677 5102//6677
f 5083//6678 5082//6678 5095//6678
f 5560//6679 5559//6679 5103//6679
f 5095//6046 5110//6046 5111//6046
f 5104//6680 5103//6680 5118//6680
f 5096//6681 5111//6681 5112//6681
f 5097//6359 5112//6359 5113//6359
f 5090//6682 5105//6682 5106//6682
f 5099//6683 5098//6683 5113//6683
f 5091//6684 5106//6684 5107//6684
f 5099//6685 5114//6685 5115//6685
f 5093//6686 5092//6686 5107//6686
f 5100//6687 5115//6687 5116//6687
f 5094//6688 5093//6688 5108//6688
f 5101//6689 5116//6689 5117//6689
f 5095//6690 5094//6690 5109//6690
f 5102//6691 5117//6691 5118//6691
f 5114//6692 5129//6692 5130//6692
f 5107//6693 5122//6693 5123//6693
f 5115//6694 5130//6694 5131//6694
f 5108//6695 5123//6695 5124//6695
f 5116//6696 5131//6696 5132//6696
f 5110//6697 5109//6697 5124//6697
f 5118//6698 5117//6698 5132//6698
f 5110//6699 5125//6699 5126//6699
f 5119//6700 5118//6700 5133//6700
f 5111//6701 5126//6701 5127//6701
f 5112//6376 5127//6376 5128//6376
f 5105//6702 5120//6702 5121//6702
f 5114//6054 5113//6054 5128//6054
f 5106//6703 5121//6703 5122//6703
f 5133//6704 5148//6704 5149//6704
f 5126//6705 5141//6705 5142//6705
f 5128//6706 5127//6706 5142//6706
f 5121//6707 5120//6707 5135//6707
f 5129//6708 5128//6708 5143//6708
f 5122//6709 5121//6709 5136//6709
f 5129//6710 5144//6710 5145//6710
f 5123//6711 5122//6711 5137//6711
f 5131//6712 5130//6712 5145//6712
f 5123//6713 5138//6713 5139//6713
f 5131//6714 5146//6714 5147//6714
f 5124//6715 5139//6715 5140//6715
f 5132//6716 5147//6716 5148//6716
f 5125//6717 5140//6717 5141//6717
f 5137//6718 5152//6718 5153//6718
f 5146//6719 5145//6719 5160//6719
f 5138//6720 5153//6720 5154//6720
f 5147//6721 5146//6721 5161//6721
f 5140//6722 5139//6722 5154//6722
f 5148//6723 5147//6723 5162//6723
f 5140//6724 5155//6724 5156//6724
f 5148//6725 5163//6725 5164//6725
f 5141//6726 5156//6726 5157//6726
f 5142//6392 5157//6392 5158//6392
f 5136//6727 5135//6727 5150//6727
f 5143//6728 5158//6728 5159//6728
f 5136//6729 5151//6729 5152//6729
f 5144//6730 5159//6730 5160//6730
f 5156//6731 5171//6731 5172//6731
f 5157//6732 5172//6732 5173//6732
f 5150//5157 5165//5157 5166//5157
f 5158//6733 5173//6733 5174//6733
f 5151//6734 5166//6734 5167//6734
f 5160//6735 5159//6735 5174//6735
f 5152//6736 5167//6736 5168//6736
f 5160//6737 5175//6737 5176//6737
f 5154//6738 5153//6738 5168//6738
f 5161//6739 5176//6739 5177//6739
f 5154//5663 5169//5663 5170//5663
f 5163//6740 5162//6740 5177//6740
f 5155//6741 5170//6741 5171//6741
f 5163//6087 5178//6087 5179//6087
f 5175//6742 5190//6742 5191//6742
f 5169//6743 5168//6743 5183//6743
f 5177//6744 5176//6744 5191//6744
f 5169//6092 5184//6092 5185//6092
f 5178//6745 5177//6745 5192//6745
f 5171//6746 5170//6746 5185//6746
f 5179//6747 5178//6747 5193//6747
f 5171//6748 5186//6748 5187//6748
f 5172//6749 5187//6749 5188//6749
f 5165//6750 5180//6750 5181//6750
f 5173//6751 5188//6751 5189//6751
f 5166//6752 5181//6752 5182//6752
f 5175//5183 5174//5183 5189//5183
f 5167//6753 5182//6753 5183//6753
f 5188//6105 5187//6105 5202//6105
f 5181//6754 5180//6754 5195//6754
f 5189//6755 5188//6755 5203//6755
f 5181//6756 5196//6756 5197//6756
f 5190//6757 5189//6757 5204//6757
f 5182//6758 5197//6758 5198//6758
f 5191//6759 5190//6759 5205//6759
f 5183//6760 5198//6760 5199//6760
f 5192//6761 5191//6761 5206//6761
f 5184//5689 5199//5689 5200//5689
f 5193//6762 5192//6762 5207//6762
f 5185//6763 5200//6763 5201//6763
f 5193//6764 5208//6764 5209//6764
f 5186//6423 5201//6423 5202//6423
f 5206//6765 5221//6765 5222//6765
f 5200//5697 5199//5697 5214//5697
f 5207//6766 5222//6766 5223//6766
f 5200//6767 5215//6767 5216//6767
f 5209//6768 5208//6768 5223//6768
f 5201//6769 5216//6769 5217//6769
f 5202//6770 5217//6770 5218//6770
f 5195//6771 5210//6771 5211//6771
f 5204//6772 5203//6772 5218//6772
f 5197//6773 5196//6773 5211//6773
f 5204//6774 5219//6774 5220//6774
f 5198//6775 5197//6775 5212//6775
f 5205//6776 5220//6776 5221//6776
f 5199//6777 5198//6777 5213//6777
f 5211//6778 5210//6778 5225//6778
f 5218//6779 5233//6779 5234//6779
f 5212//6780 5211//6780 5226//6780
f 5220//6781 5219//6781 5234//6781
f 5213//6782 5212//6782 5227//6782
f 5221//6783 5220//6783 5235//6783
f 5213//6784 5228//6784 5229//6784
f 5221//6785 5236//6785 5237//6785
f 5214//6786 5229//6786 5230//6786
f 5222//6787 5237//6787 5238//6787
f 5216//6788 5215//6788 5230//6788
f 5223//6789 5238//6789 5239//6789
f 5216//6790 5231//6790 5232//6790
f 5217//6791 5232//6791 5233//6791
f 5230//6792 5229//6792 5244//6792
f 5238//6793 5237//6793 5252//6793
f 5230//6122 5245//6122 5246//6122
f 5238//6794 5253//6794 5254//6794
f 5231//6795 5246//6795 5247//6795
f 5232//6796 5247//6796 5248//6796
f 5225//6797 5240//6797 5241//6797
f 5234//6798 5233//6798 5248//6798
f 5226//6799 5241//6799 5242//6799
f 5234//6800 5249//6800 5250//6800
f 5228//6801 5227//6801 5242//6801
f 5236//6802 5235//6802 5250//6802
f 5228//6803 5243//6803 5244//6803
f 5236//6804 5251//6804 5252//6804
f 5248//6805 5263//6805 5264//6805
f 5241//6806 5256//6806 5257//6806
f 5250//6807 5249//6807 5264//6807
f 5242//6808 5257//6808 5258//6808
f 5250//6809 5265//6809 5266//6809
f 5243//6810 5258//6810 5259//6810
f 5252//6811 5251//6811 5266//6811
f 5244//6812 5259//6812 5260//6812
f 5252//6813 5267//6813 5268//6813
f 5246//6814 5245//6814 5260//6814
f 5254//6815 5253//6815 5268//6815
f 5246//6816 5261//6816 5262//6816
f 5248//6817 5247//6817 5262//6817
f 5240//6818 5255//6818 5256//6818
f 5267//6819 5282//6819 5283//6819
f 5261//6820 5260//6820 5275//6820
f 5268//6821 5283//6821 5284//6821
f 5261//6468 5276//6468 5277//6468
f 5262//6822 5277//6822 5278//6822
f 5255//6823 5270//6823 5271//6823
f 5263//6824 5278//6824 5279//6824
f 5257//6825 5256//6825 5271//6825
f 5264//6826 5279//6826 5280//6826
f 5257//6827 5272//6827 5273//6827
f 5265//6828 5280//6828 5281//6828
f 5258//6829 5273//6829 5274//6829
f 5267//6830 5266//6830 5281//6830
f 5259//6831 5274//6831 5275//6831
f 5272//6832 5271//6832 5286//6832
f 5280//6833 5279//6833 5294//6833
f 5272//6834 5287//6834 5288//6834
f 5280//6835 5295//6835 5296//6835
f 5273//6836 5288//6836 5289//6836
f 5281//6149 5296//6149 5297//6149
f 5274//6837 5289//6837 5290//6837
f 5282//6838 5297//6838 5298//6838
f 5276//6839 5275//6839 5290//6839
f 5283//6840 5298//6840 5299//6840
f 5276//6841 5291//6841 5292//6841
f 5277//6842 5292//6842 5293//6842
f 5271//6843 5270//6843 5285//6843
f 5278//6844 5293//6844 5294//6844
f 5290//6163 5305//6163 5306//6163
f 5298//5773 5313//5773 5314//5773
f 5291//6845 5306//6845 5307//6845
f 5293//6846 5292//6846 5307//6846
f 5285//6847 5300//6847 5301//6847
f 5293//6156 5308//6156 5309//6156
f 5286//6848 5301//6848 5302//6848
f 5295//6849 5294//6849 5309//6849
f 5287//6850 5302//6850 5303//6850
f 5295//6851 5310//6851 5311//6851
f 5288//6852 5303//6852 5304//6852
f 5296//6853 5311//6853 5312//6853
f 5289//6854 5304//6854 5305//6854
f 5297//6855 5312//6855 5313//6855
f 5310//6856 5309//6856 5324//6856
f 5302//6857 5317//6857 5318//6857
f 5310//6858 5325//6858 5326//6858
f 5303//6859 5318//6859 5319//6859
f 5311//6860 5326//6860 5327//6860
f 5304//6861 5319//6861 5320//6861
f 5312//6862 5327//6862 5328//6862
f 5306//6863 5305//6863 5320//6863
f 5314//6864 5313//6864 5328//6864
f 5306//6865 5321//6865 5322//6865
f 5307//6866 5322//6866 5323//6866
f 5300//6867 5315//6867 5316//6867
f 5308//6868 5323//6868 5324//6868
f 5301//6506 5316//6506 5317//6506
f 5328//6869 5343//6869 5344//6869
f 5322//6870 5321//6870 5336//6870
f 5322//6871 5337//6871 5338//6871
f 5315//6872 5330//6872 5331//6872
f 5324//6873 5323//6873 5338//6873
f 5316//6874 5331//6874 5332//6874
f 5324//6875 5339//6875 5340//6875
f 5317//6876 5332//6876 5333//6876
f 5325//6877 5340//6877 5341//6877
f 5319//6878 5318//6878 5333//6878
f 5326//6879 5341//6879 5342//6879
f 5320//6880 5319//6880 5334//6880
f 5327//6881 5342//6881 5343//6881
f 5320//6882 5335//6882 5336//6882
f 5340//6883 5355//6883 5356//6883
f 5334//6884 5333//6884 5348//6884
f 5341//6885 5356//6885 5357//6885
f 5334//6886 5349//6886 5350//6886
f 5343//6887 5342//6887 5357//6887
f 5335//6194 5350//6194 5351//6194
f 5343//6888 5358//6888 5359//6888
f 5337//6889 5336//6889 5351//6889
f 5337//6890 5352//6890 5353//6890
f 5330//6891 5345//6891 5346//6891
f 5338//6892 5353//6892 5354//6892
f 5331//6893 5346//6893 5347//6893
f 5339//6894 5354//6894 5355//6894
f 5332//6895 5347//6895 5348//6895
f 5352//6896 5367//6896 5368//6896
f 5345//6897 5360//6897 5361//6897
f 5354//6898 5353//6898 5368//6898
f 5346//6899 5361//6899 5362//6899
f 5354//6900 5369//6900 5370//6900
f 5347//6901 5362//6901 5363//6901
f 5355//6902 5370//6902 5371//6902
f 5348//6903 5363//6903 5364//6903
f 5357//6904 5356//6904 5371//6904
f 5349//6905 5364//6905 5365//6905
f 5357//6906 5372//6906 5373//6906
f 5350//5374 5365//5374 5366//5374
f 5358//6907 5373//6907 5374//6907
f 5351//6908 5366//6908 5367//6908
f 5363//6909 5378//6909 5379//6909
f 5371//6910 5386//6910 5387//6910
f 5365//6911 5364//6911 5379//6911
f 5373//6912 5372//6912 5387//6912
f 5365//6913 5380//6913 5381//6913
f 5373//6914 5388//6914 5389//6914
f 5366//6915 5381//6915 5382//6915
f 5367//6916 5382//6916 5383//6916
f 5360//6917 5375//6917 5376//6917
f 5369//6918 5368//6918 5383//6918
f 5361//6919 5376//6919 5377//6919
f 5369//6920 5384//6920 5385//6920
f 5363//6921 5362//6921 5377//6921
f 5371//6922 5370//6922 5385//6922
f 5382//6923 5397//6923 5398//6923
f 5376//6924 5375//6924 5390//6924
f 5383//6925 5398//6925 5399//6925
f 5376//6926 5391//6926 5392//6926
f 5384//6927 5399//6927 5400//6927
f 5377//6928 5392//6928 5393//6928
f 5385//6929 5400//6929 5401//6929
f 5379//6930 5378//6930 5393//6930
f 5386//6931 5401//6931 5402//6931
f 5379//6932 5394//6932 5395//6932
f 5387//6933 5402//6933 5403//6933
f 5381//6934 5380//6934 5395//6934
f 5388//6935 5403//6935 5404//6935
f 5382//5406 5381//5406 5396//5406
f 5401//6936 5416//6936 5417//6936
f 5394//6569 5409//6569 5410//6569
f 5402//6937 5417//6937 5418//6937
f 5395//6562 5410//6562 5411//6562
f 5403//6938 5418//6938 5419//6938
f 5397//6939 5396//6939 5411//6939
f 5397//6940 5412//6940 5413//6940
f 5390//5418 5405//5418 5406//5418
f 5399//6238 5398//6238 5413//6238
f 5392//6941 5391//6941 5406//6941
f 5400//6942 5399//6942 5414//6942
f 5392//6943 5407//6943 5408//6943
f 5400//6944 5415//6944 5416//6944
f 5393//6945 5408//6945 5409//6945
f 5405//6946 5420//6946 5421//6946
f 5413//6947 5428//6947 5429//6947
f 5406//5882 5421//5882 5422//5882
f 5414//6948 5429//6948 5430//6948
f 5407//6949 5422//6949 5423//6949
f 5415//6950 5430//6950 5431//6950
f 5409//6951 5408//6951 5423//6951
f 5417//6246 5416//6246 5431//6246
f 5409//6247 5424//6247 5425//6247
f 5418//6952 5417//6952 5432//6952
f 5410//5435 5425//5435 5426//5435
f 5419//6953 5418//6953 5433//6953
f 5412//5892 5411//5892 5426//5892
f 5412//5440 5427//5440 5428//5440
f 5424//5909 5439//5909 5440//5909
f 5433//6954 5432//6954 5447//6954
f 5425//6955 5440//6955 5441//6955
f 5433//6956 5448//6956 5449//6956
f 5426//5899 5441//5899 5442//5899
f 5428//5902 5427//5902 5442//5902
f 5421//6957 5420//6957 5435//6957
f 5429//6255 5428//6255 5443//6255
f 5421//6958 5436//6958 5437//6958
f 5430//6959 5429//6959 5444//6959
f 5422//6960 5437//6960 5438//6960
f 5431//6961 5430//6961 5445//6961
f 5423//6962 5438//6962 5439//6962
f 5432//6963 5431//6963 5446//6963
f 5443//6964 5458//6964 5459//6964
f 5437//6965 5436//6965 5451//6965
f 5444//6966 5459//6966 5460//6966
f 5438//6967 5437//6967 5452//6967
f 5445//6968 5460//6968 5461//6968
f 5439//6969 5438//6969 5453//6969
f 5446//6970 5461//6970 5462//6970
f 5440//6971 5439//6971 5454//6971
f 5447//6972 5462//6972 5463//6972
f 5440//6973 5455//6973 5456//6973
f 5449//6974 5448//6974 5463//6974
f 5441//6975 5456//6975 5457//6975
f 5442//6976 5457//6976 5458//6976
f 5435//6977 5450//6977 5451//6977
f 5462//6978 5477//6978 5478//6978
f 5455//6979 5470//6979 5471//6979
f 5463//6980 5478//6980 5479//6980
f 5456//6981 5471//6981 5472//6981
f 5457//6982 5472//6982 5473//6982
f 5451//6983 5450//6983 5465//6983
f 5459//6984 5458//6984 5473//6984
f 5452//6985 5451//6985 5466//6985
f 5459//6986 5474//6986 5475//6986
f 5452//6987 5467//6987 5468//6987
f 5461//6604 5460//6604 5475//6604
f 5453//6988 5468//6988 5469//6988
f 5461//6989 5476//6989 5477//6989
f 5454//6990 5469//6990 5470//6990
f 5474//6991 5489//6991 5490//6991
f 5467//6992 5482//6992 5483//6992
f 5476//6993 5475//6993 5490//6993
f 5468//6994 5483//6994 5484//6994
f 5477//6995 5476//6995 5491//6995
f 5470//6996 5469//6996 5484//6996
f 5478//6997 5477//6997 5492//6997
f 5471//6282 5470//6282 5485//6282
f 5478//5497 5493//5497 5494//5497
f 5472//6998 5471//6998 5486//6998
f 5472//5949 5487//5949 5488//5949
f 5466//6999 5465//6999 5480//6999
f 5473//7000 5488//7000 5489//7000
f 5466//7001 5481//7001 5482//7001
f 5494//7002 5493//7002 5508//7002
f 5487//5506 5486//5506 5501//5506
f 5487//7003 5502//7003 5503//7003
f 5480//7004 5495//7004 5496//7004
f 5489//7005 5488//7005 5503//7005
f 5481//7006 5496//7006 5497//7006
f 5489//7007 5504//7007 5505//7007
f 5482//7008 5497//7008 5498//7008
f 5490//7009 5505//7009 5506//7009
f 5484//7010 5483//7010 5498//7010
f 5491//7011 5506//7011 5507//7011
f 5484//7012 5499//7012 5500//7012
f 5493//7013 5492//7013 5507//7013
f 5485//7014 5500//7014 5501//7014
f 5497//7015 5512//7015 5513//7015
f 5506//7016 5505//7016 5520//7016
f 5499//7017 5498//7017 5513//7017
f 5507//7018 5506//7018 5521//7018
f 5499//7019 5514//7019 5515//7019
f 5507//7020 5522//7020 5523//7020
f 5501//5970 5500//5970 5515//5970
f 5509//7021 5508//7021 5523//7021
f 5501//7022 5516//7022 5517//7022
f 5503//7023 5502//7023 5517//7023
f 5495//7024 5510//7024 5511//7024
f 5503//7025 5518//7025 5519//7025
f 5496//7026 5511//7026 5512//7026
f 5505//7027 5504//7027 5519//7027
f 5516//7028 5531//7028 5532//7028
f 5518//7029 5517//7029 5532//7029
f 5511//7030 5510//7030 5525//7030
f 5518//7031 5533//7031 5534//7031
f 5512//7032 5511//7032 5526//7032
f 5519//7033 5534//7033 5535//7033
f 5513//7034 5512//7034 5527//7034
f 5520//7035 5535//7035 5536//7035
f 5514//7036 5513//7036 5528//7036
f 5521//7037 5536//7037 5537//7037
f 5514//7038 5529//7038 5530//7038
f 5522//7039 5537//7039 5538//7039
f 5516//7040 5515//7040 5530//7040
f 5523//7041 5538//7041 5539//7041
f 5535//7042 5550//7042 5551//7042
f 5529//7043 5528//7043 5543//7043
f 5537//7044 5536//7044 5551//7044
f 5529//7045 5544//7045 5545//7045
f 5537//7046 5552//7046 5553//7046
f 5531//7047 5530//7047 5545//7047
f 5538//5559 5553//5559 5554//5559
f 5531//7048 5546//7048 5547//7048
f 5533//7049 5532//7049 5547//7049
f 5526//7050 5525//7050 5540//7050
f 5533//5565 5548//5565 5549//5565
f 5526//7051 5541//7051 5542//7051
f 5535//7052 5534//7052 5549//7052
f 5527//7053 5542//7053 5543//7053
f 5547//7054 5084//7054 5085//7054
f 5540//7055 5555//7055 5556//7055
f 5548//7056 5085//7056 5086//7056
f 5542//7057 5541//7057 5556//7057
f 5549//6658 5086//6658 5087//6658
f 5543//7058 5542//7058 5080//7058
f 5550//7059 5087//7059 5558//7059
f 5544//7060 5543//7060 5081//7060
f 5551//7061 5558//7061 5088//7061
f 5544//7062 5557//7062 5082//7062
f 5552//7063 5088//7063 5559//7063
f 5545//7064 5082//7064 5083//7064
f 5554//7065 5553//7065 5559//7065
f 5546//7066 5083//7066 5084//7066
f 5566//5587 5579//5587 5580//5587
f 6037//7067 5572//7067 5573//7067
f 5567//6023 5580//6023 5581//6023
f 6038//6348 5573//6348 5574//6348
f 5569//6671 5568//6671 5581//6671
f 5562//6672 5574//6672 5575//6672
f 5569//7068 5582//7068 5583//7068
f 5563//7069 5575//7069 5576//7069
f 6040//7070 5583//7070 5584//7070
f 6039//7071 5576//7071 5577//7071
f 5570//7072 5584//7072 5585//7072
f 5565//7073 5564//7073 5577//7073
f 6041//7074 5585//7074 5586//7074
f 5565//7075 5578//7075 5579//7075
f 5586//7076 5585//7076 5600//7076
f 5578//7077 5593//7077 5594//7077
f 5580//7078 5579//7078 5594//7078
f 5572//7079 5587//7079 5588//7079
f 5580//6683 5595//6683 5596//6683
f 5573//7080 5588//7080 5589//7080
f 5582//6363 5581//6363 5596//6363
f 5574//7081 5589//7081 5590//7081
f 5582//7082 5597//7082 5598//7082
f 5575//7083 5590//7083 5591//7083
f 5583//6689 5598//6689 5599//6689
f 5576//7084 5591//7084 5592//7084
f 5584//6691 5599//6691 5600//6691
f 5577//7085 5592//7085 5593//7085
f 5589//7086 5604//7086 5605//7086
f 5598//7087 5597//7087 5612//7087
f 5590//7088 5605//7088 5606//7088
f 5599//7089 5598//7089 5613//7089
f 5592//6697 5591//6697 5606//6697
f 5599//7090 5614//7090 5615//7090
f 5592//7091 5607//7091 5608//7091
f 5600//7092 5615//7092 5616//7092
f 5593//7093 5608//7093 5609//7093
f 5595//6052 5594//6052 5609//6052
f 5588//7094 5587//7094 5602//7094
f 5596//6054 5595//6054 5610//6054
f 5589//6703 5588//6703 5603//6703
f 5596//7095 5611//7095 5612//7095
f 5609//7096 5608//7096 5623//7096
f 5609//7097 5624//7097 5625//7097
f 5602//7098 5617//7098 5618//7098
f 5611//7099 5610//7099 5625//7099
f 5603//7100 5618//7100 5619//7100
f 5611//6710 5626//6710 5627//6710
f 5604//7101 5619//7101 5620//7101
f 5612//7102 5627//7102 5628//7102
f 5606//7103 5605//7103 5620//7103
f 5614//7104 5613//7104 5628//7104
f 5606//6715 5621//6715 5622//6715
f 5615//6716 5614//6716 5629//6716
f 5607//7105 5622//7105 5623//7105
f 5615//6704 5630//6704 5631//6704
f 5627//7106 5642//7106 5643//7106
f 5620//6720 5635//6720 5636//6720
f 5628//7107 5643//7107 5644//7107
f 5621//7108 5636//7108 5637//7108
f 5629//7109 5644//7109 5645//7109
f 5622//7110 5637//7110 5638//7110
f 5631//7111 5630//7111 5645//7111
f 5623//7112 5638//7112 5639//7112
f 5625//7113 5624//7113 5639//7113
f 5617//7114 5632//7114 5633//7114
f 5625//6075 5640//6075 5641//6075
f 5618//7115 5633//7115 5634//7115
f 5626//7116 5641//7116 5642//7116
f 5620//7117 5619//7117 5634//7117
f 5639//7118 5654//7118 5655//7118
f 5633//7119 5632//7119 5647//7119
f 5640//7120 5655//7120 5656//7120
f 5634//7121 5633//7121 5648//7121
f 5641//5160 5656//5160 5657//5160
f 5634//7122 5649//7122 5650//7122
f 5642//7123 5657//7123 5658//7123
f 5635//7124 5650//7124 5651//7124
f 5644//6739 5643//6739 5658//6739
f 5637//7125 5636//7125 5651//7125
f 5645//7126 5644//7126 5659//7126
f 5638//7127 5637//7127 5652//7127
f 5646//7128 5645//7128 5660//7128
f 5638//7129 5653//7129 5654//7129
f 5651//7130 5650//7130 5665//7130
f 5659//6744 5658//6744 5673//6744
f 5651//7131 5666//7131 5667//7131
f 5659//7132 5674//7132 5675//7132
f 5652//7133 5667//7133 5668//7133
f 5660//7134 5675//7134 5676//7134
f 5654//7135 5653//7135 5668//7135
f 5654//7136 5669//7136 5670//7136
f 5648//7137 5647//7137 5662//7137
f 5655//7138 5670//7138 5671//7138
f 5648//7139 5663//7139 5664//7139
f 5657//7140 5656//7140 5671//7140
f 5649//6753 5664//6753 5665//6753
f 5657//7141 5672//7141 5673//7141
f 5669//6105 5684//6105 5685//6105
f 5662//7142 5677//7142 5678//7142
f 5670//7143 5685//7143 5686//7143
f 5663//7144 5678//7144 5679//7144
f 5672//5190 5671//5190 5686//5190
f 5665//7145 5664//7145 5679//7145
f 5672//6759 5687//6759 5688//6759
f 5665//7146 5680//7146 5681//7146
f 5673//7147 5688//7147 5689//7147
f 5666//6420 5681//6420 5682//6420
f 5675//6762 5674//6762 5689//6762
f 5668//7148 5667//7148 5682//7148
f 5676//6764 5675//6764 5690//6764
f 5669//6423 5668//6423 5683//6423
f 5689//7149 5688//7149 5703//7149
f 5682//7150 5681//7150 5696//7150
f 5689//6766 5704//6766 5705//6766
f 5682//7151 5697//7151 5698//7151
f 5690//7152 5705//7152 5706//7152
f 5683//5206 5698//5206 5699//5206
f 5685//7153 5684//7153 5699//7153
f 5678//7154 5677//7154 5692//7154
f 5686//7155 5685//7155 5700//7155
f 5679//7156 5678//7156 5693//7156
f 5686//7157 5701//7157 5702//7157
f 5679//7158 5694//7158 5695//7158
f 5687//6776 5702//6776 5703//6776
f 5680//7159 5695//7159 5696//7159
f 5700//7160 5715//7160 5716//7160
f 5693//6780 5708//6780 5709//6780
f 5701//7161 5716//7161 5717//7161
f 5695//7162 5694//7162 5709//7162
f 5703//7163 5702//7163 5717//7163
f 5695//7164 5710//7164 5711//7164
f 5703//7165 5718//7165 5719//7165
f 5697//7166 5696//7166 5711//7166
f 5704//7167 5719//7167 5720//7167
f 5697//5718 5712//5718 5713//5718
f 5706//7168 5705//7168 5720//7168
f 5698//7169 5713//7169 5714//7169
f 5700//6791 5699//6791 5714//6791
f 5692//7170 5707//7170 5708//7170
f 5720//7171 5719//7171 5734//7171
f 5713//7172 5712//7172 5727//7172
f 5720//7173 5735//7173 5736//7173
f 5713//7174 5728//7174 5729//7174
f 5714//6796 5729//6796 5730//6796
f 5708//7175 5707//7175 5722//7175
f 5715//7176 5730//7176 5731//7176
f 5708//7177 5723//7177 5724//7177
f 5717//7178 5716//7178 5731//7178
f 5709//7179 5724//7179 5725//7179
f 5717//6455 5732//6455 5733//6455
f 5711//5734 5710//5734 5725//5734
f 5718//7180 5733//7180 5734//7180
f 5711//7181 5726//7181 5727//7181
f 5724//7182 5723//7182 5738//7182
f 5731//7183 5746//7183 5747//7183
f 5724//7184 5739//7184 5740//7184
f 5732//6809 5747//6809 5748//6809
f 5725//7185 5740//7185 5741//7185
f 5734//7186 5733//7186 5748//7186
f 5726//7187 5741//7187 5742//7187
f 5734//6813 5749//6813 5750//6813
f 5728//7188 5727//7188 5742//7188
f 5735//7189 5750//7189 5751//7189
f 5728//7190 5743//7190 5744//7190
f 5730//7191 5729//7191 5744//7191
f 5723//7192 5722//7192 5737//7192
f 5730//7193 5745//7193 5746//7193
f 5743//6820 5742//6820 5757//6820
f 5751//6821 5750//6821 5765//6821
f 5743//7194 5758//7194 5759//7194
f 5745//7195 5744//7195 5759//7195
f 5737//7196 5752//7196 5753//7196
f 5745//7197 5760//7197 5761//7197
f 5738//7198 5753//7198 5754//7198
f 5746//7199 5761//7199 5762//7199
f 5739//7200 5754//7200 5755//7200
f 5748//7201 5747//7201 5762//7201
f 5740//7202 5755//7202 5756//7202
f 5748//6830 5763//6830 5764//6830
f 5742//6831 5741//6831 5756//6831
f 5749//6819 5764//6819 5765//6819
f 5762//7203 5761//7203 5776//7203
f 5755//7204 5754//7204 5769//7204
f 5762//6835 5777//6835 5778//6835
f 5756//7205 5755//7205 5770//7205
f 5763//7206 5778//7206 5779//7206
f 5756//6837 5771//6837 5772//6837
f 5764//7207 5779//7207 5780//7207
f 5758//6839 5757//6839 5772//6839
f 5766//7208 5765//7208 5780//7208
f 5759//6841 5758//6841 5773//6841
f 5759//7209 5774//7209 5775//7209
f 5752//7210 5767//7210 5768//7210
f 5760//7211 5775//7211 5776//7211
f 5753//7212 5768//7212 5769//7212
f 5780//5773 5795//5773 5796//5773
f 5773//6152 5788//6152 5789//6152
f 5775//7213 5774//7213 5789//7213
f 5767//7214 5782//7214 5783//7214
f 5775//7215 5790//7215 5791//7215
f 5768//6848 5783//6848 5784//6848
f 5776//7216 5791//7216 5792//7216
f 5769//6850 5784//6850 5785//6850
f 5777//6851 5792//6851 5793//6851
f 5771//7217 5770//7217 5785//7217
f 5778//6853 5793//6853 5794//6853
f 5771//6854 5786//6854 5787//6854
f 5779//7218 5794//7218 5795//7218
f 5773//6163 5772//6163 5787//6163
f 5784//7219 5799//7219 5800//7219
f 5793//7220 5792//7220 5807//7220
f 5785//6859 5800//6859 5801//6859
f 5793//7221 5808//7221 5809//7221
f 5787//7222 5786//7222 5801//7222
f 5794//7223 5809//7223 5810//7223
f 5787//7224 5802//7224 5803//7224
f 5796//7225 5795//7225 5810//7225
f 5788//6865 5803//6865 5804//6865
f 5789//7226 5804//7226 5805//7226
f 5782//7227 5797//7227 5798//7227
f 5790//6868 5805//6868 5806//6868
f 5784//7228 5783//7228 5798//7228
f 5791//7229 5806//7229 5807//7229
f 5803//6870 5818//6870 5819//6870
f 5805//5805 5804//5805 5819//5805
f 5798//7230 5797//7230 5812//7230
f 5805//7231 5820//7231 5821//7231
f 5799//7232 5798//7232 5813//7232
f 5807//6183 5806//6183 5821//6183
f 5799//6876 5814//6876 5815//6876
f 5807//7233 5822//7233 5823//7233
f 5801//7234 5800//7234 5815//7234
f 5808//7235 5823//7235 5824//7235
f 5801//7236 5816//7236 5817//7236
f 5809//7237 5824//7237 5825//7237
f 5802//6882 5817//6882 5818//6882
f 5810//6869 5825//6869 5826//6869
f 5822//7238 5837//7238 5838//7238
f 5815//7239 5830//7239 5831//7239
f 5824//7240 5823//7240 5838//7240
f 5816//7241 5831//7241 5832//7241
f 5824//7242 5839//7242 5840//7242
f 5817//6194 5832//6194 5833//6194
f 5826//7243 5825//7243 5840//7243
f 5818//7244 5833//7244 5834//7244
f 5820//7245 5819//7245 5834//7245
f 5812//6891 5827//6891 5828//6891
f 5820//6199 5835//6199 5836//6199
f 5813//6893 5828//6893 5829//6893
f 5821//6530 5836//6530 5837//6530
f 5814//6895 5829//6895 5830//6895
f 5835//7246 5834//7246 5849//7246
f 5827//6897 5842//6897 5843//6897
f 5835//5365 5850//5365 5851//5365
f 5829//7247 5828//7247 5843//7247
f 5836//6900 5851//6900 5852//6900
f 5829//7248 5844//7248 5845//7248
f 5837//7249 5852//7249 5853//7249
f 5830//7250 5845//7250 5846//7250
f 5839//7251 5838//7251 5853//7251
f 5832//7252 5831//7252 5846//7252
f 5839//7253 5854//7253 5855//7253
f 5832//5374 5847//5374 5848//5374
f 5841//7254 5840//7254 5855//7254
f 5833//7255 5848//7255 5849//7255
f 5854//7256 5853//7256 5868//7256
f 5846//7257 5861//7257 5862//7257
f 5855//6912 5854//6912 5869//6912
f 5847//7258 5862//7258 5863//7258
f 5855//6914 5870//6914 5871//6914
f 5849//7259 5848//7259 5863//7259
f 5849//7260 5864//7260 5865//7260
f 5842//7261 5857//7261 5858//7261
f 5851//6918 5850//6918 5865//6918
f 5843//7262 5858//7262 5859//7262
f 5852//6920 5851//6920 5866//6920
f 5844//7263 5859//7263 5860//7263
f 5852//7264 5867//7264 5868//7264
f 5846//7265 5845//7265 5860//7265
f 5857//7266 5872//7266 5873//7266
f 5865//7267 5880//7267 5881//7267
f 5858//7268 5873//7268 5874//7268
f 5866//7269 5881//7269 5882//7269
f 5860//7270 5859//7270 5874//7270
f 5867//6222 5882//6222 5883//6222
f 5860//7271 5875//7271 5876//7271
f 5868//7272 5883//7272 5884//7272
f 5861//5402 5876//5402 5877//5402
f 5869//7273 5884//7273 5885//7273
f 5863//7274 5862//7274 5877//7274
f 5871//7275 5870//7275 5885//7275
f 5863//7276 5878//7276 5879//7276
f 5864//5393 5879//5393 5880//5393
f 5877//7277 5876//7277 5891//7277
f 5884//6937 5899//6937 5900//6937
f 5877//7278 5892//7278 5893//7278
f 5885//7279 5900//7279 5901//7279
f 5878//6939 5893//6939 5894//6939
f 5880//7280 5879//7280 5894//7280
f 5872//7281 5887//7281 5888//7281
f 5880//7282 5895//7282 5896//7282
f 5874//7283 5873//7283 5888//7283
f 5881//7284 5896//7284 5897//7284
f 5874//7285 5889//7285 5890//7285
f 5883//7286 5882//7286 5897//7286
f 5875//7287 5890//7287 5891//7287
f 5883//7288 5898//7288 5899//7288
f 5896//7289 5895//7289 5910//7289
f 5889//7290 5888//7290 5903//7290
f 5896//7291 5911//7291 5912//7291
f 5889//7292 5904//7292 5905//7292
f 5897//7293 5912//7293 5913//7293
f 5890//7294 5905//7294 5906//7294
f 5899//7295 5898//7295 5913//7295
f 5891//7296 5906//7296 5907//7296
f 5899//7297 5914//7297 5915//7297
f 5892//7298 5907//7298 5908//7298
f 5900//7299 5915//7299 5916//7299
f 5894//5437 5893//5437 5908//5437
f 5894//7300 5909//7300 5910//7300
f 5887//6946 5902//6946 5903//6946
f 5915//6954 5914//6954 5929//6954
f 5908//7301 5907//7301 5922//7301
f 5916//7302 5915//7302 5930//7302
f 5909//7303 5908//7303 5923//7303
f 5909//5448 5924//5448 5925//5448
f 5903//7304 5902//7304 5917//7304
f 5911//7305 5910//7305 5925//7305
f 5903//7306 5918//7306 5919//7306
f 5912//5452 5911//5452 5926//5452
f 5905//6960 5904//6960 5919//6960
f 5912//7307 5927//7307 5928//7307
f 5906//6962 5905//6962 5920//6962
f 5913//7308 5928//7308 5929//7308
f 5906//7309 5921//7309 5922//7309
f 5919//7310 5918//7310 5933//7310
f 5926//7311 5941//7311 5942//7311
f 5919//7312 5934//7312 5935//7312
f 5927//7313 5942//7313 5943//7313
f 5920//7314 5935//7314 5936//7314
f 5929//7315 5928//7315 5943//7315
f 5922//6971 5921//6971 5936//6971
f 5929//6972 5944//6972 5945//6972
f 5922//7316 5937//7316 5938//7316
f 5930//7317 5945//7317 5946//7317
f 5923//6264 5938//6264 5939//6264
f 5925//5471 5924//5471 5939//5471
f 5918//7318 5917//7318 5932//7318
f 5926//7319 5925//7319 5940//7319
f 5938//7320 5937//7320 5952//7320
f 5946//7321 5945//7321 5960//7321
f 5938//6981 5953//6981 5954//6981
f 5940//7322 5939//7322 5954//7322
f 5932//7323 5947//7323 5948//7323
f 5940//7324 5955//7324 5956//7324
f 5934//7325 5933//7325 5948//7325
f 5941//7326 5956//7326 5957//7326
f 5935//7327 5934//7327 5949//7327
f 5943//7328 5942//7328 5957//7328
f 5935//7329 5950//7329 5951//7329
f 5943//7330 5958//7330 5959//7330
f 5937//7331 5936//7331 5951//7331
f 5944//7332 5959//7332 5960//7332
f 5957//7333 5956//7333 5971//7333
f 5950//7334 5949//7334 5964//7334
f 5958//7335 5957//7335 5972//7335
f 5951//6279 5950//6279 5965//6279
f 5958//6995 5973//6995 5974//6995
f 5951//7336 5966//7336 5967//7336
f 5960//6997 5959//6997 5974//6997
f 5952//7337 5967//7337 5968//7337
f 5961//5497 5960//5497 5975//5497
f 5953//7338 5968//7338 5969//7338
f 5954//7339 5969//7339 5970//7339
f 5947//7340 5962//7340 5963//7340
f 5956//7341 5955//7341 5970//7341
f 5948//7001 5963//7001 5964//7001
f 5975//7002 5990//7002 5991//7002
f 5968//7342 5983//7342 5984//7342
f 5969//7343 5984//7343 5985//7343
f 5963//7344 5962//7344 5977//7344
f 5970//7345 5985//7345 5986//7345
f 5964//7346 5963//7346 5978//7346
f 5971//7347 5986//7347 5987//7347
f 5964//7008 5979//7008 5980//7008
f 5972//7009 5987//7009 5988//7009
f 5965//7348 5980//7348 5981//7348
f 5974//7349 5973//7349 5988//7349
f 5967//7350 5966//7350 5981//7350
f 5974//7351 5989//7351 5990//7351
f 5967//7352 5982//7352 5983//7352
f 5988//7016 5987//7016 6002//7016
f 5980//7353 5995//7353 5996//7353
f 5988//7354 6003//7354 6004//7354
f 5982//7355 5981//7355 5996//7355
f 5989//7020 6004//7020 6005//7020
f 5983//7356 5982//7356 5997//7356
f 5991//7357 5990//7357 6005//7357
f 5983//5529 5998//5529 5999//5529
f 5985//7023 5984//7023 5999//7023
f 5977//7358 5992//7358 5993//7358
f 5985//7025 6000//7025 6001//7025
f 5978//7359 5993//7359 5994//7359
f 5986//7360 6001//7360 6002//7360
f 5979//7361 5994//7361 5995//7361
f 5999//7362 6014//7362 6015//7362
f 5992//7363 6007//7363 6008//7363
f 6001//7364 6000//7364 6015//7364
f 5993//7032 6008//7032 6009//7032
f 6002//7365 6001//7365 6016//7365
f 5995//7366 5994//7366 6009//7366
f 6002//7367 6017//7367 6018//7367
f 5995//7368 6010//7368 6011//7368
f 6003//7037 6018//7037 6019//7037
f 5996//7369 6011//7369 6012//7369
f 6005//7370 6004//7370 6019//7370
f 5997//7371 6012//7371 6013//7371
f 6006//7372 6005//7372 6020//7372
f 5999//5993 5998//5993 6013//5993
f 6011//7373 6010//7373 6025//7373
f 6018//7374 6033//7374 6034//7374
f 6011//7375 6026//7375 6027//7375
f 6019//7376 6034//7376 6035//7376
f 6013//6323 6012//6323 6027//6323
f 6020//7377 6035//7377 6036//7377
f 6013//5560 6028//5560 6029//5560
f 6015//7378 6014//7378 6029//7378
f 6008//7379 6007//7379 6022//7379
f 6015//7380 6030//7380 6031//7380
f 6009//7381 6008//7381 6023//7381
f 6016//7382 6031//7382 6032//7382
f 6009//7383 6024//7383 6025//7383
f 6017//7384 6032//7384 6033//7384
f 6029//7054 5566//7054 5567//7054
f 6022//7055 6037//7055 6038//7055
f 6031//7385 6030//7385 5567//7385
f 6023//7386 6038//7386 5562//7386
f 6031//7387 5568//7387 5569//7387
f 6024//7388 5562//7388 5563//7388
f 6032//7389 5569//7389 6040//7389
f 6026//7390 6025//7390 5563//7390
f 6033//7061 6040//7061 5570//7061
f 6027//6339 6026//6339 6039//6339
f 6034//7063 5570//7063 6041//7063
f 6027//7391 5564//7391 5565//7391
f 6036//7392 6035//7392 6041//7392
f 6029//6018 6028//6018 5565//6018
f 6049//7393 6048//7393 6061//7393
f 6519//6669 6054//6669 6055//6669
f 6050//7394 6049//7394 6062//7394
f 6520//7395 6055//7395 6056//7395
f 6051//7396 6050//7396 6063//7396
f 6044//6672 6056//6672 6057//6672
f 6051//6673 6064//6673 6065//6673
f 6521//7397 6045//7397 6057//7397
f 6522//6675 6065//6675 6066//6675
f 6521//7398 6058//7398 6059//7398
f 6523//7399 6052//7399 6066//7399
f 6046//6678 6059//6678 6060//6678
f 6523//7400 6067//7400 6068//7400
f 6047//5599 6060//5599 6061//5599
f 6067//6034 6082//6034 6083//6034
f 6060//7401 6075//7401 6076//7401
f 6061//7402 6076//7402 6077//7402
f 6054//7403 6069//7403 6070//7403
f 6062//5096 6077//5096 6078//5096
f 6055//7404 6070//7404 6071//7404
f 6063//6685 6078//6685 6079//6685
f 6056//7081 6071//7081 6072//7081
f 6064//7405 6079//7405 6080//7405
f 6058//7406 6057//7406 6072//7406
f 6065//6689 6080//6689 6081//6689
f 6059//7407 6058//7407 6073//7407
f 6066//7408 6081//7408 6082//7408
f 6059//7409 6074//7409 6075//7409
f 6079//7410 6094//7410 6095//7410
f 6073//7411 6072//7411 6087//7411
f 6080//7412 6095//7412 6096//7412
f 6073//6697 6088//6697 6089//6697
f 6082//6698 6081//6698 6096//6698
f 6074//5614 6089//5614 6090//5614
f 6083//7413 6082//7413 6097//7413
f 6075//7414 6090//7414 6091//7414
f 6077//6052 6076//6052 6091//6052
f 6069//6702 6084//6702 6085//6702
f 6078//5620 6077//5620 6092//5620
f 6070//6703 6085//6703 6086//6703
f 6078//7415 6093//7415 6094//7415
f 6071//7416 6086//7416 6087//7416
f 6091//7417 6106//7417 6107//7417
f 6085//7418 6084//7418 6099//7418
f 6092//7099 6107//7099 6108//7099
f 6086//6709 6085//6709 6100//6709
f 6093//7419 6108//7419 6109//7419
f 6087//7101 6086//7101 6101//7101
f 6095//7420 6094//7420 6109//7420
f 6087//7421 6102//7421 6103//7421
f 6095//6714 6110//6714 6111//6714
f 6089//7422 6088//7422 6103//7422
f 6096//6716 6111//6716 6112//6716
f 6089//5635 6104//5635 6105//5635
f 6097//6704 6112//6704 6113//6704
f 6091//7423 6090//7423 6105//7423
f 6102//7424 6117//7424 6118//7424
f 6111//7425 6110//7425 6125//7425
f 6104//7426 6103//7426 6118//7426
f 6112//6723 6111//6723 6126//6723
f 6104//7427 6119//7427 6120//7427
f 6112//7428 6127//7428 6128//7428
f 6106//7429 6105//7429 6120//7429
f 6106//5647 6121//5647 6122//5647
f 6100//7430 6099//7430 6114//7430
f 6108//7431 6107//7431 6122//7431
f 6100//7432 6115//7432 6116//7432
f 6108//6730 6123//6730 6124//6730
f 6101//7433 6116//7433 6117//7433
f 6109//6719 6124//6719 6125//6719
f 6121//5654 6136//5654 6137//5654
f 6115//5157 6114//5157 6129//5157
f 6122//7434 6137//7434 6138//7434
f 6116//7435 6115//7435 6130//7435
f 6124//6735 6123//6735 6138//6735
f 6116//7436 6131//7436 6132//7436
f 6124//7437 6139//7437 6140//7437
f 6118//7438 6117//7438 6132//7438
f 6125//7439 6140//7439 6141//7439
f 6118//7440 6133//7440 6134//7440
f 6126//7441 6141//7441 6142//7441
f 6119//7442 6134//7442 6135//7442
f 6127//7128 6142//7128 6143//7128
f 6121//7129 6120//7129 6135//7129
f 6141//7443 6140//7443 6155//7443
f 6133//6092 6148//6092 6149//6092
f 6142//7444 6141//7444 6156//7444
f 6135//6746 6134//6746 6149//6746
f 6143//6747 6142//6747 6157//6747
f 6135//7445 6150//7445 6151//7445
f 6136//7136 6151//7136 6152//7136
f 6129//6750 6144//6750 6145//6750
f 6137//7446 6152//7446 6153//7446
f 6130//7447 6145//7447 6146//7447
f 6139//5183 6138//5183 6153//5183
f 6131//7448 6146//7448 6147//7448
f 6139//7449 6154//7449 6155//7449
f 6133//7450 6132//7450 6147//7450
f 6144//7142 6159//7142 6160//7142
f 6152//7451 6167//7451 6168//7451
f 6145//7144 6160//7144 6161//7144
f 6154//6757 6153//6757 6168//6757
f 6146//7452 6161//7452 6162//7452
f 6155//7453 6154//7453 6169//7453
f 6147//6760 6162//6760 6163//6760
f 6156//7454 6155//7454 6170//7454
f 6148//5689 6163//5689 6164//5689
f 6157//7455 6156//7455 6171//7455
f 6150//6763 6149//6763 6164//6763
f 6157//6764 6172//6764 6173//6764
f 6150//5693 6165//5693 6166//5693
f 6152//5682 6151//5682 6166//5682
f 6164//5697 6163//5697 6178//5697
f 6171//7456 6186//7456 6187//7456
f 6164//7457 6179//7457 6180//7457
f 6173//6768 6172//6768 6187//6768
f 6165//5701 6180//5701 6181//5701
f 6166//7153 6181//7153 6182//7153
f 6159//7458 6174//7458 6175//7458
f 6168//6429 6167//6429 6182//6429
f 6161//7156 6160//7156 6175//7156
f 6168//7459 6183//7459 6184//7459
f 6162//7460 6161//7460 6176//7460
f 6169//5215 6184//5215 6185//5215
f 6163//6777 6162//6777 6177//6777
f 6170//7461 6185//7461 6186//7461
f 6182//7462 6197//7462 6198//7462
f 6176//6780 6175//6780 6190//6780
f 6184//6781 6183//6781 6198//6781
f 6177//7463 6176//7463 6191//7463
f 6184//7464 6199//7464 6200//7464
f 6177//7465 6192//7465 6193//7465
f 6185//7466 6200//7466 6201//7466
f 6179//7467 6178//7467 6193//7467
f 6186//7468 6201//7468 6202//7468
f 6179//6442 6194//6442 6195//6442
f 6187//7469 6202//7469 6203//7469
f 6180//6790 6195//6790 6196//6790
f 6181//7470 6196//7470 6197//7470
f 6175//7471 6174//7471 6189//7471
f 6202//7171 6201//7171 6216//7171
f 6194//7472 6209//7472 6210//7472
f 6203//6794 6202//6794 6217//6794
f 6195//7473 6210//7473 6211//7473
f 6196//7474 6211//7474 6212//7474
f 6189//5241 6204//5241 6205//5241
f 6198//7475 6197//7475 6212//7475
f 6190//6799 6205//6799 6206//6799
f 6198//6800 6213//6800 6214//6800
f 6191//7476 6206//7476 6207//7476
f 6200//6455 6199//6455 6214//6455
f 6192//7477 6207//7477 6208//7477
f 6200//7478 6215//7478 6216//7478
f 6194//6792 6193//6792 6208//6792
f 6213//7183 6228//7183 6229//7183
f 6206//7479 6221//7479 6222//7479
f 6214//7480 6229//7480 6230//7480
f 6207//7481 6222//7481 6223//7481
f 6215//7482 6230//7482 6231//7482
f 6208//7483 6223//7483 6224//7483
f 6216//7484 6231//7484 6232//7484
f 6209//5258 6224//5258 6225//5258
f 6218//7485 6217//7485 6232//7485
f 6211//7486 6210//7486 6225//7486
f 6212//7487 6211//7487 6226//7487
f 6204//6818 6219//6818 6220//6818
f 6213//7488 6212//7488 6227//7488
f 6205//7489 6220//7489 6221//7489
f 6233//7490 6232//7490 6247//7490
f 6225//7491 6240//7491 6241//7491
f 6226//7492 6241//7492 6242//7492
f 6219//6823 6234//6823 6235//6823
f 6227//5273 6242//5273 6243//5273
f 6221//6825 6220//6825 6235//6825
f 6229//6826 6228//6826 6243//6826
f 6221//7493 6236//7493 6237//7493
f 6230//6828 6229//6828 6244//6828
f 6222//6829 6237//6829 6238//6829
f 6231//6830 6230//6830 6245//6830
f 6223//7494 6238//7494 6239//7494
f 6231//6819 6246//6819 6247//6819
f 6225//7495 6224//7495 6239//7495
f 6236//6834 6251//6834 6252//6834
f 6245//7496 6244//7496 6259//7496
f 6237//6836 6252//6836 6253//6836
f 6246//7497 6245//7497 6260//7497
f 6238//7498 6253//7498 6254//7498
f 6246//6838 6261//6838 6262//6838
f 6240//7499 6239//7499 6254//7499
f 6247//7500 6262//7500 6263//7500
f 6240//7501 6255//7501 6256//7501
f 6241//7502 6256//7502 6257//7502
f 6234//7503 6249//7503 6250//7503
f 6242//7504 6257//7504 6258//7504
f 6236//6832 6235//6832 6250//6832
f 6244//7203 6243//7203 6258//7203
f 6255//6152 6270//6152 6271//6152
f 6257//6846 6256//6846 6271//6846
f 6249//6847 6264//6847 6265//6847
f 6257//5304 6272//5304 6273//5304
f 6251//7505 6250//7505 6265//7505
f 6258//6849 6273//6849 6274//6849
f 6251//7506 6266//7506 6267//7506
f 6259//7507 6274//7507 6275//7507
f 6252//7508 6267//7508 6268//7508
f 6260//6853 6275//6853 6276//6853
f 6253//7509 6268//7509 6269//7509
f 6261//7218 6276//7218 6277//7218
f 6255//6163 6254//6163 6269//6163
f 6262//5773 6277//5773 6278//5773
f 6274//6858 6289//6858 6290//6858
f 6268//7510 6267//7510 6282//7510
f 6275//6860 6290//6860 6291//6860
f 6268//6861 6283//6861 6284//6861
f 6276//6862 6291//6862 6292//6862
f 6269//5320 6284//5320 6285//5320
f 6277//7511 6292//7511 6293//7511
f 6271//6865 6270//6865 6285//6865
f 6271//6866 6286//6866 6287//6866
f 6265//7512 6264//7512 6279//7512
f 6273//6505 6272//6505 6287//6505
f 6266//7513 6265//7513 6280//7513
f 6273//6856 6288//6856 6289//6856
f 6266//6857 6281//6857 6282//6857
f 6286//5805 6301//5805 6302//5805
f 6279//7514 6294//7514 6295//7514
f 6287//7515 6302//7515 6303//7515
f 6280//6874 6295//6874 6296//6874
f 6289//7516 6288//7516 6303//7516
f 6281//6876 6296//6876 6297//6876
f 6289//6877 6304//6877 6305//6877
f 6282//7517 6297//7517 6298//7517
f 6290//7235 6305//7235 6306//7235
f 6283//7236 6298//7236 6299//7236
f 6291//7237 6306//7237 6307//7237
f 6284//6882 6299//6882 6300//6882
f 6293//7518 6292//7518 6307//7518
f 6285//6870 6300//6870 6301//6870
f 6298//6884 6297//6884 6312//6884
f 6305//6885 6320//6885 6321//6885
f 6298//7519 6313//7519 6314//7519
f 6307//7520 6306//7520 6321//7520
f 6299//6194 6314//6194 6315//6194
f 6308//7521 6307//7521 6322//7521
f 6301//6889 6300//6889 6315//6889
f 6301//7522 6316//7522 6317//7522
f 6294//6891 6309//6891 6310//6891
f 6303//5357 6302//5357 6317//5357
f 6295//6893 6310//6893 6311//6893
f 6303//7523 6318//7523 6319//7523
f 6296//6895 6311//6895 6312//6895
f 6304//6883 6319//6883 6320//6883
f 6316//6896 6331//6896 6332//6896
f 6309//6897 6324//6897 6325//6897
f 6318//7524 6317//7524 6332//7524
f 6310//6899 6325//6899 6326//6899
f 6318//7525 6333//7525 6334//7525
f 6311//7248 6326//7248 6327//7248
f 6319//6902 6334//6902 6335//6902
f 6312//7526 6327//7526 6328//7526
f 6321//6904 6320//6904 6335//6904
f 6313//6905 6328//6905 6329//6905
f 6322//5373 6321//5373 6336//5373
f 6314//5374 6329//5374 6330//5374
f 6323//7527 6322//7527 6337//7527
f 6316//6908 6315//6908 6330//6908
f 6335//6910 6350//6910 6351//6910
f 6328//7528 6343//7528 6344//7528
f 6336//6912 6351//6912 6352//6912
f 6329//5842 6344//5842 6345//5842
f 6337//6914 6352//6914 6353//6914
f 6330//7529 6345//7529 6346//7529
f 6331//7530 6346//7530 6347//7530
f 6325//7261 6324//7261 6339//7261
f 6333//7531 6332//7531 6347//7531
f 6325//7532 6340//7532 6341//7532
f 6333//7533 6348//7533 6349//7533
f 6327//6921 6326//6921 6341//6921
f 6334//6922 6349//6922 6350//6922
f 6328//6909 6327//6909 6342//6909
f 6347//7534 6362//7534 6363//7534
f 6340//7535 6355//7535 6356//7535
f 6348//7536 6363//7536 6364//7536
f 6341//7537 6356//7537 6357//7537
f 6349//7538 6364//7538 6365//7538
f 6342//7539 6357//7539 6358//7539
f 6350//7540 6365//7540 6366//7540
f 6343//6932 6358//6932 6359//6932
f 6351//7541 6366//7541 6367//7541
f 6345//6934 6344//6934 6359//6934
f 6352//7542 6367//7542 6368//7542
f 6345//7543 6360//7543 6361//7543
f 6346//7544 6361//7544 6362//7544
f 6340//6924 6339//6924 6354//6924
f 6366//7545 6381//7545 6382//7545
f 6360//6232 6359//6232 6374//6232
f 6367//7279 6382//7279 6383//7279
f 6360//6234 6375//6234 6376//6234
f 6361//7546 6376//7546 6377//7546
f 6355//7547 6354//7547 6369//7547
f 6362//7548 6377//7548 6378//7548
f 6356//6941 6355//6941 6370//6941
f 6364//6942 6363//6942 6378//6942
f 6357//6943 6356//6943 6371//6943
f 6364//7549 6379//7549 6380//7549
f 6357//7550 6372//7550 6373//7550
f 6365//7551 6380//7551 6381//7551
f 6358//6569 6373//6569 6374//6569
f 6370//7290 6385//7290 6386//7290
f 6379//6243 6378//6243 6393//6243
f 6371//7552 6386//7552 6387//7552
f 6379//6950 6394//6950 6395//6950
f 6373//6951 6372//6951 6387//6951
f 6381//6246 6380//6246 6395//6246
f 6373//5433 6388//5433 6389//5433
f 6382//7553 6381//7553 6396//7553
f 6375//7554 6374//7554 6389//7554
f 6382//6953 6397//6953 6398//6953
f 6375//5892 6390//5892 6391//5892
f 6376//7555 6391//7555 6392//7555
f 6369//7556 6384//7556 6385//7556
f 6377//7557 6392//7557 6393//7557
f 6389//6955 6404//6955 6405//6955
f 6397//6956 6412//6956 6413//6956
f 6390//5899 6405//5899 6406//5899
f 6391//5448 6406//5448 6407//5448
f 6385//7558 6384//7558 6399//7558
f 6393//7559 6392//7559 6407//7559
f 6385//7306 6400//7306 6401//7306
f 6394//6959 6393//6959 6408//6959
f 6386//7560 6401//7560 6402//7560
f 6395//7561 6394//7561 6409//7561
f 6387//7562 6402//7562 6403//7562
f 6396//7563 6395//7563 6410//7563
f 6388//5909 6403//5909 6404//5909
f 6397//7564 6396//7564 6411//7564
f 6408//7565 6423//7565 6424//7565
f 6402//7566 6401//7566 6416//7566
f 6409//7567 6424//7567 6425//7567
f 6403//6969 6402//6969 6417//6969
f 6410//7568 6425//7568 6426//7568
f 6404//5916 6403//5916 6418//5916
f 6411//7569 6426//7569 6427//7569
f 6404//7570 6419//7570 6420//7570
f 6413//6974 6412//6974 6427//6974
f 6406//5468 6405//5468 6420//5468
f 6406//7571 6421//7571 6422//7571
f 6399//7572 6414//7572 6415//7572
f 6408//7573 6407//7573 6422//7573
f 6401//7310 6400//7310 6415//7310
f 6427//6980 6442//6980 6443//6980
f 6420//6981 6435//6981 6436//6981
f 6421//7574 6436//7574 6437//7574
f 6415//7575 6414//7575 6429//7575
f 6423//5481 6422//5481 6437//5481
f 6416//6985 6415//6985 6430//6985
f 6423//7576 6438//7576 6439//7576
f 6416//6603 6431//6603 6432//6603
f 6424//7577 6439//7577 6440//7577
f 6417//7578 6432//7578 6433//7578
f 6425//6989 6440//6989 6441//6989
f 6418//7579 6433//7579 6434//7579
f 6426//7580 6441//7580 6442//7580
f 6419//6607 6434//6607 6435//6607
f 6431//7581 6446//7581 6447//7581
f 6439//5940 6454//5940 6455//5940
f 6432//6279 6447//6279 6448//6279
f 6440//7582 6455//7582 6456//7582
f 6434//6996 6433//6996 6448//6996
f 6442//7583 6441//7583 6456//7583
f 6434//7584 6449//7584 6450//7584
f 6443//7585 6442//7585 6457//7585
f 6435//7338 6450//7338 6451//7338
f 6436//7586 6451//7586 6452//7586
f 6429//7587 6444//7587 6445//7587
f 6438//7588 6437//7588 6452//7588
f 6430//7001 6445//7001 6446//7001
f 6438//6991 6453//6991 6454//6991
f 6451//5506 6450//5506 6465//5506
f 6451//7589 6466//7589 6467//7589
f 6444//7590 6459//7590 6460//7590
f 6452//7591 6467//7591 6468//7591
f 6445//7592 6460//7592 6461//7592
f 6453//7593 6468//7593 6469//7593
f 6446//7594 6461//7594 6462//7594
f 6454//7595 6469//7595 6470//7595
f 6448//7596 6447//7596 6462//7596
f 6456//7597 6455//7597 6470//7597
f 6448//7598 6463//7598 6464//7598
f 6457//7351 6456//7351 6471//7351
f 6449//7599 6464//7599 6465//7599
f 6458//7600 6457//7600 6472//7600
f 6469//7016 6484//7016 6485//7016
f 6463//7601 6462//7601 6477//7601
f 6471//7018 6470//7018 6485//7018
f 6463//7019 6478//7019 6479//7019
f 6471//7602 6486//7602 6487//7602
f 6465//5970 6464//5970 6479//5970
f 6473//7021 6472//7021 6487//7021
f 6465//7603 6480//7603 6481//7603
f 6467//7604 6466//7604 6481//7604
f 6459//7605 6474//7605 6475//7605
f 6467//7606 6482//7606 6483//7606
f 6461//7607 6460//7607 6475//7607
f 6468//7608 6483//7608 6484//7608
f 6461//7609 6476//7609 6477//7609
f 6481//7610 6496//7610 6497//7610
f 6475//7030 6474//7030 6489//7030
f 6482//7611 6497//7611 6498//7611
f 6476//7032 6475//7032 6490//7032
f 6483//7033 6498//7033 6499//7033
f 6476//7612 6491//7612 6492//7612
f 6485//7613 6484//7613 6499//7613
f 6477//7036 6492//7036 6493//7036
f 6485//7037 6500//7037 6501//7037
f 6478//7038 6493//7038 6494//7038
f 6486//7039 6501//7039 6502//7039
f 6479//6320 6494//6320 6495//6320
f 6487//7041 6502//7041 6503//7041
f 6481//7614 6480//7614 6495//7614
f 6501//7615 6500//7615 6515//7615
f 6493//7616 6508//7616 6509//7616
f 6501//7046 6516//7046 6517//7046
f 6495//7617 6494//7617 6509//7617
f 6502//5559 6517//5559 6518//5559
f 6495//6650 6510//6650 6511//6650
f 6497//5563 6496//5563 6511//5563
f 6490//7618 6489//7618 6504//7618
f 6497//5565 6512//5565 6513//5565
f 6491//7619 6490//7619 6505//7619
f 6499//7620 6498//7620 6513//7620
f 6491//7383 6506//7383 6507//7383
f 6500//6654 6499//6654 6514//6654
f 6492//7043 6507//7043 6508//7043
f 6505//7621 6504//7621 6519//7621
f 6512//7056 6049//7056 6050//7056
f 6506//7622 6505//7622 6520//7622
f 6514//7623 6513//7623 6050//7623
f 6507//7624 6506//7624 6044//7624
f 6514//7059 6051//7059 6522//7059
f 6507//7625 6045//7625 6521//7625
f 6515//7061 6522//7061 6052//7061
f 6508//7062 6521//7062 6046//7062
f 6516//7626 6052//7626 6523//7626
f 6510//6016 6509//6016 6046//6016
f 6517//7627 6523//7627 6524//7627
f 6510//7066 6047//7066 6048//7066
f 6512//7054 6511//7054 6048//7054
f 7002//7628 7001//7628 6536//7628
f 6531//7394 6544//7394 6545//7394
f 7002//7395 6537//7395 6538//7395
f 6532//6671 6545//6671 6546//6671
f 6526//6025 6538//6025 6539//6025
f 6533//6026 6546//6026 6547//6026
f 6527//5594 6539//5594 6540//5594
f 7004//6675 6547//6675 6548//6675
f 7003//6676 6540//6676 6541//6676
f 6534//7629 6548//7629 6549//7629
f 6528//7073 6541//7073 6542//7073
f 7005//7074 6549//7074 6550//7074
f 6530//7075 6529//7075 6542//7075
f 6530//7630 6543//7630 6544//7630
f 6543//7631 6542//7631 6557//7631
f 6543//5602 6558//5602 6559//5602
f 6536//7403 6551//7403 6552//7403
f 6544//7632 6559//7632 6560//7632
f 6537//7633 6552//7633 6553//7633
f 6546//6363 6545//6363 6560//6363
f 6539//7634 6538//7634 6553//7634
f 6546//6687 6561//6687 6562//6687
f 6539//7635 6554//7635 6555//7635
f 6547//6689 6562//6689 6563//6689
f 6540//7636 6555//7636 6556//7636
f 6549//7637 6548//7637 6563//7637
f 6541//6046 6556//6046 6557//6046
f 6550//7638 6549//7638 6564//7638
f 6562//6694 6561//6694 6576//6694
f 6554//7411 6569//7411 6570//7411
f 6563//7412 6562//7412 6577//7412
f 6556//6697 6555//6697 6570//6697
f 6563//7639 6578//7639 6579//7639
f 6556//5112 6571//5112 6572//5112
f 6564//7092 6579//7092 6580//7092
f 6557//7640 6572//7640 6573//7640
f 6559//7641 6558//7641 6573//7641
f 6552//7642 6551//7642 6566//7642
f 6560//5620 6559//5620 6574//5620
f 6553//7643 6552//7643 6567//7643
f 6560//6692 6575//6692 6576//6692
f 6553//7086 6568//7086 6569//7086
f 6573//5625 6588//5625 6589//5625
f 6567//7644 6566//7644 6581//7644
f 6574//6708 6589//6708 6590//6708
f 6567//7100 6582//7100 6583//7100
f 6575//6710 6590//6710 6591//6710
f 6569//7645 6568//7645 6583//7645
f 6576//7646 6591//7646 6592//7646
f 6570//7647 6569//7647 6584//7647
f 6577//6714 6592//6714 6593//6714
f 6570//7648 6585//7648 6586//7648
f 6579//7649 6578//7649 6593//7649
f 6572//7105 6571//7105 6586//7105
f 6579//7650 6594//7650 6595//7650
f 6572//7651 6587//7651 6588//7651
f 6592//7652 6607//7652 6608//7652
f 6585//7653 6600//7653 6601//7653
f 6593//7654 6608//7654 6609//7654
f 6586//7427 6601//7427 6602//7427
f 6595//7655 6594//7655 6609//7655
f 6587//6726 6602//6726 6603//6726
f 6588//5148 6603//5148 6604//5148
f 6581//7656 6596//7656 6597//7656
f 6589//6075 6604//6075 6605//6075
f 6582//7432 6597//7432 6598//7432
f 6591//7657 6590//7657 6605//7657
f 6584//7658 6583//7658 6598//7658
f 6591//7659 6606//7659 6607//7659
f 6584//7660 6599//7660 6600//7660
f 6596//7661 6611//7661 6612//7661
f 6604//7662 6619//7662 6620//7662
f 6598//7663 6597//7663 6612//7663
f 6605//7664 6620//7664 6621//7664
f 6598//7665 6613//7665 6614//7665
f 6607//5660 6606//5660 6621//5660
f 6599//5661 6614//5661 6615//5661
f 6607//7439 6622//7439 6623//7439
f 6601//7125 6600//7125 6615//7125
f 6608//6740 6623//6740 6624//6740
f 6601//6086 6616//6086 6617//6086
f 6609//6087 6624//6087 6625//6087
f 6602//5667 6617//5667 6618//5667
f 6603//7666 6618//7666 6619//7666
f 6615//7667 6630//7667 6631//7667
f 6623//7668 6638//7668 6639//7668
f 6616//7669 6631//7669 6632//7669
f 6624//7670 6639//7670 6640//7670
f 6617//6095 6632//6095 6633//6095
f 6618//7671 6633//7671 6634//7671
f 6612//7672 6611//7672 6626//7672
f 6619//7673 6634//7673 6635//7673
f 6612//6752 6627//6752 6628//6752
f 6621//7674 6620//7674 6635//7674
f 6613//7675 6628//7675 6629//7675
f 6621//7676 6636//7676 6637//7676
f 6614//7677 6629//7677 6630//7677
f 6623//6744 6622//6744 6637//6744
f 6634//5188 6649//5188 6650//5188
f 6627//7144 6642//7144 6643//7144
f 6636//5686 6635//5686 6650//5686
f 6629//7678 6628//7678 6643//7678
f 6636//7679 6651//7679 6652//7679
f 6630//7680 6629//7680 6644//7680
f 6637//7454 6652//7454 6653//7454
f 6630//7681 6645//7681 6646//7681
f 6639//7455 6638//7455 6653//7455
f 6632//7682 6631//7682 6646//7682
f 6640//6764 6639//6764 6654//6764
f 6633//7683 6632//7683 6647//7683
f 6633//5682 6648//5682 6649//5682
f 6626//7684 6641//7684 6642//7684
f 6653//7685 6668//7685 6669//7685
f 6646//7686 6661//7686 6662//7686
f 6654//7687 6669//7687 6670//7687
f 6647//7688 6662//7688 6663//7688
f 6649//5209 6648//5209 6663//5209
f 6642//7689 6641//7689 6656//7689
f 6650//6772 6649//6772 6664//6772
f 6643//6773 6642//6773 6657//6773
f 6650//5708 6665//5708 6666//5708
f 6643//7690 6658//7690 6659//7690
f 6651//6776 6666//6776 6667//6776
f 6644//5710 6659//5710 6660//5710
f 6653//7691 6652//7691 6667//7691
f 6646//7692 6645//7692 6660//7692
f 6657//7693 6672//7693 6673//7693
f 6665//7694 6680//7694 6681//7694
f 6659//7695 6658//7695 6673//7695
f 6666//7696 6681//7696 6682//7696
f 6659//7697 6674//7697 6675//7697
f 6667//7698 6682//7698 6683//7698
f 6660//7699 6675//7699 6676//7699
f 6669//7167 6668//7167 6683//7167
f 6662//7700 6661//7700 6676//7700
f 6669//7168 6684//7168 6685//7168
f 6662//7701 6677//7701 6678//7701
f 6664//5722 6663//5722 6678//5722
f 6657//7471 6656//7471 6671//7471
f 6664//7160 6679//7160 6680//7160
f 6676//7702 6691//7702 6692//7702
f 6684//6794 6699//6794 6700//6794
f 6677//7703 6692//7703 6693//7703
f 6678//6796 6693//6796 6694//6796
f 6671//7704 6686//7704 6687//7704
f 6679//7705 6694//7705 6695//7705
f 6672//7706 6687//7706 6688//7706
f 6680//7707 6695//7707 6696//7707
f 6673//7708 6688//7708 6689//7708
f 6681//7709 6696//7709 6697//7709
f 6674//5734 6689//5734 6690//5734
f 6682//7710 6697//7710 6698//7710
f 6675//7711 6690//7711 6691//7711
f 6684//7712 6683//7712 6698//7712
f 6695//7713 6710//7713 6711//7713
f 6688//7714 6703//7714 6704//7714
f 6696//7715 6711//7715 6712//7715
f 6689//7716 6704//7716 6705//7716
f 6698//7717 6697//7717 6712//7717
f 6691//7718 6690//7718 6705//7718
f 6698//6813 6713//6813 6714//6813
f 6691//7719 6706//7719 6707//7719
f 6699//7720 6714//7720 6715//7720
f 6692//7190 6707//7190 6708//7190
f 6694//7721 6693//7721 6708//7721
f 6687//7722 6686//7722 6701//7722
f 6695//7488 6694//7488 6709//7488
f 6687//7723 6702//7723 6703//7723
f 6714//7724 6729//7724 6730//7724
f 6707//7725 6722//7725 6723//7725
f 6709//7726 6708//7726 6723//7726
f 6701//7727 6716//7727 6717//7727
f 6709//7728 6724//7728 6725//7728
f 6703//7729 6702//7729 6717//7729
f 6711//7730 6710//7730 6725//7730
f 6703//7493 6718//7493 6719//7493
f 6712//6828 6711//6828 6726//6828
f 6704//7731 6719//7731 6720//7731
f 6712//7732 6727//7732 6728//7732
f 6705//7733 6720//7733 6721//7733
f 6713//7734 6728//7734 6729//7734
f 6707//6820 6706//6820 6721//6820
f 6726//7735 6741//7735 6742//7735
f 6719//7736 6734//7736 6735//7736
f 6727//7206 6742//7206 6743//7206
f 6720//6837 6735//6837 6736//6837
f 6729//7207 6728//7207 6743//7207
f 6722//6839 6721//6839 6736//6839
f 6729//7737 6744//7737 6745//7737
f 6722//7501 6737//7501 6738//7501
f 6724//7738 6723//7738 6738//7738
f 6717//7739 6716//7739 6731//7739
f 6724//7211 6739//7211 6740//7211
f 6717//7212 6732//7212 6733//7212
f 6726//6833 6725//6833 6740//6833
f 6719//7740 6718//7740 6733//7740
f 6739//7741 6738//7741 6753//7741
f 6731//7742 6746//7742 6747//7742
f 6739//7215 6754//7215 6755//7215
f 6732//7743 6747//7743 6748//7743
f 6741//7744 6740//7744 6755//7744
f 6733//6850 6748//6850 6749//6850
f 6741//7745 6756//7745 6757//7745
f 6734//7508 6749//7508 6750//7508
f 6742//6853 6757//6853 6758//6853
f 6735//7746 6750//7746 6751//7746
f 6743//7747 6758//7747 6759//7747
f 6736//7748 6751//7748 6752//7748
f 6745//5773 6744//5773 6759//5773
f 6737//7749 6752//7749 6753//7749
f 6749//7750 6764//7750 6765//7750
f 6757//7751 6772//7751 6773//7751
f 6751//7752 6750//7752 6765//7752
f 6759//7753 6758//7753 6773//7753
f 6752//6863 6751//6863 6766//6863
f 6759//7754 6774//7754 6775//7754
f 6753//6865 6752//6865 6767//6865
f 6753//6866 6768//6866 6769//6866
f 6747//7755 6746//7755 6761//7755
f 6754//5799 6769//5799 6770//5799
f 6747//7756 6762//7756 6763//7756
f 6755//7757 6770//7757 6771//7757
f 6748//6857 6763//6857 6764//6857
f 6757//7758 6756//7758 6771//7758
f 6769//7759 6768//7759 6783//7759
f 6761//7514 6776//7514 6777//7514
f 6769//7760 6784//7760 6785//7760
f 6762//6512 6777//6512 6778//6512
f 6771//7761 6770//7761 6785//7761
f 6763//7762 6778//7762 6779//7762
f 6771//7763 6786//7763 6787//7763
f 6765//7764 6764//7764 6779//7764
f 6772//6879 6787//6879 6788//6879
f 6765//7236 6780//7236 6781//7236
f 6773//7765 6788//7765 6789//7765
f 6766//6882 6781//6882 6782//6882
f 6775//7766 6774//7766 6789//7766
f 6767//6870 6782//6870 6783//6870
f 6788//7767 6787//7767 6802//7767
f 6780//7768 6795//7768 6796//7768
f 6788//7242 6803//7242 6804//7242
f 6782//7769 6781//7769 6796//7769
f 6789//6888 6804//6888 6805//6888
f 6782//7770 6797//7770 6798//7770
f 6784//7771 6783//7771 6798//7771
f 6777//7772 6776//7772 6791//7772
f 6784//5357 6799//5357 6800//5357
f 6777//7773 6792//7773 6793//7773
f 6785//6894 6800//6894 6801//6894
f 6778//7774 6793//7774 6794//7774
f 6786//7775 6801//7775 6802//7775
f 6779//7776 6794//7776 6795//7776
f 6791//6897 6806//6897 6807//6897
f 6800//6205 6799//6205 6814//6205
f 6793//7777 6792//7777 6807//7777
f 6800//6900 6815//6900 6816//6900
f 6793//7248 6808//7248 6809//7248
f 6802//7778 6801//7778 6816//7778
f 6794//7779 6809//7779 6810//7779
f 6803//7780 6802//7780 6817//7780
f 6796//7781 6795//7781 6810//7781
f 6803//7782 6818//7782 6819//7782
f 6796//5374 6811//5374 6812//5374
f 6805//7783 6804//7783 6819//7783
f 6797//7784 6812//7784 6813//7784
f 6799//7785 6798//7785 6813//7785
f 6810//6911 6825//6911 6826//6911
f 6819//7786 6818//7786 6833//7786
f 6811//6913 6826//6913 6827//6913
f 6819//6914 6834//6914 6835//6914
f 6813//7529 6812//7529 6827//7529
f 6813//7787 6828//7787 6829//7787
f 6807//7788 6806//7788 6821//7788
f 6815//7789 6814//7789 6829//7789
f 6807//7790 6822//7790 6823//7790
f 6816//6920 6815//6920 6830//6920
f 6808//6921 6823//6921 6824//6921
f 6816//6922 6831//6922 6832//6922
f 6810//6909 6809//6909 6824//6909
f 6817//7791 6832//7791 6833//7791
f 6829//7792 6844//7792 6845//7792
f 6822//6926 6837//6926 6838//6926
f 6831//7793 6830//7793 6845//7793
f 6824//7794 6823//7794 6838//7794
f 6831//7795 6846//7795 6847//7795
f 6824//7796 6839//7796 6840//7796
f 6832//7540 6847//7540 6848//7540
f 6825//7797 6840//7797 6841//7797
f 6834//7273 6833//7273 6848//7273
f 6826//7798 6841//7798 6842//7798
f 6835//7799 6834//7799 6849//7799
f 6828//7800 6827//7800 6842//7800
f 6828//7801 6843//7801 6844//7801
f 6821//7802 6836//7802 6837//7802
f 6848//7545 6863//7545 6864//7545
f 6842//5412 6841//5412 6856//5412
f 6849//7803 6864//7803 6865//7803
f 6842//5414 6857//5414 6858//5414
f 6843//7546 6858//7546 6859//7546
f 6836//7804 6851//7804 6852//7804
f 6844//7805 6859//7805 6860//7805
f 6838//7806 6837//7806 6852//7806
f 6846//7807 6845//7807 6860//7807
f 6838//7808 6853//7808 6854//7808
f 6846//7809 6861//7809 6862//7809
f 6839//7810 6854//7810 6855//7810
f 6847//7811 6862//7811 6863//7811
f 6840//7812 6855//7812 6856//7812
f 6861//7813 6860//7813 6875//7813
f 6853//7814 6868//7814 6869//7814
f 6861//7815 6876//7815 6877//7815
f 6854//7816 6869//7816 6870//7816
f 6863//7817 6862//7817 6877//7817
f 6855//7818 6870//7818 6871//7818
f 6863//7819 6878//7819 6879//7819
f 6856//7554 6871//7554 6872//7554
f 6864//7820 6879//7820 6880//7820
f 6858//5437 6857//5437 6872//5437
f 6858//7821 6873//7821 6874//7821
f 6852//7822 6851//7822 6866//7822
f 6860//7823 6859//7823 6874//7823
f 6852//7824 6867//7824 6868//7824
f 6880//7825 6879//7825 6894//7825
f 6873//5899 6872//5899 6887//5899
f 6873//7826 6888//7826 6889//7826
f 6866//7304 6881//7304 6882//7304
f 6874//5450 6889//5450 6890//5450
f 6867//7827 6882//7827 6883//7827
f 6876//5906 6875//5906 6890//5906
f 6869//7828 6868//7828 6883//7828
f 6876//7829 6891//7829 6892//7829
f 6870//7830 6869//7830 6884//7830
f 6878//7308 6877//7308 6892//7308
f 6870//7831 6885//7831 6886//7831
f 6879//7832 6878//7832 6893//7832
f 6872//5897 6871//5897 6886//5897
f 6883//7833 6898//7833 6899//7833
f 6891//5461 6906//5461 6907//5461
f 6884//7834 6899//7834 6900//7834
f 6893//7835 6892//7835 6907//7835
f 6886//7836 6885//7836 6900//7836
f 6893//7837 6908//7837 6909//7837
f 6886//7838 6901//7838 6902//7838
f 6894//6974 6909//6974 6910//6974
f 6887//5468 6902//5468 6903//5468
f 6889//7571 6888//7571 6903//7571
f 6882//7839 6881//7839 6896//7839
f 6890//6964 6889//6964 6904//6964
f 6883//6965 6882//6965 6897//6965
f 6890//5911 6905//5911 6906//5911
f 6902//5927 6917//5927 6918//5927
f 6904//7840 6903//7840 6918//7840
f 6896//7841 6911//7841 6912//7841
f 6904//7842 6919//7842 6920//7842
f 6898//7843 6897//7843 6912//7843
f 6906//7844 6905//7844 6920//7844
f 6899//7845 6898//7845 6913//7845
f 6907//7328 6906//7328 6921//7328
f 6899//7846 6914//7846 6915//7846
f 6907//6989 6922//6989 6923//6989
f 6900//7847 6915//7847 6916//7847
f 6908//7848 6923//7848 6924//7848
f 6902//7849 6901//7849 6916//7849
f 6910//6980 6909//6980 6924//6980
f 6921//7850 6936//7850 6937//7850
f 6914//7851 6929//7851 6930//7851
f 6922//6995 6937//6995 6938//6995
f 6916//7852 6915//7852 6930//7852
f 6924//6997 6923//6997 6938//6997
f 6916//7337 6931//7337 6932//7337
f 6924//7585 6939//7585 6940//7585
f 6917//7853 6932//7853 6933//7853
f 6918//7586 6933//7586 6934//7586
f 6911//7854 6926//7854 6927//7854
f 6919//7855 6934//7855 6935//7855
f 6912//7856 6927//7856 6928//7856
f 6920//7857 6935//7857 6936//7857
f 6913//7858 6928//7858 6929//7858
f 6933//5509 6948//5509 6949//5509
f 6927//7859 6926//7859 6941//7859
f 6935//7345 6934//7345 6949//7345
f 6928//7860 6927//7860 6942//7860
f 6935//7593 6950//7593 6951//7593
f 6928//7861 6943//7861 6944//7861
f 6936//7862 6951//7862 6952//7862
f 6929//7863 6944//7863 6945//7863
f 6938//7597 6937//7597 6952//7597
f 6931//7864 6930//7864 6945//7864
f 6938//7351 6953//7351 6954//7351
f 6931//7865 6946//7865 6947//7865
f 6939//7866 6954//7866 6955//7866
f 6932//6288 6947//6288 6948//6288
f 6944//7017 6959//7017 6960//7017
f 6952//7867 6967//7867 6968//7867
f 6946//7355 6945//7355 6960//7355
f 6953//7868 6968//7868 6969//7868
f 6947//5970 6946//5970 6961//5970
f 6955//7869 6954//7869 6969//7869
f 6947//6634 6962//6634 6963//6634
f 6949//7870 6948//7870 6963//7870
f 6941//7605 6956//7605 6957//7605
f 6949//7606 6964//7606 6965//7606
f 6943//7871 6942//7871 6957//7871
f 6950//7360 6965//7360 6966//7360
f 6943//7015 6958//7015 6959//7015
f 6952//7872 6951//7872 6966//7872
f 6964//7029 6963//7029 6978//7029
f 6956//7873 6971//7873 6972//7873
f 6964//5542 6979//5542 6980//5542
f 6958//7874 6957//7874 6972//7874
f 6966//7365 6965//7365 6980//7365
f 6959//7034 6958//7034 6973//7034
f 6966//7875 6981//7875 6982//7875
f 6960//7876 6959//7876 6974//7876
f 6967//7877 6982//7877 6983//7877
f 6960//7878 6975//7878 6976//7878
f 6969//7879 6968//7879 6983//7879
f 6961//6320 6976//6320 6977//6320
f 6970//7041 6969//7041 6984//7041
f 6962//6645 6977//6645 6978//6645
f 6983//7880 6982//7880 6997//7880
f 6975//7375 6990//7375 6991//7375
f 6983//7881 6998//7881 6999//7881
f 6976//7047 6991//7047 6992//7047
f 6985//7882 6984//7882 6999//7882
f 6977//5560 6992//5560 6993//5560
f 6978//7378 6993//7378 6994//7378
f 6971//7883 6986//7883 6987//7883
f 6979//5565 6994//5565 6995//5565
f 6972//7884 6987//7884 6988//7884
f 6981//7885 6980//7885 6995//7885
f 6973//7383 6988//7383 6989//7383
f 6982//7886 6981//7886 6996//7886
f 6974//7887 6989//7887 6990//7887
f 6995//7888 6994//7888 6531//7888
f 6988//7889 6987//7889 7002//7889
f 6995//7890 6532//7890 6533//7890
f 6988//7891 6526//7891 6527//7891
f 6996//7059 6533//7059 7004//7059
f 6989//7892 6527//7892 7003//7892
f 6997//7893 7004//7893 6534//7893
f 6991//7894 6990//7894 7003//7894
f 6998//7626 6534//7626 7005//7626
f 6991//7064 6528//7064 6529//7064
f 6999//7895 7005//7895 7006//7895
f 6992//7066 6529//7066 6530//7066
f 6993//7054 6530//7054 6531//7054
f 6986//7896 7001//7896 7002//7896
