# Blender 5.2.2 LTS
# www.blender.org
mtllib fault_grease_leak.mtl
o fault_grease_leak
v -3.230000 0.423966 0.152699
v -3.230000 0.443411 0.146801
v -3.230000 0.448714 0.142448
v -3.230000 0.456301 0.131093
v -3.230000 0.458293 0.124528
v -3.230000 0.458966 0.117699
v -3.230000 0.458293 0.110871
v -3.230000 0.456301 0.104306
v -3.230000 0.453067 0.098255
v -3.230000 0.443411 0.088598
v -3.230000 0.423966 0.082699
v -3.229201 0.430663 0.152027
v -3.228432 0.437102 0.150035
v -3.227724 0.443037 0.146801
v -3.227103 0.448239 0.142448
v -3.226593 0.452508 0.137144
v -3.226215 0.455680 0.131093
v -3.225982 0.457633 0.124528
v -3.225903 0.458293 0.117699
v -3.225982 0.457633 0.110871
v -3.226215 0.455680 0.104306
v -3.226593 0.452508 0.098255
v -3.227103 0.448239 0.092951
v -3.227724 0.443037 0.088598
v -3.228432 0.437102 0.085364
v -3.229201 0.430663 0.083372
v -3.228432 0.430274 0.152027
v -3.226925 0.436340 0.150035
v -3.225535 0.441930 0.146801
v -3.224318 0.446830 0.142448
v -3.223318 0.450852 0.137144
v -3.222575 0.453840 0.131093
v -3.222118 0.455680 0.124528
v -3.221964 0.456301 0.117699
v -3.222118 0.455680 0.110871
v -3.222575 0.453840 0.104306
v -3.223318 0.450852 0.098255
v -3.224318 0.446830 0.092951
v -3.225535 0.441930 0.088598
v -3.226925 0.436340 0.085364
v -3.228432 0.430274 0.083372
v -3.227724 0.429643 0.152027
v -3.225535 0.435102 0.150035
v -3.223518 0.440133 0.146801
v -3.221750 0.444543 0.142448
v -3.220299 0.448163 0.137144
v -3.219221 0.450852 0.131093
v -3.218557 0.452508 0.124528
v -3.218333 0.453067 0.117699
v -3.218557 0.452508 0.110871
v -3.219221 0.450852 0.104306
v -3.220299 0.448163 0.098255
v -3.221750 0.444543 0.092951
v -3.223518 0.440133 0.088598
v -3.225535 0.435102 0.085364
v -3.227724 0.429643 0.083372
v -3.227103 0.428794 0.152027
v -3.224318 0.433437 0.150035
v -3.221750 0.437715 0.146801
v -3.219500 0.441466 0.142448
v -3.217653 0.444543 0.137144
v -3.216281 0.446830 0.131093
v -3.215436 0.448239 0.124528
v -3.215151 0.448714 0.117699
v -3.215436 0.448239 0.110871
v -3.216281 0.446830 0.104306
v -3.217653 0.444543 0.098255
v -3.219500 0.441466 0.092951
v -3.221750 0.437715 0.088598
v -3.224318 0.433437 0.085364
v -3.227103 0.428794 0.083372
v -3.226593 0.427759 0.152027
v -3.223318 0.431407 0.150035
v -3.220299 0.434769 0.146801
v -3.217653 0.437715 0.142448
v -3.215482 0.440133 0.137144
v -3.213868 0.441930 0.131093
v -3.212875 0.443037 0.124528
v -3.212539 0.443411 0.117699
v -3.212875 0.443037 0.110871
v -3.213868 0.441930 0.104306
v -3.215482 0.440133 0.098255
v -3.217653 0.437715 0.092951
v -3.220299 0.434769 0.088598
v -3.223318 0.431407 0.085364
v -3.226593 0.427759 0.083372
v -3.226215 0.426579 0.152027
v -3.222575 0.429091 0.150035
v -3.219221 0.431407 0.146801
v -3.216281 0.433437 0.142448
v -3.213868 0.435102 0.137144
v -3.212075 0.436340 0.131093
v -3.210971 0.437102 0.124528
v -3.210598 0.437360 0.117699
v -3.210971 0.437102 0.110871
v -3.212075 0.436340 0.104306
v -3.213868 0.435102 0.098255
v -3.216281 0.433437 0.092951
v -3.219221 0.431407 0.088598
v -3.222575 0.429091 0.085364
v -3.226215 0.426579 0.083372
v -3.225982 0.425298 0.152027
v -3.222118 0.426579 0.150035
v -3.218557 0.427759 0.146801
v -3.215436 0.428794 0.142448
v -3.212875 0.429643 0.137144
v -3.210971 0.430274 0.131093
v -3.209799 0.430663 0.124528
v -3.209404 0.430794 0.117699
v -3.209799 0.430663 0.110871
v -3.210971 0.430274 0.104306
v -3.212875 0.429643 0.098255
v -3.215436 0.428794 0.092951
v -3.218557 0.427759 0.088598
v -3.222118 0.426579 0.085364
v -3.225982 0.425298 0.083372
v -3.225903 0.423966 0.152027
v -3.221964 0.423966 0.150035
v -3.218333 0.423966 0.146801
v -3.215151 0.423966 0.142448
v -3.212539 0.423966 0.137144
v -3.210598 0.423966 0.131093
v -3.209404 0.423966 0.124528
v -3.209000 0.423966 0.117699
v -3.209404 0.423966 0.110871
v -3.210598 0.423966 0.104306
v -3.212539 0.423966 0.098255
v -3.215151 0.423966 0.092951
v -3.218333 0.423966 0.088598
v -3.221964 0.423966 0.085364
v -3.225903 0.423966 0.083372
v -3.225982 0.422633 0.152027
v -3.222118 0.421353 0.150035
v -3.218557 0.420172 0.146801
v -3.215436 0.419137 0.142448
v -3.212875 0.418288 0.137144
v -3.210971 0.417657 0.131093
v -3.209799 0.417269 0.124528
v -3.209404 0.417137 0.117699
v -3.209799 0.417269 0.110871
v -3.210971 0.417657 0.104306
v -3.212875 0.418288 0.098255
v -3.215436 0.419137 0.092951
v -3.218557 0.420172 0.088598
v -3.222118 0.421353 0.085364
v -3.225982 0.422633 0.083372
v -3.226215 0.421353 0.152027
v -3.222575 0.418840 0.150035
v -3.219221 0.416524 0.146801
v -3.216281 0.414495 0.142448
v -3.213868 0.412829 0.137144
v -3.212075 0.411591 0.131093
v -3.210971 0.410829 0.124528
v -3.210598 0.410572 0.117699
v -3.210971 0.410829 0.110871
v -3.212075 0.411591 0.104306
v -3.213868 0.412829 0.098255
v -3.216281 0.414495 0.092951
v -3.219221 0.416524 0.088598
v -3.222575 0.418840 0.085364
v -3.226215 0.421353 0.083372
v -3.226593 0.420172 0.152027
v -3.223318 0.416524 0.150035
v -3.220299 0.413163 0.146801
v -3.217653 0.410216 0.142448
v -3.215482 0.407798 0.137144
v -3.213868 0.406001 0.131093
v -3.212875 0.404894 0.124528
v -3.212539 0.404521 0.117699
v -3.212875 0.404894 0.110871
v -3.213868 0.406001 0.104306
v -3.215482 0.407798 0.098255
v -3.217653 0.410216 0.092951
v -3.220299 0.413163 0.088598
v -3.223318 0.416524 0.085364
v -3.226593 0.420172 0.083372
v -3.227103 0.419137 0.152027
v -3.224318 0.414495 0.150035
v -3.221750 0.410216 0.146801
v -3.219500 0.406466 0.142448
v -3.217653 0.403388 0.137144
v -3.216281 0.401101 0.131093
v -3.215436 0.399692 0.124528
v -3.215151 0.399217 0.117699
v -3.215436 0.399692 0.110871
v -3.216281 0.401101 0.104306
v -3.217653 0.403388 0.098255
v -3.219500 0.406466 0.092951
v -3.221750 0.410216 0.088598
v -3.224318 0.414495 0.085364
v -3.227103 0.419137 0.083372
v -3.227724 0.418288 0.152027
v -3.225535 0.412829 0.150035
v -3.223518 0.407798 0.146801
v -3.221750 0.403388 0.142448
v -3.220299 0.399769 0.137144
v -3.219221 0.397079 0.131093
v -3.218557 0.395423 0.124528
v -3.218333 0.394864 0.117699
v -3.218557 0.395423 0.110871
v -3.219221 0.397079 0.104306
v -3.220299 0.399769 0.098255
v -3.221750 0.403388 0.092951
v -3.223518 0.407798 0.088598
v -3.225535 0.412829 0.085364
v -3.227724 0.418288 0.083372
v -3.228432 0.417657 0.152027
v -3.226925 0.411591 0.150035
v -3.225535 0.406001 0.146801
v -3.224318 0.401101 0.142448
v -3.223318 0.397079 0.137144
v -3.222575 0.394091 0.131093
v -3.222118 0.392251 0.124528
v -3.221964 0.391630 0.117699
v -3.222118 0.392251 0.110871
v -3.222575 0.394091 0.104306
v -3.223318 0.397079 0.098255
v -3.224318 0.401101 0.092951
v -3.225535 0.406001 0.088598
v -3.226925 0.411591 0.085364
v -3.228432 0.417657 0.083372
v -3.229201 0.417269 0.152027
v -3.228432 0.410829 0.150035
v -3.227724 0.404894 0.146801
v -3.227103 0.399692 0.142448
v -3.226593 0.395423 0.137144
v -3.226215 0.392251 0.131093
v -3.225982 0.390298 0.124528
v -3.225903 0.389638 0.117699
v -3.225982 0.390298 0.110871
v -3.226215 0.392251 0.104306
v -3.226593 0.395423 0.098255
v -3.227103 0.399692 0.092951
v -3.227724 0.404894 0.088598
v -3.228432 0.410829 0.085364
v -3.229201 0.417269 0.083372
v -3.230000 0.417137 0.152027
v -3.230000 0.410572 0.150035
v -3.230000 0.404521 0.146801
v -3.230000 0.399217 0.142448
v -3.230000 0.394864 0.137144
v -3.230000 0.391630 0.131093
v -3.230000 0.389638 0.124528
v -3.230000 0.388966 0.117699
v -3.230000 0.389638 0.110871
v -3.230000 0.391630 0.104306
v -3.230000 0.394864 0.098255
v -3.230000 0.399217 0.092951
v -3.230000 0.404521 0.088598
v -3.230000 0.410572 0.085364
v -3.230000 0.417137 0.083372
v -3.230799 0.417269 0.152027
v -3.231568 0.410829 0.150035
v -3.232276 0.404894 0.146801
v -3.232897 0.399692 0.142448
v -3.233407 0.395423 0.137144
v -3.233785 0.392251 0.131093
v -3.234018 0.390298 0.124528
v -3.234097 0.389638 0.117699
v -3.234018 0.390298 0.110871
v -3.233785 0.392251 0.104306
v -3.233407 0.395423 0.098255
v -3.232897 0.399692 0.092951
v -3.232276 0.404894 0.088598
v -3.231568 0.410829 0.085364
v -3.230799 0.417269 0.083372
v -3.231568 0.417657 0.152027
v -3.233075 0.411591 0.150035
v -3.234465 0.406001 0.146801
v -3.235682 0.401101 0.142448
v -3.236682 0.397079 0.137144
v -3.237425 0.394091 0.131093
v -3.237882 0.392251 0.124528
v -3.238036 0.391630 0.117699
v -3.237882 0.392251 0.110871
v -3.237425 0.394091 0.104306
v -3.236682 0.397079 0.098255
v -3.235682 0.401101 0.092951
v -3.234465 0.406001 0.088598
v -3.233075 0.411591 0.085364
v -3.231568 0.417657 0.083372
v -3.232276 0.418288 0.152027
v -3.234465 0.412829 0.150035
v -3.236482 0.407798 0.146801
v -3.238250 0.403388 0.142448
v -3.239701 0.399769 0.137144
v -3.240779 0.397079 0.131093
v -3.241443 0.395423 0.124528
v -3.241667 0.394864 0.117699
v -3.241443 0.395423 0.110871
v -3.240779 0.397079 0.104306
v -3.239701 0.399769 0.098255
v -3.238250 0.403388 0.092951
v -3.236482 0.407798 0.088598
v -3.234465 0.412829 0.085364
v -3.232276 0.418288 0.083372
v -3.232897 0.419137 0.152027
v -3.235682 0.414495 0.150035
v -3.238250 0.410216 0.146801
v -3.240500 0.406466 0.142448
v -3.242347 0.403388 0.137144
v -3.243719 0.401101 0.131093
v -3.244564 0.399692 0.124528
v -3.244849 0.399217 0.117699
v -3.244564 0.399692 0.110871
v -3.243719 0.401101 0.104306
v -3.242347 0.403388 0.098255
v -3.240500 0.406466 0.092951
v -3.238250 0.410216 0.088598
v -3.235682 0.414495 0.085364
v -3.232897 0.419137 0.083372
v -3.233407 0.420172 0.152027
v -3.236682 0.416524 0.150035
v -3.239701 0.413163 0.146801
v -3.242347 0.410216 0.142448
v -3.244518 0.407798 0.137144
v -3.246132 0.406001 0.131093
v -3.247125 0.404894 0.124528
v -3.247461 0.404521 0.117699
v -3.247125 0.404894 0.110871
v -3.246132 0.406001 0.104306
v -3.244518 0.407798 0.098255
v -3.242347 0.410216 0.092951
v -3.239701 0.413163 0.088598
v -3.236682 0.416524 0.085364
v -3.233407 0.420172 0.083372
v -3.233785 0.421353 0.152027
v -3.237425 0.418840 0.150035
v -3.240779 0.416524 0.146801
v -3.243719 0.414495 0.142448
v -3.246132 0.412829 0.137144
v -3.247925 0.411591 0.131093
v -3.249029 0.410829 0.124528
v -3.249402 0.410572 0.117699
v -3.249029 0.410829 0.110871
v -3.247925 0.411591 0.104306
v -3.246132 0.412829 0.098255
v -3.243719 0.414495 0.092951
v -3.240779 0.416524 0.088598
v -3.237425 0.418840 0.085364
v -3.233785 0.421353 0.083372
v -3.234018 0.422633 0.152027
v -3.237882 0.421353 0.150035
v -3.241443 0.420172 0.146801
v -3.244564 0.419137 0.142448
v -3.247125 0.418288 0.137144
v -3.249029 0.417657 0.131093
v -3.250201 0.417269 0.124528
v -3.250597 0.417137 0.117699
v -3.250201 0.417269 0.110871
v -3.249029 0.417657 0.104306
v -3.247125 0.418288 0.098255
v -3.244564 0.419137 0.092951
v -3.241443 0.420172 0.088598
v -3.237882 0.421353 0.085364
v -3.234018 0.422633 0.083372
v -3.234097 0.423966 0.152027
v -3.238036 0.423966 0.150035
v -3.241667 0.423966 0.146801
v -3.244849 0.423966 0.142448
v -3.247461 0.423966 0.137144
v -3.249402 0.423966 0.131093
v -3.250597 0.423966 0.124528
v -3.251000 0.423966 0.117699
v -3.250597 0.423966 0.110871
v -3.249402 0.423966 0.104306
v -3.247461 0.423966 0.098255
v -3.244849 0.423966 0.092951
v -3.241667 0.423966 0.088598
v -3.238036 0.423966 0.085364
v -3.234097 0.423966 0.083372
v -3.234018 0.425298 0.152027
v -3.237882 0.426579 0.150035
v -3.241443 0.427759 0.146801
v -3.244564 0.428794 0.142448
v -3.247125 0.429643 0.137144
v -3.249029 0.430274 0.131093
v -3.250201 0.430663 0.124528
v -3.250597 0.430794 0.117699
v -3.250201 0.430663 0.110871
v -3.249029 0.430274 0.104306
v -3.247125 0.429643 0.098255
v -3.244564 0.428794 0.092951
v -3.241443 0.427759 0.088598
v -3.237882 0.426579 0.085364
v -3.234018 0.425298 0.083372
v -3.233785 0.426579 0.152027
v -3.237425 0.429091 0.150035
v -3.240779 0.431407 0.146801
v -3.243719 0.433437 0.142448
v -3.246132 0.435102 0.137144
v -3.247925 0.436340 0.131093
v -3.249029 0.437102 0.124528
v -3.249402 0.437360 0.117699
v -3.249029 0.437102 0.110871
v -3.247925 0.436340 0.104306
v -3.246132 0.435102 0.098255
v -3.243719 0.433437 0.092951
v -3.240779 0.431407 0.088598
v -3.237425 0.429091 0.085364
v -3.233785 0.426579 0.083372
v -3.233407 0.427759 0.152027
v -3.236682 0.431407 0.150035
v -3.239701 0.434769 0.146801
v -3.242347 0.437715 0.142448
v -3.244518 0.440133 0.137144
v -3.246132 0.441930 0.131093
v -3.247125 0.443037 0.124528
v -3.247461 0.443411 0.117699
v -3.247125 0.443037 0.110871
v -3.246132 0.441930 0.104306
v -3.244518 0.440133 0.098255
v -3.242347 0.437715 0.092951
v -3.239701 0.434769 0.088598
v -3.236682 0.431407 0.085364
v -3.233407 0.427759 0.083372
v -3.232897 0.428794 0.152027
v -3.235682 0.433437 0.150035
v -3.238250 0.437715 0.146801
v -3.240500 0.441466 0.142448
v -3.242347 0.444543 0.137144
v -3.243719 0.446830 0.131093
v -3.244564 0.448239 0.124528
v -3.244849 0.448714 0.117699
v -3.244564 0.448239 0.110871
v -3.243719 0.446830 0.104306
v -3.242347 0.444543 0.098255
v -3.240500 0.441466 0.092951
v -3.238250 0.437715 0.088598
v -3.235682 0.433437 0.085364
v -3.232897 0.428794 0.083372
v -3.232276 0.429643 0.152027
v -3.234465 0.435102 0.150035
v -3.236482 0.440133 0.146801
v -3.238250 0.444543 0.142448
v -3.239701 0.448163 0.137144
v -3.240779 0.450852 0.131093
v -3.241443 0.452508 0.124528
v -3.241667 0.453067 0.117699
v -3.241443 0.452508 0.110871
v -3.240779 0.450852 0.104306
v -3.239701 0.448163 0.098255
v -3.238250 0.444543 0.092951
v -3.236482 0.440133 0.088598
v -3.234465 0.435102 0.085364
v -3.232276 0.429643 0.083372
v -3.231568 0.430274 0.152027
v -3.233075 0.436340 0.150035
v -3.234465 0.441930 0.146801
v -3.235682 0.446830 0.142448
v -3.236682 0.450852 0.137144
v -3.237425 0.453840 0.131093
v -3.237882 0.455680 0.124528
v -3.238036 0.456301 0.117699
v -3.237882 0.455680 0.110871
v -3.237425 0.453840 0.104306
v -3.236682 0.450852 0.098255
v -3.235682 0.446830 0.092951
v -3.234465 0.441930 0.088598
v -3.233075 0.436340 0.085364
v -3.231568 0.430274 0.083372
v -3.230799 0.430663 0.152027
v -3.231568 0.437102 0.150035
v -3.232276 0.443037 0.146801
v -3.232897 0.448239 0.142448
v -3.233407 0.452508 0.137144
v -3.233785 0.455680 0.131093
v -3.234018 0.457633 0.124528
v -3.234097 0.458293 0.117699
v -3.234018 0.457633 0.110871
v -3.233785 0.455680 0.104306
v -3.233407 0.452508 0.098255
v -3.232897 0.448239 0.092951
v -3.232276 0.443037 0.088598
v -3.231568 0.437102 0.085364
v -3.230799 0.430663 0.083372
v -3.230000 0.430794 0.152027
v -3.230000 0.437360 0.150035
v -3.230000 0.453067 0.137144
v -3.230000 0.448714 0.092951
v -3.230000 0.437360 0.085364
v -3.230000 0.430794 0.083372
v -3.230000 0.436333 -0.011692
v -3.230000 0.445112 -0.012556
v -3.230000 0.461333 -0.019275
v -3.230000 0.468152 -0.024872
v -3.230000 0.477907 -0.039471
v -3.230000 0.481333 -0.056692
v -3.230000 0.477907 -0.073912
v -3.230000 0.468152 -0.088511
v -3.230000 0.436333 -0.101692
v -3.228972 0.444943 -0.012556
v -3.227984 0.453222 -0.015117
v -3.227074 0.460853 -0.019275
v -3.226275 0.467541 -0.024872
v -3.225620 0.473030 -0.031691
v -3.225134 0.477108 -0.039471
v -3.224834 0.479620 -0.047913
v -3.224733 0.480468 -0.056692
v -3.224834 0.479620 -0.065471
v -3.225134 0.477108 -0.073912
v -3.225620 0.473030 -0.081692
v -3.226275 0.467541 -0.088511
v -3.227074 0.460853 -0.094108
v -3.227984 0.453222 -0.098266
v -3.228972 0.444943 -0.100827
v -3.227984 0.444443 -0.012556
v -3.226046 0.452242 -0.015117
v -3.224260 0.459430 -0.019275
v -3.222694 0.465730 -0.024872
v -3.221409 0.470901 -0.031691
v -3.220454 0.474742 -0.039471
v -3.219866 0.477108 -0.047913
v -3.219668 0.477907 -0.056692
v -3.219866 0.477108 -0.065471
v -3.220454 0.474742 -0.073912
v -3.221409 0.470901 -0.081692
v -3.222694 0.465730 -0.088511
v -3.224260 0.459430 -0.094108
v -3.226046 0.452242 -0.098266
v -3.227984 0.444443 -0.100827
v -3.227074 0.443632 -0.012556
v -3.224260 0.450651 -0.015117
v -3.221666 0.457120 -0.019275
v -3.219393 0.462790 -0.024872
v -3.217528 0.467443 -0.031691
v -3.216141 0.470901 -0.039471
v -3.215288 0.473030 -0.047913
v -3.215000 0.473749 -0.056692
v -3.215288 0.473030 -0.065471
v -3.216141 0.470901 -0.073912
v -3.217528 0.467443 -0.081692
v -3.219393 0.462790 -0.088511
v -3.221666 0.457120 -0.094108
v -3.224260 0.450651 -0.098266
v -3.227074 0.443632 -0.100827
v -3.226275 0.442540 -0.012556
v -3.222694 0.448509 -0.015117
v -3.219393 0.454011 -0.019275
v -3.216500 0.458833 -0.024872
v -3.214126 0.462790 -0.031691
v -3.212361 0.465730 -0.039471
v -3.211275 0.467541 -0.047913
v -3.210908 0.468152 -0.056692
v -3.211275 0.467541 -0.065471
v -3.212361 0.465730 -0.073912
v -3.214126 0.462790 -0.081692
v -3.216500 0.458833 -0.088511
v -3.219393 0.454011 -0.094108
v -3.222694 0.448509 -0.098266
v -3.226275 0.442540 -0.100827
v -3.225620 0.441210 -0.012556
v -3.221409 0.445900 -0.015117
v -3.217528 0.450222 -0.019275
v -3.214126 0.454011 -0.024872
v -3.211334 0.457120 -0.031691
v -3.209259 0.459430 -0.039471
v -3.207982 0.460853 -0.047913
v -3.207550 0.461333 -0.056692
v -3.207982 0.460853 -0.065471
v -3.209259 0.459430 -0.073912
v -3.211334 0.457120 -0.081692
v -3.214126 0.454011 -0.088511
v -3.217528 0.450222 -0.094108
v -3.221409 0.445900 -0.098266
v -3.225620 0.441210 -0.100827
v -3.225134 0.439692 -0.012556
v -3.220454 0.442923 -0.015117
v -3.216141 0.445900 -0.019275
v -3.212361 0.448509 -0.024872
v -3.209259 0.450651 -0.031691
v -3.206954 0.452242 -0.039471
v -3.205535 0.453222 -0.047913
v -3.205055 0.453553 -0.056692
v -3.205535 0.453222 -0.065471
v -3.206954 0.452242 -0.073912
v -3.209259 0.450651 -0.081692
v -3.212361 0.448509 -0.088511
v -3.216141 0.445900 -0.094108
v -3.220454 0.442923 -0.098266
v -3.225134 0.439692 -0.100827
v -3.224834 0.438045 -0.012556
v -3.219866 0.439692 -0.015117
v -3.215288 0.441210 -0.019275
v -3.211275 0.442540 -0.024872
v -3.207982 0.443632 -0.031691
v -3.205535 0.444443 -0.039471
v -3.204028 0.444943 -0.047913
v -3.203519 0.445112 -0.056692
v -3.204028 0.444943 -0.065471
v -3.205535 0.444443 -0.073912
v -3.207982 0.443632 -0.081692
v -3.211275 0.442540 -0.088511
v -3.215288 0.441210 -0.094108
v -3.219866 0.439692 -0.098266
v -3.224834 0.438045 -0.100827
v -3.224733 0.436333 -0.012556
v -3.219668 0.436333 -0.015117
v -3.215000 0.436333 -0.019275
v -3.210908 0.436333 -0.024872
v -3.207550 0.436333 -0.031691
v -3.205055 0.436333 -0.039471
v -3.203519 0.436333 -0.047913
v -3.203000 0.436333 -0.056692
v -3.203519 0.436333 -0.065471
v -3.205055 0.436333 -0.073912
v -3.207550 0.436333 -0.081692
v -3.210908 0.436333 -0.088511
v -3.215000 0.436333 -0.094108
v -3.219668 0.436333 -0.098266
v -3.224733 0.436333 -0.100827
v -3.224834 0.434620 -0.012556
v -3.219866 0.432973 -0.015117
v -3.215288 0.431455 -0.019275
v -3.211275 0.430125 -0.024872
v -3.207982 0.429033 -0.031691
v -3.205535 0.428222 -0.039471
v -3.204028 0.427722 -0.047913
v -3.203519 0.427553 -0.056692
v -3.204028 0.427722 -0.065471
v -3.205535 0.428222 -0.073912
v -3.207982 0.429033 -0.081692
v -3.211275 0.430125 -0.088511
v -3.215288 0.431455 -0.094108
v -3.219866 0.432973 -0.098266
v -3.224834 0.434620 -0.100827
v -3.225134 0.432973 -0.012556
v -3.220454 0.429742 -0.015117
v -3.216141 0.426765 -0.019275
v -3.212361 0.424156 -0.024872
v -3.209259 0.422014 -0.031691
v -3.206954 0.420423 -0.039471
v -3.205535 0.419443 -0.047913
v -3.205055 0.419112 -0.056692
v -3.205535 0.419443 -0.065471
v -3.206954 0.420423 -0.073912
v -3.209259 0.422014 -0.081692
v -3.212361 0.424156 -0.088511
v -3.216141 0.426765 -0.094108
v -3.220454 0.429742 -0.098266
v -3.225134 0.432973 -0.100827
v -3.225620 0.431455 -0.012556
v -3.221409 0.426765 -0.015117
v -3.217528 0.422443 -0.019275
v -3.214126 0.418654 -0.024872
v -3.211334 0.415545 -0.031691
v -3.209259 0.413235 -0.039471
v -3.207982 0.411812 -0.047913
v -3.207550 0.411332 -0.056692
v -3.207982 0.411812 -0.065471
v -3.209259 0.413235 -0.073912
v -3.211334 0.415545 -0.081692
v -3.214126 0.418654 -0.088511
v -3.217528 0.422443 -0.094108
v -3.221409 0.426765 -0.098266
v -3.225620 0.431455 -0.100827
v -3.226275 0.430125 -0.012556
v -3.222694 0.424156 -0.015117
v -3.219393 0.418654 -0.019275
v -3.216500 0.413833 -0.024872
v -3.214126 0.409875 -0.031691
v -3.212361 0.406935 -0.039471
v -3.211275 0.405124 -0.047913
v -3.210908 0.404513 -0.056692
v -3.211275 0.405124 -0.065471
v -3.212361 0.406935 -0.073912
v -3.214126 0.409875 -0.081692
v -3.216500 0.413833 -0.088511
v -3.219393 0.418654 -0.094108
v -3.222694 0.424156 -0.098266
v -3.226275 0.430125 -0.100827
v -3.227074 0.429033 -0.012556
v -3.224260 0.422014 -0.015117
v -3.221666 0.415545 -0.019275
v -3.219393 0.409875 -0.024872
v -3.217528 0.405222 -0.031691
v -3.216141 0.401765 -0.039471
v -3.215288 0.399635 -0.047913
v -3.215000 0.398916 -0.056692
v -3.215288 0.399635 -0.065471
v -3.216141 0.401765 -0.073912
v -3.217528 0.405222 -0.081692
v -3.219393 0.409875 -0.088511
v -3.221666 0.415545 -0.094108
v -3.224260 0.422014 -0.098266
v -3.227074 0.429033 -0.100827
v -3.227984 0.428222 -0.012556
v -3.226046 0.420423 -0.015117
v -3.224260 0.413235 -0.019275
v -3.222694 0.406935 -0.024872
v -3.221409 0.401765 -0.031691
v -3.220454 0.397923 -0.039471
v -3.219866 0.395557 -0.047913
v -3.219668 0.394758 -0.056692
v -3.219866 0.395557 -0.065471
v -3.220454 0.397923 -0.073912
v -3.221409 0.401765 -0.081692
v -3.222694 0.406935 -0.088511
v -3.224260 0.413235 -0.094108
v -3.226046 0.420423 -0.098266
v -3.227984 0.428222 -0.100827
v -3.228972 0.427722 -0.012556
v -3.227984 0.419443 -0.015117
v -3.227074 0.411812 -0.019275
v -3.226275 0.405124 -0.024872
v -3.225620 0.399635 -0.031691
v -3.225134 0.395557 -0.039471
v -3.224834 0.393045 -0.047913
v -3.224733 0.392197 -0.056692
v -3.224834 0.393045 -0.065471
v -3.225134 0.395557 -0.073912
v -3.225620 0.399635 -0.081692
v -3.226275 0.405124 -0.088511
v -3.227074 0.411812 -0.094108
v -3.227984 0.419443 -0.098266
v -3.228972 0.427722 -0.100827
v -3.230000 0.427553 -0.012556
v -3.230000 0.419112 -0.015117
v -3.230000 0.411332 -0.019275
v -3.230000 0.404513 -0.024872
v -3.230000 0.398916 -0.031691
v -3.230000 0.394758 -0.039471
v -3.230000 0.392197 -0.047913
v -3.230000 0.391333 -0.056692
v -3.230000 0.392197 -0.065471
v -3.230000 0.394758 -0.073912
v -3.230000 0.398916 -0.081692
v -3.230000 0.404513 -0.088511
v -3.230000 0.411332 -0.094108
v -3.230000 0.419112 -0.098266
v -3.230000 0.427553 -0.100827
v -3.231028 0.427722 -0.012556
v -3.232016 0.419443 -0.015117
v -3.232926 0.411812 -0.019275
v -3.233725 0.405124 -0.024872
v -3.234380 0.399635 -0.031691
v -3.234866 0.395557 -0.039471
v -3.235166 0.393045 -0.047913
v -3.235267 0.392197 -0.056692
v -3.235166 0.393045 -0.065471
v -3.234866 0.395557 -0.073912
v -3.234380 0.399635 -0.081692
v -3.233725 0.405124 -0.088511
v -3.232926 0.411812 -0.094108
v -3.232016 0.419443 -0.098266
v -3.231028 0.427722 -0.100827
v -3.232016 0.428222 -0.012556
v -3.233954 0.420423 -0.015117
v -3.235740 0.413235 -0.019275
v -3.237306 0.406935 -0.024872
v -3.238591 0.401765 -0.031691
v -3.239546 0.397923 -0.039471
v -3.240134 0.395557 -0.047913
v -3.240332 0.394758 -0.056692
v -3.240134 0.395557 -0.065471
v -3.239546 0.397923 -0.073912
v -3.238591 0.401765 -0.081692
v -3.237306 0.406935 -0.088511
v -3.235740 0.413235 -0.094108
v -3.233954 0.420423 -0.098266
v -3.232016 0.428222 -0.100827
v -3.232926 0.429033 -0.012556
v -3.235740 0.422014 -0.015117
v -3.238334 0.415545 -0.019275
v -3.240607 0.409875 -0.024872
v -3.242472 0.405222 -0.031691
v -3.243859 0.401765 -0.039471
v -3.244712 0.399635 -0.047913
v -3.245000 0.398916 -0.056692
v -3.244712 0.399635 -0.065471
v -3.243859 0.401765 -0.073912
v -3.242472 0.405222 -0.081692
v -3.240607 0.409875 -0.088511
v -3.238334 0.415545 -0.094108
v -3.235740 0.422014 -0.098266
v -3.232926 0.429033 -0.100827
v -3.233725 0.430125 -0.012556
v -3.237306 0.424156 -0.015117
v -3.240607 0.418654 -0.019275
v -3.243500 0.413833 -0.024872
v -3.245874 0.409875 -0.031691
v -3.247639 0.406935 -0.039471
v -3.248725 0.405124 -0.047913
v -3.249092 0.404513 -0.056692
v -3.248725 0.405124 -0.065471
v -3.247639 0.406935 -0.073912
v -3.245874 0.409875 -0.081692
v -3.243500 0.413833 -0.088511
v -3.240607 0.418654 -0.094108
v -3.237306 0.424156 -0.098266
v -3.233725 0.430125 -0.100827
v -3.234380 0.431455 -0.012556
v -3.238591 0.426765 -0.015117
v -3.242472 0.422443 -0.019275
v -3.245874 0.418654 -0.024872
v -3.248666 0.415545 -0.031691
v -3.250741 0.413235 -0.039471
v -3.252018 0.411812 -0.047913
v -3.252450 0.411332 -0.056692
v -3.252018 0.411812 -0.065471
v -3.250741 0.413235 -0.073912
v -3.248666 0.415545 -0.081692
v -3.245874 0.418654 -0.088511
v -3.242472 0.422443 -0.094108
v -3.238591 0.426765 -0.098266
v -3.234380 0.431455 -0.100827
v -3.234866 0.432973 -0.012556
v -3.239546 0.429742 -0.015117
v -3.243859 0.426765 -0.019275
v -3.247639 0.424156 -0.024872
v -3.250741 0.422014 -0.031691
v -3.253046 0.420423 -0.039471
v -3.254465 0.419443 -0.047913
v -3.254945 0.419112 -0.056692
v -3.254465 0.419443 -0.065471
v -3.253046 0.420423 -0.073912
v -3.250741 0.422014 -0.081692
v -3.247639 0.424156 -0.088511
v -3.243859 0.426765 -0.094108
v -3.239546 0.429742 -0.098266
v -3.234866 0.432973 -0.100827
v -3.235166 0.434620 -0.012556
v -3.240134 0.432973 -0.015117
v -3.244712 0.431455 -0.019275
v -3.248725 0.430125 -0.024872
v -3.252018 0.429033 -0.031691
v -3.254465 0.428222 -0.039471
v -3.255972 0.427722 -0.047913
v -3.256481 0.427553 -0.056692
v -3.255972 0.427722 -0.065471
v -3.254465 0.428222 -0.073912
v -3.252018 0.429033 -0.081692
v -3.248725 0.430125 -0.088511
v -3.244712 0.431455 -0.094108
v -3.240134 0.432973 -0.098266
v -3.235166 0.434620 -0.100827
v -3.235267 0.436333 -0.012556
v -3.240332 0.436333 -0.015117
v -3.245000 0.436333 -0.019275
v -3.249092 0.436333 -0.024872
v -3.252450 0.436333 -0.031691
v -3.254945 0.436333 -0.039471
v -3.256481 0.436333 -0.047913
v -3.257000 0.436333 -0.056692
v -3.256481 0.436333 -0.065471
v -3.254945 0.436333 -0.073912
v -3.252450 0.436333 -0.081692
v -3.249092 0.436333 -0.088511
v -3.245000 0.436333 -0.094108
v -3.240332 0.436333 -0.098266
v -3.235267 0.436333 -0.100827
v -3.235166 0.438045 -0.012556
v -3.240134 0.439692 -0.015117
v -3.244712 0.441210 -0.019275
v -3.248725 0.442540 -0.024872
v -3.252018 0.443632 -0.031691
v -3.254465 0.444443 -0.039471
v -3.255972 0.444943 -0.047913
v -3.256481 0.445112 -0.056692
v -3.255972 0.444943 -0.065471
v -3.254465 0.444443 -0.073912
v -3.252018 0.443632 -0.081692
v -3.248725 0.442540 -0.088511
v -3.244712 0.441210 -0.094108
v -3.240134 0.439692 -0.098266
v -3.235166 0.438045 -0.100827
v -3.234866 0.439692 -0.012556
v -3.239546 0.442923 -0.015117
v -3.243859 0.445900 -0.019275
v -3.247639 0.448509 -0.024872
v -3.250741 0.450651 -0.031691
v -3.253046 0.452242 -0.039471
v -3.254465 0.453222 -0.047913
v -3.254945 0.453553 -0.056692
v -3.254465 0.453222 -0.065471
v -3.253046 0.452242 -0.073912
v -3.250741 0.450651 -0.081692
v -3.247639 0.448509 -0.088511
v -3.243859 0.445900 -0.094108
v -3.239546 0.442923 -0.098266
v -3.234866 0.439692 -0.100827
v -3.234380 0.441210 -0.012556
v -3.238591 0.445900 -0.015117
v -3.242472 0.450222 -0.019275
v -3.245874 0.454011 -0.024872
v -3.248666 0.457120 -0.031691
v -3.250741 0.459430 -0.039471
v -3.252018 0.460853 -0.047913
v -3.252450 0.461333 -0.056692
v -3.252018 0.460853 -0.065471
v -3.250741 0.459430 -0.073912
v -3.248666 0.457120 -0.081692
v -3.245874 0.454011 -0.088511
v -3.242472 0.450222 -0.094108
v -3.238591 0.445900 -0.098266
v -3.234380 0.441210 -0.100827
v -3.233725 0.442540 -0.012556
v -3.237306 0.448509 -0.015117
v -3.240607 0.454011 -0.019275
v -3.243500 0.458833 -0.024872
v -3.245874 0.462790 -0.031691
v -3.247639 0.465730 -0.039471
v -3.248725 0.467541 -0.047913
v -3.249092 0.468152 -0.056692
v -3.248725 0.467541 -0.065471
v -3.247639 0.465730 -0.073912
v -3.245874 0.462790 -0.081692
v -3.243500 0.458833 -0.088511
v -3.240607 0.454011 -0.094108
v -3.237306 0.448509 -0.098266
v -3.233725 0.442540 -0.100827
v -3.232926 0.443632 -0.012556
v -3.235740 0.450651 -0.015117
v -3.238334 0.457120 -0.019275
v -3.240607 0.462790 -0.024872
v -3.242472 0.467443 -0.031691
v -3.243859 0.470901 -0.039471
v -3.244712 0.473030 -0.047913
v -3.245000 0.473749 -0.056692
v -3.244712 0.473030 -0.065471
v -3.243859 0.470901 -0.073912
v -3.242472 0.467443 -0.081692
v -3.240607 0.462790 -0.088511
v -3.238334 0.457120 -0.094108
v -3.235740 0.450651 -0.098266
v -3.232926 0.443632 -0.100827
v -3.232016 0.444443 -0.012556
v -3.233954 0.452242 -0.015117
v -3.235740 0.459430 -0.019275
v -3.237306 0.465730 -0.024872
v -3.238591 0.470901 -0.031691
v -3.239546 0.474742 -0.039471
v -3.240134 0.477108 -0.047913
v -3.240332 0.477907 -0.056692
v -3.240134 0.477108 -0.065471
v -3.239546 0.474742 -0.073912
v -3.238591 0.470901 -0.081692
v -3.237306 0.465730 -0.088511
v -3.235740 0.459430 -0.094108
v -3.233954 0.452242 -0.098266
v -3.232016 0.444443 -0.100827
v -3.231028 0.444943 -0.012556
v -3.232016 0.453222 -0.015117
v -3.232926 0.460853 -0.019275
v -3.233725 0.467541 -0.024872
v -3.234380 0.473030 -0.031691
v -3.234866 0.477108 -0.039471
v -3.235166 0.479620 -0.047913
v -3.235267 0.480468 -0.056692
v -3.235166 0.479620 -0.065471
v -3.234866 0.477108 -0.073912
v -3.234380 0.473030 -0.081692
v -3.233725 0.467541 -0.088511
v -3.232926 0.460853 -0.094108
v -3.232016 0.453222 -0.098266
v -3.231028 0.444943 -0.100827
v -3.230000 0.453553 -0.015117
v -3.230000 0.473749 -0.031691
v -3.230000 0.480468 -0.047913
v -3.230000 0.480468 -0.065471
v -3.230000 0.473749 -0.081692
v -3.230000 0.461333 -0.094108
v -3.230000 0.453553 -0.098266
v -3.230000 0.445112 -0.100827
v -3.230000 0.379812 -0.167132
v -3.230000 0.390542 -0.168189
v -3.230000 0.410368 -0.176401
v -3.230000 0.418703 -0.183241
v -3.230000 0.430625 -0.201085
v -3.230000 0.434812 -0.222132
v -3.230000 0.433755 -0.232862
v -3.230000 0.425543 -0.252689
v -3.230000 0.410368 -0.267863
v -3.230000 0.379812 -0.277132
v -3.228744 0.390336 -0.168189
v -3.227536 0.400455 -0.171319
v -3.226423 0.409781 -0.176401
v -3.225448 0.417956 -0.183241
v -3.224647 0.424664 -0.191576
v -3.224052 0.429649 -0.201085
v -3.223686 0.432719 -0.211402
v -3.223562 0.433755 -0.222132
v -3.223686 0.432719 -0.232862
v -3.224052 0.429649 -0.243180
v -3.224647 0.424664 -0.252689
v -3.225448 0.417956 -0.261023
v -3.226423 0.409781 -0.267863
v -3.227536 0.400455 -0.272946
v -3.228744 0.390336 -0.276075
v -3.227536 0.389725 -0.168189
v -3.225167 0.399258 -0.171319
v -3.222984 0.408043 -0.176401
v -3.221070 0.415743 -0.183241
v -3.219500 0.422062 -0.191576
v -3.218333 0.426758 -0.201085
v -3.217614 0.429649 -0.211402
v -3.217371 0.430625 -0.222132
v -3.217614 0.429649 -0.232862
v -3.218333 0.426758 -0.243180
v -3.219500 0.422062 -0.252689
v -3.221070 0.415743 -0.261023
v -3.222984 0.408043 -0.267863
v -3.225167 0.399258 -0.272946
v -3.227536 0.389725 -0.276075
v -3.226423 0.388734 -0.168189
v -3.222984 0.397313 -0.171319
v -3.219814 0.405219 -0.176401
v -3.217036 0.412149 -0.183241
v -3.214756 0.417836 -0.191576
v -3.213062 0.422062 -0.201085
v -3.212018 0.424664 -0.211402
v -3.211666 0.425543 -0.222132
v -3.212018 0.424664 -0.232862
v -3.213062 0.422062 -0.243180
v -3.214756 0.417836 -0.252689
v -3.217036 0.412149 -0.261023
v -3.219814 0.405219 -0.267863
v -3.222984 0.397313 -0.272946
v -3.226423 0.388734 -0.276075
v -3.225448 0.387399 -0.168189
v -3.221070 0.394695 -0.171319
v -3.217036 0.401419 -0.176401
v -3.213500 0.407312 -0.183241
v -3.210598 0.412149 -0.191576
v -3.208442 0.415743 -0.201085
v -3.207114 0.417956 -0.211402
v -3.206666 0.418703 -0.222132
v -3.207114 0.417956 -0.232862
v -3.208442 0.415743 -0.243180
v -3.210598 0.412149 -0.252689
v -3.213500 0.407312 -0.261023
v -3.217036 0.401419 -0.267863
v -3.221070 0.394695 -0.272946
v -3.225448 0.387399 -0.276075
v -3.224647 0.385773 -0.168189
v -3.219500 0.391506 -0.171319
v -3.214756 0.396788 -0.176401
v -3.210598 0.401419 -0.183241
v -3.207186 0.405219 -0.191576
v -3.204650 0.408043 -0.201085
v -3.203089 0.409781 -0.211402
v -3.202562 0.410368 -0.222132
v -3.203089 0.409781 -0.232862
v -3.204650 0.408043 -0.243180
v -3.207186 0.405219 -0.252689
v -3.210598 0.401419 -0.261023
v -3.214756 0.396788 -0.267863
v -3.219500 0.391506 -0.272946
v -3.224647 0.385773 -0.276075
v -3.224052 0.383918 -0.168189
v -3.218333 0.387867 -0.171319
v -3.213062 0.391506 -0.176401
v -3.208442 0.394695 -0.183241
v -3.204650 0.397313 -0.191576
v -3.201833 0.399258 -0.201085
v -3.200098 0.400455 -0.211402
v -3.199512 0.400860 -0.222132
v -3.200098 0.400455 -0.232862
v -3.201833 0.399258 -0.243180
v -3.204650 0.397313 -0.252689
v -3.208442 0.394695 -0.261023
v -3.213062 0.391506 -0.267863
v -3.218333 0.387867 -0.272946
v -3.224052 0.383918 -0.276075
v -3.223686 0.381905 -0.168189
v -3.217614 0.383918 -0.171319
v -3.212018 0.385773 -0.176401
v -3.207114 0.387399 -0.183241
v -3.203089 0.388734 -0.191576
v -3.200098 0.389725 -0.201085
v -3.198256 0.390336 -0.211402
v -3.197634 0.390542 -0.222132
v -3.198256 0.390336 -0.232862
v -3.200098 0.389725 -0.243180
v -3.203089 0.388734 -0.252689
v -3.207114 0.387399 -0.261023
v -3.212018 0.385773 -0.267863
v -3.217614 0.383918 -0.272946
v -3.223686 0.381905 -0.276075
v -3.223562 0.379812 -0.168189
v -3.217371 0.379812 -0.171319
v -3.211666 0.379812 -0.176401
v -3.206666 0.379812 -0.183241
v -3.202562 0.379812 -0.191576
v -3.199512 0.379812 -0.201085
v -3.197634 0.379812 -0.211402
v -3.197000 0.379812 -0.222132
v -3.197634 0.379812 -0.232862
v -3.199512 0.379812 -0.243180
v -3.202562 0.379812 -0.252689
v -3.206666 0.379812 -0.261023
v -3.211666 0.379812 -0.267863
v -3.217371 0.379812 -0.272946
v -3.223562 0.379812 -0.276075
v -3.223686 0.377719 -0.168189
v -3.217614 0.375706 -0.171319
v -3.212018 0.373851 -0.176401
v -3.207114 0.372225 -0.183241
v -3.203089 0.370890 -0.191576
v -3.200098 0.369899 -0.201085
v -3.198256 0.369288 -0.211402
v -3.197634 0.369082 -0.222132
v -3.198256 0.369288 -0.232862
v -3.200098 0.369899 -0.243180
v -3.203089 0.370890 -0.252689
v -3.207114 0.372225 -0.261023
v -3.212018 0.373851 -0.267863
v -3.217614 0.375706 -0.272946
v -3.223686 0.377719 -0.276075
v -3.224052 0.375706 -0.168189
v -3.218333 0.371758 -0.171319
v -3.213062 0.368119 -0.176401
v -3.208442 0.364929 -0.183241
v -3.204650 0.362312 -0.191576
v -3.201833 0.360367 -0.201085
v -3.200098 0.359169 -0.211402
v -3.199512 0.358765 -0.222132
v -3.200098 0.359169 -0.232862
v -3.201833 0.360367 -0.243180
v -3.204650 0.362312 -0.252689
v -3.208442 0.364929 -0.261023
v -3.213062 0.368119 -0.267863
v -3.218333 0.371758 -0.272946
v -3.224052 0.375706 -0.276075
v -3.224647 0.373851 -0.168189
v -3.219500 0.368119 -0.171319
v -3.214756 0.362836 -0.176401
v -3.210598 0.358205 -0.183241
v -3.207186 0.354405 -0.191576
v -3.204650 0.351582 -0.201085
v -3.203089 0.349843 -0.211402
v -3.202562 0.349256 -0.222132
v -3.203089 0.349843 -0.232862
v -3.204650 0.351582 -0.243180
v -3.207186 0.354405 -0.252689
v -3.210598 0.358205 -0.261023
v -3.214756 0.362836 -0.267863
v -3.219500 0.368119 -0.272946
v -3.224647 0.373851 -0.276075
v -3.225448 0.372225 -0.168189
v -3.221070 0.364929 -0.171319
v -3.217036 0.358205 -0.176401
v -3.213500 0.352312 -0.183241
v -3.210598 0.347476 -0.191576
v -3.208442 0.343882 -0.201085
v -3.207114 0.341669 -0.211402
v -3.206666 0.340921 -0.222132
v -3.207114 0.341669 -0.232862
v -3.208442 0.343882 -0.243180
v -3.210598 0.347476 -0.252689
v -3.213500 0.352312 -0.261023
v -3.217036 0.358205 -0.267863
v -3.221070 0.364929 -0.272946
v -3.225448 0.372225 -0.276075
v -3.226423 0.370890 -0.168189
v -3.222984 0.362312 -0.171319
v -3.219814 0.354405 -0.176401
v -3.217036 0.347476 -0.183241
v -3.214756 0.341788 -0.191576
v -3.213062 0.337562 -0.201085
v -3.212018 0.334960 -0.211402
v -3.211666 0.334081 -0.222132
v -3.212018 0.334960 -0.232862
v -3.213062 0.337562 -0.243180
v -3.214756 0.341788 -0.252689
v -3.217036 0.347476 -0.261023
v -3.219814 0.354405 -0.267863
v -3.222984 0.362312 -0.272946
v -3.226423 0.370890 -0.276075
v -3.227536 0.369899 -0.168189
v -3.225167 0.360367 -0.171319
v -3.222984 0.351582 -0.176401
v -3.221070 0.343882 -0.183241
v -3.219500 0.337562 -0.191576
v -3.218333 0.332867 -0.201085
v -3.217614 0.329975 -0.211402
v -3.217371 0.328999 -0.222132
v -3.217614 0.329975 -0.232862
v -3.218333 0.332867 -0.243180
v -3.219500 0.337562 -0.252689
v -3.221070 0.343882 -0.261023
v -3.222984 0.351582 -0.267863
v -3.225167 0.360367 -0.272946
v -3.227536 0.369899 -0.276075
v -3.228744 0.369288 -0.168189
v -3.227536 0.359169 -0.171319
v -3.226423 0.349843 -0.176401
v -3.225448 0.341669 -0.183241
v -3.224647 0.334960 -0.191576
v -3.224052 0.329975 -0.201085
v -3.223686 0.326905 -0.211402
v -3.223562 0.325869 -0.222132
v -3.223686 0.326905 -0.232862
v -3.224052 0.329975 -0.243180
v -3.224647 0.334960 -0.252689
v -3.225448 0.341669 -0.261023
v -3.226423 0.349843 -0.267863
v -3.227536 0.359169 -0.272946
v -3.228744 0.369288 -0.276075
v -3.230000 0.369082 -0.168189
v -3.230000 0.358765 -0.171319
v -3.230000 0.349256 -0.176401
v -3.230000 0.340921 -0.183241
v -3.230000 0.334081 -0.191576
v -3.230000 0.328999 -0.201085
v -3.230000 0.325869 -0.211402
v -3.230000 0.324812 -0.222132
v -3.230000 0.325869 -0.232862
v -3.230000 0.328999 -0.243180
v -3.230000 0.334081 -0.252689
v -3.230000 0.340921 -0.261023
v -3.230000 0.349256 -0.267863
v -3.230000 0.358765 -0.272946
v -3.230000 0.369082 -0.276075
v -3.231256 0.369288 -0.168189
v -3.232464 0.359169 -0.171319
v -3.233577 0.349843 -0.176401
v -3.234552 0.341669 -0.183241
v -3.235353 0.334960 -0.191576
v -3.235948 0.329975 -0.201085
v -3.236314 0.326905 -0.211402
v -3.236438 0.325869 -0.222132
v -3.236314 0.326905 -0.232862
v -3.235948 0.329975 -0.243180
v -3.235353 0.334960 -0.252689
v -3.234552 0.341669 -0.261023
v -3.233577 0.349843 -0.267863
v -3.232464 0.359169 -0.272946
v -3.231256 0.369288 -0.276075
v -3.232464 0.369899 -0.168189
v -3.234833 0.360367 -0.171319
v -3.237016 0.351582 -0.176401
v -3.238930 0.343882 -0.183241
v -3.240500 0.337562 -0.191576
v -3.241667 0.332867 -0.201085
v -3.242386 0.329975 -0.211402
v -3.242629 0.328999 -0.222132
v -3.242386 0.329975 -0.232862
v -3.241667 0.332867 -0.243180
v -3.240500 0.337562 -0.252689
v -3.238930 0.343882 -0.261023
v -3.237016 0.351582 -0.267863
v -3.234833 0.360367 -0.272946
v -3.232464 0.369899 -0.276075
v -3.233577 0.370890 -0.168189
v -3.237016 0.362312 -0.171319
v -3.240186 0.354405 -0.176401
v -3.242964 0.347476 -0.183241
v -3.245244 0.341788 -0.191576
v -3.246938 0.337562 -0.201085
v -3.247982 0.334960 -0.211402
v -3.248334 0.334081 -0.222132
v -3.247982 0.334960 -0.232862
v -3.246938 0.337562 -0.243180
v -3.245244 0.341788 -0.252689
v -3.242964 0.347476 -0.261023
v -3.240186 0.354405 -0.267863
v -3.237016 0.362312 -0.272946
v -3.233577 0.370890 -0.276075
v -3.234552 0.372225 -0.168189
v -3.238930 0.364929 -0.171319
v -3.242964 0.358206 -0.176401
v -3.246500 0.352312 -0.183241
v -3.249402 0.347476 -0.191576
v -3.251558 0.343882 -0.201085
v -3.252886 0.341669 -0.211402
v -3.253335 0.340921 -0.222132
v -3.252886 0.341669 -0.232862
v -3.251558 0.343882 -0.243180
v -3.249402 0.347476 -0.252689
v -3.246500 0.352312 -0.261023
v -3.242964 0.358206 -0.267863
v -3.238930 0.364929 -0.272946
v -3.234552 0.372225 -0.276075
v -3.235353 0.373851 -0.168189
v -3.240500 0.368119 -0.171319
v -3.245244 0.362836 -0.176401
v -3.249402 0.358206 -0.183241
v -3.252814 0.354405 -0.191576
v -3.255350 0.351582 -0.201085
v -3.256911 0.349843 -0.211402
v -3.257438 0.349256 -0.222132
v -3.256911 0.349843 -0.232862
v -3.255350 0.351582 -0.243180
v -3.252814 0.354405 -0.252689
v -3.249402 0.358206 -0.261023
v -3.245244 0.362836 -0.267863
v -3.240500 0.368119 -0.272946
v -3.235353 0.373851 -0.276075
v -3.235948 0.375706 -0.168189
v -3.241667 0.371758 -0.171319
v -3.246938 0.368119 -0.176401
v -3.251558 0.364929 -0.183241
v -3.255350 0.362312 -0.191576
v -3.258167 0.360367 -0.201085
v -3.259902 0.359169 -0.211402
v -3.260488 0.358765 -0.222132
v -3.259902 0.359169 -0.232862
v -3.258167 0.360367 -0.243180
v -3.255350 0.362312 -0.252689
v -3.251558 0.364929 -0.261023
v -3.246938 0.368119 -0.267863
v -3.241667 0.371758 -0.272946
v -3.235948 0.375706 -0.276075
v -3.236314 0.377719 -0.168189
v -3.242386 0.375706 -0.171319
v -3.247982 0.373851 -0.176401
v -3.252886 0.372225 -0.183241
v -3.256911 0.370890 -0.191576
v -3.259902 0.369899 -0.201085
v -3.261744 0.369288 -0.211402
v -3.262366 0.369082 -0.222132
v -3.261744 0.369288 -0.232862
v -3.259902 0.369899 -0.243180
v -3.256911 0.370890 -0.252689
v -3.252886 0.372225 -0.261023
v -3.247982 0.373851 -0.267863
v -3.242386 0.375706 -0.272946
v -3.236314 0.377719 -0.276075
v -3.236438 0.379812 -0.168189
v -3.242629 0.379812 -0.171319
v -3.248334 0.379812 -0.176401
v -3.253335 0.379812 -0.183241
v -3.257438 0.379812 -0.191576
v -3.260488 0.379812 -0.201085
v -3.262366 0.379812 -0.211402
v -3.263000 0.379812 -0.222132
v -3.262366 0.379812 -0.232862
v -3.260488 0.379812 -0.243180
v -3.257438 0.379812 -0.252689
v -3.253335 0.379812 -0.261023
v -3.248334 0.379812 -0.267863
v -3.242629 0.379812 -0.272946
v -3.236438 0.379812 -0.276075
v -3.236314 0.381905 -0.168189
v -3.242386 0.383918 -0.171319
v -3.247982 0.385773 -0.176401
v -3.252886 0.387399 -0.183241
v -3.256911 0.388734 -0.191576
v -3.259902 0.389725 -0.201085
v -3.261744 0.390336 -0.211402
v -3.262366 0.390542 -0.222132
v -3.261744 0.390336 -0.232862
v -3.259902 0.389725 -0.243180
v -3.256911 0.388734 -0.252689
v -3.252886 0.387399 -0.261023
v -3.247982 0.385773 -0.267863
v -3.242386 0.383918 -0.272946
v -3.236314 0.381905 -0.276075
v -3.235948 0.383918 -0.168189
v -3.241667 0.387867 -0.171319
v -3.246938 0.391506 -0.176401
v -3.251558 0.394695 -0.183241
v -3.255350 0.397313 -0.191576
v -3.258167 0.399258 -0.201085
v -3.259902 0.400455 -0.211402
v -3.260488 0.400860 -0.222132
v -3.259902 0.400455 -0.232862
v -3.258167 0.399258 -0.243180
v -3.255350 0.397313 -0.252689
v -3.251558 0.394695 -0.261023
v -3.246938 0.391506 -0.267863
v -3.241667 0.387867 -0.272946
v -3.235948 0.383918 -0.276075
v -3.235353 0.385773 -0.168189
v -3.240500 0.391506 -0.171319
v -3.245244 0.396788 -0.176401
v -3.249402 0.401419 -0.183241
v -3.252814 0.405219 -0.191576
v -3.255350 0.408043 -0.201085
v -3.256911 0.409781 -0.211402
v -3.257438 0.410368 -0.222132
v -3.256911 0.409781 -0.232862
v -3.255350 0.408043 -0.243180
v -3.252814 0.405219 -0.252689
v -3.249402 0.401419 -0.261023
v -3.245244 0.396788 -0.267863
v -3.240500 0.391506 -0.272946
v -3.235353 0.385773 -0.276075
v -3.234552 0.387399 -0.168189
v -3.238930 0.394695 -0.171319
v -3.242964 0.401419 -0.176401
v -3.246500 0.407312 -0.183241
v -3.249402 0.412149 -0.191576
v -3.251558 0.415743 -0.201085
v -3.252886 0.417956 -0.211402
v -3.253335 0.418703 -0.222132
v -3.252886 0.417956 -0.232862
v -3.251558 0.415743 -0.243180
v -3.249402 0.412149 -0.252689
v -3.246500 0.407312 -0.261023
v -3.242964 0.401419 -0.267863
v -3.238930 0.394695 -0.272946
v -3.234552 0.387399 -0.276075
v -3.233577 0.388734 -0.168189
v -3.237016 0.397313 -0.171319
v -3.240186 0.405219 -0.176401
v -3.242964 0.412149 -0.183241
v -3.245244 0.417836 -0.191576
v -3.246938 0.422062 -0.201085
v -3.247982 0.424664 -0.211402
v -3.248334 0.425543 -0.222132
v -3.247982 0.424664 -0.232862
v -3.246938 0.422062 -0.243180
v -3.245244 0.417836 -0.252689
v -3.242964 0.412149 -0.261023
v -3.240186 0.405219 -0.267863
v -3.237016 0.397313 -0.272946
v -3.233577 0.388734 -0.276075
v -3.232464 0.389725 -0.168189
v -3.234833 0.399258 -0.171319
v -3.237016 0.408042 -0.176401
v -3.238930 0.415743 -0.183241
v -3.240500 0.422062 -0.191576
v -3.241667 0.426758 -0.201085
v -3.242386 0.429649 -0.211402
v -3.242629 0.430625 -0.222132
v -3.242386 0.429649 -0.232862
v -3.241667 0.426758 -0.243180
v -3.240500 0.422062 -0.252689
v -3.238930 0.415743 -0.261023
v -3.237016 0.408042 -0.267863
v -3.234833 0.399258 -0.272946
v -3.232464 0.389725 -0.276075
v -3.231256 0.390336 -0.168189
v -3.232464 0.400455 -0.171319
v -3.233577 0.409781 -0.176401
v -3.234552 0.417956 -0.183241
v -3.235353 0.424664 -0.191576
v -3.235948 0.429649 -0.201085
v -3.236314 0.432719 -0.211402
v -3.236438 0.433755 -0.222132
v -3.236314 0.432719 -0.232862
v -3.235948 0.429649 -0.243180
v -3.235353 0.424664 -0.252689
v -3.234552 0.417956 -0.261023
v -3.233577 0.409781 -0.267863
v -3.232464 0.400455 -0.272946
v -3.231256 0.390336 -0.276075
v -3.230000 0.400860 -0.171319
v -3.230000 0.425543 -0.191576
v -3.230000 0.433755 -0.211402
v -3.230000 0.430625 -0.243180
v -3.230000 0.418703 -0.261023
v -3.230000 0.400860 -0.272946
v -3.230000 0.390542 -0.276075
v -3.230000 0.263328 -0.317503
v -3.230000 0.282773 -0.323402
v -3.230000 0.288076 -0.327754
v -3.230000 0.295664 -0.339109
v -3.230000 0.297655 -0.345675
v -3.230000 0.298328 -0.352503
v -3.230000 0.297655 -0.359331
v -3.230000 0.295664 -0.365897
v -3.230000 0.292429 -0.371948
v -3.230000 0.282773 -0.381605
v -3.230000 0.263328 -0.387503
v -3.229201 0.270025 -0.318176
v -3.228432 0.276464 -0.320167
v -3.227724 0.282399 -0.323402
v -3.227103 0.287601 -0.327754
v -3.226593 0.291870 -0.333058
v -3.226215 0.295042 -0.339109
v -3.225982 0.296996 -0.345675
v -3.225903 0.297655 -0.352503
v -3.225982 0.296996 -0.359331
v -3.226215 0.295042 -0.365897
v -3.226593 0.291870 -0.371948
v -3.227103 0.287601 -0.377252
v -3.227724 0.282399 -0.381605
v -3.228432 0.276464 -0.384839
v -3.229201 0.270025 -0.386831
v -3.228432 0.269636 -0.318176
v -3.226925 0.275702 -0.320167
v -3.225535 0.281293 -0.323402
v -3.224318 0.286193 -0.327754
v -3.223318 0.290214 -0.333058
v -3.222575 0.293202 -0.339109
v -3.222118 0.295042 -0.345675
v -3.221964 0.295664 -0.352503
v -3.222118 0.295042 -0.359331
v -3.222575 0.293202 -0.365897
v -3.223318 0.290214 -0.371948
v -3.224318 0.286193 -0.377252
v -3.225535 0.281293 -0.381605
v -3.226925 0.275702 -0.384839
v -3.228432 0.269636 -0.386831
v -3.227724 0.269005 -0.318176
v -3.225535 0.274464 -0.320167
v -3.223518 0.279496 -0.323402
v -3.221750 0.283906 -0.327754
v -3.220299 0.287525 -0.333058
v -3.219221 0.290214 -0.339109
v -3.218557 0.291870 -0.345675
v -3.218333 0.292429 -0.352503
v -3.218557 0.291870 -0.359331
v -3.219221 0.290214 -0.365897
v -3.220299 0.287525 -0.371948
v -3.221750 0.283906 -0.377252
v -3.223518 0.279496 -0.381605
v -3.225535 0.274464 -0.384839
v -3.227724 0.269005 -0.386831
v -3.227103 0.268156 -0.318176
v -3.224318 0.272799 -0.320167
v -3.221750 0.277077 -0.323402
v -3.219500 0.280828 -0.327754
v -3.217653 0.283906 -0.333058
v -3.216281 0.286193 -0.339109
v -3.215436 0.287601 -0.345675
v -3.215151 0.288076 -0.352503
v -3.215436 0.287601 -0.359331
v -3.216281 0.286193 -0.365897
v -3.217653 0.283906 -0.371948
v -3.219500 0.280828 -0.377252
v -3.221750 0.277077 -0.381605
v -3.224318 0.272799 -0.384839
v -3.227103 0.268156 -0.386831
v -3.226593 0.267121 -0.318176
v -3.223318 0.270769 -0.320167
v -3.220299 0.274131 -0.323402
v -3.217653 0.277077 -0.327754
v -3.215482 0.279496 -0.333058
v -3.213868 0.281293 -0.339109
v -3.212875 0.282399 -0.345675
v -3.212539 0.282773 -0.352503
v -3.212875 0.282399 -0.359331
v -3.213868 0.281293 -0.365897
v -3.215482 0.279496 -0.371948
v -3.217653 0.277077 -0.377252
v -3.220299 0.274131 -0.381605
v -3.223318 0.270769 -0.384839
v -3.226593 0.267121 -0.386831
v -3.226215 0.265941 -0.318176
v -3.222575 0.268453 -0.320167
v -3.219221 0.270769 -0.323402
v -3.216281 0.272799 -0.327754
v -3.213868 0.274464 -0.333058
v -3.212075 0.275702 -0.339109
v -3.210971 0.276464 -0.345675
v -3.210598 0.276722 -0.352503
v -3.210971 0.276464 -0.359331
v -3.212075 0.275702 -0.365897
v -3.213868 0.274464 -0.371948
v -3.216281 0.272799 -0.377252
v -3.219221 0.270769 -0.381605
v -3.222575 0.268453 -0.384839
v -3.226215 0.265941 -0.386831
v -3.225982 0.264660 -0.318176
v -3.222118 0.265941 -0.320167
v -3.218557 0.267121 -0.323402
v -3.215436 0.268156 -0.327754
v -3.212875 0.269005 -0.333058
v -3.210971 0.269636 -0.339109
v -3.209799 0.270025 -0.345675
v -3.209404 0.270156 -0.352503
v -3.209799 0.270025 -0.359331
v -3.210971 0.269636 -0.365897
v -3.212875 0.269005 -0.371948
v -3.215436 0.268156 -0.377252
v -3.218557 0.267121 -0.381605
v -3.222118 0.265941 -0.384839
v -3.225982 0.264660 -0.386831
v -3.225903 0.263328 -0.318176
v -3.221964 0.263328 -0.320167
v -3.218333 0.263328 -0.323402
v -3.215151 0.263328 -0.327754
v -3.212539 0.263328 -0.333058
v -3.210598 0.263328 -0.339109
v -3.209404 0.263328 -0.345675
v -3.209000 0.263328 -0.352503
v -3.209404 0.263328 -0.359331
v -3.210598 0.263328 -0.365897
v -3.212539 0.263328 -0.371948
v -3.215151 0.263328 -0.377252
v -3.218333 0.263328 -0.381605
v -3.221964 0.263328 -0.384839
v -3.225903 0.263328 -0.386831
v -3.225982 0.261996 -0.318176
v -3.222118 0.260715 -0.320167
v -3.218557 0.259534 -0.323402
v -3.215436 0.258500 -0.327754
v -3.212875 0.257650 -0.333058
v -3.210971 0.257019 -0.339109
v -3.209799 0.256631 -0.345675
v -3.209404 0.256500 -0.352503
v -3.209799 0.256631 -0.359331
v -3.210971 0.257019 -0.365897
v -3.212875 0.257650 -0.371948
v -3.215436 0.258500 -0.377252
v -3.218557 0.259534 -0.381605
v -3.222118 0.260715 -0.384839
v -3.225982 0.261996 -0.386831
v -3.226215 0.260715 -0.318176
v -3.222575 0.258202 -0.320167
v -3.219221 0.255886 -0.323402
v -3.216281 0.253857 -0.327754
v -3.213868 0.252191 -0.333058
v -3.212075 0.250953 -0.339109
v -3.210971 0.250191 -0.345675
v -3.210598 0.249934 -0.352503
v -3.210971 0.250191 -0.359331
v -3.212075 0.250953 -0.365897
v -3.213868 0.252191 -0.371948
v -3.216281 0.253857 -0.377252
v -3.219221 0.255886 -0.381605
v -3.222575 0.258202 -0.384839
v -3.226215 0.260715 -0.386831
v -3.226593 0.259534 -0.318176
v -3.223318 0.255886 -0.320167
v -3.220299 0.252525 -0.323402
v -3.217653 0.249578 -0.327754
v -3.215482 0.247160 -0.333058
v -3.213868 0.245363 -0.339109
v -3.212875 0.244256 -0.345675
v -3.212539 0.243883 -0.352503
v -3.212875 0.244256 -0.359331
v -3.213868 0.245363 -0.365897
v -3.215482 0.247160 -0.371948
v -3.217653 0.249578 -0.377252
v -3.220299 0.252525 -0.381605
v -3.223318 0.255886 -0.384839
v -3.226593 0.259534 -0.386831
v -3.227103 0.258500 -0.318176
v -3.224318 0.253857 -0.320167
v -3.221750 0.249578 -0.323402
v -3.219500 0.245828 -0.327754
v -3.217653 0.242750 -0.333058
v -3.216281 0.240463 -0.339109
v -3.215436 0.239055 -0.345675
v -3.215151 0.238579 -0.352503
v -3.215436 0.239055 -0.359331
v -3.216281 0.240463 -0.365897
v -3.217653 0.242750 -0.371948
v -3.219500 0.245828 -0.377252
v -3.221750 0.249578 -0.381605
v -3.224318 0.253857 -0.384839
v -3.227103 0.258500 -0.386831
v -3.227724 0.257650 -0.318176
v -3.225535 0.252191 -0.320167
v -3.223518 0.247160 -0.323402
v -3.221750 0.242750 -0.327754
v -3.220299 0.239131 -0.333058
v -3.219221 0.236442 -0.339109
v -3.218557 0.234785 -0.345675
v -3.218333 0.234226 -0.352503
v -3.218557 0.234785 -0.359331
v -3.219221 0.236442 -0.365897
v -3.220299 0.239131 -0.371948
v -3.221750 0.242750 -0.377252
v -3.223518 0.247160 -0.381605
v -3.225535 0.252191 -0.384839
v -3.227724 0.257650 -0.386831
v -3.228432 0.257019 -0.318176
v -3.226925 0.250953 -0.320167
v -3.225535 0.245363 -0.323402
v -3.224318 0.240463 -0.327754
v -3.223318 0.236442 -0.333058
v -3.222575 0.233453 -0.339109
v -3.222118 0.231613 -0.345675
v -3.221964 0.230992 -0.352503
v -3.222118 0.231613 -0.359331
v -3.222575 0.233453 -0.365897
v -3.223318 0.236442 -0.371948
v -3.224318 0.240463 -0.377252
v -3.225535 0.245363 -0.381605
v -3.226925 0.250953 -0.384839
v -3.228432 0.257019 -0.386831
v -3.229201 0.256631 -0.318176
v -3.228432 0.250191 -0.320167
v -3.227724 0.244256 -0.323402
v -3.227103 0.239055 -0.327754
v -3.226593 0.234785 -0.333058
v -3.226215 0.231613 -0.339109
v -3.225982 0.229660 -0.345675
v -3.225903 0.229000 -0.352503
v -3.225982 0.229660 -0.359331
v -3.226215 0.231613 -0.365897
v -3.226593 0.234785 -0.371948
v -3.227103 0.239055 -0.377252
v -3.227724 0.244256 -0.381605
v -3.228432 0.250191 -0.384839
v -3.229201 0.256631 -0.386831
v -3.230000 0.256500 -0.318176
v -3.230000 0.249934 -0.320167
v -3.230000 0.243883 -0.323402
v -3.230000 0.238579 -0.327754
v -3.230000 0.234226 -0.333058
v -3.230000 0.230992 -0.339109
v -3.230000 0.229000 -0.345675
v -3.230000 0.228328 -0.352503
v -3.230000 0.229000 -0.359331
v -3.230000 0.230992 -0.365897
v -3.230000 0.234226 -0.371948
v -3.230000 0.238579 -0.377252
v -3.230000 0.243883 -0.381605
v -3.230000 0.249934 -0.384839
v -3.230000 0.256500 -0.386831
v -3.230799 0.256631 -0.318176
v -3.231568 0.250191 -0.320167
v -3.232276 0.244256 -0.323402
v -3.232897 0.239055 -0.327754
v -3.233407 0.234785 -0.333058
v -3.233785 0.231613 -0.339109
v -3.234018 0.229660 -0.345675
v -3.234097 0.229000 -0.352503
v -3.234018 0.229660 -0.359331
v -3.233785 0.231613 -0.365897
v -3.233407 0.234785 -0.371948
v -3.232897 0.239055 -0.377252
v -3.232276 0.244256 -0.381605
v -3.231568 0.250191 -0.384839
v -3.230799 0.256631 -0.386831
v -3.231568 0.257019 -0.318176
v -3.233075 0.250953 -0.320167
v -3.234465 0.245363 -0.323402
v -3.235682 0.240463 -0.327754
v -3.236682 0.236442 -0.333058
v -3.237425 0.233453 -0.339109
v -3.237882 0.231613 -0.345675
v -3.238036 0.230992 -0.352503
v -3.237882 0.231613 -0.359331
v -3.237425 0.233453 -0.365897
v -3.236682 0.236442 -0.371948
v -3.235682 0.240463 -0.377252
v -3.234465 0.245363 -0.381605
v -3.233075 0.250953 -0.384839
v -3.231568 0.257019 -0.386831
v -3.232276 0.257650 -0.318176
v -3.234465 0.252191 -0.320167
v -3.236482 0.247160 -0.323402
v -3.238250 0.242750 -0.327754
v -3.239701 0.239131 -0.333058
v -3.240779 0.236442 -0.339109
v -3.241443 0.234785 -0.345675
v -3.241667 0.234226 -0.352503
v -3.241443 0.234785 -0.359331
v -3.240779 0.236442 -0.365897
v -3.239701 0.239131 -0.371948
v -3.238250 0.242750 -0.377252
v -3.236482 0.247160 -0.381605
v -3.234465 0.252191 -0.384839
v -3.232276 0.257650 -0.386831
v -3.232897 0.258500 -0.318176
v -3.235682 0.253857 -0.320167
v -3.238250 0.249578 -0.323402
v -3.240500 0.245828 -0.327754
v -3.242347 0.242750 -0.333058
v -3.243719 0.240463 -0.339109
v -3.244564 0.239055 -0.345675
v -3.244849 0.238579 -0.352503
v -3.244564 0.239055 -0.359331
v -3.243719 0.240463 -0.365897
v -3.242347 0.242750 -0.371948
v -3.240500 0.245828 -0.377252
v -3.238250 0.249578 -0.381605
v -3.235682 0.253857 -0.384839
v -3.232897 0.258500 -0.386831
v -3.233407 0.259534 -0.318176
v -3.236682 0.255886 -0.320167
v -3.239701 0.252525 -0.323402
v -3.242347 0.249578 -0.327754
v -3.244518 0.247160 -0.333058
v -3.246132 0.245363 -0.339109
v -3.247125 0.244256 -0.345675
v -3.247461 0.243883 -0.352503
v -3.247125 0.244256 -0.359331
v -3.246132 0.245363 -0.365897
v -3.244518 0.247160 -0.371948
v -3.242347 0.249578 -0.377252
v -3.239701 0.252525 -0.381605
v -3.236682 0.255886 -0.384839
v -3.233407 0.259534 -0.386831
v -3.233785 0.260715 -0.318176
v -3.237425 0.258202 -0.320167
v -3.240779 0.255886 -0.323402
v -3.243719 0.253857 -0.327754
v -3.246132 0.252191 -0.333058
v -3.247925 0.250953 -0.339109
v -3.249029 0.250191 -0.345675
v -3.249402 0.249934 -0.352503
v -3.249029 0.250191 -0.359331
v -3.247925 0.250953 -0.365897
v -3.246132 0.252191 -0.371948
v -3.243719 0.253857 -0.377252
v -3.240779 0.255886 -0.381605
v -3.237425 0.258202 -0.384839
v -3.233785 0.260715 -0.386831
v -3.234018 0.261996 -0.318176
v -3.237882 0.260715 -0.320167
v -3.241443 0.259534 -0.323402
v -3.244564 0.258500 -0.327754
v -3.247125 0.257650 -0.333058
v -3.249029 0.257019 -0.339109
v -3.250201 0.256631 -0.345675
v -3.250597 0.256500 -0.352503
v -3.250201 0.256631 -0.359331
v -3.249029 0.257019 -0.365897
v -3.247125 0.257650 -0.371948
v -3.244564 0.258500 -0.377252
v -3.241443 0.259534 -0.381605
v -3.237882 0.260715 -0.384839
v -3.234018 0.261996 -0.386831
v -3.234097 0.263328 -0.318176
v -3.238036 0.263328 -0.320167
v -3.241667 0.263328 -0.323402
v -3.244849 0.263328 -0.327754
v -3.247461 0.263328 -0.333058
v -3.249402 0.263328 -0.339109
v -3.250597 0.263328 -0.345675
v -3.251000 0.263328 -0.352503
v -3.250597 0.263328 -0.359331
v -3.249402 0.263328 -0.365897
v -3.247461 0.263328 -0.371948
v -3.244849 0.263328 -0.377252
v -3.241667 0.263328 -0.381605
v -3.238036 0.263328 -0.384839
v -3.234097 0.263328 -0.386831
v -3.234018 0.264660 -0.318176
v -3.237882 0.265941 -0.320167
v -3.241443 0.267121 -0.323402
v -3.244564 0.268156 -0.327754
v -3.247125 0.269005 -0.333058
v -3.249029 0.269636 -0.339109
v -3.250201 0.270025 -0.345675
v -3.250597 0.270156 -0.352503
v -3.250201 0.270025 -0.359331
v -3.249029 0.269636 -0.365897
v -3.247125 0.269005 -0.371948
v -3.244564 0.268156 -0.377252
v -3.241443 0.267121 -0.381605
v -3.237882 0.265941 -0.384839
v -3.234018 0.264660 -0.386831
v -3.233785 0.265941 -0.318176
v -3.237425 0.268453 -0.320167
v -3.240779 0.270769 -0.323402
v -3.243719 0.272799 -0.327754
v -3.246132 0.274464 -0.333058
v -3.247925 0.275702 -0.339109
v -3.249029 0.276464 -0.345675
v -3.249402 0.276722 -0.352503
v -3.249029 0.276464 -0.359331
v -3.247925 0.275702 -0.365897
v -3.246132 0.274464 -0.371948
v -3.243719 0.272799 -0.377252
v -3.240779 0.270769 -0.381605
v -3.237425 0.268453 -0.384839
v -3.233785 0.265941 -0.386831
v -3.233407 0.267121 -0.318176
v -3.236682 0.270769 -0.320167
v -3.239701 0.274131 -0.323402
v -3.242347 0.277077 -0.327754
v -3.244518 0.279496 -0.333058
v -3.246132 0.281293 -0.339109
v -3.247125 0.282399 -0.345675
v -3.247461 0.282773 -0.352503
v -3.247125 0.282399 -0.359331
v -3.246132 0.281293 -0.365897
v -3.244518 0.279496 -0.371948
v -3.242347 0.277077 -0.377252
v -3.239701 0.274131 -0.381605
v -3.236682 0.270769 -0.384839
v -3.233407 0.267121 -0.386831
v -3.232897 0.268156 -0.318176
v -3.235682 0.272799 -0.320167
v -3.238250 0.277077 -0.323402
v -3.240500 0.280828 -0.327754
v -3.242347 0.283906 -0.333058
v -3.243719 0.286193 -0.339109
v -3.244564 0.287601 -0.345675
v -3.244849 0.288076 -0.352503
v -3.244564 0.287601 -0.359331
v -3.243719 0.286193 -0.365897
v -3.242347 0.283906 -0.371948
v -3.240500 0.280828 -0.377252
v -3.238250 0.277077 -0.381605
v -3.235682 0.272799 -0.384839
v -3.232897 0.268156 -0.386831
v -3.232276 0.269005 -0.318176
v -3.234465 0.274464 -0.320167
v -3.236482 0.279496 -0.323402
v -3.238250 0.283906 -0.327754
v -3.239701 0.287525 -0.333058
v -3.240779 0.290214 -0.339109
v -3.241443 0.291870 -0.345675
v -3.241667 0.292429 -0.352503
v -3.241443 0.291870 -0.359331
v -3.240779 0.290214 -0.365897
v -3.239701 0.287525 -0.371948
v -3.238250 0.283906 -0.377252
v -3.236482 0.279496 -0.381605
v -3.234465 0.274464 -0.384839
v -3.232276 0.269005 -0.386831
v -3.231568 0.269636 -0.318176
v -3.233075 0.275702 -0.320167
v -3.234465 0.281293 -0.323402
v -3.235682 0.286193 -0.327754
v -3.236682 0.290214 -0.333058
v -3.237425 0.293202 -0.339109
v -3.237882 0.295042 -0.345675
v -3.238036 0.295664 -0.352503
v -3.237882 0.295042 -0.359331
v -3.237425 0.293202 -0.365897
v -3.236682 0.290214 -0.371948
v -3.235682 0.286193 -0.377252
v -3.234465 0.281293 -0.381605
v -3.233075 0.275702 -0.384839
v -3.231568 0.269636 -0.386831
v -3.230799 0.270025 -0.318176
v -3.231568 0.276464 -0.320167
v -3.232276 0.282399 -0.323402
v -3.232897 0.287601 -0.327754
v -3.233407 0.291870 -0.333058
v -3.233785 0.295042 -0.339109
v -3.234018 0.296996 -0.345675
v -3.234097 0.297655 -0.352503
v -3.234018 0.296996 -0.359331
v -3.233785 0.295042 -0.365897
v -3.233407 0.291870 -0.371948
v -3.232897 0.287601 -0.377252
v -3.232276 0.282399 -0.381605
v -3.231568 0.276464 -0.384839
v -3.230799 0.270025 -0.386831
v -3.230000 0.270156 -0.318176
v -3.230000 0.276722 -0.320167
v -3.230000 0.292429 -0.333058
v -3.230000 0.288076 -0.377252
v -3.230000 0.276722 -0.384839
v -3.230000 0.270156 -0.386831
v -3.230000 0.105270 -0.382222
v -3.230000 0.114049 -0.383086
v -3.230000 0.130270 -0.389805
v -3.230000 0.137090 -0.395402
v -3.230000 0.146844 -0.410001
v -3.230000 0.150270 -0.427222
v -3.230000 0.146844 -0.444442
v -3.230000 0.137090 -0.459041
v -3.230000 0.105270 -0.472222
v -3.228972 0.113880 -0.383086
v -3.227984 0.122160 -0.385647
v -3.227074 0.129790 -0.389805
v -3.226275 0.136478 -0.395402
v -3.225620 0.141967 -0.402221
v -3.225134 0.146045 -0.410001
v -3.224834 0.148557 -0.418443
v -3.224733 0.149405 -0.427222
v -3.224834 0.148557 -0.436001
v -3.225134 0.146045 -0.444442
v -3.225620 0.141967 -0.452222
v -3.226275 0.136478 -0.459041
v -3.227074 0.129790 -0.464638
v -3.227984 0.122160 -0.468796
v -3.228972 0.113880 -0.471357
v -3.227984 0.113380 -0.383086
v -3.226046 0.121180 -0.385647
v -3.224260 0.128367 -0.389805
v -3.222694 0.134667 -0.395402
v -3.221409 0.139838 -0.402221
v -3.220454 0.143680 -0.410001
v -3.219866 0.146045 -0.418443
v -3.219668 0.146844 -0.427222
v -3.219866 0.146045 -0.436001
v -3.220454 0.143680 -0.444442
v -3.221409 0.139838 -0.452222
v -3.222694 0.134667 -0.459041
v -3.224260 0.128367 -0.464638
v -3.226046 0.121180 -0.468796
v -3.227984 0.113380 -0.471357
v -3.227074 0.112569 -0.383086
v -3.224260 0.119588 -0.385647
v -3.221666 0.126057 -0.389805
v -3.219393 0.131727 -0.395402
v -3.217528 0.136380 -0.402221
v -3.216141 0.139838 -0.410001
v -3.215288 0.141967 -0.418443
v -3.215000 0.142686 -0.427222
v -3.215288 0.141967 -0.436001
v -3.216141 0.139838 -0.444442
v -3.217528 0.136380 -0.452222
v -3.219393 0.131727 -0.459041
v -3.221666 0.126057 -0.464638
v -3.224260 0.119588 -0.468796
v -3.227074 0.112569 -0.471357
v -3.226275 0.111477 -0.383086
v -3.222694 0.117447 -0.385647
v -3.219393 0.122948 -0.389805
v -3.216500 0.127770 -0.395402
v -3.214126 0.131727 -0.402221
v -3.212361 0.134667 -0.410001
v -3.211275 0.136478 -0.418443
v -3.210908 0.137090 -0.427222
v -3.211275 0.136478 -0.436001
v -3.212361 0.134667 -0.444442
v -3.214126 0.131727 -0.452222
v -3.216500 0.127770 -0.459041
v -3.219393 0.122948 -0.464638
v -3.222694 0.117447 -0.468796
v -3.226275 0.111477 -0.471357
v -3.225620 0.110147 -0.383086
v -3.221409 0.114837 -0.385647
v -3.217528 0.119159 -0.389805
v -3.214126 0.122948 -0.395402
v -3.211334 0.126057 -0.402221
v -3.209259 0.128367 -0.410001
v -3.207982 0.129790 -0.418443
v -3.207550 0.130270 -0.427222
v -3.207982 0.129790 -0.436001
v -3.209259 0.128367 -0.444442
v -3.211334 0.126057 -0.452222
v -3.214126 0.122948 -0.459041
v -3.217528 0.119159 -0.464638
v -3.221409 0.114837 -0.468796
v -3.225620 0.110147 -0.471357
v -3.225134 0.108629 -0.383086
v -3.220454 0.111860 -0.385647
v -3.216141 0.114837 -0.389805
v -3.212361 0.117447 -0.395402
v -3.209259 0.119588 -0.402221
v -3.206954 0.121180 -0.410001
v -3.205535 0.122160 -0.418443
v -3.205055 0.122490 -0.427222
v -3.205535 0.122160 -0.436001
v -3.206954 0.121180 -0.444442
v -3.209259 0.119588 -0.452222
v -3.212361 0.117447 -0.459041
v -3.216141 0.114837 -0.464638
v -3.220454 0.111860 -0.468796
v -3.225134 0.108629 -0.471357
v -3.224834 0.106982 -0.383086
v -3.219866 0.108629 -0.385647
v -3.215288 0.110147 -0.389805
v -3.211275 0.111477 -0.395402
v -3.207982 0.112569 -0.402221
v -3.205535 0.113380 -0.410001
v -3.204028 0.113880 -0.418443
v -3.203519 0.114049 -0.427222
v -3.204028 0.113880 -0.436001
v -3.205535 0.113380 -0.444442
v -3.207982 0.112569 -0.452222
v -3.211275 0.111477 -0.459041
v -3.215288 0.110147 -0.464638
v -3.219866 0.108629 -0.468796
v -3.224834 0.106982 -0.471357
v -3.224733 0.105270 -0.383086
v -3.219668 0.105270 -0.385647
v -3.215000 0.105270 -0.389805
v -3.210908 0.105270 -0.395402
v -3.207550 0.105270 -0.402221
v -3.205055 0.105270 -0.410001
v -3.203519 0.105270 -0.418443
v -3.203000 0.105270 -0.427222
v -3.203519 0.105270 -0.436001
v -3.205055 0.105270 -0.444442
v -3.207550 0.105270 -0.452222
v -3.210908 0.105270 -0.459041
v -3.215000 0.105270 -0.464638
v -3.219668 0.105270 -0.468796
v -3.224733 0.105270 -0.471357
v -3.224834 0.103557 -0.383086
v -3.219866 0.101910 -0.385647
v -3.215288 0.100392 -0.389805
v -3.211275 0.099062 -0.395402
v -3.207982 0.097970 -0.402221
v -3.205535 0.097159 -0.410001
v -3.204028 0.096659 -0.418443
v -3.203519 0.096491 -0.427222
v -3.204028 0.096659 -0.436001
v -3.205535 0.097159 -0.444442
v -3.207982 0.097970 -0.452222
v -3.211275 0.099062 -0.459041
v -3.215288 0.100392 -0.464638
v -3.219866 0.101910 -0.468796
v -3.224834 0.103557 -0.471357
v -3.225134 0.101910 -0.383086
v -3.220454 0.098680 -0.385647
v -3.216141 0.095702 -0.389805
v -3.212361 0.093093 -0.395402
v -3.209259 0.090951 -0.402221
v -3.206954 0.089360 -0.410001
v -3.205535 0.088380 -0.418443
v -3.205055 0.088049 -0.427222
v -3.205535 0.088380 -0.436001
v -3.206954 0.089360 -0.444442
v -3.209259 0.090951 -0.452222
v -3.212361 0.093093 -0.459041
v -3.216141 0.095702 -0.464638
v -3.220454 0.098680 -0.468796
v -3.225134 0.101910 -0.471357
v -3.225620 0.100392 -0.383086
v -3.221409 0.095702 -0.385647
v -3.217528 0.091380 -0.389805
v -3.214126 0.087592 -0.395402
v -3.211334 0.084482 -0.402221
v -3.209259 0.082172 -0.410001
v -3.207982 0.080749 -0.418443
v -3.207550 0.080269 -0.427222
v -3.207982 0.080749 -0.436001
v -3.209259 0.082172 -0.444442
v -3.211334 0.084482 -0.452222
v -3.214126 0.087592 -0.459041
v -3.217528 0.091380 -0.464638
v -3.221409 0.095702 -0.468796
v -3.225620 0.100392 -0.471357
v -3.226275 0.099062 -0.383086
v -3.222694 0.093093 -0.385647
v -3.219393 0.087592 -0.389805
v -3.216500 0.082770 -0.395402
v -3.214126 0.078813 -0.402221
v -3.212361 0.075872 -0.410001
v -3.211275 0.074061 -0.418443
v -3.210908 0.073450 -0.427222
v -3.211275 0.074061 -0.436001
v -3.212361 0.075872 -0.444442
v -3.214126 0.078813 -0.452222
v -3.216500 0.082770 -0.459041
v -3.219393 0.087592 -0.464638
v -3.222694 0.093093 -0.468796
v -3.226275 0.099062 -0.471357
v -3.227074 0.097970 -0.383086
v -3.224260 0.090951 -0.385647
v -3.221666 0.084482 -0.389805
v -3.219393 0.078813 -0.395402
v -3.217528 0.074159 -0.402221
v -3.216141 0.070702 -0.410001
v -3.215288 0.068573 -0.418443
v -3.215000 0.067854 -0.427222
v -3.215288 0.068573 -0.436001
v -3.216141 0.070702 -0.444442
v -3.217528 0.074159 -0.452222
v -3.219393 0.078813 -0.459041
v -3.221666 0.084482 -0.464638
v -3.224260 0.090951 -0.468796
v -3.227074 0.097970 -0.471357
v -3.227984 0.097159 -0.383086
v -3.226046 0.089360 -0.385647
v -3.224260 0.082172 -0.389805
v -3.222694 0.075872 -0.395402
v -3.221409 0.070702 -0.402221
v -3.220454 0.066860 -0.410001
v -3.219866 0.064494 -0.418443
v -3.219668 0.063695 -0.427222
v -3.219866 0.064494 -0.436001
v -3.220454 0.066860 -0.444442
v -3.221409 0.070702 -0.452222
v -3.222694 0.075872 -0.459041
v -3.224260 0.082172 -0.464638
v -3.226046 0.089360 -0.468796
v -3.227984 0.097159 -0.471357
v -3.228972 0.096659 -0.383086
v -3.227984 0.088380 -0.385647
v -3.227074 0.080749 -0.389805
v -3.226275 0.074061 -0.395402
v -3.225620 0.068573 -0.402221
v -3.225134 0.064494 -0.410001
v -3.224834 0.061982 -0.418443
v -3.224733 0.061134 -0.427222
v -3.224834 0.061982 -0.436001
v -3.225134 0.064494 -0.444442
v -3.225620 0.068573 -0.452222
v -3.226275 0.074061 -0.459041
v -3.227074 0.080749 -0.464638
v -3.227984 0.088380 -0.468796
v -3.228972 0.096659 -0.471357
v -3.230000 0.096491 -0.383086
v -3.230000 0.088049 -0.385647
v -3.230000 0.080269 -0.389805
v -3.230000 0.073450 -0.395402
v -3.230000 0.067854 -0.402221
v -3.230000 0.063695 -0.410001
v -3.230000 0.061134 -0.418443
v -3.230000 0.060270 -0.427222
v -3.230000 0.061134 -0.436001
v -3.230000 0.063695 -0.444442
v -3.230000 0.067854 -0.452222
v -3.230000 0.073450 -0.459041
v -3.230000 0.080269 -0.464638
v -3.230000 0.088049 -0.468796
v -3.230000 0.096491 -0.471357
v -3.231028 0.096659 -0.383086
v -3.232016 0.088380 -0.385647
v -3.232926 0.080749 -0.389805
v -3.233725 0.074061 -0.395402
v -3.234380 0.068573 -0.402221
v -3.234866 0.064494 -0.410001
v -3.235166 0.061982 -0.418443
v -3.235267 0.061134 -0.427222
v -3.235166 0.061982 -0.436001
v -3.234866 0.064494 -0.444442
v -3.234380 0.068573 -0.452222
v -3.233725 0.074061 -0.459041
v -3.232926 0.080749 -0.464638
v -3.232016 0.088380 -0.468796
v -3.231028 0.096659 -0.471357
v -3.232016 0.097159 -0.383086
v -3.233954 0.089360 -0.385647
v -3.235740 0.082172 -0.389805
v -3.237306 0.075872 -0.395402
v -3.238591 0.070702 -0.402221
v -3.239546 0.066860 -0.410001
v -3.240134 0.064494 -0.418443
v -3.240332 0.063695 -0.427222
v -3.240134 0.064494 -0.436001
v -3.239546 0.066860 -0.444442
v -3.238591 0.070702 -0.452222
v -3.237306 0.075872 -0.459041
v -3.235740 0.082172 -0.464638
v -3.233954 0.089360 -0.468796
v -3.232016 0.097159 -0.471357
v -3.232926 0.097970 -0.383086
v -3.235740 0.090951 -0.385647
v -3.238334 0.084482 -0.389805
v -3.240607 0.078813 -0.395402
v -3.242472 0.074159 -0.402221
v -3.243859 0.070702 -0.410001
v -3.244712 0.068573 -0.418443
v -3.245000 0.067854 -0.427222
v -3.244712 0.068573 -0.436001
v -3.243859 0.070702 -0.444442
v -3.242472 0.074159 -0.452222
v -3.240607 0.078813 -0.459041
v -3.238334 0.084482 -0.464638
v -3.235740 0.090951 -0.468796
v -3.232926 0.097970 -0.471357
v -3.233725 0.099062 -0.383086
v -3.237306 0.093093 -0.385647
v -3.240607 0.087592 -0.389805
v -3.243500 0.082770 -0.395402
v -3.245874 0.078813 -0.402221
v -3.247639 0.075872 -0.410001
v -3.248725 0.074061 -0.418443
v -3.249092 0.073450 -0.427222
v -3.248725 0.074061 -0.436001
v -3.247639 0.075872 -0.444442
v -3.245874 0.078813 -0.452222
v -3.243500 0.082770 -0.459041
v -3.240607 0.087592 -0.464638
v -3.237306 0.093093 -0.468796
v -3.233725 0.099062 -0.471357
v -3.234380 0.100392 -0.383086
v -3.238591 0.095702 -0.385647
v -3.242472 0.091380 -0.389805
v -3.245874 0.087592 -0.395402
v -3.248666 0.084482 -0.402221
v -3.250741 0.082172 -0.410001
v -3.252018 0.080749 -0.418443
v -3.252450 0.080269 -0.427222
v -3.252018 0.080749 -0.436001
v -3.250741 0.082172 -0.444442
v -3.248666 0.084482 -0.452222
v -3.245874 0.087592 -0.459041
v -3.242472 0.091380 -0.464638
v -3.238591 0.095702 -0.468796
v -3.234380 0.100392 -0.471357
v -3.234866 0.101910 -0.383086
v -3.239546 0.098680 -0.385647
v -3.243859 0.095702 -0.389805
v -3.247639 0.093093 -0.395402
v -3.250741 0.090951 -0.402221
v -3.253046 0.089360 -0.410001
v -3.254465 0.088380 -0.418443
v -3.254945 0.088049 -0.427222
v -3.254465 0.088380 -0.436001
v -3.253046 0.089360 -0.444442
v -3.250741 0.090951 -0.452222
v -3.247639 0.093093 -0.459041
v -3.243859 0.095702 -0.464638
v -3.239546 0.098680 -0.468796
v -3.234866 0.101910 -0.471357
v -3.235166 0.103557 -0.383086
v -3.240134 0.101910 -0.385647
v -3.244712 0.100392 -0.389805
v -3.248725 0.099062 -0.395402
v -3.252018 0.097970 -0.402221
v -3.254465 0.097159 -0.410001
v -3.255972 0.096659 -0.418443
v -3.256481 0.096491 -0.427222
v -3.255972 0.096659 -0.436001
v -3.254465 0.097159 -0.444442
v -3.252018 0.097970 -0.452222
v -3.248725 0.099062 -0.459041
v -3.244712 0.100392 -0.464638
v -3.240134 0.101910 -0.468796
v -3.235166 0.103557 -0.471357
v -3.235267 0.105270 -0.383086
v -3.240332 0.105270 -0.385647
v -3.245000 0.105270 -0.389805
v -3.249092 0.105270 -0.395402
v -3.252450 0.105270 -0.402221
v -3.254945 0.105270 -0.410001
v -3.256481 0.105270 -0.418443
v -3.257000 0.105270 -0.427222
v -3.256481 0.105270 -0.436001
v -3.254945 0.105270 -0.444442
v -3.252450 0.105270 -0.452222
v -3.249092 0.105270 -0.459041
v -3.245000 0.105270 -0.464638
v -3.240332 0.105270 -0.468796
v -3.235267 0.105270 -0.471357
v -3.235166 0.106982 -0.383086
v -3.240134 0.108629 -0.385647
v -3.244712 0.110147 -0.389805
v -3.248725 0.111477 -0.395402
v -3.252018 0.112569 -0.402221
v -3.254465 0.113380 -0.410001
v -3.255972 0.113880 -0.418443
v -3.256481 0.114049 -0.427222
v -3.255972 0.113880 -0.436001
v -3.254465 0.113380 -0.444442
v -3.252018 0.112569 -0.452222
v -3.248725 0.111477 -0.459041
v -3.244712 0.110147 -0.464638
v -3.240134 0.108629 -0.468796
v -3.235166 0.106982 -0.471357
v -3.234866 0.108629 -0.383086
v -3.239546 0.111860 -0.385647
v -3.243859 0.114837 -0.389805
v -3.247639 0.117447 -0.395402
v -3.250741 0.119588 -0.402221
v -3.253046 0.121180 -0.410001
v -3.254465 0.122160 -0.418443
v -3.254945 0.122490 -0.427222
v -3.254465 0.122160 -0.436001
v -3.253046 0.121180 -0.444442
v -3.250741 0.119588 -0.452222
v -3.247639 0.117447 -0.459041
v -3.243859 0.114837 -0.464638
v -3.239546 0.111860 -0.468796
v -3.234866 0.108629 -0.471357
v -3.234380 0.110147 -0.383086
v -3.238591 0.114837 -0.385647
v -3.242472 0.119159 -0.389805
v -3.245874 0.122948 -0.395402
v -3.248666 0.126057 -0.402221
v -3.250741 0.128367 -0.410001
v -3.252018 0.129790 -0.418443
v -3.252450 0.130270 -0.427222
v -3.252018 0.129790 -0.436001
v -3.250741 0.128367 -0.444442
v -3.248666 0.126057 -0.452222
v -3.245874 0.122948 -0.459041
v -3.242472 0.119159 -0.464638
v -3.238591 0.114837 -0.468796
v -3.234380 0.110147 -0.471357
v -3.233725 0.111477 -0.383086
v -3.237306 0.117447 -0.385647
v -3.240607 0.122948 -0.389805
v -3.243500 0.127770 -0.395402
v -3.245874 0.131727 -0.402221
v -3.247639 0.134667 -0.410001
v -3.248725 0.136478 -0.418443
v -3.249092 0.137089 -0.427222
v -3.248725 0.136478 -0.436001
v -3.247639 0.134667 -0.444442
v -3.245874 0.131727 -0.452222
v -3.243500 0.127770 -0.459041
v -3.240607 0.122948 -0.464638
v -3.237306 0.117447 -0.468796
v -3.233725 0.111477 -0.471357
v -3.232926 0.112569 -0.383086
v -3.235740 0.119588 -0.385647
v -3.238334 0.126057 -0.389805
v -3.240607 0.131727 -0.395402
v -3.242472 0.136380 -0.402221
v -3.243859 0.139838 -0.410001
v -3.244712 0.141967 -0.418443
v -3.245000 0.142686 -0.427222
v -3.244712 0.141967 -0.436001
v -3.243859 0.139838 -0.444442
v -3.242472 0.136380 -0.452222
v -3.240607 0.131727 -0.459041
v -3.238334 0.126057 -0.464638
v -3.235740 0.119588 -0.468796
v -3.232926 0.112569 -0.471357
v -3.232016 0.113380 -0.383086
v -3.233954 0.121180 -0.385647
v -3.235740 0.128367 -0.389805
v -3.237306 0.134667 -0.395402
v -3.238591 0.139838 -0.402221
v -3.239546 0.143680 -0.410001
v -3.240134 0.146045 -0.418443
v -3.240332 0.146844 -0.427222
v -3.240134 0.146045 -0.436001
v -3.239546 0.143680 -0.444442
v -3.238591 0.139838 -0.452222
v -3.237306 0.134667 -0.459041
v -3.235740 0.128367 -0.464638
v -3.233954 0.121180 -0.468796
v -3.232016 0.113380 -0.471357
v -3.231028 0.113880 -0.383086
v -3.232016 0.122160 -0.385647
v -3.232926 0.129790 -0.389805
v -3.233725 0.136478 -0.395402
v -3.234380 0.141967 -0.402221
v -3.234866 0.146045 -0.410001
v -3.235166 0.148557 -0.418443
v -3.235267 0.149405 -0.427222
v -3.235166 0.148557 -0.436001
v -3.234866 0.146045 -0.444442
v -3.234380 0.141967 -0.452222
v -3.233725 0.136478 -0.459041
v -3.232926 0.129790 -0.464638
v -3.232016 0.122160 -0.468796
v -3.231028 0.113880 -0.471357
v -3.230000 0.122490 -0.385647
v -3.230000 0.142686 -0.402221
v -3.230000 0.149405 -0.418443
v -3.230000 0.149405 -0.436001
v -3.230000 0.142686 -0.452222
v -3.230000 0.130270 -0.464638
v -3.230000 0.122490 -0.468796
v -3.230000 0.114049 -0.471357
v -3.230000 -0.069408 -0.379491
v -3.230000 -0.058678 -0.380548
v -3.230000 -0.038852 -0.388760
v -3.230000 -0.030517 -0.395600
v -3.230000 -0.018595 -0.413444
v -3.230000 -0.014408 -0.434491
v -3.230000 -0.015465 -0.445221
v -3.230000 -0.023677 -0.465048
v -3.230000 -0.038852 -0.480222
v -3.230000 -0.069408 -0.489491
v -3.228744 -0.058884 -0.380548
v -3.227536 -0.048765 -0.383678
v -3.226423 -0.039439 -0.388760
v -3.225448 -0.031264 -0.395600
v -3.224647 -0.024556 -0.403935
v -3.224052 -0.019571 -0.413444
v -3.223686 -0.016501 -0.423761
v -3.223562 -0.015465 -0.434491
v -3.223686 -0.016501 -0.445221
v -3.224052 -0.019571 -0.455539
v -3.224647 -0.024556 -0.465048
v -3.225448 -0.031264 -0.473382
v -3.226423 -0.039439 -0.480222
v -3.227536 -0.048765 -0.485305
v -3.228744 -0.058884 -0.488434
v -3.227536 -0.059495 -0.380548
v -3.225167 -0.049963 -0.383678
v -3.222984 -0.041178 -0.388760
v -3.221070 -0.033478 -0.395600
v -3.219500 -0.027158 -0.403935
v -3.218333 -0.022463 -0.413444
v -3.217614 -0.019571 -0.423761
v -3.217371 -0.018595 -0.434491
v -3.217614 -0.019571 -0.445221
v -3.218333 -0.022463 -0.455539
v -3.219500 -0.027158 -0.465048
v -3.221070 -0.033478 -0.473382
v -3.222984 -0.041178 -0.480222
v -3.225167 -0.049963 -0.485305
v -3.227536 -0.059495 -0.488434
v -3.226423 -0.060486 -0.380548
v -3.222984 -0.051908 -0.383678
v -3.219814 -0.044001 -0.388760
v -3.217036 -0.037072 -0.395600
v -3.214756 -0.031384 -0.403935
v -3.213062 -0.027158 -0.413444
v -3.212018 -0.024556 -0.423761
v -3.211666 -0.023677 -0.434491
v -3.212018 -0.024556 -0.445221
v -3.213062 -0.027158 -0.455539
v -3.214756 -0.031384 -0.465048
v -3.217036 -0.037072 -0.473382
v -3.219814 -0.044001 -0.480222
v -3.222984 -0.051908 -0.485305
v -3.226423 -0.060486 -0.488434
v -3.225448 -0.061821 -0.380548
v -3.221070 -0.054525 -0.383678
v -3.217036 -0.047801 -0.388760
v -3.213500 -0.041908 -0.395600
v -3.210598 -0.037072 -0.403935
v -3.208442 -0.033478 -0.413444
v -3.207114 -0.031265 -0.423761
v -3.206666 -0.030517 -0.434491
v -3.207114 -0.031265 -0.445221
v -3.208442 -0.033478 -0.455539
v -3.210598 -0.037072 -0.465048
v -3.213500 -0.041908 -0.473382
v -3.217036 -0.047801 -0.480222
v -3.221070 -0.054525 -0.485305
v -3.225448 -0.061821 -0.488434
v -3.224647 -0.063447 -0.380548
v -3.219500 -0.057715 -0.383678
v -3.214756 -0.052432 -0.388760
v -3.210598 -0.047801 -0.395600
v -3.207186 -0.044001 -0.403935
v -3.204650 -0.041178 -0.413444
v -3.203089 -0.039439 -0.423761
v -3.202562 -0.038852 -0.434491
v -3.203089 -0.039439 -0.445221
v -3.204650 -0.041178 -0.455539
v -3.207186 -0.044001 -0.465048
v -3.210598 -0.047801 -0.473382
v -3.214756 -0.052432 -0.480222
v -3.219500 -0.057715 -0.485305
v -3.224647 -0.063447 -0.488434
v -3.224052 -0.065302 -0.380548
v -3.218333 -0.061354 -0.383678
v -3.213062 -0.057715 -0.388760
v -3.208442 -0.054525 -0.395600
v -3.204650 -0.051908 -0.403935
v -3.201833 -0.049963 -0.413444
v -3.200098 -0.048765 -0.423761
v -3.199512 -0.048360 -0.434491
v -3.200098 -0.048765 -0.445221
v -3.201833 -0.049963 -0.455539
v -3.204650 -0.051908 -0.465048
v -3.208442 -0.054525 -0.473382
v -3.213062 -0.057715 -0.480222
v -3.218333 -0.061354 -0.485305
v -3.224052 -0.065302 -0.488434
v -3.223686 -0.067315 -0.380548
v -3.217614 -0.065302 -0.383678
v -3.212018 -0.063447 -0.388760
v -3.207114 -0.061821 -0.395600
v -3.203089 -0.060486 -0.403935
v -3.200098 -0.059495 -0.413444
v -3.198256 -0.058884 -0.423761
v -3.197634 -0.058678 -0.434491
v -3.198256 -0.058884 -0.445221
v -3.200098 -0.059495 -0.455539
v -3.203089 -0.060486 -0.465048
v -3.207114 -0.061821 -0.473382
v -3.212018 -0.063447 -0.480222
v -3.217614 -0.065302 -0.485305
v -3.223686 -0.067315 -0.488434
v -3.223562 -0.069408 -0.380548
v -3.217371 -0.069408 -0.383678
v -3.211666 -0.069408 -0.388760
v -3.206666 -0.069408 -0.395600
v -3.202562 -0.069408 -0.403935
v -3.199512 -0.069408 -0.413444
v -3.197634 -0.069408 -0.423761
v -3.197000 -0.069408 -0.434491
v -3.197634 -0.069408 -0.445221
v -3.199512 -0.069408 -0.455539
v -3.202562 -0.069408 -0.465048
v -3.206666 -0.069408 -0.473382
v -3.211666 -0.069408 -0.480222
v -3.217371 -0.069408 -0.485305
v -3.223562 -0.069408 -0.488434
v -3.223686 -0.071501 -0.380548
v -3.217614 -0.073514 -0.383678
v -3.212018 -0.075369 -0.388760
v -3.207114 -0.076995 -0.395600
v -3.203089 -0.078330 -0.403935
v -3.200098 -0.079321 -0.413444
v -3.198256 -0.079932 -0.423761
v -3.197634 -0.080138 -0.434491
v -3.198256 -0.079932 -0.445221
v -3.200098 -0.079321 -0.455539
v -3.203089 -0.078330 -0.465048
v -3.207114 -0.076995 -0.473382
v -3.212018 -0.075369 -0.480222
v -3.217614 -0.073514 -0.485305
v -3.223686 -0.071501 -0.488434
v -3.224052 -0.073514 -0.380548
v -3.218333 -0.077463 -0.383678
v -3.213062 -0.081102 -0.388760
v -3.208442 -0.084291 -0.395600
v -3.204650 -0.086909 -0.403935
v -3.201833 -0.088854 -0.413444
v -3.200098 -0.090051 -0.423761
v -3.199512 -0.090456 -0.434491
v -3.200098 -0.090051 -0.445221
v -3.201833 -0.088854 -0.455539
v -3.204650 -0.086909 -0.465048
v -3.208442 -0.084291 -0.473382
v -3.213062 -0.081102 -0.480222
v -3.218333 -0.077463 -0.485305
v -3.224052 -0.073514 -0.488434
v -3.224647 -0.075369 -0.380548
v -3.219500 -0.081102 -0.383678
v -3.214756 -0.086384 -0.388760
v -3.210598 -0.091015 -0.395600
v -3.207186 -0.094815 -0.403935
v -3.204650 -0.097638 -0.413444
v -3.203089 -0.099377 -0.423761
v -3.202562 -0.099964 -0.434491
v -3.203089 -0.099377 -0.445221
v -3.204650 -0.097638 -0.455539
v -3.207186 -0.094815 -0.465048
v -3.210598 -0.091015 -0.473382
v -3.214756 -0.086384 -0.480222
v -3.219500 -0.081102 -0.485305
v -3.224647 -0.075369 -0.488434
v -3.225448 -0.076995 -0.380548
v -3.221070 -0.084291 -0.383678
v -3.217036 -0.091015 -0.388760
v -3.213500 -0.096908 -0.395600
v -3.210598 -0.101745 -0.403935
v -3.208442 -0.105339 -0.413444
v -3.207114 -0.107552 -0.423761
v -3.206666 -0.108299 -0.434491
v -3.207114 -0.107552 -0.445221
v -3.208442 -0.105339 -0.455539
v -3.210598 -0.101745 -0.465048
v -3.213500 -0.096908 -0.473382
v -3.217036 -0.091015 -0.480222
v -3.221070 -0.084291 -0.485305
v -3.225448 -0.076995 -0.488434
v -3.226423 -0.078330 -0.380548
v -3.222984 -0.086908 -0.383678
v -3.219814 -0.094815 -0.388760
v -3.217036 -0.101745 -0.395600
v -3.214756 -0.107432 -0.403935
v -3.213062 -0.111658 -0.413444
v -3.212018 -0.114260 -0.423761
v -3.211666 -0.115139 -0.434491
v -3.212018 -0.114260 -0.445221
v -3.213062 -0.111658 -0.455539
v -3.214756 -0.107432 -0.465048
v -3.217036 -0.101745 -0.473382
v -3.219814 -0.094815 -0.480222
v -3.222984 -0.086908 -0.485305
v -3.226423 -0.078330 -0.488434
v -3.227536 -0.079321 -0.380548
v -3.225167 -0.088854 -0.383678
v -3.222984 -0.097638 -0.388760
v -3.221070 -0.105339 -0.395600
v -3.219500 -0.111658 -0.403935
v -3.218333 -0.116353 -0.413444
v -3.217614 -0.119245 -0.423761
v -3.217371 -0.120221 -0.434491
v -3.217614 -0.119245 -0.445221
v -3.218333 -0.116353 -0.455539
v -3.219500 -0.111658 -0.465048
v -3.221070 -0.105339 -0.473382
v -3.222984 -0.097638 -0.480222
v -3.225167 -0.088854 -0.485305
v -3.227536 -0.079321 -0.488434
v -3.228744 -0.079932 -0.380548
v -3.227536 -0.090051 -0.383678
v -3.226423 -0.099377 -0.388760
v -3.225448 -0.107552 -0.395600
v -3.224647 -0.114260 -0.403935
v -3.224052 -0.119245 -0.413444
v -3.223686 -0.122315 -0.423761
v -3.223562 -0.123351 -0.434491
v -3.223686 -0.122315 -0.445221
v -3.224052 -0.119245 -0.455539
v -3.224647 -0.114260 -0.465048
v -3.225448 -0.107552 -0.473382
v -3.226423 -0.099377 -0.480222
v -3.227536 -0.090051 -0.485305
v -3.228744 -0.079932 -0.488434
v -3.230000 -0.080138 -0.380548
v -3.230000 -0.090456 -0.383678
v -3.230000 -0.099964 -0.388760
v -3.230000 -0.108299 -0.395600
v -3.230000 -0.115139 -0.403935
v -3.230000 -0.120221 -0.413444
v -3.230000 -0.123351 -0.423761
v -3.230000 -0.124408 -0.434491
v -3.230000 -0.123351 -0.445221
v -3.230000 -0.120221 -0.455539
v -3.230000 -0.115139 -0.465048
v -3.230000 -0.108299 -0.473382
v -3.230000 -0.099964 -0.480222
v -3.230000 -0.090456 -0.485305
v -3.230000 -0.080138 -0.488434
v -3.231256 -0.079932 -0.380548
v -3.232464 -0.090051 -0.383678
v -3.233577 -0.099377 -0.388760
v -3.234552 -0.107552 -0.395600
v -3.235353 -0.114260 -0.403935
v -3.235948 -0.119245 -0.413444
v -3.236314 -0.122315 -0.423761
v -3.236438 -0.123351 -0.434491
v -3.236314 -0.122315 -0.445221
v -3.235948 -0.119245 -0.455539
v -3.235353 -0.114260 -0.465048
v -3.234552 -0.107552 -0.473382
v -3.233577 -0.099377 -0.480222
v -3.232464 -0.090051 -0.485305
v -3.231256 -0.079932 -0.488434
v -3.232464 -0.079321 -0.380548
v -3.234833 -0.088854 -0.383678
v -3.237016 -0.097638 -0.388760
v -3.238930 -0.105339 -0.395600
v -3.240500 -0.111658 -0.403935
v -3.241667 -0.116353 -0.413444
v -3.242386 -0.119245 -0.423761
v -3.242629 -0.120221 -0.434491
v -3.242386 -0.119245 -0.445221
v -3.241667 -0.116353 -0.455539
v -3.240500 -0.111658 -0.465048
v -3.238930 -0.105339 -0.473382
v -3.237016 -0.097638 -0.480222
v -3.234833 -0.088854 -0.485305
v -3.232464 -0.079321 -0.488434
v -3.233577 -0.078330 -0.380548
v -3.237016 -0.086908 -0.383678
v -3.240186 -0.094815 -0.388760
v -3.242964 -0.101745 -0.395600
v -3.245244 -0.107432 -0.403935
v -3.246938 -0.111658 -0.413444
v -3.247982 -0.114260 -0.423761
v -3.248334 -0.115139 -0.434491
v -3.247982 -0.114260 -0.445221
v -3.246938 -0.111658 -0.455539
v -3.245244 -0.107432 -0.465048
v -3.242964 -0.101745 -0.473382
v -3.240186 -0.094815 -0.480222
v -3.237016 -0.086908 -0.485305
v -3.233577 -0.078330 -0.488434
v -3.234552 -0.076995 -0.380548
v -3.238930 -0.084291 -0.383678
v -3.242964 -0.091015 -0.388760
v -3.246500 -0.096908 -0.395600
v -3.249402 -0.101745 -0.403935
v -3.251558 -0.105339 -0.413444
v -3.252886 -0.107552 -0.423761
v -3.253335 -0.108299 -0.434491
v -3.252886 -0.107552 -0.445221
v -3.251558 -0.105339 -0.455539
v -3.249402 -0.101745 -0.465048
v -3.246500 -0.096908 -0.473382
v -3.242964 -0.091015 -0.480222
v -3.238930 -0.084291 -0.485305
v -3.234552 -0.076995 -0.488434
v -3.235353 -0.075369 -0.380548
v -3.240500 -0.081102 -0.383678
v -3.245244 -0.086384 -0.388760
v -3.249402 -0.091015 -0.395600
v -3.252814 -0.094815 -0.403935
v -3.255350 -0.097638 -0.413444
v -3.256911 -0.099377 -0.423761
v -3.257438 -0.099964 -0.434491
v -3.256911 -0.099377 -0.445221
v -3.255350 -0.097638 -0.455539
v -3.252814 -0.094815 -0.465048
v -3.249402 -0.091015 -0.473382
v -3.245244 -0.086384 -0.480222
v -3.240500 -0.081102 -0.485305
v -3.235353 -0.075369 -0.488434
v -3.235948 -0.073514 -0.380548
v -3.241667 -0.077463 -0.383678
v -3.246938 -0.081102 -0.388760
v -3.251558 -0.084291 -0.395600
v -3.255350 -0.086908 -0.403935
v -3.258167 -0.088854 -0.413444
v -3.259902 -0.090051 -0.423761
v -3.260488 -0.090456 -0.434491
v -3.259902 -0.090051 -0.445221
v -3.258167 -0.088854 -0.455539
v -3.255350 -0.086908 -0.465048
v -3.251558 -0.084291 -0.473382
v -3.246938 -0.081102 -0.480222
v -3.241667 -0.077463 -0.485305
v -3.235948 -0.073514 -0.488434
v -3.236314 -0.071501 -0.380548
v -3.242386 -0.073514 -0.383678
v -3.247982 -0.075369 -0.388760
v -3.252886 -0.076995 -0.395600
v -3.256911 -0.078330 -0.403935
v -3.259902 -0.079321 -0.413444
v -3.261744 -0.079932 -0.423761
v -3.262366 -0.080138 -0.434491
v -3.261744 -0.079932 -0.445221
v -3.259902 -0.079321 -0.455539
v -3.256911 -0.078330 -0.465048
v -3.252886 -0.076995 -0.473382
v -3.247982 -0.075369 -0.480222
v -3.242386 -0.073514 -0.485305
v -3.236314 -0.071501 -0.488434
v -3.236438 -0.069408 -0.380548
v -3.242629 -0.069408 -0.383678
v -3.248334 -0.069408 -0.388760
v -3.253335 -0.069408 -0.395600
v -3.257438 -0.069408 -0.403935
v -3.260488 -0.069408 -0.413444
v -3.262366 -0.069408 -0.423761
v -3.263000 -0.069408 -0.434491
v -3.262366 -0.069408 -0.445221
v -3.260488 -0.069408 -0.455539
v -3.257438 -0.069408 -0.465048
v -3.253335 -0.069408 -0.473382
v -3.248334 -0.069408 -0.480222
v -3.242629 -0.069408 -0.485305
v -3.236438 -0.069408 -0.488434
v -3.236314 -0.067315 -0.380548
v -3.242386 -0.065302 -0.383678
v -3.247982 -0.063447 -0.388760
v -3.252886 -0.061821 -0.395600
v -3.256911 -0.060486 -0.403935
v -3.259902 -0.059495 -0.413444
v -3.261744 -0.058884 -0.423761
v -3.262366 -0.058678 -0.434491
v -3.261744 -0.058884 -0.445221
v -3.259902 -0.059495 -0.455539
v -3.256911 -0.060486 -0.465048
v -3.252886 -0.061821 -0.473382
v -3.247982 -0.063447 -0.480222
v -3.242386 -0.065302 -0.485305
v -3.236314 -0.067315 -0.488434
v -3.235948 -0.065302 -0.380548
v -3.241667 -0.061354 -0.383678
v -3.246938 -0.057715 -0.388760
v -3.251558 -0.054525 -0.395600
v -3.255350 -0.051908 -0.403935
v -3.258167 -0.049963 -0.413444
v -3.259902 -0.048765 -0.423761
v -3.260488 -0.048360 -0.434491
v -3.259902 -0.048765 -0.445221
v -3.258167 -0.049963 -0.455539
v -3.255350 -0.051908 -0.465048
v -3.251558 -0.054525 -0.473382
v -3.246938 -0.057715 -0.480222
v -3.241667 -0.061354 -0.485305
v -3.235948 -0.065302 -0.488434
v -3.235353 -0.063447 -0.380548
v -3.240500 -0.057715 -0.383678
v -3.245244 -0.052432 -0.388760
v -3.249402 -0.047801 -0.395600
v -3.252814 -0.044001 -0.403935
v -3.255350 -0.041178 -0.413444
v -3.256911 -0.039439 -0.423761
v -3.257438 -0.038852 -0.434491
v -3.256911 -0.039439 -0.445221
v -3.255350 -0.041178 -0.455539
v -3.252814 -0.044001 -0.465048
v -3.249402 -0.047801 -0.473382
v -3.245244 -0.052432 -0.480222
v -3.240500 -0.057715 -0.485305
v -3.235353 -0.063447 -0.488434
v -3.234552 -0.061821 -0.380548
v -3.238930 -0.054525 -0.383678
v -3.242964 -0.047801 -0.388760
v -3.246500 -0.041908 -0.395600
v -3.249402 -0.037072 -0.403935
v -3.251558 -0.033478 -0.413444
v -3.252886 -0.031265 -0.423761
v -3.253335 -0.030517 -0.434491
v -3.252886 -0.031265 -0.445221
v -3.251558 -0.033478 -0.455539
v -3.249402 -0.037072 -0.465048
v -3.246500 -0.041908 -0.473382
v -3.242964 -0.047801 -0.480222
v -3.238930 -0.054525 -0.485305
v -3.234552 -0.061821 -0.488434
v -3.233577 -0.060486 -0.380548
v -3.237016 -0.051908 -0.383678
v -3.240186 -0.044001 -0.388760
v -3.242964 -0.037072 -0.395600
v -3.245244 -0.031384 -0.403935
v -3.246938 -0.027158 -0.413444
v -3.247982 -0.024556 -0.423761
v -3.248334 -0.023677 -0.434491
v -3.247982 -0.024556 -0.445221
v -3.246938 -0.027158 -0.455539
v -3.245244 -0.031384 -0.465048
v -3.242964 -0.037072 -0.473382
v -3.240186 -0.044001 -0.480222
v -3.237016 -0.051908 -0.485305
v -3.233577 -0.060486 -0.488434
v -3.232464 -0.059495 -0.380548
v -3.234833 -0.049963 -0.383678
v -3.237016 -0.041178 -0.388760
v -3.238930 -0.033478 -0.395600
v -3.240500 -0.027158 -0.403935
v -3.241667 -0.022463 -0.413444
v -3.242386 -0.019571 -0.423761
v -3.242629 -0.018595 -0.434491
v -3.242386 -0.019571 -0.445221
v -3.241667 -0.022463 -0.455539
v -3.240500 -0.027158 -0.465048
v -3.238930 -0.033478 -0.473382
v -3.237016 -0.041178 -0.480222
v -3.234833 -0.049963 -0.485305
v -3.232464 -0.059495 -0.488434
v -3.231256 -0.058884 -0.380548
v -3.232464 -0.048765 -0.383678
v -3.233577 -0.039439 -0.388760
v -3.234552 -0.031265 -0.395600
v -3.235353 -0.024556 -0.403935
v -3.235948 -0.019571 -0.413444
v -3.236314 -0.016501 -0.423761
v -3.236438 -0.015465 -0.434491
v -3.236314 -0.016501 -0.445221
v -3.235948 -0.019571 -0.455539
v -3.235353 -0.024556 -0.465048
v -3.234552 -0.031265 -0.473382
v -3.233577 -0.039439 -0.480222
v -3.232464 -0.048765 -0.485305
v -3.231256 -0.058884 -0.488434
v -3.230000 -0.048361 -0.383678
v -3.230000 -0.023677 -0.403935
v -3.230000 -0.015465 -0.423761
v -3.230000 -0.018595 -0.455539
v -3.230000 -0.030517 -0.473382
v -3.230000 -0.048361 -0.485305
v -3.230000 -0.058678 -0.488434
v -3.230000 -0.233128 -0.338164
v -3.230000 -0.213683 -0.344063
v -3.230000 -0.208379 -0.348415
v -3.230000 -0.200792 -0.359770
v -3.230000 -0.198800 -0.366336
v -3.230000 -0.198128 -0.373164
v -3.230000 -0.198800 -0.379992
v -3.230000 -0.200792 -0.386558
v -3.230000 -0.204026 -0.392609
v -3.230000 -0.213683 -0.402265
v -3.230000 -0.233128 -0.408164
v -3.229201 -0.226431 -0.338837
v -3.228432 -0.219991 -0.340828
v -3.227724 -0.214057 -0.344063
v -3.227103 -0.208855 -0.348415
v -3.226593 -0.204586 -0.353719
v -3.226215 -0.201413 -0.359770
v -3.225982 -0.199460 -0.366336
v -3.225903 -0.198800 -0.373164
v -3.225982 -0.199460 -0.379992
v -3.226215 -0.201413 -0.386558
v -3.226593 -0.204586 -0.392609
v -3.227103 -0.208855 -0.397913
v -3.227724 -0.214057 -0.402265
v -3.228432 -0.219991 -0.405500
v -3.229201 -0.226431 -0.407492
v -3.228432 -0.226820 -0.338837
v -3.226925 -0.220754 -0.340828
v -3.225535 -0.215163 -0.344063
v -3.224318 -0.210263 -0.348415
v -3.223318 -0.206242 -0.353719
v -3.222575 -0.203254 -0.359770
v -3.222118 -0.201413 -0.366336
v -3.221964 -0.200792 -0.373164
v -3.222118 -0.201413 -0.379992
v -3.222575 -0.203254 -0.386558
v -3.223318 -0.206242 -0.392609
v -3.224318 -0.210263 -0.397913
v -3.225535 -0.215163 -0.402265
v -3.226925 -0.220754 -0.405500
v -3.228432 -0.226820 -0.407492
v -3.227724 -0.227451 -0.338837
v -3.225535 -0.221991 -0.340828
v -3.223518 -0.216960 -0.344063
v -3.221750 -0.212550 -0.348415
v -3.220299 -0.208931 -0.353719
v -3.219221 -0.206242 -0.359770
v -3.218557 -0.204586 -0.366336
v -3.218333 -0.204026 -0.373164
v -3.218557 -0.204586 -0.379992
v -3.219221 -0.206242 -0.386558
v -3.220299 -0.208931 -0.392609
v -3.221750 -0.212550 -0.397913
v -3.223518 -0.216960 -0.402265
v -3.225535 -0.221991 -0.405500
v -3.227724 -0.227451 -0.407492
v -3.227103 -0.228300 -0.338837
v -3.224318 -0.223657 -0.340828
v -3.221750 -0.219378 -0.344063
v -3.219500 -0.215628 -0.348415
v -3.217653 -0.212550 -0.353719
v -3.216281 -0.210263 -0.359770
v -3.215436 -0.208855 -0.366336
v -3.215151 -0.208379 -0.373164
v -3.215436 -0.208855 -0.379992
v -3.216281 -0.210263 -0.386558
v -3.217653 -0.212550 -0.392609
v -3.219500 -0.215628 -0.397913
v -3.221750 -0.219378 -0.402265
v -3.224318 -0.223657 -0.405500
v -3.227103 -0.228300 -0.407492
v -3.226593 -0.229334 -0.338837
v -3.223318 -0.225687 -0.340828
v -3.220299 -0.222325 -0.344063
v -3.217653 -0.219378 -0.348415
v -3.215482 -0.216960 -0.353719
v -3.213868 -0.215163 -0.359770
v -3.212875 -0.214057 -0.366336
v -3.212539 -0.213683 -0.373164
v -3.212875 -0.214057 -0.379992
v -3.213868 -0.215163 -0.386558
v -3.215482 -0.216960 -0.392609
v -3.217653 -0.219378 -0.397913
v -3.220299 -0.222325 -0.402265
v -3.223318 -0.225687 -0.405500
v -3.226593 -0.229334 -0.407492
v -3.226215 -0.230515 -0.338837
v -3.222575 -0.228002 -0.340828
v -3.219221 -0.225687 -0.344063
v -3.216281 -0.223657 -0.348415
v -3.213868 -0.221991 -0.353719
v -3.212075 -0.220754 -0.359770
v -3.210971 -0.219991 -0.366336
v -3.210598 -0.219734 -0.373164
v -3.210971 -0.219991 -0.379992
v -3.212075 -0.220754 -0.386558
v -3.213868 -0.221991 -0.392609
v -3.216281 -0.223657 -0.397913
v -3.219221 -0.225687 -0.402265
v -3.222575 -0.228002 -0.405500
v -3.226215 -0.230515 -0.407492
v -3.225982 -0.231796 -0.338837
v -3.222118 -0.230515 -0.340828
v -3.218557 -0.229334 -0.344063
v -3.215436 -0.228300 -0.348415
v -3.212875 -0.227451 -0.353719
v -3.210971 -0.226820 -0.359770
v -3.209799 -0.226431 -0.366336
v -3.209404 -0.226300 -0.373164
v -3.209799 -0.226431 -0.379992
v -3.210971 -0.226820 -0.386558
v -3.212875 -0.227451 -0.392609
v -3.215436 -0.228300 -0.397913
v -3.218557 -0.229334 -0.402265
v -3.222118 -0.230515 -0.405500
v -3.225982 -0.231796 -0.407492
v -3.225903 -0.233128 -0.338837
v -3.221964 -0.233128 -0.340828
v -3.218333 -0.233128 -0.344063
v -3.215151 -0.233128 -0.348415
v -3.212539 -0.233128 -0.353719
v -3.210598 -0.233128 -0.359770
v -3.209404 -0.233128 -0.366336
v -3.209000 -0.233128 -0.373164
v -3.209404 -0.233128 -0.379992
v -3.210598 -0.233128 -0.386558
v -3.212539 -0.233128 -0.392609
v -3.215151 -0.233128 -0.397913
v -3.218333 -0.233128 -0.402265
v -3.221964 -0.233128 -0.405500
v -3.225903 -0.233128 -0.407492
v -3.225982 -0.234460 -0.338837
v -3.222118 -0.235741 -0.340828
v -3.218557 -0.236921 -0.344063
v -3.215436 -0.237956 -0.348415
v -3.212875 -0.238805 -0.353719
v -3.210971 -0.239436 -0.359770
v -3.209799 -0.239825 -0.366336
v -3.209404 -0.239956 -0.373164
v -3.209799 -0.239825 -0.379992
v -3.210971 -0.239436 -0.386558
v -3.212875 -0.238805 -0.392609
v -3.215436 -0.237956 -0.397913
v -3.218557 -0.236921 -0.402265
v -3.222118 -0.235741 -0.405500
v -3.225982 -0.234460 -0.407492
v -3.226215 -0.235741 -0.338837
v -3.222575 -0.238254 -0.340828
v -3.219221 -0.240569 -0.344063
v -3.216281 -0.242599 -0.348415
v -3.213868 -0.244265 -0.353719
v -3.212075 -0.245502 -0.359770
v -3.210971 -0.246264 -0.366336
v -3.210598 -0.246522 -0.373164
v -3.210971 -0.246264 -0.379992
v -3.212075 -0.245502 -0.386558
v -3.213868 -0.244265 -0.392609
v -3.216281 -0.242599 -0.397913
v -3.219221 -0.240569 -0.402265
v -3.222575 -0.238254 -0.405500
v -3.226215 -0.235741 -0.407492
v -3.226593 -0.236921 -0.338837
v -3.223318 -0.240569 -0.340828
v -3.220299 -0.243931 -0.344063
v -3.217653 -0.246878 -0.348415
v -3.215482 -0.249296 -0.353719
v -3.213868 -0.251093 -0.359770
v -3.212875 -0.252199 -0.366336
v -3.212539 -0.252573 -0.373164
v -3.212875 -0.252199 -0.379992
v -3.213868 -0.251093 -0.386558
v -3.215482 -0.249296 -0.392609
v -3.217653 -0.246878 -0.397913
v -3.220299 -0.243931 -0.402265
v -3.223318 -0.240569 -0.405500
v -3.226593 -0.236921 -0.407492
v -3.227103 -0.237956 -0.338837
v -3.224318 -0.242599 -0.340828
v -3.221750 -0.246878 -0.344063
v -3.219500 -0.250628 -0.348415
v -3.217653 -0.253706 -0.353719
v -3.216281 -0.255993 -0.359770
v -3.215436 -0.257401 -0.366336
v -3.215151 -0.257877 -0.373164
v -3.215436 -0.257401 -0.379992
v -3.216281 -0.255993 -0.386558
v -3.217653 -0.253706 -0.392609
v -3.219500 -0.250628 -0.397913
v -3.221750 -0.246878 -0.402265
v -3.224318 -0.242599 -0.405500
v -3.227103 -0.237956 -0.407492
v -3.227724 -0.238805 -0.338837
v -3.225535 -0.244265 -0.340828
v -3.223518 -0.249296 -0.344063
v -3.221750 -0.253706 -0.348415
v -3.220299 -0.257325 -0.353719
v -3.219221 -0.260014 -0.359770
v -3.218557 -0.261670 -0.366336
v -3.218333 -0.262229 -0.373164
v -3.218557 -0.261670 -0.379992
v -3.219221 -0.260014 -0.386558
v -3.220299 -0.257325 -0.392609
v -3.221750 -0.253706 -0.397913
v -3.223518 -0.249296 -0.402265
v -3.225535 -0.244265 -0.405500
v -3.227724 -0.238805 -0.407492
v -3.228432 -0.239436 -0.338837
v -3.226925 -0.245502 -0.340828
v -3.225535 -0.251093 -0.344063
v -3.224318 -0.255993 -0.348415
v -3.223318 -0.260014 -0.353719
v -3.222575 -0.263002 -0.359770
v -3.222118 -0.264842 -0.366336
v -3.221964 -0.265464 -0.373164
v -3.222118 -0.264842 -0.379992
v -3.222575 -0.263002 -0.386558
v -3.223318 -0.260014 -0.392609
v -3.224318 -0.255993 -0.397913
v -3.225535 -0.251093 -0.402265
v -3.226925 -0.245502 -0.405500
v -3.228432 -0.239436 -0.407492
v -3.229201 -0.239825 -0.338837
v -3.228432 -0.246264 -0.340828
v -3.227724 -0.252199 -0.344063
v -3.227103 -0.257401 -0.348415
v -3.226593 -0.261670 -0.353719
v -3.226215 -0.264842 -0.359770
v -3.225982 -0.266796 -0.366336
v -3.225903 -0.267455 -0.373164
v -3.225982 -0.266796 -0.379992
v -3.226215 -0.264842 -0.386558
v -3.226593 -0.261670 -0.392609
v -3.227103 -0.257401 -0.397913
v -3.227724 -0.252199 -0.402265
v -3.228432 -0.246264 -0.405500
v -3.229201 -0.239825 -0.407492
v -3.230000 -0.239956 -0.338837
v -3.230000 -0.246522 -0.340828
v -3.230000 -0.252573 -0.344063
v -3.230000 -0.257877 -0.348415
v -3.230000 -0.262229 -0.353719
v -3.230000 -0.265464 -0.359770
v -3.230000 -0.267455 -0.366336
v -3.230000 -0.268128 -0.373164
v -3.230000 -0.267455 -0.379992
v -3.230000 -0.265464 -0.386558
v -3.230000 -0.262229 -0.392609
v -3.230000 -0.257877 -0.397913
v -3.230000 -0.252573 -0.402265
v -3.230000 -0.246522 -0.405500
v -3.230000 -0.239956 -0.407492
v -3.230799 -0.239825 -0.338837
v -3.231568 -0.246264 -0.340828
v -3.232276 -0.252199 -0.344063
v -3.232897 -0.257401 -0.348415
v -3.233407 -0.261670 -0.353719
v -3.233785 -0.264842 -0.359770
v -3.234018 -0.266796 -0.366336
v -3.234097 -0.267455 -0.373164
v -3.234018 -0.266796 -0.379992
v -3.233785 -0.264842 -0.386558
v -3.233407 -0.261670 -0.392609
v -3.232897 -0.257401 -0.397913
v -3.232276 -0.252199 -0.402265
v -3.231568 -0.246264 -0.405500
v -3.230799 -0.239825 -0.407492
v -3.231568 -0.239436 -0.338837
v -3.233075 -0.245502 -0.340828
v -3.234465 -0.251093 -0.344063
v -3.235682 -0.255993 -0.348415
v -3.236682 -0.260014 -0.353719
v -3.237425 -0.263002 -0.359770
v -3.237882 -0.264842 -0.366336
v -3.238036 -0.265464 -0.373164
v -3.237882 -0.264842 -0.379992
v -3.237425 -0.263002 -0.386558
v -3.236682 -0.260014 -0.392609
v -3.235682 -0.255993 -0.397913
v -3.234465 -0.251093 -0.402265
v -3.233075 -0.245502 -0.405500
v -3.231568 -0.239436 -0.407492
v -3.232276 -0.238805 -0.338837
v -3.234465 -0.244265 -0.340828
v -3.236482 -0.249296 -0.344063
v -3.238250 -0.253706 -0.348415
v -3.239701 -0.257325 -0.353719
v -3.240779 -0.260014 -0.359770
v -3.241443 -0.261670 -0.366336
v -3.241667 -0.262229 -0.373164
v -3.241443 -0.261670 -0.379992
v -3.240779 -0.260014 -0.386558
v -3.239701 -0.257325 -0.392609
v -3.238250 -0.253706 -0.397913
v -3.236482 -0.249296 -0.402265
v -3.234465 -0.244265 -0.405500
v -3.232276 -0.238805 -0.407492
v -3.232897 -0.237956 -0.338837
v -3.235682 -0.242599 -0.340828
v -3.238250 -0.246878 -0.344063
v -3.240500 -0.250628 -0.348415
v -3.242347 -0.253706 -0.353719
v -3.243719 -0.255993 -0.359770
v -3.244564 -0.257401 -0.366336
v -3.244849 -0.257877 -0.373164
v -3.244564 -0.257401 -0.379992
v -3.243719 -0.255993 -0.386558
v -3.242347 -0.253706 -0.392609
v -3.240500 -0.250628 -0.397913
v -3.238250 -0.246878 -0.402265
v -3.235682 -0.242599 -0.405500
v -3.232897 -0.237956 -0.407492
v -3.233407 -0.236921 -0.338837
v -3.236682 -0.240569 -0.340828
v -3.239701 -0.243931 -0.344063
v -3.242347 -0.246878 -0.348415
v -3.244518 -0.249296 -0.353719
v -3.246132 -0.251093 -0.359770
v -3.247125 -0.252199 -0.366336
v -3.247461 -0.252573 -0.373164
v -3.247125 -0.252199 -0.379992
v -3.246132 -0.251093 -0.386558
v -3.244518 -0.249296 -0.392609
v -3.242347 -0.246878 -0.397913
v -3.239701 -0.243931 -0.402265
v -3.236682 -0.240569 -0.405500
v -3.233407 -0.236921 -0.407492
v -3.233785 -0.235741 -0.338837
v -3.237425 -0.238254 -0.340828
v -3.240779 -0.240569 -0.344063
v -3.243719 -0.242599 -0.348415
v -3.246132 -0.244265 -0.353719
v -3.247925 -0.245502 -0.359770
v -3.249029 -0.246264 -0.366336
v -3.249402 -0.246522 -0.373164
v -3.249029 -0.246264 -0.379992
v -3.247925 -0.245502 -0.386558
v -3.246132 -0.244265 -0.392609
v -3.243719 -0.242599 -0.397913
v -3.240779 -0.240569 -0.402265
v -3.237425 -0.238254 -0.405500
v -3.233785 -0.235741 -0.407492
v -3.234018 -0.234460 -0.338837
v -3.237882 -0.235741 -0.340828
v -3.241443 -0.236921 -0.344063
v -3.244564 -0.237956 -0.348415
v -3.247125 -0.238805 -0.353719
v -3.249029 -0.239436 -0.359770
v -3.250201 -0.239825 -0.366336
v -3.250597 -0.239956 -0.373164
v -3.250201 -0.239825 -0.379992
v -3.249029 -0.239436 -0.386558
v -3.247125 -0.238805 -0.392609
v -3.244564 -0.237956 -0.397913
v -3.241443 -0.236921 -0.402265
v -3.237882 -0.235741 -0.405500
v -3.234018 -0.234460 -0.407492
v -3.234097 -0.233128 -0.338837
v -3.238036 -0.233128 -0.340828
v -3.241667 -0.233128 -0.344063
v -3.244849 -0.233128 -0.348415
v -3.247461 -0.233128 -0.353719
v -3.249402 -0.233128 -0.359770
v -3.250597 -0.233128 -0.366336
v -3.251000 -0.233128 -0.373164
v -3.250597 -0.233128 -0.379992
v -3.249402 -0.233128 -0.386558
v -3.247461 -0.233128 -0.392609
v -3.244849 -0.233128 -0.397913
v -3.241667 -0.233128 -0.402265
v -3.238036 -0.233128 -0.405500
v -3.234097 -0.233128 -0.407492
v -3.234018 -0.231796 -0.338837
v -3.237882 -0.230515 -0.340828
v -3.241443 -0.229334 -0.344063
v -3.244564 -0.228300 -0.348415
v -3.247125 -0.227451 -0.353719
v -3.249029 -0.226820 -0.359770
v -3.250201 -0.226431 -0.366336
v -3.250597 -0.226300 -0.373164
v -3.250201 -0.226431 -0.379992
v -3.249029 -0.226820 -0.386558
v -3.247125 -0.227451 -0.392609
v -3.244564 -0.228300 -0.397913
v -3.241443 -0.229334 -0.402265
v -3.237882 -0.230515 -0.405500
v -3.234018 -0.231796 -0.407492
v -3.233785 -0.230515 -0.338837
v -3.237425 -0.228002 -0.340828
v -3.240779 -0.225687 -0.344063
v -3.243719 -0.223657 -0.348415
v -3.246132 -0.221991 -0.353719
v -3.247925 -0.220754 -0.359770
v -3.249029 -0.219991 -0.366336
v -3.249402 -0.219734 -0.373164
v -3.249029 -0.219991 -0.379992
v -3.247925 -0.220754 -0.386558
v -3.246132 -0.221991 -0.392609
v -3.243719 -0.223657 -0.397913
v -3.240779 -0.225687 -0.402265
v -3.237425 -0.228002 -0.405500
v -3.233785 -0.230515 -0.407492
v -3.233407 -0.229334 -0.338837
v -3.236682 -0.225687 -0.340828
v -3.239701 -0.222325 -0.344063
v -3.242347 -0.219378 -0.348415
v -3.244518 -0.216960 -0.353719
v -3.246132 -0.215163 -0.359770
v -3.247125 -0.214057 -0.366336
v -3.247461 -0.213683 -0.373164
v -3.247125 -0.214057 -0.379992
v -3.246132 -0.215163 -0.386558
v -3.244518 -0.216960 -0.392609
v -3.242347 -0.219378 -0.397913
v -3.239701 -0.222325 -0.402265
v -3.236682 -0.225687 -0.405500
v -3.233407 -0.229334 -0.407492
v -3.232897 -0.228300 -0.338837
v -3.235682 -0.223657 -0.340828
v -3.238250 -0.219378 -0.344063
v -3.240500 -0.215628 -0.348415
v -3.242347 -0.212550 -0.353719
v -3.243719 -0.210263 -0.359770
v -3.244564 -0.208855 -0.366336
v -3.244849 -0.208379 -0.373164
v -3.244564 -0.208855 -0.379992
v -3.243719 -0.210263 -0.386558
v -3.242347 -0.212550 -0.392609
v -3.240500 -0.215628 -0.397913
v -3.238250 -0.219378 -0.402265
v -3.235682 -0.223657 -0.405500
v -3.232897 -0.228300 -0.407492
v -3.232276 -0.227451 -0.338837
v -3.234465 -0.221991 -0.340828
v -3.236482 -0.216960 -0.344063
v -3.238250 -0.212550 -0.348415
v -3.239701 -0.208931 -0.353719
v -3.240779 -0.206242 -0.359770
v -3.241443 -0.204586 -0.366336
v -3.241667 -0.204026 -0.373164
v -3.241443 -0.204586 -0.379992
v -3.240779 -0.206242 -0.386558
v -3.239701 -0.208931 -0.392609
v -3.238250 -0.212550 -0.397913
v -3.236482 -0.216960 -0.402265
v -3.234465 -0.221991 -0.405500
v -3.232276 -0.227451 -0.407492
v -3.231568 -0.226820 -0.338837
v -3.233075 -0.220754 -0.340828
v -3.234465 -0.215163 -0.344063
v -3.235682 -0.210263 -0.348415
v -3.236682 -0.206242 -0.353719
v -3.237425 -0.203254 -0.359770
v -3.237882 -0.201413 -0.366336
v -3.238036 -0.200792 -0.373164
v -3.237882 -0.201413 -0.379992
v -3.237425 -0.203254 -0.386558
v -3.236682 -0.206242 -0.392609
v -3.235682 -0.210263 -0.397913
v -3.234465 -0.215163 -0.402265
v -3.233075 -0.220754 -0.405500
v -3.231568 -0.226820 -0.407492
v -3.230799 -0.226431 -0.338837
v -3.231568 -0.219991 -0.340828
v -3.232276 -0.214057 -0.344063
v -3.232897 -0.208855 -0.348415
v -3.233407 -0.204586 -0.353719
v -3.233785 -0.201413 -0.359770
v -3.234018 -0.199460 -0.366336
v -3.234097 -0.198800 -0.373164
v -3.234018 -0.199460 -0.379992
v -3.233785 -0.201413 -0.386558
v -3.233407 -0.204586 -0.392609
v -3.232897 -0.208855 -0.397913
v -3.232276 -0.214057 -0.402265
v -3.231568 -0.219991 -0.405500
v -3.230799 -0.226431 -0.407492
v -3.230000 -0.226300 -0.338837
v -3.230000 -0.219734 -0.340828
v -3.230000 -0.204026 -0.353719
v -3.230000 -0.208379 -0.397913
v -3.230000 -0.219734 -0.405500
v -3.230000 -0.226300 -0.407492
v -3.230000 0.200000 -0.646511
v -3.230000 0.200000 -0.300000
v -3.230000 0.290000 -0.646511
v -3.230000 0.290000 -0.300000
v -3.222000 0.200000 -0.646511
v -3.222000 0.200000 -0.300000
v -3.222000 0.290000 -0.646511
v -3.222000 0.290000 -0.300000
v -3.290000 0.399347 -0.646011
v -3.290000 0.399347 -0.643011
v -3.277820 0.395130 -0.646011
v -3.277820 0.395130 -0.643011
v -3.266274 0.391753 -0.646011
v -3.266274 0.391753 -0.643011
v -3.254482 0.390067 -0.646011
v -3.254482 0.390067 -0.643011
v -3.241464 0.390136 -0.646011
v -3.241464 0.390136 -0.643011
v -3.226611 0.391225 -0.646011
v -3.226611 0.391225 -0.643011
v -3.210056 0.392034 -0.646011
v -3.210056 0.392034 -0.643011
v -3.192797 0.391110 -0.646011
v -3.192797 0.391110 -0.643011
v -3.176521 0.387291 -0.646011
v -3.176521 0.387291 -0.643011
v -3.163174 0.380064 -0.646011
v -3.163174 0.380064 -0.643011
v -3.154398 0.369697 -0.646011
v -3.154398 0.369697 -0.643011
v -3.151030 0.357139 -0.646011
v -3.151030 0.357139 -0.643011
v -3.152822 0.343709 -0.646011
v -3.152822 0.343709 -0.643011
v -3.158476 0.330690 -0.646011
v -3.158476 0.330690 -0.643011
v -3.166002 0.318973 -0.646011
v -3.166002 0.318973 -0.643011
v -3.173281 0.308843 -0.646011
v -3.173281 0.308843 -0.643011
v -3.178658 0.300000 -0.646011
v -3.178658 0.300000 -0.643011
v -3.181388 0.291771 -0.646011
v -3.181388 0.291771 -0.643011
v -3.181794 0.283444 -0.646011
v -3.181794 0.283444 -0.643011
v -3.181090 0.274587 -0.646011
v -3.181090 0.274587 -0.643011
v -3.180939 0.265250 -0.646011
v -3.180939 0.265250 -0.643011
v -3.182896 0.255963 -0.646011
v -3.182896 0.255963 -0.643011
v -3.187917 0.247531 -0.646011
v -3.187917 0.247531 -0.643011
v -3.196084 0.240712 -0.646011
v -3.196084 0.240712 -0.643011
v -3.206649 0.235884 -0.646011
v -3.206649 0.235884 -0.643011
v -3.218339 0.232832 -0.646011
v -3.218339 0.232832 -0.643011
v -3.229838 0.230740 -0.646011
v -3.229838 0.230740 -0.643011
v -3.240252 0.228407 -0.646011
v -3.240252 0.228407 -0.643011
v -3.249413 0.224627 -0.646011
v -3.249413 0.224627 -0.643011
v -3.257902 0.218606 -0.646011
v -3.257902 0.218606 -0.643011
v -3.266801 0.210286 -0.646011
v -3.266801 0.210286 -0.643011
v -3.277255 0.200458 -0.646011
v -3.277255 0.200458 -0.643011
v -3.290000 0.190615 -0.646011
v -3.290000 0.190615 -0.643011
v -3.305034 0.182585 -0.646011
v -3.305034 0.182585 -0.643011
v -3.321535 0.178047 -0.646011
v -3.321535 0.178047 -0.643011
v -3.338079 0.178081 -0.646011
v -3.338079 0.178081 -0.643011
v -3.353065 0.182882 -0.646011
v -3.353065 0.182882 -0.643011
v -3.365231 0.191734 -0.646011
v -3.365231 0.191734 -0.643011
v -3.374051 0.203238 -0.646011
v -3.374051 0.203238 -0.643011
v -3.379913 0.215724 -0.646011
v -3.379913 0.215724 -0.643011
v -3.383972 0.227714 -0.646011
v -3.383972 0.227714 -0.643011
v -3.387752 0.238290 -0.646011
v -3.387752 0.238290 -0.643011
v -3.392609 0.247261 -0.646011
v -3.392609 0.247261 -0.643011
v -3.399245 0.255083 -0.646011
v -3.399245 0.255083 -0.643011
v -3.407421 0.262587 -0.646011
v -3.407421 0.262587 -0.643011
v -3.415994 0.270600 -0.646011
v -3.415994 0.270600 -0.643011
v -3.423249 0.279612 -0.646011
v -3.423249 0.279612 -0.643011
v -3.427430 0.289588 -0.646011
v -3.427430 0.289588 -0.643011
v -3.427306 0.300000 -0.646011
v -3.427306 0.300000 -0.643011
v -3.422575 0.310044 -0.646011
v -3.422575 0.310044 -0.643011
v -3.413984 0.318971 -0.646011
v -3.413984 0.318971 -0.643011
v -3.403116 0.326395 -0.646011
v -3.403116 0.326395 -0.643011
v -3.391926 0.332476 -0.646011
v -3.391926 0.332476 -0.643011
v -3.382157 0.337892 -0.646011
v -3.382157 0.337892 -0.643011
v -3.374845 0.343609 -0.646011
v -3.374845 0.343609 -0.643011
v -3.370048 0.350534 -0.646011
v -3.370048 0.350534 -0.643011
v -3.366894 0.359149 -0.646011
v -3.366894 0.359149 -0.643011
v -3.363918 0.369284 -0.646011
v -3.363918 0.369284 -0.643011
v -3.359567 0.380088 -0.646011
v -3.359567 0.380088 -0.643011
v -3.352705 0.390241 -0.646011
v -3.352705 0.390241 -0.643011
v -3.342950 0.398333 -0.646011
v -3.342950 0.398333 -0.643011
v -3.330733 0.403291 -0.646011
v -3.330733 0.403291 -0.643011
v -3.317079 0.404718 -0.646011
v -3.317079 0.404718 -0.643011
v -3.303192 0.403033 -0.646011
v -3.303192 0.403033 -0.643011
vn 0.1433 0.8728 -0.4665
vn 0.1036 0.6310 0.7689
vn 0.1259 0.7669 -0.6293
vn 0.1259 0.7669 0.6293
vn 0.1036 0.6310 -0.7689
vn 0.1433 0.8728 0.4665
vn 0.0771 0.4700 -0.8793
vn 0.1552 0.9453 0.2868
vn 0.0476 0.2900 -0.9559
vn 0.1612 0.9822 0.0967
vn 0.0161 0.0980 0.9951
vn 0.0161 0.0980 -0.9951
vn 0.1612 0.9822 -0.0967
vn 0.0476 0.2900 0.9559
vn 0.1552 0.9453 -0.2868
vn 0.0771 0.4700 0.8793
vn 0.4343 0.8590 -0.2710
vn 0.2252 0.4454 0.8666
vn 0.4042 0.7995 -0.4444
vn 0.2989 0.5912 0.7491
vn 0.3589 0.7099 -0.6059
vn 0.3589 0.7099 0.6059
vn 0.2989 0.5912 -0.7491
vn 0.4042 0.7995 0.4444
vn 0.2252 0.4454 -0.8666
vn 0.4343 0.8590 0.2710
vn 0.1402 0.2773 -0.9505
vn 0.4493 0.8887 0.0910
vn 0.0476 0.0942 0.9944
vn 0.0476 0.0942 -0.9944
vn 0.4493 0.8887 -0.0910
vn 0.1402 0.2773 0.9505
vn 0.3563 0.4000 -0.8444
vn 0.6445 0.7234 0.2476
vn 0.2253 0.2529 -0.9409
vn 0.6629 0.7441 0.0827
vn 0.0772 0.0867 0.9932
vn 0.0772 0.0867 -0.9932
vn 0.6629 0.7441 -0.0827
vn 0.2253 0.2529 0.9409
vn 0.6445 0.7234 -0.2476
vn 0.3563 0.4000 0.8444
vn 0.6065 0.6808 -0.4106
vn 0.4641 0.5210 0.7164
vn 0.5471 0.6142 -0.5688
vn 0.5471 0.6142 0.5688
vn 0.4641 0.5210 -0.7164
vn 0.6065 0.6808 0.4106
vn 0.4645 0.3396 0.8179
vn 0.7479 0.5468 -0.3763
vn 0.5924 0.4331 0.6794
vn 0.6850 0.5008 -0.5291
vn 0.6850 0.5008 0.5291
vn 0.5924 0.4331 -0.6794
vn 0.7479 0.5468 0.3763
vn 0.4645 0.3396 -0.8179
vn 0.7866 0.5751 0.2246
vn 0.2993 0.2188 -0.9287
vn 0.8050 0.5885 0.0746
vn 0.1038 0.0759 0.9917
vn 0.1038 0.0759 -0.9917
vn 0.8050 0.5885 -0.0746
vn 0.2993 0.2188 0.9287
vn 0.7866 0.5751 -0.2246
vn 0.8779 0.4323 0.2057
vn 0.3598 0.1771 -0.9161
vn 0.8951 0.4407 0.0681
vn 0.1262 0.0622 0.9901
vn 0.1262 0.0622 -0.9901
vn 0.8951 0.4407 -0.0681
vn 0.3597 0.1771 0.9161
vn 0.8779 0.4323 -0.2057
vn 0.5479 0.2698 0.7918
vn 0.8413 0.4143 -0.3473
vn 0.6854 0.3375 0.6452
vn 0.7798 0.3840 -0.4944
vn 0.7798 0.3840 0.4944
vn 0.6854 0.3375 -0.6452
vn 0.8413 0.4143 0.3473
vn 0.5479 0.2698 -0.7918
vn 0.9003 0.2887 -0.3258
vn 0.7488 0.2401 0.6178
vn 0.8417 0.2699 -0.4677
vn 0.8417 0.2699 0.4677
vn 0.7488 0.2401 -0.6178
vn 0.9003 0.2887 0.3258
vn 0.6078 0.1949 -0.7698
vn 0.9345 0.2997 0.1919
vn 0.4054 0.1300 -0.9048
vn 0.9503 0.3048 0.0634
vn 0.1438 0.0461 0.9885
vn 0.1438 0.0461 -0.9885
vn 0.9503 0.3048 -0.0634
vn 0.4054 0.1300 0.9048
vn 0.9345 0.2997 -0.1919
vn 0.6078 0.1949 0.7698
vn 0.4358 0.0793 -0.8965
vn 0.9820 0.1787 0.0604
vn 0.1559 0.0284 0.9874
vn 0.1559 0.0284 -0.9874
vn 0.9820 0.1787 -0.0604
vn 0.4358 0.0793 0.8965
vn 0.9672 0.1760 -0.1831
vn 0.6460 0.1176 0.7542
vn 0.9348 0.1701 -0.3118
vn 0.7878 0.1434 0.5990
vn 0.8786 0.1599 -0.4499
vn 0.8786 0.1599 0.4499
vn 0.7878 0.1434 -0.5990
vn 0.9348 0.1701 0.3118
vn 0.6460 0.1176 -0.7542
vn 0.9672 0.1760 0.1831
vn 0.8063 0.0477 0.5895
vn 0.8959 0.0529 -0.4411
vn 0.8959 0.0529 0.4411
vn 0.8063 0.0477 -0.5895
vn 0.9507 0.0562 0.3049
vn 0.6647 0.0393 -0.7461
vn 0.9822 0.0580 0.1788
vn 0.4510 0.0267 -0.8921
vn 0.9965 0.0589 0.0589
vn 0.1620 0.0096 0.9867
vn 0.1620 0.0096 -0.9867
vn 0.9965 0.0589 -0.0589
vn 0.4510 0.0267 0.8921
vn 0.9822 0.0580 -0.1788
vn 0.6647 0.0393 0.7461
vn 0.9507 0.0562 -0.3049
vn 0.9965 -0.0589 0.0589
vn 0.1620 -0.0096 0.9867
vn 0.1620 -0.0096 -0.9867
vn 0.9965 -0.0589 -0.0589
vn 0.4510 -0.0267 0.8921
vn 0.9822 -0.0580 -0.1788
vn 0.6647 -0.0393 0.7461
vn 0.9507 -0.0562 -0.3049
vn 0.8063 -0.0477 0.5895
vn 0.8959 -0.0529 -0.4411
vn 0.8959 -0.0529 0.4411
vn 0.8063 -0.0477 -0.5895
vn 0.9507 -0.0562 0.3049
vn 0.6647 -0.0393 -0.7461
vn 0.9822 -0.0580 0.1788
vn 0.4510 -0.0267 -0.8921
vn 0.8786 -0.1599 -0.4499
vn 0.8786 -0.1599 0.4499
vn 0.7878 -0.1434 -0.5990
vn 0.9348 -0.1701 0.3118
vn 0.6460 -0.1176 -0.7542
vn 0.9672 -0.1760 0.1831
vn 0.4358 -0.0793 -0.8965
vn 0.9820 -0.1787 0.0604
vn 0.1559 -0.0284 0.9874
vn 0.1559 -0.0284 -0.9874
vn 0.9820 -0.1787 -0.0604
vn 0.4358 -0.0793 0.8965
vn 0.9672 -0.1760 -0.1831
vn 0.6460 -0.1176 0.7542
vn 0.9348 -0.1701 -0.3118
vn 0.7878 -0.1434 0.5990
vn 0.1438 -0.0461 -0.9885
vn 0.9503 -0.3048 -0.0634
vn 0.4054 -0.1300 0.9048
vn 0.9345 -0.2997 -0.1919
vn 0.6078 -0.1949 0.7698
vn 0.9003 -0.2887 -0.3258
vn 0.7488 -0.2401 0.6178
vn 0.8417 -0.2699 -0.4677
vn 0.8417 -0.2699 0.4677
vn 0.7488 -0.2401 -0.6178
vn 0.9003 -0.2887 0.3258
vn 0.6078 -0.1949 -0.7698
vn 0.9345 -0.2997 0.1919
vn 0.4054 -0.1300 -0.9048
vn 0.9503 -0.3048 0.0634
vn 0.1438 -0.0461 0.9885
vn 0.6854 -0.3375 -0.6452
vn 0.8413 -0.4143 0.3473
vn 0.5479 -0.2698 -0.7918
vn 0.8779 -0.4323 0.2057
vn 0.3598 -0.1771 -0.9161
vn 0.8951 -0.4407 0.0681
vn 0.1262 -0.0622 0.9901
vn 0.1262 -0.0622 -0.9901
vn 0.8951 -0.4407 -0.0681
vn 0.3597 -0.1771 0.9161
vn 0.8779 -0.4323 -0.2057
vn 0.5479 -0.2698 0.7918
vn 0.8413 -0.4143 -0.3473
vn 0.6854 -0.3375 0.6452
vn 0.7798 -0.3840 -0.4944
vn 0.7798 -0.3840 0.4944
vn 0.2993 -0.2188 0.9287
vn 0.7866 -0.5751 -0.2246
vn 0.4645 -0.3396 0.8179
vn 0.7479 -0.5468 -0.3763
vn 0.5924 -0.4331 0.6794
vn 0.6850 -0.5008 -0.5291
vn 0.6850 -0.5008 0.5291
vn 0.5924 -0.4331 -0.6794
vn 0.7479 -0.5468 0.3763
vn 0.4645 -0.3396 -0.8179
vn 0.7866 -0.5751 0.2246
vn 0.2993 -0.2188 -0.9287
vn 0.8050 -0.5885 0.0746
vn 0.1038 -0.0759 0.9917
vn 0.1038 -0.0759 -0.9917
vn 0.8050 -0.5885 -0.0746
vn 0.6065 -0.6808 0.4106
vn 0.3563 -0.4000 -0.8444
vn 0.6445 -0.7234 0.2476
vn 0.2253 -0.2529 -0.9409
vn 0.6629 -0.7441 0.0827
vn 0.0772 -0.0867 0.9932
vn 0.0772 -0.0867 -0.9932
vn 0.6629 -0.7441 -0.0827
vn 0.2253 -0.2529 0.9409
vn 0.6445 -0.7234 -0.2476
vn 0.3563 -0.4000 0.8444
vn 0.6065 -0.6808 -0.4106
vn 0.4641 -0.5210 0.7164
vn 0.5471 -0.6142 -0.5688
vn 0.5471 -0.6142 0.5688
vn 0.4641 -0.5210 -0.7164
vn 0.4343 -0.8590 -0.2710
vn 0.2252 -0.4454 0.8666
vn 0.4042 -0.7995 -0.4444
vn 0.2989 -0.5912 0.7491
vn 0.3589 -0.7099 -0.6059
vn 0.3589 -0.7099 0.6059
vn 0.2989 -0.5912 -0.7491
vn 0.4042 -0.7995 0.4444
vn 0.2252 -0.4454 -0.8666
vn 0.4343 -0.8590 0.2710
vn 0.1402 -0.2773 -0.9505
vn 0.4493 -0.8887 0.0910
vn 0.0476 -0.0942 0.9944
vn 0.0476 -0.0942 -0.9944
vn 0.4493 -0.8887 -0.0910
vn 0.1402 -0.2773 0.9505
vn 0.0772 -0.4700 -0.8793
vn 0.1552 -0.9453 0.2868
vn 0.0476 -0.2900 -0.9559
vn 0.1612 -0.9822 0.0967
vn 0.0161 -0.0980 0.9951
vn 0.0161 -0.0980 -0.9951
vn 0.1612 -0.9822 -0.0967
vn 0.0476 -0.2900 0.9559
vn 0.1552 -0.9453 -0.2868
vn 0.0771 -0.4700 0.8793
vn 0.1433 -0.8728 -0.4665
vn 0.1036 -0.6310 0.7689
vn 0.1259 -0.7669 -0.6293
vn 0.1259 -0.7669 0.6293
vn 0.1036 -0.6310 -0.7689
vn 0.1433 -0.8728 0.4665
vn -0.0772 -0.4700 0.8793
vn -0.1433 -0.8728 -0.4665
vn -0.1036 -0.6310 0.7689
vn -0.1259 -0.7669 -0.6293
vn -0.1259 -0.7669 0.6293
vn -0.1036 -0.6310 -0.7689
vn -0.1433 -0.8728 0.4665
vn -0.0772 -0.4700 -0.8793
vn -0.1552 -0.9453 0.2868
vn -0.0476 -0.2900 -0.9559
vn -0.1612 -0.9822 0.0967
vn -0.0161 -0.0980 0.9951
vn -0.0161 -0.0980 -0.9951
vn -0.1612 -0.9822 -0.0967
vn -0.0476 -0.2900 0.9559
vn -0.1552 -0.9453 -0.2868
vn -0.4343 -0.8590 0.2710
vn -0.1402 -0.2773 -0.9505
vn -0.4493 -0.8887 0.0910
vn -0.0476 -0.0942 0.9944
vn -0.0476 -0.0942 -0.9944
vn -0.4493 -0.8887 -0.0910
vn -0.1402 -0.2773 0.9505
vn -0.4343 -0.8590 -0.2710
vn -0.2252 -0.4454 0.8666
vn -0.4042 -0.7995 -0.4444
vn -0.2989 -0.5912 0.7491
vn -0.3589 -0.7099 -0.6059
vn -0.3589 -0.7099 0.6059
vn -0.2989 -0.5912 -0.7491
vn -0.4042 -0.7995 0.4444
vn -0.2252 -0.4454 -0.8666
vn -0.6065 -0.6808 -0.4106
vn -0.4641 -0.5210 0.7164
vn -0.5471 -0.6142 -0.5688
vn -0.5471 -0.6142 0.5688
vn -0.4641 -0.5210 -0.7164
vn -0.6065 -0.6808 0.4106
vn -0.3563 -0.4000 -0.8444
vn -0.6445 -0.7234 0.2476
vn -0.2253 -0.2529 -0.9409
vn -0.6629 -0.7441 0.0827
vn -0.0772 -0.0867 0.9932
vn -0.0772 -0.0867 -0.9932
vn -0.6629 -0.7441 -0.0827
vn -0.2253 -0.2529 0.9409
vn -0.6445 -0.7234 -0.2476
vn -0.3563 -0.4000 0.8444
vn -0.2993 -0.2188 -0.9287
vn -0.8050 -0.5885 0.0746
vn -0.1038 -0.0759 0.9917
vn -0.1038 -0.0759 -0.9917
vn -0.8050 -0.5885 -0.0746
vn -0.2993 -0.2188 0.9287
vn -0.7866 -0.5751 -0.2246
vn -0.4645 -0.3396 0.8179
vn -0.7479 -0.5468 -0.3763
vn -0.5924 -0.4331 0.6794
vn -0.6850 -0.5008 -0.5291
vn -0.6850 -0.5008 0.5291
vn -0.5924 -0.4331 -0.6794
vn -0.7479 -0.5468 0.3763
vn -0.4645 -0.3396 -0.8179
vn -0.7866 -0.5751 0.2246
vn -0.7798 -0.3840 -0.4944
vn -0.7798 -0.3840 0.4944
vn -0.6854 -0.3375 -0.6452
vn -0.8413 -0.4143 0.3473
vn -0.5479 -0.2698 -0.7918
vn -0.8779 -0.4323 0.2057
vn -0.3597 -0.1771 -0.9161
vn -0.8951 -0.4407 0.0681
vn -0.1262 -0.0622 0.9901
vn -0.1262 -0.0622 -0.9901
vn -0.8951 -0.4407 -0.0681
vn -0.3598 -0.1771 0.9161
vn -0.8779 -0.4323 -0.2057
vn -0.5479 -0.2698 0.7918
vn -0.8413 -0.4142 -0.3473
vn -0.6854 -0.3375 0.6452
vn -0.1438 -0.0461 0.9885
vn -0.1438 -0.0461 -0.9885
vn -0.9503 -0.3048 -0.0634
vn -0.4054 -0.1300 0.9048
vn -0.9345 -0.2997 -0.1919
vn -0.6078 -0.1949 0.7698
vn -0.9003 -0.2887 -0.3258
vn -0.7488 -0.2401 0.6178
vn -0.8417 -0.2699 -0.4677
vn -0.8417 -0.2699 0.4677
vn -0.7488 -0.2401 -0.6178
vn -0.9003 -0.2887 0.3258
vn -0.6078 -0.1949 -0.7698
vn -0.9345 -0.2997 0.1919
vn -0.4054 -0.1300 -0.9048
vn -0.9503 -0.3048 0.0634
vn -0.8786 -0.1599 0.4499
vn -0.7878 -0.1434 -0.5990
vn -0.9348 -0.1701 0.3118
vn -0.6460 -0.1176 -0.7542
vn -0.9672 -0.1760 0.1831
vn -0.4358 -0.0793 -0.8965
vn -0.9820 -0.1787 0.0604
vn -0.1559 -0.0284 0.9874
vn -0.1559 -0.0284 -0.9874
vn -0.9820 -0.1787 -0.0604
vn -0.4358 -0.0793 0.8965
vn -0.9672 -0.1760 -0.1831
vn -0.6460 -0.1176 0.7542
vn -0.9348 -0.1701 -0.3118
vn -0.7878 -0.1434 0.5990
vn -0.8786 -0.1599 -0.4499
vn -0.9965 -0.0589 -0.0589
vn -0.4510 -0.0267 0.8921
vn -0.9822 -0.0580 -0.1788
vn -0.6647 -0.0393 0.7461
vn -0.9507 -0.0562 -0.3049
vn -0.8063 -0.0477 0.5895
vn -0.8959 -0.0529 -0.4411
vn -0.8959 -0.0529 0.4411
vn -0.8063 -0.0477 -0.5895
vn -0.9507 -0.0562 0.3049
vn -0.6647 -0.0393 -0.7461
vn -0.9822 -0.0580 0.1788
vn -0.4510 -0.0267 -0.8921
vn -0.9965 -0.0589 0.0589
vn -0.1620 -0.0096 0.9867
vn -0.1620 -0.0096 -0.9867
vn -0.8063 0.0477 -0.5895
vn -0.9507 0.0562 0.3049
vn -0.6647 0.0393 -0.7461
vn -0.9822 0.0580 0.1788
vn -0.4510 0.0267 -0.8921
vn -0.9965 0.0589 0.0589
vn -0.1620 0.0096 0.9867
vn -0.1620 0.0096 -0.9867
vn -0.9965 0.0589 -0.0589
vn -0.4510 0.0267 0.8921
vn -0.9822 0.0580 -0.1788
vn -0.6647 0.0393 0.7461
vn -0.9507 0.0562 -0.3049
vn -0.8063 0.0477 0.5895
vn -0.8959 0.0529 -0.4411
vn -0.8959 0.0529 0.4411
vn -0.4358 0.0793 0.8965
vn -0.9672 0.1760 -0.1831
vn -0.6460 0.1176 0.7542
vn -0.9348 0.1701 -0.3118
vn -0.7878 0.1434 0.5990
vn -0.8786 0.1599 -0.4499
vn -0.8786 0.1599 0.4499
vn -0.7878 0.1434 -0.5990
vn -0.9348 0.1701 0.3118
vn -0.6460 0.1176 -0.7542
vn -0.9672 0.1760 0.1831
vn -0.4358 0.0793 -0.8965
vn -0.9820 0.1787 0.0604
vn -0.1559 0.0284 0.9874
vn -0.1559 0.0284 -0.9874
vn -0.9820 0.1787 -0.0604
vn -0.9003 0.2887 0.3258
vn -0.6078 0.1949 -0.7698
vn -0.9345 0.2997 0.1919
vn -0.4054 0.1300 -0.9048
vn -0.9503 0.3048 0.0634
vn -0.1438 0.0461 0.9885
vn -0.1438 0.0461 -0.9885
vn -0.9503 0.3048 -0.0634
vn -0.4054 0.1300 0.9048
vn -0.9345 0.2997 -0.1919
vn -0.6078 0.1949 0.7698
vn -0.9003 0.2887 -0.3258
vn -0.7488 0.2401 0.6178
vn -0.8417 0.2699 -0.4677
vn -0.8417 0.2699 0.4677
vn -0.7488 0.2401 -0.6178
vn -0.8779 0.4323 -0.2057
vn -0.5479 0.2698 0.7918
vn -0.8413 0.4143 -0.3473
vn -0.6854 0.3375 0.6452
vn -0.7798 0.3840 -0.4944
vn -0.7798 0.3840 0.4944
vn -0.6854 0.3375 -0.6452
vn -0.8413 0.4143 0.3473
vn -0.5479 0.2698 -0.7918
vn -0.8779 0.4323 0.2057
vn -0.3598 0.1771 -0.9161
vn -0.8951 0.4407 0.0681
vn -0.1262 0.0622 0.9901
vn -0.1262 0.0622 -0.9901
vn -0.8951 0.4407 -0.0681
vn -0.3597 0.1771 0.9161
vn -0.4645 0.3396 -0.8179
vn -0.7866 0.5751 0.2246
vn -0.2993 0.2188 -0.9287
vn -0.8050 0.5885 0.0746
vn -0.1038 0.0759 0.9917
vn -0.1038 0.0759 -0.9917
vn -0.8050 0.5885 -0.0746
vn -0.2993 0.2188 0.9287
vn -0.7866 0.5751 -0.2246
vn -0.4645 0.3396 0.8179
vn -0.7479 0.5468 -0.3763
vn -0.5924 0.4331 0.6794
vn -0.6850 0.5008 -0.5291
vn -0.6850 0.5008 0.5291
vn -0.5924 0.4331 -0.6794
vn -0.7479 0.5468 0.3763
vn -0.6065 0.6808 -0.4106
vn -0.4641 0.5210 0.7164
vn -0.5471 0.6142 -0.5688
vn -0.5471 0.6142 0.5688
vn -0.4641 0.5210 -0.7164
vn -0.6065 0.6808 0.4106
vn -0.3563 0.4000 -0.8444
vn -0.6445 0.7234 0.2476
vn -0.2253 0.2529 -0.9409
vn -0.6629 0.7441 0.0827
vn -0.0772 0.0867 0.9932
vn -0.0772 0.0867 -0.9932
vn -0.6629 0.7441 -0.0827
vn -0.2253 0.2529 0.9409
vn -0.6445 0.7234 -0.2476
vn -0.3563 0.4000 0.8444
vn -0.1402 0.2773 -0.9505
vn -0.4493 0.8887 0.0910
vn -0.0476 0.0942 0.9944
vn -0.0476 0.0942 -0.9944
vn -0.4493 0.8887 -0.0910
vn -0.1402 0.2773 0.9505
vn -0.4343 0.8590 -0.2710
vn -0.2252 0.4454 0.8666
vn -0.4042 0.7995 -0.4444
vn -0.2989 0.5912 0.7491
vn -0.3589 0.7099 -0.6059
vn -0.3589 0.7099 0.6059
vn -0.2989 0.5912 -0.7491
vn -0.4042 0.7995 0.4444
vn -0.2252 0.4454 -0.8666
vn -0.4343 0.8590 0.2710
vn -0.1036 0.6310 0.7689
vn -0.1259 0.7669 -0.6293
vn -0.1259 0.7669 0.6293
vn -0.1036 0.6310 -0.7689
vn -0.1433 0.8728 0.4665
vn -0.0772 0.4700 -0.8793
vn -0.1552 0.9453 0.2868
vn -0.0476 0.2900 -0.9559
vn -0.1612 0.9822 0.0967
vn -0.0161 0.0980 0.9951
vn -0.0161 0.0980 -0.9951
vn -0.1612 0.9822 -0.0967
vn -0.0476 0.2900 0.9559
vn -0.1552 0.9453 -0.2868
vn -0.0772 0.4700 0.8793
vn -0.1433 0.8728 -0.4665
vn 0.0772 0.4700 0.8793
vn 0.0772 0.4700 -0.8793
vn 0.6855 0.3375 -0.6452
vn 0.8413 0.4142 0.3473
vn 0.1262 0.0622 -0.9900
vn 0.3598 0.1771 0.9161
vn 0.6461 0.1176 -0.7542
vn 0.6461 -0.1176 -0.7542
vn 0.6855 -0.3375 -0.6452
vn 0.8413 -0.4142 0.3473
vn 0.3598 -0.1771 0.9161
vn 0.0772 -0.4700 0.8793
vn -0.8413 -0.4143 -0.3473
vn -0.6855 -0.3375 -0.6452
vn -0.8413 -0.4142 0.3473
vn -0.3598 -0.1771 -0.9161
vn -0.1263 -0.0622 -0.9900
vn -0.4054 -0.1300 -0.9049
vn -0.1558 0.0284 0.9874
vn -0.3598 0.1771 0.9161
vn -0.6855 0.3375 0.6452
vn -0.6855 0.3375 -0.6452
vn -0.3597 0.1771 -0.9161
vn -0.1262 0.0622 -0.9900
vn 0.1552 0.9454 0.2868
vn 0.0475 0.2900 -0.9559
vn 0.0477 0.0942 0.9944
vn 0.0773 0.0867 -0.9932
vn 0.3597 0.1771 -0.9161
vn 0.1262 0.0622 0.9900
vn 0.8413 0.4142 -0.3473
vn 0.4359 0.0793 0.8965
vn 0.8413 -0.4142 -0.3473
vn 0.3597 -0.1771 -0.9161
vn 0.1263 -0.0622 0.9900
vn 0.1262 -0.0622 -0.9900
vn 0.0773 -0.0867 0.9932
vn 0.0773 -0.0867 -0.9932
vn 0.0771 -0.4700 -0.8793
vn -0.0771 -0.4700 -0.8793
vn -0.0773 -0.0867 -0.9932
vn -0.0773 -0.0867 0.9932
vn -0.1262 -0.0622 -0.9900
vn -0.1263 0.0622 0.9900
vn -0.8413 0.4142 -0.3473
vn -0.0773 0.0867 0.9932
vn -0.5471 0.6142 0.5687
vn -0.0771 0.4700 0.8793
vn -0.0771 0.4700 -0.8793
vn 0.0160 0.0980 0.9951
vn 0.1402 0.2772 -0.9505
vn 0.5471 0.6142 -0.5687
vn 0.8413 0.4143 -0.3474
vn 0.6855 0.3375 0.6452
vn 0.6077 0.1949 0.7698
vn 0.4054 0.1300 0.9049
vn 0.1558 0.0284 -0.9874
vn 0.1558 -0.0284 -0.9874
vn 0.6077 -0.1949 0.7698
vn 0.4054 -0.1300 -0.9049
vn 0.6855 -0.3375 0.6452
vn 0.5471 -0.6142 0.5687
vn 0.5471 -0.6141 -0.5688
vn 0.0160 -0.0980 0.9951
vn -0.0771 -0.4700 0.8793
vn -0.1259 -0.7669 0.6294
vn -0.0160 -0.0980 0.9951
vn -0.8413 -0.4143 -0.3474
vn -0.6855 -0.3375 0.6452
vn -0.3597 -0.1771 0.9161
vn -0.6077 -0.1949 0.7698
vn -0.1558 -0.0284 -0.9874
vn -0.1558 0.0284 -0.9874
vn -0.4054 0.1300 -0.9049
vn -0.8413 0.4143 -0.3474
vn -0.8413 0.4142 0.3473
vn -0.5471 0.6141 -0.5688
vn -0.0160 0.0980 0.9951
vn 0.0476 0.2899 -0.9559
vn 0.0160 0.0980 -0.9951
vn 0.0475 0.0942 0.9944
vn 0.0477 0.0942 -0.9944
vn 0.5471 0.6142 0.5687
vn 0.0773 0.0867 0.9932
vn 0.1037 0.0759 -0.9917
vn 0.4644 0.3396 -0.8179
vn 0.6077 0.1949 -0.7698
vn 0.1558 0.0284 0.9874
vn 0.6461 0.1176 0.7542
vn 0.6461 -0.1176 0.7542
vn 0.1558 -0.0284 0.9874
vn 0.1037 -0.0759 -0.9917
vn 0.5471 -0.6142 -0.5687
vn 0.5471 -0.6141 0.5687
vn 0.6065 -0.6808 -0.4107
vn 0.0475 -0.0942 0.9944
vn 0.0477 -0.0942 -0.9944
vn 0.1401 -0.2773 0.9505
vn 0.1036 -0.6310 -0.7688
vn 0.0160 -0.0980 -0.9951
vn -0.0160 -0.0980 -0.9951
vn -0.1036 -0.6310 -0.7688
vn -0.0475 -0.0942 0.9944
vn -0.0477 -0.0942 -0.9944
vn -0.5471 -0.6142 0.5687
vn -0.4644 -0.3396 -0.8179
vn -0.1037 -0.0759 -0.9917
vn -0.6077 -0.1949 -0.7698
vn -0.6461 -0.1176 0.7542
vn -0.1620 0.0096 -0.9868
vn -0.6461 0.1176 0.7542
vn -0.6077 0.1949 -0.7698
vn -0.1037 0.0759 -0.9917
vn -0.5471 0.6141 0.5687
vn -0.1402 0.2772 -0.9505
vn -0.0475 0.0942 0.9944
vn -0.0477 0.0942 -0.9944
vn -0.1036 0.6310 -0.7688
vn -0.0160 0.0980 -0.9951
vn 0.5471 0.6141 -0.5687
vn 0.5471 0.6141 0.5688
vn 0.1263 0.0622 0.9900
vn 0.1620 0.0096 -0.9868
vn 0.8413 -0.4142 -0.3474
vn 0.8950 -0.4407 0.0681
vn 0.4641 -0.5210 0.7163
vn 0.1036 -0.6310 0.7688
vn 0.1259 -0.7669 -0.6294
vn 0.1259 -0.7669 0.6294
vn 0.1552 -0.9454 0.2868
vn -0.1552 -0.9454 0.2868
vn -0.3589 -0.7100 -0.6059
vn -0.5471 -0.6141 -0.5687
vn -0.1263 -0.0622 0.9900
vn -0.8413 -0.4143 0.3474
vn -0.6461 -0.1176 -0.7542
vn -0.6461 0.1176 -0.7542
vn -0.6077 0.1949 0.7698
vn 0.1612 0.9822 0.0968
vn 0.1259 0.7669 -0.6294
vn 0.1036 0.6310 -0.7688
vn 0.1401 0.2773 -0.9505
vn 0.3589 0.7100 -0.6059
vn 0.5471 0.6141 -0.5688
vn 0.1037 0.0759 0.9917
vn 0.8780 0.4323 -0.2057
vn 0.8413 0.4142 0.3474
vn 0.1263 0.0622 -0.9900
vn 0.4511 0.0267 -0.8921
vn 0.8064 0.0477 -0.5895
vn 0.6646 -0.0393 -0.7461
vn 0.1619 -0.0096 -0.9868
vn 0.4359 -0.0793 -0.8965
vn 0.9820 -0.1787 -0.0603
vn 0.7488 -0.2401 -0.6177
vn 0.6077 -0.1949 -0.7698
vn 0.1263 -0.0622 -0.9900
vn 0.8413 -0.4142 0.3474
vn 0.4644 -0.3396 -0.8179
vn 0.1037 -0.0759 0.9917
vn 0.8050 -0.5886 -0.0746
vn 0.4641 -0.5210 -0.7163
vn 0.1401 -0.2773 -0.9505
vn 0.0477 -0.0942 0.9944
vn 0.3590 -0.7099 -0.6059
vn -0.1259 -0.7669 -0.6294
vn -0.3590 -0.7099 -0.6059
vn -0.1401 -0.2773 -0.9505
vn -0.0477 -0.0942 0.9944
vn -0.5471 -0.6142 -0.5687
vn -0.5471 -0.6141 0.5688
vn -0.4641 -0.5210 -0.7163
vn -0.5923 -0.4331 0.6794
vn -0.1037 -0.0759 0.9917
vn -0.1262 -0.0622 0.9900
vn -0.6077 -0.1949 -0.7699
vn -0.9820 -0.1787 0.0603
vn -0.1558 -0.0284 0.9874
vn -0.4359 -0.0793 -0.8965
vn -0.4511 -0.0267 -0.8921
vn -0.1620 -0.0096 -0.9868
vn -0.1619 0.0096 -0.9868
vn -0.4511 0.0267 -0.8921
vn -0.4359 0.0793 -0.8965
vn -0.9820 0.1787 -0.0603
vn -0.7488 0.2401 -0.6177
vn -0.8413 0.4142 0.3474
vn -0.5923 0.4331 0.6794
vn -0.4644 0.3396 -0.8179
vn -0.1037 0.0759 0.9917
vn -0.8050 0.5886 -0.0746
vn -0.6065 0.6808 -0.4107
vn -0.5471 0.6142 -0.5687
vn -0.4641 0.5210 -0.7163
vn -0.1401 0.2773 -0.9505
vn -0.0477 0.0942 0.9944
vn -1.0000 -0.0000 -0.0000
vn -0.0000 1.0000 -0.0000
vn 1.0000 -0.0000 -0.0000
vn -0.0000 -1.0000 -0.0000
vn -0.0000 -0.0000 -1.0000
vn -0.0000 -0.0000 1.0000
vn 0.3272 0.9450 -0.0000
vn 0.2807 0.9598 -0.0000
vn 0.1416 0.9899 -0.0000
vn -0.0053 1.0000 -0.0000
vn -0.0731 0.9973 -0.0000
vn -0.0488 0.9988 -0.0000
vn 0.0535 0.9986 -0.0000
vn 0.2284 0.9736 -0.0000
vn 0.4762 0.8794 -0.0000
vn 0.7632 0.6461 -0.0000
vn 0.9659 0.2590 -0.0000
vn 0.9912 -0.1322 -0.0000
vn 0.9172 -0.3984 -0.0000
vn 0.8414 -0.5404 -0.0000
vn 0.8121 -0.5835 -0.0000
vn 0.8545 -0.5195 -0.0000
vn 0.9491 -0.3149 -0.0000
vn 0.9988 -0.0487 -0.0000
vn 0.9969 0.0793 -0.0000
vn 0.9999 0.0162 -0.0000
vn 0.9785 -0.2062 -0.0000
vn 0.8592 -0.5116 -0.0000
vn 0.6409 -0.7676 -0.0000
vn 0.4156 -0.9095 -0.0000
vn 0.2526 -0.9676 -0.0000
vn 0.1790 -0.9838 -0.0000
vn 0.2186 -0.9758 -0.0000
vn 0.3814 -0.9244 -0.0000
vn 0.5786 -0.8156 -0.0000
vn 0.6829 -0.7305 -0.0000
vn 0.6850 -0.7286 -0.0000
vn 0.6112 -0.7915 -0.0000
vn 0.4711 -0.8821 -0.0000
vn 0.2651 -0.9642 -0.0000
vn -0.0020 -1.0000 -0.0000
vn -0.3051 -0.9523 -0.0000
vn -0.5884 -0.8086 -0.0000
vn -0.7936 -0.6085 -0.0000
vn -0.9052 -0.4250 -0.0000
vn -0.9472 -0.3206 -0.0000
vn -0.9417 -0.3366 -0.0000
vn -0.8793 -0.4762 -0.0000
vn -0.7626 -0.6469 -0.0000
vn -0.6762 -0.7367 -0.0000
vn -0.6828 -0.7306 -0.0000
vn -0.7790 -0.6271 -0.0000
vn -0.9223 -0.3865 -0.0000
vn -0.9999 0.0119 -0.0000
vn -0.9047 0.4261 -0.0000
vn -0.7205 0.6934 -0.0000
vn -0.5641 0.8257 -0.0000
vn -0.4775 0.8786 -0.0000
vn -0.4849 0.8746 -0.0000
vn -0.6160 0.7877 -0.0000
vn -0.8220 0.5695 -0.0000
vn -0.9391 0.3438 -0.0000
vn -0.9595 0.2818 -0.0000
vn -0.9276 0.3736 -0.0000
vn -0.8286 0.5599 -0.0000
vn -0.6385 0.7697 -0.0000
vn -0.3760 0.9266 -0.0000
vn -0.1040 0.9946 -0.0000
vn 0.1205 0.9927 -0.0000
vn 0.2691 0.9631 -0.0000
vn 0.1401 0.2773 0.9505
vn 0.4359 0.0793 -0.8965
vn 0.0477 0.2900 0.9559
vn 0.1402 0.2772 0.9505
vn 0.8050 0.5886 -0.0746
vn 0.4359 -0.0793 0.8965
vn 0.8050 -0.5886 0.0746
vn 0.5471 -0.6141 0.5688
vn -0.0477 -0.2900 0.9559
vn -0.4359 0.0793 0.8965
vn -0.8413 0.4143 0.3474
vn -0.5471 0.6141 0.5688
vn -0.1401 0.2773 0.9505
vn 0.0475 0.2900 0.9559
vn 0.4644 0.3396 0.8179
vn 0.8413 0.4143 0.3474
vn 0.8413 -0.4143 0.3474
vn 0.6065 -0.6808 0.4107
vn 0.2254 -0.2529 0.9409
vn 0.3589 -0.7100 0.6059
vn 0.1035 -0.6310 -0.7689
vn 0.0475 -0.2900 0.9559
vn -0.0475 -0.2900 0.9559
vn -0.1036 -0.6310 0.7688
vn -0.4644 -0.3396 0.8179
vn -0.1402 0.2772 0.9505
vn -0.0476 0.2899 0.9559
vn -0.1036 0.6310 0.7688
vn 0.4641 0.5210 -0.7163
vn 0.3589 -0.7100 -0.6059
vn 0.1552 -0.9454 -0.2868
vn -0.1552 -0.9454 -0.2868
vn -0.3589 -0.7100 0.6059
vn -0.3589 0.7100 -0.6059
vn 0.1612 0.9822 -0.0968
vn 0.1552 0.9454 -0.2868
vn 0.1036 0.6310 0.7688
vn 0.1259 0.7669 0.6294
vn 0.2252 0.4454 0.8665
vn 0.3589 0.7100 0.6059
vn 0.2994 0.2188 0.9287
vn 0.8413 0.4142 -0.3474
vn 0.8780 0.4323 0.2057
vn 0.8064 0.0477 0.5895
vn 0.8959 -0.0529 -0.4412
vn 0.8064 -0.0477 -0.5895
vn 0.6646 -0.0393 0.7461
vn 0.9820 -0.1787 0.0603
vn 0.4054 -0.1300 0.9049
vn 0.7488 -0.2401 0.6177
vn 0.8780 -0.4323 0.2057
vn 0.2994 -0.2188 0.9287
vn 0.2254 -0.2529 -0.9409
vn 0.1402 -0.2772 0.9505
vn 0.0476 -0.2899 0.9559
vn -0.0476 -0.2899 0.9559
vn -0.1433 -0.8728 -0.4666
vn -0.4641 -0.5210 0.7163
vn -0.5471 -0.6141 -0.5688
vn -0.5923 -0.4331 -0.6794
vn -0.2994 -0.2188 0.9287
vn -0.8413 -0.4142 -0.3474
vn -0.4054 -0.1300 0.9049
vn -0.9820 -0.1787 -0.0603
vn -0.4359 -0.0793 0.8965
vn -0.8064 -0.0476 -0.5895
vn -0.8064 -0.0477 0.5895
vn -0.8064 0.0477 0.5895
vn -0.9820 0.1787 0.0603
vn -0.4054 0.1300 0.9049
vn -0.4055 0.1300 -0.9048
vn -0.8413 0.4142 -0.3474
vn -0.5923 0.4331 -0.6794
vn -0.2994 0.2188 0.9287
vn -0.2254 0.2529 -0.9409
vn -0.4641 0.5210 0.7163
vn -0.6065 0.6808 0.4107
vn 0.1415 0.9899 -0.0000
vn 0.4761 0.8794 -0.0000
vn 0.7633 0.6461 -0.0000
vn 0.8414 -0.5405 -0.0000
vn 0.8593 -0.5115 -0.0000
vn 0.5785 -0.8157 -0.0000
vn -0.9417 -0.3365 -0.0000
vn -0.7205 0.6935 -0.0000
vn -0.4848 0.8746 -0.0000
vn -0.9390 0.3438 -0.0000
vn -0.6384 0.7697 -0.0000
vn -0.0001 -0.0000 1.0000
vn 0.0008 -0.0000 1.0000
vn -0.0002 -0.0000 1.0000
vn -0.0002 -0.0000 -1.0000
vn -0.0001 -0.0000 -1.0000
vn 0.0001 -0.0000 -1.0000
s 0
usemtl grease
f 9//1 21//1 22//1
f 2//2 15//2 3//2
f 480//3 22//3 23//3
f 3//4 16//4 479//4
f 10//5 23//5 24//5
f 479//6 17//6 4//6
f 481//7 24//7 25//7
f 4//8 18//8 5//8
f 482//9 25//9 26//9
f 5//10 19//10 6//10
f 477//11 1//11 12//11
f 11//12 482//12 26//12
f 7//13 19//13 20//13
f 477//14 13//14 478//14
f 8//15 20//15 21//15
f 478//16 14//16 2//16
f 21//17 35//17 36//17
f 13//18 29//18 14//18
f 22//19 36//19 37//19
f 14//20 30//20 15//20
f 23//21 37//21 38//21
f 15//22 31//22 16//22
f 24//23 38//23 39//23
f 16//24 32//24 17//24
f 25//25 39//25 40//25
f 17//26 33//26 18//26
f 26//27 40//27 41//27
f 18//28 34//28 19//28
f 12//29 1//29 27//29
f 11//30 26//30 41//30
f 20//31 34//31 35//31
f 12//32 28//32 13//32
f 40//33 54//33 55//33
f 32//34 48//34 33//34
f 41//35 55//35 56//35
f 33//36 49//36 34//36
f 27//37 1//37 42//37
f 11//38 41//38 56//38
f 35//39 49//39 50//39
f 27//40 43//40 28//40
f 36//41 50//41 51//41
f 28//42 44//42 29//42
f 37//43 51//43 52//43
f 29//44 45//44 30//44
f 38//45 52//45 53//45
f 30//46 46//46 31//46
f 39//47 53//47 54//47
f 31//48 47//48 32//48
f 43//49 59//49 44//49
f 52//50 66//50 67//50
f 44//51 60//51 45//51
f 53//52 67//52 68//52
f 45//53 61//53 46//53
f 54//54 68//54 69//54
f 46//55 62//55 47//55
f 55//56 69//56 70//56
f 47//57 63//57 48//57
f 56//58 70//58 71//58
f 48//59 64//59 49//59
f 42//60 1//60 57//60
f 11//61 56//61 71//61
f 50//62 64//62 65//62
f 42//63 58//63 43//63
f 51//64 65//64 66//64
f 62//65 78//65 63//65
f 71//66 85//66 86//66
f 63//67 79//67 64//67
f 57//68 1//68 72//68
f 11//69 71//69 86//69
f 65//70 79//70 80//70
f 57//71 73//71 58//71
f 66//72 80//72 81//72
f 58//73 74//73 59//73
f 67//74 81//74 82//74
f 59//75 75//75 60//75
f 68//76 82//76 83//76
f 60//77 76//77 61//77
f 69//78 83//78 84//78
f 61//79 77//79 62//79
f 70//80 84//80 85//80
f 82//81 96//81 97//81
f 74//82 90//82 75//82
f 83//83 97//83 98//83
f 75//84 91//84 76//84
f 84//85 98//85 99//85
f 76//86 92//86 77//86
f 85//87 99//87 100//87
f 77//88 93//88 78//88
f 86//89 100//89 101//89
f 78//90 94//90 79//90
f 72//91 1//91 87//91
f 11//92 86//92 101//92
f 80//93 94//93 95//93
f 72//94 88//94 73//94
f 81//95 95//95 96//95
f 73//96 89//96 74//96
f 101//97 115//97 116//97
f 93//98 109//98 94//98
f 87//99 1//99 102//99
f 11//100 101//100 116//100
f 95//101 109//101 110//101
f 87//102 103//102 88//102
f 96//103 110//103 111//103
f 88//104 104//104 89//104
f 97//105 111//105 112//105
f 89//106 105//106 90//106
f 98//107 112//107 113//107
f 90//108 106//108 91//108
f 99//109 113//109 114//109
f 91//110 107//110 92//110
f 100//111 114//111 115//111
f 92//112 108//112 93//112
f 104//113 120//113 105//113
f 113//114 127//114 128//114
f 105//115 121//115 106//115
f 114//116 128//116 129//116
f 106//117 122//117 107//117
f 115//118 129//118 130//118
f 107//119 123//119 108//119
f 116//120 130//120 131//120
f 108//121 124//121 109//121
f 102//122 1//122 117//122
f 11//123 116//123 131//123
f 110//124 124//124 125//124
f 102//125 118//125 103//125
f 111//126 125//126 126//126
f 103//127 119//127 104//127
f 112//128 126//128 127//128
f 124//129 138//129 139//129
f 117//130 1//130 132//130
f 11//131 131//131 146//131
f 124//132 140//132 125//132
f 118//133 132//133 133//133
f 125//134 141//134 126//134
f 119//135 133//135 134//135
f 126//136 142//136 127//136
f 120//137 134//137 135//137
f 127//138 143//138 128//138
f 121//139 135//139 136//139
f 128//140 144//140 129//140
f 122//141 136//141 137//141
f 129//142 145//142 130//142
f 123//143 137//143 138//143
f 130//144 146//144 131//144
f 142//145 158//145 143//145
f 136//146 150//146 151//146
f 143//147 159//147 144//147
f 137//148 151//148 152//148
f 144//149 160//149 145//149
f 138//150 152//150 153//150
f 145//151 161//151 146//151
f 139//152 153//152 154//152
f 132//153 1//153 147//153
f 11//154 146//154 161//154
f 139//155 155//155 140//155
f 133//156 147//156 148//156
f 140//157 156//157 141//157
f 134//158 148//158 149//158
f 141//159 157//159 142//159
f 135//160 149//160 150//160
f 11//161 161//161 176//161
f 154//162 170//162 155//162
f 148//163 162//163 163//163
f 155//164 171//164 156//164
f 149//165 163//165 164//165
f 156//166 172//166 157//166
f 150//167 164//167 165//167
f 157//168 173//168 158//168
f 151//169 165//169 166//169
f 158//170 174//170 159//170
f 152//171 166//171 167//171
f 159//172 175//172 160//172
f 153//173 167//173 168//173
f 160//174 176//174 161//174
f 154//175 168//175 169//175
f 147//176 1//176 162//176
f 173//177 189//177 174//177
f 167//178 181//178 182//178
f 174//179 190//179 175//179
f 168//180 182//180 183//180
f 175//181 191//181 176//181
f 169//182 183//182 184//182
f 162//183 1//183 177//183
f 11//184 176//184 191//184
f 169//185 185//185 170//185
f 163//186 177//186 178//186
f 170//187 186//187 171//187
f 164//188 178//188 179//188
f 171//189 187//189 172//189
f 165//190 179//190 180//190
f 172//191 188//191 173//191
f 166//192 180//192 181//192
f 178//193 192//193 193//193
f 185//194 201//194 186//194
f 179//195 193//195 194//195
f 186//196 202//196 187//196
f 180//197 194//197 195//197
f 187//198 203//198 188//198
f 181//199 195//199 196//199
f 188//200 204//200 189//200
f 182//201 196//201 197//201
f 189//202 205//202 190//202
f 183//203 197//203 198//203
f 190//204 206//204 191//204
f 184//205 198//205 199//205
f 177//206 1//206 192//206
f 11//207 191//207 206//207
f 184//208 200//208 185//208
f 197//209 211//209 212//209
f 204//210 220//210 205//210
f 198//211 212//211 213//211
f 205//212 221//212 206//212
f 199//213 213//213 214//213
f 192//214 1//214 207//214
f 11//215 206//215 221//215
f 199//216 215//216 200//216
f 193//217 207//217 208//217
f 200//218 216//218 201//218
f 194//219 208//219 209//219
f 201//220 217//220 202//220
f 195//221 209//221 210//221
f 202//222 218//222 203//222
f 196//223 210//223 211//223
f 203//224 219//224 204//224
f 215//225 231//225 216//225
f 209//226 223//226 224//226
f 216//227 232//227 217//227
f 210//228 224//228 225//228
f 217//229 233//229 218//229
f 211//230 225//230 226//230
f 218//231 234//231 219//231
f 212//232 226//232 227//232
f 219//233 235//233 220//233
f 213//234 227//234 228//234
f 220//235 236//235 221//235
f 214//236 228//236 229//236
f 207//237 1//237 222//237
f 11//238 221//238 236//238
f 214//239 230//239 215//239
f 208//240 222//240 223//240
f 234//241 250//241 235//241
f 228//242 242//242 243//242
f 235//243 251//243 236//243
f 229//244 243//244 244//244
f 222//245 1//245 237//245
f 11//246 236//246 251//246
f 229//247 245//247 230//247
f 223//248 237//248 238//248
f 230//249 246//249 231//249
f 224//250 238//250 239//250
f 231//251 247//251 232//251
f 225//252 239//252 240//252
f 232//253 248//253 233//253
f 226//254 240//254 241//254
f 233//255 249//255 234//255
f 227//256 241//256 242//256
f 238//257 254//257 239//257
f 247//258 261//258 262//258
f 239//259 255//259 240//259
f 248//260 262//260 263//260
f 240//261 256//261 241//261
f 249//262 263//262 264//262
f 241//263 257//263 242//263
f 250//264 264//264 265//264
f 242//265 258//265 243//265
f 251//266 265//266 266//266
f 243//267 259//267 244//267
f 237//268 1//268 252//268
f 11//269 251//269 266//269
f 245//270 259//270 260//270
f 237//271 253//271 238//271
f 246//272 260//272 261//272
f 257//273 273//273 258//273
f 266//274 280//274 281//274
f 258//275 274//275 259//275
f 252//276 1//276 267//276
f 11//277 266//277 281//277
f 260//278 274//278 275//278
f 252//279 268//279 253//279
f 261//280 275//280 276//280
f 253//281 269//281 254//281
f 262//282 276//282 277//282
f 254//283 270//283 255//283
f 263//284 277//284 278//284
f 255//285 271//285 256//285
f 264//286 278//286 279//286
f 256//287 272//287 257//287
f 265//288 279//288 280//288
f 277//289 291//289 292//289
f 269//290 285//290 270//290
f 278//291 292//291 293//291
f 270//292 286//292 271//292
f 279//293 293//293 294//293
f 271//294 287//294 272//294
f 280//295 294//295 295//295
f 272//296 288//296 273//296
f 281//297 295//297 296//297
f 273//298 289//298 274//298
f 267//299 1//299 282//299
f 11//300 281//300 296//300
f 275//301 289//301 290//301
f 267//302 283//302 268//302
f 276//303 290//303 291//303
f 268//304 284//304 269//304
f 296//305 310//305 311//305
f 288//306 304//306 289//306
f 282//307 1//307 297//307
f 11//308 296//308 311//308
f 290//309 304//309 305//309
f 282//310 298//310 283//310
f 291//311 305//311 306//311
f 283//312 299//312 284//312
f 292//313 306//313 307//313
f 284//314 300//314 285//314
f 293//315 307//315 308//315
f 285//316 301//316 286//316
f 294//317 308//317 309//317
f 286//318 302//318 287//318
f 295//319 309//319 310//319
f 287//320 303//320 288//320
f 308//321 322//321 323//321
f 300//322 316//322 301//322
f 309//323 323//323 324//323
f 301//324 317//324 302//324
f 310//325 324//325 325//325
f 302//326 318//326 303//326
f 311//327 325//327 326//327
f 303//328 319//328 304//328
f 297//329 1//329 312//329
f 11//330 311//330 326//330
f 305//331 319//331 320//331
f 297//332 313//332 298//332
f 306//333 320//333 321//333
f 298//334 314//334 299//334
f 307//335 321//335 322//335
f 299//336 315//336 300//336
f 312//337 1//337 327//337
f 11//338 326//338 341//338
f 320//339 334//339 335//339
f 312//340 328//340 313//340
f 321//341 335//341 336//341
f 313//342 329//342 314//342
f 322//343 336//343 337//343
f 314//344 330//344 315//344
f 323//345 337//345 338//345
f 315//346 331//346 316//346
f 324//347 338//347 339//347
f 316//348 332//348 317//348
f 325//349 339//349 340//349
f 317//350 333//350 318//350
f 326//351 340//351 341//351
f 318//352 334//352 319//352
f 330//353 346//353 331//353
f 339//354 353//354 354//354
f 331//355 347//355 332//355
f 340//356 354//356 355//356
f 332//357 348//357 333//357
f 341//358 355//358 356//358
f 333//359 349//359 334//359
f 327//360 1//360 342//360
f 11//361 341//361 356//361
f 335//362 349//362 350//362
f 327//363 343//363 328//363
f 336//364 350//364 351//364
f 328//365 344//365 329//365
f 337//366 351//366 352//366
f 329//367 345//367 330//367
f 338//368 352//368 353//368
f 350//369 364//369 365//369
f 342//370 358//370 343//370
f 351//371 365//371 366//371
f 343//372 359//372 344//372
f 352//373 366//373 367//373
f 344//374 360//374 345//374
f 353//375 367//375 368//375
f 345//376 361//376 346//376
f 354//377 368//377 369//377
f 346//378 362//378 347//378
f 355//379 369//379 370//379
f 347//380 363//380 348//380
f 356//381 370//381 371//381
f 348//382 364//382 349//382
f 342//383 1//383 357//383
f 11//384 356//384 371//384
f 368//385 384//385 369//385
f 362//386 376//386 377//386
f 369//387 385//387 370//387
f 363//388 377//388 378//388
f 370//389 386//389 371//389
f 364//390 378//390 379//390
f 357//391 1//391 372//391
f 11//392 371//392 386//392
f 364//393 380//393 365//393
f 358//394 372//394 373//394
f 365//395 381//395 366//395
f 359//396 373//396 374//396
f 366//397 382//397 367//397
f 360//398 374//398 375//398
f 367//399 383//399 368//399
f 361//400 375//400 376//400
f 373//401 387//401 388//401
f 380//402 396//402 381//402
f 374//403 388//403 389//403
f 381//404 397//404 382//404
f 375//405 389//405 390//405
f 382//406 398//406 383//406
f 376//407 390//407 391//407
f 383//408 399//408 384//408
f 377//409 391//409 392//409
f 384//410 400//410 385//410
f 378//411 392//411 393//411
f 385//412 401//412 386//412
f 379//413 393//413 394//413
f 372//414 1//414 387//414
f 11//415 386//415 401//415
f 379//416 395//416 380//416
f 392//417 406//417 407//417
f 399//418 415//418 400//418
f 393//419 407//419 408//419
f 400//420 416//420 401//420
f 394//421 408//421 409//421
f 387//422 1//422 402//422
f 11//423 401//423 416//423
f 394//424 410//424 395//424
f 388//425 402//425 403//425
f 395//426 411//426 396//426
f 389//427 403//427 404//427
f 396//428 412//428 397//428
f 390//429 404//429 405//429
f 397//430 413//430 398//430
f 391//431 405//431 406//431
f 398//432 414//432 399//432
f 410//433 426//433 411//433
f 404//434 418//434 419//434
f 411//435 427//435 412//435
f 405//436 419//436 420//436
f 412//437 428//437 413//437
f 406//438 420//438 421//438
f 413//439 429//439 414//439
f 407//440 421//440 422//440
f 414//441 430//441 415//441
f 408//442 422//442 423//442
f 415//443 431//443 416//443
f 409//444 423//444 424//444
f 402//445 1//445 417//445
f 11//446 416//446 431//446
f 409//447 425//447 410//447
f 403//448 417//448 418//448
f 429//449 445//449 430//449
f 423//450 437//450 438//450
f 430//451 446//451 431//451
f 424//452 438//452 439//452
f 417//453 1//453 432//453
f 11//454 431//454 446//454
f 424//455 440//455 425//455
f 418//456 432//456 433//456
f 425//457 441//457 426//457
f 419//458 433//458 434//458
f 426//459 442//459 427//459
f 420//460 434//460 435//460
f 427//461 443//461 428//461
f 421//462 435//462 436//462
f 428//463 444//463 429//463
f 422//464 436//464 437//464
f 441//465 457//465 442//465
f 435//466 449//466 450//466
f 442//467 458//467 443//467
f 436//468 450//468 451//468
f 443//469 459//469 444//469
f 437//470 451//470 452//470
f 444//471 460//471 445//471
f 438//472 452//472 453//472
f 445//473 461//473 446//473
f 439//474 453//474 454//474
f 432//475 1//475 447//475
f 11//476 446//476 461//476
f 439//477 455//477 440//477
f 433//478 447//478 448//478
f 440//479 456//479 441//479
f 434//480 448//480 449//480
f 460//481 476//481 461//481
f 454//482 468//482 469//482
f 447//483 1//483 462//483
f 11//484 461//484 476//484
f 454//485 470//485 455//485
f 448//486 462//486 463//486
f 455//487 471//487 456//487
f 449//488 463//488 464//488
f 456//489 472//489 457//489
f 450//490 464//490 465//490
f 457//491 473//491 458//491
f 451//492 465//492 466//492
f 458//493 474//493 459//493
f 452//494 466//494 467//494
f 459//495 475//495 460//495
f 453//496 467//496 468//496
f 465//497 2//497 3//497
f 472//498 480//498 473//498
f 466//499 3//499 479//499
f 473//500 10//500 474//500
f 467//501 479//501 4//501
f 474//502 481//502 475//502
f 468//503 4//503 5//503
f 475//504 482//504 476//504
f 469//505 5//505 6//505
f 462//506 1//506 477//506
f 11//507 476//507 482//507
f 469//508 7//508 470//508
f 463//509 477//509 478//509
f 470//510 8//510 471//510
f 464//511 478//511 2//511
f 471//512 9//512 472//512
f 489//15 500//15 501//15
f 957//513 494//513 485//513
f 961//1 501//1 502//1
f 485//2 495//2 486//2
f 490//3 502//3 503//3
f 486//4 496//4 958//4
f 962//5 503//5 504//5
f 958//6 497//6 487//6
f 963//514 504//514 505//514
f 487//8 498//8 959//8
f 964//9 505//9 506//9
f 959//10 499//10 488//10
f 484//11 483//11 492//11
f 491//12 964//12 506//12
f 960//13 499//13 500//13
f 484//14 493//14 957//14
f 492//29 483//29 507//29
f 491//30 506//30 521//30
f 500//31 514//31 515//31
f 492//32 508//32 493//32
f 501//17 515//17 516//17
f 493//18 509//18 494//18
f 502//19 516//19 517//19
f 494//20 510//20 495//20
f 503//21 517//21 518//21
f 495//22 511//22 496//22
f 504//23 518//23 519//23
f 496//24 512//24 497//24
f 505//25 519//25 520//25
f 497//26 513//26 498//26
f 506//27 520//27 521//27
f 498//28 514//28 499//28
f 510//46 526//46 511//46
f 519//47 533//47 534//47
f 511//48 527//48 512//48
f 520//33 534//33 535//33
f 512//34 528//34 513//34
f 521//35 535//35 536//35
f 513//36 529//36 514//36
f 507//37 483//37 522//37
f 491//38 521//38 536//38
f 515//39 529//39 530//39
f 507//40 523//40 508//40
f 516//41 530//41 531//41
f 508//42 524//42 509//42
f 517//43 531//43 532//43
f 509//44 525//44 510//44
f 518//45 532//45 533//45
f 530//62 544//62 545//62
f 522//63 538//63 523//63
f 531//64 545//64 546//64
f 523//49 539//49 524//49
f 532//50 546//50 547//50
f 524//51 540//51 525//51
f 533//52 547//52 548//52
f 525//53 541//53 526//53
f 534//54 548//54 549//54
f 526//55 542//55 527//55
f 535//56 549//56 550//56
f 527//57 543//57 528//57
f 536//58 550//58 551//58
f 528//59 544//59 529//59
f 522//60 483//60 537//60
f 491//61 536//61 551//61
f 549//515 563//515 564//515
f 541//516 557//516 542//516
f 550//80 564//80 565//80
f 542//65 558//65 543//65
f 551//66 565//66 566//66
f 543//67 559//67 544//67
f 537//68 483//68 552//68
f 491//517 551//517 566//517
f 545//70 559//70 560//70
f 537//518 553//518 538//518
f 546//72 560//72 561//72
f 538//73 554//73 539//73
f 547//74 561//74 562//74
f 539//75 555//75 540//75
f 548//76 562//76 563//76
f 540//77 556//77 541//77
f 561//95 575//95 576//95
f 553//96 569//96 554//96
f 562//81 576//81 577//81
f 554//82 570//82 555//82
f 563//83 577//83 578//83
f 555//84 571//84 556//84
f 564//85 578//85 579//85
f 556//86 572//86 557//86
f 565//87 579//87 580//87
f 557//88 573//88 558//88
f 566//89 580//89 581//89
f 558//90 574//90 559//90
f 552//91 483//91 567//91
f 491//92 566//92 581//92
f 560//93 574//93 575//93
f 552//94 568//94 553//94
f 580//519 594//519 595//519
f 572//112 588//112 573//112
f 581//97 595//97 596//97
f 573//98 589//98 574//98
f 567//99 483//99 582//99
f 491//100 581//100 596//100
f 575//101 589//101 590//101
f 567//102 583//102 568//102
f 576//103 590//103 591//103
f 568//104 584//104 569//104
f 577//105 591//105 592//105
f 569//106 585//106 570//106
f 578//107 592//107 593//107
f 570//108 586//108 571//108
f 579//109 593//109 594//109
f 571//110 587//110 572//110
f 583//127 599//127 584//127
f 592//128 606//128 607//128
f 584//113 600//113 585//113
f 593//114 607//114 608//114
f 585//115 601//115 586//115
f 594//116 608//116 609//116
f 586//117 602//117 587//117
f 595//118 609//118 610//118
f 587//119 603//119 588//119
f 596//120 610//120 611//120
f 588//121 604//121 589//121
f 582//122 483//122 597//122
f 491//123 596//123 611//123
f 590//124 604//124 605//124
f 582//125 598//125 583//125
f 591//126 605//126 606//126
f 603//143 617//143 618//143
f 610//144 626//144 611//144
f 604//129 618//129 619//129
f 597//130 483//130 612//130
f 491//131 611//131 626//131
f 604//132 620//132 605//132
f 598//133 612//133 613//133
f 605//134 621//134 606//134
f 599//135 613//135 614//135
f 606//136 622//136 607//136
f 600//137 614//137 615//137
f 607//138 623//138 608//138
f 601//139 615//139 616//139
f 608//140 624//140 609//140
f 602//141 616//141 617//141
f 609//142 625//142 610//142
f 621//159 637//159 622//159
f 615//160 629//160 630//160
f 622//145 638//145 623//145
f 616//146 630//146 631//146
f 623//147 639//147 624//147
f 617//148 631//148 632//148
f 624//520 640//520 625//520
f 618//150 632//150 633//150
f 625//151 641//151 626//151
f 619//152 633//152 634//152
f 612//153 483//153 627//153
f 491//154 626//154 641//154
f 619//155 635//155 620//155
f 613//156 627//156 628//156
f 620//157 636//157 621//157
f 614//158 628//158 629//158
f 640//174 656//174 641//174
f 634//175 648//175 649//175
f 627//176 483//176 642//176
f 491//161 641//161 656//161
f 634//162 650//162 635//162
f 628//163 642//163 643//163
f 635//164 651//164 636//164
f 629//165 643//165 644//165
f 636//166 652//166 637//166
f 630//167 644//167 645//167
f 637//168 653//168 638//168
f 631//169 645//169 646//169
f 638//170 654//170 639//170
f 632//171 646//171 647//171
f 639//172 655//172 640//172
f 633//173 647//173 648//173
f 645//190 659//190 660//190
f 652//191 668//191 653//191
f 646//192 660//192 661//192
f 653//521 669//521 654//521
f 647//522 661//522 662//522
f 654//179 670//179 655//179
f 648//180 662//180 663//180
f 655//181 671//181 656//181
f 649//182 663//182 664//182
f 642//183 483//183 657//183
f 491//184 656//184 671//184
f 649//185 665//185 650//185
f 643//523 657//523 658//523
f 650//187 666//187 651//187
f 644//188 658//188 659//188
f 651//189 667//189 652//189
f 664//205 678//205 679//205
f 657//206 483//206 672//206
f 491//207 671//207 686//207
f 664//208 680//208 665//208
f 658//193 672//193 673//193
f 665//194 681//194 666//194
f 659//195 673//195 674//195
f 666//196 682//196 667//196
f 660//197 674//197 675//197
f 667//198 683//198 668//198
f 661//199 675//199 676//199
f 668//200 684//200 669//200
f 662//201 676//201 677//201
f 669//202 685//202 670//202
f 663//203 677//203 678//203
f 670//204 686//204 671//204
f 682//222 698//222 683//222
f 676//223 690//223 691//223
f 683//224 699//224 684//224
f 677//209 691//209 692//209
f 684//210 700//210 685//210
f 678//211 692//211 693//211
f 685//212 701//212 686//212
f 679//213 693//213 694//213
f 672//214 483//214 687//214
f 491//215 686//215 701//215
f 679//216 695//216 680//216
f 673//217 687//217 688//217
f 680//218 696//218 681//218
f 674//219 688//219 689//219
f 681//220 697//220 682//220
f 675//221 689//221 690//221
f 491//238 701//238 716//238
f 694//239 710//239 695//239
f 688//240 702//240 703//240
f 695//225 711//225 696//225
f 689//226 703//226 704//226
f 696//227 712//227 697//227
f 690//228 704//228 705//228
f 697//229 713//229 698//229
f 691//230 705//230 706//230
f 698//231 714//231 699//231
f 692//232 706//232 707//232
f 699//233 715//233 700//233
f 693//234 707//234 708//234
f 700//235 716//235 701//235
f 694//236 708//236 709//236
f 687//237 483//237 702//237
f 713//255 729//255 714//255
f 707//256 721//256 722//256
f 714//241 730//241 715//241
f 708//242 722//242 723//242
f 715//243 731//243 716//243
f 709//244 723//244 724//244
f 702//245 483//245 717//245
f 491//246 716//246 731//246
f 709//247 725//247 710//247
f 703//248 717//248 718//248
f 710//249 726//249 711//249
f 704//524 718//524 719//524
f 711//251 727//251 712//251
f 705//252 719//252 720//252
f 712//253 728//253 713//253
f 706//254 720//254 721//254
f 717//271 733//271 718//271
f 726//272 740//272 741//272
f 718//257 734//257 719//257
f 727//258 741//258 742//258
f 719//259 735//259 720//259
f 728//260 742//260 743//260
f 720//261 736//261 721//261
f 729//262 743//262 744//262
f 721//263 737//263 722//263
f 730//264 744//264 745//264
f 722//265 738//265 723//265
f 731//266 745//266 746//266
f 723//267 739//267 724//267
f 717//268 483//268 732//268
f 491//269 731//269 746//269
f 725//270 739//270 740//270
f 736//287 752//287 737//287
f 745//288 759//288 760//288
f 737//273 753//273 738//273
f 746//274 760//274 761//274
f 738//275 754//275 739//275
f 732//276 483//276 747//276
f 491//277 746//277 761//277
f 740//278 754//278 755//278
f 732//279 748//279 733//279
f 741//280 755//280 756//280
f 733//281 749//281 734//281
f 742//282 756//282 757//282
f 734//283 750//283 735//283
f 743//284 757//284 758//284
f 735//285 751//285 736//285
f 744//286 758//286 759//286
f 756//303 770//303 771//303
f 748//304 764//304 749//304
f 757//289 771//289 772//289
f 749//290 765//290 750//290
f 758//291 772//291 773//291
f 750//292 766//292 751//292
f 759//293 773//293 774//293
f 751//294 767//294 752//294
f 760//295 774//295 775//295
f 752//296 768//296 753//296
f 761//297 775//297 776//297
f 753//298 769//298 754//298
f 747//299 483//299 762//299
f 491//300 761//300 776//300
f 755//301 769//301 770//301
f 747//302 763//302 748//302
f 775//319 789//319 790//319
f 767//320 783//320 768//320
f 776//305 790//305 791//305
f 768//306 784//306 769//306
f 762//307 483//307 777//307
f 491//308 776//308 791//308
f 770//309 784//309 785//309
f 762//310 778//310 763//310
f 771//311 785//311 786//311
f 763//312 779//312 764//312
f 772//313 786//313 787//313
f 764//314 780//314 765//314
f 773//315 787//315 788//315
f 765//316 781//316 766//316
f 774//317 788//317 789//317
f 766//318 782//318 767//318
f 778//334 794//334 779//334
f 787//525 801//525 802//525
f 779//336 795//336 780//336
f 788//321 802//321 803//321
f 780//322 796//322 781//322
f 789//526 803//526 804//526
f 781//527 797//527 782//527
f 790//325 804//325 805//325
f 782//326 798//326 783//326
f 791//528 805//528 806//528
f 783//328 799//328 784//328
f 777//329 483//329 792//329
f 491//529 791//529 806//529
f 785//331 799//331 800//331
f 777//332 793//332 778//332
f 786//333 800//333 801//333
f 797//350 813//350 798//350
f 806//530 820//530 821//530
f 798//352 814//352 799//352
f 792//337 483//337 807//337
f 491//338 806//338 821//338
f 800//339 814//339 815//339
f 792//340 808//340 793//340
f 801//341 815//341 816//341
f 793//342 809//342 794//342
f 802//343 816//343 817//343
f 794//344 810//344 795//344
f 803//345 817//345 818//345
f 795//346 811//346 796//346
f 804//347 818//347 819//347
f 796//348 812//348 797//348
f 805//349 819//349 820//349
f 817//366 831//366 832//366
f 809//367 825//367 810//367
f 818//368 832//368 833//368
f 810//353 826//353 811//353
f 819//354 833//354 834//354
f 811//355 827//355 812//355
f 820//356 834//356 835//356
f 812//357 828//357 813//357
f 821//358 835//358 836//358
f 813//359 829//359 814//359
f 807//360 483//360 822//360
f 491//361 821//361 836//361
f 815//362 829//362 830//362
f 807//363 823//363 808//363
f 816//364 830//364 831//364
f 808//365 824//365 809//365
f 836//381 850//381 851//381
f 828//382 844//382 829//382
f 822//383 483//383 837//383
f 491//384 836//384 851//384
f 830//369 844//369 845//369
f 822//370 838//370 823//370
f 831//371 845//371 846//371
f 823//372 839//372 824//372
f 832//373 846//373 847//373
f 824//374 840//374 825//374
f 833//375 847//375 848//375
f 825//376 841//376 826//376
f 834//377 848//377 849//377
f 826//378 842//378 827//378
f 835//379 849//379 850//379
f 827//380 843//380 828//380
f 847//399 863//399 848//399
f 841//400 855//400 856//400
f 848//385 864//385 849//385
f 842//386 856//386 857//386
f 849//387 865//387 850//387
f 843//388 857//388 858//388
f 850//389 866//389 851//389
f 844//390 858//390 859//390
f 837//391 483//391 852//391
f 491//392 851//392 866//392
f 844//393 860//393 845//393
f 838//394 852//394 853//394
f 845//395 861//395 846//395
f 839//396 853//396 854//396
f 846//397 862//397 847//397
f 840//398 854//398 855//398
f 852//531 483//531 867//531
f 491//415 866//415 881//415
f 859//416 875//416 860//416
f 853//401 867//401 868//401
f 860//402 876//402 861//402
f 854//403 868//403 869//403
f 861//404 877//404 862//404
f 855//405 869//405 870//405
f 862//406 878//406 863//406
f 856//407 870//407 871//407
f 863//408 879//408 864//408
f 857//409 871//409 872//409
f 864//410 880//410 865//410
f 858//411 872//411 873//411
f 865//412 881//412 866//412
f 859//413 873//413 874//413
f 871//431 885//431 886//431
f 878//432 894//432 879//432
f 872//417 886//417 887//417
f 879//418 895//418 880//418
f 873//419 887//419 888//419
f 880//420 896//420 881//420
f 874//421 888//421 889//421
f 867//422 483//422 882//422
f 491//423 881//423 896//423
f 874//424 890//424 875//424
f 868//425 882//425 883//425
f 875//426 891//426 876//426
f 869//427 883//427 884//427
f 876//428 892//428 877//428
f 870//429 884//429 885//429
f 877//430 893//430 878//430
f 889//447 905//447 890//447
f 883//532 897//532 898//532
f 890//433 906//433 891//433
f 884//434 898//434 899//434
f 891//435 907//435 892//435
f 885//533 899//533 900//533
f 892//437 908//437 893//437
f 886//438 900//438 901//438
f 893//534 909//534 894//534
f 887//440 901//440 902//440
f 894//441 910//441 895//441
f 888//442 902//442 903//442
f 895//535 911//535 896//535
f 889//444 903//444 904//444
f 882//445 483//445 897//445
f 491//536 896//536 911//536
f 908//463 924//463 909//463
f 902//464 916//464 917//464
f 909//449 925//449 910//449
f 903//450 917//450 918//450
f 910//451 926//451 911//451
f 904//452 918//452 919//452
f 897//453 483//453 912//453
f 491//454 911//454 926//454
f 904//455 920//455 905//455
f 898//456 912//456 913//456
f 905//457 921//457 906//457
f 899//458 913//458 914//458
f 906//459 922//459 907//459
f 900//460 914//460 915//460
f 907//461 923//461 908//461
f 901//462 915//462 916//462
f 913//478 927//478 928//478
f 920//479 936//479 921//479
f 914//480 928//480 929//480
f 921//465 937//465 922//465
f 915//466 929//466 930//466
f 922//467 938//467 923//467
f 916//468 930//468 931//468
f 923//469 939//469 924//469
f 917//470 931//470 932//470
f 924//471 940//471 925//471
f 918//472 932//472 933//472
f 925//473 941//473 926//473
f 919//474 933//474 934//474
f 912//475 483//475 927//475
f 491//476 926//476 941//476
f 919//477 935//477 920//477
f 932//494 946//494 947//494
f 939//495 955//495 940//495
f 933//496 947//496 948//496
f 940//481 956//481 941//481
f 934//482 948//482 949//482
f 927//483 483//483 942//483
f 491//484 941//484 956//484
f 934//485 950//485 935//485
f 928//486 942//486 943//486
f 935//487 951//487 936//487
f 929//488 943//488 944//488
f 936//489 952//489 937//489
f 930//490 944//490 945//490
f 937//491 953//491 938//491
f 931//492 945//492 946//492
f 938//493 954//493 939//493
f 950//510 489//510 951//510
f 944//511 957//511 485//511
f 951//512 961//512 952//512
f 945//497 485//497 486//497
f 952//498 490//498 953//498
f 946//499 486//499 958//499
f 953//500 962//500 954//500
f 947//501 958//501 487//501
f 954//502 963//502 955//502
f 948//503 487//503 959//503
f 955//504 964//504 956//504
f 949//505 959//505 488//505
f 942//506 483//506 484//506
f 491//507 956//507 964//507
f 949//508 960//508 950//508
f 943//509 484//509 957//509
f 966//11 965//11 975//11
f 974//12 1446//12 989//12
f 971//13 982//13 983//13
f 966//14 976//14 1440//14
f 1443//15 983//15 984//15
f 1440//16 977//16 967//16
f 972//1 984//1 985//1
f 967//2 978//2 968//2
f 1444//3 985//3 986//3
f 968//4 979//4 1441//4
f 973//5 986//5 987//5
f 1441//6 980//6 969//6
f 1445//7 987//7 988//7
f 969//537 981//537 1442//537
f 1446//538 988//538 989//538
f 1442//10 982//10 970//10
f 989//27 1003//27 1004//27
f 981//28 997//28 982//28
f 975//539 965//539 990//539
f 974//30 989//30 1004//30
f 983//31 997//31 998//31
f 975//32 991//32 976//32
f 984//17 998//17 999//17
f 976//18 992//18 977//18
f 985//19 999//19 1000//19
f 977//20 993//20 978//20
f 986//21 1000//21 1001//21
f 978//22 994//22 979//22
f 987//23 1001//23 1002//23
f 979//24 995//24 980//24
f 988//25 1002//25 1003//25
f 980//26 996//26 981//26
f 992//44 1008//44 993//44
f 1001//45 1015//45 1016//45
f 993//46 1009//46 994//46
f 1002//47 1016//47 1017//47
f 994//48 1010//48 995//48
f 1003//33 1017//33 1018//33
f 995//34 1011//34 996//34
f 1004//35 1018//35 1019//35
f 996//36 1012//36 997//36
f 990//37 965//37 1005//37
f 974//540 1004//540 1019//540
f 998//39 1012//39 1013//39
f 990//40 1006//40 991//40
f 999//41 1013//41 1014//41
f 991//42 1007//42 992//42
f 1000//43 1014//43 1015//43
f 1011//59 1027//59 1012//59
f 1005//60 965//60 1020//60
f 974//61 1019//61 1034//61
f 1013//62 1027//62 1028//62
f 1005//63 1021//63 1006//63
f 1014//64 1028//64 1029//64
f 1006//49 1022//49 1007//49
f 1015//50 1029//50 1030//50
f 1007//51 1023//51 1008//51
f 1016//52 1030//52 1031//52
f 1008//53 1024//53 1009//53
f 1017//54 1031//54 1032//54
f 1009//55 1025//55 1010//55
f 1018//56 1032//56 1033//56
f 1010//57 1026//57 1011//57
f 1019//58 1033//58 1034//58
f 1031//76 1045//76 1046//76
f 1023//77 1039//77 1024//77
f 1032//515 1046//515 1047//515
f 1024//79 1040//79 1025//79
f 1033//80 1047//80 1048//80
f 1025//65 1041//65 1026//65
f 1034//541 1048//541 1049//541
f 1026//67 1042//67 1027//67
f 1020//542 965//542 1035//542
f 974//517 1034//517 1049//517
f 1028//70 1042//70 1043//70
f 1020//518 1036//518 1021//518
f 1029//72 1043//72 1044//72
f 1021//73 1037//73 1022//73
f 1030//543 1044//543 1045//543
f 1022//75 1038//75 1023//75
f 1035//91 965//91 1050//91
f 974//92 1049//92 1064//92
f 1043//93 1057//93 1058//93
f 1035//94 1051//94 1036//94
f 1044//95 1058//95 1059//95
f 1036//96 1052//96 1037//96
f 1045//81 1059//81 1060//81
f 1037//82 1053//82 1038//82
f 1046//83 1060//83 1061//83
f 1038//84 1054//84 1039//84
f 1047//85 1061//85 1062//85
f 1039//86 1055//86 1040//86
f 1048//87 1062//87 1063//87
f 1040//88 1056//88 1041//88
f 1049//89 1063//89 1064//89
f 1041//90 1057//90 1042//90
f 1053//108 1069//108 1054//108
f 1062//109 1076//109 1077//109
f 1054//110 1070//110 1055//110
f 1063//111 1077//111 1078//111
f 1055//112 1071//112 1056//112
f 1064//97 1078//97 1079//97
f 1056//98 1072//98 1057//98
f 1050//99 965//99 1065//99
f 974//100 1064//100 1079//100
f 1058//101 1072//101 1073//101
f 1050//544 1066//544 1051//544
f 1059//103 1073//103 1074//103
f 1051//104 1067//104 1052//104
f 1060//105 1074//105 1075//105
f 1052//106 1068//106 1053//106
f 1061//107 1075//107 1076//107
f 1073//124 1087//124 1088//124
f 1065//125 1081//125 1066//125
f 1074//126 1088//126 1089//126
f 1066//127 1082//127 1067//127
f 1075//128 1089//128 1090//128
f 1067//113 1083//113 1068//113
f 1076//114 1090//114 1091//114
f 1068//115 1084//115 1069//115
f 1077//116 1091//116 1092//116
f 1069//117 1085//117 1070//117
f 1078//118 1092//118 1093//118
f 1070//119 1086//119 1071//119
f 1079//120 1093//120 1094//120
f 1071//121 1087//121 1072//121
f 1065//122 965//122 1080//122
f 974//123 1079//123 1094//123
f 1091//140 1107//140 1092//140
f 1085//141 1099//141 1100//141
f 1092//142 1108//142 1093//142
f 1086//143 1100//143 1101//143
f 1093//144 1109//144 1094//144
f 1087//129 1101//129 1102//129
f 1080//130 965//130 1095//130
f 974//131 1094//131 1109//131
f 1087//132 1103//132 1088//132
f 1081//133 1095//133 1096//133
f 1088//134 1104//134 1089//134
f 1082//135 1096//135 1097//135
f 1089//136 1105//136 1090//136
f 1083//137 1097//137 1098//137
f 1090//138 1106//138 1091//138
f 1084//139 1098//139 1099//139
f 1103//157 1119//157 1104//157
f 1097//158 1111//158 1112//158
f 1104//159 1120//159 1105//159
f 1098//160 1112//160 1113//160
f 1105//145 1121//145 1106//145
f 1099//146 1113//146 1114//146
f 1106//147 1122//147 1107//147
f 1100//148 1114//148 1115//148
f 1107//149 1123//149 1108//149
f 1101//150 1115//150 1116//150
f 1108//151 1124//151 1109//151
f 1102//152 1116//152 1117//152
f 1095//153 965//153 1110//153
f 974//154 1109//154 1124//154
f 1102//155 1118//155 1103//155
f 1096//156 1110//156 1111//156
f 1122//172 1138//172 1123//172
f 1116//173 1130//173 1131//173
f 1123//174 1139//174 1124//174
f 1117//175 1131//175 1132//175
f 1110//176 965//176 1125//176
f 974//161 1124//161 1139//161
f 1117//162 1133//162 1118//162
f 1111//163 1125//163 1126//163
f 1118//164 1134//164 1119//164
f 1112//165 1126//165 1127//165
f 1119//166 1135//166 1120//166
f 1113//167 1127//167 1128//167
f 1120//168 1136//168 1121//168
f 1114//169 1128//169 1129//169
f 1121//170 1137//170 1122//170
f 1115//171 1129//171 1130//171
f 1127//188 1141//188 1142//188
f 1134//545 1150//545 1135//545
f 1128//190 1142//190 1143//190
f 1135//191 1151//191 1136//191
f 1129//192 1143//192 1144//192
f 1136//521 1152//521 1137//521
f 1130//178 1144//178 1145//178
f 1137//179 1153//179 1138//179
f 1131//180 1145//180 1146//180
f 1138//546 1154//546 1139//546
f 1132//182 1146//182 1147//182
f 1125//547 965//547 1140//547
f 974//548 1139//548 1154//548
f 1132//185 1148//185 1133//185
f 1126//523 1140//523 1141//523
f 1133//187 1149//187 1134//187
f 1146//203 1160//203 1161//203
f 1153//204 1169//204 1154//204
f 1147//205 1161//205 1162//205
f 1140//206 965//206 1155//206
f 974//207 1154//207 1169//207
f 1147//208 1163//208 1148//208
f 1141//193 1155//193 1156//193
f 1148//194 1164//194 1149//194
f 1142//195 1156//195 1157//195
f 1149//196 1165//196 1150//196
f 1143//197 1157//197 1158//197
f 1150//198 1166//198 1151//198
f 1144//199 1158//199 1159//199
f 1151//200 1167//200 1152//200
f 1145//201 1159//201 1160//201
f 1152//202 1168//202 1153//202
f 1164//220 1180//220 1165//220
f 1158//221 1172//221 1173//221
f 1165//222 1181//222 1166//222
f 1159//223 1173//223 1174//223
f 1166//224 1182//224 1167//224
f 1160//209 1174//209 1175//209
f 1167//210 1183//210 1168//210
f 1161//211 1175//211 1176//211
f 1168//212 1184//212 1169//212
f 1162//213 1176//213 1177//213
f 1155//549 965//549 1170//549
f 974//550 1169//550 1184//550
f 1162//216 1178//216 1163//216
f 1156//217 1170//217 1171//217
f 1163//218 1179//218 1164//218
f 1157//219 1171//219 1172//219
f 1183//235 1199//235 1184//235
f 1177//236 1191//236 1192//236
f 1170//237 965//237 1185//237
f 974//238 1184//238 1199//238
f 1177//239 1193//239 1178//239
f 1171//240 1185//240 1186//240
f 1178//225 1194//225 1179//225
f 1172//226 1186//226 1187//226
f 1179//227 1195//227 1180//227
f 1173//228 1187//228 1188//228
f 1180//229 1196//229 1181//229
f 1174//230 1188//230 1189//230
f 1181//231 1197//231 1182//231
f 1175//232 1189//232 1190//232
f 1182//233 1198//233 1183//233
f 1176//234 1190//234 1191//234
f 1188//252 1202//252 1203//252
f 1195//253 1211//253 1196//253
f 1189//254 1203//254 1204//254
f 1196//255 1212//255 1197//255
f 1190//256 1204//256 1205//256
f 1197//551 1213//551 1198//551
f 1191//242 1205//242 1206//242
f 1198//243 1214//243 1199//243
f 1192//244 1206//244 1207//244
f 1185//245 965//245 1200//245
f 974//246 1199//246 1214//246
f 1192//247 1208//247 1193//247
f 1186//248 1200//248 1201//248
f 1193//249 1209//249 1194//249
f 1187//524 1201//524 1202//524
f 1194//251 1210//251 1195//251
f 1206//267 1222//267 1207//267
f 1200//268 965//268 1215//268
f 974//269 1214//269 1229//269
f 1208//270 1222//270 1223//270
f 1200//271 1216//271 1201//271
f 1209//272 1223//272 1224//272
f 1201//257 1217//257 1202//257
f 1210//258 1224//258 1225//258
f 1202//259 1218//259 1203//259
f 1211//260 1225//260 1226//260
f 1203//261 1219//261 1204//261
f 1212//262 1226//262 1227//262
f 1204//263 1220//263 1205//263
f 1213//552 1227//552 1228//552
f 1205//265 1221//265 1206//265
f 1214//266 1228//266 1229//266
f 1226//284 1240//284 1241//284
f 1218//285 1234//285 1219//285
f 1227//286 1241//286 1242//286
f 1219//287 1235//287 1220//287
f 1228//288 1242//288 1243//288
f 1220//273 1236//273 1221//273
f 1229//274 1243//274 1244//274
f 1221//275 1237//275 1222//275
f 1215//276 965//276 1230//276
f 974//277 1229//277 1244//277
f 1223//278 1237//278 1238//278
f 1215//279 1231//279 1216//279
f 1224//280 1238//280 1239//280
f 1216//281 1232//281 1217//281
f 1225//282 1239//282 1240//282
f 1217//283 1233//283 1218//283
f 974//553 1244//553 1259//553
f 1238//301 1252//301 1253//301
f 1230//302 1246//302 1231//302
f 1239//303 1253//303 1254//303
f 1231//304 1247//304 1232//304
f 1240//289 1254//289 1255//289
f 1232//290 1248//290 1233//290
f 1241//291 1255//291 1256//291
f 1233//292 1249//292 1234//292
f 1242//293 1256//293 1257//293
f 1234//294 1250//294 1235//294
f 1243//295 1257//295 1258//295
f 1235//296 1251//296 1236//296
f 1244//297 1258//297 1259//297
f 1236//298 1252//298 1237//298
f 1230//554 965//554 1245//554
f 1257//317 1271//317 1272//317
f 1249//318 1265//318 1250//318
f 1258//319 1272//319 1273//319
f 1250//320 1266//320 1251//320
f 1259//305 1273//305 1274//305
f 1251//306 1267//306 1252//306
f 1245//307 965//307 1260//307
f 974//308 1259//308 1274//308
f 1253//309 1267//309 1268//309
f 1245//310 1261//310 1246//310
f 1254//311 1268//311 1269//311
f 1246//312 1262//312 1247//312
f 1255//313 1269//313 1270//313
f 1247//314 1263//314 1248//314
f 1256//315 1270//315 1271//315
f 1248//316 1264//316 1249//316
f 1260//332 1276//332 1261//332
f 1269//333 1283//333 1284//333
f 1261//334 1277//334 1262//334
f 1270//335 1284//335 1285//335
f 1262//336 1278//336 1263//336
f 1271//321 1285//321 1286//321
f 1263//322 1279//322 1264//322
f 1272//526 1286//526 1287//526
f 1264//324 1280//324 1265//324
f 1273//325 1287//325 1288//325
f 1265//326 1281//326 1266//326
f 1274//327 1288//327 1289//327
f 1266//328 1282//328 1267//328
f 1260//329 965//329 1275//329
f 974//555 1274//555 1289//555
f 1268//331 1282//331 1283//331
f 1279//348 1295//348 1280//348
f 1288//349 1302//349 1303//349
f 1280//350 1296//350 1281//350
f 1289//351 1303//351 1304//351
f 1281//352 1297//352 1282//352
f 1275//337 965//337 1290//337
f 974//338 1289//338 1304//338
f 1283//339 1297//339 1298//339
f 1275//340 1291//340 1276//340
f 1284//341 1298//341 1299//341
f 1276//342 1292//342 1277//342
f 1285//343 1299//343 1300//343
f 1277//344 1293//344 1278//344
f 1286//345 1300//345 1301//345
f 1278//346 1294//346 1279//346
f 1287//347 1301//347 1302//347
f 1299//364 1313//364 1314//364
f 1291//365 1307//365 1292//365
f 1300//366 1314//366 1315//366
f 1292//367 1308//367 1293//367
f 1301//368 1315//368 1316//368
f 1293//353 1309//353 1294//353
f 1302//354 1316//354 1317//354
f 1294//355 1310//355 1295//355
f 1303//356 1317//356 1318//356
f 1295//357 1311//357 1296//357
f 1304//358 1318//358 1319//358
f 1296//359 1312//359 1297//359
f 1290//360 965//360 1305//360
f 974//361 1304//361 1319//361
f 1298//362 1312//362 1313//362
f 1290//363 1306//363 1291//363
f 1318//379 1332//379 1333//379
f 1310//380 1326//380 1311//380
f 1319//381 1333//381 1334//381
f 1311//382 1327//382 1312//382
f 1305//383 965//383 1320//383
f 974//384 1319//384 1334//384
f 1313//369 1327//369 1328//369
f 1305//370 1321//370 1306//370
f 1314//371 1328//371 1329//371
f 1306//372 1322//372 1307//372
f 1315//373 1329//373 1330//373
f 1307//374 1323//374 1308//374
f 1316//375 1330//375 1331//375
f 1308//376 1324//376 1309//376
f 1317//377 1331//377 1332//377
f 1309//378 1325//378 1310//378
f 1322//396 1336//396 1337//396
f 1329//397 1345//397 1330//397
f 1323//398 1337//398 1338//398
f 1330//399 1346//399 1331//399
f 1324//400 1338//400 1339//400
f 1331//385 1347//385 1332//385
f 1325//386 1339//386 1340//386
f 1332//387 1348//387 1333//387
f 1326//388 1340//388 1341//388
f 1333//389 1349//389 1334//389
f 1327//390 1341//390 1342//390
f 1320//391 965//391 1335//391
f 974//392 1334//392 1349//392
f 1327//393 1343//393 1328//393
f 1321//394 1335//394 1336//394
f 1328//395 1344//395 1329//395
f 1341//411 1355//411 1356//411
f 1348//412 1364//412 1349//412
f 1342//413 1356//413 1357//413
f 1335//414 965//414 1350//414
f 974//415 1349//415 1364//415
f 1342//416 1358//416 1343//416
f 1336//401 1350//401 1351//401
f 1343//402 1359//402 1344//402
f 1337//403 1351//403 1352//403
f 1344//404 1360//404 1345//404
f 1338//405 1352//405 1353//405
f 1345//406 1361//406 1346//406
f 1339//407 1353//407 1354//407
f 1346//408 1362//408 1347//408
f 1340//409 1354//409 1355//409
f 1347//410 1363//410 1348//410
f 1359//428 1375//428 1360//428
f 1353//429 1367//429 1368//429
f 1360//430 1376//430 1361//430
f 1354//431 1368//431 1369//431
f 1361//432 1377//432 1362//432
f 1355//417 1369//417 1370//417
f 1362//418 1378//418 1363//418
f 1356//419 1370//419 1371//419
f 1363//420 1379//420 1364//420
f 1357//421 1371//421 1372//421
f 1350//422 965//422 1365//422
f 974//423 1364//423 1379//423
f 1357//424 1373//424 1358//424
f 1351//425 1365//425 1366//425
f 1358//426 1374//426 1359//426
f 1352//427 1366//427 1367//427
f 1378//535 1394//535 1379//535
f 1372//444 1386//444 1387//444
f 1365//556 965//556 1380//556
f 974//536 1379//536 1394//536
f 1372//447 1388//447 1373//447
f 1366//532 1380//532 1381//532
f 1373//433 1389//433 1374//433
f 1367//434 1381//434 1382//434
f 1374//557 1390//557 1375//557
f 1368//436 1382//436 1383//436
f 1375//437 1391//437 1376//437
f 1369//438 1383//438 1384//438
f 1376//534 1392//534 1377//534
f 1370//440 1384//440 1385//440
f 1377//441 1393//441 1378//441
f 1371//442 1385//442 1386//442
f 1390//461 1406//461 1391//461
f 1384//462 1398//462 1399//462
f 1391//463 1407//463 1392//463
f 1385//464 1399//464 1400//464
f 1392//449 1408//449 1393//449
f 1386//450 1400//450 1401//450
f 1393//451 1409//451 1394//451
f 1387//452 1401//452 1402//452
f 1380//453 965//453 1395//453
f 974//454 1394//454 1409//454
f 1387//455 1403//455 1388//455
f 1381//456 1395//456 1396//456
f 1388//457 1404//457 1389//457
f 1382//458 1396//458 1397//458
f 1389//459 1405//459 1390//459
f 1383//460 1397//460 1398//460
f 1395//558 965//558 1410//558
f 974//476 1409//476 1424//476
f 1402//477 1418//477 1403//477
f 1396//478 1410//478 1411//478
f 1403//479 1419//479 1404//479
f 1397//480 1411//480 1412//480
f 1404//465 1420//465 1405//465
f 1398//466 1412//466 1413//466
f 1405//467 1421//467 1406//467
f 1399//559 1413//559 1414//559
f 1406//469 1422//469 1407//469
f 1400//470 1414//470 1415//470
f 1407//471 1423//471 1408//471
f 1401//472 1415//472 1416//472
f 1408//473 1424//473 1409//473
f 1402//474 1416//474 1417//474
f 1414//492 1428//492 1429//492
f 1421//493 1437//493 1422//493
f 1415//494 1429//494 1430//494
f 1422//495 1438//495 1423//495
f 1416//496 1430//496 1431//496
f 1423//481 1439//481 1424//481
f 1417//482 1431//482 1432//482
f 1410//483 965//483 1425//483
f 974//484 1424//484 1439//484
f 1417//485 1433//485 1418//485
f 1411//486 1425//486 1426//486
f 1418//487 1434//487 1419//487
f 1412//488 1426//488 1427//488
f 1419//489 1435//489 1420//489
f 1413//490 1427//490 1428//490
f 1420//491 1436//491 1421//491
f 1432//508 971//508 1433//508
f 1426//509 966//509 1440//509
f 1433//510 1443//510 1434//510
f 1427//560 1440//560 967//560
f 1434//512 972//512 1435//512
f 1428//497 967//497 968//497
f 1435//498 1444//498 1436//498
f 1429//499 968//499 1441//499
f 1436//500 973//500 1437//500
f 1430//501 1441//501 969//501
f 1437//561 1445//561 1438//561
f 1431//503 969//503 1442//503
f 1438//504 1446//504 1439//504
f 1432//505 1442//505 970//505
f 1425//506 965//506 966//506
f 974//507 1439//507 1446//507
f 1454//15 1466//15 1467//15
f 1924//16 1460//16 1448//16
f 1455//1 1467//1 1468//1
f 1448//2 1461//2 1449//2
f 1926//3 1468//3 1469//3
f 1449//4 1462//4 1925//4
f 1456//5 1469//5 1470//5
f 1925//6 1463//6 1450//6
f 1927//514 1470//514 1471//514
f 1450//8 1464//8 1451//8
f 1928//9 1471//9 1472//9
f 1451//10 1465//10 1452//10
f 1923//562 1447//562 1458//562
f 1457//12 1928//12 1472//12
f 1453//13 1465//13 1466//13
f 1923//14 1459//14 1924//14
f 1466//31 1480//31 1481//31
f 1458//32 1474//32 1459//32
f 1467//17 1481//17 1482//17
f 1459//18 1475//18 1460//18
f 1468//19 1482//19 1483//19
f 1460//20 1476//20 1461//20
f 1469//21 1483//21 1484//21
f 1461//22 1477//22 1462//22
f 1470//23 1484//23 1485//23
f 1462//24 1478//24 1463//24
f 1471//25 1485//25 1486//25
f 1463//26 1479//26 1464//26
f 1472//563 1486//563 1487//563
f 1464//28 1480//28 1465//28
f 1458//29 1447//29 1473//29
f 1457//30 1472//30 1487//30
f 1485//47 1499//47 1500//47
f 1477//48 1493//48 1478//48
f 1486//33 1500//33 1501//33
f 1478//34 1494//34 1479//34
f 1487//35 1501//35 1502//35
f 1479//36 1495//36 1480//36
f 1473//37 1447//37 1488//37
f 1457//38 1487//38 1502//38
f 1481//39 1495//39 1496//39
f 1473//40 1489//40 1474//40
f 1482//41 1496//41 1497//41
f 1474//42 1490//42 1475//42
f 1483//43 1497//43 1498//43
f 1475//44 1491//44 1476//44
f 1484//564 1498//564 1499//564
f 1476//46 1492//46 1477//46
f 1488//63 1504//63 1489//63
f 1497//64 1511//64 1512//64
f 1489//49 1505//49 1490//49
f 1498//50 1512//50 1513//50
f 1490//51 1506//51 1491//51
f 1499//52 1513//52 1514//52
f 1491//53 1507//53 1492//53
f 1500//54 1514//54 1515//54
f 1492//55 1508//55 1493//55
f 1501//56 1515//56 1516//56
f 1493//57 1509//57 1494//57
f 1502//58 1516//58 1517//58
f 1494//59 1510//59 1495//59
f 1488//60 1447//60 1503//60
f 1457//61 1502//61 1517//61
f 1496//62 1510//62 1511//62
f 1507//79 1523//79 1508//79
f 1516//80 1530//80 1531//80
f 1508//65 1524//65 1509//65
f 1517//541 1531//541 1532//541
f 1509//67 1525//67 1510//67
f 1503//68 1447//68 1518//68
f 1457//69 1517//69 1532//69
f 1511//70 1525//70 1526//70
f 1503//71 1519//71 1504//71
f 1512//72 1526//72 1527//72
f 1504//73 1520//73 1505//73
f 1513//565 1527//565 1528//565
f 1505//566 1521//566 1506//566
f 1514//76 1528//76 1529//76
f 1506//77 1522//77 1507//77
f 1515//78 1529//78 1530//78
f 1527//95 1541//95 1542//95
f 1519//567 1535//567 1520//567
f 1528//81 1542//81 1543//81
f 1520//82 1536//82 1521//82
f 1529//83 1543//83 1544//83
f 1521//84 1537//84 1522//84
f 1530//85 1544//85 1545//85
f 1522//86 1538//86 1523//86
f 1531//87 1545//87 1546//87
f 1523//88 1539//88 1524//88
f 1532//89 1546//89 1547//89
f 1524//90 1540//90 1525//90
f 1518//91 1447//91 1533//91
f 1457//92 1532//92 1547//92
f 1526//93 1540//93 1541//93
f 1518//568 1534//568 1519//568
f 1546//111 1560//111 1561//111
f 1538//112 1554//112 1539//112
f 1547//97 1561//97 1562//97
f 1539//98 1555//98 1540//98
f 1533//99 1447//99 1548//99
f 1457//569 1547//569 1562//569
f 1541//101 1555//101 1556//101
f 1533//102 1549//102 1534//102
f 1542//103 1556//103 1557//103
f 1534//104 1550//104 1535//104
f 1543//105 1557//105 1558//105
f 1535//106 1551//106 1536//106
f 1544//107 1558//107 1559//107
f 1536//108 1552//108 1537//108
f 1545//109 1559//109 1560//109
f 1537//110 1553//110 1538//110
f 1558//128 1572//128 1573//128
f 1550//113 1566//113 1551//113
f 1559//114 1573//114 1574//114
f 1551//115 1567//115 1552//115
f 1560//116 1574//116 1575//116
f 1552//117 1568//117 1553//117
f 1561//118 1575//118 1576//118
f 1553//119 1569//119 1554//119
f 1562//120 1576//120 1577//120
f 1554//121 1570//121 1555//121
f 1548//122 1447//122 1563//122
f 1457//123 1562//123 1577//123
f 1556//124 1570//124 1571//124
f 1548//125 1564//125 1549//125
f 1557//126 1571//126 1572//126
f 1549//127 1565//127 1550//127
f 1576//144 1592//144 1577//144
f 1570//129 1584//129 1585//129
f 1563//130 1447//130 1578//130
f 1457//131 1577//131 1592//131
f 1570//132 1586//132 1571//132
f 1564//133 1578//133 1579//133
f 1571//134 1587//134 1572//134
f 1565//135 1579//135 1580//135
f 1572//136 1588//136 1573//136
f 1566//137 1580//137 1581//137
f 1573//138 1589//138 1574//138
f 1567//139 1581//139 1582//139
f 1574//140 1590//140 1575//140
f 1568//141 1582//141 1583//141
f 1575//142 1591//142 1576//142
f 1569//143 1583//143 1584//143
f 1581//160 1595//160 1596//160
f 1588//145 1604//145 1589//145
f 1582//146 1596//146 1597//146
f 1589//147 1605//147 1590//147
f 1583//148 1597//148 1598//148
f 1590//149 1606//149 1591//149
f 1584//150 1598//150 1599//150
f 1591//151 1607//151 1592//151
f 1585//152 1599//152 1600//152
f 1578//153 1447//153 1593//153
f 1457//570 1592//570 1607//570
f 1585//155 1601//155 1586//155
f 1579//156 1593//156 1594//156
f 1586//157 1602//157 1587//157
f 1580//158 1594//158 1595//158
f 1587//159 1603//159 1588//159
f 1600//175 1614//175 1615//175
f 1593//176 1447//176 1608//176
f 1457//161 1607//161 1622//161
f 1600//162 1616//162 1601//162
f 1594//163 1608//163 1609//163
f 1601//164 1617//164 1602//164
f 1595//571 1609//571 1610//571
f 1602//166 1618//166 1603//166
f 1596//167 1610//167 1611//167
f 1603//168 1619//168 1604//168
f 1597//169 1611//169 1612//169
f 1604//170 1620//170 1605//170
f 1598//171 1612//171 1613//171
f 1605//172 1621//172 1606//172
f 1599//173 1613//173 1614//173
f 1606//572 1622//572 1607//572
f 1618//191 1634//191 1619//191
f 1612//192 1626//192 1627//192
f 1619//177 1635//177 1620//177
f 1613//522 1627//522 1628//522
f 1620//179 1636//179 1621//179
f 1614//180 1628//180 1629//180
f 1621//546 1637//546 1622//546
f 1615//182 1629//182 1630//182
f 1608//183 1447//183 1623//183
f 1457//184 1622//184 1637//184
f 1615//185 1631//185 1616//185
f 1609//186 1623//186 1624//186
f 1616//187 1632//187 1617//187
f 1610//188 1624//188 1625//188
f 1617//189 1633//189 1618//189
f 1611//573 1625//573 1626//573
f 1623//206 1447//206 1638//206
f 1457//207 1637//207 1652//207
f 1630//208 1646//208 1631//208
f 1624//193 1638//193 1639//193
f 1631//194 1647//194 1632//194
f 1625//195 1639//195 1640//195
f 1632//196 1648//196 1633//196
f 1626//197 1640//197 1641//197
f 1633//198 1649//198 1634//198
f 1627//199 1641//199 1642//199
f 1634//200 1650//200 1635//200
f 1628//201 1642//201 1643//201
f 1635//202 1651//202 1636//202
f 1629//203 1643//203 1644//203
f 1636//204 1652//204 1637//204
f 1630//205 1644//205 1645//205
f 1642//574 1656//574 1657//574
f 1649//224 1665//224 1650//224
f 1643//209 1657//209 1658//209
f 1650//210 1666//210 1651//210
f 1644//211 1658//211 1659//211
f 1651//212 1667//212 1652//212
f 1645//213 1659//213 1660//213
f 1638//214 1447//214 1653//214
f 1457//215 1652//215 1667//215
f 1645//216 1661//216 1646//216
f 1639//217 1653//217 1654//217
f 1646//218 1662//218 1647//218
f 1640//219 1654//219 1655//219
f 1647//220 1663//220 1648//220
f 1641//221 1655//221 1656//221
f 1648//575 1664//575 1649//575
f 1660//239 1676//239 1661//239
f 1654//240 1668//240 1669//240
f 1661//225 1677//225 1662//225
f 1655//226 1669//226 1670//226
f 1662//227 1678//227 1663//227
f 1656//228 1670//228 1671//228
f 1663//229 1679//229 1664//229
f 1657//230 1671//230 1672//230
f 1664//231 1680//231 1665//231
f 1658//232 1672//232 1673//232
f 1665//233 1681//233 1666//233
f 1659//234 1673//234 1674//234
f 1666//235 1682//235 1667//235
f 1660//236 1674//236 1675//236
f 1653//237 1447//237 1668//237
f 1457//238 1667//238 1682//238
f 1679//255 1695//255 1680//255
f 1673//256 1687//256 1688//256
f 1680//241 1696//241 1681//241
f 1674//242 1688//242 1689//242
f 1681//243 1697//243 1682//243
f 1675//244 1689//244 1690//244
f 1668//576 1447//576 1683//576
f 1457//246 1682//246 1697//246
f 1675//247 1691//247 1676//247
f 1669//248 1683//248 1684//248
f 1676//249 1692//249 1677//249
f 1670//250 1684//250 1685//250
f 1677//251 1693//251 1678//251
f 1671//252 1685//252 1686//252
f 1678//253 1694//253 1679//253
f 1672//254 1686//254 1687//254
f 1692//272 1706//272 1707//272
f 1684//577 1700//577 1685//577
f 1693//258 1707//258 1708//258
f 1685//259 1701//259 1686//259
f 1694//260 1708//260 1709//260
f 1686//578 1702//578 1687//578
f 1695//262 1709//262 1710//262
f 1687//263 1703//263 1688//263
f 1696//264 1710//264 1711//264
f 1688//265 1704//265 1689//265
f 1697//266 1711//266 1712//266
f 1689//267 1705//267 1690//267
f 1683//579 1447//579 1698//579
f 1457//269 1697//269 1712//269
f 1691//270 1705//270 1706//270
f 1683//271 1699//271 1684//271
f 1711//288 1725//288 1726//288
f 1703//273 1719//273 1704//273
f 1712//274 1726//274 1727//274
f 1704//275 1720//275 1705//275
f 1698//276 1447//276 1713//276
f 1457//277 1712//277 1727//277
f 1706//278 1720//278 1721//278
f 1698//279 1714//279 1699//279
f 1707//280 1721//280 1722//280
f 1699//281 1715//281 1700//281
f 1708//282 1722//282 1723//282
f 1700//283 1716//283 1701//283
f 1709//284 1723//284 1724//284
f 1701//285 1717//285 1702//285
f 1710//286 1724//286 1725//286
f 1702//287 1718//287 1703//287
f 1714//304 1730//304 1715//304
f 1723//289 1737//289 1738//289
f 1715//290 1731//290 1716//290
f 1724//291 1738//291 1739//291
f 1716//292 1732//292 1717//292
f 1725//293 1739//293 1740//293
f 1717//294 1733//294 1718//294
f 1726//295 1740//295 1741//295
f 1718//296 1734//296 1719//296
f 1727//297 1741//297 1742//297
f 1719//298 1735//298 1720//298
f 1713//299 1447//299 1728//299
f 1457//300 1727//300 1742//300
f 1721//301 1735//301 1736//301
f 1713//302 1729//302 1714//302
f 1722//303 1736//303 1737//303
f 1733//320 1749//320 1734//320
f 1742//305 1756//305 1757//305
f 1734//306 1750//306 1735//306
f 1728//307 1447//307 1743//307
f 1457//308 1742//308 1757//308
f 1736//309 1750//309 1751//309
f 1728//310 1744//310 1729//310
f 1737//311 1751//311 1752//311
f 1729//312 1745//312 1730//312
f 1738//313 1752//313 1753//313
f 1730//314 1746//314 1731//314
f 1739//315 1753//315 1754//315
f 1731//316 1747//316 1732//316
f 1740//317 1754//317 1755//317
f 1732//318 1748//318 1733//318
f 1741//319 1755//319 1756//319
f 1753//580 1767//580 1768//580
f 1745//581 1761//581 1746//581
f 1754//321 1768//321 1769//321
f 1746//322 1762//322 1747//322
f 1755//323 1769//323 1770//323
f 1747//324 1763//324 1748//324
f 1756//325 1770//325 1771//325
f 1748//326 1764//326 1749//326
f 1757//327 1771//327 1772//327
f 1749//328 1765//328 1750//328
f 1743//329 1447//329 1758//329
f 1457//330 1757//330 1772//330
f 1751//331 1765//331 1766//331
f 1743//582 1759//582 1744//582
f 1752//333 1766//333 1767//333
f 1744//334 1760//334 1745//334
f 1772//530 1786//530 1787//530
f 1764//352 1780//352 1765//352
f 1758//337 1447//337 1773//337
f 1457//338 1772//338 1787//338
f 1766//339 1780//339 1781//339
f 1758//340 1774//340 1759//340
f 1767//341 1781//341 1782//341
f 1759//583 1775//583 1760//583
f 1768//343 1782//343 1783//343
f 1760//344 1776//344 1761//344
f 1769//345 1783//345 1784//345
f 1761//346 1777//346 1762//346
f 1770//347 1784//347 1785//347
f 1762//348 1778//348 1763//348
f 1771//349 1785//349 1786//349
f 1763//350 1779//350 1764//350
f 1775//367 1791//367 1776//367
f 1784//368 1798//368 1799//368
f 1776//353 1792//353 1777//353
f 1785//354 1799//354 1800//354
f 1777//355 1793//355 1778//355
f 1786//356 1800//356 1801//356
f 1778//357 1794//357 1779//357
f 1787//358 1801//358 1802//358
f 1779//359 1795//359 1780//359
f 1773//360 1447//360 1788//360
f 1457//584 1787//584 1802//584
f 1781//362 1795//362 1796//362
f 1773//363 1789//363 1774//363
f 1782//364 1796//364 1797//364
f 1774//365 1790//365 1775//365
f 1783//366 1797//366 1798//366
f 1794//382 1810//382 1795//382
f 1788//383 1447//383 1803//383
f 1457//384 1802//384 1817//384
f 1796//369 1810//369 1811//369
f 1788//370 1804//370 1789//370
f 1797//371 1811//371 1812//371
f 1789//372 1805//372 1790//372
f 1798//373 1812//373 1813//373
f 1790//374 1806//374 1791//374
f 1799//375 1813//375 1814//375
f 1791//376 1807//376 1792//376
f 1800//377 1814//377 1815//377
f 1792//378 1808//378 1793//378
f 1801//379 1815//379 1816//379
f 1793//380 1809//380 1794//380
f 1802//381 1816//381 1817//381
f 1813//399 1829//399 1814//399
f 1807//400 1821//400 1822//400
f 1814//385 1830//385 1815//385
f 1808//386 1822//386 1823//386
f 1815//387 1831//387 1816//387
f 1809//388 1823//388 1824//388
f 1816//389 1832//389 1817//389
f 1810//390 1824//390 1825//390
f 1803//391 1447//391 1818//391
f 1457//392 1817//392 1832//392
f 1810//393 1826//393 1811//393
f 1804//394 1818//394 1819//394
f 1811//395 1827//395 1812//395
f 1805//396 1819//396 1820//396
f 1812//397 1828//397 1813//397
f 1806//398 1820//398 1821//398
f 1457//585 1832//585 1847//585
f 1825//416 1841//416 1826//416
f 1819//401 1833//401 1834//401
f 1826//402 1842//402 1827//402
f 1820//403 1834//403 1835//403
f 1827//404 1843//404 1828//404
f 1821//405 1835//405 1836//405
f 1828//406 1844//406 1829//406
f 1822//407 1836//407 1837//407
f 1829//408 1845//408 1830//408
f 1823//409 1837//409 1838//409
f 1830//410 1846//410 1831//410
f 1824//411 1838//411 1839//411
f 1831//412 1847//412 1832//412
f 1825//413 1839//413 1840//413
f 1818//414 1447//414 1833//414
f 1844//432 1860//432 1845//432
f 1838//417 1852//417 1853//417
f 1845//418 1861//418 1846//418
f 1839//419 1853//419 1854//419
f 1846//586 1862//586 1847//586
f 1840//421 1854//421 1855//421
f 1833//422 1447//422 1848//422
f 1457//423 1847//423 1862//423
f 1840//424 1856//424 1841//424
f 1834//425 1848//425 1849//425
f 1841//426 1857//426 1842//426
f 1835//427 1849//427 1850//427
f 1842//428 1858//428 1843//428
f 1836//429 1850//429 1851//429
f 1843//430 1859//430 1844//430
f 1837//431 1851//431 1852//431
f 1849//448 1863//448 1864//448
f 1856//433 1872//433 1857//433
f 1850//434 1864//434 1865//434
f 1857//587 1873//587 1858//587
f 1851//533 1865//533 1866//533
f 1858//437 1874//437 1859//437
f 1852//438 1866//438 1867//438
f 1859//439 1875//439 1860//439
f 1853//588 1867//588 1868//588
f 1860//441 1876//441 1861//441
f 1854//442 1868//442 1869//442
f 1861//535 1877//535 1862//535
f 1855//444 1869//444 1870//444
f 1848//445 1447//445 1863//445
f 1457//446 1862//446 1877//446
f 1855//447 1871//447 1856//447
f 1868//464 1882//464 1883//464
f 1875//449 1891//449 1876//449
f 1869//450 1883//450 1884//450
f 1876//451 1892//451 1877//451
f 1870//452 1884//452 1885//452
f 1863//453 1447//453 1878//453
f 1457//454 1877//454 1892//454
f 1870//455 1886//455 1871//455
f 1864//456 1878//456 1879//456
f 1871//457 1887//457 1872//457
f 1865//458 1879//458 1880//458
f 1872//459 1888//459 1873//459
f 1866//460 1880//460 1881//460
f 1873//461 1889//461 1874//461
f 1867//462 1881//462 1882//462
f 1874//463 1890//463 1875//463
f 1886//479 1902//479 1887//479
f 1880//480 1894//480 1895//480
f 1887//465 1903//465 1888//465
f 1881//466 1895//466 1896//466
f 1888//589 1904//589 1889//589
f 1882//559 1896//559 1897//559
f 1889//469 1905//469 1890//469
f 1883//470 1897//470 1898//470
f 1890//471 1906//471 1891//471
f 1884//472 1898//472 1899//472
f 1891//473 1907//473 1892//473
f 1885//474 1899//474 1900//474
f 1878//475 1447//475 1893//475
f 1457//476 1892//476 1907//476
f 1885//477 1901//477 1886//477
f 1879//478 1893//478 1894//478
f 1905//495 1921//495 1906//495
f 1899//496 1913//496 1914//496
f 1906//481 1922//481 1907//481
f 1900//482 1914//482 1915//482
f 1893//483 1447//483 1908//483
f 1457//484 1907//484 1922//484
f 1900//485 1916//485 1901//485
f 1894//486 1908//486 1909//486
f 1901//487 1917//487 1902//487
f 1895//488 1909//488 1910//488
f 1902//489 1918//489 1903//489
f 1896//490 1910//490 1911//490
f 1903//491 1919//491 1904//491
f 1897//492 1911//492 1912//492
f 1904//493 1920//493 1905//493
f 1898//494 1912//494 1913//494
f 1910//560 1924//560 1448//560
f 1917//512 1455//512 1918//512
f 1911//497 1448//497 1449//497
f 1918//498 1926//498 1919//498
f 1912//499 1449//499 1925//499
f 1919//500 1456//500 1920//500
f 1913//501 1925//501 1450//501
f 1920//502 1927//502 1921//502
f 1914//503 1450//503 1451//503
f 1921//504 1928//504 1922//504
f 1915//505 1451//505 1452//505
f 1908//590 1447//590 1923//590
f 1457//507 1922//507 1928//507
f 1915//508 1453//508 1916//508
f 1909//509 1923//509 1924//509
f 1916//510 1454//510 1917//510
f 2406//13 1945//13 1946//13
f 1930//14 1939//14 2403//14
f 1935//15 1946//15 1947//15
f 2403//513 1940//513 1931//513
f 2407//1 1947//1 1948//1
f 1931//2 1941//2 1932//2
f 1936//3 1948//3 1949//3
f 1932//4 1942//4 2404//4
f 2408//5 1949//5 1950//5
f 2404//6 1943//6 1933//6
f 2409//7 1950//7 1951//7
f 1933//8 1944//8 2405//8
f 2410//591 1951//591 1952//591
f 2405//10 1945//10 1934//10
f 1930//11 1929//11 1938//11
f 1937//592 2410//592 1952//592
f 1952//563 1966//563 1967//563
f 1944//28 1960//28 1945//28
f 1938//593 1929//593 1953//593
f 1937//594 1952//594 1967//594
f 1946//31 1960//31 1961//31
f 1938//32 1954//32 1939//32
f 1947//17 1961//17 1962//17
f 1939//18 1955//18 1940//18
f 1948//19 1962//19 1963//19
f 1940//20 1956//20 1941//20
f 1949//21 1963//21 1964//21
f 1941//22 1957//22 1942//22
f 1950//23 1964//23 1965//23
f 1942//24 1958//24 1943//24
f 1951//25 1965//25 1966//25
f 1943//26 1959//26 1944//26
f 1964//45 1978//45 1979//45
f 1956//595 1972//595 1957//595
f 1965//47 1979//47 1980//47
f 1957//48 1973//48 1958//48
f 1966//33 1980//33 1981//33
f 1958//34 1974//34 1959//34
f 1967//35 1981//35 1982//35
f 1959//36 1975//36 1960//36
f 1953//596 1929//596 1968//596
f 1937//38 1967//38 1982//38
f 1961//39 1975//39 1976//39
f 1953//40 1969//40 1954//40
f 1962//41 1976//41 1977//41
f 1954//42 1970//42 1955//42
f 1963//43 1977//43 1978//43
f 1955//44 1971//44 1956//44
f 1968//60 1929//60 1983//60
f 1937//597 1982//597 1997//597
f 1976//62 1990//62 1991//62
f 1968//63 1984//63 1969//63
f 1977//64 1991//64 1992//64
f 1969//49 1985//49 1970//49
f 1978//50 1992//50 1993//50
f 1970//51 1986//51 1971//51
f 1979//52 1993//52 1994//52
f 1971//53 1987//53 1972//53
f 1980//54 1994//54 1995//54
f 1972//55 1988//55 1973//55
f 1981//598 1995//598 1996//598
f 1973//57 1989//57 1974//57
f 1982//58 1996//58 1997//58
f 1974//59 1990//59 1975//59
f 1986//77 2002//77 1987//77
f 1995//515 2009//515 2010//515
f 1987//516 2003//516 1988//516
f 1996//80 2010//80 2011//80
f 1988//65 2004//65 1989//65
f 1997//541 2011//541 2012//541
f 1989//67 2005//67 1990//67
f 1983//68 1929//68 1998//68
f 1937//69 1997//69 2012//69
f 1991//70 2005//70 2006//70
f 1983//518 1999//518 1984//518
f 1992//72 2006//72 2007//72
f 1984//73 2000//73 1985//73
f 1993//565 2007//565 2008//565
f 1985//75 2001//75 1986//75
f 1994//76 2008//76 2009//76
f 2006//93 2020//93 2021//93
f 1998//568 2014//568 1999//568
f 2007//95 2021//95 2022//95
f 1999//96 2015//96 2000//96
f 2008//81 2022//81 2023//81
f 2000//82 2016//82 2001//82
f 2009//83 2023//83 2024//83
f 2001//84 2017//84 2002//84
f 2010//85 2024//85 2025//85
f 2002//86 2018//86 2003//86
f 2011//599 2025//599 2026//599
f 2003//88 2019//88 2004//88
f 2012//89 2026//89 2027//89
f 2004//90 2020//90 2005//90
f 1998//91 1929//91 2013//91
f 1937//92 2012//92 2027//92
f 2025//109 2039//109 2040//109
f 2017//110 2033//110 2018//110
f 2026//519 2040//519 2041//519
f 2018//112 2034//112 2019//112
f 2027//97 2041//97 2042//97
f 2019//98 2035//98 2020//98
f 2013//600 1929//600 2028//600
f 1937//569 2027//569 2042//569
f 2021//101 2035//101 2036//101
f 2013//102 2029//102 2014//102
f 2022//103 2036//103 2037//103
f 2014//601 2030//601 2015//601
f 2023//105 2037//105 2038//105
f 2015//106 2031//106 2016//106
f 2024//107 2038//107 2039//107
f 2016//108 2032//108 2017//108
f 2028//125 2044//125 2029//125
f 2037//126 2051//126 2052//126
f 2029//127 2045//127 2030//127
f 2038//128 2052//128 2053//128
f 2030//113 2046//113 2031//113
f 2039//114 2053//114 2054//114
f 2031//115 2047//115 2032//115
f 2040//116 2054//116 2055//116
f 2032//117 2048//117 2033//117
f 2041//118 2055//118 2056//118
f 2033//119 2049//119 2034//119
f 2042//120 2056//120 2057//120
f 2034//121 2050//121 2035//121
f 2028//122 1929//122 2043//122
f 1937//123 2042//123 2057//123
f 2036//124 2050//124 2051//124
f 2048//141 2062//141 2063//141
f 2055//142 2071//142 2056//142
f 2049//143 2063//143 2064//143
f 2056//144 2072//144 2057//144
f 2050//129 2064//129 2065//129
f 2043//130 1929//130 2058//130
f 1937//131 2057//131 2072//131
f 2050//132 2066//132 2051//132
f 2044//133 2058//133 2059//133
f 2051//134 2067//134 2052//134
f 2045//135 2059//135 2060//135
f 2052//136 2068//136 2053//136
f 2046//137 2060//137 2061//137
f 2053//138 2069//138 2054//138
f 2047//139 2061//139 2062//139
f 2054//140 2070//140 2055//140
f 2066//157 2082//157 2067//157
f 2060//602 2074//602 2075//602
f 2067//159 2083//159 2068//159
f 2061//160 2075//160 2076//160
f 2068//145 2084//145 2069//145
f 2062//146 2076//146 2077//146
f 2069//147 2085//147 2070//147
f 2063//148 2077//148 2078//148
f 2070//149 2086//149 2071//149
f 2064//150 2078//150 2079//150
f 2071//151 2087//151 2072//151
f 2065//152 2079//152 2080//152
f 2058//603 1929//603 2073//603
f 1937//570 2072//570 2087//570
f 2065//155 2081//155 2066//155
f 2059//156 2073//156 2074//156
f 2085//172 2101//172 2086//172
f 2079//173 2093//173 2094//173
f 2086//174 2102//174 2087//174
f 2080//175 2094//175 2095//175
f 2073//176 1929//176 2088//176
f 1937//161 2087//161 2102//161
f 2080//162 2096//162 2081//162
f 2074//163 2088//163 2089//163
f 2081//164 2097//164 2082//164
f 2075//165 2089//165 2090//165
f 2082//166 2098//166 2083//166
f 2076//167 2090//167 2091//167
f 2083//168 2099//168 2084//168
f 2077//169 2091//169 2092//169
f 2084//170 2100//170 2085//170
f 2078//171 2092//171 2093//171
f 2097//189 2113//189 2098//189
f 2091//573 2105//573 2106//573
f 2098//191 2114//191 2099//191
f 2092//192 2106//192 2107//192
f 2099//521 2115//521 2100//521
f 2093//522 2107//522 2108//522
f 2100//179 2116//179 2101//179
f 2094//180 2108//180 2109//180
f 2101//546 2117//546 2102//546
f 2095//182 2109//182 2110//182
f 2088//183 1929//183 2103//183
f 1937//184 2102//184 2117//184
f 2095//185 2111//185 2096//185
f 2089//186 2103//186 2104//186
f 2096//187 2112//187 2097//187
f 2090//188 2104//188 2105//188
f 2116//204 2132//204 2117//204
f 2110//205 2124//205 2125//205
f 2103//206 1929//206 2118//206
f 1937//604 2117//604 2132//604
f 2110//208 2126//208 2111//208
f 2104//193 2118//193 2119//193
f 2111//194 2127//194 2112//194
f 2105//195 2119//195 2120//195
f 2112//196 2128//196 2113//196
f 2106//197 2120//197 2121//197
f 2113//198 2129//198 2114//198
f 2107//199 2121//199 2122//199
f 2114//200 2130//200 2115//200
f 2108//201 2122//201 2123//201
f 2115//202 2131//202 2116//202
f 2109//203 2123//203 2124//203
f 2121//221 2135//221 2136//221
f 2128//605 2144//605 2129//605
f 2122//606 2136//606 2137//606
f 2129//224 2145//224 2130//224
f 2123//209 2137//209 2138//209
f 2130//210 2146//210 2131//210
f 2124//211 2138//211 2139//211
f 2131//212 2147//212 2132//212
f 2125//213 2139//213 2140//213
f 2118//549 1929//549 2133//549
f 1937//215 2132//215 2147//215
f 2125//216 2141//216 2126//216
f 2119//217 2133//217 2134//217
f 2126//218 2142//218 2127//218
f 2120//219 2134//219 2135//219
f 2127//607 2143//607 2128//607
f 2140//236 2154//236 2155//236
f 2133//608 1929//608 2148//608
f 1937//609 2147//609 2162//609
f 2140//239 2156//239 2141//239
f 2134//610 2148//610 2149//610
f 2141//225 2157//225 2142//225
f 2135//226 2149//226 2150//226
f 2142//227 2158//227 2143//227
f 2136//228 2150//228 2151//228
f 2143//229 2159//229 2144//229
f 2137//230 2151//230 2152//230
f 2144//231 2160//231 2145//231
f 2138//232 2152//232 2153//232
f 2145//233 2161//233 2146//233
f 2139//234 2153//234 2154//234
f 2146//235 2162//235 2147//235
f 2158//253 2174//253 2159//253
f 2152//254 2166//254 2167//254
f 2159//611 2175//611 2160//611
f 2153//256 2167//256 2168//256
f 2160//551 2176//551 2161//551
f 2154//242 2168//242 2169//242
f 2161//243 2177//243 2162//243
f 2155//244 2169//244 2170//244
f 2148//245 1929//245 2163//245
f 1937//612 2162//612 2177//612
f 2155//247 2171//247 2156//247
f 2149//248 2163//248 2164//248
f 2156//249 2172//249 2157//249
f 2150//524 2164//524 2165//524
f 2157//251 2173//251 2158//251
f 2151//252 2165//252 2166//252
f 2163//268 1929//268 2178//268
f 1937//613 2177//613 2192//613
f 2171//270 2185//270 2186//270
f 2163//271 2179//271 2164//271
f 2172//272 2186//272 2187//272
f 2164//257 2180//257 2165//257
f 2173//258 2187//258 2188//258
f 2165//259 2181//259 2166//259
f 2174//260 2188//260 2189//260
f 2166//261 2182//261 2167//261
f 2175//614 2189//614 2190//614
f 2167//263 2183//263 2168//263
f 2176//552 2190//552 2191//552
f 2168//265 2184//265 2169//265
f 2177//266 2191//266 2192//266
f 2169//267 2185//267 2170//267
f 2181//285 2197//285 2182//285
f 2190//286 2204//286 2205//286
f 2182//287 2198//287 2183//287
f 2191//288 2205//288 2206//288
f 2183//273 2199//273 2184//273
f 2192//274 2206//274 2207//274
f 2184//275 2200//275 2185//275
f 2178//615 1929//615 2193//615
f 1937//616 2192//616 2207//616
f 2186//278 2200//278 2201//278
f 2178//279 2194//279 2179//279
f 2187//280 2201//280 2202//280
f 2179//281 2195//281 2180//281
f 2188//282 2202//282 2203//282
f 2180//283 2196//283 2181//283
f 2189//284 2203//284 2204//284
f 2201//301 2215//301 2216//301
f 2193//302 2209//302 2194//302
f 2202//303 2216//303 2217//303
f 2194//304 2210//304 2195//304
f 2203//289 2217//289 2218//289
f 2195//290 2211//290 2196//290
f 2204//291 2218//291 2219//291
f 2196//617 2212//617 2197//617
f 2205//293 2219//293 2220//293
f 2197//294 2213//294 2198//294
f 2206//295 2220//295 2221//295
f 2198//296 2214//296 2199//296
f 2207//297 2221//297 2222//297
f 2199//298 2215//298 2200//298
f 2193//554 1929//554 2208//554
f 1937//300 2207//300 2222//300
f 2220//317 2234//317 2235//317
f 2212//318 2228//318 2213//318
f 2221//618 2235//618 2236//618
f 2213//320 2229//320 2214//320
f 2222//305 2236//305 2237//305
f 2214//306 2230//306 2215//306
f 2208//307 1929//307 2223//307
f 1937//619 2222//619 2237//619
f 2216//309 2230//309 2231//309
f 2208//310 2224//310 2209//310
f 2217//311 2231//311 2232//311
f 2209//312 2225//312 2210//312
f 2218//313 2232//313 2233//313
f 2210//314 2226//314 2211//314
f 2219//315 2233//315 2234//315
f 2211//316 2227//316 2212//316
f 2232//333 2246//333 2247//333
f 2224//334 2240//334 2225//334
f 2233//525 2247//525 2248//525
f 2225//581 2241//581 2226//581
f 2234//321 2248//321 2249//321
f 2226//322 2242//322 2227//322
f 2235//323 2249//323 2250//323
f 2227//527 2243//527 2228//527
f 2236//325 2250//325 2251//325
f 2228//326 2244//326 2229//326
f 2237//528 2251//528 2252//528
f 2229//328 2245//328 2230//328
f 2223//329 1929//329 2238//329
f 1937//330 2237//330 2252//330
f 2231//331 2245//331 2246//331
f 2223//332 2239//332 2224//332
f 2251//620 2265//620 2266//620
f 2243//350 2259//350 2244//350
f 2252//351 2266//351 2267//351
f 2244//352 2260//352 2245//352
f 2238//337 1929//337 2253//337
f 1937//338 2252//338 2267//338
f 2246//339 2260//339 2261//339
f 2238//340 2254//340 2239//340
f 2247//341 2261//341 2262//341
f 2239//342 2255//342 2240//342
f 2248//343 2262//343 2263//343
f 2240//344 2256//344 2241//344
f 2249//345 2263//345 2264//345
f 2241//346 2257//346 2242//346
f 2250//347 2264//347 2265//347
f 2242//348 2258//348 2243//348
f 2254//621 2270//621 2255//621
f 2263//366 2277//366 2278//366
f 2255//367 2271//367 2256//367
f 2264//368 2278//368 2279//368
f 2256//353 2272//353 2257//353
f 2265//354 2279//354 2280//354
f 2257//355 2273//355 2258//355
f 2266//356 2280//356 2281//356
f 2258//357 2274//357 2259//357
f 2267//358 2281//358 2282//358
f 2259//359 2275//359 2260//359
f 2253//360 1929//360 2268//360
f 1937//361 2267//361 2282//361
f 2261//362 2275//362 2276//362
f 2253//363 2269//363 2254//363
f 2262//364 2276//364 2277//364
f 2273//380 2289//380 2274//380
f 2282//381 2296//381 2297//381
f 2274//382 2290//382 2275//382
f 2268//383 1929//383 2283//383
f 1937//384 2282//384 2297//384
f 2276//369 2290//369 2291//369
f 2268//370 2284//370 2269//370
f 2277//371 2291//371 2292//371
f 2269//372 2285//372 2270//372
f 2278//373 2292//373 2293//373
f 2270//374 2286//374 2271//374
f 2279//375 2293//375 2294//375
f 2271//376 2287//376 2272//376
f 2280//377 2294//377 2295//377
f 2272//378 2288//378 2273//378
f 2281//379 2295//379 2296//379
f 2292//397 2308//397 2293//397
f 2286//398 2300//398 2301//398
f 2293//399 2309//399 2294//399
f 2287//400 2301//400 2302//400
f 2294//385 2310//385 2295//385
f 2288//386 2302//386 2303//386
f 2295//387 2311//387 2296//387
f 2289//388 2303//388 2304//388
f 2296//389 2312//389 2297//389
f 2290//390 2304//390 2305//390
f 2283//391 1929//391 2298//391
f 1937//622 2297//622 2312//622
f 2290//393 2306//393 2291//393
f 2284//394 2298//394 2299//394
f 2291//395 2307//395 2292//395
f 2285//396 2299//396 2300//396
f 2311//412 2327//412 2312//412
f 2305//413 2319//413 2320//413
f 2298//531 1929//531 2313//531
f 1937//585 2312//585 2327//585
f 2305//416 2321//416 2306//416
f 2299//401 2313//401 2314//401
f 2306//402 2322//402 2307//402
f 2300//623 2314//623 2315//623
f 2307//404 2323//404 2308//404
f 2301//405 2315//405 2316//405
f 2308//406 2324//406 2309//406
f 2302//407 2316//407 2317//407
f 2309//408 2325//408 2310//408
f 2303//409 2317//409 2318//409
f 2310//410 2326//410 2311//410
f 2304//411 2318//411 2319//411
f 2316//429 2330//429 2331//429
f 2323//430 2339//430 2324//430
f 2317//431 2331//431 2332//431
f 2324//432 2340//432 2325//432
f 2318//417 2332//417 2333//417
f 2325//624 2341//624 2326//624
f 2319//419 2333//419 2334//419
f 2326//420 2342//420 2327//420
f 2320//421 2334//421 2335//421
f 2313//422 1929//422 2328//422
f 1937//423 2327//423 2342//423
f 2320//424 2336//424 2321//424
f 2314//425 2328//425 2329//425
f 2321//426 2337//426 2322//426
f 2315//427 2329//427 2330//427
f 2322//428 2338//428 2323//428
f 2335//444 2349//444 2350//444
f 2328//445 1929//445 2343//445
f 1937//446 2342//446 2357//446
f 2335//447 2351//447 2336//447
f 2329//532 2343//532 2344//532
f 2336//433 2352//433 2337//433
f 2330//434 2344//434 2345//434
f 2337//435 2353//435 2338//435
f 2331//436 2345//436 2346//436
f 2338//437 2354//437 2339//437
f 2332//438 2346//438 2347//438
f 2339//534 2355//534 2340//534
f 2333//588 2347//588 2348//588
f 2340//441 2356//441 2341//441
f 2334//442 2348//442 2349//442
f 2341//443 2357//443 2342//443
f 2353//461 2369//461 2354//461
f 2347//462 2361//462 2362//462
f 2354//463 2370//463 2355//463
f 2348//464 2362//464 2363//464
f 2355//449 2371//449 2356//449
f 2349//450 2363//450 2364//450
f 2356//451 2372//451 2357//451
f 2350//452 2364//452 2365//452
f 2343//453 1929//453 2358//453
f 1937//625 2357//625 2372//625
f 2350//455 2366//455 2351//455
f 2344//456 2358//456 2359//456
f 2351//457 2367//457 2352//457
f 2345//458 2359//458 2360//458
f 2352//459 2368//459 2353//459
f 2346//460 2360//460 2361//460
f 1937//476 2372//476 2387//476
f 2365//477 2381//477 2366//477
f 2359//478 2373//478 2374//478
f 2366//479 2382//479 2367//479
f 2360//480 2374//480 2375//480
f 2367//465 2383//465 2368//465
f 2361//466 2375//466 2376//466
f 2368//467 2384//467 2369//467
f 2362//626 2376//626 2377//626
f 2369//469 2385//469 2370//469
f 2363//470 2377//470 2378//470
f 2370//471 2386//471 2371//471
f 2364//472 2378//472 2379//472
f 2371//473 2387//473 2372//473
f 2365//474 2379//474 2380//474
f 2358//558 1929//558 2373//558
f 2384//493 2400//493 2385//493
f 2378//494 2392//494 2393//494
f 2385//495 2401//495 2386//495
f 2379//496 2393//496 2394//496
f 2386//627 2402//627 2387//627
f 2380//482 2394//482 2395//482
f 2373//628 1929//628 2388//628
f 1937//629 2387//629 2402//629
f 2380//485 2396//485 2381//485
f 2374//486 2388//486 2389//486
f 2381//487 2397//487 2382//487
f 2375//488 2389//488 2390//488
f 2382//489 2398//489 2383//489
f 2376//490 2390//490 2391//490
f 2383//491 2399//491 2384//491
f 2377//492 2391//492 2392//492
f 2389//509 1930//509 2403//509
f 2396//510 1935//510 2397//510
f 2390//511 2403//511 1931//511
f 2397//512 2407//512 2398//512
f 2391//497 1931//497 1932//497
f 2398//498 1936//498 2399//498
f 2392//499 1932//499 2404//499
f 2399//630 2408//630 2400//630
f 2393//501 2404//501 1933//501
f 2400//561 2409//561 2401//561
f 2394//503 1933//503 2405//503
f 2401//504 2410//504 2402//504
f 2395//505 2405//505 1934//505
f 2388//506 1929//506 1930//506
f 1937//631 2402//631 2410//631
f 2395//508 2406//508 2396//508
f 2892//9 2434//9 2435//9
f 2888//10 2428//10 2416//10
f 2412//11 2411//11 2421//11
f 2420//12 2892//12 2435//12
f 2417//13 2428//13 2429//13
f 2412//14 2422//14 2886//14
f 2889//15 2429//15 2430//15
f 2886//16 2423//16 2413//16
f 2418//1 2430//1 2431//1
f 2413//2 2424//2 2414//2
f 2890//3 2431//3 2432//3
f 2414//4 2425//4 2887//4
f 2419//5 2432//5 2433//5
f 2887//6 2426//6 2415//6
f 2891//7 2433//7 2434//7
f 2415//8 2427//8 2888//8
f 2434//25 2448//25 2449//25
f 2426//26 2442//26 2427//26
f 2435//27 2449//27 2450//27
f 2427//28 2443//28 2428//28
f 2421//29 2411//29 2436//29
f 2420//30 2435//30 2450//30
f 2429//31 2443//31 2444//31
f 2421//32 2437//32 2422//32
f 2430//17 2444//17 2445//17
f 2422//18 2438//18 2423//18
f 2431//19 2445//19 2446//19
f 2423//20 2439//20 2424//20
f 2432//21 2446//21 2447//21
f 2424//22 2440//22 2425//22
f 2433//23 2447//23 2448//23
f 2425//24 2441//24 2426//24
f 2437//42 2453//42 2438//42
f 2446//43 2460//43 2461//43
f 2438//44 2454//44 2439//44
f 2447//632 2461//632 2462//632
f 2439//633 2455//633 2440//633
f 2448//47 2462//47 2463//47
f 2440//48 2456//48 2441//48
f 2449//33 2463//33 2464//33
f 2441//34 2457//34 2442//34
f 2450//35 2464//35 2465//35
f 2442//36 2458//36 2443//36
f 2436//37 2411//37 2451//37
f 2420//540 2450//540 2465//540
f 2444//39 2458//39 2459//39
f 2436//40 2452//40 2437//40
f 2445//41 2459//41 2460//41
f 2456//57 2472//57 2457//57
f 2465//58 2479//58 2480//58
f 2457//59 2473//59 2458//59
f 2451//60 2411//60 2466//60
f 2420//61 2465//61 2480//61
f 2459//62 2473//62 2474//62
f 2451//63 2467//63 2452//63
f 2460//64 2474//64 2475//64
f 2452//49 2468//49 2453//49
f 2461//50 2475//50 2476//50
f 2453//51 2469//51 2454//51
f 2462//52 2476//52 2477//52
f 2454//53 2470//53 2455//53
f 2463//54 2477//54 2478//54
f 2455//55 2471//55 2456//55
f 2464//56 2478//56 2479//56
f 2476//74 2490//74 2491//74
f 2468//566 2484//566 2469//566
f 2477//76 2491//76 2492//76
f 2469//77 2485//77 2470//77
f 2478//78 2492//78 2493//78
f 2470//79 2486//79 2471//79
f 2479//80 2493//80 2494//80
f 2471//65 2487//65 2472//65
f 2480//66 2494//66 2495//66
f 2472//67 2488//67 2473//67
f 2466//634 2411//634 2481//634
f 2420//69 2480//69 2495//69
f 2474//70 2488//70 2489//70
f 2466//518 2482//518 2467//518
f 2475//72 2489//72 2490//72
f 2467//73 2483//73 2468//73
f 2495//89 2509//89 2510//89
f 2487//90 2503//90 2488//90
f 2481//91 2411//91 2496//91
f 2420//92 2495//92 2510//92
f 2489//93 2503//93 2504//93
f 2481//94 2497//94 2482//94
f 2490//95 2504//95 2505//95
f 2482//96 2498//96 2483//96
f 2491//81 2505//81 2506//81
f 2483//82 2499//82 2484//82
f 2492//83 2506//83 2507//83
f 2484//84 2500//84 2485//84
f 2493//85 2507//85 2508//85
f 2485//86 2501//86 2486//86
f 2494//87 2508//87 2509//87
f 2486//88 2502//88 2487//88
f 2507//107 2521//107 2522//107
f 2499//108 2515//108 2500//108
f 2508//109 2522//109 2523//109
f 2500//110 2516//110 2501//110
f 2509//519 2523//519 2524//519
f 2501//112 2517//112 2502//112
f 2510//97 2524//97 2525//97
f 2502//98 2518//98 2503//98
f 2496//99 2411//99 2511//99
f 2420//569 2510//569 2525//569
f 2504//101 2518//101 2519//101
f 2496//102 2512//102 2497//102
f 2505//103 2519//103 2520//103
f 2497//104 2513//104 2498//104
f 2506//105 2520//105 2521//105
f 2498//106 2514//106 2499//106
f 2511//122 2411//122 2526//122
f 2420//635 2525//635 2540//635
f 2519//124 2533//124 2534//124
f 2511//125 2527//125 2512//125
f 2520//126 2534//126 2535//126
f 2512//127 2528//127 2513//127
f 2521//128 2535//128 2536//128
f 2513//113 2529//113 2514//113
f 2522//114 2536//114 2537//114
f 2514//115 2530//115 2515//115
f 2523//116 2537//116 2538//116
f 2515//117 2531//117 2516//117
f 2524//118 2538//118 2539//118
f 2516//119 2532//119 2517//119
f 2525//120 2539//120 2540//120
f 2517//121 2533//121 2518//121
f 2530//139 2544//139 2545//139
f 2537//140 2553//140 2538//140
f 2531//141 2545//141 2546//141
f 2538//142 2554//142 2539//142
f 2532//143 2546//143 2547//143
f 2539//144 2555//144 2540//144
f 2533//129 2547//129 2548//129
f 2526//130 2411//130 2541//130
f 2420//131 2540//131 2555//131
f 2533//132 2549//132 2534//132
f 2527//133 2541//133 2542//133
f 2534//134 2550//134 2535//134
f 2528//135 2542//135 2543//135
f 2535//136 2551//136 2536//136
f 2529//137 2543//137 2544//137
f 2536//138 2552//138 2537//138
f 2548//155 2564//155 2549//155
f 2542//156 2556//156 2557//156
f 2549//157 2565//157 2550//157
f 2543//158 2557//158 2558//158
f 2550//159 2566//159 2551//159
f 2544//160 2558//160 2559//160
f 2551//145 2567//145 2552//145
f 2545//146 2559//146 2560//146
f 2552//147 2568//147 2553//147
f 2546//148 2560//148 2561//148
f 2553//520 2569//520 2554//520
f 2547//150 2561//150 2562//150
f 2554//151 2570//151 2555//151
f 2548//152 2562//152 2563//152
f 2541//603 2411//603 2556//603
f 2420//570 2555//570 2570//570
f 2567//170 2583//170 2568//170
f 2561//171 2575//171 2576//171
f 2568//172 2584//172 2569//172
f 2562//173 2576//173 2577//173
f 2569//174 2585//174 2570//174
f 2563//175 2577//175 2578//175
f 2556//176 2411//176 2571//176
f 2420//161 2570//161 2585//161
f 2563//162 2579//162 2564//162
f 2557//163 2571//163 2572//163
f 2564//164 2580//164 2565//164
f 2558//571 2572//571 2573//571
f 2565//166 2581//166 2566//166
f 2559//167 2573//167 2574//167
f 2566//168 2582//168 2567//168
f 2560//169 2574//169 2575//169
f 2572//523 2586//523 2587//523
f 2579//187 2595//187 2580//187
f 2573//188 2587//188 2588//188
f 2580//636 2596//636 2581//636
f 2574//573 2588//573 2589//573
f 2581//191 2597//191 2582//191
f 2575//192 2589//192 2590//192
f 2582//177 2598//177 2583//177
f 2576//178 2590//178 2591//178
f 2583//179 2599//179 2584//179
f 2577//180 2591//180 2592//180
f 2584//546 2600//546 2585//546
f 2578//637 2592//637 2593//637
f 2571//547 2411//547 2586//547
f 2420//184 2585//184 2600//184
f 2578//185 2594//185 2579//185
f 2591//201 2605//201 2606//201
f 2598//202 2614//202 2599//202
f 2592//203 2606//203 2607//203
f 2599//204 2615//204 2600//204
f 2593//205 2607//205 2608//205
f 2586//206 2411//206 2601//206
f 2420//207 2600//207 2615//207
f 2593//208 2609//208 2594//208
f 2587//193 2601//193 2602//193
f 2594//194 2610//194 2595//194
f 2588//195 2602//195 2603//195
f 2595//196 2611//196 2596//196
f 2589//197 2603//197 2604//197
f 2596//198 2612//198 2597//198
f 2590//199 2604//199 2605//199
f 2597//200 2613//200 2598//200
f 2609//218 2625//218 2610//218
f 2603//219 2617//219 2618//219
f 2610//220 2626//220 2611//220
f 2604//638 2618//638 2619//638
f 2611//222 2627//222 2612//222
f 2605//223 2619//223 2620//223
f 2612//224 2628//224 2613//224
f 2606//209 2620//209 2621//209
f 2613//210 2629//210 2614//210
f 2607//211 2621//211 2622//211
f 2614//212 2630//212 2615//212
f 2608//213 2622//213 2623//213
f 2601//214 2411//214 2616//214
f 2420//215 2615//215 2630//215
f 2608//216 2624//216 2609//216
f 2602//217 2616//217 2617//217
f 2628//233 2644//233 2629//233
f 2622//234 2636//234 2637//234
f 2629//235 2645//235 2630//235
f 2623//236 2637//236 2638//236
f 2616//237 2411//237 2631//237
f 2420//238 2630//238 2645//238
f 2623//239 2639//239 2624//239
f 2617//240 2631//240 2632//240
f 2624//225 2640//225 2625//225
f 2618//226 2632//226 2633//226
f 2625//227 2641//227 2626//227
f 2619//228 2633//228 2634//228
f 2626//229 2642//229 2627//229
f 2620//230 2634//230 2635//230
f 2627//231 2643//231 2628//231
f 2621//232 2635//232 2636//232
f 2640//251 2656//251 2641//251
f 2634//639 2648//639 2649//639
f 2641//640 2657//640 2642//640
f 2635//641 2649//641 2650//641
f 2642//255 2658//255 2643//255
f 2636//256 2650//256 2651//256
f 2643//551 2659//551 2644//551
f 2637//642 2651//642 2652//642
f 2644//243 2660//243 2645//243
f 2638//244 2652//244 2653//244
f 2631//245 2411//245 2646//245
f 2420//246 2645//246 2660//246
f 2638//247 2654//247 2639//247
f 2632//248 2646//248 2647//248
f 2639//249 2655//249 2640//249
f 2633//250 2647//250 2648//250
f 2660//266 2674//266 2675//266
f 2652//267 2668//267 2653//267
f 2646//268 2411//268 2661//268
f 2420//269 2660//269 2675//269
f 2654//270 2668//270 2669//270
f 2646//271 2662//271 2647//271
f 2655//272 2669//272 2670//272
f 2647//257 2663//257 2648//257
f 2656//258 2670//258 2671//258
f 2648//259 2664//259 2649//259
f 2657//260 2671//260 2672//260
f 2649//261 2665//261 2650//261
f 2658//262 2672//262 2673//262
f 2650//263 2666//263 2651//263
f 2659//552 2673//552 2674//552
f 2651//643 2667//643 2652//643
f 2663//283 2679//283 2664//283
f 2672//644 2686//644 2687//644
f 2664//285 2680//285 2665//285
f 2673//286 2687//286 2688//286
f 2665//287 2681//287 2666//287
f 2674//288 2688//288 2689//288
f 2666//273 2682//273 2667//273
f 2675//274 2689//274 2690//274
f 2667//275 2683//275 2668//275
f 2661//276 2411//276 2676//276
f 2420//277 2675//277 2690//277
f 2669//278 2683//278 2684//278
f 2661//279 2677//279 2662//279
f 2670//280 2684//280 2685//280
f 2662//281 2678//281 2663//281
f 2671//282 2685//282 2686//282
f 2682//298 2698//298 2683//298
f 2676//299 2411//299 2691//299
f 2420//300 2690//300 2705//300
f 2684//301 2698//301 2699//301
f 2676//302 2692//302 2677//302
f 2685//303 2699//303 2700//303
f 2677//304 2693//304 2678//304
f 2686//289 2700//289 2701//289
f 2678//290 2694//290 2679//290
f 2687//645 2701//645 2702//645
f 2679//617 2695//617 2680//617
f 2688//293 2702//293 2703//293
f 2680//294 2696//294 2681//294
f 2689//295 2703//295 2704//295
f 2681//296 2697//296 2682//296
f 2690//297 2704//297 2705//297
f 2702//315 2716//315 2717//315
f 2694//316 2710//316 2695//316
f 2703//317 2717//317 2718//317
f 2695//318 2711//318 2696//318
f 2704//319 2718//319 2719//319
f 2696//320 2712//320 2697//320
f 2705//305 2719//305 2720//305
f 2697//306 2713//306 2698//306
f 2691//307 2411//307 2706//307
f 2420//308 2705//308 2720//308
f 2699//309 2713//309 2714//309
f 2691//310 2707//310 2692//310
f 2700//311 2714//311 2715//311
f 2692//312 2708//312 2693//312
f 2701//313 2715//313 2716//313
f 2693//314 2709//314 2694//314
f 2706//646 2411//646 2721//646
f 2420//330 2720//330 2735//330
f 2714//331 2728//331 2729//331
f 2706//332 2722//332 2707//332
f 2715//333 2729//333 2730//333
f 2707//334 2723//334 2708//334
f 2716//525 2730//525 2731//525
f 2708//581 2724//581 2709//581
f 2717//321 2731//321 2732//321
f 2709//322 2725//322 2710//322
f 2718//323 2732//323 2733//323
f 2710//647 2726//647 2711//647
f 2719//325 2733//325 2734//325
f 2711//326 2727//326 2712//326
f 2720//327 2734//327 2735//327
f 2712//328 2728//328 2713//328
f 2724//346 2740//346 2725//346
f 2733//347 2747//347 2748//347
f 2725//348 2741//348 2726//348
f 2734//349 2748//349 2749//349
f 2726//350 2742//350 2727//350
f 2735//351 2749//351 2750//351
f 2727//352 2743//352 2728//352
f 2721//337 2411//337 2736//337
f 2420//338 2735//338 2750//338
f 2729//339 2743//339 2744//339
f 2721//340 2737//340 2722//340
f 2730//341 2744//341 2745//341
f 2722//583 2738//583 2723//583
f 2731//343 2745//343 2746//343
f 2723//344 2739//344 2724//344
f 2732//345 2746//345 2747//345
f 2744//362 2758//362 2759//362
f 2736//363 2752//363 2737//363
f 2745//364 2759//364 2760//364
f 2737//621 2753//621 2738//621
f 2746//366 2760//366 2761//366
f 2738//367 2754//367 2739//367
f 2747//368 2761//368 2762//368
f 2739//353 2755//353 2740//353
f 2748//354 2762//354 2763//354
f 2740//355 2756//355 2741//355
f 2749//648 2763//648 2764//648
f 2741//357 2757//357 2742//357
f 2750//358 2764//358 2765//358
f 2742//359 2758//359 2743//359
f 2736//360 2411//360 2751//360
f 2420//361 2750//361 2765//361
f 2763//377 2777//377 2778//377
f 2755//378 2771//378 2756//378
f 2764//379 2778//379 2779//379
f 2756//380 2772//380 2757//380
f 2765//381 2779//381 2780//381
f 2757//382 2773//382 2758//382
f 2751//383 2411//383 2766//383
f 2420//384 2765//384 2780//384
f 2759//369 2773//369 2774//369
f 2751//370 2767//370 2752//370
f 2760//371 2774//371 2775//371
f 2752//372 2768//372 2753//372
f 2761//373 2775//373 2776//373
f 2753//374 2769//374 2754//374
f 2762//375 2776//375 2777//375
f 2754//376 2770//376 2755//376
f 2774//395 2790//395 2775//395
f 2768//396 2782//396 2783//396
f 2775//397 2791//397 2776//397
f 2769//398 2783//398 2784//398
f 2776//399 2792//399 2777//399
f 2770//400 2784//400 2785//400
f 2777//385 2793//385 2778//385
f 2771//386 2785//386 2786//386
f 2778//387 2794//387 2779//387
f 2772//388 2786//388 2787//388
f 2779//389 2795//389 2780//389
f 2773//390 2787//390 2788//390
f 2766//391 2411//391 2781//391
f 2420//622 2780//622 2795//622
f 2773//393 2789//393 2774//393
f 2767//394 2781//394 2782//394
f 2793//649 2809//649 2794//649
f 2787//411 2801//411 2802//411
f 2794//412 2810//412 2795//412
f 2788//413 2802//413 2803//413
f 2781//531 2411//531 2796//531
f 2420//585 2795//585 2810//585
f 2788//416 2804//416 2789//416
f 2782//401 2796//401 2797//401
f 2789//402 2805//402 2790//402
f 2783//403 2797//403 2798//403
f 2790//404 2806//404 2791//404
f 2784//405 2798//405 2799//405
f 2791//406 2807//406 2792//406
f 2785//407 2799//407 2800//407
f 2792//408 2808//408 2793//408
f 2786//409 2800//409 2801//409
f 2798//650 2812//650 2813//650
f 2805//428 2821//428 2806//428
f 2799//429 2813//429 2814//429
f 2806//430 2822//430 2807//430
f 2800//431 2814//431 2815//431
f 2807//432 2823//432 2808//432
f 2801//417 2815//417 2816//417
f 2808//418 2824//418 2809//418
f 2802//419 2816//419 2817//419
f 2809//420 2825//420 2810//420
f 2803//421 2817//421 2818//421
f 2796//422 2411//422 2811//422
f 2420//423 2810//423 2825//423
f 2803//424 2819//424 2804//424
f 2797//425 2811//425 2812//425
f 2804//426 2820//426 2805//426
f 2817//442 2831//442 2832//442
f 2824//443 2840//443 2825//443
f 2818//444 2832//444 2833//444
f 2811//556 2411//556 2826//556
f 2420//446 2825//446 2840//446
f 2818//447 2834//447 2819//447
f 2812//448 2826//448 2827//448
f 2819//433 2835//433 2820//433
f 2813//434 2827//434 2828//434
f 2820//557 2836//557 2821//557
f 2814//436 2828//436 2829//436
f 2821//437 2837//437 2822//437
f 2815//438 2829//438 2830//438
f 2822//439 2838//439 2823//439
f 2816//440 2830//440 2831//440
f 2823//441 2839//441 2824//441
f 2835//459 2851//459 2836//459
f 2829//460 2843//460 2844//460
f 2836//461 2852//461 2837//461
f 2830//462 2844//462 2845//462
f 2837//463 2853//463 2838//463
f 2831//464 2845//464 2846//464
f 2838//449 2854//449 2839//449
f 2832//450 2846//450 2847//450
f 2839//451 2855//451 2840//451
f 2833//452 2847//452 2848//452
f 2826//453 2411//453 2841//453
f 2420//454 2840//454 2855//454
f 2833//455 2849//455 2834//455
f 2827//456 2841//456 2842//456
f 2834//457 2850//457 2835//457
f 2828//458 2842//458 2843//458
f 2854//473 2870//473 2855//473
f 2848//474 2862//474 2863//474
f 2841//475 2411//475 2856//475
f 2420//476 2855//476 2870//476
f 2848//477 2864//477 2849//477
f 2842//478 2856//478 2857//478
f 2849//479 2865//479 2850//479
f 2843//480 2857//480 2858//480
f 2850//465 2866//465 2851//465
f 2844//466 2858//466 2859//466
f 2851//467 2867//467 2852//467
f 2845//468 2859//468 2860//468
f 2852//469 2868//469 2853//469
f 2846//470 2860//470 2861//470
f 2853//471 2869//471 2854//471
f 2847//472 2861//472 2862//472
f 2859//490 2873//490 2874//490
f 2866//491 2882//491 2867//491
f 2860//492 2874//492 2875//492
f 2867//493 2883//493 2868//493
f 2861//494 2875//494 2876//494
f 2868//495 2884//495 2869//495
f 2862//496 2876//496 2877//496
f 2869//481 2885//481 2870//481
f 2863//482 2877//482 2878//482
f 2856//483 2411//483 2871//483
f 2420//484 2870//484 2885//484
f 2863//485 2879//485 2864//485
f 2857//486 2871//486 2872//486
f 2864//487 2880//487 2865//487
f 2858//488 2872//488 2873//488
f 2865//489 2881//489 2866//489
f 2878//505 2888//505 2416//505
f 2871//506 2411//506 2412//506
f 2420//507 2885//507 2892//507
f 2878//508 2417//508 2879//508
f 2872//509 2412//509 2886//509
f 2879//510 2889//510 2880//510
f 2873//560 2886//560 2413//560
f 2880//512 2418//512 2881//512
f 2874//497 2413//497 2414//497
f 2881//498 2890//498 2882//498
f 2875//499 2414//499 2887//499
f 2882//500 2419//500 2883//500
f 2876//501 2887//501 2415//501
f 2883//561 2891//561 2884//561
f 2877//503 2415//503 2888//503
f 2884//504 2892//504 2885//504
f 3373//514 2916//514 2917//514
f 2896//8 2910//8 2897//8
f 3374//9 2917//9 2918//9
f 2897//651 2911//651 2898//651
f 3369//11 2893//11 2904//11
f 2903//12 3374//12 2918//12
f 2899//13 2911//13 2912//13
f 3369//14 2905//14 3370//14
f 2900//15 2912//15 2913//15
f 3370//16 2906//16 2894//16
f 2901//1 2913//1 2914//1
f 2894//2 2907//2 2895//2
f 3372//652 2914//652 2915//652
f 2895//4 2908//4 3371//4
f 2902//653 2915//653 2916//653
f 3371//6 2909//6 2896//6
f 2916//23 2930//23 2931//23
f 2908//24 2924//24 2909//24
f 2917//25 2931//25 2932//25
f 2909//26 2925//26 2910//26
f 2918//654 2932//654 2933//654
f 2910//28 2926//28 2911//28
f 2904//539 2893//539 2919//539
f 2903//30 2918//30 2933//30
f 2912//31 2926//31 2927//31
f 2904//32 2920//32 2905//32
f 2913//17 2927//17 2928//17
f 2905//18 2921//18 2906//18
f 2914//19 2928//19 2929//19
f 2906//20 2922//20 2907//20
f 2915//655 2929//655 2930//655
f 2907//22 2923//22 2908//22
f 2919//40 2935//40 2920//40
f 2928//41 2942//41 2943//41
f 2920//42 2936//42 2921//42
f 2929//43 2943//43 2944//43
f 2921//44 2937//44 2922//44
f 2930//656 2944//656 2945//656
f 2922//595 2938//595 2923//595
f 2931//47 2945//47 2946//47
f 2923//48 2939//48 2924//48
f 2932//33 2946//33 2947//33
f 2924//34 2940//34 2925//34
f 2933//35 2947//35 2948//35
f 2925//36 2941//36 2926//36
f 2919//37 2893//37 2934//37
f 2903//38 2933//38 2948//38
f 2927//39 2941//39 2942//39
f 2938//55 2954//55 2939//55
f 2947//598 2961//598 2962//598
f 2939//57 2955//57 2940//57
f 2948//58 2962//58 2963//58
f 2940//59 2956//59 2941//59
f 2934//657 2893//657 2949//657
f 2903//61 2948//61 2963//61
f 2942//62 2956//62 2957//62
f 2934//63 2950//63 2935//63
f 2943//64 2957//64 2958//64
f 2935//49 2951//49 2936//49
f 2944//50 2958//50 2959//50
f 2936//51 2952//51 2937//51
f 2945//52 2959//52 2960//52
f 2937//53 2953//53 2938//53
f 2946//54 2960//54 2961//54
f 2958//658 2972//658 2973//658
f 2950//73 2966//73 2951//73
f 2959//74 2973//74 2974//74
f 2951//75 2967//75 2952//75
f 2960//76 2974//76 2975//76
f 2952//77 2968//77 2953//77
f 2961//515 2975//515 2976//515
f 2953//659 2969//659 2954//659
f 2962//80 2976//80 2977//80
f 2954//65 2970//65 2955//65
f 2963//541 2977//541 2978//541
f 2955//67 2971//67 2956//67
f 2949//542 2893//542 2964//542
f 2903//660 2963//660 2978//660
f 2957//70 2971//70 2972//70
f 2949//71 2965//71 2950//71
f 2977//599 2991//599 2992//599
f 2969//88 2985//88 2970//88
f 2978//89 2992//89 2993//89
f 2970//90 2986//90 2971//90
f 2964//91 2893//91 2979//91
f 2903//92 2978//92 2993//92
f 2972//93 2986//93 2987//93
f 2964//94 2980//94 2965//94
f 2973//95 2987//95 2988//95
f 2965//96 2981//96 2966//96
f 2974//81 2988//81 2989//81
f 2966//82 2982//82 2967//82
f 2975//83 2989//83 2990//83
f 2967//84 2983//84 2968//84
f 2976//85 2990//85 2991//85
f 2968//86 2984//86 2969//86
f 2980//601 2996//601 2981//601
f 2989//105 3003//105 3004//105
f 2981//106 2997//106 2982//106
f 2990//107 3004//107 3005//107
f 2982//108 2998//108 2983//108
f 2991//109 3005//109 3006//109
f 2983//110 2999//110 2984//110
f 2992//111 3006//111 3007//111
f 2984//112 3000//112 2985//112
f 2993//97 3007//97 3008//97
f 2985//98 3001//98 2986//98
f 2979//600 2893//600 2994//600
f 2903//569 2993//569 3008//569
f 2987//101 3001//101 3002//101
f 2979//544 2995//544 2980//544
f 2988//103 3002//103 3003//103
f 2999//119 3015//119 3000//119
f 3008//661 3022//661 3023//661
f 3000//121 3016//121 3001//121
f 2994//122 2893//122 3009//122
f 2903//635 3008//635 3023//635
f 3002//124 3016//124 3017//124
f 2994//125 3010//125 2995//125
f 3003//126 3017//126 3018//126
f 2995//127 3011//127 2996//127
f 3004//128 3018//128 3019//128
f 2996//113 3012//113 2997//113
f 3005//114 3019//114 3020//114
f 2997//115 3013//115 2998//115
f 3006//662 3020//662 3021//662
f 2998//117 3014//117 2999//117
f 3007//118 3021//118 3022//118
f 3018//136 3034//136 3019//136
f 3012//137 3026//137 3027//137
f 3019//138 3035//138 3020//138
f 3013//139 3027//139 3028//139
f 3020//140 3036//140 3021//140
f 3014//141 3028//141 3029//141
f 3021//663 3037//663 3022//663
f 3015//143 3029//143 3030//143
f 3022//144 3038//144 3023//144
f 3016//129 3030//129 3031//129
f 3009//130 2893//130 3024//130
f 2903//664 3023//664 3038//664
f 3016//132 3032//132 3017//132
f 3010//133 3024//133 3025//133
f 3017//134 3033//134 3018//134
f 3011//135 3025//135 3026//135
f 3037//665 3053//665 3038//665
f 3031//152 3045//152 3046//152
f 3024//603 2893//603 3039//603
f 2903//570 3038//570 3053//570
f 3031//666 3047//666 3032//666
f 3025//156 3039//156 3040//156
f 3032//157 3048//157 3033//157
f 3026//602 3040//602 3041//602
f 3033//159 3049//159 3034//159
f 3027//160 3041//160 3042//160
f 3034//145 3050//145 3035//145
f 3028//146 3042//146 3043//146
f 3035//147 3051//147 3036//147
f 3029//148 3043//148 3044//148
f 3036//149 3052//149 3037//149
f 3030//150 3044//150 3045//150
f 3049//168 3065//168 3050//168
f 3043//169 3057//169 3058//169
f 3050//667 3066//667 3051//667
f 3044//171 3058//171 3059//171
f 3051//668 3067//668 3052//668
f 3045//173 3059//173 3060//173
f 3052//174 3068//174 3053//174
f 3046//175 3060//175 3061//175
f 3039//176 2893//176 3054//176
f 2903//161 3053//161 3068//161
f 3046//162 3062//162 3047//162
f 3040//163 3054//163 3055//163
f 3047//164 3063//164 3048//164
f 3041//165 3055//165 3056//165
f 3048//166 3064//166 3049//166
f 3042//167 3056//167 3057//167
f 3054//547 2893//547 3069//547
f 2903//669 3068//669 3083//669
f 3061//185 3077//185 3062//185
f 3055//523 3069//523 3070//523
f 3062//187 3078//187 3063//187
f 3056//188 3070//188 3071//188
f 3063//189 3079//189 3064//189
f 3057//190 3071//190 3072//190
f 3064//191 3080//191 3065//191
f 3058//192 3072//192 3073//192
f 3065//521 3081//521 3066//521
f 3059//670 3073//670 3074//670
f 3066//179 3082//179 3067//179
f 3060//180 3074//180 3075//180
f 3067//546 3083//546 3068//546
f 3061//182 3075//182 3076//182
f 3073//199 3087//199 3088//199
f 3080//200 3096//200 3081//200
f 3074//201 3088//201 3089//201
f 3081//671 3097//671 3082//671
f 3075//203 3089//203 3090//203
f 3082//204 3098//204 3083//204
f 3076//205 3090//205 3091//205
f 3069//672 2893//672 3084//672
f 2903//207 3083//207 3098//207
f 3076//673 3092//673 3077//673
f 3070//193 3084//193 3085//193
f 3077//194 3093//194 3078//194
f 3071//195 3085//195 3086//195
f 3078//196 3094//196 3079//196
f 3072//197 3086//197 3087//197
f 3079//198 3095//198 3080//198
f 3091//216 3107//216 3092//216
f 3085//217 3099//217 3100//217
f 3092//218 3108//218 3093//218
f 3086//219 3100//219 3101//219
f 3093//220 3109//220 3094//220
f 3087//221 3101//221 3102//221
f 3094//605 3110//605 3095//605
f 3088//223 3102//223 3103//223
f 3095//674 3111//674 3096//674
f 3089//209 3103//209 3104//209
f 3096//210 3112//210 3097//210
f 3090//211 3104//211 3105//211
f 3097//212 3113//212 3098//212
f 3091//213 3105//213 3106//213
f 3084//214 2893//214 3099//214
f 2903//215 3098//215 3113//215
f 3110//231 3126//231 3111//231
f 3104//232 3118//232 3119//232
f 3111//233 3127//233 3112//233
f 3105//234 3119//234 3120//234
f 3112//675 3128//675 3113//675
f 3106//236 3120//236 3121//236
f 3099//676 2893//676 3114//676
f 2903//238 3113//238 3128//238
f 3106//239 3122//239 3107//239
f 3100//240 3114//240 3115//240
f 3107//225 3123//225 3108//225
f 3101//226 3115//226 3116//226
f 3108//227 3124//227 3109//227
f 3102//228 3116//228 3117//228
f 3109//677 3125//677 3110//677
f 3103//230 3117//230 3118//230
f 3115//248 3129//248 3130//248
f 3122//249 3138//249 3123//249
f 3116//250 3130//250 3131//250
f 3123//251 3139//251 3124//251
f 3117//252 3131//252 3132//252
f 3124//253 3140//253 3125//253
f 3118//254 3132//254 3133//254
f 3125//611 3141//611 3126//611
f 3119//256 3133//256 3134//256
f 3126//241 3142//241 3127//241
f 3120//242 3134//242 3135//242
f 3127//243 3143//243 3128//243
f 3121//244 3135//244 3136//244
f 3114//245 2893//245 3129//245
f 2903//246 3128//246 3143//246
f 3121//247 3137//247 3122//247
f 3133//263 3149//263 3134//263
f 3142//264 3156//264 3157//264
f 3134//265 3150//265 3135//265
f 3143//266 3157//266 3158//266
f 3135//267 3151//267 3136//267
f 3129//268 2893//268 3144//268
f 2903//269 3143//269 3158//269
f 3137//270 3151//270 3152//270
f 3129//271 3145//271 3130//271
f 3138//272 3152//272 3153//272
f 3130//577 3146//577 3131//577
f 3139//258 3153//258 3154//258
f 3131//259 3147//259 3132//259
f 3140//678 3154//678 3155//678
f 3132//261 3148//261 3133//261
f 3141//614 3155//614 3156//614
f 3153//280 3167//280 3168//280
f 3145//281 3161//281 3146//281
f 3154//282 3168//282 3169//282
f 3146//283 3162//283 3147//283
f 3155//679 3169//679 3170//679
f 3147//285 3163//285 3148//285
f 3156//286 3170//286 3171//286
f 3148//287 3164//287 3149//287
f 3157//288 3171//288 3172//288
f 3149//273 3165//273 3150//273
f 3158//680 3172//680 3173//680
f 3150//275 3166//275 3151//275
f 3144//681 2893//681 3159//681
f 2903//277 3158//277 3173//277
f 3152//278 3166//278 3167//278
f 3144//279 3160//279 3145//279
f 3172//295 3186//295 3187//295
f 3164//296 3180//296 3165//296
f 3173//297 3187//297 3188//297
f 3165//298 3181//298 3166//298
f 3159//299 2893//299 3174//299
f 2903//300 3173//300 3188//300
f 3167//301 3181//301 3182//301
f 3159//302 3175//302 3160//302
f 3168//303 3182//303 3183//303
f 3160//304 3176//304 3161//304
f 3169//289 3183//289 3184//289
f 3161//290 3177//290 3162//290
f 3170//682 3184//682 3185//682
f 3162//683 3178//683 3163//683
f 3171//684 3185//684 3186//684
f 3163//294 3179//294 3164//294
f 3184//313 3198//313 3199//313
f 3176//685 3192//685 3177//685
f 3185//315 3199//315 3200//315
f 3177//316 3193//316 3178//316
f 3186//317 3200//317 3201//317
f 3178//318 3194//318 3179//318
f 3187//618 3201//618 3202//618
f 3179//320 3195//320 3180//320
f 3188//305 3202//305 3203//305
f 3180//306 3196//306 3181//306
f 3174//686 2893//686 3189//686
f 2903//308 3188//308 3203//308
f 3182//309 3196//309 3197//309
f 3174//310 3190//310 3175//310
f 3183//311 3197//311 3198//311
f 3175//312 3191//312 3176//312
f 3203//327 3217//327 3218//327
f 3195//328 3211//328 3196//328
f 3189//687 2893//687 3204//687
f 2903//529 3203//529 3218//529
f 3197//331 3211//331 3212//331
f 3189//582 3205//582 3190//582
f 3198//333 3212//333 3213//333
f 3190//334 3206//334 3191//334
f 3199//525 3213//525 3214//525
f 3191//336 3207//336 3192//336
f 3200//321 3214//321 3215//321
f 3192//322 3208//322 3193//322
f 3201//323 3215//323 3216//323
f 3193//324 3209//324 3194//324
f 3202//325 3216//325 3217//325
f 3194//326 3210//326 3195//326
f 3206//344 3222//344 3207//344
f 3215//345 3229//345 3230//345
f 3207//346 3223//346 3208//346
f 3216//347 3230//347 3231//347
f 3208//348 3224//348 3209//348
f 3217//688 3231//688 3232//688
f 3209//350 3225//350 3210//350
f 3218//351 3232//351 3233//351
f 3210//352 3226//352 3211//352
f 3204//337 2893//337 3219//337
f 2903//338 3218//338 3233//338
f 3212//339 3226//339 3227//339
f 3204//340 3220//340 3205//340
f 3213//341 3227//341 3228//341
f 3205//342 3221//342 3206//342
f 3214//343 3228//343 3229//343
f 3225//689 3241//689 3226//689
f 3219//690 2893//690 3234//690
f 2903//584 3233//584 3248//584
f 3227//362 3241//362 3242//362
f 3219//363 3235//363 3220//363
f 3228//364 3242//364 3243//364
f 3220//621 3236//621 3221//621
f 3229//366 3243//366 3244//366
f 3221//367 3237//367 3222//367
f 3230//368 3244//368 3245//368
f 3222//353 3238//353 3223//353
f 3231//354 3245//354 3246//354
f 3223//355 3239//355 3224//355
f 3232//356 3246//356 3247//356
f 3224//357 3240//357 3225//357
f 3233//691 3247//691 3248//691
f 3245//375 3259//375 3260//375
f 3237//376 3253//376 3238//376
f 3246//377 3260//377 3261//377
f 3238//378 3254//378 3239//378
f 3247//379 3261//379 3262//379
f 3239//380 3255//380 3240//380
f 3248//692 3262//692 3263//692
f 3240//382 3256//382 3241//382
f 3234//383 2893//383 3249//383
f 2903//693 3248//693 3263//693
f 3242//369 3256//369 3257//369
f 3234//370 3250//370 3235//370
f 3243//371 3257//371 3258//371
f 3235//372 3251//372 3236//372
f 3244//373 3258//373 3259//373
f 3236//374 3252//374 3237//374
f 3249//391 2893//391 3264//391
f 2903//694 3263//694 3278//694
f 3256//393 3272//393 3257//393
f 3250//394 3264//394 3265//394
f 3257//395 3273//395 3258//395
f 3251//396 3265//396 3266//396
f 3258//397 3274//397 3259//397
f 3252//398 3266//398 3267//398
f 3259//399 3275//399 3260//399
f 3253//400 3267//400 3268//400
f 3260//385 3276//385 3261//385
f 3254//386 3268//386 3269//386
f 3261//387 3277//387 3262//387
f 3255//388 3269//388 3270//388
f 3262//695 3278//695 3263//695
f 3256//390 3270//390 3271//390
f 3268//407 3282//407 3283//407
f 3275//408 3291//408 3276//408
f 3269//409 3283//409 3284//409
f 3276//410 3292//410 3277//410
f 3270//411 3284//411 3285//411
f 3277//696 3293//696 3278//696
f 3271//413 3285//413 3286//413
f 3264//531 2893//531 3279//531
f 2903//585 3278//585 3293//585
f 3271//697 3287//697 3272//697
f 3265//401 3279//401 3280//401
f 3272//402 3288//402 3273//402
f 3266//623 3280//623 3281//623
f 3273//404 3289//404 3274//404
f 3267//405 3281//405 3282//405
f 3274//406 3290//406 3275//406
f 3286//424 3302//424 3287//424
f 3280//425 3294//425 3295//425
f 3287//426 3303//426 3288//426
f 3281//427 3295//427 3296//427
f 3288//428 3304//428 3289//428
f 3282//429 3296//429 3297//429
f 3289//430 3305//430 3290//430
f 3283//431 3297//431 3298//431
f 3290//698 3306//698 3291//698
f 3284//417 3298//417 3299//417
f 3291//624 3307//624 3292//624
f 3285//419 3299//419 3300//419
f 3292//420 3308//420 3293//420
f 3286//421 3300//421 3301//421
f 3279//422 2893//422 3294//422
f 2903//423 3293//423 3308//423
f 3305//534 3321//534 3306//534
f 3299//699 3313//699 3314//699
f 3306//441 3322//441 3307//441
f 3300//442 3314//442 3315//442
f 3307//535 3323//535 3308//535
f 3301//444 3315//444 3316//444
f 3294//556 2893//556 3309//556
f 2903//536 3308//536 3323//536
f 3301//447 3317//447 3302//447
f 3295//448 3309//448 3310//448
f 3302//433 3318//433 3303//433
f 3296//434 3310//434 3311//434
f 3303//435 3319//435 3304//435
f 3297//436 3311//436 3312//436
f 3304//437 3320//437 3305//437
f 3298//438 3312//438 3313//438
f 3317//457 3333//457 3318//457
f 3311//458 3325//458 3326//458
f 3318//459 3334//459 3319//459
f 3312//700 3326//700 3327//700
f 3319//461 3335//461 3320//461
f 3313//462 3327//462 3328//462
f 3320//463 3336//463 3321//463
f 3314//464 3328//464 3329//464
f 3321//701 3337//701 3322//701
f 3315//450 3329//450 3330//450
f 3322//451 3338//451 3323//451
f 3316//452 3330//452 3331//452
f 3309//702 2893//702 3324//702
f 2903//454 3323//454 3338//454
f 3316//703 3332//703 3317//703
f 3310//456 3324//456 3325//456
f 3336//471 3352//471 3337//471
f 3330//472 3344//472 3345//472
f 3337//473 3353//473 3338//473
f 3331//474 3345//474 3346//474
f 3324//475 2893//475 3339//475
f 2903//476 3338//476 3353//476
f 3331//477 3347//477 3332//477
f 3325//478 3339//478 3340//478
f 3332//479 3348//479 3333//479
f 3326//480 3340//480 3341//480
f 3333//704 3349//704 3334//704
f 3327//466 3341//466 3342//466
f 3334//705 3350//705 3335//705
f 3328//626 3342//626 3343//626
f 3335//706 3351//706 3336//706
f 3329//470 3343//470 3344//470
f 3341//488 3355//488 3356//488
f 3348//489 3364//489 3349//489
f 3342//490 3356//490 3357//490
f 3349//491 3365//491 3350//491
f 3343//492 3357//492 3358//492
f 3350//493 3366//493 3351//493
f 3344//494 3358//494 3359//494
f 3351//495 3367//495 3352//495
f 3345//496 3359//496 3360//496
f 3352//707 3368//707 3353//707
f 3346//482 3360//482 3361//482
f 3339//708 2893//708 3354//708
f 2903//484 3353//484 3368//484
f 3346//485 3362//485 3347//485
f 3340//486 3354//486 3355//486
f 3347//487 3363//487 3348//487
f 3360//503 2896//503 2897//503
f 3367//504 3374//504 3368//504
f 3361//505 2897//505 2898//505
f 3354//506 2893//506 3369//506
f 2903//507 3368//507 3374//507
f 3361//508 2899//508 3362//508
f 3355//509 3369//509 3370//509
f 3362//510 2900//510 3363//510
f 3356//560 3370//560 2894//560
f 3363//512 2901//512 3364//512
f 3357//497 2894//497 2895//497
f 3364//498 3372//498 3365//498
f 3358//499 2895//499 3371//499
f 3365//500 2902//500 3366//500
f 3359//501 3371//501 2896//501
f 3366//502 3373//502 3367//502
f 3376//709 3377//709 3375//709
f 3378//710 3381//710 3377//710
f 3382//711 3379//711 3381//711
f 3380//712 3375//712 3379//712
f 3381//713 3375//713 3377//713
f 3378//714 3380//714 3382//714
f 3384//715 3385//715 3383//715
f 3386//716 3387//716 3385//716
f 3388//717 3389//717 3387//717
f 3390//718 3391//718 3389//718
f 3392//719 3393//719 3391//719
f 3394//720 3395//720 3393//720
f 3396//721 3397//721 3395//721
f 3398//722 3399//722 3397//722
f 3400//723 3401//723 3399//723
f 3402//724 3403//724 3401//724
f 3404//725 3405//725 3403//725
f 3406//726 3407//726 3405//726
f 3408//727 3409//727 3407//727
f 3410//728 3411//728 3409//728
f 3412//729 3413//729 3411//729
f 3414//730 3415//730 3413//730
f 3416//731 3417//731 3415//731
f 3418//732 3419//732 3417//732
f 3420//733 3421//733 3419//733
f 3422//734 3423//734 3421//734
f 3424//735 3425//735 3423//735
f 3426//736 3427//736 3425//736
f 3428//737 3429//737 3427//737
f 3430//738 3431//738 3429//738
f 3432//739 3433//739 3431//739
f 3434//740 3435//740 3433//740
f 3436//741 3437//741 3435//741
f 3438//742 3439//742 3437//742
f 3440//743 3441//743 3439//743
f 3442//744 3443//744 3441//744
f 3444//745 3445//745 3443//745
f 3446//746 3447//746 3445//746
f 3448//747 3449//747 3447//747
f 3450//748 3451//748 3449//748
f 3452//749 3453//749 3451//749
f 3454//750 3455//750 3453//750
f 3456//751 3457//751 3455//751
f 3458//752 3459//752 3457//752
f 3460//753 3461//753 3459//753
f 3462//754 3463//754 3461//754
f 3464//755 3465//755 3463//755
f 3466//756 3467//756 3465//756
f 3468//757 3469//757 3467//757
f 3470//758 3471//758 3469//758
f 3472//759 3473//759 3471//759
f 3474//760 3475//760 3473//760
f 3476//761 3477//761 3475//761
f 3478//762 3479//762 3477//762
f 3480//763 3481//763 3479//763
f 3482//764 3483//764 3481//764
f 3484//765 3485//765 3483//765
f 3486//766 3487//766 3485//766
f 3488//767 3489//767 3487//767
f 3490//768 3491//768 3489//768
f 3492//769 3493//769 3491//769
f 3494//770 3495//770 3493//770
f 3496//771 3497//771 3495//771
f 3498//772 3499//772 3497//772
f 3500//773 3501//773 3499//773
f 3502//774 3503//774 3501//774
f 3504//775 3505//775 3503//775
f 3506//776 3507//776 3505//776
f 3488//714 3442//714 3440//714
f 3508//777 3509//777 3507//777
f 3510//778 3383//778 3509//778
f 3441//713 3447//713 3463//713
f 9//1 8//1 21//1
f 2//2 14//2 15//2
f 480//3 9//3 22//3
f 3//4 15//4 16//4
f 10//5 480//5 23//5
f 479//6 16//6 17//6
f 481//7 10//7 24//7
f 4//8 17//8 18//8
f 482//9 481//9 25//9
f 5//10 18//10 19//10
f 7//13 6//13 19//13
f 477//14 12//14 13//14
f 8//15 7//15 20//15
f 478//16 13//16 14//16
f 21//17 20//17 35//17
f 13//18 28//18 29//18
f 22//19 21//19 36//19
f 14//20 29//20 30//20
f 23//21 22//21 37//21
f 15//22 30//22 31//22
f 24//23 23//23 38//23
f 16//24 31//24 32//24
f 25//25 24//25 39//25
f 17//26 32//26 33//26
f 26//27 25//27 40//27
f 18//28 33//28 34//28
f 20//31 19//31 34//31
f 12//32 27//32 28//32
f 40//33 39//33 54//33
f 32//34 47//34 48//34
f 41//35 40//35 55//35
f 33//36 48//36 49//36
f 35//39 34//39 49//39
f 27//40 42//40 43//40
f 36//41 35//41 50//41
f 28//42 43//42 44//42
f 37//43 36//43 51//43
f 29//44 44//44 45//44
f 38//45 37//45 52//45
f 30//46 45//46 46//46
f 39//47 38//47 53//47
f 31//48 46//48 47//48
f 43//49 58//49 59//49
f 52//50 51//50 66//50
f 44//51 59//51 60//51
f 53//52 52//52 67//52
f 45//53 60//53 61//53
f 54//54 53//54 68//54
f 46//55 61//55 62//55
f 55//56 54//56 69//56
f 47//57 62//57 63//57
f 56//58 55//58 70//58
f 48//59 63//59 64//59
f 50//62 49//62 64//62
f 42//63 57//63 58//63
f 51//64 50//64 65//64
f 62//65 77//65 78//65
f 71//541 70//541 85//541
f 63//67 78//67 79//67
f 65//70 64//70 79//70
f 57//518 72//518 73//518
f 66//72 65//72 80//72
f 58//73 73//73 74//73
f 67//74 66//74 81//74
f 59//75 74//75 75//75
f 68//76 67//76 82//76
f 60//77 75//77 76//77
f 69//78 68//78 83//78
f 61//79 76//79 77//79
f 70//80 69//80 84//80
f 82//81 81//81 96//81
f 74//82 89//82 90//82
f 83//83 82//83 97//83
f 75//84 90//84 91//84
f 84//85 83//85 98//85
f 76//86 91//86 92//86
f 85//87 84//87 99//87
f 77//88 92//88 93//88
f 86//89 85//89 100//89
f 78//90 93//90 94//90
f 80//93 79//93 94//93
f 72//94 87//94 88//94
f 81//95 80//95 95//95
f 73//96 88//96 89//96
f 101//97 100//97 115//97
f 93//98 108//98 109//98
f 95//101 94//101 109//101
f 87//102 102//102 103//102
f 96//103 95//103 110//103
f 88//104 103//104 104//104
f 97//105 96//105 111//105
f 89//106 104//106 105//106
f 98//107 97//107 112//107
f 90//108 105//108 106//108
f 99//109 98//109 113//109
f 91//110 106//110 107//110
f 100//111 99//111 114//111
f 92//112 107//112 108//112
f 104//113 119//113 120//113
f 113//114 112//114 127//114
f 105//115 120//115 121//115
f 114//116 113//116 128//116
f 106//117 121//117 122//117
f 115//118 114//118 129//118
f 107//119 122//119 123//119
f 116//120 115//120 130//120
f 108//121 123//121 124//121
f 110//124 109//124 124//124
f 102//125 117//125 118//125
f 111//126 110//126 125//126
f 103//127 118//127 119//127
f 112//128 111//128 126//128
f 124//129 123//129 138//129
f 124//132 139//132 140//132
f 118//133 117//133 132//133
f 125//134 140//134 141//134
f 119//135 118//135 133//135
f 126//136 141//136 142//136
f 120//137 119//137 134//137
f 127//138 142//138 143//138
f 121//139 120//139 135//139
f 128//140 143//140 144//140
f 122//141 121//141 136//141
f 129//142 144//142 145//142
f 123//143 122//143 137//143
f 130//144 145//144 146//144
f 142//145 157//145 158//145
f 136//146 135//146 150//146
f 143//147 158//147 159//147
f 137//148 136//148 151//148
f 144//149 159//149 160//149
f 138//150 137//150 152//150
f 145//151 160//151 161//151
f 139//152 138//152 153//152
f 139//155 154//155 155//155
f 133//156 132//156 147//156
f 140//157 155//157 156//157
f 134//158 133//158 148//158
f 141//159 156//159 157//159
f 135//160 134//160 149//160
f 154//162 169//162 170//162
f 148//163 147//163 162//163
f 155//164 170//164 171//164
f 149//165 148//165 163//165
f 156//166 171//166 172//166
f 150//167 149//167 164//167
f 157//168 172//168 173//168
f 151//169 150//169 165//169
f 158//170 173//170 174//170
f 152//171 151//171 166//171
f 159//172 174//172 175//172
f 153//173 152//173 167//173
f 160//174 175//174 176//174
f 154//175 153//175 168//175
f 173//177 188//177 189//177
f 167//178 166//178 181//178
f 174//179 189//179 190//179
f 168//180 167//180 182//180
f 175//546 190//546 191//546
f 169//182 168//182 183//182
f 169//185 184//185 185//185
f 163//523 162//523 177//523
f 170//187 185//187 186//187
f 164//188 163//188 178//188
f 171//189 186//189 187//189
f 165//190 164//190 179//190
f 172//191 187//191 188//191
f 166//192 165//192 180//192
f 178//193 177//193 192//193
f 185//194 200//194 201//194
f 179//195 178//195 193//195
f 186//196 201//196 202//196
f 180//197 179//197 194//197
f 187//198 202//198 203//198
f 181//199 180//199 195//199
f 188//200 203//200 204//200
f 182//201 181//201 196//201
f 189//202 204//202 205//202
f 183//203 182//203 197//203
f 190//204 205//204 206//204
f 184//205 183//205 198//205
f 184//208 199//208 200//208
f 197//209 196//209 211//209
f 204//210 219//210 220//210
f 198//211 197//211 212//211
f 205//212 220//212 221//212
f 199//213 198//213 213//213
f 199//216 214//216 215//216
f 193//217 192//217 207//217
f 200//218 215//218 216//218
f 194//219 193//219 208//219
f 201//220 216//220 217//220
f 195//221 194//221 209//221
f 202//222 217//222 218//222
f 196//223 195//223 210//223
f 203//224 218//224 219//224
f 215//225 230//225 231//225
f 209//226 208//226 223//226
f 216//227 231//227 232//227
f 210//228 209//228 224//228
f 217//229 232//229 233//229
f 211//230 210//230 225//230
f 218//231 233//231 234//231
f 212//232 211//232 226//232
f 219//233 234//233 235//233
f 213//234 212//234 227//234
f 220//235 235//235 236//235
f 214//236 213//236 228//236
f 214//239 229//239 230//239
f 208//240 207//240 222//240
f 234//551 249//551 250//551
f 228//242 227//242 242//242
f 235//243 250//243 251//243
f 229//244 228//244 243//244
f 229//247 244//247 245//247
f 223//248 222//248 237//248
f 230//249 245//249 246//249
f 224//524 223//524 238//524
f 231//251 246//251 247//251
f 225//252 224//252 239//252
f 232//253 247//253 248//253
f 226//254 225//254 240//254
f 233//255 248//255 249//255
f 227//256 226//256 241//256
f 238//257 253//257 254//257
f 247//258 246//258 261//258
f 239//259 254//259 255//259
f 248//260 247//260 262//260
f 240//261 255//261 256//261
f 249//262 248//262 263//262
f 241//263 256//263 257//263
f 250//264 249//264 264//264
f 242//265 257//265 258//265
f 251//266 250//266 265//266
f 243//267 258//267 259//267
f 245//270 244//270 259//270
f 237//271 252//271 253//271
f 246//272 245//272 260//272
f 257//273 272//273 273//273
f 266//274 265//274 280//274
f 258//275 273//275 274//275
f 260//278 259//278 274//278
f 252//279 267//279 268//279
f 261//280 260//280 275//280
f 253//281 268//281 269//281
f 262//282 261//282 276//282
f 254//283 269//283 270//283
f 263//284 262//284 277//284
f 255//285 270//285 271//285
f 264//286 263//286 278//286
f 256//287 271//287 272//287
f 265//288 264//288 279//288
f 277//289 276//289 291//289
f 269//290 284//290 285//290
f 278//291 277//291 292//291
f 270//292 285//292 286//292
f 279//293 278//293 293//293
f 271//294 286//294 287//294
f 280//295 279//295 294//295
f 272//296 287//296 288//296
f 281//297 280//297 295//297
f 273//298 288//298 289//298
f 275//301 274//301 289//301
f 267//302 282//302 283//302
f 276//303 275//303 290//303
f 268//304 283//304 284//304
f 296//305 295//305 310//305
f 288//306 303//306 304//306
f 290//309 289//309 304//309
f 282//310 297//310 298//310
f 291//311 290//311 305//311
f 283//312 298//312 299//312
f 292//313 291//313 306//313
f 284//314 299//314 300//314
f 293//315 292//315 307//315
f 285//316 300//316 301//316
f 294//317 293//317 308//317
f 286//318 301//318 302//318
f 295//319 294//319 309//319
f 287//320 302//320 303//320
f 308//321 307//321 322//321
f 300//322 315//322 316//322
f 309//323 308//323 323//323
f 301//527 316//527 317//527
f 310//325 309//325 324//325
f 302//326 317//326 318//326
f 311//528 310//528 325//528
f 303//328 318//328 319//328
f 305//331 304//331 319//331
f 297//582 312//582 313//582
f 306//333 305//333 320//333
f 298//334 313//334 314//334
f 307//525 306//525 321//525
f 299//336 314//336 315//336
f 320//339 319//339 334//339
f 312//340 327//340 328//340
f 321//341 320//341 335//341
f 313//342 328//342 329//342
f 322//343 321//343 336//343
f 314//344 329//344 330//344
f 323//345 322//345 337//345
f 315//346 330//346 331//346
f 324//347 323//347 338//347
f 316//348 331//348 332//348
f 325//349 324//349 339//349
f 317//350 332//350 333//350
f 326//351 325//351 340//351
f 318//352 333//352 334//352
f 330//353 345//353 346//353
f 339//354 338//354 353//354
f 331//355 346//355 347//355
f 340//356 339//356 354//356
f 332//357 347//357 348//357
f 341//358 340//358 355//358
f 333//359 348//359 349//359
f 335//362 334//362 349//362
f 327//363 342//363 343//363
f 336//364 335//364 350//364
f 328//365 343//365 344//365
f 337//366 336//366 351//366
f 329//367 344//367 345//367
f 338//368 337//368 352//368
f 350//369 349//369 364//369
f 342//370 357//370 358//370
f 351//371 350//371 365//371
f 343//372 358//372 359//372
f 352//373 351//373 366//373
f 344//374 359//374 360//374
f 353//375 352//375 367//375
f 345//376 360//376 361//376
f 354//377 353//377 368//377
f 346//378 361//378 362//378
f 355//379 354//379 369//379
f 347//380 362//380 363//380
f 356//381 355//381 370//381
f 348//382 363//382 364//382
f 368//385 383//385 384//385
f 362//386 361//386 376//386
f 369//387 384//387 385//387
f 363//388 362//388 377//388
f 370//389 385//389 386//389
f 364//390 363//390 378//390
f 364//393 379//393 380//393
f 358//394 357//394 372//394
f 365//395 380//395 381//395
f 359//396 358//396 373//396
f 366//397 381//397 382//397
f 360//398 359//398 374//398
f 367//399 382//399 383//399
f 361//400 360//400 375//400
f 373//401 372//401 387//401
f 380//402 395//402 396//402
f 374//403 373//403 388//403
f 381//404 396//404 397//404
f 375//405 374//405 389//405
f 382//406 397//406 398//406
f 376//407 375//407 390//407
f 383//408 398//408 399//408
f 377//409 376//409 391//409
f 384//410 399//410 400//410
f 378//411 377//411 392//411
f 385//412 400//412 401//412
f 379//413 378//413 393//413
f 379//416 394//416 395//416
f 392//417 391//417 406//417
f 399//418 414//418 415//418
f 393//419 392//419 407//419
f 400//420 415//420 416//420
f 394//421 393//421 408//421
f 394//424 409//424 410//424
f 388//425 387//425 402//425
f 395//426 410//426 411//426
f 389//427 388//427 403//427
f 396//428 411//428 412//428
f 390//429 389//429 404//429
f 397//430 412//430 413//430
f 391//431 390//431 405//431
f 398//432 413//432 414//432
f 410//433 425//433 426//433
f 404//434 403//434 418//434
f 411//435 426//435 427//435
f 405//436 404//436 419//436
f 412//437 427//437 428//437
f 406//438 405//438 420//438
f 413//439 428//439 429//439
f 407//440 406//440 421//440
f 414//441 429//441 430//441
f 408//442 407//442 422//442
f 415//535 430//535 431//535
f 409//444 408//444 423//444
f 409//447 424//447 425//447
f 403//532 402//532 417//532
f 429//449 444//449 445//449
f 423//450 422//450 437//450
f 430//451 445//451 446//451
f 424//452 423//452 438//452
f 424//455 439//455 440//455
f 418//456 417//456 432//456
f 425//457 440//457 441//457
f 419//458 418//458 433//458
f 426//459 441//459 442//459
f 420//460 419//460 434//460
f 427//461 442//461 443//461
f 421//462 420//462 435//462
f 428//463 443//463 444//463
f 422//464 421//464 436//464
f 441//465 456//465 457//465
f 435//466 434//466 449//466
f 442//467 457//467 458//467
f 436//468 435//468 450//468
f 443//469 458//469 459//469
f 437//470 436//470 451//470
f 444//471 459//471 460//471
f 438//472 437//472 452//472
f 445//473 460//473 461//473
f 439//474 438//474 453//474
f 439//477 454//477 455//477
f 433//478 432//478 447//478
f 440//479 455//479 456//479
f 434//480 433//480 448//480
f 460//481 475//481 476//481
f 454//482 453//482 468//482
f 454//485 469//485 470//485
f 448//486 447//486 462//486
f 455//487 470//487 471//487
f 449//488 448//488 463//488
f 456//489 471//489 472//489
f 450//490 449//490 464//490
f 457//491 472//491 473//491
f 451//492 450//492 465//492
f 458//493 473//493 474//493
f 452//494 451//494 466//494
f 459//495 474//495 475//495
f 453//496 452//496 467//496
f 465//497 464//497 2//497
f 472//498 9//498 480//498
f 466//499 465//499 3//499
f 473//500 480//500 10//500
f 467//501 466//501 479//501
f 474//502 10//502 481//502
f 468//503 467//503 4//503
f 475//504 481//504 482//504
f 469//505 468//505 5//505
f 469//508 6//508 7//508
f 463//509 462//509 477//509
f 470//510 7//510 8//510
f 464//511 463//511 478//511
f 471//512 8//512 9//512
f 489//15 960//15 500//15
f 957//513 493//513 494//513
f 961//1 489//1 501//1
f 485//2 494//2 495//2
f 490//3 961//3 502//3
f 486//4 495//4 496//4
f 962//5 490//5 503//5
f 958//6 496//6 497//6
f 963//7 962//7 504//7
f 487//8 497//8 498//8
f 964//9 963//9 505//9
f 959//10 498//10 499//10
f 960//13 488//13 499//13
f 484//14 492//14 493//14
f 500//31 499//31 514//31
f 492//32 507//32 508//32
f 501//17 500//17 515//17
f 493//18 508//18 509//18
f 502//19 501//19 516//19
f 494//20 509//20 510//20
f 503//21 502//21 517//21
f 495//22 510//22 511//22
f 504//23 503//23 518//23
f 496//24 511//24 512//24
f 505//25 504//25 519//25
f 497//26 512//26 513//26
f 506//27 505//27 520//27
f 498//28 513//28 514//28
f 510//46 525//46 526//46
f 519//47 518//47 533//47
f 511//48 526//48 527//48
f 520//33 519//33 534//33
f 512//34 527//34 528//34
f 521//35 520//35 535//35
f 513//36 528//36 529//36
f 515//39 514//39 529//39
f 507//40 522//40 523//40
f 516//41 515//41 530//41
f 508//42 523//42 524//42
f 517//43 516//43 531//43
f 509//44 524//44 525//44
f 518//45 517//45 532//45
f 530//62 529//62 544//62
f 522//63 537//63 538//63
f 531//64 530//64 545//64
f 523//49 538//49 539//49
f 532//50 531//50 546//50
f 524//51 539//51 540//51
f 533//52 532//52 547//52
f 525//53 540//53 541//53
f 534//54 533//54 548//54
f 526//55 541//55 542//55
f 535//56 534//56 549//56
f 527//57 542//57 543//57
f 536//58 535//58 550//58
f 528//59 543//59 544//59
f 549//78 548//78 563//78
f 541//79 556//79 557//79
f 550//80 549//80 564//80
f 542//65 557//65 558//65
f 551//66 550//66 565//66
f 543//67 558//67 559//67
f 545//70 544//70 559//70
f 537//71 552//71 553//71
f 546//72 545//72 560//72
f 538//73 553//73 554//73
f 547//543 546//543 561//543
f 539//566 554//566 555//566
f 548//76 547//76 562//76
f 540//77 555//77 556//77
f 561//95 560//95 575//95
f 553//96 568//96 569//96
f 562//81 561//81 576//81
f 554//82 569//82 570//82
f 563//83 562//83 577//83
f 555//84 570//84 571//84
f 564//85 563//85 578//85
f 556//86 571//86 572//86
f 565//87 564//87 579//87
f 557//88 572//88 573//88
f 566//89 565//89 580//89
f 558//90 573//90 574//90
f 560//93 559//93 574//93
f 552//94 567//94 568//94
f 580//111 579//111 594//111
f 572//112 587//112 588//112
f 581//97 580//97 595//97
f 573//98 588//98 589//98
f 575//101 574//101 589//101
f 567//102 582//102 583//102
f 576//103 575//103 590//103
f 568//601 583//601 584//601
f 577//105 576//105 591//105
f 569//106 584//106 585//106
f 578//107 577//107 592//107
f 570//108 585//108 586//108
f 579//109 578//109 593//109
f 571//110 586//110 587//110
f 583//127 598//127 599//127
f 592//128 591//128 606//128
f 584//113 599//113 600//113
f 593//114 592//114 607//114
f 585//115 600//115 601//115
f 594//116 593//116 608//116
f 586//117 601//117 602//117
f 595//118 594//118 609//118
f 587//119 602//119 603//119
f 596//120 595//120 610//120
f 588//121 603//121 604//121
f 590//124 589//124 604//124
f 582//125 597//125 598//125
f 591//126 590//126 605//126
f 603//143 602//143 617//143
f 610//144 625//144 626//144
f 604//129 603//129 618//129
f 604//132 619//132 620//132
f 598//133 597//133 612//133
f 605//134 620//134 621//134
f 599//135 598//135 613//135
f 606//136 621//136 622//136
f 600//137 599//137 614//137
f 607//138 622//138 623//138
f 601//139 600//139 615//139
f 608//140 623//140 624//140
f 602//141 601//141 616//141
f 609//142 624//142 625//142
f 621//159 636//159 637//159
f 615//160 614//160 629//160
f 622//145 637//145 638//145
f 616//146 615//146 630//146
f 623//147 638//147 639//147
f 617//148 616//148 631//148
f 624//149 639//149 640//149
f 618//150 617//150 632//150
f 625//151 640//151 641//151
f 619//152 618//152 633//152
f 619//155 634//155 635//155
f 613//156 612//156 627//156
f 620//157 635//157 636//157
f 614//602 613//602 628//602
f 640//174 655//174 656//174
f 634//175 633//175 648//175
f 634//162 649//162 650//162
f 628//163 627//163 642//163
f 635//164 650//164 651//164
f 629//165 628//165 643//165
f 636//166 651//166 652//166
f 630//167 629//167 644//167
f 637//168 652//168 653//168
f 631//169 630//169 645//169
f 638//170 653//170 654//170
f 632//171 631//171 646//171
f 639//172 654//172 655//172
f 633//173 632//173 647//173
f 645//573 644//573 659//573
f 652//191 667//191 668//191
f 646//192 645//192 660//192
f 653//177 668//177 669//177
f 647//178 646//178 661//178
f 654//179 669//179 670//179
f 648//180 647//180 662//180
f 655//181 670//181 671//181
f 649//182 648//182 663//182
f 649//185 664//185 665//185
f 643//186 642//186 657//186
f 650//187 665//187 666//187
f 644//188 643//188 658//188
f 651//189 666//189 667//189
f 664//205 663//205 678//205
f 664//208 679//208 680//208
f 658//193 657//193 672//193
f 665//194 680//194 681//194
f 659//195 658//195 673//195
f 666//196 681//196 682//196
f 660//197 659//197 674//197
f 667//198 682//198 683//198
f 661//199 660//199 675//199
f 668//200 683//200 684//200
f 662//201 661//201 676//201
f 669//202 684//202 685//202
f 663//203 662//203 677//203
f 670//204 685//204 686//204
f 682//222 697//222 698//222
f 676//223 675//223 690//223
f 683//224 698//224 699//224
f 677//209 676//209 691//209
f 684//210 699//210 700//210
f 678//211 677//211 692//211
f 685//212 700//212 701//212
f 679//213 678//213 693//213
f 679//216 694//216 695//216
f 673//217 672//217 687//217
f 680//218 695//218 696//218
f 674//219 673//219 688//219
f 681//220 696//220 697//220
f 675//221 674//221 689//221
f 694//239 709//239 710//239
f 688//240 687//240 702//240
f 695//225 710//225 711//225
f 689//226 688//226 703//226
f 696//227 711//227 712//227
f 690//228 689//228 704//228
f 697//229 712//229 713//229
f 691//230 690//230 705//230
f 698//231 713//231 714//231
f 692//232 691//232 706//232
f 699//233 714//233 715//233
f 693//234 692//234 707//234
f 700//235 715//235 716//235
f 694//236 693//236 708//236
f 713//255 728//255 729//255
f 707//256 706//256 721//256
f 714//241 729//241 730//241
f 708//242 707//242 722//242
f 715//243 730//243 731//243
f 709//244 708//244 723//244
f 709//247 724//247 725//247
f 703//248 702//248 717//248
f 710//249 725//249 726//249
f 704//524 703//524 718//524
f 711//251 726//251 727//251
f 705//252 704//252 719//252
f 712//253 727//253 728//253
f 706//254 705//254 720//254
f 717//271 732//271 733//271
f 726//272 725//272 740//272
f 718//577 733//577 734//577
f 727//258 726//258 741//258
f 719//259 734//259 735//259
f 728//260 727//260 742//260
f 720//261 735//261 736//261
f 729//262 728//262 743//262
f 721//263 736//263 737//263
f 730//552 729//552 744//552
f 722//265 737//265 738//265
f 731//266 730//266 745//266
f 723//267 738//267 739//267
f 725//270 724//270 739//270
f 736//287 751//287 752//287
f 745//288 744//288 759//288
f 737//273 752//273 753//273
f 746//274 745//274 760//274
f 738//275 753//275 754//275
f 740//278 739//278 754//278
f 732//279 747//279 748//279
f 741//280 740//280 755//280
f 733//281 748//281 749//281
f 742//282 741//282 756//282
f 734//283 749//283 750//283
f 743//284 742//284 757//284
f 735//285 750//285 751//285
f 744//286 743//286 758//286
f 756//303 755//303 770//303
f 748//304 763//304 764//304
f 757//289 756//289 771//289
f 749//290 764//290 765//290
f 758//291 757//291 772//291
f 750//292 765//292 766//292
f 759//293 758//293 773//293
f 751//294 766//294 767//294
f 760//295 759//295 774//295
f 752//296 767//296 768//296
f 761//297 760//297 775//297
f 753//298 768//298 769//298
f 755//301 754//301 769//301
f 747//302 762//302 763//302
f 775//319 774//319 789//319
f 767//320 782//320 783//320
f 776//305 775//305 790//305
f 768//306 783//306 784//306
f 770//309 769//309 784//309
f 762//310 777//310 778//310
f 771//311 770//311 785//311
f 763//312 778//312 779//312
f 772//313 771//313 786//313
f 764//314 779//314 780//314
f 773//315 772//315 787//315
f 765//316 780//316 781//316
f 774//317 773//317 788//317
f 766//318 781//318 782//318
f 778//334 793//334 794//334
f 787//335 786//335 801//335
f 779//581 794//581 795//581
f 788//321 787//321 802//321
f 780//322 795//322 796//322
f 789//323 788//323 803//323
f 781//324 796//324 797//324
f 790//325 789//325 804//325
f 782//326 797//326 798//326
f 791//528 790//528 805//528
f 783//328 798//328 799//328
f 785//331 784//331 799//331
f 777//582 792//582 793//582
f 786//333 785//333 800//333
f 797//350 812//350 813//350
f 806//351 805//351 820//351
f 798//352 813//352 814//352
f 800//339 799//339 814//339
f 792//340 807//340 808//340
f 801//341 800//341 815//341
f 793//342 808//342 809//342
f 802//343 801//343 816//343
f 794//344 809//344 810//344
f 803//345 802//345 817//345
f 795//346 810//346 811//346
f 804//347 803//347 818//347
f 796//348 811//348 812//348
f 805//349 804//349 819//349
f 817//366 816//366 831//366
f 809//367 824//367 825//367
f 818//368 817//368 832//368
f 810//353 825//353 826//353
f 819//354 818//354 833//354
f 811//355 826//355 827//355
f 820//648 819//648 834//648
f 812//357 827//357 828//357
f 821//358 820//358 835//358
f 813//359 828//359 829//359
f 815//362 814//362 829//362
f 807//363 822//363 823//363
f 816//364 815//364 830//364
f 808//365 823//365 824//365
f 836//381 835//381 850//381
f 828//382 843//382 844//382
f 830//369 829//369 844//369
f 822//370 837//370 838//370
f 831//371 830//371 845//371
f 823//372 838//372 839//372
f 832//373 831//373 846//373
f 824//374 839//374 840//374
f 833//375 832//375 847//375
f 825//376 840//376 841//376
f 834//377 833//377 848//377
f 826//378 841//378 842//378
f 835//379 834//379 849//379
f 827//380 842//380 843//380
f 847//399 862//399 863//399
f 841//400 840//400 855//400
f 848//385 863//385 864//385
f 842//386 841//386 856//386
f 849//387 864//387 865//387
f 843//388 842//388 857//388
f 850//389 865//389 866//389
f 844//390 843//390 858//390
f 844//393 859//393 860//393
f 838//394 837//394 852//394
f 845//395 860//395 861//395
f 839//396 838//396 853//396
f 846//397 861//397 862//397
f 840//398 839//398 854//398
f 859//416 874//416 875//416
f 853//401 852//401 867//401
f 860//402 875//402 876//402
f 854//403 853//403 868//403
f 861//404 876//404 877//404
f 855//405 854//405 869//405
f 862//406 877//406 878//406
f 856//407 855//407 870//407
f 863//408 878//408 879//408
f 857//409 856//409 871//409
f 864//649 879//649 880//649
f 858//411 857//411 872//411
f 865//412 880//412 881//412
f 859//413 858//413 873//413
f 871//431 870//431 885//431
f 878//432 893//432 894//432
f 872//417 871//417 886//417
f 879//418 894//418 895//418
f 873//419 872//419 887//419
f 880//420 895//420 896//420
f 874//421 873//421 888//421
f 874//424 889//424 890//424
f 868//425 867//425 882//425
f 875//426 890//426 891//426
f 869//427 868//427 883//427
f 876//428 891//428 892//428
f 870//429 869//429 884//429
f 877//430 892//430 893//430
f 889//447 904//447 905//447
f 883//532 882//532 897//532
f 890//433 905//433 906//433
f 884//434 883//434 898//434
f 891//557 906//557 907//557
f 885//533 884//533 899//533
f 892//437 907//437 908//437
f 886//438 885//438 900//438
f 893//439 908//439 909//439
f 887//440 886//440 901//440
f 894//441 909//441 910//441
f 888//442 887//442 902//442
f 895//443 910//443 911//443
f 889//444 888//444 903//444
f 908//463 923//463 924//463
f 902//464 901//464 916//464
f 909//449 924//449 925//449
f 903//450 902//450 917//450
f 910//451 925//451 926//451
f 904//452 903//452 918//452
f 904//455 919//455 920//455
f 898//456 897//456 912//456
f 905//457 920//457 921//457
f 899//458 898//458 913//458
f 906//459 921//459 922//459
f 900//460 899//460 914//460
f 907//461 922//461 923//461
f 901//462 900//462 915//462
f 913//478 912//478 927//478
f 920//479 935//479 936//479
f 914//480 913//480 928//480
f 921//465 936//465 937//465
f 915//466 914//466 929//466
f 922//467 937//467 938//467
f 916//468 915//468 930//468
f 923//469 938//469 939//469
f 917//470 916//470 931//470
f 924//471 939//471 940//471
f 918//472 917//472 932//472
f 925//473 940//473 941//473
f 919//474 918//474 933//474
f 919//477 934//477 935//477
f 932//494 931//494 946//494
f 939//495 954//495 955//495
f 933//496 932//496 947//496
f 940//481 955//481 956//481
f 934//482 933//482 948//482
f 934//485 949//485 950//485
f 928//486 927//486 942//486
f 935//487 950//487 951//487
f 929//488 928//488 943//488
f 936//489 951//489 952//489
f 930//490 929//490 944//490
f 937//491 952//491 953//491
f 931//492 930//492 945//492
f 938//493 953//493 954//493
f 950//510 960//510 489//510
f 944//511 943//511 957//511
f 951//512 489//512 961//512
f 945//497 944//497 485//497
f 952//498 961//498 490//498
f 946//499 945//499 486//499
f 953//500 490//500 962//500
f 947//501 946//501 958//501
f 954//561 962//561 963//561
f 948//503 947//503 487//503
f 955//504 963//504 964//504
f 949//505 948//505 959//505
f 949//508 488//508 960//508
f 943//509 942//509 484//509
f 971//13 970//13 982//13
f 966//14 975//14 976//14
f 1443//15 971//15 983//15
f 1440//16 976//16 977//16
f 972//1 1443//1 984//1
f 967//2 977//2 978//2
f 1444//3 972//3 985//3
f 968//4 978//4 979//4
f 973//5 1444//5 986//5
f 1441//6 979//6 980//6
f 1445//514 973//514 987//514
f 969//8 980//8 981//8
f 1446//9 1445//9 988//9
f 1442//10 981//10 982//10
f 989//27 988//27 1003//27
f 981//28 996//28 997//28
f 983//31 982//31 997//31
f 975//779 990//779 991//779
f 984//17 983//17 998//17
f 976//18 991//18 992//18
f 985//19 984//19 999//19
f 977//20 992//20 993//20
f 986//21 985//21 1000//21
f 978//22 993//22 994//22
f 987//23 986//23 1001//23
f 979//24 994//24 995//24
f 988//25 987//25 1002//25
f 980//26 995//26 996//26
f 992//44 1007//44 1008//44
f 1001//45 1000//45 1015//45
f 993//46 1008//46 1009//46
f 1002//47 1001//47 1016//47
f 994//48 1009//48 1010//48
f 1003//33 1002//33 1017//33
f 995//34 1010//34 1011//34
f 1004//35 1003//35 1018//35
f 996//36 1011//36 1012//36
f 998//39 997//39 1012//39
f 990//40 1005//40 1006//40
f 999//41 998//41 1013//41
f 991//42 1006//42 1007//42
f 1000//43 999//43 1014//43
f 1011//59 1026//59 1027//59
f 1013//62 1012//62 1027//62
f 1005//63 1020//63 1021//63
f 1014//64 1013//64 1028//64
f 1006//49 1021//49 1022//49
f 1015//50 1014//50 1029//50
f 1007//51 1022//51 1023//51
f 1016//52 1015//52 1030//52
f 1008//53 1023//53 1024//53
f 1017//54 1016//54 1031//54
f 1009//55 1024//55 1025//55
f 1018//56 1017//56 1032//56
f 1010//57 1025//57 1026//57
f 1019//58 1018//58 1033//58
f 1031//76 1030//76 1045//76
f 1023//77 1038//77 1039//77
f 1032//78 1031//78 1046//78
f 1024//79 1039//79 1040//79
f 1033//80 1032//80 1047//80
f 1025//65 1040//65 1041//65
f 1034//66 1033//66 1048//66
f 1026//67 1041//67 1042//67
f 1028//70 1027//70 1042//70
f 1020//71 1035//71 1036//71
f 1029//72 1028//72 1043//72
f 1021//73 1036//73 1037//73
f 1030//565 1029//565 1044//565
f 1022//75 1037//75 1038//75
f 1043//93 1042//93 1057//93
f 1035//94 1050//94 1051//94
f 1044//95 1043//95 1058//95
f 1036//96 1051//96 1052//96
f 1045//81 1044//81 1059//81
f 1037//82 1052//82 1053//82
f 1046//83 1045//83 1060//83
f 1038//84 1053//84 1054//84
f 1047//85 1046//85 1061//85
f 1039//86 1054//86 1055//86
f 1048//87 1047//87 1062//87
f 1040//88 1055//88 1056//88
f 1049//89 1048//89 1063//89
f 1041//90 1056//90 1057//90
f 1053//108 1068//108 1069//108
f 1062//109 1061//109 1076//109
f 1054//110 1069//110 1070//110
f 1063//111 1062//111 1077//111
f 1055//112 1070//112 1071//112
f 1064//780 1063//780 1078//780
f 1056//98 1071//98 1072//98
f 1058//101 1057//101 1072//101
f 1050//102 1065//102 1066//102
f 1059//103 1058//103 1073//103
f 1051//104 1066//104 1067//104
f 1060//105 1059//105 1074//105
f 1052//106 1067//106 1068//106
f 1061//107 1060//107 1075//107
f 1073//124 1072//124 1087//124
f 1065//125 1080//125 1081//125
f 1074//126 1073//126 1088//126
f 1066//127 1081//127 1082//127
f 1075//128 1074//128 1089//128
f 1067//113 1082//113 1083//113
f 1076//114 1075//114 1090//114
f 1068//115 1083//115 1084//115
f 1077//116 1076//116 1091//116
f 1069//117 1084//117 1085//117
f 1078//118 1077//118 1092//118
f 1070//119 1085//119 1086//119
f 1079//120 1078//120 1093//120
f 1071//121 1086//121 1087//121
f 1091//140 1106//140 1107//140
f 1085//141 1084//141 1099//141
f 1092//142 1107//142 1108//142
f 1086//143 1085//143 1100//143
f 1093//144 1108//144 1109//144
f 1087//129 1086//129 1101//129
f 1087//132 1102//132 1103//132
f 1081//133 1080//133 1095//133
f 1088//134 1103//134 1104//134
f 1082//135 1081//135 1096//135
f 1089//136 1104//136 1105//136
f 1083//137 1082//137 1097//137
f 1090//138 1105//138 1106//138
f 1084//139 1083//139 1098//139
f 1103//157 1118//157 1119//157
f 1097//158 1096//158 1111//158
f 1104//159 1119//159 1120//159
f 1098//160 1097//160 1112//160
f 1105//145 1120//145 1121//145
f 1099//146 1098//146 1113//146
f 1106//147 1121//147 1122//147
f 1100//148 1099//148 1114//148
f 1107//149 1122//149 1123//149
f 1101//150 1100//150 1115//150
f 1108//151 1123//151 1124//151
f 1102//152 1101//152 1116//152
f 1102//155 1117//155 1118//155
f 1096//156 1095//156 1110//156
f 1122//172 1137//172 1138//172
f 1116//173 1115//173 1130//173
f 1123//174 1138//174 1139//174
f 1117//175 1116//175 1131//175
f 1117//162 1132//162 1133//162
f 1111//163 1110//163 1125//163
f 1118//164 1133//164 1134//164
f 1112//165 1111//165 1126//165
f 1119//166 1134//166 1135//166
f 1113//167 1112//167 1127//167
f 1120//168 1135//168 1136//168
f 1114//169 1113//169 1128//169
f 1121//170 1136//170 1137//170
f 1115//171 1114//171 1129//171
f 1127//188 1126//188 1141//188
f 1134//189 1149//189 1150//189
f 1128//573 1127//573 1142//573
f 1135//191 1150//191 1151//191
f 1129//192 1128//192 1143//192
f 1136//177 1151//177 1152//177
f 1130//522 1129//522 1144//522
f 1137//179 1152//179 1153//179
f 1131//180 1130//180 1145//180
f 1138//181 1153//181 1154//181
f 1132//182 1131//182 1146//182
f 1132//185 1147//185 1148//185
f 1126//186 1125//186 1140//186
f 1133//187 1148//187 1149//187
f 1146//203 1145//203 1160//203
f 1153//204 1168//204 1169//204
f 1147//205 1146//205 1161//205
f 1147//208 1162//208 1163//208
f 1141//193 1140//193 1155//193
f 1148//194 1163//194 1164//194
f 1142//195 1141//195 1156//195
f 1149//196 1164//196 1165//196
f 1143//197 1142//197 1157//197
f 1150//198 1165//198 1166//198
f 1144//199 1143//199 1158//199
f 1151//200 1166//200 1167//200
f 1145//201 1144//201 1159//201
f 1152//202 1167//202 1168//202
f 1164//220 1179//220 1180//220
f 1158//221 1157//221 1172//221
f 1165//222 1180//222 1181//222
f 1159//223 1158//223 1173//223
f 1166//224 1181//224 1182//224
f 1160//209 1159//209 1174//209
f 1167//210 1182//210 1183//210
f 1161//211 1160//211 1175//211
f 1168//212 1183//212 1184//212
f 1162//213 1161//213 1176//213
f 1162//216 1177//216 1178//216
f 1156//217 1155//217 1170//217
f 1163//218 1178//218 1179//218
f 1157//219 1156//219 1171//219
f 1183//235 1198//235 1199//235
f 1177//236 1176//236 1191//236
f 1177//239 1192//239 1193//239
f 1171//240 1170//240 1185//240
f 1178//225 1193//225 1194//225
f 1172//226 1171//226 1186//226
f 1179//227 1194//227 1195//227
f 1173//228 1172//228 1187//228
f 1180//229 1195//229 1196//229
f 1174//230 1173//230 1188//230
f 1181//231 1196//231 1197//231
f 1175//232 1174//232 1189//232
f 1182//233 1197//233 1198//233
f 1176//234 1175//234 1190//234
f 1188//252 1187//252 1202//252
f 1195//253 1210//253 1211//253
f 1189//254 1188//254 1203//254
f 1196//255 1211//255 1212//255
f 1190//256 1189//256 1204//256
f 1197//551 1212//551 1213//551
f 1191//242 1190//242 1205//242
f 1198//243 1213//243 1214//243
f 1192//244 1191//244 1206//244
f 1192//247 1207//247 1208//247
f 1186//248 1185//248 1200//248
f 1193//249 1208//249 1209//249
f 1187//250 1186//250 1201//250
f 1194//251 1209//251 1210//251
f 1206//267 1221//267 1222//267
f 1208//270 1207//270 1222//270
f 1200//271 1215//271 1216//271
f 1209//272 1208//272 1223//272
f 1201//577 1216//577 1217//577
f 1210//258 1209//258 1224//258
f 1202//259 1217//259 1218//259
f 1211//260 1210//260 1225//260
f 1203//261 1218//261 1219//261
f 1212//262 1211//262 1226//262
f 1204//263 1219//263 1220//263
f 1213//552 1212//552 1227//552
f 1205//265 1220//265 1221//265
f 1214//266 1213//266 1228//266
f 1226//284 1225//284 1240//284
f 1218//285 1233//285 1234//285
f 1227//286 1226//286 1241//286
f 1219//287 1234//287 1235//287
f 1228//288 1227//288 1242//288
f 1220//273 1235//273 1236//273
f 1229//274 1228//274 1243//274
f 1221//275 1236//275 1237//275
f 1223//278 1222//278 1237//278
f 1215//279 1230//279 1231//279
f 1224//280 1223//280 1238//280
f 1216//281 1231//281 1232//281
f 1225//282 1224//282 1239//282
f 1217//283 1232//283 1233//283
f 1238//301 1237//301 1252//301
f 1230//302 1245//302 1246//302
f 1239//303 1238//303 1253//303
f 1231//304 1246//304 1247//304
f 1240//289 1239//289 1254//289
f 1232//290 1247//290 1248//290
f 1241//291 1240//291 1255//291
f 1233//292 1248//292 1249//292
f 1242//293 1241//293 1256//293
f 1234//294 1249//294 1250//294
f 1243//295 1242//295 1257//295
f 1235//296 1250//296 1251//296
f 1244//297 1243//297 1258//297
f 1236//298 1251//298 1252//298
f 1257//317 1256//317 1271//317
f 1249//318 1264//318 1265//318
f 1258//319 1257//319 1272//319
f 1250//320 1265//320 1266//320
f 1259//305 1258//305 1273//305
f 1251//306 1266//306 1267//306
f 1253//309 1252//309 1267//309
f 1245//310 1260//310 1261//310
f 1254//311 1253//311 1268//311
f 1246//312 1261//312 1262//312
f 1255//313 1254//313 1269//313
f 1247//314 1262//314 1263//314
f 1256//315 1255//315 1270//315
f 1248//316 1263//316 1264//316
f 1260//332 1275//332 1276//332
f 1269//333 1268//333 1283//333
f 1261//334 1276//334 1277//334
f 1270//525 1269//525 1284//525
f 1262//336 1277//336 1278//336
f 1271//321 1270//321 1285//321
f 1263//322 1278//322 1279//322
f 1272//323 1271//323 1286//323
f 1264//324 1279//324 1280//324
f 1273//325 1272//325 1287//325
f 1265//326 1280//326 1281//326
f 1274//327 1273//327 1288//327
f 1266//328 1281//328 1282//328
f 1268//331 1267//331 1282//331
f 1279//348 1294//348 1295//348
f 1288//349 1287//349 1302//349
f 1280//350 1295//350 1296//350
f 1289//351 1288//351 1303//351
f 1281//352 1296//352 1297//352
f 1283//339 1282//339 1297//339
f 1275//340 1290//340 1291//340
f 1284//341 1283//341 1298//341
f 1276//342 1291//342 1292//342
f 1285//343 1284//343 1299//343
f 1277//344 1292//344 1293//344
f 1286//345 1285//345 1300//345
f 1278//346 1293//346 1294//346
f 1287//347 1286//347 1301//347
f 1299//364 1298//364 1313//364
f 1291//365 1306//365 1307//365
f 1300//366 1299//366 1314//366
f 1292//367 1307//367 1308//367
f 1301//368 1300//368 1315//368
f 1293//353 1308//353 1309//353
f 1302//354 1301//354 1316//354
f 1294//355 1309//355 1310//355
f 1303//356 1302//356 1317//356
f 1295//357 1310//357 1311//357
f 1304//358 1303//358 1318//358
f 1296//359 1311//359 1312//359
f 1298//362 1297//362 1312//362
f 1290//363 1305//363 1306//363
f 1318//379 1317//379 1332//379
f 1310//380 1325//380 1326//380
f 1319//381 1318//381 1333//381
f 1311//382 1326//382 1327//382
f 1313//369 1312//369 1327//369
f 1305//370 1320//370 1321//370
f 1314//371 1313//371 1328//371
f 1306//372 1321//372 1322//372
f 1315//373 1314//373 1329//373
f 1307//374 1322//374 1323//374
f 1316//375 1315//375 1330//375
f 1308//376 1323//376 1324//376
f 1317//377 1316//377 1331//377
f 1309//378 1324//378 1325//378
f 1322//396 1321//396 1336//396
f 1329//397 1344//397 1345//397
f 1323//398 1322//398 1337//398
f 1330//399 1345//399 1346//399
f 1324//400 1323//400 1338//400
f 1331//385 1346//385 1347//385
f 1325//386 1324//386 1339//386
f 1332//387 1347//387 1348//387
f 1326//388 1325//388 1340//388
f 1333//389 1348//389 1349//389
f 1327//390 1326//390 1341//390
f 1327//393 1342//393 1343//393
f 1321//394 1320//394 1335//394
f 1328//395 1343//395 1344//395
f 1341//411 1340//411 1355//411
f 1348//412 1363//412 1364//412
f 1342//413 1341//413 1356//413
f 1342//416 1357//416 1358//416
f 1336//401 1335//401 1350//401
f 1343//402 1358//402 1359//402
f 1337//403 1336//403 1351//403
f 1344//404 1359//404 1360//404
f 1338//405 1337//405 1352//405
f 1345//406 1360//406 1361//406
f 1339//407 1338//407 1353//407
f 1346//408 1361//408 1362//408
f 1340//409 1339//409 1354//409
f 1347//410 1362//410 1363//410
f 1359//428 1374//428 1375//428
f 1353//429 1352//429 1367//429
f 1360//430 1375//430 1376//430
f 1354//431 1353//431 1368//431
f 1361//432 1376//432 1377//432
f 1355//417 1354//417 1369//417
f 1362//418 1377//418 1378//418
f 1356//419 1355//419 1370//419
f 1363//420 1378//420 1379//420
f 1357//421 1356//421 1371//421
f 1357//424 1372//424 1373//424
f 1351//425 1350//425 1365//425
f 1358//426 1373//426 1374//426
f 1352//427 1351//427 1366//427
f 1378//535 1393//535 1394//535
f 1372//444 1371//444 1386//444
f 1372//447 1387//447 1388//447
f 1366//448 1365//448 1380//448
f 1373//433 1388//433 1389//433
f 1367//434 1366//434 1381//434
f 1374//435 1389//435 1390//435
f 1368//533 1367//533 1382//533
f 1375//437 1390//437 1391//437
f 1369//438 1368//438 1383//438
f 1376//439 1391//439 1392//439
f 1370//588 1369//588 1384//588
f 1377//441 1392//441 1393//441
f 1371//442 1370//442 1385//442
f 1390//461 1405//461 1406//461
f 1384//462 1383//462 1398//462
f 1391//463 1406//463 1407//463
f 1385//464 1384//464 1399//464
f 1392//449 1407//449 1408//449
f 1386//450 1385//450 1400//450
f 1393//451 1408//451 1409//451
f 1387//452 1386//452 1401//452
f 1387//455 1402//455 1403//455
f 1381//456 1380//456 1395//456
f 1388//457 1403//457 1404//457
f 1382//458 1381//458 1396//458
f 1389//459 1404//459 1405//459
f 1383//460 1382//460 1397//460
f 1402//477 1417//477 1418//477
f 1396//478 1395//478 1410//478
f 1403//479 1418//479 1419//479
f 1397//480 1396//480 1411//480
f 1404//465 1419//465 1420//465
f 1398//466 1397//466 1412//466
f 1405//467 1420//467 1421//467
f 1399//468 1398//468 1413//468
f 1406//469 1421//469 1422//469
f 1400//470 1399//470 1414//470
f 1407//471 1422//471 1423//471
f 1401//472 1400//472 1415//472
f 1408//473 1423//473 1424//473
f 1402//474 1401//474 1416//474
f 1414//492 1413//492 1428//492
f 1421//493 1436//493 1437//493
f 1415//494 1414//494 1429//494
f 1422//495 1437//495 1438//495
f 1416//496 1415//496 1430//496
f 1423//481 1438//481 1439//481
f 1417//482 1416//482 1431//482
f 1417//485 1432//485 1433//485
f 1411//486 1410//486 1425//486
f 1418//487 1433//487 1434//487
f 1412//488 1411//488 1426//488
f 1419//489 1434//489 1435//489
f 1413//490 1412//490 1427//490
f 1420//491 1435//491 1436//491
f 1432//508 970//508 971//508
f 1426//509 1425//509 966//509
f 1433//510 971//510 1443//510
f 1427//511 1426//511 1440//511
f 1434//512 1443//512 972//512
f 1428//497 1427//497 967//497
f 1435//498 972//498 1444//498
f 1429//499 1428//499 968//499
f 1436//500 1444//500 973//500
f 1430//501 1429//501 1441//501
f 1437//502 973//502 1445//502
f 1431//503 1430//503 969//503
f 1438//504 1445//504 1446//504
f 1432//505 1431//505 1442//505
f 1454//15 1453//15 1466//15
f 1924//16 1459//16 1460//16
f 1455//1 1454//1 1467//1
f 1448//2 1460//2 1461//2
f 1926//652 1455//652 1468//652
f 1449//4 1461//4 1462//4
f 1456//5 1926//5 1469//5
f 1925//6 1462//6 1463//6
f 1927//7 1456//7 1470//7
f 1450//8 1463//8 1464//8
f 1928//9 1927//9 1471//9
f 1451//10 1464//10 1465//10
f 1453//13 1452//13 1465//13
f 1923//781 1458//781 1459//781
f 1466//31 1465//31 1480//31
f 1458//782 1473//782 1474//782
f 1467//17 1466//17 1481//17
f 1459//18 1474//18 1475//18
f 1468//19 1467//19 1482//19
f 1460//20 1475//20 1476//20
f 1469//21 1468//21 1483//21
f 1461//22 1476//22 1477//22
f 1470//23 1469//23 1484//23
f 1462//24 1477//24 1478//24
f 1471//25 1470//25 1485//25
f 1463//26 1478//26 1479//26
f 1472//27 1471//27 1486//27
f 1464//28 1479//28 1480//28
f 1485//47 1484//47 1499//47
f 1477//48 1492//48 1493//48
f 1486//33 1485//33 1500//33
f 1478//34 1493//34 1494//34
f 1487//35 1486//35 1501//35
f 1479//36 1494//36 1495//36
f 1481//39 1480//39 1495//39
f 1473//40 1488//40 1489//40
f 1482//41 1481//41 1496//41
f 1474//42 1489//42 1490//42
f 1483//43 1482//43 1497//43
f 1475//44 1490//44 1491//44
f 1484//45 1483//45 1498//45
f 1476//595 1491//595 1492//595
f 1488//63 1503//63 1504//63
f 1497//64 1496//64 1511//64
f 1489//49 1504//49 1505//49
f 1498//50 1497//50 1512//50
f 1490//51 1505//51 1506//51
f 1499//52 1498//52 1513//52
f 1491//53 1506//53 1507//53
f 1500//54 1499//54 1514//54
f 1492//55 1507//55 1508//55
f 1501//56 1500//56 1515//56
f 1493//57 1508//57 1509//57
f 1502//58 1501//58 1516//58
f 1494//59 1509//59 1510//59
f 1496//783 1495//783 1510//783
f 1507//79 1522//79 1523//79
f 1516//80 1515//80 1530//80
f 1508//65 1523//65 1524//65
f 1517//66 1516//66 1531//66
f 1509//67 1524//67 1525//67
f 1511//70 1510//70 1525//70
f 1503//518 1518//518 1519//518
f 1512//72 1511//72 1526//72
f 1504//73 1519//73 1520//73
f 1513//74 1512//74 1527//74
f 1505//75 1520//75 1521//75
f 1514//76 1513//76 1528//76
f 1506//77 1521//77 1522//77
f 1515//515 1514//515 1529//515
f 1527//95 1526//95 1541//95
f 1519//96 1534//96 1535//96
f 1528//81 1527//81 1542//81
f 1520//82 1535//82 1536//82
f 1529//83 1528//83 1543//83
f 1521//84 1536//84 1537//84
f 1530//85 1529//85 1544//85
f 1522//86 1537//86 1538//86
f 1531//599 1530//599 1545//599
f 1523//88 1538//88 1539//88
f 1532//89 1531//89 1546//89
f 1524//90 1539//90 1540//90
f 1526//93 1525//93 1540//93
f 1518//94 1533//94 1534//94
f 1546//111 1545//111 1560//111
f 1538//112 1553//112 1554//112
f 1547//780 1546//780 1561//780
f 1539//98 1554//98 1555//98
f 1541//101 1540//101 1555//101
f 1533//102 1548//102 1549//102
f 1542//103 1541//103 1556//103
f 1534//601 1549//601 1550//601
f 1543//105 1542//105 1557//105
f 1535//106 1550//106 1551//106
f 1544//107 1543//107 1558//107
f 1536//108 1551//108 1552//108
f 1545//109 1544//109 1559//109
f 1537//110 1552//110 1553//110
f 1558//128 1557//128 1572//128
f 1550//113 1565//113 1566//113
f 1559//114 1558//114 1573//114
f 1551//115 1566//115 1567//115
f 1560//662 1559//662 1574//662
f 1552//117 1567//117 1568//117
f 1561//118 1560//118 1575//118
f 1553//119 1568//119 1569//119
f 1562//120 1561//120 1576//120
f 1554//121 1569//121 1570//121
f 1556//124 1555//124 1570//124
f 1548//125 1563//125 1564//125
f 1557//126 1556//126 1571//126
f 1549//127 1564//127 1565//127
f 1576//144 1591//144 1592//144
f 1570//129 1569//129 1584//129
f 1570//132 1585//132 1586//132
f 1564//133 1563//133 1578//133
f 1571//134 1586//134 1587//134
f 1565//135 1564//135 1579//135
f 1572//136 1587//136 1588//136
f 1566//137 1565//137 1580//137
f 1573//138 1588//138 1589//138
f 1567//139 1566//139 1581//139
f 1574//140 1589//140 1590//140
f 1568//141 1567//141 1582//141
f 1575//142 1590//142 1591//142
f 1569//143 1568//143 1583//143
f 1581//160 1580//160 1595//160
f 1588//145 1603//145 1604//145
f 1582//146 1581//146 1596//146
f 1589//147 1604//147 1605//147
f 1583//148 1582//148 1597//148
f 1590//520 1605//520 1606//520
f 1584//150 1583//150 1598//150
f 1591//665 1606//665 1607//665
f 1585//152 1584//152 1599//152
f 1585//155 1600//155 1601//155
f 1579//784 1578//784 1593//784
f 1586//157 1601//157 1602//157
f 1580//602 1579//602 1594//602
f 1587//159 1602//159 1603//159
f 1600//175 1599//175 1614//175
f 1600//162 1615//162 1616//162
f 1594//163 1593//163 1608//163
f 1601//164 1616//164 1617//164
f 1595//165 1594//165 1609//165
f 1602//166 1617//166 1618//166
f 1596//167 1595//167 1610//167
f 1603//168 1618//168 1619//168
f 1597//169 1596//169 1611//169
f 1604//170 1619//170 1620//170
f 1598//171 1597//171 1612//171
f 1605//668 1620//668 1621//668
f 1599//173 1598//173 1613//173
f 1606//174 1621//174 1622//174
f 1618//191 1633//191 1634//191
f 1612//192 1611//192 1626//192
f 1619//521 1634//521 1635//521
f 1613//178 1612//178 1627//178
f 1620//179 1635//179 1636//179
f 1614//180 1613//180 1628//180
f 1621//546 1636//546 1637//546
f 1615//182 1614//182 1629//182
f 1615//185 1630//185 1631//185
f 1609//523 1608//523 1623//523
f 1616//187 1631//187 1632//187
f 1610//188 1609//188 1624//188
f 1617//545 1632//545 1633//545
f 1611//190 1610//190 1625//190
f 1630//673 1645//673 1646//673
f 1624//193 1623//193 1638//193
f 1631//194 1646//194 1647//194
f 1625//195 1624//195 1639//195
f 1632//196 1647//196 1648//196
f 1626//197 1625//197 1640//197
f 1633//198 1648//198 1649//198
f 1627//199 1626//199 1641//199
f 1634//200 1649//200 1650//200
f 1628//201 1627//201 1642//201
f 1635//202 1650//202 1651//202
f 1629//203 1628//203 1643//203
f 1636//204 1651//204 1652//204
f 1630//785 1629//785 1644//785
f 1642//786 1641//786 1656//786
f 1649//224 1664//224 1665//224
f 1643//209 1642//209 1657//209
f 1650//210 1665//210 1666//210
f 1644//211 1643//211 1658//211
f 1651//212 1666//212 1667//212
f 1645//213 1644//213 1659//213
f 1645//216 1660//216 1661//216
f 1639//217 1638//217 1653//217
f 1646//218 1661//218 1662//218
f 1640//219 1639//219 1654//219
f 1647//220 1662//220 1663//220
f 1641//221 1640//221 1655//221
f 1648//605 1663//605 1664//605
f 1660//239 1675//239 1676//239
f 1654//610 1653//610 1668//610
f 1661//225 1676//225 1677//225
f 1655//226 1654//226 1669//226
f 1662//227 1677//227 1678//227
f 1656//228 1655//228 1670//228
f 1663//229 1678//229 1679//229
f 1657//230 1656//230 1671//230
f 1664//231 1679//231 1680//231
f 1658//232 1657//232 1672//232
f 1665//233 1680//233 1681//233
f 1659//234 1658//234 1673//234
f 1666//235 1681//235 1682//235
f 1660//236 1659//236 1674//236
f 1679//255 1694//255 1695//255
f 1673//256 1672//256 1687//256
f 1680//551 1695//551 1696//551
f 1674//242 1673//242 1688//242
f 1681//243 1696//243 1697//243
f 1675//244 1674//244 1689//244
f 1675//247 1690//247 1691//247
f 1669//248 1668//248 1683//248
f 1676//249 1691//249 1692//249
f 1670//250 1669//250 1684//250
f 1677//251 1692//251 1693//251
f 1671//252 1670//252 1685//252
f 1678//253 1693//253 1694//253
f 1672//254 1671//254 1686//254
f 1692//272 1691//272 1706//272
f 1684//577 1699//577 1700//577
f 1693//258 1692//258 1707//258
f 1685//259 1700//259 1701//259
f 1694//678 1693//678 1708//678
f 1686//261 1701//261 1702//261
f 1695//262 1694//262 1709//262
f 1687//263 1702//263 1703//263
f 1696//552 1695//552 1710//552
f 1688//265 1703//265 1704//265
f 1697//266 1696//266 1711//266
f 1689//267 1704//267 1705//267
f 1691//270 1690//270 1705//270
f 1683//787 1698//787 1699//787
f 1711//288 1710//288 1725//288
f 1703//273 1718//273 1719//273
f 1712//274 1711//274 1726//274
f 1704//275 1719//275 1720//275
f 1706//278 1705//278 1720//278
f 1698//279 1713//279 1714//279
f 1707//280 1706//280 1721//280
f 1699//281 1714//281 1715//281
f 1708//282 1707//282 1722//282
f 1700//283 1715//283 1716//283
f 1709//284 1708//284 1723//284
f 1701//285 1716//285 1717//285
f 1710//286 1709//286 1724//286
f 1702//287 1717//287 1718//287
f 1714//304 1729//304 1730//304
f 1723//289 1722//289 1737//289
f 1715//290 1730//290 1731//290
f 1724//682 1723//682 1738//682
f 1716//292 1731//292 1732//292
f 1725//293 1724//293 1739//293
f 1717//294 1732//294 1733//294
f 1726//295 1725//295 1740//295
f 1718//296 1733//296 1734//296
f 1727//297 1726//297 1741//297
f 1719//298 1734//298 1735//298
f 1721//301 1720//301 1735//301
f 1713//302 1728//302 1729//302
f 1722//303 1721//303 1736//303
f 1733//320 1748//320 1749//320
f 1742//305 1741//305 1756//305
f 1734//306 1749//306 1750//306
f 1736//309 1735//309 1750//309
f 1728//310 1743//310 1744//310
f 1737//311 1736//311 1751//311
f 1729//312 1744//312 1745//312
f 1738//313 1737//313 1752//313
f 1730//314 1745//314 1746//314
f 1739//315 1738//315 1753//315
f 1731//316 1746//316 1747//316
f 1740//317 1739//317 1754//317
f 1732//318 1747//318 1748//318
f 1741//319 1740//319 1755//319
f 1753//525 1752//525 1767//525
f 1745//336 1760//336 1761//336
f 1754//321 1753//321 1768//321
f 1746//322 1761//322 1762//322
f 1755//526 1754//526 1769//526
f 1747//647 1762//647 1763//647
f 1756//325 1755//325 1770//325
f 1748//326 1763//326 1764//326
f 1757//528 1756//528 1771//528
f 1749//328 1764//328 1765//328
f 1751//331 1750//331 1765//331
f 1743//332 1758//332 1759//332
f 1752//333 1751//333 1766//333
f 1744//334 1759//334 1760//334
f 1772//351 1771//351 1786//351
f 1764//352 1779//352 1780//352
f 1766//339 1765//339 1780//339
f 1758//340 1773//340 1774//340
f 1767//341 1766//341 1781//341
f 1759//342 1774//342 1775//342
f 1768//343 1767//343 1782//343
f 1760//344 1775//344 1776//344
f 1769//345 1768//345 1783//345
f 1761//346 1776//346 1777//346
f 1770//347 1769//347 1784//347
f 1762//348 1777//348 1778//348
f 1771//620 1770//620 1785//620
f 1763//350 1778//350 1779//350
f 1775//367 1790//367 1791//367
f 1784//368 1783//368 1798//368
f 1776//353 1791//353 1792//353
f 1785//354 1784//354 1799//354
f 1777//355 1792//355 1793//355
f 1786//356 1785//356 1800//356
f 1778//357 1793//357 1794//357
f 1787//691 1786//691 1801//691
f 1779//359 1794//359 1795//359
f 1781//362 1780//362 1795//362
f 1773//363 1788//363 1789//363
f 1782//364 1781//364 1796//364
f 1774//621 1789//621 1790//621
f 1783//366 1782//366 1797//366
f 1794//382 1809//382 1810//382
f 1796//369 1795//369 1810//369
f 1788//370 1803//370 1804//370
f 1797//371 1796//371 1811//371
f 1789//372 1804//372 1805//372
f 1798//373 1797//373 1812//373
f 1790//374 1805//374 1806//374
f 1799//375 1798//375 1813//375
f 1791//376 1806//376 1807//376
f 1800//377 1799//377 1814//377
f 1792//378 1807//378 1808//378
f 1801//379 1800//379 1815//379
f 1793//380 1808//380 1809//380
f 1802//381 1801//381 1816//381
f 1813//399 1828//399 1829//399
f 1807//400 1806//400 1821//400
f 1814//385 1829//385 1830//385
f 1808//386 1807//386 1822//386
f 1815//387 1830//387 1831//387
f 1809//388 1808//388 1823//388
f 1816//389 1831//389 1832//389
f 1810//390 1809//390 1824//390
f 1810//393 1825//393 1826//393
f 1804//394 1803//394 1818//394
f 1811//395 1826//395 1827//395
f 1805//396 1804//396 1819//396
f 1812//397 1827//397 1828//397
f 1806//398 1805//398 1820//398
f 1825//416 1840//416 1841//416
f 1819//788 1818//788 1833//788
f 1826//402 1841//402 1842//402
f 1820//623 1819//623 1834//623
f 1827//404 1842//404 1843//404
f 1821//405 1820//405 1835//405
f 1828//406 1843//406 1844//406
f 1822//407 1821//407 1836//407
f 1829//408 1844//408 1845//408
f 1823//409 1822//409 1837//409
f 1830//649 1845//649 1846//649
f 1824//411 1823//411 1838//411
f 1831//696 1846//696 1847//696
f 1825//413 1824//413 1839//413
f 1844//432 1859//432 1860//432
f 1838//417 1837//417 1852//417
f 1845//624 1860//624 1861//624
f 1839//419 1838//419 1853//419
f 1846//420 1861//420 1862//420
f 1840//421 1839//421 1854//421
f 1840//424 1855//424 1856//424
f 1834//425 1833//425 1848//425
f 1841//426 1856//426 1857//426
f 1835//427 1834//427 1849//427
f 1842//428 1857//428 1858//428
f 1836//429 1835//429 1850//429
f 1843//430 1858//430 1859//430
f 1837//431 1836//431 1851//431
f 1849//532 1848//532 1863//532
f 1856//433 1871//433 1872//433
f 1850//434 1849//434 1864//434
f 1857//557 1872//557 1873//557
f 1851//436 1850//436 1865//436
f 1858//437 1873//437 1874//437
f 1852//438 1851//438 1866//438
f 1859//534 1874//534 1875//534
f 1853//789 1852//789 1867//789
f 1860//441 1875//441 1876//441
f 1854//442 1853//442 1868//442
f 1861//535 1876//535 1877//535
f 1855//444 1854//444 1869//444
f 1855//447 1870//447 1871//447
f 1868//464 1867//464 1882//464
f 1875//449 1890//449 1891//449
f 1869//450 1868//450 1883//450
f 1876//451 1891//451 1892//451
f 1870//452 1869//452 1884//452
f 1870//455 1885//455 1886//455
f 1864//456 1863//456 1878//456
f 1871//457 1886//457 1887//457
f 1865//458 1864//458 1879//458
f 1872//459 1887//459 1888//459
f 1866//460 1865//460 1880//460
f 1873//461 1888//461 1889//461
f 1867//462 1866//462 1881//462
f 1874//463 1889//463 1890//463
f 1886//479 1901//479 1902//479
f 1880//480 1879//480 1894//480
f 1887//465 1902//465 1903//465
f 1881//466 1880//466 1895//466
f 1888//467 1903//467 1904//467
f 1882//790 1881//790 1896//790
f 1889//469 1904//469 1905//469
f 1883//470 1882//470 1897//470
f 1890//471 1905//471 1906//471
f 1884//472 1883//472 1898//472
f 1891//473 1906//473 1907//473
f 1885//474 1884//474 1899//474
f 1885//477 1900//477 1901//477
f 1879//478 1878//478 1893//478
f 1905//495 1920//495 1921//495
f 1899//496 1898//496 1913//496
f 1906//481 1921//481 1922//481
f 1900//482 1899//482 1914//482
f 1900//485 1915//485 1916//485
f 1894//791 1893//791 1908//791
f 1901//487 1916//487 1917//487
f 1895//488 1894//488 1909//488
f 1902//489 1917//489 1918//489
f 1896//490 1895//490 1910//490
f 1903//491 1918//491 1919//491
f 1897//492 1896//492 1911//492
f 1904//493 1919//493 1920//493
f 1898//494 1897//494 1912//494
f 1910//560 1909//560 1924//560
f 1917//512 1454//512 1455//512
f 1911//497 1910//497 1448//497
f 1918//498 1455//498 1926//498
f 1912//499 1911//499 1449//499
f 1919//500 1926//500 1456//500
f 1913//501 1912//501 1925//501
f 1920//561 1456//561 1927//561
f 1914//503 1913//503 1450//503
f 1921//504 1927//504 1928//504
f 1915//505 1914//505 1451//505
f 1915//508 1452//508 1453//508
f 1909//509 1908//509 1923//509
f 1916//510 1453//510 1454//510
f 2406//13 1934//13 1945//13
f 1930//792 1938//792 1939//792
f 1935//15 2406//15 1946//15
f 2403//513 1939//513 1940//513
f 2407//1 1935//1 1947//1
f 1931//2 1940//2 1941//2
f 1936//3 2407//3 1948//3
f 1932//4 1941//4 1942//4
f 2408//5 1936//5 1949//5
f 2404//6 1942//6 1943//6
f 2409//514 2408//514 1950//514
f 1933//8 1943//8 1944//8
f 2410//9 2409//9 1951//9
f 2405//10 1944//10 1945//10
f 1952//27 1951//27 1966//27
f 1944//28 1959//28 1960//28
f 1946//31 1945//31 1960//31
f 1938//782 1953//782 1954//782
f 1947//17 1946//17 1961//17
f 1939//18 1954//18 1955//18
f 1948//19 1947//19 1962//19
f 1940//20 1955//20 1956//20
f 1949//21 1948//21 1963//21
f 1941//22 1956//22 1957//22
f 1950//23 1949//23 1964//23
f 1942//24 1957//24 1958//24
f 1951//25 1950//25 1965//25
f 1943//26 1958//26 1959//26
f 1964//564 1963//564 1978//564
f 1956//46 1971//46 1972//46
f 1965//47 1964//47 1979//47
f 1957//48 1972//48 1973//48
f 1966//33 1965//33 1980//33
f 1958//34 1973//34 1974//34
f 1967//35 1966//35 1981//35
f 1959//36 1974//36 1975//36
f 1961//39 1960//39 1975//39
f 1953//40 1968//40 1969//40
f 1962//41 1961//41 1976//41
f 1954//42 1969//42 1970//42
f 1963//43 1962//43 1977//43
f 1955//44 1970//44 1971//44
f 1976//62 1975//62 1990//62
f 1968//63 1983//63 1984//63
f 1977//64 1976//64 1991//64
f 1969//793 1984//793 1985//793
f 1978//50 1977//50 1992//50
f 1970//51 1985//51 1986//51
f 1979//52 1978//52 1993//52
f 1971//53 1986//53 1987//53
f 1980//54 1979//54 1994//54
f 1972//55 1987//55 1988//55
f 1981//56 1980//56 1995//56
f 1973//57 1988//57 1989//57
f 1982//58 1981//58 1996//58
f 1974//59 1989//59 1990//59
f 1986//77 2001//77 2002//77
f 1995//78 1994//78 2009//78
f 1987//794 2002//794 2003//794
f 1996//80 1995//80 2010//80
f 1988//65 2003//65 2004//65
f 1997//66 1996//66 2011//66
f 1989//67 2004//67 2005//67
f 1991//70 1990//70 2005//70
f 1983//518 1998//518 1999//518
f 1992//72 1991//72 2006//72
f 1984//73 1999//73 2000//73
f 1993//543 1992//543 2007//543
f 1985//566 2000//566 2001//566
f 1994//76 1993//76 2008//76
f 2006//93 2005//93 2020//93
f 1998//94 2013//94 2014//94
f 2007//95 2006//95 2021//95
f 1999//567 2014//567 2015//567
f 2008//81 2007//81 2022//81
f 2000//82 2015//82 2016//82
f 2009//83 2008//83 2023//83
f 2001//84 2016//84 2017//84
f 2010//85 2009//85 2024//85
f 2002//86 2017//86 2018//86
f 2011//87 2010//87 2025//87
f 2003//88 2018//88 2019//88
f 2012//89 2011//89 2026//89
f 2004//90 2019//90 2020//90
f 2025//109 2024//109 2039//109
f 2017//110 2032//110 2033//110
f 2026//519 2025//519 2040//519
f 2018//112 2033//112 2034//112
f 2027//97 2026//97 2041//97
f 2019//98 2034//98 2035//98
f 2021//101 2020//101 2035//101
f 2013//102 2028//102 2029//102
f 2022//103 2021//103 2036//103
f 2014//601 2029//601 2030//601
f 2023//105 2022//105 2037//105
f 2015//106 2030//106 2031//106
f 2024//107 2023//107 2038//107
f 2016//108 2031//108 2032//108
f 2028//125 2043//125 2044//125
f 2037//126 2036//126 2051//126
f 2029//127 2044//127 2045//127
f 2038//128 2037//128 2052//128
f 2030//113 2045//113 2046//113
f 2039//114 2038//114 2053//114
f 2031//115 2046//115 2047//115
f 2040//116 2039//116 2054//116
f 2032//117 2047//117 2048//117
f 2041//118 2040//118 2055//118
f 2033//119 2048//119 2049//119
f 2042//120 2041//120 2056//120
f 2034//121 2049//121 2050//121
f 2036//124 2035//124 2050//124
f 2048//141 2047//141 2062//141
f 2055//142 2070//142 2071//142
f 2049//143 2048//143 2063//143
f 2056//144 2071//144 2072//144
f 2050//129 2049//129 2064//129
f 2050//132 2065//132 2066//132
f 2044//133 2043//133 2058//133
f 2051//134 2066//134 2067//134
f 2045//135 2044//135 2059//135
f 2052//136 2067//136 2068//136
f 2046//137 2045//137 2060//137
f 2053//138 2068//138 2069//138
f 2047//139 2046//139 2061//139
f 2054//140 2069//140 2070//140
f 2066//157 2081//157 2082//157
f 2060//158 2059//158 2074//158
f 2067//159 2082//159 2083//159
f 2061//160 2060//160 2075//160
f 2068//145 2083//145 2084//145
f 2062//146 2061//146 2076//146
f 2069//147 2084//147 2085//147
f 2063//148 2062//148 2077//148
f 2070//149 2085//149 2086//149
f 2064//150 2063//150 2078//150
f 2071//151 2086//151 2087//151
f 2065//152 2064//152 2079//152
f 2065//155 2080//155 2081//155
f 2059//156 2058//156 2073//156
f 2085//172 2100//172 2101//172
f 2079//173 2078//173 2093//173
f 2086//174 2101//174 2102//174
f 2080//175 2079//175 2094//175
f 2080//162 2095//162 2096//162
f 2074//163 2073//163 2088//163
f 2081//164 2096//164 2097//164
f 2075//165 2074//165 2089//165
f 2082//166 2097//166 2098//166
f 2076//167 2075//167 2090//167
f 2083//168 2098//168 2099//168
f 2077//169 2076//169 2091//169
f 2084//170 2099//170 2100//170
f 2078//171 2077//171 2092//171
f 2097//189 2112//189 2113//189
f 2091//573 2090//573 2105//573
f 2098//191 2113//191 2114//191
f 2092//192 2091//192 2106//192
f 2099//521 2114//521 2115//521
f 2093//795 2092//795 2107//795
f 2100//179 2115//179 2116//179
f 2094//180 2093//180 2108//180
f 2101//181 2116//181 2117//181
f 2095//182 2094//182 2109//182
f 2095//185 2110//185 2111//185
f 2089//523 2088//523 2103//523
f 2096//187 2111//187 2112//187
f 2090//188 2089//188 2104//188
f 2116//204 2131//204 2132//204
f 2110//205 2109//205 2124//205
f 2110//208 2125//208 2126//208
f 2104//193 2103//193 2118//193
f 2111//194 2126//194 2127//194
f 2105//195 2104//195 2119//195
f 2112//196 2127//196 2128//196
f 2106//197 2105//197 2120//197
f 2113//198 2128//198 2129//198
f 2107//199 2106//199 2121//199
f 2114//200 2129//200 2130//200
f 2108//201 2107//201 2122//201
f 2115//202 2130//202 2131//202
f 2109//203 2108//203 2123//203
f 2121//221 2120//221 2135//221
f 2128//605 2143//605 2144//605
f 2122//574 2121//574 2136//574
f 2129//224 2144//224 2145//224
f 2123//796 2122//796 2137//796
f 2130//210 2145//210 2146//210
f 2124//211 2123//211 2138//211
f 2131//212 2146//212 2147//212
f 2125//213 2124//213 2139//213
f 2125//216 2140//216 2141//216
f 2119//797 2118//797 2133//797
f 2126//218 2141//218 2142//218
f 2120//219 2119//219 2134//219
f 2127//220 2142//220 2143//220
f 2140//236 2139//236 2154//236
f 2140//239 2155//239 2156//239
f 2134//240 2133//240 2148//240
f 2141//225 2156//225 2157//225
f 2135//226 2134//226 2149//226
f 2142//227 2157//227 2158//227
f 2136//228 2135//228 2150//228
f 2143//229 2158//229 2159//229
f 2137//798 2136//798 2151//798
f 2144//231 2159//231 2160//231
f 2138//232 2137//232 2152//232
f 2145//233 2160//233 2161//233
f 2139//234 2138//234 2153//234
f 2146//675 2161//675 2162//675
f 2158//253 2173//253 2174//253
f 2152//254 2151//254 2166//254
f 2159//799 2174//799 2175//799
f 2153//256 2152//256 2167//256
f 2160//241 2175//241 2176//241
f 2154//242 2153//242 2168//242
f 2161//243 2176//243 2177//243
f 2155//244 2154//244 2169//244
f 2155//247 2170//247 2171//247
f 2149//800 2148//800 2163//800
f 2156//249 2171//249 2172//249
f 2150//524 2149//524 2164//524
f 2157//251 2172//251 2173//251
f 2151//252 2150//252 2165//252
f 2171//270 2170//270 2185//270
f 2163//801 2178//801 2179//801
f 2172//272 2171//272 2186//272
f 2164//257 2179//257 2180//257
f 2173//258 2172//258 2187//258
f 2165//802 2180//802 2181//802
f 2174//260 2173//260 2188//260
f 2166//261 2181//261 2182//261
f 2175//262 2174//262 2189//262
f 2167//263 2182//263 2183//263
f 2176//264 2175//264 2190//264
f 2168//265 2183//265 2184//265
f 2177//266 2176//266 2191//266
f 2169//267 2184//267 2185//267
f 2181//285 2196//285 2197//285
f 2190//286 2189//286 2204//286
f 2182//287 2197//287 2198//287
f 2191//288 2190//288 2205//288
f 2183//273 2198//273 2199//273
f 2192//274 2191//274 2206//274
f 2184//275 2199//275 2200//275
f 2186//278 2185//278 2200//278
f 2178//279 2193//279 2194//279
f 2187//280 2186//280 2201//280
f 2179//281 2194//281 2195//281
f 2188//282 2187//282 2202//282
f 2180//283 2195//283 2196//283
f 2189//644 2188//644 2203//644
f 2201//301 2200//301 2215//301
f 2193//302 2208//302 2209//302
f 2202//303 2201//303 2216//303
f 2194//304 2209//304 2210//304
f 2203//289 2202//289 2217//289
f 2195//290 2210//290 2211//290
f 2204//682 2203//682 2218//682
f 2196//292 2211//292 2212//292
f 2205//293 2204//293 2219//293
f 2197//294 2212//294 2213//294
f 2206//295 2205//295 2220//295
f 2198//296 2213//296 2214//296
f 2207//297 2206//297 2221//297
f 2199//298 2214//298 2215//298
f 2220//317 2219//317 2234//317
f 2212//318 2227//318 2228//318
f 2221//319 2220//319 2235//319
f 2213//320 2228//320 2229//320
f 2222//305 2221//305 2236//305
f 2214//306 2229//306 2230//306
f 2216//309 2215//309 2230//309
f 2208//310 2223//310 2224//310
f 2217//311 2216//311 2231//311
f 2209//803 2224//803 2225//803
f 2218//313 2217//313 2232//313
f 2210//314 2225//314 2226//314
f 2219//315 2218//315 2233//315
f 2211//316 2226//316 2227//316
f 2232//333 2231//333 2246//333
f 2224//334 2239//334 2240//334
f 2233//335 2232//335 2247//335
f 2225//581 2240//581 2241//581
f 2234//321 2233//321 2248//321
f 2226//322 2241//322 2242//322
f 2235//526 2234//526 2249//526
f 2227//647 2242//647 2243//647
f 2236//325 2235//325 2250//325
f 2228//326 2243//326 2244//326
f 2237//327 2236//327 2251//327
f 2229//328 2244//328 2245//328
f 2231//331 2230//331 2245//331
f 2223//582 2238//582 2239//582
f 2251//349 2250//349 2265//349
f 2243//350 2258//350 2259//350
f 2252//351 2251//351 2266//351
f 2244//352 2259//352 2260//352
f 2246//339 2245//339 2260//339
f 2238//340 2253//340 2254//340
f 2247//341 2246//341 2261//341
f 2239//583 2254//583 2255//583
f 2248//343 2247//343 2262//343
f 2240//344 2255//344 2256//344
f 2249//345 2248//345 2263//345
f 2241//346 2256//346 2257//346
f 2250//347 2249//347 2264//347
f 2242//348 2257//348 2258//348
f 2254//365 2269//365 2270//365
f 2263//366 2262//366 2277//366
f 2255//367 2270//367 2271//367
f 2264//368 2263//368 2278//368
f 2256//353 2271//353 2272//353
f 2265//354 2264//354 2279//354
f 2257//355 2272//355 2273//355
f 2266//356 2265//356 2280//356
f 2258//357 2273//357 2274//357
f 2267//358 2266//358 2281//358
f 2259//359 2274//359 2275//359
f 2261//362 2260//362 2275//362
f 2253//363 2268//363 2269//363
f 2262//364 2261//364 2276//364
f 2273//380 2288//380 2289//380
f 2282//381 2281//381 2296//381
f 2274//382 2289//382 2290//382
f 2276//369 2275//369 2290//369
f 2268//370 2283//370 2284//370
f 2277//371 2276//371 2291//371
f 2269//372 2284//372 2285//372
f 2278//373 2277//373 2292//373
f 2270//374 2285//374 2286//374
f 2279//375 2278//375 2293//375
f 2271//376 2286//376 2287//376
f 2280//377 2279//377 2294//377
f 2272//378 2287//378 2288//378
f 2281//379 2280//379 2295//379
f 2292//397 2307//397 2308//397
f 2286//398 2285//398 2300//398
f 2293//399 2308//399 2309//399
f 2287//400 2286//400 2301//400
f 2294//385 2309//385 2310//385
f 2288//386 2287//386 2302//386
f 2295//387 2310//387 2311//387
f 2289//388 2288//388 2303//388
f 2296//389 2311//389 2312//389
f 2290//390 2289//390 2304//390
f 2290//393 2305//393 2306//393
f 2284//394 2283//394 2298//394
f 2291//395 2306//395 2307//395
f 2285//396 2284//396 2299//396
f 2311//412 2326//412 2327//412
f 2305//413 2304//413 2319//413
f 2305//416 2320//416 2321//416
f 2299//401 2298//401 2313//401
f 2306//402 2321//402 2322//402
f 2300//403 2299//403 2314//403
f 2307//404 2322//404 2323//404
f 2301//405 2300//405 2315//405
f 2308//406 2323//406 2324//406
f 2302//407 2301//407 2316//407
f 2309//408 2324//408 2325//408
f 2303//409 2302//409 2317//409
f 2310//410 2325//410 2326//410
f 2304//411 2303//411 2318//411
f 2316//429 2315//429 2330//429
f 2323//430 2338//430 2339//430
f 2317//431 2316//431 2331//431
f 2324//432 2339//432 2340//432
f 2318//417 2317//417 2332//417
f 2325//418 2340//418 2341//418
f 2319//419 2318//419 2333//419
f 2326//420 2341//420 2342//420
f 2320//421 2319//421 2334//421
f 2320//424 2335//424 2336//424
f 2314//425 2313//425 2328//425
f 2321//426 2336//426 2337//426
f 2315//427 2314//427 2329//427
f 2322//428 2337//428 2338//428
f 2335//444 2334//444 2349//444
f 2335//447 2350//447 2351//447
f 2329//448 2328//448 2343//448
f 2336//433 2351//433 2352//433
f 2330//434 2329//434 2344//434
f 2337//435 2352//435 2353//435
f 2331//533 2330//533 2345//533
f 2338//437 2353//437 2354//437
f 2332//438 2331//438 2346//438
f 2339//439 2354//439 2355//439
f 2333//440 2332//440 2347//440
f 2340//441 2355//441 2356//441
f 2334//442 2333//442 2348//442
f 2341//535 2356//535 2357//535
f 2353//461 2368//461 2369//461
f 2347//462 2346//462 2361//462
f 2354//463 2369//463 2370//463
f 2348//464 2347//464 2362//464
f 2355//449 2370//449 2371//449
f 2349//450 2348//450 2363//450
f 2356//451 2371//451 2372//451
f 2350//452 2349//452 2364//452
f 2350//455 2365//455 2366//455
f 2344//456 2343//456 2358//456
f 2351//457 2366//457 2367//457
f 2345//458 2344//458 2359//458
f 2352//459 2367//459 2368//459
f 2346//460 2345//460 2360//460
f 2365//477 2380//477 2381//477
f 2359//478 2358//478 2373//478
f 2366//479 2381//479 2382//479
f 2360//480 2359//480 2374//480
f 2367//465 2382//465 2383//465
f 2361//466 2360//466 2375//466
f 2368//705 2383//705 2384//705
f 2362//468 2361//468 2376//468
f 2369//469 2384//469 2385//469
f 2363//470 2362//470 2377//470
f 2370//471 2385//471 2386//471
f 2364//472 2363//472 2378//472
f 2371//473 2386//473 2387//473
f 2365//474 2364//474 2379//474
f 2384//493 2399//493 2400//493
f 2378//494 2377//494 2392//494
f 2385//495 2400//495 2401//495
f 2379//496 2378//496 2393//496
f 2386//481 2401//481 2402//481
f 2380//482 2379//482 2394//482
f 2380//485 2395//485 2396//485
f 2374//804 2373//804 2388//804
f 2381//487 2396//487 2397//487
f 2375//488 2374//488 2389//488
f 2382//489 2397//489 2398//489
f 2376//490 2375//490 2390//490
f 2383//491 2398//491 2399//491
f 2377//492 2376//492 2391//492
f 2389//805 2388//805 1930//805
f 2396//510 2406//510 1935//510
f 2390//511 2389//511 2403//511
f 2397//512 1935//512 2407//512
f 2391//806 2390//806 1931//806
f 2398//498 2407//498 1936//498
f 2392//499 2391//499 1932//499
f 2399//500 1936//500 2408//500
f 2393//501 2392//501 2404//501
f 2400//502 2408//502 2409//502
f 2394//503 2393//503 1933//503
f 2401//504 2409//504 2410//504
f 2395//505 2394//505 2405//505
f 2395//508 1934//508 2406//508
f 2892//9 2891//9 2434//9
f 2888//10 2427//10 2428//10
f 2417//13 2416//13 2428//13
f 2412//14 2421//14 2422//14
f 2889//15 2417//15 2429//15
f 2886//16 2422//16 2423//16
f 2418//1 2889//1 2430//1
f 2413//2 2423//2 2424//2
f 2890//652 2418//652 2431//652
f 2414//4 2424//4 2425//4
f 2419//5 2890//5 2432//5
f 2887//6 2425//6 2426//6
f 2891//514 2419//514 2433//514
f 2415//8 2426//8 2427//8
f 2434//25 2433//25 2448//25
f 2426//26 2441//26 2442//26
f 2435//27 2434//27 2449//27
f 2427//28 2442//28 2443//28
f 2429//31 2428//31 2443//31
f 2421//32 2436//32 2437//32
f 2430//17 2429//17 2444//17
f 2422//18 2437//18 2438//18
f 2431//19 2430//19 2445//19
f 2423//20 2438//20 2439//20
f 2432//21 2431//21 2446//21
f 2424//22 2439//22 2440//22
f 2433//23 2432//23 2447//23
f 2425//24 2440//24 2441//24
f 2437//42 2452//42 2453//42
f 2446//43 2445//43 2460//43
f 2438//44 2453//44 2454//44
f 2447//45 2446//45 2461//45
f 2439//46 2454//46 2455//46
f 2448//807 2447//807 2462//807
f 2440//48 2455//48 2456//48
f 2449//33 2448//33 2463//33
f 2441//34 2456//34 2457//34
f 2450//35 2449//35 2464//35
f 2442//36 2457//36 2458//36
f 2444//39 2443//39 2458//39
f 2436//40 2451//40 2452//40
f 2445//41 2444//41 2459//41
f 2456//57 2471//57 2472//57
f 2465//58 2464//58 2479//58
f 2457//59 2472//59 2473//59
f 2459//62 2458//62 2473//62
f 2451//63 2466//63 2467//63
f 2460//64 2459//64 2474//64
f 2452//49 2467//49 2468//49
f 2461//50 2460//50 2475//50
f 2453//51 2468//51 2469//51
f 2462//52 2461//52 2476//52
f 2454//53 2469//53 2470//53
f 2463//54 2462//54 2477//54
f 2455//55 2470//55 2471//55
f 2464//56 2463//56 2478//56
f 2476//74 2475//74 2490//74
f 2468//75 2483//75 2484//75
f 2477//76 2476//76 2491//76
f 2469//77 2484//77 2485//77
f 2478//515 2477//515 2492//515
f 2470//516 2485//516 2486//516
f 2479//80 2478//80 2493//80
f 2471//65 2486//65 2487//65
f 2480//541 2479//541 2494//541
f 2472//67 2487//67 2488//67
f 2474//70 2473//70 2488//70
f 2466//71 2481//71 2482//71
f 2475//72 2474//72 2489//72
f 2467//73 2482//73 2483//73
f 2495//89 2494//89 2509//89
f 2487//90 2502//90 2503//90
f 2489//93 2488//93 2503//93
f 2481//94 2496//94 2497//94
f 2490//95 2489//95 2504//95
f 2482//96 2497//96 2498//96
f 2491//81 2490//81 2505//81
f 2483//82 2498//82 2499//82
f 2492//83 2491//83 2506//83
f 2484//84 2499//84 2500//84
f 2493//85 2492//85 2507//85
f 2485//86 2500//86 2501//86
f 2494//87 2493//87 2508//87
f 2486//88 2501//88 2502//88
f 2507//107 2506//107 2521//107
f 2499//108 2514//108 2515//108
f 2508//109 2507//109 2522//109
f 2500//110 2515//110 2516//110
f 2509//111 2508//111 2523//111
f 2501//112 2516//112 2517//112
f 2510//97 2509//97 2524//97
f 2502//98 2517//98 2518//98
f 2504//101 2503//101 2518//101
f 2496//102 2511//102 2512//102
f 2505//103 2504//103 2519//103
f 2497//601 2512//601 2513//601
f 2506//105 2505//105 2520//105
f 2498//106 2513//106 2514//106
f 2519//124 2518//124 2533//124
f 2511//125 2526//125 2527//125
f 2520//126 2519//126 2534//126
f 2512//127 2527//127 2528//127
f 2521//128 2520//128 2535//128
f 2513//113 2528//113 2529//113
f 2522//114 2521//114 2536//114
f 2514//115 2529//115 2530//115
f 2523//116 2522//116 2537//116
f 2515//117 2530//117 2531//117
f 2524//118 2523//118 2538//118
f 2516//119 2531//119 2532//119
f 2525//120 2524//120 2539//120
f 2517//121 2532//121 2533//121
f 2530//139 2529//139 2544//139
f 2537//140 2552//140 2553//140
f 2531//141 2530//141 2545//141
f 2538//142 2553//142 2554//142
f 2532//143 2531//143 2546//143
f 2539//144 2554//144 2555//144
f 2533//129 2532//129 2547//129
f 2533//132 2548//132 2549//132
f 2527//133 2526//133 2541//133
f 2534//134 2549//134 2550//134
f 2528//135 2527//135 2542//135
f 2535//136 2550//136 2551//136
f 2529//137 2528//137 2543//137
f 2536//138 2551//138 2552//138
f 2548//155 2563//155 2564//155
f 2542//156 2541//156 2556//156
f 2549//157 2564//157 2565//157
f 2543//602 2542//602 2557//602
f 2550//159 2565//159 2566//159
f 2544//160 2543//160 2558//160
f 2551//145 2566//145 2567//145
f 2545//146 2544//146 2559//146
f 2552//147 2567//147 2568//147
f 2546//148 2545//148 2560//148
f 2553//149 2568//149 2569//149
f 2547//150 2546//150 2561//150
f 2554//151 2569//151 2570//151
f 2548//152 2547//152 2562//152
f 2567//170 2582//170 2583//170
f 2561//171 2560//171 2575//171
f 2568//668 2583//668 2584//668
f 2562//173 2561//173 2576//173
f 2569//174 2584//174 2585//174
f 2563//175 2562//175 2577//175
f 2563//162 2578//162 2579//162
f 2557//163 2556//163 2571//163
f 2564//164 2579//164 2580//164
f 2558//165 2557//165 2572//165
f 2565//166 2580//166 2581//166
f 2559//167 2558//167 2573//167
f 2566//168 2581//168 2582//168
f 2560//169 2559//169 2574//169
f 2572//186 2571//186 2586//186
f 2579//187 2594//187 2595//187
f 2573//188 2572//188 2587//188
f 2580//189 2595//189 2596//189
f 2574//190 2573//190 2588//190
f 2581//191 2596//191 2597//191
f 2575//192 2574//192 2589//192
f 2582//521 2597//521 2598//521
f 2576//522 2575//522 2590//522
f 2583//179 2598//179 2599//179
f 2577//180 2576//180 2591//180
f 2584//181 2599//181 2600//181
f 2578//182 2577//182 2592//182
f 2578//185 2593//185 2594//185
f 2591//201 2590//201 2605//201
f 2598//202 2613//202 2614//202
f 2592//203 2591//203 2606//203
f 2599//204 2614//204 2615//204
f 2593//205 2592//205 2607//205
f 2593//208 2608//208 2609//208
f 2587//193 2586//193 2601//193
f 2594//194 2609//194 2610//194
f 2588//195 2587//195 2602//195
f 2595//196 2610//196 2611//196
f 2589//197 2588//197 2603//197
f 2596//198 2611//198 2612//198
f 2590//199 2589//199 2604//199
f 2597//200 2612//200 2613//200
f 2609//218 2624//218 2625//218
f 2603//219 2602//219 2617//219
f 2610//220 2625//220 2626//220
f 2604//221 2603//221 2618//221
f 2611//605 2626//605 2627//605
f 2605//223 2604//223 2619//223
f 2612//674 2627//674 2628//674
f 2606//209 2605//209 2620//209
f 2613//210 2628//210 2629//210
f 2607//211 2606//211 2621//211
f 2614//212 2629//212 2630//212
f 2608//213 2607//213 2622//213
f 2608//216 2623//216 2624//216
f 2602//217 2601//217 2616//217
f 2628//233 2643//233 2644//233
f 2622//234 2621//234 2636//234
f 2629//235 2644//235 2645//235
f 2623//236 2622//236 2637//236
f 2623//239 2638//239 2639//239
f 2617//240 2616//240 2631//240
f 2624//225 2639//225 2640//225
f 2618//226 2617//226 2632//226
f 2625//227 2640//227 2641//227
f 2619//228 2618//228 2633//228
f 2626//808 2641//808 2642//808
f 2620//798 2619//798 2634//798
f 2627//231 2642//231 2643//231
f 2621//232 2620//232 2635//232
f 2640//251 2655//251 2656//251
f 2634//252 2633//252 2648//252
f 2641//640 2656//640 2657//640
f 2635//641 2634//641 2649//641
f 2642//611 2657//611 2658//611
f 2636//256 2635//256 2650//256
f 2643//241 2658//241 2659//241
f 2637//642 2636//642 2651//642
f 2644//243 2659//243 2660//243
f 2638//244 2637//244 2652//244
f 2638//247 2653//247 2654//247
f 2632//248 2631//248 2646//248
f 2639//809 2654//809 2655//809
f 2633//250 2632//250 2647//250
f 2660//266 2659//266 2674//266
f 2652//267 2667//267 2668//267
f 2654//270 2653//270 2668//270
f 2646//271 2661//271 2662//271
f 2655//810 2654//810 2669//810
f 2647//577 2662//577 2663//577
f 2656//258 2655//258 2670//258
f 2648//259 2663//259 2664//259
f 2657//260 2656//260 2671//260
f 2649//578 2664//578 2665//578
f 2658//262 2657//262 2672//262
f 2650//263 2665//263 2666//263
f 2659//264 2658//264 2673//264
f 2651//265 2666//265 2667//265
f 2663//283 2678//283 2679//283
f 2672//284 2671//284 2686//284
f 2664//811 2679//811 2680//811
f 2673//286 2672//286 2687//286
f 2665//287 2680//287 2681//287
f 2674//288 2673//288 2688//288
f 2666//273 2681//273 2682//273
f 2675//274 2674//274 2689//274
f 2667//275 2682//275 2683//275
f 2669//278 2668//278 2683//278
f 2661//279 2676//279 2677//279
f 2670//280 2669//280 2684//280
f 2662//281 2677//281 2678//281
f 2671//282 2670//282 2685//282
f 2682//298 2697//298 2698//298
f 2684//301 2683//301 2698//301
f 2676//302 2691//302 2692//302
f 2685//303 2684//303 2699//303
f 2677//304 2692//304 2693//304
f 2686//289 2685//289 2700//289
f 2678//290 2693//290 2694//290
f 2687//291 2686//291 2701//291
f 2679//617 2694//617 2695//617
f 2688//293 2687//293 2702//293
f 2680//294 2695//294 2696//294
f 2689//295 2688//295 2703//295
f 2681//296 2696//296 2697//296
f 2690//297 2689//297 2704//297
f 2702//315 2701//315 2716//315
f 2694//316 2709//316 2710//316
f 2703//317 2702//317 2717//317
f 2695//318 2710//318 2711//318
f 2704//319 2703//319 2718//319
f 2696//320 2711//320 2712//320
f 2705//305 2704//305 2719//305
f 2697//306 2712//306 2713//306
f 2699//309 2698//309 2713//309
f 2691//310 2706//310 2707//310
f 2700//311 2699//311 2714//311
f 2692//312 2707//312 2708//312
f 2701//313 2700//313 2715//313
f 2693//314 2708//314 2709//314
f 2714//331 2713//331 2728//331
f 2706//332 2721//332 2722//332
f 2715//333 2714//333 2729//333
f 2707//334 2722//334 2723//334
f 2716//580 2715//580 2730//580
f 2708//336 2723//336 2724//336
f 2717//321 2716//321 2731//321
f 2709//322 2724//322 2725//322
f 2718//526 2717//526 2732//526
f 2710//527 2725//527 2726//527
f 2719//325 2718//325 2733//325
f 2711//326 2726//326 2727//326
f 2720//528 2719//528 2734//528
f 2712//328 2727//328 2728//328
f 2724//346 2739//346 2740//346
f 2733//347 2732//347 2747//347
f 2725//348 2740//348 2741//348
f 2734//620 2733//620 2748//620
f 2726//350 2741//350 2742//350
f 2735//351 2734//351 2749//351
f 2727//352 2742//352 2743//352
f 2729//339 2728//339 2743//339
f 2721//340 2736//340 2737//340
f 2730//341 2729//341 2744//341
f 2722//342 2737//342 2738//342
f 2731//343 2730//343 2745//343
f 2723//344 2738//344 2739//344
f 2732//345 2731//345 2746//345
f 2744//362 2743//362 2758//362
f 2736//363 2751//363 2752//363
f 2745//364 2744//364 2759//364
f 2737//621 2752//621 2753//621
f 2746//366 2745//366 2760//366
f 2738//367 2753//367 2754//367
f 2747//368 2746//368 2761//368
f 2739//353 2754//353 2755//353
f 2748//354 2747//354 2762//354
f 2740//355 2755//355 2756//355
f 2749//356 2748//356 2763//356
f 2741//357 2756//357 2757//357
f 2750//358 2749//358 2764//358
f 2742//359 2757//359 2758//359
f 2763//377 2762//377 2777//377
f 2755//378 2770//378 2771//378
f 2764//379 2763//379 2778//379
f 2756//380 2771//380 2772//380
f 2765//381 2764//381 2779//381
f 2757//382 2772//382 2773//382
f 2759//369 2758//369 2773//369
f 2751//370 2766//370 2767//370
f 2760//371 2759//371 2774//371
f 2752//372 2767//372 2768//372
f 2761//373 2760//373 2775//373
f 2753//374 2768//374 2769//374
f 2762//375 2761//375 2776//375
f 2754//376 2769//376 2770//376
f 2774//395 2789//395 2790//395
f 2768//396 2767//396 2782//396
f 2775//397 2790//397 2791//397
f 2769//398 2768//398 2783//398
f 2776//399 2791//399 2792//399
f 2770//400 2769//400 2784//400
f 2777//385 2792//385 2793//385
f 2771//386 2770//386 2785//386
f 2778//387 2793//387 2794//387
f 2772//388 2771//388 2786//388
f 2779//389 2794//389 2795//389
f 2773//390 2772//390 2787//390
f 2773//393 2788//393 2789//393
f 2767//394 2766//394 2781//394
f 2793//410 2808//410 2809//410
f 2787//411 2786//411 2801//411
f 2794//412 2809//412 2810//412
f 2788//413 2787//413 2802//413
f 2788//416 2803//416 2804//416
f 2782//401 2781//401 2796//401
f 2789//402 2804//402 2805//402
f 2783//623 2782//623 2797//623
f 2790//404 2805//404 2806//404
f 2784//405 2783//405 2798//405
f 2791//406 2806//406 2807//406
f 2785//407 2784//407 2799//407
f 2792//408 2807//408 2808//408
f 2786//409 2785//409 2800//409
f 2798//427 2797//427 2812//427
f 2805//428 2820//428 2821//428
f 2799//429 2798//429 2813//429
f 2806//430 2821//430 2822//430
f 2800//431 2799//431 2814//431
f 2807//432 2822//432 2823//432
f 2801//417 2800//417 2815//417
f 2808//418 2823//418 2824//418
f 2802//419 2801//419 2816//419
f 2809//420 2824//420 2825//420
f 2803//421 2802//421 2817//421
f 2803//424 2818//424 2819//424
f 2797//425 2796//425 2811//425
f 2804//426 2819//426 2820//426
f 2817//442 2816//442 2831//442
f 2824//535 2839//535 2840//535
f 2818//444 2817//444 2832//444
f 2818//447 2833//447 2834//447
f 2812//448 2811//448 2826//448
f 2819//433 2834//433 2835//433
f 2813//434 2812//434 2827//434
f 2820//435 2835//435 2836//435
f 2814//436 2813//436 2828//436
f 2821//437 2836//437 2837//437
f 2815//438 2814//438 2829//438
f 2822//534 2837//534 2838//534
f 2816//588 2815//588 2830//588
f 2823//441 2838//441 2839//441
f 2835//459 2850//459 2851//459
f 2829//460 2828//460 2843//460
f 2836//461 2851//461 2852//461
f 2830//462 2829//462 2844//462
f 2837//463 2852//463 2853//463
f 2831//464 2830//464 2845//464
f 2838//449 2853//449 2854//449
f 2832//450 2831//450 2846//450
f 2839//451 2854//451 2855//451
f 2833//452 2832//452 2847//452
f 2833//455 2848//455 2849//455
f 2827//456 2826//456 2841//456
f 2834//457 2849//457 2850//457
f 2828//458 2827//458 2842//458
f 2854//473 2869//473 2870//473
f 2848//474 2847//474 2862//474
f 2848//477 2863//477 2864//477
f 2842//478 2841//478 2856//478
f 2849//479 2864//479 2865//479
f 2843//480 2842//480 2857//480
f 2850//465 2865//465 2866//465
f 2844//466 2843//466 2858//466
f 2851//467 2866//467 2867//467
f 2845//468 2844//468 2859//468
f 2852//469 2867//469 2868//469
f 2846//470 2845//470 2860//470
f 2853//471 2868//471 2869//471
f 2847//472 2846//472 2861//472
f 2859//490 2858//490 2873//490
f 2866//812 2881//812 2882//812
f 2860//492 2859//492 2874//492
f 2867//493 2882//493 2883//493
f 2861//494 2860//494 2875//494
f 2868//495 2883//495 2884//495
f 2862//496 2861//496 2876//496
f 2869//481 2884//481 2885//481
f 2863//482 2862//482 2877//482
f 2863//485 2878//485 2879//485
f 2857//486 2856//486 2871//486
f 2864//487 2879//487 2880//487
f 2858//488 2857//488 2872//488
f 2865//489 2880//489 2881//489
f 2878//505 2877//505 2888//505
f 2878//508 2416//508 2417//508
f 2872//509 2871//509 2412//509
f 2879//510 2417//510 2889//510
f 2873//511 2872//511 2886//511
f 2880//512 2889//512 2418//512
f 2874//497 2873//497 2413//497
f 2881//498 2418//498 2890//498
f 2875//499 2874//499 2414//499
f 2882//500 2890//500 2419//500
f 2876//501 2875//501 2887//501
f 2883//561 2419//561 2891//561
f 2877//503 2876//503 2415//503
f 2884//504 2891//504 2892//504
f 3373//514 2902//514 2916//514
f 2896//8 2909//8 2910//8
f 3374//9 3373//9 2917//9
f 2897//10 2910//10 2911//10
f 2899//813 2898//813 2911//813
f 3369//14 2904//14 2905//14
f 2900//814 2899//814 2912//814
f 3370//513 2905//513 2906//513
f 2901//1 2900//1 2913//1
f 2894//815 2906//815 2907//815
f 3372//3 2901//3 2914//3
f 2895//816 2907//816 2908//816
f 2902//5 3372//5 2915//5
f 3371//6 2908//6 2909//6
f 2916//23 2915//23 2930//23
f 2908//24 2923//24 2924//24
f 2917//25 2916//25 2931//25
f 2909//26 2924//26 2925//26
f 2918//27 2917//27 2932//27
f 2910//28 2925//28 2926//28
f 2912//31 2911//31 2926//31
f 2904//782 2919//782 2920//782
f 2913//17 2912//17 2927//17
f 2905//817 2920//817 2921//817
f 2914//19 2913//19 2928//19
f 2906//20 2921//20 2922//20
f 2915//21 2914//21 2929//21
f 2907//818 2922//818 2923//818
f 2919//40 2934//40 2935//40
f 2928//41 2927//41 2942//41
f 2920//42 2935//42 2936//42
f 2929//43 2928//43 2943//43
f 2921//44 2936//44 2937//44
f 2930//564 2929//564 2944//564
f 2922//633 2937//633 2938//633
f 2931//47 2930//47 2945//47
f 2923//48 2938//48 2939//48
f 2932//33 2931//33 2946//33
f 2924//34 2939//34 2940//34
f 2933//35 2932//35 2947//35
f 2925//36 2940//36 2941//36
f 2927//39 2926//39 2941//39
f 2938//55 2953//55 2954//55
f 2947//56 2946//56 2961//56
f 2939//57 2954//57 2955//57
f 2948//58 2947//58 2962//58
f 2940//59 2955//59 2956//59
f 2942//62 2941//62 2956//62
f 2934//819 2949//819 2950//819
f 2943//64 2942//64 2957//64
f 2935//49 2950//49 2951//49
f 2944//50 2943//50 2958//50
f 2936//51 2951//51 2952//51
f 2945//52 2944//52 2959//52
f 2937//53 2952//53 2953//53
f 2946//54 2945//54 2960//54
f 2958//72 2957//72 2972//72
f 2950//73 2965//73 2966//73
f 2959//820 2958//820 2973//820
f 2951//566 2966//566 2967//566
f 2960//76 2959//76 2974//76
f 2952//77 2967//77 2968//77
f 2961//78 2960//78 2975//78
f 2953//79 2968//79 2969//79
f 2962//80 2961//80 2976//80
f 2954//821 2969//821 2970//821
f 2963//66 2962//66 2977//66
f 2955//67 2970//67 2971//67
f 2957//70 2956//70 2971//70
f 2949//71 2964//71 2965//71
f 2977//87 2976//87 2991//87
f 2969//88 2984//88 2985//88
f 2978//89 2977//89 2992//89
f 2970//90 2985//90 2986//90
f 2972//93 2971//93 2986//93
f 2964//568 2979//568 2980//568
f 2973//95 2972//95 2987//95
f 2965//96 2980//96 2981//96
f 2974//81 2973//81 2988//81
f 2966//82 2981//82 2982//82
f 2975//83 2974//83 2989//83
f 2967//84 2982//84 2983//84
f 2976//85 2975//85 2990//85
f 2968//86 2983//86 2984//86
f 2980//104 2995//104 2996//104
f 2989//105 2988//105 3003//105
f 2981//106 2996//106 2997//106
f 2990//107 2989//107 3004//107
f 2982//108 2997//108 2998//108
f 2991//109 2990//109 3005//109
f 2983//110 2998//110 2999//110
f 2992//519 2991//519 3006//519
f 2984//112 2999//112 3000//112
f 2993//780 2992//780 3007//780
f 2985//98 3000//98 3001//98
f 2987//101 2986//101 3001//101
f 2979//102 2994//102 2995//102
f 2988//103 2987//103 3002//103
f 2999//119 3014//119 3015//119
f 3008//120 3007//120 3022//120
f 3000//121 3015//121 3016//121
f 3002//124 3001//124 3016//124
f 2994//125 3009//125 3010//125
f 3003//126 3002//126 3017//126
f 2995//127 3010//127 3011//127
f 3004//128 3003//128 3018//128
f 2996//822 3011//822 3012//822
f 3005//114 3004//114 3019//114
f 2997//115 3012//115 3013//115
f 3006//662 3005//662 3020//662
f 2998//117 3013//117 3014//117
f 3007//118 3006//118 3021//118
f 3018//136 3033//136 3034//136
f 3012//137 3011//137 3026//137
f 3019//823 3034//823 3035//823
f 3013//139 3012//139 3027//139
f 3020//824 3035//824 3036//824
f 3014//141 3013//141 3028//141
f 3021//142 3036//142 3037//142
f 3015//143 3014//143 3029//143
f 3022//144 3037//144 3038//144
f 3016//129 3015//129 3030//129
f 3016//132 3031//132 3032//132
f 3010//133 3009//133 3024//133
f 3017//134 3032//134 3033//134
f 3011//825 3010//825 3025//825
f 3037//151 3052//151 3053//151
f 3031//826 3030//826 3045//826
f 3031//155 3046//155 3047//155
f 3025//784 3024//784 3039//784
f 3032//157 3047//157 3048//157
f 3026//158 3025//158 3040//158
f 3033//159 3048//159 3049//159
f 3027//160 3026//160 3041//160
f 3034//145 3049//145 3050//145
f 3028//146 3027//146 3042//146
f 3035//147 3050//147 3051//147
f 3029//148 3028//148 3043//148
f 3036//520 3051//520 3052//520
f 3030//150 3029//150 3044//150
f 3049//168 3064//168 3065//168
f 3043//169 3042//169 3057//169
f 3050//170 3065//170 3066//170
f 3044//171 3043//171 3058//171
f 3051//172 3066//172 3067//172
f 3045//173 3044//173 3059//173
f 3052//174 3067//174 3068//174
f 3046//175 3045//175 3060//175
f 3046//162 3061//162 3062//162
f 3040//827 3039//827 3054//827
f 3047//164 3062//164 3063//164
f 3041//165 3040//165 3055//165
f 3048//166 3063//166 3064//166
f 3042//828 3041//828 3056//828
f 3061//185 3076//185 3077//185
f 3055//186 3054//186 3069//186
f 3062//187 3077//187 3078//187
f 3056//188 3055//188 3070//188
f 3063//636 3078//636 3079//636
f 3057//573 3056//573 3071//573
f 3064//191 3079//191 3080//191
f 3058//192 3057//192 3072//192
f 3065//177 3080//177 3081//177
f 3059//178 3058//178 3073//178
f 3066//179 3081//179 3082//179
f 3060//829 3059//829 3074//829
f 3067//181 3082//181 3083//181
f 3061//182 3060//182 3075//182
f 3073//199 3072//199 3087//199
f 3080//200 3095//200 3096//200
f 3074//201 3073//201 3088//201
f 3081//202 3096//202 3097//202
f 3075//203 3074//203 3089//203
f 3082//204 3097//204 3098//204
f 3076//205 3075//205 3090//205
f 3076//208 3091//208 3092//208
f 3070//830 3069//830 3084//830
f 3077//194 3092//194 3093//194
f 3071//195 3070//195 3085//195
f 3078//196 3093//196 3094//196
f 3072//197 3071//197 3086//197
f 3079//198 3094//198 3095//198
f 3091//216 3106//216 3107//216
f 3085//217 3084//217 3099//217
f 3092//218 3107//218 3108//218
f 3086//219 3085//219 3100//219
f 3093//220 3108//220 3109//220
f 3087//638 3086//638 3101//638
f 3094//222 3109//222 3110//222
f 3088//223 3087//223 3102//223
f 3095//224 3110//224 3111//224
f 3089//209 3088//209 3103//209
f 3096//210 3111//210 3112//210
f 3090//211 3089//211 3104//211
f 3097//831 3112//831 3113//831
f 3091//213 3090//213 3105//213
f 3110//231 3125//231 3126//231
f 3104//232 3103//232 3118//232
f 3111//233 3126//233 3127//233
f 3105//234 3104//234 3119//234
f 3112//235 3127//235 3128//235
f 3106//236 3105//236 3120//236
f 3106//239 3121//239 3122//239
f 3100//832 3099//832 3114//832
f 3107//225 3122//225 3123//225
f 3101//226 3100//226 3115//226
f 3108//227 3123//227 3124//227
f 3102//228 3101//228 3116//228
f 3109//229 3124//229 3125//229
f 3103//230 3102//230 3117//230
f 3115//833 3114//833 3129//833
f 3122//249 3137//249 3138//249
f 3116//524 3115//524 3130//524
f 3123//251 3138//251 3139//251
f 3117//639 3116//639 3131//639
f 3124//253 3139//253 3140//253
f 3118//254 3117//254 3132//254
f 3125//255 3140//255 3141//255
f 3119//256 3118//256 3133//256
f 3126//551 3141//551 3142//551
f 3120//242 3119//242 3134//242
f 3127//243 3142//243 3143//243
f 3121//244 3120//244 3135//244
f 3121//247 3136//247 3137//247
f 3133//263 3148//263 3149//263
f 3142//264 3141//264 3156//264
f 3134//265 3149//265 3150//265
f 3143//266 3142//266 3157//266
f 3135//267 3150//267 3151//267
f 3137//270 3136//270 3151//270
f 3129//834 3144//834 3145//834
f 3138//810 3137//810 3152//810
f 3130//257 3145//257 3146//257
f 3139//835 3138//835 3153//835
f 3131//802 3146//802 3147//802
f 3140//260 3139//260 3154//260
f 3132//578 3147//578 3148//578
f 3141//262 3140//262 3155//262
f 3153//280 3152//280 3167//280
f 3145//281 3160//281 3161//281
f 3154//282 3153//282 3168//282
f 3146//283 3161//283 3162//283
f 3155//284 3154//284 3169//284
f 3147//285 3162//285 3163//285
f 3156//286 3155//286 3170//286
f 3148//287 3163//287 3164//287
f 3157//288 3156//288 3171//288
f 3149//273 3164//273 3165//273
f 3158//274 3157//274 3172//274
f 3150//275 3165//275 3166//275
f 3152//278 3151//278 3166//278
f 3144//279 3159//279 3160//279
f 3172//295 3171//295 3186//295
f 3164//296 3179//296 3180//296
f 3173//297 3172//297 3187//297
f 3165//298 3180//298 3181//298
f 3167//301 3166//301 3181//301
f 3159//302 3174//302 3175//302
f 3168//303 3167//303 3182//303
f 3160//304 3175//304 3176//304
f 3169//289 3168//289 3183//289
f 3161//836 3176//836 3177//836
f 3170//837 3169//837 3184//837
f 3162//292 3177//292 3178//292
f 3171//293 3170//293 3185//293
f 3163//294 3178//294 3179//294
f 3184//313 3183//313 3198//313
f 3176//314 3191//314 3192//314
f 3185//315 3184//315 3199//315
f 3177//316 3192//316 3193//316
f 3186//838 3185//838 3200//838
f 3178//318 3193//318 3194//318
f 3187//319 3186//319 3201//319
f 3179//320 3194//320 3195//320
f 3188//305 3187//305 3202//305
f 3180//306 3195//306 3196//306
f 3182//309 3181//309 3196//309
f 3174//839 3189//839 3190//839
f 3183//311 3182//311 3197//311
f 3175//312 3190//312 3191//312
f 3203//528 3202//528 3217//528
f 3195//328 3210//328 3211//328
f 3197//331 3196//331 3211//331
f 3189//582 3204//582 3205//582
f 3198//333 3197//333 3212//333
f 3190//334 3205//334 3206//334
f 3199//840 3198//840 3213//840
f 3191//336 3206//336 3207//336
f 3200//321 3199//321 3214//321
f 3192//322 3207//322 3208//322
f 3201//323 3200//323 3215//323
f 3193//324 3208//324 3209//324
f 3202//325 3201//325 3216//325
f 3194//326 3209//326 3210//326
f 3206//344 3221//344 3222//344
f 3215//345 3214//345 3229//345
f 3207//346 3222//346 3223//346
f 3216//347 3215//347 3230//347
f 3208//348 3223//348 3224//348
f 3217//349 3216//349 3231//349
f 3209//350 3224//350 3225//350
f 3218//351 3217//351 3232//351
f 3210//352 3225//352 3226//352
f 3212//339 3211//339 3226//339
f 3204//841 3219//841 3220//841
f 3213//341 3212//341 3227//341
f 3205//583 3220//583 3221//583
f 3214//343 3213//343 3228//343
f 3225//359 3240//359 3241//359
f 3227//842 3226//842 3241//842
f 3219//843 3234//843 3235//843
f 3228//364 3227//364 3242//364
f 3220//365 3235//365 3236//365
f 3229//366 3228//366 3243//366
f 3221//367 3236//367 3237//367
f 3230//368 3229//368 3244//368
f 3222//353 3237//353 3238//353
f 3231//354 3230//354 3245//354
f 3223//355 3238//355 3239//355
f 3232//648 3231//648 3246//648
f 3224//357 3239//357 3240//357
f 3233//358 3232//358 3247//358
f 3245//375 3244//375 3259//375
f 3237//376 3252//376 3253//376
f 3246//844 3245//844 3260//844
f 3238//378 3253//378 3254//378
f 3247//379 3246//379 3261//379
f 3239//380 3254//380 3255//380
f 3248//381 3247//381 3262//381
f 3240//382 3255//382 3256//382
f 3242//369 3241//369 3256//369
f 3234//370 3249//370 3250//370
f 3243//371 3242//371 3257//371
f 3235//372 3250//372 3251//372
f 3244//373 3243//373 3258//373
f 3236//845 3251//845 3252//845
f 3256//393 3271//393 3272//393
f 3250//394 3249//394 3264//394
f 3257//395 3272//395 3273//395
f 3251//396 3250//396 3265//396
f 3258//397 3273//397 3274//397
f 3252//846 3251//846 3266//846
f 3259//399 3274//399 3275//399
f 3253//400 3252//400 3267//400
f 3260//385 3275//385 3276//385
f 3254//386 3253//386 3268//386
f 3261//387 3276//387 3277//387
f 3255//388 3254//388 3269//388
f 3262//389 3277//389 3278//389
f 3256//390 3255//390 3270//390
f 3268//407 3267//407 3282//407
f 3275//408 3290//408 3291//408
f 3269//409 3268//409 3283//409
f 3276//649 3291//649 3292//649
f 3270//411 3269//411 3284//411
f 3277//412 3292//412 3293//412
f 3271//847 3270//847 3285//847
f 3271//416 3286//416 3287//416
f 3265//788 3264//788 3279//788
f 3272//402 3287//402 3288//402
f 3266//403 3265//403 3280//403
f 3273//404 3288//404 3289//404
f 3267//405 3266//405 3281//405
f 3274//406 3289//406 3290//406
f 3286//424 3301//424 3302//424
f 3280//848 3279//848 3294//848
f 3287//426 3302//426 3303//426
f 3281//427 3280//427 3295//427
f 3288//428 3303//428 3304//428
f 3282//429 3281//429 3296//429
f 3289//430 3304//430 3305//430
f 3283//431 3282//431 3297//431
f 3290//432 3305//432 3306//432
f 3284//417 3283//417 3298//417
f 3291//418 3306//418 3307//418
f 3285//419 3284//419 3299//419
f 3292//849 3307//849 3308//849
f 3286//421 3285//421 3300//421
f 3305//439 3320//439 3321//439
f 3299//440 3298//440 3313//440
f 3306//441 3321//441 3322//441
f 3300//442 3299//442 3314//442
f 3307//443 3322//443 3323//443
f 3301//444 3300//444 3315//444
f 3301//447 3316//447 3317//447
f 3295//448 3294//448 3309//448
f 3302//433 3317//433 3318//433
f 3296//434 3295//434 3310//434
f 3303//850 3318//850 3319//850
f 3297//533 3296//533 3311//533
f 3304//437 3319//437 3320//437
f 3298//438 3297//438 3312//438
f 3317//457 3332//457 3333//457
f 3311//458 3310//458 3325//458
f 3318//459 3333//459 3334//459
f 3312//460 3311//460 3326//460
f 3319//461 3334//461 3335//461
f 3313//462 3312//462 3327//462
f 3320//851 3335//851 3336//851
f 3314//464 3313//464 3328//464
f 3321//449 3336//449 3337//449
f 3315//450 3314//450 3329//450
f 3322//451 3337//451 3338//451
f 3316//452 3315//452 3330//452
f 3316//455 3331//455 3332//455
f 3310//852 3309//852 3324//852
f 3336//471 3351//471 3352//471
f 3330//472 3329//472 3344//472
f 3337//853 3352//853 3353//853
f 3331//474 3330//474 3345//474
f 3331//477 3346//477 3347//477
f 3325//478 3324//478 3339//478
f 3332//479 3347//479 3348//479
f 3326//480 3325//480 3340//480
f 3333//465 3348//465 3349//465
f 3327//854 3326//854 3341//854
f 3334//705 3349//705 3350//705
f 3328//559 3327//559 3342//559
f 3335//469 3350//469 3351//469
f 3329//855 3328//855 3343//855
f 3341//488 3340//488 3355//488
f 3348//489 3363//489 3364//489
f 3342//490 3341//490 3356//490
f 3349//491 3364//491 3365//491
f 3343//492 3342//492 3357//492
f 3350//493 3365//493 3366//493
f 3344//494 3343//494 3358//494
f 3351//495 3366//495 3367//495
f 3345//496 3344//496 3359//496
f 3352//481 3367//481 3368//481
f 3346//482 3345//482 3360//482
f 3346//485 3361//485 3362//485
f 3340//804 3339//804 3354//804
f 3347//487 3362//487 3363//487
f 3360//503 3359//503 2896//503
f 3367//504 3373//504 3374//504
f 3361//505 3360//505 2897//505
f 3361//508 2898//508 2899//508
f 3355//805 3354//805 3369//805
f 3362//510 2899//510 2900//510
f 3356//511 3355//511 3370//511
f 3363//512 2900//512 2901//512
f 3357//497 3356//497 2894//497
f 3364//498 2901//498 3372//498
f 3358//499 3357//499 2895//499
f 3365//500 3372//500 2902//500
f 3359//501 3358//501 3371//501
f 3366//561 2902//561 3373//561
f 3376//709 3378//709 3377//709
f 3378//710 3382//710 3381//710
f 3382//711 3380//711 3379//711
f 3380//712 3376//712 3375//712
f 3381//713 3379//713 3375//713
f 3378//714 3376//714 3380//714
f 3384//715 3386//715 3385//715
f 3386//716 3388//716 3387//716
f 3388//856 3390//856 3389//856
f 3390//718 3392//718 3391//718
f 3392//719 3394//719 3393//719
f 3394//720 3396//720 3395//720
f 3396//721 3398//721 3397//721
f 3398//722 3400//722 3399//722
f 3400//857 3402//857 3401//857
f 3402//858 3404//858 3403//858
f 3404//725 3406//725 3405//725
f 3406//726 3408//726 3407//726
f 3408//727 3410//727 3409//727
f 3410//859 3412//859 3411//859
f 3412//729 3414//729 3413//729
f 3414//730 3416//730 3415//730
f 3416//731 3418//731 3417//731
f 3418//732 3420//732 3419//732
f 3420//733 3422//733 3421//733
f 3422//734 3424//734 3423//734
f 3424//735 3426//735 3425//735
f 3426//860 3428//860 3427//860
f 3428//737 3430//737 3429//737
f 3430//738 3432//738 3431//738
f 3432//739 3434//739 3433//739
f 3434//740 3436//740 3435//740
f 3436//741 3438//741 3437//741
f 3438//742 3440//742 3439//742
f 3440//861 3442//861 3441//861
f 3442//744 3444//744 3443//744
f 3444//745 3446//745 3445//745
f 3446//746 3448//746 3447//746
f 3448//747 3450//747 3449//747
f 3450//748 3452//748 3451//748
f 3452//749 3454//749 3453//749
f 3454//750 3456//750 3455//750
f 3456//751 3458//751 3457//751
f 3458//752 3460//752 3459//752
f 3460//753 3462//753 3461//753
f 3462//754 3464//754 3463//754
f 3464//862 3466//862 3465//862
f 3466//756 3468//756 3467//756
f 3468//757 3470//757 3469//757
f 3470//758 3472//758 3471//758
f 3472//759 3474//759 3473//759
f 3474//760 3476//760 3475//760
f 3476//761 3478//761 3477//761
f 3478//762 3480//762 3479//762
f 3480//763 3482//763 3481//763
f 3482//863 3484//863 3483//863
f 3484//765 3486//765 3485//765
f 3486//766 3488//766 3487//766
f 3488//864 3490//864 3489//864
f 3490//768 3492//768 3491//768
f 3492//769 3494//769 3493//769
f 3494//865 3496//865 3495//865
f 3496//771 3498//771 3497//771
f 3498//772 3500//772 3499//772
f 3500//773 3502//773 3501//773
f 3502//866 3504//866 3503//866
f 3504//775 3506//775 3505//775
f 3506//776 3508//776 3507//776
f 3386//714 3384//714 3510//714
f 3510//714 3508//714 3506//714
f 3506//714 3504//714 3502//714
f 3502//867 3500//867 3498//867
f 3502//714 3498//714 3496//714
f 3510//714 3506//714 3502//714
f 3386//714 3510//714 3502//714
f 3502//714 3496//714 3494//714
f 3386//714 3502//714 3494//714
f 3388//714 3386//714 3494//714
f 3388//714 3494//714 3492//714
f 3390//714 3388//714 3492//714
f 3390//714 3492//714 3490//714
f 3396//714 3394//714 3392//714
f 3392//714 3390//714 3490//714
f 3488//714 3486//714 3484//714
f 3392//714 3490//714 3488//714
f 3398//714 3396//714 3392//714
f 3402//714 3400//714 3398//714
f 3406//714 3404//714 3402//714
f 3410//714 3408//714 3406//714
f 3414//714 3412//714 3410//714
f 3414//714 3410//714 3406//714
f 3406//714 3402//714 3398//714
f 3398//714 3392//714 3488//714
f 3488//714 3484//714 3482//714
f 3482//714 3480//714 3478//714
f 3478//714 3476//714 3474//714
f 3474//868 3472//868 3470//868
f 3478//714 3474//714 3470//714
f 3488//714 3482//714 3478//714
f 3406//714 3398//714 3488//714
f 3416//867 3414//867 3406//867
f 3416//714 3406//714 3488//714
f 3488//714 3478//714 3470//714
f 3488//714 3470//714 3468//714
f 3418//714 3416//714 3488//714
f 3424//869 3422//869 3420//869
f 3420//714 3418//714 3488//714
f 3488//714 3468//714 3466//714
f 3464//714 3462//714 3460//714
f 3488//714 3466//714 3464//714
f 3424//714 3420//714 3488//714
f 3428//714 3426//714 3424//714
f 3432//714 3430//714 3428//714
f 3436//714 3434//714 3432//714
f 3436//714 3432//714 3428//714
f 3428//714 3424//714 3488//714
f 3488//714 3464//714 3460//714
f 3460//714 3458//714 3456//714
f 3456//714 3454//714 3452//714
f 3452//714 3450//714 3448//714
f 3448//714 3446//714 3444//714
f 3448//867 3444//867 3442//867
f 3456//714 3452//714 3448//714
f 3488//714 3460//714 3456//714
f 3436//714 3428//714 3488//714
f 3438//714 3436//714 3488//714
f 3488//714 3456//714 3448//714
f 3488//714 3448//714 3442//714
f 3440//714 3438//714 3488//714
f 3508//777 3510//777 3509//777
f 3510//778 3384//778 3383//778
f 3509//713 3383//713 3385//713
f 3507//713 3509//713 3385//713
f 3503//713 3505//713 3507//713
f 3499//713 3501//713 3503//713
f 3495//870 3497//870 3499//870
f 3495//713 3499//713 3503//713
f 3503//713 3507//713 3385//713
f 3503//713 3385//713 3387//713
f 3493//713 3495//713 3503//713
f 3493//713 3503//713 3387//713
f 3493//713 3387//713 3389//713
f 3491//713 3493//713 3389//713
f 3391//713 3393//713 3395//713
f 3491//713 3389//713 3391//713
f 3489//713 3491//713 3391//713
f 3391//713 3395//713 3397//713
f 3397//713 3399//713 3401//713
f 3401//713 3403//713 3405//713
f 3405//713 3407//713 3409//713
f 3409//713 3411//713 3413//713
f 3405//713 3409//713 3413//713
f 3397//713 3401//713 3405//713
f 3489//713 3391//713 3397//713
f 3483//871 3485//871 3487//871
f 3487//713 3489//713 3397//713
f 3397//713 3405//713 3413//713
f 3397//713 3413//713 3415//713
f 3483//713 3487//713 3397//713
f 3479//713 3481//713 3483//713
f 3475//713 3477//713 3479//713
f 3471//713 3473//713 3475//713
f 3469//872 3471//872 3475//872
f 3475//713 3479//713 3483//713
f 3483//713 3397//713 3415//713
f 3483//713 3415//713 3417//713
f 3469//713 3475//713 3483//713
f 3467//713 3469//713 3483//713
f 3483//713 3417//713 3419//713
f 3419//870 3421//870 3423//870
f 3423//713 3425//713 3427//713
f 3427//713 3429//713 3431//713
f 3431//713 3433//713 3435//713
f 3427//713 3431//713 3435//713
f 3419//713 3423//713 3427//713
f 3467//713 3483//713 3419//713
f 3465//713 3467//713 3419//713
f 3419//713 3427//713 3435//713
f 3419//713 3435//713 3437//713
f 3463//713 3465//713 3419//713
f 3459//872 3461//872 3463//872
f 3455//713 3457//713 3459//713
f 3451//713 3453//713 3455//713
f 3447//713 3449//713 3451//713
f 3443//713 3445//713 3447//713
f 3441//713 3443//713 3447//713
f 3447//713 3451//713 3455//713
f 3455//713 3459//713 3463//713
f 3463//713 3419//713 3437//713
f 3463//713 3437//713 3439//713
f 3447//713 3455//713 3463//713
f 3463//713 3439//713 3441//713
