# Blender 5.2.2 LTS
# www.blender.org
mtllib gearbox.mtl
o gearbox
v 0.000000 0.300000 0.000000
v 0.400000 0.300000 -0.000000
v 0.000000 0.298555 -0.029405
v 0.400000 0.298555 -0.029405
v 0.000000 0.294236 -0.058527
v 0.400000 0.294236 -0.058527
v 0.000000 0.287082 -0.087085
v 0.400000 0.287082 -0.087085
v 0.000000 0.277164 -0.114805
v 0.400000 0.277164 -0.114805
v 0.000000 0.264576 -0.141419
v 0.400000 0.264576 -0.141419
v 0.000000 0.249441 -0.166671
v 0.400000 0.249441 -0.166671
v -0.000000 0.231903 -0.190318
v 0.400000 0.231903 -0.190318
v -0.000000 0.212132 -0.212132
v 0.400000 0.212132 -0.212132
v -0.000000 0.190318 -0.231903
v 0.400000 0.190318 -0.231903
v -0.000000 0.166671 -0.249441
v 0.400000 0.166671 -0.249441
v -0.000000 0.141419 -0.264576
v 0.400000 0.141419 -0.264576
v -0.000000 0.114805 -0.277164
v 0.400000 0.114805 -0.277164
v -0.000000 0.087085 -0.287082
v 0.400000 0.087085 -0.287082
v -0.000000 0.058527 -0.294236
v 0.400000 0.058527 -0.294236
v -0.000000 0.029405 -0.298555
v 0.400000 0.029405 -0.298555
v -0.000000 0.000000 -0.300000
v 0.400000 0.000000 -0.300000
v -0.000000 -0.029405 -0.298555
v 0.400000 -0.029405 -0.298555
v -0.000000 -0.058527 -0.294236
v 0.400000 -0.058527 -0.294236
v -0.000000 -0.087085 -0.287082
v 0.400000 -0.087085 -0.287082
v -0.000000 -0.114805 -0.277164
v 0.400000 -0.114805 -0.277164
v -0.000000 -0.141419 -0.264576
v 0.400000 -0.141419 -0.264576
v -0.000000 -0.166671 -0.249441
v 0.400000 -0.166671 -0.249441
v -0.000000 -0.190318 -0.231903
v 0.400000 -0.190318 -0.231903
v -0.000000 -0.212132 -0.212132
v 0.400000 -0.212132 -0.212132
v -0.000000 -0.231903 -0.190318
v 0.400000 -0.231903 -0.190318
v 0.000000 -0.249441 -0.166671
v 0.400000 -0.249441 -0.166671
v 0.000000 -0.264576 -0.141419
v 0.400000 -0.264576 -0.141419
v 0.000000 -0.277164 -0.114805
v 0.400000 -0.277164 -0.114805
v 0.000000 -0.287082 -0.087085
v 0.400000 -0.287082 -0.087085
v 0.000000 -0.294236 -0.058527
v 0.400000 -0.294236 -0.058527
v 0.000000 -0.298555 -0.029405
v 0.400000 -0.298555 -0.029405
v 0.000000 -0.300000 0.000000
v 0.400000 -0.300000 -0.000000
v 0.000000 -0.298555 0.029405
v 0.400000 -0.298555 0.029405
v 0.000000 -0.294236 0.058527
v 0.400000 -0.294236 0.058527
v 0.000000 -0.287082 0.087085
v 0.400000 -0.287082 0.087085
v 0.000000 -0.277164 0.114805
v 0.400000 -0.277164 0.114805
v 0.000000 -0.264576 0.141419
v 0.400000 -0.264576 0.141419
v 0.000000 -0.249441 0.166671
v 0.400000 -0.249441 0.166671
v 0.000000 -0.231903 0.190318
v 0.400000 -0.231903 0.190318
v 0.000000 -0.212132 0.212132
v 0.400000 -0.212132 0.212132
v 0.000000 -0.190318 0.231903
v 0.400000 -0.190318 0.231903
v 0.000000 -0.166671 0.249441
v 0.400000 -0.166671 0.249441
v 0.000000 -0.141419 0.264576
v 0.400000 -0.141419 0.264576
v 0.000000 -0.114805 0.277164
v 0.400000 -0.114805 0.277164
v 0.000000 -0.087085 0.287082
v 0.400000 -0.087085 0.287082
v 0.000000 -0.058527 0.294236
v 0.400000 -0.058527 0.294236
v 0.000000 -0.029405 0.298555
v 0.400000 -0.029405 0.298555
v 0.000000 0.000000 0.300000
v 0.400000 0.000000 0.300000
v 0.000000 0.029405 0.298555
v 0.400000 0.029405 0.298555
v 0.000000 0.058527 0.294236
v 0.400000 0.058527 0.294236
v 0.000000 0.087085 0.287082
v 0.400000 0.087085 0.287082
v 0.000000 0.114805 0.277164
v 0.400000 0.114805 0.277164
v 0.000000 0.141419 0.264576
v 0.400000 0.141419 0.264576
v 0.000000 0.166671 0.249441
v 0.400000 0.166671 0.249441
v 0.000000 0.190318 0.231903
v 0.400000 0.190318 0.231903
v 0.000000 0.212132 0.212132
v 0.400000 0.212132 0.212132
v 0.000000 0.231903 0.190318
v 0.400000 0.231903 0.190318
v 0.000000 0.249441 0.166671
v 0.400000 0.249441 0.166671
v 0.000000 0.264576 0.141419
v 0.400000 0.264576 0.141419
v 0.000000 0.277164 0.114805
v 0.400000 0.277164 0.114805
v 0.000000 0.287082 0.087085
v 0.400000 0.287082 0.087085
v 0.000000 0.294236 0.058527
v 0.400000 0.294236 0.058527
v 0.000000 0.298555 0.029405
v 0.400000 0.298555 0.029405
v -0.150000 0.900000 0.000000
v 0.000000 0.900000 -0.000000
v -0.150000 0.895666 -0.088215
v 0.000000 0.895666 -0.088215
v -0.150000 0.882707 -0.175581
v -0.000000 0.882707 -0.175581
v -0.150000 0.861246 -0.261256
v -0.000000 0.861246 -0.261256
v -0.150000 0.831492 -0.344415
v -0.000000 0.831492 -0.344415
v -0.150000 0.793729 -0.424257
v -0.000000 0.793729 -0.424257
v -0.150000 0.748323 -0.500013
v -0.000000 0.748323 -0.500013
v -0.150000 0.695709 -0.570954
v -0.000000 0.695709 -0.570954
v -0.150000 0.636396 -0.636396
v -0.000000 0.636396 -0.636396
v -0.150000 0.570954 -0.695709
v -0.000000 0.570954 -0.695709
v -0.150000 0.500013 -0.748323
v -0.000000 0.500013 -0.748323
v -0.150000 0.424257 -0.793729
v -0.000000 0.424257 -0.793729
v -0.150000 0.344415 -0.831492
v -0.000000 0.344415 -0.831492
v -0.150000 0.261256 -0.861246
v -0.000000 0.261256 -0.861246
v -0.150000 0.175581 -0.882707
v -0.000000 0.175581 -0.882707
v -0.150000 0.088215 -0.895666
v -0.000000 0.088215 -0.895666
v -0.150000 0.000000 -0.900000
v -0.000000 0.000000 -0.900000
v -0.150000 -0.088215 -0.895666
v -0.000000 -0.088215 -0.895666
v -0.150000 -0.175581 -0.882707
v -0.000000 -0.175581 -0.882707
v -0.150000 -0.261256 -0.861246
v -0.000000 -0.261256 -0.861246
v -0.150000 -0.344415 -0.831492
v -0.000000 -0.344415 -0.831492
v -0.150000 -0.424257 -0.793729
v -0.000000 -0.424257 -0.793729
v -0.150000 -0.500013 -0.748323
v -0.000000 -0.500013 -0.748323
v -0.150000 -0.570954 -0.695709
v -0.000000 -0.570954 -0.695709
v -0.150000 -0.636396 -0.636396
v -0.000000 -0.636396 -0.636396
v -0.150000 -0.695709 -0.570954
v -0.000000 -0.695709 -0.570954
v -0.150000 -0.748323 -0.500013
v -0.000000 -0.748323 -0.500013
v -0.150000 -0.793729 -0.424257
v -0.000000 -0.793729 -0.424257
v -0.150000 -0.831492 -0.344415
v -0.000000 -0.831492 -0.344415
v -0.150000 -0.861246 -0.261256
v -0.000000 -0.861246 -0.261256
v -0.150000 -0.882707 -0.175581
v -0.000000 -0.882707 -0.175581
v -0.150000 -0.895666 -0.088215
v 0.000000 -0.895666 -0.088215
v -0.150000 -0.900000 0.000000
v 0.000000 -0.900000 -0.000000
v -0.150000 -0.895666 0.088215
v 0.000000 -0.895666 0.088215
v -0.150000 -0.882707 0.175581
v 0.000000 -0.882707 0.175581
v -0.150000 -0.861246 0.261256
v 0.000000 -0.861246 0.261256
v -0.150000 -0.831492 0.344415
v 0.000000 -0.831492 0.344415
v -0.150000 -0.793729 0.424257
v 0.000000 -0.793729 0.424257
v -0.150000 -0.748323 0.500013
v 0.000000 -0.748323 0.500013
v -0.150000 -0.695709 0.570954
v 0.000000 -0.695709 0.570954
v -0.150000 -0.636396 0.636396
v 0.000000 -0.636396 0.636396
v -0.150000 -0.570954 0.695709
v 0.000000 -0.570954 0.695709
v -0.150000 -0.500013 0.748323
v 0.000000 -0.500013 0.748323
v -0.150000 -0.424257 0.793729
v 0.000000 -0.424257 0.793729
v -0.150000 -0.344415 0.831492
v 0.000000 -0.344415 0.831492
v -0.150000 -0.261256 0.861246
v 0.000000 -0.261256 0.861246
v -0.150000 -0.175581 0.882707
v 0.000000 -0.175581 0.882707
v -0.150000 -0.088215 0.895666
v 0.000000 -0.088215 0.895666
v -0.150000 0.000000 0.900000
v 0.000000 0.000000 0.900000
v -0.150000 0.088215 0.895666
v 0.000000 0.088215 0.895666
v -0.150000 0.175581 0.882707
v 0.000000 0.175581 0.882707
v -0.150000 0.261256 0.861246
v 0.000000 0.261256 0.861246
v -0.150000 0.344415 0.831492
v 0.000000 0.344415 0.831492
v -0.150000 0.424257 0.793729
v 0.000000 0.424257 0.793729
v -0.150000 0.500013 0.748323
v 0.000000 0.500013 0.748323
v -0.150000 0.570954 0.695709
v 0.000000 0.570954 0.695709
v -0.150000 0.636396 0.636396
v 0.000000 0.636396 0.636396
v -0.150000 0.695709 0.570954
v 0.000000 0.695709 0.570954
v -0.150000 0.748323 0.500013
v 0.000000 0.748323 0.500013
v -0.150000 0.793729 0.424257
v 0.000000 0.793729 0.424257
v -0.150000 0.831492 0.344415
v 0.000000 0.831492 0.344415
v -0.150000 0.861246 0.261256
v 0.000000 0.861246 0.261256
v -0.150000 0.882707 0.175581
v 0.000000 0.882707 0.175581
v -0.150000 0.895666 0.088215
v 0.000000 0.895666 0.088215
v -1.050000 1.000000 0.000000
v -0.150000 1.000000 -0.000000
v -1.050000 0.995185 -0.098017
v -0.150000 0.995185 -0.098017
v -1.050000 0.980785 -0.195090
v -0.150000 0.980785 -0.195090
v -1.050000 0.956940 -0.290285
v -0.150000 0.956940 -0.290285
v -1.050000 0.923880 -0.382683
v -0.150000 0.923880 -0.382683
v -1.050000 0.881921 -0.471397
v -0.150000 0.881921 -0.471397
v -1.050000 0.831470 -0.555570
v -0.150000 0.831470 -0.555570
v -1.050000 0.773010 -0.634393
v -0.150000 0.773010 -0.634393
v -1.050000 0.707107 -0.707107
v -0.150000 0.707107 -0.707107
v -1.050000 0.634393 -0.773010
v -0.150000 0.634393 -0.773010
v -1.050000 0.555570 -0.831470
v -0.150000 0.555570 -0.831470
v -1.050000 0.471397 -0.881921
v -0.150000 0.471397 -0.881921
v -1.050000 0.382683 -0.923880
v -0.150000 0.382683 -0.923880
v -1.050000 0.290285 -0.956940
v -0.150000 0.290285 -0.956940
v -1.050000 0.195090 -0.980785
v -0.150000 0.195090 -0.980785
v -1.050000 0.098017 -0.995185
v -0.150000 0.098017 -0.995185
v -1.050000 0.000000 -1.000000
v -0.150000 0.000000 -1.000000
v -1.050000 -0.098017 -0.995185
v -0.150000 -0.098017 -0.995185
v -1.050000 -0.195090 -0.980785
v -0.150000 -0.195090 -0.980785
v -1.050000 -0.290285 -0.956940
v -0.150000 -0.290285 -0.956940
v -1.050000 -0.382683 -0.923880
v -0.150000 -0.382683 -0.923880
v -1.050000 -0.471397 -0.881921
v -0.150000 -0.471397 -0.881921
v -1.050000 -0.555570 -0.831470
v -0.150000 -0.555570 -0.831470
v -1.050000 -0.634393 -0.773010
v -0.150000 -0.634393 -0.773010
v -1.050000 -0.707107 -0.707107
v -0.150000 -0.707107 -0.707107
v -1.050000 -0.773010 -0.634393
v -0.150000 -0.773010 -0.634393
v -1.050000 -0.831470 -0.555570
v -0.150000 -0.831470 -0.555570
v -1.050000 -0.881921 -0.471397
v -0.150000 -0.881921 -0.471397
v -1.050000 -0.923880 -0.382683
v -0.150000 -0.923880 -0.382683
v -1.050000 -0.956940 -0.290285
v -0.150000 -0.956940 -0.290285
v -1.050000 -0.980785 -0.195090
v -0.150000 -0.980785 -0.195090
v -1.050000 -0.995185 -0.098017
v -0.150000 -0.995185 -0.098017
v -1.050000 -1.000000 0.000000
v -0.150000 -1.000000 -0.000000
v -1.050000 -0.995185 0.098017
v -0.150000 -0.995185 0.098017
v -1.050000 -0.980785 0.195090
v -0.150000 -0.980785 0.195090
v -1.050000 -0.956940 0.290285
v -0.150000 -0.956940 0.290285
v -1.050000 -0.923880 0.382683
v -0.150000 -0.923880 0.382683
v -1.050000 -0.881921 0.471397
v -0.150000 -0.881921 0.471397
v -1.050000 -0.831470 0.555570
v -0.150000 -0.831470 0.555570
v -1.050000 -0.773010 0.634393
v -0.150000 -0.773010 0.634393
v -1.050000 -0.707107 0.707107
v -0.150000 -0.707107 0.707107
v -1.050000 -0.634393 0.773010
v -0.150000 -0.634393 0.773010
v -1.050000 -0.555570 0.831470
v -0.150000 -0.555570 0.831470
v -1.050000 -0.471397 0.881921
v -0.150000 -0.471397 0.881921
v -1.050000 -0.382683 0.923880
v -0.150000 -0.382683 0.923879
v -1.050000 -0.290285 0.956940
v -0.150000 -0.290285 0.956940
v -1.050000 -0.195090 0.980785
v -0.150000 -0.195090 0.980785
v -1.050000 -0.098017 0.995185
v -0.150000 -0.098017 0.995185
v -1.050000 0.000000 1.000000
v -0.150000 0.000000 1.000000
v -1.050000 0.098017 0.995185
v -0.150000 0.098017 0.995185
v -1.050000 0.195090 0.980785
v -0.150000 0.195090 0.980785
v -1.050000 0.290285 0.956940
v -0.150000 0.290285 0.956940
v -1.050000 0.382683 0.923880
v -0.150000 0.382683 0.923879
v -1.050000 0.471397 0.881921
v -0.150000 0.471397 0.881921
v -1.050000 0.555570 0.831470
v -0.150000 0.555570 0.831470
v -1.050000 0.634393 0.773010
v -0.150000 0.634393 0.773010
v -1.050000 0.707107 0.707107
v -0.150000 0.707107 0.707107
v -1.050000 0.773010 0.634393
v -0.150000 0.773010 0.634393
v -1.050000 0.831470 0.555570
v -0.150000 0.831470 0.555570
v -1.050000 0.881921 0.471397
v -0.150000 0.881921 0.471397
v -1.050000 0.923880 0.382683
v -0.150000 0.923880 0.382683
v -1.050000 0.956940 0.290285
v -0.150000 0.956940 0.290285
v -1.050000 0.980785 0.195090
v -0.150000 0.980785 0.195090
v -1.050000 0.995185 0.098017
v -0.150000 0.995185 0.098017
v -1.700000 0.850000 0.000000
v -1.050000 0.850000 -0.000000
v -1.700000 0.845907 -0.083315
v -1.050000 0.845907 -0.083315
v -1.700000 0.833667 -0.165827
v -1.050000 0.833667 -0.165827
v -1.700000 0.813399 -0.246742
v -1.050000 0.813399 -0.246742
v -1.700000 0.785298 -0.325281
v -1.050000 0.785298 -0.325281
v -1.700000 0.749633 -0.400687
v -1.050000 0.749633 -0.400687
v -1.700000 0.706749 -0.472235
v -1.050000 0.706749 -0.472235
v -1.700000 0.657059 -0.539234
v -1.050000 0.657059 -0.539234
v -1.700000 0.601041 -0.601041
v -1.050000 0.601041 -0.601041
v -1.700000 0.539234 -0.657059
v -1.050000 0.539234 -0.657059
v -1.700000 0.472235 -0.706749
v -1.050000 0.472235 -0.706749
v -1.700000 0.400687 -0.749633
v -1.050000 0.400687 -0.749633
v -1.700000 0.325281 -0.785298
v -1.050000 0.325281 -0.785298
v -1.700000 0.246742 -0.813399
v -1.050000 0.246742 -0.813399
v -1.700000 0.165827 -0.833667
v -1.050000 0.165827 -0.833667
v -1.700000 0.083315 -0.845907
v -1.050000 0.083315 -0.845907
v -1.700000 0.000000 -0.850000
v -1.050000 0.000000 -0.850000
v -1.700000 -0.083315 -0.845907
v -1.050000 -0.083315 -0.845907
v -1.700000 -0.165827 -0.833667
v -1.050000 -0.165827 -0.833667
v -1.700000 -0.246742 -0.813399
v -1.050000 -0.246742 -0.813399
v -1.700000 -0.325281 -0.785298
v -1.050000 -0.325281 -0.785298
v -1.700000 -0.400687 -0.749633
v -1.050000 -0.400687 -0.749633
v -1.700000 -0.472235 -0.706749
v -1.050000 -0.472235 -0.706749
v -1.700000 -0.539234 -0.657059
v -1.050000 -0.539234 -0.657059
v -1.700000 -0.601041 -0.601041
v -1.050000 -0.601041 -0.601041
v -1.700000 -0.657059 -0.539234
v -1.050000 -0.657059 -0.539234
v -1.700000 -0.706749 -0.472235
v -1.050000 -0.706749 -0.472235
v -1.700000 -0.749633 -0.400687
v -1.050000 -0.749633 -0.400687
v -1.700000 -0.785298 -0.325281
v -1.050000 -0.785298 -0.325281
v -1.700000 -0.813399 -0.246742
v -1.050000 -0.813399 -0.246742
v -1.700000 -0.833667 -0.165827
v -1.050000 -0.833667 -0.165827
v -1.700000 -0.845907 -0.083315
v -1.050000 -0.845907 -0.083315
v -1.700000 -0.850000 0.000000
v -1.050000 -0.850000 -0.000000
v -1.700000 -0.845907 0.083315
v -1.050000 -0.845907 0.083315
v -1.700000 -0.833667 0.165827
v -1.050000 -0.833667 0.165827
v -1.700000 -0.813399 0.246742
v -1.050000 -0.813399 0.246742
v -1.700000 -0.785298 0.325281
v -1.050000 -0.785298 0.325281
v -1.700000 -0.749633 0.400687
v -1.050000 -0.749633 0.400687
v -1.700000 -0.706749 0.472235
v -1.050000 -0.706749 0.472235
v -1.700000 -0.657059 0.539234
v -1.050000 -0.657059 0.539234
v -1.700000 -0.601041 0.601041
v -1.050000 -0.601041 0.601041
v -1.700000 -0.539234 0.657059
v -1.050000 -0.539234 0.657059
v -1.700000 -0.472235 0.706749
v -1.050000 -0.472235 0.706749
v -1.700000 -0.400687 0.749633
v -1.050000 -0.400687 0.749633
v -1.700000 -0.325281 0.785298
v -1.050000 -0.325281 0.785298
v -1.700000 -0.246742 0.813399
v -1.050000 -0.246742 0.813399
v -1.700000 -0.165827 0.833667
v -1.050000 -0.165827 0.833667
v -1.700000 -0.083315 0.845907
v -1.050000 -0.083315 0.845907
v -1.700000 0.000000 0.850000
v -1.050000 0.000000 0.850000
v -1.700000 0.083315 0.845907
v -1.050000 0.083315 0.845907
v -1.700000 0.165827 0.833667
v -1.050000 0.165827 0.833667
v -1.700000 0.246742 0.813399
v -1.050000 0.246742 0.813399
v -1.700000 0.325281 0.785298
v -1.050000 0.325281 0.785298
v -1.700000 0.400687 0.749633
v -1.050000 0.400687 0.749633
v -1.700000 0.472235 0.706749
v -1.050000 0.472235 0.706749
v -1.700000 0.539234 0.657059
v -1.050000 0.539234 0.657059
v -1.700000 0.601041 0.601041
v -1.050000 0.601041 0.601041
v -1.700000 0.657059 0.539234
v -1.050000 0.657059 0.539234
v -1.700000 0.706749 0.472235
v -1.050000 0.706749 0.472235
v -1.700000 0.749633 0.400687
v -1.050000 0.749633 0.400687
v -1.700000 0.785298 0.325281
v -1.050000 0.785298 0.325281
v -1.700000 0.813399 0.246742
v -1.050000 0.813399 0.246742
v -1.700000 0.833667 0.165827
v -1.050000 0.833667 0.165827
v -1.700000 0.845907 0.083315
v -1.050000 0.845907 0.083315
v -0.380000 1.030000 0.000000
v -0.320000 1.030000 -0.000000
v -0.380000 1.025040 -0.100958
v -0.320000 1.025040 -0.100958
v -0.380000 1.010209 -0.200943
v -0.320000 1.010209 -0.200943
v -0.380000 0.985649 -0.298993
v -0.320000 0.985649 -0.298993
v -0.380000 0.951596 -0.394164
v -0.320000 0.951596 -0.394164
v -0.380000 0.908379 -0.485539
v -0.320000 0.908379 -0.485539
v -0.380000 0.856414 -0.572237
v -0.320000 0.856414 -0.572237
v -0.380000 0.796201 -0.653425
v -0.320000 0.796201 -0.653425
v -0.380000 0.728320 -0.728320
v -0.320000 0.728320 -0.728320
v -0.380000 0.653425 -0.796201
v -0.320000 0.653425 -0.796201
v -0.380000 0.572237 -0.856414
v -0.320000 0.572237 -0.856414
v -0.380000 0.485539 -0.908379
v -0.320000 0.485539 -0.908379
v -0.380000 0.394164 -0.951596
v -0.320000 0.394164 -0.951596
v -0.380000 0.298993 -0.985649
v -0.320000 0.298993 -0.985649
v -0.380000 0.200943 -1.010209
v -0.320000 0.200943 -1.010209
v -0.380000 0.100958 -1.025040
v -0.320000 0.100958 -1.025040
v -0.380000 0.000000 -1.030000
v -0.320000 0.000000 -1.030000
v -0.380000 -0.100958 -1.025040
v -0.320000 -0.100958 -1.025040
v -0.380000 -0.200943 -1.010209
v -0.320000 -0.200943 -1.010209
v -0.380000 -0.298993 -0.985649
v -0.320000 -0.298993 -0.985649
v -0.380000 -0.394164 -0.951596
v -0.320000 -0.394164 -0.951596
v -0.380000 -0.485539 -0.908379
v -0.320000 -0.485539 -0.908379
v -0.380000 -0.572237 -0.856414
v -0.320000 -0.572237 -0.856414
v -0.380000 -0.653425 -0.796201
v -0.320000 -0.653425 -0.796201
v -0.380000 -0.728320 -0.728320
v -0.320000 -0.728320 -0.728320
v -0.380000 -0.796201 -0.653425
v -0.320000 -0.796201 -0.653425
v -0.380000 -0.856414 -0.572237
v -0.320000 -0.856414 -0.572237
v -0.380000 -0.908379 -0.485539
v -0.320000 -0.908379 -0.485539
v -0.380000 -0.951596 -0.394164
v -0.320000 -0.951596 -0.394164
v -0.380000 -0.985649 -0.298993
v -0.320000 -0.985649 -0.298993
v -0.380000 -1.010209 -0.200943
v -0.320000 -1.010209 -0.200943
v -0.380000 -1.025040 -0.100958
v -0.320000 -1.025040 -0.100958
v -0.380000 -1.030000 0.000000
v -0.320000 -1.030000 -0.000000
v -0.380000 -1.025040 0.100958
v -0.320000 -1.025040 0.100958
v -0.380000 -1.010209 0.200943
v -0.320000 -1.010209 0.200943
v -0.380000 -0.985649 0.298993
v -0.320000 -0.985649 0.298993
v -0.380000 -0.951596 0.394164
v -0.320000 -0.951596 0.394164
v -0.380000 -0.908379 0.485539
v -0.320000 -0.908379 0.485539
v -0.380000 -0.856414 0.572237
v -0.320000 -0.856414 0.572237
v -0.380000 -0.796201 0.653425
v -0.320000 -0.796201 0.653425
v -0.380000 -0.728320 0.728320
v -0.320000 -0.728320 0.728320
v -0.380000 -0.653425 0.796201
v -0.320000 -0.653425 0.796201
v -0.380000 -0.572237 0.856414
v -0.320000 -0.572237 0.856414
v -0.380000 -0.485539 0.908379
v -0.320000 -0.485539 0.908379
v -0.380000 -0.394164 0.951596
v -0.320000 -0.394164 0.951596
v -0.380000 -0.298993 0.985649
v -0.320000 -0.298993 0.985649
v -0.380000 -0.200943 1.010209
v -0.320000 -0.200943 1.010209
v -0.380000 -0.100958 1.025040
v -0.320000 -0.100958 1.025040
v -0.380000 0.000000 1.030000
v -0.320000 0.000000 1.030000
v -0.380000 0.100958 1.025040
v -0.320000 0.100958 1.025040
v -0.380000 0.200943 1.010209
v -0.320000 0.200943 1.010209
v -0.380000 0.298993 0.985649
v -0.320000 0.298993 0.985649
v -0.380000 0.394164 0.951596
v -0.320000 0.394164 0.951596
v -0.380000 0.485539 0.908379
v -0.320000 0.485539 0.908379
v -0.380000 0.572237 0.856414
v -0.320000 0.572237 0.856414
v -0.380000 0.653425 0.796201
v -0.320000 0.653425 0.796201
v -0.380000 0.728320 0.728320
v -0.320000 0.728320 0.728320
v -0.380000 0.796201 0.653425
v -0.320000 0.796201 0.653425
v -0.380000 0.856414 0.572237
v -0.320000 0.856414 0.572237
v -0.380000 0.908379 0.485539
v -0.320000 0.908379 0.485539
v -0.380000 0.951596 0.394164
v -0.320000 0.951596 0.394164
v -0.380000 0.985649 0.298993
v -0.320000 0.985649 0.298993
v -0.380000 1.010209 0.200943
v -0.320000 1.010209 0.200943
v -0.380000 1.025040 0.100958
v -0.320000 1.025040 0.100958
v -0.930000 1.030000 0.000000
v -0.870000 1.030000 -0.000000
v -0.930000 1.025040 -0.100958
v -0.870000 1.025040 -0.100958
v -0.930000 1.010209 -0.200943
v -0.870000 1.010209 -0.200943
v -0.930000 0.985649 -0.298993
v -0.870000 0.985649 -0.298993
v -0.930000 0.951596 -0.394164
v -0.870000 0.951596 -0.394164
v -0.930000 0.908379 -0.485539
v -0.870000 0.908379 -0.485539
v -0.930000 0.856414 -0.572237
v -0.870000 0.856414 -0.572237
v -0.930000 0.796201 -0.653425
v -0.870000 0.796201 -0.653425
v -0.930000 0.728320 -0.728320
v -0.870000 0.728320 -0.728320
v -0.930000 0.653425 -0.796201
v -0.870000 0.653425 -0.796201
v -0.930000 0.572237 -0.856414
v -0.870000 0.572237 -0.856414
v -0.930000 0.485539 -0.908379
v -0.870000 0.485539 -0.908379
v -0.930000 0.394164 -0.951596
v -0.870000 0.394164 -0.951596
v -0.930000 0.298993 -0.985649
v -0.870000 0.298993 -0.985649
v -0.930000 0.200943 -1.010209
v -0.870000 0.200943 -1.010209
v -0.930000 0.100958 -1.025040
v -0.870000 0.100958 -1.025040
v -0.930000 0.000000 -1.030000
v -0.870000 0.000000 -1.030000
v -0.930000 -0.100958 -1.025040
v -0.870000 -0.100958 -1.025040
v -0.930000 -0.200943 -1.010209
v -0.870000 -0.200943 -1.010209
v -0.930000 -0.298993 -0.985649
v -0.870000 -0.298993 -0.985649
v -0.930000 -0.394164 -0.951596
v -0.870000 -0.394164 -0.951596
v -0.930000 -0.485539 -0.908379
v -0.870000 -0.485539 -0.908379
v -0.930000 -0.572237 -0.856414
v -0.870000 -0.572237 -0.856414
v -0.930000 -0.653425 -0.796201
v -0.870000 -0.653425 -0.796201
v -0.930000 -0.728320 -0.728320
v -0.870000 -0.728320 -0.728320
v -0.930000 -0.796201 -0.653425
v -0.870000 -0.796201 -0.653425
v -0.930000 -0.856414 -0.572237
v -0.870000 -0.856414 -0.572237
v -0.930000 -0.908379 -0.485539
v -0.870000 -0.908379 -0.485539
v -0.930000 -0.951596 -0.394164
v -0.870000 -0.951596 -0.394164
v -0.930000 -0.985649 -0.298993
v -0.870000 -0.985649 -0.298993
v -0.930000 -1.010209 -0.200943
v -0.870000 -1.010209 -0.200943
v -0.930000 -1.025040 -0.100958
v -0.870000 -1.025040 -0.100958
v -0.930000 -1.030000 0.000000
v -0.870000 -1.030000 -0.000000
v -0.930000 -1.025040 0.100958
v -0.870000 -1.025040 0.100958
v -0.930000 -1.010209 0.200943
v -0.870000 -1.010209 0.200943
v -0.930000 -0.985649 0.298993
v -0.870000 -0.985649 0.298993
v -0.930000 -0.951596 0.394164
v -0.870000 -0.951596 0.394164
v -0.930000 -0.908379 0.485539
v -0.870000 -0.908379 0.485539
v -0.930000 -0.856414 0.572237
v -0.870000 -0.856414 0.572237
v -0.930000 -0.796201 0.653425
v -0.870000 -0.796201 0.653425
v -0.930000 -0.728320 0.728320
v -0.870000 -0.728320 0.728320
v -0.930000 -0.653425 0.796201
v -0.870000 -0.653425 0.796201
v -0.930000 -0.572237 0.856414
v -0.870000 -0.572237 0.856414
v -0.930000 -0.485539 0.908379
v -0.870000 -0.485539 0.908379
v -0.930000 -0.394164 0.951596
v -0.870000 -0.394164 0.951596
v -0.930000 -0.298993 0.985649
v -0.870000 -0.298993 0.985649
v -0.930000 -0.200943 1.010209
v -0.870000 -0.200943 1.010209
v -0.930000 -0.100958 1.025040
v -0.870000 -0.100958 1.025040
v -0.930000 0.000000 1.030000
v -0.870000 0.000000 1.030000
v -0.930000 0.100958 1.025040
v -0.870000 0.100958 1.025040
v -0.930000 0.200943 1.010209
v -0.870000 0.200943 1.010209
v -0.930000 0.298993 0.985649
v -0.870000 0.298993 0.985649
v -0.930000 0.394164 0.951596
v -0.870000 0.394164 0.951596
v -0.930000 0.485539 0.908379
v -0.870000 0.485539 0.908379
v -0.930000 0.572237 0.856414
v -0.870000 0.572237 0.856414
v -0.930000 0.653425 0.796201
v -0.870000 0.653425 0.796201
v -0.930000 0.728320 0.728320
v -0.870000 0.728320 0.728320
v -0.930000 0.796201 0.653425
v -0.870000 0.796201 0.653425
v -0.930000 0.856414 0.572237
v -0.870000 0.856414 0.572237
v -0.930000 0.908379 0.485539
v -0.870000 0.908379 0.485539
v -0.930000 0.951596 0.394164
v -0.870000 0.951596 0.394164
v -0.930000 0.985649 0.298993
v -0.870000 0.985649 0.298993
v -0.930000 1.010209 0.200943
v -0.870000 1.010209 0.200943
v -0.930000 1.025040 0.100958
v -0.870000 1.025040 0.100958
v -2.380000 -0.630000 -0.750000
v -2.380000 -0.750000 -0.630000
v -2.500000 -0.630000 -0.630000
v -2.380000 -0.689921 -0.733968
v -2.439921 -0.630000 -0.733968
v -2.437385 -0.687385 -0.718396
v -2.439921 -0.733968 -0.630000
v -2.380000 -0.733968 -0.689921
v -2.437385 -0.718396 -0.687385
v -2.483968 -0.630000 -0.689921
v -2.483968 -0.689921 -0.630000
v -2.468396 -0.687385 -0.687385
v -2.380000 -0.750000 0.880000
v -2.380000 -0.630000 1.000000
v -2.500000 -0.630000 0.880000
v -2.380000 -0.733968 0.939921
v -2.439921 -0.733968 0.880000
v -2.437385 -0.718396 0.937385
v -2.439921 -0.630000 0.983968
v -2.380000 -0.689921 0.983968
v -2.437385 -0.687385 0.968396
v -2.483968 -0.689921 0.880000
v -2.483968 -0.630000 0.939921
v -2.468396 -0.687385 0.937385
v -2.380000 0.630000 -0.750000
v -2.500000 0.630000 -0.630000
v -2.380000 0.750000 -0.630000
v -2.439921 0.630000 -0.733968
v -2.380000 0.689921 -0.733968
v -2.437385 0.687385 -0.718396
v -2.483968 0.689921 -0.630000
v -2.483968 0.630000 -0.689921
v -2.468396 0.687385 -0.687385
v -2.380000 0.733968 -0.689921
v -2.439921 0.733968 -0.630000
v -2.437385 0.718396 -0.687385
v -2.380000 0.630000 1.000000
v -2.380000 0.750000 0.880000
v -2.500000 0.630000 0.880000
v -2.380000 0.689921 0.983968
v -2.439921 0.630000 0.983968
v -2.437385 0.687385 0.968396
v -2.439921 0.733968 0.880000
v -2.380000 0.733968 0.939921
v -2.437385 0.718396 0.937385
v -2.483968 0.630000 0.939921
v -2.483968 0.689921 0.880000
v -2.468396 0.687385 0.937385
v -1.820000 -0.630000 -0.750000
v -1.700000 -0.630000 -0.630000
v -1.820000 -0.750000 -0.630000
v -1.760079 -0.630000 -0.733968
v -1.820000 -0.689921 -0.733968
v -1.762614 -0.687385 -0.718396
v -1.716031 -0.689921 -0.630000
v -1.716031 -0.630000 -0.689921
v -1.731604 -0.687385 -0.687385
v -1.820000 -0.733968 -0.689921
v -1.760079 -0.733968 -0.630000
v -1.762614 -0.718396 -0.687385
v -1.820000 -0.630000 1.000000
v -1.820000 -0.750000 0.880000
v -1.700000 -0.630000 0.880000
v -1.820000 -0.689921 0.983968
v -1.760079 -0.630000 0.983968
v -1.762614 -0.687385 0.968396
v -1.760079 -0.733968 0.880000
v -1.820000 -0.733968 0.939921
v -1.762614 -0.718396 0.937385
v -1.716031 -0.630000 0.939921
v -1.716031 -0.689921 0.880000
v -1.731604 -0.687385 0.937385
v -1.820000 0.630000 -0.750000
v -1.820000 0.750000 -0.630000
v -1.700000 0.630000 -0.630000
v -1.820000 0.689921 -0.733968
v -1.760079 0.630000 -0.733968
v -1.762614 0.687385 -0.718396
v -1.760079 0.733968 -0.630000
v -1.820000 0.733968 -0.689921
v -1.762614 0.718396 -0.687385
v -1.716031 0.630000 -0.689921
v -1.716031 0.689921 -0.630000
v -1.731604 0.687385 -0.687385
v -1.820000 0.630000 1.000000
v -1.700000 0.630000 0.880000
v -1.820000 0.750000 0.880000
v -1.760079 0.630000 0.983968
v -1.820000 0.689921 0.983968
v -1.762614 0.687385 0.968396
v -1.716031 0.689921 0.880000
v -1.716031 0.630000 0.939921
v -1.731604 0.687385 0.937385
v -1.820000 0.733968 0.939921
v -1.760079 0.733968 0.880000
v -1.762614 0.718396 0.937385
v -2.700000 0.144000 0.550000
v -2.500000 0.144000 0.550000
v -2.700000 0.143307 0.535886
v -2.500000 0.143307 0.535886
v -2.700000 0.141233 0.521907
v -2.500000 0.141233 0.521907
v -2.700000 0.137799 0.508199
v -2.500000 0.137799 0.508199
v -2.700000 0.133039 0.494894
v -2.500000 0.133039 0.494894
v -2.700000 0.126997 0.482119
v -2.500000 0.126997 0.482119
v -2.700000 0.119732 0.469998
v -2.500000 0.119732 0.469998
v -2.700000 0.111313 0.458647
v -2.500000 0.111313 0.458647
v -2.700000 0.101823 0.448177
v -2.500000 0.101823 0.448177
v -2.700000 0.091353 0.438687
v -2.500000 0.091353 0.438687
v -2.700000 0.080002 0.430268
v -2.500000 0.080002 0.430268
v -2.700000 0.067881 0.423003
v -2.500000 0.067881 0.423003
v -2.700000 0.055106 0.416961
v -2.500000 0.055106 0.416961
v -2.700000 0.041801 0.412201
v -2.500000 0.041801 0.412201
v -2.700000 0.028093 0.408767
v -2.500000 0.028093 0.408767
v -2.700000 0.014114 0.406693
v -2.500000 0.014114 0.406693
v -2.700000 0.000000 0.406000
v -2.500000 0.000000 0.406000
v -2.700000 -0.014114 0.406693
v -2.500000 -0.014114 0.406693
v -2.700000 -0.028093 0.408767
v -2.500000 -0.028093 0.408767
v -2.700000 -0.041801 0.412201
v -2.500000 -0.041801 0.412201
v -2.700000 -0.055106 0.416961
v -2.500000 -0.055106 0.416961
v -2.700000 -0.067881 0.423003
v -2.500000 -0.067881 0.423003
v -2.700000 -0.080002 0.430268
v -2.500000 -0.080002 0.430268
v -2.700000 -0.091353 0.438687
v -2.500000 -0.091353 0.438687
v -2.700000 -0.101823 0.448177
v -2.500000 -0.101823 0.448177
v -2.700000 -0.111313 0.458647
v -2.500000 -0.111313 0.458647
v -2.700000 -0.119732 0.469998
v -2.500000 -0.119732 0.469998
v -2.700000 -0.126997 0.482119
v -2.500000 -0.126997 0.482119
v -2.700000 -0.133039 0.494894
v -2.500000 -0.133039 0.494894
v -2.700000 -0.137799 0.508199
v -2.500000 -0.137799 0.508199
v -2.700000 -0.141233 0.521907
v -2.500000 -0.141233 0.521907
v -2.700000 -0.143307 0.535886
v -2.500000 -0.143307 0.535886
v -2.700000 -0.144000 0.550000
v -2.500000 -0.144000 0.550000
v -2.700000 -0.143307 0.564114
v -2.500000 -0.143307 0.564114
v -2.700000 -0.141233 0.578093
v -2.500000 -0.141233 0.578093
v -2.700000 -0.137799 0.591801
v -2.500000 -0.137799 0.591801
v -2.700000 -0.133039 0.605106
v -2.500000 -0.133039 0.605106
v -2.700000 -0.126997 0.617881
v -2.500000 -0.126997 0.617881
v -2.700000 -0.119732 0.630002
v -2.500000 -0.119732 0.630002
v -2.700000 -0.111313 0.641353
v -2.500000 -0.111313 0.641353
v -2.700000 -0.101823 0.651823
v -2.500000 -0.101823 0.651823
v -2.700000 -0.091353 0.661314
v -2.500000 -0.091353 0.661314
v -2.700000 -0.080002 0.669732
v -2.500000 -0.080002 0.669732
v -2.700000 -0.067881 0.676997
v -2.500000 -0.067881 0.676997
v -2.700000 -0.055106 0.683039
v -2.500000 -0.055106 0.683039
v -2.700000 -0.041801 0.687799
v -2.500000 -0.041801 0.687799
v -2.700000 -0.028093 0.691233
v -2.500000 -0.028093 0.691233
v -2.700000 -0.014114 0.693307
v -2.500000 -0.014114 0.693307
v -2.700000 0.000000 0.694000
v -2.500000 0.000000 0.694000
v -2.700000 0.014114 0.693307
v -2.500000 0.014114 0.693307
v -2.700000 0.028093 0.691233
v -2.500000 0.028093 0.691233
v -2.700000 0.041801 0.687799
v -2.500000 0.041801 0.687799
v -2.700000 0.055106 0.683039
v -2.500000 0.055106 0.683039
v -2.700000 0.067881 0.676997
v -2.500000 0.067881 0.676997
v -2.700000 0.080002 0.669732
v -2.500000 0.080002 0.669732
v -2.700000 0.091353 0.661314
v -2.500000 0.091353 0.661314
v -2.700000 0.101823 0.651823
v -2.500000 0.101823 0.651823
v -2.700000 0.111313 0.641353
v -2.500000 0.111313 0.641353
v -2.700000 0.119732 0.630002
v -2.500000 0.119732 0.630002
v -2.700000 0.126997 0.617881
v -2.500000 0.126997 0.617881
v -2.700000 0.133039 0.605106
v -2.500000 0.133039 0.605106
v -2.700000 0.137799 0.591801
v -2.500000 0.137799 0.591801
v -2.700000 0.141233 0.578093
v -2.500000 0.141233 0.578093
v -2.700000 0.143307 0.564114
v -2.500000 0.143307 0.564114
v -0.850000 -1.300000 -0.300000
v -0.850000 -1.300000 0.200000
v -0.850000 -0.900000 -0.300000
v -0.850000 -0.900000 0.200000
v -0.350000 -1.300000 -0.300000
v -0.350000 -1.300000 0.200000
v -0.350000 -0.900000 -0.300000
v -0.350000 -0.900000 0.200000
v -0.850000 -1.230000 -0.050000
v -0.850000 -1.229374 -0.062742
v -0.850000 -1.229374 -0.037258
v -0.850000 -1.224402 -0.087737
v -0.850000 -1.227502 -0.075362
v -0.850000 -1.224402 -0.012263
v -0.850000 -1.227502 -0.024638
v -0.850000 -1.214650 -0.111282
v -0.850000 -1.214650 0.011282
v -0.850000 -1.200491 -0.132471
v -0.850000 -1.200491 0.032471
v -0.850000 -1.208091 -0.122224
v -0.850000 -1.208091 0.022224
v -0.850000 -1.191924 -0.141924
v -0.850000 -1.220104 -0.099749
v -0.850000 -1.220104 -0.000251
v -0.850000 -1.182471 -0.150491
v -0.850000 -1.182471 0.050491
v -0.850000 -1.161282 0.064650
v -0.850000 -1.125362 0.077502
v -0.850000 -1.137737 0.074402
v -0.850000 -1.149749 0.070104
v -0.850000 -1.172224 0.058091
v -0.850000 -1.100000 0.080000
v -0.850000 -1.074638 0.077502
v -0.850000 -1.087258 0.079374
v -0.850000 -1.050251 0.070104
v -0.850000 -1.027776 0.058091
v -0.850000 -1.038718 0.064650
v -0.850000 -1.062263 0.074402
v -0.850000 -1.112742 0.079374
v -0.850000 -1.191924 0.041924
v -0.850000 -1.172224 -0.158091
v -0.850000 -1.161282 -0.164650
v -0.850000 -1.149749 -0.170104
v -0.850000 -1.137737 -0.174402
v -0.850000 -1.100000 -0.180000
v -0.850000 -1.112742 -0.179374
v -0.850000 -1.125362 -0.177502
v -0.850000 -1.074638 -0.177502
v -0.850000 -1.050251 -0.170104
v -0.850000 -1.062263 -0.174402
v -0.850000 -1.027776 -0.158091
v -0.850000 -1.017529 0.050491
v -0.850000 -1.017529 -0.150491
v -0.850000 -1.038718 -0.164650
v -0.850000 -1.087258 -0.179374
v -0.850000 -0.999509 -0.132471
v -0.850000 -0.999509 0.032471
v -0.850000 -0.985350 -0.111282
v -0.850000 -0.985350 0.011282
v -0.850000 -0.991909 -0.122224
v -0.850000 -0.991909 0.022224
v -0.850000 -0.975598 -0.087737
v -0.850000 -0.975598 -0.012263
v -0.850000 -0.970000 -0.050000
v -0.850000 -0.970626 -0.062742
v -0.850000 -0.970626 -0.037258
v -0.850000 -0.972498 -0.075362
v -0.850000 -0.972498 -0.024638
v -0.850000 -0.979896 -0.000251
v -0.850000 -1.008076 -0.141924
v -0.850000 -0.979896 -0.099749
v -0.850000 -1.008076 0.041924
v -0.350000 -1.172224 0.058091
v -0.350000 -1.161282 0.064650
v -0.350000 -1.149749 0.070104
v -0.350000 -1.137737 0.074402
v -0.350000 -1.100000 0.080000
v -0.350000 -1.112742 0.079374
v -0.350000 -1.125362 0.077502
v -0.350000 -1.074638 0.077502
v -0.350000 -1.050251 0.070104
v -0.350000 -1.062263 0.074402
v -0.350000 -1.027776 0.058091
v -0.350000 -1.017529 -0.150491
v -0.350000 -1.017529 0.050491
v -0.350000 -1.038718 0.064650
v -0.350000 -1.087258 0.079374
v -0.350000 -0.999509 -0.132471
v -0.350000 -0.999509 0.032471
v -0.350000 -0.985350 -0.111282
v -0.350000 -0.985350 0.011282
v -0.350000 -0.991909 -0.122224
v -0.350000 -0.991909 0.022224
v -0.350000 -0.975598 -0.087737
v -0.350000 -0.975598 -0.012263
v -0.350000 -0.970000 -0.050000
v -0.350000 -0.970626 -0.062742
v -0.350000 -0.970626 -0.037258
v -0.350000 -0.972498 -0.075362
v -0.350000 -0.972498 -0.024638
v -0.350000 -0.979896 -0.000251
v -0.350000 -1.008076 -0.141924
v -0.350000 -0.979896 -0.099749
v -0.350000 -1.008076 0.041924
v -0.350000 -1.230000 -0.050000
v -0.350000 -1.229374 -0.062742
v -0.350000 -1.229374 -0.037258
v -0.350000 -1.224402 -0.087737
v -0.350000 -1.227502 -0.075362
v -0.350000 -1.224402 -0.012263
v -0.350000 -1.227502 -0.024638
v -0.350000 -1.214650 -0.111282
v -0.350000 -1.214650 0.011282
v -0.350000 -1.200491 -0.132471
v -0.350000 -1.200491 0.032471
v -0.350000 -1.208091 -0.122224
v -0.350000 -1.208091 0.022224
v -0.350000 -1.191924 -0.141924
v -0.350000 -1.220104 -0.099749
v -0.350000 -1.220104 -0.000251
v -0.350000 -1.182471 -0.150491
v -0.350000 -1.182471 0.050491
v -0.350000 -1.161282 -0.164650
v -0.350000 -1.125362 -0.177502
v -0.350000 -1.137737 -0.174402
v -0.350000 -1.149749 -0.170104
v -0.350000 -1.172224 -0.158091
v -0.350000 -1.100000 -0.180000
v -0.350000 -1.074638 -0.177502
v -0.350000 -1.087258 -0.179374
v -0.350000 -1.050251 -0.170104
v -0.350000 -1.027776 -0.158091
v -0.350000 -1.038718 -0.164650
v -0.350000 -1.062263 -0.174402
v -0.350000 -1.112742 -0.179374
v -0.350000 -1.191924 0.041924
v -1.150000 -1.050000 -0.050000
v -0.050000 -1.050000 -0.050000
v -1.150000 -1.050241 -0.054901
v -0.050000 -1.050241 -0.054901
v -1.150000 -1.050961 -0.059754
v -0.050000 -1.050961 -0.059755
v -1.150000 -1.052153 -0.064514
v -0.050000 -1.052153 -0.064514
v -1.150000 -1.053806 -0.069134
v -0.050000 -1.053806 -0.069134
v -1.150000 -1.055904 -0.073570
v -0.050000 -1.055904 -0.073570
v -1.150000 -1.058426 -0.077778
v -0.050000 -1.058426 -0.077779
v -1.150000 -1.061350 -0.081720
v -0.050000 -1.061350 -0.081720
v -1.150000 -1.064645 -0.085355
v -0.050000 -1.064645 -0.085355
v -1.150000 -1.068280 -0.088650
v -0.050000 -1.068280 -0.088651
v -1.150000 -1.072222 -0.091573
v -0.050000 -1.072222 -0.091574
v -1.150000 -1.076430 -0.094096
v -0.050000 -1.076430 -0.094096
v -1.150000 -1.080866 -0.096194
v -0.050000 -1.080866 -0.096194
v -1.150000 -1.085486 -0.097847
v -0.050000 -1.085486 -0.097847
v -1.150000 -1.090245 -0.099039
v -0.050000 -1.090245 -0.099039
v -1.150000 -1.095099 -0.099759
v -0.050000 -1.095099 -0.099759
v -1.150000 -1.100000 -0.100000
v -0.050000 -1.100000 -0.100000
v -1.150000 -1.104901 -0.099759
v -0.050000 -1.104901 -0.099759
v -1.150000 -1.109755 -0.099039
v -0.050000 -1.109755 -0.099039
v -1.150000 -1.114514 -0.097847
v -0.050000 -1.114514 -0.097847
v -1.150000 -1.119134 -0.096194
v -0.050000 -1.119134 -0.096194
v -1.150000 -1.123570 -0.094096
v -0.050000 -1.123570 -0.094096
v -1.150000 -1.127779 -0.091573
v -0.050000 -1.127779 -0.091574
v -1.150000 -1.131720 -0.088650
v -0.050000 -1.131720 -0.088651
v -1.150000 -1.135355 -0.085355
v -0.050000 -1.135355 -0.085355
v -1.150000 -1.138651 -0.081720
v -0.050000 -1.138651 -0.081720
v -1.150000 -1.141574 -0.077778
v -0.050000 -1.141574 -0.077779
v -1.150000 -1.144096 -0.073570
v -0.050000 -1.144096 -0.073570
v -1.150000 -1.146194 -0.069134
v -0.050000 -1.146194 -0.069134
v -1.150000 -1.147847 -0.064514
v -0.050000 -1.147847 -0.064514
v -1.150000 -1.149039 -0.059754
v -0.050000 -1.149039 -0.059755
v -1.150000 -1.149759 -0.054901
v -0.050000 -1.149759 -0.054901
v -1.150000 -1.150000 -0.050000
v -0.050000 -1.150000 -0.050000
v -1.150000 -1.149759 -0.045099
v -0.050000 -1.149759 -0.045099
v -1.150000 -1.149039 -0.040245
v -0.050000 -1.149039 -0.040246
v -1.150000 -1.147847 -0.035486
v -0.050000 -1.147847 -0.035486
v -1.150000 -1.146194 -0.030866
v -0.050000 -1.146194 -0.030866
v -1.150000 -1.144096 -0.026430
v -0.050000 -1.144096 -0.026430
v -1.150000 -1.141574 -0.022221
v -0.050000 -1.141574 -0.022222
v -1.150000 -1.138651 -0.018280
v -0.050000 -1.138651 -0.018280
v -1.150000 -1.135355 -0.014645
v -0.050000 -1.135355 -0.014645
v -1.150000 -1.131720 -0.011349
v -0.050000 -1.131720 -0.011349
v -1.150000 -1.127779 -0.008426
v -0.050000 -1.127779 -0.008427
v -1.150000 -1.123570 -0.005904
v -0.050000 -1.123570 -0.005904
v -1.150000 -1.119134 -0.003806
v -0.050000 -1.119134 -0.003806
v -1.150000 -1.114514 -0.002153
v -0.050000 -1.114514 -0.002153
v -1.150000 -1.109755 -0.000961
v -0.050000 -1.109755 -0.000961
v -1.150000 -1.104901 -0.000241
v -0.050000 -1.104901 -0.000241
v -1.150000 -1.100000 0.000000
v -0.050000 -1.100000 -0.000000
v -1.150000 -1.095099 -0.000241
v -0.050000 -1.095099 -0.000241
v -1.150000 -1.090245 -0.000961
v -0.050000 -1.090245 -0.000961
v -1.150000 -1.085486 -0.002153
v -0.050000 -1.085486 -0.002153
v -1.150000 -1.080866 -0.003806
v -0.050000 -1.080866 -0.003806
v -1.150000 -1.076430 -0.005904
v -0.050000 -1.076430 -0.005904
v -1.150000 -1.072222 -0.008426
v -0.050000 -1.072222 -0.008427
v -1.150000 -1.068280 -0.011349
v -0.050000 -1.068280 -0.011349
v -1.150000 -1.064645 -0.014645
v -0.050000 -1.064645 -0.014645
v -1.150000 -1.061350 -0.018280
v -0.050000 -1.061350 -0.018280
v -1.150000 -1.058426 -0.022221
v -0.050000 -1.058426 -0.022222
v -1.150000 -1.055904 -0.026430
v -0.050000 -1.055904 -0.026430
v -1.150000 -1.053806 -0.030866
v -0.050000 -1.053806 -0.030866
v -1.150000 -1.052153 -0.035486
v -0.050000 -1.052153 -0.035486
v -1.150000 -1.050961 -0.040245
v -0.050000 -1.050961 -0.040246
v -1.150000 -1.050241 -0.045099
v -0.050000 -1.050241 -0.045099
v -0.850000 0.900000 -0.300000
v -0.850000 0.900000 0.200000
v -0.850000 1.300000 -0.300000
v -0.850000 1.300000 0.200000
v -0.350000 0.900000 -0.300000
v -0.350000 0.900000 0.200000
v -0.350000 1.300000 -0.300000
v -0.350000 1.300000 0.200000
v -0.850000 0.970000 -0.050000
v -0.850000 0.970626 -0.062742
v -0.850000 0.970626 -0.037258
v -0.850000 0.975598 -0.087737
v -0.850000 0.972498 -0.075362
v -0.850000 0.975598 -0.012263
v -0.850000 0.972498 -0.024638
v -0.850000 0.985350 -0.111282
v -0.850000 0.985350 0.011282
v -0.850000 0.999509 -0.132471
v -0.850000 0.999509 0.032471
v -0.850000 0.991909 -0.122224
v -0.850000 0.991909 0.022224
v -0.850000 1.008076 -0.141924
v -0.850000 0.979896 -0.099749
v -0.850000 0.979896 -0.000251
v -0.850000 1.017529 -0.150491
v -0.850000 1.017529 0.050491
v -0.850000 1.038718 0.064650
v -0.850000 1.074638 0.077502
v -0.850000 1.062263 0.074402
v -0.850000 1.050251 0.070104
v -0.850000 1.027776 0.058091
v -0.850000 1.100000 0.080000
v -0.850000 1.125362 0.077502
v -0.850000 1.112742 0.079374
v -0.850000 1.149749 0.070104
v -0.850000 1.172224 0.058091
v -0.850000 1.161282 0.064650
v -0.850000 1.137737 0.074402
v -0.850000 1.087258 0.079374
v -0.850000 1.008076 0.041924
v -0.850000 1.027776 -0.158091
v -0.850000 1.038718 -0.164650
v -0.850000 1.050251 -0.170104
v -0.850000 1.062263 -0.174402
v -0.850000 1.100000 -0.180000
v -0.850000 1.087258 -0.179374
v -0.850000 1.074638 -0.177502
v -0.850000 1.125362 -0.177502
v -0.850000 1.149749 -0.170104
v -0.850000 1.137737 -0.174402
v -0.850000 1.172224 -0.158091
v -0.850000 1.182471 0.050491
v -0.850000 1.182471 -0.150491
v -0.850000 1.161282 -0.164650
v -0.850000 1.112742 -0.179374
v -0.850000 1.200491 -0.132471
v -0.850000 1.200491 0.032471
v -0.850000 1.214650 -0.111282
v -0.850000 1.214650 0.011282
v -0.850000 1.208091 -0.122224
v -0.850000 1.208091 0.022224
v -0.850000 1.224402 -0.087737
v -0.850000 1.224402 -0.012263
v -0.850000 1.230000 -0.050000
v -0.850000 1.229374 -0.062742
v -0.850000 1.229374 -0.037258
v -0.850000 1.227502 -0.075362
v -0.850000 1.227502 -0.024638
v -0.850000 1.220104 -0.000251
v -0.850000 1.191924 -0.141924
v -0.850000 1.220104 -0.099749
v -0.850000 1.191924 0.041924
v -0.350000 1.027776 0.058091
v -0.350000 1.038718 0.064650
v -0.350000 1.050251 0.070104
v -0.350000 1.062263 0.074402
v -0.350000 1.100000 0.080000
v -0.350000 1.087258 0.079374
v -0.350000 1.074638 0.077502
v -0.350000 1.125362 0.077502
v -0.350000 1.149749 0.070104
v -0.350000 1.137737 0.074402
v -0.350000 1.172224 0.058091
v -0.350000 1.182471 -0.150491
v -0.350000 1.182471 0.050491
v -0.350000 1.161282 0.064650
v -0.350000 1.112742 0.079374
v -0.350000 1.200491 -0.132471
v -0.350000 1.200491 0.032471
v -0.350000 1.214650 -0.111282
v -0.350000 1.214650 0.011282
v -0.350000 1.208091 -0.122224
v -0.350000 1.208091 0.022224
v -0.350000 1.224402 -0.087737
v -0.350000 1.224402 -0.012263
v -0.350000 1.230000 -0.050000
v -0.350000 1.229374 -0.062742
v -0.350000 1.229374 -0.037258
v -0.350000 1.227502 -0.075362
v -0.350000 1.227502 -0.024638
v -0.350000 1.220104 -0.000251
v -0.350000 1.191924 -0.141924
v -0.350000 1.220104 -0.099749
v -0.350000 1.191924 0.041924
v -0.350000 0.970000 -0.050000
v -0.350000 0.970626 -0.062742
v -0.350000 0.970626 -0.037258
v -0.350000 0.975598 -0.087737
v -0.350000 0.972498 -0.075362
v -0.350000 0.975598 -0.012263
v -0.350000 0.972498 -0.024638
v -0.350000 0.985350 -0.111282
v -0.350000 0.985350 0.011282
v -0.350000 0.999509 -0.132471
v -0.350000 0.999509 0.032471
v -0.350000 0.991909 -0.122224
v -0.350000 0.991909 0.022224
v -0.350000 1.008076 -0.141924
v -0.350000 0.979896 -0.099749
v -0.350000 0.979896 -0.000251
v -0.350000 1.017529 -0.150491
v -0.350000 1.017529 0.050491
v -0.350000 1.038718 -0.164650
v -0.350000 1.074638 -0.177502
v -0.350000 1.062263 -0.174402
v -0.350000 1.050251 -0.170104
v -0.350000 1.027776 -0.158091
v -0.350000 1.100000 -0.180000
v -0.350000 1.125362 -0.177502
v -0.350000 1.112742 -0.179374
v -0.350000 1.149749 -0.170104
v -0.350000 1.172224 -0.158091
v -0.350000 1.161282 -0.164650
v -0.350000 1.137737 -0.174402
v -0.350000 1.087258 -0.179374
v -0.350000 1.008076 0.041924
v -0.900000 1.230000 -0.050000
v -0.300000 1.230000 -0.050000
v -0.900000 1.229374 -0.062742
v -0.300000 1.229374 -0.062742
v -0.900000 1.227502 -0.075362
v -0.300000 1.227502 -0.075362
v -0.900000 1.224402 -0.087737
v -0.300000 1.224402 -0.087737
v -0.900000 1.220104 -0.099749
v -0.300000 1.220104 -0.099749
v -0.900000 1.214650 -0.111282
v -0.300000 1.214650 -0.111282
v -0.900000 1.208091 -0.122224
v -0.300000 1.208091 -0.122224
v -0.900000 1.200491 -0.132471
v -0.300000 1.200491 -0.132471
v -0.900000 1.191924 -0.141924
v -0.300000 1.191924 -0.141924
v -0.900000 1.182471 -0.150491
v -0.300000 1.182471 -0.150491
v -0.900000 1.172224 -0.158091
v -0.300000 1.172224 -0.158091
v -0.900000 1.161282 -0.164650
v -0.300000 1.161282 -0.164650
v -0.900000 1.149749 -0.170104
v -0.300000 1.149749 -0.170104
v -0.900000 1.137737 -0.174402
v -0.300000 1.137737 -0.174402
v -0.900000 1.125362 -0.177502
v -0.300000 1.125362 -0.177502
v -0.900000 1.112742 -0.179374
v -0.300000 1.112742 -0.179374
v -0.900000 1.100000 -0.180000
v -0.300000 1.100000 -0.180000
v -0.900000 1.087258 -0.179374
v -0.300000 1.087258 -0.179374
v -0.900000 1.074638 -0.177502
v -0.300000 1.074638 -0.177502
v -0.900000 1.062263 -0.174402
v -0.300000 1.062263 -0.174402
v -0.900000 1.050251 -0.170104
v -0.300000 1.050251 -0.170104
v -0.900000 1.038718 -0.164650
v -0.300000 1.038718 -0.164650
v -0.900000 1.027776 -0.158091
v -0.300000 1.027776 -0.158091
v -0.900000 1.017529 -0.150491
v -0.300000 1.017529 -0.150491
v -0.900000 1.008076 -0.141924
v -0.300000 1.008076 -0.141924
v -0.900000 0.999509 -0.132471
v -0.300000 0.999509 -0.132471
v -0.900000 0.991909 -0.122224
v -0.300000 0.991909 -0.122224
v -0.900000 0.985350 -0.111282
v -0.300000 0.985350 -0.111282
v -0.900000 0.979896 -0.099749
v -0.300000 0.979896 -0.099749
v -0.900000 0.975598 -0.087737
v -0.300000 0.975598 -0.087737
v -0.900000 0.972498 -0.075362
v -0.300000 0.972498 -0.075362
v -0.900000 0.970626 -0.062742
v -0.300000 0.970626 -0.062742
v -0.900000 0.970000 -0.050000
v -0.300000 0.970000 -0.050000
v -0.900000 0.970626 -0.037258
v -0.300000 0.970626 -0.037258
v -0.900000 0.972498 -0.024638
v -0.300000 0.972498 -0.024638
v -0.900000 0.975598 -0.012263
v -0.300000 0.975598 -0.012263
v -0.900000 0.979896 -0.000251
v -0.300000 0.979896 -0.000251
v -0.900000 0.985350 0.011282
v -0.300000 0.985350 0.011282
v -0.900000 0.991909 0.022224
v -0.300000 0.991909 0.022224
v -0.900000 0.999509 0.032471
v -0.300000 0.999509 0.032471
v -0.900000 1.008076 0.041924
v -0.300000 1.008076 0.041924
v -0.900000 1.017529 0.050491
v -0.300000 1.017529 0.050491
v -0.900000 1.027776 0.058091
v -0.300000 1.027776 0.058091
v -0.900000 1.038718 0.064650
v -0.300000 1.038718 0.064650
v -0.900000 1.050251 0.070104
v -0.300000 1.050251 0.070104
v -0.900000 1.062263 0.074402
v -0.300000 1.062263 0.074402
v -0.900000 1.074638 0.077502
v -0.300000 1.074638 0.077502
v -0.900000 1.087258 0.079374
v -0.300000 1.087258 0.079374
v -0.900000 1.100000 0.080000
v -0.300000 1.100000 0.080000
v -0.900000 1.112742 0.079374
v -0.300000 1.112742 0.079374
v -0.900000 1.125362 0.077502
v -0.300000 1.125362 0.077502
v -0.900000 1.137737 0.074402
v -0.300000 1.137737 0.074402
v -0.900000 1.149749 0.070104
v -0.300000 1.149749 0.070104
v -0.900000 1.161282 0.064650
v -0.300000 1.161282 0.064650
v -0.900000 1.172224 0.058091
v -0.300000 1.172224 0.058091
v -0.900000 1.182471 0.050491
v -0.300000 1.182471 0.050491
v -0.900000 1.191924 0.041924
v -0.300000 1.191924 0.041924
v -0.900000 1.200491 0.032471
v -0.300000 1.200491 0.032471
v -0.900000 1.208091 0.022224
v -0.300000 1.208091 0.022224
v -0.900000 1.214650 0.011282
v -0.300000 1.214650 0.011282
v -0.900000 1.220104 -0.000251
v -0.300000 1.220104 -0.000251
v -0.900000 1.224402 -0.012263
v -0.300000 1.224402 -0.012263
v -0.900000 1.227502 -0.024638
v -0.300000 1.227502 -0.024638
v -0.900000 1.229374 -0.037258
v -0.300000 1.229374 -0.037258
v -1.150000 1.150000 -0.050000
v -0.050000 1.150000 -0.050000
v -1.150000 1.149759 -0.054901
v -0.050000 1.149759 -0.054901
v -1.150000 1.149039 -0.059754
v -0.050000 1.149039 -0.059755
v -1.150000 1.147847 -0.064514
v -0.050000 1.147847 -0.064514
v -1.150000 1.146194 -0.069134
v -0.050000 1.146194 -0.069134
v -1.150000 1.144096 -0.073570
v -0.050000 1.144096 -0.073570
v -1.150000 1.141574 -0.077778
v -0.050000 1.141574 -0.077779
v -1.150000 1.138651 -0.081720
v -0.050000 1.138651 -0.081720
v -1.150000 1.135355 -0.085355
v -0.050000 1.135355 -0.085355
v -1.150000 1.131720 -0.088650
v -0.050000 1.131720 -0.088651
v -1.150000 1.127779 -0.091573
v -0.050000 1.127779 -0.091574
v -1.150000 1.123570 -0.094096
v -0.050000 1.123570 -0.094096
v -1.150000 1.119134 -0.096194
v -0.050000 1.119134 -0.096194
v -1.150000 1.114514 -0.097847
v -0.050000 1.114514 -0.097847
v -1.150000 1.109755 -0.099039
v -0.050000 1.109755 -0.099039
v -1.150000 1.104901 -0.099759
v -0.050000 1.104901 -0.099759
v -1.150000 1.100000 -0.100000
v -0.050000 1.100000 -0.100000
v -1.150000 1.095099 -0.099759
v -0.050000 1.095099 -0.099759
v -1.150000 1.090245 -0.099039
v -0.050000 1.090245 -0.099039
v -1.150000 1.085486 -0.097847
v -0.050000 1.085486 -0.097847
v -1.150000 1.080866 -0.096194
v -0.050000 1.080866 -0.096194
v -1.150000 1.076430 -0.094096
v -0.050000 1.076430 -0.094096
v -1.150000 1.072222 -0.091573
v -0.050000 1.072222 -0.091574
v -1.150000 1.068280 -0.088650
v -0.050000 1.068280 -0.088651
v -1.150000 1.064645 -0.085355
v -0.050000 1.064645 -0.085355
v -1.150000 1.061350 -0.081720
v -0.050000 1.061350 -0.081720
v -1.150000 1.058426 -0.077778
v -0.050000 1.058426 -0.077779
v -1.150000 1.055904 -0.073570
v -0.050000 1.055904 -0.073570
v -1.150000 1.053806 -0.069134
v -0.050000 1.053806 -0.069134
v -1.150000 1.052153 -0.064514
v -0.050000 1.052153 -0.064514
v -1.150000 1.050961 -0.059754
v -0.050000 1.050961 -0.059755
v -1.150000 1.050241 -0.054901
v -0.050000 1.050241 -0.054901
v -1.150000 1.050000 -0.050000
v -0.050000 1.050000 -0.050000
v -1.150000 1.050241 -0.045099
v -0.050000 1.050241 -0.045099
v -1.150000 1.050961 -0.040245
v -0.050000 1.050961 -0.040246
v -1.150000 1.052153 -0.035486
v -0.050000 1.052153 -0.035486
v -1.150000 1.053806 -0.030866
v -0.050000 1.053806 -0.030866
v -1.150000 1.055904 -0.026430
v -0.050000 1.055904 -0.026430
v -1.150000 1.058426 -0.022221
v -0.050000 1.058426 -0.022222
v -1.150000 1.061350 -0.018280
v -0.050000 1.061350 -0.018280
v -1.150000 1.064645 -0.014645
v -0.050000 1.064645 -0.014645
v -1.150000 1.068280 -0.011349
v -0.050000 1.068280 -0.011349
v -1.150000 1.072222 -0.008426
v -0.050000 1.072222 -0.008427
v -1.150000 1.076430 -0.005904
v -0.050000 1.076430 -0.005904
v -1.150000 1.080866 -0.003806
v -0.050000 1.080866 -0.003806
v -1.150000 1.085486 -0.002153
v -0.050000 1.085486 -0.002153
v -1.150000 1.090245 -0.000961
v -0.050000 1.090245 -0.000961
v -1.150000 1.095099 -0.000241
v -0.050000 1.095099 -0.000241
v -1.150000 1.100000 0.000000
v -0.050000 1.100000 -0.000000
v -1.150000 1.104901 -0.000241
v -0.050000 1.104901 -0.000241
v -1.150000 1.109755 -0.000961
v -0.050000 1.109755 -0.000961
v -1.150000 1.114514 -0.002153
v -0.050000 1.114514 -0.002153
v -1.150000 1.119134 -0.003806
v -0.050000 1.119134 -0.003806
v -1.150000 1.123570 -0.005904
v -0.050000 1.123570 -0.005904
v -1.150000 1.127779 -0.008426
v -0.050000 1.127779 -0.008427
v -1.150000 1.131720 -0.011349
v -0.050000 1.131720 -0.011349
v -1.150000 1.135355 -0.014645
v -0.050000 1.135355 -0.014645
v -1.150000 1.138651 -0.018280
v -0.050000 1.138651 -0.018280
v -1.150000 1.141574 -0.022221
v -0.050000 1.141574 -0.022222
v -1.150000 1.144096 -0.026430
v -0.050000 1.144096 -0.026430
v -1.150000 1.146194 -0.030866
v -0.050000 1.146194 -0.030866
v -1.150000 1.147847 -0.035486
v -0.050000 1.147847 -0.035486
v -1.150000 1.149039 -0.040245
v -0.050000 1.149039 -0.040246
v -1.150000 1.149759 -0.045099
v -0.050000 1.149759 -0.045099
v -2.450000 -0.500000 1.000000
v -2.450000 -0.500000 1.450000
v -2.450000 0.500000 1.000000
v -2.450000 0.500000 1.450000
v -2.050000 -0.500000 1.000000
v -2.050000 -0.500000 1.450000
v -2.050000 0.500000 1.000000
v -2.050000 0.500000 1.450000
v -2.250000 0.190000 1.450000
v -2.250000 0.190000 1.480000
v -2.225200 0.188375 1.450000
v -2.225200 0.188375 1.480000
v -2.200824 0.183526 1.450000
v -2.200824 0.183526 1.480000
v -2.177290 0.175537 1.450000
v -2.177290 0.175537 1.480000
v -2.155000 0.164545 1.450000
v -2.155000 0.164545 1.480000
v -2.134335 0.150737 1.450000
v -2.134335 0.150737 1.480000
v -2.115650 0.134350 1.450000
v -2.115650 0.134350 1.480000
v -2.099263 0.115665 1.450000
v -2.099263 0.115665 1.480000
v -2.085455 0.095000 1.450000
v -2.085455 0.095000 1.480000
v -2.074463 0.072710 1.450000
v -2.074463 0.072710 1.480000
v -2.066474 0.049176 1.450000
v -2.066474 0.049176 1.480000
v -2.061625 0.024800 1.450000
v -2.061625 0.024800 1.480000
v -2.060000 0.000000 1.450000
v -2.060000 0.000000 1.480000
v -2.061625 -0.024800 1.450000
v -2.061625 -0.024800 1.480000
v -2.066474 -0.049176 1.450000
v -2.066474 -0.049176 1.480000
v -2.074463 -0.072710 1.450000
v -2.074463 -0.072710 1.480000
v -2.085455 -0.095000 1.450000
v -2.085455 -0.095000 1.480000
v -2.099263 -0.115665 1.450000
v -2.099263 -0.115665 1.480000
v -2.115650 -0.134350 1.450000
v -2.115650 -0.134350 1.480000
v -2.134335 -0.150737 1.450000
v -2.134335 -0.150737 1.480000
v -2.155000 -0.164545 1.450000
v -2.155000 -0.164545 1.480000
v -2.177290 -0.175537 1.450000
v -2.177290 -0.175537 1.480000
v -2.200824 -0.183526 1.450000
v -2.200824 -0.183526 1.480000
v -2.225200 -0.188375 1.450000
v -2.225200 -0.188375 1.480000
v -2.250000 -0.190000 1.450000
v -2.250000 -0.190000 1.480000
v -2.274800 -0.188375 1.450000
v -2.274800 -0.188375 1.480000
v -2.299176 -0.183526 1.450000
v -2.299176 -0.183526 1.480000
v -2.322710 -0.175537 1.450000
v -2.322710 -0.175537 1.480000
v -2.345000 -0.164545 1.450000
v -2.345000 -0.164545 1.480000
v -2.365665 -0.150737 1.450000
v -2.365665 -0.150737 1.480000
v -2.384350 -0.134350 1.450000
v -2.384350 -0.134350 1.480000
v -2.400737 -0.115665 1.450000
v -2.400737 -0.115665 1.480000
v -2.414545 -0.095000 1.450000
v -2.414545 -0.095000 1.480000
v -2.425537 -0.072710 1.450000
v -2.425537 -0.072710 1.480000
v -2.433526 -0.049176 1.450000
v -2.433526 -0.049176 1.480000
v -2.438375 -0.024800 1.450000
v -2.438375 -0.024800 1.480000
v -2.440000 0.000000 1.450000
v -2.440000 0.000000 1.480000
v -2.438375 0.024800 1.450000
v -2.438375 0.024800 1.480000
v -2.433526 0.049176 1.450000
v -2.433526 0.049176 1.480000
v -2.425537 0.072710 1.450000
v -2.425537 0.072710 1.480000
v -2.414545 0.095000 1.450000
v -2.414545 0.095000 1.480000
v -2.400737 0.115665 1.450000
v -2.400737 0.115665 1.480000
v -2.384350 0.134350 1.450000
v -2.384350 0.134350 1.480000
v -2.365665 0.150737 1.450000
v -2.365665 0.150737 1.480000
v -2.345000 0.164545 1.450000
v -2.345000 0.164545 1.480000
v -2.322710 0.175537 1.450000
v -2.322710 0.175537 1.480000
v -2.299176 0.183526 1.450000
v -2.299176 0.183526 1.480000
v -2.274800 0.188375 1.450000
v -2.274800 0.188375 1.480000
v -2.350000 0.750000 0.050000
v -2.350000 0.750000 0.550000
v -2.350000 0.780000 0.050000
v -2.350000 0.780000 0.550000
v -1.850000 0.750000 0.050000
v -1.850000 0.750000 0.550000
v -1.850000 0.780000 0.050000
v -1.850000 0.780000 0.550000
v -2.350000 -0.750000 -0.210000
v -2.350000 -0.770000 -0.210000
v -2.338253 -0.750000 -0.210770
v -2.338253 -0.770000 -0.210770
v -2.326706 -0.750000 -0.213067
v -2.326706 -0.770000 -0.213067
v -2.315558 -0.750000 -0.216851
v -2.315558 -0.770000 -0.216851
v -2.305000 -0.750000 -0.222058
v -2.305000 -0.770000 -0.222058
v -2.295211 -0.750000 -0.228598
v -2.295211 -0.770000 -0.228598
v -2.286360 -0.750000 -0.236360
v -2.286360 -0.770000 -0.236360
v -2.278598 -0.750000 -0.245211
v -2.278598 -0.770000 -0.245211
v -2.272058 -0.750000 -0.255000
v -2.272058 -0.770000 -0.255000
v -2.266851 -0.750000 -0.265558
v -2.266851 -0.770000 -0.265558
v -2.263067 -0.750000 -0.276706
v -2.263067 -0.770000 -0.276706
v -2.260770 -0.750000 -0.288253
v -2.260770 -0.770000 -0.288253
v -2.260000 -0.750000 -0.300000
v -2.260000 -0.770000 -0.300000
v -2.260770 -0.750000 -0.311747
v -2.260770 -0.770000 -0.311747
v -2.263067 -0.750000 -0.323294
v -2.263067 -0.770000 -0.323294
v -2.266851 -0.750000 -0.334441
v -2.266851 -0.770000 -0.334441
v -2.272058 -0.750000 -0.345000
v -2.272058 -0.770000 -0.345000
v -2.278598 -0.750000 -0.354789
v -2.278598 -0.770000 -0.354789
v -2.286360 -0.750000 -0.363640
v -2.286360 -0.770000 -0.363640
v -2.295211 -0.750000 -0.371402
v -2.295211 -0.770000 -0.371402
v -2.305000 -0.750000 -0.377942
v -2.305000 -0.770000 -0.377942
v -2.315558 -0.750000 -0.383149
v -2.315558 -0.770000 -0.383149
v -2.326706 -0.750000 -0.386933
v -2.326706 -0.770000 -0.386933
v -2.338253 -0.750000 -0.389230
v -2.338253 -0.770000 -0.389230
v -2.350000 -0.750000 -0.390000
v -2.350000 -0.770000 -0.390000
v -2.361747 -0.750000 -0.389230
v -2.361747 -0.770000 -0.389230
v -2.373294 -0.750000 -0.386933
v -2.373294 -0.770000 -0.386933
v -2.384441 -0.750000 -0.383149
v -2.384441 -0.770000 -0.383149
v -2.395000 -0.750000 -0.377942
v -2.395000 -0.770000 -0.377942
v -2.404788 -0.750000 -0.371402
v -2.404788 -0.770000 -0.371402
v -2.413640 -0.750000 -0.363640
v -2.413640 -0.770000 -0.363640
v -2.421402 -0.750000 -0.354789
v -2.421402 -0.770000 -0.354789
v -2.427942 -0.750000 -0.345000
v -2.427942 -0.770000 -0.345000
v -2.433149 -0.750000 -0.334441
v -2.433149 -0.770000 -0.334441
v -2.436933 -0.750000 -0.323294
v -2.436933 -0.770000 -0.323294
v -2.439230 -0.750000 -0.311747
v -2.439230 -0.770000 -0.311747
v -2.440000 -0.750000 -0.300000
v -2.440000 -0.770000 -0.300000
v -2.439230 -0.750000 -0.288253
v -2.439230 -0.770000 -0.288253
v -2.436933 -0.750000 -0.276706
v -2.436933 -0.770000 -0.276706
v -2.433149 -0.750000 -0.265558
v -2.433149 -0.770000 -0.265558
v -2.427942 -0.750000 -0.255000
v -2.427942 -0.770000 -0.255000
v -2.421402 -0.750000 -0.245211
v -2.421402 -0.770000 -0.245211
v -2.413640 -0.750000 -0.236360
v -2.413640 -0.770000 -0.236360
v -2.404788 -0.750000 -0.228598
v -2.404788 -0.770000 -0.228598
v -2.395000 -0.750000 -0.222058
v -2.395000 -0.770000 -0.222058
v -2.384441 -0.750000 -0.216851
v -2.384441 -0.770000 -0.216851
v -2.373294 -0.750000 -0.213067
v -2.373294 -0.770000 -0.213067
v -2.361747 -0.750000 -0.210770
v -2.361747 -0.770000 -0.210770
v -2.415000 -0.770000 -0.300000
v -2.414444 -0.770000 -0.291516
v -2.410052 -0.770000 -0.275126
v -2.401568 -0.770000 -0.260430
v -2.406291 -0.770000 -0.267500
v -2.412785 -0.770000 -0.283177
v -2.382500 -0.770000 -0.243708
v -2.389569 -0.770000 -0.248432
v -2.366823 -0.770000 -0.237215
v -2.350000 -0.770000 -0.235000
v -2.358484 -0.770000 -0.235556
v -2.374874 -0.770000 -0.239948
v -2.395962 -0.770000 -0.254038
v -2.406291 -0.770000 -0.332500
v -2.401568 -0.770000 -0.339569
v -2.395962 -0.770000 -0.345962
v -2.389569 -0.770000 -0.351568
v -2.374874 -0.770000 -0.360052
v -2.382500 -0.770000 -0.356292
v -2.350000 -0.770000 -0.365000
v -2.358484 -0.770000 -0.364444
v -2.333177 -0.770000 -0.362785
v -2.317500 -0.770000 -0.356292
v -2.325125 -0.770000 -0.360052
v -2.341516 -0.770000 -0.364444
v -2.366823 -0.770000 -0.362785
v -2.317500 -0.770000 -0.243708
v -2.310431 -0.770000 -0.248432
v -2.304038 -0.770000 -0.254038
v -2.298432 -0.770000 -0.260430
v -2.293708 -0.770000 -0.332500
v -2.293708 -0.770000 -0.267500
v -2.287215 -0.770000 -0.316823
v -2.285000 -0.770000 -0.300000
v -2.285556 -0.770000 -0.308484
v -2.285556 -0.770000 -0.291516
v -2.289948 -0.770000 -0.324874
v -2.287215 -0.770000 -0.283177
v -2.289948 -0.770000 -0.275126
v -2.412785 -0.770000 -0.316823
v -2.414444 -0.770000 -0.308484
v -2.341516 -0.770000 -0.235556
v -2.410052 -0.770000 -0.324874
v -2.325125 -0.770000 -0.239948
v -2.304038 -0.770000 -0.345962
v -2.298432 -0.770000 -0.339569
v -2.310431 -0.770000 -0.351568
v -2.333177 -0.770000 -0.237215
v -2.341516 -0.750000 -0.235556
v -2.333177 -0.750000 -0.237215
v -2.325125 -0.750000 -0.239948
v -2.317500 -0.750000 -0.243708
v -2.304038 -0.750000 -0.254038
v -2.310431 -0.750000 -0.248432
v -2.293708 -0.750000 -0.267500
v -2.287215 -0.750000 -0.283177
v -2.289948 -0.750000 -0.275126
v -2.285000 -0.750000 -0.300000
v -2.285556 -0.750000 -0.308484
v -2.285556 -0.750000 -0.291516
v -2.298432 -0.750000 -0.260430
v -2.389569 -0.750000 -0.351568
v -2.382500 -0.750000 -0.356292
v -2.374874 -0.750000 -0.360052
v -2.366823 -0.750000 -0.362785
v -2.350000 -0.750000 -0.365000
v -2.358484 -0.750000 -0.364444
v -2.333177 -0.750000 -0.362785
v -2.325125 -0.750000 -0.360052
v -2.317500 -0.750000 -0.356292
v -2.310431 -0.750000 -0.351568
v -2.298432 -0.750000 -0.339569
v -2.304038 -0.750000 -0.345962
v -2.341516 -0.750000 -0.364444
v -2.414444 -0.750000 -0.308484
v -2.415000 -0.750000 -0.300000
v -2.414444 -0.750000 -0.291516
v -2.412785 -0.750000 -0.316823
v -2.412785 -0.750000 -0.283177
v -2.410052 -0.750000 -0.324874
v -2.410052 -0.750000 -0.275126
v -2.401568 -0.750000 -0.260430
v -2.406291 -0.750000 -0.267500
v -2.389569 -0.750000 -0.248432
v -2.374874 -0.750000 -0.239948
v -2.382500 -0.750000 -0.243708
v -2.395962 -0.750000 -0.254038
v -2.401568 -0.750000 -0.339569
v -2.406291 -0.750000 -0.332500
v -2.366823 -0.750000 -0.237215
v -2.395962 -0.750000 -0.345962
v -2.350000 -0.750000 -0.235000
v -2.289948 -0.750000 -0.324874
v -2.287215 -0.750000 -0.316823
v -2.293708 -0.750000 -0.332500
v -2.358484 -0.750000 -0.235556
v -1.950000 -0.810000 -0.200000
v -1.950000 -0.810000 0.450000
v -1.935642 -0.810941 -0.200000
v -1.935642 -0.810941 0.450000
v -1.921530 -0.813748 -0.200000
v -1.921530 -0.813748 0.450000
v -1.907905 -0.818373 -0.200000
v -1.907905 -0.818373 0.450000
v -1.895000 -0.824737 -0.200000
v -1.895000 -0.824737 0.450000
v -1.883036 -0.832731 -0.200000
v -1.883036 -0.832731 0.450000
v -1.872218 -0.842218 -0.200000
v -1.872218 -0.842218 0.450000
v -1.862731 -0.853036 -0.200000
v -1.862731 -0.853036 0.450000
v -1.854737 -0.865000 -0.200000
v -1.854737 -0.865000 0.450000
v -1.848373 -0.877905 -0.200000
v -1.848373 -0.877905 0.450000
v -1.843748 -0.891530 -0.200000
v -1.843748 -0.891530 0.450000
v -1.840941 -0.905642 -0.200000
v -1.840941 -0.905642 0.450000
v -1.840000 -0.920000 -0.200000
v -1.840000 -0.920000 0.450000
v -1.840941 -0.934358 -0.200000
v -1.840941 -0.934358 0.450000
v -1.843748 -0.948470 -0.200000
v -1.843748 -0.948470 0.450000
v -1.848373 -0.962095 -0.200000
v -1.848373 -0.962095 0.450000
v -1.854737 -0.975000 -0.200000
v -1.854737 -0.975000 0.450000
v -1.862731 -0.986964 -0.200000
v -1.862731 -0.986964 0.450000
v -1.872218 -0.997782 -0.200000
v -1.872218 -0.997782 0.450000
v -1.883036 -1.007269 -0.200000
v -1.883036 -1.007269 0.450000
v -1.895000 -1.015263 -0.200000
v -1.895000 -1.015263 0.450000
v -1.907905 -1.021627 -0.200000
v -1.907905 -1.021627 0.450000
v -1.921530 -1.026252 -0.200000
v -1.921530 -1.026252 0.450000
v -1.935642 -1.029059 -0.200000
v -1.935642 -1.029059 0.450000
v -1.950000 -1.030000 -0.200000
v -1.950000 -1.030000 0.450000
v -1.964358 -1.029059 -0.200000
v -1.964358 -1.029059 0.450000
v -1.978470 -1.026252 -0.200000
v -1.978470 -1.026252 0.450000
v -1.992095 -1.021627 -0.200000
v -1.992095 -1.021627 0.450000
v -2.005000 -1.015263 -0.200000
v -2.005000 -1.015263 0.450000
v -2.016964 -1.007269 -0.200000
v -2.016964 -1.007269 0.450000
v -2.027782 -0.997782 -0.200000
v -2.027782 -0.997782 0.450000
v -2.037269 -0.986964 -0.200000
v -2.037269 -0.986964 0.450000
v -2.045263 -0.975000 -0.200000
v -2.045263 -0.975000 0.450000
v -2.051627 -0.962095 -0.200000
v -2.051627 -0.962095 0.450000
v -2.056252 -0.948470 -0.200000
v -2.056252 -0.948470 0.450000
v -2.059059 -0.934358 -0.200000
v -2.059059 -0.934358 0.450000
v -2.060000 -0.920000 -0.200000
v -2.060000 -0.920000 0.450000
v -2.059059 -0.905642 -0.200000
v -2.059059 -0.905642 0.450000
v -2.056252 -0.891530 -0.200000
v -2.056252 -0.891530 0.450000
v -2.051627 -0.877905 -0.200000
v -2.051627 -0.877905 0.450000
v -2.045263 -0.865000 -0.200000
v -2.045263 -0.865000 0.450000
v -2.037269 -0.853036 -0.200000
v -2.037269 -0.853036 0.450000
v -2.027782 -0.842218 -0.200000
v -2.027782 -0.842218 0.450000
v -2.016964 -0.832731 -0.200000
v -2.016964 -0.832731 0.450000
v -2.005000 -0.824737 -0.200000
v -2.005000 -0.824737 0.450000
v -1.992095 -0.818373 -0.200000
v -1.992095 -0.818373 0.450000
v -1.978470 -0.813748 -0.200000
v -1.978470 -0.813748 0.450000
v -1.964358 -0.810941 -0.200000
v -1.964358 -0.810941 0.450000
v -2.000000 -0.920000 -0.100000
v -2.000000 -0.920000 0.050000
v -2.000000 -0.750000 -0.100000
v -2.000000 -0.750000 0.050000
v -1.900000 -0.920000 -0.100000
v -1.900000 -0.920000 0.050000
v -1.900000 -0.750000 -0.100000
v -1.900000 -0.750000 0.050000
v -1.917320 -0.930000 0.450000
v -1.910000 -0.937321 0.450000
v -1.900000 -0.940000 0.450000
v -1.890000 -0.937321 0.450000
v -1.882679 -0.930000 0.450000
v -1.880000 -0.920000 0.450000
v -1.882679 -0.910000 0.450000
v -1.890000 -0.902680 0.450000
v -1.900000 -0.900000 0.450000
v -1.910000 -0.902680 0.450000
v -1.917320 -0.910000 0.450000
v -1.920000 -0.920000 0.450000
v -1.921226 -0.927486 0.548494
v -1.913941 -0.934782 0.549429
v -1.903975 -0.937438 0.550323
v -1.893998 -0.934742 0.550937
v -1.886684 -0.927417 0.551106
v -1.883992 -0.917426 0.550785
v -1.886644 -0.907445 0.550060
v -1.893929 -0.900149 0.549124
v -1.903896 -0.897493 0.548230
v -1.913872 -0.900188 0.547616
v -1.921186 -0.907513 0.547447
v -1.923878 -0.917505 0.547768
v -1.932042 -0.919790 0.644929
v -1.924854 -0.927014 0.646756
v -1.914977 -0.929604 0.648460
v -1.905056 -0.926867 0.649584
v -1.897750 -0.919536 0.649828
v -1.895016 -0.909576 0.649125
v -1.897588 -0.899654 0.647664
v -1.904775 -0.892431 0.645836
v -1.914653 -0.889840 0.644132
v -1.924574 -0.892577 0.643008
v -1.931880 -0.899908 0.642765
v -1.934613 -0.909869 0.643468
v -1.948416 -0.906680 0.738128
v -1.941377 -0.913782 0.740808
v -1.931623 -0.916270 0.743229
v -1.921770 -0.913478 0.744744
v -1.914457 -0.906153 0.744945
v -1.911643 -0.896258 0.743779
v -1.914083 -0.886445 0.741559
v -1.921123 -0.879343 0.738880
v -1.930876 -0.876855 0.736458
v -1.940730 -0.879647 0.734944
v -1.948043 -0.886972 0.734743
v -1.950856 -0.896867 0.735908
v -1.968993 -0.887919 0.826878
v -1.962144 -0.894843 0.830389
v -1.952538 -0.897195 0.833449
v -1.942747 -0.894343 0.835237
v -1.935396 -0.887053 0.835275
v -1.932455 -0.877278 0.833552
v -1.934711 -0.867637 0.830530
v -1.941559 -0.860712 0.827018
v -1.951166 -0.858361 0.823959
v -1.960957 -0.861212 0.822171
v -1.968307 -0.868502 0.822133
v -1.971249 -0.878277 0.823856
v -1.992411 -0.863260 0.909972
v -1.985794 -0.869934 0.914313
v -1.976347 -0.872114 0.917944
v -1.966601 -0.869215 0.919892
v -1.959168 -0.862014 0.919634
v -1.956038 -0.852441 0.917239
v -1.958052 -0.843060 0.913350
v -1.964669 -0.836385 0.909008
v -1.974115 -0.834205 0.905377
v -1.983861 -0.837104 0.903430
v -1.991295 -0.844305 0.903688
v -1.994424 -0.853879 0.906083
v -2.017309 -0.832436 0.986212
v -2.010968 -0.838763 0.991402
v -2.001688 -0.840732 0.995546
v -1.991955 -0.837816 0.997535
v -1.984378 -0.830796 0.996834
v -1.980987 -0.821553 0.993633
v -1.982690 -0.812564 0.988788
v -1.989032 -0.806237 0.983598
v -1.998312 -0.804268 0.979454
v -2.008045 -0.807184 0.977465
v -2.015622 -0.814204 0.978165
v -2.019013 -0.823447 0.981367
v -2.042327 -0.795147 1.054401
v -2.036306 -0.800986 1.060470
v -2.027193 -0.802700 1.065074
v -2.017431 -0.799830 1.066980
v -2.009634 -0.793144 1.065678
v -2.005893 -0.784434 1.061516
v -2.007210 -0.776034 1.055610
v -2.013231 -0.770194 1.049542
v -2.022343 -0.768480 1.044938
v -2.032106 -0.771351 1.043031
v -2.039902 -0.778036 1.044333
v -2.043643 -0.786746 1.048495
v -2.066093 -0.751044 1.113324
v -2.060434 -0.756197 1.120295
v -2.051482 -0.757606 1.125301
v -2.041637 -0.754893 1.127001
v -2.033536 -0.748784 1.124940
v -2.029351 -0.740917 1.119669
v -2.030202 -0.733400 1.112602
v -2.035862 -0.728247 1.105631
v -2.044814 -0.726838 1.100625
v -2.054659 -0.729552 1.098925
v -2.062760 -0.735660 1.100986
v -2.066945 -0.743527 1.106257
v -2.087206 -0.699738 1.161697
v -2.081927 -0.703941 1.169548
v -2.073118 -0.704995 1.174884
v -2.063138 -0.702617 1.176273
v -2.054662 -0.697444 1.173343
v -2.049961 -0.690863 1.166880
v -2.050294 -0.684637 1.158616
v -2.055572 -0.680434 1.150764
v -2.064382 -0.679381 1.145429
v -2.074361 -0.681758 1.144040
v -2.082838 -0.686931 1.146969
v -2.087539 -0.693512 1.153432
v -2.104193 -0.640864 1.198108
v -2.099264 -0.643824 1.206717
v -2.090562 -0.644494 1.212286
v -2.080420 -0.642694 1.213323
v -2.071554 -0.638907 1.209549
v -2.066341 -0.634148 1.201976
v -2.066177 -0.629692 1.192633
v -2.071106 -0.626732 1.184023
v -2.079807 -0.626062 1.178454
v -2.089950 -0.627862 1.177418
v -2.098815 -0.631648 1.181191
v -2.104029 -0.636407 1.188764
v -2.115507 -0.574246 1.221024
v -2.110820 -0.575746 1.230132
v -2.102179 -0.576051 1.235826
v -2.091900 -0.575079 1.236580
v -2.082736 -0.573090 1.232192
v -2.077144 -0.570617 1.223837
v -2.076622 -0.568324 1.213756
v -2.081309 -0.566823 1.204648
v -2.089950 -0.566518 1.198954
v -2.100229 -0.567491 1.198200
v -2.109393 -0.569479 1.202588
v -2.114985 -0.571952 1.210942
v -2.119604 -0.500000 1.228958
v -2.114999 -0.500000 1.238230
v -2.106375 -0.500000 1.243957
v -2.096042 -0.500000 1.244605
v -2.086770 -0.500000 1.239999
v -2.081043 -0.500000 1.231375
v -2.080395 -0.500000 1.221042
v -2.085001 -0.500000 1.211770
v -2.093625 -0.500000 1.206043
v -2.103958 -0.500000 1.205395
v -2.113230 -0.500000 1.210001
v -2.118957 -0.500000 1.218625
vn -0.0000 0.9988 -0.0491
vn -0.0000 0.9892 -0.1467
vn -0.0000 0.9700 -0.2430
vn -0.0000 0.9415 -0.3369
vn -0.0000 0.9040 -0.4276
vn -0.0000 0.8577 -0.5141
vn -0.0000 0.8032 -0.5957
vn -0.0000 0.7410 -0.6716
vn -0.0000 0.6716 -0.7410
vn -0.0000 0.5957 -0.8032
vn -0.0000 0.5141 -0.8577
vn -0.0000 0.4276 -0.9040
vn -0.0000 0.3369 -0.9415
vn -0.0000 0.2430 -0.9700
vn -0.0000 0.1467 -0.9892
vn -0.0000 0.0491 -0.9988
vn -0.0000 -0.0491 -0.9988
vn -0.0000 -0.1467 -0.9892
vn -0.0000 -0.2430 -0.9700
vn -0.0000 -0.3369 -0.9415
vn -0.0000 -0.4276 -0.9040
vn -0.0000 -0.5141 -0.8577
vn -0.0000 -0.5957 -0.8032
vn -0.0000 -0.6716 -0.7410
vn -0.0000 -0.7410 -0.6716
vn -0.0000 -0.8032 -0.5957
vn -0.0000 -0.8577 -0.5141
vn -0.0000 -0.9040 -0.4276
vn -0.0000 -0.9415 -0.3369
vn -0.0000 -0.9700 -0.2430
vn -0.0000 -0.9892 -0.1467
vn -0.0000 -0.9988 -0.0491
vn -0.0000 -0.9988 0.0491
vn -0.0000 -0.9892 0.1467
vn -0.0000 -0.9700 0.2430
vn -0.0000 -0.9415 0.3369
vn -0.0000 -0.9040 0.4276
vn -0.0000 -0.8577 0.5141
vn -0.0000 -0.8032 0.5957
vn -0.0000 -0.7410 0.6716
vn -0.0000 -0.6716 0.7410
vn -0.0000 -0.5957 0.8032
vn -0.0000 -0.5141 0.8577
vn -0.0000 -0.4276 0.9040
vn -0.0000 -0.3369 0.9415
vn -0.0000 -0.2430 0.9700
vn -0.0000 -0.1467 0.9892
vn -0.0000 -0.0491 0.9988
vn -0.0000 0.0491 0.9988
vn -0.0000 0.1467 0.9892
vn -0.0000 0.2430 0.9700
vn -0.0000 0.3369 0.9415
vn -0.0000 0.4276 0.9040
vn -0.0000 0.5141 0.8577
vn -0.0000 0.5957 0.8032
vn -0.0000 0.6716 0.7410
vn -0.0000 0.7410 0.6716
vn -0.0000 0.8032 0.5957
vn -0.0000 0.8577 0.5141
vn -0.0000 0.9040 0.4276
vn -0.0000 0.9415 0.3369
vn -0.0000 0.9700 0.2430
vn 1.0000 -0.0000 -0.0000
vn -0.0000 0.9892 0.1467
vn -0.0000 0.9988 0.0491
vn -1.0000 -0.0000 -0.0000
vn -0.2502 -0.2502 -0.9353
vn -0.2178 -0.6901 -0.6901
vn -0.2502 -0.9353 -0.2502
vn -0.6901 -0.6901 -0.2178
vn -0.9353 -0.2502 -0.2502
vn -0.6901 -0.2178 -0.6901
vn -0.5774 -0.5773 -0.5773
vn -0.2502 -0.9353 0.2502
vn -0.2178 -0.6901 0.6901
vn -0.2502 -0.2502 0.9353
vn -0.6901 -0.2178 0.6901
vn -0.9353 -0.2502 0.2502
vn -0.6901 -0.6901 0.2178
vn -0.5774 -0.5774 0.5773
vn -0.2502 0.2502 -0.9353
vn -0.6901 0.2178 -0.6901
vn -0.9353 0.2502 -0.2502
vn -0.6901 0.6901 -0.2178
vn -0.2502 0.9353 -0.2502
vn -0.2178 0.6901 -0.6901
vn -0.5774 0.5773 -0.5773
vn -0.2502 0.2502 0.9353
vn -0.2178 0.6901 0.6901
vn -0.2502 0.9353 0.2502
vn -0.6901 0.6901 0.2178
vn -0.9353 0.2502 0.2502
vn -0.6901 0.2178 0.6901
vn -0.5774 0.5774 0.5773
vn 0.2502 -0.2502 -0.9353
vn 0.6901 -0.2178 -0.6901
vn 0.9353 -0.2502 -0.2502
vn 0.6901 -0.6901 -0.2178
vn 0.2502 -0.9353 -0.2502
vn 0.2178 -0.6901 -0.6901
vn 0.5773 -0.5773 -0.5774
vn 0.2502 -0.2502 0.9353
vn 0.2178 -0.6901 0.6901
vn 0.2502 -0.9353 0.2502
vn 0.6901 -0.6901 0.2178
vn 0.9353 -0.2502 0.2502
vn 0.6901 -0.2178 0.6901
vn 0.5773 -0.5773 0.5774
vn 0.2502 0.2502 -0.9353
vn 0.2178 0.6901 -0.6901
vn 0.2502 0.9353 -0.2502
vn 0.6901 0.6901 -0.2178
vn 0.9353 0.2502 -0.2502
vn 0.6901 0.2178 -0.6901
vn 0.5773 0.5773 -0.5774
vn 0.2502 0.2502 0.9353
vn 0.6901 0.2178 0.6901
vn 0.9353 0.2502 0.2502
vn 0.6901 0.6901 0.2178
vn 0.2502 0.9353 0.2502
vn 0.2178 0.6901 0.6901
vn 0.5773 0.5773 0.5774
vn -0.2585 -0.0000 -0.9660
vn -0.7071 -0.0000 -0.7071
vn -0.9660 -0.0000 -0.2584
vn -0.2585 -0.9660 -0.0000
vn -0.7071 -0.7071 -0.0000
vn -0.9660 -0.2584 -0.0000
vn -0.2585 -0.0000 0.9660
vn -0.7071 -0.0000 0.7071
vn -0.9660 -0.0000 0.2584
vn -0.2585 0.9660 -0.0000
vn -0.7071 0.7071 -0.0000
vn -0.9660 0.2585 -0.0000
vn -0.0000 0.2585 -0.9660
vn -0.0000 0.7071 -0.7071
vn -0.0000 0.9660 -0.2585
vn -0.0000 0.2585 0.9660
vn -0.0000 0.7071 0.7071
vn -0.0000 0.9660 0.2585
vn 0.9660 0.2585 -0.0000
vn 0.7071 0.7071 -0.0000
vn 0.2585 0.9660 -0.0000
vn 0.2585 -0.0000 -0.9660
vn 0.7071 -0.0000 -0.7071
vn 0.9660 -0.0000 -0.2585
vn 0.2585 -0.0000 0.9660
vn 0.7071 -0.0000 0.7071
vn 0.9660 -0.0000 0.2585
vn 0.2585 -0.9660 -0.0000
vn 0.7071 -0.7071 -0.0000
vn 0.9660 -0.2585 -0.0000
vn -0.0000 -0.2585 -0.9660
vn -0.0000 -0.7071 -0.7071
vn -0.0000 -0.9660 -0.2585
vn -0.0000 -0.2585 0.9660
vn -0.0000 -0.7071 0.7071
vn -0.0000 -0.9660 0.2585
vn -0.0000 -0.0000 -1.0000
vn -0.0000 -1.0000 -0.0000
vn -0.0000 -0.0000 1.0000
vn -0.0000 1.0000 -0.0000
vn -0.0000 0.6716 -0.7409
vn -0.0000 -0.7409 -0.6716
vn -0.0000 -0.7409 0.6716
vn -0.0000 -0.6716 0.7409
vn -0.0000 0.7409 0.6716
vn -0.0000 0.7409 -0.6716
vn -0.0000 -0.6716 -0.7409
vn -0.0000 0.9040 -0.4275
vn -0.0000 -0.9040 -0.4275
vn -0.0000 -0.9040 0.4275
vn -0.0000 0.6716 0.7409
vn -0.0000 0.9040 0.4275
vn 0.0654 0.9979 -0.0000
vn 0.1951 0.9808 -0.0000
vn 0.3214 0.9469 -0.0000
vn 0.4423 0.8969 -0.0000
vn 0.5556 0.8315 -0.0000
vn 0.6593 0.7518 -0.0000
vn 0.7518 0.6593 -0.0000
vn 0.8315 0.5556 -0.0000
vn 0.8969 0.4423 -0.0000
vn 0.9469 0.3214 -0.0000
vn 0.9808 0.1951 -0.0000
vn 0.9979 0.0654 -0.0000
vn 0.9979 -0.0654 -0.0000
vn 0.9808 -0.1951 -0.0000
vn 0.9469 -0.3214 -0.0000
vn 0.8969 -0.4423 -0.0000
vn 0.8315 -0.5556 -0.0000
vn 0.7518 -0.6593 -0.0000
vn 0.6593 -0.7518 -0.0000
vn 0.5556 -0.8315 -0.0000
vn 0.4423 -0.8969 -0.0000
vn 0.3214 -0.9469 -0.0000
vn 0.1951 -0.9808 -0.0000
vn 0.0654 -0.9979 -0.0000
vn -0.0654 -0.9979 -0.0000
vn -0.1951 -0.9808 -0.0000
vn -0.3214 -0.9469 -0.0000
vn -0.4423 -0.8969 -0.0000
vn -0.5556 -0.8315 -0.0000
vn -0.6593 -0.7518 -0.0000
vn -0.7518 -0.6593 -0.0000
vn -0.8315 -0.5556 -0.0000
vn -0.8969 -0.4423 -0.0000
vn -0.9469 -0.3214 -0.0000
vn -0.9808 -0.1951 -0.0000
vn -0.9979 -0.0654 -0.0000
vn -0.9979 0.0654 -0.0000
vn -0.9808 0.1951 -0.0000
vn -0.9469 0.3214 -0.0000
vn -0.8969 0.4423 -0.0000
vn -0.8315 0.5556 -0.0000
vn -0.7518 0.6593 -0.0000
vn -0.6593 0.7518 -0.0000
vn -0.5556 0.8315 -0.0000
vn -0.4423 0.8969 -0.0000
vn -0.3214 0.9469 -0.0000
vn -0.1951 0.9808 -0.0000
vn -0.0654 0.9979 -0.0000
vn 0.0654 -0.0000 0.9979
vn 0.1951 -0.0000 0.9808
vn 0.3214 -0.0000 0.9469
vn 0.4423 -0.0000 0.8969
vn 0.5556 -0.0000 0.8315
vn 0.6594 -0.0000 0.7518
vn 0.7518 -0.0000 0.6594
vn 0.8315 -0.0000 0.5556
vn 0.8969 -0.0000 0.4423
vn 0.9469 -0.0000 0.3215
vn 0.9808 -0.0000 0.1951
vn 0.9979 -0.0000 0.0654
vn 0.9979 -0.0000 -0.0654
vn 0.9808 -0.0000 -0.1951
vn 0.9469 -0.0000 -0.3214
vn 0.8969 -0.0000 -0.4423
vn 0.8315 -0.0000 -0.5556
vn 0.7519 -0.0000 -0.6593
vn 0.6594 -0.0000 -0.7518
vn 0.5556 -0.0000 -0.8315
vn 0.4423 -0.0000 -0.8969
vn 0.3214 -0.0000 -0.9469
vn 0.1951 -0.0000 -0.9808
vn 0.0654 -0.0000 -0.9979
vn -0.0654 -0.0000 -0.9979
vn -0.1951 -0.0000 -0.9808
vn -0.3214 -0.0000 -0.9469
vn -0.4423 -0.0000 -0.8969
vn -0.5556 -0.0000 -0.8315
vn -0.6594 -0.0000 -0.7518
vn -0.7518 -0.0000 -0.6594
vn -0.8315 -0.0000 -0.5556
vn -0.8969 -0.0000 -0.4423
vn -0.9469 -0.0000 -0.3214
vn -0.9808 -0.0000 -0.1951
vn -0.9979 -0.0000 -0.0654
vn -0.9979 -0.0000 0.0654
vn -0.9808 -0.0000 0.1951
vn -0.9469 -0.0000 0.3214
vn -0.8969 -0.0000 0.4423
vn -0.8315 -0.0000 0.5556
vn -0.7518 -0.0000 0.6593
vn -0.6594 -0.0000 0.7518
vn -0.5556 -0.0000 0.8315
vn -0.4423 -0.0000 0.8969
vn -0.3214 -0.0000 0.9469
vn -0.1951 -0.0000 0.9808
vn -0.0654 -0.0000 0.9979
vn -0.6593 -0.0000 -0.7518
vn -0.9979 -0.0000 -0.0655
vn -0.9469 -0.0000 0.3215
vn -0.8315 -0.0000 0.5555
vn -0.7518 -0.0000 0.6594
vn -0.6593 -0.0000 0.7518
vn 0.3215 -0.0000 0.9469
vn 0.6593 -0.0000 0.7518
vn 0.9469 -0.0000 0.3214
vn 0.9979 -0.0000 0.0655
vn 0.9469 -0.0000 -0.3215
vn 0.6593 -0.0000 -0.7518
vn -0.8623 -0.5059 -0.0213
vn -0.9971 -0.0064 -0.0752
vn -0.9992 -0.0042 -0.0395
vn -0.4940 -0.8694 0.0083
vn -0.4933 -0.8699 0.0027
vn 0.0039 -0.9986 0.0528
vn 0.0065 -0.9996 0.0258
vn 0.4993 -0.8624 0.0831
vn 0.5026 -0.8635 0.0420
vn 0.8621 -0.4984 0.0915
vn 0.8649 -0.4998 0.0470
vn 0.9971 -0.0024 0.0756
vn 0.9992 -0.0042 0.0397
vn 0.8679 0.4952 0.0397
vn 0.8692 0.4939 0.0218
vn 0.5067 0.8621 -0.0019
vn 0.0066 0.9997 -0.0253
vn 0.5066 0.8621 -0.0069
vn -0.4965 0.8671 -0.0418
vn 0.0079 0.9986 -0.0519
vn -0.8653 0.4991 -0.0471
vn -0.4943 0.8653 -0.0829
vn -0.8630 0.4968 -0.0915
vn -0.8611 -0.5069 -0.0386
vn -0.9899 -0.0122 -0.1409
vn -0.4962 -0.8679 0.0242
vn -0.0031 -0.9940 0.1089
vn 0.4896 -0.8563 0.1645
vn 0.8524 -0.4921 0.1766
vn 0.9899 0.0025 0.1419
vn 0.8646 0.4976 0.0695
vn 0.5078 0.8612 -0.0218
vn 0.0131 0.9941 -0.1075
vn -0.4863 0.8582 -0.1643
vn -0.8541 0.4892 -0.1765
vn -0.8580 -0.5092 -0.0673
vn -0.9804 -0.0206 -0.1959
vn -0.5009 -0.8640 0.0499
vn -0.0145 -0.9853 0.1701
vn 0.4748 -0.8453 0.2451
vn 0.8384 -0.4817 0.2552
vn 0.9802 0.0099 0.1977
vn 0.8616 0.5001 0.0875
vn 0.5118 0.8579 -0.0465
vn 0.0229 0.9855 -0.1684
vn -0.4731 0.8463 -0.2449
vn -0.8410 0.4773 -0.2549
vn -0.8550 -0.5117 -0.0841
vn -0.9700 -0.0311 -0.2409
vn -0.8537 -0.5130 -0.0889
vn -0.0309 -0.9707 0.2382
vn 0.4552 -0.8283 0.3267
vn 0.8209 -0.4669 0.3288
vn 0.9696 0.0189 0.2438
vn 0.8603 0.5011 0.0937
vn 0.5198 0.8503 -0.0822
vn 0.0378 0.9709 -0.2363
vn -0.4553 0.8283 -0.3266
vn -0.8247 0.4606 -0.3282
vn -0.9600 -0.0430 -0.2766
vn -0.5095 -0.8561 0.0863
vn -0.8556 -0.5113 -0.0812
vn -0.0531 -0.9476 0.3150
vn 0.4305 -0.8034 0.4115
vn 0.8006 -0.4468 0.3993
vn 0.9592 0.0290 0.2812
vn 0.8623 0.4987 0.0877
vn 0.5332 0.8360 -0.1301
vn 0.0586 0.9479 -0.3133
vn -0.4325 0.8022 -0.4116
vn -0.8058 0.4385 -0.3980
vn -0.9514 -0.0555 -0.3030
vn -0.5232 -0.8414 0.1351
vn -0.8619 -0.5035 -0.0599
vn -0.0823 -0.9114 0.4031
vn 0.4000 -0.7670 0.5017
vn 0.7774 -0.4202 0.4680
vn 0.9499 0.0392 0.3102
vn 0.8690 0.4900 0.0689
vn 0.5534 0.8105 -0.1919
vn 0.0865 0.9118 -0.4015
vn -0.4045 0.7646 -0.5018
vn -0.7848 0.4094 -0.4654
vn -0.9450 -0.0673 -0.3199
vn -0.5434 -0.8157 0.1982
vn -0.8742 -0.4850 -0.0240
vn -0.1199 -0.8553 0.5041
vn 0.3632 -0.7139 0.5987
vn 0.7516 -0.3844 0.5360
vn 0.9424 0.0484 0.3310
vn 0.8817 0.4705 0.0365
vn 0.5820 0.7673 -0.2693
vn 0.1226 0.8557 -0.5027
vn -0.3707 0.7100 -0.5987
vn -0.7618 0.3709 -0.5311
vn -0.9420 -0.0757 -0.3269
vn -0.5718 -0.7722 0.2769
vn -0.8933 -0.4486 0.0266
vn -0.1662 -0.7689 0.6173
vn 0.3199 -0.6361 0.7021
vn 0.7235 -0.3360 0.6030
vn 0.9375 0.0548 0.3437
vn 0.9011 0.4334 -0.0094
vn 0.6197 0.6965 -0.3618
vn 0.1672 0.7695 -0.6164
vn -0.3313 0.6309 -0.7016
vn -0.7377 0.3200 -0.5945
vn -0.9430 -0.0768 -0.3240
vn -0.6090 -0.7009 0.3711
vn -0.9188 -0.3846 0.0884
vn -0.2189 -0.6401 0.7365
vn 0.2727 -0.5244 0.8066
vn 0.6948 -0.2712 0.6661
vn 0.9357 0.0556 0.3484
vn 0.9267 0.3702 -0.0653
vn 0.6645 0.5858 -0.4640
vn 0.2179 0.6407 -0.7362
vn -0.2888 0.5183 -0.8050
vn -0.7140 0.2542 -0.6524
vn -0.9472 -0.0652 -0.3141
vn -0.6535 -0.5894 0.4750
vn -0.9466 -0.2848 0.1509
vn -0.2704 -0.4606 0.8454
vn 0.2281 -0.3736 0.8991
vn 0.6694 -0.1887 0.7185
vn 0.9369 0.0477 0.3465
vn 0.9541 0.2735 -0.1223
vn 0.7096 0.4261 -0.5611
vn 0.2673 0.4610 -0.8462
vn -0.2489 0.3678 -0.8960
vn -0.6938 0.1740 -0.6989
vn -0.9520 -0.0381 -0.3038
vn -0.6985 -0.4284 0.5731
vn -0.9687 -0.1509 0.1969
vn -0.3081 -0.2384 0.9210
vn 0.1966 -0.1915 0.9616
vn 0.6527 -0.0944 0.7518
vn 0.9396 0.0285 0.3410
vn 0.9754 0.1450 -0.1659
vn 0.7432 0.2224 -0.6311
vn 0.3032 0.2383 -0.9226
vn -0.2205 0.1878 -0.9571
vn -0.6803 0.0860 -0.7279
vn -0.9743 -0.0764 0.2120
vn -0.7407 -0.1117 0.6625
vn -0.7327 -0.2237 0.6428
vn -0.3192 -0.1181 0.9403
vn 0.1852 -0.0943 0.9782
vn 0.6471 -0.0456 0.7611
vn 0.9413 0.0160 0.3372
vn 0.9805 0.0736 -0.1821
vn 0.7501 0.1109 -0.6520
vn 0.3136 0.1178 -0.9422
vn -0.6747 0.0413 -0.7369
vn -0.9536 -0.0206 -0.3002
vn -0.2635 -0.2635 -0.9280
vn -0.2635 -0.9280 -0.2635
vn -0.9280 -0.2635 -0.2635
vn -0.2635 -0.9280 0.2635
vn -0.2635 -0.2635 0.9280
vn -0.9280 -0.2635 0.2635
vn -0.2635 0.2635 -0.9280
vn -0.9280 0.2635 -0.2635
vn -0.2635 0.9280 -0.2635
vn -0.2635 0.2635 0.9280
vn -0.2635 0.9280 0.2635
vn -0.9280 0.2635 0.2635
vn 0.2635 -0.2635 -0.9280
vn 0.9280 -0.2635 -0.2635
vn 0.2635 -0.9280 -0.2635
vn 0.2635 -0.2635 0.9280
vn 0.2635 -0.9280 0.2635
vn 0.9280 -0.2635 0.2635
vn 0.2635 0.2635 -0.9280
vn 0.2635 0.9280 -0.2635
vn 0.9280 0.2635 -0.2635
vn 0.2635 0.2635 0.9280
vn 0.9280 0.2635 0.2635
vn 0.2635 0.9280 0.2635
vn -0.9660 -0.2585 -0.0000
vn -0.9660 -0.0000 0.2585
vn -0.9660 0.2584 -0.0000
vn 0.9660 -0.0000 0.2584
vn 1.0000 -0.0000 -0.0001
vn 1.0000 -0.0000 0.0002
vn 1.0000 -0.0000 0.0004
vn 1.0000 -0.0000 0.0001
vn 1.0000 -0.0000 -0.0002
vn 1.0000 -0.0000 -0.0004
vn -1.0000 -0.0000 -0.0001
vn -1.0000 -0.0000 0.0002
vn -1.0000 -0.0000 0.0004
vn -1.0000 -0.0000 0.0001
vn -1.0000 -0.0000 -0.0002
vn -1.0000 -0.0000 -0.0004
vn -1.0000 -0.0000 -0.0003
vn -0.0000 -0.0001 1.0000
vn -0.0000 0.0001 1.0000
vn 0.7519 -0.0000 0.6593
vn 0.7518 -0.0000 -0.6594
vn -0.7518 -0.0000 -0.6593
vn 0.0001 -1.0000 -0.0000
vn -0.0001 -1.0000 -0.0000
vn 0.0003 -1.0000 -0.0000
vn -0.8315 -0.0000 -0.5555
vn -0.9469 -0.0000 -0.3215
vn -0.9979 -0.0000 0.0655
vn 0.9979 -0.0000 -0.0655
vn 0.3215 -0.0000 -0.9469
vn -0.2093 0.0922 -0.9735
s 0
usemtl pipe_steel
f 2//1 3//1 1//1
f 4//2 5//2 3//2
f 6//3 7//3 5//3
f 8//4 9//4 7//4
f 10//5 11//5 9//5
f 12//6 13//6 11//6
f 14//7 15//7 13//7
f 16//8 17//8 15//8
f 18//9 19//9 17//9
f 20//10 21//10 19//10
f 22//11 23//11 21//11
f 24//12 25//12 23//12
f 26//13 27//13 25//13
f 28//14 29//14 27//14
f 30//15 31//15 29//15
f 32//16 33//16 31//16
f 34//17 35//17 33//17
f 36//18 37//18 35//18
f 38//19 39//19 37//19
f 40//20 41//20 39//20
f 42//21 43//21 41//21
f 44//22 45//22 43//22
f 46//23 47//23 45//23
f 48//24 49//24 47//24
f 50//25 51//25 49//25
f 52//26 53//26 51//26
f 54//27 55//27 53//27
f 56//28 57//28 55//28
f 58//29 59//29 57//29
f 60//30 61//30 59//30
f 62//31 63//31 61//31
f 64//32 65//32 63//32
f 66//33 67//33 65//33
f 68//34 69//34 67//34
f 70//35 71//35 69//35
f 72//36 73//36 71//36
f 74//37 75//37 73//37
f 76//38 77//38 75//38
f 78//39 79//39 77//39
f 80//40 81//40 79//40
f 82//41 83//41 81//41
f 84//42 85//42 83//42
f 86//43 87//43 85//43
f 88//44 89//44 87//44
f 90//45 91//45 89//45
f 92//46 93//46 91//46
f 94//47 95//47 93//47
f 96//48 97//48 95//48
f 98//49 99//49 97//49
f 100//50 101//50 99//50
f 102//51 103//51 101//51
f 104//52 105//52 103//52
f 106//53 107//53 105//53
f 108//54 109//54 107//54
f 110//55 111//55 109//55
f 112//56 113//56 111//56
f 114//57 115//57 113//57
f 116//58 117//58 115//58
f 118//59 119//59 117//59
f 120//60 121//60 119//60
f 122//61 123//61 121//61
f 124//62 125//62 123//62
f 70//63 38//63 6//63
f 126//64 127//64 125//64
f 128//65 1//65 127//65
f 63//66 95//66 127//66
f 866//1 867//1 865//1
f 868//2 869//2 867//2
f 870//3 871//3 869//3
f 872//4 873//4 871//4
f 874//5 875//5 873//5
f 876//6 877//6 875//6
f 878//7 879//7 877//7
f 880//8 881//8 879//8
f 882//163 883//163 881//163
f 884//10 885//10 883//10
f 886//11 887//11 885//11
f 888//12 889//12 887//12
f 890//13 891//13 889//13
f 892//14 893//14 891//14
f 894//15 895//15 893//15
f 896//16 897//16 895//16
f 898//17 899//17 897//17
f 900//18 901//18 899//18
f 902//19 903//19 901//19
f 904//20 905//20 903//20
f 906//21 907//21 905//21
f 908//22 909//22 907//22
f 910//23 911//23 909//23
f 912//24 913//24 911//24
f 914//164 915//164 913//164
f 916//26 917//26 915//26
f 918//27 919//27 917//27
f 920//28 921//28 919//28
f 922//29 923//29 921//29
f 924//30 925//30 923//30
f 926//31 927//31 925//31
f 928//32 929//32 927//32
f 930//33 931//33 929//33
f 932//34 933//34 931//34
f 934//35 935//35 933//35
f 936//36 937//36 935//36
f 938//37 939//37 937//37
f 940//38 941//38 939//38
f 942//39 943//39 941//39
f 944//40 945//40 943//40
f 946//41 947//41 945//41
f 948//42 949//42 947//42
f 950//43 951//43 949//43
f 952//44 953//44 951//44
f 954//45 955//45 953//45
f 956//46 957//46 955//46
f 958//47 959//47 957//47
f 960//48 961//48 959//48
f 962//49 963//49 961//49
f 964//50 965//50 963//50
f 966//51 967//51 965//51
f 968//52 969//52 967//52
f 970//53 971//53 969//53
f 972//54 973//54 971//54
f 974//55 975//55 973//55
f 976//56 977//56 975//56
f 978//57 979//57 977//57
f 980//58 981//58 979//58
f 982//59 983//59 981//59
f 984//60 985//60 983//60
f 986//61 987//61 985//61
f 988//62 989//62 987//62
f 934//63 902//63 870//63
f 990//64 991//64 989//64
f 992//65 865//65 991//65
f 927//66 959//66 991//66
f 1130//1 1131//1 1129//1
f 1132//2 1133//2 1131//2
f 1134//3 1135//3 1133//3
f 1136//4 1137//4 1135//4
f 1138//170 1139//170 1137//170
f 1140//6 1141//6 1139//6
f 1142//7 1143//7 1141//7
f 1144//8 1145//8 1143//8
f 1146//163 1147//163 1145//163
f 1148//10 1149//10 1147//10
f 1150//11 1151//11 1149//11
f 1152//12 1153//12 1151//12
f 1154//13 1155//13 1153//13
f 1156//14 1157//14 1155//14
f 1158//15 1159//15 1157//15
f 1160//16 1161//16 1159//16
f 1162//17 1163//17 1161//17
f 1164//18 1165//18 1163//18
f 1166//19 1167//19 1165//19
f 1168//20 1169//20 1167//20
f 1170//21 1171//21 1169//21
f 1172//22 1173//22 1171//22
f 1174//23 1175//23 1173//23
f 1176//169 1177//169 1175//169
f 1178//25 1179//25 1177//25
f 1180//26 1181//26 1179//26
f 1182//27 1183//27 1181//27
f 1184//171 1185//171 1183//171
f 1186//29 1187//29 1185//29
f 1188//30 1189//30 1187//30
f 1190//31 1191//31 1189//31
f 1192//32 1193//32 1191//32
f 1194//33 1195//33 1193//33
f 1196//34 1197//34 1195//34
f 1198//35 1199//35 1197//35
f 1200//36 1201//36 1199//36
f 1202//172 1203//172 1201//172
f 1204//38 1205//38 1203//38
f 1206//39 1207//39 1205//39
f 1208//40 1209//40 1207//40
f 1210//166 1211//166 1209//166
f 1212//42 1213//42 1211//42
f 1214//43 1215//43 1213//43
f 1216//44 1217//44 1215//44
f 1218//45 1219//45 1217//45
f 1220//46 1221//46 1219//46
f 1222//47 1223//47 1221//47
f 1224//48 1225//48 1223//48
f 1226//49 1227//49 1225//49
f 1228//50 1229//50 1227//50
f 1230//51 1231//51 1229//51
f 1232//52 1233//52 1231//52
f 1234//53 1235//53 1233//53
f 1236//54 1237//54 1235//54
f 1238//55 1239//55 1237//55
f 1240//173 1241//173 1239//173
f 1242//57 1243//57 1241//57
f 1244//58 1245//58 1243//58
f 1246//59 1247//59 1245//59
f 1248//174 1249//174 1247//174
f 1250//61 1251//61 1249//61
f 1252//62 1253//62 1251//62
f 1198//63 1166//63 1134//63
f 1254//64 1255//64 1253//64
f 1256//65 1129//65 1255//65
f 1191//66 1223//66 1255//66
f 1522//1 1523//1 1521//1
f 1524//2 1525//2 1523//2
f 1526//3 1527//3 1525//3
f 1528//4 1529//4 1527//4
f 1530//170 1531//170 1529//170
f 1532//6 1533//6 1531//6
f 1534//7 1535//7 1533//7
f 1536//8 1537//8 1535//8
f 1538//163 1539//163 1537//163
f 1540//10 1541//10 1539//10
f 1542//11 1543//11 1541//11
f 1544//12 1545//12 1543//12
f 1546//13 1547//13 1545//13
f 1548//14 1549//14 1547//14
f 1550//15 1551//15 1549//15
f 1552//16 1553//16 1551//16
f 1554//17 1555//17 1553//17
f 1556//18 1557//18 1555//18
f 1558//19 1559//19 1557//19
f 1560//20 1561//20 1559//20
f 1562//21 1563//21 1561//21
f 1564//22 1565//22 1563//22
f 1566//23 1567//23 1565//23
f 1568//169 1569//169 1567//169
f 1570//25 1571//25 1569//25
f 1572//26 1573//26 1571//26
f 1574//27 1575//27 1573//27
f 1576//171 1577//171 1575//171
f 1578//29 1579//29 1577//29
f 1580//30 1581//30 1579//30
f 1582//31 1583//31 1581//31
f 1584//32 1585//32 1583//32
f 1586//33 1587//33 1585//33
f 1588//34 1589//34 1587//34
f 1590//35 1591//35 1589//35
f 1592//36 1593//36 1591//36
f 1594//172 1595//172 1593//172
f 1596//38 1597//38 1595//38
f 1598//39 1599//39 1597//39
f 1600//40 1601//40 1599//40
f 1602//166 1603//166 1601//166
f 1604//42 1605//42 1603//42
f 1606//43 1607//43 1605//43
f 1608//44 1609//44 1607//44
f 1610//45 1611//45 1609//45
f 1612//46 1613//46 1611//46
f 1614//47 1615//47 1613//47
f 1616//48 1617//48 1615//48
f 1618//49 1619//49 1617//49
f 1620//50 1621//50 1619//50
f 1622//51 1623//51 1621//51
f 1624//52 1625//52 1623//52
f 1626//53 1627//53 1625//53
f 1628//54 1629//54 1627//54
f 1630//55 1631//55 1629//55
f 1632//173 1633//173 1631//173
f 1634//57 1635//57 1633//57
f 1636//58 1637//58 1635//58
f 1638//59 1639//59 1637//59
f 1640//174 1641//174 1639//174
f 1642//61 1643//61 1641//61
f 1644//62 1645//62 1643//62
f 1590//63 1558//63 1526//63
f 1646//64 1647//64 1645//64
f 1648//65 1521//65 1647//65
f 1583//66 1615//66 1647//66
f 1762//223 1763//223 1761//223
f 1764//224 1765//224 1763//224
f 1766//225 1767//225 1765//225
f 1768//226 1769//226 1767//226
f 1770//227 1771//227 1769//227
f 1772//228 1773//228 1771//228
f 1774//229 1775//229 1773//229
f 1776//230 1777//230 1775//230
f 1778//231 1779//231 1777//231
f 1780//232 1781//232 1779//232
f 1782//233 1783//233 1781//233
f 1784//234 1785//234 1783//234
f 1786//235 1787//235 1785//235
f 1788//236 1789//236 1787//236
f 1790//237 1791//237 1789//237
f 1792//238 1793//238 1791//238
f 1794//239 1795//239 1793//239
f 1796//240 1797//240 1795//240
f 1798//241 1799//241 1797//241
f 1800//242 1801//242 1799//242
f 1802//243 1803//243 1801//243
f 1804//244 1805//244 1803//244
f 1806//245 1807//245 1805//245
f 1808//246 1809//246 1807//246
f 1810//247 1811//247 1809//247
f 1812//248 1813//248 1811//248
f 1814//249 1815//249 1813//249
f 1816//250 1817//250 1815//250
f 1818//251 1819//251 1817//251
f 1820//252 1821//252 1819//252
f 1822//253 1823//253 1821//253
f 1824//254 1825//254 1823//254
f 1826//255 1827//255 1825//255
f 1828//256 1829//256 1827//256
f 1830//257 1831//257 1829//257
f 1832//258 1833//258 1831//258
f 1834//259 1835//259 1833//259
f 1836//260 1837//260 1835//260
f 1838//261 1839//261 1837//261
f 1840//262 1841//262 1839//262
f 1842//263 1843//263 1841//263
f 1844//264 1845//264 1843//264
f 1846//265 1847//265 1845//265
f 1848//266 1849//266 1847//266
f 1850//267 1851//267 1849//267
f 1852//268 1853//268 1851//268
f 1885//160 1886//160 1774//160
f 1824//160 1872//160 1871//160
f 1854//269 1855//269 1853//269
f 1856//270 1761//270 1855//270
f 1765//162 1907//162 1906//162
f 1823//162 1920//162 1921//162
f 1898//247 1948//247 1905//247
f 1904//248 1905//248 1906//248
f 1900//249 1906//249 1907//249
f 1883//250 1907//250 1908//250
f 1884//251 1908//251 1910//251
f 1885//271 1910//271 1909//271
f 1885//253 1917//253 1886//253
f 1886//254 1911//254 1888//254
f 1888//255 1913//255 1895//255
f 1895//256 1912//256 1894//256
f 1894//257 1916//257 1892//257
f 1892//272 1914//272 1890//272
f 1890//259 1915//259 1891//259
f 1891//260 1950//260 1889//260
f 1889//273 1949//273 1893//273
f 1893//262 1951//262 1887//262
f 1887//274 1928//274 1902//274
f 1902//275 1929//275 1901//275
f 1901//276 1927//276 1903//276
f 1903//266 1926//266 1879//266
f 1879//267 1925//267 1880//267
f 1880//268 1924//268 1878//268
f 1878//269 1930//269 1881//269
f 1881//270 1922//270 1876//270
f 1876//223 1923//223 1877//223
f 1877//224 1921//224 1882//224
f 1882//277 1920//277 1874//277
f 1874//226 1919//226 1875//226
f 1875//227 1918//227 1873//227
f 1873//278 1947//278 1872//278
f 1871//229 1947//229 1944//229
f 1870//230 1944//230 1945//230
f 1899//231 1945//231 1936//231
f 1896//279 1936//279 1934//279
f 1897//233 1934//233 1931//233
f 1857//280 1931//280 1932//280
f 1858//235 1932//235 1933//235
f 1862//236 1933//236 1935//236
f 1859//281 1935//281 1937//281
f 1861//238 1937//238 1939//238
f 1860//239 1939//239 1938//239
f 1869//240 1938//240 1943//240
f 1864//282 1943//282 1940//282
f 1863//242 1940//242 1942//242
f 1868//243 1942//243 1941//243
f 1865//244 1941//244 1946//244
f 1867//245 1946//245 1952//245
f 1866//246 1952//246 1948//246
s 1
f 2057//283 2080//284 2068//285
f 2070//286 2057//283 2058//287
f 2071//288 2058//287 2059//289
f 2072//290 2059//289 2060//291
f 2073//292 2060//291 2061//293
f 2074//294 2061//293 2062//295
f 2075//296 2062//295 2063//297
f 2064//298 2075//296 2063//297
f 2065//299 2076//300 2064//298
f 2066//301 2077//302 2065//299
f 2067//303 2078//304 2066//301
f 2068//285 2079//305 2067//303
f 2069//306 2092//307 2080//284
f 2082//308 2069//306 2070//286
f 2083//309 2070//286 2071//288
f 2084//310 2071//288 2072//290
f 2085//311 2072//290 2073//292
f 2086//312 2073//292 2074//294
f 2087//313 2074//294 2075//296
f 2076//300 2087//313 2075//296
f 2077//302 2088//314 2076//300
f 2078//304 2089//315 2077//302
f 2079//305 2090//316 2078//304
f 2080//284 2091//317 2079//305
f 2081//318 2104//319 2092//307
f 2094//320 2081//318 2082//308
f 2095//321 2082//308 2083//309
f 2096//322 2083//309 2084//310
f 2097//323 2084//310 2085//311
f 2098//324 2085//311 2086//312
f 2099//325 2086//312 2087//313
f 2088//314 2099//325 2087//313
f 2089//315 2100//326 2088//314
f 2090//316 2101//327 2089//315
f 2091//317 2102//328 2090//316
f 2092//307 2103//329 2091//317
f 2093//330 2116//331 2104//319
f 2094//320 2105//332 2093//330
f 2107//333 2094//320 2095//321
f 2108//334 2095//321 2096//322
f 2109//335 2096//322 2097//323
f 2110//336 2097//323 2098//324
f 2111//337 2098//324 2099//325
f 2112//338 2099//325 2100//326
f 2101//327 2112//338 2100//326
f 2102//328 2113//339 2101//327
f 2103//329 2114//340 2102//328
f 2104//319 2115//341 2103//329
f 2105//332 2128//342 2116//331
f 2106//343 2117//344 2105//332
f 2119//345 2106//343 2107//333
f 2120//346 2107//333 2108//334
f 2121//347 2108//334 2109//335
f 2122//348 2109//335 2110//336
f 2123//349 2110//336 2111//337
f 2124//350 2111//337 2112//338
f 2113//339 2124//350 2112//338
f 2114//340 2125//351 2113//339
f 2115//341 2126//352 2114//340
f 2116//331 2127//353 2115//341
f 2117//344 2140//354 2128//342
f 2118//355 2129//356 2117//344
f 2131//357 2118//355 2119//345
f 2132//358 2119//345 2120//346
f 2133//359 2120//346 2121//347
f 2134//360 2121//347 2122//348
f 2135//361 2122//348 2123//349
f 2136//362 2123//349 2124//350
f 2125//351 2136//362 2124//350
f 2126//352 2137//363 2125//351
f 2127//353 2138//364 2126//352
f 2128//342 2139//365 2127//353
f 2129//356 2152//366 2140//354
f 2130//367 2141//368 2129//356
f 2143//369 2130//367 2131//357
f 2144//370 2131//357 2132//358
f 2145//371 2132//358 2133//359
f 2146//372 2133//359 2134//360
f 2147//373 2134//360 2135//361
f 2148//374 2135//361 2136//362
f 2137//363 2148//374 2136//362
f 2138//364 2149//375 2137//363
f 2139//365 2150//376 2138//364
f 2140//354 2151//377 2139//365
f 2141//368 2164//378 2152//366
f 2142//379 2153//380 2141//368
f 2155//381 2142//379 2143//369
f 2156//382 2143//369 2144//370
f 2157//383 2144//370 2145//371
f 2158//384 2145//371 2146//372
f 2159//385 2146//372 2147//373
f 2160//386 2147//373 2148//374
f 2149//375 2160//386 2148//374
f 2150//376 2161//387 2149//375
f 2151//377 2162//388 2150//376
f 2152//366 2163//389 2151//377
f 2153//380 2176//390 2164//378
f 2154//391 2165//392 2153//380
f 2167//393 2154//391 2155//381
f 2168//394 2155//381 2156//382
f 2169//395 2156//382 2157//383
f 2170//396 2157//383 2158//384
f 2171//397 2158//384 2159//385
f 2172//398 2159//385 2160//386
f 2161//387 2172//398 2160//386
f 2162//388 2173//399 2161//387
f 2163//389 2174//400 2162//388
f 2164//378 2175//401 2163//389
f 2165//392 2188//402 2176//390
f 2166//403 2177//404 2165//392
f 2179//405 2166//403 2167//393
f 2180//406 2167//393 2168//394
f 2181//407 2168//394 2169//395
f 2182//408 2169//395 2170//396
f 2183//409 2170//396 2171//397
f 2184//410 2171//397 2172//398
f 2173//399 2184//410 2172//398
f 2174//400 2185//411 2173//399
f 2175//401 2186//412 2174//400
f 2176//390 2187//413 2175//401
f 2177//404 2200//414 2188//402
f 2178//415 2189//416 2177//404
f 2191//417 2178//415 2179//405
f 2192//418 2179//405 2180//406
f 2193//419 2180//406 2181//407
f 2194//420 2181//407 2182//408
f 2195//421 2182//408 2183//409
f 2196//422 2183//409 2184//410
f 2185//411 2196//422 2184//410
f 2186//412 2197//423 2185//411
f 2187//413 2198//424 2186//412
f 2188//402 2199//425 2187//413
f 2201//426 2200//414 2189//416
f 2202//427 2189//416 2190//428
f 2203//429 2190//428 2191//417
f 2204//430 2191//417 2192//418
f 2193//419 2204//430 2192//418
f 2194//420 2205//431 2193//419
f 2195//421 2206//432 2194//420
f 2196//422 2207//433 2195//421
f 2197//423 2208//434 2196//422
f 2198//424 2209//435 2197//423
f 2211//436 2198//424 2199//425
f 2212//437 2199//425 2200//414
s 0
f 2//1 4//1 3//1
f 4//2 6//2 5//2
f 6//3 8//3 7//3
f 8//4 10//4 9//4
f 10//5 12//5 11//5
f 12//6 14//6 13//6
f 14//7 16//7 15//7
f 16//8 18//8 17//8
f 18//9 20//9 19//9
f 20//10 22//10 21//10
f 22//11 24//11 23//11
f 24//12 26//12 25//12
f 26//13 28//13 27//13
f 28//14 30//14 29//14
f 30//15 32//15 31//15
f 32//16 34//16 33//16
f 34//17 36//17 35//17
f 36//18 38//18 37//18
f 38//19 40//19 39//19
f 40//20 42//20 41//20
f 42//21 44//21 43//21
f 44//22 46//22 45//22
f 46//23 48//23 47//23
f 48//24 50//24 49//24
f 50//25 52//25 51//25
f 52//26 54//26 53//26
f 54//27 56//27 55//27
f 56//28 58//28 57//28
f 58//29 60//29 59//29
f 60//30 62//30 61//30
f 62//31 64//31 63//31
f 64//32 66//32 65//32
f 66//33 68//33 67//33
f 68//34 70//34 69//34
f 70//35 72//35 71//35
f 72//36 74//36 73//36
f 74//37 76//37 75//37
f 76//38 78//38 77//38
f 78//39 80//39 79//39
f 80//40 82//40 81//40
f 82//41 84//41 83//41
f 84//42 86//42 85//42
f 86//43 88//43 87//43
f 88//44 90//44 89//44
f 90//45 92//45 91//45
f 92//46 94//46 93//46
f 94//47 96//47 95//47
f 96//48 98//48 97//48
f 98//49 100//49 99//49
f 100//50 102//50 101//50
f 102//51 104//51 103//51
f 104//52 106//52 105//52
f 106//53 108//53 107//53
f 108//54 110//54 109//54
f 110//55 112//55 111//55
f 112//56 114//56 113//56
f 114//57 116//57 115//57
f 116//58 118//58 117//58
f 118//59 120//59 119//59
f 120//60 122//60 121//60
f 122//61 124//61 123//61
f 124//62 126//62 125//62
f 6//63 4//63 2//63
f 2//63 128//63 126//63
f 126//63 124//63 122//63
f 122//63 120//63 118//63
f 118//63 116//63 114//63
f 114//63 112//63 110//63
f 110//63 108//63 106//63
f 106//63 104//63 102//63
f 102//63 100//63 98//63
f 98//63 96//63 94//63
f 94//63 92//63 90//63
f 90//63 88//63 86//63
f 86//63 84//63 82//63
f 82//63 80//63 78//63
f 78//63 76//63 74//63
f 74//63 72//63 70//63
f 70//63 68//63 66//63
f 66//63 64//63 62//63
f 62//63 60//63 58//63
f 58//63 56//63 54//63
f 54//63 52//63 50//63
f 50//63 48//63 46//63
f 46//63 44//63 42//63
f 42//63 40//63 38//63
f 38//63 36//63 34//63
f 34//63 32//63 30//63
f 30//63 28//63 26//63
f 26//63 24//63 22//63
f 22//63 20//63 18//63
f 18//63 16//63 14//63
f 14//63 12//63 10//63
f 10//63 8//63 6//63
f 6//63 2//63 126//63
f 126//63 122//63 118//63
f 118//63 114//63 110//63
f 110//63 106//63 102//63
f 102//63 98//63 94//63
f 94//63 90//63 86//63
f 86//63 82//63 78//63
f 78//63 74//63 70//63
f 70//63 66//63 62//63
f 62//63 58//63 54//63
f 54//63 50//63 46//63
f 46//63 42//63 38//63
f 38//63 34//63 30//63
f 30//63 26//63 22//63
f 22//63 18//63 14//63
f 14//63 10//63 6//63
f 6//63 126//63 118//63
f 118//63 110//63 102//63
f 102//63 94//63 86//63
f 86//63 78//63 70//63
f 70//63 62//63 54//63
f 54//63 46//63 38//63
f 38//63 30//63 22//63
f 22//63 14//63 6//63
f 6//63 118//63 102//63
f 102//63 86//63 70//63
f 70//63 54//63 38//63
f 38//63 22//63 6//63
f 6//63 102//63 70//63
f 126//64 128//64 127//64
f 128//65 2//65 1//65
f 127//66 1//66 3//66
f 3//66 5//66 7//66
f 7//66 9//66 11//66
f 11//66 13//66 15//66
f 15//66 17//66 19//66
f 19//66 21//66 23//66
f 23//66 25//66 27//66
f 27//66 29//66 31//66
f 31//66 33//66 35//66
f 35//66 37//66 39//66
f 39//66 41//66 43//66
f 43//66 45//66 47//66
f 47//66 49//66 51//66
f 51//66 53//66 55//66
f 55//66 57//66 59//66
f 59//66 61//66 63//66
f 63//66 65//66 67//66
f 67//66 69//66 71//66
f 71//66 73//66 75//66
f 75//66 77//66 79//66
f 79//66 81//66 83//66
f 83//66 85//66 87//66
f 87//66 89//66 91//66
f 91//66 93//66 95//66
f 95//66 97//66 99//66
f 99//66 101//66 103//66
f 103//66 105//66 107//66
f 107//66 109//66 111//66
f 111//66 113//66 115//66
f 115//66 117//66 119//66
f 119//66 121//66 123//66
f 123//66 125//66 127//66
f 127//66 3//66 7//66
f 7//66 11//66 15//66
f 15//66 19//66 23//66
f 23//66 27//66 31//66
f 31//66 35//66 39//66
f 39//66 43//66 47//66
f 47//66 51//66 55//66
f 55//66 59//66 63//66
f 63//66 67//66 71//66
f 71//66 75//66 79//66
f 79//66 83//66 87//66
f 87//66 91//66 95//66
f 95//66 99//66 103//66
f 103//66 107//66 111//66
f 111//66 115//66 119//66
f 119//66 123//66 127//66
f 127//66 7//66 15//66
f 15//66 23//66 31//66
f 31//66 39//66 47//66
f 47//66 55//66 63//66
f 63//66 71//66 79//66
f 79//66 87//66 95//66
f 95//66 103//66 111//66
f 111//66 119//66 127//66
f 127//66 15//66 31//66
f 31//66 47//66 63//66
f 63//66 79//66 95//66
f 95//66 111//66 127//66
f 127//66 31//66 63//66
f 866//1 868//1 867//1
f 868//2 870//2 869//2
f 870//3 872//3 871//3
f 872//4 874//4 873//4
f 874//5 876//5 875//5
f 876//6 878//6 877//6
f 878//7 880//7 879//7
f 880//168 882//168 881//168
f 882//9 884//9 883//9
f 884//10 886//10 885//10
f 886//11 888//11 887//11
f 888//12 890//12 889//12
f 890//13 892//13 891//13
f 892//14 894//14 893//14
f 894//15 896//15 895//15
f 896//16 898//16 897//16
f 898//17 900//17 899//17
f 900//18 902//18 901//18
f 902//19 904//19 903//19
f 904//20 906//20 905//20
f 906//21 908//21 907//21
f 908//22 910//22 909//22
f 910//23 912//23 911//23
f 912//169 914//169 913//169
f 914//25 916//25 915//25
f 916//26 918//26 917//26
f 918//27 920//27 919//27
f 920//28 922//28 921//28
f 922//29 924//29 923//29
f 924//30 926//30 925//30
f 926//31 928//31 927//31
f 928//32 930//32 929//32
f 930//33 932//33 931//33
f 932//34 934//34 933//34
f 934//35 936//35 935//35
f 936//36 938//36 937//36
f 938//37 940//37 939//37
f 940//38 942//38 941//38
f 942//39 944//39 943//39
f 944//40 946//40 945//40
f 946//41 948//41 947//41
f 948//42 950//42 949//42
f 950//43 952//43 951//43
f 952//44 954//44 953//44
f 954//45 956//45 955//45
f 956//46 958//46 957//46
f 958//47 960//47 959//47
f 960//48 962//48 961//48
f 962//49 964//49 963//49
f 964//50 966//50 965//50
f 966//51 968//51 967//51
f 968//52 970//52 969//52
f 970//53 972//53 971//53
f 972//54 974//54 973//54
f 974//55 976//55 975//55
f 976//56 978//56 977//56
f 978//57 980//57 979//57
f 980//58 982//58 981//58
f 982//59 984//59 983//59
f 984//60 986//60 985//60
f 986//61 988//61 987//61
f 988//62 990//62 989//62
f 870//63 868//63 866//63
f 866//63 992//63 990//63
f 990//466 988//466 986//466
f 986//467 984//467 982//467
f 982//63 980//63 978//63
f 978//63 976//63 974//63
f 974//63 972//63 970//63
f 970//63 968//63 966//63
f 966//468 964//468 962//468
f 962//468 960//468 958//468
f 958//63 956//63 954//63
f 954//63 952//63 950//63
f 950//63 948//63 946//63
f 946//63 944//63 942//63
f 942//467 940//467 938//467
f 938//466 936//466 934//466
f 934//63 932//63 930//63
f 930//63 928//63 926//63
f 926//469 924//469 922//469
f 922//470 920//470 918//470
f 918//63 916//63 914//63
f 914//63 912//63 910//63
f 910//63 908//63 906//63
f 906//63 904//63 902//63
f 902//471 900//471 898//471
f 898//471 896//471 894//471
f 894//63 892//63 890//63
f 890//63 888//63 886//63
f 886//63 884//63 882//63
f 882//63 880//63 878//63
f 878//470 876//470 874//470
f 874//469 872//469 870//469
f 870//63 866//63 990//63
f 990//63 986//63 982//63
f 982//63 978//63 974//63
f 974//63 970//63 966//63
f 966//63 962//63 958//63
f 958//63 954//63 950//63
f 950//63 946//63 942//63
f 942//63 938//63 934//63
f 934//63 930//63 926//63
f 926//63 922//63 918//63
f 918//63 914//63 910//63
f 910//63 906//63 902//63
f 902//63 898//63 894//63
f 894//63 890//63 886//63
f 886//63 882//63 878//63
f 878//63 874//63 870//63
f 870//63 990//63 982//63
f 982//63 974//63 966//63
f 966//63 958//63 950//63
f 950//63 942//63 934//63
f 934//63 926//63 918//63
f 918//63 910//63 902//63
f 902//63 894//63 886//63
f 886//63 878//63 870//63
f 870//63 982//63 966//63
f 966//63 950//63 934//63
f 934//63 918//63 902//63
f 902//63 886//63 870//63
f 870//63 966//63 934//63
f 990//64 992//64 991//64
f 992//65 866//65 865//65
f 991//66 865//66 867//66
f 867//472 869//472 871//472
f 871//473 873//473 875//473
f 875//66 877//66 879//66
f 879//66 881//66 883//66
f 883//66 885//66 887//66
f 887//474 889//474 891//474
f 891//474 893//474 895//474
f 895//66 897//66 899//66
f 899//474 901//474 903//474
f 903//474 905//474 907//474
f 907//66 909//66 911//66
f 911//66 913//66 915//66
f 915//66 917//66 919//66
f 919//475 921//475 923//475
f 923//66 925//66 927//66
f 927//66 929//66 931//66
f 931//475 933//475 935//475
f 935//476 937//476 939//476
f 939//66 941//66 943//66
f 943//66 945//66 947//66
f 947//66 949//66 951//66
f 951//477 953//477 955//477
f 955//477 957//477 959//477
f 959//66 961//66 963//66
f 963//477 965//477 967//477
f 967//477 969//477 971//477
f 971//66 973//66 975//66
f 975//66 977//66 979//66
f 979//66 981//66 983//66
f 983//472 985//472 987//472
f 987//66 989//66 991//66
f 991//66 867//66 871//66
f 871//66 875//66 879//66
f 879//66 883//66 887//66
f 887//66 891//66 895//66
f 895//475 899//475 903//475
f 903//472 907//472 911//472
f 911//66 915//66 919//66
f 919//66 923//66 927//66
f 927//66 931//66 935//66
f 935//66 939//66 943//66
f 943//66 947//66 951//66
f 951//66 955//66 959//66
f 959//472 963//472 967//472
f 967//475 971//475 975//475
f 975//66 979//66 983//66
f 983//66 987//66 991//66
f 991//66 871//66 879//66
f 879//66 887//66 895//66
f 895//66 903//66 911//66
f 911//66 919//66 927//66
f 927//66 935//66 943//66
f 943//66 951//66 959//66
f 959//66 967//66 975//66
f 975//66 983//66 991//66
f 991//66 879//66 895//66
f 895//66 911//66 927//66
f 927//66 943//66 959//66
f 959//66 975//66 991//66
f 991//66 895//66 927//66
f 1130//1 1132//1 1131//1
f 1132//2 1134//2 1133//2
f 1134//3 1136//3 1135//3
f 1136//4 1138//4 1137//4
f 1138//170 1140//170 1139//170
f 1140//6 1142//6 1141//6
f 1142//7 1144//7 1143//7
f 1144//8 1146//8 1145//8
f 1146//163 1148//163 1147//163
f 1148//10 1150//10 1149//10
f 1150//11 1152//11 1151//11
f 1152//12 1154//12 1153//12
f 1154//13 1156//13 1155//13
f 1156//14 1158//14 1157//14
f 1158//15 1160//15 1159//15
f 1160//16 1162//16 1161//16
f 1162//17 1164//17 1163//17
f 1164//18 1166//18 1165//18
f 1166//19 1168//19 1167//19
f 1168//20 1170//20 1169//20
f 1170//21 1172//21 1171//21
f 1172//22 1174//22 1173//22
f 1174//23 1176//23 1175//23
f 1176//169 1178//169 1177//169
f 1178//25 1180//25 1179//25
f 1180//26 1182//26 1181//26
f 1182//27 1184//27 1183//27
f 1184//171 1186//171 1185//171
f 1186//29 1188//29 1187//29
f 1188//30 1190//30 1189//30
f 1190//31 1192//31 1191//31
f 1192//32 1194//32 1193//32
f 1194//33 1196//33 1195//33
f 1196//34 1198//34 1197//34
f 1198//35 1200//35 1199//35
f 1200//36 1202//36 1201//36
f 1202//172 1204//172 1203//172
f 1204//38 1206//38 1205//38
f 1206//39 1208//39 1207//39
f 1208//40 1210//40 1209//40
f 1210//166 1212//166 1211//166
f 1212//42 1214//42 1213//42
f 1214//43 1216//43 1215//43
f 1216//44 1218//44 1217//44
f 1218//45 1220//45 1219//45
f 1220//46 1222//46 1221//46
f 1222//47 1224//47 1223//47
f 1224//48 1226//48 1225//48
f 1226//49 1228//49 1227//49
f 1228//50 1230//50 1229//50
f 1230//51 1232//51 1231//51
f 1232//52 1234//52 1233//52
f 1234//53 1236//53 1235//53
f 1236//54 1238//54 1237//54
f 1238//55 1240//55 1239//55
f 1240//173 1242//173 1241//173
f 1242//57 1244//57 1243//57
f 1244//58 1246//58 1245//58
f 1246//59 1248//59 1247//59
f 1248//174 1250//174 1249//174
f 1250//61 1252//61 1251//61
f 1252//62 1254//62 1253//62
f 1134//63 1132//63 1130//63
f 1130//63 1256//63 1254//63
f 1254//63 1252//63 1250//63
f 1250//63 1248//63 1246//63
f 1246//63 1244//63 1242//63
f 1242//63 1240//63 1238//63
f 1238//63 1236//63 1234//63
f 1234//63 1232//63 1230//63
f 1230//63 1228//63 1226//63
f 1226//63 1224//63 1222//63
f 1222//63 1220//63 1218//63
f 1218//63 1216//63 1214//63
f 1214//63 1212//63 1210//63
f 1210//63 1208//63 1206//63
f 1206//63 1204//63 1202//63
f 1202//63 1200//63 1198//63
f 1198//63 1196//63 1194//63
f 1194//63 1192//63 1190//63
f 1190//63 1188//63 1186//63
f 1186//63 1184//63 1182//63
f 1182//63 1180//63 1178//63
f 1178//63 1176//63 1174//63
f 1174//63 1172//63 1170//63
f 1170//63 1168//63 1166//63
f 1166//63 1164//63 1162//63
f 1162//63 1160//63 1158//63
f 1158//63 1156//63 1154//63
f 1154//63 1152//63 1150//63
f 1150//63 1148//63 1146//63
f 1146//63 1144//63 1142//63
f 1142//63 1140//63 1138//63
f 1138//63 1136//63 1134//63
f 1134//63 1130//63 1254//63
f 1254//63 1250//63 1246//63
f 1246//63 1242//63 1238//63
f 1238//63 1234//63 1230//63
f 1230//63 1226//63 1222//63
f 1222//63 1218//63 1214//63
f 1214//63 1210//63 1206//63
f 1206//63 1202//63 1198//63
f 1198//63 1194//63 1190//63
f 1190//63 1186//63 1182//63
f 1182//63 1178//63 1174//63
f 1174//63 1170//63 1166//63
f 1166//63 1162//63 1158//63
f 1158//63 1154//63 1150//63
f 1150//63 1146//63 1142//63
f 1142//63 1138//63 1134//63
f 1134//63 1254//63 1246//63
f 1246//63 1238//63 1230//63
f 1230//63 1222//63 1214//63
f 1214//63 1206//63 1198//63
f 1198//63 1190//63 1182//63
f 1182//63 1174//63 1166//63
f 1166//63 1158//63 1150//63
f 1150//63 1142//63 1134//63
f 1134//63 1246//63 1230//63
f 1230//63 1214//63 1198//63
f 1198//63 1182//63 1166//63
f 1166//63 1150//63 1134//63
f 1134//63 1230//63 1198//63
f 1254//64 1256//64 1255//64
f 1256//65 1130//65 1129//65
f 1255//66 1129//66 1131//66
f 1131//475 1133//475 1135//475
f 1135//473 1137//473 1139//473
f 1139//66 1141//66 1143//66
f 1143//66 1145//66 1147//66
f 1147//66 1149//66 1151//66
f 1151//474 1153//474 1155//474
f 1155//477 1157//477 1159//477
f 1159//66 1161//66 1163//66
f 1163//477 1165//477 1167//477
f 1167//474 1169//474 1171//474
f 1171//66 1173//66 1175//66
f 1175//66 1177//66 1179//66
f 1179//476 1181//476 1183//476
f 1183//473 1185//473 1187//473
f 1187//475 1189//475 1191//475
f 1191//66 1193//66 1195//66
f 1195//472 1197//472 1199//472
f 1199//476 1201//476 1203//476
f 1203//66 1205//66 1207//66
f 1207//66 1209//66 1211//66
f 1211//66 1213//66 1215//66
f 1215//477 1217//477 1219//477
f 1219//474 1221//474 1223//474
f 1223//66 1225//66 1227//66
f 1227//474 1229//474 1231//474
f 1231//477 1233//477 1235//477
f 1235//66 1237//66 1239//66
f 1239//66 1241//66 1243//66
f 1243//473 1245//473 1247//473
f 1247//476 1249//476 1251//476
f 1251//472 1253//472 1255//472
f 1255//66 1131//66 1135//66
f 1135//66 1139//66 1143//66
f 1143//472 1147//472 1151//472
f 1151//66 1155//66 1159//66
f 1159//475 1163//475 1167//475
f 1167//66 1171//66 1175//66
f 1175//472 1179//472 1183//472
f 1183//66 1187//66 1191//66
f 1191//66 1195//66 1199//66
f 1199//66 1203//66 1207//66
f 1207//475 1211//475 1215//475
f 1215//66 1219//66 1223//66
f 1223//472 1227//472 1231//472
f 1231//66 1235//66 1239//66
f 1239//475 1243//475 1247//475
f 1247//66 1251//66 1255//66
f 1255//66 1135//66 1143//66
f 1143//66 1151//66 1159//66
f 1159//66 1167//66 1175//66
f 1175//66 1183//66 1191//66
f 1191//66 1199//66 1207//66
f 1207//66 1215//66 1223//66
f 1223//66 1231//66 1239//66
f 1239//66 1247//66 1255//66
f 1255//66 1143//66 1159//66
f 1159//66 1175//66 1191//66
f 1191//66 1207//66 1223//66
f 1223//66 1239//66 1255//66
f 1255//66 1159//66 1191//66
f 1522//1 1524//1 1523//1
f 1524//2 1526//2 1525//2
f 1526//3 1528//3 1527//3
f 1528//4 1530//4 1529//4
f 1530//170 1532//170 1531//170
f 1532//6 1534//6 1533//6
f 1534//7 1536//7 1535//7
f 1536//8 1538//8 1537//8
f 1538//163 1540//163 1539//163
f 1540//10 1542//10 1541//10
f 1542//11 1544//11 1543//11
f 1544//12 1546//12 1545//12
f 1546//13 1548//13 1547//13
f 1548//14 1550//14 1549//14
f 1550//15 1552//15 1551//15
f 1552//16 1554//16 1553//16
f 1554//17 1556//17 1555//17
f 1556//18 1558//18 1557//18
f 1558//19 1560//19 1559//19
f 1560//20 1562//20 1561//20
f 1562//21 1564//21 1563//21
f 1564//22 1566//22 1565//22
f 1566//23 1568//23 1567//23
f 1568//169 1570//169 1569//169
f 1570//25 1572//25 1571//25
f 1572//26 1574//26 1573//26
f 1574//27 1576//27 1575//27
f 1576//171 1578//171 1577//171
f 1578//29 1580//29 1579//29
f 1580//30 1582//30 1581//30
f 1582//31 1584//31 1583//31
f 1584//32 1586//32 1585//32
f 1586//33 1588//33 1587//33
f 1588//34 1590//34 1589//34
f 1590//35 1592//35 1591//35
f 1592//36 1594//36 1593//36
f 1594//172 1596//172 1595//172
f 1596//38 1598//38 1597//38
f 1598//39 1600//39 1599//39
f 1600//40 1602//40 1601//40
f 1602//166 1604//166 1603//166
f 1604//42 1606//42 1605//42
f 1606//43 1608//43 1607//43
f 1608//44 1610//44 1609//44
f 1610//45 1612//45 1611//45
f 1612//46 1614//46 1613//46
f 1614//47 1616//47 1615//47
f 1616//48 1618//48 1617//48
f 1618//49 1620//49 1619//49
f 1620//50 1622//50 1621//50
f 1622//51 1624//51 1623//51
f 1624//52 1626//52 1625//52
f 1626//53 1628//53 1627//53
f 1628//54 1630//54 1629//54
f 1630//55 1632//55 1631//55
f 1632//173 1634//173 1633//173
f 1634//57 1636//57 1635//57
f 1636//58 1638//58 1637//58
f 1638//59 1640//59 1639//59
f 1640//174 1642//174 1641//174
f 1642//61 1644//61 1643//61
f 1644//62 1646//62 1645//62
f 1526//63 1524//63 1522//63
f 1522//63 1648//63 1646//63
f 1646//63 1644//63 1642//63
f 1642//63 1640//63 1638//63
f 1638//63 1636//63 1634//63
f 1634//63 1632//63 1630//63
f 1630//63 1628//63 1626//63
f 1626//63 1624//63 1622//63
f 1622//63 1620//63 1618//63
f 1618//63 1616//63 1614//63
f 1614//63 1612//63 1610//63
f 1610//63 1608//63 1606//63
f 1606//63 1604//63 1602//63
f 1602//63 1600//63 1598//63
f 1598//63 1596//63 1594//63
f 1594//63 1592//63 1590//63
f 1590//63 1588//63 1586//63
f 1586//63 1584//63 1582//63
f 1582//63 1580//63 1578//63
f 1578//63 1576//63 1574//63
f 1574//63 1572//63 1570//63
f 1570//63 1568//63 1566//63
f 1566//63 1564//63 1562//63
f 1562//63 1560//63 1558//63
f 1558//63 1556//63 1554//63
f 1554//63 1552//63 1550//63
f 1550//63 1548//63 1546//63
f 1546//63 1544//63 1542//63
f 1542//63 1540//63 1538//63
f 1538//63 1536//63 1534//63
f 1534//63 1532//63 1530//63
f 1530//63 1528//63 1526//63
f 1526//63 1522//63 1646//63
f 1646//63 1642//63 1638//63
f 1638//63 1634//63 1630//63
f 1630//63 1626//63 1622//63
f 1622//63 1618//63 1614//63
f 1614//63 1610//63 1606//63
f 1606//63 1602//63 1598//63
f 1598//63 1594//63 1590//63
f 1590//63 1586//63 1582//63
f 1582//63 1578//63 1574//63
f 1574//63 1570//63 1566//63
f 1566//63 1562//63 1558//63
f 1558//63 1554//63 1550//63
f 1550//63 1546//63 1542//63
f 1542//63 1538//63 1534//63
f 1534//63 1530//63 1526//63
f 1526//63 1646//63 1638//63
f 1638//63 1630//63 1622//63
f 1622//63 1614//63 1606//63
f 1606//63 1598//63 1590//63
f 1590//63 1582//63 1574//63
f 1574//63 1566//63 1558//63
f 1558//63 1550//63 1542//63
f 1542//63 1534//63 1526//63
f 1526//63 1638//63 1622//63
f 1622//63 1606//63 1590//63
f 1590//63 1574//63 1558//63
f 1558//63 1542//63 1526//63
f 1526//63 1622//63 1590//63
f 1646//64 1648//64 1647//64
f 1648//65 1522//65 1521//65
f 1647//66 1521//66 1523//66
f 1523//475 1525//475 1527//475
f 1527//473 1529//473 1531//473
f 1531//66 1533//66 1535//66
f 1535//66 1537//66 1539//66
f 1539//66 1541//66 1543//66
f 1543//474 1545//474 1547//474
f 1547//477 1549//477 1551//477
f 1551//66 1553//66 1555//66
f 1555//477 1557//477 1559//477
f 1559//474 1561//474 1563//474
f 1563//66 1565//66 1567//66
f 1567//66 1569//66 1571//66
f 1571//476 1573//476 1575//476
f 1575//473 1577//473 1579//473
f 1579//475 1581//475 1583//475
f 1583//66 1585//66 1587//66
f 1587//472 1589//472 1591//472
f 1591//476 1593//476 1595//476
f 1595//66 1597//66 1599//66
f 1599//66 1601//66 1603//66
f 1603//66 1605//66 1607//66
f 1607//477 1609//477 1611//477
f 1611//474 1613//474 1615//474
f 1615//66 1617//66 1619//66
f 1619//474 1621//474 1623//474
f 1623//477 1625//477 1627//477
f 1627//66 1629//66 1631//66
f 1631//66 1633//66 1635//66
f 1635//473 1637//473 1639//473
f 1639//476 1641//476 1643//476
f 1643//472 1645//472 1647//472
f 1647//66 1523//66 1527//66
f 1527//66 1531//66 1535//66
f 1535//472 1539//472 1543//472
f 1543//66 1547//66 1551//66
f 1551//475 1555//475 1559//475
f 1559//66 1563//66 1567//66
f 1567//472 1571//472 1575//472
f 1575//66 1579//66 1583//66
f 1583//66 1587//66 1591//66
f 1591//66 1595//66 1599//66
f 1599//475 1603//475 1607//475
f 1607//66 1611//66 1615//66
f 1615//472 1619//472 1623//472
f 1623//66 1627//66 1631//66
f 1631//475 1635//475 1639//475
f 1639//66 1643//66 1647//66
f 1647//66 1527//66 1535//66
f 1535//66 1543//66 1551//66
f 1551//66 1559//66 1567//66
f 1567//66 1575//66 1583//66
f 1583//66 1591//66 1599//66
f 1599//66 1607//66 1615//66
f 1615//66 1623//66 1631//66
f 1631//66 1639//66 1647//66
f 1647//66 1535//66 1551//66
f 1551//66 1567//66 1583//66
f 1583//66 1599//66 1615//66
f 1615//66 1631//66 1647//66
f 1647//66 1551//66 1583//66
f 1762//223 1764//223 1763//223
f 1764//224 1766//224 1765//224
f 1766//225 1768//225 1767//225
f 1768//226 1770//226 1769//226
f 1770//227 1772//227 1771//227
f 1772//228 1774//228 1773//228
f 1774//481 1776//481 1775//481
f 1776//230 1778//230 1777//230
f 1778//231 1780//231 1779//231
f 1780//279 1782//279 1781//279
f 1782//233 1784//233 1783//233
f 1784//234 1786//234 1785//234
f 1786//235 1788//235 1787//235
f 1788//236 1790//236 1789//236
f 1790//281 1792//281 1791//281
f 1792//238 1794//238 1793//238
f 1794//239 1796//239 1795//239
f 1796//482 1798//482 1797//482
f 1798//241 1800//241 1799//241
f 1800//242 1802//242 1801//242
f 1802//243 1804//243 1803//243
f 1804//244 1806//244 1805//244
f 1806//245 1808//245 1807//245
f 1808//246 1810//246 1809//246
f 1810//247 1812//247 1811//247
f 1812//248 1814//248 1813//248
f 1814//249 1816//249 1815//249
f 1816//250 1818//250 1817//250
f 1818//251 1820//251 1819//251
f 1820//252 1822//252 1821//252
f 1822//483 1824//483 1823//483
f 1824//254 1826//254 1825//254
f 1826//255 1828//255 1827//255
f 1828//256 1830//256 1829//256
f 1830//257 1832//257 1831//257
f 1832//258 1834//258 1833//258
f 1834//259 1836//259 1835//259
f 1836//260 1838//260 1837//260
f 1838//261 1840//261 1839//261
f 1840//262 1842//262 1841//262
f 1842//263 1844//263 1843//263
f 1844//275 1846//275 1845//275
f 1846//265 1848//265 1847//265
f 1848//266 1850//266 1849//266
f 1850//267 1852//267 1851//267
f 1852//268 1854//268 1853//268
f 1852//484 1850//484 1848//484
f 1848//160 1846//160 1869//160
f 1848//160 1869//160 1864//160
f 1854//160 1852//160 1848//160
f 1762//160 1856//160 1854//160
f 1766//160 1764//160 1762//160
f 1770//160 1768//160 1766//160
f 1774//160 1772//160 1770//160
f 1778//160 1776//160 1774//160
f 1782//484 1780//484 1778//484
f 1786//160 1784//160 1782//160
f 1790//160 1788//160 1786//160
f 1794//485 1792//485 1790//485
f 1798//485 1796//485 1794//485
f 1902//160 1901//160 1798//160
f 1887//160 1902//160 1798//160
f 1798//160 1794//160 1790//160
f 1790//160 1786//160 1782//160
f 1782//160 1778//160 1774//160
f 1774//160 1770//160 1766//160
f 1766//160 1762//160 1854//160
f 1854//160 1848//160 1864//160
f 1854//160 1864//160 1863//160
f 1774//160 1766//160 1854//160
f 1790//160 1782//160 1774//160
f 1887//160 1798//160 1790//160
f 1893//160 1887//160 1790//160
f 1854//160 1863//160 1868//160
f 1854//160 1868//160 1865//160
f 1889//160 1893//160 1790//160
f 1891//160 1889//160 1790//160
f 1854//160 1865//160 1867//160
f 1854//160 1867//160 1866//160
f 1890//160 1891//160 1790//160
f 1892//160 1890//160 1790//160
f 1774//160 1854//160 1866//160
f 1774//160 1866//160 1898//160
f 1892//160 1790//160 1774//160
f 1894//160 1892//160 1774//160
f 1774//160 1898//160 1904//160
f 1774//160 1904//160 1900//160
f 1895//484 1894//484 1774//484
f 1888//160 1895//160 1774//160
f 1774//160 1900//160 1883//160
f 1774//160 1883//160 1884//160
f 1886//160 1888//160 1774//160
f 1774//160 1884//160 1885//160
f 1869//160 1846//160 1844//160
f 1844//484 1842//484 1840//484
f 1840//484 1838//484 1836//484
f 1836//160 1834//160 1832//160
f 1832//484 1830//484 1828//484
f 1828//484 1826//484 1824//484
f 1824//160 1822//160 1820//160
f 1820//484 1818//484 1816//484
f 1816//160 1814//160 1812//160
f 1812//160 1810//160 1808//160
f 1808//160 1806//160 1804//160
f 1804//485 1802//485 1800//485
f 1800//160 1798//160 1901//160
f 1800//160 1901//160 1903//160
f 1808//160 1804//160 1800//160
f 1816//160 1812//160 1808//160
f 1824//160 1820//160 1816//160
f 1832//160 1828//160 1824//160
f 1840//160 1836//160 1832//160
f 1869//160 1844//160 1840//160
f 1860//160 1869//160 1840//160
f 1840//160 1832//160 1824//160
f 1824//160 1816//160 1808//160
f 1808//160 1800//160 1903//160
f 1808//160 1903//160 1879//160
f 1861//160 1860//160 1840//160
f 1859//160 1861//160 1840//160
f 1808//160 1879//160 1880//160
f 1808//160 1880//160 1878//160
f 1862//160 1859//160 1840//160
f 1858//160 1862//160 1840//160
f 1808//160 1878//160 1881//160
f 1808//160 1881//160 1876//160
f 1858//160 1840//160 1824//160
f 1857//486 1858//486 1824//486
f 1808//160 1876//160 1877//160
f 1808//160 1877//160 1882//160
f 1897//160 1857//160 1824//160
f 1896//160 1897//160 1824//160
f 1824//160 1808//160 1882//160
f 1824//160 1882//160 1874//160
f 1899//160 1896//160 1824//160
f 1870//160 1899//160 1824//160
f 1824//160 1874//160 1875//160
f 1824//160 1875//160 1873//160
f 1871//160 1870//160 1824//160
f 1824//160 1873//160 1872//160
f 1854//269 1856//269 1855//269
f 1856//270 1762//270 1761//270
f 1853//162 1855//162 1761//162
f 1761//162 1763//162 1765//162
f 1765//162 1767//162 1769//162
f 1769//162 1771//162 1773//162
f 1773//162 1775//162 1777//162
f 1777//162 1779//162 1781//162
f 1781//162 1783//162 1785//162
f 1785//162 1787//162 1789//162
f 1789//162 1791//162 1949//162
f 1789//162 1949//162 1950//162
f 1781//162 1785//162 1789//162
f 1773//162 1777//162 1781//162
f 1765//162 1769//162 1773//162
f 1853//162 1761//162 1765//162
f 1849//162 1851//162 1853//162
f 1845//162 1847//162 1849//162
f 1841//162 1843//162 1845//162
f 1937//162 1839//162 1841//162
f 1939//162 1937//162 1841//162
f 1841//162 1845//162 1849//162
f 1849//162 1853//162 1765//162
f 1765//162 1773//162 1781//162
f 1781//162 1789//162 1950//162
f 1781//162 1950//162 1915//162
f 1841//162 1849//162 1765//162
f 1938//162 1939//162 1841//162
f 1943//162 1938//162 1841//162
f 1781//162 1915//162 1914//162
f 1781//162 1914//162 1916//162
f 1940//162 1943//162 1841//162
f 1942//162 1940//162 1841//162
f 1781//162 1916//162 1912//162
f 1781//162 1912//162 1913//162
f 1942//162 1841//162 1765//162
f 1941//162 1942//162 1765//162
f 1781//162 1913//162 1911//162
f 1781//162 1911//162 1917//162
f 1946//162 1941//162 1765//162
f 1952//162 1946//162 1765//162
f 1765//162 1781//162 1917//162
f 1765//162 1917//162 1909//162
f 1948//162 1952//162 1765//162
f 1905//162 1948//162 1765//162
f 1765//162 1909//162 1910//162
f 1765//162 1910//162 1908//162
f 1906//162 1905//162 1765//162
f 1765//162 1908//162 1907//162
f 1951//162 1949//162 1791//162
f 1791//162 1793//162 1795//162
f 1795//162 1797//162 1799//162
f 1799//162 1801//162 1803//162
f 1803//162 1805//162 1807//162
f 1807//162 1809//162 1811//162
f 1811//162 1813//162 1815//162
f 1815//162 1817//162 1819//162
f 1819//162 1821//162 1823//162
f 1823//162 1825//162 1827//162
f 1827//162 1829//162 1831//162
f 1831//162 1833//162 1835//162
f 1835//162 1837//162 1839//162
f 1839//162 1937//162 1935//162
f 1839//162 1935//162 1933//162
f 1831//162 1835//162 1839//162
f 1823//162 1827//162 1831//162
f 1815//162 1819//162 1823//162
f 1807//162 1811//162 1815//162
f 1799//162 1803//162 1807//162
f 1791//162 1795//162 1799//162
f 1928//162 1951//162 1791//162
f 1929//162 1928//162 1791//162
f 1791//162 1799//162 1807//162
f 1807//162 1815//162 1823//162
f 1823//162 1831//162 1839//162
f 1839//162 1933//162 1932//162
f 1839//162 1932//162 1931//162
f 1929//162 1791//162 1807//162
f 1927//162 1929//162 1807//162
f 1823//162 1839//162 1931//162
f 1823//162 1931//162 1934//162
f 1926//162 1927//162 1807//162
f 1925//162 1926//162 1807//162
f 1823//162 1934//162 1936//162
f 1823//162 1936//162 1945//162
f 1924//162 1925//162 1807//162
f 1930//162 1924//162 1807//162
f 1823//162 1945//162 1944//162
f 1823//162 1944//162 1947//162
f 1922//162 1930//162 1807//162
f 1923//162 1922//162 1807//162
f 1823//162 1947//162 1918//162
f 1823//162 1918//162 1919//162
f 1923//162 1807//162 1823//162
f 1921//162 1923//162 1823//162
f 1823//162 1919//162 1920//162
f 1898//247 1866//247 1948//247
f 1904//248 1898//248 1905//248
f 1900//249 1904//249 1906//249
f 1883//250 1900//250 1907//250
f 1884//251 1883//251 1908//251
f 1885//271 1884//271 1910//271
f 1885//253 1909//253 1917//253
f 1886//487 1917//487 1911//487
f 1888//255 1911//255 1913//255
f 1895//488 1913//488 1912//488
f 1894//257 1912//257 1916//257
f 1892//258 1916//258 1914//258
f 1890//489 1914//489 1915//489
f 1891//260 1915//260 1950//260
f 1889//261 1950//261 1949//261
f 1893//262 1949//262 1951//262
f 1887//263 1951//263 1928//263
f 1902//275 1928//275 1929//275
f 1901//276 1929//276 1927//276
f 1903//266 1927//266 1926//266
f 1879//267 1926//267 1925//267
f 1880//268 1925//268 1924//268
f 1878//269 1924//269 1930//269
f 1881//270 1930//270 1922//270
f 1876//223 1922//223 1923//223
f 1877//224 1923//224 1921//224
f 1882//225 1921//225 1920//225
f 1874//226 1920//226 1919//226
f 1875//227 1919//227 1918//227
f 1873//278 1918//278 1947//278
f 1871//481 1872//481 1947//481
f 1870//230 1871//230 1944//230
f 1899//231 1870//231 1945//231
f 1896//232 1899//232 1936//232
f 1897//233 1896//233 1934//233
f 1857//234 1897//234 1931//234
f 1858//490 1857//490 1932//490
f 1862//236 1858//236 1933//236
f 1859//237 1862//237 1935//237
f 1861//238 1859//238 1937//238
f 1860//239 1861//239 1939//239
f 1869//482 1860//482 1938//482
f 1864//282 1869//282 1943//282
f 1863//242 1864//242 1940//242
f 1868//243 1863//243 1942//243
f 1865//491 1868//491 1941//491
f 1867//245 1865//245 1946//245
f 1866//246 1867//246 1952//246
s 1
f 2057//283 2069//306 2080//284
f 2070//286 2069//306 2057//283
f 2071//288 2070//286 2058//287
f 2072//290 2071//288 2059//289
f 2073//292 2072//290 2060//291
f 2074//294 2073//292 2061//293
f 2075//296 2074//294 2062//295
f 2064//298 2076//300 2075//296
f 2065//299 2077//302 2076//300
f 2066//301 2078//304 2077//302
f 2067//303 2079//305 2078//304
f 2068//285 2080//284 2079//305
f 2069//306 2081//318 2092//307
f 2082//308 2081//318 2069//306
f 2083//309 2082//308 2070//286
f 2084//310 2083//309 2071//288
f 2085//311 2084//310 2072//290
f 2086//312 2085//311 2073//292
f 2087//313 2086//312 2074//294
f 2076//300 2088//314 2087//313
f 2077//302 2089//315 2088//314
f 2078//304 2090//316 2089//315
f 2079//305 2091//317 2090//316
f 2080//284 2092//307 2091//317
f 2081//318 2093//330 2104//319
f 2094//320 2093//330 2081//318
f 2095//321 2094//320 2082//308
f 2096//322 2095//321 2083//309
f 2097//323 2096//322 2084//310
f 2098//324 2097//323 2085//311
f 2099//325 2098//324 2086//312
f 2088//314 2100//326 2099//325
f 2089//315 2101//327 2100//326
f 2090//316 2102//328 2101//327
f 2091//317 2103//329 2102//328
f 2092//307 2104//319 2103//329
f 2093//330 2105//332 2116//331
f 2094//320 2106//343 2105//332
f 2107//333 2106//343 2094//320
f 2108//334 2107//333 2095//321
f 2109//335 2108//334 2096//322
f 2110//336 2109//335 2097//323
f 2111//337 2110//336 2098//324
f 2112//338 2111//337 2099//325
f 2101//327 2113//339 2112//338
f 2102//328 2114//340 2113//339
f 2103//329 2115//341 2114//340
f 2104//319 2116//331 2115//341
f 2105//332 2117//344 2128//342
f 2106//343 2118//355 2117//344
f 2119//345 2118//355 2106//343
f 2120//346 2119//345 2107//333
f 2121//347 2120//346 2108//334
f 2122//348 2121//347 2109//335
f 2123//349 2122//348 2110//336
f 2124//350 2123//349 2111//337
f 2113//339 2125//351 2124//350
f 2114//340 2126//352 2125//351
f 2115//341 2127//353 2126//352
f 2116//331 2128//342 2127//353
f 2117//344 2129//356 2140//354
f 2118//355 2130//367 2129//356
f 2131//357 2130//367 2118//355
f 2132//358 2131//357 2119//345
f 2133//359 2132//358 2120//346
f 2134//360 2133//359 2121//347
f 2135//361 2134//360 2122//348
f 2136//362 2135//361 2123//349
f 2125//351 2137//363 2136//362
f 2126//352 2138//364 2137//363
f 2127//353 2139//365 2138//364
f 2128//342 2140//354 2139//365
f 2129//356 2141//368 2152//366
f 2130//367 2142//379 2141//368
f 2143//369 2142//379 2130//367
f 2144//370 2143//369 2131//357
f 2145//371 2144//370 2132//358
f 2146//372 2145//371 2133//359
f 2147//373 2146//372 2134//360
f 2148//374 2147//373 2135//361
f 2137//363 2149//375 2148//374
f 2138//364 2150//376 2149//375
f 2139//365 2151//377 2150//376
f 2140//354 2152//366 2151//377
f 2141//368 2153//380 2164//378
f 2142//379 2154//391 2153//380
f 2155//381 2154//391 2142//379
f 2156//382 2155//381 2143//369
f 2157//383 2156//382 2144//370
f 2158//384 2157//383 2145//371
f 2159//385 2158//384 2146//372
f 2160//386 2159//385 2147//373
f 2149//375 2161//387 2160//386
f 2150//376 2162//388 2161//387
f 2151//377 2163//389 2162//388
f 2152//366 2164//378 2163//389
f 2153//380 2165//392 2176//390
f 2154//391 2166//403 2165//392
f 2167//393 2166//403 2154//391
f 2168//394 2167//393 2155//381
f 2169//395 2168//394 2156//382
f 2170//396 2169//395 2157//383
f 2171//397 2170//396 2158//384
f 2172//398 2171//397 2159//385
f 2161//387 2173//399 2172//398
f 2162//388 2174//400 2173//399
f 2163//389 2175//401 2174//400
f 2164//378 2176//390 2175//401
f 2165//392 2177//404 2188//402
f 2166//403 2178//415 2177//404
f 2179//405 2178//415 2166//403
f 2180//406 2179//405 2167//393
f 2181//407 2180//406 2168//394
f 2182//408 2181//407 2169//395
f 2183//409 2182//408 2170//396
f 2184//410 2183//409 2171//397
f 2173//399 2185//411 2184//410
f 2174//400 2186//412 2185//411
f 2175//401 2187//413 2186//412
f 2176//390 2188//402 2187//413
f 2177//404 2189//416 2200//414
f 2178//415 2190//428 2189//416
f 2191//417 2190//428 2178//415
f 2192//418 2191//417 2179//405
f 2193//419 2192//418 2180//406
f 2194//420 2193//419 2181//407
f 2195//421 2194//420 2182//408
f 2196//422 2195//421 2183//409
f 2185//411 2197//423 2196//422
f 2186//412 2198//424 2197//423
f 2187//413 2199//425 2198//424
f 2188//402 2200//414 2199//425
f 2201//426 2212//437 2200//414
f 2202//427 2201//426 2189//416
f 2203//429 2202//427 2190//428
f 2204//430 2203//429 2191//417
f 2193//419 2205//431 2204//430
f 2194//420 2206//432 2205//431
f 2195//421 2207//433 2206//432
f 2196//422 2208//434 2207//433
f 2197//423 2209//435 2208//434
f 2198//424 2210//492 2209//435
f 2211//436 2210//492 2198//424
f 2212//437 2211//436 2199//425
s 0
usemtl gear_paint
f 130//1 131//1 129//1
f 132//2 133//2 131//2
f 134//3 135//3 133//3
f 136//4 137//4 135//4
f 138//5 139//5 137//5
f 140//6 141//6 139//6
f 142//7 143//7 141//7
f 144//8 145//8 143//8
f 146//9 147//9 145//9
f 148//10 149//10 147//10
f 150//11 151//11 149//11
f 152//12 153//12 151//12
f 154//13 155//13 153//13
f 156//14 157//14 155//14
f 158//15 159//15 157//15
f 160//16 161//16 159//16
f 162//17 163//17 161//17
f 164//18 165//18 163//18
f 166//19 167//19 165//19
f 168//20 169//20 167//20
f 170//21 171//21 169//21
f 172//22 173//22 171//22
f 174//23 175//23 173//23
f 176//24 177//24 175//24
f 178//25 179//25 177//25
f 180//26 181//26 179//26
f 182//27 183//27 181//27
f 184//28 185//28 183//28
f 186//29 187//29 185//29
f 188//30 189//30 187//30
f 190//31 191//31 189//31
f 192//32 193//32 191//32
f 194//33 195//33 193//33
f 196//34 197//34 195//34
f 198//35 199//35 197//35
f 200//36 201//36 199//36
f 202//37 203//37 201//37
f 204//38 205//38 203//38
f 206//39 207//39 205//39
f 208//40 209//40 207//40
f 210//41 211//41 209//41
f 212//42 213//42 211//42
f 214//43 215//43 213//43
f 216//44 217//44 215//44
f 218//45 219//45 217//45
f 220//46 221//46 219//46
f 222//47 223//47 221//47
f 224//48 225//48 223//48
f 226//49 227//49 225//49
f 228//50 229//50 227//50
f 230//51 231//51 229//51
f 232//52 233//52 231//52
f 234//53 235//53 233//53
f 236//54 237//54 235//54
f 238//55 239//55 237//55
f 240//56 241//56 239//56
f 242//57 243//57 241//57
f 244//58 245//58 243//58
f 246//59 247//59 245//59
f 248//60 249//60 247//60
f 250//61 251//61 249//61
f 252//62 253//62 251//62
f 198//63 166//63 134//63
f 254//64 255//64 253//64
f 256//65 129//65 255//65
f 191//66 223//66 255//66
f 258//1 259//1 257//1
f 260//2 261//2 259//2
f 262//3 263//3 261//3
f 264//4 265//4 263//4
f 266//5 267//5 265//5
f 268//6 269//6 267//6
f 270//7 271//7 269//7
f 272//8 273//8 271//8
f 274//9 275//9 273//9
f 276//10 277//10 275//10
f 278//11 279//11 277//11
f 280//12 281//12 279//12
f 282//13 283//13 281//13
f 284//14 285//14 283//14
f 286//15 287//15 285//15
f 288//16 289//16 287//16
f 290//17 291//17 289//17
f 292//18 293//18 291//18
f 294//19 295//19 293//19
f 296//20 297//20 295//20
f 298//21 299//21 297//21
f 300//22 301//22 299//22
f 302//23 303//23 301//23
f 304//24 305//24 303//24
f 306//25 307//25 305//25
f 308//26 309//26 307//26
f 310//27 311//27 309//27
f 312//28 313//28 311//28
f 314//29 315//29 313//29
f 316//30 317//30 315//30
f 318//31 319//31 317//31
f 320//32 321//32 319//32
f 322//33 323//33 321//33
f 324//34 325//34 323//34
f 326//35 327//35 325//35
f 328//36 329//36 327//36
f 330//37 331//37 329//37
f 332//38 333//38 331//38
f 334//39 335//39 333//39
f 336//40 337//40 335//40
f 338//41 339//41 337//41
f 340//42 341//42 339//42
f 342//43 343//43 341//43
f 344//44 345//44 343//44
f 346//45 347//45 345//45
f 348//46 349//46 347//46
f 350//47 351//47 349//47
f 352//48 353//48 351//48
f 354//49 355//49 353//49
f 356//50 357//50 355//50
f 358//51 359//51 357//51
f 360//52 361//52 359//52
f 362//53 363//53 361//53
f 364//54 365//54 363//54
f 366//55 367//55 365//55
f 368//56 369//56 367//56
f 370//57 371//57 369//57
f 372//58 373//58 371//58
f 374//59 375//59 373//59
f 376//60 377//60 375//60
f 378//61 379//61 377//61
f 380//62 381//62 379//62
f 326//63 294//63 262//63
f 382//64 383//64 381//64
f 384//65 257//65 383//65
f 319//66 351//66 383//66
f 386//1 387//1 385//1
f 388//2 389//2 387//2
f 390//3 391//3 389//3
f 392//4 393//4 391//4
f 394//5 395//5 393//5
f 396//6 397//6 395//6
f 398//7 399//7 397//7
f 400//8 401//8 399//8
f 402//9 403//9 401//9
f 404//10 405//10 403//10
f 406//11 407//11 405//11
f 408//12 409//12 407//12
f 410//13 411//13 409//13
f 412//14 413//14 411//14
f 414//15 415//15 413//15
f 416//16 417//16 415//16
f 418//17 419//17 417//17
f 420//18 421//18 419//18
f 422//19 423//19 421//19
f 424//20 425//20 423//20
f 426//21 427//21 425//21
f 428//22 429//22 427//22
f 430//23 431//23 429//23
f 432//24 433//24 431//24
f 434//25 435//25 433//25
f 436//26 437//26 435//26
f 438//27 439//27 437//27
f 440//28 441//28 439//28
f 442//29 443//29 441//29
f 444//30 445//30 443//30
f 446//31 447//31 445//31
f 448//32 449//32 447//32
f 450//33 451//33 449//33
f 452//34 453//34 451//34
f 454//35 455//35 453//35
f 456//36 457//36 455//36
f 458//37 459//37 457//37
f 460//38 461//38 459//38
f 462//39 463//39 461//39
f 464//40 465//40 463//40
f 466//41 467//41 465//41
f 468//42 469//42 467//42
f 470//43 471//43 469//43
f 472//44 473//44 471//44
f 474//45 475//45 473//45
f 476//46 477//46 475//46
f 478//47 479//47 477//47
f 480//48 481//48 479//48
f 482//49 483//49 481//49
f 484//50 485//50 483//50
f 486//51 487//51 485//51
f 488//52 489//52 487//52
f 490//53 491//53 489//53
f 492//54 493//54 491//54
f 494//55 495//55 493//55
f 496//56 497//56 495//56
f 498//57 499//57 497//57
f 500//58 501//58 499//58
f 502//59 503//59 501//59
f 504//60 505//60 503//60
f 506//61 507//61 505//61
f 508//62 509//62 507//62
f 454//63 422//63 390//63
f 510//64 511//64 509//64
f 512//65 385//65 511//65
f 447//66 479//66 511//66
f 514//1 515//1 513//1
f 516//2 517//2 515//2
f 518//3 519//3 517//3
f 520//4 521//4 519//4
f 522//5 523//5 521//5
f 524//6 525//6 523//6
f 526//7 527//7 525//7
f 528//8 529//8 527//8
f 530//9 531//9 529//9
f 532//10 533//10 531//10
f 534//11 535//11 533//11
f 536//12 537//12 535//12
f 538//13 539//13 537//13
f 540//14 541//14 539//14
f 542//15 543//15 541//15
f 544//16 545//16 543//16
f 546//17 547//17 545//17
f 548//18 549//18 547//18
f 550//19 551//19 549//19
f 552//20 553//20 551//20
f 554//21 555//21 553//21
f 556//22 557//22 555//22
f 558//23 559//23 557//23
f 560//24 561//24 559//24
f 562//25 563//25 561//25
f 564//26 565//26 563//26
f 566//27 567//27 565//27
f 568//28 569//28 567//28
f 570//29 571//29 569//29
f 572//30 573//30 571//30
f 574//31 575//31 573//31
f 576//32 577//32 575//32
f 578//33 579//33 577//33
f 580//34 581//34 579//34
f 582//35 583//35 581//35
f 584//36 585//36 583//36
f 586//37 587//37 585//37
f 588//38 589//38 587//38
f 590//39 591//39 589//39
f 592//40 593//40 591//40
f 594//41 595//41 593//41
f 596//42 597//42 595//42
f 598//43 599//43 597//43
f 600//44 601//44 599//44
f 602//45 603//45 601//45
f 604//46 605//46 603//46
f 606//47 607//47 605//47
f 608//48 609//48 607//48
f 610//49 611//49 609//49
f 612//50 613//50 611//50
f 614//51 615//51 613//51
f 616//52 617//52 615//52
f 618//53 619//53 617//53
f 620//54 621//54 619//54
f 622//55 623//55 621//55
f 624//56 625//56 623//56
f 626//57 627//57 625//57
f 628//58 629//58 627//58
f 630//59 631//59 629//59
f 632//60 633//60 631//60
f 634//61 635//61 633//61
f 636//62 637//62 635//62
f 582//63 550//63 518//63
f 638//64 639//64 637//64
f 640//65 513//65 639//65
f 575//66 607//66 639//66
f 642//1 643//1 641//1
f 644//2 645//2 643//2
f 646//3 647//3 645//3
f 648//4 649//4 647//4
f 650//5 651//5 649//5
f 652//6 653//6 651//6
f 654//7 655//7 653//7
f 656//8 657//8 655//8
f 658//9 659//9 657//9
f 660//10 661//10 659//10
f 662//11 663//11 661//11
f 664//12 665//12 663//12
f 666//13 667//13 665//13
f 668//14 669//14 667//14
f 670//15 671//15 669//15
f 672//16 673//16 671//16
f 674//17 675//17 673//17
f 676//18 677//18 675//18
f 678//19 679//19 677//19
f 680//20 681//20 679//20
f 682//21 683//21 681//21
f 684//22 685//22 683//22
f 686//23 687//23 685//23
f 688//24 689//24 687//24
f 690//25 691//25 689//25
f 692//26 693//26 691//26
f 694//27 695//27 693//27
f 696//28 697//28 695//28
f 698//29 699//29 697//29
f 700//30 701//30 699//30
f 702//31 703//31 701//31
f 704//32 705//32 703//32
f 706//33 707//33 705//33
f 708//34 709//34 707//34
f 710//35 711//35 709//35
f 712//36 713//36 711//36
f 714//37 715//37 713//37
f 716//38 717//38 715//38
f 718//39 719//39 717//39
f 720//40 721//40 719//40
f 722//41 723//41 721//41
f 724//42 725//42 723//42
f 726//43 727//43 725//43
f 728//44 729//44 727//44
f 730//45 731//45 729//45
f 732//46 733//46 731//46
f 734//47 735//47 733//47
f 736//48 737//48 735//48
f 738//49 739//49 737//49
f 740//50 741//50 739//50
f 742//51 743//51 741//51
f 744//52 745//52 743//52
f 746//53 747//53 745//53
f 748//54 749//54 747//54
f 750//55 751//55 749//55
f 752//56 753//56 751//56
f 754//57 755//57 753//57
f 756//58 757//58 755//58
f 758//59 759//59 757//59
f 760//60 761//60 759//60
f 762//61 763//61 761//61
f 764//62 765//62 763//62
f 710//63 678//63 646//63
f 766//64 767//64 765//64
f 768//65 641//65 767//65
f 703//66 735//66 767//66
f 772//67 773//67 769//67
f 776//68 774//68 772//68
f 775//69 776//69 770//69
f 775//70 780//70 777//70
f 778//71 779//71 771//71
f 773//72 780//72 778//72
f 774//73 777//73 780//73
f 784//74 785//74 781//74
f 788//75 786//75 784//75
f 787//76 788//76 782//76
f 791//77 789//77 787//77
f 790//78 791//78 783//78
f 785//79 792//79 790//79
f 786//80 789//80 792//80
f 796//81 797//81 793//81
f 796//82 801//82 798//82
f 799//83 800//83 794//83
f 803//84 801//84 799//84
f 802//85 803//85 795//85
f 797//86 804//86 802//86
f 798//87 801//87 804//87
f 808//88 809//88 805//88
f 812//89 810//89 808//89
f 811//90 812//90 806//90
f 815//91 813//91 811//91
f 814//92 815//92 807//92
f 814//93 810//93 816//93
f 810//94 813//94 816//94
f 820//95 821//95 817//95
f 824//96 822//96 820//96
f 823//97 824//97 818//97
f 827//98 825//98 823//98
f 826//99 827//99 819//99
f 821//100 828//100 826//100
f 822//101 825//101 828//101
f 832//102 833//102 829//102
f 836//103 834//103 832//103
f 835//104 836//104 830//104
f 835//105 840//105 837//105
f 838//106 839//106 831//106
f 833//107 840//107 838//107
f 834//108 837//108 840//108
f 844//109 845//109 841//109
f 848//110 846//110 844//110
f 847//111 848//111 842//111
f 847//112 852//112 849//112
f 850//113 851//113 843//113
f 845//114 852//114 850//114
f 846//115 849//115 852//115
f 856//116 857//116 853//116
f 856//117 861//117 858//117
f 859//118 860//118 854//118
f 863//119 861//119 859//119
f 862//120 863//120 855//120
f 857//121 864//121 862//121
f 858//122 861//122 864//122
f 769//123 796//123 793//123
f 773//124 800//124 796//124
f 778//125 794//125 800//125
f 781//126 775//126 770//126
f 785//127 779//127 775//127
f 790//128 771//128 779//128
f 805//129 787//129 782//129
f 809//130 791//130 787//130
f 814//131 783//131 791//131
f 795//132 811//132 806//132
f 803//133 815//133 811//133
f 815//134 794//134 807//134
f 793//135 844//135 841//135
f 797//136 848//136 844//136
f 802//137 842//137 848//137
f 853//138 808//138 805//138
f 857//139 812//139 808//139
f 862//140 806//140 812//140
f 843//141 859//141 854//141
f 851//142 863//142 859//142
f 847//143 855//143 863//143
f 841//144 820//144 817//144
f 845//145 824//145 820//145
f 850//146 818//146 824//146
f 829//147 856//147 853//147
f 833//148 860//148 856//148
f 838//149 854//149 860//149
f 819//150 835//150 830//150
f 827//151 839//151 835//151
f 823//152 831//152 839//152
f 817//153 772//153 769//153
f 821//154 776//154 772//154
f 826//155 770//155 776//155
f 782//156 832//156 829//156
f 788//157 836//157 832//157
f 784//158 830//158 836//158
f 841//159 769//159 793//159
f 783//66 794//66 771//66
f 830//160 770//160 819//160
f 805//161 829//161 853//161
f 806//162 842//162 795//162
f 854//63 818//63 843//63
f 993//66 1003//66 1001//66
f 995//66 1056//66 1058//66
f 996//162 999//162 995//162
f 1000//63 1081//63 1085//63
f 997//63 1106//63 1108//63
f 998//160 993//160 997//160
f 999//159 993//159 995//159
f 996//161 998//161 1000//161
f 1057//33 1088//33 1056//33
f 1059//34 1089//34 1057//34
f 1054//35 1091//35 1059//35
f 1063//36 1086//36 1054//36
f 1050//37 1095//37 1063//37
f 1052//38 1082//38 1050//38
f 1048//39 1084//39 1052//39
f 1062//165 1080//165 1048//165
f 1045//166 1094//166 1062//166
f 1045//42 1124//42 1076//42
f 1046//43 1124//43 1043//43
f 1041//44 1125//44 1046//44
f 1042//45 1123//45 1041//45
f 1040//46 1126//46 1042//46
f 1047//47 1121//47 1040//47
f 1037//48 1122//48 1047//48
f 1038//49 1120//49 1037//49
f 1039//50 1127//50 1038//50
f 1036//51 1116//51 1039//51
f 1035//52 1117//52 1036//52
f 1034//53 1118//53 1035//53
f 1033//54 1115//54 1034//54
f 1017//55 1119//55 1033//55
f 1014//56 1113//56 1017//56
f 1106//167 1014//167 1010//167
f 1108//58 1010//58 1012//58
f 1104//59 1012//59 1008//59
f 1111//60 1008//60 1015//60
f 1100//61 1015//61 1004//61
f 1101//62 1004//62 1005//62
f 1098//64 1005//64 1002//64
f 1097//65 1002//65 1001//65
f 1099//1 1001//1 1003//1
f 1103//2 1003//2 1007//2
f 1102//3 1007//3 1006//3
f 1112//4 1006//4 1016//4
f 1105//5 1016//5 1009//5
f 1109//6 1009//6 1013//6
f 1107//7 1013//7 1011//7
f 1128//168 1011//168 1032//168
f 1114//163 1032//163 1018//163
f 1023//10 1114//10 1018//10
f 1066//11 1023//11 1019//11
f 1067//12 1019//12 1022//12
f 1068//13 1022//13 1021//13
f 1071//14 1021//14 1020//14
f 1070//15 1020//15 1031//15
f 1069//16 1031//16 1024//16
f 1079//17 1024//17 1026//17
f 1072//18 1026//18 1025//18
f 1074//19 1025//19 1030//19
f 1073//20 1030//20 1027//20
f 1078//21 1027//21 1029//21
f 1075//22 1029//22 1028//22
f 1077//23 1028//23 1044//23
f 1096//169 1044//169 1064//169
f 1049//164 1096//164 1064//164
f 1053//26 1081//26 1049//26
f 1051//27 1085//27 1053//27
f 1061//28 1083//28 1051//28
f 1055//29 1093//29 1061//29
f 1060//30 1087//30 1055//30
f 1058//31 1092//31 1060//31
f 1056//32 1090//32 1058//32
f 1257//66 1267//66 1265//66
f 1259//66 1320//66 1322//66
f 1260//162 1263//162 1259//162
f 1264//63 1345//63 1349//63
f 1261//63 1370//63 1372//63
f 1262//160 1257//160 1261//160
f 1263//159 1257//159 1259//159
f 1260//161 1262//161 1264//161
f 1321//33 1352//33 1320//33
f 1323//34 1353//34 1321//34
f 1318//35 1355//35 1323//35
f 1327//36 1350//36 1318//36
f 1314//37 1359//37 1327//37
f 1316//38 1346//38 1314//38
f 1312//39 1348//39 1316//39
f 1326//165 1344//165 1312//165
f 1309//166 1358//166 1326//166
f 1309//42 1388//42 1340//42
f 1310//43 1388//43 1307//43
f 1305//44 1389//44 1310//44
f 1306//45 1387//45 1305//45
f 1304//46 1390//46 1306//46
f 1311//47 1385//47 1304//47
f 1301//48 1386//48 1311//48
f 1302//49 1384//49 1301//49
f 1303//50 1391//50 1302//50
f 1300//51 1380//51 1303//51
f 1299//52 1381//52 1300//52
f 1298//53 1382//53 1299//53
f 1297//54 1379//54 1298//54
f 1281//55 1383//55 1297//55
f 1278//56 1377//56 1281//56
f 1370//167 1278//167 1274//167
f 1372//58 1274//58 1276//58
f 1368//59 1276//59 1272//59
f 1375//60 1272//60 1279//60
f 1364//61 1279//61 1268//61
f 1365//62 1268//62 1269//62
f 1362//64 1269//64 1266//64
f 1361//65 1266//65 1265//65
f 1363//1 1265//1 1267//1
f 1367//2 1267//2 1271//2
f 1366//3 1271//3 1270//3
f 1376//4 1270//4 1280//4
f 1369//5 1280//5 1273//5
f 1373//6 1273//6 1277//6
f 1371//7 1277//7 1275//7
f 1392//168 1275//168 1296//168
f 1378//163 1296//163 1282//163
f 1287//10 1378//10 1282//10
f 1330//11 1287//11 1283//11
f 1331//12 1283//12 1286//12
f 1332//13 1286//13 1285//13
f 1335//14 1285//14 1284//14
f 1334//15 1284//15 1295//15
f 1333//16 1295//16 1288//16
f 1343//17 1288//17 1290//17
f 1336//18 1290//18 1289//18
f 1338//19 1289//19 1294//19
f 1337//20 1294//20 1291//20
f 1342//21 1291//21 1293//21
f 1339//22 1293//22 1292//22
f 1341//23 1292//23 1308//23
f 1360//169 1308//169 1328//169
f 1313//164 1360//164 1328//164
f 1317//26 1345//26 1313//26
f 1315//27 1349//27 1317//27
f 1325//28 1347//28 1315//28
f 1319//29 1357//29 1325//29
f 1324//30 1351//30 1319//30
f 1322//31 1356//31 1324//31
f 1320//32 1354//32 1322//32
f 130//1 132//1 131//1
f 132//2 134//2 133//2
f 134//3 136//3 135//3
f 136//4 138//4 137//4
f 138//5 140//5 139//5
f 140//6 142//6 141//6
f 142//7 144//7 143//7
f 144//8 146//8 145//8
f 146//9 148//9 147//9
f 148//10 150//10 149//10
f 150//11 152//11 151//11
f 152//12 154//12 153//12
f 154//13 156//13 155//13
f 156//14 158//14 157//14
f 158//15 160//15 159//15
f 160//16 162//16 161//16
f 162//17 164//17 163//17
f 164//18 166//18 165//18
f 166//19 168//19 167//19
f 168//20 170//20 169//20
f 170//21 172//21 171//21
f 172//22 174//22 173//22
f 174//23 176//23 175//23
f 176//24 178//24 177//24
f 178//25 180//25 179//25
f 180//26 182//26 181//26
f 182//27 184//27 183//27
f 184//28 186//28 185//28
f 186//29 188//29 187//29
f 188//30 190//30 189//30
f 190//31 192//31 191//31
f 192//32 194//32 193//32
f 194//33 196//33 195//33
f 196//34 198//34 197//34
f 198//35 200//35 199//35
f 200//36 202//36 201//36
f 202//37 204//37 203//37
f 204//38 206//38 205//38
f 206//39 208//39 207//39
f 208//40 210//40 209//40
f 210//41 212//41 211//41
f 212//42 214//42 213//42
f 214//43 216//43 215//43
f 216//44 218//44 217//44
f 218//45 220//45 219//45
f 220//46 222//46 221//46
f 222//47 224//47 223//47
f 224//48 226//48 225//48
f 226//49 228//49 227//49
f 228//50 230//50 229//50
f 230//51 232//51 231//51
f 232//52 234//52 233//52
f 234//53 236//53 235//53
f 236//54 238//54 237//54
f 238//55 240//55 239//55
f 240//56 242//56 241//56
f 242//57 244//57 243//57
f 244//58 246//58 245//58
f 246//59 248//59 247//59
f 248//60 250//60 249//60
f 250//61 252//61 251//61
f 252//62 254//62 253//62
f 134//63 132//63 130//63
f 130//63 256//63 254//63
f 254//63 252//63 250//63
f 250//63 248//63 246//63
f 246//63 244//63 242//63
f 242//63 240//63 238//63
f 238//63 236//63 234//63
f 234//63 232//63 230//63
f 230//63 228//63 226//63
f 226//63 224//63 222//63
f 222//63 220//63 218//63
f 218//63 216//63 214//63
f 214//63 212//63 210//63
f 210//63 208//63 206//63
f 206//63 204//63 202//63
f 202//63 200//63 198//63
f 198//63 196//63 194//63
f 194//63 192//63 190//63
f 190//63 188//63 186//63
f 186//63 184//63 182//63
f 182//63 180//63 178//63
f 178//63 176//63 174//63
f 174//63 172//63 170//63
f 170//63 168//63 166//63
f 166//63 164//63 162//63
f 162//63 160//63 158//63
f 158//63 156//63 154//63
f 154//63 152//63 150//63
f 150//63 148//63 146//63
f 146//63 144//63 142//63
f 142//63 140//63 138//63
f 138//63 136//63 134//63
f 134//63 130//63 254//63
f 254//63 250//63 246//63
f 246//63 242//63 238//63
f 238//63 234//63 230//63
f 230//63 226//63 222//63
f 222//63 218//63 214//63
f 214//63 210//63 206//63
f 206//63 202//63 198//63
f 198//63 194//63 190//63
f 190//63 186//63 182//63
f 182//63 178//63 174//63
f 174//63 170//63 166//63
f 166//63 162//63 158//63
f 158//63 154//63 150//63
f 150//63 146//63 142//63
f 142//63 138//63 134//63
f 134//63 254//63 246//63
f 246//63 238//63 230//63
f 230//63 222//63 214//63
f 214//63 206//63 198//63
f 198//63 190//63 182//63
f 182//63 174//63 166//63
f 166//63 158//63 150//63
f 150//63 142//63 134//63
f 134//63 246//63 230//63
f 230//63 214//63 198//63
f 198//63 182//63 166//63
f 166//63 150//63 134//63
f 134//63 230//63 198//63
f 254//64 256//64 255//64
f 256//65 130//65 129//65
f 255//66 129//66 131//66
f 131//66 133//66 135//66
f 135//66 137//66 139//66
f 139//66 141//66 143//66
f 143//66 145//66 147//66
f 147//66 149//66 151//66
f 151//66 153//66 155//66
f 155//66 157//66 159//66
f 159//66 161//66 163//66
f 163//66 165//66 167//66
f 167//66 169//66 171//66
f 171//66 173//66 175//66
f 175//66 177//66 179//66
f 179//66 181//66 183//66
f 183//66 185//66 187//66
f 187//66 189//66 191//66
f 191//66 193//66 195//66
f 195//66 197//66 199//66
f 199//66 201//66 203//66
f 203//66 205//66 207//66
f 207//66 209//66 211//66
f 211//66 213//66 215//66
f 215//66 217//66 219//66
f 219//66 221//66 223//66
f 223//66 225//66 227//66
f 227//66 229//66 231//66
f 231//66 233//66 235//66
f 235//66 237//66 239//66
f 239//66 241//66 243//66
f 243//66 245//66 247//66
f 247//66 249//66 251//66
f 251//66 253//66 255//66
f 255//66 131//66 135//66
f 135//66 139//66 143//66
f 143//66 147//66 151//66
f 151//66 155//66 159//66
f 159//66 163//66 167//66
f 167//66 171//66 175//66
f 175//66 179//66 183//66
f 183//66 187//66 191//66
f 191//66 195//66 199//66
f 199//66 203//66 207//66
f 207//66 211//66 215//66
f 215//66 219//66 223//66
f 223//66 227//66 231//66
f 231//66 235//66 239//66
f 239//66 243//66 247//66
f 247//66 251//66 255//66
f 255//66 135//66 143//66
f 143//66 151//66 159//66
f 159//66 167//66 175//66
f 175//66 183//66 191//66
f 191//66 199//66 207//66
f 207//66 215//66 223//66
f 223//66 231//66 239//66
f 239//66 247//66 255//66
f 255//66 143//66 159//66
f 159//66 175//66 191//66
f 191//66 207//66 223//66
f 223//66 239//66 255//66
f 255//66 159//66 191//66
f 258//1 260//1 259//1
f 260//2 262//2 261//2
f 262//3 264//3 263//3
f 264//4 266//4 265//4
f 266//5 268//5 267//5
f 268//6 270//6 269//6
f 270//7 272//7 271//7
f 272//8 274//8 273//8
f 274//9 276//9 275//9
f 276//10 278//10 277//10
f 278//11 280//11 279//11
f 280//12 282//12 281//12
f 282//13 284//13 283//13
f 284//14 286//14 285//14
f 286//15 288//15 287//15
f 288//16 290//16 289//16
f 290//17 292//17 291//17
f 292//18 294//18 293//18
f 294//19 296//19 295//19
f 296//20 298//20 297//20
f 298//21 300//21 299//21
f 300//22 302//22 301//22
f 302//23 304//23 303//23
f 304//24 306//24 305//24
f 306//25 308//25 307//25
f 308//26 310//26 309//26
f 310//27 312//27 311//27
f 312//28 314//28 313//28
f 314//29 316//29 315//29
f 316//30 318//30 317//30
f 318//31 320//31 319//31
f 320//32 322//32 321//32
f 322//33 324//33 323//33
f 324//34 326//34 325//34
f 326//35 328//35 327//35
f 328//36 330//36 329//36
f 330//37 332//37 331//37
f 332//38 334//38 333//38
f 334//39 336//39 335//39
f 336//40 338//40 337//40
f 338//41 340//41 339//41
f 340//42 342//42 341//42
f 342//43 344//43 343//43
f 344//44 346//44 345//44
f 346//45 348//45 347//45
f 348//46 350//46 349//46
f 350//47 352//47 351//47
f 352//48 354//48 353//48
f 354//49 356//49 355//49
f 356//50 358//50 357//50
f 358//51 360//51 359//51
f 360//52 362//52 361//52
f 362//53 364//53 363//53
f 364//54 366//54 365//54
f 366//55 368//55 367//55
f 368//56 370//56 369//56
f 370//57 372//57 371//57
f 372//58 374//58 373//58
f 374//59 376//59 375//59
f 376//60 378//60 377//60
f 378//61 380//61 379//61
f 380//62 382//62 381//62
f 262//63 260//63 258//63
f 258//63 384//63 382//63
f 382//63 380//63 378//63
f 378//63 376//63 374//63
f 374//63 372//63 370//63
f 370//63 368//63 366//63
f 366//63 364//63 362//63
f 362//63 360//63 358//63
f 358//63 356//63 354//63
f 354//63 352//63 350//63
f 350//63 348//63 346//63
f 346//63 344//63 342//63
f 342//63 340//63 338//63
f 338//63 336//63 334//63
f 334//63 332//63 330//63
f 330//63 328//63 326//63
f 326//63 324//63 322//63
f 322//63 320//63 318//63
f 318//63 316//63 314//63
f 314//63 312//63 310//63
f 310//63 308//63 306//63
f 306//63 304//63 302//63
f 302//63 300//63 298//63
f 298//63 296//63 294//63
f 294//63 292//63 290//63
f 290//63 288//63 286//63
f 286//63 284//63 282//63
f 282//63 280//63 278//63
f 278//63 276//63 274//63
f 274//63 272//63 270//63
f 270//63 268//63 266//63
f 266//63 264//63 262//63
f 262//63 258//63 382//63
f 382//63 378//63 374//63
f 374//63 370//63 366//63
f 366//63 362//63 358//63
f 358//63 354//63 350//63
f 350//63 346//63 342//63
f 342//63 338//63 334//63
f 334//63 330//63 326//63
f 326//63 322//63 318//63
f 318//63 314//63 310//63
f 310//63 306//63 302//63
f 302//63 298//63 294//63
f 294//63 290//63 286//63
f 286//63 282//63 278//63
f 278//63 274//63 270//63
f 270//63 266//63 262//63
f 262//63 382//63 374//63
f 374//63 366//63 358//63
f 358//63 350//63 342//63
f 342//63 334//63 326//63
f 326//63 318//63 310//63
f 310//63 302//63 294//63
f 294//63 286//63 278//63
f 278//63 270//63 262//63
f 262//63 374//63 358//63
f 358//63 342//63 326//63
f 326//63 310//63 294//63
f 294//63 278//63 262//63
f 262//63 358//63 326//63
f 382//64 384//64 383//64
f 384//65 258//65 257//65
f 383//66 257//66 259//66
f 259//66 261//66 263//66
f 263//66 265//66 267//66
f 267//66 269//66 271//66
f 271//66 273//66 275//66
f 275//66 277//66 279//66
f 279//66 281//66 283//66
f 283//66 285//66 287//66
f 287//66 289//66 291//66
f 291//66 293//66 295//66
f 295//66 297//66 299//66
f 299//66 301//66 303//66
f 303//66 305//66 307//66
f 307//66 309//66 311//66
f 311//66 313//66 315//66
f 315//66 317//66 319//66
f 319//66 321//66 323//66
f 323//66 325//66 327//66
f 327//66 329//66 331//66
f 331//66 333//66 335//66
f 335//66 337//66 339//66
f 339//66 341//66 343//66
f 343//66 345//66 347//66
f 347//66 349//66 351//66
f 351//66 353//66 355//66
f 355//66 357//66 359//66
f 359//66 361//66 363//66
f 363//66 365//66 367//66
f 367//66 369//66 371//66
f 371//66 373//66 375//66
f 375//66 377//66 379//66
f 379//66 381//66 383//66
f 383//66 259//66 263//66
f 263//66 267//66 271//66
f 271//66 275//66 279//66
f 279//66 283//66 287//66
f 287//66 291//66 295//66
f 295//66 299//66 303//66
f 303//66 307//66 311//66
f 311//66 315//66 319//66
f 319//66 323//66 327//66
f 327//66 331//66 335//66
f 335//66 339//66 343//66
f 343//66 347//66 351//66
f 351//66 355//66 359//66
f 359//66 363//66 367//66
f 367//66 371//66 375//66
f 375//66 379//66 383//66
f 383//66 263//66 271//66
f 271//66 279//66 287//66
f 287//66 295//66 303//66
f 303//66 311//66 319//66
f 319//66 327//66 335//66
f 335//66 343//66 351//66
f 351//66 359//66 367//66
f 367//66 375//66 383//66
f 383//66 271//66 287//66
f 287//66 303//66 319//66
f 319//66 335//66 351//66
f 351//66 367//66 383//66
f 383//66 287//66 319//66
f 386//1 388//1 387//1
f 388//2 390//2 389//2
f 390//3 392//3 391//3
f 392//4 394//4 393//4
f 394//5 396//5 395//5
f 396//6 398//6 397//6
f 398//7 400//7 399//7
f 400//8 402//8 401//8
f 402//9 404//9 403//9
f 404//10 406//10 405//10
f 406//11 408//11 407//11
f 408//12 410//12 409//12
f 410//13 412//13 411//13
f 412//14 414//14 413//14
f 414//15 416//15 415//15
f 416//16 418//16 417//16
f 418//17 420//17 419//17
f 420//18 422//18 421//18
f 422//19 424//19 423//19
f 424//20 426//20 425//20
f 426//21 428//21 427//21
f 428//22 430//22 429//22
f 430//23 432//23 431//23
f 432//24 434//24 433//24
f 434//25 436//25 435//25
f 436//26 438//26 437//26
f 438//27 440//27 439//27
f 440//28 442//28 441//28
f 442//29 444//29 443//29
f 444//30 446//30 445//30
f 446//31 448//31 447//31
f 448//32 450//32 449//32
f 450//33 452//33 451//33
f 452//34 454//34 453//34
f 454//35 456//35 455//35
f 456//36 458//36 457//36
f 458//37 460//37 459//37
f 460//38 462//38 461//38
f 462//39 464//39 463//39
f 464//40 466//40 465//40
f 466//41 468//41 467//41
f 468//42 470//42 469//42
f 470//43 472//43 471//43
f 472//44 474//44 473//44
f 474//45 476//45 475//45
f 476//46 478//46 477//46
f 478//47 480//47 479//47
f 480//48 482//48 481//48
f 482//49 484//49 483//49
f 484//50 486//50 485//50
f 486//51 488//51 487//51
f 488//52 490//52 489//52
f 490//53 492//53 491//53
f 492//54 494//54 493//54
f 494//55 496//55 495//55
f 496//56 498//56 497//56
f 498//57 500//57 499//57
f 500//58 502//58 501//58
f 502//59 504//59 503//59
f 504//60 506//60 505//60
f 506//61 508//61 507//61
f 508//62 510//62 509//62
f 390//63 388//63 386//63
f 386//63 512//63 510//63
f 510//63 508//63 506//63
f 506//63 504//63 502//63
f 502//63 500//63 498//63
f 498//63 496//63 494//63
f 494//63 492//63 490//63
f 490//63 488//63 486//63
f 486//63 484//63 482//63
f 482//63 480//63 478//63
f 478//63 476//63 474//63
f 474//63 472//63 470//63
f 470//63 468//63 466//63
f 466//63 464//63 462//63
f 462//63 460//63 458//63
f 458//63 456//63 454//63
f 454//63 452//63 450//63
f 450//63 448//63 446//63
f 446//63 444//63 442//63
f 442//63 440//63 438//63
f 438//63 436//63 434//63
f 434//63 432//63 430//63
f 430//63 428//63 426//63
f 426//63 424//63 422//63
f 422//63 420//63 418//63
f 418//63 416//63 414//63
f 414//63 412//63 410//63
f 410//63 408//63 406//63
f 406//63 404//63 402//63
f 402//63 400//63 398//63
f 398//63 396//63 394//63
f 394//63 392//63 390//63
f 390//63 386//63 510//63
f 510//63 506//63 502//63
f 502//63 498//63 494//63
f 494//63 490//63 486//63
f 486//63 482//63 478//63
f 478//63 474//63 470//63
f 470//63 466//63 462//63
f 462//63 458//63 454//63
f 454//63 450//63 446//63
f 446//63 442//63 438//63
f 438//63 434//63 430//63
f 430//63 426//63 422//63
f 422//63 418//63 414//63
f 414//63 410//63 406//63
f 406//63 402//63 398//63
f 398//63 394//63 390//63
f 390//63 510//63 502//63
f 502//63 494//63 486//63
f 486//63 478//63 470//63
f 470//63 462//63 454//63
f 454//63 446//63 438//63
f 438//63 430//63 422//63
f 422//63 414//63 406//63
f 406//63 398//63 390//63
f 390//63 502//63 486//63
f 486//63 470//63 454//63
f 454//63 438//63 422//63
f 422//63 406//63 390//63
f 390//63 486//63 454//63
f 510//64 512//64 511//64
f 512//65 386//65 385//65
f 511//66 385//66 387//66
f 387//66 389//66 391//66
f 391//66 393//66 395//66
f 395//66 397//66 399//66
f 399//66 401//66 403//66
f 403//66 405//66 407//66
f 407//66 409//66 411//66
f 411//66 413//66 415//66
f 415//66 417//66 419//66
f 419//66 421//66 423//66
f 423//66 425//66 427//66
f 427//66 429//66 431//66
f 431//66 433//66 435//66
f 435//66 437//66 439//66
f 439//66 441//66 443//66
f 443//66 445//66 447//66
f 447//66 449//66 451//66
f 451//66 453//66 455//66
f 455//66 457//66 459//66
f 459//66 461//66 463//66
f 463//66 465//66 467//66
f 467//66 469//66 471//66
f 471//66 473//66 475//66
f 475//66 477//66 479//66
f 479//66 481//66 483//66
f 483//66 485//66 487//66
f 487//66 489//66 491//66
f 491//66 493//66 495//66
f 495//66 497//66 499//66
f 499//66 501//66 503//66
f 503//66 505//66 507//66
f 507//66 509//66 511//66
f 511//66 387//66 391//66
f 391//66 395//66 399//66
f 399//66 403//66 407//66
f 407//66 411//66 415//66
f 415//66 419//66 423//66
f 423//66 427//66 431//66
f 431//66 435//66 439//66
f 439//66 443//66 447//66
f 447//66 451//66 455//66
f 455//66 459//66 463//66
f 463//66 467//66 471//66
f 471//66 475//66 479//66
f 479//66 483//66 487//66
f 487//66 491//66 495//66
f 495//66 499//66 503//66
f 503//66 507//66 511//66
f 511//66 391//66 399//66
f 399//66 407//66 415//66
f 415//66 423//66 431//66
f 431//66 439//66 447//66
f 447//66 455//66 463//66
f 463//66 471//66 479//66
f 479//66 487//66 495//66
f 495//66 503//66 511//66
f 511//66 399//66 415//66
f 415//66 431//66 447//66
f 447//66 463//66 479//66
f 479//66 495//66 511//66
f 511//66 415//66 447//66
f 514//1 516//1 515//1
f 516//2 518//2 517//2
f 518//3 520//3 519//3
f 520//4 522//4 521//4
f 522//5 524//5 523//5
f 524//6 526//6 525//6
f 526//7 528//7 527//7
f 528//8 530//8 529//8
f 530//9 532//9 531//9
f 532//10 534//10 533//10
f 534//11 536//11 535//11
f 536//12 538//12 537//12
f 538//13 540//13 539//13
f 540//14 542//14 541//14
f 542//15 544//15 543//15
f 544//16 546//16 545//16
f 546//17 548//17 547//17
f 548//18 550//18 549//18
f 550//19 552//19 551//19
f 552//20 554//20 553//20
f 554//21 556//21 555//21
f 556//22 558//22 557//22
f 558//23 560//23 559//23
f 560//24 562//24 561//24
f 562//25 564//25 563//25
f 564//26 566//26 565//26
f 566//27 568//27 567//27
f 568//28 570//28 569//28
f 570//29 572//29 571//29
f 572//30 574//30 573//30
f 574//31 576//31 575//31
f 576//32 578//32 577//32
f 578//33 580//33 579//33
f 580//34 582//34 581//34
f 582//35 584//35 583//35
f 584//36 586//36 585//36
f 586//37 588//37 587//37
f 588//38 590//38 589//38
f 590//39 592//39 591//39
f 592//40 594//40 593//40
f 594//41 596//41 595//41
f 596//42 598//42 597//42
f 598//43 600//43 599//43
f 600//44 602//44 601//44
f 602//45 604//45 603//45
f 604//46 606//46 605//46
f 606//47 608//47 607//47
f 608//48 610//48 609//48
f 610//49 612//49 611//49
f 612//50 614//50 613//50
f 614//51 616//51 615//51
f 616//52 618//52 617//52
f 618//53 620//53 619//53
f 620//54 622//54 621//54
f 622//55 624//55 623//55
f 624//56 626//56 625//56
f 626//57 628//57 627//57
f 628//58 630//58 629//58
f 630//59 632//59 631//59
f 632//60 634//60 633//60
f 634//61 636//61 635//61
f 636//62 638//62 637//62
f 518//63 516//63 514//63
f 514//63 640//63 638//63
f 638//63 636//63 634//63
f 634//63 632//63 630//63
f 630//63 628//63 626//63
f 626//63 624//63 622//63
f 622//63 620//63 618//63
f 618//63 616//63 614//63
f 614//63 612//63 610//63
f 610//63 608//63 606//63
f 606//63 604//63 602//63
f 602//63 600//63 598//63
f 598//63 596//63 594//63
f 594//63 592//63 590//63
f 590//63 588//63 586//63
f 586//63 584//63 582//63
f 582//63 580//63 578//63
f 578//63 576//63 574//63
f 574//63 572//63 570//63
f 570//63 568//63 566//63
f 566//63 564//63 562//63
f 562//63 560//63 558//63
f 558//63 556//63 554//63
f 554//63 552//63 550//63
f 550//63 548//63 546//63
f 546//63 544//63 542//63
f 542//63 540//63 538//63
f 538//63 536//63 534//63
f 534//63 532//63 530//63
f 530//63 528//63 526//63
f 526//63 524//63 522//63
f 522//63 520//63 518//63
f 518//63 514//63 638//63
f 638//63 634//63 630//63
f 630//63 626//63 622//63
f 622//63 618//63 614//63
f 614//63 610//63 606//63
f 606//63 602//63 598//63
f 598//63 594//63 590//63
f 590//63 586//63 582//63
f 582//63 578//63 574//63
f 574//63 570//63 566//63
f 566//63 562//63 558//63
f 558//63 554//63 550//63
f 550//63 546//63 542//63
f 542//63 538//63 534//63
f 534//63 530//63 526//63
f 526//63 522//63 518//63
f 518//63 638//63 630//63
f 630//63 622//63 614//63
f 614//63 606//63 598//63
f 598//63 590//63 582//63
f 582//63 574//63 566//63
f 566//63 558//63 550//63
f 550//63 542//63 534//63
f 534//63 526//63 518//63
f 518//63 630//63 614//63
f 614//63 598//63 582//63
f 582//63 566//63 550//63
f 550//63 534//63 518//63
f 518//63 614//63 582//63
f 638//64 640//64 639//64
f 640//65 514//65 513//65
f 639//66 513//66 515//66
f 515//66 517//66 519//66
f 519//66 521//66 523//66
f 523//66 525//66 527//66
f 527//66 529//66 531//66
f 531//66 533//66 535//66
f 535//66 537//66 539//66
f 539//66 541//66 543//66
f 543//66 545//66 547//66
f 547//66 549//66 551//66
f 551//66 553//66 555//66
f 555//66 557//66 559//66
f 559//66 561//66 563//66
f 563//66 565//66 567//66
f 567//66 569//66 571//66
f 571//66 573//66 575//66
f 575//66 577//66 579//66
f 579//66 581//66 583//66
f 583//66 585//66 587//66
f 587//66 589//66 591//66
f 591//66 593//66 595//66
f 595//66 597//66 599//66
f 599//66 601//66 603//66
f 603//66 605//66 607//66
f 607//66 609//66 611//66
f 611//66 613//66 615//66
f 615//66 617//66 619//66
f 619//66 621//66 623//66
f 623//66 625//66 627//66
f 627//66 629//66 631//66
f 631//66 633//66 635//66
f 635//66 637//66 639//66
f 639//66 515//66 519//66
f 519//66 523//66 527//66
f 527//66 531//66 535//66
f 535//66 539//66 543//66
f 543//66 547//66 551//66
f 551//66 555//66 559//66
f 559//66 563//66 567//66
f 567//66 571//66 575//66
f 575//66 579//66 583//66
f 583//66 587//66 591//66
f 591//66 595//66 599//66
f 599//66 603//66 607//66
f 607//66 611//66 615//66
f 615//66 619//66 623//66
f 623//66 627//66 631//66
f 631//66 635//66 639//66
f 639//66 519//66 527//66
f 527//66 535//66 543//66
f 543//66 551//66 559//66
f 559//66 567//66 575//66
f 575//66 583//66 591//66
f 591//66 599//66 607//66
f 607//66 615//66 623//66
f 623//66 631//66 639//66
f 639//66 527//66 543//66
f 543//66 559//66 575//66
f 575//66 591//66 607//66
f 607//66 623//66 639//66
f 639//66 543//66 575//66
f 642//1 644//1 643//1
f 644//2 646//2 645//2
f 646//3 648//3 647//3
f 648//4 650//4 649//4
f 650//5 652//5 651//5
f 652//6 654//6 653//6
f 654//7 656//7 655//7
f 656//8 658//8 657//8
f 658//9 660//9 659//9
f 660//10 662//10 661//10
f 662//11 664//11 663//11
f 664//12 666//12 665//12
f 666//13 668//13 667//13
f 668//14 670//14 669//14
f 670//15 672//15 671//15
f 672//16 674//16 673//16
f 674//17 676//17 675//17
f 676//18 678//18 677//18
f 678//19 680//19 679//19
f 680//20 682//20 681//20
f 682//21 684//21 683//21
f 684//22 686//22 685//22
f 686//23 688//23 687//23
f 688//24 690//24 689//24
f 690//25 692//25 691//25
f 692//26 694//26 693//26
f 694//27 696//27 695//27
f 696//28 698//28 697//28
f 698//29 700//29 699//29
f 700//30 702//30 701//30
f 702//31 704//31 703//31
f 704//32 706//32 705//32
f 706//33 708//33 707//33
f 708//34 710//34 709//34
f 710//35 712//35 711//35
f 712//36 714//36 713//36
f 714//37 716//37 715//37
f 716//38 718//38 717//38
f 718//39 720//39 719//39
f 720//40 722//40 721//40
f 722//41 724//41 723//41
f 724//42 726//42 725//42
f 726//43 728//43 727//43
f 728//44 730//44 729//44
f 730//45 732//45 731//45
f 732//46 734//46 733//46
f 734//47 736//47 735//47
f 736//48 738//48 737//48
f 738//49 740//49 739//49
f 740//50 742//50 741//50
f 742//51 744//51 743//51
f 744//52 746//52 745//52
f 746//53 748//53 747//53
f 748//54 750//54 749//54
f 750//55 752//55 751//55
f 752//56 754//56 753//56
f 754//57 756//57 755//57
f 756//58 758//58 757//58
f 758//59 760//59 759//59
f 760//60 762//60 761//60
f 762//61 764//61 763//61
f 764//62 766//62 765//62
f 646//63 644//63 642//63
f 642//63 768//63 766//63
f 766//63 764//63 762//63
f 762//63 760//63 758//63
f 758//63 756//63 754//63
f 754//63 752//63 750//63
f 750//63 748//63 746//63
f 746//63 744//63 742//63
f 742//63 740//63 738//63
f 738//63 736//63 734//63
f 734//63 732//63 730//63
f 730//63 728//63 726//63
f 726//63 724//63 722//63
f 722//63 720//63 718//63
f 718//63 716//63 714//63
f 714//63 712//63 710//63
f 710//63 708//63 706//63
f 706//63 704//63 702//63
f 702//63 700//63 698//63
f 698//63 696//63 694//63
f 694//63 692//63 690//63
f 690//63 688//63 686//63
f 686//63 684//63 682//63
f 682//63 680//63 678//63
f 678//63 676//63 674//63
f 674//63 672//63 670//63
f 670//63 668//63 666//63
f 666//63 664//63 662//63
f 662//63 660//63 658//63
f 658//63 656//63 654//63
f 654//63 652//63 650//63
f 650//63 648//63 646//63
f 646//63 642//63 766//63
f 766//63 762//63 758//63
f 758//63 754//63 750//63
f 750//63 746//63 742//63
f 742//63 738//63 734//63
f 734//63 730//63 726//63
f 726//63 722//63 718//63
f 718//63 714//63 710//63
f 710//63 706//63 702//63
f 702//63 698//63 694//63
f 694//63 690//63 686//63
f 686//63 682//63 678//63
f 678//63 674//63 670//63
f 670//63 666//63 662//63
f 662//63 658//63 654//63
f 654//63 650//63 646//63
f 646//63 766//63 758//63
f 758//63 750//63 742//63
f 742//63 734//63 726//63
f 726//63 718//63 710//63
f 710//63 702//63 694//63
f 694//63 686//63 678//63
f 678//63 670//63 662//63
f 662//63 654//63 646//63
f 646//63 758//63 742//63
f 742//63 726//63 710//63
f 710//63 694//63 678//63
f 678//63 662//63 646//63
f 646//63 742//63 710//63
f 766//64 768//64 767//64
f 768//65 642//65 641//65
f 767//66 641//66 643//66
f 643//66 645//66 647//66
f 647//66 649//66 651//66
f 651//66 653//66 655//66
f 655//66 657//66 659//66
f 659//66 661//66 663//66
f 663//66 665//66 667//66
f 667//66 669//66 671//66
f 671//66 673//66 675//66
f 675//66 677//66 679//66
f 679//66 681//66 683//66
f 683//66 685//66 687//66
f 687//66 689//66 691//66
f 691//66 693//66 695//66
f 695//66 697//66 699//66
f 699//66 701//66 703//66
f 703//66 705//66 707//66
f 707//66 709//66 711//66
f 711//66 713//66 715//66
f 715//66 717//66 719//66
f 719//66 721//66 723//66
f 723//66 725//66 727//66
f 727//66 729//66 731//66
f 731//66 733//66 735//66
f 735//66 737//66 739//66
f 739//66 741//66 743//66
f 743//66 745//66 747//66
f 747//66 749//66 751//66
f 751//66 753//66 755//66
f 755//66 757//66 759//66
f 759//66 761//66 763//66
f 763//66 765//66 767//66
f 767//66 643//66 647//66
f 647//66 651//66 655//66
f 655//66 659//66 663//66
f 663//66 667//66 671//66
f 671//66 675//66 679//66
f 679//66 683//66 687//66
f 687//66 691//66 695//66
f 695//66 699//66 703//66
f 703//66 707//66 711//66
f 711//66 715//66 719//66
f 719//66 723//66 727//66
f 727//66 731//66 735//66
f 735//66 739//66 743//66
f 743//66 747//66 751//66
f 751//66 755//66 759//66
f 759//66 763//66 767//66
f 767//66 647//66 655//66
f 655//66 663//66 671//66
f 671//66 679//66 687//66
f 687//66 695//66 703//66
f 703//66 711//66 719//66
f 719//66 727//66 735//66
f 735//66 743//66 751//66
f 751//66 759//66 767//66
f 767//66 655//66 671//66
f 671//66 687//66 703//66
f 703//66 719//66 735//66
f 735//66 751//66 767//66
f 767//66 671//66 703//66
f 772//438 774//438 773//438
f 776//68 777//68 774//68
f 775//439 777//439 776//439
f 775//70 779//70 780//70
f 778//440 780//440 779//440
f 773//72 774//72 780//72
f 784//441 786//441 785//441
f 788//75 789//75 786//75
f 787//442 789//442 788//442
f 791//77 792//77 789//77
f 790//443 792//443 791//443
f 785//79 786//79 792//79
f 796//444 798//444 797//444
f 796//82 800//82 801//82
f 799//445 801//445 800//445
f 803//84 804//84 801//84
f 802//446 804//446 803//446
f 797//86 798//86 804//86
f 808//447 810//447 809//447
f 812//89 813//89 810//89
f 811//448 813//448 812//448
f 815//91 816//91 813//91
f 814//449 816//449 815//449
f 814//93 809//93 810//93
f 820//450 822//450 821//450
f 824//96 825//96 822//96
f 823//451 825//451 824//451
f 827//98 828//98 825//98
f 826//452 828//452 827//452
f 821//100 822//100 828//100
f 832//453 834//453 833//453
f 836//103 837//103 834//103
f 835//454 837//454 836//454
f 835//105 839//105 840//105
f 838//455 840//455 839//455
f 833//107 834//107 840//107
f 844//456 846//456 845//456
f 848//110 849//110 846//110
f 847//457 849//457 848//457
f 847//112 851//112 852//112
f 850//458 852//458 851//458
f 845//114 846//114 852//114
f 856//459 858//459 857//459
f 856//117 860//117 861//117
f 859//460 861//460 860//460
f 863//119 864//119 861//119
f 862//461 864//461 863//461
f 857//121 858//121 864//121
f 769//123 773//123 796//123
f 773//124 778//124 800//124
f 778//125 771//125 794//125
f 781//126 785//126 775//126
f 785//127 790//127 779//127
f 790//462 783//462 771//462
f 805//129 809//129 787//129
f 809//130 814//130 791//130
f 814//463 807//463 783//463
f 795//132 803//132 811//132
f 803//133 799//133 815//133
f 815//464 799//464 794//464
f 793//135 797//135 844//135
f 797//136 802//136 848//136
f 802//137 795//137 842//137
f 853//138 857//138 808//138
f 857//139 862//139 812//139
f 862//140 855//140 806//140
f 843//141 851//141 859//141
f 851//142 847//142 863//142
f 847//143 842//143 855//143
f 841//144 845//144 820//144
f 845//145 850//145 824//145
f 850//146 843//146 818//146
f 829//147 833//147 856//147
f 833//148 838//148 860//148
f 838//465 831//465 854//465
f 819//150 827//150 835//150
f 827//151 823//151 839//151
f 823//152 818//152 831//152
f 817//153 821//153 772//153
f 821//154 826//154 776//154
f 826//155 819//155 770//155
f 782//156 788//156 832//156
f 788//157 784//157 836//157
f 784//158 781//158 830//158
f 841//159 817//159 769//159
f 783//66 807//66 794//66
f 830//160 781//160 770//160
f 805//161 782//161 829//161
f 806//162 855//162 842//162
f 854//63 831//63 818//63
f 1014//66 1017//66 993//66
f 994//66 1018//66 1032//66
f 994//66 1032//66 1011//66
f 1010//66 1014//66 993//66
f 1012//66 1010//66 993//66
f 994//66 1011//66 1013//66
f 994//66 1013//66 1009//66
f 1008//66 1012//66 993//66
f 1015//66 1008//66 993//66
f 994//66 1009//66 1016//66
f 994//66 1016//66 1006//66
f 1004//66 1015//66 993//66
f 1005//66 1004//66 993//66
f 993//66 994//66 1006//66
f 993//476 1006//476 1007//476
f 1002//66 1005//66 993//66
f 1001//66 1002//66 993//66
f 993//66 1007//66 1003//66
f 1023//66 1018//66 994//66
f 993//66 1017//66 1033//66
f 993//66 1033//66 1034//66
f 1019//66 1023//66 994//66
f 1022//66 1019//66 994//66
f 995//66 993//66 1034//66
f 995//478 1034//478 1035//478
f 1022//66 994//66 996//66
f 1021//66 1022//66 996//66
f 995//66 1035//66 1036//66
f 995//66 1036//66 1039//66
f 1020//66 1021//66 996//66
f 1031//66 1020//66 996//66
f 995//66 1039//66 1038//66
f 995//66 1038//66 1037//66
f 1024//66 1031//66 996//66
f 1026//66 1024//66 996//66
f 995//66 1037//66 1047//66
f 995//66 1047//66 1040//66
f 1025//66 1026//66 996//66
f 1030//66 1025//66 996//66
f 995//66 1040//66 1042//66
f 995//66 1042//66 1041//66
f 1027//66 1030//66 996//66
f 1029//66 1027//66 996//66
f 995//66 1041//66 1046//66
f 995//66 1046//66 1043//66
f 1028//66 1029//66 996//66
f 1044//66 1028//66 996//66
f 995//66 1043//66 1045//66
f 995//66 1045//66 1062//66
f 1064//66 1044//66 996//66
f 1049//66 1064//66 996//66
f 995//66 1062//66 1048//66
f 995//66 1048//66 1052//66
f 1053//66 1049//66 996//66
f 1051//66 1053//66 996//66
f 995//66 1052//66 1050//66
f 995//66 1050//66 1063//66
f 1061//66 1051//66 996//66
f 1055//66 1061//66 996//66
f 995//66 1063//66 1054//66
f 995//66 1054//66 1059//66
f 1055//66 996//66 995//66
f 1060//66 1055//66 995//66
f 995//66 1059//66 1057//66
f 995//66 1057//66 1056//66
f 1058//66 1060//66 995//66
f 996//162 1000//162 999//162
f 1094//63 1076//63 999//63
f 998//63 1114//63 1065//63
f 998//63 1065//63 1066//63
f 1080//63 1094//63 999//63
f 1084//63 1080//63 999//63
f 1000//63 998//63 1066//63
f 1000//467 1066//467 1067//467
f 1082//63 1084//63 999//63
f 1095//63 1082//63 999//63
f 1000//63 1067//63 1068//63
f 1000//63 1068//63 1071//63
f 1086//63 1095//63 999//63
f 1091//63 1086//63 999//63
f 1000//63 1071//63 1070//63
f 1000//63 1070//63 1069//63
f 1091//63 999//63 1000//63
f 1089//63 1091//63 1000//63
f 1000//63 1069//63 1079//63
f 1000//63 1079//63 1072//63
f 1088//63 1089//63 1000//63
f 1090//63 1088//63 1000//63
f 1000//63 1072//63 1074//63
f 1000//63 1074//63 1073//63
f 1092//63 1090//63 1000//63
f 1087//63 1092//63 1000//63
f 1000//63 1073//63 1078//63
f 1000//63 1078//63 1075//63
f 1093//63 1087//63 1000//63
f 1083//63 1093//63 1000//63
f 1000//63 1075//63 1077//63
f 1000//63 1077//63 1096//63
f 1085//63 1083//63 1000//63
f 1000//63 1096//63 1081//63
f 1128//63 1114//63 998//63
f 999//63 1076//63 1124//63
f 999//63 1124//63 1125//63
f 1107//63 1128//63 998//63
f 1109//63 1107//63 998//63
f 997//63 999//63 1125//63
f 997//63 1125//63 1123//63
f 1105//63 1109//63 998//63
f 1112//63 1105//63 998//63
f 997//63 1123//63 1126//63
f 997//63 1126//63 1121//63
f 1102//63 1112//63 998//63
f 1103//63 1102//63 998//63
f 997//63 1121//63 1122//63
f 997//63 1122//63 1120//63
f 1103//63 998//63 997//63
f 1099//63 1103//63 997//63
f 997//63 1120//63 1127//63
f 997//63 1127//63 1116//63
f 1097//63 1099//63 997//63
f 1098//63 1097//63 997//63
f 997//63 1116//63 1117//63
f 997//63 1117//63 1118//63
f 1101//63 1098//63 997//63
f 1100//63 1101//63 997//63
f 997//63 1118//63 1115//63
f 997//63 1115//63 1119//63
f 1111//63 1100//63 997//63
f 1104//63 1111//63 997//63
f 997//63 1119//63 1113//63
f 997//63 1113//63 1110//63
f 1108//63 1104//63 997//63
f 997//63 1110//63 1106//63
f 998//160 994//160 993//160
f 999//159 997//159 993//159
f 996//161 994//161 998//161
f 1057//33 1089//33 1088//33
f 1059//34 1091//34 1089//34
f 1054//35 1086//35 1091//35
f 1063//36 1095//36 1086//36
f 1050//37 1082//37 1095//37
f 1052//38 1084//38 1082//38
f 1048//39 1080//39 1084//39
f 1062//165 1094//165 1080//165
f 1045//166 1076//166 1094//166
f 1045//42 1043//42 1124//42
f 1046//43 1125//43 1124//43
f 1041//44 1123//44 1125//44
f 1042//45 1126//45 1123//45
f 1040//46 1121//46 1126//46
f 1047//47 1122//47 1121//47
f 1037//48 1120//48 1122//48
f 1038//49 1127//49 1120//49
f 1039//50 1116//50 1127//50
f 1036//51 1117//51 1116//51
f 1035//52 1118//52 1117//52
f 1034//53 1115//53 1118//53
f 1033//54 1119//54 1115//54
f 1017//55 1113//55 1119//55
f 1014//173 1110//173 1113//173
f 1106//167 1110//167 1014//167
f 1108//58 1106//58 1010//58
f 1104//59 1108//59 1012//59
f 1111//60 1104//60 1008//60
f 1100//61 1111//61 1015//61
f 1101//62 1100//62 1004//62
f 1098//64 1101//64 1005//64
f 1097//65 1098//65 1002//65
f 1099//1 1097//1 1001//1
f 1103//2 1099//2 1003//2
f 1102//3 1103//3 1007//3
f 1112//4 1102//4 1006//4
f 1105//5 1112//5 1016//5
f 1109//6 1105//6 1009//6
f 1107//7 1109//7 1013//7
f 1128//168 1107//168 1011//168
f 1114//163 1128//163 1032//163
f 1023//10 1065//10 1114//10
f 1066//11 1065//11 1023//11
f 1067//12 1066//12 1019//12
f 1068//13 1067//13 1022//13
f 1071//14 1068//14 1021//14
f 1070//15 1071//15 1020//15
f 1069//16 1070//16 1031//16
f 1079//17 1069//17 1024//17
f 1072//18 1079//18 1026//18
f 1074//19 1072//19 1025//19
f 1073//20 1074//20 1030//20
f 1078//21 1073//21 1027//21
f 1075//22 1078//22 1029//22
f 1077//23 1075//23 1028//23
f 1096//169 1077//169 1044//169
f 1049//164 1081//164 1096//164
f 1053//26 1085//26 1081//26
f 1051//27 1083//27 1085//27
f 1061//28 1093//28 1083//28
f 1055//29 1087//29 1093//29
f 1060//30 1092//30 1087//30
f 1058//31 1090//31 1092//31
f 1056//32 1088//32 1090//32
f 1278//66 1281//66 1257//66
f 1258//66 1282//66 1296//66
f 1258//66 1296//66 1275//66
f 1274//66 1278//66 1257//66
f 1276//66 1274//66 1257//66
f 1258//66 1275//66 1277//66
f 1258//66 1277//66 1273//66
f 1272//66 1276//66 1257//66
f 1279//66 1272//66 1257//66
f 1258//66 1273//66 1280//66
f 1258//66 1280//66 1270//66
f 1268//66 1279//66 1257//66
f 1269//66 1268//66 1257//66
f 1257//66 1258//66 1270//66
f 1257//472 1270//472 1271//472
f 1266//66 1269//66 1257//66
f 1265//66 1266//66 1257//66
f 1257//66 1271//66 1267//66
f 1287//66 1282//66 1258//66
f 1257//66 1281//66 1297//66
f 1257//66 1297//66 1298//66
f 1283//66 1287//66 1258//66
f 1286//66 1283//66 1258//66
f 1259//66 1257//66 1298//66
f 1259//478 1298//478 1299//478
f 1286//66 1258//66 1260//66
f 1285//66 1286//66 1260//66
f 1259//66 1299//66 1300//66
f 1259//66 1300//66 1303//66
f 1284//66 1285//66 1260//66
f 1295//66 1284//66 1260//66
f 1259//66 1303//66 1302//66
f 1259//66 1302//66 1301//66
f 1288//66 1295//66 1260//66
f 1290//66 1288//66 1260//66
f 1259//66 1301//66 1311//66
f 1259//66 1311//66 1304//66
f 1289//66 1290//66 1260//66
f 1294//66 1289//66 1260//66
f 1259//66 1304//66 1306//66
f 1259//66 1306//66 1305//66
f 1291//66 1294//66 1260//66
f 1293//66 1291//66 1260//66
f 1259//66 1305//66 1310//66
f 1259//66 1310//66 1307//66
f 1292//66 1293//66 1260//66
f 1308//66 1292//66 1260//66
f 1259//66 1307//66 1309//66
f 1259//66 1309//66 1326//66
f 1328//66 1308//66 1260//66
f 1313//66 1328//66 1260//66
f 1259//66 1326//66 1312//66
f 1259//66 1312//66 1316//66
f 1317//66 1313//66 1260//66
f 1315//66 1317//66 1260//66
f 1259//66 1316//66 1314//66
f 1259//66 1314//66 1327//66
f 1325//66 1315//66 1260//66
f 1319//66 1325//66 1260//66
f 1259//66 1327//66 1318//66
f 1259//66 1318//66 1323//66
f 1319//66 1260//66 1259//66
f 1324//478 1319//478 1259//478
f 1259//66 1323//66 1321//66
f 1259//66 1321//66 1320//66
f 1322//66 1324//66 1259//66
f 1260//162 1264//162 1263//162
f 1358//63 1340//63 1263//63
f 1262//63 1378//63 1329//63
f 1262//63 1329//63 1330//63
f 1344//63 1358//63 1263//63
f 1348//63 1344//63 1263//63
f 1264//63 1262//63 1330//63
f 1264//63 1330//63 1331//63
f 1346//63 1348//63 1263//63
f 1359//63 1346//63 1263//63
f 1264//63 1331//63 1332//63
f 1264//63 1332//63 1335//63
f 1350//63 1359//63 1263//63
f 1355//63 1350//63 1263//63
f 1264//63 1335//63 1334//63
f 1264//63 1334//63 1333//63
f 1355//63 1263//63 1264//63
f 1353//63 1355//63 1264//63
f 1264//63 1333//63 1343//63
f 1264//63 1343//63 1336//63
f 1352//63 1353//63 1264//63
f 1354//63 1352//63 1264//63
f 1264//63 1336//63 1338//63
f 1264//63 1338//63 1337//63
f 1356//63 1354//63 1264//63
f 1351//63 1356//63 1264//63
f 1264//63 1337//63 1342//63
f 1264//63 1342//63 1339//63
f 1357//63 1351//63 1264//63
f 1347//63 1357//63 1264//63
f 1264//63 1339//63 1341//63
f 1264//63 1341//63 1360//63
f 1349//63 1347//63 1264//63
f 1264//63 1360//63 1345//63
f 1392//63 1378//63 1262//63
f 1263//63 1340//63 1388//63
f 1263//63 1388//63 1389//63
f 1371//63 1392//63 1262//63
f 1373//63 1371//63 1262//63
f 1261//63 1263//63 1389//63
f 1261//470 1389//470 1387//470
f 1369//63 1373//63 1262//63
f 1376//63 1369//63 1262//63
f 1261//63 1387//63 1390//63
f 1261//63 1390//63 1385//63
f 1366//63 1376//63 1262//63
f 1367//63 1366//63 1262//63
f 1261//63 1385//63 1386//63
f 1261//63 1386//63 1384//63
f 1367//63 1262//63 1261//63
f 1363//63 1367//63 1261//63
f 1261//63 1384//63 1391//63
f 1261//63 1391//63 1380//63
f 1361//63 1363//63 1261//63
f 1362//63 1361//63 1261//63
f 1261//63 1380//63 1381//63
f 1261//63 1381//63 1382//63
f 1365//63 1362//63 1261//63
f 1364//63 1365//63 1261//63
f 1261//63 1382//63 1379//63
f 1261//63 1379//63 1383//63
f 1375//63 1364//63 1261//63
f 1368//63 1375//63 1261//63
f 1261//63 1383//63 1377//63
f 1261//63 1377//63 1374//63
f 1372//63 1368//63 1261//63
f 1261//63 1374//63 1370//63
f 1262//160 1258//160 1257//160
f 1263//159 1261//159 1257//159
f 1260//161 1258//161 1262//161
f 1321//33 1353//33 1352//33
f 1323//34 1355//34 1353//34
f 1318//35 1350//35 1355//35
f 1327//36 1359//36 1350//36
f 1314//37 1346//37 1359//37
f 1316//38 1348//38 1346//38
f 1312//39 1344//39 1348//39
f 1326//165 1358//165 1344//165
f 1309//166 1340//166 1358//166
f 1309//42 1307//42 1388//42
f 1310//43 1389//43 1388//43
f 1305//44 1387//44 1389//44
f 1306//45 1390//45 1387//45
f 1304//46 1385//46 1390//46
f 1311//47 1386//47 1385//47
f 1301//48 1384//48 1386//48
f 1302//49 1391//49 1384//49
f 1303//50 1380//50 1391//50
f 1300//51 1381//51 1380//51
f 1299//52 1382//52 1381//52
f 1298//53 1379//53 1382//53
f 1297//54 1383//54 1379//54
f 1281//55 1377//55 1383//55
f 1278//173 1374//173 1377//173
f 1370//167 1374//167 1278//167
f 1372//58 1370//58 1274//58
f 1368//59 1372//59 1276//59
f 1375//60 1368//60 1272//60
f 1364//61 1375//61 1279//61
f 1365//62 1364//62 1268//62
f 1362//64 1365//64 1269//64
f 1361//65 1362//65 1266//65
f 1363//1 1361//1 1265//1
f 1367//2 1363//2 1267//2
f 1366//3 1367//3 1271//3
f 1376//4 1366//4 1270//4
f 1369//5 1376//5 1280//5
f 1373//6 1369//6 1273//6
f 1371//7 1373//7 1277//7
f 1392//168 1371//168 1275//168
f 1378//163 1392//163 1296//163
f 1287//10 1329//10 1378//10
f 1330//11 1329//11 1287//11
f 1331//12 1330//12 1283//12
f 1332//13 1331//13 1286//13
f 1335//14 1332//14 1285//14
f 1334//15 1335//15 1284//15
f 1333//16 1334//16 1295//16
f 1343//17 1333//17 1288//17
f 1336//18 1343//18 1290//18
f 1338//19 1336//19 1289//19
f 1337//20 1338//20 1294//20
f 1342//21 1337//21 1291//21
f 1339//22 1342//22 1293//22
f 1341//23 1339//23 1292//23
f 1360//169 1341//169 1308//169
f 1313//164 1345//164 1360//164
f 1317//26 1349//26 1345//26
f 1315//27 1347//27 1349//27
f 1325//28 1357//28 1347//28
f 1319//29 1351//29 1357//29
f 1324//30 1356//30 1351//30
f 1322//31 1354//31 1356//31
f 1320//32 1352//32 1354//32
usemtl rubber
f 1394//1 1395//1 1393//1
f 1396//2 1397//2 1395//2
f 1398//3 1399//3 1397//3
f 1400//4 1401//4 1399//4
f 1402//5 1403//5 1401//5
f 1404//6 1405//6 1403//6
f 1406//7 1407//7 1405//7
f 1408//168 1409//168 1407//168
f 1410//163 1411//163 1409//163
f 1412//10 1413//10 1411//10
f 1414//11 1415//11 1413//11
f 1416//12 1417//12 1415//12
f 1418//13 1419//13 1417//13
f 1420//14 1421//14 1419//14
f 1422//15 1423//15 1421//15
f 1424//16 1425//16 1423//16
f 1426//17 1427//17 1425//17
f 1428//18 1429//18 1427//18
f 1430//19 1431//19 1429//19
f 1432//20 1433//20 1431//20
f 1434//21 1435//21 1433//21
f 1436//22 1437//22 1435//22
f 1438//23 1439//23 1437//23
f 1440//169 1441//169 1439//169
f 1442//164 1443//164 1441//164
f 1444//26 1445//26 1443//26
f 1446//27 1447//27 1445//27
f 1448//28 1449//28 1447//28
f 1450//29 1451//29 1449//29
f 1452//30 1453//30 1451//30
f 1454//31 1455//31 1453//31
f 1456//32 1457//32 1455//32
f 1458//33 1459//33 1457//33
f 1460//34 1461//34 1459//34
f 1462//35 1463//35 1461//35
f 1464//36 1465//36 1463//36
f 1466//37 1467//37 1465//37
f 1468//38 1469//38 1467//38
f 1470//39 1471//39 1469//39
f 1472//165 1473//165 1471//165
f 1474//166 1475//166 1473//166
f 1476//42 1477//42 1475//42
f 1478//43 1479//43 1477//43
f 1480//44 1481//44 1479//44
f 1482//45 1483//45 1481//45
f 1484//46 1485//46 1483//46
f 1486//47 1487//47 1485//47
f 1488//48 1489//48 1487//48
f 1490//49 1491//49 1489//49
f 1492//50 1493//50 1491//50
f 1494//51 1495//51 1493//51
f 1496//52 1497//52 1495//52
f 1498//53 1499//53 1497//53
f 1500//54 1501//54 1499//54
f 1502//55 1503//55 1501//55
f 1504//173 1505//173 1503//173
f 1506//167 1507//167 1505//167
f 1508//58 1509//58 1507//58
f 1510//59 1511//59 1509//59
f 1512//60 1513//60 1511//60
f 1514//61 1515//61 1513//61
f 1516//62 1517//62 1515//62
f 1462//63 1430//63 1398//63
f 1518//64 1519//64 1517//64
f 1520//65 1393//65 1519//65
f 1455//66 1487//66 1519//66
f 1394//1 1396//1 1395//1
f 1396//2 1398//2 1397//2
f 1398//3 1400//3 1399//3
f 1400//4 1402//4 1401//4
f 1402//5 1404//5 1403//5
f 1404//6 1406//6 1405//6
f 1406//7 1408//7 1407//7
f 1408//168 1410//168 1409//168
f 1410//163 1412//163 1411//163
f 1412//10 1414//10 1413//10
f 1414//11 1416//11 1415//11
f 1416//12 1418//12 1417//12
f 1418//13 1420//13 1419//13
f 1420//14 1422//14 1421//14
f 1422//15 1424//15 1423//15
f 1424//16 1426//16 1425//16
f 1426//17 1428//17 1427//17
f 1428//18 1430//18 1429//18
f 1430//19 1432//19 1431//19
f 1432//20 1434//20 1433//20
f 1434//21 1436//21 1435//21
f 1436//22 1438//22 1437//22
f 1438//23 1440//23 1439//23
f 1440//169 1442//169 1441//169
f 1442//164 1444//164 1443//164
f 1444//26 1446//26 1445//26
f 1446//27 1448//27 1447//27
f 1448//28 1450//28 1449//28
f 1450//29 1452//29 1451//29
f 1452//30 1454//30 1453//30
f 1454//31 1456//31 1455//31
f 1456//32 1458//32 1457//32
f 1458//33 1460//33 1459//33
f 1460//34 1462//34 1461//34
f 1462//35 1464//35 1463//35
f 1464//36 1466//36 1465//36
f 1466//37 1468//37 1467//37
f 1468//38 1470//38 1469//38
f 1470//39 1472//39 1471//39
f 1472//165 1474//165 1473//165
f 1474//166 1476//166 1475//166
f 1476//42 1478//42 1477//42
f 1478//43 1480//43 1479//43
f 1480//44 1482//44 1481//44
f 1482//45 1484//45 1483//45
f 1484//46 1486//46 1485//46
f 1486//47 1488//47 1487//47
f 1488//48 1490//48 1489//48
f 1490//49 1492//49 1491//49
f 1492//50 1494//50 1493//50
f 1494//51 1496//51 1495//51
f 1496//52 1498//52 1497//52
f 1498//53 1500//53 1499//53
f 1500//54 1502//54 1501//54
f 1502//55 1504//55 1503//55
f 1504//173 1506//173 1505//173
f 1506//167 1508//167 1507//167
f 1508//58 1510//58 1509//58
f 1510//59 1512//59 1511//59
f 1512//60 1514//60 1513//60
f 1514//61 1516//61 1515//61
f 1516//62 1518//62 1517//62
f 1398//63 1396//63 1394//63
f 1394//63 1520//63 1518//63
f 1518//63 1516//63 1514//63
f 1514//63 1512//63 1510//63
f 1510//63 1508//63 1506//63
f 1506//63 1504//63 1502//63
f 1502//63 1500//63 1498//63
f 1498//63 1496//63 1494//63
f 1494//63 1492//63 1490//63
f 1490//63 1488//63 1486//63
f 1486//63 1484//63 1482//63
f 1482//63 1480//63 1478//63
f 1478//63 1476//63 1474//63
f 1474//63 1472//63 1470//63
f 1470//63 1468//63 1466//63
f 1466//63 1464//63 1462//63
f 1462//63 1460//63 1458//63
f 1458//63 1456//63 1454//63
f 1454//63 1452//63 1450//63
f 1450//63 1448//63 1446//63
f 1446//63 1444//63 1442//63
f 1442//63 1440//63 1438//63
f 1438//63 1436//63 1434//63
f 1434//63 1432//63 1430//63
f 1430//63 1428//63 1426//63
f 1426//63 1424//63 1422//63
f 1422//63 1420//63 1418//63
f 1418//63 1416//63 1414//63
f 1414//63 1412//63 1410//63
f 1410//63 1408//63 1406//63
f 1406//63 1404//63 1402//63
f 1402//63 1400//63 1398//63
f 1398//63 1394//63 1518//63
f 1518//63 1514//63 1510//63
f 1510//63 1506//63 1502//63
f 1502//63 1498//63 1494//63
f 1494//63 1490//63 1486//63
f 1486//63 1482//63 1478//63
f 1478//63 1474//63 1470//63
f 1470//63 1466//63 1462//63
f 1462//63 1458//63 1454//63
f 1454//63 1450//63 1446//63
f 1446//63 1442//63 1438//63
f 1438//63 1434//63 1430//63
f 1430//63 1426//63 1422//63
f 1422//63 1418//63 1414//63
f 1414//63 1410//63 1406//63
f 1406//63 1402//63 1398//63
f 1398//63 1518//63 1510//63
f 1510//63 1502//63 1494//63
f 1494//63 1486//63 1478//63
f 1478//63 1470//63 1462//63
f 1462//63 1454//63 1446//63
f 1446//63 1438//63 1430//63
f 1430//63 1422//63 1414//63
f 1414//63 1406//63 1398//63
f 1398//63 1510//63 1494//63
f 1494//63 1478//63 1462//63
f 1462//63 1446//63 1430//63
f 1430//63 1414//63 1398//63
f 1398//63 1494//63 1462//63
f 1518//64 1520//64 1519//64
f 1520//65 1394//65 1393//65
f 1519//66 1393//66 1395//66
f 1395//66 1397//66 1399//66
f 1399//475 1401//475 1403//475
f 1403//66 1405//66 1407//66
f 1407//66 1409//66 1411//66
f 1411//66 1413//66 1415//66
f 1415//66 1417//66 1419//66
f 1419//472 1421//472 1423//472
f 1423//66 1425//66 1427//66
f 1427//472 1429//472 1431//472
f 1431//66 1433//66 1435//66
f 1435//66 1437//66 1439//66
f 1439//66 1441//66 1443//66
f 1443//66 1445//66 1447//66
f 1447//66 1449//66 1451//66
f 1451//66 1453//66 1455//66
f 1455//66 1457//66 1459//66
f 1459//66 1461//66 1463//66
f 1463//66 1465//66 1467//66
f 1467//66 1469//66 1471//66
f 1471//66 1473//66 1475//66
f 1475//66 1477//66 1479//66
f 1479//66 1481//66 1483//66
f 1483//475 1485//475 1487//475
f 1487//66 1489//66 1491//66
f 1491//475 1493//475 1495//475
f 1495//66 1497//66 1499//66
f 1499//66 1501//66 1503//66
f 1503//66 1505//66 1507//66
f 1507//475 1509//475 1511//475
f 1511//472 1513//472 1515//472
f 1515//66 1517//66 1519//66
f 1519//66 1395//66 1399//66
f 1399//66 1403//66 1407//66
f 1407//66 1411//66 1415//66
f 1415//66 1419//66 1423//66
f 1423//66 1427//66 1431//66
f 1431//66 1435//66 1439//66
f 1439//66 1443//66 1447//66
f 1447//66 1451//66 1455//66
f 1455//66 1459//66 1463//66
f 1463//66 1467//66 1471//66
f 1471//66 1475//66 1479//66
f 1479//66 1483//66 1487//66
f 1487//66 1491//66 1495//66
f 1495//66 1499//66 1503//66
f 1503//66 1507//66 1511//66
f 1511//66 1515//66 1519//66
f 1519//66 1399//66 1407//66
f 1407//66 1415//66 1423//66
f 1423//66 1431//66 1439//66
f 1439//66 1447//66 1455//66
f 1455//66 1463//66 1471//66
f 1471//66 1479//66 1487//66
f 1487//66 1495//66 1503//66
f 1503//66 1511//66 1519//66
f 1519//66 1407//66 1423//66
f 1423//66 1439//66 1455//66
f 1455//66 1471//66 1487//66
f 1487//66 1503//66 1519//66
f 1519//66 1423//66 1455//66
usemtl steel_grey
f 1650//66 1651//66 1649//66
f 1652//162 1655//162 1651//162
f 1656//63 1653//63 1655//63
f 1654//160 1649//160 1653//160
f 1655//159 1649//159 1651//159
f 1652//161 1654//161 1656//161
f 1754//66 1755//66 1753//66
f 1756//162 1759//162 1755//162
f 1760//63 1757//63 1759//63
f 1757//160 1754//160 1753//160
f 1759//159 1753//159 1755//159
f 1756//161 1758//161 1760//161
f 1954//175 1955//175 1953//175
f 1956//176 1957//176 1955//176
f 1958//177 1959//177 1957//177
f 1960//178 1961//178 1959//178
f 1962//179 1963//179 1961//179
f 1964//180 1965//180 1963//180
f 1966//181 1967//181 1965//181
f 1968//182 1969//182 1967//182
f 1970//183 1971//183 1969//183
f 1971//184 1974//184 1973//184
f 1974//185 1975//185 1973//185
f 1976//186 1977//186 1975//186
f 1977//187 1980//187 1979//187
f 1980//188 1981//188 1979//188
f 1982//189 1983//189 1981//189
f 1984//190 1985//190 1983//190
f 1986//191 1987//191 1985//191
f 1988//192 1989//192 1987//192
f 1990//193 1991//193 1989//193
f 1992//194 1993//194 1991//194
f 1994//195 1995//195 1993//195
f 1996//196 1997//196 1995//196
f 1998//197 1999//197 1997//197
f 2000//198 2001//198 1999//198
f 2002//199 2003//199 2001//199
f 2004//200 2005//200 2003//200
f 2006//201 2007//201 2005//201
f 2008//202 2009//202 2007//202
f 2010//203 2011//203 2009//203
f 2012//204 2013//204 2011//204
f 2014//205 2015//205 2013//205
f 2016//206 2017//206 2015//206
f 2018//207 2019//207 2017//207
f 2020//208 2021//208 2019//208
f 2022//209 2023//209 2021//209
f 2023//210 2026//210 2025//210
f 2026//211 2027//211 2025//211
f 2028//212 2029//212 2027//212
f 2029//213 2032//213 2031//213
f 2032//214 2033//214 2031//214
f 2034//215 2035//215 2033//215
f 2036//216 2037//216 2035//216
f 2038//217 2039//217 2037//217
f 2040//218 2041//218 2039//218
f 2042//219 2043//219 2041//219
f 2044//220 2045//220 2043//220
f 2022//161 1990//161 1958//161
f 2046//221 2047//221 2045//221
f 2048//222 1953//222 2047//222
f 1983//159 2015//159 2047//159
f 2050//66 2051//66 2049//66
f 2052//162 2055//162 2051//162
f 2056//63 2053//63 2055//63
f 2054//160 2049//160 2053//160
f 2055//159 2049//159 2051//159
f 2052//161 2054//161 2056//161
f 1650//66 1652//66 1651//66
f 1652//162 1656//162 1655//162
f 1656//63 1654//63 1653//63
f 1654//160 1650//160 1649//160
f 1655//159 1653//159 1649//159
f 1652//161 1650//161 1654//161
f 1754//66 1756//66 1755//66
f 1756//162 1760//162 1759//162
f 1760//63 1758//63 1757//63
f 1757//160 1758//160 1754//160
f 1759//159 1757//159 1753//159
f 1756//161 1754//161 1758//161
f 1954//175 1956//175 1955//175
f 1956//176 1958//176 1957//176
f 1958//177 1960//177 1959//177
f 1960//178 1962//178 1961//178
f 1962//179 1964//179 1963//179
f 1964//180 1966//180 1965//180
f 1966//181 1968//181 1967//181
f 1968//182 1970//182 1969//182
f 1970//183 1972//183 1971//183
f 1971//184 1972//184 1974//184
f 1974//185 1976//185 1975//185
f 1976//186 1978//186 1977//186
f 1977//187 1978//187 1980//187
f 1980//188 1982//188 1981//188
f 1982//189 1984//189 1983//189
f 1984//190 1986//190 1985//190
f 1986//191 1988//191 1987//191
f 1988//192 1990//192 1989//192
f 1990//193 1992//193 1991//193
f 1992//194 1994//194 1993//194
f 1994//195 1996//195 1995//195
f 1996//196 1998//196 1997//196
f 1998//197 2000//197 1999//197
f 2000//198 2002//198 2001//198
f 2002//199 2004//199 2003//199
f 2004//200 2006//200 2005//200
f 2006//201 2008//201 2007//201
f 2008//202 2010//202 2009//202
f 2010//203 2012//203 2011//203
f 2012//204 2014//204 2013//204
f 2014//205 2016//205 2015//205
f 2016//206 2018//206 2017//206
f 2018//207 2020//207 2019//207
f 2020//208 2022//208 2021//208
f 2022//209 2024//209 2023//209
f 2023//210 2024//210 2026//210
f 2026//211 2028//211 2027//211
f 2028//212 2030//212 2029//212
f 2029//213 2030//213 2032//213
f 2032//214 2034//214 2033//214
f 2034//215 2036//215 2035//215
f 2036//216 2038//216 2037//216
f 2038//217 2040//217 2039//217
f 2040//218 2042//218 2041//218
f 2042//219 2044//219 2043//219
f 2044//220 2046//220 2045//220
f 1958//161 1956//161 1954//161
f 1954//161 2048//161 2046//161
f 2046//161 2044//161 2042//161
f 2042//161 2040//161 2038//161
f 2038//161 2036//161 2034//161
f 2034//161 2032//161 2030//161
f 2030//161 2028//161 2026//161
f 2026//161 2024//161 2022//161
f 2022//161 2020//161 2018//161
f 2018//161 2016//161 2014//161
f 2014//161 2012//161 2010//161
f 2010//161 2008//161 2006//161
f 2006//161 2004//161 2002//161
f 2002//161 2000//161 1998//161
f 1998//161 1996//161 1994//161
f 1994//161 1992//161 1990//161
f 1990//161 1988//161 1986//161
f 1986//161 1984//161 1982//161
f 1982//161 1980//161 1978//161
f 1978//161 1976//161 1974//161
f 1974//161 1972//161 1970//161
f 1970//161 1968//161 1966//161
f 1966//161 1964//161 1962//161
f 1962//161 1960//161 1958//161
f 1958//161 1954//161 2046//161
f 2046//161 2042//161 2038//161
f 2038//161 2034//161 2030//161
f 2030//161 2026//161 2022//161
f 2022//161 2018//161 2014//161
f 2014//161 2010//161 2006//161
f 2006//161 2002//161 1998//161
f 1998//161 1994//161 1990//161
f 1990//161 1986//161 1982//161
f 1982//161 1978//161 1974//161
f 1974//161 1970//161 1966//161
f 1966//161 1962//161 1958//161
f 1958//161 2046//161 2038//161
f 2038//161 2030//161 2022//161
f 2022//161 2014//161 2006//161
f 2006//161 1998//161 1990//161
f 1990//161 1982//161 1974//161
f 1974//161 1966//161 1958//161
f 1958//161 2038//161 2022//161
f 2022//161 2006//161 1990//161
f 1990//161 1974//161 1958//161
f 2046//221 2048//221 2047//221
f 2048//222 1954//222 1953//222
f 2047//159 1953//159 1955//159
f 1955//159 1957//159 1959//159
f 1959//159 1961//159 1963//159
f 1963//159 1965//159 1967//159
f 1967//159 1969//159 1971//159
f 1971//159 1973//159 1975//159
f 1975//159 1977//159 1979//159
f 1979//159 1981//159 1983//159
f 1983//159 1985//159 1987//159
f 1987//159 1989//159 1991//159
f 1991//159 1993//159 1995//159
f 1995//159 1997//159 1999//159
f 1999//159 2001//159 2003//159
f 2003//159 2005//159 2007//159
f 2007//159 2009//159 2011//159
f 2011//159 2013//159 2015//159
f 2015//159 2017//159 2019//159
f 2019//159 2021//159 2023//159
f 2023//159 2025//159 2027//159
f 2027//159 2029//159 2031//159
f 2031//159 2033//159 2035//159
f 2035//159 2037//159 2039//159
f 2039//159 2041//159 2043//159
f 2043//159 2045//159 2047//159
f 2047//159 1955//159 1959//159
f 1959//159 1963//159 1967//159
f 1967//159 1971//159 1975//159
f 1975//159 1979//159 1983//159
f 1983//159 1987//159 1991//159
f 1991//159 1995//159 1999//159
f 1999//159 2003//159 2007//159
f 2007//159 2011//159 2015//159
f 2015//159 2019//159 2023//159
f 2023//159 2027//159 2031//159
f 2031//159 2035//159 2039//159
f 2039//159 2043//159 2047//159
f 2047//159 1959//159 1967//159
f 1967//159 1975//159 1983//159
f 1983//159 1991//159 1999//159
f 1999//159 2007//159 2015//159
f 2015//159 2023//159 2031//159
f 2031//159 2039//159 2047//159
f 2047//159 1967//159 1983//159
f 1983//159 1999//159 2015//159
f 2015//159 2031//159 2047//159
f 2050//66 2052//66 2051//66
f 2052//162 2056//162 2055//162
f 2056//63 2054//63 2053//63
f 2054//160 2050//160 2049//160
f 2055//159 2053//159 2049//159
f 2052//161 2050//161 2054//161
usemtl bolt_black
f 1658//175 1659//175 1657//175
f 1660//176 1661//176 1659//176
f 1662//177 1663//177 1661//177
f 1664//178 1665//178 1663//178
f 1666//179 1667//179 1665//179
f 1668//180 1669//180 1667//180
f 1670//181 1671//181 1669//181
f 1672//182 1673//182 1671//182
f 1674//183 1675//183 1673//183
f 1676//184 1677//184 1675//184
f 1678//185 1679//185 1677//185
f 1680//186 1681//186 1679//186
f 1682//187 1683//187 1681//187
f 1684//188 1685//188 1683//188
f 1686//189 1687//189 1685//189
f 1688//190 1689//190 1687//190
f 1690//191 1691//191 1689//191
f 1692//192 1693//192 1691//192
f 1694//193 1695//193 1693//193
f 1696//194 1697//194 1695//194
f 1698//195 1699//195 1697//195
f 1700//196 1701//196 1699//196
f 1702//197 1703//197 1701//197
f 1704//198 1705//198 1703//198
f 1706//199 1707//199 1705//199
f 1708//200 1709//200 1707//200
f 1710//201 1711//201 1709//201
f 1712//202 1713//202 1711//202
f 1714//203 1715//203 1713//203
f 1716//204 1717//204 1715//204
f 1718//205 1719//205 1717//205
f 1720//206 1721//206 1719//206
f 1722//207 1723//207 1721//207
f 1724//208 1725//208 1723//208
f 1726//209 1727//209 1725//209
f 1728//210 1729//210 1727//210
f 1730//211 1731//211 1729//211
f 1732//212 1733//212 1731//212
f 1734//213 1735//213 1733//213
f 1736//214 1737//214 1735//214
f 1738//215 1739//215 1737//215
f 1740//216 1741//216 1739//216
f 1742//217 1743//217 1741//217
f 1744//218 1745//218 1743//218
f 1746//219 1747//219 1745//219
f 1748//220 1749//220 1747//220
f 1726//161 1694//161 1662//161
f 1750//221 1751//221 1749//221
f 1752//222 1657//222 1751//222
f 1687//159 1719//159 1751//159
f 1658//175 1660//175 1659//175
f 1660//176 1662//176 1661//176
f 1662//177 1664//177 1663//177
f 1664//178 1666//178 1665//178
f 1666//179 1668//179 1667//179
f 1668//180 1670//180 1669//180
f 1670//181 1672//181 1671//181
f 1672//182 1674//182 1673//182
f 1674//183 1676//183 1675//183
f 1676//184 1678//184 1677//184
f 1678//185 1680//185 1679//185
f 1680//186 1682//186 1681//186
f 1682//187 1684//187 1683//187
f 1684//188 1686//188 1685//188
f 1686//189 1688//189 1687//189
f 1688//190 1690//190 1689//190
f 1690//191 1692//191 1691//191
f 1692//192 1694//192 1693//192
f 1694//193 1696//193 1695//193
f 1696//194 1698//194 1697//194
f 1698//195 1700//195 1699//195
f 1700//196 1702//196 1701//196
f 1702//197 1704//197 1703//197
f 1704//198 1706//198 1705//198
f 1706//199 1708//199 1707//199
f 1708//200 1710//200 1709//200
f 1710//201 1712//201 1711//201
f 1712//202 1714//202 1713//202
f 1714//203 1716//203 1715//203
f 1716//204 1718//204 1717//204
f 1718//205 1720//205 1719//205
f 1720//206 1722//206 1721//206
f 1722//207 1724//207 1723//207
f 1724//208 1726//208 1725//208
f 1726//209 1728//209 1727//209
f 1728//210 1730//210 1729//210
f 1730//211 1732//211 1731//211
f 1732//212 1734//212 1733//212
f 1734//213 1736//213 1735//213
f 1736//214 1738//214 1737//214
f 1738//215 1740//215 1739//215
f 1740//216 1742//216 1741//216
f 1742//217 1744//217 1743//217
f 1744//218 1746//218 1745//218
f 1746//219 1748//219 1747//219
f 1748//220 1750//220 1749//220
f 1662//161 1660//161 1658//161
f 1658//161 1752//161 1750//161
f 1750//479 1748//479 1746//479
f 1746//161 1744//161 1742//161
f 1742//161 1740//161 1738//161
f 1738//161 1736//161 1734//161
f 1734//161 1732//161 1730//161
f 1730//161 1728//161 1726//161
f 1726//161 1724//161 1722//161
f 1722//161 1720//161 1718//161
f 1718//161 1716//161 1714//161
f 1714//480 1712//480 1710//480
f 1710//161 1708//161 1706//161
f 1706//161 1704//161 1702//161
f 1702//480 1700//480 1698//480
f 1698//161 1696//161 1694//161
f 1694//161 1692//161 1690//161
f 1690//161 1688//161 1686//161
f 1686//161 1684//161 1682//161
f 1682//161 1680//161 1678//161
f 1678//161 1676//161 1674//161
f 1674//161 1672//161 1670//161
f 1670//161 1668//161 1666//161
f 1666//479 1664//479 1662//479
f 1662//161 1658//161 1750//161
f 1750//161 1746//161 1742//161
f 1742//161 1738//161 1734//161
f 1734//161 1730//161 1726//161
f 1726//161 1722//161 1718//161
f 1718//161 1714//161 1710//161
f 1710//161 1706//161 1702//161
f 1702//161 1698//161 1694//161
f 1694//161 1690//161 1686//161
f 1686//161 1682//161 1678//161
f 1678//161 1674//161 1670//161
f 1670//161 1666//161 1662//161
f 1662//161 1750//161 1742//161
f 1742//161 1734//161 1726//161
f 1726//161 1718//161 1710//161
f 1710//161 1702//161 1694//161
f 1694//161 1686//161 1678//161
f 1678//161 1670//161 1662//161
f 1662//161 1742//161 1726//161
f 1726//161 1710//161 1694//161
f 1694//161 1678//161 1662//161
f 1750//221 1752//221 1751//221
f 1752//222 1658//222 1657//222
f 1751//159 1657//159 1659//159
f 1659//159 1661//159 1663//159
f 1663//159 1665//159 1667//159
f 1667//159 1669//159 1671//159
f 1671//159 1673//159 1675//159
f 1675//159 1677//159 1679//159
f 1679//159 1681//159 1683//159
f 1683//159 1685//159 1687//159
f 1687//159 1689//159 1691//159
f 1691//159 1693//159 1695//159
f 1695//159 1697//159 1699//159
f 1699//159 1701//159 1703//159
f 1703//159 1705//159 1707//159
f 1707//159 1709//159 1711//159
f 1711//159 1713//159 1715//159
f 1715//159 1717//159 1719//159
f 1719//159 1721//159 1723//159
f 1723//159 1725//159 1727//159
f 1727//159 1729//159 1731//159
f 1731//159 1733//159 1735//159
f 1735//159 1737//159 1739//159
f 1739//159 1741//159 1743//159
f 1743//159 1745//159 1747//159
f 1747//159 1749//159 1751//159
f 1751//159 1659//159 1663//159
f 1663//159 1667//159 1671//159
f 1671//159 1675//159 1679//159
f 1679//159 1683//159 1687//159
f 1687//159 1691//159 1695//159
f 1695//159 1699//159 1703//159
f 1703//159 1707//159 1711//159
f 1711//159 1715//159 1719//159
f 1719//159 1723//159 1727//159
f 1727//159 1731//159 1735//159
f 1735//159 1739//159 1743//159
f 1743//159 1747//159 1751//159
f 1751//159 1663//159 1671//159
f 1671//159 1679//159 1687//159
f 1687//159 1695//159 1703//159
f 1703//159 1711//159 1719//159
f 1719//159 1727//159 1735//159
f 1735//159 1743//159 1751//159
f 1751//159 1671//159 1687//159
f 1687//159 1703//159 1719//159
f 1719//159 1735//159 1751//159
