# Blender 5.2.2 LTS
# www.blender.org
mtllib generator.mtl
o generator
v -12.080000 -0.660000 -0.780000
v -12.080000 -0.780000 -0.660000
v -12.200001 -0.660000 -0.660000
v -12.080000 -0.719921 -0.763968
v -12.139921 -0.660000 -0.763968
v -12.137386 -0.717385 -0.748396
v -12.139921 -0.763968 -0.660000
v -12.080000 -0.763968 -0.719921
v -12.137386 -0.748396 -0.717385
v -12.183969 -0.660000 -0.719921
v -12.183969 -0.719921 -0.660000
v -12.168396 -0.717385 -0.717385
v -12.080000 -0.780000 0.660000
v -12.080000 -0.660000 0.780000
v -12.200001 -0.660000 0.660000
v -12.080000 -0.763968 0.719921
v -12.139921 -0.763968 0.660000
v -12.137386 -0.748396 0.717385
v -12.139921 -0.660000 0.763968
v -12.080000 -0.719921 0.763968
v -12.137386 -0.717385 0.748396
v -12.183969 -0.719921 0.660000
v -12.183969 -0.660000 0.719921
v -12.168396 -0.717385 0.717385
v -12.080000 0.660000 -0.780000
v -12.200001 0.660000 -0.660000
v -12.080000 0.780000 -0.660000
v -12.139921 0.660000 -0.763968
v -12.080000 0.719921 -0.763968
v -12.137386 0.717385 -0.748396
v -12.183969 0.719921 -0.660000
v -12.183969 0.660000 -0.719921
v -12.168396 0.717385 -0.717385
v -12.080000 0.763968 -0.719921
v -12.139921 0.763968 -0.660000
v -12.137386 0.748396 -0.717385
v -12.080000 0.660000 0.780000
v -12.080000 0.780000 0.660000
v -12.200001 0.660000 0.660000
v -12.080000 0.719921 0.763968
v -12.139921 0.660000 0.763968
v -12.137386 0.717385 0.748396
v -12.139921 0.763968 0.660000
v -12.080000 0.763968 0.719921
v -12.137386 0.748396 0.717385
v -12.183969 0.660000 0.719921
v -12.183969 0.719921 0.660000
v -12.168396 0.717385 0.717385
v -9.870001 -0.660000 -0.780000
v -9.750000 -0.660000 -0.660000
v -9.870001 -0.780000 -0.660000
v -9.810080 -0.660000 -0.763968
v -9.870001 -0.719921 -0.763968
v -9.812614 -0.717385 -0.748396
v -9.766032 -0.719921 -0.660000
v -9.766032 -0.660000 -0.719921
v -9.781605 -0.717385 -0.717385
v -9.870001 -0.763968 -0.719921
v -9.810080 -0.763968 -0.660000
v -9.812614 -0.748396 -0.717385
v -9.870001 -0.660000 0.780000
v -9.870001 -0.780000 0.660000
v -9.750000 -0.660000 0.660000
v -9.870001 -0.719921 0.763968
v -9.810080 -0.660000 0.763968
v -9.812614 -0.717385 0.748396
v -9.810080 -0.763968 0.660000
v -9.870001 -0.763968 0.719921
v -9.812614 -0.748396 0.717385
v -9.766032 -0.660000 0.719921
v -9.766032 -0.719921 0.660000
v -9.781605 -0.717385 0.717385
v -9.870001 0.660000 -0.780000
v -9.870001 0.780000 -0.660000
v -9.750000 0.660000 -0.660000
v -9.870001 0.719921 -0.763968
v -9.810080 0.660000 -0.763968
v -9.812614 0.717385 -0.748396
v -9.810080 0.763968 -0.660000
v -9.870001 0.763968 -0.719921
v -9.812614 0.748396 -0.717385
v -9.766032 0.660000 -0.719921
v -9.766032 0.719921 -0.660000
v -9.781605 0.717385 -0.717385
v -9.870001 0.660000 0.780000
v -9.750000 0.660000 0.660000
v -9.870001 0.780000 0.660000
v -9.810080 0.660000 0.763968
v -9.870001 0.719921 0.763968
v -9.812614 0.717385 0.748396
v -9.766032 0.719921 0.660000
v -9.766032 0.660000 0.719921
v -9.781605 0.717385 0.717385
v -9.870001 0.763968 0.719921
v -9.810080 0.763968 0.660000
v -9.812614 0.748396 0.717385
v -9.750000 0.550000 0.000000
v -9.629999 0.550000 -0.000000
v -9.750000 0.547352 -0.053909
v -9.629999 0.547352 -0.053909
v -9.750000 0.539432 -0.107300
v -9.629999 0.539432 -0.107300
v -9.750000 0.526317 -0.159657
v -9.629999 0.526317 -0.159657
v -9.750000 0.508134 -0.210476
v -9.629999 0.508134 -0.210476
v -9.750000 0.485057 -0.259268
v -9.629999 0.485057 -0.259268
v -9.750000 0.457308 -0.305564
v -9.629999 0.457308 -0.305564
v -9.750000 0.425156 -0.348916
v -9.629999 0.425156 -0.348916
v -9.750000 0.388909 -0.388909
v -9.629999 0.388909 -0.388909
v -9.750000 0.348916 -0.425156
v -9.629999 0.348916 -0.425156
v -9.750000 0.305564 -0.457308
v -9.629999 0.305564 -0.457308
v -9.750000 0.259268 -0.485057
v -9.629999 0.259268 -0.485057
v -9.750000 0.210476 -0.508134
v -9.629999 0.210476 -0.508134
v -9.750000 0.159657 -0.526317
v -9.629999 0.159657 -0.526317
v -9.750000 0.107300 -0.539432
v -9.629999 0.107300 -0.539432
v -9.750000 0.053909 -0.547352
v -9.629999 0.053909 -0.547352
v -9.750000 0.000000 -0.550000
v -9.629999 0.000000 -0.550000
v -9.750000 -0.053909 -0.547352
v -9.629999 -0.053909 -0.547352
v -9.750000 -0.107300 -0.539432
v -9.629999 -0.107300 -0.539432
v -9.750000 -0.159657 -0.526317
v -9.629999 -0.159657 -0.526317
v -9.750000 -0.210476 -0.508134
v -9.629999 -0.210476 -0.508134
v -9.750000 -0.259268 -0.485057
v -9.629999 -0.259268 -0.485057
v -9.750000 -0.305564 -0.457308
v -9.629999 -0.305564 -0.457308
v -9.750000 -0.348916 -0.425156
v -9.629999 -0.348916 -0.425156
v -9.750000 -0.388909 -0.388909
v -9.629999 -0.388909 -0.388909
v -9.750000 -0.425156 -0.348916
v -9.629999 -0.425156 -0.348916
v -9.750000 -0.457308 -0.305564
v -9.629999 -0.457308 -0.305564
v -9.750000 -0.485057 -0.259268
v -9.629999 -0.485057 -0.259268
v -9.750000 -0.508134 -0.210476
v -9.629999 -0.508134 -0.210476
v -9.750000 -0.526317 -0.159657
v -9.629999 -0.526317 -0.159657
v -9.750000 -0.539432 -0.107300
v -9.629999 -0.539432 -0.107300
v -9.750000 -0.547352 -0.053909
v -9.629999 -0.547352 -0.053909
v -9.750000 -0.550000 0.000000
v -9.629999 -0.550000 -0.000000
v -9.750000 -0.547352 0.053909
v -9.629999 -0.547352 0.053909
v -9.750000 -0.539432 0.107300
v -9.629999 -0.539432 0.107300
v -9.750000 -0.526317 0.159657
v -9.629999 -0.526317 0.159657
v -9.750000 -0.508134 0.210476
v -9.629999 -0.508134 0.210476
v -9.750000 -0.485057 0.259268
v -9.629999 -0.485057 0.259268
v -9.750000 -0.457308 0.305564
v -9.629999 -0.457308 0.305564
v -9.750000 -0.425156 0.348916
v -9.629999 -0.425156 0.348916
v -9.750000 -0.388909 0.388909
v -9.629999 -0.388909 0.388909
v -9.750000 -0.348916 0.425156
v -9.629999 -0.348916 0.425156
v -9.750000 -0.305564 0.457308
v -9.629999 -0.305564 0.457308
v -9.750000 -0.259268 0.485057
v -9.629999 -0.259268 0.485057
v -9.750000 -0.210476 0.508134
v -9.629999 -0.210476 0.508134
v -9.750000 -0.159657 0.526317
v -9.629999 -0.159657 0.526317
v -9.750000 -0.107300 0.539432
v -9.629999 -0.107300 0.539432
v -9.750000 -0.053909 0.547352
v -9.629999 -0.053909 0.547352
v -9.750000 0.000000 0.550000
v -9.629999 0.000000 0.550000
v -9.750000 0.053909 0.547352
v -9.629999 0.053909 0.547352
v -9.750000 0.107300 0.539432
v -9.629999 0.107300 0.539432
v -9.750000 0.159657 0.526317
v -9.629999 0.159657 0.526317
v -9.750000 0.210476 0.508134
v -9.629999 0.210476 0.508134
v -9.750000 0.259268 0.485057
v -9.629999 0.259268 0.485057
v -9.750000 0.305564 0.457308
v -9.629999 0.305564 0.457308
v -9.750000 0.348916 0.425156
v -9.629999 0.348916 0.425156
v -9.750000 0.388909 0.388909
v -9.629999 0.388909 0.388909
v -9.750000 0.425156 0.348916
v -9.629999 0.425156 0.348916
v -9.750000 0.457308 0.305564
v -9.629999 0.457308 0.305564
v -9.750000 0.485057 0.259268
v -9.629999 0.485057 0.259268
v -9.750000 0.508134 0.210476
v -9.629999 0.508134 0.210476
v -9.750000 0.526317 0.159657
v -9.629999 0.526317 0.159657
v -9.750000 0.539432 0.107300
v -9.629999 0.539432 0.107300
v -9.750000 0.547352 0.053909
v -9.629999 0.547352 0.053909
v -9.630000 0.200000 0.000000
v -9.550000 0.200000 -0.000000
v -9.630000 0.199037 -0.019603
v -9.550000 0.199037 -0.019603
v -9.630000 0.196157 -0.039018
v -9.550000 0.196157 -0.039018
v -9.630000 0.191388 -0.058057
v -9.550000 0.191388 -0.058057
v -9.630000 0.184776 -0.076537
v -9.550000 0.184776 -0.076537
v -9.630000 0.176384 -0.094279
v -9.550000 0.176384 -0.094279
v -9.630000 0.166294 -0.111114
v -9.550000 0.166294 -0.111114
v -9.630000 0.154602 -0.126879
v -9.550000 0.154602 -0.126879
v -9.630000 0.141421 -0.141421
v -9.550000 0.141421 -0.141421
v -9.630000 0.126879 -0.154602
v -9.550000 0.126879 -0.154602
v -9.630000 0.111114 -0.166294
v -9.550000 0.111114 -0.166294
v -9.630000 0.094279 -0.176384
v -9.550000 0.094279 -0.176384
v -9.630000 0.076537 -0.184776
v -9.550000 0.076537 -0.184776
v -9.630000 0.058057 -0.191388
v -9.550000 0.058057 -0.191388
v -9.630000 0.039018 -0.196157
v -9.550000 0.039018 -0.196157
v -9.630000 0.019603 -0.199037
v -9.550000 0.019603 -0.199037
v -9.630000 0.000000 -0.200000
v -9.550000 0.000000 -0.200000
v -9.630000 -0.019603 -0.199037
v -9.550000 -0.019603 -0.199037
v -9.630000 -0.039018 -0.196157
v -9.550000 -0.039018 -0.196157
v -9.630000 -0.058057 -0.191388
v -9.550000 -0.058057 -0.191388
v -9.630000 -0.076537 -0.184776
v -9.550000 -0.076537 -0.184776
v -9.630000 -0.094279 -0.176384
v -9.550000 -0.094279 -0.176384
v -9.630000 -0.111114 -0.166294
v -9.550000 -0.111114 -0.166294
v -9.630000 -0.126879 -0.154602
v -9.550000 -0.126879 -0.154602
v -9.630000 -0.141421 -0.141421
v -9.550000 -0.141421 -0.141421
v -9.630000 -0.154602 -0.126879
v -9.550000 -0.154602 -0.126879
v -9.630000 -0.166294 -0.111114
v -9.550000 -0.166294 -0.111114
v -9.630000 -0.176384 -0.094279
v -9.550000 -0.176384 -0.094279
v -9.630000 -0.184776 -0.076537
v -9.550000 -0.184776 -0.076537
v -9.630000 -0.191388 -0.058057
v -9.550000 -0.191388 -0.058057
v -9.630000 -0.196157 -0.039018
v -9.550000 -0.196157 -0.039018
v -9.630000 -0.199037 -0.019603
v -9.550000 -0.199037 -0.019603
v -9.630000 -0.200000 0.000000
v -9.550000 -0.200000 -0.000000
v -9.630000 -0.199037 0.019603
v -9.550000 -0.199037 0.019603
v -9.630000 -0.196157 0.039018
v -9.550000 -0.196157 0.039018
v -9.630000 -0.191388 0.058057
v -9.550000 -0.191388 0.058057
v -9.630000 -0.184776 0.076537
v -9.550000 -0.184776 0.076537
v -9.630000 -0.176384 0.094279
v -9.550000 -0.176384 0.094279
v -9.630000 -0.166294 0.111114
v -9.550000 -0.166294 0.111114
v -9.630000 -0.154602 0.126879
v -9.550000 -0.154602 0.126879
v -9.630000 -0.141421 0.141421
v -9.550000 -0.141421 0.141421
v -9.630000 -0.126879 0.154602
v -9.550000 -0.126879 0.154602
v -9.630000 -0.111114 0.166294
v -9.550000 -0.111114 0.166294
v -9.630000 -0.094279 0.176384
v -9.550000 -0.094279 0.176384
v -9.630000 -0.076537 0.184776
v -9.550000 -0.076537 0.184776
v -9.630000 -0.058057 0.191388
v -9.550000 -0.058057 0.191388
v -9.630000 -0.039018 0.196157
v -9.550000 -0.039018 0.196157
v -9.630000 -0.019603 0.199037
v -9.550000 -0.019603 0.199037
v -9.630000 0.000000 0.200000
v -9.550000 0.000000 0.200000
v -9.630000 0.019603 0.199037
v -9.550000 0.019603 0.199037
v -9.630000 0.039018 0.196157
v -9.550000 0.039018 0.196157
v -9.630000 0.058057 0.191388
v -9.550000 0.058057 0.191388
v -9.630000 0.076537 0.184776
v -9.550000 0.076537 0.184776
v -9.630000 0.094279 0.176384
v -9.550000 0.094279 0.176384
v -9.630000 0.111114 0.166294
v -9.550000 0.111114 0.166294
v -9.630000 0.126879 0.154602
v -9.550000 0.126879 0.154602
v -9.630000 0.141421 0.141421
v -9.550000 0.141421 0.141421
v -9.630000 0.154602 0.126879
v -9.550000 0.154602 0.126879
v -9.630000 0.166294 0.111114
v -9.550000 0.166294 0.111114
v -9.630000 0.176384 0.094279
v -9.550000 0.176384 0.094279
v -9.630000 0.184776 0.076537
v -9.550000 0.184776 0.076537
v -9.630000 0.191388 0.058057
v -9.550000 0.191388 0.058057
v -9.630000 0.196157 0.039018
v -9.550000 0.196157 0.039018
v -9.630000 0.199037 0.019603
v -9.550000 0.199037 0.019603
v -12.092000 -0.680000 0.760000
v -12.092000 -0.680000 0.850000
v -12.092000 0.680000 0.760000
v -12.092000 0.680000 0.850000
v -12.068000 -0.680000 0.760000
v -12.068000 -0.680000 0.850000
v -12.068000 0.680000 0.760000
v -12.068000 0.680000 0.850000
v -12.092000 -0.850000 -0.680000
v -12.092000 -0.850000 0.680000
v -12.092000 -0.760000 -0.680000
v -12.092000 -0.760000 0.680000
v -12.068000 -0.850000 -0.680000
v -12.068000 -0.850000 0.680000
v -12.068000 -0.760000 -0.680000
v -12.068000 -0.760000 0.680000
v -12.092000 0.760000 -0.680000
v -12.092000 0.760000 0.680000
v -12.092000 0.850000 -0.680000
v -12.092000 0.850000 0.680000
v -12.068000 0.760000 -0.680000
v -12.068000 0.760000 0.680000
v -12.068000 0.850000 -0.680000
v -12.068000 0.850000 0.680000
v -11.922000 -0.680000 0.760000
v -11.922000 -0.680000 0.850000
v -11.922000 0.680000 0.760000
v -11.922000 0.680000 0.850000
v -11.898000 -0.680000 0.760000
v -11.898000 -0.680000 0.850000
v -11.898000 0.680000 0.760000
v -11.898000 0.680000 0.850000
v -11.922000 -0.850000 -0.680000
v -11.922000 -0.850000 0.680000
v -11.922000 -0.760000 -0.680000
v -11.922000 -0.760000 0.680000
v -11.898000 -0.850000 -0.680000
v -11.898000 -0.850000 0.680000
v -11.898000 -0.760000 -0.680000
v -11.898000 -0.760000 0.680000
v -11.922000 0.760000 -0.680000
v -11.922000 0.760000 0.680000
v -11.922000 0.850000 -0.680000
v -11.922000 0.850000 0.680000
v -11.898000 0.760000 -0.680000
v -11.898000 0.760000 0.680000
v -11.898000 0.850000 -0.680000
v -11.898000 0.850000 0.680000
v -11.752000 -0.680000 0.760000
v -11.752000 -0.680000 0.850000
v -11.752000 0.680000 0.760000
v -11.752000 0.680000 0.850000
v -11.728000 -0.680000 0.760000
v -11.728000 -0.680000 0.850000
v -11.728000 0.680000 0.760000
v -11.728000 0.680000 0.850000
v -11.752000 -0.850000 -0.680000
v -11.752000 -0.850000 0.680000
v -11.752000 -0.760000 -0.680000
v -11.752000 -0.760000 0.680000
v -11.728000 -0.850000 -0.680000
v -11.728000 -0.850000 0.680000
v -11.728000 -0.760000 -0.680000
v -11.728000 -0.760000 0.680000
v -11.752000 0.760000 -0.680000
v -11.752000 0.760000 0.680000
v -11.752000 0.850000 -0.680000
v -11.752000 0.850000 0.680000
v -11.728000 0.760000 -0.680000
v -11.728000 0.760000 0.680000
v -11.728000 0.850000 -0.680000
v -11.728000 0.850000 0.680000
v -11.582000 -0.680000 0.760000
v -11.582000 -0.680000 0.850000
v -11.582000 0.680000 0.760000
v -11.582000 0.680000 0.850000
v -11.558000 -0.680000 0.760000
v -11.558000 -0.680000 0.850000
v -11.558000 0.680000 0.760000
v -11.558000 0.680000 0.850000
v -11.582000 -0.850000 -0.680000
v -11.582000 -0.850000 0.680000
v -11.582000 -0.760000 -0.680000
v -11.582000 -0.760000 0.680000
v -11.558000 -0.850000 -0.680000
v -11.558000 -0.850000 0.680000
v -11.558000 -0.760000 -0.680000
v -11.558000 -0.760000 0.680000
v -11.582000 0.760000 -0.680000
v -11.582000 0.760000 0.680000
v -11.582000 0.850000 -0.680000
v -11.582000 0.850000 0.680000
v -11.558000 0.760000 -0.680000
v -11.558000 0.760000 0.680000
v -11.558000 0.850000 -0.680000
v -11.558000 0.850000 0.680000
v -11.412000 -0.680000 0.760000
v -11.412000 -0.680000 0.850000
v -11.412000 0.680000 0.760000
v -11.412000 0.680000 0.850000
v -11.388000 -0.680000 0.760000
v -11.388000 -0.680000 0.850000
v -11.388000 0.680000 0.760000
v -11.388000 0.680000 0.850000
v -11.412000 -0.850000 -0.680000
v -11.412000 -0.850000 0.680000
v -11.412000 -0.760000 -0.680000
v -11.412000 -0.760000 0.680000
v -11.388000 -0.850000 -0.680000
v -11.388000 -0.850000 0.680000
v -11.388000 -0.760000 -0.680000
v -11.388000 -0.760000 0.680000
v -11.412000 0.760000 -0.680000
v -11.412000 0.760000 0.680000
v -11.412000 0.850000 -0.680000
v -11.412000 0.850000 0.680000
v -11.388000 0.760000 -0.680000
v -11.388000 0.760000 0.680000
v -11.388000 0.850000 -0.680000
v -11.388000 0.850000 0.680000
v -11.242000 -0.680000 0.760000
v -11.242000 -0.680000 0.850000
v -11.242000 0.680000 0.760000
v -11.242000 0.680000 0.850000
v -11.217999 -0.680000 0.760000
v -11.217999 -0.680000 0.850000
v -11.217999 0.680000 0.760000
v -11.217999 0.680000 0.850000
v -11.242000 -0.850000 -0.680000
v -11.242000 -0.850000 0.680000
v -11.242000 -0.760000 -0.680000
v -11.242000 -0.760000 0.680000
v -11.217999 -0.850000 -0.680000
v -11.217999 -0.850000 0.680000
v -11.217999 -0.760000 -0.680000
v -11.217999 -0.760000 0.680000
v -11.242000 0.760000 -0.680000
v -11.242000 0.760000 0.680000
v -11.242000 0.850000 -0.680000
v -11.242000 0.850000 0.680000
v -11.217999 0.760000 -0.680000
v -11.217999 0.760000 0.680000
v -11.217999 0.850000 -0.680000
v -11.217999 0.850000 0.680000
v -11.072001 -0.680000 0.760000
v -11.072001 -0.680000 0.850000
v -11.072001 0.680000 0.760000
v -11.072001 0.680000 0.850000
v -11.048000 -0.680000 0.760000
v -11.048000 -0.680000 0.850000
v -11.048000 0.680000 0.760000
v -11.048000 0.680000 0.850000
v -11.072001 -0.850000 -0.680000
v -11.072001 -0.850000 0.680000
v -11.072001 -0.760000 -0.680000
v -11.072001 -0.760000 0.680000
v -11.048000 -0.850000 -0.680000
v -11.048000 -0.850000 0.680000
v -11.048000 -0.760000 -0.680000
v -11.048000 -0.760000 0.680000
v -11.072001 0.760000 -0.680000
v -11.072001 0.760000 0.680000
v -11.072001 0.850000 -0.680000
v -11.072001 0.850000 0.680000
v -11.048000 0.760000 -0.680000
v -11.048000 0.760000 0.680000
v -11.048000 0.850000 -0.680000
v -11.048000 0.850000 0.680000
v -10.902000 -0.680000 0.760000
v -10.902000 -0.680000 0.850000
v -10.902000 0.680000 0.760000
v -10.902000 0.680000 0.850000
v -10.878000 -0.680000 0.760000
v -10.878000 -0.680000 0.850000
v -10.878000 0.680000 0.760000
v -10.878000 0.680000 0.850000
v -10.902000 -0.850000 -0.680000
v -10.902000 -0.850000 0.680000
v -10.902000 -0.760000 -0.680000
v -10.902000 -0.760000 0.680000
v -10.878000 -0.850000 -0.680000
v -10.878000 -0.850000 0.680000
v -10.878000 -0.760000 -0.680000
v -10.878000 -0.760000 0.680000
v -10.902000 0.760000 -0.680000
v -10.902000 0.760000 0.680000
v -10.902000 0.850000 -0.680000
v -10.902000 0.850000 0.680000
v -10.878000 0.760000 -0.680000
v -10.878000 0.760000 0.680000
v -10.878000 0.850000 -0.680000
v -10.878000 0.850000 0.680000
v -10.732000 -0.680000 0.760000
v -10.732000 -0.680000 0.850000
v -10.732000 0.680000 0.760000
v -10.732000 0.680000 0.850000
v -10.708000 -0.680000 0.760000
v -10.708000 -0.680000 0.850000
v -10.708000 0.680000 0.760000
v -10.708000 0.680000 0.850000
v -10.732000 -0.850000 -0.680000
v -10.732000 -0.850000 0.680000
v -10.732000 -0.760000 -0.680000
v -10.732000 -0.760000 0.680000
v -10.708000 -0.850000 -0.680000
v -10.708000 -0.850000 0.680000
v -10.708000 -0.760000 -0.680000
v -10.708000 -0.760000 0.680000
v -10.732000 0.760000 -0.680000
v -10.732000 0.760000 0.680000
v -10.732000 0.850000 -0.680000
v -10.732000 0.850000 0.680000
v -10.708000 0.760000 -0.680000
v -10.708000 0.760000 0.680000
v -10.708000 0.850000 -0.680000
v -10.708000 0.850000 0.680000
v -10.562000 -0.680000 0.760000
v -10.562000 -0.680000 0.850000
v -10.562000 0.680000 0.760000
v -10.562000 0.680000 0.850000
v -10.538000 -0.680000 0.760000
v -10.538000 -0.680000 0.850000
v -10.538000 0.680000 0.760000
v -10.538000 0.680000 0.850000
v -10.562000 -0.850000 -0.680000
v -10.562000 -0.850000 0.680000
v -10.562000 -0.760000 -0.680000
v -10.562000 -0.760000 0.680000
v -10.538000 -0.850000 -0.680000
v -10.538000 -0.850000 0.680000
v -10.538000 -0.760000 -0.680000
v -10.538000 -0.760000 0.680000
v -10.562000 0.760000 -0.680000
v -10.562000 0.760000 0.680000
v -10.562000 0.850000 -0.680000
v -10.562000 0.850000 0.680000
v -10.538000 0.760000 -0.680000
v -10.538000 0.760000 0.680000
v -10.538000 0.850000 -0.680000
v -10.538000 0.850000 0.680000
v -10.392000 -0.680000 0.760000
v -10.392000 -0.680000 0.850000
v -10.392000 0.680000 0.760000
v -10.392000 0.680000 0.850000
v -10.368000 -0.680000 0.760000
v -10.368000 -0.680000 0.850000
v -10.368000 0.680000 0.760000
v -10.368000 0.680000 0.850000
v -10.392000 -0.850000 -0.680000
v -10.392000 -0.850000 0.680000
v -10.392000 -0.760000 -0.680000
v -10.392000 -0.760000 0.680000
v -10.368000 -0.850000 -0.680000
v -10.368000 -0.850000 0.680000
v -10.368000 -0.760000 -0.680000
v -10.368000 -0.760000 0.680000
v -10.392000 0.760000 -0.680000
v -10.392000 0.760000 0.680000
v -10.392000 0.850000 -0.680000
v -10.392000 0.850000 0.680000
v -10.368000 0.760000 -0.680000
v -10.368000 0.760000 0.680000
v -10.368000 0.850000 -0.680000
v -10.368000 0.850000 0.680000
v -10.222000 -0.680000 0.760000
v -10.222000 -0.680000 0.850000
v -10.222000 0.680000 0.760000
v -10.222000 0.680000 0.850000
v -10.198000 -0.680000 0.760000
v -10.198000 -0.680000 0.850000
v -10.198000 0.680000 0.760000
v -10.198000 0.680000 0.850000
v -10.222000 -0.850000 -0.680000
v -10.222000 -0.850000 0.680000
v -10.222000 -0.760000 -0.680000
v -10.222000 -0.760000 0.680000
v -10.198000 -0.850000 -0.680000
v -10.198000 -0.850000 0.680000
v -10.198000 -0.760000 -0.680000
v -10.198000 -0.760000 0.680000
v -10.222000 0.760000 -0.680000
v -10.222000 0.760000 0.680000
v -10.222000 0.850000 -0.680000
v -10.222000 0.850000 0.680000
v -10.198000 0.760000 -0.680000
v -10.198000 0.760000 0.680000
v -10.198000 0.850000 -0.680000
v -10.198000 0.850000 0.680000
v -10.052000 -0.680000 0.760000
v -10.052000 -0.680000 0.850000
v -10.052000 0.680000 0.760000
v -10.052000 0.680000 0.850000
v -10.028000 -0.680000 0.760000
v -10.028000 -0.680000 0.850000
v -10.028000 0.680000 0.760000
v -10.028000 0.680000 0.850000
v -10.052000 -0.850000 -0.680000
v -10.052000 -0.850000 0.680000
v -10.052000 -0.760000 -0.680000
v -10.052000 -0.760000 0.680000
v -10.028000 -0.850000 -0.680000
v -10.028000 -0.850000 0.680000
v -10.028000 -0.760000 -0.680000
v -10.028000 -0.760000 0.680000
v -10.052000 0.760000 -0.680000
v -10.052000 0.760000 0.680000
v -10.052000 0.850000 -0.680000
v -10.052000 0.850000 0.680000
v -10.028000 0.760000 -0.680000
v -10.028000 0.760000 0.680000
v -10.028000 0.850000 -0.680000
v -10.028000 0.850000 0.680000
v -9.882000 -0.680000 0.760000
v -9.882000 -0.680000 0.850000
v -9.882000 0.680000 0.760000
v -9.882000 0.680000 0.850000
v -9.858000 -0.680000 0.760000
v -9.858000 -0.680000 0.850000
v -9.858000 0.680000 0.760000
v -9.858000 0.680000 0.850000
v -9.882000 -0.850000 -0.680000
v -9.882000 -0.850000 0.680000
v -9.882000 -0.760000 -0.680000
v -9.882000 -0.760000 0.680000
v -9.858000 -0.850000 -0.680000
v -9.858000 -0.850000 0.680000
v -9.858000 -0.760000 -0.680000
v -9.858000 -0.760000 0.680000
v -9.882000 0.760000 -0.680000
v -9.882000 0.760000 0.680000
v -9.882000 0.850000 -0.680000
v -9.882000 0.850000 0.680000
v -9.858000 0.760000 -0.680000
v -9.858000 0.760000 0.680000
v -9.858000 0.850000 -0.680000
v -9.858000 0.850000 0.680000
v -12.049999 -0.850000 -0.784118
v -12.049999 -0.850000 -0.730000
v -12.049999 -0.500000 -0.784118
v -12.049999 -0.500000 -0.730000
v -11.750000 -0.850000 -0.784118
v -11.750000 -0.850000 -0.730000
v -11.750000 -0.500000 -0.784118
v -11.750000 -0.500000 -0.730000
v -11.900000 -0.580000 -0.864118
v -11.900000 -0.580000 -0.784118
v -11.890862 -0.580599 -0.864118
v -11.890862 -0.580599 -0.784118
v -11.881883 -0.582385 -0.864118
v -11.881883 -0.582385 -0.784118
v -11.873212 -0.585328 -0.864118
v -11.873212 -0.585328 -0.784118
v -11.865000 -0.589378 -0.864118
v -11.865000 -0.589378 -0.784118
v -11.857387 -0.594465 -0.864118
v -11.857387 -0.594465 -0.784118
v -11.850502 -0.600502 -0.864118
v -11.850502 -0.600502 -0.784118
v -11.844465 -0.607387 -0.864118
v -11.844465 -0.607387 -0.784118
v -11.839377 -0.615000 -0.864118
v -11.839377 -0.615000 -0.784118
v -11.835328 -0.623212 -0.864118
v -11.835328 -0.623212 -0.784118
v -11.832385 -0.631883 -0.864118
v -11.832385 -0.631883 -0.784118
v -11.830599 -0.640863 -0.864118
v -11.830599 -0.640863 -0.784118
v -11.830000 -0.650000 -0.864118
v -11.830000 -0.650000 -0.784118
v -11.830599 -0.659137 -0.864118
v -11.830599 -0.659137 -0.784118
v -11.832385 -0.668117 -0.864118
v -11.832385 -0.668117 -0.784118
v -11.835328 -0.676788 -0.864118
v -11.835328 -0.676788 -0.784118
v -11.839377 -0.685000 -0.864118
v -11.839377 -0.685000 -0.784118
v -11.844465 -0.692613 -0.864118
v -11.844465 -0.692613 -0.784118
v -11.850502 -0.699497 -0.864118
v -11.850502 -0.699497 -0.784118
v -11.857387 -0.705535 -0.864118
v -11.857387 -0.705535 -0.784118
v -11.865000 -0.710622 -0.864118
v -11.865000 -0.710622 -0.784118
v -11.873212 -0.714672 -0.864118
v -11.873212 -0.714672 -0.784118
v -11.881883 -0.717615 -0.864118
v -11.881883 -0.717615 -0.784118
v -11.890862 -0.719401 -0.864118
v -11.890862 -0.719401 -0.784118
v -11.900000 -0.720000 -0.864118
v -11.900000 -0.720000 -0.784118
v -11.909137 -0.719401 -0.864118
v -11.909137 -0.719401 -0.784118
v -11.918117 -0.717615 -0.864118
v -11.918117 -0.717615 -0.784118
v -11.926787 -0.714672 -0.864118
v -11.926787 -0.714672 -0.784118
v -11.934999 -0.710622 -0.864118
v -11.934999 -0.710622 -0.784118
v -11.942613 -0.705535 -0.864118
v -11.942613 -0.705535 -0.784118
v -11.949497 -0.699497 -0.864118
v -11.949497 -0.699497 -0.784118
v -11.955534 -0.692613 -0.864118
v -11.955534 -0.692613 -0.784118
v -11.960622 -0.685000 -0.864118
v -11.960622 -0.685000 -0.784118
v -11.964671 -0.676788 -0.864118
v -11.964671 -0.676788 -0.784118
v -11.967614 -0.668117 -0.864118
v -11.967614 -0.668117 -0.784118
v -11.969400 -0.659137 -0.864118
v -11.969400 -0.659137 -0.784118
v -11.969999 -0.650000 -0.864118
v -11.969999 -0.650000 -0.784118
v -11.969400 -0.640863 -0.864118
v -11.969400 -0.640863 -0.784118
v -11.967614 -0.631883 -0.864118
v -11.967614 -0.631883 -0.784118
v -11.964671 -0.623212 -0.864118
v -11.964671 -0.623212 -0.784118
v -11.960622 -0.615000 -0.864118
v -11.960622 -0.615000 -0.784118
v -11.955534 -0.607387 -0.864118
v -11.955534 -0.607387 -0.784118
v -11.949497 -0.600502 -0.864118
v -11.949497 -0.600502 -0.784118
v -11.942613 -0.594465 -0.864118
v -11.942613 -0.594465 -0.784118
v -11.934999 -0.589378 -0.864118
v -11.934999 -0.589378 -0.784118
v -11.926787 -0.585328 -0.864118
v -11.926787 -0.585328 -0.784118
v -11.918117 -0.582385 -0.864118
v -11.918117 -0.582385 -0.784118
v -11.909137 -0.580599 -0.864118
v -11.909137 -0.580599 -0.784118
v -12.049999 0.500000 -0.784118
v -12.049999 0.500000 -0.730000
v -12.049999 0.850000 -0.784118
v -12.049999 0.850000 -0.730000
v -11.750000 0.500000 -0.784118
v -11.750000 0.500000 -0.730000
v -11.750000 0.850000 -0.784118
v -11.750000 0.850000 -0.730000
v -11.900000 0.720000 -0.864118
v -11.900000 0.720000 -0.784118
v -11.890862 0.719401 -0.864118
v -11.890862 0.719401 -0.784118
v -11.881883 0.717615 -0.864118
v -11.881883 0.717615 -0.784118
v -11.873212 0.714672 -0.864118
v -11.873212 0.714672 -0.784118
v -11.865000 0.710622 -0.864118
v -11.865000 0.710622 -0.784118
v -11.857387 0.705535 -0.864118
v -11.857387 0.705535 -0.784118
v -11.850502 0.699497 -0.864118
v -11.850502 0.699497 -0.784118
v -11.844465 0.692613 -0.864118
v -11.844465 0.692613 -0.784118
v -11.839377 0.685000 -0.864118
v -11.839377 0.685000 -0.784118
v -11.835328 0.676788 -0.864118
v -11.835328 0.676788 -0.784118
v -11.832385 0.668117 -0.864118
v -11.832385 0.668117 -0.784118
v -11.830599 0.659137 -0.864118
v -11.830599 0.659137 -0.784118
v -11.830000 0.650000 -0.864118
v -11.830000 0.650000 -0.784118
v -11.830599 0.640863 -0.864118
v -11.830599 0.640863 -0.784118
v -11.832385 0.631883 -0.864118
v -11.832385 0.631883 -0.784118
v -11.835328 0.623212 -0.864118
v -11.835328 0.623212 -0.784118
v -11.839377 0.615000 -0.864118
v -11.839377 0.615000 -0.784118
v -11.844465 0.607387 -0.864118
v -11.844465 0.607387 -0.784118
v -11.850502 0.600502 -0.864118
v -11.850502 0.600502 -0.784118
v -11.857387 0.594465 -0.864118
v -11.857387 0.594465 -0.784118
v -11.865000 0.589378 -0.864118
v -11.865000 0.589378 -0.784118
v -11.873212 0.585328 -0.864118
v -11.873212 0.585328 -0.784118
v -11.881883 0.582385 -0.864118
v -11.881883 0.582385 -0.784118
v -11.890862 0.580599 -0.864118
v -11.890862 0.580599 -0.784118
v -11.900000 0.580000 -0.864118
v -11.900000 0.580000 -0.784118
v -11.909137 0.580599 -0.864118
v -11.909137 0.580599 -0.784118
v -11.918117 0.582385 -0.864118
v -11.918117 0.582385 -0.784118
v -11.926787 0.585328 -0.864118
v -11.926787 0.585328 -0.784118
v -11.934999 0.589378 -0.864118
v -11.934999 0.589378 -0.784118
v -11.942613 0.594465 -0.864118
v -11.942613 0.594465 -0.784118
v -11.949497 0.600502 -0.864118
v -11.949497 0.600502 -0.784118
v -11.955534 0.607387 -0.864118
v -11.955534 0.607387 -0.784118
v -11.960622 0.615000 -0.864118
v -11.960622 0.615000 -0.784118
v -11.964671 0.623212 -0.864118
v -11.964671 0.623212 -0.784118
v -11.967614 0.631883 -0.864118
v -11.967614 0.631883 -0.784118
v -11.969400 0.640863 -0.864118
v -11.969400 0.640863 -0.784118
v -11.969999 0.650000 -0.864118
v -11.969999 0.650000 -0.784118
v -11.969400 0.659137 -0.864118
v -11.969400 0.659137 -0.784118
v -11.967614 0.668117 -0.864118
v -11.967614 0.668117 -0.784118
v -11.964671 0.676788 -0.864118
v -11.964671 0.676788 -0.784118
v -11.960622 0.685000 -0.864118
v -11.960622 0.685000 -0.784118
v -11.955534 0.692613 -0.864118
v -11.955534 0.692613 -0.784118
v -11.949497 0.699497 -0.864118
v -11.949497 0.699497 -0.784118
v -11.942613 0.705535 -0.864118
v -11.942613 0.705535 -0.784118
v -11.934999 0.710622 -0.864118
v -11.934999 0.710622 -0.784118
v -11.926787 0.714672 -0.864118
v -11.926787 0.714672 -0.784118
v -11.918117 0.717615 -0.864118
v -11.918117 0.717615 -0.784118
v -11.909137 0.719401 -0.864118
v -11.909137 0.719401 -0.784118
v -10.200000 -0.850000 -0.945960
v -10.200000 -0.850000 -0.730000
v -10.200000 -0.500000 -0.945960
v -10.200000 -0.500000 -0.730000
v -9.900001 -0.850000 -0.945960
v -9.900001 -0.850000 -0.730000
v -9.900001 -0.500000 -0.945960
v -9.900001 -0.500000 -0.730000
v -10.050000 -0.580000 -1.025960
v -10.050000 -0.580000 -0.945960
v -10.040863 -0.580599 -1.025960
v -10.040863 -0.580599 -0.945960
v -10.031883 -0.582385 -1.025960
v -10.031883 -0.582385 -0.945960
v -10.023212 -0.585328 -1.025960
v -10.023212 -0.585328 -0.945960
v -10.015000 -0.589378 -1.025960
v -10.015000 -0.589378 -0.945960
v -10.007387 -0.594465 -1.025960
v -10.007387 -0.594465 -0.945960
v -10.000503 -0.600502 -1.025960
v -10.000503 -0.600502 -0.945960
v -9.994466 -0.607387 -1.025960
v -9.994466 -0.607387 -0.945960
v -9.989378 -0.615000 -1.025960
v -9.989378 -0.615000 -0.945960
v -9.985329 -0.623212 -1.025960
v -9.985329 -0.623212 -0.945960
v -9.982386 -0.631883 -1.025960
v -9.982386 -0.631883 -0.945960
v -9.980599 -0.640863 -1.025960
v -9.980599 -0.640863 -0.945960
v -9.980000 -0.650000 -1.025960
v -9.980000 -0.650000 -0.945960
v -9.980599 -0.659137 -1.025960
v -9.980599 -0.659137 -0.945960
v -9.982386 -0.668117 -1.025960
v -9.982386 -0.668117 -0.945960
v -9.985329 -0.676788 -1.025960
v -9.985329 -0.676788 -0.945960
v -9.989378 -0.685000 -1.025960
v -9.989378 -0.685000 -0.945960
v -9.994466 -0.692613 -1.025960
v -9.994466 -0.692613 -0.945960
v -10.000503 -0.699497 -1.025960
v -10.000503 -0.699497 -0.945960
v -10.007387 -0.705535 -1.025960
v -10.007387 -0.705535 -0.945960
v -10.015000 -0.710622 -1.025960
v -10.015000 -0.710622 -0.945960
v -10.023212 -0.714672 -1.025960
v -10.023212 -0.714672 -0.945960
v -10.031883 -0.717615 -1.025960
v -10.031883 -0.717615 -0.945960
v -10.040863 -0.719401 -1.025960
v -10.040863 -0.719401 -0.945960
v -10.050000 -0.720000 -1.025960
v -10.050000 -0.720000 -0.945960
v -10.059137 -0.719401 -1.025960
v -10.059137 -0.719401 -0.945960
v -10.068117 -0.717615 -1.025960
v -10.068117 -0.717615 -0.945960
v -10.076788 -0.714672 -1.025960
v -10.076788 -0.714672 -0.945960
v -10.085000 -0.710622 -1.025960
v -10.085000 -0.710622 -0.945960
v -10.092613 -0.705535 -1.025960
v -10.092613 -0.705535 -0.945960
v -10.099498 -0.699497 -1.025960
v -10.099498 -0.699497 -0.945960
v -10.105535 -0.692613 -1.025960
v -10.105535 -0.692613 -0.945960
v -10.110622 -0.685000 -1.025960
v -10.110622 -0.685000 -0.945960
v -10.114672 -0.676788 -1.025960
v -10.114672 -0.676788 -0.945960
v -10.117615 -0.668117 -1.025960
v -10.117615 -0.668117 -0.945960
v -10.119401 -0.659137 -1.025960
v -10.119401 -0.659137 -0.945960
v -10.120000 -0.650000 -1.025960
v -10.120000 -0.650000 -0.945960
v -10.119401 -0.640863 -1.025960
v -10.119401 -0.640863 -0.945960
v -10.117615 -0.631883 -1.025960
v -10.117615 -0.631883 -0.945960
v -10.114672 -0.623212 -1.025960
v -10.114672 -0.623212 -0.945960
v -10.110622 -0.615000 -1.025960
v -10.110622 -0.615000 -0.945960
v -10.105535 -0.607387 -1.025960
v -10.105535 -0.607387 -0.945960
v -10.099498 -0.600502 -1.025960
v -10.099498 -0.600502 -0.945960
v -10.092613 -0.594465 -1.025960
v -10.092613 -0.594465 -0.945960
v -10.085000 -0.589378 -1.025960
v -10.085000 -0.589378 -0.945960
v -10.076788 -0.585328 -1.025960
v -10.076788 -0.585328 -0.945960
v -10.068117 -0.582385 -1.025960
v -10.068117 -0.582385 -0.945960
v -10.059137 -0.580599 -1.025960
v -10.059137 -0.580599 -0.945960
v -10.200000 0.500000 -0.945960
v -10.200000 0.500000 -0.730000
v -10.200000 0.850000 -0.945960
v -10.200000 0.850000 -0.730000
v -9.900001 0.500000 -0.945960
v -9.900001 0.500000 -0.730000
v -9.900001 0.850000 -0.945960
v -9.900001 0.850000 -0.730000
v -10.050000 0.720000 -1.025960
v -10.050000 0.720000 -0.945960
v -10.040863 0.719401 -1.025960
v -10.040863 0.719401 -0.945960
v -10.031883 0.717615 -1.025960
v -10.031883 0.717615 -0.945960
v -10.023212 0.714672 -1.025960
v -10.023212 0.714672 -0.945960
v -10.015000 0.710622 -1.025960
v -10.015000 0.710622 -0.945960
v -10.007387 0.705535 -1.025960
v -10.007387 0.705535 -0.945960
v -10.000503 0.699497 -1.025960
v -10.000503 0.699497 -0.945960
v -9.994466 0.692613 -1.025960
v -9.994466 0.692613 -0.945960
v -9.989378 0.685000 -1.025960
v -9.989378 0.685000 -0.945960
v -9.985329 0.676788 -1.025960
v -9.985329 0.676788 -0.945960
v -9.982386 0.668117 -1.025960
v -9.982386 0.668117 -0.945960
v -9.980599 0.659137 -1.025960
v -9.980599 0.659137 -0.945960
v -9.980000 0.650000 -1.025960
v -9.980000 0.650000 -0.945960
v -9.980599 0.640863 -1.025960
v -9.980599 0.640863 -0.945960
v -9.982386 0.631883 -1.025960
v -9.982386 0.631883 -0.945960
v -9.985329 0.623212 -1.025960
v -9.985329 0.623212 -0.945960
v -9.989378 0.615000 -1.025960
v -9.989378 0.615000 -0.945960
v -9.994466 0.607387 -1.025960
v -9.994466 0.607387 -0.945960
v -10.000503 0.600502 -1.025960
v -10.000503 0.600502 -0.945960
v -10.007387 0.594465 -1.025960
v -10.007387 0.594465 -0.945960
v -10.015000 0.589378 -1.025960
v -10.015000 0.589378 -0.945960
v -10.023212 0.585328 -1.025960
v -10.023212 0.585328 -0.945960
v -10.031883 0.582385 -1.025960
v -10.031883 0.582385 -0.945960
v -10.040863 0.580599 -1.025960
v -10.040863 0.580599 -0.945960
v -10.050000 0.580000 -1.025960
v -10.050000 0.580000 -0.945960
v -10.059137 0.580599 -1.025960
v -10.059137 0.580599 -0.945960
v -10.068117 0.582385 -1.025960
v -10.068117 0.582385 -0.945960
v -10.076788 0.585328 -1.025960
v -10.076788 0.585328 -0.945960
v -10.085000 0.589378 -1.025960
v -10.085000 0.589378 -0.945960
v -10.092613 0.594465 -1.025960
v -10.092613 0.594465 -0.945960
v -10.099498 0.600502 -1.025960
v -10.099498 0.600502 -0.945960
v -10.105535 0.607387 -1.025960
v -10.105535 0.607387 -0.945960
v -10.110622 0.615000 -1.025960
v -10.110622 0.615000 -0.945960
v -10.114672 0.623212 -1.025960
v -10.114672 0.623212 -0.945960
v -10.117615 0.631883 -1.025960
v -10.117615 0.631883 -0.945960
v -10.119401 0.640863 -1.025960
v -10.119401 0.640863 -0.945960
v -10.120000 0.650000 -1.025960
v -10.120000 0.650000 -0.945960
v -10.119401 0.659137 -1.025960
v -10.119401 0.659137 -0.945960
v -10.117615 0.668117 -1.025960
v -10.117615 0.668117 -0.945960
v -10.114672 0.676788 -1.025960
v -10.114672 0.676788 -0.945960
v -10.110622 0.685000 -1.025960
v -10.110622 0.685000 -0.945960
v -10.105535 0.692613 -1.025960
v -10.105535 0.692613 -0.945960
v -10.099498 0.699497 -1.025960
v -10.099498 0.699497 -0.945960
v -10.092613 0.705535 -1.025960
v -10.092613 0.705535 -0.945960
v -10.085000 0.710622 -1.025960
v -10.085000 0.710622 -0.945960
v -10.076788 0.714672 -1.025960
v -10.076788 0.714672 -0.945960
v -10.068117 0.717615 -1.025960
v -10.068117 0.717615 -0.945960
v -10.059137 0.719401 -1.025960
v -10.059137 0.719401 -0.945960
v -11.400000 -0.300000 0.850000
v -11.400000 -0.300000 1.170000
v -11.400000 0.300000 0.850000
v -11.400000 0.300000 1.170000
v -10.600000 -0.300000 0.850000
v -10.600000 -0.300000 1.170000
v -10.600000 0.300000 0.850000
v -10.600000 0.300000 1.170000
v -11.000000 -0.145000 1.170000
v -11.000000 -0.145000 1.250000
v -10.995432 -0.145299 1.170000
v -10.995432 -0.145299 1.250000
v -10.990941 -0.146193 1.170000
v -10.990941 -0.146193 1.250000
v -10.986606 -0.147664 1.170000
v -10.986606 -0.147664 1.250000
v -10.982500 -0.149689 1.170000
v -10.982500 -0.149689 1.250000
v -10.978693 -0.152233 1.170000
v -10.978693 -0.152233 1.250000
v -10.975251 -0.155251 1.170000
v -10.975251 -0.155251 1.250000
v -10.972233 -0.158693 1.170000
v -10.972233 -0.158693 1.250000
v -10.969689 -0.162500 1.170000
v -10.969689 -0.162500 1.250000
v -10.967664 -0.166606 1.170000
v -10.967664 -0.166606 1.250000
v -10.966192 -0.170941 1.170000
v -10.966192 -0.170941 1.250000
v -10.965300 -0.175432 1.170000
v -10.965300 -0.175432 1.250000
v -10.965000 -0.180000 1.170000
v -10.965000 -0.180000 1.250000
v -10.965300 -0.184568 1.170000
v -10.965300 -0.184568 1.250000
v -10.966192 -0.189059 1.170000
v -10.966192 -0.189059 1.250000
v -10.967664 -0.193394 1.170000
v -10.967664 -0.193394 1.250000
v -10.969689 -0.197500 1.170000
v -10.969689 -0.197500 1.250000
v -10.972233 -0.201307 1.170000
v -10.972233 -0.201307 1.250000
v -10.975251 -0.204749 1.170000
v -10.975251 -0.204749 1.250000
v -10.978693 -0.207767 1.170000
v -10.978693 -0.207767 1.250000
v -10.982500 -0.210311 1.170000
v -10.982500 -0.210311 1.250000
v -10.986606 -0.212336 1.170000
v -10.986606 -0.212336 1.250000
v -10.990941 -0.213807 1.170000
v -10.990941 -0.213807 1.250000
v -10.995432 -0.214701 1.170000
v -10.995432 -0.214701 1.250000
v -11.000000 -0.215000 1.170000
v -11.000000 -0.215000 1.250000
v -11.004568 -0.214701 1.170000
v -11.004568 -0.214701 1.250000
v -11.009059 -0.213807 1.170000
v -11.009059 -0.213807 1.250000
v -11.013394 -0.212336 1.170000
v -11.013394 -0.212336 1.250000
v -11.017500 -0.210311 1.170000
v -11.017500 -0.210311 1.250000
v -11.021307 -0.207767 1.170000
v -11.021307 -0.207767 1.250000
v -11.024749 -0.204749 1.170000
v -11.024749 -0.204749 1.250000
v -11.027767 -0.201307 1.170000
v -11.027767 -0.201307 1.250000
v -11.030311 -0.197500 1.170000
v -11.030311 -0.197500 1.250000
v -11.032336 -0.193394 1.170000
v -11.032336 -0.193394 1.250000
v -11.033808 -0.189059 1.170000
v -11.033808 -0.189059 1.250000
v -11.034700 -0.184568 1.170000
v -11.034700 -0.184568 1.250000
v -11.035000 -0.180000 1.170000
v -11.035000 -0.180000 1.250000
v -11.034700 -0.175432 1.170000
v -11.034700 -0.175432 1.250000
v -11.033808 -0.170941 1.170000
v -11.033808 -0.170941 1.250000
v -11.032336 -0.166606 1.170000
v -11.032336 -0.166606 1.250000
v -11.030311 -0.162500 1.170000
v -11.030311 -0.162500 1.250000
v -11.027767 -0.158693 1.170000
v -11.027767 -0.158693 1.250000
v -11.024749 -0.155251 1.170000
v -11.024749 -0.155251 1.250000
v -11.021307 -0.152233 1.170000
v -11.021307 -0.152233 1.250000
v -11.017500 -0.149689 1.170000
v -11.017500 -0.149689 1.250000
v -11.013394 -0.147664 1.170000
v -11.013394 -0.147664 1.250000
v -11.009059 -0.146193 1.170000
v -11.009059 -0.146193 1.250000
v -11.004568 -0.145299 1.170000
v -11.004568 -0.145299 1.250000
v -10.973037 -0.180000 1.243153
v -11.373036 -0.180000 2.063153
v -10.976649 -0.195000 1.241391
v -11.376649 -0.195000 2.061390
v -10.986519 -0.205981 1.236576
v -11.386518 -0.205981 2.056576
v -11.000000 -0.210000 1.230000
v -11.400000 -0.210000 2.050000
v -11.013481 -0.205981 1.223424
v -11.413481 -0.205981 2.043424
v -11.023351 -0.195000 1.218609
v -11.423350 -0.195000 2.038610
v -11.026963 -0.180000 1.216847
v -11.426963 -0.180000 2.036847
v -11.023351 -0.165000 1.218609
v -11.423350 -0.165000 2.038610
v -11.013481 -0.154019 1.223424
v -11.413481 -0.154019 2.043424
v -11.000000 -0.150000 1.230000
v -11.400000 -0.150000 2.050000
v -10.986519 -0.154019 1.236576
v -11.386518 -0.154019 2.056576
v -10.976649 -0.165000 1.241391
v -11.376649 -0.165000 2.061390
v -11.000000 0.035000 1.170000
v -11.000000 0.035000 1.250000
v -10.995432 0.034701 1.170000
v -10.995432 0.034701 1.250000
v -10.990941 0.033807 1.170000
v -10.990941 0.033807 1.250000
v -10.986606 0.032336 1.170000
v -10.986606 0.032336 1.250000
v -10.982500 0.030311 1.170000
v -10.982500 0.030311 1.250000
v -10.978693 0.027767 1.170000
v -10.978693 0.027767 1.250000
v -10.975251 0.024749 1.170000
v -10.975251 0.024749 1.250000
v -10.972233 0.021307 1.170000
v -10.972233 0.021307 1.250000
v -10.969689 0.017500 1.170000
v -10.969689 0.017500 1.250000
v -10.967664 0.013394 1.170000
v -10.967664 0.013394 1.250000
v -10.966192 0.009059 1.170000
v -10.966192 0.009059 1.250000
v -10.965300 0.004568 1.170000
v -10.965300 0.004568 1.250000
v -10.965000 0.000000 1.170000
v -10.965000 0.000000 1.250000
v -10.965300 -0.004568 1.170000
v -10.965300 -0.004568 1.250000
v -10.966192 -0.009059 1.170000
v -10.966192 -0.009059 1.250000
v -10.967664 -0.013394 1.170000
v -10.967664 -0.013394 1.250000
v -10.969689 -0.017500 1.170000
v -10.969689 -0.017500 1.250000
v -10.972233 -0.021307 1.170000
v -10.972233 -0.021307 1.250000
v -10.975251 -0.024749 1.170000
v -10.975251 -0.024749 1.250000
v -10.978693 -0.027767 1.170000
v -10.978693 -0.027767 1.250000
v -10.982500 -0.030311 1.170000
v -10.982500 -0.030311 1.250000
v -10.986606 -0.032336 1.170000
v -10.986606 -0.032336 1.250000
v -10.990941 -0.033807 1.170000
v -10.990941 -0.033807 1.250000
v -10.995432 -0.034701 1.170000
v -10.995432 -0.034701 1.250000
v -11.000000 -0.035000 1.170000
v -11.000000 -0.035000 1.250000
v -11.004568 -0.034701 1.170000
v -11.004568 -0.034701 1.250000
v -11.009059 -0.033807 1.170000
v -11.009059 -0.033807 1.250000
v -11.013394 -0.032336 1.170000
v -11.013394 -0.032336 1.250000
v -11.017500 -0.030311 1.170000
v -11.017500 -0.030311 1.250000
v -11.021307 -0.027767 1.170000
v -11.021307 -0.027767 1.250000
v -11.024749 -0.024749 1.170000
v -11.024749 -0.024749 1.250000
v -11.027767 -0.021307 1.170000
v -11.027767 -0.021307 1.250000
v -11.030311 -0.017500 1.170000
v -11.030311 -0.017500 1.250000
v -11.032336 -0.013394 1.170000
v -11.032336 -0.013394 1.250000
v -11.033808 -0.009059 1.170000
v -11.033808 -0.009059 1.250000
v -11.034700 -0.004568 1.170000
v -11.034700 -0.004568 1.250000
v -11.035000 0.000000 1.170000
v -11.035000 0.000000 1.250000
v -11.034700 0.004568 1.170000
v -11.034700 0.004568 1.250000
v -11.033808 0.009059 1.170000
v -11.033808 0.009059 1.250000
v -11.032336 0.013394 1.170000
v -11.032336 0.013394 1.250000
v -11.030311 0.017500 1.170000
v -11.030311 0.017500 1.250000
v -11.027767 0.021307 1.170000
v -11.027767 0.021307 1.250000
v -11.024749 0.024749 1.170000
v -11.024749 0.024749 1.250000
v -11.021307 0.027767 1.170000
v -11.021307 0.027767 1.250000
v -11.017500 0.030311 1.170000
v -11.017500 0.030311 1.250000
v -11.013394 0.032336 1.170000
v -11.013394 0.032336 1.250000
v -11.009059 0.033807 1.170000
v -11.009059 0.033807 1.250000
v -11.004568 0.034701 1.170000
v -11.004568 0.034701 1.250000
v -10.973037 0.000000 1.243153
v -11.373036 0.000000 2.063153
v -10.976649 -0.015000 1.241391
v -11.376649 -0.015000 2.061390
v -10.986519 -0.025981 1.236576
v -11.386518 -0.025981 2.056576
v -11.000000 -0.030000 1.230000
v -11.400000 -0.030000 2.050000
v -11.013481 -0.025981 1.223424
v -11.413481 -0.025981 2.043424
v -11.023351 -0.015000 1.218609
v -11.423350 -0.015000 2.038610
v -11.026963 -0.000000 1.216847
v -11.426963 -0.000000 2.036847
v -11.023351 0.015000 1.218609
v -11.423350 0.015000 2.038610
v -11.013481 0.025981 1.223424
v -11.413481 0.025981 2.043424
v -11.000000 0.030000 1.230000
v -11.400000 0.030000 2.050000
v -10.986519 0.025981 1.236576
v -11.386518 0.025981 2.056576
v -10.976649 0.015000 1.241391
v -11.376649 0.015000 2.061390
v -11.000000 0.215000 1.170000
v -11.000000 0.215000 1.250000
v -10.995432 0.214701 1.170000
v -10.995432 0.214701 1.250000
v -10.990941 0.213807 1.170000
v -10.990941 0.213807 1.250000
v -10.986606 0.212336 1.170000
v -10.986606 0.212336 1.250000
v -10.982500 0.210311 1.170000
v -10.982500 0.210311 1.250000
v -10.978693 0.207767 1.170000
v -10.978693 0.207767 1.250000
v -10.975251 0.204749 1.170000
v -10.975251 0.204749 1.250000
v -10.972233 0.201307 1.170000
v -10.972233 0.201307 1.250000
v -10.969689 0.197500 1.170000
v -10.969689 0.197500 1.250000
v -10.967664 0.193394 1.170000
v -10.967664 0.193394 1.250000
v -10.966192 0.189059 1.170000
v -10.966192 0.189059 1.250000
v -10.965300 0.184568 1.170000
v -10.965300 0.184568 1.250000
v -10.965000 0.180000 1.170000
v -10.965000 0.180000 1.250000
v -10.965300 0.175432 1.170000
v -10.965300 0.175432 1.250000
v -10.966192 0.170941 1.170000
v -10.966192 0.170941 1.250000
v -10.967664 0.166606 1.170000
v -10.967664 0.166606 1.250000
v -10.969689 0.162500 1.170000
v -10.969689 0.162500 1.250000
v -10.972233 0.158693 1.170000
v -10.972233 0.158693 1.250000
v -10.975251 0.155251 1.170000
v -10.975251 0.155251 1.250000
v -10.978693 0.152233 1.170000
v -10.978693 0.152233 1.250000
v -10.982500 0.149689 1.170000
v -10.982500 0.149689 1.250000
v -10.986606 0.147664 1.170000
v -10.986606 0.147664 1.250000
v -10.990941 0.146193 1.170000
v -10.990941 0.146193 1.250000
v -10.995432 0.145299 1.170000
v -10.995432 0.145299 1.250000
v -11.000000 0.145000 1.170000
v -11.000000 0.145000 1.250000
v -11.004568 0.145299 1.170000
v -11.004568 0.145299 1.250000
v -11.009059 0.146193 1.170000
v -11.009059 0.146193 1.250000
v -11.013394 0.147664 1.170000
v -11.013394 0.147664 1.250000
v -11.017500 0.149689 1.170000
v -11.017500 0.149689 1.250000
v -11.021307 0.152233 1.170000
v -11.021307 0.152233 1.250000
v -11.024749 0.155251 1.170000
v -11.024749 0.155251 1.250000
v -11.027767 0.158693 1.170000
v -11.027767 0.158693 1.250000
v -11.030311 0.162500 1.170000
v -11.030311 0.162500 1.250000
v -11.032336 0.166606 1.170000
v -11.032336 0.166606 1.250000
v -11.033808 0.170941 1.170000
v -11.033808 0.170941 1.250000
v -11.034700 0.175432 1.170000
v -11.034700 0.175432 1.250000
v -11.035000 0.180000 1.170000
v -11.035000 0.180000 1.250000
v -11.034700 0.184568 1.170000
v -11.034700 0.184568 1.250000
v -11.033808 0.189059 1.170000
v -11.033808 0.189059 1.250000
v -11.032336 0.193394 1.170000
v -11.032336 0.193394 1.250000
v -11.030311 0.197500 1.170000
v -11.030311 0.197500 1.250000
v -11.027767 0.201307 1.170000
v -11.027767 0.201307 1.250000
v -11.024749 0.204749 1.170000
v -11.024749 0.204749 1.250000
v -11.021307 0.207767 1.170000
v -11.021307 0.207767 1.250000
v -11.017500 0.210311 1.170000
v -11.017500 0.210311 1.250000
v -11.013394 0.212336 1.170000
v -11.013394 0.212336 1.250000
v -11.009059 0.213807 1.170000
v -11.009059 0.213807 1.250000
v -11.004568 0.214701 1.170000
v -11.004568 0.214701 1.250000
v -10.973037 0.180000 1.243153
v -11.373036 0.180000 2.063153
v -10.976649 0.165000 1.241391
v -11.376649 0.165000 2.061390
v -10.986519 0.154019 1.236576
v -11.386518 0.154019 2.056576
v -11.000000 0.150000 1.230000
v -11.400000 0.150000 2.050000
v -11.013481 0.154019 1.223424
v -11.413481 0.154019 2.043424
v -11.023351 0.165000 1.218609
v -11.423350 0.165000 2.038610
v -11.026963 0.180000 1.216847
v -11.426963 0.180000 2.036847
v -11.023351 0.195000 1.218609
v -11.423350 0.195000 2.038610
v -11.013481 0.205981 1.223424
v -11.413481 0.205981 2.043424
v -11.000000 0.210000 1.230000
v -11.400000 0.210000 2.050000
v -10.986519 0.205981 1.236576
v -11.386518 0.205981 2.056576
v -10.976649 0.195000 1.241391
v -11.376649 0.195000 2.061390
v -12.750000 -0.450000 -0.450000
v -12.750000 -0.450000 0.450000
v -12.750000 0.450000 -0.450000
v -12.750000 0.450000 0.450000
v -12.200001 -0.450000 -0.450000
v -12.200001 -0.450000 0.450000
v -12.200001 0.450000 -0.450000
v -12.200001 0.450000 0.450000
v -12.690001 -0.470000 -0.300000
v -12.690001 -0.470000 0.300000
v -12.690001 -0.450000 -0.300000
v -12.690001 -0.450000 0.300000
v -12.260000 -0.470000 -0.300000
v -12.260000 -0.470000 0.300000
v -12.260000 -0.450000 -0.300000
v -12.260000 -0.450000 0.300000
v -12.850000 0.080000 0.000000
v -12.750000 0.080000 -0.000000
v -12.850000 0.079615 -0.007841
v -12.750000 0.079615 -0.007841
v -12.850000 0.078463 -0.015607
v -12.750000 0.078463 -0.015607
v -12.850000 0.076555 -0.023223
v -12.750000 0.076555 -0.023223
v -12.850000 0.073910 -0.030615
v -12.750000 0.073910 -0.030615
v -12.850000 0.070554 -0.037712
v -12.750000 0.070554 -0.037712
v -12.850000 0.066518 -0.044446
v -12.750000 0.066518 -0.044446
v -12.850000 0.061841 -0.050751
v -12.750000 0.061841 -0.050751
v -12.850000 0.056569 -0.056569
v -12.750000 0.056569 -0.056569
v -12.850000 0.050751 -0.061841
v -12.750000 0.050751 -0.061841
v -12.850000 0.044446 -0.066518
v -12.750000 0.044446 -0.066518
v -12.850000 0.037712 -0.070554
v -12.750000 0.037712 -0.070554
v -12.850000 0.030615 -0.073910
v -12.750000 0.030615 -0.073910
v -12.850000 0.023223 -0.076555
v -12.750000 0.023223 -0.076555
v -12.850000 0.015607 -0.078463
v -12.750000 0.015607 -0.078463
v -12.850000 0.007841 -0.079615
v -12.750000 0.007841 -0.079615
v -12.850000 0.000000 -0.080000
v -12.750000 0.000000 -0.080000
v -12.850000 -0.007841 -0.079615
v -12.750000 -0.007841 -0.079615
v -12.850000 -0.015607 -0.078463
v -12.750000 -0.015607 -0.078463
v -12.850000 -0.023223 -0.076555
v -12.750000 -0.023223 -0.076555
v -12.850000 -0.030615 -0.073910
v -12.750000 -0.030615 -0.073910
v -12.850000 -0.037712 -0.070554
v -12.750000 -0.037712 -0.070554
v -12.850000 -0.044446 -0.066518
v -12.750000 -0.044446 -0.066518
v -12.850000 -0.050751 -0.061841
v -12.750000 -0.050751 -0.061841
v -12.850000 -0.056569 -0.056569
v -12.750000 -0.056569 -0.056569
v -12.850000 -0.061841 -0.050751
v -12.750000 -0.061841 -0.050751
v -12.850000 -0.066518 -0.044446
v -12.750000 -0.066518 -0.044446
v -12.850000 -0.070554 -0.037712
v -12.750000 -0.070554 -0.037712
v -12.850000 -0.073910 -0.030615
v -12.750000 -0.073910 -0.030615
v -12.850000 -0.076555 -0.023223
v -12.750000 -0.076555 -0.023223
v -12.850000 -0.078463 -0.015607
v -12.750000 -0.078463 -0.015607
v -12.850000 -0.079615 -0.007841
v -12.750000 -0.079615 -0.007841
v -12.850000 -0.080000 0.000000
v -12.750000 -0.080000 -0.000000
v -12.850000 -0.079615 0.007841
v -12.750000 -0.079615 0.007841
v -12.850000 -0.078463 0.015607
v -12.750000 -0.078463 0.015607
v -12.850000 -0.076555 0.023223
v -12.750000 -0.076555 0.023223
v -12.850000 -0.073910 0.030615
v -12.750000 -0.073910 0.030615
v -12.850000 -0.070554 0.037712
v -12.750000 -0.070554 0.037712
v -12.850000 -0.066518 0.044446
v -12.750000 -0.066518 0.044446
v -12.850000 -0.061841 0.050751
v -12.750000 -0.061841 0.050751
v -12.850000 -0.056569 0.056569
v -12.750000 -0.056569 0.056569
v -12.850000 -0.050751 0.061841
v -12.750000 -0.050751 0.061841
v -12.850000 -0.044446 0.066518
v -12.750000 -0.044446 0.066518
v -12.850000 -0.037712 0.070554
v -12.750000 -0.037712 0.070554
v -12.850000 -0.030615 0.073910
v -12.750000 -0.030615 0.073910
v -12.850000 -0.023223 0.076555
v -12.750000 -0.023223 0.076555
v -12.850000 -0.015607 0.078463
v -12.750000 -0.015607 0.078463
v -12.850000 -0.007841 0.079615
v -12.750000 -0.007841 0.079615
v -12.850000 0.000000 0.080000
v -12.750000 0.000000 0.080000
v -12.850000 0.007841 0.079615
v -12.750000 0.007841 0.079615
v -12.850000 0.015607 0.078463
v -12.750000 0.015607 0.078463
v -12.850000 0.023223 0.076555
v -12.750000 0.023223 0.076555
v -12.850000 0.030615 0.073910
v -12.750000 0.030615 0.073910
v -12.850000 0.037712 0.070554
v -12.750000 0.037712 0.070554
v -12.850000 0.044446 0.066518
v -12.750000 0.044446 0.066518
v -12.850000 0.050751 0.061841
v -12.750000 0.050751 0.061841
v -12.850000 0.056569 0.056569
v -12.750000 0.056569 0.056569
v -12.850000 0.061841 0.050751
v -12.750000 0.061841 0.050751
v -12.850000 0.066518 0.044446
v -12.750000 0.066518 0.044446
v -12.850000 0.070554 0.037712
v -12.750000 0.070554 0.037712
v -12.850000 0.073910 0.030615
v -12.750000 0.073910 0.030615
v -12.850000 0.076555 0.023223
v -12.750000 0.076555 0.023223
v -12.850000 0.078463 0.015607
v -12.750000 0.078463 0.015607
v -12.850000 0.079615 0.007841
v -12.750000 0.079615 0.007841
vn -0.2502 -0.2502 -0.9353
vn -0.2178 -0.6901 -0.6901
vn -0.2502 -0.9353 -0.2502
vn -0.6901 -0.6901 -0.2178
vn -0.9353 -0.2502 -0.2502
vn -0.6901 -0.2178 -0.6901
vn -0.5774 -0.5774 -0.5774
vn -0.2502 -0.9353 0.2502
vn -0.2178 -0.6901 0.6901
vn -0.2502 -0.2502 0.9353
vn -0.6901 -0.2178 0.6901
vn -0.9353 -0.2502 0.2502
vn -0.6901 -0.6901 0.2178
vn -0.5774 -0.5774 0.5774
vn -0.2502 0.2502 -0.9353
vn -0.6901 0.2178 -0.6901
vn -0.9353 0.2502 -0.2502
vn -0.6901 0.6901 -0.2178
vn -0.2502 0.9353 -0.2502
vn -0.2178 0.6901 -0.6901
vn -0.5774 0.5774 -0.5774
vn -0.2502 0.2502 0.9353
vn -0.2178 0.6901 0.6901
vn -0.2502 0.9353 0.2502
vn -0.6901 0.6901 0.2178
vn -0.9353 0.2502 0.2502
vn -0.6901 0.2178 0.6901
vn -0.5774 0.5774 0.5774
vn 0.2502 -0.2502 -0.9353
vn 0.6901 -0.2178 -0.6901
vn 0.9353 -0.2502 -0.2502
vn 0.6901 -0.6901 -0.2178
vn 0.2502 -0.9353 -0.2502
vn 0.2178 -0.6901 -0.6901
vn 0.5774 -0.5774 -0.5774
vn 0.2502 -0.2502 0.9353
vn 0.2178 -0.6901 0.6901
vn 0.2502 -0.9353 0.2502
vn 0.6901 -0.6901 0.2178
vn 0.9353 -0.2502 0.2502
vn 0.6901 -0.2178 0.6901
vn 0.5774 -0.5774 0.5774
vn 0.2502 0.2502 -0.9353
vn 0.2178 0.6901 -0.6901
vn 0.2502 0.9353 -0.2502
vn 0.6901 0.6901 -0.2178
vn 0.9353 0.2502 -0.2502
vn 0.6901 0.2178 -0.6901
vn 0.5774 0.5774 -0.5774
vn 0.2502 0.2502 0.9353
vn 0.6901 0.2178 0.6901
vn 0.9353 0.2502 0.2502
vn 0.6901 0.6901 0.2178
vn 0.2502 0.9353 0.2502
vn 0.2178 0.6901 0.6901
vn 0.5774 0.5774 0.5774
vn -0.2585 -0.0000 -0.9660
vn -0.7071 -0.0000 -0.7071
vn -0.9660 -0.0000 -0.2585
vn -0.2585 -0.9660 -0.0000
vn -0.7071 -0.7071 -0.0000
vn -0.9660 -0.2585 -0.0000
vn -0.2585 -0.0000 0.9660
vn -0.7071 -0.0000 0.7071
vn -0.9660 -0.0000 0.2585
vn -0.2585 0.9660 -0.0000
vn -0.7071 0.7071 -0.0000
vn -0.9660 0.2585 -0.0000
vn -0.0000 0.2585 -0.9660
vn -0.0000 0.7071 -0.7071
vn -0.0000 0.9660 -0.2585
vn -0.0000 0.2585 0.9660
vn -0.0000 0.7071 0.7071
vn -0.0000 0.9660 0.2585
vn 0.9660 0.2585 -0.0000
vn 0.7071 0.7071 -0.0000
vn 0.2585 0.9660 -0.0000
vn 0.2585 -0.0000 -0.9660
vn 0.7071 -0.0000 -0.7071
vn 0.9660 -0.0000 -0.2585
vn 0.2585 -0.0000 0.9660
vn 0.7071 -0.0000 0.7071
vn 0.9660 -0.0000 0.2585
vn 0.2585 -0.9660 -0.0000
vn 0.7071 -0.7071 -0.0000
vn 0.9660 -0.2585 -0.0000
vn -0.0000 -0.2585 -0.9660
vn -0.0000 -0.7071 -0.7071
vn -0.0000 -0.9660 -0.2585
vn -0.0000 -0.2585 0.9660
vn -0.0000 -0.7071 0.7071
vn -0.0000 -0.9660 0.2585
vn -0.0000 -0.0000 -1.0000
vn -1.0000 -0.0000 -0.0000
vn -0.0000 -1.0000 -0.0000
vn -0.0000 -0.0000 1.0000
vn -0.0000 1.0000 -0.0000
vn 1.0000 -0.0000 -0.0000
vn -0.0000 0.9988 -0.0491
vn -0.0000 0.9892 -0.1467
vn -0.0000 0.9700 -0.2430
vn -0.0000 0.9415 -0.3369
vn -0.0000 0.9040 -0.4276
vn -0.0000 0.8577 -0.5141
vn -0.0000 0.8032 -0.5957
vn -0.0000 0.7410 -0.6716
vn -0.0000 0.6716 -0.7410
vn -0.0000 0.5957 -0.8032
vn -0.0000 0.5141 -0.8577
vn -0.0000 0.4276 -0.9040
vn -0.0000 0.3369 -0.9415
vn -0.0000 0.2430 -0.9700
vn -0.0000 0.1467 -0.9892
vn -0.0000 0.0491 -0.9988
vn -0.0000 -0.0491 -0.9988
vn -0.0000 -0.1467 -0.9892
vn -0.0000 -0.2430 -0.9700
vn -0.0000 -0.3369 -0.9415
vn -0.0000 -0.4276 -0.9040
vn -0.0000 -0.5141 -0.8577
vn -0.0000 -0.5957 -0.8032
vn -0.0000 -0.6716 -0.7410
vn -0.0000 -0.7410 -0.6716
vn -0.0000 -0.8032 -0.5957
vn -0.0000 -0.8577 -0.5141
vn -0.0000 -0.9040 -0.4276
vn -0.0000 -0.9415 -0.3369
vn -0.0000 -0.9700 -0.2430
vn -0.0000 -0.9892 -0.1467
vn -0.0000 -0.9988 -0.0491
vn -0.0000 -0.9988 0.0491
vn -0.0000 -0.9892 0.1467
vn -0.0000 -0.9700 0.2430
vn -0.0000 -0.9415 0.3369
vn -0.0000 -0.9040 0.4276
vn -0.0000 -0.8577 0.5141
vn -0.0000 -0.8032 0.5957
vn -0.0000 -0.7410 0.6716
vn -0.0000 -0.6716 0.7410
vn -0.0000 -0.5957 0.8032
vn -0.0000 -0.5141 0.8577
vn -0.0000 -0.4276 0.9040
vn -0.0000 -0.3369 0.9415
vn -0.0000 -0.2430 0.9700
vn -0.0000 -0.1467 0.9892
vn -0.0000 -0.0491 0.9988
vn -0.0000 0.0491 0.9988
vn -0.0000 0.1467 0.9892
vn -0.0000 0.2430 0.9700
vn -0.0000 0.3369 0.9415
vn -0.0000 0.4276 0.9040
vn -0.0000 0.5141 0.8577
vn -0.0000 0.5957 0.8032
vn -0.0000 0.6716 0.7410
vn -0.0000 0.7410 0.6716
vn -0.0000 0.8032 0.5957
vn -0.0000 0.8577 0.5141
vn -0.0000 0.9040 0.4276
vn -0.0000 0.9415 0.3369
vn -0.0000 0.9700 0.2430
vn -0.0000 0.9892 0.1467
vn -0.0000 0.9988 0.0491
vn 0.0654 0.9979 -0.0000
vn 0.1951 0.9808 -0.0000
vn 0.3214 0.9469 -0.0000
vn 0.4423 0.8969 -0.0000
vn 0.5556 0.8315 -0.0000
vn 0.6593 0.7518 -0.0000
vn 0.7518 0.6594 -0.0000
vn 0.8315 0.5556 -0.0000
vn 0.8969 0.4423 -0.0000
vn 0.9469 0.3214 -0.0000
vn 0.9808 0.1951 -0.0000
vn 0.9979 0.0654 -0.0000
vn 0.9979 -0.0654 -0.0000
vn 0.9808 -0.1951 -0.0000
vn 0.9469 -0.3215 -0.0000
vn 0.8969 -0.4423 -0.0000
vn 0.8315 -0.5556 -0.0000
vn 0.7518 -0.6593 -0.0000
vn 0.6594 -0.7518 -0.0000
vn 0.5556 -0.8315 -0.0000
vn 0.4423 -0.8969 -0.0000
vn 0.3214 -0.9469 -0.0000
vn 0.1951 -0.9808 -0.0000
vn 0.0654 -0.9979 -0.0000
vn -0.0654 -0.9979 -0.0000
vn -0.1951 -0.9808 -0.0000
vn -0.3214 -0.9469 -0.0000
vn -0.4423 -0.8969 -0.0000
vn -0.5556 -0.8315 -0.0000
vn -0.6593 -0.7518 -0.0000
vn -0.7518 -0.6594 -0.0000
vn -0.8315 -0.5556 -0.0000
vn -0.8969 -0.4423 -0.0000
vn -0.9469 -0.3214 -0.0000
vn -0.9808 -0.1951 -0.0000
vn -0.9979 -0.0654 -0.0000
vn -0.9979 0.0654 -0.0000
vn -0.9808 0.1951 -0.0000
vn -0.9469 0.3215 -0.0000
vn -0.8969 0.4423 -0.0000
vn -0.8315 0.5556 -0.0000
vn -0.7518 0.6593 -0.0000
vn -0.6594 0.7518 -0.0000
vn -0.5556 0.8315 -0.0000
vn -0.4423 0.8969 -0.0000
vn -0.3214 0.9469 -0.0000
vn -0.1951 0.9808 -0.0000
vn -0.0654 0.9979 -0.0000
vn 0.7518 0.6593 -0.0000
vn 0.6593 -0.7518 -0.0000
vn -0.7518 -0.6593 -0.0000
vn -0.9469 0.3214 -0.0000
vn -0.7518 0.6594 -0.0000
vn 0.9469 -0.3214 -0.0000
vn -0.6593 0.7518 -0.0000
vn 0.8681 -0.2588 0.4235
vn 0.6355 -0.7071 0.3100
vn 0.2326 -0.9659 0.1135
vn -0.2326 -0.9659 -0.1135
vn -0.6355 -0.7071 -0.3100
vn -0.8681 -0.2588 -0.4235
vn -0.8681 0.2588 -0.4235
vn -0.6355 0.7071 -0.3100
vn -0.2326 0.9659 -0.1135
vn 0.2326 0.9659 0.1135
vn -0.4384 -0.0000 0.8988
vn 0.6355 0.7071 0.3100
vn 0.8681 0.2588 0.4235
vn 0.4384 -0.0000 -0.8988
vn -0.2635 -0.2635 -0.9280
vn -0.2635 -0.9280 -0.2635
vn -0.9280 -0.2635 -0.2635
vn -0.2635 -0.9280 0.2635
vn -0.2635 -0.2635 0.9280
vn -0.9280 -0.2635 0.2635
vn -0.2635 0.2635 -0.9280
vn -0.9280 0.2635 -0.2635
vn -0.2635 0.9280 -0.2635
vn -0.2635 0.2635 0.9280
vn -0.2635 0.9280 0.2635
vn -0.9280 0.2635 0.2635
vn 0.2635 -0.2635 -0.9280
vn 0.9280 -0.2635 -0.2635
vn 0.2635 -0.9280 -0.2635
vn 0.2635 -0.2635 0.9280
vn 0.2635 -0.9280 0.2635
vn 0.9280 -0.2635 0.2635
vn 0.2635 0.2635 -0.9280
vn 0.2635 0.9280 -0.2635
vn 0.9280 0.2635 -0.2635
vn 0.2635 0.2635 0.9280
vn 0.9280 0.2635 0.2635
vn 0.2635 0.9280 0.2635
vn 1.0000 0.0001 -0.0000
vn 1.0000 -0.0001 -0.0000
vn -1.0000 -0.0001 -0.0000
vn -1.0000 0.0001 -0.0000
vn 1.0000 0.0002 -0.0000
vn 1.0000 -0.0002 -0.0000
vn 0.6594 0.7518 -0.0000
vn 0.7518 -0.6594 -0.0000
vn -0.6594 -0.7518 -0.0000
vn -0.0001 -0.0000 1.0000
vn 0.0001 -0.0000 1.0000
vn 0.0001 -0.0000 -1.0000
vn -0.0001 -0.0000 -1.0000
vn -0.0002 -0.0000 1.0000
vn 0.0002 -0.0000 1.0000
vn 0.0002 -0.0000 -1.0000
vn -0.0002 -0.0000 -1.0000
vn -0.0003 -0.0000 -1.0000
vn 0.0003 -0.0000 -1.0000
vn -0.4383 -0.0000 0.8988
vn 1.0000 -0.0003 -0.0000
vn 1.0000 0.0003 -0.0000
vn -1.0000 0.0003 -0.0000
vn -1.0000 -0.0003 -0.0000
vn -1.0000 -0.0002 -0.0000
vn -1.0000 0.0002 -0.0000
s 0
usemtl generator_paint
f 4//1 5//1 1//1
f 8//2 6//2 4//2
f 7//3 8//3 2//3
f 7//4 12//4 9//4
f 10//5 11//5 3//5
f 10//6 6//6 12//6
f 6//7 9//7 12//7
f 16//8 17//8 13//8
f 16//9 21//9 18//9
f 19//10 20//10 14//10
f 23//11 21//11 19//11
f 22//12 23//12 15//12
f 17//13 24//13 22//13
f 18//14 21//14 24//14
f 28//15 29//15 25//15
f 32//16 30//16 28//16
f 31//17 32//17 26//17
f 35//18 33//18 31//18
f 34//19 35//19 27//19
f 34//20 30//20 36//20
f 30//21 33//21 36//21
f 40//22 41//22 37//22
f 44//23 42//23 40//23
f 43//24 44//24 38//24
f 43//25 48//25 45//25
f 46//26 47//26 39//26
f 46//27 42//27 48//27
f 42//28 45//28 48//28
f 52//29 53//29 49//29
f 56//30 54//30 52//30
f 55//31 56//31 50//31
f 59//32 57//32 55//32
f 58//33 59//33 51//33
f 58//34 54//34 60//34
f 54//35 57//35 60//35
f 64//36 65//36 61//36
f 68//37 66//37 64//37
f 67//38 68//38 62//38
f 67//39 72//39 69//39
f 70//40 71//40 63//40
f 70//41 66//41 72//41
f 66//42 69//42 72//42
f 76//43 77//43 73//43
f 80//44 78//44 76//44
f 79//45 80//45 74//45
f 79//46 84//46 81//46
f 82//47 83//47 75//47
f 82//48 78//48 84//48
f 78//49 81//49 84//49
f 88//50 89//50 85//50
f 92//51 90//51 88//51
f 91//52 92//52 86//52
f 95//53 93//53 91//53
f 94//54 95//54 87//54
f 94//55 90//55 96//55
f 90//56 93//56 96//56
f 1//57 28//57 25//57
f 5//58 32//58 28//58
f 10//59 26//59 32//59
f 13//60 7//60 2//60
f 17//61 11//61 7//61
f 22//62 3//62 11//62
f 37//63 19//63 14//63
f 41//64 23//64 19//64
f 46//65 15//65 23//65
f 27//66 43//66 38//66
f 35//67 47//67 43//67
f 31//68 39//68 47//68
f 25//69 76//69 73//69
f 29//70 80//70 76//70
f 34//71 74//71 80//71
f 85//72 40//72 37//72
f 89//73 44//73 40//73
f 94//74 38//74 44//74
f 75//75 91//75 86//75
f 83//76 95//76 91//76
f 79//77 87//77 95//77
f 73//78 52//78 49//78
f 77//79 56//79 52//79
f 82//80 50//80 56//80
f 61//81 88//81 85//81
f 65//82 92//82 88//82
f 70//83 86//83 92//83
f 51//84 67//84 62//84
f 59//85 71//85 67//85
f 55//86 63//86 71//86
f 49//87 4//87 1//87
f 53//88 8//88 4//88
f 58//89 2//89 8//89
f 14//90 64//90 61//90
f 20//91 68//91 64//91
f 16//92 62//92 68//92
f 73//93 1//93 25//93
f 15//94 26//94 3//94
f 62//95 2//95 51//95
f 37//96 61//96 85//96
f 38//97 74//97 27//97
f 86//98 50//98 75//98
f 98//99 99//99 97//99
f 100//100 101//100 99//100
f 101//101 104//101 103//101
f 104//102 105//102 103//102
f 106//103 107//103 105//103
f 108//104 109//104 107//104
f 110//105 111//105 109//105
f 112//106 113//106 111//106
f 114//107 115//107 113//107
f 116//108 117//108 115//108
f 118//109 119//109 117//109
f 120//110 121//110 119//110
f 122//111 123//111 121//111
f 124//112 125//112 123//112
f 126//113 127//113 125//113
f 128//114 129//114 127//114
f 130//115 131//115 129//115
f 132//116 133//116 131//116
f 134//117 135//117 133//117
f 136//118 137//118 135//118
f 138//119 139//119 137//119
f 140//120 141//120 139//120
f 142//121 143//121 141//121
f 144//122 145//122 143//122
f 146//123 147//123 145//123
f 148//124 149//124 147//124
f 150//125 151//125 149//125
f 152//126 153//126 151//126
f 154//127 155//127 153//127
f 156//128 157//128 155//128
f 158//129 159//129 157//129
f 160//130 161//130 159//130
f 162//131 163//131 161//131
f 164//132 165//132 163//132
f 166//133 167//133 165//133
f 168//134 169//134 167//134
f 170//135 171//135 169//135
f 172//136 173//136 171//136
f 174//137 175//137 173//137
f 176//138 177//138 175//138
f 178//139 179//139 177//139
f 180//140 181//140 179//140
f 182//141 183//141 181//141
f 184//142 185//142 183//142
f 186//143 187//143 185//143
f 188//144 189//144 187//144
f 190//145 191//145 189//145
f 192//146 193//146 191//146
f 194//147 195//147 193//147
f 196//148 197//148 195//148
f 198//149 199//149 197//149
f 200//150 201//150 199//150
f 202//151 203//151 201//151
f 204//152 205//152 203//152
f 206//153 207//153 205//153
f 208//154 209//154 207//154
f 210//155 211//155 209//155
f 212//156 213//156 211//156
f 214//157 215//157 213//157
f 216//158 217//158 215//158
f 218//159 219//159 217//159
f 219//160 222//160 221//160
f 166//98 134//98 102//98
f 222//161 223//161 221//161
f 224//162 97//162 223//162
f 159//94 191//94 223//94
f 354//94 355//94 353//94
f 356//97 359//97 355//97
f 360//98 357//98 359//98
f 358//95 353//95 357//95
f 359//93 353//93 355//93
f 356//96 358//96 360//96
f 362//94 363//94 361//94
f 364//97 367//97 363//97
f 368//98 365//98 367//98
f 366//95 361//95 365//95
f 367//93 361//93 363//93
f 364//96 366//96 368//96
f 370//94 371//94 369//94
f 372//97 375//97 371//97
f 376//98 373//98 375//98
f 374//95 369//95 373//95
f 375//93 369//93 371//93
f 372//96 374//96 376//96
f 378//94 379//94 377//94
f 380//97 383//97 379//97
f 384//98 381//98 383//98
f 382//95 377//95 381//95
f 383//93 377//93 379//93
f 380//96 382//96 384//96
f 386//94 387//94 385//94
f 388//97 391//97 387//97
f 392//98 389//98 391//98
f 390//95 385//95 389//95
f 391//93 385//93 387//93
f 388//96 390//96 392//96
f 394//94 395//94 393//94
f 396//97 399//97 395//97
f 400//98 397//98 399//98
f 398//95 393//95 397//95
f 399//93 393//93 395//93
f 396//96 398//96 400//96
f 402//94 403//94 401//94
f 404//97 407//97 403//97
f 408//98 405//98 407//98
f 406//95 401//95 405//95
f 407//93 401//93 403//93
f 404//96 406//96 408//96
f 410//94 411//94 409//94
f 412//97 415//97 411//97
f 416//98 413//98 415//98
f 414//95 409//95 413//95
f 415//93 409//93 411//93
f 412//96 414//96 416//96
f 418//94 419//94 417//94
f 420//97 423//97 419//97
f 424//98 421//98 423//98
f 422//95 417//95 421//95
f 423//93 417//93 419//93
f 420//96 422//96 424//96
f 426//94 427//94 425//94
f 428//97 431//97 427//97
f 432//98 429//98 431//98
f 430//95 425//95 429//95
f 431//93 425//93 427//93
f 428//96 430//96 432//96
f 434//94 435//94 433//94
f 436//97 439//97 435//97
f 440//98 437//98 439//98
f 438//95 433//95 437//95
f 439//93 433//93 435//93
f 436//96 438//96 440//96
f 442//94 443//94 441//94
f 444//97 447//97 443//97
f 448//98 445//98 447//98
f 446//95 441//95 445//95
f 447//93 441//93 443//93
f 444//96 446//96 448//96
f 450//94 451//94 449//94
f 452//97 455//97 451//97
f 456//98 453//98 455//98
f 454//95 449//95 453//95
f 455//93 449//93 451//93
f 452//96 454//96 456//96
f 458//94 459//94 457//94
f 460//97 463//97 459//97
f 464//98 461//98 463//98
f 462//95 457//95 461//95
f 463//93 457//93 459//93
f 460//96 462//96 464//96
f 466//94 467//94 465//94
f 468//97 471//97 467//97
f 472//98 469//98 471//98
f 470//95 465//95 469//95
f 471//93 465//93 467//93
f 468//96 470//96 472//96
f 474//94 475//94 473//94
f 476//97 479//97 475//97
f 480//98 477//98 479//98
f 478//95 473//95 477//95
f 479//93 473//93 475//93
f 476//96 478//96 480//96
f 482//94 483//94 481//94
f 484//97 487//97 483//97
f 488//98 485//98 487//98
f 486//95 481//95 485//95
f 487//93 481//93 483//93
f 484//96 486//96 488//96
f 490//94 491//94 489//94
f 492//97 495//97 491//97
f 496//98 493//98 495//98
f 494//95 489//95 493//95
f 495//93 489//93 491//93
f 492//96 494//96 496//96
f 498//94 499//94 497//94
f 500//97 503//97 499//97
f 504//98 501//98 503//98
f 502//95 497//95 501//95
f 503//93 497//93 499//93
f 500//96 502//96 504//96
f 506//94 507//94 505//94
f 508//97 511//97 507//97
f 512//98 509//98 511//98
f 510//95 505//95 509//95
f 511//93 505//93 507//93
f 508//96 510//96 512//96
f 514//94 515//94 513//94
f 516//97 519//97 515//97
f 520//98 517//98 519//98
f 518//95 513//95 517//95
f 519//93 513//93 515//93
f 516//96 518//96 520//96
f 522//94 523//94 521//94
f 524//97 527//97 523//97
f 528//98 525//98 527//98
f 526//95 521//95 525//95
f 527//93 521//93 523//93
f 524//96 526//96 528//96
f 530//94 531//94 529//94
f 532//97 535//97 531//97
f 536//98 533//98 535//98
f 534//95 529//95 533//95
f 535//93 529//93 531//93
f 532//96 534//96 536//96
f 538//94 539//94 537//94
f 540//97 543//97 539//97
f 544//98 541//98 543//98
f 542//95 537//95 541//95
f 543//93 537//93 539//93
f 540//96 542//96 544//96
f 546//94 547//94 545//94
f 548//97 551//97 547//97
f 552//98 549//98 551//98
f 550//95 545//95 549//95
f 551//93 545//93 547//93
f 548//96 550//96 552//96
f 554//94 555//94 553//94
f 556//97 559//97 555//97
f 560//98 557//98 559//98
f 558//95 553//95 557//95
f 559//93 553//93 555//93
f 556//96 558//96 560//96
f 562//94 563//94 561//94
f 564//97 567//97 563//97
f 568//98 565//98 567//98
f 566//95 561//95 565//95
f 567//93 561//93 563//93
f 564//96 566//96 568//96
f 570//94 571//94 569//94
f 572//97 575//97 571//97
f 576//98 573//98 575//98
f 574//95 569//95 573//95
f 575//93 569//93 571//93
f 572//96 574//96 576//96
f 578//94 579//94 577//94
f 580//97 583//97 579//97
f 584//98 581//98 583//98
f 582//95 577//95 581//95
f 583//93 577//93 579//93
f 580//96 582//96 584//96
f 586//94 587//94 585//94
f 588//97 591//97 587//97
f 592//98 589//98 591//98
f 590//95 585//95 589//95
f 591//93 585//93 587//93
f 588//96 590//96 592//96
f 594//94 595//94 593//94
f 596//97 599//97 595//97
f 600//98 597//98 599//98
f 598//95 593//95 597//95
f 599//93 593//93 595//93
f 596//96 598//96 600//96
f 602//94 603//94 601//94
f 604//97 607//97 603//97
f 608//98 605//98 607//98
f 606//95 601//95 605//95
f 607//93 601//93 603//93
f 604//96 606//96 608//96
f 610//94 611//94 609//94
f 612//97 615//97 611//97
f 616//98 613//98 615//98
f 614//95 609//95 613//95
f 615//93 609//93 611//93
f 612//96 614//96 616//96
f 618//94 619//94 617//94
f 620//97 623//97 619//97
f 624//98 621//98 623//98
f 622//95 617//95 621//95
f 623//93 617//93 619//93
f 620//96 622//96 624//96
f 626//94 627//94 625//94
f 628//97 631//97 627//97
f 632//98 629//98 631//98
f 630//95 625//95 629//95
f 631//93 625//93 627//93
f 628//96 630//96 632//96
f 634//94 635//94 633//94
f 636//97 639//97 635//97
f 640//98 637//98 639//98
f 638//95 633//95 637//95
f 639//93 633//93 635//93
f 636//96 638//96 640//96
f 642//94 643//94 641//94
f 644//97 647//97 643//97
f 648//98 645//98 647//98
f 646//95 641//95 645//95
f 647//93 641//93 643//93
f 644//96 646//96 648//96
f 650//94 651//94 649//94
f 652//97 655//97 651//97
f 656//98 653//98 655//98
f 654//95 649//95 653//95
f 655//93 649//93 651//93
f 652//96 654//96 656//96
f 658//94 659//94 657//94
f 660//97 663//97 659//97
f 664//98 661//98 663//98
f 662//95 657//95 661//95
f 663//93 657//93 659//93
f 660//96 662//96 664//96
f 666//94 667//94 665//94
f 668//97 671//97 667//97
f 672//98 669//98 671//98
f 670//95 665//95 669//95
f 671//93 665//93 667//93
f 668//96 670//96 672//96
f 674//94 675//94 673//94
f 676//97 679//97 675//97
f 680//98 677//98 679//98
f 678//95 673//95 677//95
f 679//93 673//93 675//93
f 676//96 678//96 680//96
f 682//94 683//94 681//94
f 684//97 687//97 683//97
f 688//98 685//98 687//98
f 686//95 681//95 685//95
f 687//93 681//93 683//93
f 684//96 686//96 688//96
f 690//94 691//94 689//94
f 692//97 695//97 691//97
f 696//98 693//98 695//98
f 694//95 689//95 693//95
f 695//93 689//93 691//93
f 692//96 694//96 696//96
f 794//94 795//94 793//94
f 796//97 799//97 795//97
f 800//98 797//98 799//98
f 798//95 793//95 797//95
f 799//93 793//93 795//93
f 796//96 798//96 800//96
f 898//94 899//94 897//94
f 900//97 903//97 899//97
f 904//98 901//98 903//98
f 902//95 897//95 901//95
f 903//93 897//93 899//93
f 900//96 902//96 904//96
f 1002//94 1003//94 1001//94
f 1004//97 1007//97 1003//97
f 1008//98 1005//98 1007//98
f 1006//95 1001//95 1005//95
f 1007//93 1001//93 1003//93
f 1004//96 1006//96 1008//96
f 1106//94 1107//94 1105//94
f 1108//97 1111//97 1107//97
f 1112//98 1109//98 1111//98
f 1110//95 1105//95 1109//95
f 1111//93 1105//93 1107//93
f 1108//96 1110//96 1112//96
f 1474//94 1475//94 1473//94
f 1476//97 1479//97 1475//97
f 1480//98 1477//98 1479//98
f 1478//95 1473//95 1477//95
f 1479//93 1473//93 1475//93
f 1476//96 1478//96 1480//96
f 4//232 6//232 5//232
f 8//2 9//2 6//2
f 7//233 9//233 8//233
f 7//4 11//4 12//4
f 10//234 12//234 11//234
f 10//6 5//6 6//6
f 16//235 18//235 17//235
f 16//9 20//9 21//9
f 19//236 21//236 20//236
f 23//11 24//11 21//11
f 22//237 24//237 23//237
f 17//13 18//13 24//13
f 28//238 30//238 29//238
f 32//16 33//16 30//16
f 31//239 33//239 32//239
f 35//18 36//18 33//18
f 34//240 36//240 35//240
f 34//20 29//20 30//20
f 40//241 42//241 41//241
f 44//23 45//23 42//23
f 43//242 45//242 44//242
f 43//25 47//25 48//25
f 46//243 48//243 47//243
f 46//27 41//27 42//27
f 52//244 54//244 53//244
f 56//30 57//30 54//30
f 55//245 57//245 56//245
f 59//32 60//32 57//32
f 58//246 60//246 59//246
f 58//34 53//34 54//34
f 64//247 66//247 65//247
f 68//37 69//37 66//37
f 67//248 69//248 68//248
f 67//39 71//39 72//39
f 70//249 72//249 71//249
f 70//41 65//41 66//41
f 76//250 78//250 77//250
f 80//44 81//44 78//44
f 79//251 81//251 80//251
f 79//46 83//46 84//46
f 82//252 84//252 83//252
f 82//48 77//48 78//48
f 88//253 90//253 89//253
f 92//51 93//51 90//51
f 91//254 93//254 92//254
f 95//53 96//53 93//53
f 94//255 96//255 95//255
f 94//55 89//55 90//55
f 1//57 5//57 28//57
f 5//58 10//58 32//58
f 10//59 3//59 26//59
f 13//60 17//60 7//60
f 17//61 22//61 11//61
f 22//62 15//62 3//62
f 37//63 41//63 19//63
f 41//64 46//64 23//64
f 46//65 39//65 15//65
f 27//66 35//66 43//66
f 35//67 31//67 47//67
f 31//68 26//68 39//68
f 25//69 29//69 76//69
f 29//70 34//70 80//70
f 34//71 27//71 74//71
f 85//72 89//72 40//72
f 89//73 94//73 44//73
f 94//74 87//74 38//74
f 75//75 83//75 91//75
f 83//76 79//76 95//76
f 79//77 74//77 87//77
f 73//78 77//78 52//78
f 77//79 82//79 56//79
f 82//80 75//80 50//80
f 61//81 65//81 88//81
f 65//82 70//82 92//82
f 70//83 63//83 86//83
f 51//84 59//84 67//84
f 59//85 55//85 71//85
f 55//86 50//86 63//86
f 49//87 53//87 4//87
f 53//88 58//88 8//88
f 58//89 51//89 2//89
f 14//90 20//90 64//90
f 20//91 16//91 68//91
f 16//92 13//92 62//92
f 73//93 49//93 1//93
f 15//94 39//94 26//94
f 62//95 13//95 2//95
f 37//96 14//96 61//96
f 38//97 87//97 74//97
f 86//98 63//98 50//98
f 98//99 100//99 99//99
f 100//100 102//100 101//100
f 101//101 102//101 104//101
f 104//102 106//102 105//102
f 106//103 108//103 107//103
f 108//104 110//104 109//104
f 110//105 112//105 111//105
f 112//106 114//106 113//106
f 114//107 116//107 115//107
f 116//108 118//108 117//108
f 118//109 120//109 119//109
f 120//110 122//110 121//110
f 122//111 124//111 123//111
f 124//112 126//112 125//112
f 126//113 128//113 127//113
f 128//114 130//114 129//114
f 130//115 132//115 131//115
f 132//116 134//116 133//116
f 134//117 136//117 135//117
f 136//118 138//118 137//118
f 138//119 140//119 139//119
f 140//120 142//120 141//120
f 142//121 144//121 143//121
f 144//122 146//122 145//122
f 146//123 148//123 147//123
f 148//124 150//124 149//124
f 150//125 152//125 151//125
f 152//126 154//126 153//126
f 154//127 156//127 155//127
f 156//128 158//128 157//128
f 158//129 160//129 159//129
f 160//130 162//130 161//130
f 162//131 164//131 163//131
f 164//132 166//132 165//132
f 166//133 168//133 167//133
f 168//134 170//134 169//134
f 170//135 172//135 171//135
f 172//136 174//136 173//136
f 174//137 176//137 175//137
f 176//138 178//138 177//138
f 178//139 180//139 179//139
f 180//140 182//140 181//140
f 182//141 184//141 183//141
f 184//142 186//142 185//142
f 186//143 188//143 187//143
f 188//144 190//144 189//144
f 190//145 192//145 191//145
f 192//146 194//146 193//146
f 194//147 196//147 195//147
f 196//148 198//148 197//148
f 198//149 200//149 199//149
f 200//150 202//150 201//150
f 202//151 204//151 203//151
f 204//152 206//152 205//152
f 206//153 208//153 207//153
f 208//154 210//154 209//154
f 210//155 212//155 211//155
f 212//156 214//156 213//156
f 214//157 216//157 215//157
f 216//158 218//158 217//158
f 218//159 220//159 219//159
f 219//160 220//160 222//160
f 102//256 100//256 98//256
f 98//257 224//257 222//257
f 222//257 220//257 218//257
f 218//98 216//98 214//98
f 214//98 212//98 210//98
f 210//98 208//98 206//98
f 206//98 204//98 202//98
f 202//98 200//98 198//98
f 198//98 196//98 194//98
f 194//98 192//98 190//98
f 190//98 188//98 186//98
f 186//98 184//98 182//98
f 182//98 180//98 178//98
f 178//98 176//98 174//98
f 174//98 172//98 170//98
f 170//256 168//256 166//256
f 166//256 164//256 162//256
f 162//257 160//257 158//257
f 158//256 156//256 154//256
f 154//98 152//98 150//98
f 150//98 148//98 146//98
f 146//98 144//98 142//98
f 142//98 140//98 138//98
f 138//98 136//98 134//98
f 134//98 132//98 130//98
f 130//98 128//98 126//98
f 126//98 124//98 122//98
f 122//98 120//98 118//98
f 118//98 116//98 114//98
f 114//98 112//98 110//98
f 110//256 108//256 106//256
f 106//257 104//257 102//257
f 102//98 98//98 222//98
f 222//98 218//98 214//98
f 214//98 210//98 206//98
f 206//98 202//98 198//98
f 198//98 194//98 190//98
f 190//98 186//98 182//98
f 182//98 178//98 174//98
f 174//98 170//98 166//98
f 166//98 162//98 158//98
f 158//98 154//98 150//98
f 150//98 146//98 142//98
f 142//98 138//98 134//98
f 134//98 130//98 126//98
f 126//98 122//98 118//98
f 118//98 114//98 110//98
f 110//98 106//98 102//98
f 102//98 222//98 214//98
f 214//98 206//98 198//98
f 198//98 190//98 182//98
f 182//98 174//98 166//98
f 166//98 158//98 150//98
f 150//98 142//98 134//98
f 134//98 126//98 118//98
f 118//98 110//98 102//98
f 102//98 214//98 198//98
f 198//98 182//98 166//98
f 166//98 150//98 134//98
f 134//98 118//98 102//98
f 102//98 198//98 166//98
f 222//161 224//161 223//161
f 224//162 98//162 97//162
f 223//94 97//94 99//94
f 99//258 101//258 103//258
f 103//94 105//94 107//94
f 107//94 109//94 111//94
f 111//94 113//94 115//94
f 115//94 117//94 119//94
f 119//94 121//94 123//94
f 123//94 125//94 127//94
f 127//94 129//94 131//94
f 131//94 133//94 135//94
f 135//94 137//94 139//94
f 139//94 141//94 143//94
f 143//94 145//94 147//94
f 147//94 149//94 151//94
f 151//94 153//94 155//94
f 155//259 157//259 159//259
f 159//94 161//94 163//94
f 163//94 165//94 167//94
f 167//94 169//94 171//94
f 171//94 173//94 175//94
f 175//94 177//94 179//94
f 179//94 181//94 183//94
f 183//94 185//94 187//94
f 187//94 189//94 191//94
f 191//94 193//94 195//94
f 195//94 197//94 199//94
f 199//94 201//94 203//94
f 203//94 205//94 207//94
f 207//94 209//94 211//94
f 211//94 213//94 215//94
f 215//94 217//94 219//94
f 219//94 221//94 223//94
f 223//94 99//94 103//94
f 103//94 107//94 111//94
f 111//94 115//94 119//94
f 119//94 123//94 127//94
f 127//94 131//94 135//94
f 135//94 139//94 143//94
f 143//94 147//94 151//94
f 151//94 155//94 159//94
f 159//94 163//94 167//94
f 167//94 171//94 175//94
f 175//94 179//94 183//94
f 183//94 187//94 191//94
f 191//94 195//94 199//94
f 199//94 203//94 207//94
f 207//94 211//94 215//94
f 215//94 219//94 223//94
f 223//94 103//94 111//94
f 111//94 119//94 127//94
f 127//94 135//94 143//94
f 143//94 151//94 159//94
f 159//94 167//94 175//94
f 175//94 183//94 191//94
f 191//94 199//94 207//94
f 207//94 215//94 223//94
f 223//94 111//94 127//94
f 127//94 143//94 159//94
f 159//94 175//94 191//94
f 191//94 207//94 223//94
f 223//94 127//94 159//94
f 354//94 356//94 355//94
f 356//97 360//97 359//97
f 360//98 358//98 357//98
f 358//95 354//95 353//95
f 359//93 357//93 353//93
f 356//96 354//96 358//96
f 362//94 364//94 363//94
f 364//97 368//97 367//97
f 368//98 366//98 365//98
f 366//95 362//95 361//95
f 367//93 365//93 361//93
f 364//96 362//96 366//96
f 370//94 372//94 371//94
f 372//97 376//97 375//97
f 376//98 374//98 373//98
f 374//95 370//95 369//95
f 375//93 373//93 369//93
f 372//96 370//96 374//96
f 378//94 380//94 379//94
f 380//97 384//97 383//97
f 384//98 382//98 381//98
f 382//95 378//95 377//95
f 383//93 381//93 377//93
f 380//96 378//96 382//96
f 386//94 388//94 387//94
f 388//97 392//97 391//97
f 392//98 390//98 389//98
f 390//95 386//95 385//95
f 391//93 389//93 385//93
f 388//96 386//96 390//96
f 394//94 396//94 395//94
f 396//97 400//97 399//97
f 400//98 398//98 397//98
f 398//95 394//95 393//95
f 399//93 397//93 393//93
f 396//96 394//96 398//96
f 402//94 404//94 403//94
f 404//97 408//97 407//97
f 408//98 406//98 405//98
f 406//95 402//95 401//95
f 407//93 405//93 401//93
f 404//96 402//96 406//96
f 410//94 412//94 411//94
f 412//97 416//97 415//97
f 416//98 414//98 413//98
f 414//95 410//95 409//95
f 415//93 413//93 409//93
f 412//96 410//96 414//96
f 418//94 420//94 419//94
f 420//97 424//97 423//97
f 424//98 422//98 421//98
f 422//95 418//95 417//95
f 423//93 421//93 417//93
f 420//96 418//96 422//96
f 426//94 428//94 427//94
f 428//97 432//97 431//97
f 432//98 430//98 429//98
f 430//95 426//95 425//95
f 431//93 429//93 425//93
f 428//96 426//96 430//96
f 434//94 436//94 435//94
f 436//97 440//97 439//97
f 440//98 438//98 437//98
f 438//95 434//95 433//95
f 439//93 437//93 433//93
f 436//96 434//96 438//96
f 442//94 444//94 443//94
f 444//97 448//97 447//97
f 448//98 446//98 445//98
f 446//95 442//95 441//95
f 447//93 445//93 441//93
f 444//96 442//96 446//96
f 450//94 452//94 451//94
f 452//97 456//97 455//97
f 456//98 454//98 453//98
f 454//95 450//95 449//95
f 455//93 453//93 449//93
f 452//96 450//96 454//96
f 458//94 460//94 459//94
f 460//97 464//97 463//97
f 464//98 462//98 461//98
f 462//95 458//95 457//95
f 463//93 461//93 457//93
f 460//96 458//96 462//96
f 466//94 468//94 467//94
f 468//97 472//97 471//97
f 472//98 470//98 469//98
f 470//95 466//95 465//95
f 471//93 469//93 465//93
f 468//96 466//96 470//96
f 474//94 476//94 475//94
f 476//97 480//97 479//97
f 480//98 478//98 477//98
f 478//95 474//95 473//95
f 479//93 477//93 473//93
f 476//96 474//96 478//96
f 482//94 484//94 483//94
f 484//97 488//97 487//97
f 488//98 486//98 485//98
f 486//95 482//95 481//95
f 487//93 485//93 481//93
f 484//96 482//96 486//96
f 490//94 492//94 491//94
f 492//97 496//97 495//97
f 496//98 494//98 493//98
f 494//95 490//95 489//95
f 495//93 493//93 489//93
f 492//96 490//96 494//96
f 498//94 500//94 499//94
f 500//97 504//97 503//97
f 504//98 502//98 501//98
f 502//95 498//95 497//95
f 503//93 501//93 497//93
f 500//96 498//96 502//96
f 506//94 508//94 507//94
f 508//97 512//97 511//97
f 512//98 510//98 509//98
f 510//95 506//95 505//95
f 511//93 509//93 505//93
f 508//96 506//96 510//96
f 514//94 516//94 515//94
f 516//97 520//97 519//97
f 520//98 518//98 517//98
f 518//95 514//95 513//95
f 519//93 517//93 513//93
f 516//96 514//96 518//96
f 522//94 524//94 523//94
f 524//97 528//97 527//97
f 528//98 526//98 525//98
f 526//95 522//95 521//95
f 527//93 525//93 521//93
f 524//96 522//96 526//96
f 530//94 532//94 531//94
f 532//97 536//97 535//97
f 536//98 534//98 533//98
f 534//95 530//95 529//95
f 535//93 533//93 529//93
f 532//96 530//96 534//96
f 538//94 540//94 539//94
f 540//97 544//97 543//97
f 544//98 542//98 541//98
f 542//95 538//95 537//95
f 543//93 541//93 537//93
f 540//96 538//96 542//96
f 546//94 548//94 547//94
f 548//97 552//97 551//97
f 552//98 550//98 549//98
f 550//95 546//95 545//95
f 551//93 549//93 545//93
f 548//96 546//96 550//96
f 554//94 556//94 555//94
f 556//97 560//97 559//97
f 560//98 558//98 557//98
f 558//95 554//95 553//95
f 559//93 557//93 553//93
f 556//96 554//96 558//96
f 562//94 564//94 563//94
f 564//97 568//97 567//97
f 568//98 566//98 565//98
f 566//95 562//95 561//95
f 567//93 565//93 561//93
f 564//96 562//96 566//96
f 570//94 572//94 571//94
f 572//97 576//97 575//97
f 576//98 574//98 573//98
f 574//95 570//95 569//95
f 575//93 573//93 569//93
f 572//96 570//96 574//96
f 578//94 580//94 579//94
f 580//97 584//97 583//97
f 584//98 582//98 581//98
f 582//95 578//95 577//95
f 583//93 581//93 577//93
f 580//96 578//96 582//96
f 586//94 588//94 587//94
f 588//97 592//97 591//97
f 592//98 590//98 589//98
f 590//95 586//95 585//95
f 591//93 589//93 585//93
f 588//96 586//96 590//96
f 594//94 596//94 595//94
f 596//97 600//97 599//97
f 600//98 598//98 597//98
f 598//95 594//95 593//95
f 599//93 597//93 593//93
f 596//96 594//96 598//96
f 602//94 604//94 603//94
f 604//97 608//97 607//97
f 608//98 606//98 605//98
f 606//95 602//95 601//95
f 607//93 605//93 601//93
f 604//96 602//96 606//96
f 610//94 612//94 611//94
f 612//97 616//97 615//97
f 616//98 614//98 613//98
f 614//95 610//95 609//95
f 615//93 613//93 609//93
f 612//96 610//96 614//96
f 618//94 620//94 619//94
f 620//97 624//97 623//97
f 624//98 622//98 621//98
f 622//95 618//95 617//95
f 623//93 621//93 617//93
f 620//96 618//96 622//96
f 626//94 628//94 627//94
f 628//97 632//97 631//97
f 632//98 630//98 629//98
f 630//95 626//95 625//95
f 631//93 629//93 625//93
f 628//96 626//96 630//96
f 634//94 636//94 635//94
f 636//97 640//97 639//97
f 640//98 638//98 637//98
f 638//95 634//95 633//95
f 639//93 637//93 633//93
f 636//96 634//96 638//96
f 642//94 644//94 643//94
f 644//97 648//97 647//97
f 648//98 646//98 645//98
f 646//95 642//95 641//95
f 647//93 645//93 641//93
f 644//96 642//96 646//96
f 650//94 652//94 651//94
f 652//97 656//97 655//97
f 656//98 654//98 653//98
f 654//95 650//95 649//95
f 655//93 653//93 649//93
f 652//96 650//96 654//96
f 658//94 660//94 659//94
f 660//97 664//97 663//97
f 664//98 662//98 661//98
f 662//95 658//95 657//95
f 663//93 661//93 657//93
f 660//96 658//96 662//96
f 666//94 668//94 667//94
f 668//97 672//97 671//97
f 672//98 670//98 669//98
f 670//95 666//95 665//95
f 671//93 669//93 665//93
f 668//96 666//96 670//96
f 674//94 676//94 675//94
f 676//97 680//97 679//97
f 680//98 678//98 677//98
f 678//95 674//95 673//95
f 679//93 677//93 673//93
f 676//96 674//96 678//96
f 682//94 684//94 683//94
f 684//97 688//97 687//97
f 688//98 686//98 685//98
f 686//95 682//95 681//95
f 687//93 685//93 681//93
f 684//96 682//96 686//96
f 690//94 692//94 691//94
f 692//97 696//97 695//97
f 696//98 694//98 693//98
f 694//95 690//95 689//95
f 695//93 693//93 689//93
f 692//96 690//96 694//96
f 794//94 796//94 795//94
f 796//97 800//97 799//97
f 800//98 798//98 797//98
f 798//95 794//95 793//95
f 799//93 797//93 793//93
f 796//96 794//96 798//96
f 898//94 900//94 899//94
f 900//97 904//97 903//97
f 904//98 902//98 901//98
f 902//95 898//95 897//95
f 903//93 901//93 897//93
f 900//96 898//96 902//96
f 1002//94 1004//94 1003//94
f 1004//97 1008//97 1007//97
f 1008//98 1006//98 1005//98
f 1006//95 1002//95 1001//95
f 1007//93 1005//93 1001//93
f 1004//96 1002//96 1006//96
f 1106//94 1108//94 1107//94
f 1108//97 1112//97 1111//97
f 1112//98 1110//98 1109//98
f 1110//95 1106//95 1105//95
f 1111//93 1109//93 1105//93
f 1108//96 1106//96 1110//96
f 1474//94 1476//94 1475//94
f 1476//97 1480//97 1479//97
f 1480//98 1478//98 1477//98
f 1478//95 1474//95 1473//95
f 1479//93 1477//93 1473//93
f 1476//96 1474//96 1478//96
usemtl gear_paint
f 226//99 227//99 225//99
f 228//100 229//100 227//100
f 230//101 231//101 229//101
f 232//102 233//102 231//102
f 234//103 235//103 233//103
f 236//104 237//104 235//104
f 238//105 239//105 237//105
f 240//106 241//106 239//106
f 242//107 243//107 241//107
f 244//108 245//108 243//108
f 246//109 247//109 245//109
f 248//110 249//110 247//110
f 250//111 251//111 249//111
f 252//112 253//112 251//112
f 254//113 255//113 253//113
f 256//114 257//114 255//114
f 258//115 259//115 257//115
f 260//116 261//116 259//116
f 262//117 263//117 261//117
f 264//118 265//118 263//118
f 266//119 267//119 265//119
f 268//120 269//120 267//120
f 270//121 271//121 269//121
f 272//122 273//122 271//122
f 274//123 275//123 273//123
f 276//124 277//124 275//124
f 278//125 279//125 277//125
f 280//126 281//126 279//126
f 282//127 283//127 281//127
f 284//128 285//128 283//128
f 286//129 287//129 285//129
f 288//130 289//130 287//130
f 290//131 291//131 289//131
f 292//132 293//132 291//132
f 294//133 295//133 293//133
f 296//134 297//134 295//134
f 298//135 299//135 297//135
f 300//136 301//136 299//136
f 302//137 303//137 301//137
f 304//138 305//138 303//138
f 306//139 307//139 305//139
f 308//140 309//140 307//140
f 310//141 311//141 309//141
f 312//142 313//142 311//142
f 314//143 315//143 313//143
f 316//144 317//144 315//144
f 318//145 319//145 317//145
f 320//146 321//146 319//146
f 322//147 323//147 321//147
f 324//148 325//148 323//148
f 326//149 327//149 325//149
f 328//150 329//150 327//150
f 330//151 331//151 329//151
f 332//152 333//152 331//152
f 334//153 335//153 333//153
f 336//154 337//154 335//154
f 338//155 339//155 337//155
f 340//156 341//156 339//156
f 342//157 343//157 341//157
f 344//158 345//158 343//158
f 346//159 347//159 345//159
f 348//160 349//160 347//160
f 294//98 262//98 230//98
f 350//161 351//161 349//161
f 352//162 225//162 351//162
f 287//94 319//94 351//94
f 226//99 228//99 227//99
f 228//100 230//100 229//100
f 230//101 232//101 231//101
f 232//102 234//102 233//102
f 234//103 236//103 235//103
f 236//104 238//104 237//104
f 238//105 240//105 239//105
f 240//106 242//106 241//106
f 242//107 244//107 243//107
f 244//108 246//108 245//108
f 246//109 248//109 247//109
f 248//110 250//110 249//110
f 250//111 252//111 251//111
f 252//112 254//112 253//112
f 254//113 256//113 255//113
f 256//114 258//114 257//114
f 258//115 260//115 259//115
f 260//116 262//116 261//116
f 262//117 264//117 263//117
f 264//118 266//118 265//118
f 266//119 268//119 267//119
f 268//120 270//120 269//120
f 270//121 272//121 271//121
f 272//122 274//122 273//122
f 274//123 276//123 275//123
f 276//124 278//124 277//124
f 278//125 280//125 279//125
f 280//126 282//126 281//126
f 282//127 284//127 283//127
f 284//128 286//128 285//128
f 286//129 288//129 287//129
f 288//130 290//130 289//130
f 290//131 292//131 291//131
f 292//132 294//132 293//132
f 294//133 296//133 295//133
f 296//134 298//134 297//134
f 298//135 300//135 299//135
f 300//136 302//136 301//136
f 302//137 304//137 303//137
f 304//138 306//138 305//138
f 306//139 308//139 307//139
f 308//140 310//140 309//140
f 310//141 312//141 311//141
f 312//142 314//142 313//142
f 314//143 316//143 315//143
f 316//144 318//144 317//144
f 318//145 320//145 319//145
f 320//146 322//146 321//146
f 322//147 324//147 323//147
f 324//148 326//148 325//148
f 326//149 328//149 327//149
f 328//150 330//150 329//150
f 330//151 332//151 331//151
f 332//152 334//152 333//152
f 334//153 336//153 335//153
f 336//154 338//154 337//154
f 338//155 340//155 339//155
f 340//156 342//156 341//156
f 342//157 344//157 343//157
f 344//158 346//158 345//158
f 346//159 348//159 347//159
f 348//160 350//160 349//160
f 230//260 228//260 226//260
f 226//98 352//98 350//98
f 350//257 348//257 346//257
f 346//256 344//256 342//256
f 342//256 340//256 338//256
f 338//256 336//256 334//256
f 334//98 332//98 330//98
f 330//98 328//98 326//98
f 326//98 324//98 322//98
f 322//98 320//98 318//98
f 318//98 316//98 314//98
f 314//98 312//98 310//98
f 310//257 308//257 306//257
f 306//257 304//257 302//257
f 302//257 300//257 298//257
f 298//256 296//256 294//256
f 294//98 292//98 290//98
f 290//261 288//261 286//261
f 286//256 284//256 282//256
f 282//257 280//257 278//257
f 278//257 276//257 274//257
f 274//257 272//257 270//257
f 270//98 268//98 266//98
f 266//98 264//98 262//98
f 262//98 260//98 258//98
f 258//98 256//98 254//98
f 254//98 252//98 250//98
f 250//98 248//98 246//98
f 246//256 244//256 242//256
f 242//256 240//256 238//256
f 238//256 236//256 234//256
f 234//257 232//257 230//257
f 230//98 226//98 350//98
f 350//98 346//98 342//98
f 342//98 338//98 334//98
f 334//98 330//98 326//98
f 326//98 322//98 318//98
f 318//98 314//98 310//98
f 310//98 306//98 302//98
f 302//98 298//98 294//98
f 294//98 290//98 286//98
f 286//98 282//98 278//98
f 278//98 274//98 270//98
f 270//98 266//98 262//98
f 262//98 258//98 254//98
f 254//98 250//98 246//98
f 246//98 242//98 238//98
f 238//98 234//98 230//98
f 230//98 350//98 342//98
f 342//98 334//98 326//98
f 326//98 318//98 310//98
f 310//98 302//98 294//98
f 294//98 286//98 278//98
f 278//98 270//98 262//98
f 262//98 254//98 246//98
f 246//98 238//98 230//98
f 230//98 342//98 326//98
f 326//98 310//98 294//98
f 294//98 278//98 262//98
f 262//98 246//98 230//98
f 230//98 326//98 294//98
f 350//161 352//161 351//161
f 352//162 226//162 225//162
f 351//94 225//94 227//94
f 227//259 229//259 231//259
f 231//259 233//259 235//259
f 235//259 237//259 239//259
f 239//259 241//259 243//259
f 243//94 245//94 247//94
f 247//94 249//94 251//94
f 251//94 253//94 255//94
f 255//94 257//94 259//94
f 259//94 261//94 263//94
f 263//94 265//94 267//94
f 267//94 269//94 271//94
f 271//258 273//258 275//258
f 275//258 277//258 279//258
f 279//258 281//258 283//258
f 283//258 285//258 287//258
f 287//94 289//94 291//94
f 291//94 293//94 295//94
f 295//258 297//258 299//258
f 299//258 301//258 303//258
f 303//258 305//258 307//258
f 307//94 309//94 311//94
f 311//94 313//94 315//94
f 315//94 317//94 319//94
f 319//94 321//94 323//94
f 323//94 325//94 327//94
f 327//94 329//94 331//94
f 331//94 333//94 335//94
f 335//259 337//259 339//259
f 339//259 341//259 343//259
f 343//259 345//259 347//259
f 347//94 349//94 351//94
f 351//94 227//94 231//94
f 231//258 235//258 239//258
f 239//94 243//94 247//94
f 247//94 251//94 255//94
f 255//94 259//94 263//94
f 263//94 267//94 271//94
f 271//94 275//94 279//94
f 279//94 283//94 287//94
f 287//94 291//94 295//94
f 295//259 299//259 303//259
f 303//94 307//94 311//94
f 311//94 315//94 319//94
f 319//94 323//94 327//94
f 327//94 331//94 335//94
f 335//94 339//94 343//94
f 343//94 347//94 351//94
f 351//94 231//94 239//94
f 239//94 247//94 255//94
f 255//94 263//94 271//94
f 271//94 279//94 287//94
f 287//94 295//94 303//94
f 303//94 311//94 319//94
f 319//94 327//94 335//94
f 335//94 343//94 351//94
f 351//94 239//94 255//94
f 255//94 271//94 287//94
f 287//94 303//94 319//94
f 319//94 335//94 351//94
f 351//94 255//94 287//94
usemtl rubber
f 698//163 699//163 697//163
f 700//164 701//164 699//164
f 702//165 703//165 701//165
f 704//166 705//166 703//166
f 706//167 707//167 705//167
f 708//168 709//168 707//168
f 710//169 711//169 709//169
f 712//170 713//170 711//170
f 714//171 715//171 713//171
f 716//172 717//172 715//172
f 718//173 719//173 717//173
f 720//174 721//174 719//174
f 722//175 723//175 721//175
f 724//176 725//176 723//176
f 726//177 727//177 725//177
f 728//178 729//178 727//178
f 730//179 731//179 729//179
f 732//180 733//180 731//180
f 734//181 735//181 733//181
f 736//182 737//182 735//182
f 738//183 739//183 737//183
f 740//184 741//184 739//184
f 742//185 743//185 741//185
f 744//186 745//186 743//186
f 746//187 747//187 745//187
f 748//188 749//188 747//188
f 750//189 751//189 749//189
f 752//190 753//190 751//190
f 754//191 755//191 753//191
f 756//192 757//192 755//192
f 758//193 759//193 757//193
f 760//194 761//194 759//194
f 762//195 763//195 761//195
f 764//196 765//196 763//196
f 766//197 767//197 765//197
f 768//198 769//198 767//198
f 770//199 771//199 769//199
f 772//200 773//200 771//200
f 774//201 775//201 773//201
f 776//202 777//202 775//202
f 778//203 779//203 777//203
f 780//204 781//204 779//204
f 782//205 783//205 781//205
f 784//206 785//206 783//206
f 786//207 787//207 785//207
f 788//208 789//208 787//208
f 766//96 734//96 702//96
f 790//209 791//209 789//209
f 792//210 697//210 791//210
f 727//93 759//93 791//93
f 802//163 803//163 801//163
f 804//164 805//164 803//164
f 806//165 807//165 805//165
f 808//166 809//166 807//166
f 810//167 811//167 809//167
f 812//168 813//168 811//168
f 814//169 815//169 813//169
f 816//170 817//170 815//170
f 818//171 819//171 817//171
f 820//172 821//172 819//172
f 822//173 823//173 821//173
f 824//174 825//174 823//174
f 826//175 827//175 825//175
f 828//176 829//176 827//176
f 830//177 831//177 829//177
f 832//178 833//178 831//178
f 834//179 835//179 833//179
f 836//180 837//180 835//180
f 838//181 839//181 837//181
f 840//182 841//182 839//182
f 842//183 843//183 841//183
f 844//184 845//184 843//184
f 846//185 847//185 845//185
f 848//186 849//186 847//186
f 850//187 851//187 849//187
f 852//188 853//188 851//188
f 854//189 855//189 853//189
f 856//190 857//190 855//190
f 858//191 859//191 857//191
f 860//192 861//192 859//192
f 862//193 863//193 861//193
f 864//194 865//194 863//194
f 866//195 867//195 865//195
f 868//196 869//196 867//196
f 870//197 871//197 869//197
f 872//198 873//198 871//198
f 874//199 875//199 873//199
f 876//200 877//200 875//200
f 878//201 879//201 877//201
f 880//202 881//202 879//202
f 882//203 883//203 881//203
f 884//204 885//204 883//204
f 886//205 887//205 885//205
f 888//206 889//206 887//206
f 890//207 891//207 889//207
f 892//208 893//208 891//208
f 870//96 838//96 806//96
f 894//209 895//209 893//209
f 896//210 801//210 895//210
f 831//93 863//93 895//93
f 906//163 907//163 905//163
f 908//164 909//164 907//164
f 910//165 911//165 909//165
f 912//166 913//166 911//166
f 914//167 915//167 913//167
f 916//168 917//168 915//168
f 918//211 919//211 917//211
f 920//170 921//170 919//170
f 922//171 923//171 921//171
f 924//172 925//172 923//172
f 926//173 927//173 925//173
f 928//174 929//174 927//174
f 930//175 931//175 929//175
f 932//176 933//176 931//176
f 934//177 935//177 933//177
f 936//178 937//178 935//178
f 938//179 939//179 937//179
f 940//180 941//180 939//180
f 942//212 943//212 941//212
f 944//182 945//182 943//182
f 946//183 947//183 945//183
f 948//184 949//184 947//184
f 950//185 951//185 949//185
f 952//186 953//186 951//186
f 954//187 955//187 953//187
f 956//188 957//188 955//188
f 958//189 959//189 957//189
f 960//190 961//190 959//190
f 962//191 963//191 961//191
f 964//192 965//192 963//192
f 966//213 967//213 965//213
f 968//194 969//194 967//194
f 970//195 971//195 969//195
f 972//196 973//196 971//196
f 974//197 975//197 973//197
f 976//198 977//198 975//198
f 978//199 979//199 977//199
f 980//200 981//200 979//200
f 982//214 983//214 981//214
f 984//202 985//202 983//202
f 986//203 987//203 985//203
f 988//215 989//215 987//215
f 990//205 991//205 989//205
f 992//206 993//206 991//206
f 994//207 995//207 993//207
f 996//208 997//208 995//208
f 974//96 942//96 910//96
f 998//209 999//209 997//209
f 1000//210 905//210 999//210
f 935//93 967//93 999//93
f 1010//163 1011//163 1009//163
f 1012//164 1013//164 1011//164
f 1014//165 1015//165 1013//165
f 1016//166 1017//166 1015//166
f 1018//167 1019//167 1017//167
f 1020//168 1021//168 1019//168
f 1022//211 1023//211 1021//211
f 1024//170 1025//170 1023//170
f 1026//171 1027//171 1025//171
f 1028//172 1029//172 1027//172
f 1030//173 1031//173 1029//173
f 1032//174 1033//174 1031//174
f 1034//175 1035//175 1033//175
f 1036//176 1037//176 1035//176
f 1038//177 1039//177 1037//177
f 1040//178 1041//178 1039//178
f 1042//179 1043//179 1041//179
f 1044//180 1045//180 1043//180
f 1046//212 1047//212 1045//212
f 1048//182 1049//182 1047//182
f 1050//183 1051//183 1049//183
f 1052//184 1053//184 1051//184
f 1054//185 1055//185 1053//185
f 1056//186 1057//186 1055//186
f 1058//187 1059//187 1057//187
f 1060//188 1061//188 1059//188
f 1062//189 1063//189 1061//189
f 1064//190 1065//190 1063//190
f 1066//191 1067//191 1065//191
f 1068//192 1069//192 1067//192
f 1070//213 1071//213 1069//213
f 1072//194 1073//194 1071//194
f 1074//195 1075//195 1073//195
f 1076//196 1077//196 1075//196
f 1078//197 1079//197 1077//197
f 1080//198 1081//198 1079//198
f 1082//199 1083//199 1081//199
f 1084//200 1085//200 1083//200
f 1086//214 1087//214 1085//214
f 1088//202 1089//202 1087//202
f 1090//203 1091//203 1089//203
f 1092//215 1093//215 1091//215
f 1094//205 1095//205 1093//205
f 1096//206 1097//206 1095//206
f 1098//207 1099//207 1097//207
f 1100//208 1101//208 1099//208
f 1078//96 1046//96 1014//96
f 1102//209 1103//209 1101//209
f 1104//210 1009//210 1103//210
f 1039//93 1071//93 1103//93
f 1209//218 1212//218 1211//218
f 1212//219 1213//219 1211//219
f 1214//220 1215//220 1213//220
f 1215//221 1218//221 1217//221
f 1217//222 1220//222 1219//222
f 1220//223 1221//223 1219//223
f 1222//224 1223//224 1221//224
f 1224//225 1225//225 1223//225
f 1226//226 1227//226 1225//226
f 1227//227 1230//227 1229//227
f 1230//228 1222//228 1214//228
f 1229//229 1232//229 1231//229
f 1232//230 1209//230 1231//230
f 1215//231 1223//231 1231//231
f 1329//218 1332//218 1331//218
f 1331//219 1334//219 1333//219
f 1333//220 1336//220 1335//220
f 1335//221 1338//221 1337//221
f 1337//222 1340//222 1339//222
f 1339//223 1342//223 1341//223
f 1342//224 1343//224 1341//224
f 1343//225 1346//225 1345//225
f 1346//226 1347//226 1345//226
f 1348//227 1349//227 1347//227
f 1350//228 1342//228 1334//228
f 1349//229 1352//229 1351//229
f 1352//230 1329//230 1351//230
f 1335//231 1343//231 1351//231
f 1449//218 1452//218 1451//218
f 1451//219 1454//219 1453//219
f 1454//220 1455//220 1453//220
f 1455//221 1458//221 1457//221
f 1458//222 1459//222 1457//222
f 1459//223 1462//223 1461//223
f 1461//224 1464//224 1463//224
f 1463//225 1466//225 1465//225
f 1466//226 1467//226 1465//226
f 1467//227 1470//227 1469//227
f 1470//228 1462//228 1454//228
f 1469//229 1472//229 1471//229
f 1472//230 1449//230 1471//230
f 1455//231 1463//231 1471//231
f 698//163 700//163 699//163
f 700//164 702//164 701//164
f 702//165 704//165 703//165
f 704//166 706//166 705//166
f 706//167 708//167 707//167
f 708//262 710//262 709//262
f 710//211 712//211 711//211
f 712//170 714//170 713//170
f 714//171 716//171 715//171
f 716//172 718//172 717//172
f 718//173 720//173 719//173
f 720//174 722//174 721//174
f 722//175 724//175 723//175
f 724//176 726//176 725//176
f 726//216 728//216 727//216
f 728//178 730//178 729//178
f 730//179 732//179 731//179
f 732//263 734//263 733//263
f 734//212 736//212 735//212
f 736//182 738//182 737//182
f 738//183 740//183 739//183
f 740//184 742//184 741//184
f 742//185 744//185 743//185
f 744//186 746//186 745//186
f 746//187 748//187 747//187
f 748//188 750//188 749//188
f 750//189 752//189 751//189
f 752//190 754//190 753//190
f 754//191 756//191 755//191
f 756//264 758//264 757//264
f 758//213 760//213 759//213
f 760//194 762//194 761//194
f 762//195 764//195 763//195
f 764//196 766//196 765//196
f 766//197 768//197 767//197
f 768//198 770//198 769//198
f 770//199 772//199 771//199
f 772//200 774//200 773//200
f 774//214 776//214 775//214
f 776//202 778//202 777//202
f 778//203 780//203 779//203
f 780//215 782//215 781//215
f 782//217 784//217 783//217
f 784//206 786//206 785//206
f 786//207 788//207 787//207
f 788//208 790//208 789//208
f 702//96 700//96 698//96
f 698//96 792//96 790//96
f 790//96 788//96 786//96
f 786//265 784//265 782//265
f 782//265 780//265 778//265
f 778//266 776//266 774//266
f 774//96 772//96 770//96
f 770//96 768//96 766//96
f 766//266 764//266 762//266
f 762//265 760//265 758//265
f 758//265 756//265 754//265
f 754//96 752//96 750//96
f 750//96 748//96 746//96
f 746//96 744//96 742//96
f 742//96 740//96 738//96
f 738//266 736//266 734//266
f 734//266 732//266 730//266
f 730//265 728//265 726//265
f 726//96 724//96 722//96
f 722//96 720//96 718//96
f 718//265 716//265 714//265
f 714//266 712//266 710//266
f 710//266 708//266 706//266
f 706//96 704//96 702//96
f 702//96 698//96 790//96
f 790//96 786//96 782//96
f 782//96 778//96 774//96
f 774//96 770//96 766//96
f 766//96 762//96 758//96
f 758//96 754//96 750//96
f 750//96 746//96 742//96
f 742//96 738//96 734//96
f 734//96 730//96 726//96
f 726//96 722//96 718//96
f 718//96 714//96 710//96
f 710//96 706//96 702//96
f 702//96 790//96 782//96
f 782//96 774//96 766//96
f 766//96 758//96 750//96
f 750//96 742//96 734//96
f 734//96 726//96 718//96
f 718//96 710//96 702//96
f 702//96 782//96 766//96
f 766//96 750//96 734//96
f 734//96 718//96 702//96
f 790//209 792//209 791//209
f 792//210 698//210 697//210
f 791//93 697//93 699//93
f 699//93 701//93 703//93
f 703//93 705//93 707//93
f 707//267 709//267 711//267
f 711//268 713//268 715//268
f 715//267 717//267 719//267
f 719//93 721//93 723//93
f 723//267 725//267 727//267
f 727//268 729//268 731//268
f 731//267 733//267 735//267
f 735//93 737//93 739//93
f 739//93 741//93 743//93
f 743//93 745//93 747//93
f 747//93 749//93 751//93
f 751//93 753//93 755//93
f 755//268 757//268 759//268
f 759//267 761//267 763//267
f 763//268 765//268 767//268
f 767//93 769//93 771//93
f 771//268 773//268 775//268
f 775//267 777//267 779//267
f 779//268 781//268 783//268
f 783//93 785//93 787//93
f 787//93 789//93 791//93
f 791//93 699//93 703//93
f 703//93 707//93 711//93
f 711//93 715//93 719//93
f 719//93 723//93 727//93
f 727//93 731//93 735//93
f 735//93 739//93 743//93
f 743//93 747//93 751//93
f 751//93 755//93 759//93
f 759//93 763//93 767//93
f 767//93 771//93 775//93
f 775//93 779//93 783//93
f 783//93 787//93 791//93
f 791//93 703//93 711//93
f 711//93 719//93 727//93
f 727//93 735//93 743//93
f 743//93 751//93 759//93
f 759//93 767//93 775//93
f 775//93 783//93 791//93
f 791//93 711//93 727//93
f 727//93 743//93 759//93
f 759//93 775//93 791//93
f 802//163 804//163 803//163
f 804//164 806//164 805//164
f 806//165 808//165 807//165
f 808//166 810//166 809//166
f 810//167 812//167 811//167
f 812//262 814//262 813//262
f 814//211 816//211 815//211
f 816//170 818//170 817//170
f 818//171 820//171 819//171
f 820//172 822//172 821//172
f 822//173 824//173 823//173
f 824//174 826//174 825//174
f 826//175 828//175 827//175
f 828//176 830//176 829//176
f 830//216 832//216 831//216
f 832//178 834//178 833//178
f 834//179 836//179 835//179
f 836//263 838//263 837//263
f 838//212 840//212 839//212
f 840//182 842//182 841//182
f 842//183 844//183 843//183
f 844//184 846//184 845//184
f 846//185 848//185 847//185
f 848//186 850//186 849//186
f 850//187 852//187 851//187
f 852//188 854//188 853//188
f 854//189 856//189 855//189
f 856//190 858//190 857//190
f 858//191 860//191 859//191
f 860//264 862//264 861//264
f 862//213 864//213 863//213
f 864//194 866//194 865//194
f 866//195 868//195 867//195
f 868//196 870//196 869//196
f 870//197 872//197 871//197
f 872//198 874//198 873//198
f 874//199 876//199 875//199
f 876//200 878//200 877//200
f 878//214 880//214 879//214
f 880//202 882//202 881//202
f 882//203 884//203 883//203
f 884//215 886//215 885//215
f 886//217 888//217 887//217
f 888//206 890//206 889//206
f 890//207 892//207 891//207
f 892//208 894//208 893//208
f 806//96 804//96 802//96
f 802//96 896//96 894//96
f 894//96 892//96 890//96
f 890//265 888//265 886//265
f 886//265 884//265 882//265
f 882//266 880//266 878//266
f 878//96 876//96 874//96
f 874//96 872//96 870//96
f 870//266 868//266 866//266
f 866//265 864//265 862//265
f 862//265 860//265 858//265
f 858//96 856//96 854//96
f 854//96 852//96 850//96
f 850//96 848//96 846//96
f 846//96 844//96 842//96
f 842//266 840//266 838//266
f 838//266 836//266 834//266
f 834//265 832//265 830//265
f 830//96 828//96 826//96
f 826//96 824//96 822//96
f 822//265 820//265 818//265
f 818//266 816//266 814//266
f 814//266 812//266 810//266
f 810//96 808//96 806//96
f 806//96 802//96 894//96
f 894//96 890//96 886//96
f 886//96 882//96 878//96
f 878//96 874//96 870//96
f 870//96 866//96 862//96
f 862//96 858//96 854//96
f 854//96 850//96 846//96
f 846//96 842//96 838//96
f 838//96 834//96 830//96
f 830//96 826//96 822//96
f 822//96 818//96 814//96
f 814//96 810//96 806//96
f 806//96 894//96 886//96
f 886//96 878//96 870//96
f 870//96 862//96 854//96
f 854//96 846//96 838//96
f 838//96 830//96 822//96
f 822//96 814//96 806//96
f 806//96 886//96 870//96
f 870//96 854//96 838//96
f 838//96 822//96 806//96
f 894//209 896//209 895//209
f 896//210 802//210 801//210
f 895//93 801//93 803//93
f 803//93 805//93 807//93
f 807//93 809//93 811//93
f 811//267 813//267 815//267
f 815//268 817//268 819//268
f 819//267 821//267 823//267
f 823//93 825//93 827//93
f 827//267 829//267 831//267
f 831//268 833//268 835//268
f 835//267 837//267 839//267
f 839//93 841//93 843//93
f 843//93 845//93 847//93
f 847//93 849//93 851//93
f 851//93 853//93 855//93
f 855//93 857//93 859//93
f 859//268 861//268 863//268
f 863//267 865//267 867//267
f 867//268 869//268 871//268
f 871//93 873//93 875//93
f 875//268 877//268 879//268
f 879//267 881//267 883//267
f 883//268 885//268 887//268
f 887//93 889//93 891//93
f 891//93 893//93 895//93
f 895//93 803//93 807//93
f 807//93 811//93 815//93
f 815//93 819//93 823//93
f 823//93 827//93 831//93
f 831//93 835//93 839//93
f 839//93 843//93 847//93
f 847//93 851//93 855//93
f 855//93 859//93 863//93
f 863//93 867//93 871//93
f 871//93 875//93 879//93
f 879//93 883//93 887//93
f 887//93 891//93 895//93
f 895//93 807//93 815//93
f 815//93 823//93 831//93
f 831//93 839//93 847//93
f 847//93 855//93 863//93
f 863//93 871//93 879//93
f 879//93 887//93 895//93
f 895//93 815//93 831//93
f 831//93 847//93 863//93
f 863//93 879//93 895//93
f 906//163 908//163 907//163
f 908//164 910//164 909//164
f 910//165 912//165 911//165
f 912//166 914//166 913//166
f 914//167 916//167 915//167
f 916//168 918//168 917//168
f 918//211 920//211 919//211
f 920//170 922//170 921//170
f 922//171 924//171 923//171
f 924//172 926//172 925//172
f 926//173 928//173 927//173
f 928//174 930//174 929//174
f 930//175 932//175 931//175
f 932//176 934//176 933//176
f 934//216 936//216 935//216
f 936//178 938//178 937//178
f 938//179 940//179 939//179
f 940//180 942//180 941//180
f 942//212 944//212 943//212
f 944//182 946//182 945//182
f 946//183 948//183 947//183
f 948//184 950//184 949//184
f 950//185 952//185 951//185
f 952//186 954//186 953//186
f 954//187 956//187 955//187
f 956//188 958//188 957//188
f 958//189 960//189 959//189
f 960//190 962//190 961//190
f 962//191 964//191 963//191
f 964//264 966//264 965//264
f 966//193 968//193 967//193
f 968//194 970//194 969//194
f 970//195 972//195 971//195
f 972//196 974//196 973//196
f 974//197 976//197 975//197
f 976//198 978//198 977//198
f 978//199 980//199 979//199
f 980//200 982//200 981//200
f 982//214 984//214 983//214
f 984//202 986//202 985//202
f 986//203 988//203 987//203
f 988//204 990//204 989//204
f 990//217 992//217 991//217
f 992//206 994//206 993//206
f 994//207 996//207 995//207
f 996//208 998//208 997//208
f 910//96 908//96 906//96
f 906//96 1000//96 998//96
f 998//96 996//96 994//96
f 994//266 992//266 990//266
f 990//96 988//96 986//96
f 986//269 984//269 982//269
f 982//270 980//270 978//270
f 978//270 976//270 974//270
f 974//265 972//265 970//265
f 970//96 968//96 966//96
f 966//266 964//266 962//266
f 962//96 960//96 958//96
f 958//96 956//96 954//96
f 954//96 952//96 950//96
f 950//96 948//96 946//96
f 946//265 944//265 942//265
f 942//96 940//96 938//96
f 938//270 936//270 934//270
f 934//269 932//269 930//269
f 930//269 928//269 926//269
f 926//266 924//266 922//266
f 922//96 920//96 918//96
f 918//265 916//265 914//265
f 914//96 912//96 910//96
f 910//96 906//96 998//96
f 998//96 994//96 990//96
f 990//96 986//96 982//96
f 982//96 978//96 974//96
f 974//96 970//96 966//96
f 966//96 962//96 958//96
f 958//96 954//96 950//96
f 950//96 946//96 942//96
f 942//96 938//96 934//96
f 934//96 930//96 926//96
f 926//96 922//96 918//96
f 918//96 914//96 910//96
f 910//96 998//96 990//96
f 990//96 982//96 974//96
f 974//96 966//96 958//96
f 958//96 950//96 942//96
f 942//96 934//96 926//96
f 926//96 918//96 910//96
f 910//96 990//96 974//96
f 974//96 958//96 942//96
f 942//96 926//96 910//96
f 998//209 1000//209 999//209
f 1000//210 906//210 905//210
f 999//93 905//93 907//93
f 907//93 909//93 911//93
f 911//93 913//93 915//93
f 915//267 917//267 919//267
f 919//271 921//271 923//271
f 923//271 925//271 927//271
f 927//93 929//93 931//93
f 931//271 933//271 935//271
f 935//267 937//267 939//267
f 939//267 941//267 943//267
f 943//93 945//93 947//93
f 947//93 949//93 951//93
f 951//93 953//93 955//93
f 955//93 957//93 959//93
f 959//93 961//93 963//93
f 963//268 965//268 967//268
f 967//272 969//272 971//272
f 971//272 973//272 975//272
f 975//93 977//93 979//93
f 979//272 981//272 983//272
f 983//268 985//268 987//268
f 987//268 989//268 991//268
f 991//93 993//93 995//93
f 995//93 997//93 999//93
f 999//93 907//93 911//93
f 911//93 915//93 919//93
f 919//93 923//93 927//93
f 927//93 931//93 935//93
f 935//93 939//93 943//93
f 943//93 947//93 951//93
f 951//93 955//93 959//93
f 959//93 963//93 967//93
f 967//93 971//93 975//93
f 975//93 979//93 983//93
f 983//93 987//93 991//93
f 991//93 995//93 999//93
f 999//93 911//93 919//93
f 919//93 927//93 935//93
f 935//93 943//93 951//93
f 951//93 959//93 967//93
f 967//93 975//93 983//93
f 983//93 991//93 999//93
f 999//93 919//93 935//93
f 935//93 951//93 967//93
f 967//93 983//93 999//93
f 1010//163 1012//163 1011//163
f 1012//164 1014//164 1013//164
f 1014//165 1016//165 1015//165
f 1016//166 1018//166 1017//166
f 1018//167 1020//167 1019//167
f 1020//168 1022//168 1021//168
f 1022//211 1024//211 1023//211
f 1024//170 1026//170 1025//170
f 1026//171 1028//171 1027//171
f 1028//172 1030//172 1029//172
f 1030//173 1032//173 1031//173
f 1032//174 1034//174 1033//174
f 1034//175 1036//175 1035//175
f 1036//176 1038//176 1037//176
f 1038//216 1040//216 1039//216
f 1040//178 1042//178 1041//178
f 1042//179 1044//179 1043//179
f 1044//180 1046//180 1045//180
f 1046//212 1048//212 1047//212
f 1048//182 1050//182 1049//182
f 1050//183 1052//183 1051//183
f 1052//184 1054//184 1053//184
f 1054//185 1056//185 1055//185
f 1056//186 1058//186 1057//186
f 1058//187 1060//187 1059//187
f 1060//188 1062//188 1061//188
f 1062//189 1064//189 1063//189
f 1064//190 1066//190 1065//190
f 1066//191 1068//191 1067//191
f 1068//264 1070//264 1069//264
f 1070//193 1072//193 1071//193
f 1072//194 1074//194 1073//194
f 1074//195 1076//195 1075//195
f 1076//196 1078//196 1077//196
f 1078//197 1080//197 1079//197
f 1080//198 1082//198 1081//198
f 1082//199 1084//199 1083//199
f 1084//200 1086//200 1085//200
f 1086//214 1088//214 1087//214
f 1088//202 1090//202 1089//202
f 1090//203 1092//203 1091//203
f 1092//204 1094//204 1093//204
f 1094//217 1096//217 1095//217
f 1096//206 1098//206 1097//206
f 1098//207 1100//207 1099//207
f 1100//208 1102//208 1101//208
f 1014//96 1012//96 1010//96
f 1010//96 1104//96 1102//96
f 1102//96 1100//96 1098//96
f 1098//266 1096//266 1094//266
f 1094//96 1092//96 1090//96
f 1090//269 1088//269 1086//269
f 1086//270 1084//270 1082//270
f 1082//270 1080//270 1078//270
f 1078//265 1076//265 1074//265
f 1074//96 1072//96 1070//96
f 1070//266 1068//266 1066//266
f 1066//96 1064//96 1062//96
f 1062//96 1060//96 1058//96
f 1058//96 1056//96 1054//96
f 1054//96 1052//96 1050//96
f 1050//265 1048//265 1046//265
f 1046//96 1044//96 1042//96
f 1042//270 1040//270 1038//270
f 1038//269 1036//269 1034//269
f 1034//269 1032//269 1030//269
f 1030//266 1028//266 1026//266
f 1026//96 1024//96 1022//96
f 1022//265 1020//265 1018//265
f 1018//96 1016//96 1014//96
f 1014//96 1010//96 1102//96
f 1102//96 1098//96 1094//96
f 1094//96 1090//96 1086//96
f 1086//96 1082//96 1078//96
f 1078//96 1074//96 1070//96
f 1070//96 1066//96 1062//96
f 1062//96 1058//96 1054//96
f 1054//96 1050//96 1046//96
f 1046//96 1042//96 1038//96
f 1038//96 1034//96 1030//96
f 1030//96 1026//96 1022//96
f 1022//96 1018//96 1014//96
f 1014//96 1102//96 1094//96
f 1094//96 1086//96 1078//96
f 1078//96 1070//96 1062//96
f 1062//96 1054//96 1046//96
f 1046//96 1038//96 1030//96
f 1030//96 1022//96 1014//96
f 1014//96 1094//96 1078//96
f 1078//96 1062//96 1046//96
f 1046//96 1030//96 1014//96
f 1102//209 1104//209 1103//209
f 1104//210 1010//210 1009//210
f 1103//93 1009//93 1011//93
f 1011//93 1013//93 1015//93
f 1015//93 1017//93 1019//93
f 1019//267 1021//267 1023//267
f 1023//271 1025//271 1027//271
f 1027//271 1029//271 1031//271
f 1031//93 1033//93 1035//93
f 1035//271 1037//271 1039//271
f 1039//267 1041//267 1043//267
f 1043//267 1045//267 1047//267
f 1047//93 1049//93 1051//93
f 1051//93 1053//93 1055//93
f 1055//93 1057//93 1059//93
f 1059//93 1061//93 1063//93
f 1063//93 1065//93 1067//93
f 1067//268 1069//268 1071//268
f 1071//272 1073//272 1075//272
f 1075//272 1077//272 1079//272
f 1079//93 1081//93 1083//93
f 1083//272 1085//272 1087//272
f 1087//268 1089//268 1091//268
f 1091//268 1093//268 1095//268
f 1095//93 1097//93 1099//93
f 1099//93 1101//93 1103//93
f 1103//93 1011//93 1015//93
f 1015//93 1019//93 1023//93
f 1023//93 1027//93 1031//93
f 1031//93 1035//93 1039//93
f 1039//93 1043//93 1047//93
f 1047//93 1051//93 1055//93
f 1055//93 1059//93 1063//93
f 1063//93 1067//93 1071//93
f 1071//93 1075//93 1079//93
f 1079//93 1083//93 1087//93
f 1087//93 1091//93 1095//93
f 1095//93 1099//93 1103//93
f 1103//93 1015//93 1023//93
f 1023//93 1031//93 1039//93
f 1039//93 1047//93 1055//93
f 1055//93 1063//93 1071//93
f 1071//93 1079//93 1087//93
f 1087//93 1095//93 1103//93
f 1103//93 1023//93 1039//93
f 1039//93 1055//93 1071//93
f 1071//93 1087//93 1103//93
f 1209//218 1210//218 1212//218
f 1212//219 1214//219 1213//219
f 1214//220 1216//220 1215//220
f 1215//221 1216//221 1218//221
f 1217//222 1218//222 1220//222
f 1220//223 1222//223 1221//223
f 1222//224 1224//224 1223//224
f 1224//225 1226//225 1225//225
f 1226//226 1228//226 1227//226
f 1227//227 1228//227 1230//227
f 1214//275 1212//275 1210//275
f 1210//275 1232//275 1230//275
f 1230//228 1228//228 1226//228
f 1226//228 1224//228 1222//228
f 1222//228 1220//228 1218//228
f 1218//228 1216//228 1214//228
f 1214//228 1210//228 1230//228
f 1230//228 1226//228 1222//228
f 1222//228 1218//228 1214//228
f 1229//229 1230//229 1232//229
f 1232//230 1210//230 1209//230
f 1231//231 1209//231 1211//231
f 1211//231 1213//231 1215//231
f 1215//231 1217//231 1219//231
f 1219//231 1221//231 1223//231
f 1223//231 1225//231 1227//231
f 1227//231 1229//231 1231//231
f 1231//231 1211//231 1215//231
f 1215//231 1219//231 1223//231
f 1223//231 1227//231 1231//231
f 1329//218 1330//218 1332//218
f 1331//219 1332//219 1334//219
f 1333//220 1334//220 1336//220
f 1335//221 1336//221 1338//221
f 1337//222 1338//222 1340//222
f 1339//223 1340//223 1342//223
f 1342//224 1344//224 1343//224
f 1343//225 1344//225 1346//225
f 1346//226 1348//226 1347//226
f 1348//227 1350//227 1349//227
f 1334//275 1332//275 1330//275
f 1330//228 1352//228 1350//228
f 1350//228 1348//228 1346//228
f 1346//228 1344//228 1342//228
f 1342//275 1340//275 1338//275
f 1338//228 1336//228 1334//228
f 1334//228 1330//228 1350//228
f 1350//228 1346//228 1342//228
f 1342//228 1338//228 1334//228
f 1349//229 1350//229 1352//229
f 1352//230 1330//230 1329//230
f 1351//231 1329//231 1331//231
f 1331//231 1333//231 1335//231
f 1335//231 1337//231 1339//231
f 1339//231 1341//231 1343//231
f 1343//231 1345//231 1347//231
f 1347//231 1349//231 1351//231
f 1351//231 1331//231 1335//231
f 1335//231 1339//231 1343//231
f 1343//231 1347//231 1351//231
f 1449//218 1450//218 1452//218
f 1451//219 1452//219 1454//219
f 1454//220 1456//220 1455//220
f 1455//221 1456//221 1458//221
f 1458//222 1460//222 1459//222
f 1459//223 1460//223 1462//223
f 1461//224 1462//224 1464//224
f 1463//225 1464//225 1466//225
f 1466//226 1468//226 1467//226
f 1467//227 1468//227 1470//227
f 1454//275 1452//275 1450//275
f 1450//275 1472//275 1470//275
f 1470//228 1468//228 1466//228
f 1466//228 1464//228 1462//228
f 1462//228 1460//228 1458//228
f 1458//228 1456//228 1454//228
f 1454//228 1450//228 1470//228
f 1470//228 1466//228 1462//228
f 1462//228 1458//228 1454//228
f 1469//229 1470//229 1472//229
f 1472//230 1450//230 1449//230
f 1471//231 1449//231 1451//231
f 1451//231 1453//231 1455//231
f 1455//231 1457//231 1459//231
f 1459//231 1461//231 1463//231
f 1463//231 1465//231 1467//231
f 1467//231 1469//231 1471//231
f 1471//231 1451//231 1455//231
f 1455//231 1459//231 1463//231
f 1463//231 1467//231 1471//231
usemtl bolt_black
f 1114//163 1115//163 1113//163
f 1116//164 1117//164 1115//164
f 1118//165 1119//165 1117//165
f 1120//166 1121//166 1119//166
f 1122//167 1123//167 1121//167
f 1124//168 1125//168 1123//168
f 1126//211 1127//211 1125//211
f 1128//170 1129//170 1127//170
f 1130//171 1131//171 1129//171
f 1132//172 1133//172 1131//172
f 1134//173 1135//173 1133//173
f 1136//174 1137//174 1135//174
f 1138//175 1139//175 1137//175
f 1140//176 1141//176 1139//176
f 1142//216 1143//216 1141//216
f 1144//178 1145//178 1143//178
f 1146//179 1147//179 1145//179
f 1148//180 1149//180 1147//180
f 1150//212 1151//212 1149//212
f 1152//182 1153//182 1151//182
f 1154//183 1155//183 1153//183
f 1156//184 1157//184 1155//184
f 1158//185 1159//185 1157//185
f 1160//186 1161//186 1159//186
f 1162//187 1163//187 1161//187
f 1164//188 1165//188 1163//188
f 1166//189 1167//189 1165//189
f 1168//190 1169//190 1167//190
f 1170//191 1171//191 1169//191
f 1172//192 1173//192 1171//192
f 1174//213 1175//213 1173//213
f 1176//194 1177//194 1175//194
f 1178//195 1179//195 1177//195
f 1180//196 1181//196 1179//196
f 1182//197 1183//197 1181//197
f 1184//198 1185//198 1183//198
f 1186//199 1187//199 1185//199
f 1188//200 1189//200 1187//200
f 1190//214 1191//214 1189//214
f 1192//202 1193//202 1191//202
f 1194//203 1195//203 1193//203
f 1196//204 1197//204 1195//204
f 1198//217 1199//217 1197//217
f 1200//206 1201//206 1199//206
f 1202//207 1203//207 1201//207
f 1204//208 1205//208 1203//208
f 1182//96 1150//96 1118//96
f 1206//209 1207//209 1205//209
f 1208//210 1113//210 1207//210
f 1143//93 1175//93 1207//93
f 1234//163 1235//163 1233//163
f 1236//164 1237//164 1235//164
f 1238//165 1239//165 1237//165
f 1240//166 1241//166 1239//166
f 1242//167 1243//167 1241//167
f 1244//168 1245//168 1243//168
f 1246//211 1247//211 1245//211
f 1248//170 1249//170 1247//170
f 1250//171 1251//171 1249//171
f 1252//172 1253//172 1251//172
f 1254//173 1255//173 1253//173
f 1256//174 1257//174 1255//174
f 1258//175 1259//175 1257//175
f 1260//176 1261//176 1259//176
f 1262//216 1263//216 1261//216
f 1264//178 1265//178 1263//178
f 1266//179 1267//179 1265//179
f 1268//180 1269//180 1267//180
f 1270//212 1271//212 1269//212
f 1272//182 1273//182 1271//182
f 1274//183 1275//183 1273//183
f 1276//184 1277//184 1275//184
f 1278//185 1279//185 1277//185
f 1280//186 1281//186 1279//186
f 1282//187 1283//187 1281//187
f 1284//188 1285//188 1283//188
f 1286//189 1287//189 1285//189
f 1288//190 1289//190 1287//190
f 1290//191 1291//191 1289//191
f 1292//192 1293//192 1291//192
f 1294//213 1295//213 1293//213
f 1296//194 1297//194 1295//194
f 1298//195 1299//195 1297//195
f 1300//196 1301//196 1299//196
f 1302//197 1303//197 1301//197
f 1304//198 1305//198 1303//198
f 1306//199 1307//199 1305//199
f 1308//200 1309//200 1307//200
f 1310//214 1311//214 1309//214
f 1312//202 1313//202 1311//202
f 1314//203 1315//203 1313//203
f 1316//204 1317//204 1315//204
f 1318//217 1319//217 1317//217
f 1320//206 1321//206 1319//206
f 1322//207 1323//207 1321//207
f 1324//208 1325//208 1323//208
f 1302//96 1270//96 1238//96
f 1326//209 1327//209 1325//209
f 1328//210 1233//210 1327//210
f 1263//93 1295//93 1327//93
f 1354//163 1355//163 1353//163
f 1356//164 1357//164 1355//164
f 1358//165 1359//165 1357//165
f 1360//166 1361//166 1359//166
f 1362//167 1363//167 1361//167
f 1364//168 1365//168 1363//168
f 1366//211 1367//211 1365//211
f 1368//170 1369//170 1367//170
f 1370//171 1371//171 1369//171
f 1372//172 1373//172 1371//172
f 1374//173 1375//173 1373//173
f 1376//174 1377//174 1375//174
f 1378//175 1379//175 1377//175
f 1380//176 1381//176 1379//176
f 1382//216 1383//216 1381//216
f 1384//178 1385//178 1383//178
f 1386//179 1387//179 1385//179
f 1388//180 1389//180 1387//180
f 1390//212 1391//212 1389//212
f 1392//182 1393//182 1391//182
f 1394//183 1395//183 1393//183
f 1396//184 1397//184 1395//184
f 1398//185 1399//185 1397//185
f 1400//186 1401//186 1399//186
f 1402//187 1403//187 1401//187
f 1404//188 1405//188 1403//188
f 1406//189 1407//189 1405//189
f 1408//190 1409//190 1407//190
f 1410//191 1411//191 1409//191
f 1412//192 1413//192 1411//192
f 1414//213 1415//213 1413//213
f 1416//194 1417//194 1415//194
f 1418//195 1419//195 1417//195
f 1420//196 1421//196 1419//196
f 1422//197 1423//197 1421//197
f 1424//198 1425//198 1423//198
f 1426//199 1427//199 1425//199
f 1428//200 1429//200 1427//200
f 1430//214 1431//214 1429//214
f 1432//202 1433//202 1431//202
f 1434//203 1435//203 1433//203
f 1436//204 1437//204 1435//204
f 1438//217 1439//217 1437//217
f 1440//206 1441//206 1439//206
f 1442//207 1443//207 1441//207
f 1444//208 1445//208 1443//208
f 1422//96 1390//96 1358//96
f 1446//209 1447//209 1445//209
f 1448//210 1353//210 1447//210
f 1383//93 1415//93 1447//93
f 1490//99 1491//99 1489//99
f 1491//100 1494//100 1493//100
f 1494//101 1495//101 1493//101
f 1496//102 1497//102 1495//102
f 1498//103 1499//103 1497//103
f 1500//104 1501//104 1499//104
f 1502//105 1503//105 1501//105
f 1504//106 1505//106 1503//106
f 1506//107 1507//107 1505//107
f 1508//108 1509//108 1507//108
f 1510//109 1511//109 1509//109
f 1512//110 1513//110 1511//110
f 1514//111 1515//111 1513//111
f 1516//112 1517//112 1515//112
f 1518//113 1519//113 1517//113
f 1520//114 1521//114 1519//114
f 1522//115 1523//115 1521//115
f 1524//116 1525//116 1523//116
f 1526//117 1527//117 1525//117
f 1528//118 1529//118 1527//118
f 1530//119 1531//119 1529//119
f 1532//120 1533//120 1531//120
f 1534//121 1535//121 1533//121
f 1536//122 1537//122 1535//122
f 1538//123 1539//123 1537//123
f 1540//124 1541//124 1539//124
f 1542//125 1543//125 1541//125
f 1544//126 1545//126 1543//126
f 1545//127 1548//127 1547//127
f 1548//128 1549//128 1547//128
f 1550//129 1551//129 1549//129
f 1552//130 1553//130 1551//130
f 1553//131 1556//131 1555//131
f 1556//132 1557//132 1555//132
f 1558//133 1559//133 1557//133
f 1559//134 1562//134 1561//134
f 1562//135 1563//135 1561//135
f 1564//136 1565//136 1563//136
f 1566//137 1567//137 1565//137
f 1568//138 1569//138 1567//138
f 1570//139 1571//139 1569//139
f 1572//140 1573//140 1571//140
f 1574//141 1575//141 1573//141
f 1576//142 1577//142 1575//142
f 1578//143 1579//143 1577//143
f 1580//144 1581//144 1579//144
f 1582//145 1583//145 1581//145
f 1584//146 1585//146 1583//146
f 1586//147 1587//147 1585//147
f 1588//148 1589//148 1587//148
f 1590//149 1591//149 1589//149
f 1592//150 1593//150 1591//150
f 1594//151 1595//151 1593//151
f 1596//152 1597//152 1595//152
f 1598//153 1599//153 1597//153
f 1600//154 1601//154 1599//154
f 1602//155 1603//155 1601//155
f 1604//156 1605//156 1603//156
f 1606//157 1607//157 1605//157
f 1608//158 1609//158 1607//158
f 1610//159 1611//159 1609//159
f 1612//160 1613//160 1611//160
f 1558//98 1526//98 1494//98
f 1613//161 1616//161 1615//161
f 1616//162 1489//162 1615//162
f 1551//94 1583//94 1615//94
f 1114//163 1116//163 1115//163
f 1116//164 1118//164 1117//164
f 1118//165 1120//165 1119//165
f 1120//166 1122//166 1121//166
f 1122//167 1124//167 1123//167
f 1124//168 1126//168 1125//168
f 1126//211 1128//211 1127//211
f 1128//170 1130//170 1129//170
f 1130//171 1132//171 1131//171
f 1132//172 1134//172 1133//172
f 1134//173 1136//173 1135//173
f 1136//174 1138//174 1137//174
f 1138//175 1140//175 1139//175
f 1140//176 1142//176 1141//176
f 1142//216 1144//216 1143//216
f 1144//178 1146//178 1145//178
f 1146//179 1148//179 1147//179
f 1148//180 1150//180 1149//180
f 1150//212 1152//212 1151//212
f 1152//182 1154//182 1153//182
f 1154//183 1156//183 1155//183
f 1156//184 1158//184 1157//184
f 1158//185 1160//185 1159//185
f 1160//186 1162//186 1161//186
f 1162//187 1164//187 1163//187
f 1164//188 1166//188 1165//188
f 1166//189 1168//189 1167//189
f 1168//190 1170//190 1169//190
f 1170//191 1172//191 1171//191
f 1172//192 1174//192 1173//192
f 1174//213 1176//213 1175//213
f 1176//194 1178//194 1177//194
f 1178//195 1180//195 1179//195
f 1180//196 1182//196 1181//196
f 1182//197 1184//197 1183//197
f 1184//198 1186//198 1185//198
f 1186//199 1188//199 1187//199
f 1188//200 1190//200 1189//200
f 1190//214 1192//214 1191//214
f 1192//202 1194//202 1193//202
f 1194//203 1196//203 1195//203
f 1196//204 1198//204 1197//204
f 1198//217 1200//217 1199//217
f 1200//206 1202//206 1201//206
f 1202//207 1204//207 1203//207
f 1204//208 1206//208 1205//208
f 1118//96 1116//96 1114//96
f 1114//96 1208//96 1206//96
f 1206//96 1204//96 1202//96
f 1202//96 1200//96 1198//96
f 1198//96 1196//96 1194//96
f 1194//96 1192//96 1190//96
f 1190//96 1188//96 1186//96
f 1186//96 1184//96 1182//96
f 1182//96 1180//96 1178//96
f 1178//96 1176//96 1174//96
f 1174//96 1172//96 1170//96
f 1170//96 1168//96 1166//96
f 1166//96 1164//96 1162//96
f 1162//96 1160//96 1158//96
f 1158//96 1156//96 1154//96
f 1154//96 1152//96 1150//96
f 1150//96 1148//96 1146//96
f 1146//96 1144//96 1142//96
f 1142//96 1140//96 1138//96
f 1138//96 1136//96 1134//96
f 1134//96 1132//96 1130//96
f 1130//96 1128//96 1126//96
f 1126//96 1124//96 1122//96
f 1122//96 1120//96 1118//96
f 1118//96 1114//96 1206//96
f 1206//96 1202//96 1198//96
f 1198//96 1194//96 1190//96
f 1190//96 1186//96 1182//96
f 1182//96 1178//96 1174//96
f 1174//96 1170//96 1166//96
f 1166//96 1162//96 1158//96
f 1158//96 1154//96 1150//96
f 1150//96 1146//96 1142//96
f 1142//96 1138//96 1134//96
f 1134//96 1130//96 1126//96
f 1126//96 1122//96 1118//96
f 1118//96 1206//96 1198//96
f 1198//96 1190//96 1182//96
f 1182//96 1174//96 1166//96
f 1166//96 1158//96 1150//96
f 1150//96 1142//96 1134//96
f 1134//96 1126//96 1118//96
f 1118//96 1198//96 1182//96
f 1182//96 1166//96 1150//96
f 1150//96 1134//96 1118//96
f 1206//209 1208//209 1207//209
f 1208//210 1114//210 1113//210
f 1207//93 1113//93 1115//93
f 1115//93 1117//93 1119//93
f 1119//93 1121//93 1123//93
f 1123//93 1125//93 1127//93
f 1127//273 1129//273 1131//273
f 1131//274 1133//274 1135//274
f 1135//93 1137//93 1139//93
f 1139//274 1141//274 1143//274
f 1143//273 1145//273 1147//273
f 1147//93 1149//93 1151//93
f 1151//93 1153//93 1155//93
f 1155//93 1157//93 1159//93
f 1159//93 1161//93 1163//93
f 1163//93 1165//93 1167//93
f 1167//93 1169//93 1171//93
f 1171//93 1173//93 1175//93
f 1175//274 1177//274 1179//274
f 1179//273 1181//273 1183//273
f 1183//93 1185//93 1187//93
f 1187//273 1189//273 1191//273
f 1191//274 1193//274 1195//274
f 1195//93 1197//93 1199//93
f 1199//93 1201//93 1203//93
f 1203//93 1205//93 1207//93
f 1207//93 1115//93 1119//93
f 1119//93 1123//93 1127//93
f 1127//93 1131//93 1135//93
f 1135//93 1139//93 1143//93
f 1143//93 1147//93 1151//93
f 1151//93 1155//93 1159//93
f 1159//93 1163//93 1167//93
f 1167//93 1171//93 1175//93
f 1175//93 1179//93 1183//93
f 1183//93 1187//93 1191//93
f 1191//93 1195//93 1199//93
f 1199//93 1203//93 1207//93
f 1207//93 1119//93 1127//93
f 1127//93 1135//93 1143//93
f 1143//93 1151//93 1159//93
f 1159//93 1167//93 1175//93
f 1175//93 1183//93 1191//93
f 1191//93 1199//93 1207//93
f 1207//93 1127//93 1143//93
f 1143//93 1159//93 1175//93
f 1175//93 1191//93 1207//93
f 1234//163 1236//163 1235//163
f 1236//164 1238//164 1237//164
f 1238//165 1240//165 1239//165
f 1240//166 1242//166 1241//166
f 1242//167 1244//167 1243//167
f 1244//168 1246//168 1245//168
f 1246//211 1248//211 1247//211
f 1248//170 1250//170 1249//170
f 1250//171 1252//171 1251//171
f 1252//172 1254//172 1253//172
f 1254//173 1256//173 1255//173
f 1256//174 1258//174 1257//174
f 1258//175 1260//175 1259//175
f 1260//176 1262//176 1261//176
f 1262//216 1264//216 1263//216
f 1264//178 1266//178 1265//178
f 1266//179 1268//179 1267//179
f 1268//180 1270//180 1269//180
f 1270//212 1272//212 1271//212
f 1272//182 1274//182 1273//182
f 1274//183 1276//183 1275//183
f 1276//184 1278//184 1277//184
f 1278//185 1280//185 1279//185
f 1280//186 1282//186 1281//186
f 1282//187 1284//187 1283//187
f 1284//188 1286//188 1285//188
f 1286//189 1288//189 1287//189
f 1288//190 1290//190 1289//190
f 1290//191 1292//191 1291//191
f 1292//192 1294//192 1293//192
f 1294//213 1296//213 1295//213
f 1296//194 1298//194 1297//194
f 1298//195 1300//195 1299//195
f 1300//196 1302//196 1301//196
f 1302//197 1304//197 1303//197
f 1304//198 1306//198 1305//198
f 1306//199 1308//199 1307//199
f 1308//200 1310//200 1309//200
f 1310//214 1312//214 1311//214
f 1312//202 1314//202 1313//202
f 1314//203 1316//203 1315//203
f 1316//204 1318//204 1317//204
f 1318//217 1320//217 1319//217
f 1320//206 1322//206 1321//206
f 1322//207 1324//207 1323//207
f 1324//208 1326//208 1325//208
f 1238//96 1236//96 1234//96
f 1234//96 1328//96 1326//96
f 1326//96 1324//96 1322//96
f 1322//96 1320//96 1318//96
f 1318//96 1316//96 1314//96
f 1314//96 1312//96 1310//96
f 1310//96 1308//96 1306//96
f 1306//96 1304//96 1302//96
f 1302//96 1300//96 1298//96
f 1298//96 1296//96 1294//96
f 1294//96 1292//96 1290//96
f 1290//96 1288//96 1286//96
f 1286//96 1284//96 1282//96
f 1282//96 1280//96 1278//96
f 1278//96 1276//96 1274//96
f 1274//96 1272//96 1270//96
f 1270//96 1268//96 1266//96
f 1266//96 1264//96 1262//96
f 1262//96 1260//96 1258//96
f 1258//96 1256//96 1254//96
f 1254//96 1252//96 1250//96
f 1250//96 1248//96 1246//96
f 1246//96 1244//96 1242//96
f 1242//96 1240//96 1238//96
f 1238//96 1234//96 1326//96
f 1326//96 1322//96 1318//96
f 1318//96 1314//96 1310//96
f 1310//96 1306//96 1302//96
f 1302//96 1298//96 1294//96
f 1294//96 1290//96 1286//96
f 1286//96 1282//96 1278//96
f 1278//96 1274//96 1270//96
f 1270//96 1266//96 1262//96
f 1262//96 1258//96 1254//96
f 1254//96 1250//96 1246//96
f 1246//96 1242//96 1238//96
f 1238//96 1326//96 1318//96
f 1318//96 1310//96 1302//96
f 1302//96 1294//96 1286//96
f 1286//96 1278//96 1270//96
f 1270//96 1262//96 1254//96
f 1254//96 1246//96 1238//96
f 1238//96 1318//96 1302//96
f 1302//96 1286//96 1270//96
f 1270//96 1254//96 1238//96
f 1326//209 1328//209 1327//209
f 1328//210 1234//210 1233//210
f 1327//93 1233//93 1235//93
f 1235//268 1237//268 1239//268
f 1239//271 1241//271 1243//271
f 1243//93 1245//93 1247//93
f 1247//273 1249//273 1251//273
f 1251//274 1253//274 1255//274
f 1255//93 1257//93 1259//93
f 1259//274 1261//274 1263//274
f 1263//273 1265//273 1267//273
f 1267//93 1269//93 1271//93
f 1271//271 1273//271 1275//271
f 1275//268 1277//268 1279//268
f 1279//93 1281//93 1283//93
f 1283//267 1285//267 1287//267
f 1287//272 1289//272 1291//272
f 1291//93 1293//93 1295//93
f 1295//274 1297//274 1299//274
f 1299//273 1301//273 1303//273
f 1303//93 1305//93 1307//93
f 1307//273 1309//273 1311//273
f 1311//274 1313//274 1315//274
f 1315//93 1317//93 1319//93
f 1319//272 1321//272 1323//272
f 1323//267 1325//267 1327//267
f 1327//93 1235//93 1239//93
f 1239//93 1243//93 1247//93
f 1247//268 1251//268 1255//268
f 1255//93 1259//93 1263//93
f 1263//267 1267//267 1271//267
f 1271//93 1275//93 1279//93
f 1279//93 1283//93 1287//93
f 1287//93 1291//93 1295//93
f 1295//267 1299//267 1303//267
f 1303//93 1307//93 1311//93
f 1311//268 1315//268 1319//268
f 1319//93 1323//93 1327//93
f 1327//93 1239//93 1247//93
f 1247//93 1255//93 1263//93
f 1263//93 1271//93 1279//93
f 1279//93 1287//93 1295//93
f 1295//93 1303//93 1311//93
f 1311//93 1319//93 1327//93
f 1327//93 1247//93 1263//93
f 1263//93 1279//93 1295//93
f 1295//93 1311//93 1327//93
f 1354//163 1356//163 1355//163
f 1356//164 1358//164 1357//164
f 1358//165 1360//165 1359//165
f 1360//166 1362//166 1361//166
f 1362//167 1364//167 1363//167
f 1364//168 1366//168 1365//168
f 1366//211 1368//211 1367//211
f 1368//170 1370//170 1369//170
f 1370//171 1372//171 1371//171
f 1372//172 1374//172 1373//172
f 1374//173 1376//173 1375//173
f 1376//174 1378//174 1377//174
f 1378//175 1380//175 1379//175
f 1380//176 1382//176 1381//176
f 1382//216 1384//216 1383//216
f 1384//178 1386//178 1385//178
f 1386//179 1388//179 1387//179
f 1388//180 1390//180 1389//180
f 1390//212 1392//212 1391//212
f 1392//182 1394//182 1393//182
f 1394//183 1396//183 1395//183
f 1396//184 1398//184 1397//184
f 1398//185 1400//185 1399//185
f 1400//186 1402//186 1401//186
f 1402//187 1404//187 1403//187
f 1404//188 1406//188 1405//188
f 1406//189 1408//189 1407//189
f 1408//190 1410//190 1409//190
f 1410//191 1412//191 1411//191
f 1412//192 1414//192 1413//192
f 1414//213 1416//213 1415//213
f 1416//194 1418//194 1417//194
f 1418//195 1420//195 1419//195
f 1420//196 1422//196 1421//196
f 1422//197 1424//197 1423//197
f 1424//198 1426//198 1425//198
f 1426//199 1428//199 1427//199
f 1428//200 1430//200 1429//200
f 1430//214 1432//214 1431//214
f 1432//202 1434//202 1433//202
f 1434//203 1436//203 1435//203
f 1436//204 1438//204 1437//204
f 1438//217 1440//217 1439//217
f 1440//206 1442//206 1441//206
f 1442//207 1444//207 1443//207
f 1444//208 1446//208 1445//208
f 1358//96 1356//96 1354//96
f 1354//96 1448//96 1446//96
f 1446//96 1444//96 1442//96
f 1442//96 1440//96 1438//96
f 1438//96 1436//96 1434//96
f 1434//96 1432//96 1430//96
f 1430//96 1428//96 1426//96
f 1426//96 1424//96 1422//96
f 1422//96 1420//96 1418//96
f 1418//96 1416//96 1414//96
f 1414//96 1412//96 1410//96
f 1410//96 1408//96 1406//96
f 1406//96 1404//96 1402//96
f 1402//96 1400//96 1398//96
f 1398//96 1396//96 1394//96
f 1394//96 1392//96 1390//96
f 1390//96 1388//96 1386//96
f 1386//96 1384//96 1382//96
f 1382//96 1380//96 1378//96
f 1378//96 1376//96 1374//96
f 1374//96 1372//96 1370//96
f 1370//96 1368//96 1366//96
f 1366//96 1364//96 1362//96
f 1362//96 1360//96 1358//96
f 1358//96 1354//96 1446//96
f 1446//96 1442//96 1438//96
f 1438//96 1434//96 1430//96
f 1430//96 1426//96 1422//96
f 1422//96 1418//96 1414//96
f 1414//96 1410//96 1406//96
f 1406//96 1402//96 1398//96
f 1398//96 1394//96 1390//96
f 1390//96 1386//96 1382//96
f 1382//96 1378//96 1374//96
f 1374//96 1370//96 1366//96
f 1366//96 1362//96 1358//96
f 1358//96 1446//96 1438//96
f 1438//96 1430//96 1422//96
f 1422//96 1414//96 1406//96
f 1406//96 1398//96 1390//96
f 1390//96 1382//96 1374//96
f 1374//96 1366//96 1358//96
f 1358//96 1438//96 1422//96
f 1422//96 1406//96 1390//96
f 1390//96 1374//96 1358//96
f 1446//209 1448//209 1447//209
f 1448//210 1354//210 1353//210
f 1447//93 1353//93 1355//93
f 1355//93 1357//93 1359//93
f 1359//93 1361//93 1363//93
f 1363//93 1365//93 1367//93
f 1367//273 1369//273 1371//273
f 1371//274 1373//274 1375//274
f 1375//93 1377//93 1379//93
f 1379//274 1381//274 1383//274
f 1383//273 1385//273 1387//273
f 1387//93 1389//93 1391//93
f 1391//93 1393//93 1395//93
f 1395//93 1397//93 1399//93
f 1399//93 1401//93 1403//93
f 1403//93 1405//93 1407//93
f 1407//93 1409//93 1411//93
f 1411//93 1413//93 1415//93
f 1415//274 1417//274 1419//274
f 1419//273 1421//273 1423//273
f 1423//93 1425//93 1427//93
f 1427//273 1429//273 1431//273
f 1431//274 1433//274 1435//274
f 1435//93 1437//93 1439//93
f 1439//93 1441//93 1443//93
f 1443//93 1445//93 1447//93
f 1447//93 1355//93 1359//93
f 1359//93 1363//93 1367//93
f 1367//93 1371//93 1375//93
f 1375//93 1379//93 1383//93
f 1383//93 1387//93 1391//93
f 1391//93 1395//93 1399//93
f 1399//93 1403//93 1407//93
f 1407//93 1411//93 1415//93
f 1415//93 1419//93 1423//93
f 1423//93 1427//93 1431//93
f 1431//93 1435//93 1439//93
f 1439//93 1443//93 1447//93
f 1447//93 1359//93 1367//93
f 1367//93 1375//93 1383//93
f 1383//93 1391//93 1399//93
f 1399//93 1407//93 1415//93
f 1415//93 1423//93 1431//93
f 1431//93 1439//93 1447//93
f 1447//93 1367//93 1383//93
f 1383//93 1399//93 1415//93
f 1415//93 1431//93 1447//93
f 1490//99 1492//99 1491//99
f 1491//100 1492//100 1494//100
f 1494//101 1496//101 1495//101
f 1496//102 1498//102 1497//102
f 1498//103 1500//103 1499//103
f 1500//104 1502//104 1501//104
f 1502//105 1504//105 1503//105
f 1504//106 1506//106 1505//106
f 1506//107 1508//107 1507//107
f 1508//108 1510//108 1509//108
f 1510//109 1512//109 1511//109
f 1512//110 1514//110 1513//110
f 1514//111 1516//111 1515//111
f 1516//112 1518//112 1517//112
f 1518//113 1520//113 1519//113
f 1520//114 1522//114 1521//114
f 1522//115 1524//115 1523//115
f 1524//116 1526//116 1525//116
f 1526//117 1528//117 1527//117
f 1528//118 1530//118 1529//118
f 1530//119 1532//119 1531//119
f 1532//120 1534//120 1533//120
f 1534//121 1536//121 1535//121
f 1536//122 1538//122 1537//122
f 1538//123 1540//123 1539//123
f 1540//124 1542//124 1541//124
f 1542//125 1544//125 1543//125
f 1544//126 1546//126 1545//126
f 1545//127 1546//127 1548//127
f 1548//128 1550//128 1549//128
f 1550//129 1552//129 1551//129
f 1552//130 1554//130 1553//130
f 1553//131 1554//131 1556//131
f 1556//132 1558//132 1557//132
f 1558//133 1560//133 1559//133
f 1559//134 1560//134 1562//134
f 1562//135 1564//135 1563//135
f 1564//136 1566//136 1565//136
f 1566//137 1568//137 1567//137
f 1568//138 1570//138 1569//138
f 1570//139 1572//139 1571//139
f 1572//140 1574//140 1573//140
f 1574//141 1576//141 1575//141
f 1576//142 1578//142 1577//142
f 1578//143 1580//143 1579//143
f 1580//144 1582//144 1581//144
f 1582//145 1584//145 1583//145
f 1584//146 1586//146 1585//146
f 1586//147 1588//147 1587//147
f 1588//148 1590//148 1589//148
f 1590//149 1592//149 1591//149
f 1592//150 1594//150 1593//150
f 1594//151 1596//151 1595//151
f 1596//152 1598//152 1597//152
f 1598//153 1600//153 1599//153
f 1600//154 1602//154 1601//154
f 1602//155 1604//155 1603//155
f 1604//156 1606//156 1605//156
f 1606//157 1608//157 1607//157
f 1608//158 1610//158 1609//158
f 1610//159 1612//159 1611//159
f 1612//160 1614//160 1613//160
f 1494//98 1492//98 1490//98
f 1490//98 1616//98 1614//98
f 1614//276 1612//276 1610//276
f 1610//98 1608//98 1606//98
f 1606//98 1604//98 1602//98
f 1602//277 1600//277 1598//277
f 1598//260 1596//260 1594//260
f 1594//261 1592//261 1590//261
f 1590//98 1588//98 1586//98
f 1586//98 1584//98 1582//98
f 1582//260 1580//260 1578//260
f 1578//261 1576//261 1574//261
f 1574//276 1572//276 1570//276
f 1570//98 1568//98 1566//98
f 1566//98 1564//98 1562//98
f 1562//277 1560//277 1558//277
f 1558//98 1556//98 1554//98
f 1554//98 1552//98 1550//98
f 1550//277 1548//277 1546//277
f 1546//277 1544//277 1542//277
f 1542//98 1540//98 1538//98
f 1538//98 1536//98 1534//98
f 1534//261 1532//261 1530//261
f 1530//260 1528//260 1526//260
f 1526//98 1524//98 1522//98
f 1522//98 1520//98 1518//98
f 1518//261 1516//261 1514//261
f 1514//260 1512//260 1510//260
f 1510//98 1508//98 1506//98
f 1506//98 1504//98 1502//98
f 1502//276 1500//276 1498//276
f 1498//276 1496//276 1494//276
f 1494//98 1490//98 1614//98
f 1614//98 1610//98 1606//98
f 1606//257 1602//257 1598//257
f 1598//98 1594//98 1590//98
f 1590//98 1586//98 1582//98
f 1582//98 1578//98 1574//98
f 1574//256 1570//256 1566//256
f 1566//98 1562//98 1558//98
f 1558//98 1554//98 1550//98
f 1550//98 1546//98 1542//98
f 1542//98 1538//98 1534//98
f 1534//98 1530//98 1526//98
f 1526//98 1522//98 1518//98
f 1518//98 1514//98 1510//98
f 1510//98 1506//98 1502//98
f 1502//98 1498//98 1494//98
f 1494//98 1614//98 1606//98
f 1606//98 1598//98 1590//98
f 1590//98 1582//98 1574//98
f 1574//98 1566//98 1558//98
f 1558//98 1550//98 1542//98
f 1542//98 1534//98 1526//98
f 1526//98 1518//98 1510//98
f 1510//98 1502//98 1494//98
f 1494//98 1606//98 1590//98
f 1590//98 1574//98 1558//98
f 1558//98 1542//98 1526//98
f 1526//98 1510//98 1494//98
f 1494//98 1590//98 1558//98
f 1613//161 1614//161 1616//161
f 1616//162 1490//162 1489//162
f 1615//94 1489//94 1491//94
f 1491//278 1493//278 1495//278
f 1495//279 1497//279 1499//279
f 1499//94 1501//94 1503//94
f 1503//94 1505//94 1507//94
f 1507//94 1509//94 1511//94
f 1511//280 1513//280 1515//280
f 1515//258 1517//258 1519//258
f 1519//94 1521//94 1523//94
f 1523//259 1525//259 1527//259
f 1527//281 1529//281 1531//281
f 1531//94 1533//94 1535//94
f 1535//94 1537//94 1539//94
f 1539//94 1541//94 1543//94
f 1543//278 1545//278 1547//278
f 1547//279 1549//279 1551//279
f 1551//94 1553//94 1555//94
f 1555//279 1557//279 1559//279
f 1559//94 1561//94 1563//94
f 1563//94 1565//94 1567//94
f 1567//94 1569//94 1571//94
f 1571//279 1573//279 1575//279
f 1575//281 1577//281 1579//281
f 1579//259 1581//259 1583//259
f 1583//94 1585//94 1587//94
f 1587//258 1589//258 1591//258
f 1591//280 1593//280 1595//280
f 1595//278 1597//278 1599//278
f 1599//94 1601//94 1603//94
f 1603//94 1605//94 1607//94
f 1607//94 1609//94 1611//94
f 1611//278 1613//278 1615//278
f 1615//258 1491//258 1495//258
f 1495//259 1499//259 1503//259
f 1503//94 1507//94 1511//94
f 1511//94 1515//94 1519//94
f 1519//94 1523//94 1527//94
f 1527//94 1531//94 1535//94
f 1535//259 1539//259 1543//259
f 1543//94 1547//94 1551//94
f 1551//259 1555//259 1559//259
f 1559//258 1563//258 1567//258
f 1567//259 1571//259 1575//259
f 1575//94 1579//94 1583//94
f 1583//94 1587//94 1591//94
f 1591//94 1595//94 1599//94
f 1599//258 1603//258 1607//258
f 1607//94 1611//94 1615//94
f 1615//94 1495//94 1503//94
f 1503//94 1511//94 1519//94
f 1519//94 1527//94 1535//94
f 1535//94 1543//94 1551//94
f 1551//94 1559//94 1567//94
f 1567//94 1575//94 1583//94
f 1583//94 1591//94 1599//94
f 1599//94 1607//94 1615//94
f 1615//94 1503//94 1519//94
f 1519//94 1535//94 1551//94
f 1551//94 1567//94 1583//94
f 1583//94 1599//94 1615//94
f 1615//94 1519//94 1551//94
usemtl steel_grey
f 1482//94 1483//94 1481//94
f 1484//97 1487//97 1483//97
f 1488//98 1485//98 1487//98
f 1486//95 1481//95 1485//95
f 1487//93 1481//93 1483//93
f 1484//96 1486//96 1488//96
f 1482//94 1484//94 1483//94
f 1484//97 1488//97 1487//97
f 1488//98 1486//98 1485//98
f 1486//95 1482//95 1481//95
f 1487//93 1485//93 1481//93
f 1484//96 1482//96 1486//96
