# Blender 5.2.2 LTS
# www.blender.org
mtllib hub.mtl
o hub
v -2.100000 2.050000 0.000000
v -2.100000 2.042199 0.178669
v -2.100000 2.018856 0.355979
v -2.100000 1.980148 0.530579
v -2.100000 1.926370 0.701141
v -2.100000 1.857931 0.866367
v -2.100000 1.775352 1.025000
v -2.100000 1.679262 1.175832
v -2.100000 1.570391 1.317715
v -2.100000 1.449569 1.449569
v -2.100000 1.317715 1.570391
v -2.100000 1.175832 1.679262
v -2.100000 1.025000 1.775352
v -2.100000 0.866367 1.857931
v -2.100000 0.701141 1.926370
v -2.100000 0.530579 1.980148
v -2.100000 0.355979 2.018856
v -2.100000 0.178669 2.042199
v -2.100000 0.000000 2.050000
v -2.100000 -0.178669 2.042199
v -2.100000 -0.355979 2.018856
v -2.100000 -0.530579 1.980148
v -2.100000 -0.701141 1.926370
v -2.100000 -0.866367 1.857931
v -2.100000 -1.025000 1.775352
v -2.100000 -1.175832 1.679262
v -2.100000 -1.317715 1.570391
v -2.100000 -1.449569 1.449569
v -2.100000 -1.570391 1.317715
v -2.100000 -1.679262 1.175832
v -2.100000 -1.775352 1.025000
v -2.100000 -1.857931 0.866367
v -2.100000 -1.926370 0.701141
v -2.100000 -1.980148 0.530579
v -2.100000 -2.018856 0.355979
v -2.100000 -2.042199 0.178669
v -2.100000 -2.050000 0.000000
v -2.100000 -2.042199 -0.178669
v -2.100000 -2.018856 -0.355979
v -2.100000 -1.980148 -0.530579
v -2.100000 -1.926370 -0.701141
v -2.100000 -1.857931 -0.866367
v -2.100000 -1.775352 -1.025000
v -2.100000 -1.679262 -1.175832
v -2.100000 -1.570391 -1.317715
v -2.100000 -1.449569 -1.449569
v -2.100000 -1.317715 -1.570391
v -2.100000 -1.175832 -1.679262
v -2.100000 -1.025000 -1.775352
v -2.100000 -0.866367 -1.857931
v -2.100000 -0.701141 -1.926370
v -2.100000 -0.530579 -1.980148
v -2.100000 -0.355979 -2.018856
v -2.100000 -0.178669 -2.042199
v -2.100000 -0.000000 -2.050000
v -2.100000 0.178669 -2.042199
v -2.100000 0.355979 -2.018856
v -2.100000 0.530579 -1.980148
v -2.100000 0.701141 -1.926370
v -2.100000 0.866367 -1.857931
v -2.100000 1.025000 -1.775352
v -2.100000 1.175832 -1.679262
v -2.100000 1.317715 -1.570391
v -2.100000 1.449569 -1.449569
v -2.100000 1.570391 -1.317715
v -2.100000 1.679262 -1.175832
v -2.100000 1.775352 -1.025000
v -2.100000 1.857931 -0.866367
v -2.100000 1.926370 -0.701141
v -2.100000 1.980148 -0.530579
v -2.100000 2.018856 -0.355979
v -2.100000 2.042199 -0.178669
v -1.941667 2.027361 0.000000
v -1.891667 2.067361 0.000000
v -1.891667 2.059494 0.180182
v -1.941667 2.019646 0.176696
v -1.941667 1.996561 0.352048
v -1.891667 2.035953 0.358994
v -1.891667 1.996917 0.535072
v -1.941667 1.958280 0.524720
v -1.941667 1.905096 0.693398
v -1.891667 1.942684 0.707079
v -1.941667 1.837413 0.856800
v -1.891667 1.873665 0.873705
v -1.941667 1.755746 1.013681
v -1.891667 1.790387 1.033681
v -1.941667 1.660717 1.162847
v -1.891667 1.693483 1.185790
v -1.891667 1.583691 1.328874
v -1.941667 1.553049 1.303163
v -1.941667 1.433561 1.433561
v -1.891667 1.461845 1.461845
v -1.941667 1.303163 1.553049
v -1.891667 1.328874 1.583691
v -1.941667 1.162847 1.660717
v -1.891667 1.185790 1.693483
v -1.891667 1.033681 1.790387
v -1.941667 1.013681 1.755746
v -1.941667 0.856800 1.837413
v -1.891667 0.873705 1.873665
v -1.941667 0.693398 1.905096
v -1.891667 0.707079 1.942684
v -1.941667 0.524720 1.958280
v -1.891667 0.535072 1.996917
v -1.941667 0.352048 1.996561
v -1.891667 0.358994 2.035953
v -1.891667 0.180182 2.059494
v -1.941667 0.176696 2.019646
v -1.941667 0.000000 2.027361
v -1.891667 0.000000 2.067361
v -1.941667 -0.176696 2.019646
v -1.891667 -0.180182 2.059494
v -1.941667 -0.352048 1.996561
v -1.891667 -0.358994 2.035953
v -1.941667 -0.524720 1.958280
v -1.891667 -0.535072 1.996917
v -1.891667 -0.707079 1.942684
v -1.941667 -0.693398 1.905096
v -1.941667 -0.856800 1.837413
v -1.891667 -0.873705 1.873665
v -1.941667 -1.013681 1.755746
v -1.891667 -1.033681 1.790387
v -1.941667 -1.162847 1.660717
v -1.891667 -1.185790 1.693483
v -1.941667 -1.303163 1.553049
v -1.891667 -1.328874 1.583691
v -1.941667 -1.433561 1.433561
v -1.891667 -1.461845 1.461845
v -1.941667 -1.553049 1.303163
v -1.891667 -1.583691 1.328874
v -1.941667 -1.660717 1.162847
v -1.891667 -1.693483 1.185790
v -1.941667 -1.755746 1.013681
v -1.891667 -1.790387 1.033681
v -1.941667 -1.837413 0.856800
v -1.891667 -1.873665 0.873705
v -1.941667 -1.905096 0.693398
v -1.891667 -1.942684 0.707079
v -1.941667 -1.958280 0.524720
v -1.891667 -1.996917 0.535072
v -1.941667 -1.996561 0.352048
v -1.891667 -2.035953 0.358994
v -1.891667 -2.059494 0.180182
v -1.941667 -2.019646 0.176696
v -1.891667 -2.067361 0.000000
v -1.941667 -2.027361 0.000000
v -1.891667 -2.059494 -0.180182
v -1.941667 -2.019646 -0.176696
v -1.891667 -2.035953 -0.358994
v -1.941667 -1.996561 -0.352048
v -1.891667 -1.996917 -0.535072
v -1.941667 -1.958280 -0.524720
v -1.891667 -1.942684 -0.707079
v -1.941667 -1.905096 -0.693398
v -1.891667 -1.873665 -0.873705
v -1.941667 -1.837413 -0.856800
v -1.891667 -1.790387 -1.033681
v -1.941667 -1.755746 -1.013681
v -1.891667 -1.693483 -1.185790
v -1.941667 -1.660717 -1.162847
v -1.891667 -1.583691 -1.328874
v -1.941667 -1.553049 -1.303163
v -1.891667 -1.461845 -1.461845
v -1.941667 -1.433561 -1.433561
v -1.891667 -1.328874 -1.583691
v -1.941667 -1.303163 -1.553049
v -1.941667 -1.162847 -1.660717
v -1.891667 -1.185790 -1.693483
v -1.941667 -1.013681 -1.755746
v -1.891667 -1.033681 -1.790387
v -1.941667 -0.856800 -1.837413
v -1.891667 -0.873705 -1.873665
v -1.941667 -0.693398 -1.905096
v -1.891667 -0.707079 -1.942684
v -1.891667 -0.535072 -1.996917
v -1.941667 -0.524720 -1.958280
v -1.891667 -0.358994 -2.035953
v -1.941667 -0.352048 -1.996561
v -1.891667 -0.180182 -2.059494
v -1.941667 -0.176696 -2.019646
v -1.891667 -0.000000 -2.067361
v -1.941667 -0.000000 -2.027361
v -1.941667 0.176696 -2.019646
v -1.891667 0.180182 -2.059494
v -1.891667 0.358994 -2.035953
v -1.941667 0.352048 -1.996561
v -1.891667 0.535072 -1.996917
v -1.941667 0.524720 -1.958280
v -1.941667 0.693398 -1.905096
v -1.891667 0.707079 -1.942684
v -1.941667 0.856800 -1.837413
v -1.891667 0.873705 -1.873665
v -1.941667 1.013681 -1.755746
v -1.891667 1.033681 -1.790387
v -1.891667 1.185790 -1.693483
v -1.941667 1.162847 -1.660717
v -1.891667 1.328874 -1.583691
v -1.941667 1.303163 -1.553049
v -1.891667 1.461845 -1.461845
v -1.941667 1.433561 -1.433561
v -1.891667 1.583691 -1.328874
v -1.941667 1.553049 -1.303163
v -1.891667 1.693483 -1.185790
v -1.941667 1.660717 -1.162847
v -1.891667 1.790387 -1.033681
v -1.941667 1.755746 -1.013681
v -1.891667 1.873665 -0.873705
v -1.941667 1.837413 -0.856800
v -1.891667 1.942684 -0.707079
v -1.941667 1.905096 -0.693398
v -1.891667 1.996917 -0.535072
v -1.941667 1.958280 -0.524720
v -1.941667 1.996561 -0.352048
v -1.891667 2.035953 -0.358994
v -1.941667 2.019646 -0.176696
v -1.891667 2.059494 -0.180182
v -1.733333 2.044722 0.000000
v -1.683333 2.084722 0.000000
v -1.733333 2.036942 0.178209
v -1.683333 2.076789 0.181696
v -1.733333 2.013658 0.355062
v -1.683333 2.053051 0.362008
v -1.733333 1.975050 0.529213
v -1.683333 2.013687 0.539566
v -1.733333 1.921410 0.699336
v -1.683333 1.958998 0.713017
v -1.733333 1.853148 0.864137
v -1.683333 1.889400 0.881042
v -1.733333 1.770781 1.022361
v -1.683333 1.805422 1.042361
v -1.733333 1.674938 1.172804
v -1.683333 1.707704 1.195747
v -1.733333 1.566348 1.314322
v -1.683333 1.596990 1.340034
v -1.733333 1.445837 1.445837
v -1.683333 1.474121 1.474121
v -1.733333 1.314322 1.566348
v -1.683333 1.340034 1.596990
v -1.733333 1.172804 1.674938
v -1.683333 1.195747 1.707704
v -1.733333 1.022361 1.770781
v -1.683333 1.042361 1.805422
v -1.733333 0.864137 1.853148
v -1.683333 0.881042 1.889400
v -1.733333 0.699336 1.921410
v -1.683333 0.713017 1.958998
v -1.733333 0.529213 1.975050
v -1.683333 0.539566 2.013687
v -1.733333 0.355062 2.013658
v -1.683333 0.362008 2.053051
v -1.683333 0.181696 2.076789
v -1.733333 0.178209 2.036942
v -1.733333 0.000000 2.044722
v -1.683333 0.000000 2.084722
v -1.733333 -0.178209 2.036942
v -1.683333 -0.181696 2.076789
v -1.733333 -0.355062 2.013658
v -1.683333 -0.362008 2.053051
v -1.683333 -0.539566 2.013687
v -1.733333 -0.529213 1.975050
v -1.683333 -0.713017 1.958998
v -1.733333 -0.699336 1.921410
v -1.683333 -0.881042 1.889400
v -1.733333 -0.864137 1.853148
v -1.683333 -1.042361 1.805422
v -1.733333 -1.022361 1.770781
v -1.683333 -1.195747 1.707704
v -1.733333 -1.172804 1.674938
v -1.683333 -1.340034 1.596990
v -1.733333 -1.314322 1.566348
v -1.683333 -1.474121 1.474121
v -1.733333 -1.445837 1.445837
v -1.733333 -1.566348 1.314322
v -1.683333 -1.596990 1.340034
v -1.733333 -1.674938 1.172804
v -1.683333 -1.707704 1.195747
v -1.733333 -1.770781 1.022361
v -1.683333 -1.805422 1.042361
v -1.683333 -1.889400 0.881042
v -1.733333 -1.853148 0.864137
v -1.733333 -1.921410 0.699336
v -1.683333 -1.958998 0.713017
v -1.733333 -1.975050 0.529213
v -1.683333 -2.013687 0.539566
v -1.733333 -2.013658 0.355062
v -1.683333 -2.053051 0.362008
v -1.733333 -2.036942 0.178209
v -1.683333 -2.076789 0.181696
v -1.683333 -2.084722 0.000000
v -1.733333 -2.044722 0.000000
v -1.683333 -2.076789 -0.181696
v -1.733333 -2.036942 -0.178209
v -1.683333 -2.053051 -0.362008
v -1.733333 -2.013658 -0.355062
v -1.683333 -2.013687 -0.539566
v -1.733333 -1.975050 -0.529213
v -1.683333 -1.958998 -0.713017
v -1.733333 -1.921410 -0.699336
v -1.683333 -1.889400 -0.881042
v -1.733333 -1.853148 -0.864137
v -1.733333 -1.770781 -1.022361
v -1.683333 -1.805422 -1.042361
v -1.733333 -1.674938 -1.172804
v -1.683333 -1.707704 -1.195747
v -1.683333 -1.596990 -1.340034
v -1.733333 -1.566348 -1.314322
v -1.733333 -1.445837 -1.445837
v -1.683333 -1.474121 -1.474121
v -1.683333 -1.340034 -1.596990
v -1.733333 -1.314322 -1.566348
v -1.683333 -1.195747 -1.707704
v -1.733333 -1.172804 -1.674938
v -1.683333 -1.042361 -1.805422
v -1.733333 -1.022361 -1.770781
v -1.683333 -0.881042 -1.889400
v -1.733333 -0.864137 -1.853148
v -1.733333 -0.699336 -1.921410
v -1.683333 -0.713017 -1.958998
v -1.733333 -0.529213 -1.975050
v -1.683333 -0.539566 -2.013687
v -1.733333 -0.355062 -2.013658
v -1.683333 -0.362008 -2.053051
v -1.733333 -0.178209 -2.036942
v -1.683333 -0.181696 -2.076789
v -1.733333 -0.000000 -2.044722
v -1.683333 -0.000000 -2.084722
v -1.733333 0.178209 -2.036942
v -1.683333 0.181696 -2.076789
v -1.733333 0.355062 -2.013658
v -1.683333 0.362008 -2.053051
v -1.733333 0.529213 -1.975050
v -1.683333 0.539566 -2.013687
v -1.683333 0.713017 -1.958998
v -1.733333 0.699336 -1.921410
v -1.683333 0.881042 -1.889400
v -1.733333 0.864137 -1.853148
v -1.683333 1.042361 -1.805422
v -1.733333 1.022361 -1.770781
v -1.683333 1.195747 -1.707704
v -1.733333 1.172804 -1.674938
v -1.683333 1.340034 -1.596990
v -1.733333 1.314322 -1.566348
v -1.733333 1.445837 -1.445837
v -1.683333 1.474121 -1.474121
v -1.683333 1.596990 -1.340034
v -1.733333 1.566348 -1.314322
v -1.683333 1.707704 -1.195747
v -1.733333 1.674938 -1.172804
v -1.733333 1.770781 -1.022361
v -1.683333 1.805422 -1.042361
v -1.733333 1.853148 -0.864137
v -1.683333 1.889400 -0.881042
v -1.683333 1.958998 -0.713017
v -1.733333 1.921410 -0.699336
v -1.733333 1.975050 -0.529213
v -1.683333 2.013687 -0.539566
v -1.733333 2.013658 -0.355062
v -1.683333 2.053051 -0.362008
v -1.683333 2.076789 -0.181696
v -1.733333 2.036942 -0.178209
v -1.475000 2.102083 0.000000
v -1.525000 2.062083 0.000000
v -1.475000 2.094084 0.183209
v -1.525000 2.054236 0.179722
v -1.475000 2.070148 0.365023
v -1.525000 2.030756 0.358077
v -1.475000 2.030457 0.544059
v -1.525000 1.991820 0.533706
v -1.475000 1.975312 0.718955
v -1.525000 1.937724 0.705274
v -1.475000 1.905134 0.888379
v -1.525000 1.868882 0.871474
v -1.475000 1.820458 1.051042
v -1.525000 1.785817 1.031042
v -1.475000 1.721926 1.205706
v -1.525000 1.689160 1.182762
v -1.475000 1.610289 1.351193
v -1.525000 1.579647 1.325482
v -1.475000 1.486397 1.486397
v -1.525000 1.458113 1.458113
v -1.475000 1.351193 1.610289
v -1.525000 1.325482 1.579647
v -1.475000 1.205706 1.721926
v -1.525000 1.182762 1.689160
v -1.475000 1.051042 1.820458
v -1.525000 1.031042 1.785817
v -1.475000 0.888379 1.905134
v -1.525000 0.871474 1.868882
v -1.525000 0.705274 1.937724
v -1.475000 0.718955 1.975312
v -1.475000 0.544059 2.030457
v -1.525000 0.533706 1.991820
v -1.525000 0.358077 2.030756
v -1.475000 0.365023 2.070148
v -1.525000 0.179722 2.054236
v -1.475000 0.183209 2.094084
v -1.525000 0.000000 2.062083
v -1.475000 0.000000 2.102083
v -1.475000 -0.183209 2.094084
v -1.525000 -0.179722 2.054236
v -1.475000 -0.365023 2.070148
v -1.525000 -0.358077 2.030756
v -1.475000 -0.544059 2.030457
v -1.525000 -0.533706 1.991820
v -1.475000 -0.718955 1.975312
v -1.525000 -0.705274 1.937724
v -1.525000 -0.871474 1.868882
v -1.475000 -0.888379 1.905134
v -1.475000 -1.051042 1.820458
v -1.525000 -1.031042 1.785817
v -1.525000 -1.182762 1.689160
v -1.475000 -1.205706 1.721926
v -1.525000 -1.325482 1.579647
v -1.475000 -1.351193 1.610289
v -1.525000 -1.458113 1.458113
v -1.475000 -1.486397 1.486397
v -1.475000 -1.610289 1.351193
v -1.525000 -1.579647 1.325482
v -1.475000 -1.721926 1.205706
v -1.525000 -1.689160 1.182762
v -1.475000 -1.820458 1.051042
v -1.525000 -1.785817 1.031042
v -1.475000 -1.905134 0.888379
v -1.525000 -1.868882 0.871474
v -1.475000 -1.975312 0.718955
v -1.525000 -1.937724 0.705274
v -1.525000 -1.991820 0.533706
v -1.475000 -2.030457 0.544059
v -1.475000 -2.070148 0.365023
v -1.525000 -2.030756 0.358077
v -1.525000 -2.054236 0.179722
v -1.475000 -2.094084 0.183209
v -1.475000 -2.102083 0.000000
v -1.525000 -2.062083 0.000000
v -1.475000 -2.094084 -0.183209
v -1.525000 -2.054236 -0.179722
v -1.475000 -2.070148 -0.365023
v -1.525000 -2.030756 -0.358077
v -1.475000 -2.030457 -0.544059
v -1.525000 -1.991820 -0.533706
v -1.525000 -1.937724 -0.705274
v -1.475000 -1.975312 -0.718955
v -1.475000 -1.905134 -0.888379
v -1.525000 -1.868882 -0.871474
v -1.475000 -1.820458 -1.051042
v -1.525000 -1.785817 -1.031042
v -1.525000 -1.689160 -1.182762
v -1.475000 -1.721926 -1.205706
v -1.475000 -1.610289 -1.351193
v -1.525000 -1.579647 -1.325482
v -1.525000 -1.458113 -1.458113
v -1.475000 -1.486397 -1.486397
v -1.525000 -1.325482 -1.579647
v -1.475000 -1.351193 -1.610289
v -1.525000 -1.182762 -1.689160
v -1.475000 -1.205706 -1.721926
v -1.525000 -1.031042 -1.785817
v -1.475000 -1.051042 -1.820458
v -1.525000 -0.871474 -1.868882
v -1.475000 -0.888379 -1.905134
v -1.475000 -0.718955 -1.975312
v -1.525000 -0.705274 -1.937724
v -1.475000 -0.544059 -2.030457
v -1.525000 -0.533706 -1.991820
v -1.475000 -0.365023 -2.070148
v -1.525000 -0.358077 -2.030756
v -1.475000 -0.183209 -2.094084
v -1.525000 -0.179722 -2.054236
v -1.475000 -0.000000 -2.102083
v -1.525000 -0.000000 -2.062083
v -1.525000 0.179722 -2.054236
v -1.475000 0.183209 -2.094084
v -1.525000 0.358077 -2.030756
v -1.475000 0.365023 -2.070148
v -1.475000 0.544059 -2.030457
v -1.525000 0.533706 -1.991820
v -1.475000 0.718955 -1.975312
v -1.525000 0.705274 -1.937724
v -1.525000 0.871474 -1.868882
v -1.475000 0.888379 -1.905134
v -1.525000 1.031042 -1.785817
v -1.475000 1.051042 -1.820458
v -1.525000 1.182762 -1.689160
v -1.475000 1.205706 -1.721926
v -1.525000 1.325482 -1.579647
v -1.475000 1.351193 -1.610289
v -1.525000 1.458113 -1.458113
v -1.475000 1.486397 -1.486397
v -1.525000 1.579647 -1.325482
v -1.475000 1.610289 -1.351193
v -1.475000 1.721926 -1.205706
v -1.525000 1.689160 -1.182762
v -1.475000 1.820458 -1.051042
v -1.525000 1.785817 -1.031042
v -1.475000 1.905134 -0.888379
v -1.525000 1.868882 -0.871474
v -1.475000 1.975312 -0.718955
v -1.525000 1.937724 -0.705274
v -1.475000 2.030457 -0.544059
v -1.525000 1.991820 -0.533706
v -1.475000 2.070148 -0.365023
v -1.525000 2.030756 -0.358077
v -1.475000 2.094084 -0.183209
v -1.525000 2.054236 -0.179722
v -1.316667 2.079444 0.000000
v -1.266667 2.119444 0.000000
v -1.266667 2.111379 0.184722
v -1.316667 2.071532 0.181236
v -1.266667 2.087245 0.368038
v -1.316667 2.047853 0.361092
v -1.266667 2.047226 0.548553
v -1.316667 2.008589 0.538200
v -1.266667 1.991626 0.724893
v -1.316667 1.954039 0.711212
v -1.266667 1.920869 0.895716
v -1.316667 1.884617 0.878811
v -1.266667 1.835493 1.059722
v -1.316667 1.800852 1.039722
v -1.266667 1.736147 1.215663
v -1.316667 1.703381 1.192720
v -1.266667 1.623589 1.362353
v -1.316667 1.592947 1.336641
v -1.266667 1.498674 1.498674
v -1.316667 1.470389 1.470389
v -1.316667 1.336641 1.592947
v -1.266667 1.362353 1.623589
v -1.316667 1.192720 1.703381
v -1.266667 1.215663 1.736147
v -1.266667 1.059722 1.835493
v -1.316667 1.039722 1.800852
v -1.266667 0.895716 1.920869
v -1.316667 0.878811 1.884617
v -1.266667 0.724893 1.991626
v -1.316667 0.711212 1.954039
v -1.266667 0.548553 2.047226
v -1.316667 0.538200 2.008589
v -1.316667 0.361092 2.047853
v -1.316667 -0.361092 2.047853
v -1.316667 -0.538200 2.008589
v -1.266667 -0.548553 2.047226
v -1.316667 -0.711212 1.954039
v -1.266667 -0.724893 1.991626
v -1.266667 -0.895716 1.920869
v -1.316667 -0.878811 1.884617
v -1.266667 -1.059722 1.835493
v -1.316667 -1.039722 1.800852
v -1.266667 -1.215663 1.736147
v -1.316667 -1.192720 1.703381
v -1.266667 -1.362353 1.623589
v -1.316667 -1.336641 1.592947
v -1.266667 -1.498674 1.498674
v -1.316667 -1.470389 1.470389
v -1.266667 -1.623589 1.362353
v -1.316667 -1.592947 1.336641
v -1.316667 -1.703381 1.192720
v -1.266667 -1.736147 1.215663
v -1.316667 -1.800852 1.039722
v -1.266667 -1.835493 1.059722
v -1.266667 -1.920869 0.895716
v -1.316667 -1.884617 0.878811
v -1.266667 -1.991626 0.724893
v -1.316667 -1.954039 0.711212
v -1.266667 -2.047226 0.548553
v -1.316667 -2.008589 0.538200
v -1.266667 -2.087245 0.368038
v -1.316667 -2.047853 0.361092
v -1.266667 -2.111379 0.184722
v -1.316667 -2.071532 0.181236
v -1.316667 -2.079444 0.000000
v -1.266667 -2.119444 0.000000
v -1.266667 -2.111379 -0.184722
v -1.316667 -2.071532 -0.181236
v -1.266667 -2.087245 -0.368038
v -1.316667 -2.047853 -0.361092
v -1.266667 -2.047226 -0.548553
v -1.316667 -2.008589 -0.538200
v -1.316667 -1.954039 -0.711212
v -1.316667 -1.592947 -1.336641
v -1.316667 -1.470389 -1.470389
v -1.266667 -1.498674 -1.498674
v -1.266667 -1.362353 -1.623589
v -1.316667 -1.336641 -1.592947
v -1.266667 -1.215663 -1.736147
v -1.316667 -1.192720 -1.703381
v -1.266667 -1.059722 -1.835493
v -1.316667 -1.039722 -1.800852
v -1.316667 -0.878811 -1.884617
v -1.266667 -0.895716 -1.920869
v -1.266667 -0.724893 -1.991626
v -1.316667 -0.711212 -1.954039
v -1.316667 -0.538200 -2.008589
v -1.266667 -0.548553 -2.047226
v -1.316667 -0.361092 -2.047853
v -1.266667 -0.368038 -2.087245
v -1.316667 -0.181236 -2.071532
v -1.266667 -0.184722 -2.111379
v -1.316667 -0.000000 -2.079444
v -1.266667 -0.000000 -2.119444
v -1.316667 0.181236 -2.071532
v -1.266667 0.184722 -2.111379
v -1.266667 0.368038 -2.087245
v -1.316667 0.361092 -2.047853
v -1.266667 0.548553 -2.047226
v -1.316667 0.538200 -2.008589
v -1.316667 0.711212 -1.954039
v -1.266667 0.724893 -1.991626
v -1.266667 0.895716 -1.920869
v -1.316667 0.878811 -1.884617
v -1.316667 1.039722 -1.800852
v -1.266667 1.059722 -1.835493
v -1.316667 1.192720 -1.703381
v -1.266667 1.215663 -1.736147
v -1.316667 1.336641 -1.592947
v -1.266667 1.362353 -1.623589
v -1.266667 1.498674 -1.498674
v -1.316667 1.470389 -1.470389
v -1.316667 1.592947 -1.336641
v -1.316667 1.954039 -0.711212
v -1.266667 2.047226 -0.548553
v -1.316667 2.008589 -0.538200
v -1.266667 2.087245 -0.368038
v -1.316667 2.047853 -0.361092
v -1.316667 2.071532 -0.181236
v -1.266667 2.111379 -0.184722
v -1.058333 2.136806 0.000000
v -1.108333 2.096806 0.000000
v -1.058333 2.128674 0.186235
v -1.108333 2.088827 0.182749
v -1.058333 2.104343 0.371052
v -1.108333 2.064950 0.364106
v -1.058333 2.063996 0.553046
v -1.108333 2.025359 0.542693
v -1.058333 2.007941 0.730831
v -1.108333 1.970353 0.717150
v -1.108333 1.900351 0.886148
v -1.058333 1.936604 0.903053
v -1.108333 1.815887 1.048403
v -1.058333 1.850528 1.068403
v -1.058333 1.750369 1.225621
v -1.108333 1.717603 1.202678
v -1.058333 1.636888 1.373512
v -1.108333 1.606246 1.347801
v -1.108333 1.482665 1.482665
v -1.058333 1.510950 1.510950
v -1.108333 1.347801 1.606246
v -1.058333 1.373512 1.636888
v -1.108333 1.202678 1.717603
v -1.058333 1.225621 1.750369
v -1.058333 1.068403 1.850528
v -1.108333 1.048403 1.815887
v -1.058333 0.903053 1.936604
v -1.108333 0.886148 1.900351
v -1.108333 -0.886148 1.900351
v -1.058333 -0.903053 1.936604
v -1.108333 -1.048403 1.815887
v -1.058333 -1.068403 1.850528
v -1.108333 -1.202678 1.717603
v -1.058333 -1.225621 1.750369
v -1.108333 -1.347801 1.606246
v -1.058333 -1.373512 1.636888
v -1.108333 -1.482665 1.482665
v -1.058333 -1.510950 1.510950
v -1.108333 -1.606246 1.347801
v -1.058333 -1.636888 1.373512
v -1.058333 -1.750369 1.225621
v -1.108333 -1.717603 1.202678
v -1.058333 -1.850528 1.068403
v -1.108333 -1.815887 1.048403
v -1.058333 -1.936604 0.903053
v -1.108333 -1.900351 0.886148
v -1.058333 -2.007941 0.730831
v -1.108333 -1.970353 0.717150
v -1.108333 -2.025359 0.542693
v -1.058333 -2.063996 0.553046
v -1.108333 -2.064950 0.364106
v -1.058333 -2.104343 0.371052
v -1.108333 -2.088827 0.182749
v -1.058333 -2.128674 0.186235
v -1.108333 -2.096806 0.000000
v -1.058333 -2.136806 0.000000
v -1.108333 -2.088827 -0.182749
v -1.058333 -2.128674 -0.186235
v -1.058333 -1.225621 -1.750369
v -1.108333 -1.202678 -1.717603
v -1.108333 -1.048403 -1.815887
v -1.058333 -1.068403 -1.850528
v -1.108333 -0.886148 -1.900351
v -1.058333 -0.903053 -1.936604
v -1.108333 -0.717150 -1.970353
v -1.058333 -0.730831 -2.007941
v -1.108333 -0.542693 -2.025359
v -1.058333 -0.553046 -2.063996
v -1.058333 -0.371052 -2.104343
v -1.108333 -0.364106 -2.064950
v -1.108333 -0.182749 -2.088827
v -1.058333 -0.186235 -2.128674
v -1.108333 -0.000000 -2.096806
v -1.058333 -0.000000 -2.136806
v -1.108333 0.182749 -2.088827
v -1.058333 0.186235 -2.128674
v -1.108333 0.364106 -2.064950
v -1.058333 0.371052 -2.104343
v -1.108333 0.542693 -2.025359
v -1.058333 0.553046 -2.063996
v -1.058333 0.730831 -2.007941
v -1.108333 0.717150 -1.970353
v -1.108333 0.886148 -1.900351
v -1.058333 0.903053 -1.936604
v -1.058333 1.068403 -1.850528
v -1.108333 1.048403 -1.815887
v -1.108333 1.202678 -1.717603
v -1.058333 1.225621 -1.750369
v -1.058333 2.128674 -0.186235
v -1.108333 2.088827 -0.182749
v -0.900000 2.114167 0.000000
v -0.900000 2.106122 0.184262
v -0.850000 2.145969 0.187748
v -0.850000 2.121440 0.374067
v -0.900000 2.082048 0.367121
v -0.900000 2.042128 0.547187
v -0.850000 2.080765 0.557539
v -0.850000 2.024255 0.736768
v -0.900000 1.986667 0.723088
v -0.900000 1.916086 0.893485
v -0.850000 1.952338 0.910390
v -0.900000 1.830922 1.057083
v -0.850000 1.865563 1.077083
v -0.900000 1.731824 1.212636
v -0.850000 1.764590 1.235579
v -0.900000 1.619546 1.358960
v -0.850000 1.650187 1.384672
v -0.900000 1.494942 1.494942
v -0.850000 1.523226 1.523226
v -0.900000 1.358960 1.619546
v -0.850000 1.384672 1.650187
v -0.900000 1.212636 1.731824
v -0.850000 1.235579 1.764590
v -0.900000 1.057083 1.830922
v -0.900000 -1.057083 1.830922
v -0.900000 -1.212636 1.731824
v -0.850000 -1.235579 1.764590
v -0.900000 -1.358960 1.619546
v -0.850000 -1.384672 1.650187
v -0.900000 -1.494942 1.494942
v -0.850000 -1.523226 1.523226
v -0.900000 -1.619546 1.358960
v -0.850000 -1.650187 1.384672
v -0.900000 -1.731824 1.212636
v -0.850000 -1.764590 1.235579
v -0.900000 -1.830922 1.057083
v -0.850000 -1.865563 1.077083
v -0.900000 -1.916086 0.893485
v -0.850000 -1.952338 0.910390
v -0.900000 -1.986667 0.723088
v -0.850000 -2.024255 0.736768
v -0.900000 -2.042128 0.547187
v -0.850000 -2.080765 0.557539
v -0.900000 -2.082048 0.367121
v -0.850000 -2.121440 0.374067
v -0.850000 -2.145969 0.187748
v -0.900000 -2.106122 0.184262
v -0.900000 -2.114167 0.000000
v -0.900000 -1.057083 -1.830922
v -0.900000 -0.893485 -1.916086
v -0.850000 -0.910390 -1.952338
v -0.900000 -0.723088 -1.986667
v -0.850000 -0.736768 -2.024255
v -0.850000 -0.557539 -2.080765
v -0.900000 -0.547187 -2.042128
v -0.900000 -0.367121 -2.082048
v -0.850000 -0.374067 -2.121440
v -0.850000 -0.187748 -2.145969
v -0.900000 -0.184262 -2.106122
v -0.900000 -0.000000 -2.114167
v -0.850000 -0.000000 -2.154167
v -0.850000 0.187748 -2.145969
v -0.900000 0.184262 -2.106122
v -0.850000 0.374067 -2.121440
v -0.900000 0.367121 -2.082048
v -0.850000 0.557539 -2.080765
v -0.900000 0.547187 -2.042128
v -0.850000 0.736768 -2.024255
v -0.900000 0.723088 -1.986667
v -0.900000 0.893485 -1.916086
v -0.850000 0.910390 -1.952338
v -0.900000 1.057083 -1.830922
v -0.691667 2.123417 0.185775
v -0.691667 2.099145 0.370136
v -0.641667 2.138537 0.377082
v -0.691667 2.058898 0.551680
v -0.641667 2.097535 0.562033
v -0.641667 2.040569 0.742706
v -0.691667 2.002981 0.729025
v -0.691667 1.931820 0.900823
v -0.641667 1.968073 0.917727
v -0.691667 1.845957 1.065764
v -0.641667 1.880598 1.085764
v -0.691667 1.746045 1.222594
v -0.641667 1.778811 1.245537
v -0.691667 1.632845 1.370120
v -0.641667 1.663487 1.395831
v -0.691667 1.507218 1.507218
v -0.641667 1.535502 1.535502
v -0.691667 1.370120 1.632845
v -0.641667 1.395831 1.663487
v -0.691667 1.222594 1.746045
v -0.691667 -1.222594 1.746045
v -0.641667 -1.395831 1.663487
v -0.691667 -1.370120 1.632845
v -0.641667 -1.535502 1.535502
v -0.691667 -1.507218 1.507218
v -0.641667 -1.663487 1.395831
v -0.691667 -1.632845 1.370120
v -0.641667 -1.778811 1.245537
v -0.691667 -1.746045 1.222594
v -0.641667 -1.880598 1.085764
v -0.691667 -1.845957 1.065764
v -0.641667 -1.968073 0.917727
v -0.691667 -1.931820 0.900823
v -0.641667 -2.040569 0.742706
v -0.691667 -2.002981 0.729025
v -0.641667 -2.097535 0.562033
v -0.691667 -2.058898 0.551680
v -0.641667 -2.138537 0.377082
v -0.691667 -2.099145 0.370136
v -0.691667 -2.123417 0.185775
v -0.691667 -0.900823 -1.931820
v -0.691667 -0.729025 -2.002981
v -0.641667 -0.742706 -2.040569
v -0.641667 -0.562033 -2.097535
v -0.691667 -0.551680 -2.058898
v -0.691667 -0.370136 -2.099145
v -0.641667 -0.377082 -2.138537
v -0.691667 -0.185775 -2.123417
v -0.641667 -0.189261 -2.163265
v -0.641667 -0.000000 -2.171528
v -0.691667 -0.000000 -2.131528
v -0.641667 0.189261 -2.163265
v -0.691667 0.185775 -2.123417
v -0.641667 0.377082 -2.138537
v -0.691667 0.370136 -2.099145
v -0.691667 0.551680 -2.058898
v -0.641667 0.562033 -2.097535
v -0.691667 0.729025 -2.002981
v -0.641667 0.742706 -2.040569
v -0.691667 0.900823 -1.931820
v -0.483333 2.116242 0.373151
v -0.433333 2.155635 0.380097
v -0.483333 2.075667 0.556173
v -0.433333 2.114304 0.566526
v -0.483333 2.019295 0.734963
v -0.433333 2.056883 0.748644
v -0.483333 1.947555 0.908160
v -0.433333 1.983807 0.925064
v -0.483333 1.860992 1.074444
v -0.433333 1.895633 1.094444
v -0.483333 1.760267 1.232552
v -0.433333 1.793033 1.255495
v -0.433333 1.676786 1.406991
v -0.483333 1.646144 1.381279
v -0.483333 1.519494 1.519494
v -0.433333 1.547778 1.547778
v -0.433333 1.406991 1.676786
v -0.483333 1.381279 1.646144
v -0.483333 -1.381279 1.646144
v -0.433333 -1.406991 1.676786
v -0.433333 -1.547778 1.547778
v -0.483333 -1.519494 1.519494
v -0.483333 -1.646144 1.381279
v -0.433333 -1.676786 1.406991
v -0.483333 -1.760267 1.232552
v -0.433333 -1.793033 1.255495
v -0.433333 -1.895633 1.094444
v -0.483333 -1.860992 1.074444
v -0.483333 -1.947555 0.908160
v -0.433333 -1.983807 0.925064
v -0.433333 -2.056883 0.748644
v -0.483333 -2.019295 0.734963
v -0.433333 -2.114304 0.566526
v -0.483333 -2.075667 0.556173
v -0.433333 -2.155635 0.380097
v -0.483333 -2.116242 0.373151
v -0.433333 -0.748644 -2.056883
v -0.483333 -0.734963 -2.019295
v -0.483333 -0.556173 -2.075667
v -0.433333 -0.566526 -2.114304
v -0.433333 -0.380097 -2.155635
v -0.483333 -0.373151 -2.116242
v -0.433333 -0.190774 -2.180559
v -0.483333 -0.187288 -2.140712
v -0.433333 -0.000000 -2.188889
v -0.483333 -0.000000 -2.148889
v -0.483333 0.187288 -2.140712
v -0.433333 0.190774 -2.180559
v -0.433333 0.380097 -2.155635
v -0.483333 0.373151 -2.116242
v -0.483333 0.556173 -2.075667
v -0.433333 0.566526 -2.114304
v -0.433333 0.748644 -2.056883
v -0.483333 0.734963 -2.019295
v -0.225000 2.172732 0.383111
v -0.225000 2.131074 0.571020
v -0.275000 2.092437 0.560667
v -0.225000 2.073197 0.754582
v -0.275000 2.035609 0.740901
v -0.275000 1.963289 0.915497
v -0.225000 1.999542 0.932402
v -0.225000 1.910668 1.103125
v -0.275000 1.876028 1.083125
v -0.225000 1.807254 1.265453
v -0.275000 1.774488 1.242510
v -0.225000 1.690086 1.418150
v -0.275000 1.659444 1.392439
v -0.225000 1.560054 1.560054
v -0.275000 1.531770 1.531770
v -0.225000 1.418150 1.690086
v -0.225000 -1.418150 1.690086
v -0.225000 -1.560054 1.560054
v -0.275000 -1.531770 1.531770
v -0.275000 -1.659444 1.392439
v -0.225000 -1.690086 1.418150
v -0.275000 -1.774488 1.242510
v -0.225000 -1.807254 1.265453
v -0.275000 -1.876028 1.083125
v -0.225000 -1.910668 1.103125
v -0.225000 -1.999542 0.932402
v -0.275000 -1.963289 0.915497
v -0.225000 -2.073197 0.754582
v -0.275000 -2.035609 0.740901
v -0.225000 -2.131074 0.571020
v -0.275000 -2.092437 0.560667
v -0.225000 -2.172732 0.383111
v -0.225000 -0.754582 -2.073197
v -0.225000 -0.571020 -2.131074
v -0.275000 -0.560667 -2.092437
v -0.225000 -0.383111 -2.172732
v -0.275000 -0.376165 -2.133340
v -0.225000 -0.192287 -2.197855
v -0.275000 -0.188801 -2.158007
v -0.275000 -0.000000 -2.166250
v -0.225000 -0.000000 -2.206250
v -0.275000 0.188801 -2.158007
v -0.225000 0.192287 -2.197855
v -0.275000 0.376165 -2.133340
v -0.225000 0.383111 -2.172732
v -0.275000 0.560667 -2.092437
v -0.225000 0.571020 -2.131074
v -0.225000 0.754582 -2.073197
v -0.016667 2.147843 0.575513
v -0.066667 2.109206 0.565160
v -0.066667 2.051923 0.746839
v -0.016667 2.089511 0.760520
v -0.016667 2.015276 0.939739
v -0.066667 1.979024 0.922834
v -0.016667 1.925704 1.111806
v -0.066667 1.891063 1.091806
v -0.016667 1.821476 1.275411
v -0.066667 1.788710 1.252468
v -0.016667 1.703385 1.429310
v -0.066667 1.672743 1.403598
v -0.016667 1.572330 1.572330
v -0.066667 1.544046 1.544046
v -0.016667 -1.572330 1.572330
v -0.066667 -1.544046 1.544046
v -0.016667 -1.703385 1.429310
v -0.066667 -1.672743 1.403598
v -0.016667 -1.821476 1.275411
v -0.066667 -1.788710 1.252468
v -0.016667 -1.925704 1.111806
v -0.066667 -1.891063 1.091806
v -0.016667 -2.015276 0.939739
v -0.066667 -1.979024 0.922834
v -0.066667 -2.051923 0.746839
v -0.016667 -2.089511 0.760520
v -0.066667 -2.109206 0.565160
v -0.016667 -2.147843 0.575513
v -0.016667 -0.575513 -2.147843
v -0.066667 -0.565160 -2.109206
v -0.016667 -0.386126 -2.189829
v -0.066667 -0.379180 -2.150437
v -0.016667 -0.193800 -2.215150
v -0.066667 -0.190314 -2.175302
v -0.066667 -0.000000 -2.183611
v -0.016667 -0.000000 -2.223611
v -0.016667 0.193800 -2.215150
v -0.066667 0.190314 -2.175302
v -0.016667 0.386126 -2.189829
v -0.066667 0.379180 -2.150437
v -0.016667 0.575513 -2.147843
v -0.066667 0.565160 -2.109206
v 0.141667 2.125976 0.569654
v 0.191667 2.164613 0.580006
v 0.141667 2.068237 0.752777
v 0.191667 2.105825 0.766458
v 0.141667 1.994758 0.930171
v 0.191667 2.031011 0.947076
v 0.191667 1.940739 1.120486
v 0.141667 1.906098 1.100486
v 0.191667 1.835697 1.285369
v 0.141667 1.802931 1.262426
v 0.191667 1.716684 1.440469
v 0.141667 1.686043 1.414758
v 0.191667 1.584607 1.584607
v 0.141667 1.556322 1.556322
v 0.191667 -1.584607 1.584607
v 0.141667 -1.556322 1.556322
v 0.191667 -1.716684 1.440469
v 0.141667 -1.686043 1.414758
v 0.191667 -1.835697 1.285369
v 0.141667 -1.802931 1.262426
v 0.191667 -1.940739 1.120486
v 0.141667 -1.906098 1.100486
v 0.191667 -2.031011 0.947076
v 0.141667 -1.994758 0.930171
v 0.191667 -2.105825 0.766458
v 0.141667 -2.068237 0.752777
v 0.191667 -2.164613 0.580006
v 0.141667 -2.125976 0.569654
v 0.191667 -0.580006 -2.164613
v 0.141667 -0.569654 -2.125976
v 0.191667 -0.389141 -2.206927
v 0.141667 -0.382195 -2.167535
v 0.191667 -0.195314 -2.232445
v 0.141667 -0.191827 -2.192597
v 0.141667 -0.000000 -2.200972
v 0.191667 -0.000000 -2.240972
v 0.141667 0.191827 -2.192597
v 0.191667 0.195314 -2.232445
v 0.141667 0.382195 -2.167535
v 0.191667 0.389141 -2.206927
v 0.191667 0.580006 -2.164613
v 0.141667 0.569654 -2.125976
v 0.400000 2.214178 0.390419
v 0.350000 2.133088 0.571559
v 0.400000 2.171725 0.581912
v 0.350000 2.075156 0.755295
v 0.400000 2.112744 0.768976
v 0.350000 2.001431 0.933283
v 0.400000 2.037684 0.950188
v 0.350000 1.912474 1.104168
v 0.400000 1.947115 1.124168
v 0.400000 1.841728 1.289592
v 0.350000 1.808962 1.266649
v 0.400000 1.722325 1.445202
v 0.350000 1.691683 1.419490
v 0.400000 1.589813 1.589813
v 0.350000 1.561529 1.561529
v 0.400000 1.445202 1.722325
v 0.400000 -1.445202 1.722325
v 0.350000 -1.561529 1.561529
v 0.400000 -1.589813 1.589813
v 0.350000 -1.691683 1.419490
v 0.400000 -1.722325 1.445202
v 0.350000 -1.808962 1.266649
v 0.400000 -1.841728 1.289592
v 0.350000 -1.912474 1.104168
v 0.400000 -1.947115 1.124168
v 0.400000 -2.037684 0.950188
v 0.350000 -2.001431 0.933283
v 0.400000 -2.112744 0.768976
v 0.350000 -2.075156 0.755295
v 0.400000 -2.171725 0.581912
v 0.350000 -2.133088 0.571559
v 0.400000 -2.214178 0.390419
v 0.400000 -0.768976 -2.112744
v 0.400000 -0.581912 -2.171725
v 0.350000 -0.571559 -2.133088
v 0.350000 -0.383473 -2.174786
v 0.400000 -0.390419 -2.214178
v 0.400000 -0.195955 -2.239779
v 0.350000 -0.192469 -2.199932
v 0.350000 -0.000000 -2.208335
v 0.400000 -0.000000 -2.248335
v 0.350000 0.192469 -2.199932
v 0.400000 0.195955 -2.239779
v 0.350000 0.383473 -2.174786
v 0.400000 0.390419 -2.214178
v 0.350000 0.571559 -2.133088
v 0.400000 0.581912 -2.171725
v 0.400000 0.768976 -2.112744
v 0.608333 2.200181 0.387951
v 0.558333 2.160789 0.381005
v 0.608333 2.157997 0.578233
v 0.558333 2.119359 0.567881
v 0.608333 2.099388 0.764115
v 0.558333 2.061801 0.750434
v 0.558333 1.988550 0.927276
v 0.608333 2.024803 0.944181
v 0.558333 1.900166 1.097061
v 0.608333 1.934807 1.117061
v 0.558333 1.797320 1.258497
v 0.608333 1.830086 1.281440
v 0.608333 1.711437 1.436066
v 0.558333 1.680795 1.410355
v 0.558333 1.551479 1.551479
v 0.608333 1.579763 1.579763
v 0.558333 1.410355 1.680795
v 0.608333 1.436066 1.711437
v 0.558333 -1.410355 1.680795
v 0.608333 -1.436066 1.711437
v 0.558333 -1.551479 1.551479
v 0.608333 -1.579763 1.579763
v 0.558333 -1.680795 1.410355
v 0.608333 -1.711437 1.436066
v 0.558333 -1.797320 1.258497
v 0.608333 -1.830086 1.281440
v 0.608333 -1.934807 1.117061
v 0.558333 -1.900166 1.097061
v 0.608333 -2.024803 0.944181
v 0.558333 -1.988550 0.927276
v 0.608333 -2.099388 0.764115
v 0.558333 -2.061801 0.750434
v 0.608333 -2.157997 0.578233
v 0.558333 -2.119359 0.567881
v 0.608333 -2.200181 0.387951
v 0.558333 -2.160789 0.381005
v 0.608333 -0.764115 -2.099388
v 0.558333 -0.750434 -2.061801
v 0.558333 -0.567881 -2.119359
v 0.608333 -0.578233 -2.157997
v 0.558333 -0.381005 -2.160789
v 0.608333 -0.387951 -2.200181
v 0.558333 -0.191230 -2.185773
v 0.608333 -0.194717 -2.225621
v 0.558333 -0.000000 -2.194123
v 0.608333 -0.000000 -2.234123
v 0.608333 0.194717 -2.225621
v 0.558333 0.191230 -2.185773
v 0.558333 0.381005 -2.160789
v 0.608333 0.387951 -2.200181
v 0.558333 0.567881 -2.119359
v 0.608333 0.578233 -2.157997
v 0.608333 0.764115 -2.099388
v 0.558333 0.750434 -2.061801
v 0.816667 2.196736 0.192190
v 0.816667 2.171627 0.382916
v 0.766667 2.132235 0.375970
v 0.766667 2.091353 0.560376
v 0.816667 2.129990 0.570729
v 0.766667 2.034554 0.740517
v 0.816667 2.072142 0.754198
v 0.766667 1.962272 0.915022
v 0.816667 1.998524 0.931927
v 0.766667 1.875056 1.082564
v 0.816667 1.909697 1.102564
v 0.766667 1.773569 1.241866
v 0.816667 1.806335 1.264809
v 0.766667 1.658584 1.391717
v 0.816667 1.689226 1.417429
v 0.766667 1.530976 1.530976
v 0.816667 1.559261 1.559261
v 0.766667 1.391717 1.658584
v 0.816667 1.417429 1.689226
v 0.816667 1.264809 1.806335
v 0.816667 -1.264809 1.806335
v 0.816667 -1.417429 1.689226
v 0.766667 -1.391717 1.658584
v 0.816667 -1.559261 1.559261
v 0.766667 -1.530976 1.530976
v 0.816667 -1.689226 1.417429
v 0.766667 -1.658584 1.391717
v 0.816667 -1.806335 1.264809
v 0.766667 -1.773569 1.241866
v 0.816667 -1.909697 1.102564
v 0.766667 -1.875056 1.082564
v 0.816667 -1.998524 0.931927
v 0.766667 -1.962272 0.915022
v 0.766667 -2.034554 0.740517
v 0.816667 -2.072142 0.754198
v 0.766667 -2.091353 0.560376
v 0.816667 -2.129990 0.570729
v 0.766667 -2.132235 0.375970
v 0.816667 -2.171627 0.382916
v 0.816667 -2.196736 0.192190
v 0.816667 -0.931927 -1.998524
v 0.816667 -0.754198 -2.072142
v 0.766667 -0.740517 -2.034554
v 0.816667 -0.570729 -2.129990
v 0.766667 -0.560376 -2.091353
v 0.766667 -0.375970 -2.132235
v 0.816667 -0.382916 -2.171627
v 0.766667 -0.188703 -2.156889
v 0.816667 -0.192190 -2.196736
v 0.766667 -0.000000 -2.165128
v 0.816667 -0.000000 -2.205128
v 0.766667 0.188703 -2.156889
v 0.816667 0.192190 -2.196736
v 0.766667 0.375970 -2.132235
v 0.816667 0.382916 -2.171627
v 0.816667 0.570729 -2.129990
v 0.766667 0.560376 -2.091353
v 0.816667 0.754198 -2.072142
v 0.766667 0.740517 -2.034554
v 0.816667 0.931927 -1.998524
v 0.975000 2.112685 0.184836
v 1.025000 2.152533 0.188322
v 1.025000 2.127929 0.375211
v 0.975000 2.088537 0.368265
v 0.975000 2.048492 0.548892
v 1.025000 2.087130 0.559245
v 0.975000 1.992858 0.725341
v 1.025000 2.030446 0.739022
v 0.975000 1.922057 0.896270
v 1.025000 1.958310 0.913175
v 0.975000 1.836628 1.060378
v 1.025000 1.871269 1.080378
v 0.975000 1.737221 1.216415
v 1.025000 1.769987 1.239358
v 0.975000 1.624593 1.363195
v 1.025000 1.655235 1.388907
v 0.975000 1.499601 1.499601
v 1.025000 1.527885 1.527885
v 0.975000 1.363195 1.624593
v 1.025000 1.388907 1.655235
v 1.025000 1.239358 1.769987
v 0.975000 1.216415 1.737221
v 0.975000 -1.216415 1.737221
v 1.025000 -1.239358 1.769987
v 0.975000 -1.363195 1.624593
v 1.025000 -1.388907 1.655235
v 0.975000 -1.499601 1.499601
v 1.025000 -1.527885 1.527885
v 0.975000 -1.624593 1.363195
v 1.025000 -1.655235 1.388907
v 0.975000 -1.737221 1.216415
v 1.025000 -1.769987 1.239358
v 0.975000 -1.836628 1.060378
v 1.025000 -1.871269 1.080378
v 0.975000 -1.922057 0.896270
v 1.025000 -1.958310 0.913175
v 0.975000 -1.992858 0.725341
v 1.025000 -2.030446 0.739022
v 0.975000 -2.048492 0.548892
v 1.025000 -2.087130 0.559245
v 0.975000 -2.088537 0.368265
v 1.025000 -2.127929 0.375211
v 0.975000 -2.112685 0.184836
v 1.025000 -2.152533 0.188322
v 1.025000 -0.913175 -1.958310
v 0.975000 -0.896270 -1.922057
v 1.025000 -0.739022 -2.030446
v 0.975000 -0.725341 -1.992858
v 1.025000 -0.559245 -2.087130
v 0.975000 -0.548892 -2.048492
v 0.975000 -0.368265 -2.088537
v 1.025000 -0.375211 -2.127929
v 0.975000 -0.184836 -2.112685
v 1.025000 -0.188322 -2.152533
v 0.975000 -0.000000 -2.120755
v 1.025000 -0.000000 -2.160756
v 1.025000 0.188322 -2.152533
v 0.975000 0.184836 -2.112685
v 1.025000 0.375211 -2.127929
v 0.975000 0.368265 -2.088537
v 0.975000 0.548892 -2.048492
v 1.025000 0.559245 -2.087130
v 1.025000 0.739022 -2.030446
v 0.975000 0.725341 -1.992858
v 1.025000 0.913175 -1.958310
v 0.975000 0.896270 -1.922057
v 1.183333 2.060032 0.000000
v 1.233333 2.100032 0.000000
v 1.183333 2.052193 0.179544
v 1.233333 2.092041 0.183030
v 1.233333 2.068127 0.364667
v 1.183333 2.028735 0.357721
v 1.183333 1.989838 0.533175
v 1.233333 2.028475 0.543528
v 1.183333 1.935797 0.704572
v 1.233333 1.973384 0.718253
v 1.183333 1.867023 0.870607
v 1.233333 1.903275 0.887512
v 1.183333 1.784040 1.030016
v 1.233333 1.818681 1.050016
v 1.183333 1.687479 1.181586
v 1.233333 1.720245 1.204529
v 1.183333 1.578076 1.324163
v 1.233333 1.608718 1.349874
v 1.183333 1.456662 1.456662
v 1.233333 1.484947 1.484947
v 1.233333 1.349874 1.608718
v 1.183333 1.324163 1.578076
v 1.183333 1.181586 1.687479
v 1.233333 1.204529 1.720245
v 1.183333 1.030016 1.784040
v 1.233333 1.050016 1.818681
v 1.233333 -1.050016 1.818681
v 1.183333 -1.030016 1.784040
v 1.233333 -1.204529 1.720245
v 1.183333 -1.181586 1.687479
v 1.233333 -1.349874 1.608718
v 1.183333 -1.324163 1.578076
v 1.233333 -1.484947 1.484947
v 1.183333 -1.456662 1.456662
v 1.233333 -1.608718 1.349874
v 1.183333 -1.578076 1.324163
v 1.233333 -1.720245 1.204529
v 1.183333 -1.687479 1.181586
v 1.183333 -1.784040 1.030016
v 1.233333 -1.818681 1.050016
v 1.233333 -1.903275 0.887512
v 1.183333 -1.867023 0.870607
v 1.183333 -1.935797 0.704572
v 1.233333 -1.973384 0.718253
v 1.183333 -1.989838 0.533175
v 1.233333 -2.028475 0.543528
v 1.183333 -2.028735 0.357721
v 1.233333 -2.068127 0.364667
v 1.183333 -2.052193 0.179544
v 1.233333 -2.092041 0.183030
v 1.183333 -2.060032 0.000000
v 1.233333 -2.100032 0.000000
v 1.183333 -1.030016 -1.784040
v 1.233333 -1.050016 -1.818681
v 1.183333 -0.870607 -1.867023
v 1.233333 -0.887512 -1.903275
v 1.183333 -0.704572 -1.935797
v 1.233333 -0.718253 -1.973384
v 1.183333 -0.533175 -1.989838
v 1.233333 -0.543528 -2.028475
v 1.183333 -0.357721 -2.028735
v 1.233333 -0.364667 -2.068127
v 1.233333 -0.183030 -2.092041
v 1.183333 -0.179544 -2.052193
v 1.233333 -0.000000 -2.100032
v 1.183333 -0.000000 -2.060032
v 1.233333 0.183030 -2.092041
v 1.183333 0.179544 -2.052193
v 1.233333 0.364667 -2.068127
v 1.183333 0.357721 -2.028735
v 1.233333 0.543528 -2.028475
v 1.183333 0.533175 -1.989838
v 1.233333 0.718253 -1.973384
v 1.183333 0.704572 -1.935797
v 1.233333 0.887512 -1.903275
v 1.183333 0.870607 -1.867023
v 1.233333 1.050016 -1.818681
v 1.183333 1.030016 -1.784040
v 1.391667 1.981483 0.000000
v 1.441667 2.021483 0.000000
v 1.391667 1.973943 0.172698
v 1.441667 2.013791 0.176184
v 1.391667 1.951380 0.344081
v 1.441667 1.990772 0.351027
v 1.391667 1.913966 0.512846
v 1.441667 1.952603 0.523198
v 1.391667 1.861985 0.677707
v 1.441667 1.899573 0.691388
v 1.391667 1.795834 0.837411
v 1.441667 1.832086 0.854316
v 1.441667 1.750656 1.010742
v 1.391667 1.716015 0.990742
v 1.441667 1.655902 1.159475
v 1.391667 1.623136 1.136532
v 1.391667 1.517904 1.273673
v 1.441667 1.548546 1.299384
v 1.441667 1.429404 1.429404
v 1.391667 1.401120 1.401120
v 1.441667 1.299384 1.548546
v 1.391667 1.273673 1.517904
v 1.441667 1.159475 1.655902
v 1.391667 1.136532 1.623136
v 1.441667 1.010742 1.750656
v 1.391667 0.990742 1.716015
v 1.441667 0.854316 1.832086
v 1.391667 0.837411 1.795834
v 1.391667 0.677707 1.861985
v 1.441667 0.691388 1.899573
v 1.391667 -0.677707 1.861985
v 1.441667 -0.691388 1.899573
v 1.391667 -0.837411 1.795834
v 1.441667 -0.854316 1.832086
v 1.441667 -1.010742 1.750656
v 1.391667 -0.990742 1.716015
v 1.441667 -1.159475 1.655902
v 1.391667 -1.136532 1.623136
v 1.391667 -1.273673 1.517904
v 1.441667 -1.299384 1.548546
v 1.391667 -1.401120 1.401120
v 1.441667 -1.429404 1.429404
v 1.391667 -1.517904 1.273673
v 1.441667 -1.548546 1.299384
v 1.391667 -1.623136 1.136532
v 1.441667 -1.655902 1.159475
v 1.391667 -1.716015 0.990742
v 1.441667 -1.750656 1.010742
v 1.391667 -1.795834 0.837411
v 1.441667 -1.832086 0.854316
v 1.441667 -1.899573 0.691388
v 1.391667 -1.861985 0.677707
v 1.391667 -1.913966 0.512846
v 1.441667 -1.952603 0.523198
v 1.441667 -1.990772 0.351027
v 1.391667 -1.951380 0.344081
v 1.441667 -2.013791 0.176184
v 1.391667 -1.973943 0.172698
v 1.391667 -1.981483 0.000000
v 1.441667 -2.021483 0.000000
v 1.391667 -1.973943 -0.172698
v 1.441667 -2.013791 -0.176184
v 1.391667 -1.951380 -0.344081
v 1.441667 -1.990772 -0.351027
v 1.391667 -1.273673 -1.517904
v 1.441667 -1.299384 -1.548546
v 1.391667 -1.136532 -1.623136
v 1.441667 -1.159475 -1.655902
v 1.391667 -0.990742 -1.716015
v 1.441667 -1.010742 -1.750656
v 1.391667 -0.837411 -1.795834
v 1.441667 -0.854316 -1.832086
v 1.441667 -0.691388 -1.899573
v 1.391667 -0.677707 -1.861985
v 1.441667 -0.523198 -1.952603
v 1.391667 -0.512846 -1.913966
v 1.441667 -0.351027 -1.990772
v 1.391667 -0.344081 -1.951380
v 1.441667 -0.176184 -2.013791
v 1.391667 -0.172698 -1.973943
v 1.441667 -0.000000 -2.021483
v 1.391667 -0.000000 -1.981483
v 1.391667 0.172698 -1.973943
v 1.441667 0.176184 -2.013791
v 1.441667 0.351027 -1.990772
v 1.391667 0.344081 -1.951380
v 1.441667 0.523198 -1.952603
v 1.391667 0.512846 -1.913966
v 1.441667 0.691388 -1.899573
v 1.391667 0.677707 -1.861985
v 1.441667 0.854316 -1.832086
v 1.391667 0.837411 -1.795834
v 1.441667 1.010742 -1.750656
v 1.391667 0.990742 -1.716015
v 1.441667 1.159475 -1.655902
v 1.391667 1.136532 -1.623136
v 1.441667 1.299384 -1.548546
v 1.391667 1.273673 -1.517904
v 1.391667 1.951380 -0.344081
v 1.441667 1.990772 -0.351027
v 1.391667 1.973943 -0.172698
v 1.441667 2.013791 -0.176184
v 1.600000 1.882927 0.000000
v 1.650000 1.922927 0.000000
v 1.600000 1.875762 0.164108
v 1.650000 1.915609 0.167594
v 1.600000 1.854321 0.326967
v 1.650000 1.893713 0.333913
v 1.650000 1.857405 0.497690
v 1.600000 1.818768 0.487337
v 1.600000 1.769372 0.643999
v 1.650000 1.806960 0.657680
v 1.650000 1.742763 0.812664
v 1.600000 1.706511 0.795759
v 1.600000 1.630662 0.941463
v 1.650000 1.665303 0.961463
v 1.600000 1.542403 1.080002
v 1.650000 1.575169 1.102945
v 1.600000 1.442405 1.210322
v 1.650000 1.473047 1.236033
v 1.600000 1.331430 1.331430
v 1.650000 1.359715 1.359715
v 1.600000 1.210322 1.442405
v 1.650000 1.236033 1.473047
v 1.600000 1.080002 1.542403
v 1.650000 1.102945 1.575169
v 1.600000 0.941463 1.630662
v 1.650000 0.961463 1.665303
v 1.600000 0.795759 1.706511
v 1.650000 0.812664 1.742763
v 1.650000 0.657680 1.806960
v 1.600000 0.643999 1.769372
v 1.650000 0.497690 1.857405
v 1.600000 0.487337 1.818768
v 1.600000 0.326967 1.854321
v 1.650000 0.333913 1.893713
v 1.600000 0.164108 1.875762
v 1.650000 0.167594 1.915609
v 1.600000 0.000000 1.882927
v 1.650000 0.000000 1.922927
v 1.600000 -0.164108 1.875762
v 1.650000 -0.167594 1.915609
v 1.600000 -0.326967 1.854321
v 1.650000 -0.333913 1.893713
v 1.600000 -0.487337 1.818768
v 1.650000 -0.497690 1.857405
v 1.600000 -0.643999 1.769372
v 1.650000 -0.657680 1.806960
v 1.650000 -0.812664 1.742763
v 1.600000 -0.795759 1.706511
v 1.600000 -0.941463 1.630662
v 1.650000 -0.961463 1.665303
v 1.600000 -1.080002 1.542403
v 1.650000 -1.102945 1.575169
v 1.600000 -1.210322 1.442405
v 1.650000 -1.236033 1.473047
v 1.600000 -1.331430 1.331430
v 1.650000 -1.359715 1.359715
v 1.600000 -1.442405 1.210322
v 1.650000 -1.473047 1.236033
v 1.600000 -1.542403 1.080002
v 1.650000 -1.575169 1.102945
v 1.600000 -1.630662 0.941463
v 1.650000 -1.665303 0.961463
v 1.600000 -1.706511 0.795759
v 1.650000 -1.742763 0.812664
v 1.600000 -1.769372 0.643999
v 1.650000 -1.806960 0.657680
v 1.600000 -1.818768 0.487337
v 1.650000 -1.857405 0.497690
v 1.600000 -1.854321 0.326967
v 1.650000 -1.893713 0.333913
v 1.600000 -1.875762 0.164108
v 1.650000 -1.915609 0.167594
v 1.600000 -1.882927 0.000000
v 1.650000 -1.922927 0.000000
v 1.600000 -1.875762 -0.164108
v 1.650000 -1.915609 -0.167594
v 1.600000 -1.854321 -0.326967
v 1.650000 -1.893713 -0.333913
v 1.600000 -1.818768 -0.487337
v 1.650000 -1.857405 -0.497690
v 1.650000 -1.806960 -0.657680
v 1.600000 -1.769372 -0.643999
v 1.600000 -1.706511 -0.795759
v 1.650000 -1.742763 -0.812664
v 1.600000 -1.630662 -0.941463
v 1.650000 -1.665303 -0.961463
v 1.600000 -1.542403 -1.080002
v 1.650000 -1.575169 -1.102945
v 1.600000 -1.442405 -1.210322
v 1.650000 -1.473047 -1.236033
v 1.650000 -1.359715 -1.359715
v 1.600000 -1.331430 -1.331430
v 1.650000 -1.236033 -1.473047
v 1.600000 -1.210322 -1.442405
v 1.650000 -1.102945 -1.575169
v 1.600000 -1.080002 -1.542403
v 1.600000 -0.941463 -1.630662
v 1.650000 -0.961463 -1.665303
v 1.600000 -0.795759 -1.706511
v 1.650000 -0.812664 -1.742763
v 1.600000 -0.643999 -1.769372
v 1.650000 -0.657680 -1.806960
v 1.600000 -0.487337 -1.818768
v 1.650000 -0.497690 -1.857405
v 1.600000 -0.326967 -1.854321
v 1.650000 -0.333913 -1.893713
v 1.650000 -0.167594 -1.915609
v 1.600000 -0.164108 -1.875762
v 1.650000 -0.000000 -1.922927
v 1.600000 -0.000000 -1.882927
v 1.650000 0.167594 -1.915609
v 1.600000 0.164108 -1.875762
v 1.650000 0.333913 -1.893713
v 1.600000 0.326967 -1.854321
v 1.650000 0.497690 -1.857405
v 1.600000 0.487337 -1.818768
v 1.650000 0.657680 -1.806960
v 1.600000 0.643999 -1.769372
v 1.650000 0.812664 -1.742763
v 1.600000 0.795759 -1.706511
v 1.650000 0.961463 -1.665303
v 1.600000 0.941463 -1.630662
v 1.600000 1.080002 -1.542403
v 1.650000 1.102945 -1.575169
v 1.650000 1.236033 -1.473047
v 1.600000 1.210322 -1.442405
v 1.650000 1.359715 -1.359715
v 1.600000 1.331430 -1.331430
v 1.600000 1.442405 -1.210322
v 1.650000 1.473047 -1.236033
v 1.650000 1.575169 -1.102945
v 1.600000 1.542403 -1.080002
v 1.650000 1.665303 -0.961463
v 1.600000 1.630662 -0.941463
v 1.650000 1.742763 -0.812664
v 1.600000 1.706511 -0.795759
v 1.650000 1.806960 -0.657680
v 1.600000 1.769372 -0.643999
v 1.650000 1.857405 -0.497690
v 1.600000 1.818768 -0.487337
v 1.600000 1.854321 -0.326967
v 1.650000 1.893713 -0.333913
v 1.600000 1.875762 -0.164108
v 1.650000 1.915609 -0.167594
v 1.808333 1.761081 0.000000
v 1.858333 1.801081 0.000000
v 1.808333 1.754379 0.153488
v 1.858333 1.794227 0.156975
v 1.808333 1.734326 0.305808
v 1.858333 1.773718 0.312754
v 1.858333 1.739710 0.466154
v 1.808333 1.701073 0.455801
v 1.858333 1.692462 0.616006
v 1.808333 1.654875 0.602325
v 1.858333 1.632334 0.761170
v 1.808333 1.596081 0.744265
v 1.858333 1.559782 0.900540
v 1.808333 1.525141 0.880540
v 1.808333 1.442593 1.010114
v 1.858333 1.475359 1.033058
v 1.858333 1.379708 1.157712
v 1.808333 1.349066 1.132001
v 1.808333 1.245272 1.245272
v 1.858333 1.273556 1.273556
v 1.808333 1.132001 1.349066
v 1.858333 1.157712 1.379708
v 1.808333 1.010114 1.442593
v 1.858333 1.033058 1.475359
v 1.808333 0.880540 1.525141
v 1.858333 0.900540 1.559782
v 1.808333 0.744265 1.596081
v 1.858333 0.761170 1.632334
v 1.808333 0.602325 1.654875
v 1.858333 0.616006 1.692462
v 1.858333 0.466154 1.739710
v 1.808333 0.455801 1.701073
v 1.858333 0.312754 1.773718
v 1.808333 0.305808 1.734326
v 1.858333 0.156975 1.794227
v 1.808333 0.153488 1.754379
v 1.858333 0.000000 1.801081
v 1.808333 0.000000 1.761081
v 1.808333 -0.153488 1.754379
v 1.858333 -0.156975 1.794227
v 1.808333 -0.305808 1.734326
v 1.858333 -0.312754 1.773718
v 1.808333 -0.455801 1.701073
v 1.858333 -0.466154 1.739710
v 1.808333 -0.602325 1.654875
v 1.858333 -0.616006 1.692462
v 1.808333 -0.744265 1.596081
v 1.858333 -0.761170 1.632334
v 1.808333 -0.880540 1.525141
v 1.858333 -0.900540 1.559782
v 1.808333 -1.010114 1.442593
v 1.858333 -1.033058 1.475359
v 1.858333 -1.157712 1.379708
v 1.808333 -1.132001 1.349066
v 1.858333 -1.273556 1.273556
v 1.808333 -1.245272 1.245272
v 1.858333 -1.379708 1.157712
v 1.808333 -1.349066 1.132001
v 1.858333 -1.475359 1.033058
v 1.808333 -1.442593 1.010114
v 1.858333 -1.559782 0.900540
v 1.808333 -1.525141 0.880540
v 1.808333 -1.596081 0.744265
v 1.858333 -1.632334 0.761170
v 1.808333 -1.654875 0.602325
v 1.858333 -1.692462 0.616006
v 1.808333 -1.701073 0.455801
v 1.858333 -1.739710 0.466154
v 1.858333 -1.773718 0.312754
v 1.808333 -1.734326 0.305808
v 1.808333 -1.754379 0.153488
v 1.858333 -1.794227 0.156975
v 1.808333 -1.761081 0.000000
v 1.858333 -1.801081 0.000000
v 1.808333 -1.754379 -0.153488
v 1.858333 -1.794227 -0.156975
v 1.808333 -1.734326 -0.305808
v 1.858333 -1.773718 -0.312754
v 1.858333 -1.739710 -0.466154
v 1.808333 -1.701073 -0.455801
v 1.858333 -1.692462 -0.616006
v 1.808333 -1.654875 -0.602325
v 1.858333 -1.632334 -0.761170
v 1.808333 -1.596081 -0.744265
v 1.858333 -1.559782 -0.900540
v 1.808333 -1.525141 -0.880540
v 1.808333 -1.442593 -1.010114
v 1.858333 -1.475359 -1.033058
v 1.858333 -1.379708 -1.157712
v 1.808333 -1.349066 -1.132001
v 1.808333 -1.245272 -1.245272
v 1.858333 -1.273556 -1.273556
v 1.858333 -1.157712 -1.379708
v 1.808333 -1.132001 -1.349066
v 1.808333 -1.010114 -1.442593
v 1.858333 -1.033058 -1.475359
v 1.858333 -0.900540 -1.559782
v 1.808333 -0.880540 -1.525141
v 1.808333 -0.744265 -1.596081
v 1.858333 -0.761170 -1.632334
v 1.808333 -0.602325 -1.654875
v 1.858333 -0.616006 -1.692462
v 1.808333 -0.455801 -1.701073
v 1.858333 -0.466154 -1.739710
v 1.808333 -0.305808 -1.734326
v 1.858333 -0.312754 -1.773718
v 1.808333 -0.153488 -1.754379
v 1.858333 -0.156975 -1.794227
v 1.808333 -0.000000 -1.761081
v 1.858333 -0.000000 -1.801081
v 1.858333 0.156975 -1.794227
v 1.808333 0.153488 -1.754379
v 1.858333 0.312754 -1.773718
v 1.808333 0.305808 -1.734326
v 1.858333 0.466154 -1.739710
v 1.808333 0.455801 -1.701073
v 1.858333 0.616006 -1.692462
v 1.808333 0.602325 -1.654875
v 1.858333 0.761170 -1.632334
v 1.808333 0.744265 -1.596081
v 1.858333 0.900540 -1.559782
v 1.808333 0.880540 -1.525141
v 1.858333 1.033058 -1.475359
v 1.808333 1.010114 -1.442593
v 1.858333 1.157712 -1.379708
v 1.808333 1.132001 -1.349066
v 1.858333 1.273556 -1.273556
v 1.808333 1.245272 -1.245272
v 1.858333 1.379708 -1.157712
v 1.808333 1.349066 -1.132001
v 1.858333 1.475359 -1.033058
v 1.808333 1.442593 -1.010114
v 1.858333 1.559782 -0.900540
v 1.808333 1.525141 -0.880540
v 1.808333 1.596081 -0.744265
v 1.858333 1.632334 -0.761170
v 1.808333 1.654875 -0.602325
v 1.858333 1.692462 -0.616006
v 1.808333 1.701073 -0.455801
v 1.858333 1.739710 -0.466154
v 1.858333 1.773718 -0.312754
v 1.808333 1.734326 -0.305808
v 1.858333 1.794227 -0.156975
v 1.808333 1.754379 -0.153488
v 2.016667 1.610797 0.000000
v 2.066667 1.650797 0.000000
v 2.016667 1.604667 0.140390
v 2.066667 1.644515 0.143876
v 2.016667 1.586325 0.279712
v 2.066667 1.625717 0.286658
v 2.016667 1.555910 0.416905
v 2.066667 1.594547 0.427258
v 2.066667 1.551241 0.564606
v 2.016667 1.513654 0.550925
v 2.016667 1.459877 0.680752
v 2.066667 1.496130 0.697657
v 2.066667 1.429632 0.825398
v 2.016667 1.394991 0.805398
v 2.066667 1.352253 0.946858
v 2.016667 1.319487 0.923915
v 2.066667 1.264584 1.061112
v 2.016667 1.233942 1.035400
v 2.066667 1.167289 1.167289
v 2.016667 1.139005 1.139005
v 2.066667 1.061112 1.264584
v 2.016667 1.035400 1.233942
v 2.066667 0.946858 1.352253
v 2.016667 0.923915 1.319487
v 2.066667 0.825398 1.429632
v 2.016667 0.805398 1.394991
v 2.066667 0.697657 1.496130
v 2.016667 0.680752 1.459877
v 2.066667 0.564606 1.551241
v 2.016667 0.550925 1.513654
v 2.066667 0.427258 1.594547
v 2.016667 0.416905 1.555910
v 2.066667 0.286658 1.625717
v 2.016667 0.279712 1.586325
v 2.016667 0.140390 1.604667
v 2.066667 0.143876 1.644515
v 2.016667 0.000000 1.610797
v 2.066667 0.000000 1.650797
v 2.016667 -0.140390 1.604667
v 2.066667 -0.143876 1.644515
v 2.066667 -0.286658 1.625717
v 2.016667 -0.279712 1.586325
v 2.016667 -0.416905 1.555910
v 2.066667 -0.427258 1.594547
v 2.016667 -0.550925 1.513654
v 2.066667 -0.564606 1.551241
v 2.016667 -0.680752 1.459877
v 2.066667 -0.697657 1.496130
v 2.066667 -0.825398 1.429632
v 2.016667 -0.805398 1.394991
v 2.066667 -0.946858 1.352253
v 2.016667 -0.923915 1.319487
v 2.066667 -1.061112 1.264584
v 2.016667 -1.035400 1.233942
v 2.016667 -1.139005 1.139005
v 2.066667 -1.167289 1.167289
v 2.066667 -1.264584 1.061112
v 2.016667 -1.233942 1.035400
v 2.066667 -1.352253 0.946858
v 2.016667 -1.319487 0.923915
v 2.016667 -1.394991 0.805398
v 2.066667 -1.429632 0.825398
v 2.066667 -1.496130 0.697657
v 2.016667 -1.459877 0.680752
v 2.016667 -1.513654 0.550925
v 2.066667 -1.551241 0.564606
v 2.066667 -1.594547 0.427258
v 2.016667 -1.555910 0.416905
v 2.016667 -1.586325 0.279712
v 2.066667 -1.625717 0.286658
v 2.066667 -1.644515 0.143876
v 2.016667 -1.604667 0.140390
v 2.066667 -1.650797 0.000000
v 2.016667 -1.610797 0.000000
v 2.066667 -1.644515 -0.143876
v 2.016667 -1.604667 -0.140390
v 2.066667 -1.625717 -0.286658
v 2.016667 -1.586325 -0.279712
v 2.066667 -1.594547 -0.427258
v 2.016667 -1.555910 -0.416905
v 2.066667 -1.551241 -0.564606
v 2.016667 -1.513654 -0.550925
v 2.066667 -1.496130 -0.697657
v 2.016667 -1.459877 -0.680752
v 2.016667 -1.394991 -0.805398
v 2.066667 -1.429632 -0.825398
v 2.016667 -1.319487 -0.923915
v 2.066667 -1.352253 -0.946858
v 2.016667 -1.233942 -1.035400
v 2.066667 -1.264584 -1.061112
v 2.066667 -1.167289 -1.167289
v 2.016667 -1.139005 -1.139005
v 2.066667 -1.061112 -1.264584
v 2.016667 -1.035400 -1.233942
v 2.066667 -0.946858 -1.352253
v 2.016667 -0.923915 -1.319487
v 2.066667 -0.825398 -1.429632
v 2.016667 -0.805398 -1.394991
v 2.016667 -0.680752 -1.459877
v 2.066667 -0.697657 -1.496130
v 2.066667 -0.564606 -1.551241
v 2.016667 -0.550925 -1.513654
v 2.016667 -0.416905 -1.555910
v 2.066667 -0.427258 -1.594547
v 2.016667 -0.279712 -1.586325
v 2.066667 -0.286658 -1.625717
v 2.016667 -0.140390 -1.604667
v 2.066667 -0.143876 -1.644515
v 2.016667 -0.000000 -1.610797
v 2.066667 -0.000000 -1.650797
v 2.066667 0.143876 -1.644515
v 2.016667 0.140390 -1.604667
v 2.066667 0.286658 -1.625717
v 2.016667 0.279712 -1.586325
v 2.066667 0.427258 -1.594547
v 2.016667 0.416905 -1.555910
v 2.016667 0.550925 -1.513654
v 2.066667 0.564606 -1.551241
v 2.066667 0.697657 -1.496130
v 2.016667 0.680752 -1.459877
v 2.066667 0.825398 -1.429632
v 2.016667 0.805398 -1.394991
v 2.066667 0.946858 -1.352253
v 2.016667 0.923915 -1.319487
v 2.066667 1.061112 -1.264584
v 2.016667 1.035400 -1.233942
v 2.066667 1.167289 -1.167289
v 2.016667 1.139005 -1.139005
v 2.016667 1.233942 -1.035400
v 2.066667 1.264584 -1.061112
v 2.016667 1.319487 -0.923915
v 2.066667 1.352253 -0.946858
v 2.066667 1.429632 -0.825398
v 2.016667 1.394991 -0.805398
v 2.066667 1.496130 -0.697657
v 2.016667 1.459877 -0.680752
v 2.016667 1.513654 -0.550925
v 2.066667 1.551241 -0.564606
v 2.016667 1.555910 -0.416905
v 2.066667 1.594547 -0.427258
v 2.016667 1.586325 -0.279712
v 2.066667 1.625717 -0.286658
v 2.016667 1.604667 -0.140390
v 2.066667 1.644515 -0.143876
v 2.225000 1.423338 0.000000
v 2.275000 1.463338 0.000000
v 2.225000 1.417922 0.124052
v 2.275000 1.457770 0.127538
v 2.275000 1.441107 0.254106
v 2.225000 1.401715 0.247160
v 2.275000 1.413476 0.378740
v 2.225000 1.374839 0.368387
v 2.225000 1.337500 0.486810
v 2.275000 1.375088 0.500491
v 2.225000 1.289983 0.601529
v 2.275000 1.326235 0.618433
v 2.275000 1.267288 0.731669
v 2.225000 1.232647 0.711669
v 2.275000 1.198696 0.839336
v 2.225000 1.165930 0.816393
v 2.275000 1.120982 0.940616
v 2.225000 1.090340 0.914904
v 2.275000 1.034736 1.034736
v 2.225000 1.006452 1.006452
v 2.275000 0.940616 1.120982
v 2.225000 0.914904 1.090340
v 2.275000 0.839336 1.198696
v 2.225000 0.816393 1.165930
v 2.275000 0.731669 1.267288
v 2.225000 0.711669 1.232647
v 2.225000 0.601529 1.289983
v 2.275000 0.618433 1.326235
v 2.225000 0.486810 1.337500
v 2.275000 0.500491 1.375088
v 2.225000 0.368387 1.374839
v 2.275000 0.378740 1.413476
v 2.225000 0.247160 1.401715
v 2.275000 0.254106 1.441107
v 2.275000 0.127538 1.457770
v 2.225000 0.124052 1.417922
v 2.225000 0.000000 1.423338
v 2.275000 0.000000 1.463338
v 2.225000 -0.124052 1.417922
v 2.275000 -0.127538 1.457770
v 2.275000 -0.254106 1.441107
v 2.225000 -0.247160 1.401715
v 2.275000 -0.378740 1.413476
v 2.225000 -0.368387 1.374839
v 2.275000 -0.500491 1.375088
v 2.225000 -0.486810 1.337500
v 2.275000 -0.618433 1.326235
v 2.225000 -0.601529 1.289983
v 2.275000 -0.731669 1.267288
v 2.225000 -0.711669 1.232647
v 2.225000 -0.816393 1.165930
v 2.275000 -0.839336 1.198696
v 2.225000 -0.914904 1.090340
v 2.275000 -0.940616 1.120982
v 2.225000 -1.006452 1.006452
v 2.275000 -1.034736 1.034736
v 2.225000 -1.090340 0.914904
v 2.275000 -1.120982 0.940616
v 2.275000 -1.198696 0.839336
v 2.225000 -1.165930 0.816393
v 2.275000 -1.267288 0.731669
v 2.225000 -1.232647 0.711669
v 2.275000 -1.326235 0.618433
v 2.225000 -1.289983 0.601529
v 2.275000 -1.375088 0.500491
v 2.225000 -1.337500 0.486810
v 2.225000 -1.374839 0.368387
v 2.275000 -1.413476 0.378740
v 2.225000 -1.401715 0.247160
v 2.275000 -1.441107 0.254106
v 2.225000 -1.417922 0.124052
v 2.275000 -1.457770 0.127538
v 2.225000 -1.423338 0.000000
v 2.275000 -1.463338 0.000000
v 2.225000 -1.417922 -0.124052
v 2.275000 -1.457770 -0.127538
v 2.225000 -1.401715 -0.247160
v 2.275000 -1.441107 -0.254106
v 2.225000 -1.374839 -0.368387
v 2.275000 -1.413476 -0.378740
v 2.275000 -1.375088 -0.500491
v 2.225000 -1.337500 -0.486810
v 2.275000 -1.326235 -0.618433
v 2.225000 -1.289983 -0.601529
v 2.225000 -1.232647 -0.711669
v 2.275000 -1.267288 -0.731669
v 2.275000 -1.198696 -0.839336
v 2.225000 -1.165930 -0.816393
v 2.275000 -1.120982 -0.940616
v 2.225000 -1.090340 -0.914904
v 2.275000 -1.034736 -1.034736
v 2.225000 -1.006452 -1.006452
v 2.275000 -0.940616 -1.120982
v 2.225000 -0.914904 -1.090340
v 2.275000 -0.839336 -1.198696
v 2.225000 -0.816393 -1.165930
v 2.275000 -0.731669 -1.267288
v 2.225000 -0.711669 -1.232647
v 2.275000 -0.618433 -1.326235
v 2.225000 -0.601529 -1.289983
v 2.225000 -0.486810 -1.337500
v 2.275000 -0.500491 -1.375088
v 2.275000 -0.378740 -1.413476
v 2.225000 -0.368387 -1.374839
v 2.275000 -0.254106 -1.441107
v 2.225000 -0.247160 -1.401715
v 2.275000 -0.127538 -1.457770
v 2.225000 -0.124052 -1.417922
v 2.275000 -0.000000 -1.463338
v 2.225000 -0.000000 -1.423338
v 2.225000 0.124052 -1.417922
v 2.275000 0.127538 -1.457770
v 2.225000 0.247160 -1.401715
v 2.275000 0.254106 -1.441107
v 2.225000 0.368387 -1.374839
v 2.275000 0.378740 -1.413476
v 2.225000 0.486810 -1.337500
v 2.275000 0.500491 -1.375088
v 2.225000 0.601529 -1.289983
v 2.275000 0.618433 -1.326235
v 2.225000 0.711669 -1.232647
v 2.275000 0.731669 -1.267288
v 2.225000 0.816393 -1.165930
v 2.275000 0.839336 -1.198696
v 2.275000 0.940616 -1.120982
v 2.225000 0.914904 -1.090340
v 2.275000 1.034736 -1.034736
v 2.225000 1.006452 -1.006452
v 2.275000 1.120982 -0.940616
v 2.225000 1.090340 -0.914904
v 2.275000 1.198696 -0.839336
v 2.225000 1.165930 -0.816393
v 2.275000 1.267288 -0.731669
v 2.225000 1.232647 -0.711669
v 2.225000 1.289983 -0.601529
v 2.275000 1.326235 -0.618433
v 2.275000 1.375088 -0.500491
v 2.225000 1.337500 -0.486810
v 2.275000 1.413476 -0.378740
v 2.225000 1.374839 -0.368387
v 2.225000 1.401715 -0.247160
v 2.275000 1.441107 -0.254106
v 2.225000 1.417922 -0.124052
v 2.275000 1.457770 -0.127538
v 2.483333 1.221712 0.000000
v 2.433333 1.181712 0.000000
v 2.433333 1.177215 0.102993
v 2.483333 1.217063 0.106479
v 2.433333 1.163759 0.205202
v 2.483333 1.203152 0.212148
v 2.483333 1.180083 0.316202
v 2.433333 1.141446 0.305850
v 2.433333 1.110446 0.404169
v 2.483333 1.148034 0.417850
v 2.483333 1.107247 0.516318
v 2.433333 1.070995 0.499413
v 2.433333 1.023393 0.590856
v 2.483333 1.058034 0.610856
v 2.483333 1.000768 0.700745
v 2.433333 0.968002 0.677802
v 2.433333 0.905244 0.759590
v 2.483333 0.935886 0.785301
v 2.483333 0.863881 0.863881
v 2.433333 0.835597 0.835597
v 2.433333 0.759590 0.905244
v 2.483333 0.785301 0.935886
v 2.433333 0.677802 0.968002
v 2.483333 0.700745 1.000768
v 2.483333 0.610856 1.058034
v 2.433333 0.590856 1.023393
v 2.483333 0.516318 1.107247
v 2.433333 0.499413 1.070995
v 2.483333 0.417850 1.148034
v 2.433333 0.404169 1.110446
v 2.483333 0.316202 1.180083
v 2.433333 0.305850 1.141446
v 2.433333 0.205202 1.163759
v 2.483333 0.212148 1.203152
v 2.433333 0.102993 1.177215
v 2.483333 0.106479 1.217063
v 2.483333 0.000000 1.221712
v 2.433333 0.000000 1.181712
v 2.483333 -0.106479 1.217063
v 2.433333 -0.102993 1.177215
v 2.433333 -0.205202 1.163759
v 2.483333 -0.212148 1.203152
v 2.433333 -0.305850 1.141446
v 2.483333 -0.316202 1.180083
v 2.433333 -0.404169 1.110446
v 2.483333 -0.417850 1.148034
v 2.483333 -0.516318 1.107247
v 2.433333 -0.499413 1.070995
v 2.433333 -0.590856 1.023393
v 2.483333 -0.610856 1.058034
v 2.433333 -0.677802 0.968002
v 2.483333 -0.700745 1.000768
v 2.433333 -0.759590 0.905244
v 2.483333 -0.785301 0.935886
v 2.483333 -0.863881 0.863881
v 2.433333 -0.835597 0.835597
v 2.433333 -0.905244 0.759590
v 2.483333 -0.935886 0.785301
v 2.433333 -0.968002 0.677802
v 2.483333 -1.000768 0.700745
v 2.483333 -1.058034 0.610856
v 2.433333 -1.023393 0.590856
v 2.483333 -1.107247 0.516318
v 2.433333 -1.070995 0.499413
v 2.483333 -1.148034 0.417850
v 2.433333 -1.110446 0.404169
v 2.483333 -1.180083 0.316202
v 2.433333 -1.141446 0.305850
v 2.483333 -1.203152 0.212148
v 2.433333 -1.163759 0.205202
v 2.433333 -1.177215 0.102993
v 2.483333 -1.217063 0.106479
v 2.433333 -1.181712 0.000000
v 2.483333 -1.221712 0.000000
v 2.483333 -1.217063 -0.106479
v 2.433333 -1.177215 -0.102993
v 2.483333 -1.203152 -0.212148
v 2.433333 -1.163759 -0.205202
v 2.483333 -1.180083 -0.316202
v 2.433333 -1.141446 -0.305850
v 2.483333 -1.148034 -0.417850
v 2.433333 -1.110446 -0.404169
v 2.483333 -1.107247 -0.516318
v 2.433333 -1.070995 -0.499413
v 2.483333 -1.058034 -0.610856
v 2.433333 -1.023393 -0.590856
v 2.483333 -1.000768 -0.700745
v 2.433333 -0.968002 -0.677802
v 2.483333 -0.935886 -0.785301
v 2.433333 -0.905244 -0.759590
v 2.433333 -0.835597 -0.835597
v 2.483333 -0.863881 -0.863881
v 2.433333 -0.759590 -0.905244
v 2.483333 -0.785301 -0.935886
v 2.433333 -0.677802 -0.968002
v 2.483333 -0.700745 -1.000768
v 2.433333 -0.590856 -1.023393
v 2.483333 -0.610856 -1.058034
v 2.483333 -0.516318 -1.107247
v 2.433333 -0.499413 -1.070995
v 2.433333 -0.404169 -1.110446
v 2.483333 -0.417850 -1.148034
v 2.433333 -0.305850 -1.141446
v 2.483333 -0.316202 -1.180083
v 2.433333 -0.205202 -1.163759
v 2.483333 -0.212148 -1.203152
v 2.483333 -0.106479 -1.217063
v 2.433333 -0.102993 -1.177215
v 2.483333 -0.000000 -1.221712
v 2.433333 -0.000000 -1.181712
v 2.483333 0.106479 -1.217063
v 2.433333 0.102993 -1.177215
v 2.483333 0.212148 -1.203152
v 2.433333 0.205202 -1.163759
v 2.433333 0.305850 -1.141446
v 2.483333 0.316202 -1.180083
v 2.483333 0.417850 -1.148034
v 2.433333 0.404169 -1.110446
v 2.483333 0.516318 -1.107247
v 2.433333 0.499413 -1.070995
v 2.483333 0.610856 -1.058034
v 2.433333 0.590856 -1.023393
v 2.433333 0.677802 -0.968002
v 2.483333 0.700745 -1.000768
v 2.483333 0.785301 -0.935886
v 2.433333 0.759590 -0.905244
v 2.433333 0.835597 -0.835597
v 2.483333 0.863881 -0.863881
v 2.483333 0.935886 -0.785301
v 2.433333 0.905244 -0.759590
v 2.433333 0.968002 -0.677802
v 2.483333 1.000768 -0.700745
v 2.483333 1.058034 -0.610856
v 2.433333 1.023393 -0.590856
v 2.483333 1.107247 -0.516318
v 2.433333 1.070995 -0.499413
v 2.483333 1.148034 -0.417850
v 2.433333 1.110446 -0.404169
v 2.483333 1.180083 -0.316202
v 2.433333 1.141446 -0.305850
v 2.483333 1.203152 -0.212148
v 2.433333 1.163759 -0.205202
v 2.483333 1.217063 -0.106479
v 2.433333 1.177215 -0.102993
v 2.641667 0.842493 0.000000
v 2.691667 0.882493 0.000000
v 2.641667 0.839287 0.073428
v 2.691667 0.879135 0.076914
v 2.641667 0.829694 0.146297
v 2.691667 0.869086 0.153243
v 2.641667 0.813786 0.218053
v 2.691667 0.852423 0.228406
v 2.641667 0.791685 0.288150
v 2.691667 0.829272 0.301830
v 2.641667 0.763558 0.356053
v 2.691667 0.799810 0.372958
v 2.641667 0.729620 0.421247
v 2.691667 0.764261 0.441247
v 2.641667 0.690130 0.483234
v 2.691667 0.722896 0.506177
v 2.641667 0.645387 0.541544
v 2.691667 0.676029 0.567256
v 2.641667 0.595733 0.595733
v 2.691667 0.624017 0.624017
v 2.641667 0.541544 0.645387
v 2.691667 0.567256 0.676029
v 2.641667 0.483234 0.690130
v 2.691667 0.506177 0.722896
v 2.641667 0.421247 0.729620
v 2.691667 0.441247 0.764261
v 2.641667 0.356053 0.763558
v 2.691667 0.372958 0.799810
v 2.641667 0.288150 0.791685
v 2.691667 0.301830 0.829272
v 2.641667 0.218053 0.813786
v 2.691667 0.228406 0.852423
v 2.641667 0.146297 0.829694
v 2.691667 0.153243 0.869086
v 2.641667 0.073428 0.839287
v 2.691667 0.076914 0.879135
v 2.641667 0.000000 0.842493
v 2.691667 0.000000 0.882493
v 2.641667 -0.073428 0.839287
v 2.691667 -0.076914 0.879135
v 2.641667 -0.146297 0.829694
v 2.691667 -0.153243 0.869086
v 2.691667 -0.228406 0.852423
v 2.641667 -0.218053 0.813786
v 2.641667 -0.288150 0.791685
v 2.691667 -0.301830 0.829272
v 2.691667 -0.372958 0.799810
v 2.641667 -0.356053 0.763558
v 2.691667 -0.441247 0.764261
v 2.641667 -0.421247 0.729620
v 2.641667 -0.483234 0.690130
v 2.691667 -0.506177 0.722896
v 2.641667 -0.541544 0.645387
v 2.691667 -0.567256 0.676029
v 2.641667 -0.595733 0.595733
v 2.691667 -0.624017 0.624017
v 2.641667 -0.645387 0.541544
v 2.691667 -0.676029 0.567256
v 2.641667 -0.690130 0.483234
v 2.691667 -0.722896 0.506177
v 2.641667 -0.729620 0.421247
v 2.691667 -0.764261 0.441247
v 2.691667 -0.799810 0.372958
v 2.641667 -0.763558 0.356053
v 2.691667 -0.829272 0.301830
v 2.641667 -0.791685 0.288150
v 2.691667 -0.852423 0.228406
v 2.641667 -0.813786 0.218053
v 2.691667 -0.869086 0.153243
v 2.641667 -0.829694 0.146297
v 2.691667 -0.879135 0.076914
v 2.641667 -0.839287 0.073428
v 2.691667 -0.882493 0.000000
v 2.641667 -0.842493 0.000000
v 2.641667 -0.839287 -0.073428
v 2.691667 -0.879135 -0.076914
v 2.641667 -0.829694 -0.146297
v 2.691667 -0.869086 -0.153243
v 2.691667 -0.852423 -0.228406
v 2.641667 -0.813786 -0.218053
v 2.641667 -0.791685 -0.288150
v 2.691667 -0.829272 -0.301830
v 2.641667 -0.763558 -0.356053
v 2.691667 -0.799810 -0.372958
v 2.691667 -0.764261 -0.441247
v 2.641667 -0.729620 -0.421247
v 2.641667 -0.690130 -0.483234
v 2.691667 -0.722896 -0.506177
v 2.641667 -0.645387 -0.541544
v 2.691667 -0.676029 -0.567256
v 2.641667 -0.595733 -0.595733
v 2.691667 -0.624017 -0.624017
v 2.641667 -0.541544 -0.645387
v 2.691667 -0.567256 -0.676029
v 2.641667 -0.483234 -0.690130
v 2.691667 -0.506177 -0.722896
v 2.641667 -0.421247 -0.729620
v 2.691667 -0.441247 -0.764261
v 2.641667 -0.356053 -0.763558
v 2.691667 -0.372958 -0.799810
v 2.641667 -0.288150 -0.791685
v 2.691667 -0.301830 -0.829272
v 2.641667 -0.218053 -0.813786
v 2.691667 -0.228406 -0.852423
v 2.641667 -0.146297 -0.829694
v 2.691667 -0.153243 -0.869086
v 2.641667 -0.073428 -0.839287
v 2.691667 -0.076914 -0.879135
v 2.691667 -0.000000 -0.882493
v 2.641667 -0.000000 -0.842493
v 2.691667 0.076914 -0.879135
v 2.641667 0.073428 -0.839287
v 2.691667 0.153243 -0.869086
v 2.641667 0.146297 -0.829694
v 2.641667 0.218053 -0.813786
v 2.691667 0.228406 -0.852423
v 2.641667 0.288150 -0.791685
v 2.691667 0.301830 -0.829272
v 2.641667 0.356053 -0.763558
v 2.691667 0.372958 -0.799810
v 2.641667 0.421247 -0.729620
v 2.691667 0.441247 -0.764261
v 2.691667 0.506177 -0.722896
v 2.641667 0.483234 -0.690130
v 2.691667 0.567256 -0.676029
v 2.641667 0.541544 -0.645387
v 2.641667 0.595733 -0.595733
v 2.691667 0.624017 -0.624017
v 2.641667 0.645387 -0.541544
v 2.691667 0.676029 -0.567256
v 2.641667 0.690130 -0.483234
v 2.691667 0.722896 -0.506177
v 2.691667 0.764261 -0.441247
v 2.641667 0.729620 -0.421247
v 2.641667 0.763558 -0.356053
v 2.691667 0.799810 -0.372958
v 2.641667 0.791685 -0.288150
v 2.691667 0.829272 -0.301830
v 2.641667 0.813786 -0.218053
v 2.691667 0.852423 -0.228406
v 2.641667 0.829694 -0.146297
v 2.691667 0.869086 -0.153243
v 2.641667 0.839287 -0.073428
v 2.691667 0.879135 -0.076914
v 2.759217 0.600542 0.052541
v 2.759217 0.602836 0.000000
v 2.759217 0.593677 0.104681
v 2.759217 0.593677 0.104681
v 2.759217 0.582295 0.156025
v 2.759217 0.566480 0.206182
v 2.759217 0.566480 0.206182
v 2.759217 0.546355 0.254769
v 2.759217 0.522071 0.301418
v 2.759217 0.493814 0.345772
v 2.759217 0.461799 0.387495
v 2.759217 0.426269 0.426269
v 2.759217 0.387495 0.461799
v 2.759217 0.345772 0.493814
v 2.759217 0.301418 0.522071
v 2.759217 0.254769 0.546355
v 2.759217 0.206182 0.566480
v 2.759217 0.156025 0.582295
v 2.759217 0.206182 0.566480
v 2.759217 0.104681 0.593677
v 2.759217 0.052541 0.600542
v 2.759217 0.104681 0.593677
v 2.759217 0.000000 0.602836
v 2.759217 -0.052541 0.600542
v 2.759217 -0.000251 0.602825
v 2.759217 -0.104681 0.593677
v 2.759217 -0.104681 0.593677
v 2.759217 -0.156025 0.582295
v 2.759217 -0.206182 0.566480
v 2.759217 -0.206182 0.566480
v 2.759217 -0.254769 0.546355
v 2.759217 -0.301418 0.522071
v 2.759217 -0.345772 0.493814
v 2.759217 -0.387495 0.461799
v 2.759217 -0.426269 0.426269
v 2.759217 -0.461799 0.387495
v 2.759217 -0.493814 0.345772
v 2.759217 -0.522071 0.301418
v 2.759217 -0.546355 0.254769
v 2.759217 -0.566480 0.206182
v 2.759217 -0.582295 0.156025
v 2.759217 -0.566480 0.206182
v 2.759217 -0.593677 0.104681
v 2.759217 -0.600542 0.052541
v 2.759217 -0.593677 0.104681
v 2.759217 -0.602836 0.000000
v 2.759217 -0.600542 -0.052541
v 2.759217 -0.602825 -0.000251
v 2.759217 -0.593677 -0.104681
v 2.759217 -0.593677 -0.104681
v 2.759217 -0.582295 -0.156025
v 2.759217 -0.566480 -0.206182
v 2.759217 -0.566480 -0.206182
v 2.759217 -0.546355 -0.254769
v 2.759217 -0.522071 -0.301418
v 2.759217 -0.493814 -0.345772
v 2.759217 -0.461799 -0.387495
v 2.759217 -0.426269 -0.426269
v 2.759217 -0.387495 -0.461799
v 2.759217 -0.345772 -0.493814
v 2.759217 -0.301418 -0.522071
v 2.759217 -0.254769 -0.546355
v 2.759217 -0.206182 -0.566480
v 2.759217 -0.156025 -0.582295
v 2.759217 -0.206182 -0.566480
v 2.759217 -0.104681 -0.593677
v 2.759217 -0.052541 -0.600542
v 2.759217 -0.104681 -0.593677
v 2.759217 -0.000000 -0.602836
v 2.759217 -0.000000 -0.602836
v 2.759217 0.052541 -0.600542
v 2.759217 0.000251 -0.602825
v 2.759217 0.104681 -0.593677
v 2.759217 0.104681 -0.593677
v 2.759217 0.156025 -0.582295
v 2.759217 0.206182 -0.566480
v 2.759217 0.206182 -0.566480
v 2.759217 0.254769 -0.546355
v 2.759217 0.301418 -0.522071
v 2.759217 0.345772 -0.493814
v 2.759217 0.387495 -0.461799
v 2.759217 0.426269 -0.426269
v 2.759217 0.461799 -0.387495
v 2.759217 0.493814 -0.345772
v 2.759217 0.522071 -0.301418
v 2.759217 0.546355 -0.254769
v 2.759217 0.566480 -0.206182
v 2.759217 0.582295 -0.156025
v 2.759217 0.566480 -0.206182
v 2.759217 0.593677 -0.104681
v 2.759217 0.600542 -0.052541
v 2.759217 0.593677 -0.104681
v -2.100000 1.649909 -1.155279
v -2.100000 1.825455 -0.851224
v -2.100000 1.744320 -1.007083
v -2.100000 1.983567 -0.349756
v -2.100000 1.945536 -0.521305
v -2.100000 2.006502 -0.175546
v -2.100000 1.892698 -0.688886
v -2.100000 0.521305 -1.945536
v -2.100000 0.851224 -1.825455
v -2.100000 0.688886 -1.892698
v -2.100000 1.294681 -1.542941
v -2.100000 1.155279 -1.649909
v -2.100000 1.424231 -1.424231
v -2.100000 1.007083 -1.744320
v -2.100000 -0.851224 -1.825455
v -2.100000 -0.521305 -1.945536
v -2.100000 -0.688886 -1.892698
v -2.100000 -0.175546 -2.006502
v -2.100000 0.175546 -2.006502
v -2.100000 -0.000000 -2.014167
v -2.100000 -0.349756 -1.983567
v -2.100000 -1.825455 -0.851224
v -2.100000 -1.649909 -1.155279
v -2.100000 -1.744320 -1.007083
v -2.100000 -1.424231 -1.424231
v -2.100000 -1.155279 -1.649909
v -2.100000 -1.294681 -1.542941
v -2.100000 -1.542941 -1.294681
v -2.100000 -2.014167 0.000000
v -2.100000 -1.983567 -0.349756
v -2.100000 -2.006502 -0.175546
v -2.100000 -2.006502 0.175546
v -2.100000 -1.945536 -0.521305
v -2.100000 -1.945536 0.521305
v -2.100000 -1.983567 0.349756
v -2.100000 -1.825455 0.851224
v -2.100000 -1.649909 1.155279
v -2.100000 -1.744320 1.007083
v -2.100000 -1.424231 1.424231
v -2.100000 -1.542941 1.294681
v -2.100000 -1.155279 1.649909
v -2.100000 -1.294681 1.542941
v -2.100000 -0.851224 1.825455
v -2.100000 -0.521305 1.945536
v -2.100000 -0.688886 1.892698
v -2.100000 -0.175546 2.006502
v -2.100000 -0.349756 1.983567
v -2.100000 0.175546 2.006502
v -2.100000 0.000000 2.014167
v -2.100000 0.521305 1.945536
v -2.100000 0.851224 1.825455
v -2.100000 0.688886 1.892698
v -2.100000 1.155279 1.649909
v -2.100000 1.007083 1.744320
v -2.100000 1.424231 1.424231
v -2.100000 1.294681 1.542941
v -2.100000 1.649909 1.155279
v -2.100000 1.825455 0.851224
v -2.100000 1.744320 1.007083
v -2.100000 1.945536 0.521305
v -2.100000 1.892698 0.688886
v -2.100000 2.006502 0.175546
v -2.100000 1.983567 0.349756
v -2.100000 1.542941 -1.294681
v -2.100000 -1.007083 -1.744320
v -2.100000 -1.892698 0.688886
v -2.100000 0.349756 1.983567
v -2.100000 2.014167 0.000000
v -2.100000 -1.892698 -0.688886
v -2.100000 -1.007083 1.744320
v -2.100000 1.542941 1.294681
v -2.100000 0.349756 -1.983567
v -1.293330 0.375288 2.083364
v -1.294773 0.367631 2.084939
v -1.266667 0.456141 2.067713
v -1.329222 0.189263 2.105529
v -1.329517 0.184265 2.106162
v -1.341240 0.000000 2.113230
v -1.329517 -0.184265 2.106162
v -1.341240 0.000000 2.113230
v -1.294773 -0.367631 2.084939
v -1.329222 -0.189263 2.105529
v -1.293330 -0.375288 2.083364
v -1.266667 -0.456141 2.067713
v -1.150462 0.728205 2.000726
v -1.058333 0.869842 1.950360
v -1.234129 0.554891 2.048068
v -1.235973 0.549215 2.049697
v -1.152563 0.725000 2.001553
v -1.235973 -0.549215 2.049697
v -1.150462 -0.728205 2.000726
v -1.152563 -0.725000 2.001553
v -1.234129 -0.554891 2.048068
v -1.058333 -0.869842 1.950360
v -0.870892 1.076213 1.864055
v -0.850000 1.094963 1.854172
v -1.031647 0.903993 1.938619
v -0.927912 1.025305 1.885204
v -1.049967 0.882704 1.945786
v -1.049967 -0.882704 1.945786
v -1.031647 -0.903993 1.938619
v -0.870892 -1.076213 1.864055
v -0.927912 -1.025305 1.885204
v -0.850000 -1.094963 1.854172
v -0.648577 1.245207 1.778340
v -0.641667 1.249919 1.775449
v -0.788273 1.150362 1.824973
v -0.648577 -1.245207 1.778340
v -0.788273 -1.150362 1.824973
v -0.641667 -1.249919 1.775449
v -0.633135 1.255737 1.771880
v -0.465242 1.339625 1.725129
v -0.433333 1.350531 1.720109
v -0.633135 -1.255737 1.771880
v -0.465242 -1.339625 1.725129
v -0.433333 -1.350531 1.720109
v -0.286863 1.400592 1.697066
v -0.225000 1.412912 1.694105
v -0.286863 -1.400592 1.697066
v -0.225000 -1.412912 1.694105
v -0.189015 1.420078 1.692383
v -0.101150 1.437595 1.686253
v -0.016667 1.443110 1.690740
v -0.189015 -1.420078 1.692383
v -0.101150 -1.437595 1.686253
v -0.016667 -1.443110 1.690740
v 0.088902 1.450000 1.696347
v 0.191667 1.443334 1.714059
v 0.088902 -1.450000 1.696347
v 0.191667 -1.443334 1.714059
v 0.224301 1.441211 1.717568
v 0.400000 1.413965 1.746293
v 0.279812 1.437595 1.722813
v 0.224301 -1.441211 1.717568
v 0.279812 -1.437595 1.722813
v 0.400000 -1.413965 1.746293
v 0.467556 1.400592 1.750751
v 0.608333 1.353300 1.774946
v 0.467556 -1.400592 1.750751
v 0.608333 -1.353300 1.774946
v 0.799569 1.266174 1.808284
v 0.648851 1.339625 1.778338
v 0.816667 1.257819 1.810788
v 0.799569 -1.266174 1.808284
v 0.816667 -1.257819 1.810788
v 0.648851 -1.339625 1.778338
v 0.820908 1.255737 1.811045
v 0.980240 1.150362 1.837977
v 1.025000 1.111773 1.851269
v 0.820908 -1.255737 1.811045
v 0.980240 -1.150362 1.837977
v 1.025000 -1.111773 1.851269
v 1.068570 1.074028 1.860271
v 1.124570 1.025305 1.867250
v 1.233333 0.903119 1.895150
v 1.124570 -1.025305 1.867250
v 1.068570 -1.074028 1.860271
v 1.233333 -0.903119 1.895150
v 1.249430 0.884947 1.897775
v 1.370396 0.700579 1.924824
v 1.358069 0.725000 1.919734
v 1.251406 0.882704 1.897898
v 1.441667 0.558036 1.941619
v 1.370396 -0.700579 1.924824
v 1.441667 -0.558036 1.941619
v 1.251406 -0.882704 1.897898
v 1.249430 -0.884947 1.897775
v 1.358069 -0.725000 1.919734
v 1.443231 0.554891 1.941835
v 1.454800 0.521590 1.946601
v 1.511120 0.345321 1.958415
v 1.504959 0.375288 1.954754
v 1.542497 0.189263 1.964003
v 1.543720 0.171976 1.965696
v 1.555119 0.000000 1.967812
v 1.543720 -0.171976 1.965696
v 1.555119 0.000000 1.967812
v 1.511120 -0.345321 1.958415
v 1.542497 -0.189263 1.964003
v 1.454800 -0.521590 1.946601
v 1.504959 -0.375288 1.954754
v 1.443231 -0.554891 1.941835
v -1.316667 0.264112 2.060621
v -1.331123 0.189263 2.069261
v -1.331603 0.181127 2.070292
v -1.343126 0.000000 2.077240
v -1.343126 0.000000 2.077240
v -1.331603 -0.181127 2.070292
v -1.331123 -0.189263 2.069261
v -1.316667 -0.264112 2.060621
v -1.108333 0.796110 1.937646
v -1.154587 0.725000 1.962933
v -1.158996 0.715706 1.966385
v -1.236105 0.554891 2.010359
v -1.240998 0.539832 2.014680
v -1.295260 0.375288 2.046531
v -1.297884 0.361364 2.049394
v -1.297884 -0.361364 2.049394
v -1.295260 -0.375288 2.046531
v -1.240998 -0.539832 2.014680
v -1.236105 -0.554891 2.010359
v -1.158996 -0.715706 1.966385
v -1.154587 -0.725000 1.962933
v -1.108333 -0.796110 1.937646
v -0.930038 1.025305 1.844646
v -0.900000 1.052123 1.833504
v -1.047190 0.888302 1.904969
v -1.052007 0.882704 1.906854
v -1.047190 -0.888302 1.904969
v -1.052007 -0.882704 1.906854
v -0.930038 -1.025305 1.844646
v -0.900000 -1.052123 1.833504
v -0.790509 1.150362 1.782305
v -0.691667 1.217470 1.749310
v -0.894172 1.057326 1.831343
v -0.894172 -1.057326 1.831343
v -0.691667 -1.217470 1.749310
v -0.790509 -1.150362 1.782305
v -0.483333 1.331774 1.684131
v -0.635513 1.255737 1.726507
v -0.683548 1.222982 1.746600
v -0.683548 -1.222982 1.746600
v -0.635513 -1.255737 1.726507
v -0.483333 -1.331774 1.684131
v -0.275000 1.403446 1.649358
v -0.320178 1.390019 1.656560
v -0.289311 1.400592 1.650356
v -0.467620 1.339625 1.679755
v -0.320178 -1.390019 1.656560
v -0.467620 -1.339625 1.679755
v -0.289311 -1.400592 1.650356
v -0.275000 -1.403446 1.649358
v -0.103710 1.437595 1.637408
v -0.066667 1.440013 1.639375
v -0.103710 -1.437595 1.637408
v -0.066667 -1.440013 1.639375
v 0.141667 1.446412 1.657037
v 0.086342 1.450000 1.647502
v 0.086342 -1.450000 1.647502
v 0.141667 -1.446412 1.657037
v 0.350000 1.423293 1.688199
v 0.277128 1.437595 1.671603
v 0.277128 -1.437595 1.671603
v 0.350000 -1.423293 1.688199
v 0.374710 1.418407 1.690392
v 0.558333 1.369139 1.712421
v 0.464704 1.400592 1.696330
v 0.558333 -1.369139 1.712421
v 0.374710 -1.418407 1.690392
v 0.464704 -1.400592 1.696330
v 0.766667 1.280712 1.743761
v 0.645780 1.339625 1.719742
v 0.766667 -1.280712 1.743761
v 0.645780 -1.339625 1.719742
v 0.855116 1.231061 1.758137
v 0.817669 1.255737 1.749246
v 0.975000 1.151775 1.778401
v 0.975000 -1.151775 1.778401
v 0.855116 -1.231061 1.758137
v 0.817669 -1.255737 1.749246
v 1.102439 1.041805 1.804460
v 0.977126 1.150362 1.778568
v 1.121403 1.025305 1.806823
v 1.183333 0.955732 1.822709
v 1.183333 -0.955732 1.822709
v 1.102439 -1.041805 1.804460
v 1.121403 -1.025305 1.806823
v 0.977126 -1.150362 1.778568
v 1.248018 0.882704 1.833257
v 1.265138 0.857572 1.839069
v 1.354804 0.725000 1.857425
v 1.377770 0.679499 1.866909
v 1.391667 0.651705 1.870183
v 1.391667 -0.651705 1.870183
v 1.377770 -0.679499 1.866909
v 1.354804 -0.725000 1.857425
v 1.265138 -0.857572 1.839069
v 1.248018 -0.882704 1.833257
v 1.439825 0.554891 1.876844
v 1.457221 0.504819 1.884011
v 1.501630 0.375288 1.891229
v 1.510045 0.334356 1.896230
v 1.539217 0.189263 1.901425
v 1.540825 0.166548 1.903649
v 1.551863 0.000000 1.905699
v 1.551863 0.000000 1.905699
v 1.540825 -0.166548 1.903649
v 1.539217 -0.189263 1.901425
v 1.510045 -0.334356 1.896230
v 1.501630 -0.375288 1.891229
v 1.457221 -0.504819 1.884011
v 1.439825 -0.554891 1.876844
v -1.293330 -1.991890 -0.716674
v -1.294773 -1.989425 -0.724092
v -1.266667 -2.018763 -0.638827
v -1.329222 -1.918073 -0.888858
v -1.329517 -1.916122 -0.893502
v -1.341240 -1.830111 -1.056615
v -1.329517 -1.731857 -1.212659
v -1.341240 -1.830111 -1.056615
v -1.294773 -1.621794 -1.360847
v -1.329222 -1.728810 -1.216671
v -1.293330 -1.616603 -1.366691
v -1.266667 -1.562622 -1.428886
v -1.150462 -2.096782 -0.369719
v -1.058333 -2.123982 -0.221875
v -1.234129 -2.051124 -0.543484
v -1.235973 -2.049697 -0.549215
v -1.152563 -2.095896 -0.372908
v -1.235973 -1.500482 -1.500482
v -1.152563 -1.370896 -1.628645
v -1.150462 -1.368577 -1.631007
v -1.234129 -1.496233 -1.504584
v -1.058333 -1.254141 -1.728485
v -0.870892 -2.152426 0.000000
v -0.850000 -2.153242 0.021179
v -1.031647 -2.130890 -0.186429
v -0.927912 -2.145287 -0.054662
v -1.049967 -2.126452 -0.208449
v -1.031647 -1.226897 -1.752190
v -1.049967 -1.243748 -1.737337
v -0.927912 -1.119982 -1.830542
v -0.870892 -1.076213 -1.864055
v -0.850000 -1.058279 -1.875352
v -0.648577 -2.162691 0.189211
v -0.641667 -2.162544 0.194737
v -0.788273 -2.155654 0.083757
v -0.648577 -0.917484 -1.967551
v -0.788273 -1.005291 -1.908729
v -0.641667 -0.912625 -1.970186
v -0.633135 -2.162362 0.201560
v -0.465242 -2.163818 0.297585
v -0.433333 -2.164924 0.309540
v -0.633135 -0.906625 -1.973440
v -0.465242 -0.824193 -2.022714
v -0.433333 -0.814392 -2.029649
v -0.286863 -2.169999 0.364415
v -0.225000 -2.173594 0.376565
v -0.286863 -0.769406 -2.061482
v -0.225000 -0.760682 -2.070670
v -0.189015 -2.175685 0.383632
v -0.101150 -2.179135 0.401868
v -0.016667 -2.185778 0.404400
v -0.189015 -0.755608 -2.076015
v -0.101150 -0.741540 -2.088120
v -0.016667 -0.742669 -2.095139
v 0.088902 -2.194079 0.407563
v 0.191667 -2.206086 0.392935
v 0.088902 -0.744079 -2.103910
v 0.191667 -0.762751 -2.106994
v 0.224300 -2.208063 0.389341
v 0.400000 -2.219317 0.351383
v 0.279812 -2.210797 0.383588
v 0.224301 -0.766852 -2.106909
v 0.279812 -0.773202 -2.106400
v 0.400000 -0.805352 -2.097677
v 0.467556 -2.216491 0.337573
v 0.608333 -2.213798 0.284519
v 0.467556 -0.815899 -2.088324
v 0.608333 -0.860498 -2.059465
v 0.799569 -2.199107 0.192397
v 0.648851 -2.209898 0.270981
v 0.816667 -2.197098 0.183909
v 0.799569 -0.932933 -2.000681
v 0.816667 -0.939279 -1.994697
v 0.648851 -0.870273 -2.049318
v 0.820908 -2.196279 0.181978
v 0.980240 -2.166916 0.077255
v 1.025000 -2.159132 0.037189
v 0.820908 -0.940542 -1.993022
v 0.980240 -1.016554 -1.915231
v 1.025000 -1.047359 -1.888458
v 1.068570 -2.148056 0.000000
v 1.124570 -2.129739 -0.045685
v 1.233333 -2.092808 -0.165451
v 1.124570 -1.104434 -1.821565
v 1.068570 -1.074028 -1.860271
v 1.233333 -1.189688 -1.729699
v 1.249429 -2.085995 -0.182501
v 1.370396 -2.017236 -0.355693
v 1.358069 -2.025038 -0.331998
v 1.251406 -2.084980 -0.184505
v 1.441667 -1.960509 -0.487536
v 1.370396 -1.316657 -1.569131
v 1.441667 -1.402473 -1.454082
v 1.251406 -1.202276 -1.713393
v 1.249430 -1.201048 -1.715274
v 1.358069 -1.300038 -1.587735
v 1.443231 -1.959124 -0.490368
v 1.454800 -1.946601 -0.521590
v 1.511120 -1.868698 -0.680151
v 1.504959 -1.880511 -0.652369
v 1.542497 -1.795508 -0.818095
v 1.543720 -1.788331 -0.833912
v 1.555119 -1.704175 -0.983906
v 1.543720 -1.616354 -1.131784
v 1.555119 -1.704175 -0.983906
v 1.511120 -1.523377 -1.278265
v 1.542497 -1.606245 -1.145908
v 1.454800 -1.425011 -1.425011
v 1.504959 -1.505223 -1.302386
v 1.443231 -1.404233 -1.451467
v -1.316667 -1.916606 -0.801583
v -1.331123 -1.886664 -0.870724
v -1.331603 -1.883489 -0.878285
v -1.343126 -1.798942 -1.038620
v -1.331603 -1.702362 -1.192006
v -1.331123 -1.697401 -1.198537
v -1.316667 -1.652494 -1.259038
v -1.108333 -2.076106 -0.279372
v -1.154587 -2.062450 -0.353598
v -1.158996 -2.060793 -0.363373
v -1.236105 -2.018467 -0.524630
v -1.240998 -2.014680 -0.539832
v -1.295260 -1.959992 -0.698257
v -1.297884 -1.955509 -0.711747
v -1.297884 -1.594146 -1.337647
v -1.295260 -1.584704 -1.348274
v -1.240998 -1.474848 -1.474848
v -1.236105 -1.463576 -1.485729
v -1.158996 -1.345087 -1.603012
v -1.154587 -1.337450 -1.609335
v -1.108333 -1.279996 -1.658274
v -0.930038 -2.110162 -0.034383
v -0.900000 -2.113923 -0.005587
v -1.047190 -2.093903 -0.183193
v -1.052007 -2.092736 -0.188983
v -1.052007 -1.210032 -1.717871
v -1.047190 -1.205601 -1.721776
v -0.930038 -1.084857 -1.810263
v -0.900000 -1.061800 -1.827917
v -0.790509 -2.118702 0.105091
v -0.691667 -2.123682 0.179705
v -0.894172 -2.114652 0.000000
v -0.894172 -1.057326 -1.831343
v -0.790509 -0.968340 -1.887396
v -0.691667 -0.906212 -1.929015
v -0.483333 -2.124387 0.311285
v -0.635513 -2.123067 0.224246
v -0.683547 -2.124091 0.185834
v -0.683548 -0.901109 -1.932433
v -0.635513 -0.867330 -1.950753
v -0.483333 -0.792613 -1.995416
v -0.275000 -2.130109 0.390741
v -0.320178 -2.129632 0.375512
v -0.289311 -2.129547 0.387770
v -0.467620 -2.124523 0.320272
v -0.467620 -0.784898 -2.000027
v -0.320178 -0.739613 -2.032071
v -0.289311 -0.728954 -2.038127
v -0.275000 -0.726663 -2.040098
v -0.103710 -2.136834 0.426290
v -0.066667 -2.139747 0.427400
v -0.103710 -0.699239 -2.063698
v -0.066667 -0.699734 -2.066776
v 0.141667 -2.158242 0.424111
v 0.086342 -2.151778 0.431986
v 0.086342 -0.701778 -2.079488
v 0.141667 -0.711830 -2.081148
v 0.350000 -2.173670 0.388508
v 0.277128 -2.166448 0.409192
v 0.277128 -0.728853 -2.080796
v 0.350000 -0.750377 -2.076707
v 0.374710 -2.173126 0.383181
v 0.558333 -2.167570 0.329498
v 0.464704 -2.169361 0.364784
v 0.374711 -0.754719 -2.073572
v 0.464704 -0.768769 -2.061114
v 0.558333 -0.798431 -2.041920
v 0.766667 -2.150498 0.237249
v 0.645780 -2.159153 0.300279
v 0.645780 -0.819528 -2.020020
v 0.766667 -0.869785 -1.981010
v 0.817669 -2.142760 0.212877
v 0.855116 -2.138122 0.187061
v 0.975000 -2.116029 0.108266
v 0.855116 -0.907061 -1.945199
v 0.975000 -0.964253 -1.886667
v 0.817669 -0.887023 -1.962123
v 1.102439 -2.083610 0.000000
v 0.977126 -2.115466 0.106959
v 1.121403 -2.077407 -0.015472
v 1.183333 -2.056379 -0.083666
v 1.102439 -1.041805 -1.804460
v 1.121403 -1.052102 -1.791352
v 1.183333 -1.100646 -1.739043
v 0.977126 -0.965104 -1.885527
v 1.248018 -2.028999 -0.152184
v 1.265138 -2.021467 -0.176855
v 1.354804 -1.971077 -0.300844
v 1.377770 -1.956540 -0.344991
v 1.391667 -1.945479 -0.370698
v 1.377770 -1.277041 -1.521918
v 1.391667 -1.293774 -1.499485
v 1.265138 -1.163895 -1.662214
v 1.354804 -1.246077 -1.556581
v 1.248018 -1.146295 -1.681073
v 1.439825 -1.902840 -0.457872
v 1.457221 -1.884011 -0.504819
v 1.501630 -1.825496 -0.620606
v 1.510045 -1.809361 -0.658554
v 1.539217 -1.741314 -0.786806
v 1.540825 -1.731882 -0.807590
v 1.551863 -1.650383 -0.952849
v 1.540825 -1.565335 -1.096059
v 1.539217 -1.552051 -1.114619
v 1.510045 -1.475005 -1.237676
v 1.501630 -1.450209 -1.270623
v 1.457221 -1.379192 -1.379192
v 1.439825 -1.347949 -1.418972
v -1.293330 1.616603 -1.366691
v -1.294773 1.621794 -1.360847
v -1.266667 1.562622 -1.428886
v -1.329222 1.728810 -1.216671
v -1.329517 1.731857 -1.212659
v -1.341240 1.830111 -1.056615
v -1.341240 1.830111 -1.056615
v -1.329517 1.916122 -0.893502
v -1.294773 1.989425 -0.724092
v -1.329222 1.918073 -0.888858
v -1.293330 1.991890 -0.716674
v -1.266667 2.018763 -0.638827
v -1.150462 1.368577 -1.631007
v -1.058333 1.254141 -1.728485
v -1.234129 1.496233 -1.504584
v -1.235973 1.500482 -1.500482
v -1.152563 1.370896 -1.628645
v -1.235973 2.049697 -0.549215
v -1.152563 2.095896 -0.372908
v -1.150462 2.096782 -0.369719
v -1.234129 2.051124 -0.543484
v -1.058333 2.123982 -0.221875
v -0.850000 2.153242 0.021179
v -0.870892 2.152426 0.000000
v -0.870892 1.076213 -1.864055
v -0.850000 1.058279 -1.875352
v -1.031647 1.226897 -1.752190
v -0.927912 1.119982 -1.830542
v -1.049967 1.243748 -1.737337
v -1.031647 2.130890 -0.186429
v -1.049967 2.126452 -0.208449
v -0.927912 2.145287 -0.054662
v -0.648577 2.162691 0.189211
v -0.788273 2.155654 0.083757
v -0.641667 2.162544 0.194737
v -0.648577 0.917484 -1.967551
v -0.641667 0.912625 -1.970186
v -0.788273 1.005291 -1.908729
v -0.633135 2.162362 0.201560
v -0.465242 2.163818 0.297585
v -0.433333 2.164924 0.309540
v -0.633135 0.906625 -1.973440
v -0.465242 0.824193 -2.022714
v -0.433333 0.814392 -2.029649
v -0.286863 2.169999 0.364415
v -0.225000 2.173594 0.376565
v -0.286863 0.769406 -2.061482
v -0.225000 0.760682 -2.070670
v -0.189015 2.175685 0.383632
v -0.101150 2.179135 0.401868
v -0.016667 2.185778 0.404400
v -0.189016 0.755608 -2.076015
v -0.101150 0.741540 -2.088120
v -0.016667 0.742669 -2.095139
v 0.088902 2.194079 0.407563
v 0.191667 2.206086 0.392935
v 0.088902 0.744079 -2.103910
v 0.191667 0.762751 -2.106994
v 0.224300 2.208063 0.389341
v 0.279812 2.210797 0.383588
v 0.400000 2.219317 0.351383
v 0.224301 0.766852 -2.106909
v 0.400000 0.805352 -2.097677
v 0.279812 0.773202 -2.106400
v 0.467556 2.216491 0.337573
v 0.608333 2.213798 0.284519
v 0.467556 0.815899 -2.088324
v 0.608333 0.860498 -2.059465
v 0.799569 2.199107 0.192397
v 0.816667 2.197098 0.183909
v 0.648851 2.209898 0.270981
v 0.799570 0.932933 -2.000681
v 0.648851 0.870273 -2.049318
v 0.816667 0.939279 -1.994697
v 0.820908 2.196279 0.181978
v 0.980240 2.166916 0.077254
v 1.025000 2.159132 0.037189
v 0.820908 0.940542 -1.993022
v 0.980240 1.016554 -1.915231
v 1.025000 1.047359 -1.888458
v 1.068570 2.148056 0.000000
v 1.068570 1.074028 -1.860271
v 1.124570 1.104434 -1.821565
v 1.233333 1.189688 -1.729699
v 1.124570 2.129739 -0.045685
v 1.233333 2.092808 -0.165451
v 1.249430 1.201048 -1.715274
v 1.358069 1.300038 -1.587735
v 1.370396 1.316657 -1.569131
v 1.251406 1.202276 -1.713393
v 1.441667 1.402473 -1.454082
v 1.370396 2.017236 -0.355693
v 1.441667 1.960509 -0.487536
v 1.251406 2.084980 -0.184505
v 1.249429 2.085995 -0.182501
v 1.358069 2.025038 -0.331998
v 1.454800 1.425011 -1.425011
v 1.443231 1.404233 -1.451467
v 1.504959 1.505223 -1.302386
v 1.511120 1.523377 -1.278265
v 1.543720 1.616354 -1.131784
v 1.542497 1.606245 -1.145908
v 1.555119 1.704175 -0.983906
v 1.555119 1.704175 -0.983906
v 1.543720 1.788331 -0.833912
v 1.511120 1.868698 -0.680151
v 1.542497 1.795508 -0.818095
v 1.454800 1.946601 -0.521590
v 1.504959 1.880511 -0.652369
v 1.443231 1.959124 -0.490368
v -1.331603 1.702362 -1.192006
v -1.331123 1.697401 -1.198537
v -1.316667 1.652494 -1.259038
v -1.343126 1.798942 -1.038620
v -1.343126 1.798942 -1.038620
v -1.331603 1.883489 -0.878285
v -1.331123 1.886664 -0.870724
v -1.316667 1.916606 -0.801583
v -1.158996 1.345087 -1.603012
v -1.154587 1.337450 -1.609335
v -1.108333 1.279996 -1.658274
v -1.240998 1.474848 -1.474848
v -1.236105 1.463576 -1.485729
v -1.297884 1.594146 -1.337647
v -1.295260 1.584704 -1.348274
v -1.297884 1.955509 -0.711747
v -1.295260 1.959992 -0.698257
v -1.240998 2.014680 -0.539832
v -1.236105 2.018467 -0.524630
v -1.158996 2.060793 -0.363373
v -1.154587 2.062450 -0.353598
v -1.108333 2.076106 -0.279372
v -1.047190 1.205601 -1.721776
v -0.930038 1.084857 -1.810263
v -0.900000 1.061800 -1.827917
v -1.052007 1.210032 -1.717871
v -1.052007 2.092736 -0.188983
v -1.047190 2.093903 -0.183193
v -0.930038 2.110162 -0.034383
v -0.900000 2.113923 -0.005587
v -0.894172 2.114652 0.000000
v -0.691667 2.123682 0.179705
v -0.790509 2.118703 0.105090
v -0.790509 0.968340 -1.887396
v -0.894172 1.057326 -1.831343
v -0.691667 0.906212 -1.929015
v -0.683547 2.124091 0.185834
v -0.635513 2.123067 0.224246
v -0.483333 2.124387 0.311285
v -0.683548 0.901109 -1.932433
v -0.635513 0.867330 -1.950753
v -0.483333 0.792613 -1.995416
v -0.467620 2.124523 0.320272
v -0.320178 2.129632 0.375512
v -0.289311 2.129547 0.387770
v -0.275000 2.130109 0.390741
v -0.320178 0.739613 -2.032071
v -0.289311 0.728954 -2.038127
v -0.275000 0.726663 -2.040098
v -0.467620 0.784898 -2.000027
v -0.103710 2.136834 0.426290
v -0.066667 2.139747 0.427400
v -0.103710 0.699239 -2.063698
v -0.066667 0.699734 -2.066776
v 0.086342 2.151778 0.431986
v 0.141667 2.158242 0.424111
v 0.086342 0.701778 -2.079488
v 0.141667 0.711830 -2.081148
v 0.277128 2.166448 0.409192
v 0.350000 2.173670 0.388508
v 0.277128 0.728853 -2.080796
v 0.350000 0.750377 -2.076707
v 0.558333 2.167570 0.329498
v 0.374710 2.173126 0.383181
v 0.464704 2.169361 0.364784
v 0.374710 0.754719 -2.073572
v 0.464704 0.768769 -2.061114
v 0.558333 0.798431 -2.041920
v 0.645780 2.159153 0.300279
v 0.766667 2.150498 0.237249
v 0.645780 0.819528 -2.020020
v 0.766667 0.869785 -1.981010
v 0.855116 2.138122 0.187061
v 0.975000 2.116029 0.108266
v 0.817669 2.142760 0.212877
v 0.817669 0.887023 -1.962123
v 0.855116 0.907061 -1.945199
v 0.975000 0.964253 -1.886667
v 1.102439 2.083610 0.000000
v 0.977126 2.115466 0.106959
v 0.977126 0.965104 -1.885527
v 1.102439 1.041805 -1.804460
v 1.121403 1.052102 -1.791352
v 1.183333 1.100646 -1.739043
v 1.121403 2.077407 -0.015472
v 1.183333 2.056379 -0.083666
v 1.248018 1.146295 -1.681073
v 1.265138 1.163895 -1.662214
v 1.354804 1.246077 -1.556581
v 1.377770 1.277041 -1.521918
v 1.391667 1.293774 -1.499485
v 1.391667 1.945479 -0.370698
v 1.377770 1.956540 -0.344991
v 1.265138 2.021467 -0.176855
v 1.354804 1.971077 -0.300844
v 1.248018 2.028999 -0.152184
v 1.439825 1.347949 -1.418972
v 1.457221 1.379192 -1.379192
v 1.501630 1.450209 -1.270623
v 1.510045 1.475005 -1.237676
v 1.539217 1.552051 -1.114619
v 1.540825 1.565335 -1.096059
v 1.551863 1.650383 -0.952849
v 1.551863 1.650383 -0.952849
v 1.540825 1.731882 -0.807590
v 1.539217 1.741314 -0.786806
v 1.510045 1.809361 -0.658554
v 1.501630 1.825496 -0.620606
v 1.457221 1.884011 -0.504819
v 1.439825 1.902840 -0.457872
v 0.000000 0.000000 1.700000
v 0.000000 0.221895 1.685456
v 0.000000 0.439992 1.642074
v 0.000000 0.650562 1.570595
v 0.000000 1.034894 1.348701
v 0.000000 1.570595 0.650562
v 0.000000 1.642074 0.439992
v 0.000000 1.685456 0.221895
v 0.000000 1.700000 0.000000
v 0.000000 1.685456 -0.221895
v 0.000000 1.642074 -0.439992
v 0.000000 1.570595 -0.650562
v 0.000000 1.472243 -0.850000
v 0.000000 1.202082 -1.202082
v 0.000000 1.034894 -1.348701
v 0.000000 0.850000 -1.472243
v 0.000000 0.650562 -1.570595
v 0.000000 0.439992 -1.642074
v 0.000000 0.221895 -1.685456
v 0.000000 0.000000 -1.700000
v 0.028963 0.219996 1.685456
v 0.057431 0.436228 1.642074
v 0.084915 0.644996 1.570595
v 0.110947 0.842728 1.472243
v 0.135081 1.026041 1.348701
v 0.156903 1.191798 1.202082
v 0.176041 1.337162 1.034894
v 0.192166 1.459648 0.850000
v 0.205004 1.557158 0.650562
v 0.214334 1.628026 0.439992
v 0.219996 1.671037 0.221895
v 0.221895 1.685456 0.000000
v 0.219996 1.671037 -0.221895
v 0.214334 1.628026 -0.439992
v 0.205004 1.557158 -0.650562
v 0.192166 1.459648 -0.850000
v 0.176041 1.337162 -1.034894
v 0.156903 1.191798 -1.202082
v 0.135081 1.026041 -1.348701
v 0.110947 0.842728 -1.472243
v 0.084915 0.644996 -1.570595
v 0.057431 0.436228 -1.642074
v 0.028963 0.219996 -1.685456
v 0.057431 0.214334 1.685456
v 0.113878 0.425000 1.642074
v 0.168378 0.628395 1.570595
v 0.219996 0.821037 1.472243
v 0.267850 0.999631 1.348701
v 0.311122 1.161122 1.202082
v 0.349069 1.302745 1.034894
v 0.381045 1.422078 0.850000
v 0.406500 1.517079 0.650562
v 0.425000 1.586122 0.439992
v 0.436228 1.628026 0.221895
v 0.439992 1.642074 0.000000
v 0.436228 1.628026 -0.221895
v 0.425000 1.586122 -0.439992
v 0.406500 1.517079 -0.650562
v 0.381045 1.422078 -0.850000
v 0.349069 1.302745 -1.034894
v 0.311122 1.161122 -1.202082
v 0.267850 0.999631 -1.348701
v 0.219996 0.821037 -1.472243
v 0.168378 0.628395 -1.570595
v 0.113878 0.425000 -1.642074
v 0.057431 0.214334 -1.685456
v 0.084915 0.205004 1.685456
v 0.168378 0.406500 1.642074
v 0.248959 0.601041 1.570595
v 0.325281 0.785298 1.472243
v 0.396037 0.956118 1.348701
v 0.460017 1.110579 1.202082
v 0.516125 1.246037 1.034894
v 0.563403 1.360176 0.850000
v 0.601041 1.451041 0.650562
v 0.628395 1.517079 0.439992
v 0.644996 1.557159 0.221895
v 0.650562 1.570595 0.000000
v 0.644996 1.557159 -0.221895
v 0.628395 1.517079 -0.439992
v 0.601041 1.451041 -0.650562
v 0.563403 1.360176 -0.850000
v 0.516125 1.246037 -1.034894
v 0.460017 1.110579 -1.202082
v 0.396037 0.956118 -1.348701
v 0.325281 0.785298 -1.472243
v 0.248959 0.601041 -1.570595
v 0.168378 0.406500 -1.642074
v 0.084915 0.205004 -1.685456
v 0.110947 0.192166 1.685456
v 0.219996 0.381045 1.642074
v 0.325281 0.563403 1.570595
v 0.425000 0.736122 1.472243
v 0.517447 0.896245 1.348701
v 0.601041 1.041033 1.202082
v 0.674350 1.168009 1.034894
v 0.736122 1.275000 0.850000
v 0.785298 1.360175 0.650562
v 0.821037 1.422078 0.439992
v 0.842728 1.459648 0.221895
v 0.850000 1.472243 0.000000
v 0.842728 1.459648 -0.221895
v 0.821037 1.422078 -0.439992
v 0.785298 1.360175 -0.650562
v 0.736122 1.275000 -0.850000
v 0.674350 1.168009 -1.034894
v 0.601041 1.041033 -1.202082
v 0.517447 0.896245 -1.348701
v 0.425000 0.736122 -1.472243
v 0.325281 0.563403 -1.570595
v 0.219996 0.381045 -1.642074
v 0.110947 0.192166 -1.685456
v 0.135081 0.176041 1.685456
v 0.267850 0.349069 1.642074
v 0.396037 0.516125 1.570595
v 0.517447 0.674350 1.472243
v 0.630004 0.821037 1.348701
v 0.731781 0.953676 1.202082
v 0.821037 1.069996 1.034894
v 0.896245 1.168009 0.850000
v 0.956118 1.246037 0.650562
v 0.999631 1.302745 0.439992
v 1.026041 1.337163 0.221895
v 1.034895 1.348701 0.000000
v 1.026041 1.337163 -0.221895
v 0.999631 1.302745 -0.439992
v 0.956118 1.246037 -0.650562
v 0.896245 1.168009 -0.850000
v 0.821037 1.069996 -1.034894
v 0.731781 0.953676 -1.202082
v 0.630004 0.821037 -1.348701
v 0.517447 0.674350 -1.472243
v 0.396037 0.516125 -1.570595
v 0.267850 0.349069 -1.642074
v 0.135081 0.176041 -1.685456
v 0.156903 0.156903 1.685456
v 0.311122 0.311122 1.642074
v 0.460017 0.460017 1.570595
v 0.601041 0.601041 1.472243
v 0.731781 0.731781 1.348701
v 0.850000 0.850000 1.202082
v 0.953676 0.953675 1.034894
v 1.041034 1.041033 0.850000
v 1.110579 1.110579 0.650562
v 1.161122 1.161122 0.439992
v 1.191798 1.191798 0.221895
v 1.202082 1.202082 0.000000
v 1.191798 1.191798 -0.221895
v 1.161122 1.161122 -0.439992
v 1.110579 1.110579 -0.650562
v 1.041034 1.041033 -0.850000
v 0.953676 0.953675 -1.034894
v 0.850000 0.850000 -1.202082
v 0.731781 0.731781 -1.348701
v 0.601041 0.601041 -1.472243
v 0.460017 0.460017 -1.570595
v 0.311122 0.311122 -1.642074
v 0.156903 0.156903 -1.685456
v 0.176041 0.135081 1.685456
v 0.349070 0.267850 1.642074
v 0.516126 0.396037 1.570595
v 0.674351 0.517447 1.472243
v 0.821037 0.630004 1.348701
v 0.953676 0.731781 1.202082
v 1.069996 0.821037 1.034894
v 1.168010 0.896245 0.850000
v 1.246037 0.956118 0.650562
v 1.302745 0.999631 0.439992
v 1.337163 1.026041 0.221895
v 1.348701 1.034895 0.000000
v 1.337163 1.026041 -0.221895
v 1.302745 0.999631 -0.439992
v 1.246037 0.956118 -0.650562
v 1.168010 0.896245 -0.850000
v 1.069996 0.821037 -1.034894
v 0.953676 0.731781 -1.202082
v 0.821037 0.630004 -1.348701
v 0.674351 0.517447 -1.472243
v 0.516126 0.396037 -1.570595
v 0.349070 0.267850 -1.642074
v 0.176041 0.135081 -1.685456
v 0.192166 0.110947 1.685456
v 0.381045 0.219996 1.642074
v 0.563403 0.325281 1.570595
v 0.736122 0.425000 1.472243
v 0.896245 0.517447 1.348701
v 1.041034 0.601041 1.202082
v 1.168009 0.674350 1.034894
v 1.275000 0.736122 0.850000
v 1.360176 0.785298 0.650562
v 1.422078 0.821037 0.439992
v 1.459648 0.842728 0.221895
v 1.472244 0.850000 0.000000
v 1.459648 0.842728 -0.221895
v 1.422078 0.821037 -0.439992
v 1.360176 0.785298 -0.650562
v 1.275000 0.736122 -0.850000
v 1.168009 0.674350 -1.034894
v 1.041034 0.601041 -1.202082
v 0.896245 0.517447 -1.348701
v 0.736122 0.425000 -1.472243
v 0.563403 0.325281 -1.570595
v 0.381045 0.219996 -1.642074
v 0.192166 0.110947 -1.685456
v 0.205004 0.084915 1.685456
v 0.406500 0.168378 1.642074
v 0.601041 0.248959 1.570595
v 0.785298 0.325281 1.472243
v 0.956118 0.396037 1.348701
v 1.110579 0.460017 1.202082
v 1.246037 0.516125 1.034894
v 1.360176 0.563403 0.850000
v 1.451041 0.601041 0.650562
v 1.517079 0.628394 0.439992
v 1.557159 0.644996 0.221895
v 1.570596 0.650562 0.000000
v 1.557159 0.644996 -0.221895
v 1.517079 0.628394 -0.439992
v 1.451041 0.601041 -0.650562
v 1.360176 0.563403 -0.850000
v 1.246037 0.516125 -1.034894
v 1.110579 0.460017 -1.202082
v 0.956118 0.396037 -1.348701
v 0.785298 0.325281 -1.472243
v 0.601041 0.248959 -1.570595
v 0.406500 0.168378 -1.642074
v 0.205004 0.084915 -1.685456
v 0.214334 0.057431 1.685456
v 0.425000 0.113878 1.642074
v 0.628395 0.168378 1.570595
v 0.821037 0.219996 1.472243
v 0.999632 0.267850 1.348701
v 1.161122 0.311122 1.202082
v 1.302745 0.349069 1.034894
v 1.422078 0.381045 0.850000
v 1.517079 0.406500 0.650562
v 1.586122 0.425000 0.439992
v 1.628026 0.436228 0.221895
v 1.642074 0.439992 0.000000
v 1.628026 0.436228 -0.221895
v 1.586122 0.425000 -0.439992
v 1.517079 0.406500 -0.650562
v 1.422078 0.381045 -0.850000
v 1.302745 0.349069 -1.034894
v 1.161122 0.311122 -1.202082
v 0.999632 0.267850 -1.348701
v 0.821037 0.219996 -1.472243
v 0.628395 0.168378 -1.570595
v 0.425000 0.113878 -1.642074
v 0.214334 0.057431 -1.685456
v 0.219996 0.028963 1.685456
v 0.436228 0.057431 1.642074
v 0.644996 0.084915 1.570595
v 0.842728 0.110947 1.472243
v 1.026041 0.135081 1.348701
v 1.191798 0.156903 1.202082
v 1.337163 0.176041 1.034894
v 1.459648 0.192166 0.850000
v 1.557159 0.205004 0.650562
v 1.628026 0.214334 0.439992
v 1.671038 0.219996 0.221895
v 1.685457 0.221895 0.000000
v 1.671038 0.219996 -0.221895
v 1.628026 0.214334 -0.439992
v 1.557159 0.205004 -0.650562
v 1.459648 0.192166 -0.850000
v 1.337163 0.176041 -1.034894
v 1.191798 0.156903 -1.202082
v 1.026041 0.135081 -1.348701
v 0.842728 0.110947 -1.472243
v 0.644996 0.084915 -1.570595
v 0.436228 0.057431 -1.642074
v 0.219996 0.028963 -1.685456
v 0.221895 -0.000000 1.685456
v 0.439993 -0.000000 1.642074
v 0.650562 -0.000000 1.570595
v 0.850000 -0.000000 1.472243
v 1.034895 -0.000000 1.348701
v 1.202082 0.000000 1.202082
v 1.348701 -0.000000 1.034894
v 1.472244 -0.000000 0.850000
v 1.570596 -0.000000 0.650562
v 1.642074 -0.000000 0.439992
v 1.685457 -0.000000 0.221895
v 1.700001 -0.000000 0.000000
v 1.685457 -0.000000 -0.221895
v 1.642074 -0.000000 -0.439992
v 1.570596 -0.000000 -0.650562
v 1.472244 -0.000000 -0.850000
v 1.348701 -0.000000 -1.034894
v 1.202082 0.000000 -1.202082
v 1.034895 -0.000000 -1.348701
v 0.850000 -0.000000 -1.472243
v 0.650562 -0.000000 -1.570595
v 0.439993 -0.000000 -1.642074
v 0.221895 -0.000000 -1.685456
v 0.219996 -0.028963 1.685456
v 0.436228 -0.057431 1.642074
v 0.644996 -0.084915 1.570595
v 0.842728 -0.110947 1.472243
v 1.026041 -0.135081 1.348701
v 1.191798 -0.156903 1.202082
v 1.337163 -0.176041 1.034894
v 1.459649 -0.192167 0.850000
v 1.557159 -0.205004 0.650562
v 1.628026 -0.214334 0.439992
v 1.671038 -0.219996 0.221895
v 1.685457 -0.221895 0.000000
v 1.671038 -0.219996 -0.221895
v 1.628026 -0.214334 -0.439992
v 1.557159 -0.205004 -0.650562
v 1.459649 -0.192167 -0.850000
v 1.337163 -0.176041 -1.034894
v 1.191798 -0.156903 -1.202082
v 1.026041 -0.135081 -1.348701
v 0.842728 -0.110947 -1.472243
v 0.644996 -0.084915 -1.570595
v 0.436228 -0.057431 -1.642074
v 0.219996 -0.028963 -1.685456
v 0.214334 -0.057431 1.685456
v 0.425000 -0.113878 1.642074
v 0.628395 -0.168378 1.570595
v 0.821037 -0.219996 1.472243
v 0.999632 -0.267851 1.348701
v 1.161122 -0.311122 1.202082
v 1.302745 -0.349070 1.034894
v 1.422078 -0.381045 0.850000
v 1.517079 -0.406500 0.650562
v 1.586122 -0.425000 0.439992
v 1.628026 -0.436229 0.221895
v 1.642074 -0.439993 0.000000
v 1.628026 -0.436229 -0.221895
v 1.586122 -0.425000 -0.439992
v 1.517079 -0.406500 -0.650562
v 1.422078 -0.381045 -0.850000
v 1.302745 -0.349070 -1.034894
v 1.161122 -0.311122 -1.202082
v 0.999632 -0.267851 -1.348701
v 0.821037 -0.219996 -1.472243
v 0.628395 -0.168378 -1.570595
v 0.425000 -0.113878 -1.642074
v 0.214334 -0.057431 -1.685456
v 0.205004 -0.084915 1.685456
v 0.406500 -0.168378 1.642074
v 0.601041 -0.248959 1.570595
v 0.785298 -0.325281 1.472243
v 0.956118 -0.396037 1.348701
v 1.110579 -0.460017 1.202082
v 1.246038 -0.516126 1.034894
v 1.360176 -0.563403 0.850000
v 1.451041 -0.601041 0.650562
v 1.517079 -0.628395 0.439992
v 1.557159 -0.644997 0.221895
v 1.570596 -0.650562 0.000000
v 1.557159 -0.644997 -0.221895
v 1.517079 -0.628395 -0.439992
v 1.451041 -0.601041 -0.650562
v 1.360176 -0.563403 -0.850000
v 1.246038 -0.516126 -1.034894
v 1.110579 -0.460017 -1.202082
v 0.956118 -0.396037 -1.348701
v 0.785298 -0.325281 -1.472243
v 0.601041 -0.248959 -1.570595
v 0.406500 -0.168378 -1.642074
v 0.205004 -0.084915 -1.685456
v 0.192166 -0.110947 1.685456
v 0.381045 -0.219996 1.642074
v 0.563403 -0.325281 1.570595
v 0.736122 -0.425000 1.472243
v 0.896245 -0.517447 1.348701
v 1.041034 -0.601041 1.202082
v 1.168010 -0.674351 1.034894
v 1.275001 -0.736122 0.850000
v 1.360176 -0.785298 0.650562
v 1.422078 -0.821038 0.439992
v 1.459649 -0.842729 0.221895
v 1.472244 -0.850000 0.000000
v 1.459649 -0.842729 -0.221895
v 1.422078 -0.821038 -0.439992
v 1.360176 -0.785298 -0.650562
v 1.275001 -0.736122 -0.850000
v 1.168010 -0.674351 -1.034894
v 1.041034 -0.601041 -1.202082
v 0.896245 -0.517447 -1.348701
v 0.736122 -0.425000 -1.472243
v 0.563403 -0.325281 -1.570595
v 0.381045 -0.219996 -1.642074
v 0.192166 -0.110947 -1.685456
v 0.176041 -0.135081 1.685456
v 0.349070 -0.267851 1.642074
v 0.516126 -0.396037 1.570595
v 0.674351 -0.517447 1.472243
v 0.821037 -0.630004 1.348701
v 0.953676 -0.731781 1.202082
v 1.069997 -0.821038 1.034894
v 1.168010 -0.896246 0.850000
v 1.246037 -0.956118 0.650562
v 1.302745 -0.999632 0.439992
v 1.337163 -1.026042 0.221895
v 1.348701 -1.034895 0.000000
v 1.337163 -1.026042 -0.221895
v 1.302745 -0.999632 -0.439992
v 1.246037 -0.956118 -0.650562
v 1.168010 -0.896246 -0.850000
v 1.069997 -0.821038 -1.034894
v 0.953676 -0.731781 -1.202082
v 0.821037 -0.630004 -1.348701
v 0.674351 -0.517447 -1.472243
v 0.516126 -0.396037 -1.570595
v 0.349070 -0.267851 -1.642074
v 0.176041 -0.135081 -1.685456
v 0.156903 -0.156903 1.685456
v 0.311122 -0.311122 1.642074
v 0.460017 -0.460017 1.570595
v 0.601041 -0.601041 1.472243
v 0.731781 -0.731781 1.348701
v 0.850001 -0.850001 1.202082
v 0.953676 -0.953676 1.034894
v 1.041034 -1.041034 0.850000
v 1.110579 -1.110579 0.650562
v 1.161122 -1.161122 0.439992
v 1.191798 -1.191798 0.221895
v 1.202082 -1.202082 0.000000
v 1.191798 -1.191798 -0.221895
v 1.161122 -1.161122 -0.439992
v 1.110579 -1.110579 -0.650562
v 1.041034 -1.041034 -0.850000
v 0.953676 -0.953676 -1.034894
v 0.850001 -0.850001 -1.202082
v 0.731781 -0.731781 -1.348701
v 0.601041 -0.601041 -1.472243
v 0.460017 -0.460017 -1.570595
v 0.311122 -0.311122 -1.642074
v 0.156903 -0.156903 -1.685456
v 0.135081 -0.176041 1.685456
v 0.267850 -0.349070 1.642074
v 0.396037 -0.516126 1.570595
v 0.517447 -0.674351 1.472243
v 0.630004 -0.821037 1.348701
v 0.731781 -0.953676 1.202082
v 0.821037 -1.069997 1.034894
v 0.896245 -1.168010 0.850000
v 0.956118 -1.246037 0.650562
v 0.999632 -1.302746 0.439992
v 1.026041 -1.337163 0.221895
v 1.034895 -1.348701 0.000000
v 1.026041 -1.337163 -0.221895
v 0.999632 -1.302746 -0.439992
v 0.956118 -1.246037 -0.650562
v 0.896245 -1.168010 -0.850000
v 0.821037 -1.069997 -1.034894
v 0.731781 -0.953676 -1.202082
v 0.630004 -0.821037 -1.348701
v 0.517447 -0.674351 -1.472243
v 0.396037 -0.516126 -1.570595
v 0.267850 -0.349070 -1.642074
v 0.135081 -0.176041 -1.685456
v 0.110947 -0.192166 1.685456
v 0.219996 -0.381045 1.642074
v 0.325281 -0.563403 1.570595
v 0.425000 -0.736122 1.472243
v 0.517447 -0.896245 1.348701
v 0.601041 -1.041034 1.202082
v 0.674351 -1.168010 1.034894
v 0.736122 -1.275001 0.850000
v 0.785298 -1.360176 0.650562
v 0.821037 -1.422079 0.439992
v 0.842729 -1.459649 0.221895
v 0.850000 -1.472244 0.000000
v 0.842729 -1.459649 -0.221895
v 0.821037 -1.422079 -0.439992
v 0.785298 -1.360176 -0.650562
v 0.736122 -1.275001 -0.850000
v 0.674351 -1.168010 -1.034894
v 0.601041 -1.041034 -1.202082
v 0.517447 -0.896245 -1.348701
v 0.425000 -0.736122 -1.472243
v 0.325281 -0.563403 -1.570595
v 0.219996 -0.381045 -1.642074
v 0.110947 -0.192166 -1.685456
v 0.084915 -0.205004 1.685456
v 0.168378 -0.406500 1.642074
v 0.248959 -0.601041 1.570595
v 0.325281 -0.785298 1.472243
v 0.396037 -0.956118 1.348701
v 0.460017 -1.110579 1.202082
v 0.516126 -1.246038 1.034894
v 0.563403 -1.360176 0.850000
v 0.601041 -1.451041 0.650562
v 0.628395 -1.517079 0.439992
v 0.644996 -1.557160 0.221895
v 0.650562 -1.570596 0.000000
v 0.644996 -1.557160 -0.221895
v 0.628395 -1.517079 -0.439992
v 0.601041 -1.451041 -0.650562
v 0.563403 -1.360176 -0.850000
v 0.516126 -1.246038 -1.034894
v 0.460017 -1.110579 -1.202082
v 0.396037 -0.956118 -1.348701
v 0.325281 -0.785298 -1.472243
v 0.248959 -0.601041 -1.570595
v 0.168378 -0.406500 -1.642074
v 0.084915 -0.205004 -1.685456
v 0.057431 -0.214334 1.685456
v 0.113878 -0.425000 1.642074
v 0.168378 -0.628395 1.570595
v 0.219996 -0.821037 1.472243
v 0.267850 -0.999632 1.348701
v 0.311122 -1.161123 1.202082
v 0.349069 -1.302746 1.034894
v 0.381045 -1.422079 0.850000
v 0.406500 -1.517079 0.650562
v 0.425000 -1.586123 0.439992
v 0.436228 -1.628027 0.221895
v 0.439992 -1.642075 0.000000
v 0.436228 -1.628027 -0.221895
v 0.425000 -1.586123 -0.439992
v 0.406500 -1.517079 -0.650562
v 0.381045 -1.422079 -0.850000
v 0.349069 -1.302746 -1.034894
v 0.311122 -1.161123 -1.202082
v 0.267850 -0.999632 -1.348701
v 0.219996 -0.821037 -1.472243
v 0.168378 -0.628395 -1.570595
v 0.113878 -0.425000 -1.642074
v 0.057431 -0.214334 -1.685456
v 0.028963 -0.219996 1.685456
v 0.057431 -0.436228 1.642074
v 0.084915 -0.644997 1.570595
v 0.110947 -0.842729 1.472243
v 0.135081 -1.026041 1.348701
v 0.156903 -1.191799 1.202082
v 0.176041 -1.337163 1.034894
v 0.192166 -1.459649 0.850000
v 0.205004 -1.557159 0.650562
v 0.214334 -1.628027 0.439992
v 0.219996 -1.671038 0.221895
v 0.221894 -1.685457 0.000000
v 0.219996 -1.671038 -0.221895
v 0.214334 -1.628027 -0.439992
v 0.205004 -1.557159 -0.650562
v 0.192166 -1.459649 -0.850000
v 0.176041 -1.337163 -1.034894
v 0.156903 -1.191799 -1.202082
v 0.135081 -1.026041 -1.348701
v 0.110947 -0.842729 -1.472243
v 0.084915 -0.644997 -1.570595
v 0.057431 -0.436228 -1.642074
v 0.028963 -0.219996 -1.685456
v -0.000000 -0.221895 1.685456
v -0.000000 -0.439993 1.642074
v -0.000000 -0.650562 1.570595
v -0.000000 -0.850001 1.472243
v -0.000000 -1.034895 1.348701
v -0.000000 -1.202083 1.202082
v -0.000000 -1.348702 1.034894
v -0.000000 -1.472244 0.850000
v -0.000000 -1.570596 0.650562
v -0.000000 -1.642075 0.439992
v -0.000000 -1.685458 0.221895
v -0.000000 -1.700001 0.000000
v -0.000000 -1.685458 -0.221895
v -0.000000 -1.642075 -0.439992
v -0.000000 -1.570596 -0.650562
v -0.000000 -1.472244 -0.850000
v -0.000000 -1.348702 -1.034894
v -0.000000 -1.202083 -1.202082
v -0.000000 -1.034895 -1.348701
v -0.000000 -0.850001 -1.472243
v -0.000000 -0.650562 -1.570595
v -0.000000 -0.439993 -1.642074
v -0.000000 -0.221895 -1.685456
v -0.028963 -0.219996 1.685456
v -0.057431 -0.436228 1.642074
v -0.084915 -0.644997 1.570595
v -0.110947 -0.842729 1.472243
v -0.135081 -1.026041 1.348701
v -0.156903 -1.191799 1.202082
v -0.176041 -1.337164 1.034894
v -0.192167 -1.459649 0.850000
v -0.205004 -1.557159 0.650562
v -0.214334 -1.628027 0.439992
v -0.219997 -1.671038 0.221895
v -0.221895 -1.685457 0.000000
v -0.219997 -1.671038 -0.221895
v -0.214334 -1.628027 -0.439992
v -0.205004 -1.557159 -0.650562
v -0.192167 -1.459649 -0.850000
v -0.176041 -1.337164 -1.034894
v -0.156903 -1.191799 -1.202082
v -0.135081 -1.026041 -1.348701
v -0.110947 -0.842729 -1.472243
v -0.084915 -0.644997 -1.570595
v -0.057431 -0.436228 -1.642074
v -0.028963 -0.219996 -1.685456
v -0.057431 -0.214334 1.685456
v -0.113879 -0.425000 1.642074
v -0.168378 -0.628395 1.570595
v -0.219997 -0.821038 1.472243
v -0.267851 -0.999632 1.348701
v -0.311122 -1.161123 1.202082
v -0.349070 -1.302746 1.034894
v -0.381045 -1.422079 0.850000
v -0.406500 -1.517079 0.650562
v -0.425000 -1.586123 0.439992
v -0.436229 -1.628027 0.221895
v -0.439993 -1.642075 0.000000
v -0.436229 -1.628027 -0.221895
v -0.425000 -1.586123 -0.439992
v -0.406500 -1.517079 -0.650562
v -0.381045 -1.422079 -0.850000
v -0.349070 -1.302746 -1.034894
v -0.311122 -1.161123 -1.202082
v -0.267851 -0.999632 -1.348701
v -0.219997 -0.821038 -1.472243
v -0.168378 -0.628395 -1.570595
v -0.113879 -0.425000 -1.642074
v -0.057431 -0.214334 -1.685456
v -0.084915 -0.205004 1.685456
v -0.168378 -0.406500 1.642074
v -0.248959 -0.601041 1.570595
v -0.325281 -0.785298 1.472243
v -0.396037 -0.956118 1.348701
v -0.460017 -1.110579 1.202082
v -0.516126 -1.246038 1.034894
v -0.563404 -1.360176 0.850000
v -0.601041 -1.451041 0.650562
v -0.628395 -1.517080 0.439992
v -0.644997 -1.557160 0.221895
v -0.650563 -1.570596 0.000000
v -0.644997 -1.557160 -0.221895
v -0.628395 -1.517080 -0.439992
v -0.601041 -1.451041 -0.650562
v -0.563404 -1.360176 -0.850000
v -0.516126 -1.246038 -1.034894
v -0.460017 -1.110579 -1.202082
v -0.396037 -0.956118 -1.348701
v -0.325281 -0.785298 -1.472243
v -0.248959 -0.601041 -1.570595
v -0.168378 -0.406500 -1.642074
v -0.084915 -0.205004 -1.685456
v -0.110947 -0.192166 1.685456
v -0.219996 -0.381045 1.642074
v -0.325281 -0.563403 1.570595
v -0.425000 -0.736122 1.472243
v -0.517448 -0.896245 1.348701
v -0.601041 -1.041034 1.202082
v -0.674351 -1.168010 1.034894
v -0.736122 -1.275001 0.850000
v -0.785298 -1.360176 0.650562
v -0.821038 -1.422079 0.439992
v -0.842729 -1.459649 0.221895
v -0.850001 -1.472244 0.000000
v -0.842729 -1.459649 -0.221895
v -0.821038 -1.422079 -0.439992
v -0.785298 -1.360176 -0.650562
v -0.736122 -1.275001 -0.850000
v -0.674351 -1.168010 -1.034894
v -0.601041 -1.041034 -1.202082
v -0.517448 -0.896245 -1.348701
v -0.425000 -0.736122 -1.472243
v -0.325281 -0.563403 -1.570595
v -0.219996 -0.381045 -1.642074
v -0.110947 -0.192166 -1.685456
v -0.135081 -0.176041 1.685456
v -0.267851 -0.349070 1.642074
v -0.396037 -0.516126 1.570595
v -0.517448 -0.674351 1.472243
v -0.630004 -0.821038 1.348701
v -0.731782 -0.953676 1.202082
v -0.821038 -1.069997 1.034894
v -0.896246 -1.168010 0.850000
v -0.956118 -1.246037 0.650562
v -0.999632 -1.302746 0.439992
v -1.026042 -1.337164 0.221895
v -1.034896 -1.348702 0.000000
v -1.026042 -1.337164 -0.221895
v -0.999632 -1.302746 -0.439992
v -0.956118 -1.246037 -0.650562
v -0.896246 -1.168010 -0.850000
v -0.821038 -1.069997 -1.034894
v -0.731782 -0.953676 -1.202082
v -0.630004 -0.821038 -1.348701
v -0.517448 -0.674351 -1.472243
v -0.396037 -0.516126 -1.570595
v -0.267851 -0.349070 -1.642074
v -0.135081 -0.176041 -1.685456
v -0.156903 -0.156903 1.685456
v -0.311122 -0.311122 1.642074
v -0.460017 -0.460017 1.570595
v -0.601041 -0.601041 1.472243
v -0.731782 -0.731781 1.348701
v -0.850001 -0.850001 1.202082
v -0.953677 -0.953676 1.034894
v -1.041034 -1.041034 0.850000
v -1.110579 -1.110579 0.650562
v -1.161123 -1.161122 0.439992
v -1.191799 -1.191799 0.221895
v -1.202083 -1.202082 0.000000
v -1.191799 -1.191799 -0.221895
v -1.161123 -1.161122 -0.439992
v -1.110579 -1.110579 -0.650562
v -1.041034 -1.041034 -0.850000
v -0.953677 -0.953676 -1.034894
v -0.850001 -0.850001 -1.202082
v -0.731782 -0.731781 -1.348701
v -0.601041 -0.601041 -1.472243
v -0.460017 -0.460017 -1.570595
v -0.311122 -0.311122 -1.642074
v -0.156903 -0.156903 -1.685456
v -0.176041 -0.135081 1.685456
v -0.349070 -0.267851 1.642074
v -0.516126 -0.396037 1.570595
v -0.674351 -0.517448 1.472243
v -0.821038 -0.630004 1.348701
v -0.953677 -0.731782 1.202082
v -1.069998 -0.821038 1.034894
v -1.168010 -0.896245 0.850000
v -1.246038 -0.956118 0.650562
v -1.302746 -0.999632 0.439992
v -1.337164 -1.026042 0.221895
v -1.348702 -1.034895 0.000000
v -1.337164 -1.026042 -0.221895
v -1.302746 -0.999632 -0.439992
v -1.246038 -0.956118 -0.650562
v -1.168010 -0.896245 -0.850000
v -1.069998 -0.821038 -1.034894
v -0.953677 -0.731782 -1.202082
v -0.821038 -0.630004 -1.348701
v -0.674351 -0.517448 -1.472243
v -0.516126 -0.396037 -1.570595
v -0.349070 -0.267851 -1.642074
v -0.176041 -0.135081 -1.685456
v -0.192167 -0.110947 1.685456
v -0.381045 -0.219996 1.642074
v -0.563403 -0.325281 1.570595
v -0.736122 -0.425000 1.472243
v -0.896246 -0.517448 1.348701
v -1.041034 -0.601041 1.202082
v -1.168011 -0.674351 1.034894
v -1.275002 -0.736122 0.850000
v -1.360176 -0.785298 0.650562
v -1.422079 -0.821037 0.439992
v -1.459650 -0.842729 0.221895
v -1.472245 -0.850001 0.000000
v -1.459650 -0.842729 -0.221895
v -1.422079 -0.821037 -0.439992
v -1.360176 -0.785298 -0.650562
v -1.275002 -0.736122 -0.850000
v -1.168011 -0.674351 -1.034894
v -1.041034 -0.601041 -1.202082
v -0.896246 -0.517448 -1.348701
v -0.736122 -0.425000 -1.472243
v -0.563403 -0.325281 -1.570595
v -0.381045 -0.219996 -1.642074
v -0.192167 -0.110947 -1.685456
v -0.205004 -0.084915 1.685456
v -0.406500 -0.168378 1.642074
v -0.601041 -0.248959 1.570595
v -0.785298 -0.325281 1.472243
v -0.956119 -0.396037 1.348701
v -1.110580 -0.460017 1.202082
v -1.246039 -0.516126 1.034894
v -1.360177 -0.563403 0.850000
v -1.451041 -0.601041 0.650562
v -1.517080 -0.628395 0.439992
v -1.557161 -0.644997 0.221895
v -1.570597 -0.650562 0.000000
v -1.557161 -0.644997 -0.221895
v -1.517080 -0.628395 -0.439992
v -1.451041 -0.601041 -0.650562
v -1.360177 -0.563403 -0.850000
v -1.246039 -0.516126 -1.034894
v -1.110580 -0.460017 -1.202082
v -0.956119 -0.396037 -1.348701
v -0.785298 -0.325281 -1.472243
v -0.601041 -0.248959 -1.570595
v -0.406500 -0.168378 -1.642074
v -0.205004 -0.084915 -1.685456
v -0.214334 -0.057431 1.685456
v -0.425000 -0.113878 1.642074
v -0.628395 -0.168378 1.570595
v -0.821038 -0.219996 1.472243
v -0.999632 -0.267851 1.348701
v -1.161123 -0.311122 1.202082
v -1.302746 -0.349069 1.034894
v -1.422079 -0.381045 0.850000
v -1.517079 -0.406500 0.650562
v -1.586123 -0.425000 0.439992
v -1.628028 -0.436228 0.221895
v -1.642076 -0.439993 0.000000
v -1.628028 -0.436228 -0.221895
v -1.586123 -0.425000 -0.439992
v -1.517079 -0.406500 -0.650562
v -1.422079 -0.381045 -0.850000
v -1.302746 -0.349069 -1.034894
v -1.161123 -0.311122 -1.202082
v -0.999632 -0.267851 -1.348701
v -0.821038 -0.219996 -1.472243
v -0.628395 -0.168378 -1.570595
v -0.425000 -0.113878 -1.642074
v -0.214334 -0.057431 -1.685456
v -0.219996 -0.028963 1.685456
v -0.436229 -0.057431 1.642074
v -0.644997 -0.084915 1.570595
v -0.842729 -0.110947 1.472243
v -1.026042 -0.135081 1.348701
v -1.191799 -0.156903 1.202082
v -1.337164 -0.176041 1.034894
v -1.459650 -0.192166 0.850000
v -1.557159 -0.205004 0.650562
v -1.628027 -0.214334 0.439992
v -1.671039 -0.219996 0.221895
v -1.685458 -0.221894 0.000000
v -1.671039 -0.219996 -0.221895
v -1.628027 -0.214334 -0.439992
v -1.557159 -0.205004 -0.650562
v -1.459650 -0.192166 -0.850000
v -1.337164 -0.176041 -1.034894
v -1.191799 -0.156903 -1.202082
v -1.026042 -0.135081 -1.348701
v -0.842729 -0.110947 -1.472243
v -0.644997 -0.084915 -1.570595
v -0.436229 -0.057431 -1.642074
v -0.219996 -0.028963 -1.685456
v -0.221895 0.000000 1.685456
v -0.439993 0.000000 1.642074
v -0.650562 0.000000 1.570595
v -0.850001 0.000000 1.472243
v -1.034895 0.000000 1.348701
v -1.202083 0.000000 1.202082
v -1.348702 0.000000 1.034894
v -1.472245 0.000000 0.850000
v -1.570596 0.000000 0.650562
v -1.642076 0.000000 0.439992
v -1.685459 0.000000 0.221895
v -1.700002 0.000000 0.000000
v -1.685459 0.000000 -0.221895
v -1.642076 0.000000 -0.439992
v -1.570596 0.000000 -0.650562
v -1.472245 0.000000 -0.850000
v -1.348702 0.000000 -1.034894
v -1.202083 0.000000 -1.202082
v -1.034895 0.000000 -1.348701
v -0.850001 0.000000 -1.472243
v -0.650562 0.000000 -1.570595
v -0.439993 0.000000 -1.642074
v -0.221895 0.000000 -1.685456
v -0.219997 0.028963 1.685456
v -0.436229 0.057431 1.642074
v -0.644997 0.084916 1.570595
v -0.842729 0.110948 1.472243
v -1.026042 0.135081 1.348701
v -1.191799 0.156903 1.202082
v -1.337164 0.176041 1.034894
v -1.459650 0.192167 0.850000
v -1.557159 0.205004 0.650562
v -1.628027 0.214334 0.439992
v -1.671039 0.219997 0.221895
v -1.685458 0.221895 0.000000
v -1.671039 0.219997 -0.221895
v -1.628027 0.214334 -0.439992
v -1.557159 0.205004 -0.650562
v -1.459650 0.192167 -0.850000
v -1.337164 0.176041 -1.034894
v -1.191799 0.156903 -1.202082
v -1.026042 0.135081 -1.348701
v -0.842729 0.110948 -1.472243
v -0.644997 0.084916 -1.570595
v -0.436229 0.057431 -1.642074
v -0.219997 0.028963 -1.685456
v -0.214334 0.057431 1.685456
v -0.425000 0.113879 1.642074
v -0.628395 0.168378 1.570595
v -0.821038 0.219997 1.472243
v -0.999632 0.267851 1.348701
v -1.161123 0.311122 1.202082
v -1.302746 0.349070 1.034894
v -1.422079 0.381045 0.850000
v -1.517079 0.406500 0.650562
v -1.586123 0.425001 0.439992
v -1.628028 0.436229 0.221895
v -1.642076 0.439993 0.000000
v -1.628028 0.436229 -0.221895
v -1.586123 0.425001 -0.439992
v -1.517079 0.406500 -0.650562
v -1.422079 0.381045 -0.850000
v -1.302746 0.349070 -1.034894
v -1.161123 0.311122 -1.202082
v -0.999632 0.267851 -1.348701
v -0.821038 0.219997 -1.472243
v -0.628395 0.168378 -1.570595
v -0.425000 0.113879 -1.642074
v -0.214334 0.057431 -1.685456
v -0.205004 0.084916 1.685456
v -0.406500 0.168378 1.642074
v -0.601041 0.248960 1.570595
v -0.785299 0.325281 1.472243
v -0.956119 0.396038 1.348701
v -1.110580 0.460018 1.202082
v -1.246038 0.516127 1.034894
v -1.360177 0.563404 0.850000
v -1.451041 0.601041 0.650562
v -1.517080 0.628395 0.439992
v -1.557161 0.644997 0.221895
v -1.570597 0.650563 0.000000
v -1.557161 0.644997 -0.221895
v -1.517080 0.628395 -0.439992
v -1.451041 0.601041 -0.650562
v -1.360177 0.563404 -0.850000
v -1.246038 0.516127 -1.034894
v -1.110580 0.460018 -1.202082
v -0.956119 0.396038 -1.348701
v -0.785299 0.325281 -1.472243
v -0.601041 0.248960 -1.570595
v -0.406500 0.168378 -1.642074
v -0.205004 0.084916 -1.685456
v -0.192167 0.110947 1.685456
v -0.381045 0.219996 1.642074
v -0.563404 0.325281 1.570595
v -0.736122 0.425001 1.472243
v -0.896246 0.517448 1.348701
v -1.041035 0.601042 1.202082
v -1.168010 0.674352 1.034894
v -1.275002 0.736123 0.850000
v -1.360176 0.785298 0.650562
v -1.422079 0.821038 0.439992
v -1.459650 0.842730 0.221895
v -1.472245 0.850001 0.000000
v -1.459650 0.842730 -0.221895
v -1.422079 0.821038 -0.439992
v -1.360176 0.785298 -0.650562
v -1.275002 0.736123 -0.850000
v -1.168010 0.674352 -1.034894
v -1.041035 0.601042 -1.202082
v -0.896246 0.517448 -1.348701
v -0.736122 0.425001 -1.472243
v -0.563404 0.325281 -1.570595
v -0.381045 0.219996 -1.642074
v -0.192167 0.110947 -1.685456
v -0.176041 0.135081 1.685456
v -0.349070 0.267851 1.642074
v -0.516126 0.396037 1.570595
v -0.674351 0.517448 1.472243
v -0.821038 0.630005 1.348701
v -0.953677 0.731782 1.202082
v -1.069997 0.821038 1.034894
v -1.168010 0.896246 0.850000
v -1.246037 0.956118 0.650562
v -1.302746 0.999633 0.439992
v -1.337164 1.026043 0.221895
v -1.348702 1.034896 0.000000
v -1.337164 1.026043 -0.221895
v -1.302746 0.999633 -0.439992
v -1.246037 0.956118 -0.650562
v -1.168010 0.896246 -0.850000
v -1.069997 0.821038 -1.034894
v -0.953677 0.731782 -1.202082
v -0.821038 0.630005 -1.348701
v -0.674351 0.517448 -1.472243
v -0.516126 0.396037 -1.570595
v -0.349070 0.267851 -1.642074
v -0.176041 0.135081 -1.685456
v -0.156903 0.156903 1.685456
v -0.311122 0.311122 1.642074
v -0.460017 0.460017 1.570595
v -0.601041 0.601042 1.472243
v -0.731782 0.731782 1.348701
v -0.850001 0.850002 1.202082
v -0.953676 0.953677 1.034894
v -1.041034 1.041035 0.850000
v -1.110579 1.110579 0.650562
v -1.161123 1.161123 0.439992
v -1.191799 1.191800 0.221895
v -1.202083 1.202083 0.000000
v -1.191799 1.191800 -0.221895
v -1.161123 1.161123 -0.439992
v -1.110579 1.110579 -0.650562
v -1.041034 1.041035 -0.850000
v -0.953676 0.953677 -1.034894
v -0.850001 0.850002 -1.202082
v -0.731782 0.731782 -1.348701
v -0.601041 0.601042 -1.472243
v -0.460017 0.460017 -1.570595
v -0.311122 0.311122 -1.642074
v -0.156903 0.156903 -1.685456
v -0.135081 0.176041 1.685456
v -0.267851 0.349070 1.642074
v -0.396037 0.516126 1.570595
v -0.517448 0.674351 1.472243
v -0.630004 0.821038 1.348701
v -0.731782 0.953677 1.202082
v -0.821038 1.069998 1.034894
v -0.896246 1.168011 0.850000
v -0.956118 1.246038 0.650562
v -0.999632 1.302747 0.439992
v -1.026042 1.337165 0.221895
v -1.034896 1.348703 0.000000
v -1.026042 1.337165 -0.221895
v -0.999632 1.302747 -0.439992
v -0.956118 1.246038 -0.650562
v -0.896246 1.168011 -0.850000
v -0.821038 1.069998 -1.034894
v -0.731782 0.953677 -1.202082
v -0.630004 0.821038 -1.348701
v -0.517448 0.674351 -1.472243
v -0.396037 0.516126 -1.570595
v -0.267851 0.349070 -1.642074
v -0.135081 0.176041 -1.685456
v -0.110947 0.192167 1.685456
v -0.219996 0.381045 1.642074
v -0.325281 0.563404 1.570595
v -0.425000 0.736123 1.472243
v -0.517448 0.896246 1.348701
v -0.601042 1.041035 1.202082
v -0.674351 1.168011 1.034894
v -0.736122 1.275002 0.850000
v -0.785298 1.360176 0.650562
v -0.821038 1.422080 0.439992
v -0.842729 1.459650 0.221895
v -0.850001 1.472245 0.000000
v -0.842729 1.459650 -0.221895
v -0.821038 1.422080 -0.439992
v -0.785298 1.360176 -0.650562
v -0.736122 1.275002 -0.850000
v -0.674351 1.168011 -1.034894
v -0.601042 1.041035 -1.202082
v -0.517448 0.896246 -1.348701
v -0.425000 0.736123 -1.472243
v -0.325281 0.563404 -1.570595
v -0.219996 0.381045 -1.642074
v -0.110947 0.192167 -1.685456
v -0.084915 0.205004 1.685456
v -0.168378 0.406500 1.642074
v -0.248959 0.601041 1.570595
v -0.325281 0.785299 1.472243
v -0.396037 0.956119 1.348701
v -0.460017 1.110580 1.202082
v -0.516126 1.246039 1.034894
v -0.563404 1.360178 0.850000
v -0.601041 1.451042 0.650562
v -0.628395 1.517081 0.439992
v -0.644997 1.557161 0.221895
v -0.650562 1.570598 0.000000
v -0.644997 1.557161 -0.221895
v -0.628395 1.517081 -0.439992
v -0.601041 1.451042 -0.650562
v -0.563404 1.360178 -0.850000
v -0.516126 1.246039 -1.034894
v -0.460017 1.110580 -1.202082
v -0.396037 0.956119 -1.348701
v -0.325281 0.785299 -1.472243
v -0.248959 0.601041 -1.570595
v -0.168378 0.406500 -1.642074
v -0.084915 0.205004 -1.685456
v -0.057431 0.214334 1.685456
v -0.113878 0.425000 1.642074
v -0.168378 0.628395 1.570595
v -0.219996 0.821038 1.472243
v -0.267851 0.999633 1.348701
v -0.311122 1.161124 1.202082
v -0.349069 1.302747 1.034894
v -0.381045 1.422080 0.850000
v -0.406500 1.517079 0.650562
v -0.425000 1.586124 0.439992
v -0.436228 1.628028 0.221895
v -0.439993 1.642076 0.000000
v -0.436228 1.628028 -0.221895
v -0.425000 1.586124 -0.439992
v -0.406500 1.517079 -0.650562
v -0.381045 1.422080 -0.850000
v -0.349069 1.302747 -1.034894
v -0.311122 1.161124 -1.202082
v -0.267851 0.999633 -1.348701
v -0.219996 0.821038 -1.472243
v -0.168378 0.628395 -1.570595
v -0.113878 0.425000 -1.642074
v -0.057431 0.214334 -1.685456
v -0.028963 0.219997 1.685456
v -0.057431 0.436229 1.642074
v -0.084915 0.644997 1.570595
v -0.110947 0.842729 1.472243
v -0.135081 1.026042 1.348701
v -0.156903 1.191800 1.202082
v -0.176041 1.337164 1.034894
v -0.192166 1.459650 0.850000
v -0.205004 1.557159 0.650562
v -0.214334 1.628028 0.439992
v -0.219996 1.671040 0.221895
v -0.221895 1.685459 0.000000
v -0.219996 1.671040 -0.221895
v -0.214334 1.628028 -0.439992
v -0.205004 1.557159 -0.650562
v -0.192166 1.459650 -0.850000
v -0.176041 1.337164 -1.034894
v -0.156903 1.191800 -1.202082
v -0.135081 1.026042 -1.348701
v -0.110947 0.842729 -1.472243
v -0.084915 0.644997 -1.570595
v -0.057431 0.436229 -1.642074
v -0.028963 0.219997 -1.685456
v 0.000000 0.850001 1.472243
v 0.000000 1.202084 1.202082
v 0.000001 1.348703 1.034894
v 0.000000 1.472246 0.850000
v 0.000001 1.348703 -1.034894
v 0.052336 1.200000 0.998630
v 0.104672 1.200000 1.997259
v 0.208753 1.189734 0.990432
v 0.261089 1.189734 1.989062
v 0.362493 1.159111 0.982375
v 0.414829 1.159111 1.981004
v 0.510927 1.108655 0.974596
v 0.563263 1.108655 1.973225
v 0.651514 1.039230 0.967228
v 0.703850 1.039230 1.965858
v 0.781849 0.952024 0.960397
v 0.834185 0.952024 1.959027
v 0.899701 0.848528 0.954221
v 0.952037 0.848528 1.952851
v 1.003055 0.730514 0.948804
v 1.055391 0.730514 1.947434
v 1.090142 0.600000 0.944240
v 1.142478 0.600000 1.942870
v 1.159472 0.459220 0.940607
v 1.211808 0.459220 1.939237
v 1.209858 0.310583 0.937966
v 1.262194 0.310583 1.936596
v 1.240439 0.156631 0.936364
v 1.292775 0.156631 1.934993
v 1.250691 0.000000 0.935826
v 1.303027 0.000000 1.934456
v 1.240439 -0.156631 0.936364
v 1.292775 -0.156631 1.934993
v 1.209858 -0.310583 0.937966
v 1.262194 -0.310583 1.936596
v 1.159472 -0.459220 0.940607
v 1.211808 -0.459220 1.939237
v 1.090142 -0.600000 0.944240
v 1.142478 -0.600000 1.942870
v 1.003055 -0.730514 0.948804
v 1.055391 -0.730514 1.947434
v 0.899701 -0.848528 0.954221
v 0.952037 -0.848528 1.952851
v 0.781849 -0.952024 0.960397
v 0.834185 -0.952024 1.959027
v 0.651514 -1.039230 0.967228
v 0.703850 -1.039230 1.965858
v 0.510927 -1.108655 0.974596
v 0.563263 -1.108655 1.973225
v 0.362493 -1.159111 0.982375
v 0.414829 -1.159111 1.981004
v 0.208753 -1.189734 0.990432
v 0.261089 -1.189734 1.989062
v 0.052336 -1.200000 0.998630
v 0.104672 -1.200000 1.997259
v -0.104081 -1.189734 1.006827
v -0.051745 -1.189734 2.005456
v -0.257821 -1.159111 1.014884
v -0.205485 -1.159111 2.013514
v -0.406255 -1.108655 1.022663
v -0.353919 -1.108655 2.021293
v -0.546842 -1.039230 1.030031
v -0.494506 -1.039230 2.028661
v -0.677177 -0.952024 1.036862
v -0.624841 -0.952024 2.035491
v -0.795029 -0.848528 1.043038
v -0.742693 -0.848528 2.041668
v -0.898383 -0.730514 1.048455
v -0.846047 -0.730514 2.047084
v -0.985470 -0.600000 1.053019
v -0.933134 -0.600000 2.051648
v -1.054800 -0.459220 1.056652
v -1.002464 -0.459220 2.055282
v -1.105186 -0.310583 1.059293
v -1.052850 -0.310583 2.057922
v -1.135767 -0.156631 1.060895
v -1.083431 -0.156631 2.059525
v -1.146019 0.000000 1.061433
v -1.093683 0.000000 2.060062
v -1.135767 0.156631 1.060895
v -1.083431 0.156631 2.059525
v -1.105186 0.310583 1.059293
v -1.052850 0.310583 2.057922
v -1.054800 0.459220 1.056652
v -1.002464 0.459220 2.055282
v -0.985470 0.600000 1.053019
v -0.933134 0.600000 2.051648
v -0.898383 0.730514 1.048455
v -0.846047 0.730514 2.047084
v -0.795029 0.848528 1.043038
v -0.742693 0.848528 2.041668
v -0.677177 0.952024 1.036862
v -0.624841 0.952024 2.035491
v -0.546842 1.039230 1.030031
v -0.494506 1.039230 2.028661
v -0.406255 1.108655 1.022663
v -0.353919 1.108655 2.021293
v -0.257821 1.159111 1.014884
v -0.205485 1.159111 2.013514
v -0.104081 1.189734 1.006827
v -0.051745 1.189734 2.005456
v 0.095251 1.420000 1.817506
v 0.104672 1.420000 1.997259
v 0.234245 1.413162 1.810221
v 0.243666 1.413162 1.989975
v 0.371900 1.392715 1.803007
v 0.381321 1.392715 1.982760
v 0.506891 1.358855 1.795933
v 0.516311 1.358855 1.975686
v 0.637917 1.311909 1.789066
v 0.647338 1.311909 1.968819
v 0.763717 1.252328 1.782473
v 0.773138 1.252328 1.962226
v 0.883080 1.180687 1.776217
v 0.892501 1.180687 1.955971
v 0.994855 1.097675 1.770360
v 1.004276 1.097675 1.950113
v 1.097967 1.004092 1.764956
v 1.107387 1.004092 1.944709
v 1.191422 0.900838 1.760058
v 1.200842 0.900838 1.939811
v 1.274320 0.788910 1.755713
v 1.283741 0.788910 1.935467
v 1.345863 0.669383 1.751964
v 1.355284 0.669383 1.931717
v 1.405362 0.543410 1.748846
v 1.414783 0.543410 1.928599
v 1.452244 0.412204 1.746389
v 1.461665 0.412204 1.926142
v 1.486058 0.277028 1.744617
v 1.495478 0.277028 1.924370
v 1.506477 0.139184 1.743546
v 1.515897 0.139184 1.923300
v 1.513305 0.000000 1.743189
v 1.522726 0.000000 1.922942
v 1.506477 -0.139184 1.743546
v 1.515897 -0.139184 1.923300
v 1.486058 -0.277028 1.744617
v 1.495478 -0.277028 1.924370
v 1.452244 -0.412204 1.746389
v 1.461665 -0.412204 1.926142
v 1.405362 -0.543410 1.748846
v 1.414783 -0.543410 1.928599
v 1.345863 -0.669383 1.751964
v 1.355284 -0.669383 1.931717
v 1.274320 -0.788910 1.755713
v 1.283741 -0.788910 1.935467
v 1.191422 -0.900838 1.760058
v 1.200842 -0.900838 1.939811
v 1.097967 -1.004092 1.764956
v 1.107387 -1.004092 1.944709
v 0.994855 -1.097675 1.770360
v 1.004276 -1.097675 1.950113
v 0.883080 -1.180687 1.776217
v 0.892501 -1.180687 1.955971
v 0.763717 -1.252328 1.782473
v 0.773138 -1.252328 1.962226
v 0.637917 -1.311909 1.789066
v 0.647338 -1.311909 1.968819
v 0.506891 -1.358855 1.795933
v 0.516311 -1.358855 1.975686
v 0.371900 -1.392715 1.803007
v 0.381321 -1.392715 1.982760
v 0.234245 -1.413162 1.810221
v 0.243666 -1.413162 1.989975
v 0.095251 -1.420000 1.817506
v 0.104672 -1.420000 1.997259
v -0.043742 -1.413162 1.824790
v -0.034322 -1.413162 2.004543
v -0.181397 -1.392715 1.832004
v -0.171977 -1.392715 2.011758
v -0.316388 -1.358855 1.839079
v -0.306967 -1.358855 2.018832
v -0.447414 -1.311909 1.845946
v -0.437994 -1.311909 2.025699
v -0.573215 -1.252328 1.852539
v -0.563794 -1.252328 2.032292
v -0.692577 -1.180687 1.858794
v -0.683157 -1.180687 2.038547
v -0.804352 -1.097675 1.864652
v -0.794932 -1.097675 2.044405
v -0.907464 -1.004092 1.870056
v -0.898044 -1.004092 2.049809
v -1.000919 -0.900838 1.874954
v -0.991499 -0.900838 2.054707
v -1.083817 -0.788910 1.879298
v -1.074397 -0.788910 2.059052
v -1.155360 -0.669383 1.883047
v -1.145940 -0.669383 2.062801
v -1.214859 -0.543410 1.886166
v -1.205439 -0.543410 2.065919
v -1.261742 -0.412204 1.888623
v -1.252321 -0.412204 2.068376
v -1.295555 -0.277028 1.890395
v -1.286134 -0.277028 2.070148
v -1.315974 -0.139184 1.891465
v -1.306554 -0.139184 2.071218
v -1.322802 0.000000 1.891823
v -1.313382 0.000000 2.071576
v -1.315974 0.139184 1.891465
v -1.306554 0.139184 2.071218
v -1.295555 0.277028 1.890395
v -1.286134 0.277028 2.070148
v -1.261742 0.412204 1.888623
v -1.252321 0.412204 2.068376
v -1.214859 0.543410 1.886166
v -1.205439 0.543410 2.065919
v -1.155360 0.669383 1.883047
v -1.145940 0.669383 2.062801
v -1.083817 0.788910 1.879298
v -1.074397 0.788910 2.059052
v -1.000919 0.900838 1.874954
v -0.991499 0.900838 2.054707
v -0.907464 1.004092 1.870056
v -0.898044 1.004092 2.049809
v -0.804352 1.097675 1.864652
v -0.794932 1.097675 2.044405
v -0.692577 1.180687 1.858794
v -0.683157 1.180687 2.038547
v -0.573215 1.252328 1.852539
v -0.563794 1.252328 2.032292
v -0.447414 1.311909 1.845946
v -0.437994 1.311909 2.025699
v -0.316388 1.358855 1.839079
v -0.306967 1.358855 2.018832
v -0.181397 1.392715 1.832004
v -0.171977 1.392715 2.011758
v -0.043742 1.413162 1.824790
v -0.034322 1.413162 2.004543
v -0.825298 0.622239 2.045997
v -0.686202 0.791960 2.038707
v -0.604875 0.865772 2.034445
v -0.759913 0.710521 2.042570
v -0.323346 1.034745 2.019691
v -0.422569 0.987752 2.024891
v -0.113530 1.098480 2.008694
v -0.220001 1.071773 2.014274
v -0.516714 0.931246 2.029824
v -0.992302 -0.218501 2.054749
v -0.881726 -0.527964 2.048954
v -0.928655 -0.428605 2.051413
v -0.965632 -0.325119 2.053351
v -0.686202 -0.791960 2.038707
v -0.759913 -0.710521 2.042570
v -0.516714 -0.931246 2.029824
v -0.604875 -0.865772 2.034445
v -0.825298 -0.622239 2.045997
v 0.322874 -1.098480 1.985824
v 0.532690 -1.034745 1.974828
v 0.631913 -0.987752 1.969627
v 0.429345 -1.071773 1.980244
v 0.814219 -0.865772 1.960073
v 0.895546 -0.791960 1.955811
v 1.034642 -0.622239 1.948521
v 0.969257 -0.710521 1.951948
v 0.726058 -0.931246 1.964694
v 0.726058 0.931246 1.964694
v 0.895546 0.791960 1.955811
v 0.969257 0.710521 1.951948
v 0.814219 0.865772 1.960073
v 1.091070 0.527964 1.945564
v 1.137999 0.428605 1.943105
v 1.201646 0.218501 1.939769
v 1.174976 0.325119 1.941167
v 1.034642 0.622239 1.948521
v -1.013793 0.000000 2.055875
v -1.008407 -0.109779 2.055593
v -1.008407 0.109779 2.055593
v -0.965632 0.325119 2.053351
v -0.881726 0.527964 2.048954
v -0.928655 0.428605 2.051413
v -0.992302 0.218501 2.054749
v -0.323346 -1.034745 2.019691
v -0.220001 -1.071773 2.014274
v -0.422569 -0.987752 2.024891
v 0.104672 1.120000 1.997259
v 0.322874 1.098480 1.985824
v 0.214301 1.114607 1.991514
v -0.004957 1.114607 2.003004
v -0.113530 -1.098480 2.008694
v 0.104672 -1.120000 1.997259
v -0.004957 -1.114607 2.003004
v 0.532690 1.034745 1.974828
v 0.429345 1.071773 1.980244
v 0.214301 -1.114607 1.991514
v 1.174976 -0.325119 1.941167
v 1.137999 -0.428605 1.943105
v 1.091070 -0.527964 1.945564
v 1.223137 0.000000 1.938643
v 1.217751 0.109779 1.938925
v 1.201646 -0.218501 1.939769
v 1.217751 -0.109779 1.938925
v 0.631913 0.987752 1.969627
v 0.419925 1.071773 1.800490
v 0.622492 0.987752 1.789874
v 0.716637 0.931246 1.784940
v 0.523270 1.034745 1.795074
v 0.886126 0.791960 1.776058
v 0.959837 0.710521 1.772195
v 1.081650 0.527964 1.765811
v 1.025221 0.622239 1.768768
v 0.804798 0.865772 1.780320
v 0.622492 -0.987752 1.789874
v 0.804798 -0.865772 1.780320
v 0.886126 -0.791960 1.776058
v 0.716637 -0.931246 1.784940
v 1.025221 -0.622239 1.768768
v 1.081650 -0.527964 1.765811
v 1.165556 -0.325119 1.761413
v 1.128578 -0.428605 1.763351
v 0.959837 -0.710521 1.772195
v -0.891147 -0.527964 1.869201
v -0.769334 -0.710521 1.862817
v -0.695623 -0.791960 1.858954
v -0.834718 -0.622239 1.866243
v -0.431989 -0.987752 1.845137
v -0.526134 -0.931246 1.850071
v -0.229422 -1.071773 1.834521
v -0.332767 -1.034745 1.839937
v -0.614295 -0.865772 1.854692
v -0.975053 0.325119 1.873598
v -0.834718 0.622239 1.866243
v -0.891147 0.527964 1.869201
v -0.938075 0.428605 1.871660
v -0.614295 0.865772 1.854692
v -0.695623 0.791960 1.858954
v -0.431989 0.987752 1.845137
v -0.526134 0.931246 1.850071
v -0.769334 0.710521 1.862817
v 0.095251 1.120000 1.817506
v 0.204880 1.114607 1.811760
v 0.313453 -1.098480 1.806070
v 0.419925 -1.071773 1.800490
v 0.313453 1.098480 1.806070
v 0.204880 -1.114607 1.811760
v 1.165556 0.325119 1.761413
v 1.128578 0.428605 1.763351
v 1.213717 0.000000 1.758889
v 1.208331 0.109779 1.759172
v 1.208331 -0.109779 1.759172
v 1.192225 0.218501 1.760016
v 1.192225 -0.218501 1.760016
v 0.523270 -1.034745 1.795074
v -1.023214 0.000000 1.876122
v -1.017828 -0.109779 1.875840
v -1.017828 0.109779 1.875840
v -0.938075 -0.428605 1.871660
v -0.975053 -0.325119 1.873598
v -1.001723 -0.218501 1.874996
v -1.001723 0.218501 1.874996
v -0.229422 1.071773 1.834521
v -0.122950 -1.098480 1.828941
v -0.122950 1.098480 1.828941
v -0.014377 1.114607 1.823251
v 0.095251 -1.120000 1.817506
v -0.014377 -1.114607 1.823251
v -0.332767 1.034745 1.839937
v 0.052336 -1.464839 0.539916
v 0.104672 -2.329677 0.040601
v 0.208753 -1.452606 0.535124
v 0.261089 -2.317445 0.035809
v 0.362493 -1.430317 0.512632
v 0.414829 -2.295156 0.013317
v 0.510927 -1.398352 0.472826
v 0.563263 -2.263191 -0.026489
v 0.651514 -1.357259 0.416386
v 0.703850 -2.222098 -0.082929
v 0.781849 -1.307741 0.344278
v 0.834185 -2.172579 -0.155037
v 0.899701 -1.250644 0.257736
v 0.952037 -2.115482 -0.241578
v 1.003055 -1.186946 0.158241
v 1.055391 -2.051784 -0.341074
v 1.090142 -1.117736 0.047495
v 1.142478 -1.982575 -0.451820
v 1.159472 -1.044200 -0.072607
v 1.211808 -1.909038 -0.571922
v 1.209858 -0.967594 -0.200011
v 1.262194 -1.832433 -0.699325
v 1.240439 -0.889230 -0.332535
v 1.292775 -1.754069 -0.831850
v 1.250691 -0.810449 -0.467913
v 1.303027 -1.675288 -0.967228
v 1.240439 -0.732599 -0.603829
v 1.292775 -1.597438 -1.103143
v 1.209858 -0.657011 -0.737956
v 1.262194 -1.521850 -1.237271
v 1.159472 -0.584979 -0.868000
v 1.211808 -1.449818 -1.367315
v 1.090142 -0.517736 -0.991735
v 1.142478 -1.382575 -1.491050
v 1.003055 -0.456432 -1.107046
v 1.055391 -1.321270 -1.606360
v 0.899701 -0.402116 -1.211957
v 0.952037 -1.266954 -1.711272
v 0.781849 -0.355716 -1.304676
v 0.834185 -1.220555 -1.803990
v 0.651514 -0.318029 -1.383614
v 0.703850 -1.182867 -1.882929
v 0.510927 -0.289697 -1.447422
v 0.563263 -1.154536 -1.946736
v 0.362493 -0.271206 -1.495007
v 0.414829 -1.136045 -1.994322
v 0.208753 -0.262872 -1.525556
v 0.261089 -1.127711 -2.024870
v 0.052336 -0.264838 -1.538545
v 0.104672 -1.129677 -2.037860
v -0.104081 -0.277071 -1.533753
v -0.051745 -1.141909 -2.033068
v -0.257821 -0.299360 -1.511262
v -0.205485 -1.164199 -2.010576
v -0.406255 -0.331325 -1.471455
v -0.353919 -1.196163 -1.970770
v -0.546842 -0.372418 -1.415016
v -0.494506 -1.237256 -1.914330
v -0.677177 -0.421937 -1.342908
v -0.624841 -1.286775 -1.842223
v -0.795029 -0.479033 -1.256366
v -0.742693 -1.343872 -1.755681
v -0.898383 -0.542731 -1.156871
v -0.846047 -1.407570 -1.656186
v -0.985470 -0.611941 -1.046125
v -0.933134 -1.476779 -1.545439
v -1.054800 -0.685477 -0.926022
v -1.002464 -1.550316 -1.425337
v -1.105186 -0.762083 -0.798619
v -1.052850 -1.626921 -1.297934
v -1.135767 -0.840447 -0.666095
v -1.083431 -1.705285 -1.165409
v -1.146019 -0.919228 -0.530716
v -1.093683 -1.784066 -1.030031
v -1.135767 -0.997078 -0.394801
v -1.083431 -1.861917 -0.894116
v -1.105186 -1.072666 -0.260674
v -1.052850 -1.937504 -0.759988
v -1.054800 -1.144698 -0.130630
v -1.002464 -2.009536 -0.629945
v -0.985470 -1.211941 -0.006894
v -0.933134 -2.076779 -0.506209
v -0.898383 -1.273245 0.108416
v -0.846047 -2.138084 -0.390899
v -0.795029 -1.327561 0.213328
v -0.742693 -2.192400 -0.285987
v -0.677177 -1.373960 0.306046
v -0.624841 -2.238799 -0.193269
v -0.546842 -1.411648 0.384984
v -0.494506 -2.276487 -0.114330
v -0.406255 -1.439980 0.448792
v -0.353919 -2.304819 -0.050523
v -0.257821 -1.458471 0.496377
v -0.205485 -2.323309 -0.002937
v -0.104081 -1.466805 0.526926
v -0.051745 -2.331643 0.027611
v 0.095251 -2.284006 0.321003
v 0.104672 -2.439677 0.231126
v 0.234245 -2.274279 0.318724
v 0.243666 -2.429950 0.228847
v 0.371900 -2.257808 0.304623
v 0.381321 -2.413478 0.214746
v 0.506891 -2.234751 0.278837
v 0.516311 -2.390422 0.188960
v 0.637917 -2.205331 0.241613
v 0.647338 -2.361002 0.151737
v 0.763717 -2.169831 0.193312
v 0.773138 -2.325502 0.103435
v 0.883080 -2.128593 0.134396
v 0.892501 -2.284264 0.044519
v 0.994855 -2.082014 0.065434
v 1.004276 -2.237685 -0.024442
v 1.097967 -2.030542 -0.012909
v 1.107387 -2.186213 -0.102786
v 1.191422 -1.974674 -0.099880
v 1.200842 -2.130345 -0.189757
v 1.274320 -1.914947 -0.194641
v 1.283741 -2.070618 -0.284517
v 1.345863 -1.851937 -0.296279
v 1.355284 -2.007608 -0.386156
v 1.405362 -1.786250 -0.403816
v 1.414783 -1.941921 -0.493692
v 1.452244 -1.718519 -0.516215
v 1.461665 -1.874190 -0.606092
v 1.486058 -1.649397 -0.632395
v 1.495478 -1.805067 -0.722271
v 1.506477 -1.579548 -0.751236
v 1.515897 -1.735219 -0.841113
v 1.513305 -1.509646 -0.871594
v 1.522726 -1.665317 -0.961471
v 1.506477 -1.440363 -0.992310
v 1.515897 -1.596034 -1.082187
v 1.486058 -1.372368 -1.112222
v 1.495478 -1.528039 -1.202098
v 1.452244 -1.306315 -1.230174
v 1.461665 -1.461986 -1.320050
v 1.405362 -1.242840 -1.345030
v 1.414783 -1.398511 -1.434907
v 1.345863 -1.182554 -1.455685
v 1.355284 -1.338225 -1.545562
v 1.274320 -1.126038 -1.561073
v 1.283741 -1.281708 -1.650949
v 1.191422 -1.073836 -1.660178
v 1.200842 -1.229507 -1.750055
v 1.097967 -1.026451 -1.752047
v 1.107387 -1.182122 -1.841923
v 0.994855 -0.984339 -1.835794
v 1.004276 -1.140010 -1.925671
v 0.883080 -0.947906 -1.910614
v 0.892501 -1.103577 -2.000490
v 0.763717 -0.917503 -1.975785
v 0.773138 -1.073174 -2.065661
v 0.637917 -0.893422 -2.030679
v 0.647338 -1.049093 -2.120556
v 0.506891 -0.875896 -2.074769
v 0.516311 -1.031567 -2.164646
v 0.371900 -0.865093 -2.107630
v 0.381321 -1.020764 -2.197507
v 0.234245 -0.861117 -2.128945
v 0.243666 -1.016788 -2.218822
v 0.095251 -0.864006 -2.138509
v 0.104672 -1.019677 -2.228385
v -0.043742 -0.873734 -2.136230
v -0.034322 -1.029404 -2.226106
v -0.181397 -0.890205 -2.122129
v -0.171977 -1.045876 -2.212005
v -0.316388 -0.913261 -2.096343
v -0.306967 -1.068932 -2.186219
v -0.447414 -0.942681 -2.059119
v -0.437994 -1.098352 -2.148996
v -0.573215 -0.978181 -2.010817
v -0.563794 -1.133852 -2.100694
v -0.692577 -1.019420 -1.951902
v -0.683157 -1.175090 -2.041779
v -0.804352 -1.065999 -1.882940
v -0.794932 -1.221670 -1.972817
v -0.907464 -1.117470 -1.804597
v -0.898044 -1.273141 -1.894473
v -1.000919 -1.173338 -1.717626
v -0.991499 -1.329009 -1.807503
v -1.083817 -1.233065 -1.622865
v -1.074397 -1.388736 -1.712742
v -1.155360 -1.296075 -1.521227
v -1.145940 -1.451746 -1.611103
v -1.214859 -1.361762 -1.413690
v -1.205439 -1.517433 -1.503567
v -1.261742 -1.429493 -1.301291
v -1.252321 -1.585164 -1.391167
v -1.295555 -1.498616 -1.185111
v -1.286134 -1.654287 -1.274988
v -1.315974 -1.568465 -1.066270
v -1.306554 -1.724136 -1.156146
v -1.322802 -1.638367 -0.945911
v -1.313382 -1.794038 -1.035788
v -1.315974 -1.707649 -0.825195
v -1.306554 -1.863320 -0.915072
v -1.295555 -1.775644 -0.705284
v -1.286134 -1.931315 -0.795161
v -1.261742 -1.841697 -0.587332
v -1.252321 -1.997368 -0.677209
v -1.214859 -1.905173 -0.472476
v -1.205439 -2.060844 -0.562352
v -1.155360 -1.965459 -0.361821
v -1.145940 -2.121130 -0.451697
v -1.083817 -2.021975 -0.256433
v -1.074397 -2.177646 -0.346310
v -1.000919 -2.074177 -0.157328
v -0.991499 -2.229848 -0.247204
v -0.907464 -2.121562 -0.065459
v -0.898044 -2.277233 -0.155336
v -0.804352 -2.163673 0.018288
v -0.794932 -2.319344 -0.071588
v -0.692577 -2.200106 0.093108
v -0.683157 -2.355777 0.003231
v -0.573215 -2.230510 0.158279
v -0.563794 -2.386180 0.068402
v -0.447414 -2.254590 0.213173
v -0.437994 -2.410261 0.123297
v -0.316388 -2.272117 0.257264
v -0.306967 -2.427788 0.167387
v -0.181397 -2.282920 0.290124
v -0.171977 -2.438591 0.200248
v -0.043742 -2.286896 0.311439
v -0.034322 -2.442567 0.221563
v -0.825298 -2.083004 -0.484124
v -0.686202 -2.161552 -0.333496
v -0.604875 -2.194767 -0.267442
v -0.759913 -2.124178 -0.405956
v -0.323346 -2.266476 -0.113730
v -0.422569 -2.247483 -0.157027
v -0.113530 -2.288820 -0.053036
v -0.220001 -2.280299 -0.078954
v -0.516714 -2.223503 -0.208430
v -0.992302 -1.670214 -1.216602
v -0.881726 -1.510464 -1.481708
v -0.928655 -1.562274 -1.396890
v -0.965632 -1.615695 -1.308237
v -0.686202 -1.369592 -1.705211
v -0.759913 -1.413657 -1.636614
v -0.516714 -1.292257 -1.821395
v -0.604875 -1.328995 -1.767003
v -0.825298 -1.460766 -1.561873
v 0.322874 -1.170534 -1.944223
v 0.532690 -1.192878 -1.883529
v 0.631913 -1.211872 -1.840232
v 0.429345 -1.179055 -1.918305
v 0.814219 -1.264587 -1.729817
v 0.895546 -1.297802 -1.663763
v 1.034642 -1.376350 -1.513135
v 0.969257 -1.335176 -1.591303
v 0.726058 -1.235852 -1.788829
v 0.726058 -2.167098 -0.175864
v 0.895546 -2.089762 -0.292048
v 0.969257 -2.045697 -0.360645
v 0.814219 -2.130359 -0.230256
v 1.091070 -1.948890 -0.515552
v 1.137999 -1.897081 -0.600369
v 1.201646 -1.789140 -0.780657
v 1.174976 -1.843659 -0.689022
v 1.034642 -1.998588 -0.435386
v -1.013793 -1.780440 -1.027938
v -1.008407 -1.725306 -1.122868
v -1.008407 -1.835085 -0.932725
v -0.965632 -1.940814 -0.745114
v -0.881726 -2.038428 -0.567246
v -0.928655 -1.990879 -0.654523
v -0.992302 -1.888716 -0.838147
v -0.323346 -1.231731 -1.905961
v -0.220001 -1.208526 -1.935320
v -0.422569 -1.259731 -1.867863
v 0.104672 -2.289677 -0.028681
v 0.322874 -2.269013 -0.041601
v 0.214301 -2.282005 -0.030479
v -0.004957 -2.291956 -0.036224
v -0.113530 -1.190341 -1.955658
v 0.104672 -1.169677 -1.968578
v -0.004957 -1.177349 -1.966780
v 0.532690 -2.227623 -0.091298
v 0.429345 -2.250828 -0.061939
v 0.214301 -1.167398 -1.961035
v 1.174976 -1.518540 -1.252145
v 1.137999 -1.468475 -1.342736
v 1.091070 -1.420926 -1.430013
v 1.223137 -1.678914 -0.969321
v 1.217751 -1.734048 -0.874391
v 1.201646 -1.570639 -1.159112
v 1.217751 -1.624269 -1.064534
v 0.631913 -2.199623 -0.129396
v 0.419925 -2.095157 0.027938
v 0.622492 -2.043952 -0.039519
v 0.716637 -2.011427 -0.085988
v 0.523270 -2.071953 -0.001422
v 0.886126 -1.934091 -0.202172
v 0.959837 -1.890026 -0.270769
v 1.081650 -1.793219 -0.425675
v 1.025221 -1.842917 -0.345510
v 0.804798 -1.974688 -0.140380
v 0.622492 -1.056201 -1.750355
v 0.804798 -1.108917 -1.639940
v 0.886126 -1.142131 -1.573886
v 0.716637 -1.080181 -1.698953
v 1.025221 -1.220679 -1.423259
v 1.081650 -1.265255 -1.340136
v 1.165556 -1.362869 -1.162268
v 1.128578 -1.312804 -1.252859
v 0.959837 -1.179505 -1.501426
v -0.891147 -1.354793 -1.391831
v -0.769334 -1.257986 -1.546737
v -0.695623 -1.213921 -1.615334
v -0.834718 -1.305095 -1.471996
v -0.431989 -1.104060 -1.777987
v -0.526134 -1.136586 -1.731518
v -0.229422 -1.052855 -1.845443
v -0.332767 -1.076060 -1.816084
v -0.614295 -1.173324 -1.677126
v -0.975053 -1.785143 -0.655238
v -0.834718 -1.927334 -0.394247
v -0.891147 -1.882757 -0.477370
v -0.938075 -1.835208 -0.564647
v -0.614295 -2.039096 -0.177565
v -0.695623 -2.005881 -0.243620
v -0.431989 -2.091812 -0.067150
v -0.526134 -2.067832 -0.118553
v -0.769334 -1.968507 -0.316079
v 0.095251 -2.134006 0.061196
v 0.204880 -2.126334 0.059398
v 0.313453 -1.014863 -1.854346
v 0.419925 -1.023384 -1.828428
v 0.313453 -2.113343 0.048276
v 0.204880 -1.011727 -1.871158
v 1.165556 -1.687988 -0.599146
v 1.128578 -1.741410 -0.510492
v 1.213717 -1.523243 -0.879445
v 1.208331 -1.578377 -0.784514
v 1.208331 -1.468598 -0.974657
v 1.192225 -1.633469 -0.690780
v 1.192225 -1.414968 -1.069235
v 0.523270 -1.037207 -1.793653
v -1.023214 -1.624769 -0.938061
v -1.017828 -1.569635 -1.032991
v -1.017828 -1.679415 -0.842848
v -0.938075 -1.406603 -1.307013
v -0.975053 -1.460024 -1.218360
v -1.001723 -1.514543 -1.126725
v -1.001723 -1.733045 -0.748270
v -0.229422 -2.124629 0.010922
v -0.122950 -1.034670 -1.865782
v -0.122950 -2.133149 0.036841
v -0.014377 -2.136285 0.053652
v 0.095251 -1.014006 -1.878701
v -0.014377 -1.021678 -1.876903
v -0.332767 -2.110805 -0.023853
v 0.052336 0.264838 -1.538545
v 0.104672 1.129677 -2.037860
v 0.208753 0.262872 -1.525556
v 0.261089 1.127711 -2.024870
v 0.362493 0.271206 -1.495007
v 0.414829 1.136045 -1.994322
v 0.510927 0.289697 -1.447422
v 0.563263 1.154536 -1.946736
v 0.651514 0.318029 -1.383614
v 0.703850 1.182867 -1.882929
v 0.781849 0.355716 -1.304676
v 0.834185 1.220555 -1.803990
v 0.899701 0.402116 -1.211957
v 0.952037 1.266954 -1.711272
v 1.003055 0.456432 -1.107046
v 1.055391 1.321270 -1.606360
v 1.090142 0.517736 -0.991735
v 1.142478 1.382575 -1.491050
v 1.159472 0.584979 -0.868000
v 1.211808 1.449818 -1.367315
v 1.209858 0.657011 -0.737956
v 1.262194 1.521850 -1.237271
v 1.240439 0.732599 -0.603829
v 1.292775 1.597438 -1.103143
v 1.250691 0.810449 -0.467913
v 1.303027 1.675288 -0.967228
v 1.240439 0.889230 -0.332535
v 1.292775 1.754069 -0.831850
v 1.209858 0.967594 -0.200011
v 1.262194 1.832433 -0.699325
v 1.159472 1.044200 -0.072607
v 1.211808 1.909038 -0.571922
v 1.090142 1.117736 0.047495
v 1.142478 1.982575 -0.451820
v 1.003055 1.186946 0.158241
v 1.055391 2.051784 -0.341074
v 0.899701 1.250644 0.257736
v 0.952037 2.115482 -0.241578
v 0.781849 1.307741 0.344278
v 0.834185 2.172579 -0.155037
v 0.651514 1.357259 0.416386
v 0.703850 2.222098 -0.082929
v 0.510927 1.398352 0.472826
v 0.563263 2.263191 -0.026489
v 0.362493 1.430317 0.512632
v 0.414829 2.295156 0.013317
v 0.208753 1.452606 0.535124
v 0.261089 2.317445 0.035809
v 0.052336 1.464839 0.539916
v 0.104672 2.329677 0.040601
v -0.104081 1.466805 0.526926
v -0.051745 2.331643 0.027611
v -0.257821 1.458471 0.496377
v -0.205485 2.323309 -0.002937
v -0.406255 1.439980 0.448792
v -0.353919 2.304819 -0.050523
v -0.546842 1.411648 0.384984
v -0.494506 2.276487 -0.114330
v -0.677177 1.373960 0.306046
v -0.624841 2.238799 -0.193269
v -0.795029 1.327561 0.213328
v -0.742693 2.192400 -0.285987
v -0.898383 1.273245 0.108416
v -0.846047 2.138084 -0.390899
v -0.985470 1.211941 -0.006894
v -0.933134 2.076779 -0.506209
v -1.054800 1.144698 -0.130630
v -1.002464 2.009536 -0.629945
v -1.105186 1.072666 -0.260674
v -1.052850 1.937504 -0.759988
v -1.135767 0.997078 -0.394801
v -1.083431 1.861917 -0.894116
v -1.146019 0.919228 -0.530716
v -1.093683 1.784066 -1.030031
v -1.135767 0.840447 -0.666095
v -1.083431 1.705285 -1.165409
v -1.105186 0.762083 -0.798619
v -1.052850 1.626921 -1.297934
v -1.054800 0.685477 -0.926022
v -1.002464 1.550316 -1.425337
v -0.985470 0.611941 -1.046125
v -0.933134 1.476779 -1.545439
v -0.898383 0.542731 -1.156871
v -0.846047 1.407570 -1.656186
v -0.795029 0.479033 -1.256366
v -0.742693 1.343872 -1.755681
v -0.677177 0.421937 -1.342908
v -0.624841 1.286775 -1.842223
v -0.546842 0.372418 -1.415016
v -0.494506 1.237256 -1.914330
v -0.406255 0.331325 -1.471455
v -0.353919 1.196163 -1.970770
v -0.257821 0.299360 -1.511262
v -0.205485 1.164199 -2.010576
v -0.104081 0.277071 -1.533753
v -0.051745 1.141909 -2.033068
v 0.095251 0.864006 -2.138509
v 0.104672 1.019677 -2.228385
v 0.234245 0.861117 -2.128945
v 0.243666 1.016788 -2.218822
v 0.371900 0.865093 -2.107630
v 0.381321 1.020764 -2.197507
v 0.506891 0.875896 -2.074769
v 0.516311 1.031567 -2.164646
v 0.637917 0.893422 -2.030679
v 0.647338 1.049093 -2.120556
v 0.763717 0.917503 -1.975785
v 0.773138 1.073174 -2.065661
v 0.883080 0.947906 -1.910614
v 0.892501 1.103577 -2.000490
v 0.994855 0.984339 -1.835794
v 1.004276 1.140010 -1.925671
v 1.097967 1.026451 -1.752047
v 1.107387 1.182122 -1.841923
v 1.191422 1.073836 -1.660178
v 1.200842 1.229507 -1.750055
v 1.274320 1.126038 -1.561073
v 1.283741 1.281708 -1.650949
v 1.345863 1.182554 -1.455685
v 1.355284 1.338225 -1.545562
v 1.405362 1.242840 -1.345030
v 1.414783 1.398511 -1.434907
v 1.452244 1.306315 -1.230174
v 1.461665 1.461986 -1.320050
v 1.486058 1.372368 -1.112222
v 1.495478 1.528039 -1.202098
v 1.506477 1.440363 -0.992310
v 1.515897 1.596034 -1.082187
v 1.513305 1.509646 -0.871594
v 1.522726 1.665317 -0.961471
v 1.506477 1.579548 -0.751236
v 1.515897 1.735219 -0.841113
v 1.486058 1.649397 -0.632395
v 1.495478 1.805067 -0.722271
v 1.452244 1.718519 -0.516215
v 1.461665 1.874190 -0.606092
v 1.405362 1.786250 -0.403816
v 1.414783 1.941921 -0.493692
v 1.345863 1.851937 -0.296279
v 1.355284 2.007608 -0.386156
v 1.274320 1.914947 -0.194641
v 1.283741 2.070618 -0.284517
v 1.191422 1.974674 -0.099880
v 1.200842 2.130345 -0.189757
v 1.097967 2.030542 -0.012909
v 1.107387 2.186213 -0.102786
v 0.994855 2.082014 0.065434
v 1.004276 2.237685 -0.024442
v 0.883080 2.128593 0.134396
v 0.892501 2.284264 0.044519
v 0.763717 2.169831 0.193312
v 0.773138 2.325502 0.103435
v 0.637917 2.205331 0.241613
v 0.647338 2.361002 0.151737
v 0.506891 2.234751 0.278837
v 0.516311 2.390422 0.188960
v 0.371900 2.257808 0.304623
v 0.381321 2.413478 0.214746
v 0.234245 2.274279 0.318724
v 0.243666 2.429950 0.228847
v 0.095251 2.284006 0.321003
v 0.104672 2.439677 0.231126
v -0.043742 2.286896 0.311439
v -0.034322 2.442567 0.221563
v -0.181397 2.282920 0.290124
v -0.171977 2.438591 0.200248
v -0.316388 2.272117 0.257264
v -0.306967 2.427788 0.167387
v -0.447414 2.254590 0.213173
v -0.437994 2.410261 0.123297
v -0.573215 2.230510 0.158279
v -0.563794 2.386180 0.068402
v -0.692577 2.200106 0.093108
v -0.683157 2.355777 0.003231
v -0.804352 2.163673 0.018288
v -0.794932 2.319344 -0.071588
v -0.907464 2.121562 -0.065459
v -0.898044 2.277233 -0.155336
v -1.000919 2.074177 -0.157328
v -0.991499 2.229848 -0.247204
v -1.083817 2.021975 -0.256433
v -1.074397 2.177646 -0.346310
v -1.155360 1.965459 -0.361821
v -1.145940 2.121130 -0.451697
v -1.214859 1.905173 -0.472476
v -1.205439 2.060844 -0.562352
v -1.261742 1.841697 -0.587332
v -1.252321 1.997368 -0.677209
v -1.295555 1.775644 -0.705284
v -1.286134 1.931315 -0.795161
v -1.315974 1.707649 -0.825195
v -1.306554 1.863320 -0.915072
v -1.322802 1.638367 -0.945911
v -1.313382 1.794038 -1.035788
v -1.315974 1.568465 -1.066270
v -1.306554 1.724136 -1.156146
v -1.295555 1.498616 -1.185111
v -1.286134 1.654287 -1.274988
v -1.261742 1.429493 -1.301291
v -1.252321 1.585164 -1.391167
v -1.214859 1.361762 -1.413690
v -1.205439 1.517433 -1.503567
v -1.155360 1.296075 -1.521227
v -1.145940 1.451746 -1.611103
v -1.083817 1.233065 -1.622865
v -1.074397 1.388736 -1.712742
v -1.000919 1.173338 -1.717626
v -0.991499 1.329009 -1.807503
v -0.907464 1.117470 -1.804597
v -0.898044 1.273141 -1.894473
v -0.804352 1.065999 -1.882940
v -0.794932 1.221670 -1.972817
v -0.692577 1.019420 -1.951902
v -0.683157 1.175090 -2.041779
v -0.573215 0.978181 -2.010817
v -0.563794 1.133852 -2.100694
v -0.447414 0.942681 -2.059119
v -0.437994 1.098352 -2.148996
v -0.316388 0.913261 -2.096343
v -0.306967 1.068932 -2.186219
v -0.181397 0.890205 -2.122129
v -0.171977 1.045876 -2.212005
v -0.043742 0.873734 -2.136230
v -0.034322 1.029404 -2.226106
v -0.825298 1.460766 -1.561873
v -0.686202 1.369592 -1.705211
v -0.604875 1.328995 -1.767003
v -0.759913 1.413657 -1.636614
v -0.323346 1.231731 -1.905961
v -0.422569 1.259731 -1.867863
v -0.113530 1.190341 -1.955658
v -0.220001 1.208526 -1.935320
v -0.516714 1.292257 -1.821395
v -0.992302 1.888716 -0.838147
v -0.881726 2.038428 -0.567246
v -0.928655 1.990879 -0.654523
v -0.965632 1.940814 -0.745114
v -0.686202 2.161552 -0.333496
v -0.759913 2.124178 -0.405956
v -0.516714 2.223503 -0.208430
v -0.604875 2.194767 -0.267442
v -0.825298 2.083004 -0.484124
v 0.322874 2.269013 -0.041601
v 0.532690 2.227623 -0.091298
v 0.631913 2.199623 -0.129396
v 0.429345 2.250828 -0.061939
v 0.814219 2.130359 -0.230256
v 0.895546 2.089762 -0.292048
v 1.034642 1.998588 -0.435386
v 0.969257 2.045697 -0.360645
v 0.726058 2.167098 -0.175864
v 0.726058 1.235852 -1.788829
v 0.895546 1.297802 -1.663763
v 0.969257 1.335176 -1.591303
v 0.814219 1.264587 -1.729817
v 1.091070 1.420926 -1.430013
v 1.137999 1.468475 -1.342736
v 1.201646 1.570639 -1.159112
v 1.174976 1.518540 -1.252145
v 1.034642 1.376350 -1.513135
v -1.013793 1.780440 -1.027938
v -1.008407 1.835085 -0.932725
v -1.008407 1.725306 -1.122868
v -0.965632 1.615695 -1.308237
v -0.881726 1.510464 -1.481708
v -0.928655 1.562274 -1.396890
v -0.992302 1.670214 -1.216602
v -0.323346 2.266476 -0.113730
v -0.220001 2.280299 -0.078954
v -0.422569 2.247483 -0.157027
v 0.104672 1.169677 -1.968578
v 0.322874 1.170534 -1.944223
v 0.214301 1.167398 -1.961035
v -0.004957 1.177349 -1.966780
v -0.113530 2.288820 -0.053036
v 0.104672 2.289677 -0.028681
v -0.004957 2.291956 -0.036224
v 0.532690 1.192878 -1.883529
v 0.429345 1.179055 -1.918305
v 0.214301 2.282005 -0.030479
v 1.174976 1.843659 -0.689022
v 1.137999 1.897081 -0.600369
v 1.091070 1.948890 -0.515552
v 1.223137 1.678914 -0.969321
v 1.217751 1.624269 -1.064534
v 1.201646 1.789140 -0.780657
v 1.217751 1.734048 -0.874391
v 0.631913 1.211872 -1.840232
v 0.419925 1.023384 -1.828428
v 0.622492 1.056201 -1.750355
v 0.716637 1.080181 -1.698953
v 0.523270 1.037207 -1.793653
v 0.886126 1.142131 -1.573886
v 0.959837 1.179505 -1.501426
v 1.081650 1.265255 -1.340136
v 1.025221 1.220679 -1.423259
v 0.804798 1.108917 -1.639940
v 0.622492 2.043952 -0.039519
v 0.804798 1.974688 -0.140380
v 0.886126 1.934091 -0.202172
v 0.716637 2.011427 -0.085988
v 1.025221 1.842917 -0.345510
v 1.081650 1.793219 -0.425675
v 1.165556 1.687988 -0.599146
v 1.128578 1.741410 -0.510492
v 0.959837 1.890026 -0.270769
v -0.891147 1.882757 -0.477370
v -0.769334 1.968507 -0.316079
v -0.695623 2.005881 -0.243620
v -0.834718 1.927334 -0.394247
v -0.431989 2.091812 -0.067150
v -0.526134 2.067832 -0.118553
v -0.229422 2.124629 0.010922
v -0.332767 2.110805 -0.023853
v -0.614295 2.039096 -0.177565
v -0.975053 1.460024 -1.218360
v -0.834718 1.305095 -1.471996
v -0.891147 1.354793 -1.391831
v -0.938075 1.406603 -1.307013
v -0.614295 1.173324 -1.677126
v -0.695623 1.213921 -1.615334
v -0.431989 1.104060 -1.777987
v -0.526134 1.136586 -1.731518
v -0.769334 1.257986 -1.546737
v 0.095251 1.014006 -1.878701
v 0.204880 1.011727 -1.871158
v 0.313453 2.113343 0.048276
v 0.419925 2.095157 0.027938
v 0.313453 1.014863 -1.854346
v 0.204880 2.126334 0.059398
v 1.165556 1.362869 -1.162268
v 1.128578 1.312804 -1.252859
v 1.213717 1.523243 -0.879445
v 1.208331 1.468598 -0.974657
v 1.208331 1.578377 -0.784514
v 1.192225 1.414968 -1.069235
v 1.192225 1.633469 -0.690780
v 0.523270 2.071953 -0.001422
v -1.023214 1.624769 -0.938061
v -1.017828 1.679415 -0.842848
v -1.017828 1.569635 -1.032991
v -0.938075 1.835208 -0.564647
v -0.975053 1.785143 -0.655238
v -1.001723 1.733045 -0.748270
v -1.001723 1.514543 -1.126725
v -0.229422 1.052855 -1.845443
v -0.122950 2.133149 0.036841
v -0.122950 1.034670 -1.865782
v -0.014377 1.021678 -1.876903
v 0.095251 2.134006 0.061196
v -0.014377 2.136285 0.053652
v -0.332767 1.076060 -1.816084
v -1.850000 1.000000 0.000000
v -1.650000 1.000000 -0.000000
v -1.850000 0.995185 -0.098017
v -1.650000 0.995185 -0.098017
v -1.850000 0.980785 -0.195090
v -1.650000 0.980785 -0.195090
v -1.850000 0.956940 -0.290285
v -1.650000 0.956940 -0.290285
v -1.850000 0.923880 -0.382683
v -1.650000 0.923880 -0.382683
v -1.850000 0.881921 -0.471397
v -1.650000 0.881921 -0.471397
v -1.850000 0.831470 -0.555570
v -1.650000 0.831470 -0.555570
v -1.850000 0.773010 -0.634393
v -1.650000 0.773010 -0.634393
v -1.850000 0.707107 -0.707107
v -1.650000 0.707107 -0.707107
v -1.850000 0.634393 -0.773010
v -1.650000 0.634393 -0.773010
v -1.850000 0.555570 -0.831470
v -1.650000 0.555570 -0.831470
v -1.850000 0.471397 -0.881921
v -1.650000 0.471397 -0.881921
v -1.850000 0.382683 -0.923880
v -1.650000 0.382683 -0.923880
v -1.850000 0.290285 -0.956940
v -1.650000 0.290285 -0.956940
v -1.850000 0.195090 -0.980785
v -1.650000 0.195090 -0.980785
v -1.850000 0.098017 -0.995185
v -1.650000 0.098017 -0.995185
v -1.850000 0.000000 -1.000000
v -1.650000 0.000000 -1.000000
v -1.850000 -0.098017 -0.995185
v -1.650000 -0.098017 -0.995185
v -1.850000 -0.195090 -0.980785
v -1.650000 -0.195090 -0.980785
v -1.850000 -0.290285 -0.956940
v -1.650000 -0.290285 -0.956940
v -1.850000 -0.382683 -0.923880
v -1.650000 -0.382683 -0.923880
v -1.850000 -0.471397 -0.881921
v -1.650000 -0.471397 -0.881921
v -1.850000 -0.555570 -0.831470
v -1.650000 -0.555570 -0.831470
v -1.850000 -0.634393 -0.773010
v -1.650000 -0.634393 -0.773010
v -1.850000 -0.707107 -0.707107
v -1.650000 -0.707107 -0.707107
v -1.850000 -0.773010 -0.634393
v -1.650000 -0.773010 -0.634393
v -1.850000 -0.831470 -0.555570
v -1.650000 -0.831470 -0.555570
v -1.850000 -0.881921 -0.471397
v -1.650000 -0.881921 -0.471397
v -1.850000 -0.923880 -0.382683
v -1.650000 -0.923880 -0.382683
v -1.850000 -0.956940 -0.290285
v -1.650000 -0.956940 -0.290285
v -1.850000 -0.980785 -0.195090
v -1.650000 -0.980785 -0.195090
v -1.850000 -0.995185 -0.098017
v -1.650000 -0.995185 -0.098017
v -1.850000 -1.000000 0.000000
v -1.650000 -1.000000 -0.000000
v -1.850000 -0.995185 0.098017
v -1.650000 -0.995185 0.098017
v -1.850000 -0.980785 0.195090
v -1.650000 -0.980785 0.195090
v -1.850000 -0.956940 0.290285
v -1.650000 -0.956940 0.290285
v -1.850000 -0.923880 0.382683
v -1.650000 -0.923880 0.382683
v -1.850000 -0.881921 0.471397
v -1.650000 -0.881921 0.471397
v -1.850000 -0.831470 0.555570
v -1.650000 -0.831470 0.555570
v -1.850000 -0.773010 0.634393
v -1.650000 -0.773010 0.634393
v -1.850000 -0.707107 0.707107
v -1.650000 -0.707107 0.707107
v -1.850000 -0.634393 0.773010
v -1.650000 -0.634393 0.773010
v -1.850000 -0.555570 0.831470
v -1.650000 -0.555570 0.831470
v -1.850000 -0.471397 0.881921
v -1.650000 -0.471397 0.881921
v -1.850000 -0.382683 0.923880
v -1.650000 -0.382683 0.923880
v -1.850000 -0.290285 0.956940
v -1.650000 -0.290285 0.956940
v -1.850000 -0.195090 0.980785
v -1.650000 -0.195090 0.980785
v -1.850000 -0.098017 0.995185
v -1.650000 -0.098017 0.995185
v -1.850000 0.000000 1.000000
v -1.650000 0.000000 1.000000
v -1.850000 0.098017 0.995185
v -1.650000 0.098017 0.995185
v -1.850000 0.195090 0.980785
v -1.650000 0.195090 0.980785
v -1.850000 0.290285 0.956940
v -1.650000 0.290285 0.956940
v -1.850000 0.382683 0.923880
v -1.650000 0.382683 0.923880
v -1.850000 0.471397 0.881921
v -1.650000 0.471397 0.881921
v -1.850000 0.555570 0.831470
v -1.650000 0.555570 0.831470
v -1.850000 0.634393 0.773010
v -1.650000 0.634393 0.773010
v -1.850000 0.707107 0.707107
v -1.650000 0.707107 0.707107
v -1.850000 0.773010 0.634393
v -1.650000 0.773010 0.634393
v -1.850000 0.831470 0.555570
v -1.650000 0.831470 0.555570
v -1.850000 0.881921 0.471397
v -1.650000 0.881921 0.471397
v -1.850000 0.923880 0.382683
v -1.650000 0.923880 0.382683
v -1.850000 0.956940 0.290285
v -1.650000 0.956940 0.290285
v -1.850000 0.980785 0.195090
v -1.650000 0.980785 0.195090
v -1.850000 0.995185 0.098017
v -1.650000 0.995185 0.098017
vn -0.7266 0.6871 -0.0000
vn -0.0830 0.9928 0.0869
vn -0.0830 0.9965 -0.0000
vn -0.7266 0.6766 0.1193
vn -0.7266 0.6844 0.0599
vn -0.7266 0.6636 0.1778
vn -0.0830 0.9814 0.1730
vn -0.7266 0.6456 0.2350
vn -0.0830 0.9626 0.2579
vn -0.7266 0.6227 0.2904
vn -0.0830 0.9364 0.3408
vn -0.0830 0.8630 0.4983
vn -0.0830 0.9032 0.4212
vn -0.7266 0.5628 0.3941
vn -0.7266 0.5950 0.3435
vn -0.7266 0.5263 0.4416
vn -0.0830 0.8163 0.5716
vn -0.7266 0.4858 0.4858
vn -0.0830 0.7634 0.6406
vn -0.7266 0.4416 0.5263
vn -0.0830 0.7047 0.7047
vn -0.7266 0.3941 0.5628
vn -0.0830 0.6406 0.7634
vn -0.7266 0.3435 0.5950
vn -0.0830 0.5716 0.8163
vn -0.7266 0.2904 0.6227
vn -0.0830 0.4983 0.8630
vn -0.0830 0.3408 0.9364
vn -0.0830 0.4212 0.9032
vn -0.7266 0.2350 0.6456
vn -0.0830 0.2579 0.9626
vn -0.7266 0.1193 0.6766
vn -0.7266 0.1778 0.6636
vn -0.0830 0.0869 0.9928
vn -0.0830 0.1730 0.9814
vn -0.7266 -0.0000 0.6871
vn -0.7266 0.0599 0.6844
vn -0.0830 -0.0869 0.9928
vn -0.0830 -0.0000 0.9965
vn -0.7266 -0.1193 0.6766
vn -0.7266 -0.0599 0.6844
vn -0.7266 -0.1778 0.6636
vn -0.0830 -0.1730 0.9814
vn -0.7266 -0.2350 0.6456
vn -0.0830 -0.2579 0.9626
vn -0.7266 -0.2904 0.6227
vn -0.0830 -0.3408 0.9364
vn -0.7266 -0.3435 0.5950
vn -0.0830 -0.4212 0.9032
vn -0.7266 -0.3941 0.5628
vn -0.0830 -0.4983 0.8630
vn -0.0830 -0.6406 0.7634
vn -0.0830 -0.5716 0.8163
vn -0.7266 -0.4858 0.4858
vn -0.7266 -0.4416 0.5263
vn -0.0830 -0.7634 0.6406
vn -0.0830 -0.7047 0.7047
vn -0.7266 -0.5263 0.4416
vn -0.0830 -0.8163 0.5716
vn -0.7266 -0.5628 0.3941
vn -0.0830 -0.8630 0.4983
vn -0.7266 -0.5950 0.3435
vn -0.0830 -0.9032 0.4212
vn -0.7266 -0.6227 0.2904
vn -0.0830 -0.9364 0.3408
vn -0.7266 -0.6636 0.1778
vn -0.7266 -0.6456 0.2350
vn -0.0830 -0.9814 0.1730
vn -0.0830 -0.9626 0.2579
vn -0.7266 -0.6766 0.1193
vn -0.0830 -0.9928 0.0869
vn -0.7266 -0.6871 -0.0000
vn -0.7266 -0.6844 0.0599
vn -0.0830 -0.9928 -0.0869
vn -0.0830 -0.9965 -0.0000
vn -0.7266 -0.6766 -0.1193
vn -0.7266 -0.6844 -0.0599
vn -0.7266 -0.6636 -0.1778
vn -0.0830 -0.9814 -0.1730
vn -0.7266 -0.6456 -0.2350
vn -0.0830 -0.9626 -0.2579
vn -0.7266 -0.6227 -0.2904
vn -0.0830 -0.9364 -0.3408
vn -0.0830 -0.8630 -0.4983
vn -0.0830 -0.9032 -0.4212
vn -0.7266 -0.5628 -0.3941
vn -0.7266 -0.5950 -0.3435
vn -0.7266 -0.5263 -0.4416
vn -0.0830 -0.8163 -0.5716
vn -0.7266 -0.4858 -0.4858
vn -0.0830 -0.7634 -0.6406
vn -0.7266 -0.4416 -0.5263
vn -0.0830 -0.7047 -0.7047
vn -0.7266 -0.3941 -0.5628
vn -0.0830 -0.6406 -0.7634
vn -0.7266 -0.3435 -0.5950
vn -0.0830 -0.5716 -0.8163
vn -0.7266 -0.2904 -0.6227
vn -0.0830 -0.4983 -0.8630
vn -0.0830 -0.3408 -0.9364
vn -0.0830 -0.4212 -0.9032
vn -0.7266 -0.2350 -0.6456
vn -0.0830 -0.2579 -0.9626
vn -0.7266 -0.1193 -0.6766
vn -0.7266 -0.1778 -0.6636
vn -0.0830 -0.0869 -0.9928
vn -0.0830 -0.1730 -0.9814
vn -0.7266 -0.0000 -0.6871
vn -0.7266 -0.0599 -0.6844
vn -0.0830 0.0869 -0.9928
vn -0.0830 -0.0000 -0.9965
vn -0.7266 0.1193 -0.6766
vn -0.7266 0.0599 -0.6844
vn -0.7266 0.1778 -0.6636
vn -0.0830 0.1730 -0.9814
vn -0.7266 0.2350 -0.6456
vn -0.0830 0.2579 -0.9626
vn -0.7266 0.2904 -0.6227
vn -0.0830 0.3408 -0.9364
vn -0.7266 0.3435 -0.5950
vn -0.0830 0.4212 -0.9032
vn -0.7266 0.3941 -0.5628
vn -0.0830 0.4983 -0.8630
vn -0.0830 0.6406 -0.7634
vn -0.0830 0.5716 -0.8163
vn -0.7266 0.4858 -0.4858
vn -0.7266 0.4416 -0.5263
vn -0.0830 0.7634 -0.6406
vn -0.0830 0.7047 -0.7047
vn -0.7266 0.5263 -0.4416
vn -0.0830 0.8163 -0.5716
vn -0.7266 0.5628 -0.3941
vn -0.0830 0.8630 -0.4983
vn -0.7266 0.5950 -0.3435
vn -0.0830 0.9032 -0.4212
vn -0.7266 0.6227 -0.2904
vn -0.0830 0.9364 -0.3408
vn -0.7266 0.6636 -0.1778
vn -0.7266 0.6456 -0.2350
vn -0.0830 0.9814 -0.1730
vn -0.0830 0.9626 -0.2579
vn -0.7266 0.6766 -0.1193
vn -0.0830 0.9928 -0.0869
vn -0.7266 0.6844 -0.0599
vn -0.0830 0.2157 0.9729
vn -0.0830 0.1301 0.9880
vn -0.0831 0.0885 0.9926
vn -0.0830 0.0221 0.9963
vn -0.0830 -0.0221 0.9963
vn -0.0830 -0.0885 0.9926
vn -0.0830 -0.1301 0.9880
vn -0.0830 -0.1782 0.9805
vn -0.0830 -0.2157 0.9729
vn -0.0830 -0.9504 -0.2997
vn -0.0830 -0.9039 -0.4196
vn -0.0830 -0.9207 -0.3814
vn -0.0830 -0.8840 -0.4602
vn -0.0830 -0.8405 -0.5354
vn -0.0830 -0.7906 -0.6066
vn -0.0830 -0.7601 -0.6445
vn -0.0830 -0.7347 -0.6733
vn -0.0830 0.7600 -0.6445
vn -0.0830 0.7347 -0.6733
vn -0.0830 0.8153 -0.5730
vn -0.0830 0.7906 -0.6067
vn -0.7381 0.5690 -0.3625
vn -0.7090 0.6255 -0.3256
vn -0.0830 0.9207 -0.3814
vn -0.0830 0.9039 -0.4196
vn -0.0830 0.9504 -0.2997
vn -0.0830 0.9504 -0.2996
vn -0.0830 0.3555 0.9310
vn -0.0830 0.2662 0.9603
vn -0.0831 0.2996 0.9504
vn -0.0830 -0.2662 0.9603
vn -0.0830 -0.2997 0.9504
vn -0.0830 -0.3814 0.9207
vn -0.0830 -0.9880 -0.1301
vn -0.0830 -0.9648 -0.2496
vn -0.0830 -0.9729 -0.2157
vn -0.0830 -0.6986 -0.7107
vn -0.0830 -0.6733 -0.7347
vn -0.0830 -0.6067 -0.7906
vn -0.0830 0.6285 -0.7733
vn -0.0830 0.6067 -0.7906
vn -0.0830 0.6985 -0.7107
vn -0.0830 0.6732 -0.7348
vn -0.0830 0.9648 -0.2496
vn -0.0830 0.9729 -0.2157
vn -0.0830 0.9880 -0.1301
vn -0.0830 0.9840 -0.1577
vn -0.0830 0.9956 0.0435
vn -0.0830 0.9963 0.0222
vn -0.0830 0.5174 0.8517
vn -0.0830 0.4602 0.8840
vn -0.0830 0.4382 0.8950
vn -0.0830 0.3814 0.9207
vn -0.0830 -0.4602 0.8840
vn -0.0830 -0.5354 0.8405
vn -0.0830 -0.9956 0.0435
vn -0.0830 -0.9956 -0.0435
vn -0.0830 -0.9942 -0.0680
vn -0.0829 -0.6067 -0.7906
vn -0.0830 -0.5354 -0.8405
vn -0.0830 -0.4602 -0.8840
vn -0.0830 0.4789 -0.8739
vn -0.0830 0.4602 -0.8840
vn -0.0830 0.5560 -0.8270
vn -0.0830 0.5354 -0.8405
vn -0.0829 0.6067 -0.7906
vn -0.0830 0.9956 -0.0435
vn -0.0830 0.9942 -0.0680
vn -0.0830 0.9880 0.1301
vn -0.0830 0.9902 0.1123
vn -0.0830 0.5924 0.8014
vn -0.0830 0.5354 0.8405
vn -0.0830 -0.6067 0.7906
vn -0.0830 -0.9880 0.1301
vn -0.0830 -0.9902 0.1124
vn -0.0830 -0.3814 -0.9207
vn -0.0830 0.3978 -0.9137
vn -0.0830 0.3814 -0.9207
vn -0.0831 0.9880 0.1302
vn -0.0829 0.6067 0.7906
vn -0.0830 0.6066 0.7907
vn -0.0831 -0.9880 0.1303
vn -0.0830 0.9814 0.1731
vn -0.0830 0.6067 0.7906
vn -0.0830 -0.9814 0.1731
vn -0.0830 0.9740 0.2108
vn -0.0830 0.9729 0.2157
vn -0.0830 0.6733 0.7347
vn -0.0830 0.6695 0.7381
vn -0.0830 -0.6696 0.7381
vn -0.0830 -0.6733 0.7347
vn -0.0830 -0.9729 0.2157
vn -0.0830 -0.9740 0.2107
vn -0.0830 -0.3045 -0.9489
vn -0.0830 -0.2997 -0.9504
vn -0.0830 0.3045 -0.9489
vn -0.0830 0.2997 -0.9504
vn -0.0570 0.9747 0.2161
vn -0.0592 0.9380 0.3414
vn -0.0592 0.9642 0.2584
vn -0.0592 0.8645 0.4991
vn -0.0592 0.9047 0.4219
vn -0.0592 0.7647 0.6417
vn -0.0592 0.8177 0.5726
vn -0.0592 0.7059 0.7059
vn -0.0570 -0.6745 0.7361
vn -0.0592 -0.7059 0.7059
vn -0.0592 -0.8177 0.5726
vn -0.0592 -0.7647 0.6417
vn -0.0592 -0.8645 0.4991
vn -0.0592 -0.9047 0.4219
vn -0.0592 -0.9380 0.3414
vn -0.0592 -0.9642 0.2584
vn -0.0570 -0.3002 -0.9522
vn -0.0592 -0.1733 -0.9831
vn -0.0592 -0.2584 -0.9642
vn -0.0592 -0.0870 -0.9944
vn -0.0592 -0.0000 -0.9982
vn -0.0592 0.0870 -0.9944
vn -0.0592 0.1733 -0.9831
vn -0.0570 0.3002 -0.9522
vn 0.0164 0.9847 0.1736
vn -0.0353 0.9908 0.1305
vn -0.0353 0.9763 0.2133
vn 0.0164 0.9396 0.3420
vn 0.0164 0.9658 0.2588
vn 0.0164 0.9062 0.4226
vn 0.0164 0.8190 0.5735
vn 0.0164 0.8659 0.4999
vn 0.0164 0.7659 0.6427
vn 0.0164 0.6427 0.7659
vn -0.0570 0.6745 0.7361
vn -0.0353 0.6084 0.7929
vn 0.0242 0.6086 0.7931
vn 0.0164 -0.6427 0.7659
vn -0.0353 -0.6084 0.7929
vn -0.0353 -0.6729 0.7389
vn 0.0164 -0.7659 0.6427
vn 0.0164 -0.7070 0.7070
vn 0.0164 -0.8190 0.5735
vn 0.0164 -0.8659 0.4999
vn 0.0164 -0.9062 0.4226
vn 0.0164 -0.9396 0.3420
vn -0.0353 -0.9763 0.2133
vn 0.0164 -0.9658 0.2588
vn 0.0164 -0.9847 0.1736
vn -0.0353 -0.9908 0.1305
vn 0.0242 -0.9912 0.1305
vn 0.0164 -0.3420 -0.9396
vn -0.0353 -0.3824 -0.9233
vn -0.0353 -0.3035 -0.9522
vn 0.0164 -0.2588 -0.9658
vn 0.0164 -0.1736 -0.9847
vn 0.0164 -0.0000 -0.9999
vn 0.0164 -0.0871 -0.9961
vn 0.0164 0.0871 -0.9961
vn -0.0592 0.2584 -0.9642
vn 0.0164 0.1736 -0.9847
vn 0.0164 0.3420 -0.9396
vn 0.0164 0.2588 -0.9658
vn -0.0353 0.3824 -0.9233
vn 0.0242 0.3826 -0.9236
vn 0.1029 0.9796 0.1727
vn 0.0680 0.9891 0.1302
vn 0.0242 0.9912 0.1305
vn 0.1029 0.9608 0.2574
vn 0.1029 0.9347 0.3402
vn 0.1029 0.9015 0.4204
vn 0.1029 0.8614 0.4973
vn 0.1029 0.8148 0.5705
vn 0.0164 0.7070 0.7070
vn 0.1029 0.7620 0.6394
vn 0.1029 0.7034 0.7034
vn 0.0680 0.6074 0.7915
vn 0.1029 0.6394 0.7620
vn 0.0680 -0.6073 0.7915
vn 0.1104 -0.6050 0.7885
vn 0.1029 -0.6394 0.7620
vn 0.1029 -0.7620 0.6394
vn 0.1029 -0.7034 0.7034
vn 0.1029 -0.8148 0.5705
vn 0.1029 -0.8614 0.4973
vn 0.1029 -0.9347 0.3402
vn 0.1029 -0.9015 0.4204
vn 0.1029 -0.9608 0.2574
vn 0.0680 -0.9891 0.1302
vn 0.1029 -0.9796 0.1727
vn 0.1104 -0.3803 -0.9182
vn 0.0680 -0.3818 -0.9217
vn 0.1029 -0.2574 -0.9608
vn 0.1029 -0.3402 -0.9347
vn 0.1029 -0.1727 -0.9796
vn 0.1029 -0.0867 -0.9909
vn 0.1029 0.0867 -0.9909
vn 0.1029 -0.0000 -0.9947
vn 0.1029 0.1727 -0.9796
vn 0.1029 0.2574 -0.9608
vn 0.1029 0.3402 -0.9347
vn 0.0680 0.3818 -0.9217
vn 0.1378 0.9835 0.1170
vn 0.1730 0.9812 0.0858
vn 0.1828 0.9822 0.0429
vn 0.1730 0.9700 0.1710
vn 0.1377 0.9820 0.1293
vn 0.1730 0.9255 0.3369
vn 0.1730 0.9514 0.2549
vn 0.1730 0.8926 0.4162
vn 0.1730 0.8530 0.4925
vn 0.1730 0.7545 0.6331
vn 0.1730 0.8068 0.5649
vn 0.1730 0.6964 0.6964
vn 0.1377 0.6030 0.7858
vn 0.1730 0.5649 0.8068
vn 0.1828 0.5282 0.8292
vn 0.1378 0.5931 0.7933
vn 0.1378 -0.5931 0.7933
vn 0.1730 -0.5649 0.8068
vn 0.1829 -0.5282 0.8292
vn 0.1377 -0.6030 0.7858
vn 0.1730 -0.6964 0.6964
vn 0.1730 -0.6331 0.7545
vn 0.1730 -0.7545 0.6331
vn 0.1730 -0.8068 0.5649
vn 0.1730 -0.8530 0.4925
vn 0.1730 -0.9255 0.3369
vn 0.1730 -0.8926 0.4162
vn 0.1730 -0.9514 0.2549
vn 0.1377 -0.9820 0.1293
vn 0.1730 -0.9812 0.0858
vn 0.1828 -0.9822 0.0429
vn 0.1378 -0.9835 0.1170
vn 0.1378 -0.3904 -0.9103
vn 0.1730 -0.4162 -0.8926
vn 0.1829 -0.4540 -0.8721
vn 0.1377 -0.3790 -0.9151
vn 0.1730 -0.2549 -0.9514
vn 0.1730 -0.3369 -0.9255
vn 0.1730 -0.1710 -0.9700
vn 0.1730 -0.0858 -0.9812
vn 0.1730 0.0858 -0.9812
vn 0.1730 -0.0000 -0.9849
vn 0.1730 0.1710 -0.9700
vn 0.1730 0.3369 -0.9255
vn 0.1730 0.2549 -0.9514
vn 0.1104 0.3803 -0.9182
vn 0.1377 0.3790 -0.9151
vn 0.1730 0.4162 -0.8926
vn 0.1378 0.3904 -0.9103
vn 0.1828 0.4540 -0.8721
vn 0.2440 0.9661 0.0845
vn 0.2081 0.9772 0.0427
vn 0.2081 0.9772 0.0425
vn 0.2440 0.9367 0.2510
vn 0.2440 0.9550 0.1684
vn 0.2440 0.8789 0.4098
vn 0.2440 0.9113 0.3317
vn 0.2440 0.8399 0.4849
vn 0.2440 0.7944 0.5562
vn 0.2440 0.7429 0.6234
vn 0.2440 0.6234 0.7429
vn 0.2440 0.6857 0.6857
vn 0.1730 0.6331 0.7545
vn 0.2440 0.5562 0.7944
vn 0.2081 0.5255 0.8249
vn 0.2440 -0.5562 0.7944
vn 0.2081 -0.5255 0.8249
vn 0.2440 -0.6234 0.7429
vn 0.2440 -0.6857 0.6857
vn 0.2440 -0.7429 0.6234
vn 0.2440 -0.8399 0.4849
vn 0.2440 -0.7944 0.5562
vn 0.2440 -0.8789 0.4098
vn 0.2440 -0.9113 0.3317
vn 0.1730 -0.9700 0.1710
vn 0.2440 -0.9367 0.2510
vn 0.2440 -0.9550 0.1684
vn 0.2440 -0.9661 0.0845
vn 0.2081 -0.9772 0.0425
vn 0.2440 -0.4098 -0.8789
vn 0.2081 -0.4516 -0.8676
vn 0.2440 -0.3317 -0.9113
vn 0.2440 -0.1684 -0.9550
vn 0.2440 -0.2510 -0.9367
vn 0.2440 -0.0845 -0.9661
vn 0.2440 0.0845 -0.9661
vn 0.2440 -0.0000 -0.9698
vn 0.2440 0.1684 -0.9550
vn 0.2440 0.3317 -0.9113
vn 0.2440 0.2510 -0.9367
vn 0.2440 0.4098 -0.8789
vn 0.2081 0.4517 -0.8676
vn 0.3162 0.9487 -0.0000
vn 0.2797 0.9598 0.0241
vn 0.3162 0.9451 0.0827
vn 0.3162 0.9343 0.1647
vn 0.3162 0.9164 0.2455
vn 0.3162 0.8598 0.4009
vn 0.3162 0.8915 0.3245
vn 0.3162 0.7771 0.5441
vn 0.3162 0.8216 0.4743
vn 0.3162 0.7267 0.6098
vn 0.3162 0.6098 0.7267
vn 0.3162 0.6708 0.6708
vn 0.3162 0.5441 0.7771
vn 0.3162 0.4743 0.8216
vn 0.2600 0.5188 0.8144
vn 0.2796 0.4433 0.8516
vn 0.3351 0.4351 0.8357
vn 0.3162 -0.4743 0.8216
vn 0.2796 -0.4433 0.8516
vn 0.2797 -0.5008 0.8191
vn 0.3162 -0.5441 0.7771
vn 0.3162 -0.6098 0.7267
vn 0.3162 -0.7267 0.6098
vn 0.3162 -0.6708 0.6708
vn 0.3162 -0.7771 0.5441
vn 0.3162 -0.8216 0.4743
vn 0.3162 -0.8598 0.4009
vn 0.3162 -0.8915 0.3245
vn 0.3162 -0.9164 0.2455
vn 0.3162 -0.9451 0.0827
vn 0.3162 -0.9343 0.1647
vn 0.2797 -0.9598 0.0241
vn 0.3162 -0.9487 -0.0000
vn 0.2796 -0.9592 -0.0419
vn 0.3351 -0.9413 -0.0411
vn 0.3162 -0.4743 -0.8216
vn 0.2796 -0.5159 -0.8098
vn 0.2797 -0.4590 -0.8432
vn 0.2600 -0.4459 -0.8565
vn 0.3162 -0.4009 -0.8598
vn 0.3162 -0.3245 -0.8915
vn 0.3162 -0.2455 -0.9164
vn 0.3162 -0.1647 -0.9343
vn 0.3162 -0.0827 -0.9451
vn 0.3162 -0.0000 -0.9487
vn 0.3162 0.0827 -0.9451
vn 0.3162 0.1647 -0.9343
vn 0.3162 0.2455 -0.9164
vn 0.3162 0.3245 -0.8915
vn 0.2600 0.4459 -0.8565
vn 0.3162 0.4743 -0.8216
vn 0.3162 0.4009 -0.8598
vn 0.2796 0.5159 -0.8098
vn 0.3351 0.5062 -0.7946
vn 0.2796 0.9592 -0.0419
vn 0.3901 0.9208 -0.0000
vn 0.3901 0.9173 0.0803
vn 0.3901 0.9068 0.1599
vn 0.3901 0.8652 0.3149
vn 0.3901 0.8894 0.2383
vn 0.3901 0.8345 0.3891
vn 0.3901 0.7542 0.5281
vn 0.3901 0.7974 0.4604
vn 0.3901 0.7053 0.5919
vn 0.3901 0.5919 0.7053
vn 0.3901 0.6511 0.6511
vn 0.3901 0.5281 0.7542
vn 0.3901 0.3891 0.8345
vn 0.3901 0.3149 0.8652
vn 0.3527 0.4140 0.8392
vn 0.3529 0.3577 0.8646
vn 0.4157 0.2735 0.8674
vn 0.3528 0.3322 0.8748
vn 0.3528 -0.3322 0.8748
vn 0.3901 -0.3149 0.8652
vn 0.4157 -0.2735 0.8674
vn 0.3901 -0.3891 0.8345
vn 0.3525 -0.3581 0.8646
vn 0.3527 -0.4140 0.8392
vn 0.3901 -0.5281 0.7542
vn 0.3901 -0.4604 0.7974
vn 0.3901 -0.5919 0.7053
vn 0.3901 -0.7053 0.5919
vn 0.3901 -0.6511 0.6511
vn 0.3901 -0.7542 0.5281
vn 0.3901 -0.8345 0.3891
vn 0.3901 -0.7974 0.4604
vn 0.3901 -0.8652 0.3149
vn 0.3901 -0.9068 0.1599
vn 0.3901 -0.8894 0.2383
vn 0.3901 -0.9173 0.0802
vn 0.3527 -0.9337 -0.0610
vn 0.3901 -0.9208 -0.0000
vn 0.3901 -0.9068 -0.1599
vn 0.3522 -0.9279 -0.1219
vn 0.4156 -0.8880 -0.1969
vn 0.3528 -0.9237 -0.1497
vn 0.3528 -0.5915 -0.7251
vn 0.3901 -0.5919 -0.7053
vn 0.4157 -0.6145 -0.6706
vn 0.3901 -0.5281 -0.7542
vn 0.3525 -0.5697 -0.7424
vn 0.3351 -0.5062 -0.7946
vn 0.3901 -0.4604 -0.7974
vn 0.3901 -0.3149 -0.8652
vn 0.3901 -0.3891 -0.8345
vn 0.3901 -0.2383 -0.8894
vn 0.3901 -0.1599 -0.9068
vn 0.3901 -0.0802 -0.9173
vn 0.3901 0.0802 -0.9173
vn 0.3901 -0.0000 -0.9208
vn 0.3901 0.1599 -0.9068
vn 0.3901 0.2383 -0.8894
vn 0.3901 0.3149 -0.8652
vn 0.3901 0.3891 -0.8345
vn 0.3901 0.5281 -0.7542
vn 0.3901 0.4604 -0.7974
vn 0.3525 0.5697 -0.7425
vn 0.3525 0.5697 -0.7424
vn 0.3901 0.5919 -0.7053
vn 0.3528 0.5915 -0.7251
vn 0.4157 0.6144 -0.6706
vn 0.3528 0.9237 -0.1497
vn 0.3901 0.9068 -0.1599
vn 0.4156 0.8880 -0.1968
vn 0.3901 0.9173 -0.0802
vn 0.3525 0.9278 -0.1221
vn 0.3527 0.9337 -0.0611
vn 0.4662 0.8813 0.0771
vn 0.4662 0.8847 -0.0000
vn 0.4662 0.8712 0.1536
vn 0.4662 0.8545 0.2290
vn 0.4662 0.8313 0.3026
vn 0.4662 0.7662 0.4423
vn 0.4662 0.8018 0.3739
vn 0.4662 0.7247 0.5074
vn 0.4662 0.6777 0.5687
vn 0.4662 0.6256 0.6256
vn 0.4662 0.5687 0.6777
vn 0.3901 0.4604 0.7974
vn 0.4662 0.5074 0.7247
vn 0.4662 0.4423 0.7662
vn 0.4662 0.3739 0.8018
vn 0.4273 0.2719 0.8623
vn 0.4662 0.2290 0.8545
vn 0.4273 0.1957 0.8827
vn 0.4662 0.1536 0.8712
vn 0.4276 0.2430 0.8707
vn 0.4273 0.1180 0.8964
vn 0.4662 0.0771 0.8813
vn 0.4276 0.1625 0.8892
vn 0.4443 -0.0000 0.8959
vn 0.4276 0.0807 0.9003
vn 0.4662 -0.0771 0.8813
vn 0.4276 -0.0807 0.9003
vn 1.0000 -0.0000 -0.0000
vn 0.4273 -0.1180 0.8964
vn 0.4662 -0.1536 0.8712
vn 0.4273 -0.1957 0.8827
vn 0.4662 -0.2290 0.8545
vn 0.4276 -0.1625 0.8892
vn 0.4273 -0.2719 0.8623
vn 0.4662 -0.3739 0.8018
vn 0.4662 -0.3026 0.8313
vn 0.4662 -0.4423 0.7662
vn 0.4662 -0.5074 0.7247
vn 0.4662 -0.5687 0.6777
vn 0.4662 -0.6256 0.6256
vn 0.4662 -0.7247 0.5074
vn 0.4662 -0.6777 0.5687
vn 0.4662 -0.7662 0.4423
vn 0.4662 -0.8018 0.3739
vn 0.4662 -0.8313 0.3026
vn 0.4662 -0.8712 0.1536
vn 0.4662 -0.8545 0.2290
vn 0.4662 -0.8813 0.0771
vn 0.4662 -0.8813 -0.0771
vn 0.4662 -0.8847 -0.0000
vn 0.3901 -0.9173 -0.0803
vn 0.4273 -0.8827 -0.1957
vn 0.4662 -0.8545 -0.2290
vn 0.4273 -0.8623 -0.2719
vn 0.4662 -0.8313 -0.3026
vn 0.4276 -0.8755 -0.2249
vn 0.4273 -0.8353 -0.3460
vn 0.4662 -0.8018 -0.3739
vn 0.4276 -0.8513 -0.3039
vn 0.3768 -0.8363 -0.3983
vn 0.4276 -0.8201 -0.3803
vn 0.4276 -0.7394 -0.5201
vn 0.4662 -0.7662 -0.4423
vn 0.4662 -0.6777 -0.5687
vn 0.4273 -0.7173 -0.5504
vn 0.4662 -0.6256 -0.6256
vn 0.4276 -0.6888 -0.5853
vn 0.4273 -0.6666 -0.6108
vn 0.4273 -0.6108 -0.6666
vn 0.4662 -0.5687 -0.6777
vn 0.4662 -0.5074 -0.7247
vn 0.4662 -0.4423 -0.7662
vn 0.4662 -0.3739 -0.8018
vn 0.4662 -0.2290 -0.8545
vn 0.4662 -0.3026 -0.8313
vn 0.4662 -0.1536 -0.8712
vn 0.4662 -0.0771 -0.8813
vn 0.4662 -0.0000 -0.8847
vn 0.4662 0.0771 -0.8813
vn 0.4662 0.2290 -0.8545
vn 0.4662 0.1536 -0.8712
vn 0.4662 0.3739 -0.8018
vn 0.4662 0.3026 -0.8313
vn 0.4662 0.4423 -0.7662
vn 0.4662 0.5074 -0.7247
vn 0.4662 0.5687 -0.6777
vn 0.4662 0.6256 -0.6256
vn 0.4273 0.6108 -0.6666
vn 0.4273 0.6666 -0.6108
vn 0.4276 0.6888 -0.5853
vn 0.4662 0.7247 -0.5074
vn 0.4273 0.7173 -0.5504
vn 0.4662 0.7662 -0.4423
vn 0.4276 0.7394 -0.5200
vn 0.2481 0.9268 -0.2820
vn 0.4662 0.8018 -0.3739
vn 0.2144 0.9540 -0.2095
vn 0.4276 0.8201 -0.3803
vn 0.4662 0.8313 -0.3026
vn 0.4273 0.8353 -0.3460
vn 0.4662 0.8545 -0.2290
vn 0.4276 0.8513 -0.3039
vn 0.4273 0.8623 -0.2719
vn 0.4662 0.8712 -0.1536
vn 0.4276 0.8755 -0.2249
vn 0.4273 0.8827 -0.1957
vn 0.4662 0.8813 -0.0771
vn 0.5450 0.8385 -0.0000
vn 0.5450 0.8353 0.0731
vn 0.5450 0.8257 0.1456
vn 0.5450 0.7879 0.2868
vn 0.5450 0.8099 0.2170
vn 0.5450 0.7599 0.3543
vn 0.5450 0.7261 0.4192
vn 0.5450 0.6868 0.4809
vn 0.5450 0.5929 0.5929
vn 0.5450 0.6423 0.5390
vn 0.5450 0.4809 0.6868
vn 0.5450 0.5390 0.6423
vn 0.5450 0.3543 0.7599
vn 0.5450 0.4192 0.7261
vn 0.5450 0.2868 0.7879
vn 0.4662 0.3026 0.8313
vn 0.5450 0.2170 0.8099
vn 0.5450 0.1456 0.8257
vn 0.5450 -0.0000 0.8385
vn 0.5450 0.0731 0.8353
vn 0.4662 -0.0000 0.8847
vn 0.5450 -0.1456 0.8257
vn 0.5450 -0.0731 0.8353
vn 0.5450 -0.2170 0.8099
vn 0.5450 -0.2868 0.7879
vn 0.5450 -0.3543 0.7599
vn 0.5450 -0.4809 0.6868
vn 0.5450 -0.4192 0.7261
vn 0.5450 -0.5929 0.5929
vn 0.5450 -0.5390 0.6423
vn 0.5450 -0.6868 0.4809
vn 0.5450 -0.6423 0.5390
vn 0.5450 -0.7261 0.4192
vn 0.5450 -0.7599 0.3543
vn 0.5450 -0.7879 0.2868
vn 0.5450 -0.8257 0.1456
vn 0.5450 -0.8099 0.2170
vn 0.5450 -0.8353 0.0731
vn 0.5450 -0.8385 -0.0000
vn 0.4662 -0.8712 -0.1536
vn 0.5450 -0.8353 -0.0731
vn 0.5450 -0.8257 -0.1456
vn 0.5450 -0.7879 -0.2868
vn 0.5450 -0.8099 -0.2170
vn 0.5450 -0.7599 -0.3543
vn 0.5450 -0.7261 -0.4192
vn 0.4662 -0.7247 -0.5074
vn 0.5450 -0.6868 -0.4809
vn 0.5450 -0.5929 -0.5929
vn 0.5450 -0.6423 -0.5390
vn 0.5450 -0.4809 -0.6868
vn 0.5450 -0.5390 -0.6423
vn 0.5450 -0.3543 -0.7599
vn 0.5450 -0.4192 -0.7261
vn 0.5450 -0.2868 -0.7879
vn 0.5450 -0.2170 -0.8099
vn 0.5450 -0.1456 -0.8257
vn 0.5450 -0.0000 -0.8385
vn 0.5450 -0.0731 -0.8353
vn 0.5450 0.1456 -0.8257
vn 0.5450 0.0731 -0.8353
vn 0.5450 0.2170 -0.8099
vn 0.5450 0.2868 -0.7879
vn 0.5450 0.3543 -0.7599
vn 0.5450 0.4809 -0.6868
vn 0.5450 0.4192 -0.7261
vn 0.5450 0.5929 -0.5929
vn 0.5450 0.5390 -0.6423
vn 0.4662 0.6777 -0.5687
vn 0.5450 0.6868 -0.4809
vn 0.5450 0.6423 -0.5390
vn 0.5450 0.7261 -0.4192
vn 0.5450 0.7599 -0.3543
vn 0.5450 0.7879 -0.2868
vn 0.5450 0.8257 -0.1456
vn 0.5450 0.8099 -0.2170
vn 0.5450 0.8353 -0.0731
vn 0.6271 0.7789 -0.0000
vn 0.6271 0.7759 0.0679
vn 0.6271 0.7524 0.2016
vn 0.6271 0.7671 0.1353
vn 0.6271 0.7059 0.3292
vn 0.6271 0.7319 0.2664
vn 0.6271 0.6746 0.3895
vn 0.6271 0.6380 0.4468
vn 0.6271 0.5508 0.5508
vn 0.6271 0.5967 0.5007
vn 0.6271 0.5007 0.5967
vn 0.6271 0.3895 0.6746
vn 0.6271 0.4468 0.6380
vn 0.6271 0.3292 0.7059
vn 0.6271 0.2664 0.7319
vn 0.6271 0.2016 0.7524
vn 0.6271 0.1353 0.7671
vn 0.6271 0.0679 0.7759
vn 0.6271 -0.0679 0.7759
vn 0.6271 -0.0000 0.7789
vn 0.6271 -0.1353 0.7671
vn 0.6271 -0.2016 0.7524
vn 0.6271 -0.3292 0.7059
vn 0.6271 -0.2664 0.7319
vn 0.6271 -0.4468 0.6380
vn 0.6271 -0.3895 0.6746
vn 0.6271 -0.5508 0.5508
vn 0.6271 -0.5007 0.5967
vn 0.6271 -0.5967 0.5007
vn 0.6271 -0.6746 0.3895
vn 0.6271 -0.6380 0.4468
vn 0.6271 -0.7059 0.3292
vn 0.6271 -0.7524 0.2016
vn 0.6271 -0.7319 0.2664
vn 0.6271 -0.7671 0.1353
vn 0.6271 -0.7789 -0.0000
vn 0.6271 -0.7759 0.0679
vn 0.6271 -0.7759 -0.0679
vn 0.6271 -0.7524 -0.2016
vn 0.6271 -0.7671 -0.1353
vn 0.6271 -0.7059 -0.3292
vn 0.6271 -0.7319 -0.2664
vn 0.6271 -0.6746 -0.3895
vn 0.6271 -0.6380 -0.4468
vn 0.6271 -0.5508 -0.5508
vn 0.6271 -0.5967 -0.5007
vn 0.6271 -0.5007 -0.5967
vn 0.6271 -0.3895 -0.6746
vn 0.6271 -0.4468 -0.6380
vn 0.6271 -0.3292 -0.7059
vn 0.6271 -0.2664 -0.7319
vn 0.6271 -0.2016 -0.7524
vn 0.6271 -0.1353 -0.7671
vn 0.6271 -0.0679 -0.7759
vn 0.6271 0.0679 -0.7759
vn 0.6271 -0.0000 -0.7789
vn 0.6271 0.1353 -0.7671
vn 0.6271 0.2016 -0.7524
vn 0.6271 0.3292 -0.7059
vn 0.6271 0.2664 -0.7319
vn 0.6271 0.4468 -0.6380
vn 0.6271 0.3895 -0.6746
vn 0.6271 0.5508 -0.5508
vn 0.6271 0.5007 -0.5967
vn 0.6271 0.5967 -0.5007
vn 0.6271 0.6746 -0.3895
vn 0.6271 0.6380 -0.4468
vn 0.6271 0.7059 -0.3292
vn 0.6271 0.7524 -0.2016
vn 0.6271 0.7319 -0.2664
vn 0.6271 0.7671 -0.1353
vn 0.6271 0.7759 -0.0679
vn 0.7137 0.7005 -0.0000
vn 0.7137 0.6898 0.1216
vn 0.7137 0.6978 0.0611
vn 0.7137 0.6582 0.2396
vn 0.7137 0.6766 0.1813
vn 0.7137 0.6349 0.2960
vn 0.7137 0.6066 0.3502
vn 0.7137 0.5738 0.4018
vn 0.7137 0.5366 0.4503
vn 0.7137 0.4953 0.4953
vn 0.7137 0.4503 0.5366
vn 0.7137 0.3502 0.6066
vn 0.7137 0.4018 0.5738
vn 0.7137 0.2396 0.6582
vn 0.7137 0.2960 0.6349
vn 0.7137 0.1813 0.6766
vn 0.7137 0.0611 0.6978
vn 0.7137 0.1216 0.6898
vn 0.7137 -0.0611 0.6978
vn 0.7137 -0.0000 0.7005
vn 0.7137 -0.1216 0.6898
vn 0.7137 -0.2396 0.6582
vn 0.7137 -0.1813 0.6766
vn 0.7137 -0.3502 0.6066
vn 0.7137 -0.2960 0.6348
vn 0.7137 -0.4503 0.5366
vn 0.7137 -0.4018 0.5738
vn 0.7137 -0.5366 0.4503
vn 0.7137 -0.4953 0.4953
vn 0.7137 -0.5738 0.4018
vn 0.7137 -0.6066 0.3502
vn 0.7137 -0.6349 0.2960
vn 0.7137 -0.6582 0.2396
vn 0.7137 -0.6898 0.1216
vn 0.7137 -0.6766 0.1813
vn 0.7137 -0.6978 0.0610
vn 0.7137 -0.7005 -0.0000
vn 0.7137 -0.6898 -0.1216
vn 0.7137 -0.6978 -0.0611
vn 0.7137 -0.6582 -0.2396
vn 0.7137 -0.6766 -0.1813
vn 0.7137 -0.6349 -0.2960
vn 0.7137 -0.6066 -0.3502
vn 0.7137 -0.5738 -0.4018
vn 0.7137 -0.5366 -0.4503
vn 0.7137 -0.4953 -0.4953
vn 0.7137 -0.4503 -0.5366
vn 0.7137 -0.3502 -0.6066
vn 0.7137 -0.4018 -0.5738
vn 0.7137 -0.2396 -0.6582
vn 0.7137 -0.2960 -0.6349
vn 0.7137 -0.1813 -0.6766
vn 0.7137 -0.0611 -0.6978
vn 0.7137 -0.1216 -0.6898
vn 0.7137 0.0611 -0.6978
vn 0.7137 -0.0000 -0.7005
vn 0.7137 0.1216 -0.6898
vn 0.7137 0.2396 -0.6582
vn 0.7137 0.1813 -0.6766
vn 0.7137 0.3502 -0.6066
vn 0.7137 0.2960 -0.6348
vn 0.7137 0.4503 -0.5366
vn 0.7137 0.4018 -0.5738
vn 0.7137 0.5366 -0.4503
vn 0.7137 0.4953 -0.4953
vn 0.7137 0.5738 -0.4018
vn 0.7137 0.6066 -0.3502
vn 0.7137 0.6349 -0.2960
vn 0.7137 0.6582 -0.2396
vn 0.7137 0.6898 -0.1216
vn 0.7137 0.6766 -0.1813
vn 0.7137 0.6978 -0.0610
vn 0.8063 0.5915 -0.0000
vn 0.8063 0.5825 0.1027
vn 0.8063 0.5893 0.0516
vn 0.8063 0.5559 0.2023
vn 0.8063 0.5714 0.1531
vn 0.8063 0.5361 0.2500
vn 0.8063 0.5123 0.2958
vn 0.8063 0.4846 0.3393
vn 0.8063 0.4183 0.4183
vn 0.8063 0.4531 0.3802
vn 0.8063 0.3802 0.4531
vn 0.8063 0.3393 0.4845
vn 0.8063 0.2958 0.5123
vn 0.8063 0.2023 0.5559
vn 0.8063 0.2500 0.5361
vn 0.8063 0.1027 0.5825
vn 0.8063 0.1531 0.5714
vn 0.8063 -0.0000 0.5915
vn 0.8063 0.0516 0.5893
vn 0.8063 -0.1027 0.5825
vn 0.8063 -0.0516 0.5893
vn 0.8063 -0.2023 0.5559
vn 0.8063 -0.1531 0.5714
vn 0.8063 -0.2500 0.5361
vn 0.8063 -0.2958 0.5123
vn 0.8063 -0.3802 0.4531
vn 0.8063 -0.3393 0.4846
vn 0.8063 -0.4183 0.4183
vn 0.8063 -0.4531 0.3802
vn 0.8063 -0.5123 0.2958
vn 0.8063 -0.4845 0.3393
vn 0.8063 -0.5361 0.2500
vn 0.8063 -0.5559 0.2023
vn 0.8063 -0.5825 0.1027
vn 0.8063 -0.5714 0.1531
vn 0.8063 -0.5893 0.0516
vn 0.8063 -0.5915 -0.0000
vn 0.8063 -0.5825 -0.1027
vn 0.8063 -0.5893 -0.0516
vn 0.8063 -0.5559 -0.2023
vn 0.8063 -0.5714 -0.1531
vn 0.8063 -0.5361 -0.2500
vn 0.8063 -0.5123 -0.2958
vn 0.8063 -0.4846 -0.3393
vn 0.8063 -0.4183 -0.4183
vn 0.8063 -0.4531 -0.3802
vn 0.8063 -0.3802 -0.4531
vn 0.8063 -0.3393 -0.4845
vn 0.8063 -0.2958 -0.5123
vn 0.8063 -0.2023 -0.5559
vn 0.8063 -0.2500 -0.5361
vn 0.8063 -0.1027 -0.5825
vn 0.8063 -0.1531 -0.5714
vn 0.8063 -0.0000 -0.5915
vn 0.8063 -0.0516 -0.5893
vn 0.8063 0.1027 -0.5825
vn 0.8063 0.0516 -0.5893
vn 0.8063 0.2023 -0.5559
vn 0.8063 0.1531 -0.5714
vn 0.8063 0.2500 -0.5361
vn 0.8063 0.2958 -0.5123
vn 0.8063 0.3802 -0.4531
vn 0.8063 0.3393 -0.4846
vn 0.8063 0.4183 -0.4183
vn 0.8063 0.4531 -0.3802
vn 0.8063 0.5123 -0.2958
vn 0.8063 0.4845 -0.3393
vn 0.8063 0.5361 -0.2500
vn 0.8063 0.5559 -0.2023
vn 0.8063 0.5825 -0.1027
vn 0.8063 0.5714 -0.1531
vn 0.8063 0.5893 -0.0516
vn 0.9219 0.3875 -0.0000
vn 0.9219 0.3860 0.0338
vn 0.9219 0.3816 0.0673
vn 0.9219 0.3743 0.1003
vn 0.9219 0.3512 0.1638
vn 0.9219 0.3641 0.1325
vn 0.9219 0.3356 0.1937
vn 0.9219 0.2968 0.2491
vn 0.9219 0.3174 0.2222
vn 0.9219 0.2740 0.2740
vn 0.9219 0.2491 0.2968
vn 0.9219 0.1937 0.3356
vn 0.9219 0.2222 0.3174
vn 0.9219 0.1638 0.3512
vn 0.9219 0.1325 0.3641
vn 0.9219 0.0673 0.3816
vn 0.9219 0.1003 0.3743
vn 0.9219 0.0338 0.3860
vn 0.9219 -0.0000 0.3875
vn 0.9219 -0.0338 0.3860
vn 0.9219 -0.0673 0.3816
vn 0.9219 -0.1325 0.3641
vn 0.9219 -0.1003 0.3743
vn 0.9219 -0.1638 0.3512
vn 0.9219 -0.1937 0.3356
vn 0.9219 -0.2491 0.2968
vn 0.9219 -0.2222 0.3174
vn 0.9219 -0.2968 0.2491
vn 0.9219 -0.2740 0.2740
vn 0.9219 -0.3174 0.2222
vn 0.9219 -0.3356 0.1937
vn 0.9219 -0.3512 0.1638
vn 0.9219 -0.3641 0.1326
vn 0.9219 -0.3816 0.0673
vn 0.9219 -0.3743 0.1003
vn 0.9219 -0.3860 0.0338
vn 0.9219 -0.3875 -0.0000
vn 0.9219 -0.3860 -0.0338
vn 0.9219 -0.3816 -0.0673
vn 0.9219 -0.3743 -0.1003
vn 0.9219 -0.3512 -0.1638
vn 0.9219 -0.3641 -0.1325
vn 0.9219 -0.3356 -0.1937
vn 0.9219 -0.2968 -0.2491
vn 0.9219 -0.3174 -0.2222
vn 0.9219 -0.2740 -0.2740
vn 0.9219 -0.2491 -0.2968
vn 0.9219 -0.1937 -0.3356
vn 0.9219 -0.2222 -0.3174
vn 0.9219 -0.1638 -0.3512
vn 0.9219 -0.1325 -0.3641
vn 0.9219 -0.0673 -0.3815
vn 0.9219 -0.1003 -0.3743
vn 0.9219 -0.0338 -0.3860
vn 0.9219 -0.0000 -0.3875
vn 0.9219 0.0338 -0.3860
vn 0.9219 0.0673 -0.3816
vn 0.9219 0.1325 -0.3641
vn 0.9219 0.1003 -0.3743
vn 0.9219 0.1638 -0.3512
vn 0.9219 0.1937 -0.3356
vn 0.9219 0.2491 -0.2968
vn 0.9219 0.2222 -0.3174
vn 0.9219 0.2968 -0.2491
vn 0.9219 0.2740 -0.2740
vn 0.9219 0.3174 -0.2222
vn 0.9219 0.3356 -0.1937
vn 0.9219 0.3512 -0.1638
vn 0.9219 0.3641 -0.1325
vn 0.9219 0.3816 -0.0672
vn 0.9219 0.3743 -0.1003
vn 0.9219 0.3860 -0.0338
vn 0.3488 -0.9336 -0.0817
vn 0.6708 0.0589 0.7393
vn 0.3488 -0.9053 -0.2426
vn 0.6746 -0.7288 0.1169
vn 0.3488 -0.8494 -0.3961
vn 0.3488 -0.8116 -0.4686
vn 0.3488 -0.7677 -0.5376
vn 0.3488 -0.6627 -0.6627
vn 0.3488 -0.7179 -0.6024
vn 0.3488 -0.6024 -0.7179
vn 0.3488 -0.5375 -0.7677
vn 0.3488 -0.4686 -0.8116
vn 0.4125 -0.3486 -0.8416
vn 0.3488 -0.3961 -0.8494
vn 0.2791 -0.2888 -0.9158
vn 0.6898 0.0013 0.7240
vn 0.3488 -0.2426 -0.9053
vn 0.3488 -0.0817 -0.9336
vn 0.3488 0.0004 -0.9372
vn 0.3399 0.0413 -0.9396
vn 0.3488 0.0817 -0.9336
vn -0.9077 0.0412 0.4175
vn 0.3488 0.2426 -0.9053
vn -0.6085 0.0202 0.7933
vn 0.6149 0.0803 -0.7845
vn 0.3488 0.3961 -0.8494
vn 0.6964 0.0247 -0.7172
vn 0.3487 0.4686 -0.8116
vn 0.3488 0.5376 -0.7677
vn 0.3488 0.6627 -0.6627
vn 0.3488 0.6024 -0.7179
vn 0.3488 0.7677 -0.5376
vn 0.3487 0.8117 -0.4686
vn 0.3488 0.8494 -0.3961
vn 0.0632 0.8101 0.5829
vn -0.6864 0.1380 0.7140
vn -0.6788 0.1722 0.7138
vn 0.3488 0.9336 -0.0817
vn 0.3489 0.9372 0.0003
vn 0.3490 0.9336 0.0817
vn 0.6721 -0.0591 0.7381
vn 0.3488 0.9053 0.2426
vn 0.6738 0.7279 0.1267
vn 0.3488 0.8494 0.3961
vn 0.3488 0.8116 0.4686
vn 0.3488 0.7677 0.5376
vn 0.3488 0.6627 0.6627
vn 0.3488 0.7179 0.6024
vn 0.3488 0.6024 0.7179
vn 0.3488 0.5375 0.7677
vn 0.3488 0.4686 0.8116
vn -0.9934 0.0248 -0.1124
vn 0.3488 0.3961 0.8494
vn 0.3488 0.2426 0.9053
vn 0.0925 0.0115 0.9956
vn 0.3486 0.0816 0.9337
vn -0.0403 0.0231 0.9989
vn 0.7961 -0.0001 0.6052
vn 0.3397 -0.0413 0.9396
vn 0.3487 -0.0817 0.9337
vn 0.7000 -0.0125 0.7140
vn 0.6148 -0.0368 0.7878
vn 0.3488 -0.2426 0.9053
vn 0.6348 0.0130 0.7726
vn 0.3488 -0.3961 0.8494
vn 0.3487 -0.4686 0.8116
vn 0.3488 -0.5376 0.7677
vn 0.3488 -0.6627 0.6627
vn 0.3488 -0.6024 0.7179
vn 0.3488 -0.7677 0.5376
vn 0.3487 -0.8117 0.4686
vn 0.3488 -0.8494 0.3961
vn 0.0595 -0.7621 0.6447
vn -0.6571 -0.1321 0.7421
vn -0.6572 -0.1667 0.7350
vn 0.3488 -0.9336 0.0817
vn -0.6875 -0.0000 -0.7262
vn -0.6875 -0.0000 0.7262
vn 0.0830 -0.9928 -0.0869
vn -0.6874 -0.7262 -0.0000
vn 0.0830 -0.9965 -0.0000
vn 0.0830 -0.9814 -0.1730
vn -0.6874 -0.7235 -0.0633
vn 0.0830 -0.9626 -0.2579
vn -0.6874 -0.7152 -0.1261
vn 0.0830 -0.9364 -0.3408
vn -0.6874 -0.7015 -0.1880
vn 0.0830 -0.9032 -0.4212
vn -0.6874 -0.6824 -0.2484
vn 0.0830 -0.8630 -0.4983
vn -0.6874 -0.6582 -0.3069
vn -0.6874 -0.5949 -0.4166
vn -0.6875 -0.6289 -0.3631
vn 0.0830 -0.7634 -0.6406
vn 0.0830 -0.8163 -0.5716
vn -0.6874 -0.5135 -0.5135
vn -0.6874 -0.5563 -0.4668
vn 0.0830 -0.6406 -0.7634
vn 0.0830 -0.7047 -0.7047
vn 0.0830 -0.5716 -0.8163
vn -0.6874 -0.4668 -0.5563
vn 0.0830 -0.4983 -0.8630
vn -0.6874 -0.4165 -0.5949
vn 0.0830 -0.4212 -0.9032
vn -0.6874 -0.3631 -0.6289
vn 0.0830 -0.3408 -0.9364
vn -0.6874 -0.3069 -0.6582
vn -0.6874 -0.1880 -0.7015
vn -0.6875 -0.2484 -0.6824
vn 0.0830 -0.1730 -0.9814
vn 0.0830 -0.2579 -0.9626
vn 0.0830 -0.0869 -0.9928
vn -0.6874 -0.1261 -0.7152
vn 0.0830 -0.0000 -0.9965
vn -0.6874 -0.0633 -0.7235
vn -0.6874 0.0633 -0.7235
vn 0.0830 0.0869 -0.9928
vn -0.6874 0.1261 -0.7152
vn 0.0830 0.2579 -0.9626
vn 0.0830 0.1730 -0.9814
vn 0.0830 0.3408 -0.9364
vn -0.6874 0.1880 -0.7015
vn -0.6874 0.3069 -0.6582
vn -0.6875 0.2484 -0.6824
vn 0.0830 0.4212 -0.9032
vn -0.6874 0.3631 -0.6289
vn 0.0830 0.4983 -0.8630
vn -0.6874 0.4165 -0.5949
vn 0.0830 0.5716 -0.8163
vn -0.6874 0.4668 -0.5563
vn 0.0830 0.7047 -0.7047
vn 0.0830 0.6406 -0.7634
vn 0.0830 0.7634 -0.6406
vn -0.6874 0.5135 -0.5135
vn 0.0830 0.8163 -0.5716
vn -0.6874 0.5563 -0.4668
vn 0.0830 0.8630 -0.4983
vn -0.6874 0.5949 -0.4166
vn -0.6874 0.6582 -0.3069
vn -0.6874 0.6289 -0.3631
vn 0.0830 0.9032 -0.4212
vn -0.6874 0.6825 -0.2484
vn 0.0830 0.9626 -0.2579
vn 0.0830 0.9364 -0.3408
vn -0.6874 0.7152 -0.1261
vn -0.6875 0.7015 -0.1880
vn 0.0830 0.9928 -0.0869
vn 0.0830 0.9814 -0.1730
vn 0.0830 0.9965 -0.0000
vn -0.6874 0.7235 -0.0633
vn 0.0830 0.9928 0.0869
vn -0.6874 0.7262 -0.0000
vn 0.0830 0.9814 0.1730
vn -0.6874 0.7235 0.0633
vn 0.0830 0.9626 0.2579
vn -0.6874 0.7152 0.1261
vn 0.0830 0.9364 0.3408
vn -0.6874 0.7015 0.1880
vn 0.0830 0.9032 0.4212
vn -0.6874 0.6824 0.2484
vn 0.0830 0.8630 0.4983
vn -0.6874 0.6582 0.3069
vn -0.6874 0.5949 0.4166
vn -0.6874 0.6289 0.3631
vn 0.0830 0.7634 0.6406
vn 0.0830 0.8163 0.5716
vn -0.6874 0.5135 0.5135
vn -0.6874 0.5563 0.4668
vn 0.0830 0.6406 0.7634
vn 0.0830 0.7047 0.7047
vn 0.0830 0.5716 0.8163
vn -0.6874 0.4668 0.5563
vn 0.0830 0.4983 0.8630
vn -0.6874 0.4165 0.5949
vn 0.0830 0.4212 0.9032
vn -0.6874 0.3631 0.6289
vn 0.0830 0.3408 0.9364
vn -0.6874 0.3069 0.6582
vn -0.6874 0.1880 0.7015
vn -0.6875 0.2484 0.6824
vn 0.0830 0.1730 0.9814
vn 0.0830 0.2579 0.9626
vn 0.0830 0.0869 0.9928
vn -0.6874 0.1261 0.7152
vn 0.0830 -0.0000 0.9965
vn -0.6874 0.0633 0.7235
vn -0.6874 -0.0633 0.7235
vn 0.0830 -0.0869 0.9928
vn -0.6874 -0.1261 0.7152
vn 0.0830 -0.2579 0.9626
vn -0.6874 -0.1880 0.7015
vn 0.0830 -0.3408 0.9364
vn -0.6874 -0.3069 0.6582
vn -0.6875 -0.2484 0.6824
vn 0.0830 -0.4212 0.9032
vn -0.6874 -0.3631 0.6289
vn 0.0830 -0.4983 0.8630
vn -0.6874 -0.4165 0.5949
vn 0.0830 -0.5716 0.8163
vn -0.6874 -0.4668 0.5563
vn 0.0830 -0.7047 0.7047
vn 0.0830 -0.6406 0.7634
vn 0.0830 -0.7634 0.6406
vn -0.6874 -0.5135 0.5135
vn 0.0830 -0.8163 0.5716
vn -0.6874 -0.5563 0.4668
vn 0.0830 -0.8630 0.4983
vn -0.6874 -0.5949 0.4166
vn -0.6874 -0.6582 0.3069
vn -0.6875 -0.6289 0.3631
vn 0.0830 -0.9032 0.4212
vn -0.6874 -0.6825 0.2484
vn 0.0830 -0.9626 0.2579
vn 0.0830 -0.9364 0.3408
vn -0.6874 -0.7152 0.1261
vn -0.6875 -0.7015 0.1880
vn 0.0830 -0.9928 0.0869
vn 0.0830 -0.9814 0.1730
vn -0.6874 -0.7235 0.0633
vn 0.0830 -0.1730 0.9814
vn 0.0830 -0.1301 -0.9880
vn 0.0850 -0.0000 -0.9964
vn 0.0830 -0.0885 -0.9926
vn 0.0830 0.0885 -0.9926
vn 0.0830 0.1301 -0.9880
vn 0.0830 0.9207 0.3814
vn 0.0830 0.9039 0.4196
vn 0.0830 0.8153 0.5730
vn 0.0830 0.7906 0.6067
vn 0.0830 -0.7906 0.6067
vn 0.0830 -0.8153 0.5730
vn 0.0482 -0.4886 0.8712
vn 0.0495 -0.5270 0.8485
vn 0.0830 -0.9039 0.4196
vn 0.0830 -0.9207 0.3814
vn 0.0830 -0.3814 -0.9207
vn 0.0830 -0.2997 -0.9504
vn 0.0830 -0.3520 -0.9323
vn 0.0830 -0.2157 -0.9729
vn 0.0830 -0.2662 -0.9603
vn 0.0829 -0.1301 -0.9880
vn 0.0830 -0.1782 -0.9805
vn 0.0830 0.1782 -0.9805
vn 0.0829 0.1301 -0.9880
vn 0.0830 0.2157 -0.9729
vn 0.0830 0.2997 -0.9504
vn 0.0830 0.2662 -0.9603
vn 0.0830 0.3814 -0.9207
vn 0.0830 0.9880 0.1301
vn 0.0830 0.9834 0.1613
vn 0.0830 0.9729 0.2157
vn 0.0830 0.9648 0.2496
vn 0.0830 0.9504 0.2997
vn 0.0830 0.9382 0.3360
vn 0.0830 0.7600 0.6445
vn 0.0830 0.7347 0.6733
vn 0.0830 0.6986 0.7107
vn 0.0830 0.6733 0.7347
vn 0.0830 0.6067 0.7906
vn 0.0830 -0.6067 0.7906
vn 0.0830 -0.6314 0.7710
vn 0.0830 -0.6733 0.7347
vn 0.0830 -0.6986 0.7107
vn 0.0830 -0.7347 0.6733
vn 0.0830 -0.7601 0.6445
vn 0.0830 -0.9382 0.3360
vn 0.0830 -0.9504 0.2997
vn 0.0830 -0.9648 0.2496
vn 0.0830 -0.9729 0.2157
vn 0.0830 -0.9834 0.1613
vn 0.0830 -0.9880 0.1301
vn 0.0830 -0.4602 -0.8840
vn 0.0830 0.4382 -0.8950
vn 0.0830 0.4602 -0.8840
vn 0.0830 0.9956 0.0435
vn 0.0830 0.5560 0.8270
vn 0.0830 0.5354 0.8405
vn 0.0830 -0.5354 0.8405
vn 0.0830 -0.9942 0.0680
vn 0.0830 -0.9956 0.0435
vn 0.0830 -0.9963 -0.0222
vn 0.0830 -0.9956 -0.0435
vn 0.0830 -0.5354 -0.8405
vn 0.0830 -0.5355 -0.8405
vn 0.0829 -0.4602 -0.8840
vn 0.0830 -0.5174 -0.8517
vn 0.0829 0.4602 -0.8840
vn 0.0830 0.5174 -0.8517
vn 0.0830 0.5354 -0.8405
vn 0.0830 0.9956 -0.0435
vn 0.0830 0.9963 -0.0222
vn 0.0830 0.4789 0.8739
vn 0.0830 0.4602 0.8840
vn 0.0830 -0.4602 0.8840
vn 0.0830 -0.4789 0.8739
vn 0.0830 -0.9902 -0.1124
vn 0.0830 -0.9880 -0.1300
vn 0.0829 -0.6067 -0.7906
vn 0.0830 -0.5924 -0.8014
vn 0.0829 0.5355 -0.8405
vn 0.0830 0.5924 -0.8014
vn 0.0829 0.6067 -0.7906
vn 0.0830 0.9880 -0.1300
vn 0.0830 0.9902 -0.1124
vn 0.0830 0.3978 0.9137
vn 0.0830 0.3814 0.9207
vn 0.0830 -0.3814 0.9207
vn 0.0830 -0.3978 0.9137
vn 0.0830 -0.9880 -0.1301
vn 0.0830 -0.9750 -0.2062
vn 0.0830 -0.9729 -0.2157
vn 0.0830 -0.6733 -0.7347
vn 0.0830 -0.6067 -0.7906
vn 0.0830 0.6067 -0.7906
vn 0.0830 0.6661 -0.7412
vn 0.0830 0.6733 -0.7347
vn 0.0830 0.9729 -0.2157
vn 0.0830 0.9880 -0.1301
vn 0.0830 0.3089 0.9475
vn 0.0830 0.2997 0.9504
vn 0.0830 -0.2997 0.9504
vn 0.0592 -0.9642 -0.2584
vn 0.0592 -0.9380 -0.3414
vn 0.0592 -0.9047 -0.4219
vn 0.0592 -0.8645 -0.4991
vn 0.0592 -0.8177 -0.5726
vn 0.0592 -0.7647 -0.6417
vn 0.0592 -0.7059 -0.7059
vn 0.0570 -0.6745 -0.7361
vn 0.0592 0.7059 -0.7059
vn 0.0592 0.7647 -0.6417
vn 0.0592 0.8177 -0.5726
vn 0.0592 0.9047 -0.4219
vn 0.0592 0.9380 -0.3414
vn 0.0592 0.9642 -0.2584
vn 0.0570 0.9747 -0.2161
vn 0.0592 0.2584 0.9642
vn 0.0592 0.1733 0.9831
vn 0.0592 0.0870 0.9944
vn 0.0592 -0.0000 0.9982
vn 0.0592 -0.1733 0.9831
vn 0.0592 -0.2584 0.9642
vn 0.0570 -0.3002 0.9522
vn -0.0164 -0.9658 -0.2588
vn 0.0570 -0.9747 -0.2161
vn 0.0353 -0.9757 -0.2163
vn -0.0164 -0.9396 -0.3420
vn -0.0164 -0.9062 -0.4226
vn -0.0164 -0.8659 -0.4999
vn -0.0164 -0.8190 -0.5735
vn -0.0164 -0.7659 -0.6427
vn -0.0164 -0.7070 -0.7070
vn 0.0353 -0.6752 -0.7368
vn -0.0247 -0.6754 -0.7371
vn 0.0353 0.6752 -0.7368
vn -0.0164 0.7070 -0.7070
vn 0.0570 0.6745 -0.7361
vn -0.0164 0.7659 -0.6427
vn -0.0164 0.8190 -0.5735
vn 0.0592 0.8645 -0.4991
vn -0.0164 0.8659 -0.4999
vn -0.0164 0.9062 -0.4226
vn -0.0164 0.9658 -0.2588
vn -0.0247 0.9760 -0.2164
vn 0.0353 0.9757 -0.2163
vn 0.0353 0.3005 0.9531
vn -0.0164 0.2588 0.9658
vn 0.0570 0.3002 0.9522
vn -0.0164 0.1736 0.9847
vn -0.0164 0.0871 0.9961
vn -0.0164 -0.0000 0.9999
vn 0.0592 -0.0870 0.9944
vn -0.0164 -0.1736 0.9847
vn -0.0164 -0.2588 0.9658
vn -0.0247 -0.3006 0.9534
vn 0.0353 -0.3005 0.9531
vn -0.1029 -0.9796 -0.1727
vn -0.0680 -0.9892 -0.1302
vn -0.1104 -0.9854 -0.1297
vn -0.0247 -0.9760 -0.2164
vn -0.1029 -0.9608 -0.2574
vn -0.1029 -0.9347 -0.3402
vn -0.1029 -0.9015 -0.4204
vn -0.1029 -0.8614 -0.4973
vn -0.1029 -0.8148 -0.5705
vn -0.1029 -0.7620 -0.6394
vn -0.1029 -0.7034 -0.7034
vn -0.1029 -0.6394 -0.7620
vn -0.0680 -0.6074 -0.7915
vn -0.0680 -0.6701 -0.7391
vn -0.1029 0.6394 -0.7620
vn -0.0680 0.6074 -0.7915
vn -0.1104 0.6050 -0.7885
vn -0.0247 0.6754 -0.7371
vn -0.1029 0.7620 -0.6394
vn -0.1029 0.8614 -0.4973
vn -0.1029 0.9015 -0.4204
vn -0.0164 0.9396 -0.3420
vn -0.1029 0.9347 -0.3402
vn -0.1029 0.9796 -0.1727
vn -0.0680 0.9752 -0.2107
vn -0.0680 0.9891 -0.1302
vn -0.1029 0.3402 0.9347
vn -0.0680 0.3818 0.9217
vn -0.1104 0.3803 0.9182
vn -0.0680 0.3051 0.9499
vn -0.1029 0.2574 0.9608
vn -0.1029 0.1727 0.9796
vn -0.1029 0.0867 0.9909
vn -0.1029 -0.0867 0.9909
vn -0.0164 -0.0871 0.9961
vn -0.1029 -0.2574 0.9608
vn -0.1029 -0.3402 0.9347
vn -0.0680 -0.3051 0.9499
vn -0.0680 -0.3818 0.9217
vn -0.1730 -0.9700 -0.1710
vn -0.1377 -0.9820 -0.1293
vn -0.1730 -0.9514 -0.2549
vn -0.1730 -0.9255 -0.3369
vn -0.1730 -0.8926 -0.4162
vn -0.1730 -0.8530 -0.4925
vn -0.1730 -0.8068 -0.5649
vn -0.1730 -0.7545 -0.6331
vn -0.1730 -0.6964 -0.6964
vn -0.1377 -0.6030 -0.7858
vn -0.1831 -0.5985 -0.7799
vn -0.1377 0.6030 -0.7858
vn -0.1730 0.6331 -0.7545
vn -0.1730 0.6964 -0.6964
vn -0.1029 0.7034 -0.7034
vn -0.1730 0.7545 -0.6331
vn -0.1029 0.8148 -0.5705
vn -0.1730 0.8068 -0.5649
vn -0.1730 0.8530 -0.4925
vn -0.1730 0.8926 -0.4162
vn -0.1730 0.9255 -0.3369
vn -0.1029 0.9608 -0.2574
vn -0.1730 0.9514 -0.2549
vn -0.1831 0.9747 -0.1283
vn -0.1377 0.9820 -0.1293
vn -0.1377 0.3790 0.9151
vn -0.1730 0.3369 0.9255
vn -0.1730 0.2549 0.9514
vn -0.1730 0.1710 0.9700
vn -0.1730 0.0858 0.9812
vn -0.1029 -0.0000 0.9947
vn -0.1730 -0.0000 0.9849
vn -0.1029 -0.1727 0.9796
vn -0.1730 -0.0858 0.9812
vn -0.1730 -0.1710 0.9700
vn -0.1730 -0.2549 0.9514
vn -0.1730 -0.3369 0.9255
vn -0.1831 -0.3762 0.9083
vn -0.1377 -0.3790 0.9151
vn -0.2566 -0.9656 -0.0422
vn -0.2440 -0.9661 -0.0845
vn -0.2082 -0.9716 -0.1125
vn -0.2081 -0.9697 -0.1277
vn -0.2440 -0.9550 -0.1684
vn -0.2440 -0.9367 -0.2510
vn -0.2440 -0.9113 -0.3317
vn -0.2440 -0.8789 -0.4098
vn -0.2440 -0.8399 -0.4849
vn -0.2440 -0.7944 -0.5562
vn -0.2440 -0.7429 -0.6234
vn -0.2440 -0.6857 -0.6857
vn -0.1730 -0.6331 -0.7545
vn -0.2081 -0.5954 -0.7760
vn -0.2440 -0.5562 -0.7944
vn -0.2082 -0.5832 -0.7852
vn -0.2565 -0.5193 -0.8152
vn -0.2440 0.5562 -0.7944
vn -0.2082 0.5832 -0.7852
vn -0.2565 0.5193 -0.8152
vn -0.2081 0.5954 -0.7760
vn -0.2440 0.6234 -0.7429
vn -0.2440 0.7429 -0.6234
vn -0.2440 0.7944 -0.5562
vn -0.2440 0.8399 -0.4849
vn -0.2440 0.9113 -0.3317
vn -0.2440 0.9550 -0.1684
vn -0.1730 0.9700 -0.1710
vn -0.2440 0.9661 -0.0845
vn -0.2081 0.9697 -0.1277
vn -0.2082 0.9716 -0.1125
vn -0.2566 0.9656 -0.0422
vn -0.2566 0.4463 0.8573
vn -0.2440 0.4098 0.8789
vn -0.2082 0.3883 0.8977
vn -0.2081 0.3743 0.9036
vn -0.2440 0.2510 0.9367
vn -0.2440 0.1684 0.9550
vn -0.2440 0.0845 0.9661
vn -0.2440 -0.0000 0.9698
vn -0.2440 -0.0845 0.9661
vn -0.2440 -0.1684 0.9550
vn -0.2440 -0.2510 0.9367
vn -0.2440 -0.3317 0.9113
vn -0.2440 -0.4098 0.8789
vn -0.2081 -0.3743 0.9036
vn -0.2566 -0.4463 0.8573
vn -0.2082 -0.3883 0.8977
vn -0.3162 -0.9487 -0.0000
vn -0.2796 -0.9592 -0.0419
vn -0.3162 -0.9451 -0.0827
vn -0.3162 -0.9343 -0.1647
vn -0.3162 -0.9164 -0.2455
vn -0.3162 -0.8915 -0.3245
vn -0.3162 -0.8598 -0.4009
vn -0.3162 -0.8216 -0.4743
vn -0.3162 -0.7771 -0.5441
vn -0.3162 -0.7267 -0.6098
vn -0.3162 -0.6708 -0.6708
vn -0.3162 -0.6098 -0.7267
vn -0.2440 -0.6234 -0.7429
vn -0.3162 -0.5441 -0.7771
vn -0.2796 -0.5159 -0.8098
vn -0.3162 -0.4743 -0.8216
vn -0.2796 -0.4433 -0.8516
vn -0.2798 -0.5008 -0.8191
vn -0.3162 0.4743 -0.8216
vn -0.2796 0.4433 -0.8516
vn -0.3351 0.4351 -0.8357
vn -0.2796 0.5159 -0.8098
vn -0.3162 0.5441 -0.7771
vn -0.3162 0.6098 -0.7267
vn -0.2440 0.6857 -0.6857
vn -0.3162 0.7267 -0.6098
vn -0.3162 0.7771 -0.5441
vn -0.3162 0.8598 -0.4009
vn -0.2440 0.8789 -0.4098
vn -0.3162 0.8915 -0.3245
vn -0.2440 0.9367 -0.2510
vn -0.3162 0.9164 -0.2455
vn -0.3162 0.9451 -0.0827
vn -0.3162 0.9487 -0.0000
vn -0.2796 0.9592 -0.0419
vn -0.2796 0.9592 0.0419
vn -0.2797 0.9598 -0.0241
vn -0.3162 0.4743 0.8216
vn -0.2796 0.5159 0.8098
vn -0.3351 0.5062 0.7946
vn -0.2796 0.4433 0.8516
vn -0.2440 0.3317 0.9113
vn -0.3162 0.4009 0.8598
vn -0.3162 0.3245 0.8915
vn -0.3162 0.2455 0.9164
vn -0.3162 0.1647 0.9343
vn -0.3162 0.0827 0.9451
vn -0.3162 -0.0000 0.9487
vn -0.3162 -0.0827 0.9451
vn -0.3162 -0.1647 0.9343
vn -0.3162 -0.2455 0.9164
vn -0.3162 -0.3245 0.8915
vn -0.3162 -0.4009 0.8598
vn -0.3162 -0.4743 0.8216
vn -0.2796 -0.4433 0.8516
vn -0.2796 -0.5159 0.8098
vn -0.2797 -0.4590 0.8432
vn -0.2796 -0.9592 0.0419
vn -0.3351 -0.9413 0.0411
vn -0.3901 -0.9173 -0.0802
vn -0.3901 -0.9068 -0.1599
vn -0.3901 -0.8894 -0.2383
vn -0.3901 -0.8652 -0.3149
vn -0.3901 -0.8345 -0.3891
vn -0.3901 -0.7974 -0.4604
vn -0.3901 -0.7542 -0.5281
vn -0.3901 -0.7053 -0.5919
vn -0.3901 -0.6511 -0.6511
vn -0.3901 -0.5281 -0.7542
vn -0.3525 -0.4321 -0.8301
vn -0.3901 -0.3891 -0.8345
vn -0.3525 -0.3581 -0.8646
vn -0.3527 -0.3322 -0.8748
vn -0.3901 -0.3149 -0.8652
vn -0.4156 -0.2735 -0.8674
vn -0.3901 0.3149 -0.8652
vn -0.3527 0.3322 -0.8748
vn -0.4156 0.2735 -0.8674
vn -0.3525 0.3581 -0.8646
vn -0.3527 0.4105 -0.8409
vn -0.3525 0.4321 -0.8301
vn -0.3901 0.3891 -0.8345
vn -0.3901 0.5281 -0.7542
vn -0.3901 0.5919 -0.7053
vn -0.3162 0.6708 -0.6708
vn -0.3901 0.6511 -0.6511
vn -0.3901 0.7053 -0.5919
vn -0.3901 0.7974 -0.4604
vn -0.3162 0.8216 -0.4743
vn -0.3901 0.8345 -0.3891
vn -0.3901 0.8652 -0.3149
vn -0.3901 0.8894 -0.2383
vn -0.3162 0.9343 -0.1647
vn -0.3901 0.9068 -0.1599
vn -0.3901 0.9173 -0.0802
vn -0.3901 0.9173 0.0802
vn -0.3525 0.9349 0.0408
vn -0.3525 0.9278 0.1221
vn -0.3528 0.9237 0.1497
vn -0.3901 0.9068 0.1599
vn -0.4156 0.8880 0.1969
vn -0.4156 0.6145 0.6706
vn -0.3901 0.5919 0.7053
vn -0.3528 0.5915 0.7251
vn -0.3525 0.5697 0.7424
vn -0.3527 0.5229 0.7760
vn -0.3525 0.5028 0.7893
vn -0.3901 0.5281 0.7542
vn -0.3901 0.4604 0.7974
vn -0.3901 0.3891 0.8345
vn -0.3901 0.3149 0.8652
vn -0.3901 0.2383 0.8894
vn -0.3901 0.1599 0.9068
vn -0.3901 0.0802 0.9173
vn -0.3901 -0.0000 0.9208
vn -0.3901 -0.0802 0.9173
vn -0.3901 -0.1599 0.9068
vn -0.3901 -0.2383 0.8894
vn -0.3901 -0.3149 0.8652
vn -0.3901 -0.3891 0.8345
vn -0.3901 -0.4604 0.7974
vn -0.3901 -0.5281 0.7542
vn -0.3525 -0.5028 0.7893
vn -0.3901 -0.5919 0.7053
vn -0.3525 -0.5697 0.7424
vn -0.3527 -0.5229 0.7760
vn -0.3528 -0.5915 0.7251
vn -0.4156 -0.6145 0.6706
vn -0.4156 -0.8880 0.1969
vn -0.3901 -0.9068 0.1599
vn -0.3528 -0.9237 0.1497
vn -0.3527 -0.9335 0.0649
vn -0.3525 -0.9278 0.1222
vn -0.3901 -0.9173 0.0802
vn -0.3525 -0.9349 0.0408
vn -0.4662 -0.8847 -0.0000
vn -0.4662 -0.8813 -0.0771
vn -0.4662 -0.8712 -0.1536
vn -0.4662 -0.8545 -0.2290
vn -0.4662 -0.8313 -0.3026
vn -0.4662 -0.8018 -0.3739
vn -0.4662 -0.7662 -0.4423
vn -0.4662 -0.7247 -0.5074
vn -0.4662 -0.6777 -0.5687
vn -0.4662 -0.6256 -0.6256
vn -0.3901 -0.5919 -0.7053
vn -0.4662 -0.5074 -0.7247
vn -0.3901 -0.4604 -0.7974
vn -0.4662 -0.3739 -0.8018
vn -0.4273 -0.2719 -0.8623
vn -0.4662 -0.2290 -0.8545
vn -0.4273 -0.1957 -0.8827
vn -0.4276 -0.1625 -0.8892
vn -0.4273 -0.1180 -0.8964
vn -0.4662 -0.1536 -0.8712
vn -0.4276 -0.0807 -0.9003
vn -0.4662 -0.0771 -0.8813
vn -0.4275 -0.0201 -0.9038
vn -0.4662 -0.0000 -0.8847
vn -0.4276 0.0807 -0.9003
vn -0.4275 0.0201 -0.9038
vn -0.4273 0.1180 -0.8964
vn -0.4662 0.0771 -0.8813
vn -0.4276 0.1625 -0.8892
vn -0.4273 0.1957 -0.8827
vn -0.4662 0.1536 -0.8712
vn -0.4276 0.2430 -0.8707
vn -0.4273 0.2719 -0.8623
vn -0.4662 0.2290 -0.8545
vn -0.4662 0.3739 -0.8018
vn -0.3901 0.4604 -0.7974
vn -0.4662 0.4423 -0.7662
vn -0.4662 0.5074 -0.7247
vn -0.4662 0.5687 -0.6777
vn -0.4662 0.6777 -0.5687
vn -0.4662 0.7247 -0.5074
vn -0.3901 0.7542 -0.5281
vn -0.4662 0.7662 -0.4423
vn -0.4662 0.8018 -0.3739
vn -0.4662 0.8313 -0.3026
vn -0.4662 0.8545 -0.2290
vn -0.4662 0.8813 -0.0771
vn -0.4662 0.8847 -0.0000
vn -0.3901 0.9208 -0.0000
vn -0.4662 0.8813 0.0771
vn -0.4662 0.8545 0.2290
vn -0.4273 0.8827 0.1957
vn -0.4273 0.8623 0.2719
vn -0.4276 0.8513 0.3039
vn -0.4273 0.8353 0.3460
vn -0.4662 0.8313 0.3026
vn -0.4276 0.8201 0.3803
vn -0.4662 0.8018 0.3739
vn -0.4276 0.7828 0.4520
vn -0.4662 0.7247 0.5074
vn -0.4662 0.7662 0.4423
vn -0.4273 0.7173 0.5504
vn -0.4276 0.6888 0.5853
vn -0.4662 0.6777 0.5687
vn -0.4276 0.6326 0.6458
vn -0.4273 0.6666 0.6108
vn -0.4273 0.6108 0.6666
vn -0.4662 0.6256 0.6256
vn -0.4662 0.5074 0.7247
vn -0.4662 0.4423 0.7662
vn -0.4662 0.3739 0.8018
vn -0.4662 0.3026 0.8313
vn -0.4662 0.2290 0.8545
vn -0.4662 0.1536 0.8712
vn -0.4662 0.0771 0.8813
vn -0.4662 -0.0000 0.8847
vn -0.4662 -0.0771 0.8813
vn -0.4662 -0.1536 0.8712
vn -0.4662 -0.2290 0.8545
vn -0.4662 -0.3026 0.8313
vn -0.4662 -0.3739 0.8018
vn -0.4662 -0.4423 0.7662
vn -0.4662 -0.5074 0.7247
vn -0.4662 -0.5687 0.6777
vn -0.4662 -0.6256 0.6256
vn -0.4273 -0.6108 0.6666
vn -0.4662 -0.6777 0.5687
vn -0.4273 -0.6666 0.6108
vn -0.4276 -0.6326 0.6458
vn -0.4662 -0.7247 0.5074
vn -0.4273 -0.7173 0.5504
vn -0.4276 -0.6888 0.5853
vn -0.4276 -0.7394 0.5201
vn -0.3308 -0.6056 0.7238
vn -0.0000 -0.0000 1.0000
vn -0.4662 -0.8018 0.3739
vn -0.4276 -0.8201 0.3803
vn -0.4273 -0.8353 0.3460
vn -0.4276 -0.8513 0.3039
vn -0.4273 -0.8623 0.2719
vn -0.4662 -0.8313 0.3026
vn -0.4276 -0.8755 0.2249
vn -0.4662 -0.8545 0.2290
vn -0.4273 -0.8827 0.1957
vn -0.4662 -0.8813 0.0771
vn -0.3901 -0.9208 -0.0000
vn -0.5450 -0.8353 -0.0731
vn -0.5450 -0.8257 -0.1456
vn -0.5450 -0.8099 -0.2170
vn -0.5450 -0.7879 -0.2868
vn -0.5450 -0.7599 -0.3543
vn -0.5450 -0.7261 -0.4192
vn -0.5450 -0.6868 -0.4809
vn -0.5450 -0.6423 -0.5390
vn -0.5450 -0.5929 -0.5929
vn -0.5450 -0.5390 -0.6423
vn -0.4662 -0.5687 -0.6777
vn -0.5450 -0.4809 -0.6868
vn -0.5450 -0.4192 -0.7261
vn -0.4662 -0.4423 -0.7662
vn -0.5450 -0.2868 -0.7879
vn -0.4662 -0.3026 -0.8313
vn -0.5450 -0.2170 -0.8099
vn -0.5450 -0.0731 -0.8353
vn -0.5450 -0.0000 -0.8385
vn -0.5450 0.0731 -0.8353
vn -0.5450 0.2170 -0.8099
vn -0.5450 0.2868 -0.7879
vn -0.4662 0.3026 -0.8313
vn -0.5450 0.4192 -0.7261
vn -0.5450 0.4809 -0.6868
vn -0.5450 0.5929 -0.5929
vn -0.4662 0.6256 -0.6256
vn -0.5450 0.6423 -0.5390
vn -0.5450 0.6868 -0.4809
vn -0.5450 0.7261 -0.4192
vn -0.5450 0.7599 -0.3543
vn -0.5450 0.7879 -0.2868
vn -0.5450 0.8099 -0.2170
vn -0.4662 0.8712 -0.1536
vn -0.5450 0.8353 -0.0731
vn -0.5450 0.8385 -0.0000
vn -0.5450 0.8353 0.0731
vn -0.4662 0.8712 0.1536
vn -0.5450 0.8257 0.1456
vn -0.5450 0.7879 0.2868
vn -0.5450 0.7261 0.4192
vn -0.5450 0.6868 0.4809
vn -0.5450 0.6423 0.5390
vn -0.5450 0.5929 0.5929
vn -0.5450 0.5390 0.6423
vn -0.4662 0.5687 0.6777
vn -0.5450 0.4809 0.6868
vn -0.5450 0.4192 0.7261
vn -0.5450 0.3543 0.7599
vn -0.5450 0.2868 0.7879
vn -0.5450 0.2170 0.8099
vn -0.5450 0.1456 0.8257
vn -0.5450 0.0731 0.8353
vn -0.5450 -0.0000 0.8385
vn -0.5450 -0.0731 0.8353
vn -0.5450 -0.1456 0.8257
vn -0.5450 -0.2170 0.8099
vn -0.5450 -0.2868 0.7879
vn -0.5450 -0.3543 0.7599
vn -0.5450 -0.4192 0.7261
vn -0.5450 -0.4809 0.6868
vn -0.5450 -0.5390 0.6423
vn -0.5450 -0.5929 0.5929
vn -0.5450 -0.6423 0.5390
vn -0.5450 -0.6868 0.4809
vn -0.4662 -0.7662 0.4423
vn -0.5450 -0.7261 0.4192
vn -0.5450 -0.7599 0.3543
vn -0.5450 -0.7879 0.2868
vn -0.5450 -0.8099 0.2170
vn -0.4662 -0.8712 0.1536
vn -0.5450 -0.8257 0.1456
vn -0.5450 -0.8353 0.0731
vn -0.5450 -0.8385 -0.0000
vn -0.6271 -0.7759 -0.0679
vn -0.6271 -0.7671 -0.1353
vn -0.6271 -0.7524 -0.2016
vn -0.6271 -0.7319 -0.2664
vn -0.6271 -0.7059 -0.3292
vn -0.6271 -0.6746 -0.3895
vn -0.6271 -0.6380 -0.4468
vn -0.6271 -0.5967 -0.5007
vn -0.6271 -0.5508 -0.5508
vn -0.6271 -0.5007 -0.5967
vn -0.6271 -0.4468 -0.6380
vn -0.6271 -0.3895 -0.6746
vn -0.5450 -0.3543 -0.7599
vn -0.6271 -0.3292 -0.7059
vn -0.6271 -0.2016 -0.7524
vn -0.5450 -0.1456 -0.8257
vn -0.6271 -0.0679 -0.7759
vn -0.6271 0.0679 -0.7759
vn -0.5450 0.1456 -0.8257
vn -0.6271 0.1353 -0.7671
vn -0.6271 0.2016 -0.7524
vn -0.6271 0.3292 -0.7059
vn -0.5450 0.3543 -0.7599
vn -0.6271 0.3895 -0.6746
vn -0.6271 0.4468 -0.6380
vn -0.5450 0.5390 -0.6423
vn -0.6271 0.5007 -0.5967
vn -0.6271 0.5967 -0.5007
vn -0.6271 0.6380 -0.4468
vn -0.6271 0.6746 -0.3895
vn -0.6271 0.7319 -0.2664
vn -0.6271 0.7524 -0.2016
vn -0.5450 0.8257 -0.1456
vn -0.6271 0.7759 -0.0679
vn -0.6271 0.7789 -0.0000
vn -0.6271 0.7759 0.0679
vn -0.6271 0.7671 0.1353
vn -0.5450 0.8099 0.2170
vn -0.6271 0.7319 0.2664
vn -0.5450 0.7599 0.3543
vn -0.6271 0.7059 0.3292
vn -0.6271 0.6746 0.3895
vn -0.6271 0.5967 0.5007
vn -0.6271 0.5007 0.5967
vn -0.6271 0.4468 0.6380
vn -0.6271 0.3895 0.6746
vn -0.6271 0.3292 0.7059
vn -0.6271 0.2664 0.7319
vn -0.6271 0.2016 0.7524
vn -0.6271 0.1353 0.7671
vn -0.6271 0.0679 0.7759
vn -0.6271 -0.0000 0.7789
vn -0.6271 -0.0679 0.7759
vn -0.6271 -0.1353 0.7671
vn -0.6271 -0.2016 0.7524
vn -0.6271 -0.2664 0.7319
vn -0.6271 -0.3292 0.7059
vn -0.6271 -0.3895 0.6746
vn -0.6271 -0.4468 0.6380
vn -0.6271 -0.5007 0.5967
vn -0.6271 -0.5508 0.5508
vn -0.6271 -0.5967 0.5007
vn -0.6271 -0.6380 0.4468
vn -0.6271 -0.6746 0.3895
vn -0.6271 -0.7059 0.3292
vn -0.6271 -0.7319 0.2664
vn -0.6271 -0.7524 0.2016
vn -0.6271 -0.7671 0.1353
vn -0.6271 -0.7759 0.0679
vn -0.6271 -0.7789 -0.0000
vn -0.7137 -0.6978 -0.0611
vn -0.7137 -0.6898 -0.1216
vn -0.7137 -0.6766 -0.1813
vn -0.7137 -0.6582 -0.2396
vn -0.7137 -0.6348 -0.2960
vn -0.7137 -0.6066 -0.3502
vn -0.7137 -0.5738 -0.4018
vn -0.7137 -0.5366 -0.4503
vn -0.7137 -0.4953 -0.4953
vn -0.7137 -0.4503 -0.5366
vn -0.7137 -0.4018 -0.5738
vn -0.7137 -0.3502 -0.6066
vn -0.7137 -0.2960 -0.6348
vn -0.6271 -0.2664 -0.7319
vn -0.7137 -0.2396 -0.6582
vn -0.7137 -0.1216 -0.6898
vn -0.6271 -0.1353 -0.7671
vn -0.7137 -0.0000 -0.7005
vn -0.6271 -0.0000 -0.7789
vn -0.7137 0.1216 -0.6898
vn -0.7137 0.2396 -0.6582
vn -0.6271 0.2664 -0.7319
vn -0.7137 0.2960 -0.6348
vn -0.7137 0.3502 -0.6066
vn -0.7137 0.4018 -0.5738
vn -0.7137 0.4953 -0.4953
vn -0.6271 0.5508 -0.5508
vn -0.7137 0.5366 -0.4503
vn -0.7137 0.6066 -0.3502
vn -0.7137 0.6349 -0.2960
vn -0.6271 0.7059 -0.3292
vn -0.7137 0.6582 -0.2396
vn -0.7137 0.6766 -0.1813
vn -0.6271 0.7671 -0.1353
vn -0.7137 0.6898 -0.1216
vn -0.7137 0.7005 -0.0000
vn -0.7137 0.6978 0.0611
vn -0.7137 0.6766 0.1813
vn -0.6271 0.7524 0.2016
vn -0.7137 0.6582 0.2396
vn -0.7137 0.6349 0.2960
vn -0.7137 0.6066 0.3502
vn -0.6271 0.6380 0.4468
vn -0.7137 0.5366 0.4503
vn -0.6271 0.5508 0.5508
vn -0.7137 0.4953 0.4953
vn -0.7137 0.4503 0.5366
vn -0.7137 0.4018 0.5738
vn -0.7137 0.2960 0.6349
vn -0.7137 0.2396 0.6582
vn -0.7137 0.1813 0.6766
vn -0.7137 0.1216 0.6898
vn -0.7137 0.0611 0.6978
vn -0.7137 -0.0000 0.7005
vn -0.7137 -0.0611 0.6978
vn -0.7137 -0.1216 0.6898
vn -0.7137 -0.1813 0.6766
vn -0.7137 -0.2396 0.6582
vn -0.7137 -0.2960 0.6348
vn -0.7137 -0.3502 0.6066
vn -0.7137 -0.4018 0.5738
vn -0.7137 -0.4503 0.5366
vn -0.7137 -0.4953 0.4953
vn -0.7137 -0.5366 0.4503
vn -0.7137 -0.5738 0.4018
vn -0.7137 -0.6066 0.3502
vn -0.7137 -0.6349 0.2960
vn -0.7137 -0.6582 0.2396
vn -0.7137 -0.6766 0.1813
vn -0.7137 -0.6898 0.1216
vn -0.7137 -0.6978 0.0611
vn -0.7137 -0.7005 -0.0000
vn -0.8063 -0.5915 -0.0000
vn -0.8063 -0.5893 -0.0516
vn -0.8063 -0.5825 -0.1027
vn -0.8063 -0.5714 -0.1531
vn -0.8063 -0.5559 -0.2023
vn -0.8063 -0.5361 -0.2500
vn -0.8063 -0.5123 -0.2958
vn -0.8063 -0.4845 -0.3393
vn -0.8063 -0.4531 -0.3802
vn -0.8063 -0.4183 -0.4183
vn -0.8063 -0.3802 -0.4531
vn -0.8063 -0.3393 -0.4845
vn -0.8063 -0.2958 -0.5123
vn -0.8063 -0.2500 -0.5361
vn -0.8063 -0.2023 -0.5559
vn -0.7137 -0.1813 -0.6766
vn -0.8063 -0.1531 -0.5714
vn -0.8063 -0.1027 -0.5825
vn -0.8063 -0.0516 -0.5893
vn -0.7137 -0.0611 -0.6978
vn -0.8063 -0.0000 -0.5915
vn -0.8063 0.0516 -0.5893
vn -0.7137 0.0611 -0.6978
vn -0.8063 0.1027 -0.5825
vn -0.8063 0.1531 -0.5714
vn -0.7137 0.1813 -0.6766
vn -0.8063 0.2023 -0.5559
vn -0.8063 0.2500 -0.5361
vn -0.8063 0.3393 -0.4845
vn -0.8063 0.3802 -0.4531
vn -0.7137 0.4503 -0.5366
vn -0.8063 0.4183 -0.4183
vn -0.8063 0.4531 -0.3802
vn -0.7137 0.5738 -0.4018
vn -0.8063 0.4845 -0.3393
vn -0.8063 0.5361 -0.2500
vn -0.8063 0.5559 -0.2023
vn -0.8063 0.5825 -0.1027
vn -0.7137 0.6978 -0.0611
vn -0.8063 0.5915 -0.0000
vn -0.8063 0.5893 0.0516
vn -0.7137 0.6898 0.1216
vn -0.8063 0.5825 0.1027
vn -0.8063 0.5559 0.2023
vn -0.8063 0.5361 0.2500
vn -0.8063 0.4845 0.3393
vn -0.7137 0.5738 0.4018
vn -0.8063 0.4531 0.3802
vn -0.8063 0.3802 0.4531
vn -0.8063 0.3393 0.4845
vn -0.7137 0.3502 0.6066
vn -0.8063 0.2958 0.5123
vn -0.8063 0.2500 0.5361
vn -0.8063 0.2023 0.5559
vn -0.8063 0.1027 0.5825
vn -0.8063 0.0516 0.5893
vn -0.8063 -0.0000 0.5915
vn -0.8063 -0.0516 0.5893
vn -0.8063 -0.1027 0.5825
vn -0.8063 -0.1531 0.5714
vn -0.8063 -0.2023 0.5559
vn -0.8063 -0.2500 0.5361
vn -0.8063 -0.2958 0.5123
vn -0.8063 -0.3393 0.4845
vn -0.8063 -0.3802 0.4531
vn -0.8063 -0.4183 0.4183
vn -0.8063 -0.4531 0.3802
vn -0.8063 -0.4845 0.3393
vn -0.8063 -0.5123 0.2958
vn -0.8063 -0.5361 0.2500
vn -0.8063 -0.5559 0.2023
vn -0.8063 -0.5714 0.1531
vn -0.8063 -0.5825 0.1027
vn -0.8063 -0.5893 0.0516
vn -0.8754 -0.4834 -0.0000
vn -0.8754 -0.4816 -0.0421
vn -0.8754 -0.4761 -0.0839
vn -0.8754 -0.4669 -0.1251
vn -0.8754 -0.4543 -0.1653
vn -0.8754 -0.4381 -0.2043
vn -0.8754 -0.4186 -0.2417
vn -0.8754 -0.3960 -0.2773
vn -0.8754 -0.3703 -0.3107
vn -0.8754 -0.3418 -0.3418
vn -0.8754 -0.3107 -0.3703
vn -0.8754 -0.2773 -0.3960
vn -0.8754 -0.2417 -0.4186
vn -0.8754 -0.2043 -0.4381
vn -0.8754 -0.1653 -0.4543
vn -0.8754 -0.1251 -0.4669
vn -0.8754 -0.0839 -0.4761
vn -0.8754 -0.0421 -0.4816
vn -0.8754 -0.0000 -0.4834
vn -0.8754 0.0421 -0.4816
vn -0.8754 0.0839 -0.4761
vn -0.8754 0.1251 -0.4669
vn -0.8754 0.1653 -0.4543
vn -0.8754 0.2043 -0.4381
vn -0.8063 0.2958 -0.5123
vn -0.8754 0.2417 -0.4186
vn -0.8754 0.2773 -0.3960
vn -0.8754 0.3418 -0.3418
vn -0.8754 0.3703 -0.3107
vn -0.8754 0.3960 -0.2773
vn -0.8063 0.5123 -0.2958
vn -0.8754 0.4186 -0.2417
vn -0.8754 0.4381 -0.2043
vn -0.8754 0.4543 -0.1653
vn -0.8063 0.5714 -0.1531
vn -0.8754 0.4669 -0.1251
vn -0.8754 0.4816 -0.0421
vn -0.8063 0.5893 -0.0516
vn -0.8754 0.4816 0.0421
vn -0.8754 0.4761 0.0839
vn -0.8063 0.5714 0.1531
vn -0.8754 0.4669 0.1251
vn -0.8754 0.4543 0.1653
vn -0.8754 0.4381 0.2043
vn -0.8063 0.5123 0.2958
vn -0.8754 0.3960 0.2773
vn -0.8754 0.3703 0.3107
vn -0.8754 0.3418 0.3418
vn -0.8063 0.4183 0.4183
vn -0.8754 0.2773 0.3960
vn -0.8754 0.2417 0.4186
vn -0.8754 0.1653 0.4543
vn -0.8754 0.1251 0.4669
vn -0.8063 0.1531 0.5714
vn -0.8754 0.0421 0.4816
vn -0.8754 -0.0421 0.4816
vn -0.8754 -0.0000 0.4834
vn -0.8754 -0.0839 0.4761
vn -0.8754 -0.1251 0.4669
vn -0.8754 -0.1653 0.4543
vn -0.8754 -0.2043 0.4381
vn -0.8754 -0.2417 0.4186
vn -0.8754 -0.2773 0.3960
vn -0.8754 -0.3107 0.3703
vn -0.8754 -0.3418 0.3418
vn -0.8754 -0.3703 0.3107
vn -0.8754 -0.3960 0.2773
vn -0.8754 -0.4186 0.2417
vn -0.8754 -0.4381 0.2043
vn -0.8754 -0.4543 0.1653
vn -0.8754 -0.4669 0.1251
vn -0.8754 -0.4760 0.0839
vn -0.8754 -0.4816 0.0421
vn 0.3488 -0.9372 -0.0000
vn -0.3793 -0.1842 0.9067
vn -0.4053 -0.5428 0.7356
vn 0.9676 -0.0867 0.2372
vn -0.8754 0.3107 -0.3703
vn 0.3488 0.7179 -0.6024
vn 0.0435 0.7744 0.6311
vn 0.3488 0.9053 -0.2426
vn -0.8754 0.4760 -0.0839
vn -0.8754 0.4834 -0.0000
vn -0.8218 -0.5695 0.0198
vn -0.3618 0.1757 0.9156
vn -0.3715 0.4975 0.7839
vn -0.8754 0.4186 0.2417
vn -0.8754 0.3107 0.3703
vn -0.8754 0.2043 0.4381
vn -0.5354 -0.0000 0.8446
vn -0.9293 -0.0532 0.3654
vn 0.3488 -0.7179 0.6024
vn 0.0411 -0.7315 0.6806
vn 0.3488 -0.9053 0.2426
vn -0.0653 -0.9979 0.0034
vn -0.1948 -0.9808 0.0102
vn -0.3210 -0.9469 0.0168
vn -0.4417 -0.8969 0.0231
vn -0.5548 -0.8315 0.0291
vn -0.6584 -0.7518 0.0345
vn -0.7508 -0.6594 0.0393
vn -0.8303 -0.5556 0.0435
vn -0.8956 -0.4423 0.0469
vn -0.9456 -0.3214 0.0496
vn -0.9794 -0.1951 0.0513
vn -0.9965 -0.0654 0.0522
vn -0.9965 0.0654 0.0522
vn -0.9794 0.1951 0.0513
vn -0.9456 0.3214 0.0496
vn -0.8956 0.4423 0.0469
vn -0.8303 0.5556 0.0435
vn -0.7508 0.6593 0.0393
vn -0.6584 0.7518 0.0345
vn -0.5546 0.8316 0.0293
vn -0.4417 0.8969 0.0231
vn -0.3210 0.9469 0.0168
vn -0.1948 0.9808 0.0102
vn -0.0653 0.9979 0.0034
vn 0.0653 0.9979 -0.0034
vn 0.1948 0.9808 -0.0102
vn 0.3210 0.9469 -0.0168
vn 0.4417 0.8969 -0.0232
vn 0.5548 0.8315 -0.0291
vn 0.6584 0.7518 -0.0345
vn 0.7508 0.6593 -0.0393
vn 0.8303 0.5556 -0.0435
vn 0.8956 0.4424 -0.0470
vn 0.9456 0.3214 -0.0496
vn 0.9794 0.1951 -0.0513
vn 0.9965 0.0654 -0.0522
vn 0.9965 -0.0654 -0.0522
vn 0.9794 -0.1951 -0.0513
vn 0.9456 -0.3214 -0.0496
vn 0.8956 -0.4423 -0.0469
vn 0.8303 -0.5556 -0.0435
vn 0.7508 -0.6593 -0.0393
vn 0.6584 -0.7518 -0.0345
vn 0.5548 -0.8315 -0.0291
vn 0.4417 -0.8969 -0.0231
vn 0.3210 -0.9469 -0.0168
vn 0.1948 -0.9808 -0.0102
vn 0.0653 -0.9979 -0.0034
vn -0.0653 0.4960 -0.8659
vn -0.1948 0.4816 -0.8545
vn -0.3210 0.4589 -0.8285
vn -0.4417 0.4284 -0.7883
vn -0.5548 0.3906 -0.7346
vn -0.6584 0.3460 -0.6684
vn -0.7508 0.2956 -0.5907
vn -0.8303 0.2401 -0.5029
vn -0.8956 0.1805 -0.4065
vn -0.9456 0.1178 -0.3032
vn -0.9794 0.0531 -0.1946
vn -0.9965 -0.0125 -0.0828
vn -0.9965 -0.0779 0.0305
vn -0.9794 -0.1420 0.1433
vn -0.9456 -0.2036 0.2536
vn -0.8956 -0.2618 0.3596
vn -0.8303 -0.3155 0.4594
vn -0.7508 -0.3637 0.5513
vn -0.6584 -0.4058 0.6339
vn -0.5549 -0.4407 0.7056
vn -0.4417 -0.4685 0.7651
vn -0.3210 -0.4880 0.8117
vn -0.1948 -0.4992 0.8443
vn -0.0653 -0.5019 0.8625
vn 0.0653 -0.4960 0.8659
vn 0.1948 -0.4816 0.8545
vn 0.3210 -0.4589 0.8285
vn 0.4417 -0.4284 0.7883
vn 0.5548 -0.3906 0.7346
vn 0.6584 -0.3460 0.6684
vn 0.7508 -0.2956 0.5907
vn 0.8303 -0.2401 0.5029
vn 0.8956 -0.1806 0.4066
vn 0.9456 -0.1178 0.3032
vn 0.9794 -0.0531 0.1946
vn 0.9965 0.0125 0.0828
vn 0.9965 0.0779 -0.0305
vn 0.9794 0.1420 -0.1433
vn 0.9456 0.2036 -0.2536
vn 0.8956 0.2618 -0.3596
vn 0.8303 0.3155 -0.4594
vn 0.7508 0.3637 -0.5513
vn 0.6584 0.4058 -0.6339
vn 0.5548 0.4409 -0.7055
vn 0.4417 0.4685 -0.7651
vn 0.3210 0.4880 -0.8117
vn 0.1948 0.4992 -0.8443
vn 0.0653 0.5019 -0.8625
vn -0.0653 0.5019 0.8625
vn -0.1948 0.4992 0.8443
vn -0.3210 0.4880 0.8117
vn -0.4417 0.4685 0.7651
vn -0.5548 0.4409 0.7055
vn -0.6584 0.4058 0.6339
vn -0.7508 0.3638 0.5513
vn -0.8303 0.3155 0.4594
vn -0.8956 0.2618 0.3596
vn -0.9456 0.2036 0.2536
vn -0.9794 0.1420 0.1433
vn -0.9965 0.0779 0.0305
vn -0.9965 0.0125 -0.0828
vn -0.9794 -0.0531 -0.1946
vn -0.9456 -0.1178 -0.3032
vn -0.8956 -0.1805 -0.4065
vn -0.8303 -0.2401 -0.5029
vn -0.7508 -0.2956 -0.5907
vn -0.6584 -0.3460 -0.6684
vn -0.5548 -0.3905 -0.7346
vn -0.4417 -0.4284 -0.7883
vn -0.3210 -0.4589 -0.8285
vn -0.1948 -0.4816 -0.8545
vn -0.0653 -0.4960 -0.8659
vn 0.0653 -0.5019 -0.8625
vn 0.1948 -0.4992 -0.8443
vn 0.3210 -0.4880 -0.8117
vn 0.4417 -0.4685 -0.7652
vn 0.5548 -0.4409 -0.7055
vn 0.6584 -0.4058 -0.6339
vn 0.7508 -0.3638 -0.5513
vn 0.8303 -0.3155 -0.4594
vn 0.8956 -0.2618 -0.3596
vn 0.9456 -0.2036 -0.2536
vn 0.9794 -0.1420 -0.1433
vn 0.9965 -0.0779 -0.0305
vn 0.9965 -0.0125 0.0828
vn 0.9794 0.0531 0.1946
vn 0.9456 0.1178 0.3032
vn 0.8956 0.1805 0.4065
vn 0.8303 0.2401 0.5029
vn 0.7508 0.2956 0.5907
vn 0.6584 0.3460 0.6684
vn 0.5548 0.3906 0.7346
vn 0.4417 0.4284 0.7883
vn 0.3210 0.4589 0.8285
vn 0.1948 0.4816 0.8545
vn 0.0653 0.4960 0.8659
vn 0.0211 0.3214 0.9467
vn 0.0492 0.7509 -0.6585
vn 0.0642 0.9788 0.1947
vn 0.0290 0.4421 0.8965
vn 0.0432 0.6587 -0.7511
vn 0.0653 0.9957 0.0653
vn 0.0364 0.5552 0.8309
vn 0.0364 0.5552 -0.8309
vn 0.0653 0.9957 -0.0653
vn 0.0432 0.6587 0.7511
vn 0.0290 0.4421 -0.8965
vn 0.0642 0.9788 -0.1947
vn 0.0492 0.7509 0.6585
vn 0.0211 0.3214 -0.9467
vn 0.0619 0.9451 -0.3208
vn 0.0544 0.8302 0.5547
vn 0.0128 0.1951 -0.9807
vn 0.0043 0.0654 0.9978
vn 0.0587 0.8953 -0.4415
vn 0.0587 0.8953 0.4415
vn 0.0043 0.0654 -0.9978
vn 0.0128 0.1951 0.9807
vn 0.0544 0.8302 -0.5547
vn 0.0619 0.9451 0.3208
vn 0.1750 0.8800 -0.4415
vn 0.1750 0.8800 0.4415
vn 0.0128 0.0643 -0.9978
vn 0.0381 0.1917 0.9807
vn 0.1623 0.8160 -0.5547
vn 0.1848 0.9289 0.3208
vn 0.0628 0.3159 0.9467
vn 0.1468 0.7381 -0.6585
vn 0.1914 0.9620 0.1947
vn 0.0864 0.4345 0.8965
vn 0.1288 0.6475 -0.7511
vn 0.1947 0.9787 0.0653
vn 0.1085 0.5457 0.8309
vn 0.1085 0.5457 -0.8309
vn 0.1947 0.9787 -0.0653
vn 0.1288 0.6475 0.7511
vn 0.0864 0.4345 -0.8965
vn 0.1914 0.9620 -0.1947
vn 0.1468 0.7381 0.6585
vn 0.0628 0.3159 -0.9467
vn 0.1848 0.9289 -0.3208
vn 0.1623 0.8160 0.5547
vn 0.0381 0.1917 -0.9807
vn 0.0128 0.0643 0.9978
vn 0.1424 0.4195 0.8965
vn 0.2122 0.6251 -0.7511
vn 0.3208 0.9449 0.0653
vn 0.1788 0.5269 0.8309
vn 0.1788 0.5269 -0.8309
vn 0.3208 0.9449 -0.0653
vn 0.2122 0.6251 0.7511
vn 0.1424 0.4195 -0.8965
vn 0.3153 0.9288 -0.1947
vn 0.2419 0.7126 0.6585
vn 0.1035 0.3050 -0.9467
vn 0.3044 0.8969 -0.3208
vn 0.2674 0.7879 0.5547
vn 0.0628 0.1851 -0.9807
vn 0.0211 0.0621 0.9978
vn 0.2884 0.8496 -0.4415
vn 0.2884 0.8496 0.4415
vn 0.0211 0.0621 -0.9978
vn 0.0628 0.1851 0.9807
vn 0.2674 0.7879 -0.5547
vn 0.3044 0.8969 0.3208
vn 0.1035 0.3050 0.9467
vn 0.2419 0.7126 -0.6585
vn 0.3153 0.9288 0.1947
vn 0.3328 0.6749 0.6585
vn 0.1424 0.2888 -0.9467
vn 0.4189 0.8495 -0.3208
vn 0.3680 0.7462 0.5547
vn 0.0865 0.1753 -0.9807
vn 0.0290 0.0588 0.9978
vn 0.3968 0.8047 -0.4415
vn 0.3968 0.8047 0.4415
vn 0.0290 0.0588 -0.9978
vn 0.0865 0.1753 0.9807
vn 0.3680 0.7462 -0.5547
vn 0.4189 0.8495 0.3208
vn 0.1424 0.2888 0.9467
vn 0.3328 0.6749 -0.6585
vn 0.4338 0.8797 0.1947
vn 0.1960 0.3974 0.8965
vn 0.2920 0.5921 -0.7511
vn 0.4413 0.8950 0.0653
vn 0.2461 0.4990 0.8309
vn 0.2461 0.4990 -0.8309
vn 0.4413 0.8950 -0.0653
vn 0.2920 0.5921 0.7511
vn 0.1960 0.3974 -0.8965
vn 0.4338 0.8797 -0.1947
vn 0.4622 0.6918 -0.5547
vn 0.5262 0.7875 0.3208
vn 0.1789 0.2678 0.9467
vn 0.4181 0.6257 -0.6585
vn 0.5449 0.8156 0.1947
vn 0.2461 0.3684 0.8965
vn 0.3668 0.5489 -0.7511
vn 0.5544 0.8297 0.0653
vn 0.3091 0.4626 0.8309
vn 0.3091 0.4626 -0.8309
vn 0.5544 0.8297 -0.0653
vn 0.3668 0.5489 0.7511
vn 0.2461 0.3684 -0.8965
vn 0.5449 0.8156 -0.1947
vn 0.4181 0.6257 0.6585
vn 0.1789 0.2678 -0.9467
vn 0.5262 0.7875 -0.3208
vn 0.4622 0.6918 0.5547
vn 0.1086 0.1625 -0.9807
vn 0.0364 0.0545 0.9978
vn 0.4985 0.7460 -0.4415
vn 0.4985 0.7460 0.4415
vn 0.0364 0.0545 -0.9979
vn 0.1086 0.1625 0.9807
vn 0.3669 0.4183 0.8309
vn 0.3669 0.4183 -0.8309
vn 0.6579 0.7502 -0.0653
vn 0.4353 0.4963 0.7511
vn 0.2921 0.3331 -0.8965
vn 0.6467 0.7375 -0.1947
vn 0.4962 0.5658 0.6585
vn 0.2123 0.2421 -0.9467
vn 0.6245 0.7121 -0.3208
vn 0.5486 0.6255 0.5547
vn 0.1289 0.1470 -0.9807
vn 0.0432 0.0493 0.9978
vn 0.5916 0.6746 -0.4415
vn 0.5916 0.6746 0.4415
vn 0.0432 0.0493 -0.9978
vn 0.1289 0.1470 0.9807
vn 0.5486 0.6255 -0.5547
vn 0.6245 0.7121 0.3208
vn 0.2123 0.2421 0.9467
vn 0.4962 0.5658 -0.6585
vn 0.6467 0.7375 0.1947
vn 0.2921 0.3331 0.8965
vn 0.4353 0.4963 -0.7511
vn 0.6579 0.7502 0.0653
vn 0.6255 0.5486 0.5547
vn 0.1470 0.1289 -0.9807
vn 0.0493 0.0432 0.9978
vn 0.6746 0.5916 -0.4415
vn 0.6746 0.5916 0.4415
vn 0.0493 0.0432 -0.9978
vn 0.1470 0.1289 0.9807
vn 0.6255 0.5486 -0.5547
vn 0.7121 0.6245 0.3208
vn 0.2421 0.2123 0.9467
vn 0.5658 0.4962 -0.6585
vn 0.7375 0.6467 0.1947
vn 0.3331 0.2921 0.8965
vn 0.4963 0.4353 -0.7511
vn 0.7502 0.6579 0.0653
vn 0.4183 0.3669 0.8309
vn 0.4183 0.3669 -0.8309
vn 0.7502 0.6579 -0.0653
vn 0.4963 0.4353 0.7511
vn 0.3331 0.2921 -0.8965
vn 0.7375 0.6467 -0.1947
vn 0.5658 0.4962 0.6585
vn 0.2421 0.2123 -0.9467
vn 0.7121 0.6245 -0.3208
vn 0.6257 0.4181 -0.6585
vn 0.8156 0.5449 0.1947
vn 0.3684 0.2461 0.8965
vn 0.5489 0.3668 -0.7511
vn 0.8297 0.5544 0.0653
vn 0.4626 0.3091 0.8309
vn 0.4626 0.3091 -0.8309
vn 0.8297 0.5544 -0.0653
vn 0.5489 0.3668 0.7511
vn 0.3684 0.2461 -0.8965
vn 0.8156 0.5449 -0.1947
vn 0.6257 0.4181 0.6585
vn 0.2678 0.1789 -0.9467
vn 0.7875 0.5262 -0.3208
vn 0.6918 0.4622 0.5547
vn 0.1625 0.1086 -0.9807
vn 0.0545 0.0364 0.9978
vn 0.7460 0.4985 -0.4415
vn 0.7460 0.4985 0.4415
vn 0.0545 0.0364 -0.9978
vn 0.1625 0.1086 0.9807
vn 0.6918 0.4622 -0.5547
vn 0.7875 0.5262 0.3208
vn 0.2678 0.1789 0.9467
vn 0.5921 0.2920 0.7511
vn 0.3974 0.1960 -0.8965
vn 0.8797 0.4338 -0.1947
vn 0.6749 0.3328 0.6585
vn 0.2888 0.1424 -0.9467
vn 0.8495 0.4189 -0.3208
vn 0.7462 0.3680 0.5547
vn 0.1753 0.0865 -0.9807
vn 0.0588 0.0290 0.9978
vn 0.8047 0.3968 -0.4415
vn 0.8047 0.3968 0.4415
vn 0.0588 0.0290 -0.9978
vn 0.1753 0.0865 0.9807
vn 0.7462 0.3680 -0.5547
vn 0.8495 0.4189 0.3208
vn 0.2888 0.1424 0.9467
vn 0.6749 0.3328 -0.6585
vn 0.8797 0.4338 0.1947
vn 0.3974 0.1960 0.8965
vn 0.5921 0.2920 -0.7511
vn 0.8950 0.4413 0.0653
vn 0.4990 0.2461 0.8309
vn 0.4990 0.2461 -0.8309
vn 0.8950 0.4413 -0.0653
vn 0.8496 0.2884 0.4415
vn 0.0621 0.0211 -0.9978
vn 0.1851 0.0628 0.9807
vn 0.7879 0.2674 -0.5547
vn 0.8969 0.3044 0.3208
vn 0.3050 0.1035 0.9467
vn 0.7126 0.2419 -0.6585
vn 0.9288 0.3153 0.1947
vn 0.4195 0.1424 0.8965
vn 0.6251 0.2122 -0.7511
vn 0.9449 0.3208 0.0653
vn 0.5269 0.1788 0.8309
vn 0.5269 0.1788 -0.8309
vn 0.9449 0.3208 -0.0653
vn 0.6251 0.2122 0.7511
vn 0.4195 0.1424 -0.8965
vn 0.9288 0.3153 -0.1947
vn 0.7126 0.2419 0.6585
vn 0.3050 0.1035 -0.9467
vn 0.8969 0.3044 -0.3208
vn 0.7879 0.2674 0.5547
vn 0.1851 0.0628 -0.9807
vn 0.0621 0.0211 0.9978
vn 0.8496 0.2884 -0.4415
vn 0.6475 0.1288 -0.7511
vn 0.9787 0.1947 0.0653
vn 0.5457 0.1085 0.8309
vn 0.5457 0.1085 -0.8309
vn 0.9787 0.1947 -0.0653
vn 0.6475 0.1288 0.7511
vn 0.4345 0.0864 -0.8965
vn 0.9620 0.1914 -0.1947
vn 0.7381 0.1468 0.6585
vn 0.3159 0.0628 -0.9467
vn 0.9289 0.1848 -0.3208
vn 0.8160 0.1623 0.5547
vn 0.1917 0.0381 -0.9807
vn 0.0643 0.0128 0.9978
vn 0.8800 0.1750 -0.4415
vn 0.8800 0.1750 0.4415
vn 0.0643 0.0128 -0.9978
vn 0.1917 0.0381 0.9807
vn 0.8160 0.1623 -0.5547
vn 0.9289 0.1848 0.3208
vn 0.3159 0.0628 0.9467
vn 0.7381 0.1468 -0.6585
vn 0.9620 0.1914 0.1947
vn 0.4345 0.0864 0.8965
vn 0.7509 0.0492 0.6585
vn 0.3214 0.0211 -0.9467
vn 0.9451 0.0619 -0.3208
vn 0.8302 0.0544 0.5547
vn 0.1951 0.0128 -0.9807
vn 0.0654 0.0043 0.9978
vn 0.8953 0.0587 -0.4415
vn 0.8953 0.0587 0.4415
vn 0.0654 0.0043 -0.9978
vn 0.1951 0.0128 0.9807
vn 0.8302 0.0544 -0.5547
vn 0.9451 0.0619 0.3208
vn 0.3214 0.0211 0.9467
vn 0.7509 0.0492 -0.6585
vn 0.9788 0.0642 0.1947
vn 0.4421 0.0290 0.8965
vn 0.6587 0.0432 -0.7511
vn 0.9957 0.0653 0.0653
vn 0.5552 0.0364 0.8309
vn 0.5552 0.0364 -0.8309
vn 0.9957 0.0653 -0.0653
vn 0.6587 0.0432 0.7511
vn 0.4421 0.0290 -0.8965
vn 0.9788 0.0642 -0.1947
vn 0.9451 -0.0619 0.3208
vn 0.3214 -0.0211 0.9467
vn 0.7509 -0.0492 -0.6585
vn 0.9788 -0.0642 0.1947
vn 0.4421 -0.0290 0.8965
vn 0.6587 -0.0432 -0.7511
vn 0.9957 -0.0653 0.0653
vn 0.5552 -0.0364 0.8309
vn 0.5552 -0.0364 -0.8309
vn 0.9957 -0.0653 -0.0653
vn 0.6587 -0.0432 0.7511
vn 0.4421 -0.0290 -0.8965
vn 0.9788 -0.0642 -0.1947
vn 0.7509 -0.0492 0.6585
vn 0.3214 -0.0211 -0.9467
vn 0.9451 -0.0619 -0.3208
vn 0.8302 -0.0544 0.5547
vn 0.1951 -0.0128 -0.9807
vn 0.0654 -0.0043 0.9978
vn 0.8953 -0.0587 -0.4415
vn 0.8953 -0.0587 0.4415
vn 0.0654 -0.0043 -0.9978
vn 0.1951 -0.0128 0.9807
vn 0.8302 -0.0544 -0.5547
vn 0.5457 -0.1085 -0.8309
vn 0.9787 -0.1947 -0.0653
vn 0.6475 -0.1288 0.7511
vn 0.4345 -0.0864 -0.8965
vn 0.9620 -0.1914 -0.1947
vn 0.7381 -0.1468 0.6585
vn 0.3159 -0.0628 -0.9467
vn 0.9289 -0.1848 -0.3208
vn 0.8160 -0.1623 0.5547
vn 0.1917 -0.0381 -0.9807
vn 0.0643 -0.0128 0.9978
vn 0.8800 -0.1750 -0.4415
vn 0.8800 -0.1750 0.4415
vn 0.0643 -0.0128 -0.9978
vn 0.1917 -0.0381 0.9807
vn 0.8160 -0.1623 -0.5547
vn 0.9289 -0.1848 0.3208
vn 0.3159 -0.0628 0.9467
vn 0.7381 -0.1468 -0.6585
vn 0.9620 -0.1914 0.1947
vn 0.4345 -0.0864 0.8965
vn 0.6475 -0.1288 -0.7511
vn 0.9787 -0.1947 0.0653
vn 0.5457 -0.1085 0.8309
vn 0.7879 -0.2674 0.5547
vn 0.1851 -0.0628 -0.9807
vn 0.0621 -0.0211 0.9979
vn 0.8496 -0.2884 -0.4415
vn 0.8496 -0.2884 0.4415
vn 0.0621 -0.0211 -0.9978
vn 0.1851 -0.0628 0.9807
vn 0.7879 -0.2674 -0.5547
vn 0.8969 -0.3044 0.3208
vn 0.3050 -0.1035 0.9467
vn 0.7126 -0.2419 -0.6585
vn 0.9288 -0.3153 0.1947
vn 0.4195 -0.1424 0.8965
vn 0.6251 -0.2122 -0.7511
vn 0.9449 -0.3208 0.0653
vn 0.5269 -0.1788 0.8309
vn 0.5269 -0.1788 -0.8309
vn 0.9449 -0.3208 -0.0653
vn 0.6251 -0.2122 0.7511
vn 0.4195 -0.1424 -0.8965
vn 0.9288 -0.3153 -0.1947
vn 0.7126 -0.2419 0.6585
vn 0.3050 -0.1035 -0.9467
vn 0.8969 -0.3044 -0.3208
vn 0.8797 -0.4338 0.1947
vn 0.3974 -0.1960 0.8965
vn 0.5921 -0.2920 -0.7511
vn 0.8950 -0.4413 0.0653
vn 0.4990 -0.2461 0.8309
vn 0.4990 -0.2461 -0.8309
vn 0.8950 -0.4413 -0.0653
vn 0.5921 -0.2920 0.7511
vn 0.3974 -0.1960 -0.8965
vn 0.8797 -0.4338 -0.1947
vn 0.6749 -0.3328 0.6585
vn 0.2888 -0.1424 -0.9467
vn 0.8495 -0.4189 -0.3208
vn 0.7462 -0.3680 0.5547
vn 0.1753 -0.0865 -0.9807
vn 0.0588 -0.0290 0.9978
vn 0.8047 -0.3968 -0.4415
vn 0.8047 -0.3968 0.4415
vn 0.0588 -0.0290 -0.9978
vn 0.1753 -0.0865 0.9807
vn 0.7462 -0.3680 -0.5547
vn 0.8495 -0.4189 0.3208
vn 0.2888 -0.1424 0.9467
vn 0.6749 -0.3328 -0.6585
vn 0.3684 -0.2461 -0.8965
vn 0.8156 -0.5449 -0.1947
vn 0.6257 -0.4181 0.6585
vn 0.2678 -0.1789 -0.9467
vn 0.7875 -0.5262 -0.3208
vn 0.6918 -0.4622 0.5547
vn 0.1625 -0.1086 -0.9807
vn 0.0545 -0.0364 0.9978
vn 0.7460 -0.4985 -0.4415
vn 0.7460 -0.4985 0.4415
vn 0.0545 -0.0364 -0.9978
vn 0.1625 -0.1086 0.9807
vn 0.6918 -0.4622 -0.5547
vn 0.7875 -0.5262 0.3208
vn 0.2678 -0.1789 0.9467
vn 0.6257 -0.4181 -0.6585
vn 0.8156 -0.5449 0.1947
vn 0.3684 -0.2461 0.8965
vn 0.5489 -0.3668 -0.7511
vn 0.8297 -0.5544 0.0653
vn 0.4626 -0.3091 0.8309
vn 0.4626 -0.3091 -0.8309
vn 0.8297 -0.5544 -0.0653
vn 0.5489 -0.3668 0.7511
vn 0.6746 -0.5916 0.4415
vn 0.0493 -0.0432 -0.9978
vn 0.1470 -0.1289 0.9807
vn 0.6255 -0.5486 -0.5547
vn 0.7121 -0.6245 0.3208
vn 0.2421 -0.2123 0.9467
vn 0.5658 -0.4962 -0.6585
vn 0.7375 -0.6467 0.1947
vn 0.3331 -0.2921 0.8965
vn 0.4963 -0.4353 -0.7511
vn 0.7502 -0.6579 0.0653
vn 0.4183 -0.3669 0.8309
vn 0.4183 -0.3669 -0.8309
vn 0.7502 -0.6579 -0.0653
vn 0.4963 -0.4353 0.7511
vn 0.3331 -0.2921 -0.8965
vn 0.7375 -0.6467 -0.1947
vn 0.5658 -0.4962 0.6585
vn 0.2421 -0.2123 -0.9467
vn 0.7121 -0.6245 -0.3208
vn 0.6255 -0.5486 0.5547
vn 0.1470 -0.1289 -0.9807
vn 0.0493 -0.0432 0.9979
vn 0.6746 -0.5916 -0.4415
vn 0.6579 -0.7502 0.0653
vn 0.3669 -0.4183 0.8309
vn 0.3669 -0.4183 -0.8309
vn 0.6579 -0.7502 -0.0653
vn 0.4353 -0.4963 0.7511
vn 0.2921 -0.3331 -0.8965
vn 0.6467 -0.7375 -0.1947
vn 0.4962 -0.5658 0.6585
vn 0.2123 -0.2421 -0.9467
vn 0.6245 -0.7121 -0.3208
vn 0.5486 -0.6255 0.5547
vn 0.1289 -0.1470 -0.9807
vn 0.0432 -0.0493 0.9978
vn 0.5916 -0.6746 -0.4415
vn 0.5916 -0.6746 0.4415
vn 0.0432 -0.0493 -0.9978
vn 0.1289 -0.1470 0.9807
vn 0.5486 -0.6255 -0.5547
vn 0.6245 -0.7121 0.3208
vn 0.2123 -0.2421 0.9467
vn 0.4962 -0.5658 -0.6585
vn 0.6467 -0.7375 0.1947
vn 0.2921 -0.3331 0.8965
vn 0.4353 -0.4963 -0.7511
vn 0.1789 -0.2678 -0.9467
vn 0.5262 -0.7875 -0.3208
vn 0.4622 -0.6918 0.5547
vn 0.1086 -0.1625 -0.9807
vn 0.0364 -0.0545 0.9978
vn 0.4985 -0.7460 -0.4415
vn 0.4985 -0.7460 0.4415
vn 0.0364 -0.0545 -0.9978
vn 0.1086 -0.1625 0.9807
vn 0.4622 -0.6918 -0.5547
vn 0.5262 -0.7875 0.3208
vn 0.1789 -0.2678 0.9467
vn 0.4181 -0.6257 -0.6585
vn 0.5449 -0.8156 0.1947
vn 0.2461 -0.3684 0.8965
vn 0.3668 -0.5489 -0.7511
vn 0.5544 -0.8297 0.0653
vn 0.3091 -0.4626 0.8309
vn 0.3091 -0.4626 -0.8309
vn 0.5544 -0.8297 -0.0653
vn 0.3668 -0.5489 0.7511
vn 0.2461 -0.3684 -0.8965
vn 0.5449 -0.8156 -0.1947
vn 0.4181 -0.6257 0.6585
vn 0.4189 -0.8495 0.3208
vn 0.1424 -0.2888 0.9467
vn 0.3328 -0.6749 -0.6585
vn 0.4338 -0.8797 0.1947
vn 0.1960 -0.3974 0.8965
vn 0.2920 -0.5921 -0.7511
vn 0.4413 -0.8950 0.0653
vn 0.2461 -0.4990 0.8309
vn 0.2461 -0.4990 -0.8309
vn 0.4413 -0.8950 -0.0653
vn 0.2920 -0.5921 0.7511
vn 0.1960 -0.3974 -0.8965
vn 0.4338 -0.8797 -0.1947
vn 0.3328 -0.6749 0.6585
vn 0.1424 -0.2888 -0.9467
vn 0.4189 -0.8495 -0.3208
vn 0.3680 -0.7462 0.5547
vn 0.0865 -0.1753 -0.9807
vn 0.0290 -0.0588 0.9978
vn 0.3968 -0.8047 -0.4415
vn 0.3968 -0.8047 0.4415
vn 0.0290 -0.0588 -0.9978
vn 0.0865 -0.1753 0.9807
vn 0.3680 -0.7462 -0.5547
vn 0.3208 -0.9449 -0.0653
vn 0.2122 -0.6251 0.7511
vn 0.1424 -0.4195 -0.8965
vn 0.3153 -0.9288 -0.1947
vn 0.2419 -0.7126 0.6585
vn 0.1035 -0.3050 -0.9467
vn 0.3044 -0.8969 -0.3208
vn 0.2674 -0.7879 0.5547
vn 0.0628 -0.1851 -0.9807
vn 0.0211 -0.0621 0.9978
vn 0.2884 -0.8496 -0.4415
vn 0.2884 -0.8496 0.4415
vn 0.0211 -0.0621 -0.9978
vn 0.0628 -0.1851 0.9807
vn 0.2674 -0.7879 -0.5547
vn 0.3044 -0.8969 0.3208
vn 0.1035 -0.3050 0.9467
vn 0.2419 -0.7126 -0.6585
vn 0.3153 -0.9288 0.1947
vn 0.1424 -0.4195 0.8965
vn 0.2122 -0.6251 -0.7511
vn 0.3208 -0.9449 0.0653
vn 0.1788 -0.5269 0.8309
vn 0.1788 -0.5269 -0.8309
vn 0.0381 -0.1917 -0.9807
vn 0.0128 -0.0643 0.9978
vn 0.1750 -0.8800 -0.4415
vn 0.1750 -0.8800 0.4415
vn 0.0128 -0.0643 -0.9978
vn 0.0381 -0.1917 0.9807
vn 0.1623 -0.8160 -0.5547
vn 0.1848 -0.9289 0.3208
vn 0.0628 -0.3159 0.9467
vn 0.1468 -0.7381 -0.6585
vn 0.1914 -0.9620 0.1947
vn 0.0864 -0.4345 0.8965
vn 0.1288 -0.6475 -0.7511
vn 0.1947 -0.9787 0.0653
vn 0.1085 -0.5457 0.8309
vn 0.1085 -0.5457 -0.8309
vn 0.1947 -0.9787 -0.0653
vn 0.1288 -0.6475 0.7511
vn 0.0864 -0.4345 -0.8965
vn 0.1914 -0.9620 -0.1947
vn 0.1468 -0.7381 0.6585
vn 0.0628 -0.3159 -0.9467
vn 0.1848 -0.9289 -0.3208
vn 0.1623 -0.8160 0.5547
vn 0.0642 -0.9788 0.1947
vn 0.0290 -0.4421 0.8965
vn 0.0432 -0.6587 -0.7511
vn 0.0653 -0.9957 0.0653
vn 0.0364 -0.5552 0.8309
vn 0.0364 -0.5552 -0.8309
vn 0.0653 -0.9957 -0.0653
vn 0.0432 -0.6587 0.7511
vn 0.0290 -0.4421 -0.8965
vn 0.0642 -0.9788 -0.1947
vn 0.0492 -0.7509 0.6585
vn 0.0211 -0.3214 -0.9467
vn 0.0619 -0.9451 -0.3208
vn 0.0544 -0.8302 0.5547
vn 0.0128 -0.1951 -0.9807
vn 0.0043 -0.0654 0.9978
vn 0.0587 -0.8953 -0.4415
vn 0.0587 -0.8953 0.4415
vn 0.0043 -0.0654 -0.9978
vn 0.0128 -0.1951 0.9807
vn 0.0544 -0.8302 -0.5547
vn 0.0619 -0.9451 0.3208
vn 0.0211 -0.3214 0.9467
vn 0.0492 -0.7509 -0.6585
vn -0.0642 -0.9788 -0.1947
vn -0.0492 -0.7509 0.6585
vn -0.0211 -0.3214 -0.9467
vn -0.0619 -0.9451 -0.3208
vn -0.0544 -0.8302 0.5547
vn -0.0128 -0.1951 -0.9807
vn -0.0043 -0.0654 0.9978
vn -0.0587 -0.8953 -0.4415
vn -0.0587 -0.8953 0.4415
vn -0.0043 -0.0654 -0.9978
vn -0.0128 -0.1951 0.9807
vn -0.0544 -0.8302 -0.5547
vn -0.0619 -0.9451 0.3208
vn -0.0211 -0.3214 0.9467
vn -0.0492 -0.7509 -0.6585
vn -0.0642 -0.9788 0.1947
vn -0.0290 -0.4421 0.8965
vn -0.0432 -0.6587 -0.7511
vn -0.0653 -0.9957 0.0653
vn -0.0364 -0.5552 0.8309
vn -0.0364 -0.5552 -0.8309
vn -0.0653 -0.9957 -0.0653
vn -0.0432 -0.6587 0.7511
vn -0.0290 -0.4421 -0.8965
vn -0.0128 -0.0643 -0.9978
vn -0.0381 -0.1917 0.9807
vn -0.1623 -0.8160 -0.5547
vn -0.1848 -0.9289 0.3208
vn -0.0628 -0.3159 0.9467
vn -0.1468 -0.7381 -0.6585
vn -0.1914 -0.9620 0.1947
vn -0.0864 -0.4345 0.8965
vn -0.1288 -0.6475 -0.7511
vn -0.1947 -0.9787 0.0653
vn -0.1085 -0.5457 0.8309
vn -0.1085 -0.5457 -0.8309
vn -0.1947 -0.9787 -0.0653
vn -0.1288 -0.6475 0.7511
vn -0.0864 -0.4345 -0.8965
vn -0.1914 -0.9620 -0.1947
vn -0.1468 -0.7381 0.6585
vn -0.0628 -0.3159 -0.9467
vn -0.1848 -0.9289 -0.3208
vn -0.1623 -0.8160 0.5547
vn -0.0381 -0.1917 -0.9807
vn -0.0128 -0.0643 0.9978
vn -0.1750 -0.8800 -0.4415
vn -0.1750 -0.8800 0.4415
vn -0.3208 -0.9449 0.0653
vn -0.1788 -0.5269 0.8309
vn -0.1788 -0.5269 -0.8309
vn -0.3208 -0.9449 -0.0653
vn -0.2122 -0.6251 0.7511
vn -0.1424 -0.4195 -0.8965
vn -0.3153 -0.9288 -0.1947
vn -0.2419 -0.7126 0.6585
vn -0.1035 -0.3050 -0.9467
vn -0.3044 -0.8969 -0.3208
vn -0.2674 -0.7879 0.5547
vn -0.0628 -0.1851 -0.9807
vn -0.0211 -0.0621 0.9978
vn -0.2884 -0.8496 -0.4415
vn -0.2884 -0.8496 0.4415
vn -0.0211 -0.0621 -0.9978
vn -0.0628 -0.1851 0.9807
vn -0.2674 -0.7879 -0.5547
vn -0.3044 -0.8969 0.3208
vn -0.1035 -0.3050 0.9467
vn -0.2419 -0.7126 -0.6585
vn -0.3153 -0.9288 0.1947
vn -0.1424 -0.4195 0.8965
vn -0.2122 -0.6251 -0.7511
vn -0.4189 -0.8495 -0.3208
vn -0.3680 -0.7462 0.5547
vn -0.0865 -0.1753 -0.9807
vn -0.0290 -0.0588 0.9978
vn -0.3968 -0.8047 -0.4415
vn -0.3968 -0.8047 0.4415
vn -0.0290 -0.0588 -0.9978
vn -0.0865 -0.1753 0.9807
vn -0.3680 -0.7462 -0.5547
vn -0.4189 -0.8495 0.3208
vn -0.1424 -0.2888 0.9467
vn -0.3328 -0.6749 -0.6585
vn -0.4338 -0.8797 0.1947
vn -0.1960 -0.3974 0.8965
vn -0.2920 -0.5921 -0.7511
vn -0.4413 -0.8950 0.0653
vn -0.2461 -0.4990 0.8309
vn -0.2461 -0.4990 -0.8309
vn -0.4413 -0.8950 -0.0653
vn -0.2920 -0.5921 0.7511
vn -0.1960 -0.3974 -0.8965
vn -0.4338 -0.8797 -0.1947
vn -0.3328 -0.6749 0.6585
vn -0.1424 -0.2888 -0.9467
vn -0.1789 -0.2678 0.9467
vn -0.4181 -0.6257 -0.6585
vn -0.5449 -0.8156 0.1947
vn -0.2461 -0.3684 0.8965
vn -0.3668 -0.5489 -0.7511
vn -0.5544 -0.8297 0.0653
vn -0.3091 -0.4626 0.8309
vn -0.3091 -0.4626 -0.8309
vn -0.5544 -0.8297 -0.0653
vn -0.3668 -0.5489 0.7511
vn -0.2461 -0.3684 -0.8965
vn -0.5449 -0.8156 -0.1947
vn -0.4181 -0.6257 0.6585
vn -0.1789 -0.2678 -0.9467
vn -0.5262 -0.7875 -0.3208
vn -0.4622 -0.6918 0.5547
vn -0.1086 -0.1625 -0.9807
vn -0.0364 -0.0545 0.9979
vn -0.4985 -0.7460 -0.4415
vn -0.4985 -0.7460 0.4415
vn -0.0364 -0.0545 -0.9978
vn -0.1086 -0.1625 0.9807
vn -0.4622 -0.6918 -0.5547
vn -0.5262 -0.7875 0.3208
vn -0.6579 -0.7502 -0.0653
vn -0.4353 -0.4963 0.7511
vn -0.2921 -0.3331 -0.8965
vn -0.6467 -0.7375 -0.1947
vn -0.4962 -0.5658 0.6585
vn -0.2123 -0.2421 -0.9467
vn -0.6245 -0.7121 -0.3208
vn -0.5486 -0.6255 0.5547
vn -0.1289 -0.1470 -0.9807
vn -0.0432 -0.0493 0.9979
vn -0.5916 -0.6746 -0.4415
vn -0.5916 -0.6746 0.4415
vn -0.0432 -0.0493 -0.9979
vn -0.1289 -0.1470 0.9807
vn -0.5486 -0.6255 -0.5547
vn -0.6245 -0.7121 0.3208
vn -0.2123 -0.2421 0.9467
vn -0.4962 -0.5658 -0.6585
vn -0.6467 -0.7375 0.1947
vn -0.2921 -0.3331 0.8965
vn -0.4353 -0.4963 -0.7511
vn -0.6579 -0.7502 0.0653
vn -0.3669 -0.4183 0.8309
vn -0.3669 -0.4183 -0.8309
vn -0.0493 -0.0432 0.9978
vn -0.6746 -0.5916 -0.4415
vn -0.6746 -0.5916 0.4415
vn -0.0493 -0.0432 -0.9978
vn -0.1470 -0.1289 0.9807
vn -0.6255 -0.5486 -0.5547
vn -0.7121 -0.6245 0.3208
vn -0.2421 -0.2123 0.9467
vn -0.5658 -0.4962 -0.6585
vn -0.7375 -0.6467 0.1947
vn -0.3331 -0.2921 0.8965
vn -0.4963 -0.4353 -0.7511
vn -0.7502 -0.6579 0.0653
vn -0.4183 -0.3669 0.8309
vn -0.4183 -0.3669 -0.8309
vn -0.7502 -0.6579 -0.0653
vn -0.4963 -0.4353 0.7511
vn -0.3331 -0.2921 -0.8965
vn -0.7375 -0.6467 -0.1947
vn -0.5658 -0.4962 0.6585
vn -0.2421 -0.2123 -0.9467
vn -0.7121 -0.6245 -0.3208
vn -0.6255 -0.5486 0.5547
vn -0.1470 -0.1289 -0.9807
vn -0.3684 -0.2461 0.8965
vn -0.5489 -0.3668 -0.7511
vn -0.8297 -0.5544 0.0653
vn -0.4626 -0.3091 0.8309
vn -0.4626 -0.3091 -0.8309
vn -0.8297 -0.5544 -0.0653
vn -0.5489 -0.3668 0.7511
vn -0.3684 -0.2461 -0.8965
vn -0.8156 -0.5449 -0.1947
vn -0.6257 -0.4181 0.6585
vn -0.2678 -0.1789 -0.9467
vn -0.7875 -0.5262 -0.3208
vn -0.6918 -0.4622 0.5547
vn -0.1625 -0.1086 -0.9807
vn -0.0545 -0.0364 0.9978
vn -0.7460 -0.4985 -0.4415
vn -0.7460 -0.4985 0.4415
vn -0.0545 -0.0364 -0.9978
vn -0.1625 -0.1086 0.9807
vn -0.6918 -0.4622 -0.5547
vn -0.7875 -0.5262 0.3208
vn -0.2678 -0.1789 0.9467
vn -0.6257 -0.4181 -0.6585
vn -0.8156 -0.5449 0.1947
vn -0.8797 -0.4338 -0.1947
vn -0.6749 -0.3328 0.6585
vn -0.2888 -0.1424 -0.9467
vn -0.8495 -0.4189 -0.3208
vn -0.7462 -0.3680 0.5547
vn -0.1753 -0.0865 -0.9807
vn -0.0588 -0.0290 0.9978
vn -0.8047 -0.3968 -0.4415
vn -0.8047 -0.3968 0.4415
vn -0.0588 -0.0290 -0.9978
vn -0.1753 -0.0865 0.9807
vn -0.7462 -0.3680 -0.5547
vn -0.8495 -0.4189 0.3208
vn -0.2888 -0.1424 0.9467
vn -0.6749 -0.3328 -0.6585
vn -0.8797 -0.4338 0.1947
vn -0.3974 -0.1960 0.8965
vn -0.5921 -0.2920 -0.7511
vn -0.8950 -0.4413 0.0653
vn -0.4990 -0.2461 0.8309
vn -0.4990 -0.2461 -0.8309
vn -0.8950 -0.4413 -0.0653
vn -0.5921 -0.2920 0.7511
vn -0.3974 -0.1960 -0.8965
vn -0.1851 -0.0628 0.9807
vn -0.7879 -0.2674 -0.5547
vn -0.8969 -0.3044 0.3208
vn -0.3050 -0.1035 0.9467
vn -0.7126 -0.2419 -0.6585
vn -0.9288 -0.3153 0.1947
vn -0.4195 -0.1424 0.8965
vn -0.6251 -0.2122 -0.7511
vn -0.9449 -0.3208 0.0653
vn -0.5269 -0.1788 0.8309
vn -0.5269 -0.1788 -0.8309
vn -0.9449 -0.3208 -0.0653
vn -0.6251 -0.2122 0.7511
vn -0.4195 -0.1424 -0.8965
vn -0.9288 -0.3153 -0.1947
vn -0.7126 -0.2419 0.6585
vn -0.3050 -0.1035 -0.9467
vn -0.8969 -0.3044 -0.3208
vn -0.7879 -0.2674 0.5547
vn -0.1851 -0.0628 -0.9807
vn -0.0621 -0.0211 0.9978
vn -0.8496 -0.2884 -0.4415
vn -0.8496 -0.2884 0.4415
vn -0.0621 -0.0211 -0.9978
vn -0.7381 -0.1468 -0.6585
vn -0.9620 -0.1914 0.1947
vn -0.4345 -0.0864 0.8965
vn -0.6475 -0.1288 -0.7511
vn -0.9787 -0.1947 0.0653
vn -0.5457 -0.1085 0.8309
vn -0.5457 -0.1085 -0.8309
vn -0.9787 -0.1947 -0.0653
vn -0.6475 -0.1288 0.7511
vn -0.4345 -0.0864 -0.8965
vn -0.9620 -0.1914 -0.1947
vn -0.7381 -0.1468 0.6585
vn -0.3159 -0.0628 -0.9467
vn -0.9289 -0.1848 -0.3208
vn -0.8160 -0.1623 0.5547
vn -0.1917 -0.0381 -0.9807
vn -0.0643 -0.0128 0.9978
vn -0.8800 -0.1750 -0.4415
vn -0.8800 -0.1750 0.4415
vn -0.0643 -0.0128 -0.9978
vn -0.1917 -0.0381 0.9807
vn -0.8160 -0.1623 -0.5547
vn -0.9289 -0.1848 0.3208
vn -0.3159 -0.0628 0.9467
vn -0.6587 -0.0432 0.7511
vn -0.4421 -0.0290 -0.8965
vn -0.9788 -0.0642 -0.1947
vn -0.7509 -0.0492 0.6585
vn -0.3214 -0.0211 -0.9467
vn -0.9451 -0.0619 -0.3208
vn -0.8302 -0.0544 0.5547
vn -0.1951 -0.0128 -0.9807
vn -0.0654 -0.0043 0.9978
vn -0.8953 -0.0587 -0.4415
vn -0.8953 -0.0587 0.4415
vn -0.0654 -0.0043 -0.9978
vn -0.1951 -0.0128 0.9807
vn -0.8302 -0.0544 -0.5547
vn -0.9451 -0.0619 0.3208
vn -0.3214 -0.0211 0.9467
vn -0.7509 -0.0492 -0.6585
vn -0.9788 -0.0642 0.1947
vn -0.4421 -0.0290 0.8965
vn -0.6587 -0.0432 -0.7511
vn -0.9957 -0.0653 0.0653
vn -0.5552 -0.0364 0.8309
vn -0.5552 -0.0364 -0.8309
vn -0.9957 -0.0653 -0.0653
vn -0.8953 0.0587 0.4415
vn -0.0654 0.0043 -0.9978
vn -0.1951 0.0128 0.9807
vn -0.8302 0.0544 -0.5547
vn -0.9451 0.0619 0.3208
vn -0.3214 0.0211 0.9467
vn -0.7509 0.0492 -0.6585
vn -0.9788 0.0642 0.1947
vn -0.4421 0.0290 0.8965
vn -0.6587 0.0432 -0.7511
vn -0.9957 0.0653 0.0653
vn -0.5552 0.0364 0.8309
vn -0.5552 0.0364 -0.8309
vn -0.9957 0.0653 -0.0653
vn -0.6587 0.0432 0.7511
vn -0.4421 0.0290 -0.8965
vn -0.9788 0.0642 -0.1947
vn -0.7509 0.0492 0.6585
vn -0.3214 0.0211 -0.9467
vn -0.9451 0.0619 -0.3208
vn -0.8302 0.0544 0.5547
vn -0.1951 0.0128 -0.9807
vn -0.0654 0.0043 0.9978
vn -0.8953 0.0587 -0.4415
vn -0.6475 0.1288 -0.7511
vn -0.9787 0.1947 0.0653
vn -0.5457 0.1085 0.8309
vn -0.5457 0.1085 -0.8309
vn -0.9787 0.1947 -0.0653
vn -0.6475 0.1288 0.7511
vn -0.4345 0.0864 -0.8965
vn -0.9620 0.1914 -0.1947
vn -0.7381 0.1468 0.6585
vn -0.3159 0.0628 -0.9467
vn -0.9289 0.1848 -0.3208
vn -0.8160 0.1623 0.5547
vn -0.1917 0.0381 -0.9807
vn -0.0643 0.0128 0.9978
vn -0.8800 0.1750 -0.4415
vn -0.8800 0.1750 0.4415
vn -0.0643 0.0128 -0.9978
vn -0.1917 0.0381 0.9807
vn -0.8160 0.1623 -0.5547
vn -0.9289 0.1848 0.3208
vn -0.3159 0.0628 0.9467
vn -0.7381 0.1468 -0.6585
vn -0.9620 0.1914 0.1947
vn -0.4345 0.0864 0.8965
vn -0.7126 0.2419 0.6585
vn -0.3050 0.1035 -0.9467
vn -0.8969 0.3044 -0.3208
vn -0.7879 0.2674 0.5547
vn -0.1851 0.0628 -0.9807
vn -0.0621 0.0211 0.9978
vn -0.8496 0.2884 -0.4415
vn -0.8496 0.2884 0.4415
vn -0.0621 0.0211 -0.9978
vn -0.1851 0.0628 0.9807
vn -0.7879 0.2674 -0.5547
vn -0.8969 0.3044 0.3208
vn -0.3050 0.1035 0.9467
vn -0.7126 0.2419 -0.6585
vn -0.9288 0.3153 0.1947
vn -0.4195 0.1424 0.8965
vn -0.6251 0.2122 -0.7511
vn -0.9449 0.3208 0.0653
vn -0.5269 0.1788 0.8309
vn -0.5269 0.1788 -0.8309
vn -0.9449 0.3208 -0.0653
vn -0.6251 0.2122 0.7511
vn -0.4195 0.1424 -0.8965
vn -0.9288 0.3153 -0.1947
vn -0.8495 0.4189 0.3208
vn -0.2888 0.1424 0.9467
vn -0.6749 0.3328 -0.6585
vn -0.8797 0.4338 0.1947
vn -0.3974 0.1960 0.8965
vn -0.5921 0.2920 -0.7511
vn -0.8950 0.4413 0.0653
vn -0.4990 0.2461 0.8309
vn -0.4990 0.2461 -0.8309
vn -0.8950 0.4413 -0.0653
vn -0.5921 0.2920 0.7511
vn -0.3974 0.1960 -0.8965
vn -0.8797 0.4338 -0.1947
vn -0.6749 0.3328 0.6585
vn -0.2888 0.1424 -0.9467
vn -0.8495 0.4189 -0.3208
vn -0.7462 0.3680 0.5547
vn -0.1753 0.0865 -0.9807
vn -0.0588 0.0290 0.9978
vn -0.8047 0.3968 -0.4415
vn -0.8047 0.3968 0.4415
vn -0.0588 0.0290 -0.9978
vn -0.1753 0.0865 0.9807
vn -0.7462 0.3680 -0.5547
vn -0.4626 0.3091 -0.8309
vn -0.8297 0.5544 -0.0653
vn -0.5489 0.3668 0.7511
vn -0.3684 0.2461 -0.8965
vn -0.8156 0.5449 -0.1947
vn -0.6257 0.4181 0.6585
vn -0.2678 0.1789 -0.9467
vn -0.7875 0.5262 -0.3208
vn -0.6918 0.4622 0.5547
vn -0.1625 0.1086 -0.9807
vn -0.0545 0.0364 0.9978
vn -0.7460 0.4985 -0.4415
vn -0.7460 0.4985 0.4415
vn -0.0545 0.0364 -0.9978
vn -0.1625 0.1086 0.9807
vn -0.6918 0.4622 -0.5547
vn -0.7875 0.5262 0.3208
vn -0.2678 0.1789 0.9467
vn -0.6257 0.4181 -0.6585
vn -0.8156 0.5449 0.1947
vn -0.3684 0.2461 0.8965
vn -0.5489 0.3668 -0.7511
vn -0.8297 0.5544 0.0653
vn -0.4626 0.3091 0.8309
vn -0.6255 0.5486 0.5547
vn -0.1470 0.1289 -0.9807
vn -0.0493 0.0432 0.9978
vn -0.6746 0.5916 -0.4415
vn -0.6746 0.5916 0.4415
vn -0.0493 0.0432 -0.9978
vn -0.1470 0.1289 0.9807
vn -0.6255 0.5486 -0.5547
vn -0.7121 0.6245 0.3208
vn -0.2421 0.2123 0.9467
vn -0.5658 0.4962 -0.6585
vn -0.7375 0.6467 0.1947
vn -0.3331 0.2921 0.8965
vn -0.4963 0.4353 -0.7511
vn -0.7502 0.6579 0.0653
vn -0.4183 0.3669 0.8309
vn -0.4183 0.3669 -0.8309
vn -0.7502 0.6579 -0.0653
vn -0.4963 0.4353 0.7511
vn -0.3331 0.2921 -0.8965
vn -0.7375 0.6467 -0.1947
vn -0.5658 0.4962 0.6585
vn -0.2421 0.2123 -0.9467
vn -0.7121 0.6245 -0.3208
vn -0.6467 0.7375 0.1947
vn -0.2921 0.3331 0.8965
vn -0.4353 0.4963 -0.7511
vn -0.6579 0.7502 0.0653
vn -0.3669 0.4183 0.8309
vn -0.3669 0.4183 -0.8309
vn -0.6579 0.7502 -0.0653
vn -0.4353 0.4963 0.7511
vn -0.2921 0.3331 -0.8965
vn -0.6467 0.7375 -0.1947
vn -0.4962 0.5658 0.6585
vn -0.2123 0.2421 -0.9467
vn -0.6245 0.7121 -0.3208
vn -0.5486 0.6255 0.5547
vn -0.1289 0.1470 -0.9807
vn -0.0432 0.0493 0.9978
vn -0.5916 0.6746 -0.4415
vn -0.5916 0.6746 0.4415
vn -0.0432 0.0493 -0.9978
vn -0.1289 0.1470 0.9807
vn -0.5486 0.6255 -0.5547
vn -0.6245 0.7121 0.3208
vn -0.2123 0.2421 0.9467
vn -0.4962 0.5658 -0.6585
vn -0.2461 0.3684 -0.8965
vn -0.5449 0.8156 -0.1947
vn -0.4181 0.6257 0.6585
vn -0.1789 0.2678 -0.9467
vn -0.5262 0.7875 -0.3208
vn -0.4622 0.6918 0.5547
vn -0.1086 0.1625 -0.9807
vn -0.0364 0.0545 0.9978
vn -0.4985 0.7460 -0.4415
vn -0.4985 0.7460 0.4415
vn -0.0364 0.0545 -0.9978
vn -0.1086 0.1625 0.9807
vn -0.4622 0.6918 -0.5547
vn -0.5262 0.7875 0.3208
vn -0.1789 0.2678 0.9467
vn -0.4181 0.6257 -0.6585
vn -0.5449 0.8156 0.1947
vn -0.2461 0.3684 0.8965
vn -0.3668 0.5489 -0.7511
vn -0.5544 0.8297 0.0653
vn -0.3091 0.4626 0.8309
vn -0.3091 0.4626 -0.8309
vn -0.5544 0.8297 -0.0653
vn -0.3668 0.5489 0.7511
vn -0.3968 0.8047 0.4415
vn -0.0290 0.0588 -0.9978
vn -0.0865 0.1753 0.9807
vn -0.3680 0.7462 -0.5547
vn -0.4189 0.8495 0.3208
vn -0.1424 0.2888 0.9467
vn -0.3328 0.6749 -0.6585
vn -0.4338 0.8797 0.1947
vn -0.1960 0.3974 0.8965
vn -0.2920 0.5921 -0.7511
vn -0.4413 0.8950 0.0653
vn -0.2461 0.4990 0.8309
vn -0.2461 0.4990 -0.8309
vn -0.4413 0.8950 -0.0653
vn -0.2920 0.5921 0.7511
vn -0.1960 0.3974 -0.8965
vn -0.4338 0.8797 -0.1947
vn -0.3328 0.6749 0.6585
vn -0.1424 0.2888 -0.9467
vn -0.4189 0.8495 -0.3208
vn -0.3680 0.7462 0.5547
vn -0.0865 0.1753 -0.9807
vn -0.0290 0.0588 0.9978
vn -0.3968 0.8047 -0.4415
vn -0.3208 0.9449 0.0653
vn -0.1788 0.5269 0.8309
vn -0.1788 0.5269 -0.8309
vn -0.3208 0.9449 -0.0653
vn -0.2122 0.6251 0.7511
vn -0.1424 0.4195 -0.8965
vn -0.3153 0.9288 -0.1947
vn -0.2419 0.7126 0.6585
vn -0.1035 0.3050 -0.9467
vn -0.3044 0.8969 -0.3208
vn -0.2674 0.7879 0.5547
vn -0.0628 0.1851 -0.9807
vn -0.0211 0.0621 0.9978
vn -0.2884 0.8496 -0.4415
vn -0.2884 0.8496 0.4415
vn -0.0211 0.0621 -0.9978
vn -0.0628 0.1851 0.9807
vn -0.2674 0.7879 -0.5547
vn -0.3044 0.8969 0.3208
vn -0.1035 0.3050 0.9467
vn -0.2419 0.7126 -0.6585
vn -0.3153 0.9288 0.1947
vn -0.1424 0.4195 0.8965
vn -0.2122 0.6251 -0.7511
vn -0.0628 0.3159 -0.9467
vn -0.1848 0.9289 -0.3208
vn -0.1623 0.8160 0.5547
vn -0.0381 0.1917 -0.9807
vn -0.0128 0.0643 0.9978
vn -0.1750 0.8800 -0.4415
vn -0.1750 0.8800 0.4415
vn -0.0128 0.0643 -0.9978
vn -0.0381 0.1917 0.9807
vn -0.1623 0.8160 -0.5547
vn -0.1848 0.9289 0.3208
vn -0.0628 0.3159 0.9467
vn -0.1468 0.7381 -0.6585
vn -0.1914 0.9620 0.1947
vn -0.0864 0.4345 0.8965
vn -0.1288 0.6475 -0.7511
vn -0.1947 0.9787 0.0653
vn -0.1085 0.5457 0.8309
vn -0.1085 0.5457 -0.8309
vn -0.1947 0.9787 -0.0653
vn -0.1288 0.6475 0.7511
vn -0.0864 0.4345 -0.8965
vn -0.1914 0.9620 -0.1947
vn -0.1468 0.7381 0.6585
vn -0.0619 0.9451 0.3208
vn -0.0211 0.3214 0.9467
vn -0.0492 0.7509 -0.6586
vn -0.0641 0.9788 0.1947
vn -0.0290 0.4421 0.8965
vn -0.0432 0.6587 -0.7511
vn -0.0653 0.9957 0.0653
vn -0.0364 0.5552 0.8309
vn -0.0364 0.5552 -0.8309
vn -0.0653 0.9957 -0.0653
vn -0.0432 0.6587 0.7511
vn -0.0290 0.4421 -0.8965
vn -0.0641 0.9788 -0.1947
vn -0.0492 0.7509 0.6585
vn -0.0211 0.3214 -0.9467
vn -0.0619 0.9451 -0.3208
vn -0.0544 0.8302 0.5547
vn -0.0128 0.1951 -0.9807
vn -0.0043 0.0654 0.9978
vn -0.0587 0.8953 -0.4415
vn -0.0587 0.8953 0.4415
vn -0.0043 0.0654 -0.9978
vn -0.0128 0.1951 0.9807
vn -0.0544 0.8302 -0.5547
vn 0.4417 0.8969 -0.0231
vn 0.8956 0.4423 -0.0469
vn -0.7508 -0.6593 0.0393
vn -0.5548 0.8315 0.0291
vn 0.0523 -0.0000 0.9986
vn -0.0523 -0.0000 -0.9986
vn 0.0490 0.9988 -0.0026
vn 0.1465 0.9892 -0.0077
vn 0.2426 0.9700 -0.0127
vn 0.3364 0.9415 -0.0176
vn 0.4270 0.9040 -0.0224
vn 0.5134 0.8577 -0.0269
vn 0.5949 0.8032 -0.0312
vn 0.6706 0.7410 -0.0351
vn 0.7399 0.6716 -0.0388
vn 0.8021 0.5957 -0.0420
vn 0.8566 0.5141 -0.0449
vn 0.9028 0.4276 -0.0473
vn 0.9403 0.3369 -0.0493
vn 0.9687 0.2430 -0.0508
vn 0.9878 0.1467 -0.0518
vn 0.9974 0.0491 -0.0523
vn 0.9974 -0.0491 -0.0523
vn 0.9878 -0.1467 -0.0518
vn 0.9687 -0.2430 -0.0508
vn 0.9403 -0.3369 -0.0493
vn 0.9028 -0.4276 -0.0473
vn 0.8566 -0.5141 -0.0449
vn 0.8021 -0.5957 -0.0420
vn 0.7399 -0.6716 -0.0388
vn 0.6706 -0.7410 -0.0351
vn 0.5949 -0.8032 -0.0312
vn 0.5134 -0.8577 -0.0269
vn 0.4270 -0.9040 -0.0224
vn 0.3364 -0.9415 -0.0176
vn 0.2426 -0.9700 -0.0127
vn 0.1465 -0.9892 -0.0077
vn 0.0490 -0.9988 -0.0026
vn -0.0490 -0.9988 0.0026
vn -0.1465 -0.9892 0.0077
vn -0.2426 -0.9700 0.0127
vn -0.3364 -0.9415 0.0176
vn -0.4270 -0.9040 0.0224
vn -0.5134 -0.8577 0.0269
vn -0.5949 -0.8032 0.0312
vn -0.6706 -0.7410 0.0351
vn -0.7399 -0.6716 0.0388
vn -0.8021 -0.5957 0.0420
vn -0.8566 -0.5141 0.0449
vn -0.9028 -0.4276 0.0473
vn -0.9403 -0.3369 0.0493
vn -0.9687 -0.2430 0.0508
vn -0.9878 -0.1467 0.0518
vn -0.9974 -0.0491 0.0523
vn -0.9974 0.0491 0.0523
vn -0.9878 0.1467 0.0518
vn -0.9687 0.2430 0.0508
vn -0.9403 0.3369 0.0493
vn -0.9028 0.4276 0.0473
vn -0.8566 0.5141 0.0449
vn -0.8021 0.5957 0.0420
vn -0.7399 0.6716 0.0388
vn -0.6706 0.7410 0.0351
vn -0.5949 0.8032 0.0312
vn -0.5134 0.8577 0.0269
vn -0.4270 0.9040 0.0224
vn -0.3364 0.9415 0.0176
vn -0.2426 0.9700 0.0127
vn -0.1465 0.9892 0.0077
vn -0.0490 0.9988 0.0026
vn 0.6706 -0.7409 -0.0351
vn 0.8956 -0.1805 0.4065
vn -0.5548 -0.4409 0.7055
vn 0.0523 -0.8648 -0.4993
vn -0.0523 0.8648 0.4993
vn 0.0490 -0.4972 0.8663
vn 0.1465 -0.4879 0.8605
vn 0.2426 -0.4740 0.8464
vn 0.3364 -0.4555 0.8242
vn 0.4270 -0.4326 0.7941
vn 0.5134 -0.4056 0.7563
vn 0.5949 -0.3746 0.7112
vn 0.6706 -0.3400 0.6593
vn 0.7399 -0.3022 0.6010
vn 0.8021 -0.2614 0.5369
vn 0.8566 -0.2182 0.4677
vn 0.9028 -0.1728 0.3939
vn 0.9403 -0.1258 0.3164
vn 0.9687 -0.0775 0.2358
vn 0.9878 -0.0285 0.1530
vn 0.9974 0.0207 0.0686
vn 0.9974 0.0698 -0.0164
vn 0.9878 0.1182 -0.1012
vn 0.9687 0.1655 -0.1850
vn 0.9403 0.2111 -0.2671
vn 0.9028 0.2548 -0.3466
vn 0.8566 0.2959 -0.4228
vn 0.8021 0.3343 -0.4949
vn 0.7399 0.3694 -0.5622
vn 0.6706 0.4009 -0.6241
vn 0.5949 0.4286 -0.6800
vn 0.5134 0.4522 -0.7294
vn 0.4270 0.4714 -0.7717
vn 0.3364 0.4860 -0.8066
vn 0.2426 0.4960 -0.8337
vn 0.1465 0.5012 -0.8528
vn 0.0490 0.5016 -0.8637
vn -0.0490 0.4972 -0.8663
vn -0.1465 0.4879 -0.8605
vn -0.2426 0.4740 -0.8464
vn -0.3364 0.4555 -0.8242
vn -0.4270 0.4326 -0.7941
vn -0.5134 0.4056 -0.7563
vn -0.5949 0.3746 -0.7112
vn -0.6706 0.3400 -0.6593
vn -0.7399 0.3022 -0.6010
vn -0.8021 0.2614 -0.5369
vn -0.8566 0.2182 -0.4677
vn -0.9028 0.1728 -0.3939
vn -0.9403 0.1258 -0.3164
vn -0.9687 0.0775 -0.2358
vn -0.9878 0.0285 -0.1530
vn -0.9974 -0.0207 -0.0686
vn -0.9974 -0.0698 0.0164
vn -0.9878 -0.1182 0.1012
vn -0.9687 -0.1655 0.1850
vn -0.9403 -0.2111 0.2671
vn -0.9028 -0.2548 0.3466
vn -0.8566 -0.2959 0.4228
vn -0.8021 -0.3343 0.4949
vn -0.7399 -0.3694 0.5622
vn -0.6706 -0.4009 0.6241
vn -0.5949 -0.4286 0.6800
vn -0.5134 -0.4522 0.7294
vn -0.4270 -0.4714 0.7717
vn -0.3364 -0.4860 0.8066
vn -0.2426 -0.4960 0.8337
vn -0.1465 -0.5012 0.8528
vn -0.0490 -0.5016 0.8637
vn -0.9028 -0.2547 0.3466
vn 0.4417 -0.4685 -0.7651
vn 0.7508 -0.3637 -0.5513
vn -0.7508 0.3637 0.5513
vn -0.5548 -0.3906 -0.7346
vn 0.0523 0.8648 -0.4993
vn -0.0523 -0.8648 0.4993
vn 0.0490 -0.5016 -0.8637
vn 0.1465 -0.5012 -0.8528
vn 0.2426 -0.4960 -0.8337
vn 0.3364 -0.4860 -0.8066
vn 0.4270 -0.4714 -0.7717
vn 0.5134 -0.4522 -0.7294
vn 0.5949 -0.4286 -0.6800
vn 0.6706 -0.4009 -0.6241
vn 0.7399 -0.3694 -0.5622
vn 0.8021 -0.3343 -0.4949
vn 0.8566 -0.2959 -0.4228
vn 0.9028 -0.2547 -0.3466
vn 0.9403 -0.2111 -0.2671
vn 0.9687 -0.1655 -0.1850
vn 0.9878 -0.1182 -0.1012
vn 0.9974 -0.0698 -0.0164
vn 0.9974 -0.0207 0.0686
vn 0.9878 0.0285 0.1530
vn 0.9687 0.0775 0.2358
vn 0.9403 0.1258 0.3164
vn 0.9028 0.1728 0.3939
vn 0.8566 0.2182 0.4677
vn 0.8021 0.2614 0.5369
vn 0.7399 0.3022 0.6010
vn 0.6706 0.3400 0.6593
vn 0.5949 0.3746 0.7112
vn 0.5134 0.4056 0.7563
vn 0.4270 0.4326 0.7941
vn 0.3364 0.4555 0.8242
vn 0.2426 0.4740 0.8464
vn 0.1465 0.4879 0.8605
vn 0.0490 0.4972 0.8663
vn -0.0490 0.5016 0.8637
vn -0.1465 0.5012 0.8528
vn -0.2426 0.4960 0.8337
vn -0.3364 0.4860 0.8066
vn -0.4270 0.4714 0.7717
vn -0.5134 0.4522 0.7294
vn -0.5949 0.4286 0.6800
vn -0.6706 0.4009 0.6241
vn -0.7399 0.3694 0.5622
vn -0.8021 0.3343 0.4949
vn -0.8566 0.2959 0.4228
vn -0.9028 0.2547 0.3466
vn -0.9403 0.2111 0.2671
vn -0.9687 0.1655 0.1850
vn -0.9878 0.1182 0.1012
vn -0.9974 0.0698 0.0164
vn -0.9974 0.0207 -0.0686
vn -0.9878 -0.0285 -0.1530
vn -0.9687 -0.0775 -0.2358
vn -0.9403 -0.1258 -0.3164
vn -0.9028 -0.1728 -0.3939
vn -0.8566 -0.2182 -0.4677
vn -0.8021 -0.2614 -0.5369
vn -0.7399 -0.3022 -0.6010
vn -0.6706 -0.3400 -0.6593
vn -0.5949 -0.3746 -0.7112
vn -0.5134 -0.4056 -0.7563
vn -0.4270 -0.4326 -0.7941
vn -0.3364 -0.4555 -0.8242
vn -0.2426 -0.4740 -0.8464
vn -0.1465 -0.4879 -0.8605
vn -0.0490 -0.4972 -0.8663
vn -0.9028 0.2548 0.3466
vn 0.9028 -0.2548 -0.3466
vn -0.0000 0.9988 -0.0491
vn -0.0000 0.9892 -0.1467
vn -0.0000 0.9700 -0.2430
vn -0.0000 0.9415 -0.3369
vn -0.0000 0.9040 -0.4276
vn -0.0000 0.8577 -0.5141
vn -0.0000 0.8032 -0.5957
vn -0.0000 0.7410 -0.6716
vn -0.0000 0.6716 -0.7410
vn -0.0000 0.5957 -0.8032
vn -0.0000 0.5141 -0.8577
vn -0.0000 0.4276 -0.9040
vn -0.0000 0.3369 -0.9415
vn -0.0000 0.2430 -0.9700
vn -0.0000 0.1467 -0.9892
vn -0.0000 0.0491 -0.9988
vn -0.0000 -0.0491 -0.9988
vn -0.0000 -0.1467 -0.9892
vn -0.0000 -0.2430 -0.9700
vn -0.0000 -0.3369 -0.9415
vn -0.0000 -0.4276 -0.9040
vn -0.0000 -0.5141 -0.8577
vn -0.0000 -0.5957 -0.8032
vn -0.0000 -0.6716 -0.7410
vn -0.0000 -0.7410 -0.6716
vn -0.0000 -0.8032 -0.5957
vn -0.0000 -0.8577 -0.5141
vn -0.0000 -0.9040 -0.4276
vn -0.0000 -0.9415 -0.3369
vn -0.0000 -0.9700 -0.2430
vn -0.0000 -0.9892 -0.1467
vn -0.0000 -0.9988 -0.0491
vn -0.0000 -0.9988 0.0491
vn -0.0000 -0.9892 0.1467
vn -0.0000 -0.9700 0.2430
vn -0.0000 -0.9415 0.3369
vn -0.0000 -0.9040 0.4276
vn -0.0000 -0.8577 0.5141
vn -0.0000 -0.8032 0.5957
vn -0.0000 -0.7410 0.6716
vn -0.0000 -0.6716 0.7410
vn -0.0000 -0.5957 0.8032
vn -0.0000 -0.5141 0.8577
vn -0.0000 -0.4276 0.9040
vn -0.0000 -0.3369 0.9415
vn -0.0000 -0.2430 0.9700
vn -0.0000 -0.1467 0.9892
vn -0.0000 -0.0491 0.9988
vn -0.0000 0.0491 0.9988
vn -0.0000 0.1467 0.9892
vn -0.0000 0.2430 0.9700
vn -0.0000 0.3369 0.9415
vn -0.0000 0.4276 0.9040
vn -0.0000 0.5141 0.8577
vn -0.0000 0.5957 0.8032
vn -0.0000 0.6716 0.7410
vn -0.0000 0.7410 0.6716
vn -0.0000 0.8032 0.5957
vn -0.0000 0.8577 0.5141
vn -0.0000 0.9040 0.4276
vn -0.0000 0.9415 0.3369
vn -0.0000 0.9700 0.2430
vn -0.0000 0.9892 0.1467
vn -0.0000 0.9988 0.0491
vn -1.0000 -0.0000 -0.0000
vn -0.0830 0.1782 0.9805
vn -0.0830 -0.9382 -0.3360
vn -0.0830 -0.8154 -0.5730
vn -0.0830 0.9382 -0.3359
vn -0.0830 0.2997 0.9504
vn -0.0830 -0.3555 0.9310
vn -0.0830 -0.9840 -0.1577
vn -0.0830 -0.6285 -0.7733
vn -0.0830 0.6733 -0.7347
vn -0.0830 -0.4382 0.8950
vn -0.0830 -0.5174 0.8517
vn -0.0830 -0.9963 0.0222
vn -0.0830 -0.5560 -0.8270
vn -0.0830 -0.4789 -0.8739
vn -0.0830 -0.5924 0.8014
vn -0.0830 -0.3978 -0.9137
vn -0.0570 -0.9747 0.2161
vn -0.0353 0.6729 0.7389
vn 0.0242 -0.6086 0.7931
vn 0.0242 -0.3826 -0.9236
vn -0.0353 0.3035 -0.9522
vn 0.1104 0.9854 0.1297
vn 0.1104 0.6050 0.7885
vn 0.1104 -0.9854 0.1297
vn 0.2600 0.9647 0.0421
vn 0.2600 -0.5188 0.8144
vn 0.2081 -0.9772 0.0427
vn 0.2600 -0.9647 0.0421
vn 0.2081 0.4516 -0.8676
vn 0.2797 0.5008 0.8191
vn 0.3351 -0.4351 0.8357
vn 0.2797 0.4590 -0.8432
vn 0.3351 0.9413 -0.0411
vn 0.3525 0.3581 0.8646
vn 0.3525 -0.9278 -0.1221
vn 0.3525 -0.5697 -0.7425
vn 0.3527 -0.5197 -0.7781
vn 0.3527 0.5197 -0.7781
vn 0.3525 0.9278 -0.1222
vn 0.4276 -0.2430 0.8707
vn -0.0000 -1.0000 -0.0000
vn 0.4276 -0.6326 -0.6458
vn 0.4276 0.6326 -0.6458
vn -0.9919 0.0382 0.1212
vn 0.0830 0.3520 -0.9323
vn 0.0830 0.6314 0.7710
vn 0.0830 -0.4382 -0.8950
vn 0.0830 0.9942 0.0680
vn 0.0830 -0.5560 0.8270
vn 0.0830 -0.6661 -0.7412
vn 0.0830 0.9750 -0.2062
vn 0.0830 -0.3089 0.9475
vn -0.0247 0.3006 0.9534
vn -0.0680 -0.9752 -0.2107
vn -0.1104 -0.6050 -0.7885
vn -0.0680 0.6701 -0.7391
vn -0.1104 0.9854 -0.1297
vn -0.1104 -0.3803 0.9182
vn -0.1831 -0.9747 -0.1283
vn -0.1831 0.5985 -0.7799
vn -0.1831 0.3762 0.9083
vn -0.2797 -0.9598 -0.0241
vn -0.3351 -0.4351 -0.8357
vn -0.2798 0.5008 -0.8191
vn -0.3351 0.9413 0.0411
vn -0.2797 0.4590 0.8432
vn -0.3351 -0.5062 0.7946
vn -0.3527 -0.4105 -0.8409
vn -0.3527 0.9335 0.0649
vn -0.4276 -0.2430 -0.8707
vn -0.4276 0.8755 0.2249
vn -0.4276 0.7394 0.5201
vn -0.8754 0.0839 0.4761
vn -0.0652 -0.9979 0.0041
vn -0.3210 -0.9469 0.0169
vn -0.4420 -0.8967 0.0236
vn -0.4417 -0.8969 0.0232
vn -0.6584 -0.7519 0.0346
vn -0.7511 -0.6590 0.0391
vn -0.8957 -0.4422 0.0473
vn -0.9965 -0.0654 0.0523
vn -0.9986 -0.0000 0.0523
vn -0.9965 0.0654 0.0523
vn -0.8957 0.4423 0.0469
vn -0.7508 0.6594 0.0393
vn -0.6585 0.7518 0.0345
vn -0.4415 0.8969 0.0231
vn -0.4417 0.8969 0.0232
vn -0.3210 0.9469 0.0169
vn 0.0585 0.3457 -0.9365
vn 0.1949 0.9808 -0.0097
vn -0.0000 -0.2425 -0.9701
vn 0.4472 -0.0000 -0.8944
vn 0.6584 0.7519 -0.0345
vn 0.7508 0.6593 -0.0394
vn 0.7508 0.6594 -0.0393
vn 0.8301 0.5559 -0.0436
vn -0.9684 -0.2421 0.0605
vn 0.9456 0.3215 -0.0496
vn 0.9794 0.1951 -0.0512
vn 0.9986 -0.0000 -0.0523
vn 0.9794 -0.1951 -0.0512
vn 0.9455 -0.3218 -0.0497
vn 0.8300 -0.5561 -0.0436
vn 0.7508 -0.6594 -0.0393
vn 0.7508 -0.6594 -0.0394
vn 0.7508 -0.6593 -0.0394
vn 0.2166 0.0542 -0.9748
vn 0.5785 0.1808 0.7954
vn 0.5548 -0.8315 -0.0292
vn 0.1617 0.1819 -0.9699
vn -0.2696 0.5224 -0.8089
vn 0.1949 -0.9808 -0.0099
vn 0.1001 -0.5910 -0.8005
vn -0.0653 0.4961 -0.8658
vn -0.1948 0.4815 -0.8545
vn -0.4416 0.4283 -0.7884
vn -0.6584 0.3461 -0.6684
vn -0.8957 0.1805 -0.4065
vn -0.8956 0.1806 -0.4065
vn -0.9456 0.1177 -0.3032
vn -0.9794 0.0530 -0.1946
vn -0.9931 0.1173 -0.0000
vn -0.9965 -0.0777 0.0305
vn -0.9794 -0.1419 0.1433
vn -0.9456 -0.2037 0.2536
vn -0.8957 -0.2618 0.3595
vn -0.7508 -0.3638 0.5513
vn -0.4417 -0.4684 0.7652
vn -0.3210 -0.4881 0.8117
vn 0.1948 -0.4815 0.8545
vn -0.1438 -0.4852 -0.8625
vn -0.9923 0.1240 -0.0000
vn 0.5548 -0.3905 0.7346
vn -0.2850 -0.6412 -0.7125
vn 0.9457 -0.1172 0.3032
vn 0.7071 0.7071 -0.0000
vn 0.9965 0.0128 0.0828
vn 0.9965 0.0125 0.0827
vn 0.9965 0.0785 -0.0304
vn 0.9981 -0.0000 0.0624
vn 0.9794 0.1419 -0.1434
vn 0.9456 0.2040 -0.2535
vn 0.8305 0.3156 -0.4589
vn 0.7508 0.3638 -0.5513
vn 0.6584 0.4058 -0.6340
vn 0.5549 0.4407 -0.7056
vn -0.2005 -0.2376 -0.9504
vn 0.5300 0.8480 -0.0000
vn -0.0654 0.5018 0.8625
vn -0.4413 0.4685 0.7653
vn -0.5549 0.4409 0.7055
vn -0.7508 0.3639 0.5512
vn -0.8957 0.2613 0.3597
vn -0.9965 0.0777 0.0305
vn -0.9456 -0.1177 -0.3031
vn -0.8958 -0.1815 -0.4056
vn -0.6584 -0.3461 -0.6683
vn -0.4414 -0.4282 -0.7886
vn -0.3210 -0.4589 -0.8284
vn -0.1948 -0.4815 -0.8545
vn -0.0653 -0.4958 -0.8660
vn -0.0052 -0.0296 -0.9995
vn 0.1600 -0.1524 0.9753
vn 0.5548 -0.4407 -0.7057
vn 0.5548 -0.4410 -0.7055
vn 0.6584 -0.4058 -0.6338
vn 0.7189 -0.6952 -0.0000
vn 0.9456 -0.2041 -0.2536
vn 0.9795 -0.1418 -0.1434
vn 0.9965 -0.0125 0.0827
vn 0.9965 -0.0128 0.0828
vn 0.9795 0.0531 0.1945
vn 0.9456 0.1178 0.3031
vn 0.9457 0.1174 0.3031
vn -0.0000 0.7071 -0.7071
vn 0.6585 0.3460 0.6683
vn 0.3482 -0.3482 0.8704
vn 0.5548 0.3905 0.7347
vn 0.5547 0.3906 0.7347
vn 0.5549 0.3906 0.7346
vn 0.1948 0.4815 0.8545
vn 0.0492 0.7509 -0.6586
vn -0.0492 0.7509 -0.6585
vn 0.0524 -0.0000 0.9986
vn -0.0524 -0.0000 -0.9986
vn -0.0525 -0.0000 -0.9986
vn 0.6706 0.7409 -0.0351
vn 0.9028 0.2547 -0.3466
vn 0.0524 -0.8649 -0.4993
vn 0.0523 -0.8649 -0.4993
vn 0.0523 -0.8648 -0.4994
vn 0.0524 -0.8648 -0.4993
vn -0.0523 0.8649 0.4992
vn -0.0523 0.8649 0.4993
vn -0.0523 0.8648 0.4994
vn -0.0524 0.8648 0.4993
vn 0.9027 0.2548 -0.3466
vn 0.0524 0.8649 -0.4993
vn 0.0523 0.8649 -0.4993
vn 0.0523 0.8648 -0.4994
vn 0.0524 0.8648 -0.4993
vn -0.0524 -0.8648 0.4993
vn -0.0523 -0.8649 0.4993
vn 0.9027 -0.2548 -0.3466
vn -1.0000 0.0001 -0.0000
vn -1.0000 -0.0001 -0.0000
s 1
usemtl grp_white
f 1//1 75//2 74//3
f 3//4 75//2 2//5
f 4//6 78//7 3//4
f 5//8 79//9 4//6
f 6//10 82//11 5//8
f 6//10 86//12 84//13
f 8//14 86//12 7//15
f 9//16 88//17 8//14
f 10//18 89//19 9//16
f 11//20 92//21 10//18
f 12//22 94//23 11//20
f 13//24 96//25 12//22
f 14//26 97//27 13//24
f 14//26 102//28 100//29
f 15//30 104//31 102//28
f 17//32 104//31 16//33
f 17//32 107//34 106//35
f 19//36 107//34 18//37
f 19//36 112//38 110//39
f 21//40 112//38 20//41
f 22//42 114//43 21//40
f 23//44 116//45 22//42
f 24//46 117//47 23//44
f 25//48 120//49 24//46
f 26//50 122//51 25//48
f 26//50 126//52 124//53
f 28//54 126//52 27//55
f 28//54 130//56 128//57
f 29//58 132//59 130//56
f 30//60 134//61 132//59
f 31//62 136//63 134//61
f 32//64 138//65 136//63
f 34//66 138//65 33//67
f 34//66 142//68 140//69
f 35//70 143//71 142//68
f 37//72 143//71 36//73
f 37//72 147//74 145//75
f 39//76 147//74 38//77
f 40//78 149//79 39//76
f 41//80 151//81 40//78
f 42//82 153//83 41//80
f 42//82 157//84 155//85
f 44//86 157//84 43//87
f 45//88 159//89 44//86
f 46//90 161//91 45//88
f 47//92 163//93 46//90
f 48//94 165//95 47//92
f 49//96 168//97 48//94
f 50//98 170//99 49//96
f 50//98 174//100 172//101
f 51//102 175//103 174//100
f 53//104 175//103 52//105
f 53//104 179//106 177//107
f 55//108 179//106 54//109
f 55//108 184//110 181//111
f 57//112 184//110 56//113
f 58//114 185//115 57//112
f 59//116 187//117 58//114
f 60//118 190//119 59//116
f 61//120 192//121 60//118
f 62//122 194//123 61//120
f 62//122 197//124 195//125
f 64//126 197//124 63//127
f 64//126 201//128 199//129
f 65//130 203//131 201//128
f 66//132 205//133 203//131
f 67//134 207//135 205//133
f 68//136 209//137 207//135
f 70//138 209//137 69//139
f 70//138 214//140 211//141
f 71//142 216//143 214//140
f 1//1 216//143 72//144
f 75//2 218//3 74//3
f 75//2 222//7 220//2
f 79//9 222//7 78//7
f 79//9 226//11 224//9
f 82//11 228//13 226//11
f 84//13 230//12 228//13
f 88//17 230//12 86//12
f 89//19 232//17 88//17
f 89//19 236//21 234//19
f 92//21 238//23 236//21
f 96//25 238//23 94//23
f 96//25 242//27 240//25
f 100//29 242//27 97//27
f 100//29 246//28 244//29
f 104//31 246//28 102//28
f 104//31 250//35 248//31
f 106//35 251//34 250//35
f 107//34 254//39 251//34
f 112//38 254//39 110//39
f 114//43 256//38 112//38
f 116//45 258//43 114//43
f 117//47 259//45 116//45
f 120//49 261//47 117//47
f 122//51 263//49 120//49
f 124//53 265//51 122//51
f 124//53 269//52 267//53
f 128//57 269//52 126//52
f 130//56 271//57 128//57
f 130//56 276//59 274//56
f 132//59 278//61 276//59
f 136//63 278//61 134//61
f 138//65 279//63 136//63
f 140//69 282//65 138//65
f 142//68 284//69 140//69
f 143//71 286//68 142//68
f 145//75 288//71 143//71
f 147//74 289//75 145//75
f 147//74 293//79 291//74
f 151//81 293//79 149//79
f 151//81 297//83 295//81
f 153//83 299//85 297//83
f 155//85 302//84 299//85
f 159//89 302//84 157//84
f 161//91 304//89 159//89
f 161//91 308//93 305//91
f 163//93 309//95 308//93
f 168//97 309//95 165//95
f 168//97 313//99 311//97
f 172//101 313//99 170//99
f 172//101 318//100 315//101
f 175//103 318//100 174//100
f 175//103 322//107 320//103
f 177//107 324//106 322//107
f 179//106 326//111 324//106
f 184//110 326//111 181//111
f 185//115 328//110 184//110
f 187//117 330//115 185//115
f 190//119 332//117 187//117
f 192//121 333//119 190//119
f 194//123 335//121 192//121
f 195//125 337//123 194//123
f 195//125 341//124 339//125
f 199//129 341//124 197//124
f 201//128 344//129 199//129
f 201//128 347//131 345//128
f 203//131 350//133 347//131
f 207//135 350//133 205//133
f 209//137 352//135 207//135
f 211//141 353//137 209//137
f 214//140 356//141 211//141
f 216//143 358//140 214//140
f 74//3 359//143 216//143
f 218//3 363//2 361//3
f 222//7 363//2 220//2
f 222//7 367//9 365//7
f 226//11 367//9 224//9
f 228//13 369//11 226//11
f 230//12 371//13 228//13
f 232//17 373//12 230//12
f 234//19 375//17 232//17
f 234//19 379//21 377//19
f 238//23 379//21 236//21
f 240//25 381//23 238//23
f 240//25 385//27 383//25
f 242//27 387//29 385//27
f 246//28 387//29 244//29
f 246//28 391//31 390//28
f 248//31 394//35 391//31
f 251//34 394//35 250//35
f 254//39 396//34 251//34
f 254//39 399//38 398//39
f 256//38 401//43 399//38
f 259//45 401//43 258//43
f 261//47 403//45 259//45
f 263//49 405//47 261//47
f 265//51 408//49 263//49
f 267//53 409//51 265//51
f 269//52 412//53 267//53
f 271//57 414//52 269//52
f 274//56 416//57 271//57
f 274//56 419//59 417//56
f 276//59 421//61 419//59
f 278//61 423//63 421//61
f 282//65 423//63 279//63
f 284//69 425//65 282//65
f 286//68 428//69 284//69
f 288//71 429//68 286//68
f 289//75 432//71 288//71
f 289//75 435//74 433//75
f 293//79 435//74 291//74
f 293//79 439//81 437//79
f 297//83 439//81 295//81
f 299//85 442//83 297//83
f 302//84 443//85 299//85
f 304//89 445//84 302//84
f 305//91 448//89 304//89
f 305//91 452//93 449//91
f 309//95 452//93 308//93
f 311//97 454//95 309//95
f 311//97 458//99 456//97
f 313//99 460//101 458//99
f 318//100 460//101 315//101
f 318//100 463//103 461//100
f 320//103 465//107 463//103
f 324//106 465//107 322//107
f 326//111 467//106 324//106
f 326//111 472//110 469//111
f 328//110 474//115 472//110
f 332//117 474//115 330//115
f 333//119 475//117 332//117
f 335//121 477//119 333//119
f 337//123 480//121 335//121
f 339//125 482//123 337//123
f 341//124 484//125 339//125
f 344//129 486//124 341//124
f 345//128 488//129 344//129
f 345//128 491//131 490//128
f 347//131 493//133 491//131
f 350//133 495//135 493//133
f 353//137 495//135 352//135
f 356//141 497//137 353//137
f 358//140 499//141 356//141
f 359//143 501//140 358//140
f 218//3 503//143 359//143
f 363//2 506//3 361//3
f 363//2 509//7 507//2
f 367//9 509//7 365//7
f 367//9 513//11 511//9
f 371//13 513//11 369//11
f 371//13 517//12 515//13
f 373//12 519//17 517//12
f 375//17 521//19 519//17
f 377//19 523//21 521//19
f 379//21 526//23 523//21
f 383//25 526//23 381//23
f 385//27 528//25 383//25
f 387//29 529//27 385//27
f 390//28 531//29 387//29
f 391//31 533//28 390//28
f 2469//145 535//31 394//35
f 2472//146 394//35 2473//147
f 396//34 2474//148 2473//147
f 2476//149 398//39 2475//150
f 2478//151 399//38 2477//152
f 2479//153 401//43 540//45
f 403//45 542//47 540//45
f 405//47 543//49 542//47
f 408//49 545//51 543//49
f 409//51 547//53 545//51
f 412//53 549//52 547//53
f 416//57 549//52 414//52
f 417//56 551//57 416//57
f 419//59 553//56 417//56
f 421//61 556//59 419//59
f 423//63 558//61 421//61
f 425//65 559//63 423//63
f 428//69 561//65 425//65
f 428//69 565//68 563//69
f 432//71 565//68 429//68
f 432//71 570//75 567//71
f 435//74 570//75 433//75
f 435//74 573//79 571//74
f 439//81 573//79 437//79
f 2689//154 575//81 442//83
f 442//83 2693//155 2692//156
f 443//85 2694//157 2693//155
f 448//89 2696//158 445//84
f 2698//159 448//89 2697//160
f 2699//161 449//91 580//93
f 452//93 581//95 580//93
f 456//97 581//95 454//95
f 458//99 583//97 456//97
f 460//101 585//99 458//99
f 461//100 588//101 460//101
f 463//103 589//100 461//100
f 465//107 592//103 463//103
f 467//106 594//107 465//107
f 467//106 598//111 596//106
f 472//110 598//111 469//111
f 472//110 601//115 600//110
f 474//115 603//117 601//115
f 475//117 606//119 603//117
f 477//119 607//121 606//119
f 480//121 610//123 607//121
f 482//123 612//125 610//123
f 484//125 614//124 612//125
f 488//129 614//124 486//124
f 488//129 2908//162 2907//163
f 490//128 2911//164 2910//165
f 491//131 493//133 2912//166
f 495//135 2913//167 493//133
f 497//137 2916//168 2914//169
f 499//141 2918//170 2917//171
f 499//141 621//140 619//141
f 503//143 621//140 501//140
f 503//143 506//3 624//143
f 507//2 625//3 506//3
f 509//7 627//2 507//2
f 511//9 629//7 509//7
f 513//11 631//9 511//9
f 513//11 636//13 633//11
f 517//12 636//13 515//13
f 519//17 638//12 517//12
f 521//19 639//17 519//17
f 523//21 641//19 521//19
f 526//23 644//21 523//21
f 526//23 648//25 646//23
f 529//27 648//25 528//25
f 531//29 649//27 529//27
f 651//29 533//28 2481//172
f 533//28 2484//173 2483//174
f 535//31 2471//145 2484//173
f 2480//153 540//45 2486//175
f 540//45 542//47 2488//176
f 542//47 654//49 2490//177
f 543//49 656//51 654//49
f 547//53 656//51 545//51
f 549//52 658//53 547//53
f 551//57 660//52 549//52
f 551//57 664//56 662//57
f 556//59 664//56 553//56
f 556//59 667//61 665//59
f 558//61 669//63 667//61
f 561//65 669//63 559//63
f 561//65 674//69 671//65
f 563//69 676//68 674//69
f 567//71 676//68 565//68
f 567//71 680//75 678//71
f 571//74 680//75 570//75
f 2702//178 571//74 573//79
f 573//79 2704//179 2703//180
f 575//81 2691//154 2704//179
f 2700//161 580//93 2706//181
f 580//93 581//95 2707//182
f 581//95 683//97 2710//183
f 585//99 683//97 583//97
f 588//101 686//99 585//99
f 589//100 688//101 588//101
f 592//103 690//100 589//100
f 594//107 692//103 592//103
f 594//107 696//106 693//107
f 596//106 698//111 696//106
f 600//110 698//111 598//111
f 601//115 700//110 600//110
f 601//115 704//117 702//115
f 603//117 705//119 704//117
f 607//121 705//119 606//119
f 607//121 709//123 708//121
f 612//125 709//123 610//123
f 612//125 2919//184 2920//185
f 614//124 2922//186 2921//187
f 2922//186 615//129 2909//163
f 619//141 2924//188 2918//170
f 621//140 2925//189 2927//189
f 624//143 2928//190 2926//191
f 624//143 625//3 713//143
f 627//2 2929//192 2930//193
f 629//7 717//2 627//2
f 631//9 718//7 629//7
f 631//9 722//11 721//9
f 633//11 725//13 722//11
f 638//12 725//13 636//13
f 639//17 727//12 638//12
f 639//17 731//19 729//17
f 641//19 733//21 731//19
f 644//21 735//23 733//21
f 646//23 737//25 735//23
f 737//25 649//27 2491//194
f 2494//195 649//27 2493//196
f 651//29 2495//197 2493//196
f 654//49 2496//177 2490//177
f 2499//198 654//49 656//51
f 656//51 741//53 2500//199
f 660//52 741//53 658//53
f 662//57 743//52 660//52
f 664//56 745//57 662//57
f 665//59 747//56 664//56
f 665//59 751//61 749//59
f 667//61 753//63 751//61
f 671//65 753//63 669//63
f 674//69 755//65 671//65
f 674//69 759//68 757//69
f 678//71 759//68 676//68
f 2712//200 678//71 680//75
f 2714//201 680//75 2713//202
f 682//74 2715//178 2713//202
f 683//97 2717//203 2710//183
f 683//97 686//99 2718//204
f 686//99 765//101 2720//205
f 688//101 767//100 765//101
f 692//103 767//100 690//100
f 693//107 768//103 692//103
f 696//106 771//107 693//107
f 698//111 772//106 696//106
f 700//110 775//111 698//111
f 702//115 776//110 700//110
f 702//115 780//117 778//115
f 705//119 780//117 704//117
f 708//121 782//119 705//119
f 708//121 2931//206 2932//207
f 709//123 2933//208 2934//209
f 712//125 2935//210 2933//208
f 713//143 2937//190 2928//190
f 625//3 2938//211 2936//212
f 717//2 2940//192 2929//192
f 718//7 2941//213 2939//214
f 721//9 789//7 718//7
f 722//11 791//9 721//9
f 722//11 795//13 792//11
f 725//13 797//12 795//13
f 729//17 797//12 727//12
f 729//17 801//19 799//17
f 731//19 803//21 801//19
f 733//21 805//23 803//21
f 805//23 737//25 2501//215
f 737//25 2503//216 2501//215
f 741//53 2505//199 2500//199
f 741//53 808//52 2506//217
f 743//52 810//57 808//52
f 747//56 810//57 745//57
f 749//59 812//56 747//56
f 751//61 814//59 749//59
f 753//63 816//61 751//61
f 755//65 818//63 753//63
f 755//65 822//69 820//65
f 757//69 824//68 822//69
f 2722//218 759//68 760//71
f 760//71 2723//200 2721//219
f 765//101 2725//205 2720//205
f 765//101 829//100 2726//220
f 767//100 830//103 829//100
f 771//107 830//103 768//103
f 772//106 833//107 771//107
f 775//111 835//106 772//106
f 776//110 836//111 775//111
f 776//110 840//115 838//110
f 780//117 840//115 778//115
f 782//119 843//117 780//117
f 782//119 2942//221 2943//222
f 785//121 2944//207 2942//221
f 848//7 2946//213 2945//223
f 791//9 848//7 789//7
f 792//11 850//9 791//9
f 795//13 852//11 792//11
f 795//13 856//12 854//13
f 797//12 858//17 856//12
f 801//19 858//17 799//17
f 801//19 862//21 859//19
f 803//21 863//23 862//21
f 863//23 2502//224 2507//225
f 808//52 2512//217 2511//217
f 810//57 866//52 808//52
f 812//56 867//57 810//57
f 812//56 872//59 870//56
f 816//61 872//59 814//59
f 818//63 873//61 816//61
f 818//63 877//65 876//63
f 822//69 877//65 820//65
f 822//69 881//68 879//69
f 881//68 2722//218 2727//226
f 829//100 2732//220 2731//220
f 830//103 883//100 829//100
f 833//107 886//103 830//103
f 833//107 889//106 887//107
f 836//111 889//106 835//106
f 838//110 891//111 836//111
f 840//115 894//110 838//110
f 843//117 895//115 840//115
f 843//117 899//119 898//117
f 845//119 2948//222 2949//222
f 848//7 2952//213 2951//213
f 850//9 901//227 848//7
f 850//9 904//11 902//9
f 852//11 907//13 904//11
f 856//12 907//13 854//13
f 858//17 908//12 856//12
f 859//19 910//17 858//17
f 862//21 912//19 859//19
f 863//23 914//21 862//21
f 2513//228 916//23 863//23
f 2515//217 866//52 2516//217
f 866//52 918//57 917//52
f 867//57 921//56 918//57
f 870//56 923//59 921//56
f 872//59 925//61 923//59
f 876//63 925//61 873//61
f 877//65 926//63 876//63
f 879//69 928//65 877//65
f 879//69 932//229 930//69
f 2733//218 932//229 881//68
f 2735//220 883//100 2736//220
f 886//103 933//100 883//100
f 887//107 934//103 886//103
f 889//106 936//107 887//107
f 891//111 938//106 889//106
f 891//111 943//110 941//111
f 895//115 943//110 894//110
f 895//115 947//117 945//115
f 898//117 948//119 947//117
f 948//119 899//119 2953//222
f 2955//230 2952//213 901//227
f 902//9 2957//231 2956//231
f 904//11 949//9 902//9
f 907//13 952//11 904//11
f 908//12 953//13 907//13
f 908//12 957//17 955//12
f 910//17 959//19 957//17
f 914//21 959//19 912//19
f 2518//232 961//21 916//23
f 916//23 2514//228 2517//233
f 2516//217 917//52 2520//234
f 2521//235 917//52 963//57
f 918//57 965//56 963//57
f 923//59 965//56 921//56
f 925//61 967//59 923//59
f 926//63 969//61 925//61
f 926//63 974//65 971//63
f 928//65 976//69 974//65
f 2738//236 976//69 932//229
f 932//229 2734//218 2737//237
f 2740//238 2736//220 933//100
f 933//100 977//103 2741//239
f 934//103 979//107 977//103
f 938//106 979//107 936//107
f 941//111 981//106 938//106
f 943//110 984//111 941//111
f 945//115 985//110 943//110
f 947//117 987//115 945//115
f 947//117 2958//240 2959//241
f 2958//240 948//119 2954//222
f 949//9 2962//242 2961//231
f 949//9 994//243 992//244
f 953//13 994//243 952//11
f 953//13 997//245 996//246
f 957//17 997//245 955//12
f 957//17 1001//247 999//248
f 959//19 1003//249 1001//247
f 2523//232 1003//249 2519//232
f 2525//235 963//57 2526//250
f 965//56 1005//251 963//57
f 965//56 1009//252 1007//253
f 969//61 1009//252 967//59
f 971//63 1011//254 969//61
f 974//65 1013//255 971//63
f 976//69 1015//256 974//65
f 2743//236 1017//257 2739//236
f 2745//239 977//103 2746//258
f 977//103 1021//259 1019//260
f 981//106 1021//259 979//107
f 984//111 1023//261 981//106
f 985//110 1026//262 984//111
f 987//115 1028//263 985//110
f 989//117 1030//264 987//115
f 989//117 2963//241 2964//265
f 1033//266 2966//267 2965//268
f 992//244 1033//266 2965//268
f 992//244 1037//269 1035//270
f 994//243 1039//271 1037//269
f 997//245 1039//271 996//246
f 997//245 1042//272 1041//273
f 999//248 1044//274 1042//272
f 1003//249 1044//274 1001//247
f 1048//275 1003//249 2524//276
f 1048//275 2529//277 2528//278
f 1049//279 2531//280 2530//281
f 1005//251 1049//279 2530//281
f 1005//251 1053//282 1051//283
f 1009//252 1053//282 1007//253
f 1011//254 1055//284 1009//252
f 1013//255 1057//285 1011//254
f 1015//256 1058//286 1013//255
f 1017//257 1060//287 1015//256
f 2747//288 1062//289 1017//257
f 1064//290 2749//291 2748//292
f 1065//293 2751//294 2750//295
f 2746//258 1066//296 1065//293
f 1019//260 1069//297 1066//296
f 1023//261 1069//297 1021//259
f 1023//261 1073//298 1070//299
f 1028//263 1073//298 1026//262
f 1030//264 1075//300 1028//263
f 1031//301 1077//302 1030//264
f 2964//265 1080//303 1079//304
f 1080//303 2970//305 2969//306
f 1081//307 2971//308 2967//309
f 1035//270 1081//307 1033//266
f 1037//269 1083//310 1035//270
f 1039//271 1085//311 1037//269
f 1041//273 1088//312 1039//271
f 1042//272 1090//313 1041//273
f 1044//274 1092//314 1042//272
f 1046//315 1093//316 1044//274
f 1048//275 1096//317 1046//315
f 2533//318 1098//319 2528//278
f 2535//320 1049//279 2536//321
f 1051//283 1100//322 1049//279
f 1051//283 1104//323 1102//324
f 1053//282 1106//325 1104//323
f 1055//284 1107//326 1106//325
f 1058//286 1107//326 1057//285
f 1058//286 1111//327 1109//328
f 1060//287 1113//329 1111//327
f 1064//290 1113//329 1062//289
f 2753//330 1115//331 2748//292
f 1065//293 2756//332 2755//333
f 1065//293 1120//334 1117//335
f 1069//297 1120//334 1066//296
f 1070//299 1122//336 1069//297
f 1073//298 1124//337 1070//299
f 1073//298 1127//338 1126//339
f 1075//300 1130//340 1127//338
f 1077//302 1132//341 1130//340
f 1080//303 1132//341 1079//304
f 1133//342 2969//306 2973//343
f 2975//344 1135//345 2976//346
f 1136//347 2975//344 2977//348
f 1083//310 1136//347 1081//307
f 1083//310 1141//349 1139//350
f 1088//312 1141//349 1085//311
f 1090//313 1143//351 1088//312
f 1092//314 1145//352 1090//313
f 1092//314 1149//353 1147//354
f 1093//316 1151//355 1149//353
f 1098//319 1151//355 1096//317
f 2538//356 1154//357 1098//319
f 2539//358 1154//357 2537//359
f 2540//360 1155//361 2541//362
f 2542//363 1100//322 1155//361
f 1100//322 1158//364 1156//365
f 1104//323 1158//364 1102//324
f 1106//325 1160//366 1104//323
f 1107//326 1162//367 1106//325
f 1109//328 1164//368 1107//326
f 1109//328 1169//369 1166//370
f 1113//329 1169//369 1111//327
f 1115//331 1171//371 1113//329
f 2758//372 1174//373 1115//331
f 2759//374 1174//373 2757//375
f 2760//376 1175//377 2761//378
f 1117//335 1175//377 2762//379
f 1117//335 1178//380 1176//381
f 1120//334 1181//382 1178//380
f 1124//337 1181//382 1122//336
f 1126//339 1183//383 1124//337
f 1126//339 1187//384 1185//385
f 1130//340 1187//384 1127//338
f 1132//341 1189//386 1130//340
f 1132//341 1192//387 1190//388
f 1192//387 2974//389 2979//390
f 1194//391 2978//392 2980//393
f 1196//394 2982//395 2981//396
f 1136//347 1196//394 1135//345
f 1136//347 1200//397 1197//398
f 1141//349 1200//397 1139//350
f 1141//349 1204//399 1202//400
f 1143//351 1206//401 1204//399
f 1147//354 1206//401 1145//352
f 1149//353 1208//402 1147//354
f 1151//355 1210//403 1149//353
f 1151//355 1214//404 1212//405
f 1154//357 1214//404 1153//406
f 1215//407 2539//358 2543//408
f 1155//361 1218//409 2547//410
f 1156//365 1218//409 1155//361
f 1158//364 1220//411 1156//365
f 1160//366 1222//412 1158//364
f 1162//367 1224//413 1160//366
f 1162//367 1228//414 1226//415
f 1166//370 1228//414 1164//368
f 1169//369 1230//416 1166//370
f 1171//371 1232//417 1169//369
f 1173//418 1234//419 1171//371
f 1174//373 1236//420 1173//418
f 1238//421 2759//374 2763//422
f 1175//377 1239//423 2767//424
f 1175//377 1241//425 1239//423
f 1178//380 1241//425 1176//381
f 1178//380 1246//426 1243//427
f 1181//382 1248//428 1246//426
f 1185//385 1248//428 1183//383
f 1185//385 1251//429 1250//430
f 1189//386 1251//429 1187//384
f 1190//388 1253//431 1189//386
f 1190//388 1257//432 1256//433
f 1194//391 1257//432 1192//387
f 1259//434 2980//393 2984//435
f 1196//394 1262//436 2987//437
f 1197//398 1264//438 1196//394
f 1200//397 1265//439 1197//398
f 1202//400 1268//440 1200//397
f 1202//400 1272//441 1270//442
f 1206//401 1272//441 1204//399
f 1206//401 1276//443 1274//444
f 1210//403 1276//443 1208//402
f 1212//405 1278//445 1210//403
f 1212//405 1281//446 1280//447
f 1214//404 1284//448 1281//446
f 1286//449 1215//407 2545//450
f 1286//449 2550//451 2551//452
f 1287//453 2552//454 2553//455
f 1218//409 1287//453 2553//455
f 1220//411 1289//456 1218//409
f 1222//412 1291//457 1220//411
f 1222//412 1295//458 1293//459
f 1224//413 1297//460 1295//458
f 1228//414 1297//460 1226//415
f 1230//416 1300//461 1228//414
f 1232//417 1301//462 1230//416
f 1234//419 1304//463 1232//417
f 1236//420 1306//464 1234//419
f 1236//420 1310//465 1308//466
f 2769//467 1310//465 1238//421
f 1312//468 2770//469 2771//470
f 1314//471 2772//472 2773//473
f 2768//474 1316//475 1314//471
f 1239//423 1318//476 1316//475
f 1241//425 1320//477 1318//476
f 1243//427 1322//478 1320//477
f 1248//428 1322//478 1246//426
f 1250//430 1323//479 1248//428
f 1251//429 1325//480 1250//430
f 1253//431 1327//481 1251//429
f 1256//433 1329//482 1253//431
f 1257//432 1331//483 1256//433
f 1259//434 1333//484 1257//432
f 2986//485 1337//486 1335//487
f 1337//486 2989//488 2990//489
f 1262//436 2991//490 2987//437
f 1264//438 1340//491 1262//436
f 1265//439 1342//492 1264//438
f 1268//440 1344//493 1265//439
f 1268//440 1348//494 1346//495
f 1270//442 1350//496 1348//494
f 1274//444 1350//496 1272//441
f 1274//444 1353//497 1351//498
f 1276//443 1356//499 1353//497
f 1280//447 1356//499 1278//445
f 1280//447 1359//500 1357//501
f 1284//448 1359//500 1281//446
f 1286//449 1361//502 1284//448
f 1365//503 1286//449 2551//452
f 1368//504 2555//505 2558//506
f 2559//507 1368//504 2556//508
f 2560//509 1370//510 2561//511
f 1372//512 2560//509 2564//513
f 1287//453 1372//512 2563//514
f 1287//453 1375//515 1373//516
f 1289//456 1378//517 1375//515
f 1293//459 1378//517 1291//457
f 1293//459 1382//518 1380//519
f 1297//460 1382//518 1295//458
f 1300//461 1384//520 1297//460
f 1300//461 1388//521 1386//522
f 1304//463 1388//521 1301//462
f 1306//464 1389//523 1304//463
f 1306//464 1393//524 1392//525
f 1308//466 1395//526 1393//524
f 1312//468 1395//526 1310//465
f 2775//527 1398//528 1312//468
f 1402//529 2775//527 2778//530
f 2779//531 1402//529 2776//532
f 2780//533 1404//534 2781//535
f 1406//536 2780//533 2784//537
f 2774//538 1408//539 1406//536
f 1316//475 1408//539 1314//471
f 1316//475 1411//540 1410//541
f 1318//476 1413//542 1411//540
f 1322//478 1413//542 1320//477
f 1323//479 1415//543 1322//478
f 1325//480 1417//544 1323//479
f 1325//480 1422//545 1419//546
f 1327//481 1423//547 1422//545
f 1331//483 1423//547 1329//482
f 1333//484 1425//548 1331//483
f 1335//487 1427//549 1333//484
f 1337//486 1429//550 1335//487
f 2990//489 1433//551 1431//552
f 1433//551 2996//553 2994//554
f 1435//555 2995//556 2997//557
f 2998//558 1438//559 2999//560
f 1440//561 2998//558 3002//562
f 1262//436 1440//561 3001//563
f 1340//491 1444//564 1442//565
f 1344//493 1444//564 1342//492
f 1346//495 1446//566 1344//493
f 1348//494 1447//567 1346//495
f 1350//496 1450//568 1348//494
f 1350//496 1454//569 1451//570
f 1353//497 1454//569 1351//498
f 1356//499 1456//571 1353//497
f 1357//501 1458//572 1356//499
f 1359//500 1460//573 1357//501
f 1361//502 1462//574 1359//500
f 1363//575 1464//576 1361//502
f 1365//503 1466//577 1363//575
f 1368//504 1468//578 1365//503
f 2565//579 1471//580 1368//504
f 2568//581 1474//582 2566//583
f 2569//584 1476//585 2567//586
f 2571//587 1476//585 2570//588
f 1480//589 2571//587 2572//590
f 2572//590 2571//587 2573//591
f 2575//592 1482//593 2572//590
f 2577//594 1484//595 2574//596
f 2578//597 1370//510 1484//595
f 1370//510 1487//598 1486//599
f 1372//512 1490//600 1487//598
f 1373//516 1492//601 1490//600
f 1375//515 1494//602 1492//601
f 1380//519 1494//602 1378//517
f 1382//518 1496//603 1380//519
f 1382//518 1500//604 1498//605
f 1386//522 1500//604 1384//520
f 1388//521 1502//606 1386//522
f 1389//523 1504//607 1388//521
f 1392//525 1506//608 1389//523
f 1392//525 1510//609 1508//610
f 1393//524 1512//611 1510//609
f 1398//528 1512//611 1395//526
f 1398//528 1516//612 1514//613
f 1402//529 1516//612 1400//614
f 2785//615 1520//616 1402//529
f 2788//617 1521//618 2786//619
f 2789//620 1524//621 2787//622
f 2791//623 1524//621 2790//624
f 2792//625 1526//626 2791//623
f 1530//627 2792//625 2795//628
f 1531//629 2794//630 2797//631
f 1404//534 1531//629 2798//632
f 1406//536 1533//633 1404//534
f 1408//539 1535//634 1406//536
f 1410//541 1538//635 1408//539
f 1411//540 1540//636 1410//541
f 1411//540 1544//637 1542//638
f 1415//543 1544//637 1413//542
f 1417//544 1546//639 1415//543
f 1419//546 1547//640 1417//544
f 1422//545 1549//641 1419//546
f 1423//547 1551//642 1422//545
f 1423//547 1555//643 1553//644
f 1427//549 1555//643 1425//548
f 1427//549 1559//645 1557//646
f 1429//550 1561//647 1559//645
f 1431//552 1564//648 1561//647
f 1433//551 1565//649 1564//648
f 1567//650 1435//555 3004//651
f 1567//650 3005//652 3006//653
f 1571//654 3006//653 3008//655
f 1573//656 3007//657 3010//658
f 1575//659 3009//660 3011//661
f 1577//662 3011//661 3013//663
f 1579//664 3012//665 3015//666
f 1582//667 3014//668 3016//669
f 1438//559 1584//670 1582//667
f 1340//491 1584//670 1440//561
f 1444//564 1586//671 1442//565
f 1446//566 1588//672 1444//564
f 1447//567 1590//673 1446//566
f 1447//567 1593//674 1591//675
f 1450//568 1595//676 1593//674
f 1451//570 1597//677 1595//676
f 1456//571 1597//677 1454//569
f 1458//572 1600//678 1456//571
f 1458//572 1604//679 1601//680
f 1462//574 1604//679 1460//573
f 1462//574 1608//681 1606//682
f 1466//577 1608//681 1464//576
f 1466//577 1612//683 1610//684
f 1468//578 1614//685 1612//683
f 1469//686 1615//687 1614//685
f 1471//580 1617//688 1615//687
f 1476//585 1617//688 1474//582
f 1476//585 1621//689 1619//690
f 1480//589 1621//689 1478//691
f 1480//589 1626//692 1624//693
f 1484//595 1626//692 1482//593
f 1486//599 1628//694 1484//595
f 1487//598 1630//695 1486//599
f 1490//600 1632//696 1487//598
f 1490//600 1636//697 1634//698
f 1494//602 1636//697 1492//601
f 1494//602 1639//699 1637//700
f 1498//605 1639//699 1496//603
f 1498//605 1643//701 1641//702
f 1502//606 1643//701 1500//604
f 1504//607 1645//703 1502//606
f 1506//608 1648//704 1504//607
f 1508//610 1650//705 1506//608
f 1508//610 1653//706 1652//707
f 1510//609 1656//708 1653//706
f 1514//613 1656//708 1512//611
f 1516//612 1658//709 1514//613
f 1518//710 1660//711 1516//612
f 1520//616 1662//712 1518//710
f 1520//616 1665//713 1663//714
f 1521//618 1667//715 1665//713
f 1524//621 1669//716 1667//715
f 1528//717 1669//716 1526//626
f 1530//627 1672//718 1528//717
f 1530//627 1676//719 1673//720
f 1533//633 1676//719 1531//629
f 1533//633 1680//721 1677//722
f 1538//635 1680//721 1535//634
f 1538//635 1684//723 1681//724
f 1540//636 1686//725 1684//723
f 1542//638 1688//726 1686//725
f 1544//637 1690//727 1688//726
f 1547//640 1690//727 1546//639
f 1547//640 1694//728 1692//729
f 1551//642 1694//728 1549//641
f 1551//642 1697//730 1695//731
f 1555//643 1697//730 1553//644
f 1557//646 1699//732 1555//643
f 1559//645 1701//733 1557//646
f 1561//647 1703//734 1559//645
f 1561//647 1707//735 1705//736
f 1565//649 1707//735 1564//648
f 1565//649 1711//737 1709//738
f 1570//739 1711//737 1567//650
f 1570//739 1715//740 1713//741
f 1573//656 1715//740 1571//654
f 1575//659 1717//742 1573//656
f 1577//662 1720//743 1575//659
f 1579//664 1722//744 1577//662
f 1579//664 1725//745 1724//746
f 1582//667 1727//747 1725//745
f 1442//565 1727//747 1584//670
f 1588//672 1730//748 1586//671
f 1590//673 1732//749 1588//672
f 1590//673 1736//750 1734//751
f 1593//674 1736//750 1591//675
f 1593//674 1740//752 1737//753
f 1597//677 1740//752 1595//676
f 1600//678 1741//754 1597//677
f 1601//680 1743//755 1600//678
f 1601//680 1747//756 1745//757
f 1606//682 1747//756 1604//679
f 1608//681 1749//758 1606//682
f 1608//681 1753//759 1751//760
f 1612//683 1753//759 1610//684
f 1614//685 1755//761 1612//683
f 1615//687 1757//762 1614//685
f 1617//688 1759//763 1615//687
f 1619//690 1761//764 1617//688
f 1621//689 1764//765 1619//690
f 1621//689 1768//766 1766//767
f 1624//693 1769//768 1768//766
f 1628//694 1769//768 1626//692
f 1630//695 1772//769 1628//694
f 1630//695 1776//770 1774//771
f 1634//698 1776//770 1632//696
f 1634//698 1779//772 1777//773
f 1637//700 1779//772 1636//697
f 1637//700 1784//774 1781//775
f 1641//702 1784//774 1639//699
f 1643//701 1785//776 1641//702
f 1643//701 1790//777 1787//778
f 1648//704 1790//777 1645//703
f 1650//705 1791//779 1648//704
f 1650//705 1795//780 1794//781
f 1653//706 1795//780 1652//707
f 1656//708 1798//782 1653//706
f 1656//708 1801//783 1799//784
f 1660//711 1801//783 1658//709
f 1662//712 1803//785 1660//711
f 1662//712 1807//786 1805//787
f 1665//713 1807//786 1663//714
f 1665//713 1811//788 1809//789
f 1669//716 1811//788 1667//715
f 1672//718 1814//790 1669//716
f 1673//720 1816//791 1672//718
f 1673//720 1819//792 1818//793
f 1677//722 1819//792 1676//719
f 1680//721 1821//794 1677//722
f 1680//721 1825//795 1823//796
f 1684//723 1825//795 1681//724
f 1686//725 1828//797 1684//723
f 1688//726 1829//798 1686//725
f 1690//727 1832//799 1688//726
f 1692//729 1834//800 1690//727
f 1694//728 1836//801 1692//729
f 1694//728 1839//802 1838//803
f 1695//731 1841//804 1839//802
f 1699//732 1841//804 1697//730
f 1701//733 1843//805 1699//732
f 1701//733 1847//806 1846//807
f 1705//736 1847//806 1703//734
f 1705//736 1851//808 1849//809
f 1709//738 1851//808 1707//735
f 1709//738 1855//810 1853//811
f 1713//741 1855//810 1711//737
f 1715//740 1858//812 1713//741
f 1715//740 1861//813 1860//814
f 1720//743 1861//813 1717//742
f 1722//744 1863//815 1720//743
f 1722//744 1868//816 1866//817
f 1725//745 1868//816 1724//746
f 1727//747 1870//818 1725//745
f 1727//747 1730//748 1872//819
f 1732//749 1874//820 1730//748
f 1732//749 1877//821 1876//822
f 1736//750 1877//821 1734//751
f 1736//750 1882//823 1879//824
f 1737//753 1884//825 1882//823
f 1740//752 1885//826 1884//825
f 1743//755 1885//826 1741//754
f 1745//757 1887//827 1743//755
f 1747//756 1889//828 1745//757
f 1749//758 1891//829 1747//756
f 1751//760 1893//830 1749//758
f 1751//760 1897//831 1895//832
f 1755//761 1897//831 1753//759
f 1755//761 1902//833 1900//834
f 1759//763 1902//833 1757//762
f 1761//764 1904//835 1759//763
f 1761//764 1907//836 1906//837
f 1766//767 1907//836 1764//765
f 1766//767 1912//838 1910//839
f 1769//768 1912//838 1768//766
f 1772//769 1913//840 1769//768
f 1772//769 1917//841 1915//842
f 1776//770 1917//841 1774//771
f 1776//770 1921//843 1919//844
f 1779//772 1921//843 1777//773
f 1779//772 1926//845 1924//846
f 1784//774 1926//845 1781//775
f 1784//774 1930//847 1928//848
f 1785//776 1931//849 1930//847
f 1790//777 1931//849 1787//778
f 1791//779 1933//850 1790//777
f 1794//781 1935//851 1791//779
f 1795//780 1937//852 1794//781
f 1795//780 1942//853 1940//854
f 1799//784 1942//853 1798//782
f 1801//783 1944//855 1799//784
f 1803//785 1946//856 1801//783
f 1803//785 1950//857 1948//858
f 1807//786 1950//857 1805//787
f 1807//786 1953//859 1952//860
f 1809//789 1955//861 1953//859
f 1811//788 1958//862 1955//861
f 1816//791 1958//862 1814//790
f 1818//793 1959//863 1816//791
f 1819//792 1961//864 1818//793
f 1821//794 1963//865 1819//792
f 1823//796 1965//866 1821//794
f 1823//796 1969//867 1967//868
f 1828//797 1969//867 1825//795
f 1828//797 1974//869 1971//870
f 1832//799 1974//869 1829//798
f 1834//800 1975//871 1832//799
f 1834//800 1979//872 1977//873
f 1838//803 1979//872 1836//801
f 1838//803 1984//874 1981//875
f 1841//804 1984//874 1839//802
f 1843//805 1986//876 1841//804
f 1843//805 1990//877 1988//878
f 1847//806 1990//877 1846//807
f 1847//806 1994//879 1992//880
f 1851//808 1994//879 1849//809
f 1851//808 1997//881 1996//882
f 1855//810 1997//881 1853//811
f 1855//810 2001//883 1999//884
f 1858//812 2003//885 2001//883
f 1861//813 2003//885 1860//814
f 1863//815 2005//886 1861//813
f 1866//817 2008//887 1863//815
f 1868//816 2009//888 1866//817
f 1868//816 2014//889 2011//890
f 1872//819 2014//889 1870//818
f 1730//748 2016//891 1872//819
f 1876//822 2017//892 1874//820
f 1876//822 2022//893 2020//894
f 1879//824 2022//893 1877//821
f 1879//824 2026//895 2023//896
f 1882//823 2027//897 2026//895
f 1884//825 2030//898 2027//897
f 1887//827 2030//898 1885//826
f 1889//828 2031//899 1887//827
f 1889//828 2035//900 2034//901
f 1893//830 2035//900 1891//829
f 1895//832 2038//902 1893//830
f 1897//831 2040//903 1895//832
f 1900//834 2041//904 1897//831
f 1900//834 2045//905 2043//906
f 1904//835 2045//905 1902//833
f 1904//835 2050//907 2047//908
f 1907//836 2050//907 1906//837
f 1907//836 2053//909 2052//910
f 1912//838 2053//909 1910//839
f 1912//838 2058//911 2055//912
f 1915//842 2058//911 1913//840
f 1915//842 2062//913 2060//914
f 1919//844 2062//913 1917//841
f 1921//843 2063//915 1919//844
f 1924//846 2066//916 1921//843
f 1924//846 2070//917 2068//918
f 1928//848 2070//917 1926//845
f 1930//847 2071//919 1928//848
f 1931//849 2074//920 1930//847
f 1931//849 2077//921 2076//922
f 1935//851 2077//921 1933//850
f 1937//852 2079//923 1935//851
f 1940//854 2081//924 1937//852
f 1940//854 2085//925 2083//926
f 1944//855 2085//925 1942//853
f 1946//856 2088//927 1944//855
f 1948//858 2090//928 1946//856
f 1948//858 2093//929 2091//930
f 1952//860 2093//929 1950//857
f 1952//860 2097//931 2095//932
f 1953//859 2099//933 2097//931
f 1955//861 2101//934 2099//933
f 1959//863 2101//934 1958//862
f 1961//864 2103//935 1959//863
f 1961//864 2108//936 2105//937
f 1965//866 2108//936 1963//865
f 1967//868 2110//938 1965//866
f 1969//867 2112//939 1967//868
f 1971//870 2114//940 1969//867
f 1971//870 2118//941 2115//942
f 1975//871 2118//941 1974//869
f 1975//871 2122//943 2120//944
f 1979//872 2122//943 1977//873
f 1979//872 2125//945 2123//946
f 1984//874 2125//945 1981//875
f 1984//874 2129//947 2127//948
f 1988//878 2129//947 1986//876
f 1988//878 2133//949 2132//950
f 1992//880 2133//949 1990//877
f 1994//879 2135//951 1992//880
f 1996//882 2137//952 1994//879
f 1996//882 2141//953 2140//954
f 1999//884 2141//953 1997//881
f 2001//883 2144//955 1999//884
f 2003//885 2145//956 2001//883
f 2003//885 2149//957 2148//958
f 2008//887 2149//957 2005//886
f 2009//888 2151//959 2008//887
f 2011//890 2153//960 2009//888
f 2011//890 2157//961 2155//962
f 2016//891 2157//961 2014//889
f 1874//820 2159//963 2016//891
f 2020//894 2162//964 2017//892
f 2022//893 2164//965 2020//894
f 2023//896 2166//966 2022//893
f 2026//895 2168//967 2023//896
f 2026//895 2172//968 2170//969
f 2027//897 2174//970 2172//968
f 2031//899 2174//970 2030//898
f 2031//899 2178//971 2176//972
f 2035//900 2178//971 2034//901
f 2038//902 2180//973 2035//900
f 2040//903 2182//974 2038//902
f 2040//903 2186//975 2184//976
f 2043//906 2186//975 2041//904
f 2045//905 2188//977 2043//906
f 2047//908 2190//978 2045//905
f 2047//908 2194//979 2192//980
f 2050//907 2196//981 2194//979
f 2053//909 2196//981 2052//910
f 2055//912 2198//982 2053//909
f 2058//911 2200//983 2055//912
f 2060//914 2202//984 2058//911
f 2060//914 2206//985 2203//986
f 2062//913 2207//987 2206//985
f 2063//915 2209//988 2207//987
f 2068//918 2209//988 2066//916
f 2068//918 2214//989 2212//990
f 2071//919 2214//989 2070//917
f 2071//919 2218//991 2216//992
f 2076//922 2218//991 2074//920
f 2077//921 2220//993 2076//922
f 2079//923 2222//994 2077//921
f 2081//924 2223//995 2079//923
f 2083//926 2225//996 2081//924
f 2083//926 2229//997 2227//998
f 2088//927 2229//997 2085//925
f 2090//928 2231//999 2088//927
f 2091//930 2233//1000 2090//928
f 2093//929 2236//1001 2091//930
f 2095//932 2238//1002 2093//929
f 2097//931 2239//1003 2095//932
f 2097//931 2244//1004 2242//1005
f 2099//933 2245//1006 2244//1004
f 2103//935 2245//1006 2101//934
f 2103//935 2250//1007 2248//1008
f 2108//936 2250//1007 2105//937
f 2110//938 2252//1009 2108//936
f 2112//939 2254//1010 2110//938
f 2112//939 2258//1011 2256//1012
f 2115//942 2258//1011 2114//940
f 2118//941 2260//1013 2115//942
f 2120//944 2262//1014 2118//941
f 2120//944 2266//1015 2264//1016
f 2122//943 2268//1017 2266//1015
f 2125//945 2268//1017 2123//946
f 2127//948 2269//1018 2125//945
f 2129//947 2271//1019 2127//948
f 2132//950 2273//1020 2129//947
f 2132//950 2278//1021 2276//1022
f 2133//949 2280//1023 2278//1021
f 2135//951 2282//1024 2280//1023
f 2140//954 2282//1024 2137//952
f 2140//954 2285//1025 2283//1026
f 2144//955 2285//1025 2141//953
f 2144//955 2290//1027 2288//1028
f 2148//958 2290//1027 2145//956
f 2149//957 2292//1029 2148//958
f 2151//959 2293//1030 2149//957
f 2153//960 2296//1031 2151//959
f 2155//962 2298//1032 2153//960
f 2155//962 2302//1033 2300//1034
f 2159//963 2302//1033 2157//961
f 2017//892 2304//1035 2159//963
f 2305//1036 2162//964 2164//965
f 2305//1036 2166//966 2307//1037
f 2168//967 2307//1037 2166//966
f 2309//1038 2170//969 2310//1039
f 2170//969 2312//1040 2310//1039
f 2313//1041 2172//968 2174//970
f 2174//970 2314//1042 2313//1041
f 2178//971 2314//1042 2176//972
f 2178//971 2316//1043 2315//1044
f 2316//1043 2182//974 2317//1045
f 2318//1046 2182//974 2184//976
f 2318//1046 2186//975 2319//1047
f 2188//977 2319//1047 2186//975
f 2188//977 2321//1048 2320//1049
f 2323//1050 2190//978 2192//980
f 2192//980 2324//1051 2322//1052
f 2324//1051 2196//981 2325//1053
f 2196//981 2327//1054 2325//1053
f 2329//1055 2198//982 2328//1056
f 2202//984 2331//1057 2328//1056
f 2202//984 2332//1058 2330//1059
f 2334//1060 2203//986 2206//985
f 2206//985 2335//1061 2333//1062
f 2336//1063 2207//987 2209//988
f 2209//988 2337//1064 2336//1063
f 2214//989 2337//1064 2212//990
f 2214//989 2339//1065 2338//1066
f 2218//991 2339//1065 2216//992
f 2341//1067 2218//991 2220//993
f 2222//994 2341//1067 2220//993
f 2223//995 2342//1068 2222//994
f 2225//996 2343//1069 2223//995
f 2346//1070 2225//996 2227//998
f 2347//1071 2227//998 2229//997
f 2349//1072 2229//997 2231//999
f 2233//1000 2348//1073 2231//999
f 2350//1074 2236//1001 2351//1075
f 2351//1075 2238//1002 2353//1076
f 2239//1003 2353//1076 2238//1002
f 2355//1077 2242//1005 2356//1078
f 2242//1005 2358//1079 2356//1078
f 2359//1080 2244//1004 2245//1006
f 2245//1006 2360//1081 2359//1080
f 2250//1007 2360//1081 2248//1008
f 2250//1007 2362//1082 2361//1083
f 2362//1082 2254//1010 2363//1084
f 2364//1085 2254//1010 2256//1012
f 2364//1085 2258//1011 2365//1086
f 2260//1013 2365//1086 2258//1011
f 2260//1013 2367//1087 2366//1088
f 2367//1087 2264//1016 2368//1089
f 2264//1016 2370//1090 2368//1089
f 2266//1015 2371//1091 2372//1092
f 2371//1091 2269//1018 2373//1093
f 2376//1094 2269//1018 2375//1095
f 2271//1019 2377//1096 2378//1097
f 2273//1020 2379//1098 2377//1096
f 2379//1098 2278//1021 2381//1099
f 2278//1021 2382//1100 2381//1099
f 2383//1101 2280//1023 2282//1024
f 2282//1024 2384//1102 2383//1101
f 2285//1025 2384//1102 2283//1026
f 2285//1025 2386//1103 2385//1104
f 2290//1027 2386//1103 2288//1028
f 2388//1105 2290//1027 2292//1029
f 2293//1030 2388//1105 2292//1029
f 2296//1031 2389//1106 2293//1030
f 2298//1032 2390//1107 2296//1031
f 2393//1108 2298//1032 2300//1034
f 2394//1109 2300//1034 2302//1033
f 2396//1110 2302//1033 2304//1035
f 2162//964 2395//1111 2304//1035
f 21//40 17//32 2445//1112
f 57//112 53//104 2416//1113
f 76//1114 2464//1115 73//1116
f 77//1117 2458//1118 76//1114
f 80//1119 2459//1120 77//1117
f 81//1121 2456//1122 80//1119
f 83//1123 2457//1124 81//1121
f 85//1125 2454//1126 83//1123
f 85//1125 2453//1127 2455//1128
f 90//1129 2453//1127 87//1130
f 90//1129 2451//1131 2467//1132
f 93//1133 2451//1131 91//1134
f 95//1135 2452//1136 93//1133
f 98//1137 2449//1138 95//1135
f 99//1139 2450//1140 98//1137
f 101//1141 2447//1142 99//1139
f 101//1141 2446//1143 2448//1144
f 105//1145 2446//1143 103//1146
f 108//1147 2463//1148 105//1145
f 109//1149 2444//1150 108//1147
f 109//1149 2442//1151 2445//1112
f 111//1152 2443//1153 2442//1151
f 115//1154 2443//1153 113//1155
f 118//1156 2440//1157 115//1154
f 118//1156 2439//1158 2441//1159
f 119//1160 2466//1161 2439//1158
f 121//1162 2437//1163 2466//1161
f 123//1164 2438//1165 2437//1163
f 127//1166 2438//1165 125//1167
f 129//1168 2435//1169 127//1166
f 131//1170 2436//1171 129//1168
f 133//1172 2433//1173 131//1170
f 133//1172 2432//1174 2434//1175
f 135//1176 2462//1177 2432//1174
f 139//1178 2462//1177 137//1179
f 139//1178 2431//1180 2430//1181
f 144//1182 2431//1180 141//1183
f 146//1184 2428//1185 144//1182
f 148//1186 2425//1187 146//1184
f 150//1188 2427//1189 148//1186
f 152//1190 2426//1191 150//1188
f 154//1192 2429//1193 152//1190
f 156//1194 2465//1195 154//1192
f 158//1196 2418//1197 156//1194
f 158//1196 2419//1198 2420//1199
f 162//1200 2419//1198 160//1201
f 162//1200 2421//1202 2424//1203
f 166//1204 2421//1202 164//1205
f 167//1206 2423//1207 166//1204
f 169//1208 2422//1209 167//1206
f 171//1210 2461//1211 169//1208
f 173//1212 2411//1213 171//1210
f 173//1212 2412//1214 2413//1215
f 178//1216 2412//1214 176//1217
f 180//1218 2417//1219 178//1216
f 182//1220 2414//1221 180//1218
f 182//1220 2415//1222 2416//1113
f 183//1223 2468//1224 2415//1222
f 2468//1224 188//1225 2404//1226
f 189//1227 2404//1226 188//1225
f 189//1227 2405//1228 2406//1229
f 191//1230 2410//1231 2405//1228
f 193//1232 2408//1233 2410//1231
f 196//1234 2407//1235 2408//1233
f 200//1236 2407//1235 198//1237
f 202//1238 2409//1239 200//1236
f 204//1240 2460//1241 202//1238
f 206//1242 2397//1243 204//1240
f 206//1242 2398//1244 2399//1245
f 208//1246 2403//1247 2398//1244
f 212//1248 2403//1247 210//1249
f 212//1248 2400//1250 2401//1251
f 215//1252 2400//1250 213//1253
f 73//1116 2402//1254 215//1252
f 217//1116 76//1114 73//1116
f 76//1114 221//1117 77//1117
f 77//1117 223//1119 80//1119
f 80//1119 225//1121 81//1121
f 81//1121 227//1123 83//1123
f 83//1123 229//1125 85//1125
f 85//1125 231//1130 87//1130
f 87//1130 233//1129 90//1129
f 91//1134 233//1129 235//1134
f 235//1134 93//1133 91//1134
f 237//1133 95//1135 93//1133
f 95//1135 241//1137 98//1137
f 241//1137 99//1139 98//1137
f 243//1139 101//1141 99//1139
f 245//1141 103//1146 101//1141
f 247//1146 105//1145 103//1146
f 249//1145 108//1147 105//1145
f 252//1147 109//1149 108//1147
f 109//1149 255//1152 111//1152
f 111//1152 257//1155 113//1155
f 257//1155 115//1154 113//1155
f 260//1154 118//1156 115//1154
f 118//1156 264//1160 119//1160
f 264//1160 121//1162 119//1160
f 266//1162 123//1164 121//1162
f 123//1164 270//1167 125//1167
f 125//1167 272//1166 127//1166
f 127//1166 273//1168 129//1168
f 273//1168 131//1170 129//1168
f 131//1170 277//1172 133//1172
f 277//1172 135//1176 133//1172
f 280//1176 137//1179 135//1176
f 281//1179 139//1178 137//1179
f 139//1178 285//1183 141//1183
f 285//1183 144//1182 141//1183
f 287//1182 146//1184 144//1182
f 290//1184 148//1186 146//1184
f 148//1186 294//1188 150//1188
f 294//1188 152//1190 150//1188
f 152//1190 298//1192 154//1192
f 298//1192 156//1194 154//1192
f 300//1194 158//1196 156//1194
f 301//1196 160//1201 158//1196
f 303//1201 162//1200 160//1201
f 306//1200 164//1205 162//1200
f 164//1205 310//1204 166//1204
f 167//1206 310//1204 312//1206
f 167//1206 314//1208 169//1208
f 169//1208 316//1210 171//1210
f 173//1212 316//1210 317//1212
f 173//1212 319//1217 176//1217
f 176//1217 321//1216 178//1216
f 180//1218 321//1216 323//1218
f 182//1220 323//1218 325//1220
f 182//1220 327//1223 183//1223
f 186//1255 327//1223 329//1255
f 186//1255 331//1225 188//1225
f 188//1225 334//1227 189//1227
f 189//1227 336//1230 191//1230
f 191//1230 338//1232 193//1232
f 196//1234 338//1232 340//1234
f 196//1234 342//1237 198//1237
f 198//1237 343//1236 200//1236
f 200//1236 346//1238 202//1238
f 204//1240 346//1238 348//1240
f 204//1240 349//1242 206//1242
f 206//1242 351//1246 208//1246
f 208//1246 354//1249 210//1249
f 212//1248 354//1249 355//1248
f 212//1248 357//1253 213//1253
f 215//1252 357//1253 360//1252
f 215//1252 217//1116 73//1116
f 362//1116 219//1114 217//1116
f 219//1114 366//1117 221//1117
f 223//1119 366//1117 368//1119
f 223//1119 370//1121 225//1121
f 227//1123 370//1121 372//1123
f 227//1123 374//1125 229//1125
f 229//1125 376//1130 231//1130
f 233//1129 376//1130 378//1129
f 235//1134 378//1129 380//1134
f 380//1134 237//1133 235//1134
f 382//1133 239//1135 237//1133
f 384//1135 241//1137 239//1135
f 386//1137 243//1139 241//1137
f 243//1139 389//1141 245//1141
f 245//1141 392//1146 247//1146
f 392//1146 249//1145 247//1146
f 249//1145 395//1147 252//1147
f 252//1147 397//1149 253//1149
f 397//1149 255//1152 253//1149
f 400//1152 257//1155 255//1152
f 402//1155 260//1154 257//1155
f 404//1154 262//1156 260//1154
f 406//1156 264//1160 262//1156
f 407//1160 266//1162 264//1160
f 266//1162 411//1164 268//1164
f 268//1164 413//1167 270//1167
f 413//1167 272//1166 270//1167
f 272//1166 418//1168 273//1168
f 273//1168 420//1170 275//1170
f 420//1170 277//1172 275//1170
f 422//1172 280//1176 277//1172
f 424//1176 281//1179 280//1176
f 426//1179 283//1178 281//1179
f 427//1178 285//1183 283//1178
f 430//1183 287//1182 285//1183
f 287//1182 434//1184 290//1184
f 434//1184 292//1186 290//1184
f 436//1186 294//1188 292//1186
f 294//1188 440//1190 296//1190
f 440//1190 298//1192 296//1190
f 441//1192 300//1194 298//1192
f 300//1194 446//1196 301//1196
f 301//1196 447//1201 303//1201
f 447//1201 306//1200 303//1201
f 450//1200 307//1205 306//1200
f 307//1205 453//1204 310//1204
f 312//1206 453//1204 455//1206
f 314//1208 455//1206 457//1208
f 314//1208 459//1210 316//1210
f 316//1210 462//1212 317//1212
f 317//1212 464//1217 319//1217
f 321//1216 464//1217 466//1216
f 321//1216 468//1218 323//1218
f 323//1218 470//1220 325//1220
f 470//1220 327//1223 325//1220
f 329//1255 471//1223 473//1255
f 329//1255 476//1225 331//1225
f 334//1227 476//1225 478//1227
f 334//1227 479//1230 336//1230
f 336//1230 481//1232 338//1232
f 338//1232 483//1234 340//1234
f 340//1234 485//1237 342//1237
f 342//1237 487//1236 343//1236
f 343//1236 489//1238 346//1238
f 346//1238 492//1240 348//1240
f 348//1240 494//1242 349//1242
f 349//1242 496//1246 351//1246
f 351//1246 498//1249 354//1249
f 355//1248 498//1249 500//1248
f 357//1253 500//1248 502//1253
f 357//1253 504//1252 360//1252
f 360//1252 362//1116 217//1116
f 505//1116 364//1114 362//1116
f 364//1114 510//1117 366//1117
f 366//1117 512//1119 368//1119
f 370//1121 512//1119 514//1121
f 372//1123 514//1121 516//1123
f 374//1125 516//1123 518//1125
f 374//1125 520//1130 376//1130
f 378//1129 520//1130 522//1129
f 378//1129 524//1134 380//1134
f 524//1134 382//1133 380//1134
f 525//1133 384//1135 382//1133
f 384//1135 530//1137 386//1137
f 386//1137 532//1139 388//1139
f 532//1139 389//1141 388//1139
f 534//1141 392//1146 389//1141
f 536//1146 393//1145 392//1146
f 2580//1256 395//1147 537//1145
f 2582//1257 395//1147 2581//1258
f 2584//1259 397//1149 2582//1257
f 2585//1260 538//1155 400//1152
f 538//1155 404//1154 402//1155
f 539//1154 406//1156 404//1154
f 406//1156 544//1160 407//1160
f 544//1160 410//1162 407//1160
f 546//1162 411//1164 410//1162
f 548//1164 413//1167 411//1164
f 413//1167 552//1166 415//1166
f 552//1166 418//1168 415//1166
f 418//1168 555//1170 420//1170
f 555//1170 422//1172 420//1170
f 557//1172 424//1176 422//1172
f 424//1176 562//1179 426//1179
f 426//1179 564//1178 427//1178
f 564//1178 430//1183 427//1178
f 566//1183 431//1182 430//1183
f 568//1182 434//1184 431//1182
f 569//1184 436//1186 434//1184
f 436//1186 574//1188 438//1188
f 438//1188 576//1190 440//1190
f 576//1190 441//1192 440//1190
f 444//1194 577//1192 2800//1261
f 2802//1196 444//1194 2801//1262
f 447//1201 2802//1196 2803//1263
f 2804//1264 578//1200 447//1201
f 450//1200 579//1205 451//1205
f 453//1204 579//1205 582//1204
f 453//1204 584//1206 455//1206
f 457//1208 584//1206 586//1208
f 457//1208 587//1210 459//1210
f 462//1212 587//1210 590//1212
f 462//1212 591//1217 464//1217
f 464//1217 593//1216 466//1216
f 466//1216 595//1218 468//1218
f 468//1218 597//1220 470//1220
f 597//1220 471//1223 470//1220
f 473//1255 599//1223 602//1255
f 476//1225 602//1255 604//1225
f 476//1225 605//1227 478//1227
f 479//1230 605//1227 608//1230
f 479//1230 609//1232 481//1232
f 481//1232 611//1234 483//1234
f 483//1234 613//1237 485//1237
f 485//1237 616//1236 487//1236
f 489//1238 616//1236 617//1238
f 492//1240 617//1238 3018//1265
f 494//1242 3017//1266 3020//1267
f 496//1246 3021//1268 3022//1269
f 618//1249 496//1246 3023//1270
f 498//1249 620//1248 500//1248
f 502//1253 620//1248 622//1253
f 502//1253 623//1252 504//1252
f 504//1252 505//1116 362//1116
f 505//1116 628//1114 508//1114
f 510//1117 628//1114 630//1117
f 510//1117 632//1119 512//1119
f 512//1119 634//1121 514//1121
f 516//1123 634//1121 635//1123
f 516//1123 637//1125 518//1125
f 520//1130 637//1125 640//1130
f 520//1130 642//1129 522//1129
f 522//1129 643//1134 524//1134
f 643//1134 525//1133 524//1134
f 645//1133 527//1135 525//1133
f 527//1135 650//1137 530//1137
f 530//1137 652//1139 532//1139
f 2588//1271 534//1141 652//1139
f 2590//1272 536//1146 2589//1273
f 2592//1274 537//1145 2591//1275
f 2579//1276 537//1145 2593//1277
f 2594//1278 538//1155 2586//1279
f 2595//1280 539//1154 2594//1278
f 2597//1281 541//1156 2596//1282
f 2599//1283 653//1160 541//1156
f 544//1160 655//1162 546//1162
f 655//1162 548//1164 546//1162
f 657//1164 550//1167 548//1164
f 659//1167 552//1166 550//1167
f 661//1166 554//1168 552//1166
f 663//1168 555//1170 554//1168
f 555//1170 668//1172 557//1172
f 668//1172 560//1176 557//1172
f 670//1176 562//1179 560//1176
f 672//1179 564//1178 562//1179
f 673//1178 566//1183 564//1178
f 566//1183 677//1182 568//1182
f 677//1182 569//1184 568//1182
f 569//1184 681//1186 572//1186
f 574//1188 681//1186 2807//1284
f 576//1190 2808//1285 2809//1286
f 577//1192 2810//1287 2811//1288
f 2799//1261 577//1192 2812//1289
f 2813//1290 578//1200 2805//1264
f 2814//1291 579//1205 2813//1290
f 582//1204 2815//1292 2816//1293
f 2818//1294 684//1206 582//1204
f 584//1206 685//1208 586//1208
f 586//1208 687//1210 587//1210
f 587//1210 689//1212 590//1212
f 591//1217 689//1212 691//1217
f 593//1216 691//1217 694//1216
f 593//1216 695//1218 595//1218
f 595//1218 697//1220 597//1220
f 697//1220 599//1223 597//1220
f 602//1255 699//1223 701//1255
f 602//1255 703//1225 604//1225
f 604//1225 706//1227 605//1227
f 608//1230 706//1227 707//1230
f 609//1232 707//1230 710//1232
f 611//1234 710//1232 711//1234
f 613//1237 711//1234 3026//1295
f 616//1236 3025//1296 3029//1297
f 617//1238 3028//1298 3031//1299
f 3019//1265 617//1238 3030//1300
f 618//1249 3024//1270 3032//1301
f 618//1249 3033//1302 3034//1303
f 620//1248 3035//1304 3036//1305
f 714//1252 622//1253 3037//1306
f 505//1116 714//1252 626//1116
f 715//1116 628//1114 626//1116
f 628//1114 719//1117 630//1117
f 632//1119 719//1117 720//1119
f 634//1121 720//1119 723//1121
f 634//1121 724//1123 635//1123
f 635//1123 726//1125 637//1125
f 640//1130 726//1125 728//1130
f 640//1130 730//1129 642//1129
f 643//1134 730//1129 732//1134
f 732//1134 645//1133 643//1134
f 645//1133 736//1135 647//1135
f 647//1135 738//1137 650//1137
f 2601//1307 652//1139 738//1137
f 652//1139 2604//1271 2587//1271
f 653//1160 2606//1283 2605//1308
f 2607//1309 739//1162 653//1160
f 739//1162 657//1164 655//1162
f 740//1164 659//1167 657//1164
f 742//1167 661//1166 659//1167
f 661//1166 746//1168 663//1168
f 663//1168 748//1170 666//1170
f 666//1170 750//1172 668//1172
f 750//1172 670//1176 668//1172
f 752//1176 672//1179 670//1176
f 754//1179 673//1178 672//1179
f 673//1178 758//1183 675//1183
f 758//1183 677//1182 675//1183
f 761//1182 679//1184 677//1182
f 681//1186 762//1184 2820//1310
f 681//1186 2823//1284 2806//1284
f 684//1206 2824//1294 2825//1311
f 2826//1312 763//1208 684//1206
f 687//1210 763//1208 764//1210
f 687//1210 766//1212 689//1212
f 689//1212 769//1217 691//1217
f 694//1216 769//1217 770//1216
f 695//1218 770//1216 773//1218
f 695//1218 774//1220 697//1220
f 697//1220 777//1223 699//1223
f 699//1223 779//1255 701//1255
f 701//1255 781//1225 703//1225
f 706//1227 781//1225 783//1227
f 707//1230 783//1227 784//1230
f 707//1230 786//1232 710//1232
f 711//1234 786//1232 3040//1313
f 711//1234 3042//1295 3027//1295
f 714//1252 3043//1306 3044//1314
f 715//1116 714//1252 3045//1315
f 716//1114 3047//1316 3049//1317
f 719//1117 787//1114 788//1117
f 719//1117 790//1119 720//1119
f 720//1119 793//1121 723//1121
f 723//1121 794//1123 724//1123
f 724//1123 796//1125 726//1125
f 726//1125 798//1130 728//1130
f 728//1130 800//1129 730//1129
f 730//1129 802//1134 732//1134
f 802//1134 734//1133 732//1134
f 804//1133 736//1135 734//1133
f 2609//1318 736//1135 2610//1319
f 2602//1320 738//1137 2611//1321
f 2608//1322 2612//1323 739//1162
f 2614//1324 740//1164 2612//1323
f 740//1164 809//1167 742//1167
f 809//1167 744//1166 742//1167
f 811//1166 746//1168 744//1166
f 813//1168 748//1170 746//1168
f 815//1170 750//1172 748//1170
f 817//1172 752//1176 750//1172
f 819//1176 754//1179 752//1176
f 821//1179 756//1178 754//1179
f 823//1178 758//1183 756//1178
f 758//1183 826//1182 761//1182
f 761//1182 2829//1325 2828//1325
f 2821//1310 762//1184 2830//1326
f 763//1208 2827//1312 2831//1327
f 2832//1328 764//1210 2831//1327
f 766//1212 827//1210 828//1212
f 769//1217 828//1212 831//1217
f 770//1216 831//1217 832//1216
f 770//1216 834//1218 773//1218
f 773//1218 837//1220 774//1220
f 837//1220 777//1223 774//1220
f 777//1223 841//1255 779//1255
f 779//1255 842//1225 781//1225
f 781//1225 844//1227 783//1227
f 784//1230 844//1227 846//1230
f 784//1230 3052//1329 3050//1329
f 3041//1313 786//1232 3051//1330
f 715//1116 3046//1315 3047//1316
f 3053//1331 787//1114 3048//1317
f 847//1117 787//1114 3054//1332
f 788//1117 849//1119 790//1119
f 793//1121 849//1119 851//1121
f 794//1123 851//1121 853//1123
f 794//1123 855//1125 796//1125
f 798//1130 855//1125 857//1130
f 798//1130 860//1129 800//1129
f 800//1129 861//1134 802//1134
f 802//1134 864//1133 804//1133
f 2616//1333 806//1135 864//1133
f 2610//1319 806//1135 2617//1334
f 2613//1335 2618//1336 807//1164
f 2619//1337 865//1167 807//1164
f 865//1167 811//1166 809//1167
f 868//1166 813//1168 811//1166
f 869//1168 815//1170 813//1168
f 815//1170 874//1172 817//1172
f 817//1172 875//1176 819//1176
f 819//1176 878//1179 821//1179
f 821//1179 880//1178 823//1178
f 880//1178 825//1183 823//1178
f 826//1182 882//1183 2835//1338
f 2829//1325 826//1182 2836//1339
f 827//1210 2833//1328 2837//1340
f 2838//1341 884//1212 827//1210
f 828//1212 885//1217 831//1217
f 831//1217 888//1216 832//1216
f 832//1216 890//1218 834//1218
f 834//1218 892//1220 837//1220
f 892//1220 839//1223 837//1220
f 841//1255 893//1223 896//1255
f 842//1225 896//1255 897//1225
f 844//1227 897//1225 900//1227
f 846//1230 900//1227 3057//1342
f 3052//1329 846//1230 3056//1343
f 847//1117 3059//1344 3060//1345
f 903//1119 847//1117 3061//1346
f 849//1119 905//1121 851//1121
f 851//1121 906//1123 853//1123
f 853//1123 909//1125 855//1125
f 855//1125 911//1130 857//1130
f 860//1129 911//1130 913//1129
f 861//1134 913//1129 915//1134
f 2623//1347 864//1133 915//1134
f 864//1133 2624//1348 2615//1348
f 865//1167 2626//1349 2625//1350
f 2627//1351 919//1166 865//1167
f 868//1166 920//1168 869//1168
f 869//1168 922//1170 871//1170
f 922//1170 874//1172 871//1170
f 924//1172 875//1176 874//1172
f 927//1176 878//1179 875//1176
f 929//1179 880//1178 878//1179
f 2842//1352 882//1183 931//1178
f 882//1183 2843//1353 2834//1353
f 884//1212 2844//1341 2845//1354
f 2846//1355 935//1217 884//1212
f 888//1216 935//1217 937//1216
f 888//1216 939//1218 890//1218
f 890//1218 940//1220 892//1220
f 940//1220 893//1223 892//1220
f 893//1223 944//1255 896//1255
f 896//1255 946//1225 897//1225
f 900//1227 946//1225 3064//1356
f 900//1227 3066//1342 3058//1342
f 950//1119 3062//1346 3067//1346
f 903//1119 951//1121 905//1121
f 905//1121 954//1123 906//1123
f 906//1123 956//1125 909//1125
f 911//1130 956//1125 958//1130
f 913//1129 958//1130 960//1129
f 913//1129 962//1134 915//1134
f 2629//1347 915//1134 2630//1347
f 2631//1351 964//1166 2628//1351
f 964//1166 920//1168 919//1166
f 920//1168 968//1170 922//1170
f 968//1170 924//1172 922//1170
f 970//1172 927//1176 924//1172
f 972//1176 929//1179 927//1176
f 973//1179 931//1178 929//1179
f 931//1178 2849//1352 2848//1352
f 2850//1355 978//1217 2847//1355
f 937//1216 978//1217 980//1216
f 937//1216 982//1218 939//1218
f 940//1220 982//1218 983//1220
f 940//1220 986//1223 942//1223
f 944//1255 986//1223 988//1255
f 944//1255 990//1225 946//1225
f 946//1225 3070//1356 3069//1356
f 991//1357 3068//1346 3071//1346
f 951//1121 991//1357 993//1358
f 954//1123 993//1358 995//1359
f 954//1123 998//1360 956//1125
f 958//1130 998//1360 1000//1361
f 958//1130 1002//1362 960//1129
f 962//1134 1002//1362 1004//1363
f 2634//1347 962//1134 2633//1364
f 2635//1351 1006//1365 2632//1351
f 964//1166 1008//1366 966//1168
f 1008//1366 968//1170 966//1168
f 1010//1367 970//1172 968//1170
f 970//1172 1014//1368 972//1176
f 972//1176 1016//1369 973//1179
f 973//1179 1018//1370 975//1178
f 975//1178 2852//1371 2853//1352
f 2854//1355 1020//1372 2851//1355
f 980//1216 1020//1372 1022//1373
f 980//1216 1024//1374 982//1218
f 983//1220 1024//1374 1025//1375
f 1025//1375 986//1223 983//1220
f 986//1223 1029//1376 988//1255
f 988//1255 1032//1377 990//1225
f 990//1225 3074//1378 3073//1356
f 1034//1379 3072//1380 3075//1381
f 993//1358 1034//1379 1036//1382
f 993//1358 1038//1383 995//1359
f 995//1359 1040//1384 998//1360
f 1000//1361 1040//1384 1043//1385
f 1000//1361 1045//1386 1002//1362
f 1002//1362 1047//1387 1004//1363
f 2638//1388 1004//1363 2637//1389
f 2639//1390 1050//1391 2636//1392
f 1050//1391 1008//1366 1006//1365
f 1052//1393 1010//1367 1008//1366
f 1054//1394 1012//1395 1010//1367
f 1056//1396 1014//1368 1012//1395
f 1059//1397 1016//1369 1014//1368
f 1016//1369 1063//1398 1018//1370
f 1018//1370 2856//1399 2857//1400
f 2858//1401 1067//1402 2855//1403
f 1020//1372 1068//1404 1022//1373
f 1022//1373 1071//1405 1024//1374
f 1071//1405 1025//1375 1024//1374
f 1072//1406 1027//1407 1025//1375
f 1027//1407 1076//1408 1029//1376
f 1029//1376 1078//1409 1032//1377
f 1032//1377 3078//1410 3077//1411
f 1082//1412 3081//1413 3079//1414
f 3076//1415 1082//1412 1084//1416
f 1034//1379 1086//1417 1036//1382
f 1036//1382 1087//1418 1038//1383
f 1040//1384 1087//1418 1089//1419
f 1043//1385 1089//1419 1091//1420
f 1043//1385 1094//1421 1045//1386
f 1047//1387 1094//1421 1095//1422
f 2637//1389 1095//1422 1097//1423
f 1097//1423 2643//1424 2641//1425
f 1099//1426 2646//1427 2644//1428
f 1099//1426 1050//1391 2640//1429
f 1050//1391 1103//1430 1052//1393
f 1103//1430 1054//1394 1052//1393
f 1054//1394 1108//1431 1056//1396
f 1056//1396 1110//1432 1059//1397
f 1110//1432 1061//1433 1059//1397
f 1112//1434 1063//1398 1061//1433
f 1063//1398 1116//1435 2860//1436
f 1116//1435 2862//1437 2860//1436
f 1118//1438 2864//1439 2865//1440
f 2863//1441 1119//1442 1067//1402
f 1067//1402 1121//1443 1068//1404
f 1068//1404 1123//1444 1071//1405
f 1123//1444 1072//1406 1071//1405
f 1072//1406 1128//1445 1074//1446
f 1128//1445 1076//1408 1074//1446
f 1076//1408 1131//1447 1078//1409
f 1078//1409 1134//1448 3082//1449
f 1134//1448 3083//1450 3082//1449
f 1137//1451 3079//1414 3085//1452
f 1082//1412 1138//1453 1084//1416
f 1084//1416 1140//1454 1086//1417
f 1086//1417 1142//1455 1087//1418
f 1087//1418 1144//1456 1089//1419
f 1089//1419 1146//1457 1091//1420
f 1091//1420 1148//1458 1094//1421
f 1095//1422 1148//1458 1150//1459
f 1150//1459 1097//1423 1095//1422
f 2648//1460 1097//1423 2647//1461
f 2650//1462 1157//1463 2644//1428
f 1099//1426 1159//1464 1101//1465
f 1101//1465 1161//1466 1103//1430
f 1161//1466 1105//1467 1103//1430
f 1163//1468 1108//1431 1105//1467
f 1165//1469 1110//1432 1108//1431
f 1167//1470 1112//1434 1110//1432
f 1168//1471 1114//1472 1112//1434
f 1170//1473 1116//1435 1114//1472
f 1116//1435 2866//1474 2867//1475
f 2868//1476 1177//1477 2865//1440
f 1119//1442 1177//1477 1179//1478
f 1119//1442 1180//1479 1121//1443
f 1121//1443 1182//1480 1123//1444
f 1182//1480 1125//1481 1123//1444
f 1184//1482 1128//1445 1125//1481
f 1129//1483 1186//1484 1188//1485
f 1129//1483 1191//1486 1131//1447
f 1131//1447 1193//1487 1134//1448
f 1134//1448 3088//1488 3087//1489
f 3090//1490 1195//1491 3089//1492
f 1195//1491 1137//1451 3091//1493
f 1138//1453 1198//1494 1199//1495
f 1138//1453 1201//1496 1140//1454
f 1142//1455 1201//1496 1203//1497
f 1142//1455 1205//1498 1144//1456
f 1146//1457 1205//1498 1207//1499
f 1148//1458 1207//1499 1209//1500
f 1150//1459 1209//1500 1211//1501
f 1211//1501 1152//1502 1150//1459
f 2652//1503 1152//1502 1216//1504
f 2651//1505 1216//1504 2653//1506
f 1217//1507 2655//1508 2654//1509
f 2656//1510 1217//1507 1157//1463
f 1219//1511 1159//1464 1157//1463
f 1159//1464 1223//1512 1161//1466
f 1161//1466 1225//1513 1163//1468
f 1225//1513 1165//1469 1163//1468
f 1227//1514 1167//1470 1165//1469
f 1167//1470 1231//1515 1168//1471
f 1231//1515 1170//1473 1168//1471
f 1170//1473 1235//1516 1172//1517
f 1172//1517 1237//1518 2870//1519
f 2871//1520 1237//1518 2872//1521
f 2874//1522 1240//1523 2873//1524
f 2875//1525 1240//1523 1177//1477
f 1177//1477 1244//1526 1179//1478
f 1179//1478 1245//1527 1180//1479
f 1182//1480 1245//1527 1247//1528
f 1184//1482 1247//1528 1249//1529
f 1184//1482 1252//1530 1186//1484
f 1186//1484 1254//1531 1188//1485
f 1191//1486 1254//1531 1255//1532
f 1193//1487 1255//1532 1258//1533
f 1193//1487 1260//1534 3092//1535
f 1260//1534 3094//1536 3093//1537
f 1261//1538 1195//1491 3096//1539
f 1198//1494 1263//1540 1266//1541
f 1199//1495 1266//1541 1267//1542
f 1199//1495 1269//1543 1201//1496
f 1201//1496 1271//1544 1203//1497
f 1205//1498 1271//1544 1273//1545
f 1205//1498 1275//1546 1207//1499
f 1207//1499 1277//1547 1209//1500
f 1211//1501 1277//1547 1279//1548
f 1211//1501 1282//1549 1213//1550
f 1213//1550 1283//1551 1216//1504
f 2658//1552 1216//1504 1285//1553
f 1285//1553 2659//1554 2657//1555
f 1288//1556 2663//1557 2661//1558
f 2664//1559 1288//1556 1217//1507
f 1290//1560 1219//1511 1217//1507
f 1292//1561 1221//1562 1219//1511
f 1221//1562 1296//1563 1223//1512
f 1296//1563 1225//1513 1223//1512
f 1298//1564 1227//1514 1225//1513
f 1227//1514 1302//1565 1229//1566
f 1302//1565 1231//1515 1229//1566
f 1303//1567 1233//1568 1231//1515
f 1305//1569 1235//1516 1233//1568
f 1235//1516 1309//1570 1237//1518
f 1237//1518 1311//1571 2877//1572
f 1311//1571 2878//1573 2876//1574
f 1313//1575 2881//1576 2882//1577
f 2883//1578 1313//1575 1240//1523
f 1242//1579 1315//1580 1317//1581
f 1244//1526 1317//1581 1319//1582
f 1244//1526 1321//1583 1245//1527
f 1245//1527 1324//1584 1247//1528
f 1247//1528 1326//1585 1249//1529
f 1249//1529 1328//1586 1252//1530
f 1254//1531 1328//1586 1330//1587
f 1254//1531 1332//1588 1255//1532
f 1255//1532 1334//1589 1258//1533
f 1260//1534 1334//1589 1336//1590
f 1260//1534 1338//1591 3097//1592
f 1338//1591 3099//1593 3098//1594
f 1261//1538 3101//1595 3102//1596
f 1261//1538 1341//1597 1263//1540
f 1266//1541 1341//1597 1343//1598
f 1266//1541 1345//1599 1267//1542
f 1269//1543 1345//1599 1347//1600
f 1269//1543 1349//1601 1271//1544
f 1273//1545 1349//1601 1352//1602
f 1275//1546 1352//1602 1354//1603
f 1275//1546 1355//1604 1277//1547
f 1277//1547 1358//1605 1279//1548
f 1358//1605 1282//1549 1279//1548
f 1282//1549 1362//1606 1283//1551
f 1362//1606 1285//1553 1283//1551
f 2665//1607 1285//1553 1366//1608
f 2667//1609 1366//1608 2668//1610
f 2668//1610 1367//1611 2669//1612
f 1369//1613 2671//1614 2670//1615
f 2672//1616 1369//1613 2673//1617
f 2674//1618 1371//1619 1288//1556
f 1288//1556 1376//1620 1290//1560
f 1376//1620 1292//1561 1290//1560
f 1377//1621 1294//1622 1292//1561
f 1379//1623 1296//1563 1294//1622
f 1381//1624 1298//1564 1296//1563
f 1298//1564 1385//1625 1299//1626
f 1385//1625 1302//1565 1299//1626
f 1387//1627 1303//1567 1302//1565
f 1390//1628 1305//1569 1303//1567
f 1391//1629 1307//1630 1305//1569
f 1394//1631 1309//1570 1307//1630
f 1396//1632 1311//1571 1309//1570
f 1311//1571 1399//1633 2884//1634
f 2886//1635 1399//1633 2887//1636
f 2887//1636 1401//1637 2888//1638
f 2890//1639 1403//1640 2889//1641
f 2892//1642 1403//1640 2891//1643
f 2893//1644 1405//1645 1313//1575
f 1315//1580 1407//1646 1409//1647
f 1315//1580 1412//1648 1317//1581
f 1317//1581 1414//1649 1319//1582
f 1319//1582 1416//1650 1321//1583
f 1324//1584 1416//1650 1418//1651
f 1324//1584 1420//1652 1326//1585
f 1326//1585 1421//1653 1328//1586
f 1328//1586 1424//1654 1330//1587
f 1330//1587 1426//1655 1332//1588
f 1332//1588 1428//1656 1334//1589
f 1336//1590 1428//1656 1430//1657
f 1336//1590 1432//1658 1338//1591
f 1338//1591 1434//1659 3103//1660
f 1436//1661 3105//1662 3104//1663
f 3106//1664 1436//1661 3107//1665
f 3108//1666 1437//1667 3109//1668
f 1437//1667 3110//1669 3111//1670
f 1439//1671 1261//1538 3112//1672
f 1341//1597 1441//1673 1443//1674
f 1343//1598 1443//1674 1445//1675
f 1343//1598 1448//1676 1345//1599
f 1345//1599 1449//1677 1347//1600
f 1349//1601 1449//1677 1452//1678
f 1352//1602 1452//1678 1453//1679
f 1352//1602 1455//1680 1354//1603
f 1355//1604 1455//1680 1457//1681
f 1358//1605 1457//1681 1459//1682
f 1459//1682 1360//1683 1358//1605
f 1360//1683 1463//1684 1362//1606
f 1463//1684 1364//1685 1362//1606
f 1364//1685 1467//1686 1366//1608
f 1467//1686 1367//1611 1366//1608
f 2675//1687 1367//1611 1472//1688
f 2677//1689 1472//1688 2678//1690
f 2679//1691 1473//1692 2680//1693
f 1475//1694 2681//1695 2680//1693
f 1477//1696 2683//1697 2682//1698
f 2684//1699 1479//1700 2685//1701
f 2686//1702 1481//1703 2687//1704
f 2688//1705 1483//1706 1369//1613
f 1369//1613 1488//1707 1371//1619
f 1488//1707 1374//1708 1371//1619
f 1489//1709 1376//1620 1374//1708
f 1491//1710 1377//1621 1376//1620
f 1493//1711 1379//1623 1377//1621
f 1379//1623 1497//1712 1381//1624
f 1381//1624 1499//1713 1383//1714
f 1383//1714 1501//1715 1385//1625
f 1385//1625 1503//1716 1387//1627
f 1387//1627 1505//1717 1390//1628
f 1390//1628 1507//1718 1391//1629
f 1507//1718 1394//1631 1391//1629
f 1394//1631 1511//1719 1396//1632
f 1396//1632 1513//1720 1397//1721
f 1513//1720 1399//1633 1397//1721
f 1515//1722 1401//1637 1399//1633
f 1401//1637 1519//1723 2894//1724
f 2896//1725 1519//1723 2897//1726
f 2898//1727 1522//1728 2899//1729
f 1523//1730 2900//1731 2899//1729
f 1527//1732 2900//1731 1525//1733
f 2902//1734 1527//1732 2903//1735
f 1529//1736 2905//1737 2904//1738
f 2906//1739 1532//1740 1403//1640
f 1403//1640 1536//1741 1405//1645
f 1407//1646 1536//1741 1537//1742
f 1409//1647 1537//1742 1539//1743
f 1412//1648 1539//1743 1541//1744
f 1412//1648 1543//1745 1414//1649
f 1414//1649 1545//1746 1416//1650
f 1416//1650 1548//1747 1418//1651
f 1420//1652 1548//1747 1550//1748
f 1420//1652 1552//1749 1421//1653
f 1424//1654 1552//1749 1554//1750
f 1426//1655 1554//1750 1556//1751
f 1426//1655 1558//1752 1428//1656
f 1428//1656 1560//1753 1430//1657
f 1432//1658 1560//1753 1562//1754
f 1432//1658 1563//1755 1434//1659
f 1436//1661 1563//1755 1566//1756
f 1436//1661 1568//1757 3113//1758
f 1569//1759 3115//1760 3114//1761
f 1572//1762 3117//1763 3116//1764
f 3118//1765 3119//1766 3120//1767
f 3119//1766 1576//1768 3121//1769
f 3122//1770 1576//1768 3123//1771
f 3124//1772 1578//1773 3125//1774
f 1580//1775 1437//1667 3126//1776
f 1437//1667 1583//1777 1439//1671
f 1439//1671 1441//1673 1339//1778
f 1441//1673 1587//1779 1443//1674
f 1443//1674 1589//1780 1445//1675
f 1448//1676 1589//1780 1592//1781
f 1448//1676 1594//1782 1449//1677
f 1449//1677 1596//1783 1452//1678
f 1452//1678 1598//1784 1453//1679
f 1453//1679 1599//1785 1455//1680
f 1455//1680 1602//1786 1457//1681
f 1459//1682 1602//1786 1603//1787
f 1459//1682 1605//1788 1461//1789
f 1461//1789 1607//1790 1463//1684
f 1463//1684 1609//1791 1465//1792
f 1609//1791 1467//1686 1465//1792
f 1467//1686 1613//1793 1470//1794
f 1613//1793 1472//1688 1470//1794
f 1616//1795 1473//1692 1472//1688
f 1473//1692 1620//1796 1475//1694
f 1620//1796 1477//1696 1475//1694
f 1622//1797 1479//1700 1477//1696
f 1623//1798 1481//1703 1479//1700
f 1481//1703 1627//1799 1483//1706
f 1483//1706 1629//1800 1485//1801
f 1629//1800 1488//1707 1485//1801
f 1488//1707 1633//1802 1489//1709
f 1633//1802 1491//1710 1489//1709
f 1635//1803 1493//1711 1491//1710
f 1493//1711 1640//1804 1495//1805
f 1495//1805 1642//1806 1497//1712
f 1642//1806 1499//1713 1497//1712
f 1644//1807 1501//1715 1499//1713
f 1646//1808 1503//1716 1501//1715
f 1647//1809 1505//1717 1503//1716
f 1649//1810 1507//1718 1505//1717
f 1651//1811 1509//1812 1507//1718
f 1509//1812 1655//1813 1511//1719
f 1511//1719 1657//1814 1513//1720
f 1657//1814 1515//1722 1513//1720
f 1659//1815 1517//1816 1515//1722
f 1661//1817 1519//1723 1517//1816
f 1519//1723 1666//1818 1522//1728
f 1666//1818 1523//1730 1522//1728
f 1523//1730 1670//1819 1525//1733
f 1525//1733 1671//1820 1527//1732
f 1527//1732 1674//1821 1529//1736
f 1529//1736 1675//1822 1532//1740
f 1532//1740 1678//1823 1534//1824
f 1534//1824 1679//1825 1536//1741
f 1536//1741 1682//1826 1537//1742
f 1539//1743 1682//1826 1683//1827
f 1541//1744 1683//1827 1685//1828
f 1543//1745 1685//1828 1687//1829
f 1545//1746 1687//1829 1689//1830
f 1545//1746 1691//1831 1548//1747
f 1548//1747 1693//1832 1550//1748
f 1552//1749 1693//1832 1696//1833
f 1554//1750 1696//1833 1698//1834
f 1554//1750 1700//1835 1556//1751
f 1556//1751 1702//1836 1558//1752
f 1558//1752 1704//1837 1560//1753
f 1560//1753 1706//1838 1562//1754
f 1563//1755 1706//1838 1708//1839
f 1566//1756 1708//1839 1710//1840
f 1568//1757 1710//1840 1712//1841
f 1568//1757 1714//1842 1569//1759
f 1572//1762 1714//1842 1716//1843
f 1574//1844 1716//1843 1718//1845
f 1576//1768 1718//1845 1719//1846
f 1576//1768 1721//1847 1578//1773
f 1580//1775 1721//1847 1723//1848
f 1581//1849 1723//1848 1726//1850
f 1581//1849 1728//1851 1583//1777
f 1583//1777 1585//1852 1441//1673
f 1585//1852 1731//1853 1587//1779
f 1589//1780 1731//1853 1733//1854
f 1589//1780 1735//1855 1592//1781
f 1592//1781 1738//1856 1594//1782
f 1596//1783 1738//1856 1739//1857
f 1598//1784 1739//1857 1742//1858
f 1598//1784 1744//1859 1599//1785
f 1599//1785 1746//1860 1602//1786
f 1603//1787 1746//1860 1748//1861
f 1748//1861 1605//1788 1603//1787
f 1750//1862 1607//1790 1605//1788
f 1752//1863 1609//1791 1607//1790
f 1754//1864 1611//1865 1609//1791
f 1756//1866 1613//1793 1611//1865
f 1613//1793 1760//1867 1616//1795
f 1760//1867 1618//1868 1616//1795
f 1618//1868 1763//1869 1620//1796
f 1763//1869 1622//1797 1620//1796
f 1622//1797 1767//1870 1623//1798
f 1767//1870 1625//1871 1623//1798
f 1770//1872 1627//1799 1625//1871
f 1771//1873 1629//1800 1627//1799
f 1629//1800 1775//1874 1631//1875
f 1631//1875 1778//1876 1633//1802
f 1778//1876 1635//1803 1633//1802
f 1780//1877 1638//1878 1635//1803
f 1782//1879 1640//1804 1638//1878
f 1640//1804 1786//1880 1642//1806
f 1786//1880 1644//1807 1642//1806
f 1788//1881 1646//1808 1644//1807
f 1789//1882 1647//1809 1646//1808
f 1647//1809 1793//1883 1649//1810
f 1793//1883 1651//1811 1649//1810
f 1796//1884 1654//1885 1651//1811
f 1654//1885 1800//1886 1655//1813
f 1655//1813 1802//1887 1657//1814
f 1802//1887 1659//1815 1657//1814
f 1804//1888 1661//1817 1659//1815
f 1806//1889 1664//1890 1661//1817
f 1664//1890 1810//1891 1666//1818
f 1810//1891 1668//1892 1666//1818
f 1812//1893 1670//1819 1668//1892
f 1813//1894 1671//1820 1670//1819
f 1671//1820 1817//1895 1674//1821
f 1817//1895 1675//1822 1674//1821
f 1675//1822 1822//1896 1678//1823
f 1678//1823 1824//1897 1679//1825
f 1679//1825 1826//1898 1682//1826
f 1683//1827 1826//1898 1827//1899
f 1683//1827 1830//1900 1685//1828
f 1685//1828 1831//1901 1687//1829
f 1687//1829 1833//1902 1689//1830
f 1689//1830 1835//1903 1691//1831
f 1693//1832 1835//1903 1837//1904
f 1693//1832 1840//1905 1696//1833
f 1698//1834 1840//1905 1842//1906
f 1698//1834 1844//1907 1700//1835
f 1702//1836 1844//1907 1845//1908
f 1702//1836 1848//1909 1704//1837
f 1704//1837 1850//1910 1706//1838
f 1708//1839 1850//1910 1852//1911
f 1708//1839 1854//1912 1710//1840
f 1710//1840 1856//1913 1712//1841
f 1712//1841 1857//1914 1714//1842
f 1714//1842 1859//1915 1716//1843
f 1718//1845 1859//1915 1862//1916
f 1718//1845 1864//1917 1719//1846
f 1719//1846 1865//1918 1721//1847
f 1721//1847 1867//1919 1723//1848
f 1723//1848 1869//1920 1726//1850
f 1726//1850 1871//1921 1728//1851
f 1728//1851 1729//1922 1585//1852
f 1729//1922 1875//1923 1731//1853
f 1731//1853 1878//1924 1733//1854
f 1733//1854 1880//1925 1735//1855
f 1735//1855 1881//1926 1738//1856
f 1738//1856 1883//1927 1739//1857
f 1742//1858 1883//1927 1886//1928
f 1744//1859 1886//1928 1888//1929
f 1744//1859 1890//1930 1746//1860
f 1746//1860 1892//1931 1748//1861
f 1750//1862 1892//1931 1894//1932
f 1750//1862 1896//1933 1752//1863
f 1752//1863 1898//1934 1754//1864
f 1754//1864 1899//1935 1756//1866
f 1899//1935 1758//1936 1756//1866
f 1901//1937 1760//1867 1758//1936
f 1760//1867 1905//1938 1762//1939
f 1905//1938 1763//1869 1762//1939
f 1763//1869 1909//1940 1765//1941
f 1909//1940 1767//1870 1765//1941
f 1767//1870 1914//1942 1770//1872
f 1914//1942 1771//1873 1770//1872
f 1771//1873 1918//1943 1773//1944
f 1918//1943 1775//1874 1773//1944
f 1778//1876 1920//1945 1922//1946
f 1778//1876 1923//1947 1780//1877
f 1923//1947 1782//1879 1780//1877
f 1782//1879 1927//1948 1783//1949
f 1927//1948 1786//1880 1783//1949
f 1929//1950 1788//1881 1786//1880
f 1788//1881 1934//1951 1789//1882
f 1789//1882 1936//1952 1792//1953
f 1792//1953 1938//1954 1793//1883
f 1938//1954 1796//1884 1793//1883
f 1939//1955 1797//1956 1796//1884
f 1941//1957 1800//1886 1797//1956
f 1800//1886 1945//1958 1802//1887
f 1945//1958 1804//1888 1802//1887
f 1947//1959 1806//1889 1804//1888
f 1806//1889 1951//1960 1808//1961
f 1808//1961 1954//1962 1810//1891
f 1954//1962 1812//1893 1810//1891
f 1956//1963 1813//1894 1812//1893
f 1957//1964 1815//1965 1813//1894
f 1815//1965 1962//1966 1817//1895
f 1962//1966 1820//1967 1817//1895
f 1964//1968 1822//1896 1820//1967
f 1966//1969 1824//1897 1822//1896
f 1968//1970 1826//1898 1824//1897
f 1826//1898 1972//1971 1827//1899
f 1830//1900 1972//1971 1973//1972
f 1831//1901 1973//1972 1976//1973
f 1831//1901 1978//1974 1833//1902
f 1833//1902 1980//1975 1835//1903
f 1835//1903 1982//1976 1837//1904
f 1840//1905 1982//1976 1983//1977
f 1840//1905 1985//1978 1842//1906
f 1844//1907 1985//1978 1987//1979
f 1844//1907 1989//1980 1845//1908
f 1848//1909 1989//1980 1991//1981
f 1850//1910 1991//1981 1993//1982
f 1852//1911 1993//1982 1995//1983
f 1854//1912 1995//1983 1998//1984
f 2000//1985 1854//1912 1998//1984
f 1857//1914 2000//1985 2002//1986
f 1859//1915 2002//1986 2004//1987
f 1862//1916 2004//1987 2006//1988
f 1864//1917 2006//1988 2007//1989
f 1865//1918 2007//1989 2010//1990
f 1865//1918 2012//1991 1867//1919
f 1869//1920 2012//1991 2013//1992
f 1869//1920 2015//1993 1871//1921
f 1871//1921 1873//1994 1729//1922
f 1875//1923 2018//1995 2019//1996
f 1875//1923 2021//1997 1878//1924
f 1878//1924 2024//1998 1880//1925
f 1880//1925 2025//1999 1881//1926
f 1881//1926 2028//2000 1883//1927
f 1886//1928 2028//2000 2029//2001
f 1886//1928 2032//2002 1888//1929
f 1890//1930 2032//2002 2033//2003
f 1892//1931 2033//2003 2036//2004
f 1892//1931 2037//2005 1894//1932
f 1896//1933 2037//2005 2039//2006
f 1898//1934 2039//2006 2042//2007
f 1898//1934 2044//2008 1899//1935
f 1899//1935 2046//2009 1901//1937
f 1903//2010 2046//2009 2048//2011
f 1903//2010 2049//2012 1905//1938
f 1905//1938 2051//2013 1908//2014
f 1908//2014 2054//2015 1909//1940
f 1909//1940 2056//2016 1911//2017
f 1911//2017 2057//2018 1914//1942
f 1914//1942 2059//2019 1916//2020
f 1916//2020 2061//2021 1918//1943
f 1920//1945 2061//2021 2064//2022
f 2064//2022 1922//1946 1920//1945
f 1922//1946 2067//2023 1923//1947
f 1923//1947 2069//2024 1925//2025
f 1925//2025 2072//2026 1927//1948
f 1927//1948 2073//2027 1929//1950
f 2073//2027 1932//2028 1929//1950
f 2075//2029 1934//1951 1932//2028
f 1934//1951 2080//2030 1936//1952
f 1936//1952 2082//2031 1938//1954
f 2082//2031 1939//1955 1938//1954
f 1939//1955 2086//2032 1941//1957
f 2086//2032 1943//2033 1941//1957
f 1943//2033 2089//2034 1945//1958
f 2089//2034 1947//1959 1945//1958
f 2092//2035 1949//2036 1947//1959
f 2094//2037 1951//1960 1949//2036
f 1951//1960 2098//2038 1954//1962
f 2098//2038 1956//1963 1954//1962
f 2100//2039 1957//1964 1956//1963
f 1957//1964 2104//2040 1960//2041
f 2104//2040 1962//1966 1960//2041
f 2106//2042 1964//1968 1962//1966
f 1964//1968 2109//2043 1966//1969
f 2109//2043 1968//1970 1966//1969
f 2111//2044 1970//2045 1968//1970
f 2113//2046 1972//1971 1970//2045
f 2116//2047 1973//1972 1972//1971
f 2117//2048 1976//1973 1973//1972
f 1976//1973 2121//2049 1978//1974
f 1978//1974 2124//2050 1980//1975
f 1980//1975 2126//2051 1982//1976
f 1983//1977 2126//2051 2128//2052
f 1985//1978 2128//2052 2130//2053
f 1987//1979 2130//2053 2131//2054
f 1989//1980 2131//2054 2134//2055
f 1991//1981 2134//2055 2136//2056
f 1993//1982 2136//2056 2138//2057
f 2139//2058 1993//1982 2138//2057
f 2142//2059 1995//1983 2139//2058
f 2000//1985 2142//2059 2143//2060
f 2146//2061 2000//1985 2143//2060
f 2004//1987 2146//2061 2147//2062
f 2006//1988 2147//2062 2150//2063
f 2007//1989 2150//2063 2152//2064
f 2010//1990 2152//2064 2154//2065
f 2012//1991 2154//2065 2156//2066
f 2013//1992 2156//2066 2158//2067
f 2015//1993 2158//2067 2160//2068
f 1873//1994 2160//2068 2018//1995
f 2019//1996 2161//2069 2163//2070
f 2021//1997 2163//2070 2165//2071
f 2021//1997 2167//2072 2024//1998
f 2024//1998 2169//2073 2025//1999
f 2025//1999 2171//2074 2028//2000
f 2028//2000 2173//2075 2029//2001
f 2029//2001 2175//2076 2032//2002
f 2033//2003 2175//2076 2177//2077
f 2033//2003 2179//2078 2036//2004
f 2037//2005 2179//2078 2181//2079
f 2037//2005 2183//2080 2039//2006
f 2039//2006 2185//2081 2042//2007
f 2042//2007 2187//2082 2044//2008
f 2044//2008 2189//2083 2046//2009
f 2046//2009 2191//2084 2048//2011
f 2048//2011 2193//2085 2049//2012
f 2049//2012 2195//2086 2051//2013
f 2051//2013 2197//2087 2054//2015
f 2056//2016 2197//2087 2199//2088
f 2057//2018 2199//2088 2201//2089
f 2057//2018 2204//2090 2059//2019
f 2204//2090 2061//2021 2059//2019
f 2205//2091 2064//2022 2061//2021
f 2208//2092 2065//2093 2064//2022
f 2210//2094 2067//2023 2065//2093
f 2211//2095 2069//2024 2067//2023
f 2069//2024 2215//2096 2072//2026
f 2072//2026 2217//2097 2073//2027
f 2217//2097 2075//2029 2073//2027
f 2219//2098 2078//2099 2075//2029
f 2221//2100 2080//2030 2078//2099
f 2224//2101 2082//2031 2080//2030
f 2226//2102 2084//2103 2082//2031
f 2228//2104 2086//2032 2084//2103
f 2086//2032 2232//2105 2087//2106
f 2232//2105 2089//2034 2087//2106
f 2089//2034 2235//2107 2092//2035
f 2235//2107 2094//2037 2092//2035
f 2237//2108 2096//2109 2094//2037
f 2240//2110 2098//2038 2096//2109
f 2241//2111 2100//2039 2098//2038
f 2243//2112 2102//2113 2100//2039
f 2102//2113 2247//2114 2104//2040
f 2104//2040 2249//2115 2106//2042
f 2106//2042 2251//2116 2107//2117
f 2251//2116 2109//2043 2107//2117
f 2109//2043 2255//2118 2111//2044
f 2111//2044 2257//2119 2113//2046
f 2257//2119 2116//2047 2113//2046
f 2116//2047 2261//2120 2117//2048
f 2117//2048 2263//2121 2119//2122
f 2263//2121 2121//2049 2119//2122
f 2121//2049 2267//2123 2124//2050
f 2267//2123 2126//2051 2124//2050
f 2272//2124 2126//2051 2270//2125
f 2130//2053 2272//2124 2274//2126
f 2131//2054 2274//2126 2275//2127
f 2134//2055 2275//2127 2277//2128
f 2136//2056 2277//2128 2279//2129
f 2138//2057 2279//2129 2281//2130
f 2139//2058 2281//2130 2284//2131
f 2142//2059 2284//2131 2286//2132
f 2287//2133 2142//2059 2286//2132
f 2146//2061 2287//2133 2289//2134
f 2147//2062 2289//2134 2291//2135
f 2150//2063 2291//2135 2294//2136
f 2152//2064 2294//2136 2295//2137
f 2154//2065 2295//2137 2297//2138
f 2299//2139 2154//2065 2297//2138
f 2158//2067 2299//2139 2301//2140
f 2303//2141 2158//2067 2301//2140
f 2018//1995 2303//2141 2161//2069
f 2305//1036 2161//2069 2306//2142
f 2305//1036 2165//2071 2163//2070
f 2308//2143 2307//1037 2167//2072
f 2169//2073 2309//1038 2311//2144
f 2169//2073 2310//1039 2171//2074
f 2173//2075 2312//1040 2313//1041
f 2313//1041 2175//2076 2173//2075
f 2177//2077 2314//1042 2315//1044
f 2177//2077 2316//1043 2179//2078
f 2181//2079 2316//1043 2317//1045
f 2318//1046 2181//2079 2317//1045
f 2185//2081 2318//1046 2319//1047
f 2187//2082 2319//1047 2320//1049
f 2189//2083 2320//1049 2321//1048
f 2189//2083 2322//1052 2191//2084
f 2326//2145 2191//2084 2324//1051
f 2195//2086 2326//2145 2325//1053
f 2195//2086 2327//1054 2197//2087
f 2197//2087 2329//1055 2328//1056
f 2199//2088 2331//1057 2201//2089
f 2330//1059 2204//2090 2331//1057
f 2205//2091 2332//1058 2334//1060
f 2334//1060 2333//1062 2208//2092
f 2210//2094 2335//1061 2336//1063
f 2210//2094 2337//1064 2211//2095
f 2213//2146 2337//1064 2338//1066
f 2213//2146 2339//1065 2215//2096
f 2217//2097 2339//1065 2340//2147
f 2217//2097 2341//1067 2219//2098
f 2221//2100 2341//1067 2342//1068
f 2221//2100 2343//1069 2224//2101
f 2226//2102 2343//1069 2344//2148
f 2226//2102 2345//2149 2228//2104
f 2230//2150 2345//2149 2347//1071
f 2232//2105 2349//1072 2348//1073
f 2234//2151 2348//1073 2350//1074
f 2352//2152 2235//2107 2350//1074
f 2351//1075 2237//2108 2235//2107
f 2354//2153 2353//1076 2240//2110
f 2241//2111 2355//1077 2357//2154
f 2241//2111 2356//1078 2243//2112
f 2246//2155 2358//1079 2359//1080
f 2359//1080 2247//2114 2246//2155
f 2249//2115 2360//1081 2361//1083
f 2249//2115 2362//1082 2251//2116
f 2253//2156 2362//1082 2363//1084
f 2364//1085 2253//2156 2363//1084
f 2257//2119 2364//1085 2365//1086
f 2259//2157 2365//1086 2366//1088
f 2261//2120 2366//1088 2367//1087
f 2261//2120 2368//1089 2263//2121
f 2370//1090 2372//1092 2263//2121
f 2267//2123 2372//1092 2371//1091
f 2267//2123 2374//2158 2270//2125
f 2272//2124 2374//2158 2376//1094
f 2373//1093 2376//1094 2374//2158
f 2272//2124 2378//1097 2274//2126
f 2377//1096 2275//2127 2378//1097
f 2277//2128 2379//1098 2380//2159
f 2381//1099 2279//2129 2380//2159
f 2281//2130 2382//1100 2383//1101
f 2281//2130 2384//1102 2284//2131
f 2286//2132 2384//1102 2385//1104
f 2286//2132 2386//1103 2287//2133
f 2289//2134 2386//1103 2387//2160
f 2289//2134 2388//1105 2291//2135
f 2294//2136 2388//1105 2389//1106
f 2294//2136 2390//1107 2295//2137
f 2297//2138 2390//1107 2391//2161
f 2297//2138 2392//2162 2299//2139
f 2301//2140 2392//2162 2394//1109
f 2303//2141 2396//1110 2395//1111
f 2161//2069 2395//1111 2306//2142
s 0
f 2529//2163 2524//2163 2634//2163
f 2533//2164 2529//2164 2637//2164
f 2642//2165 2538//2165 2533//2165
f 2543//2166 2537//2166 2648//2166
f 2544//2167 2652//2167 2651//2167
f 2550//2168 2545//2168 2658//2168
f 2558//2169 2551//2169 2659//2169
f 2666//2170 2557//2170 2665//2170
f 2565//2171 2556//2171 2668//2171
f 2676//2172 2568//2172 2565//2172
f 2678//2173 2569//2173 2568//2173
f 2573//2174 2569//2174 2681//2174
f 2683//2175 2575//2175 2573//2175
f 2685//2176 2577//2176 2575//2176
f 2687//2177 2578//2177 2577//2177
f 2564//2178 2561//2178 2670//2178
f 2673//2179 2562//2179 2672//2179
f 2552//2180 2563//2180 2674//2180
f 2547//2181 2553//2181 2663//2181
f 2546//2182 2664//2182 2654//2182
f 2542//2183 2541//2183 2656//2183
f 2644//2184 2535//2184 2542//2184
f 2531//2185 2535//2185 2645//2185
f 2525//2186 2530//2186 2639//2186
f 2521//2187 2525//2187 2632//2187
f 2516//2188 2521//2188 2628//2188
f 2625//2189 2512//2189 2627//2189
f 2620//2190 2510//2190 2626//2190
f 2510//2191 2618//2191 2614//2191
f 2498//2192 2505//2192 2608//2192
f 2605//2193 2496//2193 2499//2193
f 2488//2194 2490//2194 2606//2194
f 2598//2195 2489//2195 2599//2195
f 2479//2196 2486//2196 2597//2196
f 2478//2197 2479//2197 2594//2197
f 2584//2198 2476//2198 2478//2198
f 2472//2199 2476//2199 2582//2199
f 2469//2200 2472//2200 2579//2200
f 2483//2201 2471//2201 2592//2201
f 2589//2202 2485//2202 2590//2202
f 2482//2203 2485//2203 2587//2203
f 2603//2204 2494//2204 2495//2204
f 2491//2205 2601//2205 2611//2205
f 2502//2206 2609//2206 2617//2206
f 2624//2207 2507//2207 2616//2207
f 2622//2208 2509//2208 2624//2208
f 2518//2209 2514//2209 2623//2209
f 2518//2210 2630//2210 2523//2210
f 2749//2211 2744//2211 2853//2211
f 2753//2212 2749//2212 2856//2212
f 2758//2213 2753//2213 2861//2213
f 2763//2214 2757//2214 2867//2214
f 2764//2215 2870//2215 2871//2215
f 2770//2216 2765//2216 2877//2216
f 2775//2217 2770//2217 2879//2217
f 2885//2218 2777//2218 2884//2218
f 2779//2219 2777//2219 2888//2219
f 2895//2220 2788//2220 2785//2220
f 2897//2221 2789//2221 2788//2221
f 2791//2222 2789//2222 2899//2222
f 2901//2223 2795//2223 2793//2223
f 2903//2224 2797//2224 2795//2224
f 2798//2225 2797//2225 2905//2225
f 2784//2226 2781//2226 2890//2226
f 2891//2227 2782//2227 2892//2227
f 2772//2228 2783//2228 2893//2228
f 2767//2229 2773//2229 2881//2229
f 2766//2230 2883//2230 2874//2230
f 2762//2231 2761//2231 2875//2231
f 2755//2232 2762//2232 2865//2232
f 2751//2233 2755//2233 2863//2233
f 2745//2234 2750//2234 2858//2234
f 2742//2235 2854//2235 2851//2235
f 2735//2236 2740//2236 2850//2236
f 2731//2237 2735//2237 2845//2237
f 2730//2238 2844//2238 2839//2238
f 2832//2239 2726//2239 2837//2239
f 2826//2240 2720//2240 2831//2240
f 2825//2241 2717//2241 2718//2241
f 2708//2242 2717//2242 2819//2242
f 2817//2243 2709//2243 2818//2243
f 2700//2244 2709//2244 2815//2244
f 2697//2245 2814//2245 2813//2245
f 2803//2246 2696//2246 2698//2246
f 2692//2247 2694//2247 2802//2247
f 2689//2248 2692//2248 2799//2248
f 2703//2249 2691//2249 2811//2249
f 2808//2250 2705//2250 2809//2250
f 2702//2251 2705//2251 2806//2251
f 2714//2252 2715//2252 2822//2252
f 2712//2253 2714//2253 2821//2253
f 2722//2254 2723//2254 2829//2254
f 2728//2255 2835//2255 2834//2255
f 2733//2256 2728//2256 2841//2256
f 2737//2257 2733//2257 2840//2257
f 2739//2258 2848//2258 2849//2258
f 2970//2259 2964//2259 3073//2259
f 2973//2260 2970//2260 3078//2260
f 2979//2261 2973//2261 3084//2261
f 2984//2262 2978//2262 3087//2262
f 2985//2263 3092//2263 3093//2263
f 2988//2264 2985//2264 3098//2264
f 2990//2265 3100//2265 2996//2265
f 2996//2266 3104//2266 3105//2266
f 2995//2267 3107//2267 3113//2267
f 3003//2268 3113//2268 3114//2268
f 3006//2269 3115//2269 3116//2269
f 3010//2270 3008//2270 3118//2270
f 3009//2271 3119//2271 3121//2271
f 3012//2272 3122//2272 3123//2272
f 3015//2273 3125//2273 3016//2273
f 2998//2274 3016//2274 3109//2274
f 3002//2275 3110//2275 3112//2275
f 3001//2276 3102//2276 2991//2276
f 2987//2277 3095//2277 2982//2277
f 2981//2278 3096//2278 3090//2278
f 2977//2279 2976//2279 3091//2279
f 2971//2280 2977//2280 3079//2280
f 2967//2281 3080//2281 3076//2281
f 2961//2282 2965//2282 3075//2282
f 3067//2283 2957//2283 3071//2283
f 2951//2284 2955//2284 3067//2284
f 2946//2285 2951//2285 3060//2285
f 3059//2286 3055//2286 2945//2286
f 2940//2287 2941//2287 3053//2287
f 2929//2288 3047//2288 3046//2288
f 2936//2289 3045//2289 3044//2289
f 2926//2290 2937//2290 3038//2290
f 2925//2291 3036//2291 3035//2291
f 2918//2292 2927//2292 3034//2292
f 2916//2293 2917//2293 3032//2293
f 3020//2294 2912//2294 3022//2294
f 3017//2295 2910//2295 2912//2295
f 2907//2296 2910//2296 3019//2296
f 2921//2297 2909//2297 3031//2297
f 3025//2298 2923//2298 3029//2298
f 2935//2299 2919//2299 3026//2299
f 2934//2300 2935//2300 3039//2300
f 2932//2301 3040//2301 3051//2301
f 2944//2302 3056//2302 2948//2302
f 2949//2303 3057//2303 3058//2303
f 2950//2304 3066//2304 3063//2304
f 2959//2305 2954//2305 3064//2305
f 2960//2306 3069//2306 3070//2306
s 1
f 1//1 2//5 75//2
f 3//4 78//7 75//2
f 4//6 79//9 78//7
f 5//8 82//11 79//9
f 6//10 84//13 82//11
f 6//10 7//15 86//12
f 8//14 88//17 86//12
f 9//16 89//19 88//17
f 10//18 92//21 89//19
f 11//20 94//23 92//21
f 12//22 96//25 94//23
f 13//24 97//27 96//25
f 14//26 100//29 97//27
f 14//26 15//30 102//28
f 15//30 16//33 104//31
f 17//32 106//35 104//31
f 17//32 18//37 107//34
f 19//36 110//39 107//34
f 19//36 20//41 112//38
f 21//40 114//43 112//38
f 22//42 116//45 114//43
f 23//44 117//47 116//45
f 24//46 120//49 117//47
f 25//48 122//51 120//49
f 26//50 124//53 122//51
f 26//50 27//55 126//52
f 28//54 128//57 126//52
f 28//54 29//58 130//56
f 29//58 30//60 132//59
f 30//60 31//62 134//61
f 31//62 32//64 136//63
f 32//64 33//67 138//65
f 34//66 140//69 138//65
f 34//66 35//70 142//68
f 35//70 36//73 143//71
f 37//72 145//75 143//71
f 37//72 38//77 147//74
f 39//76 149//79 147//74
f 40//78 151//81 149//79
f 41//80 153//83 151//81
f 42//82 155//85 153//83
f 42//82 43//87 157//84
f 44//86 159//89 157//84
f 45//88 161//91 159//89
f 46//90 163//93 161//91
f 47//92 165//95 163//93
f 48//94 168//97 165//95
f 49//96 170//99 168//97
f 50//98 172//101 170//99
f 50//98 51//102 174//100
f 51//102 52//105 175//103
f 53//104 177//107 175//103
f 53//104 54//109 179//106
f 55//108 181//111 179//106
f 55//108 56//113 184//110
f 57//112 185//115 184//110
f 58//114 187//117 185//115
f 59//116 190//119 187//117
f 60//118 192//121 190//119
f 61//120 194//123 192//121
f 62//122 195//125 194//123
f 62//122 63//127 197//124
f 64//126 199//129 197//124
f 64//126 65//130 201//128
f 65//130 66//132 203//131
f 66//132 67//134 205//133
f 67//134 68//136 207//135
f 68//136 69//139 209//137
f 70//138 211//141 209//137
f 70//138 71//142 214//140
f 71//142 72//144 216//143
f 1//1 74//3 216//143
f 75//2 220//2 218//3
f 75//2 78//7 222//7
f 79//9 224//9 222//7
f 79//9 82//11 226//11
f 82//11 84//13 228//13
f 84//13 86//12 230//12
f 88//17 232//17 230//12
f 89//19 234//19 232//17
f 89//19 92//21 236//21
f 92//21 94//23 238//23
f 96//25 240//25 238//23
f 96//25 97//27 242//27
f 100//29 244//29 242//27
f 100//29 102//28 246//28
f 104//31 248//31 246//28
f 104//31 106//35 250//35
f 106//35 107//34 251//34
f 107//34 110//39 254//39
f 112//38 256//38 254//39
f 114//43 258//43 256//38
f 116//45 259//45 258//43
f 117//47 261//47 259//45
f 120//49 263//49 261//47
f 122//51 265//51 263//49
f 124//53 267//53 265//51
f 124//53 126//52 269//52
f 128//57 271//57 269//52
f 130//56 274//56 271//57
f 130//56 132//59 276//59
f 132//59 134//61 278//61
f 136//63 279//63 278//61
f 138//65 282//65 279//63
f 140//69 284//69 282//65
f 142//68 286//68 284//69
f 143//71 288//71 286//68
f 145//75 289//75 288//71
f 147//74 291//74 289//75
f 147//74 149//79 293//79
f 151//81 295//81 293//79
f 151//81 153//83 297//83
f 153//83 155//85 299//85
f 155//85 157//84 302//84
f 159//89 304//89 302//84
f 161//91 305//91 304//89
f 161//91 163//93 308//93
f 163//93 165//95 309//95
f 168//97 311//97 309//95
f 168//97 170//99 313//99
f 172//101 315//101 313//99
f 172//101 174//100 318//100
f 175//103 320//103 318//100
f 175//103 177//107 322//107
f 177//107 179//106 324//106
f 179//106 181//111 326//111
f 184//110 328//110 326//111
f 185//115 330//115 328//110
f 187//117 332//117 330//115
f 190//119 333//119 332//117
f 192//121 335//121 333//119
f 194//123 337//123 335//121
f 195//125 339//125 337//123
f 195//125 197//124 341//124
f 199//129 344//129 341//124
f 201//128 345//128 344//129
f 201//128 203//131 347//131
f 203//131 205//133 350//133
f 207//135 352//135 350//133
f 209//137 353//137 352//135
f 211//141 356//141 353//137
f 214//140 358//140 356//141
f 216//143 359//143 358//140
f 74//3 218//3 359//143
f 218//3 220//2 363//2
f 222//7 365//7 363//2
f 222//7 224//9 367//9
f 226//11 369//11 367//9
f 228//13 371//13 369//11
f 230//12 373//12 371//13
f 232//17 375//17 373//12
f 234//19 377//19 375//17
f 234//19 236//21 379//21
f 238//23 381//23 379//21
f 240//25 383//25 381//23
f 240//25 242//27 385//27
f 242//27 244//29 387//29
f 246//28 390//28 387//29
f 246//28 248//31 391//31
f 248//31 250//35 394//35
f 251//34 396//34 394//35
f 254//39 398//39 396//34
f 254//39 256//38 399//38
f 256//38 258//43 401//43
f 259//45 403//45 401//43
f 261//47 405//47 403//45
f 263//49 408//49 405//47
f 265//51 409//51 408//49
f 267//53 412//53 409//51
f 269//52 414//52 412//53
f 271//57 416//57 414//52
f 274//56 417//56 416//57
f 274//56 276//59 419//59
f 276//59 278//61 421//61
f 278//61 279//63 423//63
f 282//65 425//65 423//63
f 284//69 428//69 425//65
f 286//68 429//68 428//69
f 288//71 432//71 429//68
f 289//75 433//75 432//71
f 289//75 291//74 435//74
f 293//79 437//79 435//74
f 293//79 295//81 439//81
f 297//83 442//83 439//81
f 299//85 443//85 442//83
f 302//84 445//84 443//85
f 304//89 448//89 445//84
f 305//91 449//91 448//89
f 305//91 308//93 452//93
f 309//95 454//95 452//93
f 311//97 456//97 454//95
f 311//97 313//99 458//99
f 313//99 315//101 460//101
f 318//100 461//100 460//101
f 318//100 320//103 463//103
f 320//103 322//107 465//107
f 324//106 467//106 465//107
f 326//111 469//111 467//106
f 326//111 328//110 472//110
f 328//110 330//115 474//115
f 332//117 475//117 474//115
f 333//119 477//119 475//117
f 335//121 480//121 477//119
f 337//123 482//123 480//121
f 339//125 484//125 482//123
f 341//124 486//124 484//125
f 344//129 488//129 486//124
f 345//128 490//128 488//129
f 345//128 347//131 491//131
f 347//131 350//133 493//133
f 350//133 352//135 495//135
f 353//137 497//137 495//135
f 356//141 499//141 497//137
f 358//140 501//140 499//141
f 359//143 503//143 501//140
f 218//3 361//3 503//143
f 363//2 507//2 506//3
f 363//2 365//7 509//7
f 367//9 511//9 509//7
f 367//9 369//11 513//11
f 371//13 515//13 513//11
f 371//13 373//12 517//12
f 373//12 375//17 519//17
f 375//17 377//19 521//19
f 377//19 379//21 523//21
f 379//21 381//23 526//23
f 383//25 528//25 526//23
f 385//27 529//27 528//25
f 387//29 531//29 529//27
f 390//28 533//28 531//29
f 391//31 535//31 533//28
f 2469//145 2471//145 535//31
f 535//31 391//31 394//35
f 394//35 2470//3736 2469//145
f 2472//146 2470//3736 394//35
f 394//35 396//34 2473//147
f 396//34 398//39 2474//148
f 398//39 399//38 2475//150
f 2476//149 2474//148 398//39
f 2478//151 2475//150 399//38
f 399//38 401//43 2477//152
f 2479//153 2477//152 401//43
f 401//43 403//45 540//45
f 540//45 2480//153 2479//153
f 403//45 405//47 542//47
f 405//47 408//49 543//49
f 408//49 409//51 545//51
f 409//51 412//53 547//53
f 412//53 414//52 549//52
f 416//57 551//57 549//52
f 417//56 553//56 551//57
f 419//59 556//59 553//56
f 421//61 558//61 556//59
f 423//63 559//63 558//61
f 425//65 561//65 559//63
f 428//69 563//69 561//65
f 428//69 429//68 565//68
f 432//71 567//71 565//68
f 432//71 433//75 570//75
f 435//74 571//74 570//75
f 435//74 437//79 573//79
f 439//81 575//81 573//79
f 2689//154 2691//154 575//81
f 575//81 439//81 442//83
f 442//83 2690//3737 2689//154
f 2692//156 2690//3737 442//83
f 442//83 443//85 2693//155
f 443//85 445//84 2694//157
f 448//89 2695//3738 2696//158
f 2698//159 2695//3738 448//89
f 448//89 449//91 2697//160
f 2699//161 2697//160 449//91
f 449//91 452//93 580//93
f 580//93 2700//161 2699//161
f 452//93 454//95 581//95
f 456//97 583//97 581//95
f 458//99 585//99 583//97
f 460//101 588//101 585//99
f 461//100 589//100 588//101
f 463//103 592//103 589//100
f 465//107 594//107 592//103
f 467//106 596//106 594//107
f 467//106 469//111 598//111
f 472//110 600//110 598//111
f 472//110 474//115 601//115
f 474//115 475//117 603//117
f 475//117 477//119 606//119
f 477//119 480//121 607//121
f 480//121 482//123 610//123
f 482//123 484//125 612//125
f 484//125 486//124 614//124
f 488//129 615//129 614//124
f 2909//163 615//129 488//129
f 488//129 490//128 2908//162
f 2907//163 2909//163 488//129
f 2910//165 2908//162 490//128
f 490//128 491//131 2911//164
f 2912//166 2911//164 491//131
f 493//133 2913//167 2912//166
f 495//135 2914//169 2913//167
f 2914//169 495//135 497//137
f 497//137 2915//3739 2916//168
f 2915//3739 497//137 499//141
f 499//141 619//141 2918//170
f 2917//171 2915//3739 499//141
f 499//141 501//140 621//140
f 503//143 624//143 621//140
f 503//143 361//3 506//3
f 507//2 627//2 625//3
f 509//7 629//7 627//2
f 511//9 631//9 629//7
f 513//11 633//11 631//9
f 513//11 515//13 636//13
f 517//12 638//12 636//13
f 519//17 639//17 638//12
f 521//19 641//19 639//17
f 523//21 644//21 641//19
f 526//23 646//23 644//21
f 526//23 528//25 648//25
f 529//27 649//27 648//25
f 531//29 651//29 649//27
f 2481//172 2482//197 651//29
f 651//29 531//29 533//28
f 2485//3740 2481//172 533//28
f 533//28 535//31 2484//173
f 2483//174 2485//3740 533//28
f 2489//176 2486//175 540//45
f 542//47 2487//3741 2488//176
f 2488//176 2489//176 540//45
f 2490//177 2487//3741 542//47
f 542//47 543//49 654//49
f 543//49 545//51 656//51
f 547//53 658//53 656//51
f 549//52 660//52 658//53
f 551//57 662//57 660//52
f 551//57 553//56 664//56
f 556//59 665//59 664//56
f 556//59 558//61 667//61
f 558//61 559//63 669//63
f 561//65 671//65 669//63
f 561//65 563//69 674//69
f 563//69 565//68 676//68
f 567//71 678//71 676//68
f 567//71 570//75 680//75
f 571//74 682//74 680//75
f 573//79 2701//3742 2702//178
f 2702//178 682//74 571//74
f 2705//180 2701//3742 573//79
f 573//79 575//81 2704//179
f 2703//180 2705//180 573//79
f 2709//182 2706//181 580//93
f 581//95 2708//3743 2707//182
f 2707//182 2709//182 580//93
f 2710//183 2708//3743 581//95
f 581//95 583//97 683//97
f 585//99 686//99 683//97
f 588//101 688//101 686//99
f 589//100 690//100 688//101
f 592//103 692//103 690//100
f 594//107 693//107 692//103
f 594//107 596//106 696//106
f 596//106 598//111 698//111
f 600//110 700//110 698//111
f 601//115 702//115 700//110
f 601//115 603//117 704//117
f 603//117 606//119 705//119
f 607//121 708//121 705//119
f 607//121 610//123 709//123
f 612//125 712//125 709//123
f 2920//185 712//125 612//125
f 612//125 614//124 2919//184
f 2923//3744 2919//184 614//124
f 614//124 615//129 2922//186
f 2921//187 2923//3744 614//124
f 2924//188 619//141 621//140
f 621//140 2926//191 2925//189
f 2927//189 2924//188 621//140
f 2926//191 621//140 624//143
f 624//143 713//143 2928//190
f 624//143 506//3 625//3
f 2930//193 625//3 627//2
f 627//2 717//2 2929//192
f 629//7 718//7 717//2
f 631//9 721//9 718//7
f 631//9 633//11 722//11
f 633//11 636//13 725//13
f 638//12 727//12 725//13
f 639//17 729//17 727//12
f 639//17 641//19 731//19
f 641//19 644//21 733//21
f 644//21 646//23 735//23
f 646//23 648//25 737//25
f 2491//194 2492//216 737//25
f 737//25 648//25 649//27
f 2494//195 2491//194 649//27
f 649//27 651//29 2493//196
f 651//29 2482//197 2495//197
f 654//49 2497//3745 2496//177
f 2499//198 2497//3745 654//49
f 656//51 2498//3746 2499//198
f 2500//199 2498//3746 656//51
f 656//51 658//53 741//53
f 660//52 743//52 741//53
f 662//57 745//57 743//52
f 664//56 747//56 745//57
f 665//59 749//59 747//56
f 665//59 667//61 751//61
f 667//61 669//63 753//63
f 671//65 755//65 753//63
f 674//69 757//69 755//65
f 674//69 676//68 759//68
f 678//71 760//71 759//68
f 680//75 2711//3747 2712//200
f 2712//200 760//71 678//71
f 2714//201 2711//3747 680//75
f 680//75 682//74 2713//202
f 682//74 2702//178 2715//178
f 683//97 2716//3748 2717//203
f 2718//204 2716//3748 683//97
f 686//99 2719//3749 2718//204
f 2720//205 2719//3749 686//99
f 686//99 688//101 765//101
f 688//101 690//100 767//100
f 692//103 768//103 767//100
f 693//107 771//107 768//103
f 696//106 772//106 771//107
f 698//111 775//111 772//106
f 700//110 776//110 775//111
f 702//115 778//115 776//110
f 702//115 704//117 780//117
f 705//119 782//119 780//117
f 708//121 785//121 782//119
f 2932//207 785//121 708//121
f 708//121 709//123 2931//206
f 2934//209 2931//206 709//123
f 709//123 712//125 2933//208
f 712//125 2920//185 2935//210
f 713//143 2936//212 2937//190
f 2936//212 713//143 625//3
f 625//3 2930//193 2938//211
f 717//2 2939//214 2940//192
f 2939//214 717//2 718//7
f 718//7 789//7 2941//213
f 721//9 791//9 789//7
f 722//11 792//11 791//9
f 722//11 725//13 795//13
f 725//13 727//12 797//12
f 729//17 799//17 797//12
f 729//17 731//19 801//19
f 731//19 733//21 803//21
f 733//21 735//23 805//23
f 2501//215 2502//224 805//23
f 805//23 735//23 737//25
f 737//25 2492//216 2503//216
f 741//53 2504//3750 2505//199
f 2506//217 2504//3750 741//53
f 741//53 743//52 808//52
f 743//52 745//57 810//57
f 747//56 812//56 810//57
f 749//59 814//59 812//56
f 751//61 816//61 814//59
f 753//63 818//63 816//61
f 755//65 820//65 818//63
f 755//65 757//69 822//69
f 757//69 759//68 824//68
f 760//71 2721//219 2722//218
f 2722//218 824//68 759//68
f 760//71 2712//200 2723//200
f 765//101 2724//3751 2725//205
f 2726//220 2724//3751 765//101
f 765//101 767//100 829//100
f 767//100 768//103 830//103
f 771//107 833//107 830//103
f 772//106 835//106 833//107
f 775//111 836//111 835//106
f 776//110 838//110 836//111
f 776//110 778//115 840//115
f 780//117 843//117 840//115
f 782//119 845//119 843//117
f 2943//222 845//119 782//119
f 782//119 785//121 2942//221
f 785//121 2932//207 2944//207
f 2941//213 789//7 848//7
f 848//7 2947//213 2946//213
f 2945//223 2941//213 848//7
f 791//9 850//9 848//7
f 792//11 852//11 850//9
f 795//13 854//13 852//11
f 795//13 797//12 856//12
f 797//12 799//17 858//17
f 801//19 859//19 858//17
f 801//19 803//21 862//21
f 803//21 805//23 863//23
f 2508//228 2509//228 863//23
f 863//23 805//23 2502//224
f 2507//225 2508//228 863//23
f 2510//217 2506//217 808//52
f 808//52 866//52 2512//217
f 2511//217 2510//217 808//52
f 810//57 867//57 866//52
f 812//56 870//56 867//57
f 812//56 814//59 872//59
f 816//61 873//61 872//59
f 818//63 876//63 873//61
f 818//63 820//65 877//65
f 822//69 879//69 877//65
f 822//69 824//68 881//68
f 2728//218 2729//218 881//68
f 881//68 824//68 2722//218
f 2727//226 2728//218 881//68
f 2730//220 2726//220 829//100
f 829//100 883//100 2732//220
f 2731//220 2730//220 829//100
f 830//103 886//103 883//100
f 833//107 887//107 886//103
f 833//107 835//106 889//106
f 836//111 891//111 889//106
f 838//110 894//110 891//111
f 840//115 895//115 894//110
f 843//117 898//117 895//115
f 843//117 845//119 899//119
f 2950//222 899//119 845//119
f 845//119 2943//222 2948//222
f 2949//222 2950//222 845//119
f 848//7 901//227 2952//213
f 2951//213 2947//213 848//7
f 850//9 902//9 901//227
f 850//9 852//11 904//11
f 852//11 854//13 907//13
f 856//12 908//12 907//13
f 858//17 910//17 908//12
f 859//19 912//19 910//17
f 862//21 914//21 912//19
f 863//23 916//23 914//21
f 2513//228 2514//228 916//23
f 863//23 2509//228 2513//228
f 2515//217 2512//217 866//52
f 866//52 917//52 2516//217
f 866//52 867//57 918//57
f 867//57 870//56 921//56
f 870//56 872//59 923//59
f 872//59 873//61 925//61
f 876//63 926//63 925//61
f 877//65 928//65 926//63
f 879//69 930//69 928//65
f 879//69 881//68 932//229
f 2733//218 2734//218 932//229
f 881//68 2729//218 2733//218
f 2735//220 2732//220 883//100
f 883//100 933//100 2736//220
f 886//103 934//103 933//100
f 887//107 936//107 934//103
f 889//106 938//106 936//107
f 891//111 941//111 938//106
f 891//111 894//110 943//110
f 895//115 945//115 943//110
f 895//115 898//117 947//117
f 898//117 899//119 948//119
f 2953//222 2954//222 948//119
f 899//119 2950//222 2953//222
f 2955//230 901//227 902//9
f 902//9 949//9 2957//231
f 2956//231 2955//230 902//9
f 904//11 952//11 949//9
f 907//13 953//13 952//11
f 908//12 955//12 953//13
f 908//12 910//17 957//17
f 910//17 912//19 959//19
f 914//21 961//21 959//19
f 2518//232 2519//232 961//21
f 961//21 914//21 916//23
f 916//23 2517//233 2518//232
f 2521//235 2520//234 917//52
f 917//52 918//57 963//57
f 963//57 2522//235 2521//235
f 918//57 921//56 965//56
f 923//59 967//59 965//56
f 925//61 969//61 967//59
f 926//63 971//63 969//61
f 926//63 928//65 974//65
f 928//65 930//69 976//69
f 2738//236 2739//236 976//69
f 976//69 930//69 932//229
f 932//229 2737//237 2738//236
f 2741//239 2740//238 933//100
f 933//100 934//103 977//103
f 977//103 2742//239 2741//239
f 934//103 936//107 979//107
f 938//106 981//106 979//107
f 941//111 984//111 981//106
f 943//110 985//110 984//111
f 945//115 987//115 985//110
f 947//117 989//117 987//115
f 2960//241 989//117 947//117
f 947//117 948//119 2958//240
f 2959//241 2960//241 947//117
f 2961//231 2957//231 949//9
f 949//9 992//244 2962//242
f 949//9 952//11 994//243
f 953//13 996//246 994//243
f 953//13 955//12 997//245
f 957//17 999//248 997//245
f 957//17 959//19 1001//247
f 959//19 961//21 1003//249
f 2523//232 2524//276 1003//249
f 1003//249 961//21 2519//232
f 2525//235 2522//235 963//57
f 963//57 1005//251 2526//250
f 965//56 1007//253 1005//251
f 965//56 967//59 1009//252
f 969//61 1011//254 1009//252
f 971//63 1013//255 1011//254
f 974//65 1015//256 1013//255
f 976//69 1017//257 1015//256
f 2743//236 2744//3752 1017//257
f 1017//257 976//69 2739//236
f 2745//239 2742//239 977//103
f 977//103 1019//260 2746//258
f 977//103 979//107 1021//259
f 981//106 1023//261 1021//259
f 984//111 1026//262 1023//261
f 985//110 1028//263 1026//262
f 987//115 1030//264 1028//263
f 989//117 1031//301 1030//264
f 2964//265 1031//301 989//117
f 989//117 2960//241 2963//241
f 1033//266 2967//309 2966//267
f 2965//268 2962//242 992//244
f 992//244 1035//270 1033//266
f 992//244 994//243 1037//269
f 994//243 996//246 1039//271
f 997//245 1041//273 1039//271
f 997//245 999//248 1042//272
f 999//248 1001//247 1044//274
f 1003//249 1046//315 1044//274
f 2524//276 2527//3753 1048//275
f 1048//275 1046//315 1003//249
f 1048//275 2527//3753 2529//277
f 1049//279 2532//3754 2531//280
f 2530//281 2526//250 1005//251
f 1005//251 1051//283 1049//279
f 1005//251 1007//253 1053//282
f 1009//252 1055//284 1053//282
f 1011//254 1057//285 1055//284
f 1013//255 1058//286 1057//285
f 1015//256 1060//287 1058//286
f 1017//257 1062//289 1060//287
f 1017//257 2744//3752 2747//288
f 2747//288 1064//290 1062//289
f 1064//290 2747//288 2749//291
f 1065//293 2752//3755 2751//294
f 1065//293 2750//295 2746//258
f 2746//258 1019//260 1066//296
f 1019//260 1021//259 1069//297
f 1023//261 1070//299 1069//297
f 1023//261 1026//262 1073//298
f 1028//263 1075//300 1073//298
f 1030//264 1077//302 1075//300
f 1031//301 1079//304 1077//302
f 1079//304 1031//301 2964//265
f 2964//265 2968//3756 1080//303
f 1080//303 2968//3756 2970//305
f 2967//309 1033//266 1081//307
f 1081//307 2972//3757 2971//308
f 1035//270 1083//310 1081//307
f 1037//269 1085//311 1083//310
f 1039//271 1088//312 1085//311
f 1041//273 1090//313 1088//312
f 1042//272 1092//314 1090//313
f 1044//274 1093//316 1092//314
f 1046//315 1096//317 1093//316
f 1048//275 1098//319 1096//317
f 2533//318 2534//3758 1098//319
f 1098//319 1048//275 2528//278
f 2535//320 2532//3754 1049//279
f 1049//279 1100//322 2536//321
f 1051//283 1102//324 1100//322
f 1051//283 1053//282 1104//323
f 1053//282 1055//284 1106//325
f 1055//284 1057//285 1107//326
f 1058//286 1109//328 1107//326
f 1058//286 1060//287 1111//327
f 1060//287 1062//289 1113//329
f 1064//290 1115//331 1113//329
f 2753//330 2754//3759 1115//331
f 1115//331 1064//290 2748//292
f 2755//333 2752//3755 1065//293
f 1065//293 1117//335 2756//332
f 1065//293 1066//296 1120//334
f 1069//297 1122//336 1120//334
f 1070//299 1124//337 1122//336
f 1073//298 1126//339 1124//337
f 1073//298 1075//300 1127//338
f 1075//300 1077//302 1130//340
f 1077//302 1079//304 1132//341
f 1080//303 1133//342 1132//341
f 2973//343 2974//389 1133//342
f 1133//342 1080//303 2969//306
f 2972//3757 1081//307 1136//347
f 1136//347 1135//345 2975//344
f 2977//348 2972//3757 1136//347
f 1083//310 1139//350 1136//347
f 1083//310 1085//311 1141//349
f 1088//312 1143//351 1141//349
f 1090//313 1145//352 1143//351
f 1092//314 1147//354 1145//352
f 1092//314 1093//316 1149//353
f 1093//316 1096//317 1151//355
f 1098//319 1153//406 1151//355
f 2538//356 2537//359 1154//357
f 1154//357 1153//406 1098//319
f 1098//319 2534//3758 2538//356
f 2542//363 2536//321 1100//322
f 1100//322 1156//365 1155//361
f 1155//361 2540//360 2542//363
f 1100//322 1102//324 1158//364
f 1104//323 1160//366 1158//364
f 1106//325 1162//367 1160//366
f 1107//326 1164//368 1162//367
f 1109//328 1166//370 1164//368
f 1109//328 1111//327 1169//369
f 1113//329 1171//371 1169//369
f 1115//331 1173//418 1171//371
f 2758//372 2757//375 1174//373
f 1174//373 1173//418 1115//331
f 1115//331 2754//3759 2758//372
f 2762//379 2756//332 1117//335
f 1117//335 1176//381 1175//377
f 1175//377 2760//376 2762//379
f 1117//335 1120//334 1178//380
f 1120//334 1122//336 1181//382
f 1124//337 1183//383 1181//382
f 1126//339 1185//385 1183//383
f 1126//339 1127//338 1187//384
f 1130//340 1189//386 1187//384
f 1132//341 1190//388 1189//386
f 1132//341 1133//342 1192//387
f 2978//392 1194//391 1192//387
f 1192//387 1133//342 2974//389
f 2979//390 2978//392 1192//387
f 2976//346 1135//345 1196//394
f 1196//394 2983//3760 2982//395
f 2981//396 2976//346 1196//394
f 1136//347 1197//398 1196//394
f 1136//347 1139//350 1200//397
f 1141//349 1202//400 1200//397
f 1141//349 1143//351 1204//399
f 1143//351 1145//352 1206//401
f 1147//354 1208//402 1206//401
f 1149//353 1210//403 1208//402
f 1151//355 1212//405 1210//403
f 1151//355 1153//406 1214//404
f 1154//357 1215//407 1214//404
f 2544//408 2545//450 1215//407
f 1215//407 1154//357 2539//358
f 2543//408 2544//408 1215//407
f 2546//410 2541//362 1155//361
f 1218//409 2548//3761 2547//410
f 2547//410 2546//410 1155//361
f 1156//365 1220//411 1218//409
f 1158//364 1222//412 1220//411
f 1160//366 1224//413 1222//412
f 1162//367 1226//415 1224//413
f 1162//367 1164//368 1228//414
f 1166//370 1230//416 1228//414
f 1169//369 1232//417 1230//416
f 1171//371 1234//419 1232//417
f 1173//418 1236//420 1234//419
f 1174//373 1238//421 1236//420
f 2764//3762 2765//3763 1238//421
f 1238//421 1174//373 2759//374
f 2763//422 2764//3762 1238//421
f 2766//424 2761//378 1175//377
f 1239//423 2768//474 2767//424
f 2767//424 2766//424 1175//377
f 1175//377 1176//381 1241//425
f 1178//380 1243//427 1241//425
f 1178//380 1181//382 1246//426
f 1181//382 1183//383 1248//428
f 1185//385 1250//430 1248//428
f 1185//385 1187//384 1251//429
f 1189//386 1253//431 1251//429
f 1190//388 1256//433 1253//431
f 1190//388 1192//387 1257//432
f 1194//391 1259//434 1257//432
f 2985//3764 2986//485 1259//434
f 1259//434 1194//391 2980//393
f 2984//435 2985//3764 1259//434
f 2987//437 2983//3760 1196//394
f 1196//394 1264//438 1262//436
f 1197//398 1265//439 1264//438
f 1200//397 1268//440 1265//439
f 1202//400 1270//442 1268//440
f 1202//400 1204//399 1272//441
f 1206//401 1274//444 1272//441
f 1206//401 1208//402 1276//443
f 1210//403 1278//445 1276//443
f 1212//405 1280//447 1278//445
f 1212//405 1214//404 1281//446
f 1214//404 1215//407 1284//448
f 2545//450 2549//3765 1286//449
f 1286//449 1284//448 1215//407
f 1286//449 2549//3765 2550//451
f 1287//453 2554//3766 2552//454
f 2553//455 2548//3761 1218//409
f 1218//409 1289//456 1287//453
f 1220//411 1291//457 1289//456
f 1222//412 1293//459 1291//457
f 1222//412 1224//413 1295//458
f 1224//413 1226//415 1297//460
f 1228//414 1300//461 1297//460
f 1230//416 1301//462 1300//461
f 1232//417 1304//463 1301//462
f 1234//419 1306//464 1304//463
f 1236//420 1308//466 1306//464
f 1236//420 1238//421 1310//465
f 1238//421 2765//3763 2769//467
f 2769//467 1312//468 1310//465
f 1312//468 2769//467 2770//469
f 1314//471 2774//538 2772//472
f 1314//471 2773//473 2768//474
f 2768//474 1239//423 1316//475
f 1239//423 1241//425 1318//476
f 1241//425 1243//427 1320//477
f 1243//427 1246//426 1322//478
f 1248//428 1323//479 1322//478
f 1250//430 1325//480 1323//479
f 1251//429 1327//481 1325//480
f 1253//431 1329//482 1327//481
f 1256//433 1331//483 1329//482
f 1257//432 1333//484 1331//483
f 1259//434 1335//487 1333//484
f 1335//487 1259//434 2986//485
f 2986//485 2988//3767 1337//486
f 1337//486 2988//3767 2989//488
f 1262//436 2992//3768 2991//490
f 1264//438 1342//492 1340//491
f 1265//439 1344//493 1342//492
f 1268//440 1346//495 1344//493
f 1268//440 1270//442 1348//494
f 1270//442 1272//441 1350//496
f 1274//444 1351//498 1350//496
f 1274//444 1276//443 1353//497
f 1276//443 1278//445 1356//499
f 1280//447 1357//501 1356//499
f 1280//447 1281//446 1359//500
f 1284//448 1361//502 1359//500
f 1286//449 1363//575 1361//502
f 2551//452 2555//505 1365//503
f 1365//503 1363//575 1286//449
f 2557//3769 2556//508 1368//504
f 1368//504 1365//503 2555//505
f 2558//506 2557//3769 1368//504
f 2562//513 2563//514 1372//512
f 1372//512 1370//510 2560//509
f 2564//513 2562//513 1372//512
f 2563//514 2554//3766 1287//453
f 1287//453 1373//516 1372//512
f 1287//453 1289//456 1375//515
f 1289//456 1291//457 1378//517
f 1293//459 1380//519 1378//517
f 1293//459 1295//458 1382//518
f 1297//460 1384//520 1382//518
f 1300//461 1386//522 1384//520
f 1300//461 1301//462 1388//521
f 1304//463 1389//523 1388//521
f 1306//464 1392//525 1389//523
f 1306//464 1308//466 1393//524
f 1308//466 1310//465 1395//526
f 1312//468 1398//528 1395//526
f 1312//468 2771//470 2775//527
f 2775//527 1400//614 1398//528
f 2777//3770 2776//532 1402//529
f 1402//529 1400//614 2775//527
f 2778//530 2777//3770 1402//529
f 2782//3771 2783//3772 1406//536
f 1406//536 1404//534 2780//533
f 2784//537 2782//3771 1406//536
f 1406//536 2783//3772 2774//538
f 2774//538 1314//471 1408//539
f 1316//475 1410//541 1408//539
f 1316//475 1318//476 1411//540
f 1318//476 1320//477 1413//542
f 1322//478 1415//543 1413//542
f 1323//479 1417//544 1415//543
f 1325//480 1419//546 1417//544
f 1325//480 1327//481 1422//545
f 1327//481 1329//482 1423//547
f 1331//483 1425//548 1423//547
f 1333//484 1427//549 1425//548
f 1335//487 1429//550 1427//549
f 1337//486 1431//552 1429//550
f 1431//552 1337//486 2990//489
f 2990//489 2993//3773 1433//551
f 2995//556 1435//555 1433//551
f 1433//551 2993//3773 2996//553
f 2994//554 2995//556 1433//551
f 3000//3774 3001//563 1440//561
f 1440//561 1438//559 2998//558
f 3002//562 3000//3774 1440//561
f 3001//563 2992//3768 1262//436
f 1262//436 1340//491 1440//561
f 1340//491 1342//492 1444//564
f 1344//493 1446//566 1444//564
f 1346//495 1447//567 1446//566
f 1348//494 1450//568 1447//567
f 1350//496 1451//570 1450//568
f 1350//496 1351//498 1454//569
f 1353//497 1456//571 1454//569
f 1356//499 1458//572 1456//571
f 1357//501 1460//573 1458//572
f 1359//500 1462//574 1460//573
f 1361//502 1464//576 1462//574
f 1363//575 1466//577 1464//576
f 1365//503 1468//578 1466//577
f 1368//504 1469//686 1468//578
f 2565//579 2566//583 1471//580
f 1471//580 1469//686 1368//504
f 1368//504 2559//507 2565//579
f 2568//581 2567//586 1474//582
f 1474//582 1471//580 2566//583
f 2569//584 2570//588 1476//585
f 1476//585 1474//582 2567//586
f 2571//587 1478//691 1476//585
f 1480//589 1478//691 2571//587
f 2575//592 2574//596 1482//593
f 1482//593 1480//589 2572//590
f 2577//594 2576//3775 1484//595
f 1484//595 1482//593 2574//596
f 2578//597 2561//511 1370//510
f 1370//510 1486//599 1484//595
f 1484//595 2576//3775 2578//597
f 1370//510 1372//512 1487//598
f 1372//512 1373//516 1490//600
f 1373//516 1375//515 1492//601
f 1375//515 1378//517 1494//602
f 1380//519 1496//603 1494//602
f 1382//518 1498//605 1496//603
f 1382//518 1384//520 1500//604
f 1386//522 1502//606 1500//604
f 1388//521 1504//607 1502//606
f 1389//523 1506//608 1504//607
f 1392//525 1508//610 1506//608
f 1392//525 1393//524 1510//609
f 1393//524 1395//526 1512//611
f 1398//528 1514//613 1512//611
f 1398//528 1400//614 1516//612
f 1402//529 1518//710 1516//612
f 2785//615 2786//619 1520//616
f 1520//616 1518//710 1402//529
f 1402//529 2779//531 2785//615
f 2788//617 2787//622 1521//618
f 1521//618 1520//616 2786//619
f 2789//620 2790//624 1524//621
f 1524//621 1521//618 2787//622
f 2791//623 1526//626 1524//621
f 2791//623 2793//3776 2792//625
f 2792//625 1528//717 1526//626
f 2795//628 2794//630 1530//627
f 1530//627 1528//717 2792//625
f 2797//631 2796//3777 1531//629
f 1531//629 1530//627 2794//630
f 2798//632 2781//535 1404//534
f 1404//534 1533//633 1531//629
f 1531//629 2796//3777 2798//632
f 1406//536 1535//634 1533//633
f 1408//539 1538//635 1535//634
f 1410//541 1540//636 1538//635
f 1411//540 1542//638 1540//636
f 1411//540 1413//542 1544//637
f 1415//543 1546//639 1544//637
f 1417//544 1547//640 1546//639
f 1419//546 1549//641 1547//640
f 1422//545 1551//642 1549//641
f 1423//547 1553//644 1551//642
f 1423//547 1425//548 1555//643
f 1427//549 1557//646 1555//643
f 1427//549 1429//550 1559//645
f 1429//550 1431//552 1561//647
f 1431//552 1433//551 1564//648
f 1433//551 1435//555 1565//649
f 3004//651 3003//3778 1567//650
f 1567//650 1565//649 1435//555
f 1435//555 2997//557 3004//651
f 3006//653 1570//739 1567//650
f 1567//650 3003//3778 3005//652
f 3008//655 3007//657 1571//654
f 1571//654 1570//739 3006//653
f 3010//658 3009//660 1573//656
f 1573//656 1571//654 3007//657
f 1575//659 1573//656 3009//660
f 3013//663 3012//665 1577//662
f 1577//662 1575//659 3011//661
f 3015//666 3014//668 1579//664
f 1579//664 1577//662 3012//665
f 2999//560 1438//559 1582//667
f 1582//667 1579//664 3014//668
f 3016//669 2999//560 1582//667
f 1438//559 1440//561 1584//670
f 1340//491 1442//565 1584//670
f 1444//564 1588//672 1586//671
f 1446//566 1590//673 1588//672
f 1447//567 1591//675 1590//673
f 1447//567 1450//568 1593//674
f 1450//568 1451//570 1595//676
f 1451//570 1454//569 1597//677
f 1456//571 1600//678 1597//677
f 1458//572 1601//680 1600//678
f 1458//572 1460//573 1604//679
f 1462//574 1606//682 1604//679
f 1462//574 1464//576 1608//681
f 1466//577 1610//684 1608//681
f 1466//577 1468//578 1612//683
f 1468//578 1469//686 1614//685
f 1469//686 1471//580 1615//687
f 1471//580 1474//582 1617//688
f 1476//585 1619//690 1617//688
f 1476//585 1478//691 1621//689
f 1480//589 1624//693 1621//689
f 1480//589 1482//593 1626//692
f 1484//595 1628//694 1626//692
f 1486//599 1630//695 1628//694
f 1487//598 1632//696 1630//695
f 1490//600 1634//698 1632//696
f 1490//600 1492//601 1636//697
f 1494//602 1637//700 1636//697
f 1494//602 1496//603 1639//699
f 1498//605 1641//702 1639//699
f 1498//605 1500//604 1643//701
f 1502//606 1645//703 1643//701
f 1504//607 1648//704 1645//703
f 1506//608 1650//705 1648//704
f 1508//610 1652//707 1650//705
f 1508//610 1510//609 1653//706
f 1510//609 1512//611 1656//708
f 1514//613 1658//709 1656//708
f 1516//612 1660//711 1658//709
f 1518//710 1662//712 1660//711
f 1520//616 1663//714 1662//712
f 1520//616 1521//618 1665//713
f 1521//618 1524//621 1667//715
f 1524//621 1526//626 1669//716
f 1528//717 1672//718 1669//716
f 1530//627 1673//720 1672//718
f 1530//627 1531//629 1676//719
f 1533//633 1677//722 1676//719
f 1533//633 1535//634 1680//721
f 1538//635 1681//724 1680//721
f 1538//635 1540//636 1684//723
f 1540//636 1542//638 1686//725
f 1542//638 1544//637 1688//726
f 1544//637 1546//639 1690//727
f 1547//640 1692//729 1690//727
f 1547//640 1549//641 1694//728
f 1551//642 1695//731 1694//728
f 1551//642 1553//644 1697//730
f 1555//643 1699//732 1697//730
f 1557//646 1701//733 1699//732
f 1559//645 1703//734 1701//733
f 1561//647 1705//736 1703//734
f 1561//647 1564//648 1707//735
f 1565//649 1709//738 1707//735
f 1565//649 1567//650 1711//737
f 1570//739 1713//741 1711//737
f 1570//739 1571//654 1715//740
f 1573//656 1717//742 1715//740
f 1575//659 1720//743 1717//742
f 1577//662 1722//744 1720//743
f 1579//664 1724//746 1722//744
f 1579//664 1582//667 1725//745
f 1582//667 1584//670 1727//747
f 1442//565 1586//671 1727//747
f 1588//672 1732//749 1730//748
f 1590//673 1734//751 1732//749
f 1590//673 1591//675 1736//750
f 1593//674 1737//753 1736//750
f 1593//674 1595//676 1740//752
f 1597//677 1741//754 1740//752
f 1600//678 1743//755 1741//754
f 1601//680 1745//757 1743//755
f 1601//680 1604//679 1747//756
f 1606//682 1749//758 1747//756
f 1608//681 1751//760 1749//758
f 1608//681 1610//684 1753//759
f 1612//683 1755//761 1753//759
f 1614//685 1757//762 1755//761
f 1615//687 1759//763 1757//762
f 1617//688 1761//764 1759//763
f 1619//690 1764//765 1761//764
f 1621//689 1766//767 1764//765
f 1621//689 1624//693 1768//766
f 1624//693 1626//692 1769//768
f 1628//694 1772//769 1769//768
f 1630//695 1774//771 1772//769
f 1630//695 1632//696 1776//770
f 1634//698 1777//773 1776//770
f 1634//698 1636//697 1779//772
f 1637//700 1781//775 1779//772
f 1637//700 1639//699 1784//774
f 1641//702 1785//776 1784//774
f 1643//701 1787//778 1785//776
f 1643//701 1645//703 1790//777
f 1648//704 1791//779 1790//777
f 1650//705 1794//781 1791//779
f 1650//705 1652//707 1795//780
f 1653//706 1798//782 1795//780
f 1656//708 1799//784 1798//782
f 1656//708 1658//709 1801//783
f 1660//711 1803//785 1801//783
f 1662//712 1805//787 1803//785
f 1662//712 1663//714 1807//786
f 1665//713 1809//789 1807//786
f 1665//713 1667//715 1811//788
f 1669//716 1814//790 1811//788
f 1672//718 1816//791 1814//790
f 1673//720 1818//793 1816//791
f 1673//720 1676//719 1819//792
f 1677//722 1821//794 1819//792
f 1680//721 1823//796 1821//794
f 1680//721 1681//724 1825//795
f 1684//723 1828//797 1825//795
f 1686//725 1829//798 1828//797
f 1688//726 1832//799 1829//798
f 1690//727 1834//800 1832//799
f 1692//729 1836//801 1834//800
f 1694//728 1838//803 1836//801
f 1694//728 1695//731 1839//802
f 1695//731 1697//730 1841//804
f 1699//732 1843//805 1841//804
f 1701//733 1846//807 1843//805
f 1701//733 1703//734 1847//806
f 1705//736 1849//809 1847//806
f 1705//736 1707//735 1851//808
f 1709//738 1853//811 1851//808
f 1709//738 1711//737 1855//810
f 1713//741 1858//812 1855//810
f 1715//740 1860//814 1858//812
f 1715//740 1717//742 1861//813
f 1720//743 1863//815 1861//813
f 1722//744 1866//817 1863//815
f 1722//744 1724//746 1868//816
f 1725//745 1870//818 1868//816
f 1727//747 1872//819 1870//818
f 1727//747 1586//671 1730//748
f 1732//749 1876//822 1874//820
f 1732//749 1734//751 1877//821
f 1736//750 1879//824 1877//821
f 1736//750 1737//753 1882//823
f 1737//753 1740//752 1884//825
f 1740//752 1741//754 1885//826
f 1743//755 1887//827 1885//826
f 1745//757 1889//828 1887//827
f 1747//756 1891//829 1889//828
f 1749//758 1893//830 1891//829
f 1751//760 1895//832 1893//830
f 1751//760 1753//759 1897//831
f 1755//761 1900//834 1897//831
f 1755//761 1757//762 1902//833
f 1759//763 1904//835 1902//833
f 1761//764 1906//837 1904//835
f 1761//764 1764//765 1907//836
f 1766//767 1910//839 1907//836
f 1766//767 1768//766 1912//838
f 1769//768 1913//840 1912//838
f 1772//769 1915//842 1913//840
f 1772//769 1774//771 1917//841
f 1776//770 1919//844 1917//841
f 1776//770 1777//773 1921//843
f 1779//772 1924//846 1921//843
f 1779//772 1781//775 1926//845
f 1784//774 1928//848 1926//845
f 1784//774 1785//776 1930//847
f 1785//776 1787//778 1931//849
f 1790//777 1933//850 1931//849
f 1791//779 1935//851 1933//850
f 1794//781 1937//852 1935//851
f 1795//780 1940//854 1937//852
f 1795//780 1798//782 1942//853
f 1799//784 1944//855 1942//853
f 1801//783 1946//856 1944//855
f 1803//785 1948//858 1946//856
f 1803//785 1805//787 1950//857
f 1807//786 1952//860 1950//857
f 1807//786 1809//789 1953//859
f 1809//789 1811//788 1955//861
f 1811//788 1814//790 1958//862
f 1816//791 1959//863 1958//862
f 1818//793 1961//864 1959//863
f 1819//792 1963//865 1961//864
f 1821//794 1965//866 1963//865
f 1823//796 1967//868 1965//866
f 1823//796 1825//795 1969//867
f 1828//797 1971//870 1969//867
f 1828//797 1829//798 1974//869
f 1832//799 1975//871 1974//869
f 1834//800 1977//873 1975//871
f 1834//800 1836//801 1979//872
f 1838//803 1981//875 1979//872
f 1838//803 1839//802 1984//874
f 1841//804 1986//876 1984//874
f 1843//805 1988//878 1986//876
f 1843//805 1846//807 1990//877
f 1847//806 1992//880 1990//877
f 1847//806 1849//809 1994//879
f 1851//808 1996//882 1994//879
f 1851//808 1853//811 1997//881
f 1855//810 1999//884 1997//881
f 1855//810 1858//812 2001//883
f 1858//812 1860//814 2003//885
f 1861//813 2005//886 2003//885
f 1863//815 2008//887 2005//886
f 1866//817 2009//888 2008//887
f 1868//816 2011//890 2009//888
f 1868//816 1870//818 2014//889
f 1872//819 2016//891 2014//889
f 1730//748 1874//820 2016//891
f 1876//822 2020//894 2017//892
f 1876//822 1877//821 2022//893
f 1879//824 2023//896 2022//893
f 1879//824 1882//823 2026//895
f 1882//823 1884//825 2027//897
f 1884//825 1885//826 2030//898
f 1887//827 2031//899 2030//898
f 1889//828 2034//901 2031//899
f 1889//828 1891//829 2035//900
f 1893//830 2038//902 2035//900
f 1895//832 2040//903 2038//902
f 1897//831 2041//904 2040//903
f 1900//834 2043//906 2041//904
f 1900//834 1902//833 2045//905
f 1904//835 2047//908 2045//905
f 1904//835 1906//837 2050//907
f 1907//836 2052//910 2050//907
f 1907//836 1910//839 2053//909
f 1912//838 2055//912 2053//909
f 1912//838 1913//840 2058//911
f 1915//842 2060//914 2058//911
f 1915//842 1917//841 2062//913
f 1919//844 2063//915 2062//913
f 1921//843 2066//916 2063//915
f 1924//846 2068//918 2066//916
f 1924//846 1926//845 2070//917
f 1928//848 2071//919 2070//917
f 1930//847 2074//920 2071//919
f 1931//849 2076//922 2074//920
f 1931//849 1933//850 2077//921
f 1935//851 2079//923 2077//921
f 1937//852 2081//924 2079//923
f 1940//854 2083//926 2081//924
f 1940//854 1942//853 2085//925
f 1944//855 2088//927 2085//925
f 1946//856 2090//928 2088//927
f 1948//858 2091//930 2090//928
f 1948//858 1950//857 2093//929
f 1952//860 2095//932 2093//929
f 1952//860 1953//859 2097//931
f 1953//859 1955//861 2099//933
f 1955//861 1958//862 2101//934
f 1959//863 2103//935 2101//934
f 1961//864 2105//937 2103//935
f 1961//864 1963//865 2108//936
f 1965//866 2110//938 2108//936
f 1967//868 2112//939 2110//938
f 1969//867 2114//940 2112//939
f 1971//870 2115//942 2114//940
f 1971//870 1974//869 2118//941
f 1975//871 2120//944 2118//941
f 1975//871 1977//873 2122//943
f 1979//872 2123//946 2122//943
f 1979//872 1981//875 2125//945
f 1984//874 2127//948 2125//945
f 1984//874 1986//876 2129//947
f 1988//878 2132//950 2129//947
f 1988//878 1990//877 2133//949
f 1992//880 2135//951 2133//949
f 1994//879 2137//952 2135//951
f 1996//882 2140//954 2137//952
f 1996//882 1997//881 2141//953
f 1999//884 2144//955 2141//953
f 2001//883 2145//956 2144//955
f 2003//885 2148//958 2145//956
f 2003//885 2005//886 2149//957
f 2008//887 2151//959 2149//957
f 2009//888 2153//960 2151//959
f 2011//890 2155//962 2153//960
f 2011//890 2014//889 2157//961
f 2016//891 2159//963 2157//961
f 1874//820 2017//892 2159//963
f 2020//894 2164//965 2162//964
f 2022//893 2166//966 2164//965
f 2023//896 2168//967 2166//966
f 2026//895 2170//969 2168//967
f 2026//895 2027//897 2172//968
f 2027//897 2030//898 2174//970
f 2031//899 2176//972 2174//970
f 2031//899 2034//901 2178//971
f 2035//900 2180//973 2178//971
f 2038//902 2182//974 2180//973
f 2040//903 2184//976 2182//974
f 2040//903 2041//904 2186//975
f 2043//906 2188//977 2186//975
f 2045//905 2190//978 2188//977
f 2047//908 2192//980 2190//978
f 2047//908 2050//907 2194//979
f 2050//907 2052//910 2196//981
f 2053//909 2198//982 2196//981
f 2055//912 2200//983 2198//982
f 2058//911 2202//984 2200//983
f 2060//914 2203//986 2202//984
f 2060//914 2062//913 2206//985
f 2062//913 2063//915 2207//987
f 2063//915 2066//916 2209//988
f 2068//918 2212//990 2209//988
f 2068//918 2070//917 2214//989
f 2071//919 2216//992 2214//989
f 2071//919 2074//920 2218//991
f 2076//922 2220//993 2218//991
f 2077//921 2222//994 2220//993
f 2079//923 2223//995 2222//994
f 2081//924 2225//996 2223//995
f 2083//926 2227//998 2225//996
f 2083//926 2085//925 2229//997
f 2088//927 2231//999 2229//997
f 2090//928 2233//1000 2231//999
f 2091//930 2236//1001 2233//1000
f 2093//929 2238//1002 2236//1001
f 2095//932 2239//1003 2238//1002
f 2097//931 2242//1005 2239//1003
f 2097//931 2099//933 2244//1004
f 2099//933 2101//934 2245//1006
f 2103//935 2248//1008 2245//1006
f 2103//935 2105//937 2250//1007
f 2108//936 2252//1009 2250//1007
f 2110//938 2254//1010 2252//1009
f 2112//939 2256//1012 2254//1010
f 2112//939 2114//940 2258//1011
f 2115//942 2260//1013 2258//1011
f 2118//941 2262//1014 2260//1013
f 2120//944 2264//1016 2262//1014
f 2120//944 2122//943 2266//1015
f 2122//943 2123//946 2268//1017
f 2125//945 2269//1018 2268//1017
f 2127//948 2271//1019 2269//1018
f 2129//947 2273//1020 2271//1019
f 2132//950 2276//1022 2273//1020
f 2132//950 2133//949 2278//1021
f 2133//949 2135//951 2280//1023
f 2135//951 2137//952 2282//1024
f 2140//954 2283//1026 2282//1024
f 2140//954 2141//953 2285//1025
f 2144//955 2288//1028 2285//1025
f 2144//955 2145//956 2290//1027
f 2148//958 2292//1029 2290//1027
f 2149//957 2293//1030 2292//1029
f 2151//959 2296//1031 2293//1030
f 2153//960 2298//1032 2296//1031
f 2155//962 2300//1034 2298//1032
f 2155//962 2157//961 2302//1033
f 2159//963 2304//1035 2302//1033
f 2017//892 2162//964 2304//1035
f 2305//1036 2306//2142 2162//964
f 2307//1037 2308//2143 2305//1036
f 2305//1036 2164//965 2166//966
f 2168//967 2309//1038 2307//1037
f 2310//1039 2311//2144 2309//1038
f 2309//1038 2168//967 2170//969
f 2170//969 2172//968 2312//1040
f 2313//1041 2312//1040 2172//968
f 2174//970 2176//972 2314//1042
f 2178//971 2315//1044 2314//1042
f 2178//971 2180//973 2316//1043
f 2316//1043 2180//973 2182//974
f 2318//1046 2317//1045 2182//974
f 2318//1046 2184//976 2186//975
f 2188//977 2320//1049 2319//1047
f 2188//977 2190//978 2321//1048
f 2192//980 2322//1052 2323//1050
f 2323//1050 2321//1048 2190//978
f 2192//980 2194//979 2324//1051
f 2325//1053 2326//2145 2324//1051
f 2324//1051 2194//979 2196//981
f 2196//981 2198//982 2327//1054
f 2329//1055 2327//1054 2198//982
f 2198//982 2200//983 2328//1056
f 2328//1056 2200//983 2202//984
f 2202//984 2330//1059 2331//1057
f 2202//984 2203//986 2332//1058
f 2206//985 2333//1062 2334//1060
f 2334//1060 2332//1058 2203//986
f 2206//985 2207//987 2335//1061
f 2336//1063 2335//1061 2207//987
f 2209//988 2212//990 2337//1064
f 2214//989 2338//1066 2337//1064
f 2214//989 2216//992 2339//1065
f 2218//991 2340//2147 2339//1065
f 2341//1067 2340//2147 2218//991
f 2222//994 2342//1068 2341//1067
f 2223//995 2343//1069 2342//1068
f 2225//996 2344//2148 2343//1069
f 2227//998 2345//2149 2346//1070
f 2346//1070 2344//2148 2225//996
f 2347//1071 2345//2149 2227//998
f 2231//999 2348//1073 2349//1072
f 2349//1072 2347//1071 2229//997
f 2233//1000 2350//1074 2348//1073
f 2351//1075 2352//2152 2350//1074
f 2350//1074 2233//1000 2236//1001
f 2353//1076 2354//2153 2351//1075
f 2351//1075 2236//1001 2238//1002
f 2239//1003 2355//1077 2353//1076
f 2356//1078 2357//2154 2355//1077
f 2355//1077 2239//1003 2242//1005
f 2242//1005 2244//1004 2358//1079
f 2359//1080 2358//1079 2244//1004
f 2245//1006 2248//1008 2360//1081
f 2250//1007 2361//1083 2360//1081
f 2250//1007 2252//1009 2362//1082
f 2362//1082 2252//1009 2254//1010
f 2364//1085 2363//1084 2254//1010
f 2364//1085 2256//1012 2258//1011
f 2260//1013 2366//1088 2365//1086
f 2260//1013 2262//1014 2367//1087
f 2368//1089 2369//3779 2367//1087
f 2367//1087 2262//1014 2264//1016
f 2264//1016 2266//1015 2370//1090
f 2372//1092 2370//1090 2266//1015
f 2266//1015 2268//1017 2371//1091
f 2371//1091 2268//1017 2269//1018
f 2373//1093 2374//2158 2371//1091
f 2376//1094 2373//1093 2269//1018
f 2269//1018 2271//1019 2375//1095
f 2378//1097 2375//1095 2271//1019
f 2271//1019 2273//1020 2377//1096
f 2273//1020 2276//1022 2379//1098
f 2381//1099 2380//2159 2379//1098
f 2379//1098 2276//1022 2278//1021
f 2278//1021 2280//1023 2382//1100
f 2383//1101 2382//1100 2280//1023
f 2282//1024 2283//1026 2384//1102
f 2285//1025 2385//1104 2384//1102
f 2285//1025 2288//1028 2386//1103
f 2290//1027 2387//2160 2386//1103
f 2388//1105 2387//2160 2290//1027
f 2293//1030 2389//1106 2388//1105
f 2296//1031 2390//1107 2389//1106
f 2298//1032 2391//2161 2390//1107
f 2300//1034 2392//2162 2393//1108
f 2393//1108 2391//2161 2298//1032
f 2394//1109 2392//2162 2300//1034
f 2304//1035 2395//1111 2396//1110
f 2396//1110 2394//1109 2302//1033
f 2162//964 2306//2142 2395//1111
f 2435//1169 2436//1171 29//58
f 29//58 28//54 27//55
f 27//55 26//50 25//48
f 25//48 24//46 23//44
f 23//44 22//42 21//40
f 21//40 20//41 19//36
f 19//36 18//37 17//32
f 17//32 16//33 15//30
f 15//30 14//26 13//24
f 13//24 12//22 11//20
f 11//20 10//18 9//16
f 9//16 2467//1132 2451//1131
f 9//16 2451//1131 2452//1136
f 13//24 11//20 9//16
f 17//32 15//30 13//24
f 21//40 19//36 17//32
f 25//48 23//44 21//40
f 29//58 27//55 25//48
f 2438//1165 2435//1169 29//58
f 2438//1165 29//58 25//48
f 13//24 9//16 2452//1136
f 13//24 2452//1136 2449//1138
f 2437//1163 2438//1165 25//48
f 2466//1161 2437//1163 25//48
f 13//24 2449//1138 2450//1140
f 13//24 2450//1140 2447//1142
f 2439//1158 2466//1161 25//48
f 2441//1159 2439//1158 25//48
f 13//24 2447//1142 2448//1144
f 17//32 13//24 2448//1144
f 2441//1159 25//48 21//40
f 2440//1157 2441//1159 21//40
f 17//32 2448//1144 2446//1143
f 17//32 2446//1143 2463//1148
f 2443//1153 2440//1157 21//40
f 2442//1151 2443//1153 21//40
f 17//32 2463//1148 2444//1150
f 2445//1112 2442//1151 21//40
f 17//32 2444//1150 2445//1112
f 2453//1127 2467//1132 9//16
f 9//16 8//14 7//15
f 7//15 6//10 5//8
f 5//8 4//6 3//4
f 3//4 2//5 1//1
f 1//1 72//144 71//142
f 71//142 70//138 69//139
f 69//139 68//136 67//134
f 67//134 66//132 65//130
f 65//130 64//126 63//127
f 63//127 62//122 61//120
f 61//120 60//118 59//116
f 59//116 58//114 57//112
f 57//112 56//113 55//108
f 55//108 54//109 53//104
f 53//104 52//105 51//102
f 51//102 50//98 49//96
f 49//96 48//94 47//92
f 47//92 46//90 45//88
f 45//88 44//86 43//87
f 43//87 42//82 41//80
f 41//80 40//78 39//76
f 39//76 38//77 37//72
f 37//72 36//73 35//70
f 35//70 34//66 33//67
f 33//67 32//64 31//62
f 31//62 30//60 29//58
f 29//58 2436//1171 2433//1173
f 29//58 2433//1173 2434//1175
f 33//67 31//62 29//58
f 37//72 35//70 33//67
f 41//80 39//76 37//72
f 45//88 43//87 41//80
f 49//96 47//92 45//88
f 53//104 51//102 49//96
f 57//112 55//108 53//104
f 61//120 59//116 57//112
f 65//130 63//127 61//120
f 69//139 67//134 65//130
f 1//1 71//142 69//139
f 5//8 3//4 1//1
f 9//16 7//15 5//8
f 2455//1128 2453//1127 9//16
f 2455//1128 9//16 5//8
f 33//67 29//58 2434//1175
f 33//67 2434//1175 2432//1174
f 2454//1126 2455//1128 5//8
f 2457//1124 2454//1126 5//8
f 33//67 2432//1174 2462//1177
f 33//67 2462//1177 2430//1181
f 2456//1122 2457//1124 5//8
f 2459//1120 2456//1122 5//8
f 33//67 2430//1181 2431//1180
f 37//72 33//67 2431//1180
f 2459//1120 5//8 1//1
f 2458//1118 2459//1120 1//1
f 37//72 2431//1180 2428//1185
f 37//72 2428//1185 2425//1187
f 2464//1115 2458//1118 1//1
f 2402//1254 2464//1115 1//1
f 37//72 2425//1187 2427//1189
f 37//72 2427//1189 2426//1191
f 2400//1250 2402//1254 1//1
f 2400//1250 1//1 69//139
f 41//80 37//72 2426//1191
f 41//80 2426//1191 2429//1193
f 2401//1251 2400//1250 69//139
f 2403//1247 2401//1251 69//139
f 41//80 2429//1193 2465//1195
f 41//80 2465//1195 2418//1197
f 2398//1244 2403//1247 69//139
f 2399//1245 2398//1244 69//139
f 41//80 2418//1197 2420//1199
f 45//88 41//80 2420//1199
f 2399//1245 69//139 65//130
f 2397//1243 2399//1245 65//130
f 45//88 2420//1199 2419//1198
f 45//88 2419//1198 2424//1203
f 2460//1241 2397//1243 65//130
f 2409//1239 2460//1241 65//130
f 45//88 2424//1203 2421//1202
f 45//88 2421//1202 2423//1207
f 2407//1235 2409//1239 65//130
f 2407//1235 65//130 61//120
f 49//96 45//88 2423//1207
f 49//96 2423//1207 2422//1209
f 2408//1233 2407//1235 61//120
f 2410//1231 2408//1233 61//120
f 49//96 2422//1209 2461//1211
f 49//96 2461//1211 2411//1213
f 2405//1228 2410//1231 61//120
f 2406//1229 2405//1228 61//120
f 49//96 2411//1213 2413//1215
f 53//104 49//96 2413//1215
f 2406//1229 61//120 57//112
f 2404//1226 2406//1229 57//112
f 53//104 2413//1215 2412//1214
f 53//104 2412//1214 2417//1219
f 2468//1224 2404//1226 57//112
f 2415//1222 2468//1224 57//112
f 53//104 2417//1219 2414//1221
f 2416//1113 2415//1222 57//112
f 53//104 2414//1221 2416//1113
f 76//1114 2458//1118 2464//1115
f 77//1117 2459//1120 2458//1118
f 80//1119 2456//1122 2459//1120
f 81//1121 2457//1124 2456//1122
f 83//1123 2454//1126 2457//1124
f 85//1125 2455//1128 2454//1126
f 85//1125 87//1130 2453//1127
f 90//1129 2467//1132 2453//1127
f 90//1129 91//1134 2451//1131
f 93//1133 2452//1136 2451//1131
f 95//1135 2449//1138 2452//1136
f 98//1137 2450//1140 2449//1138
f 99//1139 2447//1142 2450//1140
f 101//1141 2448//1144 2447//1142
f 101//1141 103//1146 2446//1143
f 105//1145 2463//1148 2446//1143
f 108//1147 2444//1150 2463//1148
f 109//1149 2445//1112 2444//1150
f 109//1149 111//1152 2442//1151
f 111//1152 113//1155 2443//1153
f 115//1154 2440//1157 2443//1153
f 118//1156 2441//1159 2440//1157
f 118//1156 119//1160 2439//1158
f 119//1160 121//1162 2466//1161
f 121//1162 123//1164 2437//1163
f 123//1164 125//1167 2438//1165
f 127//1166 2435//1169 2438//1165
f 129//1168 2436//1171 2435//1169
f 131//1170 2433//1173 2436//1171
f 133//1172 2434//1175 2433//1173
f 133//1172 135//1176 2432//1174
f 135//1176 137//1179 2462//1177
f 139//1178 2430//1181 2462//1177
f 139//1178 141//1183 2431//1180
f 144//1182 2428//1185 2431//1180
f 146//1184 2425//1187 2428//1185
f 148//1186 2427//1189 2425//1187
f 150//1188 2426//1191 2427//1189
f 152//1190 2429//1193 2426//1191
f 154//1192 2465//1195 2429//1193
f 156//1194 2418//1197 2465//1195
f 158//1196 2420//1199 2418//1197
f 158//1196 160//1201 2419//1198
f 162//1200 2424//1203 2419//1198
f 162//1200 164//1205 2421//1202
f 166//1204 2423//1207 2421//1202
f 167//1206 2422//1209 2423//1207
f 169//1208 2461//1211 2422//1209
f 171//1210 2411//1213 2461//1211
f 173//1212 2413//1215 2411//1213
f 173//1212 176//1217 2412//1214
f 178//1216 2417//1219 2412//1214
f 180//1218 2414//1221 2417//1219
f 182//1220 2416//1113 2414//1221
f 182//1220 183//1223 2415//1222
f 183//1223 186//1255 2468//1224
f 2468//1224 186//1255 188//1225
f 189//1227 2406//1229 2404//1226
f 189//1227 191//1230 2405//1228
f 191//1230 193//1232 2410//1231
f 193//1232 196//1234 2408//1233
f 196//1234 198//1237 2407//1235
f 200//1236 2409//1239 2407//1235
f 202//1238 2460//1241 2409//1239
f 204//1240 2397//1243 2460//1241
f 206//1242 2399//1245 2397//1243
f 206//1242 208//1246 2398//1244
f 208//1246 210//1249 2403//1247
f 212//1248 2401//1251 2403//1247
f 212//1248 213//1253 2400//1250
f 215//1252 2402//1254 2400//1250
f 73//1116 2464//1115 2402//1254
f 217//1116 219//1114 76//1114
f 76//1114 219//1114 221//1117
f 77//1117 221//1117 223//1119
f 80//1119 223//1119 225//1121
f 81//1121 225//1121 227//1123
f 83//1123 227//1123 229//1125
f 85//1125 229//1125 231//1130
f 87//1130 231//1130 233//1129
f 91//1134 90//1129 233//1129
f 235//1134 237//1133 93//1133
f 237//1133 239//1135 95//1135
f 95//1135 239//1135 241//1137
f 241//1137 243//1139 99//1139
f 243//1139 245//1141 101//1141
f 245//1141 247//1146 103//1146
f 247//1146 249//1145 105//1145
f 249//1145 252//1147 108//1147
f 252//1147 253//1149 109//1149
f 109//1149 253//1149 255//1152
f 111//1152 255//1152 257//1155
f 257//1155 260//1154 115//1154
f 260//1154 262//1156 118//1156
f 118//1156 262//1156 264//1160
f 264//1160 266//1162 121//1162
f 266//1162 268//1164 123//1164
f 123//1164 268//1164 270//1167
f 125//1167 270//1167 272//1166
f 127//1166 272//1166 273//1168
f 273//1168 275//1170 131//1170
f 131//1170 275//1170 277//1172
f 277//1172 280//1176 135//1176
f 280//1176 281//1179 137//1179
f 281//1179 283//1178 139//1178
f 139//1178 283//1178 285//1183
f 285//1183 287//1182 144//1182
f 287//1182 290//1184 146//1184
f 290//1184 292//1186 148//1186
f 148//1186 292//1186 294//1188
f 294//1188 296//1190 152//1190
f 152//1190 296//1190 298//1192
f 298//1192 300//1194 156//1194
f 300//1194 301//1196 158//1196
f 301//1196 303//1201 160//1201
f 303//1201 306//1200 162//1200
f 306//1200 307//1205 164//1205
f 164//1205 307//1205 310//1204
f 167//1206 166//1204 310//1204
f 167//1206 312//1206 314//1208
f 169//1208 314//1208 316//1210
f 173//1212 171//1210 316//1210
f 173//1212 317//1212 319//1217
f 176//1217 319//1217 321//1216
f 180//1218 178//1216 321//1216
f 182//1220 180//1218 323//1218
f 182//1220 325//1220 327//1223
f 186//1255 183//1223 327//1223
f 186//1255 329//1255 331//1225
f 188//1225 331//1225 334//1227
f 189//1227 334//1227 336//1230
f 191//1230 336//1230 338//1232
f 196//1234 193//1232 338//1232
f 196//1234 340//1234 342//1237
f 198//1237 342//1237 343//1236
f 200//1236 343//1236 346//1238
f 204//1240 202//1238 346//1238
f 204//1240 348//1240 349//1242
f 206//1242 349//1242 351//1246
f 208//1246 351//1246 354//1249
f 212//1248 210//1249 354//1249
f 212//1248 355//1248 357//1253
f 215//1252 213//1253 357//1253
f 215//1252 360//1252 217//1116
f 362//1116 364//1114 219//1114
f 219//1114 364//1114 366//1117
f 223//1119 221//1117 366//1117
f 223//1119 368//1119 370//1121
f 227//1123 225//1121 370//1121
f 227//1123 372//1123 374//1125
f 229//1125 374//1125 376//1130
f 233//1129 231//1130 376//1130
f 235//1134 233//1129 378//1129
f 380//1134 382//1133 237//1133
f 382//1133 384//1135 239//1135
f 384//1135 386//1137 241//1137
f 386//1137 388//1139 243//1139
f 243//1139 388//1139 389//1141
f 245//1141 389//1141 392//1146
f 392//1146 393//1145 249//1145
f 249//1145 393//1145 395//1147
f 252//1147 395//1147 397//1149
f 397//1149 400//1152 255//1152
f 400//1152 402//1155 257//1155
f 402//1155 404//1154 260//1154
f 404//1154 406//1156 262//1156
f 406//1156 407//1160 264//1160
f 407//1160 410//1162 266//1162
f 266//1162 410//1162 411//1164
f 268//1164 411//1164 413//1167
f 413//1167 415//1166 272//1166
f 272//1166 415//1166 418//1168
f 273//1168 418//1168 420//1170
f 420//1170 422//1172 277//1172
f 422//1172 424//1176 280//1176
f 424//1176 426//1179 281//1179
f 426//1179 427//1178 283//1178
f 427//1178 430//1183 285//1183
f 430//1183 431//1182 287//1182
f 287//1182 431//1182 434//1184
f 434//1184 436//1186 292//1186
f 436//1186 438//1188 294//1188
f 294//1188 438//1188 440//1190
f 440//1190 441//1192 298//1192
f 441//1192 444//1194 300//1194
f 300//1194 444//1194 446//1196
f 301//1196 446//1196 447//1201
f 447//1201 450//1200 306//1200
f 450//1200 451//1205 307//1205
f 307//1205 451//1205 453//1204
f 312//1206 310//1204 453//1204
f 314//1208 312//1206 455//1206
f 314//1208 457//1208 459//1210
f 316//1210 459//1210 462//1212
f 317//1212 462//1212 464//1217
f 321//1216 319//1217 464//1217
f 321//1216 466//1216 468//1218
f 323//1218 468//1218 470//1220
f 470//1220 471//1223 327//1223
f 329//1255 327//1223 471//1223
f 329//1255 473//1255 476//1225
f 334//1227 331//1225 476//1225
f 334//1227 478//1227 479//1230
f 336//1230 479//1230 481//1232
f 338//1232 481//1232 483//1234
f 340//1234 483//1234 485//1237
f 342//1237 485//1237 487//1236
f 343//1236 487//1236 489//1238
f 346//1238 489//1238 492//1240
f 348//1240 492//1240 494//1242
f 349//1242 494//1242 496//1246
f 351//1246 496//1246 498//1249
f 355//1248 354//1249 498//1249
f 357//1253 355//1248 500//1248
f 357//1253 502//1253 504//1252
f 360//1252 504//1252 362//1116
f 505//1116 508//1114 364//1114
f 364//1114 508//1114 510//1117
f 366//1117 510//1117 512//1119
f 370//1121 368//1119 512//1119
f 372//1123 370//1121 514//1121
f 374//1125 372//1123 516//1123
f 374//1125 518//1125 520//1130
f 378//1129 376//1130 520//1130
f 378//1129 522//1129 524//1134
f 524//1134 525//1133 382//1133
f 525//1133 527//1135 384//1135
f 384//1135 527//1135 530//1137
f 386//1137 530//1137 532//1139
f 532//1139 534//1141 389//1141
f 534//1141 536//1146 392//1146
f 536//1146 537//1145 393//1145
f 2580//1256 2581//1258 395//1147
f 395//1147 393//1145 537//1145
f 537//1145 2579//1276 2580//1256
f 2582//1257 397//1149 395//1147
f 2584//1259 400//1152 397//1149
f 2582//1257 2583//1767 2584//1259
f 2585//1260 2586//1279 538//1155
f 538//1155 402//1155 400//1152
f 400//1152 2584//1259 2585//1260
f 538//1155 539//1154 404//1154
f 539//1154 541//1156 406//1156
f 406//1156 541//1156 544//1160
f 544//1160 546//1162 410//1162
f 546//1162 548//1164 411//1164
f 548//1164 550//1167 413//1167
f 413//1167 550//1167 552//1166
f 552//1166 554//1168 418//1168
f 418//1168 554//1168 555//1170
f 555//1170 557//1172 422//1172
f 557//1172 560//1176 424//1176
f 424//1176 560//1176 562//1179
f 426//1179 562//1179 564//1178
f 564//1178 566//1183 430//1183
f 566//1183 568//1182 431//1182
f 568//1182 569//1184 434//1184
f 569//1184 572//1186 436//1186
f 436//1186 572//1186 574//1188
f 438//1188 574//1188 576//1190
f 576//1190 577//1192 441//1192
f 2800//1261 2801//1262 444//1194
f 444//1194 441//1192 577//1192
f 577//1192 2799//1261 2800//1261
f 2802//1196 446//1196 444//1194
f 447//1201 446//1196 2802//1196
f 2804//1264 2805//1264 578//1200
f 578//1200 450//1200 447//1201
f 447//1201 2803//1263 2804//1264
f 450//1200 578//1200 579//1205
f 453//1204 451//1205 579//1205
f 453//1204 582//1204 584//1206
f 457//1208 455//1206 584//1206
f 457//1208 586//1208 587//1210
f 462//1212 459//1210 587//1210
f 462//1212 590//1212 591//1217
f 464//1217 591//1217 593//1216
f 466//1216 593//1216 595//1218
f 468//1218 595//1218 597//1220
f 597//1220 599//1223 471//1223
f 473//1255 471//1223 599//1223
f 476//1225 473//1255 602//1255
f 476//1225 604//1225 605//1227
f 479//1230 478//1227 605//1227
f 479//1230 608//1230 609//1232
f 481//1232 609//1232 611//1234
f 483//1234 611//1234 613//1237
f 485//1237 613//1237 616//1236
f 489//1238 487//1236 616//1236
f 3018//1265 3017//1266 492//1240
f 492//1240 489//1238 617//1238
f 617//1238 3019//1265 3018//1265
f 494//1242 492//1240 3017//1266
f 3020//1267 3021//1268 494//1242
f 496//1246 494//1242 3021//1268
f 3023//1270 3024//1270 618//1249
f 618//1249 498//1249 496//1246
f 496//1246 3022//1269 3023//1270
f 498//1249 618//1249 620//1248
f 502//1253 500//1248 620//1248
f 502//1253 622//1253 623//1252
f 504//1252 623//1252 505//1116
f 505//1116 626//1116 628//1114
f 510//1117 508//1114 628//1114
f 510//1117 630//1117 632//1119
f 512//1119 632//1119 634//1121
f 516//1123 514//1121 634//1121
f 516//1123 635//1123 637//1125
f 520//1130 518//1125 637//1125
f 520//1130 640//1130 642//1129
f 522//1129 642//1129 643//1134
f 643//1134 645//1133 525//1133
f 645//1133 647//1135 527//1135
f 527//1135 647//1135 650//1137
f 530//1137 650//1137 652//1139
f 2588//1271 2589//1273 534//1141
f 534//1141 532//1139 652//1139
f 652//1139 2587//1271 2588//1271
f 2590//1272 2591//1275 536//1146
f 536//1146 534//1141 2589//1273
f 2592//1274 2593//1277 537//1145
f 537//1145 536//1146 2591//1275
f 2595//1280 2596//1282 539//1154
f 539//1154 538//1155 2594//1278
f 2597//1281 2598//3780 541//1156
f 541//1156 539//1154 2596//1282
f 2599//1283 2600//1283 653//1160
f 653//1160 544//1160 541//1156
f 541//1156 2598//3780 2599//1283
f 544//1160 653//1160 655//1162
f 655//1162 657//1164 548//1164
f 657//1164 659//1167 550//1167
f 659//1167 661//1166 552//1166
f 661//1166 663//1168 554//1168
f 663//1168 666//1170 555//1170
f 555//1170 666//1170 668//1172
f 668//1172 670//1176 560//1176
f 670//1176 672//1179 562//1179
f 672//1179 673//1178 564//1178
f 673//1178 675//1183 566//1183
f 566//1183 675//1183 677//1182
f 677//1182 679//1184 569//1184
f 569//1184 679//1184 681//1186
f 2807//1284 2808//1285 574//1188
f 574//1188 572//1186 681//1186
f 681//1186 2806//1284 2807//1284
f 2809//1286 2810//1287 576//1190
f 576//1190 574//1188 2808//1285
f 2811//1288 2812//1289 577//1192
f 577//1192 576//1190 2810//1287
f 2814//1291 2815//1292 579//1205
f 579//1205 578//1200 2813//1290
f 2816//1293 2817//3781 582//1204
f 582//1204 579//1205 2815//1292
f 2818//1294 2819//1294 684//1206
f 684//1206 584//1206 582//1204
f 582//1204 2817//3781 2818//1294
f 584//1206 684//1206 685//1208
f 586//1208 685//1208 687//1210
f 587//1210 687//1210 689//1212
f 591//1217 590//1212 689//1212
f 593//1216 591//1217 691//1217
f 593//1216 694//1216 695//1218
f 595//1218 695//1218 697//1220
f 697//1220 699//1223 599//1223
f 602//1255 599//1223 699//1223
f 602//1255 701//1255 703//1225
f 604//1225 703//1225 706//1227
f 608//1230 605//1227 706//1227
f 609//1232 608//1230 707//1230
f 611//1234 609//1232 710//1232
f 3026//1295 3025//1296 613//1237
f 613//1237 611//1234 711//1234
f 711//1234 3027//1295 3026//1295
f 3029//1297 3028//1298 616//1236
f 616//1236 613//1237 3025//1296
f 3031//1299 3030//1300 617//1238
f 617//1238 616//1236 3028//1298
f 3034//1303 620//1248 618//1249
f 618//1249 3032//1301 3033//1302
f 3036//1305 622//1253 620//1248
f 620//1248 3034//1303 3035//1304
f 3037//1306 3038//1306 714//1252
f 714//1252 623//1252 622//1253
f 622//1253 3036//1305 3037//1306
f 505//1116 623//1252 714//1252
f 715//1116 716//1114 628//1114
f 628//1114 716//1114 719//1117
f 632//1119 630//1117 719//1117
f 634//1121 632//1119 720//1119
f 634//1121 723//1121 724//1123
f 635//1123 724//1123 726//1125
f 640//1130 637//1125 726//1125
f 640//1130 728//1130 730//1129
f 643//1134 642//1129 730//1129
f 732//1134 734//1133 645//1133
f 645//1133 734//1133 736//1135
f 647//1135 736//1135 738//1137
f 2601//1307 2603//3782 652//1139
f 652//1139 650//1137 738//1137
f 738//1137 2602//1320 2601//1307
f 652//1139 2603//3782 2604//1271
f 653//1160 2600//1283 2606//1283
f 2607//1309 2608//1322 739//1162
f 739//1162 655//1162 653//1160
f 653//1160 2605//1308 2607//1309
f 739//1162 740//1164 657//1164
f 740//1164 742//1167 659//1167
f 742//1167 744//1166 661//1166
f 661//1166 744//1166 746//1168
f 663//1168 746//1168 748//1170
f 666//1170 748//1170 750//1172
f 750//1172 752//1176 670//1176
f 752//1176 754//1179 672//1179
f 754//1179 756//1178 673//1178
f 673//1178 756//1178 758//1183
f 758//1183 761//1182 677//1182
f 761//1182 762//1184 679//1184
f 2820//1310 2822//3783 681//1186
f 681//1186 679//1184 762//1184
f 762//1184 2821//1310 2820//1310
f 681//1186 2822//3783 2823//1284
f 684//1206 2819//1294 2824//1294
f 2826//1312 2827//1312 763//1208
f 763//1208 685//1208 684//1206
f 684//1206 2825//1311 2826//1312
f 687//1210 685//1208 763//1208
f 687//1210 764//1210 766//1212
f 689//1212 766//1212 769//1217
f 694//1216 691//1217 769//1217
f 695//1218 694//1216 770//1216
f 695//1218 773//1218 774//1220
f 697//1220 774//1220 777//1223
f 699//1223 777//1223 779//1255
f 701//1255 779//1255 781//1225
f 706//1227 703//1225 781//1225
f 707//1230 706//1227 783//1227
f 707//1230 784//1230 786//1232
f 3040//1313 3039//3784 711//1234
f 711//1234 710//1232 786//1232
f 786//1232 3041//1313 3040//1313
f 711//1234 3039//3784 3042//1295
f 714//1252 3038//1306 3043//1306
f 3045//1315 3046//1315 715//1116
f 715//1116 626//1116 714//1252
f 714//1252 3044//1314 3045//1315
f 3049//1317 3048//1317 787//1114
f 716//1114 715//1116 3047//1316
f 3049//1317 787//1114 716//1114
f 719//1117 716//1114 787//1114
f 719//1117 788//1117 790//1119
f 720//1119 790//1119 793//1121
f 723//1121 793//1121 794//1123
f 724//1123 794//1123 796//1125
f 726//1125 796//1125 798//1130
f 728//1130 798//1130 800//1129
f 730//1129 800//1129 802//1134
f 802//1134 804//1133 734//1133
f 804//1133 806//1135 736//1135
f 2609//1318 2611//1321 738//1137
f 736//1135 806//1135 2610//1319
f 2609//1318 738//1137 736//1135
f 2614//1324 2613//1335 807//1164
f 740//1164 739//1162 2612//1323
f 2614//1324 807//1164 740//1164
f 740//1164 807//1164 809//1167
f 809//1167 811//1166 744//1166
f 811//1166 813//1168 746//1168
f 813//1168 815//1170 748//1170
f 815//1170 817//1172 750//1172
f 817//1172 819//1176 752//1176
f 819//1176 821//1179 754//1179
f 821//1179 823//1178 756//1178
f 823//1178 825//1183 758//1183
f 758//1183 825//1183 826//1182
f 2828//1325 2830//1326 762//1184
f 761//1182 826//1182 2829//1325
f 2828//1325 762//1184 761//1182
f 2832//1328 2833//1328 827//1210
f 764//1210 763//1208 2831//1327
f 2832//1328 827//1210 764//1210
f 766//1212 764//1210 827//1210
f 769//1217 766//1212 828//1212
f 770//1216 769//1217 831//1217
f 770//1216 832//1216 834//1218
f 773//1218 834//1218 837//1220
f 837//1220 839//1223 777//1223
f 777//1223 839//1223 841//1255
f 779//1255 841//1255 842//1225
f 781//1225 842//1225 844//1227
f 784//1230 783//1227 844//1227
f 3050//1329 3051//1330 786//1232
f 784//1230 846//1230 3052//1329
f 3050//1329 786//1232 784//1230
f 3054//1332 3055//1344 847//1117
f 847//1117 788//1117 787//1114
f 787//1114 3053//1331 3054//1332
f 788//1117 847//1117 849//1119
f 793//1121 790//1119 849//1119
f 794//1123 793//1121 851//1121
f 794//1123 853//1123 855//1125
f 798//1130 796//1125 855//1125
f 798//1130 857//1130 860//1129
f 800//1129 860//1129 861//1134
f 802//1134 861//1134 864//1133
f 2616//1333 2617//1334 806//1135
f 806//1135 804//1133 864//1133
f 864//1133 2615//1348 2616//1333
f 2619//1337 2620//1349 865//1167
f 865//1167 809//1167 807//1164
f 807//1164 2618//1336 2619//1337
f 865//1167 868//1166 811//1166
f 868//1166 869//1168 813//1168
f 869//1168 871//1170 815//1170
f 815//1170 871//1170 874//1172
f 817//1172 874//1172 875//1176
f 819//1176 875//1176 878//1179
f 821//1179 878//1179 880//1178
f 880//1178 882//1183 825//1183
f 2835//1338 2836//1339 826//1182
f 826//1182 825//1183 882//1183
f 882//1183 2834//1353 2835//1338
f 2838//1341 2839//1341 884//1212
f 884//1212 828//1212 827//1210
f 827//1210 2837//1340 2838//1341
f 828//1212 884//1212 885//1217
f 831//1217 885//1217 888//1216
f 832//1216 888//1216 890//1218
f 834//1218 890//1218 892//1220
f 892//1220 893//1223 839//1223
f 841//1255 839//1223 893//1223
f 842//1225 841//1255 896//1255
f 844//1227 842//1225 897//1225
f 3057//1342 3056//1343 846//1230
f 846//1230 844//1227 900//1227
f 900//1227 3058//1342 3057//1342
f 847//1117 3055//1344 3059//1344
f 3061//1346 3062//1346 903//1119
f 903//1119 849//1119 847//1117
f 847//1117 3060//1345 3061//1346
f 849//1119 903//1119 905//1121
f 851//1121 905//1121 906//1123
f 853//1123 906//1123 909//1125
f 855//1125 909//1125 911//1130
f 860//1129 857//1130 911//1130
f 861//1134 860//1129 913//1129
f 2623//1347 2622//3785 864//1133
f 864//1133 861//1134 915//1134
f 915//1134 2621//1347 2623//1347
f 864//1133 2622//3785 2624//1348
f 865//1167 2620//1349 2626//1349
f 2627//1351 2628//1351 919//1166
f 919//1166 868//1166 865//1167
f 865//1167 2625//1350 2627//1351
f 868//1166 919//1166 920//1168
f 869//1168 920//1168 922//1170
f 922//1170 924//1172 874//1172
f 924//1172 927//1176 875//1176
f 927//1176 929//1179 878//1179
f 929//1179 931//1178 880//1178
f 2842//1352 2841//3786 882//1183
f 882//1183 880//1178 931//1178
f 931//1178 2840//1352 2842//1352
f 882//1183 2841//3786 2843//1353
f 884//1212 2839//1341 2844//1341
f 2846//1355 2847//1355 935//1217
f 935//1217 885//1217 884//1212
f 884//1212 2845//1354 2846//1355
f 888//1216 885//1217 935//1217
f 888//1216 937//1216 939//1218
f 890//1218 939//1218 940//1220
f 940//1220 942//1223 893//1223
f 893//1223 942//1223 944//1255
f 896//1255 944//1255 946//1225
f 3064//1356 3063//3787 900//1227
f 900//1227 897//1225 946//1225
f 946//1225 3065//1356 3064//1356
f 900//1227 3063//3787 3066//1342
f 3067//1346 3068//1346 950//1119
f 950//1119 903//1119 3062//1346
f 903//1119 950//1119 951//1121
f 905//1121 951//1121 954//1123
f 906//1123 954//1123 956//1125
f 911//1130 909//1125 956//1125
f 913//1129 911//1130 958//1130
f 913//1129 960//1129 962//1134
f 2629//1347 2621//1347 915//1134
f 915//1134 962//1134 2630//1347
f 2631//1351 2632//1351 964//1166
f 964//1166 919//1166 2628//1351
f 964//1166 966//1168 920//1168
f 920//1168 966//1168 968//1170
f 968//1170 970//1172 924//1172
f 970//1172 972//1176 927//1176
f 972//1176 973//1179 929//1179
f 973//1179 975//1178 931//1178
f 2848//1352 2840//1352 931//1178
f 931//1178 975//1178 2849//1352
f 2850//1355 2851//1355 978//1217
f 978//1217 935//1217 2847//1355
f 937//1216 935//1217 978//1217
f 937//1216 980//1216 982//1218
f 940//1220 939//1218 982//1218
f 940//1220 983//1220 986//1223
f 944//1255 942//1223 986//1223
f 944//1255 988//1255 990//1225
f 3069//1356 3065//1356 946//1225
f 946//1225 990//1225 3070//1356
f 3071//1346 3072//1380 991//1357
f 991//1357 950//1119 3068//1346
f 951//1121 950//1119 991//1357
f 954//1123 951//1121 993//1358
f 954//1123 995//1359 998//1360
f 958//1130 956//1125 998//1360
f 958//1130 1000//1361 1002//1362
f 962//1134 960//1129 1002//1362
f 2634//1347 2630//1347 962//1134
f 962//1134 1004//1363 2633//1364
f 2635//1351 2636//1392 1006//1365
f 1006//1365 964//1166 2632//1351
f 964//1166 1006//1365 1008//1366
f 1008//1366 1010//1367 968//1170
f 1010//1367 1012//1395 970//1172
f 970//1172 1012//1395 1014//1368
f 972//1176 1014//1368 1016//1369
f 973//1179 1016//1369 1018//1370
f 2853//1352 2849//1352 975//1178
f 975//1178 1018//1370 2852//1371
f 2854//1355 2855//1403 1020//1372
f 1020//1372 978//1217 2851//1355
f 980//1216 978//1217 1020//1372
f 980//1216 1022//1373 1024//1374
f 983//1220 982//1218 1024//1374
f 1025//1375 1027//1407 986//1223
f 986//1223 1027//1407 1029//1376
f 988//1255 1029//1376 1032//1377
f 3073//1356 3070//1356 990//1225
f 990//1225 1032//1377 3074//1378
f 3075//1381 3076//1415 1034//1379
f 1034//1379 991//1357 3072//1380
f 993//1358 991//1357 1034//1379
f 993//1358 1036//1382 1038//1383
f 995//1359 1038//1383 1040//1384
f 1000//1361 998//1360 1040//1384
f 1000//1361 1043//1385 1045//1386
f 1002//1362 1045//1386 1047//1387
f 2638//1388 2633//1364 1004//1363
f 1004//1363 1047//1387 2637//1389
f 2639//1390 2640//1429 1050//1391
f 1050//1391 1006//1365 2636//1392
f 1050//1391 1052//1393 1008//1366
f 1052//1393 1054//1394 1010//1367
f 1054//1394 1056//1396 1012//1395
f 1056//1396 1059//1397 1014//1368
f 1059//1397 1061//1433 1016//1369
f 1016//1369 1061//1433 1063//1398
f 2857//1400 2852//1371 1018//1370
f 1018//1370 1063//1398 2856//1399
f 2858//1401 2859//3788 1067//1402
f 1067//1402 1020//1372 2855//1403
f 1020//1372 1067//1402 1068//1404
f 1022//1373 1068//1404 1071//1405
f 1071//1405 1072//1406 1025//1375
f 1072//1406 1074//1446 1027//1407
f 1027//1407 1074//1446 1076//1408
f 1029//1376 1076//1408 1078//1409
f 3077//1411 3074//1378 1032//1377
f 1032//1377 1078//1409 3078//1410
f 1082//1412 3080//3789 3081//1413
f 1084//1416 1034//1379 3076//1415
f 3076//1415 3080//3789 1082//1412
f 1034//1379 1084//1416 1086//1417
f 1036//1382 1086//1417 1087//1418
f 1040//1384 1038//1383 1087//1418
f 1043//1385 1040//1384 1089//1419
f 1043//1385 1091//1420 1094//1421
f 1047//1387 1045//1386 1094//1421
f 1097//1423 2641//1425 2637//1389
f 2637//1389 1047//1387 1095//1422
f 1097//1423 2642//3790 2643//1424
f 1099//1426 2645//3791 2646//1427
f 2640//1429 2645//3791 1099//1426
f 1099//1426 1101//1465 1050//1391
f 1050//1391 1101//1465 1103//1430
f 1103//1430 1105//1467 1054//1394
f 1054//1394 1105//1467 1108//1431
f 1056//1396 1108//1431 1110//1432
f 1110//1432 1112//1434 1061//1433
f 1112//1434 1114//1472 1063//1398
f 2860//1436 2856//1399 1063//1398
f 1063//1398 1114//1472 1116//1435
f 1116//1435 2861//3792 2862//1437
f 1118//1438 2863//1441 2864//1439
f 1067//1402 2859//3788 2863//1441
f 2863//1441 1118//1438 1119//1442
f 1067//1402 1119//1442 1121//1443
f 1068//1404 1121//1443 1123//1444
f 1123//1444 1125//1481 1072//1406
f 1072//1406 1125//1481 1128//1445
f 1128//1445 1129//1483 1076//1408
f 1076//1408 1129//1483 1131//1447
f 3082//1449 3078//1410 1078//1409
f 1078//1409 1131//1447 1134//1448
f 1134//1448 3084//3793 3083//1450
f 3085//1452 3086//3794 1137//1451
f 1137//1451 1082//1412 3079//1414
f 1082//1412 1137//1451 1138//1453
f 1084//1416 1138//1453 1140//1454
f 1086//1417 1140//1454 1142//1455
f 1087//1418 1142//1455 1144//1456
f 1089//1419 1144//1456 1146//1457
f 1091//1420 1146//1457 1148//1458
f 1095//1422 1094//1421 1148//1458
f 1150//1459 1152//1502 1097//1423
f 2648//1460 2642//3790 1097//1423
f 1097//1423 1152//1502 2647//1461
f 2650//1462 2649//3795 1157//1463
f 1157//1463 1099//1426 2644//1428
f 1099//1426 1157//1463 1159//1464
f 1101//1465 1159//1464 1161//1466
f 1161//1466 1163//1468 1105//1467
f 1163//1468 1165//1469 1108//1431
f 1165//1469 1167//1470 1110//1432
f 1167//1470 1168//1471 1112//1434
f 1168//1471 1170//1473 1114//1472
f 1170//1473 1172//1517 1116//1435
f 2867//1475 2861//3792 1116//1435
f 1116//1435 1172//1517 2866//1474
f 2868//1476 2869//3796 1177//1477
f 1177//1477 1118//1438 2865//1440
f 1119//1442 1118//1438 1177//1477
f 1119//1442 1179//1478 1180//1479
f 1121//1443 1180//1479 1182//1480
f 1182//1480 1184//1482 1125//1481
f 1184//1482 1186//1484 1128//1445
f 1129//1483 1128//1445 1186//1484
f 1129//1483 1188//1485 1191//1486
f 1131//1447 1191//1486 1193//1487
f 3087//1489 3084//3793 1134//1448
f 1134//1448 1193//1487 3088//1488
f 3091//1493 3089//1492 1195//1491
f 1195//1491 1198//1494 1137//1451
f 1137//1451 3086//3794 3091//1493
f 1138//1453 1137//1451 1198//1494
f 1138//1453 1199//1495 1201//1496
f 1142//1455 1140//1454 1201//1496
f 1142//1455 1203//1497 1205//1498
f 1146//1457 1144//1456 1205//1498
f 1148//1458 1146//1457 1207//1499
f 1150//1459 1148//1458 1209//1500
f 1211//1501 1213//1550 1152//1502
f 2652//1503 2647//1461 1152//1502
f 1152//1502 1213//1550 1216//1504
f 1216//1504 2651//1505 2652//1503
f 2656//1510 2655//1508 1217//1507
f 1217//1507 1219//1511 1157//1463
f 1157//1463 2649//3795 2656//1510
f 1219//1511 1221//1562 1159//1464
f 1159//1464 1221//1562 1223//1512
f 1161//1466 1223//1512 1225//1513
f 1225//1513 1227//1514 1165//1469
f 1227//1514 1229//1566 1167//1470
f 1167//1470 1229//1566 1231//1515
f 1231//1515 1233//1568 1170//1473
f 1170//1473 1233//1568 1235//1516
f 2870//1519 2866//1474 1172//1517
f 1172//1517 1235//1516 1237//1518
f 1237//1518 2871//1520 2870//1519
f 2875//1525 2873//1524 1240//1523
f 1240//1523 1242//1579 1177//1477
f 1177//1477 2869//3796 2875//1525
f 1177//1477 1242//1579 1244//1526
f 1179//1478 1244//1526 1245//1527
f 1182//1480 1180//1479 1245//1527
f 1184//1482 1182//1480 1247//1528
f 1184//1482 1249//1529 1252//1530
f 1186//1484 1252//1530 1254//1531
f 1191//1486 1188//1485 1254//1531
f 1193//1487 1191//1486 1255//1532
f 3092//1535 3088//1488 1193//1487
f 1193//1487 1258//1533 1260//1534
f 1260//1534 3093//1537 3092//1535
f 3096//1539 3095//3797 1261//1538
f 1261//1538 1263//1540 1195//1491
f 1195//1491 3090//1490 3096//1539
f 1198//1494 1195//1491 1263//1540
f 1199//1495 1198//1494 1266//1541
f 1199//1495 1267//1542 1269//1543
f 1201//1496 1269//1543 1271//1544
f 1205//1498 1203//1497 1271//1544
f 1205//1498 1273//1545 1275//1546
f 1207//1499 1275//1546 1277//1547
f 1211//1501 1209//1500 1277//1547
f 1211//1501 1279//1548 1282//1549
f 1213//1550 1282//1549 1283//1551
f 2658//1552 2653//1506 1216//1504
f 1216//1504 1283//1551 1285//1553
f 1285//1553 2657//1555 2658//1552
f 1285//1553 2660//3798 2659//1554
f 1288//1556 2662//3799 2663//1557
f 2664//1559 2662//3799 1288//1556
f 1288//1556 1290//1560 1217//1507
f 1217//1507 2654//1509 2664//1559
f 1290//1560 1292//1561 1219//1511
f 1292//1561 1294//1622 1221//1562
f 1221//1562 1294//1622 1296//1563
f 1296//1563 1298//1564 1225//1513
f 1298//1564 1299//1626 1227//1514
f 1227//1514 1299//1626 1302//1565
f 1302//1565 1303//1567 1231//1515
f 1303//1567 1305//1569 1233//1568
f 1305//1569 1307//1630 1235//1516
f 1235//1516 1307//1630 1309//1570
f 2877//1572 2872//1521 1237//1518
f 1237//1518 1309//1570 1311//1571
f 1311//1571 2876//1574 2877//1572
f 1311//1571 2879//3800 2878//1573
f 1313//1575 2880//3801 2881//1576
f 2883//1578 2880//3801 1313//1575
f 1313//1575 1315//1580 1240//1523
f 1240//1523 2874//1522 2883//1578
f 1242//1579 1240//1523 1315//1580
f 1244//1526 1242//1579 1317//1581
f 1244//1526 1319//1582 1321//1583
f 1245//1527 1321//1583 1324//1584
f 1247//1528 1324//1584 1326//1585
f 1249//1529 1326//1585 1328//1586
f 1254//1531 1252//1530 1328//1586
f 1254//1531 1330//1587 1332//1588
f 1255//1532 1332//1588 1334//1589
f 1260//1534 1258//1533 1334//1589
f 3097//1592 3094//1536 1260//1534
f 1260//1534 1336//1590 1338//1591
f 1338//1591 3098//1594 3097//1592
f 1338//1591 3100//3802 3099//1593
f 1261//1538 3095//3797 3101//1595
f 1261//1538 1339//1778 1341//1597
f 1266//1541 1263//1540 1341//1597
f 1266//1541 1343//1598 1345//1599
f 1269//1543 1267//1542 1345//1599
f 1269//1543 1347//1600 1349//1601
f 1273//1545 1271//1544 1349//1601
f 1275//1546 1273//1545 1352//1602
f 1275//1546 1354//1603 1355//1604
f 1277//1547 1355//1604 1358//1605
f 1358//1605 1360//1683 1282//1549
f 1282//1549 1360//1683 1362//1606
f 1362//1606 1364//1685 1285//1553
f 2665//1607 2660//3798 1285//1553
f 1285//1553 1364//1685 1366//1608
f 1366//1608 2666//3803 2665//1607
f 2667//1609 2666//3803 1366//1608
f 1366//1608 1367//1611 2668//1610
f 2672//1616 2671//1614 1369//1613
f 1369//1613 1371//1619 2673//1617
f 2674//1618 2673//1617 1371//1619
f 1371//1619 1374//1708 1288//1556
f 1288//1556 2661//1558 2674//1618
f 1288//1556 1374//1708 1376//1620
f 1376//1620 1377//1621 1292//1561
f 1377//1621 1379//1623 1294//1622
f 1379//1623 1381//1624 1296//1563
f 1381//1624 1383//1714 1298//1564
f 1298//1564 1383//1714 1385//1625
f 1385//1625 1387//1627 1302//1565
f 1387//1627 1390//1628 1303//1567
f 1390//1628 1391//1629 1305//1569
f 1391//1629 1394//1631 1307//1630
f 1394//1631 1396//1632 1309//1570
f 1396//1632 1397//1721 1311//1571
f 2884//1634 2879//3800 1311//1571
f 1311//1571 1397//1721 1399//1633
f 1399//1633 2885//3804 2884//1634
f 2886//1635 2885//3804 1399//1633
f 1399//1633 1401//1637 2887//1636
f 2892//1642 2889//1641 1403//1640
f 1403//1640 1405//1645 2891//1643
f 2893//1644 2891//1643 1405//1645
f 1405//1645 1407//1646 1313//1575
f 1313//1575 2882//1577 2893//1644
f 1315//1580 1313//1575 1407//1646
f 1315//1580 1409//1647 1412//1648
f 1317//1581 1412//1648 1414//1649
f 1319//1582 1414//1649 1416//1650
f 1324//1584 1321//1583 1416//1650
f 1324//1584 1418//1651 1420//1652
f 1326//1585 1420//1652 1421//1653
f 1328//1586 1421//1653 1424//1654
f 1330//1587 1424//1654 1426//1655
f 1332//1588 1426//1655 1428//1656
f 1336//1590 1334//1589 1428//1656
f 1336//1590 1430//1657 1432//1658
f 3103//1660 3100//3802 1338//1591
f 1338//1591 1432//1658 1434//1659
f 1434//1659 3104//1663 3103//1660
f 3104//1663 1434//1659 1436//1661
f 1436//1661 3106//1664 3105//1662
f 3111//1670 3109//1668 1437//1667
f 1437//1667 1439//1671 3110//1669
f 3112//1672 3110//1669 1439//1671
f 1439//1671 1339//1778 1261//1538
f 1261//1538 3102//1596 3112//1672
f 1341//1597 1339//1778 1441//1673
f 1343//1598 1341//1597 1443//1674
f 1343//1598 1445//1675 1448//1676
f 1345//1599 1448//1676 1449//1677
f 1349//1601 1347//1600 1449//1677
f 1352//1602 1349//1601 1452//1678
f 1352//1602 1453//1679 1455//1680
f 1355//1604 1354//1603 1455//1680
f 1358//1605 1355//1604 1457//1681
f 1459//1682 1461//1789 1360//1683
f 1360//1683 1461//1789 1463//1684
f 1463//1684 1465//1792 1364//1685
f 1364//1685 1465//1792 1467//1686
f 1467//1686 1470//1794 1367//1611
f 2675//1687 2669//1612 1367//1611
f 1367//1611 1470//1794 1472//1688
f 1472//1688 2676//3805 2675//1687
f 2677//1689 2676//3805 1472//1688
f 1472//1688 1473//1692 2678//1690
f 2679//1691 2678//1690 1473//1692
f 1473//1692 1475//1694 2680//1693
f 1475//1694 1477//1696 2681//1695
f 1477//1696 1479//1700 2683//1697
f 2682//1698 2681//1695 1477//1696
f 2684//1699 2683//1697 1479//1700
f 1479//1700 1481//1703 2685//1701
f 2686//1702 2685//1701 1481//1703
f 1481//1703 1483//1706 2687//1704
f 2688//1705 2687//1704 1483//1706
f 1483//1706 1485//1801 1369//1613
f 1369//1613 2670//1615 2688//1705
f 1369//1613 1485//1801 1488//1707
f 1488//1707 1489//1709 1374//1708
f 1489//1709 1491//1710 1376//1620
f 1491//1710 1493//1711 1377//1621
f 1493//1711 1495//1805 1379//1623
f 1379//1623 1495//1805 1497//1712
f 1381//1624 1497//1712 1499//1713
f 1383//1714 1499//1713 1501//1715
f 1385//1625 1501//1715 1503//1716
f 1387//1627 1503//1716 1505//1717
f 1390//1628 1505//1717 1507//1718
f 1507//1718 1509//1812 1394//1631
f 1394//1631 1509//1812 1511//1719
f 1396//1632 1511//1719 1513//1720
f 1513//1720 1515//1722 1399//1633
f 1515//1722 1517//1816 1401//1637
f 2894//1724 2888//1638 1401//1637
f 1401//1637 1517//1816 1519//1723
f 1519//1723 2895//3806 2894//1724
f 2896//1725 2895//3806 1519//1723
f 1519//1723 1522//1728 2897//1726
f 2898//1727 2897//1726 1522//1728
f 1522//1728 1523//1730 2899//1729
f 1523//1730 1525//1733 2900//1731
f 1527//1732 2901//3807 2900//1731
f 2902//1734 2901//3807 1527//1732
f 1527//1732 1529//1736 2903//1735
f 2904//1738 2903//1735 1529//1736
f 1529//1736 1532//1740 2905//1737
f 2906//1739 2905//1737 1532//1740
f 1532//1740 1534//1824 1403//1640
f 1403//1640 2890//1639 2906//1739
f 1403//1640 1534//1824 1536//1741
f 1407//1646 1405//1645 1536//1741
f 1409//1647 1407//1646 1537//1742
f 1412//1648 1409//1647 1539//1743
f 1412//1648 1541//1744 1543//1745
f 1414//1649 1543//1745 1545//1746
f 1416//1650 1545//1746 1548//1747
f 1420//1652 1418//1651 1548//1747
f 1420//1652 1550//1748 1552//1749
f 1424//1654 1421//1653 1552//1749
f 1426//1655 1424//1654 1554//1750
f 1426//1655 1556//1751 1558//1752
f 1428//1656 1558//1752 1560//1753
f 1432//1658 1430//1657 1560//1753
f 1432//1658 1562//1754 1563//1755
f 1436//1661 1434//1659 1563//1755
f 3113//1758 3107//1665 1436//1661
f 1436//1661 1566//1756 1568//1757
f 1568//1757 3114//1761 3113//1758
f 3114//1761 1568//1757 1569//1759
f 1569//1759 3116//1764 3115//1760
f 3116//1764 1569//1759 1572//1762
f 1572//1762 3118//1765 3117//1763
f 3118//1765 1572//1762 1574//1844
f 3118//1765 1574//1844 3119//1766
f 3119//1766 1574//1844 1576//1768
f 3122//1770 3121//1769 1576//1768
f 1576//1768 1578//1773 3123//1771
f 3124//1772 3123//1771 1578//1773
f 1578//1773 1580//1775 3125//1774
f 3126//1776 3125//1774 1580//1775
f 1580//1775 1581//1849 1437//1667
f 1437//1667 3108//1666 3126//1776
f 1437//1667 1581//1849 1583//1777
f 1439//1671 1583//1777 1441//1673
f 1441//1673 1585//1852 1587//1779
f 1443//1674 1587//1779 1589//1780
f 1448//1676 1445//1675 1589//1780
f 1448//1676 1592//1781 1594//1782
f 1449//1677 1594//1782 1596//1783
f 1452//1678 1596//1783 1598//1784
f 1453//1679 1598//1784 1599//1785
f 1455//1680 1599//1785 1602//1786
f 1459//1682 1457//1681 1602//1786
f 1459//1682 1603//1787 1605//1788
f 1461//1789 1605//1788 1607//1790
f 1463//1684 1607//1790 1609//1791
f 1609//1791 1611//1865 1467//1686
f 1467//1686 1611//1865 1613//1793
f 1613//1793 1616//1795 1472//1688
f 1616//1795 1618//1868 1473//1692
f 1473//1692 1618//1868 1620//1796
f 1620//1796 1622//1797 1477//1696
f 1622//1797 1623//1798 1479//1700
f 1623//1798 1625//1871 1481//1703
f 1481//1703 1625//1871 1627//1799
f 1483//1706 1627//1799 1629//1800
f 1629//1800 1631//1875 1488//1707
f 1488//1707 1631//1875 1633//1802
f 1633//1802 1635//1803 1491//1710
f 1635//1803 1638//1878 1493//1711
f 1493//1711 1638//1878 1640//1804
f 1495//1805 1640//1804 1642//1806
f 1642//1806 1644//1807 1499//1713
f 1644//1807 1646//1808 1501//1715
f 1646//1808 1647//1809 1503//1716
f 1647//1809 1649//1810 1505//1717
f 1649//1810 1651//1811 1507//1718
f 1651//1811 1654//1885 1509//1812
f 1509//1812 1654//1885 1655//1813
f 1511//1719 1655//1813 1657//1814
f 1657//1814 1659//1815 1515//1722
f 1659//1815 1661//1817 1517//1816
f 1661//1817 1664//1890 1519//1723
f 1519//1723 1664//1890 1666//1818
f 1666//1818 1668//1892 1523//1730
f 1523//1730 1668//1892 1670//1819
f 1525//1733 1670//1819 1671//1820
f 1527//1732 1671//1820 1674//1821
f 1529//1736 1674//1821 1675//1822
f 1532//1740 1675//1822 1678//1823
f 1534//1824 1678//1823 1679//1825
f 1536//1741 1679//1825 1682//1826
f 1539//1743 1537//1742 1682//1826
f 1541//1744 1539//1743 1683//1827
f 1543//1745 1541//1744 1685//1828
f 1545//1746 1543//1745 1687//1829
f 1545//1746 1689//1830 1691//1831
f 1548//1747 1691//1831 1693//1832
f 1552//1749 1550//1748 1693//1832
f 1554//1750 1552//1749 1696//1833
f 1554//1750 1698//1834 1700//1835
f 1556//1751 1700//1835 1702//1836
f 1558//1752 1702//1836 1704//1837
f 1560//1753 1704//1837 1706//1838
f 1563//1755 1562//1754 1706//1838
f 1566//1756 1563//1755 1708//1839
f 1568//1757 1566//1756 1710//1840
f 1568//1757 1712//1841 1714//1842
f 1572//1762 1569//1759 1714//1842
f 1574//1844 1572//1762 1716//1843
f 1576//1768 1574//1844 1718//1845
f 1576//1768 1719//1846 1721//1847
f 1580//1775 1578//1773 1721//1847
f 1581//1849 1580//1775 1723//1848
f 1581//1849 1726//1850 1728//1851
f 1583//1777 1728//1851 1585//1852
f 1585//1852 1729//1922 1731//1853
f 1589//1780 1587//1779 1731//1853
f 1589//1780 1733//1854 1735//1855
f 1592//1781 1735//1855 1738//1856
f 1596//1783 1594//1782 1738//1856
f 1598//1784 1596//1783 1739//1857
f 1598//1784 1742//1858 1744//1859
f 1599//1785 1744//1859 1746//1860
f 1603//1787 1602//1786 1746//1860
f 1748//1861 1750//1862 1605//1788
f 1750//1862 1752//1863 1607//1790
f 1752//1863 1754//1864 1609//1791
f 1754//1864 1756//1866 1611//1865
f 1756//1866 1758//1936 1613//1793
f 1613//1793 1758//1936 1760//1867
f 1760//1867 1762//1939 1618//1868
f 1618//1868 1762//1939 1763//1869
f 1763//1869 1765//1941 1622//1797
f 1622//1797 1765//1941 1767//1870
f 1767//1870 1770//1872 1625//1871
f 1770//1872 1771//1873 1627//1799
f 1771//1873 1773//1944 1629//1800
f 1629//1800 1773//1944 1775//1874
f 1631//1875 1775//1874 1778//1876
f 1778//1876 1780//1877 1635//1803
f 1780//1877 1782//1879 1638//1878
f 1782//1879 1783//1949 1640//1804
f 1640//1804 1783//1949 1786//1880
f 1786//1880 1788//1881 1644//1807
f 1788//1881 1789//1882 1646//1808
f 1789//1882 1792//1953 1647//1809
f 1647//1809 1792//1953 1793//1883
f 1793//1883 1796//1884 1651//1811
f 1796//1884 1797//1956 1654//1885
f 1654//1885 1797//1956 1800//1886
f 1655//1813 1800//1886 1802//1887
f 1802//1887 1804//1888 1659//1815
f 1804//1888 1806//1889 1661//1817
f 1806//1889 1808//1961 1664//1890
f 1664//1890 1808//1961 1810//1891
f 1810//1891 1812//1893 1668//1892
f 1812//1893 1813//1894 1670//1819
f 1813//1894 1815//1965 1671//1820
f 1671//1820 1815//1965 1817//1895
f 1817//1895 1820//1967 1675//1822
f 1675//1822 1820//1967 1822//1896
f 1678//1823 1822//1896 1824//1897
f 1679//1825 1824//1897 1826//1898
f 1683//1827 1682//1826 1826//1898
f 1683//1827 1827//1899 1830//1900
f 1685//1828 1830//1900 1831//1901
f 1687//1829 1831//1901 1833//1902
f 1689//1830 1833//1902 1835//1903
f 1693//1832 1691//1831 1835//1903
f 1693//1832 1837//1904 1840//1905
f 1698//1834 1696//1833 1840//1905
f 1698//1834 1842//1906 1844//1907
f 1702//1836 1700//1835 1844//1907
f 1702//1836 1845//1908 1848//1909
f 1704//1837 1848//1909 1850//1910
f 1708//1839 1706//1838 1850//1910
f 1708//1839 1852//1911 1854//1912
f 1710//1840 1854//1912 1856//1913
f 1712//1841 1856//1913 1857//1914
f 1714//1842 1857//1914 1859//1915
f 1718//1845 1716//1843 1859//1915
f 1718//1845 1862//1916 1864//1917
f 1719//1846 1864//1917 1865//1918
f 1721//1847 1865//1918 1867//1919
f 1723//1848 1867//1919 1869//1920
f 1726//1850 1869//1920 1871//1921
f 1728//1851 1871//1921 1729//1922
f 1729//1922 1873//1994 1875//1923
f 1731//1853 1875//1923 1878//1924
f 1733//1854 1878//1924 1880//1925
f 1735//1855 1880//1925 1881//1926
f 1738//1856 1881//1926 1883//1927
f 1742//1858 1739//1857 1883//1927
f 1744//1859 1742//1858 1886//1928
f 1744//1859 1888//1929 1890//1930
f 1746//1860 1890//1930 1892//1931
f 1750//1862 1748//1861 1892//1931
f 1750//1862 1894//1932 1896//1933
f 1752//1863 1896//1933 1898//1934
f 1754//1864 1898//1934 1899//1935
f 1899//1935 1901//1937 1758//1936
f 1901//1937 1903//2010 1760//1867
f 1760//1867 1903//2010 1905//1938
f 1905//1938 1908//2014 1763//1869
f 1763//1869 1908//2014 1909//1940
f 1909//1940 1911//2017 1767//1870
f 1767//1870 1911//2017 1914//1942
f 1914//1942 1916//2020 1771//1873
f 1771//1873 1916//2020 1918//1943
f 1918//1943 1920//1945 1775//1874
f 1778//1876 1775//1874 1920//1945
f 1778//1876 1922//1946 1923//1947
f 1923//1947 1925//2025 1782//1879
f 1782//1879 1925//2025 1927//1948
f 1927//1948 1929//1950 1786//1880
f 1929//1950 1932//2028 1788//1881
f 1788//1881 1932//2028 1934//1951
f 1789//1882 1934//1951 1936//1952
f 1792//1953 1936//1952 1938//1954
f 1938//1954 1939//1955 1796//1884
f 1939//1955 1941//1957 1797//1956
f 1941//1957 1943//2033 1800//1886
f 1800//1886 1943//2033 1945//1958
f 1945//1958 1947//1959 1804//1888
f 1947//1959 1949//2036 1806//1889
f 1806//1889 1949//2036 1951//1960
f 1808//1961 1951//1960 1954//1962
f 1954//1962 1956//1963 1812//1893
f 1956//1963 1957//1964 1813//1894
f 1957//1964 1960//2041 1815//1965
f 1815//1965 1960//2041 1962//1966
f 1962//1966 1964//1968 1820//1967
f 1964//1968 1966//1969 1822//1896
f 1966//1969 1968//1970 1824//1897
f 1968//1970 1970//2045 1826//1898
f 1826//1898 1970//2045 1972//1971
f 1830//1900 1827//1899 1972//1971
f 1831//1901 1830//1900 1973//1972
f 1831//1901 1976//1973 1978//1974
f 1833//1902 1978//1974 1980//1975
f 1835//1903 1980//1975 1982//1976
f 1840//1905 1837//1904 1982//1976
f 1840//1905 1983//1977 1985//1978
f 1844//1907 1842//1906 1985//1978
f 1844//1907 1987//1979 1989//1980
f 1848//1909 1845//1908 1989//1980
f 1850//1910 1848//1909 1991//1981
f 1852//1911 1850//1910 1993//1982
f 1854//1912 1852//1911 1995//1983
f 2000//1985 1856//1913 1854//1912
f 1857//1914 1856//1913 2000//1985
f 1859//1915 1857//1914 2002//1986
f 1862//1916 1859//1915 2004//1987
f 1864//1917 1862//1916 2006//1988
f 1865//1918 1864//1917 2007//1989
f 1865//1918 2010//1990 2012//1991
f 1869//1920 1867//1919 2012//1991
f 1869//1920 2013//1992 2015//1993
f 1871//1921 2015//1993 1873//1994
f 1875//1923 1873//1994 2018//1995
f 1875//1923 2019//1996 2021//1997
f 1878//1924 2021//1997 2024//1998
f 1880//1925 2024//1998 2025//1999
f 1881//1926 2025//1999 2028//2000
f 1886//1928 1883//1927 2028//2000
f 1886//1928 2029//2001 2032//2002
f 1890//1930 1888//1929 2032//2002
f 1892//1931 1890//1930 2033//2003
f 1892//1931 2036//2004 2037//2005
f 1896//1933 1894//1932 2037//2005
f 1898//1934 1896//1933 2039//2006
f 1898//1934 2042//2007 2044//2008
f 1899//1935 2044//2008 2046//2009
f 1903//2010 1901//1937 2046//2009
f 1903//2010 2048//2011 2049//2012
f 1905//1938 2049//2012 2051//2013
f 1908//2014 2051//2013 2054//2015
f 1909//1940 2054//2015 2056//2016
f 1911//2017 2056//2016 2057//2018
f 1914//1942 2057//2018 2059//2019
f 1916//2020 2059//2019 2061//2021
f 1920//1945 1918//1943 2061//2021
f 2064//2022 2065//2093 1922//1946
f 1922//1946 2065//2093 2067//2023
f 1923//1947 2067//2023 2069//2024
f 1925//2025 2069//2024 2072//2026
f 1927//1948 2072//2026 2073//2027
f 2073//2027 2075//2029 1932//2028
f 2075//2029 2078//2099 1934//1951
f 1934//1951 2078//2099 2080//2030
f 1936//1952 2080//2030 2082//2031
f 2082//2031 2084//2103 1939//1955
f 1939//1955 2084//2103 2086//2032
f 2086//2032 2087//2106 1943//2033
f 1943//2033 2087//2106 2089//2034
f 2089//2034 2092//2035 1947//1959
f 2092//2035 2094//2037 1949//2036
f 2094//2037 2096//2109 1951//1960
f 1951//1960 2096//2109 2098//2038
f 2098//2038 2100//2039 1956//1963
f 2100//2039 2102//2113 1957//1964
f 1957//1964 2102//2113 2104//2040
f 2104//2040 2106//2042 1962//1966
f 2106//2042 2107//2117 1964//1968
f 1964//1968 2107//2117 2109//2043
f 2109//2043 2111//2044 1968//1970
f 2111//2044 2113//2046 1970//2045
f 2113//2046 2116//2047 1972//1971
f 2116//2047 2117//2048 1973//1972
f 2117//2048 2119//2122 1976//1973
f 1976//1973 2119//2122 2121//2049
f 1978//1974 2121//2049 2124//2050
f 1980//1975 2124//2050 2126//2051
f 1983//1977 1982//1976 2126//2051
f 1985//1978 1983//1977 2128//2052
f 1987//1979 1985//1978 2130//2053
f 1989//1980 1987//1979 2131//2054
f 1991//1981 1989//1980 2134//2055
f 1993//1982 1991//1981 2136//2056
f 2139//2058 1995//1983 1993//1982
f 2142//2059 1998//1984 1995//1983
f 2000//1985 1998//1984 2142//2059
f 2146//2061 2002//1986 2000//1985
f 2004//1987 2002//1986 2146//2061
f 2006//1988 2004//1987 2147//2062
f 2007//1989 2006//1988 2150//2063
f 2010//1990 2007//1989 2152//2064
f 2012//1991 2010//1990 2154//2065
f 2013//1992 2012//1991 2156//2066
f 2015//1993 2013//1992 2158//2067
f 1873//1994 2015//1993 2160//2068
f 2019//1996 2018//1995 2161//2069
f 2021//1997 2019//1996 2163//2070
f 2021//1997 2165//2071 2167//2072
f 2024//1998 2167//2072 2169//2073
f 2025//1999 2169//2073 2171//2074
f 2028//2000 2171//2074 2173//2075
f 2029//2001 2173//2075 2175//2076
f 2033//2003 2032//2002 2175//2076
f 2033//2003 2177//2077 2179//2078
f 2037//2005 2036//2004 2179//2078
f 2037//2005 2181//2079 2183//2080
f 2039//2006 2183//2080 2185//2081
f 2042//2007 2185//2081 2187//2082
f 2044//2008 2187//2082 2189//2083
f 2046//2009 2189//2083 2191//2084
f 2048//2011 2191//2084 2193//2085
f 2049//2012 2193//2085 2195//2086
f 2051//2013 2195//2086 2197//2087
f 2056//2016 2054//2015 2197//2087
f 2057//2018 2056//2016 2199//2088
f 2057//2018 2201//2089 2204//2090
f 2204//2090 2205//2091 2061//2021
f 2205//2091 2208//2092 2064//2022
f 2208//2092 2210//2094 2065//2093
f 2210//2094 2211//2095 2067//2023
f 2211//2095 2213//2146 2069//2024
f 2069//2024 2213//2146 2215//2096
f 2072//2026 2215//2096 2217//2097
f 2217//2097 2219//2098 2075//2029
f 2219//2098 2221//2100 2078//2099
f 2221//2100 2224//2101 2080//2030
f 2224//2101 2226//2102 2082//2031
f 2226//2102 2228//2104 2084//2103
f 2228//2104 2230//2150 2086//2032
f 2086//2032 2230//2150 2232//2105
f 2232//2105 2234//2151 2089//2034
f 2089//2034 2234//2151 2235//2107
f 2235//2107 2237//2108 2094//2037
f 2237//2108 2240//2110 2096//2109
f 2240//2110 2241//2111 2098//2038
f 2241//2111 2243//2112 2100//2039
f 2243//2112 2246//2155 2102//2113
f 2102//2113 2246//2155 2247//2114
f 2104//2040 2247//2114 2249//2115
f 2106//2042 2249//2115 2251//2116
f 2251//2116 2253//2156 2109//2043
f 2109//2043 2253//2156 2255//2118
f 2111//2044 2255//2118 2257//2119
f 2257//2119 2259//2157 2116//2047
f 2116//2047 2259//2157 2261//2120
f 2117//2048 2261//2120 2263//2121
f 2263//2121 2265//3808 2121//2049
f 2121//2049 2265//3808 2267//2123
f 2267//2123 2270//2125 2126//2051
f 2272//2124 2128//2052 2126//2051
f 2130//2053 2128//2052 2272//2124
f 2131//2054 2130//2053 2274//2126
f 2134//2055 2131//2054 2275//2127
f 2136//2056 2134//2055 2277//2128
f 2138//2057 2136//2056 2279//2129
f 2139//2058 2138//2057 2281//2130
f 2142//2059 2139//2058 2284//2131
f 2287//2133 2143//2060 2142//2059
f 2146//2061 2143//2060 2287//2133
f 2147//2062 2146//2061 2289//2134
f 2150//2063 2147//2062 2291//2135
f 2152//2064 2150//2063 2294//2136
f 2154//2065 2152//2064 2295//2137
f 2299//2139 2156//2066 2154//2065
f 2158//2067 2156//2066 2299//2139
f 2303//2141 2160//2068 2158//2067
f 2018//1995 2160//2068 2303//2141
f 2305//1036 2163//2070 2161//2069
f 2305//1036 2308//2143 2165//2071
f 2167//2072 2165//2071 2308//2143
f 2307//1037 2309//1038 2167//2072
f 2169//2073 2167//2072 2309//1038
f 2310//1039 2312//1040 2171//2074
f 2169//2073 2311//2144 2310//1039
f 2173//2075 2171//2074 2312//1040
f 2313//1041 2314//1042 2175//2076
f 2177//2077 2175//2076 2314//1042
f 2177//2077 2315//1044 2316//1043
f 2181//2079 2179//2078 2316//1043
f 2318//1046 2183//2080 2181//2079
f 2185//2081 2183//2080 2318//1046
f 2187//2082 2185//2081 2319//1047
f 2321//1048 2323//1050 2189//2083
f 2189//2083 2187//2082 2320//1049
f 2189//2083 2323//1050 2322//1052
f 2326//2145 2193//2085 2191//2084
f 2191//2084 2322//1052 2324//1051
f 2195//2086 2193//2085 2326//2145
f 2195//2086 2325//1053 2327//1054
f 2328//1056 2199//2088 2197//2087
f 2197//2087 2327//1054 2329//1055
f 2199//2088 2328//1056 2331//1057
f 2330//1059 2332//1058 2204//2090
f 2204//2090 2201//2089 2331//1057
f 2205//2091 2204//2090 2332//1058
f 2208//2092 2205//2091 2334//1060
f 2333//1062 2335//1061 2208//2092
f 2210//2094 2208//2092 2335//1061
f 2210//2094 2336//1063 2337//1064
f 2213//2146 2211//2095 2337//1064
f 2213//2146 2338//1066 2339//1065
f 2217//2097 2215//2096 2339//1065
f 2217//2097 2340//2147 2341//1067
f 2221//2100 2219//2098 2341//1067
f 2221//2100 2342//1068 2343//1069
f 2344//2148 2346//1070 2226//2102
f 2226//2102 2224//2101 2343//1069
f 2226//2102 2346//1070 2345//2149
f 2230//2150 2228//2104 2345//2149
f 2347//1071 2349//1072 2230//2150
f 2232//2105 2230//2150 2349//1072
f 2234//2151 2232//2105 2348//1073
f 2352//2152 2351//1075 2235//2107
f 2235//2107 2234//2151 2350//1074
f 2351//1075 2354//2153 2237//2108
f 2240//2110 2237//2108 2354//2153
f 2353//1076 2355//1077 2240//2110
f 2241//2111 2240//2110 2355//1077
f 2356//1078 2358//1079 2243//2112
f 2241//2111 2357//2154 2356//1078
f 2246//2155 2243//2112 2358//1079
f 2359//1080 2360//1081 2247//2114
f 2249//2115 2247//2114 2360//1081
f 2249//2115 2361//1083 2362//1082
f 2253//2156 2251//2116 2362//1082
f 2364//1085 2255//2118 2253//2156
f 2257//2119 2255//2118 2364//1085
f 2259//2157 2257//2119 2365//1086
f 2367//1087 2369//3779 2261//2120
f 2261//2120 2259//2157 2366//1088
f 2261//2120 2369//3779 2368//1089
f 2372//1092 2265//3808 2263//2121
f 2263//2121 2368//1089 2370//1090
f 2267//2123 2265//3808 2372//1092
f 2267//2123 2371//1091 2374//2158
f 2376//1094 2375//1095 2272//2124
f 2272//2124 2270//2125 2374//2158
f 2272//2124 2375//1095 2378//1097
f 2377//1096 2379//1098 2275//2127
f 2275//2127 2274//2126 2378//1097
f 2277//2128 2275//2127 2379//1098
f 2381//1099 2382//1100 2279//2129
f 2279//2129 2277//2128 2380//2159
f 2281//2130 2279//2129 2382//1100
f 2281//2130 2383//1101 2384//1102
f 2286//2132 2284//2131 2384//1102
f 2286//2132 2385//1104 2386//1103
f 2289//2134 2287//2133 2386//1103
f 2289//2134 2387//2160 2388//1105
f 2294//2136 2291//2135 2388//1105
f 2294//2136 2389//1106 2390//1107
f 2297//2138 2295//2137 2390//1107
f 2391//2161 2393//1108 2297//2138
f 2297//2138 2393//1108 2392//2162
f 2301//2140 2299//2139 2392//2162
f 2394//1109 2396//1110 2301//2140
f 2303//2141 2301//2140 2396//1110
f 2161//2069 2303//2141 2395//1111
s 0
f 2633//2163 2638//2163 2529//2163
f 2529//3809 2527//3809 2524//3809
f 2524//2163 2523//2163 2634//2163
f 2634//2163 2633//2163 2529//2163
f 2641//2164 2643//2164 2533//2164
f 2533//2164 2528//2164 2529//2164
f 2529//2164 2638//2164 2637//2164
f 2637//2164 2641//2164 2533//2164
f 2642//2165 2648//2165 2538//2165
f 2538//3810 2534//3810 2533//3810
f 2533//2165 2643//2165 2642//2165
f 2647//2166 2652//2166 2543//2166
f 2543//3811 2539//3811 2537//3811
f 2537//2166 2538//2166 2648//2166
f 2648//3812 2647//3812 2543//3812
f 2653//2167 2658//2167 2544//2167
f 2544//2167 2543//2167 2652//2167
f 2651//2167 2653//2167 2544//2167
f 2657//2168 2659//2168 2550//2168
f 2550//3813 2549//3813 2545//3813
f 2545//2168 2544//2168 2658//2168
f 2658//2168 2657//2168 2550//2168
f 2660//3461 2665//3461 2558//3461
f 2558//3814 2555//3814 2551//3814
f 2551//3461 2550//3461 2659//3461
f 2659//3461 2660//3461 2558//3461
f 2666//2170 2667//2170 2557//2170
f 2557//2170 2558//2170 2665//2170
f 2669//2171 2675//2171 2565//2171
f 2565//3815 2559//3815 2556//3815
f 2556//2171 2557//2171 2667//2171
f 2668//2171 2669//2171 2565//2171
f 2556//2171 2667//2171 2668//2171
f 2676//2172 2677//2172 2568//2172
f 2568//2172 2566//2172 2565//2172
f 2565//2172 2675//2172 2676//2172
f 2678//2173 2679//2173 2569//2173
f 2569//2173 2567//2173 2568//2173
f 2568//2173 2677//2173 2678//2173
f 2571//3816 2570//3816 2569//3816
f 2569//2174 2679//2174 2680//2174
f 2569//2174 2680//2174 2681//2174
f 2573//1767 2571//1767 2569//1767
f 2681//3817 2682//3817 2573//3817
f 2683//2175 2684//2175 2575//2175
f 2575//3818 2572//3818 2573//3818
f 2573//2175 2682//2175 2683//2175
f 2685//2176 2686//2176 2577//2176
f 2577//2176 2574//2176 2575//2176
f 2575//2176 2684//2176 2685//2176
f 2687//2177 2688//2177 2578//2177
f 2578//2177 2576//2177 2577//2177
f 2577//2177 2686//2177 2687//2177
f 2671//2178 2672//2178 2564//2178
f 2564//2178 2560//2178 2561//2178
f 2561//3819 2578//3819 2688//3819
f 2670//2178 2671//2178 2564//2178
f 2561//2178 2688//2178 2670//2178
f 2673//2179 2674//2179 2562//2179
f 2562//2179 2564//2179 2672//2179
f 2661//2180 2663//2180 2552//2180
f 2552//2180 2554//2180 2563//2180
f 2563//3820 2562//3820 2674//3820
f 2674//2180 2661//2180 2552//2180
f 2662//2181 2664//2181 2547//2181
f 2547//3821 2548//3821 2553//3821
f 2553//2181 2552//2181 2663//2181
f 2663//2181 2662//2181 2547//2181
f 2655//3462 2656//3462 2546//3462
f 2546//3462 2547//3462 2664//3462
f 2654//3462 2655//3462 2546//3462
f 2649//2183 2650//2183 2542//2183
f 2542//3822 2540//3822 2541//3822
f 2541//2183 2546//2183 2656//2183
f 2656//3823 2649//3823 2542//3823
f 2644//2184 2646//2184 2535//2184
f 2535//3824 2536//3824 2542//3824
f 2542//2184 2650//2184 2644//2184
f 2640//2185 2639//2185 2531//2185
f 2531//2185 2532//2185 2535//2185
f 2535//2185 2646//2185 2645//2185
f 2645//2185 2640//2185 2531//2185
f 2636//2186 2635//2186 2525//2186
f 2525//2186 2526//2186 2530//2186
f 2530//2186 2531//2186 2639//2186
f 2639//2186 2636//2186 2525//2186
f 2632//2187 2631//2187 2521//2187
f 2521//3825 2522//3825 2525//3825
f 2525//2187 2635//2187 2632//2187
f 2627//2188 2515//2188 2516//2188
f 2516//3826 2520//3826 2521//3826
f 2521//2188 2631//2188 2628//2188
f 2628//2188 2627//2188 2516//2188
f 2625//2189 2626//2189 2511//2189
f 2512//2189 2515//2189 2627//2189
f 2625//2189 2511//2189 2512//2189
f 2620//3459 2619//3459 2510//3459
f 2510//3459 2511//3459 2626//3459
f 2614//2191 2505//2191 2504//2191
f 2504//3776 2506//3776 2510//3776
f 2510//2191 2619//2191 2618//2191
f 2618//3827 2613//3827 2614//3827
f 2614//2191 2504//2191 2510//2191
f 2607//2192 2499//2192 2498//2192
f 2498//3828 2500//3828 2505//3828
f 2505//2192 2614//2192 2612//2192
f 2608//2192 2607//2192 2498//2192
f 2505//3829 2612//3829 2608//3829
f 2605//2193 2606//2193 2496//2193
f 2496//3830 2497//3830 2499//3830
f 2499//3831 2607//3831 2605//3831
f 2600//2194 2599//2194 2488//2194
f 2488//3832 2487//3832 2490//3832
f 2490//2194 2496//2194 2606//2194
f 2606//2194 2600//2194 2488//2194
f 2598//3460 2597//3460 2489//3460
f 2489//3460 2488//3460 2599//3460
f 2596//2196 2595//2196 2479//2196
f 2479//3833 2480//3833 2486//3833
f 2486//2196 2489//2196 2597//2196
f 2597//3834 2596//3834 2479//3834
f 2586//2197 2585//2197 2478//2197
f 2478//3835 2477//3835 2479//3835
f 2479//2197 2595//2197 2594//2197
f 2594//2197 2586//2197 2478//2197
f 2584//2198 2583//2198 2476//2198
f 2476//2198 2475//2198 2478//2198
f 2478//2198 2585//2198 2584//2198
f 2581//2199 2580//2199 2472//2199
f 2582//2199 2581//2199 2472//2199
f 2473//591 2474//591 2476//591
f 2472//2199 2473//2199 2476//2199
f 2476//3836 2583//3836 2582//3836
f 2593//2200 2592//2200 2469//2200
f 2469//3837 2470//3837 2472//3837
f 2472//2200 2580//2200 2579//2200
f 2579//2200 2593//2200 2469//2200
f 2591//2201 2590//2201 2483//2201
f 2483//3838 2484//3838 2471//3838
f 2471//2201 2469//2201 2592//2201
f 2592//2201 2591//2201 2483//2201
f 2589//2202 2588//2202 2485//2202
f 2485//2202 2483//2202 2590//2202
f 2587//2203 2604//2203 2495//2203
f 2482//3839 2481//3839 2485//3839
f 2587//2203 2495//2203 2482//2203
f 2485//2203 2588//2203 2587//2203
f 2603//3840 2601//3840 2494//3840
f 2494//3841 2493//3841 2495//3841
f 2495//3842 2604//3842 2603//3842
f 2611//2205 2609//2205 2503//2205
f 2503//3843 2492//3843 2491//3843
f 2491//2205 2494//2205 2601//2205
f 2601//3844 2602//3844 2611//3844
f 2611//2205 2503//2205 2491//2205
f 2617//2206 2616//2206 2507//2206
f 2502//3845 2501//3845 2503//3845
f 2617//2206 2507//2206 2502//2206
f 2609//3846 2610//3846 2617//3846
f 2502//2206 2503//2206 2609//2206
f 2616//3847 2615//3847 2624//3847
f 2624//2207 2508//2207 2507//2207
f 2622//2208 2623//2208 2513//2208
f 2509//2208 2508//2208 2624//2208
f 2622//2208 2513//2208 2509//2208
f 2621//2209 2629//2209 2518//2209
f 2518//3848 2517//3848 2514//3848
f 2514//2209 2513//2209 2623//2209
f 2623//2209 2621//2209 2518//2209
f 2523//3849 2519//3849 2518//3849
f 2518//2210 2629//2210 2630//2210
f 2630//2210 2634//2210 2523//2210
f 2852//2211 2857//2211 2749//2211
f 2749//3850 2747//3850 2744//3850
f 2744//2211 2743//2211 2853//2211
f 2853//2211 2852//2211 2749//2211
f 2860//3851 2862//3851 2753//3851
f 2753//3851 2748//3851 2749//3851
f 2749//3851 2857//3851 2856//3851
f 2856//2212 2860//2212 2753//2212
f 2861//2213 2867//2213 2758//2213
f 2758//2213 2754//2213 2753//2213
f 2753//2213 2862//2213 2861//2213
f 2866//2214 2870//2214 2763//2214
f 2763//3852 2759//3852 2757//3852
f 2757//2214 2758//2214 2867//2214
f 2867//2214 2866//2214 2763//2214
f 2872//2215 2877//2215 2764//2215
f 2764//2215 2763//2215 2870//2215
f 2871//2215 2872//2215 2764//2215
f 2876//2216 2878//2216 2770//2216
f 2770//3853 2769//3853 2765//3853
f 2765//2216 2764//2216 2877//2216
f 2877//2216 2876//2216 2770//2216
f 2884//2217 2778//2217 2775//2217
f 2775//2217 2771//2217 2770//2217
f 2770//2217 2878//2217 2879//2217
f 2879//2217 2884//2217 2775//2217
f 2885//2218 2886//2218 2777//2218
f 2777//2218 2778//2218 2884//2218
f 2894//3854 2785//3854 2779//3854
f 2779//3855 2776//3855 2777//3855
f 2777//2219 2886//2219 2887//2219
f 2888//2219 2894//2219 2779//2219
f 2777//2219 2887//2219 2888//2219
f 2895//2220 2896//2220 2788//2220
f 2788//3856 2786//3856 2785//3856
f 2785//2220 2894//2220 2895//2220
f 2897//2221 2898//2221 2789//2221
f 2789//3857 2787//3857 2788//3857
f 2788//2221 2896//2221 2897//2221
f 2900//3858 2793//3858 2791//3858
f 2791//2222 2790//2222 2789//2222
f 2789//2222 2898//2222 2899//2222
f 2899//2222 2900//2222 2791//2222
f 2901//2223 2902//2223 2795//2223
f 2795//3859 2792//3859 2793//3859
f 2793//2223 2900//2223 2901//2223
f 2903//2224 2904//2224 2797//2224
f 2797//3860 2794//3860 2795//3860
f 2795//2224 2902//2224 2903//2224
f 2905//2225 2906//2225 2798//2225
f 2798//3861 2796//3861 2797//3861
f 2797//2225 2904//2225 2905//2225
f 2889//2226 2892//2226 2784//2226
f 2784//3862 2780//3862 2781//3862
f 2781//2226 2798//2226 2906//2226
f 2890//2226 2889//2226 2784//2226
f 2781//2226 2906//2226 2890//2226
f 2891//2227 2893//2227 2782//2227
f 2782//2227 2784//2227 2892//2227
f 2882//2228 2881//2228 2772//2228
f 2772//2228 2774//2228 2783//2228
f 2783//3863 2782//3863 2893//3863
f 2893//3863 2882//3863 2772//3863
f 2880//2229 2883//2229 2767//2229
f 2767//2229 2768//2229 2773//2229
f 2773//2229 2772//2229 2881//2229
f 2881//2229 2880//2229 2767//2229
f 2873//3531 2875//3531 2766//3531
f 2766//3531 2767//3531 2883//3531
f 2874//3531 2873//3531 2766//3531
f 2869//2231 2868//2231 2762//2231
f 2762//3864 2760//3864 2761//3864
f 2761//2231 2766//2231 2875//2231
f 2875//2231 2869//2231 2762//2231
f 2865//2232 2864//2232 2755//2232
f 2755//3865 2756//3865 2762//3865
f 2762//2232 2868//2232 2865//2232
f 2859//2233 2858//2233 2751//2233
f 2751//2233 2752//2233 2755//2233
f 2755//2233 2864//2233 2863//2233
f 2863//2233 2859//2233 2751//2233
f 2855//2234 2854//2234 2745//2234
f 2745//2234 2746//2234 2750//2234
f 2750//2234 2751//2234 2858//2234
f 2858//2234 2855//2234 2745//2234
f 2851//2235 2850//2235 2741//2235
f 2742//2235 2745//2235 2854//2235
f 2851//2235 2741//2235 2742//2235
f 2847//3866 2846//3866 2735//3866
f 2735//3867 2736//3867 2740//3867
f 2740//2236 2741//2236 2850//2236
f 2850//2236 2847//2236 2735//2236
f 2845//2237 2844//2237 2731//2237
f 2731//3868 2732//3868 2735//3868
f 2735//2237 2846//2237 2845//2237
f 2839//2238 2838//2238 2730//2238
f 2730//2238 2731//2238 2844//2238
f 2837//3735 2833//3735 2832//3735
f 2832//2239 2725//2239 2724//2239
f 2726//3869 2730//3869 2838//3869
f 2832//2239 2724//2239 2726//2239
f 2726//2239 2838//2239 2837//2239
f 2831//1767 2827//1767 2826//1767
f 2826//2240 2718//2240 2719//2240
f 2720//2240 2725//2240 2832//2240
f 2826//2240 2719//2240 2720//2240
f 2720//2240 2832//2240 2831//2240
f 2825//2241 2824//2241 2717//2241
f 2717//2241 2716//2241 2718//2241
f 2718//2241 2826//2241 2825//2241
f 2818//2242 2707//2242 2708//2242
f 2708//3870 2710//3870 2717//3870
f 2717//2242 2824//2242 2819//2242
f 2819//2242 2818//2242 2708//2242
f 2817//3530 2816//3530 2709//3530
f 2709//3530 2707//3530 2818//3530
f 2815//2244 2814//2244 2699//2244
f 2700//3871 2706//3871 2709//3871
f 2815//2244 2699//2244 2700//2244
f 2709//2244 2816//2244 2815//2244
f 2813//3872 2805//3872 2804//3872
f 2804//2245 2698//2245 2697//2245
f 2697//2245 2699//2245 2814//2245
f 2813//2245 2804//2245 2697//2245
f 2803//2246 2802//2246 2696//2246
f 2696//3873 2695//3873 2698//3873
f 2698//3874 2804//3874 2803//3874
f 2801//2247 2800//2247 2692//2247
f 2692//3875 2693//3875 2694//3875
f 2694//3876 2696//3876 2802//3876
f 2802//2247 2801//2247 2692//2247
f 2812//2248 2811//2248 2689//2248
f 2689//3877 2690//3877 2692//3877
f 2692//2248 2800//2248 2799//2248
f 2799//2248 2812//2248 2689//2248
f 2810//2249 2809//2249 2703//2249
f 2703//3878 2704//3878 2691//3878
f 2691//2249 2689//2249 2811//2249
f 2811//2249 2810//2249 2703//2249
f 2808//2250 2807//2250 2705//2250
f 2705//2250 2703//2250 2809//2250
f 2823//2251 2715//2251 2702//2251
f 2702//3879 2701//3879 2705//3879
f 2705//2251 2807//2251 2806//2251
f 2806//2251 2823//2251 2702//2251
f 2822//3880 2820//3880 2714//3880
f 2714//3880 2713//3880 2715//3880
f 2715//2252 2823//2252 2822//2252
f 2830//2253 2828//2253 2723//2253
f 2712//3881 2711//3881 2714//3881
f 2830//2253 2723//2253 2712//2253
f 2714//2253 2820//2253 2821//2253
f 2821//2253 2830//2253 2712//2253
f 2836//2254 2835//2254 2727//2254
f 2722//3882 2721//3882 2723//3882
f 2836//2254 2727//2254 2722//2254
f 2723//2254 2828//2254 2829//2254
f 2829//2254 2836//2254 2722//2254
f 2834//2255 2843//2255 2728//2255
f 2728//2255 2727//2255 2835//2255
f 2841//2256 2842//2256 2733//2256
f 2733//3883 2729//3883 2728//3883
f 2728//2256 2843//2256 2841//2256
f 2848//2257 2738//2257 2737//2257
f 2737//3884 2734//3884 2733//3884
f 2733//2257 2842//2257 2840//2257
f 2840//2257 2848//2257 2737//2257
f 2849//2258 2853//2258 2743//2258
f 2739//2258 2738//2258 2848//2258
f 2849//2258 2743//2258 2739//2258
f 3074//2259 3077//2259 2970//2259
f 2970//3885 2968//3885 2964//3885
f 2964//2259 2963//2259 3073//2259
f 3073//2259 3074//2259 2970//2259
f 3082//2260 3083//2260 2973//2260
f 2973//2260 2969//2260 2970//2260
f 2970//2260 3077//2260 3078//2260
f 3078//2260 3082//2260 2973//2260
f 3084//2261 3087//2261 2979//2261
f 2979//2261 2974//2261 2973//2261
f 2973//2261 3083//2261 3084//2261
f 3088//2262 3092//2262 2984//2262
f 2984//3886 2980//3886 2978//3886
f 2978//2262 2979//2262 3087//2262
f 3087//2262 3088//2262 2984//2262
f 3094//3887 3097//3887 2985//3887
f 2985//2263 2984//2263 3092//2263
f 3093//2263 3094//2263 2985//2263
f 3099//2264 2989//2264 2988//2264
f 2988//2264 2986//2264 2985//2264
f 2985//2264 3097//2264 3098//2264
f 3098//2264 3099//2264 2988//2264
f 2996//3888 2993//3888 2990//3888
f 2990//2265 2989//2265 3099//2265
f 3100//3601 3103//3601 2996//3601
f 2990//2265 3099//2265 3100//2265
f 3105//2266 2994//2266 2996//2266
f 2996//2266 3103//2266 3104//2266
f 3004//3889 2997//3889 2995//3889
f 2995//2267 2994//2267 3105//2267
f 2995//2267 3105//2267 3106//2267
f 3113//2267 3004//2267 2995//2267
f 2995//2267 3106//2267 3107//2267
f 3115//2268 3005//2268 3003//2268
f 3003//2268 3004//2268 3113//2268
f 3114//2268 3115//2268 3003//2268
f 3117//2269 3008//2269 3006//2269
f 3006//2269 3005//2269 3115//2269
f 3116//2269 3117//2269 3006//2269
f 3118//2270 3120//2270 3010//2270
f 3010//3890 3007//3890 3008//3890
f 3008//2270 3117//2270 3118//2270
f 3121//2271 3122//2271 3013//2271
f 3013//2271 3011//2271 3009//2271
f 3009//3735 3010//3735 3120//3735
f 3121//2271 3013//2271 3009//2271
f 3009//1767 3120//1767 3119//1767
f 3124//2272 3015//2272 3012//2272
f 3012//2272 3013//2272 3122//2272
f 3123//2272 3124//2272 3012//2272
f 3016//3891 3014//3891 3015//3891
f 3015//2273 3124//2273 3125//2273
f 3125//2273 3126//2273 3016//2273
f 3111//2274 3002//2274 2998//2274
f 2998//3892 2999//3892 3016//3892
f 3016//2274 3126//2274 3108//2274
f 3109//2274 3111//2274 2998//2274
f 3016//2274 3108//2274 3109//2274
f 3112//2275 3000//2275 3002//2275
f 3002//2275 3111//2275 3110//2275
f 2991//2276 2992//2276 3001//2276
f 3001//2276 3000//2276 3112//2276
f 3102//2276 3101//2276 2991//2276
f 3001//2276 3112//2276 3102//2276
f 2982//3893 2983//3893 2987//3893
f 2987//2277 2991//2277 3101//2277
f 3095//2277 3096//2277 2982//2277
f 2987//2277 3101//2277 3095//2277
f 3089//3602 3091//3602 2981//3602
f 2981//3602 2982//3602 3096//3602
f 3090//3602 3089//3602 2981//3602
f 3086//2279 3085//2279 2977//2279
f 2977//3894 2975//3894 2976//3894
f 2976//2279 2981//2279 3091//2279
f 3091//2279 3086//2279 2977//2279
f 3079//2280 3081//2280 2971//2280
f 2971//3895 2972//3895 2977//3895
f 2977//2280 3085//2280 3079//2280
f 3075//3896 2966//3896 2967//3896
f 2967//3896 2971//3896 3081//3896
f 2967//2281 3081//2281 3080//2281
f 3076//2281 3075//2281 2967//2281
f 3072//2282 3071//2282 2961//2282
f 2961//3897 2962//3897 2965//3897
f 2965//2282 2966//2282 3075//2282
f 3075//2282 3072//2282 2961//2282
f 3071//3898 3068//3898 3067//3898
f 3067//2283 2956//2283 2957//2283
f 2957//2283 2961//2283 3071//2283
f 3062//2284 3061//2284 2951//2284
f 2951//3899 2952//3899 2955//3899
f 2955//2284 2956//2284 3067//2284
f 3067//2284 3062//2284 2951//2284
f 3060//2285 3059//2285 2946//2285
f 2946//3735 2947//3735 2951//3735
f 2951//2285 3061//2285 3060//2285
f 2945//3599 2946//3599 3059//3599
f 3055//3599 3054//3599 2945//3599
f 3048//2287 3049//2287 2940//2287
f 2940//3900 2939//3900 2941//3900
f 2941//2287 2945//2287 3054//2287
f 3053//3901 3048//3901 2940//3901
f 2941//2287 3054//2287 3053//2287
f 3045//2288 2938//2288 2930//2288
f 2929//2288 2940//2288 3049//2288
f 3045//2288 2930//2288 2929//2288
f 3046//3902 3045//3902 2929//3902
f 2929//2288 3049//2288 3047//2288
f 3043//3600 2937//3600 2936//3600
f 2936//2289 2938//2289 3045//2289
f 3044//2289 3043//2289 2936//2289
f 3037//2290 2925//2290 2926//2290
f 2926//3903 2928//3903 2937//3903
f 2937//2290 3043//2290 3038//2290
f 3038//2290 3037//2290 2926//2290
f 3035//2291 2927//2291 2925//2291
f 2925//2291 3037//2291 3036//2291
f 3034//2292 3033//2292 2917//2292
f 2918//3904 2924//3904 2927//3904
f 3034//2292 2917//2292 2918//2292
f 2927//2292 3035//2292 3034//2292
f 3024//2293 3023//2293 2916//2293
f 2916//3905 2915//3905 2917//3905
f 2917//2293 3033//2293 3032//2293
f 3032//2293 3024//2293 2916//2293
f 2912//591 2913//591 2914//591
f 2914//2294 2916//2294 3023//2294
f 2914//2294 3023//2294 3022//2294
f 2912//2294 2914//2294 3022//2294
f 3022//1767 3021//1767 3020//1767
f 3017//3906 3018//3906 2910//3906
f 2910//3907 2911//3907 2912//3907
f 2912//2295 3020//2295 3017//2295
f 3030//2296 3031//2296 2907//2296
f 2907//3908 2908//3908 2910//3908
f 2910//2296 3018//2296 3019//2296
f 3019//2296 3030//2296 2907//2296
f 3028//3909 3029//3909 2921//3909
f 2921//3910 2922//3910 2909//3910
f 2909//2297 2907//2297 3031//2297
f 3031//2297 3028//2297 2921//2297
f 3025//2298 3026//2298 2923//2298
f 2923//2298 2921//2298 3029//2298
f 3027//2299 3042//2299 2935//2299
f 2935//3911 2920//3911 2919//3911
f 2919//2299 2923//2299 3026//2299
f 3026//2299 3027//2299 2935//2299
f 3039//2300 3040//2300 2934//2300
f 2934//2300 2933//2300 2935//2300
f 2935//2300 3042//2300 3039//2300
f 3051//2301 3050//2301 2944//2301
f 2932//3912 2931//3912 2934//3912
f 3051//2301 2944//2301 2932//2301
f 3040//3913 3041//3913 3051//3913
f 2932//2301 2934//2301 3040//2301
f 2943//3914 2942//3914 2944//3914
f 2944//2302 3050//2302 3052//2302
f 3056//2302 3057//2302 2948//2302
f 2944//3915 3052//3915 3056//3915
f 2948//3916 2943//3916 2944//3916
f 3058//2303 3066//2303 2949//2303
f 2949//2303 2948//2303 3057//2303
f 3063//2304 3064//2304 2953//2304
f 2950//2304 2949//2304 3066//2304
f 3063//2304 2953//2304 2950//2304
f 3065//2305 3069//2305 2959//2305
f 2959//3917 2958//3917 2954//3917
f 2954//2305 2953//2305 3064//2305
f 3064//3917 3065//3917 2959//3917
f 3070//2306 3073//2306 2963//2306
f 2960//2306 2959//2306 3069//2306
f 3070//2306 2963//2306 2960//2306
usemtl gear_paint
f 3129//2307 3149//2307 3130//2307
f 3140//2308 3163//2308 3164//2308
f 3133//2309 3157//2309 3134//2309
f 3130//2310 3150//2310 4228//2310
f 3140//2311 3165//2311 3141//2311
f 3134//2312 3158//2312 3135//2312
f 4228//2313 3151//2313 3131//2313
f 3141//2314 3166//2314 3142//2314
f 3135//2315 3159//2315 3136//2315
f 3131//2316 3152//2316 4229//2316
f 3142//2317 3167//2317 3143//2317
f 3136//2318 3160//2318 3137//2318
f 4229//2319 3153//2319 4230//2319
f 3143//2320 3168//2320 3144//2320
f 3137//2321 3161//2321 3138//2321
f 4230//2322 3154//2322 4231//2322
f 3144//2323 3169//2323 3145//2323
f 3128//2324 3127//2324 3147//2324
f 3138//2325 3162//2325 3139//2325
f 4231//2326 3155//2326 3132//2326
f 3146//2327 3145//2327 3169//2327
f 3129//2328 3147//2328 3148//2328
f 4232//2329 3162//2329 3163//2329
f 3132//2330 3156//2330 3133//2330
f 3161//2331 3185//2331 3162//2331
f 3155//2332 3177//2332 3178//2332
f 3146//2333 3169//2333 3192//2333
f 3147//2334 3171//2334 3148//2334
f 3162//2335 3186//2335 3163//2335
f 3156//2336 3178//2336 3179//2336
f 3149//2337 3171//2337 3172//2337
f 3163//2338 3187//2338 3164//2338
f 3156//2339 3180//2339 3157//2339
f 3149//2340 3173//2340 3150//2340
f 3164//2341 3188//2341 3165//2341
f 3157//2342 3181//2342 3158//2342
f 3151//2343 3173//2343 3174//2343
f 3165//2344 3189//2344 3166//2344
f 3159//2345 3181//2345 3182//2345
f 3151//2346 3175//2346 3152//2346
f 3166//2347 3190//2347 3167//2347
f 3159//2348 3183//2348 3160//2348
f 3153//2349 3175//2349 3176//2349
f 3168//2350 3190//2350 3191//2350
f 3160//2351 3184//2351 3161//2351
f 3153//2352 3177//2352 3154//2352
f 3168//2353 3192//2353 3169//2353
f 3147//2354 3127//2354 3170//2354
f 3173//2355 3195//2355 3196//2355
f 3188//2356 3210//2356 3211//2356
f 3180//2357 3204//2357 3181//2357
f 3173//2358 3197//2358 3174//2358
f 3189//2359 3211//2359 3212//2359
f 3181//2360 3205//2360 3182//2360
f 3174//2361 3198//2361 3175//2361
f 3189//2362 3213//2362 3190//2362
f 3183//2363 3205//2363 3206//2363
f 3176//2364 3198//2364 3199//2364
f 3191//2365 3213//2365 3214//2365
f 3183//2366 3207//2366 3184//2366
f 3177//2367 3199//2367 3200//2367
f 3191//2368 3215//2368 3192//2368
f 3170//2369 3127//2369 3193//2369
f 3184//2370 3208//2370 3185//2370
f 3177//2371 3201//2371 3178//2371
f 3146//2372 3192//2372 3215//2372
f 3170//2373 3194//2373 3171//2373
f 3185//2374 3209//2374 3186//2374
f 3178//2375 3202//2375 3179//2375
f 3172//2376 3194//2376 3195//2376
f 3186//2377 3210//2377 3187//2377
f 3179//2378 3203//2378 3180//2378
f 3199//2379 3221//2379 3222//2379
f 3213//2380 3237//2380 3214//2380
f 3206//2381 3230//2381 3207//2381
f 3199//2382 3223//2382 3200//2382
f 3214//2383 3238//2383 3215//2383
f 3193//2384 3127//2384 3216//2384
f 3208//2385 3230//2385 3231//2385
f 3200//2386 3224//2386 3201//2386
f 3146//2387 3215//2387 3238//2387
f 3193//2388 3217//2388 3194//2388
f 3208//2389 3232//2389 3209//2389
f 3202//2390 3224//2390 3225//2390
f 3195//2391 3217//2391 3218//2391
f 3209//2392 3233//2392 3210//2392
f 3202//2393 3226//2393 3203//2393
f 3195//2394 3219//2394 3196//2394
f 3211//2395 3233//2395 3234//2395
f 3203//2396 3227//2396 3204//2396
f 3196//2397 3220//2397 3197//2397
f 3211//2398 3235//2398 3212//2398
f 3204//2399 3228//2399 3205//2399
f 3197//2400 3221//2400 3198//2400
f 3213//2401 3235//2401 3236//2401
f 3206//2402 3228//2402 3229//2402
f 3231//2403 3255//2403 3232//2403
f 3225//2404 3247//2404 3248//2404
f 3217//2405 3241//2405 3218//2405
f 3232//2406 3256//2406 3233//2406
f 3225//2407 3249//2407 3226//2407
f 3219//2408 3241//2408 3242//2408
f 3233//2409 3257//2409 3234//2409
f 3227//2410 3249//2410 3250//2410
f 3220//2411 3242//2411 3243//2411
f 3234//2412 3258//2412 3235//2412
f 3227//2413 3251//2413 3228//2413
f 3220//2414 3244//2414 3221//2414
f 3236//2415 3258//2415 3259//2415
f 3228//2416 3252//2416 3229//2416
f 3222//2417 3244//2417 3245//2417
f 3237//2418 3259//2418 3260//2418
f 3229//2419 3253//2419 3230//2419
f 3223//2420 3245//2420 3246//2420
f 3237//2421 3261//2421 3238//2421
f 3216//2422 3127//2422 3239//2422
f 3231//2423 3253//2423 3254//2423
f 3223//2424 3247//2424 3224//2424
f 3146//2425 3238//2425 3261//2425
f 3217//2426 3239//2426 3240//2426
f 3242//2427 3266//2427 3243//2427
f 3257//2428 3281//2428 3258//2428
f 3250//2429 3274//2429 3251//2429
f 3243//2430 3267//2430 3244//2430
f 3258//2431 3282//2431 3259//2431
f 3252//2432 3274//2432 3275//2432
f 3245//2433 3267//2433 3268//2433
f 3259//2434 3283//2434 3260//2434
f 3252//2435 3276//2435 3253//2435
f 3246//2436 3268//2436 3269//2436
f 3260//2437 3284//2437 3261//2437
f 3239//2438 3127//2438 3262//2438
f 3254//2439 3276//2439 3277//2439
f 3246//2440 3270//2440 3247//2440
f 3146//2441 3261//2441 3284//2441
f 3240//2442 3262//2442 3263//2442
f 3254//2443 3278//2443 3255//2443
f 3248//2444 3270//2444 3271//2444
f 3240//2445 3264//2445 3241//2445
f 3255//2446 3279//2446 3256//2446
f 3248//2447 3272//2447 3249//2447
f 3241//2448 3265//2448 3242//2448
f 3256//2449 3280//2449 3257//2449
f 3250//2450 3272//2450 3273//2450
f 3269//2451 3291//2451 3292//2451
f 3283//2452 3307//2452 3284//2452
f 3262//2453 3127//2453 3285//2453
f 3277//2454 3299//2454 3300//2454
f 3269//2455 3293//2455 3270//2455
f 3146//2456 3284//2456 3307//2456
f 3262//2457 3286//2457 3263//2457
f 3277//2458 3301//2458 3278//2458
f 3271//2459 3293//2459 3294//2459
f 3264//2460 3286//2460 3287//2460
f 3278//2461 3302//2461 3279//2461
f 3271//2462 3295//2462 3272//2462
f 3265//2463 3287//2463 3288//2463
f 3280//2464 3302//2464 3303//2464
f 3273//2465 3295//2465 3296//2465
f 3266//2466 3288//2466 3289//2466
f 3280//2467 3304//2467 3281//2467
f 3273//2468 3297//2468 3274//2468
f 3266//2469 3290//2469 3267//2469
f 3281//2470 3305//2470 3282//2470
f 3275//2471 3297//2471 3298//2471
f 3268//2472 3290//2472 3291//2472
f 3282//2473 3306//2473 3283//2473
f 3275//2474 3299//2474 3276//2474
f 3301//2475 3325//2475 3302//2475
f 3294//2476 3318//2476 3295//2476
f 3287//2477 3311//2477 3288//2477
f 3303//2478 3325//2478 3326//2478
f 3296//2479 3318//2479 3319//2479
f 3288//2480 3312//2480 3289//2480
f 3303//2481 3327//2481 3304//2481
f 3296//2482 3320//2482 3297//2482
f 3289//2483 3313//2483 3290//2483
f 3304//2484 3328//2484 3305//2484
f 3298//2485 3320//2485 3321//2485
f 3291//2486 3313//2486 3314//2486
f 3305//2487 3329//2487 3306//2487
f 3298//2488 3322//2488 3299//2488
f 3292//2489 3314//2489 3315//2489
f 3307//2490 3329//2490 3330//2490
f 3285//2491 3127//2491 3308//2491
f 3300//2492 3322//2492 3323//2492
f 3292//2493 3316//2493 3293//2493
f 3146//2494 3307//2494 3330//2494
f 3285//2495 3309//2495 3286//2495
f 3300//2496 3324//2496 3301//2496
f 3294//2497 3316//2497 3317//2497
f 3287//2498 3309//2498 3310//2498
f 3312//2499 3336//2499 3313//2499
f 3327//2500 3351//2500 3328//2500
f 3321//2501 3343//2501 3344//2501
f 3314//2502 3336//2502 3337//2502
f 3328//2503 3352//2503 3329//2503
f 3321//2504 3345//2504 3322//2504
f 3315//2505 3337//2505 3338//2505
f 3329//2506 3353//2506 3330//2506
f 3308//2507 3127//2507 3331//2507
f 3323//2508 3345//2508 3346//2508
f 3315//2509 3339//2509 3316//2509
f 3146//2510 3330//2510 3353//2510
f 3308//2511 3332//2511 3309//2511
f 3323//2512 3347//2512 3324//2512
f 3317//2513 3339//2513 3340//2513
f 3310//2514 3332//2514 3333//2514
f 3324//2515 3348//2515 3325//2515
f 3317//2516 3341//2516 3318//2516
f 3310//2517 3334//2517 3311//2517
f 3326//2518 3348//2518 3349//2518
f 3319//2519 3341//2519 3342//2519
f 3311//2520 3335//2520 3312//2520
f 3326//2521 3350//2521 3327//2521
f 3319//2522 3343//2522 3320//2522
f 3338//2523 3362//2523 3339//2523
f 3146//2524 3353//2524 3376//2524
f 3331//2525 3355//2525 3332//2525
f 3346//2526 3370//2526 3347//2526
f 3340//2527 3362//2527 3363//2527
f 3332//2528 3356//2528 3333//2528
f 3347//2529 3371//2529 3348//2529
f 3340//2530 3364//2530 3341//2530
f 3334//2531 3356//2531 3357//2531
f 3348//2532 3372//2532 3349//2532
f 3342//2533 3364//2533 3365//2533
f 3334//2534 3358//2534 3335//2534
f 3349//2535 3373//2535 3350//2535
f 3342//2536 3366//2536 3343//2536
f 3335//2537 3359//2537 3336//2537
f 3351//2538 3373//2538 3374//2538
f 3344//2539 3366//2539 3367//2539
f 3337//2540 3359//2540 3360//2540
f 3352//2541 3374//2541 3375//2541
f 3344//2542 3368//2542 3345//2542
f 3338//2543 3360//2543 3361//2543
f 3352//2544 3376//2544 3353//2544
f 3331//2545 3127//2545 3354//2545
f 3346//2546 3368//2546 3369//2546
f 3372//2547 3394//2547 3395//2547
f 3364//2548 3388//2548 3365//2548
f 3358//2549 3380//2549 3381//2549
f 3372//2550 3396//2550 3373//2550
f 3365//2551 3389//2551 3366//2551
f 3358//2552 3382//2552 3359//2552
f 3373//2553 3397//2553 3374//2553
f 3367//2554 3389//2554 3390//2554
f 3360//2555 3382//2555 3383//2555
f 3374//2556 3398//2556 3375//2556
f 3367//2557 3391//2557 3368//2557
f 3361//2558 3383//2558 3384//2558
f 3375//2559 3399//2559 3376//2559
f 3354//2560 3127//2560 3377//2560
f 3369//2561 3391//2561 3392//2561
f 3361//2562 3385//2562 3362//2562
f 3146//2563 3376//2563 3399//2563
f 3355//2564 3377//2564 3378//2564
f 3369//2565 3393//2565 3370//2565
f 3363//2566 3385//2566 3386//2566
f 3355//2567 3379//2567 3356//2567
f 3370//2568 3394//2568 3371//2568
f 3363//2569 3387//2569 3364//2569
f 3357//2570 3379//2570 3380//2570
f 3383//2571 3405//2571 3406//2571
f 3398//2572 3420//2572 3421//2572
f 3390//2573 3414//2573 3391//2573
f 3383//2574 3407//2574 3384//2574
f 3398//2575 3422//2575 3399//2575
f 3377//2576 3127//2576 3400//2576
f 3392//2577 3414//2577 3415//2577
f 3384//2578 3408//2578 3385//2578
f 3146//2579 3399//2579 3422//2579
f 3377//2580 3401//2580 3378//2580
f 3392//2581 3416//2581 3393//2581
f 3386//2582 3408//2582 3409//2582
f 3378//2583 3402//2583 3379//2583
f 3393//2584 3417//2584 3394//2584
f 3386//2585 3410//2585 3387//2585
f 3379//2586 3403//2586 3380//2586
f 3394//2587 3418//2587 3395//2587
f 3387//2588 3411//2588 3388//2588
f 3380//2589 3404//2589 3381//2589
f 3395//2590 3419//2590 3396//2590
f 3388//2591 3412//2591 3389//2591
f 3381//2592 3405//2592 3382//2592
f 3396//2593 3420//2593 3397//2593
f 3390//2594 3412//2594 3413//2594
f 3409//2595 3431//2595 3432//2595
f 3402//2596 3424//2596 3425//2596
f 3416//2597 3440//2597 3417//2597
f 3409//2598 3433//2598 3410//2598
f 3402//2599 3426//2599 3403//2599
f 3418//2600 3440//2600 3441//2600
f 3410//2601 3434//2601 3411//2601
f 3403//2602 3427//2602 3404//2602
f 3418//2603 3442//2603 3419//2603
f 3411//2604 3435//2604 3412//2604
f 3404//2605 3428//2605 3405//2605
f 3419//2606 3443//2606 3420//2606
f 3413//2607 3435//2607 3436//2607
f 3406//2608 3428//2608 3429//2608
f 3420//2609 3444//2609 3421//2609
f 3413//2610 3437//2610 3414//2610
f 3407//2611 3429//2611 3430//2611
f 3421//2612 3445//2612 3422//2612
f 3400//2613 3127//2613 3423//2613
f 3415//2614 3437//2614 3438//2614
f 3407//2615 3431//2615 3408//2615
f 3146//2616 3422//2616 3445//2616
f 3400//2617 3424//2617 3401//2617
f 3415//2618 3439//2618 3416//2618
f 3441//2619 3465//2619 3442//2619
f 3434//2620 3458//2620 3435//2620
f 3427//2621 3451//2621 3428//2621
f 3442//2622 3466//2622 3443//2622
f 3435//2623 3459//2623 3436//2623
f 3429//2624 3451//2624 3452//2624
f 3443//2625 3467//2625 3444//2625
f 3436//2626 3460//2626 3437//2626
f 3429//2627 3453//2627 3430//2627
f 3444//2628 3468//2628 3445//2628
f 3423//2629 3127//2629 3446//2629
f 3438//2630 3460//2630 3461//2630
f 3430//2631 3454//2631 3431//2631
f 3146//2632 3445//2632 3468//2632
f 3423//2633 3447//2633 3424//2633
f 3438//2634 3462//2634 3439//2634
f 3432//2635 3454//2635 3455//2635
f 3424//2636 3448//2636 3425//2636
f 3439//2637 3463//2637 3440//2637
f 3432//2638 3456//2638 3433//2638
f 3426//2639 3448//2639 3449//2639
f 3441//2640 3463//2640 3464//2640
f 3433//2641 3457//2641 3434//2641
f 3426//2642 3450//2642 3427//2642
f 3453//2643 3475//2643 3476//2643
f 3467//2644 3491//2644 3468//2644
f 3446//2645 3127//2645 3469//2645
f 3461//2646 3483//2646 3484//2646
f 3453//2647 3477//2647 3454//2647
f 3146//2648 3468//2648 3491//2648
f 3446//2649 3470//2649 3447//2649
f 3461//2650 3485//2650 3462//2650
f 3455//2651 3477//2651 3478//2651
f 3448//2652 3470//2652 3471//2652
f 3462//2653 3486//2653 3463//2653
f 3455//2654 3479//2654 3456//2654
f 3449//2655 3471//2655 3472//2655
f 3464//2656 3486//2656 3487//2656
f 3456//2657 3480//2657 3457//2657
f 3450//2658 3472//2658 3473//2658
f 3464//2659 3488//2659 3465//2659
f 3458//2660 3480//2660 3481//2660
f 3450//2661 3474//2661 3451//2661
f 3465//2662 3489//2662 3466//2662
f 3458//2663 3482//2663 3459//2663
f 3452//2664 3474//2664 3475//2664
f 3466//2665 3490//2665 3467//2665
f 3459//2666 3483//2666 3460//2666
f 3478//2667 3502//2667 3479//2667
f 3471//2668 3495//2668 3472//2668
f 3486//2669 3510//2669 3487//2669
f 3479//2670 3503//2670 3480//2670
f 3472//2671 3496//2671 3473//2671
f 3487//2672 3511//2672 3488//2672
f 3481//2673 3503//2673 3504//2673
f 3473//2674 3497//2674 3474//2674
f 3488//2675 3512//2675 3489//2675
f 3481//2676 3505//2676 3482//2676
f 3474//2677 3498//2677 3475//2677
f 3490//2678 3512//2678 3513//2678
f 3482//2679 3506//2679 3483//2679
f 3475//2680 3499//2680 3476//2680
f 3490//2681 3514//2681 3491//2681
f 3469//2682 3127//2682 3492//2682
f 3484//2683 3506//2683 3507//2683
f 3476//2684 3500//2684 3477//2684
f 3146//2685 3491//2685 3514//2685
f 3469//2686 3493//2686 3470//2686
f 3484//2687 3508//2687 3485//2687
f 3478//2688 3500//2688 3501//2688
f 3470//2689 3494//2689 3471//2689
f 3485//2690 3509//2690 3486//2690
f 3511//2691 3535//2691 3512//2691
f 3505//2692 3527//2692 3528//2692
f 3498//2693 3520//2693 3521//2693
f 3512//2694 3536//2694 3513//2694
f 3505//2695 3529//2695 3506//2695
f 3499//2696 3521//2696 3522//2696
f 3513//2697 3537//2697 3514//2697
f 3492//2698 3127//2698 3515//2698
f 3507//2699 3529//2699 3530//2699
f 3499//2700 3523//2700 3500//2700
f 3146//2701 3514//2701 3537//2701
f 3493//2702 3515//2702 3516//2702
f 3507//2703 3531//2703 3508//2703
f 3501//2704 3523//2704 3524//2704
f 3494//2705 3516//2705 3517//2705
f 3508//2706 3532//2706 3509//2706
f 3501//2707 3525//2707 3502//2707
f 3495//2708 3517//2708 3518//2708
f 3509//2709 3533//2709 3510//2709
f 3502//2710 3526//2710 3503//2710
f 3496//2711 3518//2711 3519//2711
f 3510//2712 3534//2712 3511//2712
f 3504//2713 3526//2713 3527//2713
f 3496//2714 3520//2714 3497//2714
f 3522//2715 3546//2715 3523//2715
f 3146//2716 3537//2716 3560//2716
f 3515//2717 3539//2717 3516//2717
f 3530//2718 3554//2718 3531//2718
f 3524//2719 3546//2719 3547//2719
f 3516//2720 3540//2720 3517//2720
f 3531//2721 3555//2721 3532//2721
f 3524//2722 3548//2722 3525//2722
f 3518//2723 3540//2723 3541//2723
f 3532//2724 3556//2724 3533//2724
f 3525//2725 3549//2725 3526//2725
f 3519//2726 3541//2726 3542//2726
f 3533//2727 3557//2727 3534//2727
f 3527//2728 3549//2728 3550//2728
f 3520//2729 3542//2729 3543//2729
f 3534//2730 3558//2730 3535//2730
f 3527//2731 3551//2731 3528//2731
f 3521//2732 3543//2732 3544//2732
f 3535//2733 3559//2733 3536//2733
f 3528//2734 3552//2734 3529//2734
f 3522//2735 3544//2735 3545//2735
f 3536//2736 3560//2736 3537//2736
f 3515//2737 3127//2737 3538//2737
f 3530//2738 3552//2738 3553//2738
f 3548//2739 3572//2739 3549//2739
f 3542//2740 3564//2740 3565//2740
f 3556//2741 3580//2741 3557//2741
f 3550//2742 3572//2742 3573//2742
f 3542//2743 3566//2743 3543//2743
f 3557//2744 3581//2744 3558//2744
f 3550//2745 3574//2745 3551//2745
f 3544//2746 3566//2746 3567//2746
f 3558//2747 3582//2747 3559//2747
f 3552//2748 3574//2748 3575//2748
f 3545//2749 3567//2749 3568//2749
f 3560//2750 3582//2750 3583//2750
f 3538//2751 3127//2751 3561//2751
f 3553//2752 3575//2752 3576//2752
f 3545//2753 3569//2753 3546//2753
f 3146//2754 3560//2754 3583//2754
f 3538//2755 3562//2755 3539//2755
f 3553//2756 3577//2756 3554//2756
f 3546//2757 3570//2757 3547//2757
f 3539//2758 3563//2758 3540//2758
f 3554//2759 3578//2759 3555//2759
f 3547//2760 3571//2760 3548//2760
f 3541//2761 3563//2761 3564//2761
f 3555//2762 3579//2762 3556//2762
f 3581//2763 3605//2763 3582//2763
f 3574//2764 3598//2764 3575//2764
f 3568//2765 3590//2765 3591//2765
f 3582//2766 3606//2766 3583//2766
f 3561//2767 3127//2767 3584//2767
f 3576//2768 3598//2768 3599//2768
f 3568//2769 3592//2769 3569//2769
f 3146//2770 3583//2770 3606//2770
f 3561//2771 3585//2771 3562//2771
f 3576//2772 3600//2772 3577//2772
f 3569//2773 3593//2773 3570//2773
f 3562//2774 3586//2774 3563//2774
f 3577//2775 3601//2775 3578//2775
f 3570//2776 3594//2776 3571//2776
f 3564//2777 3586//2777 3587//2777
f 3578//2778 3602//2778 3579//2778
f 3571//2779 3595//2779 3572//2779
f 3565//2780 3587//2780 3588//2780
f 3579//2781 3603//2781 3580//2781
f 3572//2782 3596//2782 3573//2782
f 3566//2783 3588//2783 3589//2783
f 3581//2784 3603//2784 3604//2784
f 3573//2785 3597//2785 3574//2785
f 3567//2786 3589//2786 3590//2786
f 3593//2787 3615//2787 3616//2787
f 3586//2788 3608//2788 3609//2788
f 3600//2789 3624//2789 3601//2789
f 3593//2790 3617//2790 3594//2790
f 3587//2791 3609//2791 3610//2791
f 3601//2792 3625//2792 3602//2792
f 3595//2793 3617//2793 3618//2793
f 3588//2794 3610//2794 3611//2794
f 3602//2795 3626//2795 3603//2795
f 3595//2796 3619//2796 3596//2796
f 3589//2797 3611//2797 3612//2797
f 3603//2798 3627//2798 3604//2798
f 3596//2799 3620//2799 3597//2799
f 3590//2800 3612//2800 3613//2800
f 3604//2801 3628//2801 3605//2801
f 3597//2802 3621//2802 3598//2802
f 3591//2803 3613//2803 3614//2803
f 3605//2804 3629//2804 3606//2804
f 3584//2805 3127//2805 3607//2805
f 3599//2806 3621//2806 3622//2806
f 3591//2807 3615//2807 3592//2807
f 3146//2808 3606//2808 3629//2808
f 3584//2809 3608//2809 3585//2809
f 3599//2810 3623//2810 3600//2810
f 3618//2811 3642//2811 3619//2811
f 3611//2812 3635//2812 3612//2812
f 3626//2813 3650//2813 3627//2813
f 3619//2814 3643//2814 3620//2814
f 3613//2815 3635//2815 3636//2815
f 3627//2816 3651//2816 3628//2816
f 3620//2817 3644//2817 3621//2817
f 3614//2818 3636//2818 3637//2818
f 3628//2819 3652//2819 3629//2819
f 3607//2820 3127//2820 3630//2820
f 3622//2821 3644//2821 3645//2821
f 3614//2822 3638//2822 3615//2822
f 3146//2823 3629//2823 3652//2823
f 3608//2824 3630//2824 3631//2824
f 3622//2825 3646//2825 3623//2825
f 3616//2826 3638//2826 3639//2826
f 3608//2827 3632//2827 3609//2827
f 3623//2828 3647//2828 3624//2828
f 3617//2829 3639//2829 3640//2829
f 3609//2830 3633//2830 3610//2830
f 3624//2831 3648//2831 3625//2831
f 3618//2832 3640//2832 3641//2832
f 3610//2833 3634//2833 3611//2833
f 3625//2834 3649//2834 3626//2834
f 3651//2835 3675//2835 3652//2835
f 3630//2836 3127//2836 3653//2836
f 3645//2837 3667//2837 3668//2837
f 3637//2838 3661//2838 3638//2838
f 3146//2839 3652//2839 3675//2839
f 3630//2840 3654//2840 3631//2840
f 3645//2841 3669//2841 3646//2841
f 3639//2842 3661//2842 3662//2842
f 3632//2843 3654//2843 3655//2843
f 3646//2844 3670//2844 3647//2844
f 3640//2845 3662//2845 3663//2845
f 3633//2846 3655//2846 3656//2846
f 3647//2847 3671//2847 3648//2847
f 3640//2848 3664//2848 3641//2848
f 3633//2849 3657//2849 3634//2849
f 3648//2850 3672//2850 3649//2850
f 3641//2851 3665//2851 3642//2851
f 3634//2852 3658//2852 3635//2852
f 3649//2853 3673//2853 3650//2853
f 3642//2854 3666//2854 3643//2854
f 3636//2855 3658//2855 3659//2855
f 3650//2856 3674//2856 3651//2856
f 3643//2857 3667//2857 3644//2857
f 3637//2858 3659//2858 3660//2858
f 3663//2859 3685//2859 3686//2859
f 3656//2860 3678//2860 3679//2860
f 3670//2861 3694//2861 3671//2861
f 3663//2862 3687//2862 3664//2862
f 3657//2863 3679//2863 3680//2863
f 3671//2864 3695//2864 3672//2864
f 3664//2865 3688//2865 3665//2865
f 3657//2866 3681//2866 3658//2866
f 3672//2867 3696//2867 3673//2867
f 3665//2868 3689//2868 3666//2868
f 3659//2869 3681//2869 3682//2869
f 3674//2870 3696//2870 3697//2870
f 3666//2871 3690//2871 3667//2871
f 3660//2872 3682//2872 3683//2872
f 3674//2873 3698//2873 3675//2873
f 3653//2874 3127//2874 3676//2874
f 3668//2875 3690//2875 3691//2875
f 3660//2876 3684//2876 3661//2876
f 3146//2877 3675//2877 3698//2877
f 3653//2878 3677//2878 3654//2878
f 3668//2879 3692//2879 3669//2879
f 3662//2880 3684//2880 3685//2880
f 3654//2881 3678//2881 3655//2881
f 3669//2882 3693//2882 3670//2882
f 3688//2883 3712//2883 3689//2883
f 3682//2884 3704//2884 3705//2884
f 3696//2885 3720//2885 3697//2885
f 3689//2886 3713//2886 3690//2886
f 3683//2887 3705//2887 3706//2887
f 3697//2888 3721//2888 3698//2888
f 3676//2889 3127//2889 3699//2889
f 3691//2890 3713//2890 3714//2890
f 3683//2891 3707//2891 3684//2891
f 3146//2892 3698//2892 3721//2892
f 3676//2893 3700//2893 3677//2893
f 3691//2894 3715//2894 3692//2894
f 3685//2895 3707//2895 3708//2895
f 3678//2896 3700//2896 3701//2896
f 3692//2897 3716//2897 3693//2897
f 3686//2898 3708//2898 3709//2898
f 3679//2899 3701//2899 3702//2899
f 3693//2900 3717//2900 3694//2900
f 3687//2901 3709//2901 3710//2901
f 3679//2902 3703//2902 3680//2902
f 3694//2903 3718//2903 3695//2903
f 3687//2904 3711//2904 3688//2904
f 3680//2905 3704//2905 3681//2905
f 3695//2906 3719//2906 3696//2906
f 3146//2907 3721//2907 3744//2907
f 3699//2908 3723//2908 3700//2908
f 3714//2909 3738//2909 3715//2909
f 3708//2910 3730//2910 3731//2910
f 3700//2911 3724//2911 3701//2911
f 3715//2912 3739//2912 3716//2912
f 3709//2913 3731//2913 3732//2913
f 3702//2914 3724//2914 3725//2914
f 3716//2915 3740//2915 3717//2915
f 3709//2916 3733//2916 3710//2916
f 3702//2917 3726//2917 3703//2917
f 3717//2918 3741//2918 3718//2918
f 3711//2919 3733//2919 3734//2919
f 3704//2920 3726//2920 3727//2920
f 3718//2921 3742//2921 3719//2921
f 3711//2922 3735//2922 3712//2922
f 3705//2923 3727//2923 3728//2923
f 3719//2924 3743//2924 3720//2924
f 3712//2925 3736//2925 3713//2925
f 3706//2926 3728//2926 3729//2926
f 3720//2927 3744//2927 3721//2927
f 3699//2928 3127//2928 3722//2928
f 3714//2929 3736//2929 3737//2929
f 3706//2930 3730//2930 3707//2930
f 3732//2931 3756//2931 3733//2931
f 3726//2932 3748//2932 3749//2932
f 3740//2933 3764//2933 3741//2933
f 3733//2934 3757//2934 3734//2934
f 3726//2935 3750//2935 3727//2935
f 3741//2936 3765//2936 3742//2936
f 3734//2937 3758//2937 3735//2937
f 3728//2938 3750//2938 3751//2938
f 3742//2939 3766//2939 3743//2939
f 3735//2940 3759//2940 3736//2940
f 3729//2941 3751//2941 3752//2941
f 3743//2942 3767//2942 3744//2942
f 3722//2943 3127//2943 3745//2943
f 3737//2944 3759//2944 3760//2944
f 3729//2945 3753//2945 3730//2945
f 3146//2946 3744//2946 3767//2946
f 3723//2947 3745//2947 3746//2947
f 3737//2948 3761//2948 3738//2948
f 3731//2949 3753//2949 3754//2949
f 3724//2950 3746//2950 3747//2950
f 3738//2951 3762//2951 3739//2951
f 3732//2952 3754//2952 3755//2952
f 3724//2953 3748//2953 3725//2953
f 3739//2954 3763//2954 3740//2954
f 3758//2955 3782//2955 3759//2955
f 3751//2956 3775//2956 3752//2956
f 3766//2957 3790//2957 3767//2957
f 3745//2958 3127//2958 3768//2958
f 3760//2959 3782//2959 3783//2959
f 3752//2960 3776//2960 3753//2960
f 3146//2961 3767//2961 3790//2961
f 3745//2962 3769//2962 3746//2962
f 3760//2963 3784//2963 3761//2963
f 3754//2964 3776//2964 3777//2964
f 3747//2965 3769//2965 3770//2965
f 3761//2966 3785//2966 3762//2966
f 3755//2967 3777//2967 3778//2967
f 3748//2968 3770//2968 3771//2968
f 3762//2969 3786//2969 3763//2969
f 3756//2970 3778//2970 3779//2970
f 3748//2971 3772//2971 3749//2971
f 3764//2972 3786//2972 3787//2972
f 3756//2973 3780//2973 3757//2973
f 3750//2974 3772//2974 3773//2974
f 3765//2975 3787//2975 3788//2975
f 3757//2976 3781//2976 3758//2976
f 3750//2977 3774//2977 3751//2977
f 3765//2978 3789//2978 3766//2978
f 3770//2979 3792//2979 3793//2979
f 3784//2980 3808//2980 3785//2980
f 3778//2981 3800//2981 3801//2981
f 3771//2982 3793//2982 3794//2982
f 3785//2983 3809//2983 3786//2983
f 3779//2984 3801//2984 3802//2984
f 3771//2985 3795//2985 3772//2985
f 3786//2986 3810//2986 3787//2986
f 3779//2987 3803//2987 3780//2987
f 3772//2988 3796//2988 3773//2988
f 3787//2989 3811//2989 3788//2989
f 3780//2990 3804//2990 3781//2990
f 3774//2991 3796//2991 3797//2991
f 3788//2992 3812//2992 3789//2992
f 3781//2993 3805//2993 3782//2993
f 3775//2994 3797//2994 3798//2994
f 3789//2995 3813//2995 3790//2995
f 3768//2996 3127//2996 3791//2996
f 3783//2997 3805//2997 3806//2997
f 3775//2998 3799//2998 3776//2998
f 3146//2999 3790//2999 3813//2999
f 3769//3000 3791//3000 3792//3000
f 3783//3001 3807//3001 3784//3001
f 3777//3002 3799//3002 3800//3002
f 3802//3003 3826//3003 3803//3003
f 3795//3004 3819//3004 3796//3004
f 3810//3005 3834//3005 3811//3005
f 3803//3006 3827//3006 3804//3006
f 3797//3007 3819//3007 3820//3007
f 3811//3008 3835//3008 3812//3008
f 3804//3009 3828//3009 3805//3009
f 3797//3010 3821//3010 3798//3010
f 3812//3011 3836//3011 3813//3011
f 3791//3012 3127//3012 3814//3012
f 3806//3013 3828//3013 3829//3013
f 3798//3014 3822//3014 3799//3014
f 3146//3015 3813//3015 3836//3015
f 3791//3016 3815//3016 3792//3016
f 3807//3017 3829//3017 3830//3017
f 3800//3018 3822//3018 3823//3018
f 3792//3019 3816//3019 3793//3019
f 3807//3020 3831//3020 3808//3020
f 3800//3021 3824//3021 3801//3021
f 3794//3022 3816//3022 3817//3022
f 3808//3023 3832//3023 3809//3023
f 3802//3024 3824//3024 3825//3024
f 3794//3025 3818//3025 3795//3025
f 3809//3026 3833//3026 3810//3026
f 3814//3027 3127//3027 3837//3027
f 3829//3028 3851//3028 3852//3028
f 3821//3029 3845//3029 3822//3029
f 3146//3030 3836//3030 3859//3030
f 3815//3031 3837//3031 3838//3031
f 3830//3032 3852//3032 3853//3032
f 3823//3033 3845//3033 3846//3033
f 3816//3034 3838//3034 3839//3034
f 3830//3035 3854//3035 3831//3035
f 3823//3036 3847//3036 3824//3036
f 3817//3037 3839//3037 3840//3037
f 3831//3038 3855//3038 3832//3038
f 3825//3039 3847//3039 3848//3039
f 3817//3040 3841//3040 3818//3040
f 3832//3041 3856//3041 3833//3041
f 3825//3042 3849//3042 3826//3042
f 3819//3043 3841//3043 3842//3043
f 3833//3044 3857//3044 3834//3044
f 3826//3045 3850//3045 3827//3045
f 3820//3046 3842//3046 3843//3046
f 3834//3047 3858//3047 3835//3047
f 3827//3048 3851//3048 3828//3048
f 3820//3049 3844//3049 3821//3049
f 3835//3050 3859//3050 3836//3050
f 3840//3051 3862//3051 3863//3051
f 3854//3052 3878//3052 3855//3052
f 3848//3053 3870//3053 3871//3053
f 3840//3054 3864//3054 3841//3054
f 3855//3055 3879//3055 3856//3055
f 3848//3056 3872//3056 3849//3056
f 3842//3057 3864//3057 3865//3057
f 3856//3058 3880//3058 3857//3058
f 3849//3059 3873//3059 3850//3059
f 3843//3060 3865//3060 3866//3060
f 3858//3061 3880//3061 3881//3061
f 3850//3062 3874//3062 3851//3062
f 3843//3063 3867//3063 3844//3063
f 3859//3064 3881//3064 3882//3064
f 3837//3065 3127//3065 3860//3065
f 3852//3066 3874//3066 3875//3066
f 3844//3067 3868//3067 3845//3067
f 3146//3068 3859//3068 3882//3068
f 3837//3069 3861//3069 3838//3069
f 3852//3070 3876//3070 3853//3070
f 3846//3071 3868//3071 3869//3071
f 3838//3072 3862//3072 3839//3072
f 3853//3073 3877//3073 3854//3073
f 3846//3074 3870//3074 3847//3074
f 3873//3075 3895//3075 3896//3075
f 3866//3076 3888//3076 3889//3076
f 3880//3077 3904//3077 3881//3077
f 3873//3078 3897//3078 3874//3078
f 3866//3079 3890//3079 3867//3079
f 3881//3080 3905//3080 3882//3080
f 3860//3081 3127//3081 3883//3081
f 3875//3082 3897//3082 3898//3082
f 3867//3083 3891//3083 3868//3083
f 3146//3084 3882//3084 3905//3084
f 3860//3085 3884//3085 3861//3085
f 3875//3086 3899//3086 3876//3086
f 3869//3087 3891//3087 3892//3087
f 3861//3088 3885//3088 3862//3088
f 3876//3089 3900//3089 3877//3089
f 3869//3090 3893//3090 3870//3090
f 3862//3091 3886//3091 3863//3091
f 3877//3092 3901//3092 3878//3092
f 3871//3093 3893//3093 3894//3093
f 3863//3094 3887//3094 3864//3094
f 3878//3095 3902//3095 3879//3095
f 3871//3096 3895//3096 3872//3096
f 3865//3097 3887//3097 3888//3097
f 3880//3098 3902//3098 3903//3098
f 3883//3099 3907//3099 3884//3099
f 3899//3100 3921//3100 3922//3100
f 3892//3101 3914//3101 3915//3101
f 3885//3102 3907//3102 3908//3102
f 3899//3103 3923//3103 3900//3103
f 3893//3104 3915//3104 3916//3104
f 3885//3105 3909//3105 3886//3105
f 3901//3106 3923//3106 3924//3106
f 3893//3107 3917//3107 3894//3107
f 3886//3108 3910//3108 3887//3108
f 3901//3109 3925//3109 3902//3109
f 3894//3110 3918//3110 3895//3110
f 3887//3111 3911//3111 3888//3111
f 3902//3112 3926//3112 3903//3112
f 3895//3113 3919//3113 3896//3113
f 3889//3114 3911//3114 3912//3114
f 3903//3115 3927//3115 3904//3115
f 3896//3116 3920//3116 3897//3116
f 3889//3117 3913//3117 3890//3117
f 3904//3118 3928//3118 3905//3118
f 3883//3119 3127//3119 3906//3119
f 3898//3120 3920//3120 3921//3120
f 3890//3121 3914//3121 3891//3121
f 3146//3122 3905//3122 3928//3122
f 3922//3123 3946//3123 3923//3123
f 3916//3124 3938//3124 3939//3124
f 3908//3125 3932//3125 3909//3125
f 3923//3126 3947//3126 3924//3126
f 3916//3127 3940//3127 3917//3127
f 3909//3128 3933//3128 3910//3128
f 3925//3129 3947//3129 3948//3129
f 3918//3130 3940//3130 3941//3130
f 3910//3131 3934//3131 3911//3131
f 3925//3132 3949//3132 3926//3132
f 3918//3133 3942//3133 3919//3133
f 3912//3134 3934//3134 3935//3134
f 3926//3135 3950//3135 3927//3135
f 3919//3136 3943//3136 3920//3136
f 3912//3137 3936//3137 3913//3137
f 3927//3138 3951//3138 3928//3138
f 3906//3139 3127//3139 3929//3139
f 3921//3140 3943//3140 3944//3140
f 3913//3141 3937//3141 3914//3141
f 3146//3142 3928//3142 3951//3142
f 3907//3143 3929//3143 3930//3143
f 3922//3144 3944//3144 3945//3144
f 3915//3145 3937//3145 3938//3145
f 3908//3146 3930//3146 3931//3146
f 3934//3147 3956//3147 3957//3147
f 3948//3148 3972//3148 3949//3148
f 3941//3149 3965//3149 3942//3149
f 3935//3150 3957//3150 3958//3150
f 3949//3151 3973//3151 3950//3151
f 3942//3152 3966//3152 3943//3152
f 3935//3153 3959//3153 3936//3153
f 3950//3154 3974//3154 3951//3154
f 3929//3155 3127//3155 3952//3155
f 3944//3156 3966//3156 3967//3156
f 3936//3157 3960//3157 3937//3157
f 3146//3158 3951//3158 3974//3158
f 3929//3159 3953//3159 3930//3159
f 3945//3160 3967//3160 3968//3160
f 3938//3161 3960//3161 3961//3161
f 3931//3162 3953//3162 3954//3162
f 3945//3163 3969//3163 3946//3163
f 3939//3164 3961//3164 3962//3164
f 3932//3165 3954//3165 3955//3165
f 3946//3166 3970//3166 3947//3166
f 3939//3167 3963//3167 3940//3167
f 3933//3168 3955//3168 3956//3168
f 3947//3169 3971//3169 3948//3169
f 3940//3170 3964//3170 3941//3170
f 3959//3171 3983//3171 3960//3171
f 3146//3172 3974//3172 3997//3172
f 3952//3173 3976//3173 3953//3173
f 3967//3174 3991//3174 3968//3174
f 3961//3175 3983//3175 3984//3175
f 3954//3176 3976//3176 3977//3176
f 3968//3177 3992//3177 3969//3177
f 3962//3178 3984//3178 3985//3178
f 3955//3179 3977//3179 3978//3179
f 3969//3180 3993//3180 3970//3180
f 3962//3181 3986//3181 3963//3181
f 3956//3182 3978//3182 3979//3182
f 3970//3183 3994//3183 3971//3183
f 3964//3184 3986//3184 3987//3184
f 3956//3185 3980//3185 3957//3185
f 3971//3186 3995//3186 3972//3186
f 3964//3187 3988//3187 3965//3187
f 3958//3188 3980//3188 3981//3188
f 3972//3189 3996//3189 3973//3189
f 3965//3190 3989//3190 3966//3190
f 3958//3191 3982//3191 3959//3191
f 3973//3192 3997//3192 3974//3192
f 3952//3193 3127//3193 3975//3193
f 3967//3194 3989//3194 3990//3194
f 3992//3195 4016//3195 3993//3195
f 3985//3196 4009//3196 3986//3196
f 3979//3197 4001//3197 4002//3197
f 3993//3198 4017//3198 3994//3198
f 3986//3199 4010//3199 3987//3199
f 3979//3200 4003//3200 3980//3200
f 3994//3201 4018//3201 3995//3201
f 3987//3202 4011//3202 3988//3202
f 3981//3203 4003//3203 4004//3203
f 3995//3204 4019//3204 3996//3204
f 3988//3205 4012//3205 3989//3205
f 3981//3206 4005//3206 3982//3206
f 3996//3207 4020//3207 3997//3207
f 3975//3208 3127//3208 3998//3208
f 3990//3209 4012//3209 4013//3209
f 3982//3210 4006//3210 3983//3210
f 3146//3211 3997//3211 4020//3211
f 3976//3212 3998//3212 3999//3212
f 3991//3213 4013//3213 4014//3213
f 3984//3214 4006//3214 4007//3214
f 3977//3215 3999//3215 4000//3215
f 3991//3216 4015//3216 3992//3216
f 3985//3217 4007//3217 4008//3217
f 3977//3218 4001//3218 3978//3218
f 4004//3219 4026//3219 4027//3219
f 4018//3220 4042//3220 4019//3220
f 4011//3221 4035//3221 4012//3221
f 4004//3222 4028//3222 4005//3222
f 4019//3223 4043//3223 4020//3223
f 3998//3224 3127//3224 4021//3224
f 4013//3225 4035//3225 4036//3225
f 4005//3226 4029//3226 4006//3226
f 3146//3227 4020//3227 4043//3227
f 3998//3228 4022//3228 3999//3228
f 4014//3229 4036//3229 4037//3229
f 4007//3230 4029//3230 4030//3230
f 4000//3231 4022//3231 4023//3231
f 4014//3232 4038//3232 4015//3232
f 4008//3233 4030//3233 4031//3233
f 4001//3234 4023//3234 4024//3234
f 4016//3235 4038//3235 4039//3235
f 4008//3236 4032//3236 4009//3236
f 4002//3237 4024//3237 4025//3237
f 4016//3238 4040//3238 4017//3238
f 4009//3239 4033//3239 4010//3239
f 4002//3240 4026//3240 4003//3240
f 4017//3241 4041//3241 4018//3241
f 4010//3242 4034//3242 4011//3242
f 4029//3243 4053//3243 4030//3243
f 4023//3244 4045//3244 4046//3244
f 4037//3245 4061//3245 4038//3245
f 4031//3246 4053//3246 4054//3246
f 4023//3247 4047//3247 4024//3247
f 4038//3248 4062//3248 4039//3248
f 4031//3249 4055//3249 4032//3249
f 4025//3250 4047//3250 4048//3250
f 4039//3251 4063//3251 4040//3251
f 4033//3252 4055//3252 4056//3252
f 4026//3253 4048//3253 4049//3253
f 4040//3254 4064//3254 4041//3254
f 4033//3255 4057//3255 4034//3255
f 4027//3256 4049//3256 4050//3256
f 4041//3257 4065//3257 4042//3257
f 4034//3258 4058//3258 4035//3258
f 4027//3259 4051//3259 4028//3259
f 4043//3260 4065//3260 4066//3260
f 4021//3261 3127//3261 4044//3261
f 4036//3262 4058//3262 4059//3262
f 4028//3263 4052//3263 4029//3263
f 3146//3264 4043//3264 4066//3264
f 4021//3265 4045//3265 4022//3265
f 4037//3266 4059//3266 4060//3266
f 4063//3267 4085//3267 4086//3267
f 4056//3268 4078//3268 4079//3268
f 4048//3269 4072//3269 4049//3269
f 4063//3270 4087//3270 4064//3270
f 4056//3271 4080//3271 4057//3271
f 4050//3272 4072//3272 4073//3272
f 4064//3273 4088//3273 4065//3273
f 4058//3274 4080//3274 4081//3274
f 4050//3275 4074//3275 4051//3275
f 4065//3276 4089//3276 4066//3276
f 4044//3277 3127//3277 4067//3277
f 4059//3278 4081//3278 4082//3278
f 4051//3279 4075//3279 4052//3279
f 3146//3280 4066//3280 4089//3280
f 4045//3281 4067//3281 4068//3281
f 4060//3282 4082//3282 4083//3282
f 4052//3283 4076//3283 4053//3283
f 4046//3284 4068//3284 4069//3284
f 4060//3285 4084//3285 4061//3285
f 4054//3286 4076//3286 4077//3286
f 4046//3287 4070//3287 4047//3287
f 4062//3288 4084//3288 4085//3288
f 4054//3289 4078//3289 4055//3289
f 4047//3290 4071//3290 4048//3290
f 4073//3291 4097//3291 4074//3291
f 4088//3292 4112//3292 4089//3292
f 4067//3293 3127//3293 4090//3293
f 4082//3294 4104//3294 4105//3294
f 4074//3295 4098//3295 4075//3295
f 3146//3296 4089//3296 4112//3296
f 4067//3297 4091//3297 4068//3297
f 4083//3298 4105//3298 4106//3298
f 4075//3299 4099//3299 4076//3299
f 4069//3300 4091//3300 4092//3300
f 4083//3301 4107//3301 4084//3301
f 4077//3302 4099//3302 4100//3302
f 4070//3303 4092//3303 4093//3303
f 4084//3304 4108//3304 4085//3304
f 4077//3305 4101//3305 4078//3305
f 4070//3306 4094//3306 4071//3306
f 4085//3307 4109//3307 4086//3307
f 4078//3308 4102//3308 4079//3308
f 4072//3309 4094//3309 4095//3309
f 4086//3310 4110//3310 4087//3310
f 4079//3311 4103//3311 4080//3311
f 4073//3312 4095//3312 4096//3312
f 4087//3313 4111//3313 4088//3313
f 4080//3314 4104//3314 4081//3314
f 4099//3315 4123//3315 4100//3315
f 4093//3316 4115//3316 4116//3316
f 4108//3317 4130//3317 4131//3317
f 4100//3318 4124//3318 4101//3318
f 4093//3319 4117//3319 4094//3319
f 4108//3320 4132//3320 4109//3320
f 4102//3321 4124//3321 4125//3321
f 4095//3322 4117//3322 4118//3322
f 4109//3323 4133//3323 4110//3323
f 4102//3324 4126//3324 4103//3324
f 4096//3325 4118//3325 4119//3325
f 4110//3326 4134//3326 4111//3326
f 4103//3327 4127//3327 4104//3327
f 4096//3328 4120//3328 4097//3328
f 4112//3329 4134//3329 4135//3329
f 4090//3330 3127//3330 4113//3330
f 4105//3331 4127//3331 4128//3331
f 4097//3332 4121//3332 4098//3332
f 3146//3333 4112//3333 4135//3333
f 4090//3334 4114//3334 4091//3334
f 4106//3335 4128//3335 4129//3335
f 4099//3336 4121//3336 4122//3336
f 4091//3337 4115//3337 4092//3337
f 4106//3338 4130//3338 4107//3338
f 4132//3339 4156//3339 4133//3339
f 4125//3340 4149//3340 4126//3340
f 4119//3341 4141//3341 4142//3341
f 4133//3342 4157//3342 4134//3342
f 4126//3343 4150//3343 4127//3343
f 4119//3344 4143//3344 4120//3344
f 4134//3345 4158//3345 4135//3345
f 4113//3346 3127//3346 4136//3346
f 4128//3347 4150//3347 4151//3347
f 4120//3348 4144//3348 4121//3348
f 3146//3349 4135//3349 4158//3349
f 4114//3350 4136//3350 4137//3350
f 4129//3351 4151//3351 4152//3351
f 4122//3352 4144//3352 4145//3352
f 4115//3353 4137//3353 4138//3353
f 4129//3354 4153//3354 4130//3354
f 4123//3355 4145//3355 4146//3355
f 4116//3356 4138//3356 4139//3356
f 4131//3357 4153//3357 4154//3357
f 4123//3358 4147//3358 4124//3358
f 4116//3359 4140//3359 4117//3359
f 4131//3360 4155//3360 4132//3360
f 4125//3361 4147//3361 4148//3361
f 4117//3362 4141//3362 4118//3362
f 4143//3363 4167//3363 4144//3363
f 3146//3364 4158//3364 4181//3364
f 4136//3365 4160//3365 4137//3365
f 4152//3366 4174//3366 4175//3366
f 4145//3367 4167//3367 4168//3367
f 4138//3368 4160//3368 4161//3368
f 4152//3369 4176//3369 4153//3369
f 4145//3370 4169//3370 4146//3370
f 4138//3371 4162//3371 4139//3371
f 4154//3372 4176//3372 4177//3372
f 4146//3373 4170//3373 4147//3373
f 4140//3374 4162//3374 4163//3374
f 4154//3375 4178//3375 4155//3375
f 4148//3376 4170//3376 4171//3376
f 4140//3377 4164//3377 4141//3377
f 4155//3378 4179//3378 4156//3378
f 4149//3379 4171//3379 4172//3379
f 4142//3380 4164//3380 4165//3380
f 4156//3381 4180//3381 4157//3381
f 4149//3382 4173//3382 4150//3382
f 4142//3383 4166//3383 4143//3383
f 4157//3384 4181//3384 4158//3384
f 4136//3385 3127//3385 4159//3385
f 4151//3386 4173//3386 4174//3386
f 4169//3387 4193//3387 4170//3387
f 4163//3388 4185//3388 4186//3388
f 4177//3389 4201//3389 4178//3389
f 4171//3390 4193//3390 4194//3390
f 4163//3391 4187//3391 4164//3391
f 4178//3392 4202//3392 4179//3392
f 4171//3393 4195//3393 4172//3393
f 4165//3394 4187//3394 4188//3394
f 4179//3395 4203//3395 4180//3395
f 4172//3396 4196//3396 4173//3396
f 4165//3397 4189//3397 4166//3397
f 4180//3398 4204//3398 4181//3398
f 4159//3399 3127//3399 4182//3399
f 4174//3400 4196//3400 4197//3400
f 4166//3401 4190//3401 4167//3401
f 3146//3402 4181//3402 4204//3402
f 4159//3403 4183//3403 4160//3403
f 4175//3404 4197//3404 4198//3404
f 4168//3405 4190//3405 4191//3405
f 4161//3406 4183//3406 4184//3406
f 4175//3407 4199//3407 4176//3407
f 4169//3408 4191//3408 4192//3408
f 4162//3409 4184//3409 4185//3409
f 4177//3410 4199//3410 4200//3410
f 4202//3411 4226//3411 4203//3411
f 4195//3412 4219//3412 4196//3412
f 4188//3413 4212//3413 4189//3413
f 4203//3414 4227//3414 4204//3414
f 4182//3415 3127//3415 4205//3415
f 4197//3416 4219//3416 4220//3416
f 4189//3417 4213//3417 4190//3417
f 3146//3418 4204//3418 4227//3418
f 4182//3419 4206//3419 4183//3419
f 4198//3420 4220//3420 4221//3420
f 4191//3421 4213//3421 4214//3421
f 4184//3422 4206//3422 4207//3422
f 4198//3423 4222//3423 4199//3423
f 4192//3424 4214//3424 4215//3424
f 4184//3425 4208//3425 4185//3425
f 4200//3426 4222//3426 4223//3426
f 4192//3427 4216//3427 4193//3427
f 4185//3428 4209//3428 4186//3428
f 4200//3429 4224//3429 4201//3429
f 4194//3430 4216//3430 4217//3430
f 4186//3431 4210//3431 4187//3431
f 4201//3432 4225//3432 4202//3432
f 4194//3433 4218//3433 4195//3433
f 4188//3434 4210//3434 4211//3434
f 4213//3435 3133//3435 4214//3435
f 4206//3436 3130//3436 4207//3436
f 4222//3437 4232//3437 3140//3437
f 4214//3438 3134//3438 4215//3438
f 4207//3439 4228//3439 4208//3439
f 4223//3440 3140//3440 3141//3440
f 4215//3441 3135//3441 4216//3441
f 4208//3442 3131//3442 4209//3442
f 4224//3443 3141//3443 3142//3443
f 4217//3444 3135//3444 3136//3444
f 4209//3445 4229//3445 4210//3445
f 4225//3446 3142//3446 3143//3446
f 4218//3447 3136//3447 3137//3447
f 4211//3448 4229//3448 4230//3448
f 4226//3449 3143//3449 3144//3449
f 4219//3450 3137//3450 3138//3450
f 4211//3451 4231//3451 4212//3451
f 4227//3452 3144//3452 3145//3452
f 4205//3453 3127//3453 3128//3453
f 4220//3454 3138//3454 3139//3454
f 4212//3455 3132//3455 4213//3455
f 3146//3456 4227//3456 3145//3456
f 4205//3457 3129//3457 4206//3457
f 4221//3458 3139//3458 4232//3458
f 4234//2187 4235//2187 4233//2187
f 4235//2188 4238//2188 4237//2188
f 4238//2189 4239//2189 4237//2189
f 4240//3459 4241//3459 4239//3459
f 4241//2191 4244//2191 4243//2191
f 4244//2192 4245//2192 4243//2192
f 4245//2193 4248//2193 4247//2193
f 4247//2194 4250//2194 4249//2194
f 4250//3460 4251//3460 4249//3460
f 4251//2196 4254//2196 4253//2196
f 4254//2197 4255//2197 4253//2197
f 4256//2198 4257//2198 4255//2198
f 4258//2199 4259//2199 4257//2199
f 4260//2200 4261//2200 4259//2200
f 4261//2201 4264//2201 4263//2201
f 4263//2202 4266//2202 4265//2202
f 4266//2203 4267//2203 4265//2203
f 4268//2204 4269//2204 4267//2204
f 4270//2205 4271//2205 4269//2205
f 4272//2206 4273//2206 4271//2206
f 4274//2207 4275//2207 4273//2207
f 4276//2208 4277//2208 4275//2208
f 4278//2209 4279//2209 4277//2209
f 4280//2210 4281//2210 4279//2210
f 4281//2163 4284//2163 4283//2163
f 4284//2164 4285//2164 4283//2164
f 4286//2165 4287//2165 4285//2165
f 4287//2166 4290//2166 4289//2166
f 4290//2167 4291//2167 4289//2167
f 4292//2168 4293//2168 4291//2168
f 4294//3461 4295//3461 4293//3461
f 4295//2170 4298//2170 4297//2170
f 4298//2171 4299//2171 4297//2171
f 4300//2172 4301//2172 4299//2172
f 4302//2173 4303//2173 4301//2173
f 4304//2174 4305//2174 4303//2174
f 4306//2175 4307//2175 4305//2175
f 4308//2176 4309//2176 4307//2176
f 4309//2177 4312//2177 4311//2177
f 4312//2178 4313//2178 4311//2178
f 4314//2179 4315//2179 4313//2179
f 4315//2180 4318//2180 4317//2180
f 4318//2181 4319//2181 4317//2181
f 4320//3462 4321//3462 4319//3462
f 4322//2183 4323//2183 4321//2183
f 4323//2184 4326//2184 4325//2184
f 4302//3463 4270//3463 4238//3463
f 4326//2185 4327//2185 4325//2185
f 4328//2186 4233//2186 4327//2186
f 4263//3464 4295//3464 4327//3464
f 4586//2235 4587//2235 4585//2235
f 4587//2236 4590//2236 4589//2236
f 4590//2237 4591//2237 4589//2237
f 4592//2238 4593//2238 4591//2238
f 4593//2239 4596//2239 4595//2239
f 4596//2240 4597//2240 4595//2240
f 4597//2241 4600//2241 4599//2241
f 4600//2242 4601//2242 4599//2242
f 4602//3530 4603//3530 4601//3530
f 4604//2244 4605//2244 4603//2244
f 4606//2245 4607//2245 4605//2245
f 4608//2246 4609//2246 4607//2246
f 4610//2247 4611//2247 4609//2247
f 4611//2248 4614//2248 4613//2248
f 4614//2249 4615//2249 4613//2249
f 4616//2250 4617//2250 4615//2250
f 4617//2251 4620//2251 4619//2251
f 4620//2252 4621//2252 4619//2252
f 4621//2253 4624//2253 4623//2253
f 4624//2254 4625//2254 4623//2254
f 4625//2255 4628//2255 4627//2255
f 4628//2256 4629//2256 4627//2256
f 4630//2257 4631//2257 4629//2257
f 4632//2258 4633//2258 4631//2258
f 4634//2211 4635//2211 4633//2211
f 4635//2212 4638//2212 4637//2212
f 4638//2213 4639//2213 4637//2213
f 4640//2214 4641//2214 4639//2214
f 4642//2215 4643//2215 4641//2215
f 4644//2216 4645//2216 4643//2216
f 4646//2217 4647//2217 4645//2217
f 4647//2218 4650//2218 4649//2218
f 4650//2219 4651//2219 4649//2219
f 4652//2220 4653//2220 4651//2220
f 4654//2221 4655//2221 4653//2221
f 4656//2222 4657//2222 4655//2222
f 4657//2223 4660//2223 4659//2223
f 4660//2224 4661//2224 4659//2224
f 4662//2225 4663//2225 4661//2225
f 4663//2226 4666//2226 4665//2226
f 4666//2227 4667//2227 4665//2227
f 4668//2228 4669//2228 4667//2228
f 4669//2229 4672//2229 4671//2229
f 4672//3531 4673//3531 4671//3531
f 4674//2231 4675//2231 4673//2231
f 4675//2232 4678//2232 4677//2232
f 4654//3532 4622//3532 4590//3532
f 4678//2233 4679//2233 4677//2233
f 4679//2234 4586//2234 4585//2234
f 4615//3533 4647//3533 4679//3533
f 4937//2283 4940//2283 4939//2283
f 4940//2284 4941//2284 4939//2284
f 4942//2285 4943//2285 4941//2285
f 4944//3599 4945//3599 4943//3599
f 4946//2287 4947//2287 4945//2287
f 4948//2288 4949//2288 4947//2288
f 4949//3600 4952//3600 4951//3600
f 4952//2290 4953//2290 4951//2290
f 4953//2291 4956//2291 4955//2291
f 4955//2292 4958//2292 4957//2292
f 4958//2293 4959//2293 4957//2293
f 4960//2294 4961//2294 4959//2294
f 4962//2295 4963//2295 4961//2295
f 4964//2296 4965//2296 4963//2296
f 4965//2297 4968//2297 4967//2297
f 4968//2298 4969//2298 4967//2298
f 4969//2299 4972//2299 4971//2299
f 4972//2300 4973//2300 4971//2300
f 4974//2301 4975//2301 4973//2301
f 4976//2302 4977//2302 4975//2302
f 4978//2303 4979//2303 4977//2303
f 4980//2304 4981//2304 4979//2304
f 4982//2305 4983//2305 4981//2305
f 4983//2306 4986//2306 4985//2306
f 4986//2259 4987//2259 4985//2259
f 4987//2260 4990//2260 4989//2260
f 4990//2261 4991//2261 4989//2261
f 4992//2262 4993//2262 4991//2262
f 4994//2263 4995//2263 4993//2263
f 4995//2264 4998//2264 4997//2264
f 4998//3601 4999//3601 4997//3601
f 5000//2266 5001//2266 4999//2266
f 5002//2267 5003//2267 5001//2267
f 5004//2268 5005//2268 5003//2268
f 5006//2269 5007//2269 5005//2269
f 5008//2270 5009//2270 5007//2270
f 5009//2271 5012//2271 5011//2271
f 5012//2272 5013//2272 5011//2272
f 5014//2273 5015//2273 5013//2273
f 5016//2274 5017//2274 5015//2274
f 5018//2275 5019//2275 5017//2275
f 5020//2276 5021//2276 5019//2276
f 5021//2277 5024//2277 5023//2277
f 5023//3602 5026//3602 5025//3602
f 5025//2279 5028//2279 5027//2279
f 5027//2280 5030//2280 5029//2280
f 5006//3603 4974//3603 4942//3603
f 5030//2281 5031//2281 5029//2281
f 5031//2282 4938//2282 4937//2282
f 4967//3604 4999//3604 5031//3604
f 5290//3671 5291//3671 5289//3671
f 5292//3672 5293//3672 5291//3672
f 5294//3673 5295//3673 5293//3673
f 5296//3674 5297//3674 5295//3674
f 5298//3675 5299//3675 5297//3675
f 5300//3676 5301//3676 5299//3676
f 5302//3677 5303//3677 5301//3677
f 5304//3678 5305//3678 5303//3678
f 5305//3679 5308//3679 5307//3679
f 5308//3680 5309//3680 5307//3680
f 5310//3681 5311//3681 5309//3681
f 5312//3682 5313//3682 5311//3682
f 5314//3683 5315//3683 5313//3683
f 5316//3684 5317//3684 5315//3684
f 5318//3685 5319//3685 5317//3685
f 5320//3686 5321//3686 5319//3686
f 5322//3687 5323//3687 5321//3687
f 5324//3688 5325//3688 5323//3688
f 5326//3689 5327//3689 5325//3689
f 5328//3690 5329//3690 5327//3690
f 5330//3691 5331//3691 5329//3691
f 5332//3692 5333//3692 5331//3692
f 5334//3693 5335//3693 5333//3693
f 5336//3694 5337//3694 5335//3694
f 5338//3695 5339//3695 5337//3695
f 5340//3696 5341//3696 5339//3696
f 5342//3697 5343//3697 5341//3697
f 5344//3698 5345//3698 5343//3698
f 5346//3699 5347//3699 5345//3699
f 5348//3700 5349//3700 5347//3700
f 5350//3701 5351//3701 5349//3701
f 5352//3702 5353//3702 5351//3702
f 5354//3703 5355//3703 5353//3703
f 5356//3704 5357//3704 5355//3704
f 5358//3705 5359//3705 5357//3705
f 5360//3706 5361//3706 5359//3706
f 5362//3707 5363//3707 5361//3707
f 5364//3708 5365//3708 5363//3708
f 5366//3709 5367//3709 5365//3709
f 5368//3710 5369//3710 5367//3710
f 5370//3711 5371//3711 5369//3711
f 5372//3712 5373//3712 5371//3712
f 5374//3713 5375//3713 5373//3713
f 5376//3714 5377//3714 5375//3714
f 5378//3715 5379//3715 5377//3715
f 5380//3716 5381//3716 5379//3716
f 5382//3717 5383//3717 5381//3717
f 5384//3718 5385//3718 5383//3718
f 5386//3719 5387//3719 5385//3719
f 5388//3720 5389//3720 5387//3720
f 5390//3721 5391//3721 5389//3721
f 5392//3722 5393//3722 5391//3722
f 5394//3723 5395//3723 5393//3723
f 5396//3724 5397//3724 5395//3724
f 5398//3725 5399//3725 5397//3725
f 5399//3726 5402//3726 5401//3726
f 5402//3727 5403//3727 5401//3727
f 5404//3728 5405//3728 5403//3728
f 5406//3729 5407//3729 5405//3729
f 5408//3730 5409//3730 5407//3730
f 5410//3731 5411//3731 5409//3731
f 5412//3732 5413//3732 5411//3732
f 5358//591 5326//591 5294//591
f 5414//3733 5415//3733 5413//3733
f 5416//3734 5289//3734 5415//3734
f 5351//3735 5383//3735 5415//3735
f 3129//2307 3148//2307 3149//2307
f 3140//3918 4232//3918 3163//3918
f 3133//2309 3156//2309 3157//2309
f 3130//2310 3149//2310 3150//2310
f 3140//2311 3164//2311 3165//2311
f 3134//2312 3157//2312 3158//2312
f 4228//2313 3150//2313 3151//2313
f 3141//2314 3165//2314 3166//2314
f 3135//2315 3158//2315 3159//2315
f 3131//2316 3151//2316 3152//2316
f 3142//2317 3166//2317 3167//2317
f 3136//2318 3159//2318 3160//2318
f 4229//2319 3152//2319 3153//2319
f 3143//2320 3167//2320 3168//2320
f 3137//2321 3160//2321 3161//2321
f 4230//2322 3153//2322 3154//2322
f 3144//2323 3168//2323 3169//2323
f 3138//2325 3161//2325 3162//2325
f 4231//2326 3154//2326 3155//2326
f 3129//2328 3128//2328 3147//2328
f 4232//2329 3139//2329 3162//2329
f 3132//2330 3155//2330 3156//2330
f 3161//2331 3184//2331 3185//2331
f 3155//2332 3154//2332 3177//2332
f 3147//2334 3170//2334 3171//2334
f 3162//2335 3185//2335 3186//2335
f 3156//2336 3155//2336 3178//2336
f 3149//2337 3148//2337 3171//2337
f 3163//2338 3186//2338 3187//2338
f 3156//2339 3179//2339 3180//2339
f 3149//2340 3172//2340 3173//2340
f 3164//2341 3187//2341 3188//2341
f 3157//2342 3180//2342 3181//2342
f 3151//2343 3150//2343 3173//2343
f 3165//2344 3188//2344 3189//2344
f 3159//2345 3158//2345 3181//2345
f 3151//2346 3174//2346 3175//2346
f 3166//2347 3189//2347 3190//2347
f 3159//2348 3182//2348 3183//2348
f 3153//2349 3152//2349 3175//2349
f 3168//2350 3167//2350 3190//2350
f 3160//2351 3183//2351 3184//2351
f 3153//2352 3176//2352 3177//2352
f 3168//2353 3191//2353 3192//2353
f 3173//2355 3172//2355 3195//2355
f 3188//2356 3187//2356 3210//2356
f 3180//2357 3203//2357 3204//2357
f 3173//2358 3196//2358 3197//2358
f 3189//2359 3188//2359 3211//2359
f 3181//2360 3204//2360 3205//2360
f 3174//2361 3197//2361 3198//2361
f 3189//2362 3212//2362 3213//2362
f 3183//2363 3182//2363 3205//2363
f 3176//2364 3175//2364 3198//2364
f 3191//2365 3190//2365 3213//2365
f 3183//2366 3206//2366 3207//2366
f 3177//2367 3176//2367 3199//2367
f 3191//2368 3214//2368 3215//2368
f 3184//2370 3207//2370 3208//2370
f 3177//2371 3200//2371 3201//2371
f 3170//2373 3193//2373 3194//2373
f 3185//2374 3208//2374 3209//2374
f 3178//2375 3201//2375 3202//2375
f 3172//2376 3171//2376 3194//2376
f 3186//2377 3209//2377 3210//2377
f 3179//2378 3202//2378 3203//2378
f 3199//2379 3198//2379 3221//2379
f 3213//2380 3236//2380 3237//2380
f 3206//2381 3229//2381 3230//2381
f 3199//2382 3222//2382 3223//2382
f 3214//2383 3237//2383 3238//2383
f 3208//2385 3207//2385 3230//2385
f 3200//2386 3223//2386 3224//2386
f 3193//2388 3216//2388 3217//2388
f 3208//2389 3231//2389 3232//2389
f 3202//2390 3201//2390 3224//2390
f 3195//2391 3194//2391 3217//2391
f 3209//2392 3232//2392 3233//2392
f 3202//2393 3225//2393 3226//2393
f 3195//2394 3218//2394 3219//2394
f 3211//2395 3210//2395 3233//2395
f 3203//2396 3226//2396 3227//2396
f 3196//2397 3219//2397 3220//2397
f 3211//2398 3234//2398 3235//2398
f 3204//2399 3227//2399 3228//2399
f 3197//2400 3220//2400 3221//2400
f 3213//2401 3212//2401 3235//2401
f 3206//2402 3205//2402 3228//2402
f 3231//2403 3254//2403 3255//2403
f 3225//2404 3224//2404 3247//2404
f 3217//2405 3240//2405 3241//2405
f 3232//2406 3255//2406 3256//2406
f 3225//2407 3248//2407 3249//2407
f 3219//2408 3218//2408 3241//2408
f 3233//2409 3256//2409 3257//2409
f 3227//2410 3226//2410 3249//2410
f 3220//2411 3219//2411 3242//2411
f 3234//2412 3257//2412 3258//2412
f 3227//2413 3250//2413 3251//2413
f 3220//2414 3243//2414 3244//2414
f 3236//2415 3235//2415 3258//2415
f 3228//2416 3251//2416 3252//2416
f 3222//2417 3221//2417 3244//2417
f 3237//2418 3236//2418 3259//2418
f 3229//2419 3252//2419 3253//2419
f 3223//2420 3222//2420 3245//2420
f 3237//2421 3260//2421 3261//2421
f 3231//2423 3230//2423 3253//2423
f 3223//2424 3246//2424 3247//2424
f 3217//2426 3216//2426 3239//2426
f 3242//2427 3265//2427 3266//2427
f 3257//2428 3280//2428 3281//2428
f 3250//2429 3273//2429 3274//2429
f 3243//2430 3266//2430 3267//2430
f 3258//2431 3281//2431 3282//2431
f 3252//2432 3251//2432 3274//2432
f 3245//2433 3244//2433 3267//2433
f 3259//2434 3282//2434 3283//2434
f 3252//2435 3275//2435 3276//2435
f 3246//2436 3245//2436 3268//2436
f 3260//2437 3283//2437 3284//2437
f 3254//2439 3253//2439 3276//2439
f 3246//2440 3269//2440 3270//2440
f 3240//2442 3239//2442 3262//2442
f 3254//2443 3277//2443 3278//2443
f 3248//2444 3247//2444 3270//2444
f 3240//2445 3263//2445 3264//2445
f 3255//2446 3278//2446 3279//2446
f 3248//2447 3271//2447 3272//2447
f 3241//2448 3264//2448 3265//2448
f 3256//2449 3279//2449 3280//2449
f 3250//2450 3249//2450 3272//2450
f 3269//2451 3268//2451 3291//2451
f 3283//2452 3306//2452 3307//2452
f 3277//2454 3276//2454 3299//2454
f 3269//2455 3292//2455 3293//2455
f 3262//2457 3285//2457 3286//2457
f 3277//2458 3300//2458 3301//2458
f 3271//2459 3270//2459 3293//2459
f 3264//2460 3263//2460 3286//2460
f 3278//2461 3301//2461 3302//2461
f 3271//2462 3294//2462 3295//2462
f 3265//2463 3264//2463 3287//2463
f 3280//2464 3279//2464 3302//2464
f 3273//2465 3272//2465 3295//2465
f 3266//2466 3265//2466 3288//2466
f 3280//2467 3303//2467 3304//2467
f 3273//2468 3296//2468 3297//2468
f 3266//2469 3289//2469 3290//2469
f 3281//2470 3304//2470 3305//2470
f 3275//2471 3274//2471 3297//2471
f 3268//2472 3267//2472 3290//2472
f 3282//2473 3305//2473 3306//2473
f 3275//2474 3298//2474 3299//2474
f 3301//2475 3324//2475 3325//2475
f 3294//2476 3317//2476 3318//2476
f 3287//2477 3310//2477 3311//2477
f 3303//2478 3302//2478 3325//2478
f 3296//2479 3295//2479 3318//2479
f 3288//2480 3311//2480 3312//2480
f 3303//2481 3326//2481 3327//2481
f 3296//2482 3319//2482 3320//2482
f 3289//2483 3312//2483 3313//2483
f 3304//2484 3327//2484 3328//2484
f 3298//2485 3297//2485 3320//2485
f 3291//2486 3290//2486 3313//2486
f 3305//2487 3328//2487 3329//2487
f 3298//2488 3321//2488 3322//2488
f 3292//2489 3291//2489 3314//2489
f 3307//2490 3306//2490 3329//2490
f 3300//2492 3299//2492 3322//2492
f 3292//2493 3315//2493 3316//2493
f 3285//2495 3308//2495 3309//2495
f 3300//2496 3323//2496 3324//2496
f 3294//2497 3293//2497 3316//2497
f 3287//2498 3286//2498 3309//2498
f 3312//2499 3335//2499 3336//2499
f 3327//2500 3350//2500 3351//2500
f 3321//2501 3320//2501 3343//2501
f 3314//2502 3313//2502 3336//2502
f 3328//2503 3351//2503 3352//2503
f 3321//2504 3344//2504 3345//2504
f 3315//2505 3314//2505 3337//2505
f 3329//2506 3352//2506 3353//2506
f 3323//2508 3322//2508 3345//2508
f 3315//2509 3338//2509 3339//2509
f 3308//2511 3331//2511 3332//2511
f 3323//2512 3346//2512 3347//2512
f 3317//2513 3316//2513 3339//2513
f 3310//2514 3309//2514 3332//2514
f 3324//2515 3347//2515 3348//2515
f 3317//2516 3340//2516 3341//2516
f 3310//2517 3333//2517 3334//2517
f 3326//2518 3325//2518 3348//2518
f 3319//2519 3318//2519 3341//2519
f 3311//2520 3334//2520 3335//2520
f 3326//2521 3349//2521 3350//2521
f 3319//2522 3342//2522 3343//2522
f 3338//2523 3361//2523 3362//2523
f 3331//2525 3354//2525 3355//2525
f 3346//2526 3369//2526 3370//2526
f 3340//2527 3339//2527 3362//2527
f 3332//2528 3355//2528 3356//2528
f 3347//2529 3370//2529 3371//2529
f 3340//2530 3363//2530 3364//2530
f 3334//2531 3333//2531 3356//2531
f 3348//2532 3371//2532 3372//2532
f 3342//2533 3341//2533 3364//2533
f 3334//2534 3357//2534 3358//2534
f 3349//2535 3372//2535 3373//2535
f 3342//2536 3365//2536 3366//2536
f 3335//2537 3358//2537 3359//2537
f 3351//2538 3350//2538 3373//2538
f 3344//2539 3343//2539 3366//2539
f 3337//2540 3336//2540 3359//2540
f 3352//2541 3351//2541 3374//2541
f 3344//2542 3367//2542 3368//2542
f 3338//2543 3337//2543 3360//2543
f 3352//2544 3375//2544 3376//2544
f 3346//2546 3345//2546 3368//2546
f 3372//2547 3371//2547 3394//2547
f 3364//2548 3387//2548 3388//2548
f 3358//2549 3357//2549 3380//2549
f 3372//2550 3395//2550 3396//2550
f 3365//2551 3388//2551 3389//2551
f 3358//2552 3381//2552 3382//2552
f 3373//2553 3396//2553 3397//2553
f 3367//2554 3366//2554 3389//2554
f 3360//2555 3359//2555 3382//2555
f 3374//2556 3397//2556 3398//2556
f 3367//2557 3390//2557 3391//2557
f 3361//2558 3360//2558 3383//2558
f 3375//2559 3398//2559 3399//2559
f 3369//2561 3368//2561 3391//2561
f 3361//2562 3384//2562 3385//2562
f 3355//2564 3354//2564 3377//2564
f 3369//2565 3392//2565 3393//2565
f 3363//2566 3362//2566 3385//2566
f 3355//2567 3378//2567 3379//2567
f 3370//2568 3393//2568 3394//2568
f 3363//2569 3386//2569 3387//2569
f 3357//2570 3356//2570 3379//2570
f 3383//2571 3382//2571 3405//2571
f 3398//2572 3397//2572 3420//2572
f 3390//2573 3413//2573 3414//2573
f 3383//2574 3406//2574 3407//2574
f 3398//2575 3421//2575 3422//2575
f 3392//2577 3391//2577 3414//2577
f 3384//2578 3407//2578 3408//2578
f 3377//2580 3400//2580 3401//2580
f 3392//2581 3415//2581 3416//2581
f 3386//2582 3385//2582 3408//2582
f 3378//2583 3401//2583 3402//2583
f 3393//2584 3416//2584 3417//2584
f 3386//2585 3409//2585 3410//2585
f 3379//2586 3402//2586 3403//2586
f 3394//2587 3417//2587 3418//2587
f 3387//2588 3410//2588 3411//2588
f 3380//2589 3403//2589 3404//2589
f 3395//2590 3418//2590 3419//2590
f 3388//2591 3411//2591 3412//2591
f 3381//2592 3404//2592 3405//2592
f 3396//2593 3419//2593 3420//2593
f 3390//2594 3389//2594 3412//2594
f 3409//2595 3408//2595 3431//2595
f 3402//2596 3401//2596 3424//2596
f 3416//2597 3439//2597 3440//2597
f 3409//2598 3432//2598 3433//2598
f 3402//2599 3425//2599 3426//2599
f 3418//2600 3417//2600 3440//2600
f 3410//2601 3433//2601 3434//2601
f 3403//2602 3426//2602 3427//2602
f 3418//2603 3441//2603 3442//2603
f 3411//2604 3434//2604 3435//2604
f 3404//2605 3427//2605 3428//2605
f 3419//2606 3442//2606 3443//2606
f 3413//2607 3412//2607 3435//2607
f 3406//2608 3405//2608 3428//2608
f 3420//2609 3443//2609 3444//2609
f 3413//2610 3436//2610 3437//2610
f 3407//2611 3406//2611 3429//2611
f 3421//2612 3444//2612 3445//2612
f 3415//2614 3414//2614 3437//2614
f 3407//2615 3430//2615 3431//2615
f 3400//2617 3423//2617 3424//2617
f 3415//2618 3438//2618 3439//2618
f 3441//2619 3464//2619 3465//2619
f 3434//2620 3457//2620 3458//2620
f 3427//2621 3450//2621 3451//2621
f 3442//2622 3465//2622 3466//2622
f 3435//2623 3458//2623 3459//2623
f 3429//2624 3428//2624 3451//2624
f 3443//2625 3466//2625 3467//2625
f 3436//2626 3459//2626 3460//2626
f 3429//2627 3452//2627 3453//2627
f 3444//2628 3467//2628 3468//2628
f 3438//2630 3437//2630 3460//2630
f 3430//2631 3453//2631 3454//2631
f 3423//2633 3446//2633 3447//2633
f 3438//2634 3461//2634 3462//2634
f 3432//2635 3431//2635 3454//2635
f 3424//2636 3447//2636 3448//2636
f 3439//2637 3462//2637 3463//2637
f 3432//2638 3455//2638 3456//2638
f 3426//2639 3425//2639 3448//2639
f 3441//2640 3440//2640 3463//2640
f 3433//2641 3456//2641 3457//2641
f 3426//2642 3449//2642 3450//2642
f 3453//2643 3452//2643 3475//2643
f 3467//2644 3490//2644 3491//2644
f 3461//2646 3460//2646 3483//2646
f 3453//2647 3476//2647 3477//2647
f 3446//2649 3469//2649 3470//2649
f 3461//2650 3484//2650 3485//2650
f 3455//2651 3454//2651 3477//2651
f 3448//2652 3447//2652 3470//2652
f 3462//2653 3485//2653 3486//2653
f 3455//2654 3478//2654 3479//2654
f 3449//2655 3448//2655 3471//2655
f 3464//2656 3463//2656 3486//2656
f 3456//2657 3479//2657 3480//2657
f 3450//2658 3449//2658 3472//2658
f 3464//2659 3487//2659 3488//2659
f 3458//2660 3457//2660 3480//2660
f 3450//2661 3473//2661 3474//2661
f 3465//2662 3488//2662 3489//2662
f 3458//2663 3481//2663 3482//2663
f 3452//2664 3451//2664 3474//2664
f 3466//2665 3489//2665 3490//2665
f 3459//2666 3482//2666 3483//2666
f 3478//2667 3501//2667 3502//2667
f 3471//2668 3494//2668 3495//2668
f 3486//2669 3509//2669 3510//2669
f 3479//2670 3502//2670 3503//2670
f 3472//2671 3495//2671 3496//2671
f 3487//2672 3510//2672 3511//2672
f 3481//2673 3480//2673 3503//2673
f 3473//2674 3496//2674 3497//2674
f 3488//2675 3511//2675 3512//2675
f 3481//2676 3504//2676 3505//2676
f 3474//2677 3497//2677 3498//2677
f 3490//2678 3489//2678 3512//2678
f 3482//2679 3505//2679 3506//2679
f 3475//2680 3498//2680 3499//2680
f 3490//2681 3513//2681 3514//2681
f 3484//2683 3483//2683 3506//2683
f 3476//2684 3499//2684 3500//2684
f 3469//2686 3492//2686 3493//2686
f 3484//2687 3507//2687 3508//2687
f 3478//2688 3477//2688 3500//2688
f 3470//2689 3493//2689 3494//2689
f 3485//2690 3508//2690 3509//2690
f 3511//2691 3534//2691 3535//2691
f 3505//2692 3504//2692 3527//2692
f 3498//2693 3497//2693 3520//2693
f 3512//2694 3535//2694 3536//2694
f 3505//2695 3528//2695 3529//2695
f 3499//2696 3498//2696 3521//2696
f 3513//2697 3536//2697 3537//2697
f 3507//2699 3506//2699 3529//2699
f 3499//2700 3522//2700 3523//2700
f 3493//2702 3492//2702 3515//2702
f 3507//2703 3530//2703 3531//2703
f 3501//2704 3500//2704 3523//2704
f 3494//2705 3493//2705 3516//2705
f 3508//2706 3531//2706 3532//2706
f 3501//2707 3524//2707 3525//2707
f 3495//2708 3494//2708 3517//2708
f 3509//2709 3532//2709 3533//2709
f 3502//2710 3525//2710 3526//2710
f 3496//2711 3495//2711 3518//2711
f 3510//2712 3533//2712 3534//2712
f 3504//2713 3503//2713 3526//2713
f 3496//2714 3519//2714 3520//2714
f 3522//2715 3545//2715 3546//2715
f 3515//2717 3538//2717 3539//2717
f 3530//2718 3553//2718 3554//2718
f 3524//2719 3523//2719 3546//2719
f 3516//2720 3539//2720 3540//2720
f 3531//2721 3554//2721 3555//2721
f 3524//2722 3547//2722 3548//2722
f 3518//2723 3517//2723 3540//2723
f 3532//2724 3555//2724 3556//2724
f 3525//2725 3548//2725 3549//2725
f 3519//2726 3518//2726 3541//2726
f 3533//2727 3556//2727 3557//2727
f 3527//2728 3526//2728 3549//2728
f 3520//2729 3519//2729 3542//2729
f 3534//2730 3557//2730 3558//2730
f 3527//2731 3550//2731 3551//2731
f 3521//2732 3520//2732 3543//2732
f 3535//2733 3558//2733 3559//2733
f 3528//2734 3551//2734 3552//2734
f 3522//2735 3521//2735 3544//2735
f 3536//2736 3559//2736 3560//2736
f 3530//2738 3529//2738 3552//2738
f 3548//2739 3571//2739 3572//2739
f 3542//2740 3541//2740 3564//2740
f 3556//2741 3579//2741 3580//2741
f 3550//2742 3549//2742 3572//2742
f 3542//2743 3565//2743 3566//2743
f 3557//2744 3580//2744 3581//2744
f 3550//2745 3573//2745 3574//2745
f 3544//2746 3543//2746 3566//2746
f 3558//2747 3581//2747 3582//2747
f 3552//2748 3551//2748 3574//2748
f 3545//2749 3544//2749 3567//2749
f 3560//2750 3559//2750 3582//2750
f 3553//2752 3552//2752 3575//2752
f 3545//2753 3568//2753 3569//2753
f 3538//2755 3561//2755 3562//2755
f 3553//2756 3576//2756 3577//2756
f 3546//2757 3569//2757 3570//2757
f 3539//2758 3562//2758 3563//2758
f 3554//2759 3577//2759 3578//2759
f 3547//2760 3570//2760 3571//2760
f 3541//2761 3540//2761 3563//2761
f 3555//2762 3578//2762 3579//2762
f 3581//2763 3604//2763 3605//2763
f 3574//2764 3597//2764 3598//2764
f 3568//2765 3567//2765 3590//2765
f 3582//2766 3605//2766 3606//2766
f 3576//2768 3575//2768 3598//2768
f 3568//2769 3591//2769 3592//2769
f 3561//2771 3584//2771 3585//2771
f 3576//2772 3599//2772 3600//2772
f 3569//2773 3592//2773 3593//2773
f 3562//2774 3585//2774 3586//2774
f 3577//2775 3600//2775 3601//2775
f 3570//2776 3593//2776 3594//2776
f 3564//2777 3563//2777 3586//2777
f 3578//2778 3601//2778 3602//2778
f 3571//2779 3594//2779 3595//2779
f 3565//2780 3564//2780 3587//2780
f 3579//2781 3602//2781 3603//2781
f 3572//2782 3595//2782 3596//2782
f 3566//2783 3565//2783 3588//2783
f 3581//2784 3580//2784 3603//2784
f 3573//2785 3596//2785 3597//2785
f 3567//2786 3566//2786 3589//2786
f 3593//2787 3592//2787 3615//2787
f 3586//2788 3585//2788 3608//2788
f 3600//2789 3623//2789 3624//2789
f 3593//2790 3616//2790 3617//2790
f 3587//2791 3586//2791 3609//2791
f 3601//2792 3624//2792 3625//2792
f 3595//2793 3594//2793 3617//2793
f 3588//2794 3587//2794 3610//2794
f 3602//2795 3625//2795 3626//2795
f 3595//2796 3618//2796 3619//2796
f 3589//2797 3588//2797 3611//2797
f 3603//2798 3626//2798 3627//2798
f 3596//2799 3619//2799 3620//2799
f 3590//2800 3589//2800 3612//2800
f 3604//2801 3627//2801 3628//2801
f 3597//2802 3620//2802 3621//2802
f 3591//2803 3590//2803 3613//2803
f 3605//2804 3628//2804 3629//2804
f 3599//2806 3598//2806 3621//2806
f 3591//2807 3614//2807 3615//2807
f 3584//2809 3607//2809 3608//2809
f 3599//2810 3622//2810 3623//2810
f 3618//2811 3641//2811 3642//2811
f 3611//2812 3634//2812 3635//2812
f 3626//2813 3649//2813 3650//2813
f 3619//2814 3642//2814 3643//2814
f 3613//2815 3612//2815 3635//2815
f 3627//2816 3650//2816 3651//2816
f 3620//2817 3643//2817 3644//2817
f 3614//2818 3613//2818 3636//2818
f 3628//2819 3651//2819 3652//2819
f 3622//2821 3621//2821 3644//2821
f 3614//2822 3637//2822 3638//2822
f 3608//2824 3607//2824 3630//2824
f 3622//2825 3645//2825 3646//2825
f 3616//2826 3615//2826 3638//2826
f 3608//2827 3631//2827 3632//2827
f 3623//2828 3646//2828 3647//2828
f 3617//2829 3616//2829 3639//2829
f 3609//2830 3632//2830 3633//2830
f 3624//2831 3647//2831 3648//2831
f 3618//2832 3617//2832 3640//2832
f 3610//2833 3633//2833 3634//2833
f 3625//2834 3648//2834 3649//2834
f 3651//2835 3674//2835 3675//2835
f 3645//2837 3644//2837 3667//2837
f 3637//2838 3660//2838 3661//2838
f 3630//2840 3653//2840 3654//2840
f 3645//2841 3668//2841 3669//2841
f 3639//2842 3638//2842 3661//2842
f 3632//2843 3631//2843 3654//2843
f 3646//2844 3669//2844 3670//2844
f 3640//2845 3639//2845 3662//2845
f 3633//2846 3632//2846 3655//2846
f 3647//2847 3670//2847 3671//2847
f 3640//2848 3663//2848 3664//2848
f 3633//2849 3656//2849 3657//2849
f 3648//2850 3671//2850 3672//2850
f 3641//2851 3664//2851 3665//2851
f 3634//2852 3657//2852 3658//2852
f 3649//2853 3672//2853 3673//2853
f 3642//2854 3665//2854 3666//2854
f 3636//2855 3635//2855 3658//2855
f 3650//2856 3673//2856 3674//2856
f 3643//2857 3666//2857 3667//2857
f 3637//2858 3636//2858 3659//2858
f 3663//2859 3662//2859 3685//2859
f 3656//2860 3655//2860 3678//2860
f 3670//2861 3693//2861 3694//2861
f 3663//2862 3686//2862 3687//2862
f 3657//2863 3656//2863 3679//2863
f 3671//2864 3694//2864 3695//2864
f 3664//2865 3687//2865 3688//2865
f 3657//2866 3680//2866 3681//2866
f 3672//2867 3695//2867 3696//2867
f 3665//2868 3688//2868 3689//2868
f 3659//2869 3658//2869 3681//2869
f 3674//2870 3673//2870 3696//2870
f 3666//2871 3689//2871 3690//2871
f 3660//2872 3659//2872 3682//2872
f 3674//2873 3697//2873 3698//2873
f 3668//2875 3667//2875 3690//2875
f 3660//2876 3683//2876 3684//2876
f 3653//2878 3676//2878 3677//2878
f 3668//2879 3691//2879 3692//2879
f 3662//2880 3661//2880 3684//2880
f 3654//2881 3677//2881 3678//2881
f 3669//2882 3692//2882 3693//2882
f 3688//2883 3711//2883 3712//2883
f 3682//2884 3681//2884 3704//2884
f 3696//2885 3719//2885 3720//2885
f 3689//2886 3712//2886 3713//2886
f 3683//2887 3682//2887 3705//2887
f 3697//2888 3720//2888 3721//2888
f 3691//2890 3690//2890 3713//2890
f 3683//2891 3706//2891 3707//2891
f 3676//2893 3699//2893 3700//2893
f 3691//2894 3714//2894 3715//2894
f 3685//2895 3684//2895 3707//2895
f 3678//2896 3677//2896 3700//2896
f 3692//2897 3715//2897 3716//2897
f 3686//2898 3685//2898 3708//2898
f 3679//2899 3678//2899 3701//2899
f 3693//2900 3716//2900 3717//2900
f 3687//2901 3686//2901 3709//2901
f 3679//2902 3702//2902 3703//2902
f 3694//2903 3717//2903 3718//2903
f 3687//2904 3710//2904 3711//2904
f 3680//2905 3703//2905 3704//2905
f 3695//2906 3718//2906 3719//2906
f 3699//2908 3722//2908 3723//2908
f 3714//2909 3737//2909 3738//2909
f 3708//2910 3707//2910 3730//2910
f 3700//2911 3723//2911 3724//2911
f 3715//2912 3738//2912 3739//2912
f 3709//2913 3708//2913 3731//2913
f 3702//2914 3701//2914 3724//2914
f 3716//2915 3739//2915 3740//2915
f 3709//2916 3732//2916 3733//2916
f 3702//2917 3725//2917 3726//2917
f 3717//2918 3740//2918 3741//2918
f 3711//2919 3710//2919 3733//2919
f 3704//2920 3703//2920 3726//2920
f 3718//2921 3741//2921 3742//2921
f 3711//2922 3734//2922 3735//2922
f 3705//2923 3704//2923 3727//2923
f 3719//2924 3742//2924 3743//2924
f 3712//2925 3735//2925 3736//2925
f 3706//2926 3705//2926 3728//2926
f 3720//2927 3743//2927 3744//2927
f 3714//2929 3713//2929 3736//2929
f 3706//2930 3729//2930 3730//2930
f 3732//2931 3755//2931 3756//2931
f 3726//2932 3725//2932 3748//2932
f 3740//2933 3763//2933 3764//2933
f 3733//2934 3756//2934 3757//2934
f 3726//2935 3749//2935 3750//2935
f 3741//2936 3764//2936 3765//2936
f 3734//2937 3757//2937 3758//2937
f 3728//2938 3727//2938 3750//2938
f 3742//2939 3765//2939 3766//2939
f 3735//2940 3758//2940 3759//2940
f 3729//2941 3728//2941 3751//2941
f 3743//2942 3766//2942 3767//2942
f 3737//2944 3736//2944 3759//2944
f 3729//2945 3752//2945 3753//2945
f 3723//2947 3722//2947 3745//2947
f 3737//2948 3760//2948 3761//2948
f 3731//2949 3730//2949 3753//2949
f 3724//2950 3723//2950 3746//2950
f 3738//2951 3761//2951 3762//2951
f 3732//2952 3731//2952 3754//2952
f 3724//2953 3747//2953 3748//2953
f 3739//2954 3762//2954 3763//2954
f 3758//2955 3781//2955 3782//2955
f 3751//2956 3774//2956 3775//2956
f 3766//2957 3789//2957 3790//2957
f 3760//2959 3759//2959 3782//2959
f 3752//2960 3775//2960 3776//2960
f 3745//2962 3768//2962 3769//2962
f 3760//2963 3783//2963 3784//2963
f 3754//2964 3753//2964 3776//2964
f 3747//2965 3746//2965 3769//2965
f 3761//2966 3784//2966 3785//2966
f 3755//2967 3754//2967 3777//2967
f 3748//2968 3747//2968 3770//2968
f 3762//2969 3785//2969 3786//2969
f 3756//2970 3755//2970 3778//2970
f 3748//2971 3771//2971 3772//2971
f 3764//2972 3763//2972 3786//2972
f 3756//2973 3779//2973 3780//2973
f 3750//2974 3749//2974 3772//2974
f 3765//2975 3764//2975 3787//2975
f 3757//2976 3780//2976 3781//2976
f 3750//2977 3773//2977 3774//2977
f 3765//2978 3788//2978 3789//2978
f 3770//2979 3769//2979 3792//2979
f 3784//2980 3807//2980 3808//2980
f 3778//2981 3777//2981 3800//2981
f 3771//2982 3770//2982 3793//2982
f 3785//2983 3808//2983 3809//2983
f 3779//2984 3778//2984 3801//2984
f 3771//2985 3794//2985 3795//2985
f 3786//2986 3809//2986 3810//2986
f 3779//2987 3802//2987 3803//2987
f 3772//2988 3795//2988 3796//2988
f 3787//2989 3810//2989 3811//2989
f 3780//2990 3803//2990 3804//2990
f 3774//2991 3773//2991 3796//2991
f 3788//2992 3811//2992 3812//2992
f 3781//2993 3804//2993 3805//2993
f 3775//2994 3774//2994 3797//2994
f 3789//2995 3812//2995 3813//2995
f 3783//2997 3782//2997 3805//2997
f 3775//2998 3798//2998 3799//2998
f 3769//3000 3768//3000 3791//3000
f 3783//3001 3806//3001 3807//3001
f 3777//3002 3776//3002 3799//3002
f 3802//3003 3825//3003 3826//3003
f 3795//3004 3818//3004 3819//3004
f 3810//3005 3833//3005 3834//3005
f 3803//3006 3826//3006 3827//3006
f 3797//3007 3796//3007 3819//3007
f 3811//3008 3834//3008 3835//3008
f 3804//3009 3827//3009 3828//3009
f 3797//3010 3820//3010 3821//3010
f 3812//3011 3835//3011 3836//3011
f 3806//3013 3805//3013 3828//3013
f 3798//3014 3821//3014 3822//3014
f 3791//3016 3814//3016 3815//3016
f 3807//3017 3806//3017 3829//3017
f 3800//3018 3799//3018 3822//3018
f 3792//3019 3815//3019 3816//3019
f 3807//3020 3830//3020 3831//3020
f 3800//3021 3823//3021 3824//3021
f 3794//3022 3793//3022 3816//3022
f 3808//3023 3831//3023 3832//3023
f 3802//3024 3801//3024 3824//3024
f 3794//3025 3817//3025 3818//3025
f 3809//3026 3832//3026 3833//3026
f 3829//3028 3828//3028 3851//3028
f 3821//3029 3844//3029 3845//3029
f 3815//3031 3814//3031 3837//3031
f 3830//3032 3829//3032 3852//3032
f 3823//3033 3822//3033 3845//3033
f 3816//3034 3815//3034 3838//3034
f 3830//3035 3853//3035 3854//3035
f 3823//3036 3846//3036 3847//3036
f 3817//3037 3816//3037 3839//3037
f 3831//3038 3854//3038 3855//3038
f 3825//3039 3824//3039 3847//3039
f 3817//3040 3840//3040 3841//3040
f 3832//3041 3855//3041 3856//3041
f 3825//3042 3848//3042 3849//3042
f 3819//3043 3818//3043 3841//3043
f 3833//3044 3856//3044 3857//3044
f 3826//3045 3849//3045 3850//3045
f 3820//3046 3819//3046 3842//3046
f 3834//3047 3857//3047 3858//3047
f 3827//3048 3850//3048 3851//3048
f 3820//3049 3843//3049 3844//3049
f 3835//3050 3858//3050 3859//3050
f 3840//3051 3839//3051 3862//3051
f 3854//3052 3877//3052 3878//3052
f 3848//3053 3847//3053 3870//3053
f 3840//3054 3863//3054 3864//3054
f 3855//3055 3878//3055 3879//3055
f 3848//3056 3871//3056 3872//3056
f 3842//3057 3841//3057 3864//3057
f 3856//3058 3879//3058 3880//3058
f 3849//3059 3872//3059 3873//3059
f 3843//3060 3842//3060 3865//3060
f 3858//3061 3857//3061 3880//3061
f 3850//3062 3873//3062 3874//3062
f 3843//3063 3866//3063 3867//3063
f 3859//3064 3858//3064 3881//3064
f 3852//3066 3851//3066 3874//3066
f 3844//3067 3867//3067 3868//3067
f 3837//3069 3860//3069 3861//3069
f 3852//3070 3875//3070 3876//3070
f 3846//3071 3845//3071 3868//3071
f 3838//3072 3861//3072 3862//3072
f 3853//3073 3876//3073 3877//3073
f 3846//3074 3869//3074 3870//3074
f 3873//3075 3872//3075 3895//3075
f 3866//3076 3865//3076 3888//3076
f 3880//3077 3903//3077 3904//3077
f 3873//3078 3896//3078 3897//3078
f 3866//3079 3889//3079 3890//3079
f 3881//3080 3904//3080 3905//3080
f 3875//3082 3874//3082 3897//3082
f 3867//3083 3890//3083 3891//3083
f 3860//3085 3883//3085 3884//3085
f 3875//3086 3898//3086 3899//3086
f 3869//3087 3868//3087 3891//3087
f 3861//3088 3884//3088 3885//3088
f 3876//3089 3899//3089 3900//3089
f 3869//3090 3892//3090 3893//3090
f 3862//3091 3885//3091 3886//3091
f 3877//3092 3900//3092 3901//3092
f 3871//3093 3870//3093 3893//3093
f 3863//3094 3886//3094 3887//3094
f 3878//3095 3901//3095 3902//3095
f 3871//3096 3894//3096 3895//3096
f 3865//3097 3864//3097 3887//3097
f 3880//3098 3879//3098 3902//3098
f 3883//3099 3906//3099 3907//3099
f 3899//3100 3898//3100 3921//3100
f 3892//3101 3891//3101 3914//3101
f 3885//3102 3884//3102 3907//3102
f 3899//3103 3922//3103 3923//3103
f 3893//3104 3892//3104 3915//3104
f 3885//3105 3908//3105 3909//3105
f 3901//3106 3900//3106 3923//3106
f 3893//3107 3916//3107 3917//3107
f 3886//3108 3909//3108 3910//3108
f 3901//3109 3924//3109 3925//3109
f 3894//3110 3917//3110 3918//3110
f 3887//3111 3910//3111 3911//3111
f 3902//3112 3925//3112 3926//3112
f 3895//3113 3918//3113 3919//3113
f 3889//3114 3888//3114 3911//3114
f 3903//3115 3926//3115 3927//3115
f 3896//3116 3919//3116 3920//3116
f 3889//3117 3912//3117 3913//3117
f 3904//3118 3927//3118 3928//3118
f 3898//3120 3897//3120 3920//3120
f 3890//3121 3913//3121 3914//3121
f 3922//3123 3945//3123 3946//3123
f 3916//3124 3915//3124 3938//3124
f 3908//3125 3931//3125 3932//3125
f 3923//3126 3946//3126 3947//3126
f 3916//3127 3939//3127 3940//3127
f 3909//3128 3932//3128 3933//3128
f 3925//3129 3924//3129 3947//3129
f 3918//3130 3917//3130 3940//3130
f 3910//3131 3933//3131 3934//3131
f 3925//3132 3948//3132 3949//3132
f 3918//3133 3941//3133 3942//3133
f 3912//3134 3911//3134 3934//3134
f 3926//3135 3949//3135 3950//3135
f 3919//3136 3942//3136 3943//3136
f 3912//3137 3935//3137 3936//3137
f 3927//3138 3950//3138 3951//3138
f 3921//3140 3920//3140 3943//3140
f 3913//3141 3936//3141 3937//3141
f 3907//3143 3906//3143 3929//3143
f 3922//3144 3921//3144 3944//3144
f 3915//3145 3914//3145 3937//3145
f 3908//3146 3907//3146 3930//3146
f 3934//3147 3933//3147 3956//3147
f 3948//3148 3971//3148 3972//3148
f 3941//3149 3964//3149 3965//3149
f 3935//3150 3934//3150 3957//3150
f 3949//3151 3972//3151 3973//3151
f 3942//3152 3965//3152 3966//3152
f 3935//3153 3958//3153 3959//3153
f 3950//3154 3973//3154 3974//3154
f 3944//3156 3943//3156 3966//3156
f 3936//3157 3959//3157 3960//3157
f 3929//3159 3952//3159 3953//3159
f 3945//3160 3944//3160 3967//3160
f 3938//3161 3937//3161 3960//3161
f 3931//3162 3930//3162 3953//3162
f 3945//3163 3968//3163 3969//3163
f 3939//3164 3938//3164 3961//3164
f 3932//3165 3931//3165 3954//3165
f 3946//3166 3969//3166 3970//3166
f 3939//3167 3962//3167 3963//3167
f 3933//3168 3932//3168 3955//3168
f 3947//3169 3970//3169 3971//3169
f 3940//3170 3963//3170 3964//3170
f 3959//3171 3982//3171 3983//3171
f 3952//3173 3975//3173 3976//3173
f 3967//3174 3990//3174 3991//3174
f 3961//3175 3960//3175 3983//3175
f 3954//3176 3953//3176 3976//3176
f 3968//3177 3991//3177 3992//3177
f 3962//3178 3961//3178 3984//3178
f 3955//3179 3954//3179 3977//3179
f 3969//3180 3992//3180 3993//3180
f 3962//3181 3985//3181 3986//3181
f 3956//3182 3955//3182 3978//3182
f 3970//3183 3993//3183 3994//3183
f 3964//3184 3963//3184 3986//3184
f 3956//3185 3979//3185 3980//3185
f 3971//3186 3994//3186 3995//3186
f 3964//3187 3987//3187 3988//3187
f 3958//3188 3957//3188 3980//3188
f 3972//3189 3995//3189 3996//3189
f 3965//3190 3988//3190 3989//3190
f 3958//3191 3981//3191 3982//3191
f 3973//3192 3996//3192 3997//3192
f 3967//3194 3966//3194 3989//3194
f 3992//3195 4015//3195 4016//3195
f 3985//3196 4008//3196 4009//3196
f 3979//3197 3978//3197 4001//3197
f 3993//3198 4016//3198 4017//3198
f 3986//3199 4009//3199 4010//3199
f 3979//3200 4002//3200 4003//3200
f 3994//3201 4017//3201 4018//3201
f 3987//3202 4010//3202 4011//3202
f 3981//3203 3980//3203 4003//3203
f 3995//3204 4018//3204 4019//3204
f 3988//3205 4011//3205 4012//3205
f 3981//3206 4004//3206 4005//3206
f 3996//3207 4019//3207 4020//3207
f 3990//3209 3989//3209 4012//3209
f 3982//3210 4005//3210 4006//3210
f 3976//3212 3975//3212 3998//3212
f 3991//3213 3990//3213 4013//3213
f 3984//3214 3983//3214 4006//3214
f 3977//3215 3976//3215 3999//3215
f 3991//3216 4014//3216 4015//3216
f 3985//3217 3984//3217 4007//3217
f 3977//3218 4000//3218 4001//3218
f 4004//3219 4003//3219 4026//3219
f 4018//3220 4041//3220 4042//3220
f 4011//3221 4034//3221 4035//3221
f 4004//3222 4027//3222 4028//3222
f 4019//3223 4042//3223 4043//3223
f 4013//3225 4012//3225 4035//3225
f 4005//3226 4028//3226 4029//3226
f 3998//3228 4021//3228 4022//3228
f 4014//3229 4013//3229 4036//3229
f 4007//3230 4006//3230 4029//3230
f 4000//3231 3999//3231 4022//3231
f 4014//3232 4037//3232 4038//3232
f 4008//3233 4007//3233 4030//3233
f 4001//3234 4000//3234 4023//3234
f 4016//3235 4015//3235 4038//3235
f 4008//3236 4031//3236 4032//3236
f 4002//3237 4001//3237 4024//3237
f 4016//3238 4039//3238 4040//3238
f 4009//3239 4032//3239 4033//3239
f 4002//3240 4025//3240 4026//3240
f 4017//3241 4040//3241 4041//3241
f 4010//3242 4033//3242 4034//3242
f 4029//3243 4052//3243 4053//3243
f 4023//3244 4022//3244 4045//3244
f 4037//3245 4060//3245 4061//3245
f 4031//3246 4030//3246 4053//3246
f 4023//3247 4046//3247 4047//3247
f 4038//3248 4061//3248 4062//3248
f 4031//3249 4054//3249 4055//3249
f 4025//3250 4024//3250 4047//3250
f 4039//3251 4062//3251 4063//3251
f 4033//3252 4032//3252 4055//3252
f 4026//3253 4025//3253 4048//3253
f 4040//3254 4063//3254 4064//3254
f 4033//3255 4056//3255 4057//3255
f 4027//3256 4026//3256 4049//3256
f 4041//3257 4064//3257 4065//3257
f 4034//3258 4057//3258 4058//3258
f 4027//3259 4050//3259 4051//3259
f 4043//3260 4042//3260 4065//3260
f 4036//3262 4035//3262 4058//3262
f 4028//3263 4051//3263 4052//3263
f 4021//3265 4044//3265 4045//3265
f 4037//3266 4036//3266 4059//3266
f 4063//3267 4062//3267 4085//3267
f 4056//3268 4055//3268 4078//3268
f 4048//3269 4071//3269 4072//3269
f 4063//3270 4086//3270 4087//3270
f 4056//3271 4079//3271 4080//3271
f 4050//3272 4049//3272 4072//3272
f 4064//3273 4087//3273 4088//3273
f 4058//3274 4057//3274 4080//3274
f 4050//3275 4073//3275 4074//3275
f 4065//3276 4088//3276 4089//3276
f 4059//3278 4058//3278 4081//3278
f 4051//3279 4074//3279 4075//3279
f 4045//3281 4044//3281 4067//3281
f 4060//3282 4059//3282 4082//3282
f 4052//3283 4075//3283 4076//3283
f 4046//3284 4045//3284 4068//3284
f 4060//3285 4083//3285 4084//3285
f 4054//3286 4053//3286 4076//3286
f 4046//3287 4069//3287 4070//3287
f 4062//3288 4061//3288 4084//3288
f 4054//3289 4077//3289 4078//3289
f 4047//3290 4070//3290 4071//3290
f 4073//3291 4096//3291 4097//3291
f 4088//3292 4111//3292 4112//3292
f 4082//3294 4081//3294 4104//3294
f 4074//3295 4097//3295 4098//3295
f 4067//3297 4090//3297 4091//3297
f 4083//3298 4082//3298 4105//3298
f 4075//3299 4098//3299 4099//3299
f 4069//3300 4068//3300 4091//3300
f 4083//3301 4106//3301 4107//3301
f 4077//3302 4076//3302 4099//3302
f 4070//3303 4069//3303 4092//3303
f 4084//3304 4107//3304 4108//3304
f 4077//3305 4100//3305 4101//3305
f 4070//3306 4093//3306 4094//3306
f 4085//3307 4108//3307 4109//3307
f 4078//3308 4101//3308 4102//3308
f 4072//3309 4071//3309 4094//3309
f 4086//3310 4109//3310 4110//3310
f 4079//3311 4102//3311 4103//3311
f 4073//3312 4072//3312 4095//3312
f 4087//3313 4110//3313 4111//3313
f 4080//3314 4103//3314 4104//3314
f 4099//3315 4122//3315 4123//3315
f 4093//3316 4092//3316 4115//3316
f 4108//3317 4107//3317 4130//3317
f 4100//3318 4123//3318 4124//3318
f 4093//3319 4116//3319 4117//3319
f 4108//3320 4131//3320 4132//3320
f 4102//3321 4101//3321 4124//3321
f 4095//3322 4094//3322 4117//3322
f 4109//3323 4132//3323 4133//3323
f 4102//3324 4125//3324 4126//3324
f 4096//3325 4095//3325 4118//3325
f 4110//3326 4133//3326 4134//3326
f 4103//3327 4126//3327 4127//3327
f 4096//3328 4119//3328 4120//3328
f 4112//3329 4111//3329 4134//3329
f 4105//3331 4104//3331 4127//3331
f 4097//3332 4120//3332 4121//3332
f 4090//3334 4113//3334 4114//3334
f 4106//3335 4105//3335 4128//3335
f 4099//3336 4098//3336 4121//3336
f 4091//3337 4114//3337 4115//3337
f 4106//3338 4129//3338 4130//3338
f 4132//3339 4155//3339 4156//3339
f 4125//3340 4148//3340 4149//3340
f 4119//3341 4118//3341 4141//3341
f 4133//3342 4156//3342 4157//3342
f 4126//3343 4149//3343 4150//3343
f 4119//3344 4142//3344 4143//3344
f 4134//3345 4157//3345 4158//3345
f 4128//3347 4127//3347 4150//3347
f 4120//3348 4143//3348 4144//3348
f 4114//3350 4113//3350 4136//3350
f 4129//3351 4128//3351 4151//3351
f 4122//3352 4121//3352 4144//3352
f 4115//3353 4114//3353 4137//3353
f 4129//3354 4152//3354 4153//3354
f 4123//3355 4122//3355 4145//3355
f 4116//3356 4115//3356 4138//3356
f 4131//3357 4130//3357 4153//3357
f 4123//3358 4146//3358 4147//3358
f 4116//3359 4139//3359 4140//3359
f 4131//3360 4154//3360 4155//3360
f 4125//3361 4124//3361 4147//3361
f 4117//3362 4140//3362 4141//3362
f 4143//3363 4166//3363 4167//3363
f 4136//3365 4159//3365 4160//3365
f 4152//3366 4151//3366 4174//3366
f 4145//3367 4144//3367 4167//3367
f 4138//3368 4137//3368 4160//3368
f 4152//3369 4175//3369 4176//3369
f 4145//3370 4168//3370 4169//3370
f 4138//3371 4161//3371 4162//3371
f 4154//3372 4153//3372 4176//3372
f 4146//3373 4169//3373 4170//3373
f 4140//3374 4139//3374 4162//3374
f 4154//3375 4177//3375 4178//3375
f 4148//3376 4147//3376 4170//3376
f 4140//3377 4163//3377 4164//3377
f 4155//3378 4178//3378 4179//3378
f 4149//3379 4148//3379 4171//3379
f 4142//3380 4141//3380 4164//3380
f 4156//3381 4179//3381 4180//3381
f 4149//3382 4172//3382 4173//3382
f 4142//3383 4165//3383 4166//3383
f 4157//3384 4180//3384 4181//3384
f 4151//3386 4150//3386 4173//3386
f 4169//3387 4192//3387 4193//3387
f 4163//3388 4162//3388 4185//3388
f 4177//3389 4200//3389 4201//3389
f 4171//3390 4170//3390 4193//3390
f 4163//3391 4186//3391 4187//3391
f 4178//3392 4201//3392 4202//3392
f 4171//3393 4194//3393 4195//3393
f 4165//3394 4164//3394 4187//3394
f 4179//3395 4202//3395 4203//3395
f 4172//3396 4195//3396 4196//3396
f 4165//3397 4188//3397 4189//3397
f 4180//3398 4203//3398 4204//3398
f 4174//3400 4173//3400 4196//3400
f 4166//3401 4189//3401 4190//3401
f 4159//3403 4182//3403 4183//3403
f 4175//3404 4174//3404 4197//3404
f 4168//3405 4167//3405 4190//3405
f 4161//3406 4160//3406 4183//3406
f 4175//3407 4198//3407 4199//3407
f 4169//3408 4168//3408 4191//3408
f 4162//3409 4161//3409 4184//3409
f 4177//3410 4176//3410 4199//3410
f 4202//3411 4225//3411 4226//3411
f 4195//3412 4218//3412 4219//3412
f 4188//3413 4211//3413 4212//3413
f 4203//3414 4226//3414 4227//3414
f 4197//3416 4196//3416 4219//3416
f 4189//3417 4212//3417 4213//3417
f 4182//3419 4205//3419 4206//3419
f 4198//3420 4197//3420 4220//3420
f 4191//3421 4190//3421 4213//3421
f 4184//3422 4183//3422 4206//3422
f 4198//3423 4221//3423 4222//3423
f 4192//3424 4191//3424 4214//3424
f 4184//3425 4207//3425 4208//3425
f 4200//3426 4199//3426 4222//3426
f 4192//3427 4215//3427 4216//3427
f 4185//3428 4208//3428 4209//3428
f 4200//3429 4223//3429 4224//3429
f 4194//3430 4193//3430 4216//3430
f 4186//3431 4209//3431 4210//3431
f 4201//3432 4224//3432 4225//3432
f 4194//3433 4217//3433 4218//3433
f 4188//3434 4187//3434 4210//3434
f 4213//3435 3132//3435 3133//3435
f 4206//3436 3129//3436 3130//3436
f 4222//3919 4221//3919 4232//3919
f 4214//3438 3133//3438 3134//3438
f 4207//3439 3130//3439 4228//3439
f 4223//3440 4222//3440 3140//3440
f 4215//3441 3134//3441 3135//3441
f 4208//3442 4228//3442 3131//3442
f 4224//3443 4223//3443 3141//3443
f 4217//3444 4216//3444 3135//3444
f 4209//3445 3131//3445 4229//3445
f 4225//3446 4224//3446 3142//3446
f 4218//3447 4217//3447 3136//3447
f 4211//3448 4210//3448 4229//3448
f 4226//3449 4225//3449 3143//3449
f 4219//3450 4218//3450 3137//3450
f 4211//3451 4230//3451 4231//3451
f 4227//3452 4226//3452 3144//3452
f 4220//3454 4219//3454 3138//3454
f 4212//3455 4231//3455 3132//3455
f 4205//3457 3128//3457 3129//3457
f 4221//3458 4220//3458 3139//3458
f 4234//2187 4236//2187 4235//2187
f 4235//2188 4236//2188 4238//2188
f 4238//2189 4240//2189 4239//2189
f 4240//3459 4242//3459 4241//3459
f 4241//2191 4242//2191 4244//2191
f 4244//2192 4246//2192 4245//2192
f 4245//2193 4246//2193 4248//2193
f 4247//2194 4248//2194 4250//2194
f 4250//3460 4252//3460 4251//3460
f 4251//2196 4252//2196 4254//2196
f 4254//2197 4256//2197 4255//2197
f 4256//2198 4258//2198 4257//2198
f 4258//2199 4260//2199 4259//2199
f 4260//2200 4262//2200 4261//2200
f 4261//2201 4262//2201 4264//2201
f 4263//2202 4264//2202 4266//2202
f 4266//2203 4268//2203 4267//2203
f 4268//2204 4270//2204 4269//2204
f 4270//2205 4272//2205 4271//2205
f 4272//2206 4274//2206 4273//2206
f 4274//2207 4276//2207 4275//2207
f 4276//2208 4278//2208 4277//2208
f 4278//2209 4280//2209 4279//2209
f 4280//2210 4282//2210 4281//2210
f 4281//2163 4282//2163 4284//2163
f 4284//2164 4286//2164 4285//2164
f 4286//2165 4288//2165 4287//2165
f 4287//2166 4288//2166 4290//2166
f 4290//2167 4292//2167 4291//2167
f 4292//2168 4294//2168 4293//2168
f 4294//3461 4296//3461 4295//3461
f 4295//2170 4296//2170 4298//2170
f 4298//2171 4300//2171 4299//2171
f 4300//2172 4302//2172 4301//2172
f 4302//2173 4304//2173 4303//2173
f 4304//2174 4306//2174 4305//2174
f 4306//2175 4308//2175 4307//2175
f 4308//2176 4310//2176 4309//2176
f 4309//2177 4310//2177 4312//2177
f 4312//2178 4314//2178 4313//2178
f 4314//2179 4316//2179 4315//2179
f 4315//2180 4316//2180 4318//2180
f 4318//2181 4320//2181 4319//2181
f 4320//3462 4322//3462 4321//3462
f 4322//2183 4324//2183 4323//2183
f 4323//2184 4324//2184 4326//2184
f 4238//3463 4236//3463 4234//3463
f 4234//3463 4328//3463 4326//3463
f 4326//3463 4324//3463 4322//3463
f 4322//3463 4320//3463 4318//3463
f 4318//3463 4316//3463 4314//3463
f 4314//3463 4312//3463 4310//3463
f 4310//3463 4308//3463 4306//3463
f 4306//3463 4304//3463 4302//3463
f 4302//3463 4300//3463 4298//3463
f 4298//3463 4296//3463 4294//3463
f 4294//3463 4292//3463 4290//3463
f 4290//3463 4288//3463 4286//3463
f 4286//3463 4284//3463 4282//3463
f 4282//3463 4280//3463 4278//3463
f 4278//3463 4276//3463 4274//3463
f 4274//3463 4272//3463 4270//3463
f 4270//3463 4268//3463 4266//3463
f 4266//3463 4264//3463 4262//3463
f 4262//3463 4260//3463 4258//3463
f 4258//3463 4256//3463 4254//3463
f 4254//3463 4252//3463 4250//3463
f 4250//3463 4248//3463 4246//3463
f 4246//3463 4244//3463 4242//3463
f 4242//3463 4240//3463 4238//3463
f 4238//3463 4234//3463 4326//3463
f 4326//3463 4322//3463 4318//3463
f 4318//3463 4314//3463 4310//3463
f 4310//3463 4306//3463 4302//3463
f 4302//3463 4298//3463 4294//3463
f 4294//3463 4290//3463 4286//3463
f 4286//3463 4282//3463 4278//3463
f 4278//3463 4274//3463 4270//3463
f 4270//3463 4266//3463 4262//3463
f 4262//3463 4258//3463 4254//3463
f 4254//3463 4250//3463 4246//3463
f 4246//3463 4242//3463 4238//3463
f 4238//3463 4326//3463 4318//3463
f 4318//3463 4310//3463 4302//3463
f 4302//3463 4294//3463 4286//3463
f 4286//3463 4278//3463 4270//3463
f 4270//3463 4262//3463 4254//3463
f 4254//3463 4246//3463 4238//3463
f 4238//3463 4318//3463 4302//3463
f 4302//3463 4286//3463 4270//3463
f 4270//3463 4254//3463 4238//3463
f 4326//2185 4328//2185 4327//2185
f 4328//2186 4234//2186 4233//2186
f 4327//3464 4233//3464 4235//3464
f 4235//3464 4237//3464 4239//3464
f 4239//3464 4241//3464 4243//3464
f 4243//3464 4245//3464 4247//3464
f 4247//3464 4249//3464 4251//3464
f 4251//3464 4253//3464 4255//3464
f 4255//3464 4257//3464 4259//3464
f 4259//3464 4261//3464 4263//3464
f 4263//3464 4265//3464 4267//3464
f 4267//3464 4269//3464 4271//3464
f 4271//3464 4273//3464 4275//3464
f 4275//3464 4277//3464 4279//3464
f 4279//3464 4281//3464 4283//3464
f 4283//3464 4285//3464 4287//3464
f 4287//3464 4289//3464 4291//3464
f 4291//3464 4293//3464 4295//3464
f 4295//3464 4297//3464 4299//3464
f 4299//3464 4301//3464 4303//3464
f 4303//3464 4305//3464 4307//3464
f 4307//3464 4309//3464 4311//3464
f 4311//3464 4313//3464 4315//3464
f 4315//3464 4317//3464 4319//3464
f 4319//3464 4321//3464 4323//3464
f 4323//3464 4325//3464 4327//3464
f 4327//3464 4235//3464 4239//3464
f 4239//3464 4243//3464 4247//3464
f 4247//3464 4251//3464 4255//3464
f 4255//3464 4259//3464 4263//3464
f 4263//3464 4267//3464 4271//3464
f 4271//3464 4275//3464 4279//3464
f 4279//3464 4283//3464 4287//3464
f 4287//3464 4291//3464 4295//3464
f 4295//3464 4299//3464 4303//3464
f 4303//3464 4307//3464 4311//3464
f 4311//3464 4315//3464 4319//3464
f 4319//3464 4323//3464 4327//3464
f 4327//3464 4239//3464 4247//3464
f 4247//3464 4255//3464 4263//3464
f 4263//3464 4271//3464 4279//3464
f 4279//3464 4287//3464 4295//3464
f 4295//3464 4303//3464 4311//3464
f 4311//3464 4319//3464 4327//3464
f 4327//3464 4247//3464 4263//3464
f 4263//3464 4279//3464 4295//3464
f 4295//3464 4311//3464 4327//3464
f 4586//2235 4588//2235 4587//2235
f 4587//2236 4588//2236 4590//2236
f 4590//2237 4592//2237 4591//2237
f 4592//2238 4594//2238 4593//2238
f 4593//2239 4594//2239 4596//2239
f 4596//2240 4598//2240 4597//2240
f 4597//2241 4598//2241 4600//2241
f 4600//2242 4602//2242 4601//2242
f 4602//3530 4604//3530 4603//3530
f 4604//2244 4606//2244 4605//2244
f 4606//2245 4608//2245 4607//2245
f 4608//2246 4610//2246 4609//2246
f 4610//2247 4612//2247 4611//2247
f 4611//2248 4612//2248 4614//2248
f 4614//2249 4616//2249 4615//2249
f 4616//2250 4618//2250 4617//2250
f 4617//2251 4618//2251 4620//2251
f 4620//2252 4622//2252 4621//2252
f 4621//2253 4622//2253 4624//2253
f 4624//2254 4626//2254 4625//2254
f 4625//2255 4626//2255 4628//2255
f 4628//2256 4630//2256 4629//2256
f 4630//2257 4632//2257 4631//2257
f 4632//2258 4634//2258 4633//2258
f 4634//2211 4636//2211 4635//2211
f 4635//2212 4636//2212 4638//2212
f 4638//2213 4640//2213 4639//2213
f 4640//2214 4642//2214 4641//2214
f 4642//2215 4644//2215 4643//2215
f 4644//2216 4646//2216 4645//2216
f 4646//2217 4648//2217 4647//2217
f 4647//2218 4648//2218 4650//2218
f 4650//2219 4652//2219 4651//2219
f 4652//2220 4654//2220 4653//2220
f 4654//2221 4656//2221 4655//2221
f 4656//2222 4658//2222 4657//2222
f 4657//2223 4658//2223 4660//2223
f 4660//2224 4662//2224 4661//2224
f 4662//2225 4664//2225 4663//2225
f 4663//2226 4664//2226 4666//2226
f 4666//2227 4668//2227 4667//2227
f 4668//2228 4670//2228 4669//2228
f 4669//2229 4670//2229 4672//2229
f 4672//3531 4674//3531 4673//3531
f 4674//2231 4676//2231 4675//2231
f 4675//2232 4676//2232 4678//2232
f 4590//3532 4588//3532 4586//3532
f 4586//3532 4680//3532 4678//3532
f 4678//3532 4676//3532 4674//3532
f 4674//3532 4672//3532 4670//3532
f 4670//3532 4668//3532 4666//3532
f 4666//3532 4664//3532 4662//3532
f 4662//3532 4660//3532 4658//3532
f 4658//3532 4656//3532 4654//3532
f 4654//3532 4652//3532 4650//3532
f 4650//3532 4648//3532 4646//3532
f 4646//3532 4644//3532 4642//3532
f 4642//3532 4640//3532 4638//3532
f 4638//3532 4636//3532 4634//3532
f 4634//3532 4632//3532 4630//3532
f 4630//3532 4628//3532 4626//3532
f 4626//3532 4624//3532 4622//3532
f 4622//3532 4620//3532 4618//3532
f 4618//3532 4616//3532 4614//3532
f 4614//3532 4612//3532 4610//3532
f 4610//3532 4608//3532 4606//3532
f 4606//3532 4604//3532 4602//3532
f 4602//3532 4600//3532 4598//3532
f 4598//3532 4596//3532 4594//3532
f 4594//3532 4592//3532 4590//3532
f 4590//3532 4586//3532 4678//3532
f 4678//3532 4674//3532 4670//3532
f 4670//3532 4666//3532 4662//3532
f 4662//3532 4658//3532 4654//3532
f 4654//3532 4650//3532 4646//3532
f 4646//3532 4642//3532 4638//3532
f 4638//3532 4634//3532 4630//3532
f 4630//3532 4626//3532 4622//3532
f 4622//3532 4618//3532 4614//3532
f 4614//3532 4610//3532 4606//3532
f 4606//3532 4602//3532 4598//3532
f 4598//3532 4594//3532 4590//3532
f 4590//3532 4678//3532 4670//3532
f 4670//3532 4662//3532 4654//3532
f 4654//3532 4646//3532 4638//3532
f 4638//3532 4630//3532 4622//3532
f 4622//3532 4614//3532 4606//3532
f 4606//3532 4598//3532 4590//3532
f 4590//3532 4670//3532 4654//3532
f 4654//3532 4638//3532 4622//3532
f 4622//3532 4606//3532 4590//3532
f 4678//2233 4680//2233 4679//2233
f 4679//2234 4680//2234 4586//2234
f 4679//3533 4585//3533 4587//3533
f 4587//3533 4589//3533 4591//3533
f 4591//3533 4593//3533 4595//3533
f 4595//3533 4597//3533 4599//3533
f 4599//3533 4601//3533 4603//3533
f 4603//3533 4605//3533 4607//3533
f 4607//3533 4609//3533 4611//3533
f 4611//3533 4613//3533 4615//3533
f 4615//3533 4617//3533 4619//3533
f 4619//3533 4621//3533 4623//3533
f 4623//3533 4625//3533 4627//3533
f 4627//3533 4629//3533 4631//3533
f 4631//3533 4633//3533 4635//3533
f 4635//3533 4637//3533 4639//3533
f 4639//3533 4641//3533 4643//3533
f 4643//3533 4645//3533 4647//3533
f 4647//3533 4649//3533 4651//3533
f 4651//3533 4653//3533 4655//3533
f 4655//3533 4657//3533 4659//3533
f 4659//3533 4661//3533 4663//3533
f 4663//3533 4665//3533 4667//3533
f 4667//3533 4669//3533 4671//3533
f 4671//3533 4673//3533 4675//3533
f 4675//3533 4677//3533 4679//3533
f 4679//3533 4587//3533 4591//3533
f 4591//3533 4595//3533 4599//3533
f 4599//3533 4603//3533 4607//3533
f 4607//3533 4611//3533 4615//3533
f 4615//3533 4619//3533 4623//3533
f 4623//3533 4627//3533 4631//3533
f 4631//3533 4635//3533 4639//3533
f 4639//3533 4643//3533 4647//3533
f 4647//3533 4651//3533 4655//3533
f 4655//3533 4659//3533 4663//3533
f 4663//3533 4667//3533 4671//3533
f 4671//3533 4675//3533 4679//3533
f 4679//3533 4591//3533 4599//3533
f 4599//3533 4607//3533 4615//3533
f 4615//3533 4623//3533 4631//3533
f 4631//3533 4639//3533 4647//3533
f 4647//3533 4655//3533 4663//3533
f 4663//3533 4671//3533 4679//3533
f 4679//3533 4599//3533 4615//3533
f 4615//3533 4631//3533 4647//3533
f 4647//3533 4663//3533 4679//3533
f 4937//2283 4938//2283 4940//2283
f 4940//2284 4942//2284 4941//2284
f 4942//2285 4944//2285 4943//2285
f 4944//3599 4946//3599 4945//3599
f 4946//2287 4948//2287 4947//2287
f 4948//2288 4950//2288 4949//2288
f 4949//3600 4950//3600 4952//3600
f 4952//2290 4954//2290 4953//2290
f 4953//2291 4954//2291 4956//2291
f 4955//2292 4956//2292 4958//2292
f 4958//2293 4960//2293 4959//2293
f 4960//2294 4962//2294 4961//2294
f 4962//2295 4964//2295 4963//2295
f 4964//2296 4966//2296 4965//2296
f 4965//2297 4966//2297 4968//2297
f 4968//2298 4970//2298 4969//2298
f 4969//2299 4970//2299 4972//2299
f 4972//2300 4974//2300 4973//2300
f 4974//2301 4976//2301 4975//2301
f 4976//2302 4978//2302 4977//2302
f 4978//2303 4980//2303 4979//2303
f 4980//2304 4982//2304 4981//2304
f 4982//2305 4984//2305 4983//2305
f 4983//2306 4984//2306 4986//2306
f 4986//2259 4988//2259 4987//2259
f 4987//2260 4988//2260 4990//2260
f 4990//2261 4992//2261 4991//2261
f 4992//2262 4994//2262 4993//2262
f 4994//2263 4996//2263 4995//2263
f 4995//2264 4996//2264 4998//2264
f 4998//3601 5000//3601 4999//3601
f 5000//2266 5002//2266 5001//2266
f 5002//2267 5004//2267 5003//2267
f 5004//2268 5006//2268 5005//2268
f 5006//2269 5008//2269 5007//2269
f 5008//2270 5010//2270 5009//2270
f 5009//2271 5010//2271 5012//2271
f 5012//2272 5014//2272 5013//2272
f 5014//2273 5016//2273 5015//2273
f 5016//2274 5018//2274 5017//2274
f 5018//2275 5020//2275 5019//2275
f 5020//2276 5022//2276 5021//2276
f 5021//2277 5022//2277 5024//2277
f 5023//3602 5024//3602 5026//3602
f 5025//2279 5026//2279 5028//2279
f 5027//2280 5028//2280 5030//2280
f 4942//3603 4940//3603 4938//3603
f 4938//3603 5032//3603 5030//3603
f 5030//3603 5028//3603 5026//3603
f 5026//3603 5024//3603 5022//3603
f 5022//3603 5020//3603 5018//3603
f 5018//3603 5016//3603 5014//3603
f 5014//3603 5012//3603 5010//3603
f 5010//3603 5008//3603 5006//3603
f 5006//3603 5004//3603 5002//3603
f 5002//3603 5000//3603 4998//3603
f 4998//3603 4996//3603 4994//3603
f 4994//3603 4992//3603 4990//3603
f 4990//3603 4988//3603 4986//3603
f 4986//3603 4984//3603 4982//3603
f 4982//3603 4980//3603 4978//3603
f 4978//3603 4976//3603 4974//3603
f 4974//3603 4972//3603 4970//3603
f 4970//3603 4968//3603 4966//3603
f 4966//3603 4964//3603 4962//3603
f 4962//3603 4960//3603 4958//3603
f 4958//3603 4956//3603 4954//3603
f 4954//3603 4952//3603 4950//3603
f 4950//3603 4948//3603 4946//3603
f 4946//3603 4944//3603 4942//3603
f 4942//3603 4938//3603 5030//3603
f 5030//3603 5026//3603 5022//3603
f 5022//3603 5018//3603 5014//3603
f 5014//3603 5010//3603 5006//3603
f 5006//3603 5002//3603 4998//3603
f 4998//3603 4994//3603 4990//3603
f 4990//3603 4986//3603 4982//3603
f 4982//3603 4978//3603 4974//3603
f 4974//3603 4970//3603 4966//3603
f 4966//3603 4962//3603 4958//3603
f 4958//3603 4954//3603 4950//3603
f 4950//3603 4946//3603 4942//3603
f 4942//3603 5030//3603 5022//3603
f 5022//3603 5014//3603 5006//3603
f 5006//3603 4998//3603 4990//3603
f 4990//3603 4982//3603 4974//3603
f 4974//3603 4966//3603 4958//3603
f 4958//3603 4950//3603 4942//3603
f 4942//3603 5022//3603 5006//3603
f 5006//3603 4990//3603 4974//3603
f 4974//3603 4958//3603 4942//3603
f 5030//2281 5032//2281 5031//2281
f 5031//2282 5032//2282 4938//2282
f 5031//3604 4937//3604 4939//3604
f 4939//3604 4941//3604 4943//3604
f 4943//3604 4945//3604 4947//3604
f 4947//3604 4949//3604 4951//3604
f 4951//3604 4953//3604 4955//3604
f 4955//3604 4957//3604 4959//3604
f 4959//3604 4961//3604 4963//3604
f 4963//3604 4965//3604 4967//3604
f 4967//3604 4969//3604 4971//3604
f 4971//3604 4973//3604 4975//3604
f 4975//3604 4977//3604 4979//3604
f 4979//3604 4981//3604 4983//3604
f 4983//3604 4985//3604 4987//3604
f 4987//3604 4989//3604 4991//3604
f 4991//3604 4993//3604 4995//3604
f 4995//3604 4997//3604 4999//3604
f 4999//3604 5001//3604 5003//3604
f 5003//3604 5005//3604 5007//3604
f 5007//3604 5009//3604 5011//3604
f 5011//3604 5013//3604 5015//3604
f 5015//3604 5017//3604 5019//3604
f 5019//3604 5021//3604 5023//3604
f 5023//3604 5025//3604 5027//3604
f 5027//3604 5029//3604 5031//3604
f 5031//3604 4939//3604 4943//3604
f 4943//3604 4947//3604 4951//3604
f 4951//3604 4955//3604 4959//3604
f 4959//3604 4963//3604 4967//3604
f 4967//3604 4971//3604 4975//3604
f 4975//3604 4979//3604 4983//3604
f 4983//3604 4987//3604 4991//3604
f 4991//3604 4995//3604 4999//3604
f 4999//3604 5003//3604 5007//3604
f 5007//3604 5011//3604 5015//3604
f 5015//3604 5019//3604 5023//3604
f 5023//3604 5027//3604 5031//3604
f 5031//3604 4943//3604 4951//3604
f 4951//3604 4959//3604 4967//3604
f 4967//3604 4975//3604 4983//3604
f 4983//3604 4991//3604 4999//3604
f 4999//3604 5007//3604 5015//3604
f 5015//3604 5023//3604 5031//3604
f 5031//3604 4951//3604 4967//3604
f 4967//3604 4983//3604 4999//3604
f 4999//3604 5015//3604 5031//3604
f 5290//3671 5292//3671 5291//3671
f 5292//3672 5294//3672 5293//3672
f 5294//3673 5296//3673 5295//3673
f 5296//3674 5298//3674 5297//3674
f 5298//3675 5300//3675 5299//3675
f 5300//3676 5302//3676 5301//3676
f 5302//3677 5304//3677 5303//3677
f 5304//3678 5306//3678 5305//3678
f 5305//3679 5306//3679 5308//3679
f 5308//3680 5310//3680 5309//3680
f 5310//3681 5312//3681 5311//3681
f 5312//3682 5314//3682 5313//3682
f 5314//3683 5316//3683 5315//3683
f 5316//3684 5318//3684 5317//3684
f 5318//3685 5320//3685 5319//3685
f 5320//3686 5322//3686 5321//3686
f 5322//3687 5324//3687 5323//3687
f 5324//3688 5326//3688 5325//3688
f 5326//3689 5328//3689 5327//3689
f 5328//3690 5330//3690 5329//3690
f 5330//3691 5332//3691 5331//3691
f 5332//3692 5334//3692 5333//3692
f 5334//3693 5336//3693 5335//3693
f 5336//3694 5338//3694 5337//3694
f 5338//3695 5340//3695 5339//3695
f 5340//3696 5342//3696 5341//3696
f 5342//3697 5344//3697 5343//3697
f 5344//3698 5346//3698 5345//3698
f 5346//3699 5348//3699 5347//3699
f 5348//3700 5350//3700 5349//3700
f 5350//3701 5352//3701 5351//3701
f 5352//3702 5354//3702 5353//3702
f 5354//3703 5356//3703 5355//3703
f 5356//3704 5358//3704 5357//3704
f 5358//3705 5360//3705 5359//3705
f 5360//3706 5362//3706 5361//3706
f 5362//3707 5364//3707 5363//3707
f 5364//3708 5366//3708 5365//3708
f 5366//3709 5368//3709 5367//3709
f 5368//3710 5370//3710 5369//3710
f 5370//3711 5372//3711 5371//3711
f 5372//3712 5374//3712 5373//3712
f 5374//3713 5376//3713 5375//3713
f 5376//3714 5378//3714 5377//3714
f 5378//3715 5380//3715 5379//3715
f 5380//3716 5382//3716 5381//3716
f 5382//3717 5384//3717 5383//3717
f 5384//3718 5386//3718 5385//3718
f 5386//3719 5388//3719 5387//3719
f 5388//3720 5390//3720 5389//3720
f 5390//3721 5392//3721 5391//3721
f 5392//3722 5394//3722 5393//3722
f 5394//3723 5396//3723 5395//3723
f 5396//3724 5398//3724 5397//3724
f 5398//3725 5400//3725 5399//3725
f 5399//3726 5400//3726 5402//3726
f 5402//3727 5404//3727 5403//3727
f 5404//3728 5406//3728 5405//3728
f 5406//3729 5408//3729 5407//3729
f 5408//3730 5410//3730 5409//3730
f 5410//3731 5412//3731 5411//3731
f 5412//3732 5414//3732 5413//3732
f 5294//591 5292//591 5290//591
f 5290//591 5416//591 5414//591
f 5414//591 5412//591 5410//591
f 5410//591 5408//591 5406//591
f 5406//591 5404//591 5402//591
f 5402//591 5400//591 5398//591
f 5398//591 5396//591 5394//591
f 5394//591 5392//591 5390//591
f 5390//591 5388//591 5386//591
f 5386//591 5384//591 5382//591
f 5382//591 5380//591 5378//591
f 5378//591 5376//591 5374//591
f 5374//591 5372//591 5370//591
f 5370//591 5368//591 5366//591
f 5366//591 5364//591 5362//591
f 5362//591 5360//591 5358//591
f 5358//591 5356//591 5354//591
f 5354//591 5352//591 5350//591
f 5350//591 5348//591 5346//591
f 5346//591 5344//591 5342//591
f 5342//591 5340//591 5338//591
f 5338//591 5336//591 5334//591
f 5334//591 5332//591 5330//591
f 5330//591 5328//591 5326//591
f 5326//591 5324//591 5322//591
f 5322//591 5320//591 5318//591
f 5318//591 5316//591 5314//591
f 5314//591 5312//591 5310//591
f 5310//591 5308//591 5306//591
f 5306//591 5304//591 5302//591
f 5302//591 5300//591 5298//591
f 5298//591 5296//591 5294//591
f 5294//591 5290//591 5414//591
f 5414//591 5410//591 5406//591
f 5406//591 5402//591 5398//591
f 5398//591 5394//591 5390//591
f 5390//591 5386//591 5382//591
f 5382//591 5378//591 5374//591
f 5374//591 5370//591 5366//591
f 5366//591 5362//591 5358//591
f 5358//591 5354//591 5350//591
f 5350//591 5346//591 5342//591
f 5342//591 5338//591 5334//591
f 5334//591 5330//591 5326//591
f 5326//591 5322//591 5318//591
f 5318//591 5314//591 5310//591
f 5310//591 5306//591 5302//591
f 5302//591 5298//591 5294//591
f 5294//591 5414//591 5406//591
f 5406//591 5398//591 5390//591
f 5390//591 5382//591 5374//591
f 5374//591 5366//591 5358//591
f 5358//591 5350//591 5342//591
f 5342//591 5334//591 5326//591
f 5326//591 5318//591 5310//591
f 5310//591 5302//591 5294//591
f 5294//591 5406//591 5390//591
f 5390//591 5374//591 5358//591
f 5358//591 5342//591 5326//591
f 5326//591 5310//591 5294//591
f 5294//591 5390//591 5358//591
f 5414//3733 5416//3733 5415//3733
f 5416//3734 5290//3734 5289//3734
f 5415//3735 5289//3735 5291//3735
f 5291//3941 5293//3941 5295//3941
f 5295//3735 5297//3735 5299//3735
f 5299//3735 5301//3735 5303//3735
f 5303//3735 5305//3735 5307//3735
f 5307//3735 5309//3735 5311//3735
f 5311//3735 5313//3735 5315//3735
f 5315//3735 5317//3735 5319//3735
f 5319//3735 5321//3735 5323//3735
f 5323//3735 5325//3735 5327//3735
f 5327//3735 5329//3735 5331//3735
f 5331//3735 5333//3735 5335//3735
f 5335//3735 5337//3735 5339//3735
f 5339//3735 5341//3735 5343//3735
f 5343//3735 5345//3735 5347//3735
f 5347//3942 5349//3942 5351//3942
f 5351//3735 5353//3735 5355//3735
f 5355//3735 5357//3735 5359//3735
f 5359//3735 5361//3735 5363//3735
f 5363//3735 5365//3735 5367//3735
f 5367//3735 5369//3735 5371//3735
f 5371//3735 5373//3735 5375//3735
f 5375//3735 5377//3735 5379//3735
f 5379//3735 5381//3735 5383//3735
f 5383//3735 5385//3735 5387//3735
f 5387//3735 5389//3735 5391//3735
f 5391//3735 5393//3735 5395//3735
f 5395//3735 5397//3735 5399//3735
f 5399//3735 5401//3735 5403//3735
f 5403//3735 5405//3735 5407//3735
f 5407//3735 5409//3735 5411//3735
f 5411//3735 5413//3735 5415//3735
f 5415//3735 5291//3735 5295//3735
f 5295//3735 5299//3735 5303//3735
f 5303//3735 5307//3735 5311//3735
f 5311//3735 5315//3735 5319//3735
f 5319//3735 5323//3735 5327//3735
f 5327//3735 5331//3735 5335//3735
f 5335//3735 5339//3735 5343//3735
f 5343//3735 5347//3735 5351//3735
f 5351//3735 5355//3735 5359//3735
f 5359//3735 5363//3735 5367//3735
f 5367//3735 5371//3735 5375//3735
f 5375//3735 5379//3735 5383//3735
f 5383//3735 5387//3735 5391//3735
f 5391//3735 5395//3735 5399//3735
f 5399//3735 5403//3735 5407//3735
f 5407//3735 5411//3735 5415//3735
f 5415//3735 5295//3735 5303//3735
f 5303//3735 5311//3735 5319//3735
f 5319//3735 5327//3735 5335//3735
f 5335//3735 5343//3735 5351//3735
f 5351//3735 5359//3735 5367//3735
f 5367//3735 5375//3735 5383//3735
f 5383//3735 5391//3735 5399//3735
f 5399//3735 5407//3735 5415//3735
f 5415//3735 5303//3735 5319//3735
f 5319//3735 5335//3735 5351//3735
f 5351//3735 5367//3735 5383//3735
f 5383//3735 5399//3735 5415//3735
f 5415//3735 5319//3735 5351//3735
usemtl pipe_steel
f 4329//3465 4332//3465 4331//3465
f 4331//3466 4334//3466 4333//3466
f 4333//3467 4336//3467 4335//3467
f 4336//3468 4337//3468 4335//3468
f 4337//3469 4340//3469 4339//3469
f 4340//3470 4341//3470 4339//3470
f 4342//3471 4343//3471 4341//3471
f 4343//3472 4346//3472 4345//3472
f 4345//3473 4348//3473 4347//3473
f 4347//3474 4350//3474 4349//3474
f 4349//3475 4352//3475 4351//3475
f 4352//3476 4353//3476 4351//3476
f 4353//3477 4356//3477 4355//3477
f 4355//3478 4358//3478 4357//3478
f 4357//3479 4360//3479 4359//3479
f 4360//3480 4361//3480 4359//3480
f 4361//3481 4364//3481 4363//3481
f 4364//3482 4365//3482 4363//3482
f 4366//3483 4367//3483 4365//3483
f 4368//3484 4369//3484 4367//3484
f 4369//3485 4372//3485 4371//3485
f 4372//3486 4373//3486 4371//3486
f 4374//3487 4375//3487 4373//3487
f 4376//3488 4377//3488 4375//3488
f 4378//3489 4379//3489 4377//3489
f 4380//3490 4381//3490 4379//3490
f 4381//3491 4384//3491 4383//3491
f 4384//3492 4385//3492 4383//3492
f 4386//3493 4387//3493 4385//3493
f 4388//3494 4389//3494 4387//3494
f 4390//3495 4391//3495 4389//3495
f 4392//3496 4393//3496 4391//3496
f 4393//3497 4396//3497 4395//3497
f 4396//3498 4397//3498 4395//3498
f 4398//3499 4399//3499 4397//3499
f 4399//3500 4402//3500 4401//3500
f 4401//3501 4404//3501 4403//3501
f 4403//3502 4406//3502 4405//3502
f 4405//3503 4408//3503 4407//3503
f 4408//3504 4409//3504 4407//3504
f 4409//3505 4412//3505 4411//3505
f 4412//3506 4413//3506 4411//3506
f 4413//3507 4416//3507 4415//3507
f 4415//3508 4418//3508 4417//3508
f 4418//3509 4419//3509 4417//3509
f 4419//3510 4422//3510 4421//3510
f 4422//3511 4423//3511 4421//3511
f 4424//3512 4425//3512 4423//3512
f 4425//3513 4428//3513 4427//3513
f 4427//3514 4430//3514 4429//3514
f 4430//3515 4431//3515 4429//3515
f 4431//3516 4434//3516 4433//3516
f 4434//3517 4435//3517 4433//3517
f 4436//3518 4437//3518 4435//3518
f 4437//3519 4440//3519 4439//3519
f 4440//3520 4441//3520 4439//3520
f 4441//3521 4444//3521 4443//3521
f 4444//3522 4445//3522 4443//3522
f 4446//3523 4447//3523 4445//3523
f 4448//3524 4449//3524 4447//3524
f 4450//3525 4451//3525 4449//3525
f 4452//3526 4453//3526 4451//3526
f 4483//3463 4477//3463 4388//3463
f 4440//3463 4459//3463 4465//3463
f 4453//3527 4456//3527 4455//3527
f 4456//3528 4329//3528 4455//3528
f 4333//3464 4581//3464 4580//3464
f 4391//3464 4562//3464 4559//3464
f 4505//3497 4557//3497 4558//3497
f 4504//3498 4558//3498 4561//3498
f 4521//3499 4504//3499 4561//3499
f 4510//3500 4521//3500 4524//3500
f 4522//3501 4510//3501 4524//3501
f 4523//3502 4520//3502 4522//3502
f 4529//3503 4484//3503 4523//3503
f 4525//3504 4487//3504 4529//3504
f 4485//3505 4526//3505 4486//3505
f 4486//3506 4528//3506 4492//3506
f 4492//3507 4527//3507 4488//3507
f 4489//3508 4527//3508 4564//3508
f 4491//3509 4564//3509 4563//3509
f 4490//3510 4563//3510 4568//3510
f 4490//3511 4566//3511 4517//3511
f 4517//3512 4565//3512 4516//3512
f 4519//3513 4565//3513 4567//3513
f 4518//3514 4567//3514 4569//3514
f 4518//3515 4536//3515 4513//3515
f 4513//3516 4537//3516 4514//3516
f 4514//3517 4535//3517 4515//3517
f 4481//3518 4535//3518 4534//3518
f 4481//3519 4538//3519 4482//3519
f 4480//3520 4538//3520 4532//3520
f 4480//3521 4531//3521 4479//3521
f 4479//3522 4533//3522 4483//3522
f 4477//3523 4533//3523 4530//3523
f 4476//3524 4530//3524 4570//3524
f 4476//3525 4560//3525 4478//3525
f 4475//3526 4560//3526 4559//3526
f 4475//3527 4562//3527 4512//3527
f 4512//3528 4582//3528 4508//3528
f 4508//3465 4583//3465 4509//3465
f 4509//3466 4579//3466 4507//3466
f 4501//3467 4579//3467 4545//3467
f 4501//3468 4546//3468 4500//3468
f 4502//3469 4546//3469 4543//3469
f 4472//3470 4543//3470 4544//3470
f 4473//3471 4544//3471 4547//3471
f 4473//3472 4541//3472 4470//3472
f 4471//3473 4541//3473 4540//3473
f 4474//3474 4540//3474 4542//3474
f 4539//3475 4474//3475 4542//3475
f 4468//3476 4539//3476 4574//3476
f 4575//3477 4468//3477 4574//3477
f 4466//3478 4575//3478 4576//3478
f 4572//3479 4466//3479 4576//3479
f 4571//3480 4494//3480 4572//3480
f 4495//3481 4571//3481 4573//3481
f 4499//3482 4573//3482 4577//3482
f 4548//3483 4499//3483 4577//3483
f 4498//3484 4548//3484 4551//3484
f 4550//3485 4498//3485 4551//3485
f 4457//3486 4550//3486 4549//3486
f 4556//3487 4457//3487 4549//3487
f 4458//3488 4556//3488 4553//3488
f 4459//3529 4553//3529 4552//3529
f 4465//3490 4552//3490 4555//3490
f 4554//3491 4465//3491 4555//3491
f 4461//3492 4554//3492 4584//3492
f 4464//3493 4584//3493 4578//3493
f 4580//3494 4464//3494 4578//3494
f 4506//3495 4580//3495 4581//3495
f 4503//3496 4581//3496 4557//3496
f 4681//3534 4684//3534 4683//3534
f 4683//3535 4686//3535 4685//3535
f 4686//3536 4687//3536 4685//3536
f 4687//3537 4690//3537 4689//3537
f 4689//3538 4692//3538 4691//3538
f 4691//3539 4694//3539 4693//3539
f 4693//3540 4696//3540 4695//3540
f 4696//3541 4697//3541 4695//3541
f 4697//3542 4700//3542 4699//3542
f 4699//3543 4702//3543 4701//3543
f 4702//3544 4703//3544 4701//3544
f 4703//3545 4706//3545 4705//3545
f 4705//3546 4708//3546 4707//3546
f 4707//3547 4710//3547 4709//3547
f 4709//3548 4712//3548 4711//3548
f 4711//3549 4714//3549 4713//3549
f 4714//3550 4715//3550 4713//3550
f 4716//3551 4717//3551 4715//3551
f 4718//3552 4719//3552 4717//3552
f 4720//3553 4721//3553 4719//3553
f 4722//3554 4723//3554 4721//3554
f 4724//3555 4725//3555 4723//3555
f 4725//3556 4728//3556 4727//3556
f 4728//3557 4729//3557 4727//3557
f 4730//3558 4731//3558 4729//3558
f 4732//3559 4733//3559 4731//3559
f 4734//3560 4735//3560 4733//3560
f 4735//3561 4738//3561 4737//3561
f 4738//3562 4739//3562 4737//3562
f 4740//3563 4741//3563 4739//3563
f 4742//3564 4743//3564 4741//3564
f 4743//3565 4746//3565 4745//3565
f 4746//3566 4747//3566 4745//3566
f 4748//3567 4749//3567 4747//3567
f 4750//3568 4751//3568 4749//3568
f 4751//3569 4754//3569 4753//3569
f 4754//3570 4755//3570 4753//3570
f 4756//3571 4757//3571 4755//3571
f 4757//3572 4760//3572 4759//3572
f 4759//3573 4762//3573 4761//3573
f 4762//3574 4763//3574 4761//3574
f 4764//3575 4765//3575 4763//3575
f 4765//3576 4768//3576 4767//3576
f 4768//3577 4769//3577 4767//3577
f 4770//3578 4771//3578 4769//3578
f 4772//3579 4773//3579 4771//3579
f 4774//3580 4775//3580 4773//3580
f 4775//3581 4778//3581 4777//3581
f 4777//3582 4780//3582 4779//3582
f 4780//3583 4781//3583 4779//3583
f 4781//3584 4784//3584 4783//3584
f 4783//3585 4786//3585 4785//3585
f 4785//3586 4788//3586 4787//3586
f 4788//3587 4789//3587 4787//3587
f 4790//3588 4791//3588 4789//3588
f 4791//3589 4794//3589 4793//3589
f 4793//3590 4796//3590 4795//3590
f 4795//3591 4798//3591 4797//3591
f 4797//3592 4800//3592 4799//3592
f 4800//3593 4801//3593 4799//3593
f 4801//3594 4804//3594 4803//3594
f 4803//3595 4806//3595 4805//3595
f 4835//3532 4829//3532 4740//3532
f 4792//3532 4811//3532 4817//3532
f 4806//3596 4807//3596 4805//3596
f 4807//3597 4682//3597 4681//3597
f 4685//3533 4933//3533 4932//3533
f 4743//3533 4914//3533 4911//3533
f 4857//3566 4909//3566 4910//3566
f 4856//3567 4910//3567 4913//3567
f 4873//3568 4856//3568 4913//3568
f 4876//3569 4863//3569 4873//3569
f 4874//3570 4862//3570 4876//3570
f 4875//3571 4872//3571 4874//3571
f 4839//3572 4875//3572 4881//3572
f 4877//3573 4839//3573 4881//3573
f 4838//3574 4877//3574 4878//3574
f 4844//3575 4878//3575 4880//3575
f 4844//3576 4879//3576 4840//3576
f 4841//3577 4879//3577 4916//3577
f 4843//3578 4916//3578 4915//3578
f 4843//3579 4920//3579 4842//3579
f 4842//3580 4918//3580 4869//3580
f 4868//3581 4918//3581 4917//3581
f 4871//3582 4917//3582 4919//3582
f 4871//3583 4921//3583 4870//3583
f 4870//3584 4888//3584 4865//3584
f 4865//3585 4889//3585 4866//3585
f 4867//3598 4889//3598 4887//3598
f 4833//3587 4887//3587 4886//3587
f 4834//3588 4886//3588 4890//3588
f 4834//3589 4884//3589 4832//3589
f 4832//3590 4883//3590 4831//3590
f 4835//3591 4883//3591 4885//3591
f 4835//3592 4882//3592 4829//3592
f 4828//3593 4882//3593 4922//3593
f 4828//3594 4912//3594 4830//3594
f 4827//3595 4912//3595 4911//3595
f 4827//3596 4914//3596 4864//3596
f 4860//3597 4914//3597 4934//3597
f 4860//3534 4935//3534 4861//3534
f 4859//3535 4935//3535 4931//3535
f 4853//3536 4931//3536 4897//3536
f 4853//3537 4898//3537 4852//3537
f 4854//3538 4898//3538 4895//3538
f 4824//3539 4895//3539 4896//3539
f 4825//3540 4896//3540 4899//3540
f 4822//3541 4899//3541 4893//3541
f 4823//3542 4893//3542 4892//3542
f 4826//3543 4892//3543 4894//3543
f 4891//3544 4826//3544 4894//3544
f 4820//3545 4891//3545 4926//3545
f 4927//3546 4820//3546 4926//3546
f 4928//3547 4821//3547 4927//3547
f 4846//3548 4928//3548 4924//3548
f 4923//3549 4846//3549 4924//3549
f 4847//3550 4923//3550 4925//3550
f 4851//3551 4925//3551 4929//3551
f 4848//3552 4929//3552 4900//3552
f 4903//3553 4848//3553 4900//3553
f 4849//3554 4903//3554 4902//3554
f 4809//3555 4902//3555 4901//3555
f 4812//3556 4901//3556 4908//3556
f 4810//3557 4908//3557 4905//3557
f 4904//3558 4810//3558 4905//3558
f 4817//3559 4904//3559 4907//3559
f 4814//3560 4907//3560 4906//3560
f 4936//3561 4814//3561 4906//3561
f 4816//3562 4936//3562 4930//3562
f 4815//3563 4930//3563 4932//3563
f 4933//3564 4815//3564 4932//3564
f 4909//3565 4858//3565 4933//3565
f 5034//3605 5035//3605 5033//3605
f 5036//3606 5037//3606 5035//3606
f 5038//3607 5039//3607 5037//3607
f 5039//3608 5042//3608 5041//3608
f 5042//3609 5043//3609 5041//3609
f 5043//3610 5046//3610 5045//3610
f 5045//3611 5048//3611 5047//3611
f 5047//3612 5050//3612 5049//3612
f 5049//3613 5052//3613 5051//3613
f 5052//3614 5053//3614 5051//3614
f 5053//3615 5056//3615 5055//3615
f 5055//3616 5058//3616 5057//3616
f 5057//3617 5060//3617 5059//3617
f 5059//3618 5062//3618 5061//3618
f 5062//3619 5063//3619 5061//3619
f 5063//3620 5066//3620 5065//3620
f 5066//3621 5067//3621 5065//3621
f 5068//3622 5069//3622 5067//3622
f 5070//3623 5071//3623 5069//3623
f 5072//3624 5073//3624 5071//3624
f 5074//3625 5075//3625 5073//3625
f 5075//3626 5078//3626 5077//3626
f 5078//3627 5079//3627 5077//3627
f 5080//3628 5081//3628 5079//3628
f 5081//3629 5084//3629 5083//3629
f 5083//3630 5086//3630 5085//3630
f 5086//3631 5087//3631 5085//3631
f 5088//3632 5089//3632 5087//3632
f 5090//3633 5091//3633 5089//3633
f 5092//3634 5093//3634 5091//3634
f 5094//3635 5095//3635 5093//3635
f 5096//3636 5097//3636 5095//3636
f 5098//3637 5099//3637 5097//3637
f 5099//3638 5102//3638 5101//3638
f 5102//3639 5103//3639 5101//3639
f 5103//3640 5106//3640 5105//3640
f 5105//3641 5108//3641 5107//3641
f 5107//3642 5110//3642 5109//3642
f 5109//3643 5112//3643 5111//3643
f 5112//3644 5113//3644 5111//3644
f 5114//3645 5115//3645 5113//3645
f 5115//3646 5118//3646 5117//3646
f 5118//3647 5119//3647 5117//3647
f 5120//3648 5121//3648 5119//3648
f 5122//3649 5123//3649 5121//3649
f 5124//3650 5125//3650 5123//3650
f 5125//3651 5128//3651 5127//3651
f 5128//3652 5129//3652 5127//3652
f 5130//3653 5131//3653 5129//3653
f 5131//3654 5134//3654 5133//3654
f 5133//3655 5136//3655 5135//3655
f 5136//3656 5137//3656 5135//3656
f 5137//3657 5140//3657 5139//3657
f 5140//3658 5141//3658 5139//3658
f 5141//3659 5144//3659 5143//3659
f 5143//3660 5146//3660 5145//3660
f 5146//3661 5147//3661 5145//3661
f 5148//3662 5149//3662 5147//3662
f 5150//3663 5151//3663 5149//3663
f 5151//3664 5154//3664 5153//3664
f 5154//3665 5155//3665 5153//3665
f 5156//3666 5157//3666 5155//3666
f 5187//3603 5181//3603 5092//3603
f 5144//3603 5163//3603 5169//3603
f 5157//3667 5160//3667 5159//3667
f 5159//3668 5034//3668 5033//3668
f 5037//3604 5285//3604 5284//3604
f 5095//3604 5266//3604 5263//3604
f 5262//3637 5207//3637 5261//3637
f 5208//3638 5262//3638 5265//3638
f 5225//3639 5208//3639 5265//3639
f 5214//3640 5225//3640 5228//3640
f 5224//3641 5228//3641 5226//3641
f 5188//3642 5226//3642 5227//3642
f 5233//3643 5188//3643 5227//3643
f 5189//3644 5233//3644 5229//3644
f 5189//3645 5230//3645 5190//3645
f 5196//3646 5230//3646 5232//3646
f 5196//3647 5231//3647 5192//3647
f 5193//3669 5231//3669 5268//3669
f 5195//3649 5268//3649 5267//3649
f 5194//3650 5267//3650 5272//3650
f 5221//3651 5272//3651 5270//3651
f 5221//3652 5269//3652 5220//3652
f 5220//3653 5271//3653 5223//3653
f 5222//3654 5271//3654 5273//3654
f 5217//3655 5273//3655 5240//3655
f 5217//3656 5241//3656 5218//3656
f 5219//3657 5241//3657 5239//3657
f 5185//3658 5239//3658 5238//3658
f 5185//3659 5242//3659 5186//3659
f 5186//3660 5236//3660 5184//3660
f 5183//3661 5236//3661 5235//3661
f 5183//3662 5237//3662 5187//3662
f 5181//3663 5237//3663 5234//3663
f 5180//3664 5234//3664 5274//3664
f 5182//3665 5274//3665 5264//3665
f 5182//3666 5263//3666 5179//3666
f 5179//3667 5266//3667 5216//3667
f 5216//3668 5286//3668 5212//3668
f 5213//3605 5286//3605 5287//3605
f 5211//3606 5287//3606 5283//3606
f 5211//3607 5249//3607 5205//3607
f 5205//3608 5250//3608 5204//3608
f 5206//3609 5250//3609 5247//3609
f 5206//3610 5248//3610 5176//3610
f 5177//3611 5248//3611 5251//3611
f 5174//3612 5251//3612 5245//3612
f 5244//3613 5174//3613 5245//3613
f 5178//3614 5244//3614 5246//3614
f 5171//3615 5246//3615 5243//3615
f 5278//3670 5171//3670 5243//3670
f 5173//3617 5278//3617 5279//3617
f 5280//3618 5173//3618 5279//3618
f 5276//3619 5170//3619 5280//3619
f 5275//3620 5198//3620 5276//3620
f 5199//3621 5275//3621 5277//3621
f 5281//3622 5199//3622 5277//3622
f 5200//3623 5281//3623 5252//3623
f 5202//3624 5252//3624 5255//3624
f 5254//3625 5202//3625 5255//3625
f 5161//3626 5254//3626 5253//3626
f 5164//3627 5253//3627 5260//3627
f 5162//3628 5260//3628 5257//3628
f 5256//3629 5162//3629 5257//3629
f 5259//3630 5163//3630 5256//3630
f 5258//3631 5169//3631 5259//3631
f 5165//3632 5258//3632 5288//3632
f 5168//3633 5288//3633 5282//3633
f 5284//3634 5168//3634 5282//3634
f 5285//3635 5167//3635 5284//3635
f 5207//3636 5285//3636 5261//3636
f 4329//3465 4330//3465 4332//3465
f 4331//3466 4332//3466 4334//3466
f 4333//3467 4334//3467 4336//3467
f 4336//3468 4338//3468 4337//3468
f 4337//3469 4338//3469 4340//3469
f 4340//3470 4342//3470 4341//3470
f 4342//3471 4344//3471 4343//3471
f 4343//3472 4344//3472 4346//3472
f 4345//3473 4346//3473 4348//3473
f 4347//3474 4348//3474 4350//3474
f 4349//3475 4350//3475 4352//3475
f 4352//3476 4354//3476 4353//3476
f 4353//3477 4354//3477 4356//3477
f 4355//3478 4356//3478 4358//3478
f 4357//3479 4358//3479 4360//3479
f 4360//3480 4362//3480 4361//3480
f 4361//3481 4362//3481 4364//3481
f 4364//3482 4366//3482 4365//3482
f 4366//3483 4368//3483 4367//3483
f 4368//3484 4370//3484 4369//3484
f 4369//3485 4370//3485 4372//3485
f 4372//3486 4374//3486 4373//3486
f 4374//3487 4376//3487 4375//3487
f 4376//3488 4378//3488 4377//3488
f 4378//3489 4380//3489 4379//3489
f 4380//3490 4382//3490 4381//3490
f 4381//3491 4382//3491 4384//3491
f 4384//3492 4386//3492 4385//3492
f 4386//3493 4388//3493 4387//3493
f 4388//3494 4390//3494 4389//3494
f 4390//3495 4392//3495 4391//3495
f 4392//3496 4394//3496 4393//3496
f 4393//3497 4394//3497 4396//3497
f 4396//3498 4398//3498 4397//3498
f 4398//3499 4400//3499 4399//3499
f 4399//3500 4400//3500 4402//3500
f 4401//3501 4402//3501 4404//3501
f 4403//3502 4404//3502 4406//3502
f 4405//3503 4406//3503 4408//3503
f 4408//3504 4410//3504 4409//3504
f 4409//3505 4410//3505 4412//3505
f 4412//3506 4414//3506 4413//3506
f 4413//3507 4414//3507 4416//3507
f 4415//3508 4416//3508 4418//3508
f 4418//3509 4420//3509 4419//3509
f 4419//3510 4420//3510 4422//3510
f 4422//3511 4424//3511 4423//3511
f 4424//3512 4426//3512 4425//3512
f 4425//3513 4426//3513 4428//3513
f 4427//3514 4428//3514 4430//3514
f 4430//3515 4432//3515 4431//3515
f 4431//3516 4432//3516 4434//3516
f 4434//3517 4436//3517 4435//3517
f 4436//3518 4438//3518 4437//3518
f 4437//3519 4438//3519 4440//3519
f 4440//3520 4442//3520 4441//3520
f 4441//3521 4442//3521 4444//3521
f 4444//3522 4446//3522 4445//3522
f 4446//3523 4448//3523 4447//3523
f 4448//3524 4450//3524 4449//3524
f 4450//3525 4452//3525 4451//3525
f 4452//3526 4454//3526 4453//3526
f 4376//3463 4374//3463 4372//3463
f 4372//3920 4370//3920 4368//3920
f 4368//3463 4366//3463 4518//3463
f 4368//3463 4518//3463 4513//3463
f 4376//3463 4372//3463 4368//3463
f 4380//3920 4378//3920 4376//3920
f 4384//3463 4382//3463 4380//3463
f 4388//3463 4386//3463 4384//3463
f 4392//3463 4390//3463 4388//3463
f 4396//3463 4394//3463 4392//3463
f 4507//3463 4398//3463 4396//3463
f 4509//3463 4507//3463 4396//3463
f 4396//3463 4392//3463 4388//3463
f 4388//3463 4384//3463 4380//3463
f 4380//3463 4376//3463 4368//3463
f 4368//3463 4513//3463 4514//3463
f 4368//3463 4514//3463 4515//3463
f 4388//3463 4380//3463 4368//3463
f 4509//3463 4396//3463 4388//3463
f 4508//3463 4509//3463 4388//3463
f 4368//3463 4515//3463 4481//3463
f 4368//3463 4481//3463 4482//3463
f 4512//3463 4508//3463 4388//3463
f 4475//3463 4512//3463 4388//3463
f 4388//3463 4368//3463 4482//3463
f 4388//3463 4482//3463 4480//3463
f 4478//3463 4475//3463 4388//3463
f 4476//3463 4478//3463 4388//3463
f 4388//3463 4480//3463 4479//3463
f 4388//3463 4479//3463 4483//3463
f 4477//3463 4476//3463 4388//3463
f 4356//3920 4354//3920 4352//3920
f 4352//3463 4350//3463 4348//3463
f 4348//3920 4346//3920 4344//3920
f 4344//3463 4342//3463 4340//3463
f 4340//3463 4338//3463 4336//3463
f 4336//3463 4334//3463 4332//3463
f 4332//3463 4330//3463 4456//3463
f 4456//3463 4454//3463 4452//3463
f 4452//3463 4450//3463 4448//3463
f 4448//3463 4446//3463 4444//3463
f 4444//3463 4442//3463 4440//3463
f 4440//3463 4438//3463 4436//3463
f 4436//3463 4434//3463 4432//3463
f 4432//3920 4430//3920 4428//3920
f 4428//3920 4426//3920 4424//3920
f 4424//3920 4422//3920 4420//3920
f 4420//3463 4418//3463 4416//3463
f 4416//3463 4414//3463 4412//3463
f 4412//3463 4410//3463 4408//3463
f 4408//3463 4406//3463 4404//3463
f 4404//3463 4402//3463 4400//3463
f 4400//3463 4398//3463 4507//3463
f 4400//3463 4507//3463 4501//3463
f 4408//3463 4404//3463 4400//3463
f 4416//3463 4412//3463 4408//3463
f 4424//3463 4420//3463 4416//3463
f 4432//3463 4428//3463 4424//3463
f 4440//3463 4436//3463 4432//3463
f 4448//3463 4444//3463 4440//3463
f 4456//3463 4452//3463 4448//3463
f 4336//3463 4332//3463 4456//3463
f 4344//3463 4340//3463 4336//3463
f 4352//3463 4348//3463 4344//3463
f 4358//3463 4356//3463 4352//3463
f 4362//3920 4360//3920 4358//3920
f 4366//3920 4364//3920 4362//3920
f 4519//3463 4518//3463 4366//3463
f 4516//3463 4519//3463 4366//3463
f 4366//3463 4362//3463 4358//3463
f 4358//3463 4352//3463 4344//3463
f 4344//3463 4336//3463 4456//3463
f 4456//3463 4448//3463 4440//3463
f 4440//3463 4432//3463 4424//3463
f 4424//3463 4416//3463 4408//3463
f 4408//3463 4400//3463 4501//3463
f 4408//3463 4501//3463 4500//3463
f 4366//3463 4358//3463 4344//3463
f 4517//3463 4516//3463 4366//3463
f 4490//3463 4517//3463 4366//3463
f 4408//3463 4500//3463 4502//3463
f 4408//3463 4502//3463 4472//3463
f 4490//3463 4366//3463 4344//3463
f 4491//3463 4490//3463 4344//3463
f 4408//3463 4472//3463 4473//3463
f 4408//3463 4473//3463 4470//3463
f 4489//3920 4491//3920 4344//3920
f 4488//3463 4489//3463 4344//3463
f 4424//3463 4408//3463 4470//3463
f 4424//3463 4470//3463 4471//3463
f 4492//3463 4488//3463 4344//3463
f 4486//3463 4492//3463 4344//3463
f 4424//3463 4471//3463 4474//3463
f 4424//3463 4474//3463 4467//3463
f 4485//3463 4486//3463 4344//3463
f 4487//3463 4485//3463 4344//3463
f 4424//3463 4467//3463 4468//3463
f 4424//3463 4468//3463 4469//3463
f 4484//3463 4487//3463 4344//3463
f 4520//3463 4484//3463 4344//3463
f 4424//3463 4469//3463 4466//3463
f 4424//3463 4466//3463 4494//3463
f 4520//3463 4344//3463 4456//3463
f 4510//3463 4520//3463 4456//3463
f 4424//3463 4494//3463 4493//3463
f 4424//3463 4493//3463 4495//3463
f 4511//3463 4510//3463 4456//3463
f 4504//3463 4511//3463 4456//3463
f 4440//3463 4424//3463 4495//3463
f 4440//3463 4495//3463 4499//3463
f 4505//3463 4504//3463 4456//3463
f 4503//3463 4505//3463 4456//3463
f 4440//3920 4499//3920 4496//3920
f 4440//3463 4496//3463 4498//3463
f 4506//3463 4503//3463 4456//3463
f 4463//3463 4506//3463 4456//3463
f 4440//3463 4498//3463 4497//3463
f 4440//3463 4497//3463 4457//3463
f 4463//3463 4456//3463 4440//3463
f 4464//3463 4463//3463 4440//3463
f 4440//3463 4457//3463 4460//3463
f 4440//3463 4460//3463 4458//3463
f 4461//3463 4464//3463 4440//3463
f 4462//3463 4461//3463 4440//3463
f 4440//3463 4458//3463 4459//3463
f 4465//3463 4462//3463 4440//3463
f 4453//3527 4454//3527 4456//3527
f 4456//3528 4330//3528 4329//3528
f 4453//3464 4455//3464 4329//3464
f 4329//3464 4331//3464 4333//3464
f 4333//3464 4335//3464 4337//3464
f 4337//3921 4339//3921 4341//3921
f 4341//3464 4343//3464 4529//3464
f 4341//3464 4529//3464 4523//3464
f 4333//3464 4337//3464 4341//3464
f 4453//3464 4329//3464 4333//3464
f 4449//3464 4451//3464 4453//3464
f 4445//3921 4447//3921 4449//3921
f 4441//3464 4443//3464 4445//3464
f 4556//3464 4439//3464 4441//3464
f 4553//3464 4556//3464 4441//3464
f 4441//3464 4445//3464 4449//3464
f 4449//3464 4453//3464 4333//3464
f 4333//3464 4341//3464 4523//3464
f 4333//3464 4523//3464 4522//3464
f 4441//3464 4449//3464 4333//3464
f 4552//3464 4553//3464 4441//3464
f 4555//3464 4552//3464 4441//3464
f 4333//3464 4522//3464 4524//3464
f 4333//3464 4524//3464 4521//3464
f 4554//3464 4555//3464 4441//3464
f 4584//3464 4554//3464 4441//3464
f 4333//3464 4521//3464 4561//3464
f 4333//3464 4561//3464 4558//3464
f 4584//3464 4441//3464 4333//3464
f 4578//3464 4584//3464 4333//3464
f 4333//3464 4558//3464 4557//3464
f 4333//3464 4557//3464 4581//3464
f 4580//3464 4578//3464 4333//3464
f 4525//3464 4529//3464 4343//3464
f 4343//3464 4345//3464 4347//3464
f 4347//3464 4349//3464 4351//3464
f 4351//3464 4353//3464 4355//3464
f 4355//3464 4357//3464 4359//3464
f 4359//3464 4361//3464 4363//3464
f 4363//3464 4365//3464 4367//3464
f 4367//3464 4369//3464 4371//3464
f 4371//3464 4373//3464 4375//3464
f 4375//3464 4377//3464 4379//3464
f 4379//3464 4381//3464 4383//3464
f 4383//3464 4385//3464 4387//3464
f 4387//3464 4389//3464 4391//3464
f 4391//3464 4393//3464 4395//3464
f 4395//3464 4397//3464 4399//3464
f 4399//3464 4401//3464 4403//3464
f 4403//3921 4405//3921 4407//3921
f 4407//3921 4409//3921 4411//3921
f 4411//3921 4413//3921 4415//3921
f 4415//3464 4417//3464 4419//3464
f 4419//3921 4421//3921 4423//3921
f 4423//3921 4425//3921 4427//3921
f 4427//3921 4429//3921 4431//3921
f 4431//3464 4433//3464 4435//3464
f 4435//3921 4437//3921 4439//3921
f 4439//3464 4556//3464 4549//3464
f 4439//3464 4549//3464 4550//3464
f 4431//3464 4435//3464 4439//3464
f 4423//3464 4427//3464 4431//3464
f 4415//3464 4419//3464 4423//3464
f 4407//3464 4411//3464 4415//3464
f 4399//3464 4403//3464 4407//3464
f 4391//3464 4395//3464 4399//3464
f 4383//3464 4387//3464 4391//3464
f 4375//3464 4379//3464 4383//3464
f 4367//3464 4371//3464 4375//3464
f 4359//3464 4363//3464 4367//3464
f 4351//3464 4355//3464 4359//3464
f 4343//3464 4347//3464 4351//3464
f 4526//3464 4525//3464 4343//3464
f 4528//3464 4526//3464 4343//3464
f 4343//3464 4351//3464 4359//3464
f 4359//3464 4367//3464 4375//3464
f 4375//3464 4383//3464 4391//3464
f 4391//3464 4399//3464 4407//3464
f 4407//3464 4415//3464 4423//3464
f 4423//3464 4431//3464 4439//3464
f 4439//3464 4550//3464 4551//3464
f 4439//3464 4551//3464 4548//3464
f 4528//3464 4343//3464 4359//3464
f 4527//3464 4528//3464 4359//3464
f 4423//3464 4439//3464 4548//3464
f 4423//3464 4548//3464 4577//3464
f 4564//3464 4527//3464 4359//3464
f 4563//3464 4564//3464 4359//3464
f 4423//3464 4577//3464 4573//3464
f 4423//3464 4573//3464 4571//3464
f 4568//3464 4563//3464 4359//3464
f 4566//3464 4568//3464 4359//3464
f 4423//3464 4571//3464 4572//3464
f 4423//3464 4572//3464 4576//3464
f 4565//3464 4566//3464 4359//3464
f 4567//3464 4565//3464 4359//3464
f 4407//3464 4423//3464 4576//3464
f 4407//3921 4576//3921 4575//3921
f 4567//3464 4359//3464 4375//3464
f 4569//3464 4567//3464 4375//3464
f 4407//3464 4575//3464 4574//3464
f 4407//3464 4574//3464 4539//3464
f 4536//3464 4569//3464 4375//3464
f 4537//3464 4536//3464 4375//3464
f 4407//3464 4539//3464 4542//3464
f 4407//3464 4542//3464 4540//3464
f 4535//3464 4537//3464 4375//3464
f 4534//3464 4535//3464 4375//3464
f 4407//3464 4540//3464 4541//3464
f 4407//3464 4541//3464 4547//3464
f 4538//3464 4534//3464 4375//3464
f 4532//3464 4538//3464 4375//3464
f 4407//3464 4547//3464 4544//3464
f 4407//3464 4544//3464 4543//3464
f 4532//3464 4375//3464 4391//3464
f 4531//3922 4532//3922 4391//3922
f 4391//3464 4407//3464 4543//3464
f 4391//3464 4543//3464 4546//3464
f 4533//3464 4531//3464 4391//3464
f 4530//3464 4533//3464 4391//3464
f 4391//3464 4546//3464 4545//3464
f 4391//3464 4545//3464 4579//3464
f 4570//3464 4530//3464 4391//3464
f 4560//3464 4570//3464 4391//3464
f 4391//3464 4579//3464 4583//3464
f 4391//3464 4583//3464 4582//3464
f 4559//3464 4560//3464 4391//3464
f 4391//3464 4582//3464 4562//3464
f 4505//3497 4503//3497 4557//3497
f 4504//3498 4505//3498 4558//3498
f 4521//3499 4511//3499 4504//3499
f 4510//3500 4511//3500 4521//3500
f 4522//3501 4520//3501 4510//3501
f 4523//3502 4484//3502 4520//3502
f 4529//3503 4487//3503 4484//3503
f 4525//3504 4485//3504 4487//3504
f 4485//3505 4525//3505 4526//3505
f 4486//3506 4526//3506 4528//3506
f 4492//3507 4528//3507 4527//3507
f 4489//3508 4488//3508 4527//3508
f 4491//3509 4489//3509 4564//3509
f 4490//3510 4491//3510 4563//3510
f 4490//3511 4568//3511 4566//3511
f 4517//3512 4566//3512 4565//3512
f 4519//3513 4516//3513 4565//3513
f 4518//3514 4519//3514 4567//3514
f 4518//3515 4569//3515 4536//3515
f 4513//3516 4536//3516 4537//3516
f 4514//3517 4537//3517 4535//3517
f 4481//3518 4515//3518 4535//3518
f 4481//3519 4534//3519 4538//3519
f 4480//3520 4482//3520 4538//3520
f 4480//3521 4532//3521 4531//3521
f 4479//3522 4531//3522 4533//3522
f 4477//3523 4483//3523 4533//3523
f 4476//3524 4477//3524 4530//3524
f 4476//3525 4570//3525 4560//3525
f 4475//3526 4478//3526 4560//3526
f 4475//3527 4559//3527 4562//3527
f 4512//3528 4562//3528 4582//3528
f 4508//3465 4582//3465 4583//3465
f 4509//3466 4583//3466 4579//3466
f 4501//3467 4507//3467 4579//3467
f 4501//3468 4545//3468 4546//3468
f 4502//3469 4500//3469 4546//3469
f 4472//3470 4502//3470 4543//3470
f 4473//3471 4472//3471 4544//3471
f 4473//3923 4547//3923 4541//3923
f 4471//3473 4470//3473 4541//3473
f 4474//3474 4471//3474 4540//3474
f 4539//3475 4467//3475 4474//3475
f 4468//3476 4467//3476 4539//3476
f 4575//3477 4469//3477 4468//3477
f 4466//3478 4469//3478 4575//3478
f 4572//3479 4494//3479 4466//3479
f 4571//3480 4493//3480 4494//3480
f 4495//3481 4493//3481 4571//3481
f 4499//3482 4495//3482 4573//3482
f 4548//3483 4496//3483 4499//3483
f 4498//3484 4496//3484 4548//3484
f 4550//3485 4497//3485 4498//3485
f 4457//3486 4497//3486 4550//3486
f 4556//3487 4460//3487 4457//3487
f 4458//3488 4460//3488 4556//3488
f 4459//3489 4458//3489 4553//3489
f 4465//3490 4459//3490 4552//3490
f 4554//3491 4462//3491 4465//3491
f 4461//3492 4462//3492 4554//3492
f 4464//3493 4461//3493 4584//3493
f 4580//3494 4463//3494 4464//3494
f 4506//3495 4463//3495 4580//3495
f 4503//3496 4506//3496 4581//3496
f 4681//3534 4682//3534 4684//3534
f 4683//3535 4684//3535 4686//3535
f 4686//3536 4688//3536 4687//3536
f 4687//3537 4688//3537 4690//3537
f 4689//3538 4690//3538 4692//3538
f 4691//3539 4692//3539 4694//3539
f 4693//3540 4694//3540 4696//3540
f 4696//3541 4698//3541 4697//3541
f 4697//3542 4698//3542 4700//3542
f 4699//3543 4700//3543 4702//3543
f 4702//3544 4704//3544 4703//3544
f 4703//3545 4704//3545 4706//3545
f 4705//3546 4706//3546 4708//3546
f 4707//3547 4708//3547 4710//3547
f 4709//3548 4710//3548 4712//3548
f 4711//3549 4712//3549 4714//3549
f 4714//3550 4716//3550 4715//3550
f 4716//3551 4718//3551 4717//3551
f 4718//3552 4720//3552 4719//3552
f 4720//3553 4722//3553 4721//3553
f 4722//3924 4724//3924 4723//3924
f 4724//3555 4726//3555 4725//3555
f 4725//3556 4726//3556 4728//3556
f 4728//3557 4730//3557 4729//3557
f 4730//3558 4732//3558 4731//3558
f 4732//3559 4734//3559 4733//3559
f 4734//3560 4736//3560 4735//3560
f 4735//3561 4736//3561 4738//3561
f 4738//3562 4740//3562 4739//3562
f 4740//3563 4742//3563 4741//3563
f 4742//3564 4744//3564 4743//3564
f 4743//3565 4744//3565 4746//3565
f 4746//3566 4748//3566 4747//3566
f 4748//3567 4750//3567 4749//3567
f 4750//3568 4752//3568 4751//3568
f 4751//3569 4752//3569 4754//3569
f 4754//3570 4756//3570 4755//3570
f 4756//3571 4758//3571 4757//3571
f 4757//3572 4758//3572 4760//3572
f 4759//3573 4760//3573 4762//3573
f 4762//3574 4764//3574 4763//3574
f 4764//3575 4766//3575 4765//3575
f 4765//3576 4766//3576 4768//3576
f 4768//3577 4770//3577 4769//3577
f 4770//3578 4772//3578 4771//3578
f 4772//3579 4774//3579 4773//3579
f 4774//3580 4776//3580 4775//3580
f 4775//3581 4776//3581 4778//3581
f 4777//3582 4778//3582 4780//3582
f 4780//3583 4782//3583 4781//3583
f 4781//3584 4782//3584 4784//3584
f 4783//3585 4784//3585 4786//3585
f 4785//3598 4786//3598 4788//3598
f 4788//3587 4790//3587 4789//3587
f 4790//3588 4792//3588 4791//3588
f 4791//3589 4792//3589 4794//3589
f 4793//3590 4794//3590 4796//3590
f 4795//3591 4796//3591 4798//3591
f 4797//3592 4798//3592 4800//3592
f 4800//3593 4802//3593 4801//3593
f 4801//3594 4802//3594 4804//3594
f 4803//3595 4804//3595 4806//3595
f 4728//3532 4726//3532 4724//3532
f 4724//3532 4722//3532 4720//3532
f 4720//3532 4718//3532 4870//3532
f 4720//3532 4870//3532 4865//3532
f 4728//3532 4724//3532 4720//3532
f 4732//3532 4730//3532 4728//3532
f 4736//3532 4734//3532 4732//3532
f 4740//3532 4738//3532 4736//3532
f 4744//3532 4742//3532 4740//3532
f 4748//3532 4746//3532 4744//3532
f 4859//3532 4750//3532 4748//3532
f 4861//3532 4859//3532 4748//3532
f 4748//3532 4744//3532 4740//3532
f 4740//3532 4736//3532 4732//3532
f 4732//3532 4728//3532 4720//3532
f 4720//3532 4865//3532 4866//3532
f 4720//3532 4866//3532 4867//3532
f 4740//3532 4732//3532 4720//3532
f 4861//3532 4748//3532 4740//3532
f 4860//3532 4861//3532 4740//3532
f 4720//3532 4867//3532 4833//3532
f 4720//3532 4833//3532 4834//3532
f 4864//3532 4860//3532 4740//3532
f 4827//3532 4864//3532 4740//3532
f 4740//3532 4720//3532 4834//3532
f 4740//3532 4834//3532 4832//3532
f 4830//3532 4827//3532 4740//3532
f 4828//3532 4830//3532 4740//3532
f 4740//3532 4832//3532 4831//3532
f 4740//3532 4831//3532 4835//3532
f 4829//3532 4828//3532 4740//3532
f 4708//3532 4706//3532 4704//3532
f 4704//3532 4702//3532 4700//3532
f 4700//3532 4698//3532 4696//3532
f 4696//3925 4694//3925 4692//3925
f 4692//3532 4690//3532 4688//3532
f 4688//3926 4686//3926 4684//3926
f 4684//3927 4682//3927 4808//3927
f 4808//3926 4806//3926 4804//3926
f 4804//3927 4802//3927 4800//3927
f 4800//3927 4798//3927 4796//3927
f 4796//3532 4794//3532 4792//3532
f 4792//3532 4790//3532 4788//3532
f 4788//3928 4786//3928 4784//3928
f 4784//3532 4782//3532 4780//3532
f 4780//3532 4778//3532 4776//3532
f 4776//3532 4774//3532 4772//3532
f 4772//3532 4770//3532 4768//3532
f 4768//3532 4766//3532 4764//3532
f 4764//3532 4762//3532 4760//3532
f 4760//3532 4758//3532 4756//3532
f 4756//3928 4754//3928 4752//3928
f 4752//3532 4750//3532 4859//3532
f 4752//3532 4859//3532 4853//3532
f 4760//3532 4756//3532 4752//3532
f 4768//3532 4764//3532 4760//3532
f 4776//3532 4772//3532 4768//3532
f 4784//3532 4780//3532 4776//3532
f 4792//3532 4788//3532 4784//3532
f 4800//3532 4796//3532 4792//3532
f 4808//3532 4804//3532 4800//3532
f 4688//3532 4684//3532 4808//3532
f 4696//3532 4692//3532 4688//3532
f 4704//3532 4700//3532 4696//3532
f 4710//3532 4708//3532 4704//3532
f 4714//3532 4712//3532 4710//3532
f 4718//3532 4716//3532 4714//3532
f 4871//3532 4870//3532 4718//3532
f 4868//3532 4871//3532 4718//3532
f 4718//3532 4714//3532 4710//3532
f 4710//3532 4704//3532 4696//3532
f 4696//3532 4688//3532 4808//3532
f 4808//3532 4800//3532 4792//3532
f 4792//3532 4784//3532 4776//3532
f 4776//3532 4768//3532 4760//3532
f 4760//3532 4752//3532 4853//3532
f 4760//3532 4853//3532 4852//3532
f 4718//3532 4710//3532 4696//3532
f 4869//3532 4868//3532 4718//3532
f 4842//3532 4869//3532 4718//3532
f 4760//3532 4852//3532 4854//3532
f 4760//3532 4854//3532 4824//3532
f 4842//3532 4718//3532 4696//3532
f 4843//3532 4842//3532 4696//3532
f 4760//3532 4824//3532 4825//3532
f 4760//3532 4825//3532 4822//3532
f 4841//3532 4843//3532 4696//3532
f 4840//3532 4841//3532 4696//3532
f 4776//3532 4760//3532 4822//3532
f 4776//3532 4822//3532 4823//3532
f 4844//3532 4840//3532 4696//3532
f 4838//3532 4844//3532 4696//3532
f 4776//3532 4823//3532 4826//3532
f 4776//3532 4826//3532 4819//3532
f 4837//3532 4838//3532 4696//3532
f 4839//3532 4837//3532 4696//3532
f 4776//3532 4819//3532 4820//3532
f 4776//3532 4820//3532 4821//3532
f 4836//3532 4839//3532 4696//3532
f 4872//3532 4836//3532 4696//3532
f 4776//3532 4821//3532 4818//3532
f 4776//3532 4818//3532 4846//3532
f 4872//3532 4696//3532 4808//3532
f 4862//3532 4872//3532 4808//3532
f 4776//3532 4846//3532 4845//3532
f 4776//3532 4845//3532 4847//3532
f 4863//3532 4862//3532 4808//3532
f 4856//3532 4863//3532 4808//3532
f 4792//3532 4776//3532 4847//3532
f 4792//3532 4847//3532 4851//3532
f 4857//3532 4856//3532 4808//3532
f 4855//3532 4857//3532 4808//3532
f 4792//3532 4851//3532 4848//3532
f 4792//3532 4848//3532 4850//3532
f 4858//3532 4855//3532 4808//3532
f 4815//3532 4858//3532 4808//3532
f 4792//3532 4850//3532 4849//3532
f 4792//3532 4849//3532 4809//3532
f 4815//3532 4808//3532 4792//3532
f 4816//3927 4815//3927 4792//3927
f 4792//3532 4809//3532 4812//3532
f 4792//3532 4812//3532 4810//3532
f 4813//3532 4816//3532 4792//3532
f 4814//3532 4813//3532 4792//3532
f 4792//3532 4810//3532 4811//3532
f 4817//3532 4814//3532 4792//3532
f 4806//3596 4808//3596 4807//3596
f 4807//3597 4808//3597 4682//3597
f 4805//3533 4807//3533 4681//3533
f 4681//3929 4683//3929 4685//3929
f 4685//3930 4687//3930 4689//3930
f 4689//3931 4691//3931 4693//3931
f 4693//3533 4695//3533 4881//3533
f 4693//3533 4881//3533 4875//3533
f 4685//3533 4689//3533 4693//3533
f 4805//3533 4681//3533 4685//3533
f 4801//3930 4803//3930 4805//3930
f 4797//3930 4799//3930 4801//3930
f 4793//3533 4795//3533 4797//3533
f 4908//3533 4791//3533 4793//3533
f 4905//3533 4908//3533 4793//3533
f 4793//3533 4797//3533 4801//3533
f 4801//3533 4805//3533 4685//3533
f 4685//3533 4693//3533 4875//3533
f 4685//3533 4875//3533 4874//3533
f 4793//3533 4801//3533 4685//3533
f 4904//3533 4905//3533 4793//3533
f 4907//3533 4904//3533 4793//3533
f 4685//3533 4874//3533 4876//3533
f 4685//3533 4876//3533 4873//3533
f 4906//3533 4907//3533 4793//3533
f 4936//3533 4906//3533 4793//3533
f 4685//3533 4873//3533 4913//3533
f 4685//3533 4913//3533 4910//3533
f 4936//3533 4793//3533 4685//3533
f 4930//3533 4936//3533 4685//3533
f 4685//3533 4910//3533 4909//3533
f 4685//3533 4909//3533 4933//3533
f 4932//3533 4930//3533 4685//3533
f 4877//3533 4881//3533 4695//3533
f 4695//3533 4697//3533 4699//3533
f 4699//3533 4701//3533 4703//3533
f 4703//3533 4705//3533 4707//3533
f 4707//3533 4709//3533 4711//3533
f 4711//3533 4713//3533 4715//3533
f 4715//3533 4717//3533 4719//3533
f 4719//3533 4721//3533 4723//3533
f 4723//3533 4725//3533 4727//3533
f 4727//3932 4729//3932 4731//3932
f 4731//3533 4733//3533 4735//3533
f 4735//3533 4737//3533 4739//3533
f 4739//3533 4741//3533 4743//3533
f 4743//3533 4745//3533 4747//3533
f 4747//3533 4749//3533 4751//3533
f 4751//3932 4753//3932 4755//3932
f 4755//3930 4757//3930 4759//3930
f 4759//3533 4761//3533 4763//3533
f 4763//3932 4765//3932 4767//3932
f 4767//3533 4769//3533 4771//3533
f 4771//3533 4773//3533 4775//3533
f 4775//3533 4777//3533 4779//3533
f 4779//3533 4781//3533 4783//3533
f 4783//3533 4785//3533 4787//3533
f 4787//3533 4789//3533 4791//3533
f 4791//3533 4908//3533 4901//3533
f 4791//3533 4901//3533 4902//3533
f 4783//3533 4787//3533 4791//3533
f 4775//3533 4779//3533 4783//3533
f 4767//3533 4771//3533 4775//3533
f 4759//3533 4763//3533 4767//3533
f 4751//3533 4755//3533 4759//3533
f 4743//3533 4747//3533 4751//3533
f 4735//3533 4739//3533 4743//3533
f 4727//3533 4731//3533 4735//3533
f 4719//3533 4723//3533 4727//3533
f 4711//3533 4715//3533 4719//3533
f 4703//3533 4707//3533 4711//3533
f 4695//3533 4699//3533 4703//3533
f 4878//3533 4877//3533 4695//3533
f 4880//3533 4878//3533 4695//3533
f 4695//3533 4703//3533 4711//3533
f 4711//3533 4719//3533 4727//3533
f 4727//3533 4735//3533 4743//3533
f 4743//3533 4751//3533 4759//3533
f 4759//3533 4767//3533 4775//3533
f 4775//3533 4783//3533 4791//3533
f 4791//3533 4902//3533 4903//3533
f 4791//3533 4903//3533 4900//3533
f 4880//3533 4695//3533 4711//3533
f 4879//3533 4880//3533 4711//3533
f 4775//3533 4791//3533 4900//3533
f 4775//3533 4900//3533 4929//3533
f 4916//3533 4879//3533 4711//3533
f 4915//3533 4916//3533 4711//3533
f 4775//3533 4929//3533 4925//3533
f 4775//3533 4925//3533 4923//3533
f 4920//3533 4915//3533 4711//3533
f 4918//3533 4920//3533 4711//3533
f 4775//3533 4923//3533 4924//3533
f 4775//3533 4924//3533 4928//3533
f 4917//3533 4918//3533 4711//3533
f 4919//3533 4917//3533 4711//3533
f 4759//3533 4775//3533 4928//3533
f 4759//3533 4928//3533 4927//3533
f 4919//3533 4711//3533 4727//3533
f 4921//3533 4919//3533 4727//3533
f 4759//3533 4927//3533 4926//3533
f 4759//3533 4926//3533 4891//3533
f 4888//3533 4921//3533 4727//3533
f 4889//3533 4888//3533 4727//3533
f 4759//3533 4891//3533 4894//3533
f 4759//3533 4894//3533 4892//3533
f 4887//3533 4889//3533 4727//3533
f 4886//3533 4887//3533 4727//3533
f 4759//3533 4892//3533 4893//3533
f 4759//3533 4893//3533 4899//3533
f 4890//3533 4886//3533 4727//3533
f 4884//3533 4890//3533 4727//3533
f 4759//3533 4899//3533 4896//3533
f 4759//3533 4896//3533 4895//3533
f 4884//3533 4727//3533 4743//3533
f 4883//3932 4884//3932 4743//3932
f 4743//3533 4759//3533 4895//3533
f 4743//3533 4895//3533 4898//3533
f 4885//3533 4883//3533 4743//3533
f 4882//3533 4885//3533 4743//3533
f 4743//3533 4898//3533 4897//3533
f 4743//3533 4897//3533 4931//3533
f 4922//3533 4882//3533 4743//3533
f 4912//3533 4922//3533 4743//3533
f 4743//3533 4931//3533 4935//3533
f 4743//3533 4935//3533 4934//3533
f 4911//3533 4912//3533 4743//3533
f 4743//3533 4934//3533 4914//3533
f 4857//3566 4855//3566 4909//3566
f 4856//3567 4857//3567 4910//3567
f 4873//3568 4863//3568 4856//3568
f 4876//3569 4862//3569 4863//3569
f 4874//3570 4872//3570 4862//3570
f 4875//3571 4836//3571 4872//3571
f 4839//3572 4836//3572 4875//3572
f 4877//3573 4837//3573 4839//3573
f 4838//3574 4837//3574 4877//3574
f 4844//3575 4838//3575 4878//3575
f 4844//3576 4880//3576 4879//3576
f 4841//3577 4840//3577 4879//3577
f 4843//3578 4841//3578 4916//3578
f 4843//3579 4915//3579 4920//3579
f 4842//3580 4920//3580 4918//3580
f 4868//3581 4869//3581 4918//3581
f 4871//3582 4868//3582 4917//3582
f 4871//3583 4919//3583 4921//3583
f 4870//3584 4921//3584 4888//3584
f 4865//3585 4888//3585 4889//3585
f 4867//3598 4866//3598 4889//3598
f 4833//3587 4867//3587 4887//3587
f 4834//3588 4833//3588 4886//3588
f 4834//3589 4890//3589 4884//3589
f 4832//3590 4884//3590 4883//3590
f 4835//3591 4831//3591 4883//3591
f 4835//3592 4885//3592 4882//3592
f 4828//3593 4829//3593 4882//3593
f 4828//3594 4922//3594 4912//3594
f 4827//3595 4830//3595 4912//3595
f 4827//3596 4911//3596 4914//3596
f 4860//3597 4864//3597 4914//3597
f 4860//3534 4934//3534 4935//3534
f 4859//3535 4861//3535 4935//3535
f 4853//3536 4859//3536 4931//3536
f 4853//3537 4897//3537 4898//3537
f 4854//3538 4852//3538 4898//3538
f 4824//3539 4854//3539 4895//3539
f 4825//3540 4824//3540 4896//3540
f 4822//3541 4825//3541 4899//3541
f 4823//3542 4822//3542 4893//3542
f 4826//3543 4823//3543 4892//3543
f 4891//3544 4819//3544 4826//3544
f 4820//3545 4819//3545 4891//3545
f 4927//3546 4821//3546 4820//3546
f 4928//3547 4818//3547 4821//3547
f 4846//3548 4818//3548 4928//3548
f 4923//3549 4845//3549 4846//3549
f 4847//3550 4845//3550 4923//3550
f 4851//3551 4847//3551 4925//3551
f 4848//3552 4851//3552 4929//3552
f 4903//3553 4850//3553 4848//3553
f 4849//3933 4850//3933 4903//3933
f 4809//3555 4849//3555 4902//3555
f 4812//3556 4809//3556 4901//3556
f 4810//3557 4812//3557 4908//3557
f 4904//3558 4811//3558 4810//3558
f 4817//3559 4811//3559 4904//3559
f 4814//3560 4817//3560 4907//3560
f 4936//3561 4813//3561 4814//3561
f 4816//3562 4813//3562 4936//3562
f 4815//3563 4816//3563 4930//3563
f 4933//3564 4858//3564 4815//3564
f 4909//3565 4855//3565 4858//3565
f 5034//3605 5036//3605 5035//3605
f 5036//3606 5038//3606 5037//3606
f 5038//3607 5040//3607 5039//3607
f 5039//3608 5040//3608 5042//3608
f 5042//3609 5044//3609 5043//3609
f 5043//3610 5044//3610 5046//3610
f 5045//3611 5046//3611 5048//3611
f 5047//3612 5048//3612 5050//3612
f 5049//3613 5050//3613 5052//3613
f 5052//3614 5054//3614 5053//3614
f 5053//3615 5054//3615 5056//3615
f 5055//3616 5056//3616 5058//3616
f 5057//3617 5058//3617 5060//3617
f 5059//3618 5060//3618 5062//3618
f 5062//3619 5064//3619 5063//3619
f 5063//3620 5064//3620 5066//3620
f 5066//3621 5068//3621 5067//3621
f 5068//3622 5070//3622 5069//3622
f 5070//3623 5072//3623 5071//3623
f 5072//3624 5074//3624 5073//3624
f 5074//3625 5076//3625 5075//3625
f 5075//3626 5076//3626 5078//3626
f 5078//3627 5080//3627 5079//3627
f 5080//3628 5082//3628 5081//3628
f 5081//3629 5082//3629 5084//3629
f 5083//3630 5084//3630 5086//3630
f 5086//3631 5088//3631 5087//3631
f 5088//3632 5090//3632 5089//3632
f 5090//3633 5092//3633 5091//3633
f 5092//3634 5094//3634 5093//3634
f 5094//3635 5096//3635 5095//3635
f 5096//3636 5098//3636 5097//3636
f 5098//3637 5100//3637 5099//3637
f 5099//3638 5100//3638 5102//3638
f 5102//3639 5104//3639 5103//3639
f 5103//3640 5104//3640 5106//3640
f 5105//3641 5106//3641 5108//3641
f 5107//3642 5108//3642 5110//3642
f 5109//3643 5110//3643 5112//3643
f 5112//3644 5114//3644 5113//3644
f 5114//3645 5116//3645 5115//3645
f 5115//3646 5116//3646 5118//3646
f 5118//3647 5120//3647 5119//3647
f 5120//3648 5122//3648 5121//3648
f 5122//3649 5124//3649 5123//3649
f 5124//3650 5126//3650 5125//3650
f 5125//3651 5126//3651 5128//3651
f 5128//3652 5130//3652 5129//3652
f 5130//3653 5132//3653 5131//3653
f 5131//3654 5132//3654 5134//3654
f 5133//3655 5134//3655 5136//3655
f 5136//3656 5138//3656 5137//3656
f 5137//3657 5138//3657 5140//3657
f 5140//3658 5142//3658 5141//3658
f 5141//3659 5142//3659 5144//3659
f 5143//3660 5144//3660 5146//3660
f 5146//3661 5148//3661 5147//3661
f 5148//3662 5150//3662 5149//3662
f 5150//3663 5152//3663 5151//3663
f 5151//3664 5152//3664 5154//3664
f 5154//3665 5156//3665 5155//3665
f 5156//3666 5158//3666 5157//3666
f 5080//3603 5078//3603 5076//3603
f 5076//3603 5074//3603 5072//3603
f 5072//3603 5070//3603 5222//3603
f 5072//3603 5222//3603 5217//3603
f 5080//3603 5076//3603 5072//3603
f 5084//3603 5082//3603 5080//3603
f 5088//3934 5086//3934 5084//3934
f 5092//3603 5090//3603 5088//3603
f 5096//3935 5094//3935 5092//3935
f 5100//3936 5098//3936 5096//3936
f 5211//3603 5102//3603 5100//3603
f 5213//3603 5211//3603 5100//3603
f 5100//3603 5096//3603 5092//3603
f 5092//3603 5088//3603 5084//3603
f 5084//3603 5080//3603 5072//3603
f 5072//3603 5217//3603 5218//3603
f 5072//3603 5218//3603 5219//3603
f 5092//3603 5084//3603 5072//3603
f 5213//3603 5100//3603 5092//3603
f 5212//3603 5213//3603 5092//3603
f 5072//3603 5219//3603 5185//3603
f 5072//3603 5185//3603 5186//3603
f 5216//3603 5212//3603 5092//3603
f 5179//3603 5216//3603 5092//3603
f 5092//3603 5072//3603 5186//3603
f 5092//3603 5186//3603 5184//3603
f 5182//3603 5179//3603 5092//3603
f 5180//3603 5182//3603 5092//3603
f 5092//3603 5184//3603 5183//3603
f 5092//3603 5183//3603 5187//3603
f 5181//3603 5180//3603 5092//3603
f 5060//3603 5058//3603 5056//3603
f 5056//3603 5054//3603 5052//3603
f 5052//3603 5050//3603 5048//3603
f 5048//3603 5046//3603 5044//3603
f 5044//3603 5042//3603 5040//3603
f 5040//3603 5038//3603 5036//3603
f 5036//3603 5034//3603 5160//3603
f 5160//3603 5158//3603 5156//3603
f 5156//3937 5154//3937 5152//3937
f 5152//3603 5150//3603 5148//3603
f 5148//3603 5146//3603 5144//3603
f 5144//3603 5142//3603 5140//3603
f 5140//3603 5138//3603 5136//3603
f 5136//3603 5134//3603 5132//3603
f 5132//3603 5130//3603 5128//3603
f 5128//3603 5126//3603 5124//3603
f 5124//3937 5122//3937 5120//3937
f 5120//3603 5118//3603 5116//3603
f 5116//3603 5114//3603 5112//3603
f 5112//3936 5110//3936 5108//3936
f 5108//3936 5106//3936 5104//3936
f 5104//3603 5102//3603 5211//3603
f 5104//3603 5211//3603 5205//3603
f 5112//3603 5108//3603 5104//3603
f 5120//3603 5116//3603 5112//3603
f 5128//3603 5124//3603 5120//3603
f 5136//3603 5132//3603 5128//3603
f 5144//3603 5140//3603 5136//3603
f 5152//3603 5148//3603 5144//3603
f 5160//3603 5156//3603 5152//3603
f 5040//3603 5036//3603 5160//3603
f 5048//3603 5044//3603 5040//3603
f 5056//3603 5052//3603 5048//3603
f 5062//3603 5060//3603 5056//3603
f 5066//3603 5064//3603 5062//3603
f 5070//3603 5068//3603 5066//3603
f 5223//3603 5222//3603 5070//3603
f 5220//3603 5223//3603 5070//3603
f 5070//3603 5066//3603 5062//3603
f 5062//3603 5056//3603 5048//3603
f 5048//3603 5040//3603 5160//3603
f 5160//3603 5152//3603 5144//3603
f 5144//3603 5136//3603 5128//3603
f 5128//3603 5120//3603 5112//3603
f 5112//3603 5104//3603 5205//3603
f 5112//3603 5205//3603 5204//3603
f 5070//3603 5062//3603 5048//3603
f 5221//3603 5220//3603 5070//3603
f 5194//3603 5221//3603 5070//3603
f 5112//3603 5204//3603 5206//3603
f 5112//3603 5206//3603 5176//3603
f 5194//3603 5070//3603 5048//3603
f 5195//3603 5194//3603 5048//3603
f 5112//3603 5176//3603 5177//3603
f 5112//3603 5177//3603 5174//3603
f 5193//3603 5195//3603 5048//3603
f 5192//3603 5193//3603 5048//3603
f 5128//3603 5112//3603 5174//3603
f 5128//3603 5174//3603 5175//3603
f 5196//3603 5192//3603 5048//3603
f 5190//3603 5196//3603 5048//3603
f 5128//3603 5175//3603 5178//3603
f 5128//3603 5178//3603 5171//3603
f 5189//3603 5190//3603 5048//3603
f 5191//3603 5189//3603 5048//3603
f 5128//3603 5171//3603 5172//3603
f 5128//3603 5172//3603 5173//3603
f 5188//3603 5191//3603 5048//3603
f 5224//3603 5188//3603 5048//3603
f 5128//3603 5173//3603 5170//3603
f 5128//3603 5170//3603 5198//3603
f 5224//3603 5048//3603 5160//3603
f 5214//3603 5224//3603 5160//3603
f 5128//3603 5198//3603 5197//3603
f 5128//3603 5197//3603 5199//3603
f 5215//3603 5214//3603 5160//3603
f 5208//3603 5215//3603 5160//3603
f 5144//3603 5128//3603 5199//3603
f 5144//3603 5199//3603 5203//3603
f 5209//3603 5208//3603 5160//3603
f 5207//3603 5209//3603 5160//3603
f 5144//3603 5203//3603 5200//3603
f 5144//3603 5200//3603 5202//3603
f 5210//3603 5207//3603 5160//3603
f 5167//3603 5210//3603 5160//3603
f 5144//3603 5202//3603 5201//3603
f 5144//3603 5201//3603 5161//3603
f 5167//3603 5160//3603 5144//3603
f 5168//3603 5167//3603 5144//3603
f 5144//3603 5161//3603 5164//3603
f 5144//3603 5164//3603 5162//3603
f 5165//3603 5168//3603 5144//3603
f 5166//3603 5165//3603 5144//3603
f 5144//3603 5162//3603 5163//3603
f 5169//3603 5166//3603 5144//3603
f 5157//3667 5158//3667 5160//3667
f 5159//3668 5160//3668 5034//3668
f 5157//3604 5159//3604 5033//3604
f 5033//3604 5035//3604 5037//3604
f 5037//3604 5039//3604 5041//3604
f 5041//3604 5043//3604 5045//3604
f 5045//3604 5047//3604 5233//3604
f 5045//3604 5233//3604 5227//3604
f 5037//3604 5041//3604 5045//3604
f 5157//3604 5033//3604 5037//3604
f 5153//3604 5155//3604 5157//3604
f 5149//3604 5151//3604 5153//3604
f 5145//3604 5147//3604 5149//3604
f 5260//3604 5143//3604 5145//3604
f 5257//3604 5260//3604 5145//3604
f 5145//3604 5149//3604 5153//3604
f 5153//3604 5157//3604 5037//3604
f 5037//3604 5045//3604 5227//3604
f 5037//3604 5227//3604 5226//3604
f 5145//3604 5153//3604 5037//3604
f 5256//3604 5257//3604 5145//3604
f 5259//3604 5256//3604 5145//3604
f 5037//3604 5226//3604 5228//3604
f 5037//3604 5228//3604 5225//3604
f 5258//3604 5259//3604 5145//3604
f 5288//3604 5258//3604 5145//3604
f 5037//3604 5225//3604 5265//3604
f 5037//3604 5265//3604 5262//3604
f 5288//3604 5145//3604 5037//3604
f 5282//3604 5288//3604 5037//3604
f 5037//3604 5262//3604 5261//3604
f 5037//3604 5261//3604 5285//3604
f 5284//3604 5282//3604 5037//3604
f 5229//3604 5233//3604 5047//3604
f 5047//3938 5049//3938 5051//3938
f 5051//3604 5053//3604 5055//3604
f 5055//3604 5057//3604 5059//3604
f 5059//3604 5061//3604 5063//3604
f 5063//3604 5065//3604 5067//3604
f 5067//3604 5069//3604 5071//3604
f 5071//3604 5073//3604 5075//3604
f 5075//3604 5077//3604 5079//3604
f 5079//3604 5081//3604 5083//3604
f 5083//3604 5085//3604 5087//3604
f 5087//3939 5089//3939 5091//3939
f 5091//3604 5093//3604 5095//3604
f 5095//3604 5097//3604 5099//3604
f 5099//3604 5101//3604 5103//3604
f 5103//3604 5105//3604 5107//3604
f 5107//3939 5109//3939 5111//3939
f 5111//3604 5113//3604 5115//3604
f 5115//3604 5117//3604 5119//3604
f 5119//3604 5121//3604 5123//3604
f 5123//3604 5125//3604 5127//3604
f 5127//3604 5129//3604 5131//3604
f 5131//3604 5133//3604 5135//3604
f 5135//3604 5137//3604 5139//3604
f 5139//3938 5141//3938 5143//3938
f 5143//3604 5260//3604 5253//3604
f 5143//3604 5253//3604 5254//3604
f 5135//3604 5139//3604 5143//3604
f 5127//3604 5131//3604 5135//3604
f 5119//3604 5123//3604 5127//3604
f 5111//3604 5115//3604 5119//3604
f 5103//3604 5107//3604 5111//3604
f 5095//3604 5099//3604 5103//3604
f 5087//3604 5091//3604 5095//3604
f 5079//3604 5083//3604 5087//3604
f 5071//3604 5075//3604 5079//3604
f 5063//3604 5067//3604 5071//3604
f 5055//3604 5059//3604 5063//3604
f 5047//3604 5051//3604 5055//3604
f 5230//3604 5229//3604 5047//3604
f 5232//3604 5230//3604 5047//3604
f 5047//3604 5055//3604 5063//3604
f 5063//3604 5071//3604 5079//3604
f 5079//3604 5087//3604 5095//3604
f 5095//3604 5103//3604 5111//3604
f 5111//3604 5119//3604 5127//3604
f 5127//3604 5135//3604 5143//3604
f 5143//3604 5254//3604 5255//3604
f 5143//3604 5255//3604 5252//3604
f 5232//3604 5047//3604 5063//3604
f 5231//3604 5232//3604 5063//3604
f 5127//3604 5143//3604 5252//3604
f 5127//3604 5252//3604 5281//3604
f 5268//3604 5231//3604 5063//3604
f 5267//3604 5268//3604 5063//3604
f 5127//3604 5281//3604 5277//3604
f 5127//3604 5277//3604 5275//3604
f 5272//3604 5267//3604 5063//3604
f 5270//3604 5272//3604 5063//3604
f 5127//3604 5275//3604 5276//3604
f 5127//3604 5276//3604 5280//3604
f 5269//3604 5270//3604 5063//3604
f 5271//3604 5269//3604 5063//3604
f 5111//3604 5127//3604 5280//3604
f 5111//3604 5280//3604 5279//3604
f 5271//3604 5063//3604 5079//3604
f 5273//3604 5271//3604 5079//3604
f 5111//3604 5279//3604 5278//3604
f 5111//3604 5278//3604 5243//3604
f 5240//3604 5273//3604 5079//3604
f 5241//3604 5240//3604 5079//3604
f 5111//3604 5243//3604 5246//3604
f 5111//3604 5246//3604 5244//3604
f 5239//3604 5241//3604 5079//3604
f 5238//3604 5239//3604 5079//3604
f 5111//3604 5244//3604 5245//3604
f 5111//3604 5245//3604 5251//3604
f 5242//3604 5238//3604 5079//3604
f 5236//3604 5242//3604 5079//3604
f 5111//3604 5251//3604 5248//3604
f 5111//3604 5248//3604 5247//3604
f 5236//3604 5079//3604 5095//3604
f 5235//3939 5236//3939 5095//3939
f 5095//3604 5111//3604 5247//3604
f 5095//3604 5247//3604 5250//3604
f 5237//3604 5235//3604 5095//3604
f 5234//3604 5237//3604 5095//3604
f 5095//3604 5250//3604 5249//3604
f 5095//3604 5249//3604 5283//3604
f 5274//3604 5234//3604 5095//3604
f 5264//3604 5274//3604 5095//3604
f 5095//3604 5283//3604 5287//3604
f 5095//3604 5287//3604 5286//3604
f 5263//3604 5264//3604 5095//3604
f 5095//3604 5286//3604 5266//3604
f 5262//3637 5209//3637 5207//3637
f 5208//3638 5209//3638 5262//3638
f 5225//3639 5215//3639 5208//3639
f 5214//3640 5215//3640 5225//3640
f 5224//3641 5214//3641 5228//3641
f 5188//3642 5224//3642 5226//3642
f 5233//3643 5191//3643 5188//3643
f 5189//3644 5191//3644 5233//3644
f 5189//3645 5229//3645 5230//3645
f 5196//3646 5190//3646 5230//3646
f 5196//3647 5232//3647 5231//3647
f 5193//3648 5192//3648 5231//3648
f 5195//3649 5193//3649 5268//3649
f 5194//3650 5195//3650 5267//3650
f 5221//3651 5194//3651 5272//3651
f 5221//3652 5270//3652 5269//3652
f 5220//3653 5269//3653 5271//3653
f 5222//3654 5223//3654 5271//3654
f 5217//3655 5222//3655 5273//3655
f 5217//3656 5240//3656 5241//3656
f 5219//3657 5218//3657 5241//3657
f 5185//3658 5219//3658 5239//3658
f 5185//3659 5238//3659 5242//3659
f 5186//3660 5242//3660 5236//3660
f 5183//3661 5184//3661 5236//3661
f 5183//3662 5235//3662 5237//3662
f 5181//3663 5187//3663 5237//3663
f 5180//3664 5181//3664 5234//3664
f 5182//3665 5180//3665 5274//3665
f 5182//3666 5264//3666 5263//3666
f 5179//3667 5263//3667 5266//3667
f 5216//3668 5266//3668 5286//3668
f 5213//3605 5212//3605 5286//3605
f 5211//3606 5213//3606 5287//3606
f 5211//3607 5283//3607 5249//3607
f 5205//3608 5249//3608 5250//3608
f 5206//3609 5204//3609 5250//3609
f 5206//3610 5247//3610 5248//3610
f 5177//3611 5176//3611 5248//3611
f 5174//3612 5177//3612 5251//3612
f 5244//3613 5175//3613 5174//3613
f 5178//3614 5175//3614 5244//3614
f 5171//3615 5178//3615 5246//3615
f 5278//3940 5172//3940 5171//3940
f 5173//3617 5172//3617 5278//3617
f 5280//3618 5170//3618 5173//3618
f 5276//3619 5198//3619 5170//3619
f 5275//3620 5197//3620 5198//3620
f 5199//3621 5197//3621 5275//3621
f 5281//3622 5203//3622 5199//3622
f 5200//3623 5203//3623 5281//3623
f 5202//3624 5200//3624 5252//3624
f 5254//3625 5201//3625 5202//3625
f 5161//3626 5201//3626 5254//3626
f 5164//3627 5161//3627 5253//3627
f 5162//3628 5164//3628 5260//3628
f 5256//3629 5163//3629 5162//3629
f 5259//3630 5169//3630 5163//3630
f 5258//3631 5166//3631 5169//3631
f 5165//3632 5166//3632 5258//3632
f 5168//3633 5165//3633 5288//3633
f 5284//3634 5167//3634 5168//3634
f 5285//3635 5210//3635 5167//3635
f 5207//3636 5210//3636 5285//3636
