# Blender 5.2.2 LTS
# www.blender.org
mtllib ladder_2.mtl
o ladder_2
v -1.994292 -1.675536 0.100008
v -2.005103 -1.687463 32.360008
v -1.989115 -1.694854 0.100002
v -1.999927 -1.706782 32.360004
v -2.003258 -1.708996 0.099993
v -2.014069 -1.720924 32.359993
v -2.022576 -1.703820 0.099989
v -2.033388 -1.715747 32.359993
v -2.027752 -1.684501 0.099995
v -2.038564 -1.696429 32.359997
v -2.013610 -1.670359 0.100004
v -2.024422 -1.682287 32.360008
v -1.676094 -1.993734 0.100008
v -1.686905 -2.005661 32.360008
v -1.670917 -2.013052 0.100002
v -1.681729 -2.024980 32.360004
v -1.685059 -2.027194 0.099993
v -1.695871 -2.039122 32.359993
v -1.704378 -2.022018 0.099989
v -1.715189 -2.033946 32.359993
v -1.709554 -2.002700 0.099995
v -1.720366 -2.014627 32.359997
v -1.695412 -1.988558 0.100004
v -1.706224 -2.000485 32.360008
v -1.840850 -1.840292 0.100004
v -1.851661 -1.852219 32.360008
v -1.837744 -1.851883 0.100000
v -1.848555 -1.863810 32.360001
v -1.846229 -1.860368 0.099995
v -1.857041 -1.872295 32.359997
v -1.857820 -1.857262 0.099993
v -1.868632 -1.869190 32.359993
v -1.860926 -1.845671 0.099997
v -1.871737 -1.857598 32.360001
v -1.852441 -1.837186 0.100002
v -1.863252 -1.849113 32.360004
v -2.007901 -1.689703 0.212000
v -1.689703 -2.007901 0.212000
v -2.000552 -1.682355 0.206000
v -1.682355 -2.000552 0.206000
v -2.000552 -1.682355 0.194000
v -1.682355 -2.000552 0.194000
v -2.007901 -1.689703 0.188000
v -1.689703 -2.007901 0.188000
v -2.015249 -1.697051 0.194000
v -1.697052 -2.015249 0.194000
v -2.015249 -1.697051 0.206000
v -1.697052 -2.015249 0.206000
v -2.007971 -1.689773 0.492000
v -1.689773 -2.007971 0.492000
v -2.000623 -1.682425 0.486000
v -1.682425 -2.000623 0.486000
v -2.000623 -1.682425 0.474000
v -1.682425 -2.000623 0.474000
v -2.007971 -1.689773 0.468000
v -1.689773 -2.007971 0.468000
v -2.015320 -1.697122 0.474000
v -1.697122 -2.015320 0.474000
v -2.015320 -1.697122 0.486000
v -1.697122 -2.015320 0.486000
v -2.008041 -1.689843 0.772000
v -1.689843 -2.008041 0.772000
v -2.000693 -1.682495 0.766000
v -1.682495 -2.000693 0.766000
v -2.000693 -1.682495 0.754000
v -1.682495 -2.000693 0.754000
v -2.008041 -1.689843 0.748000
v -1.689843 -2.008041 0.748000
v -2.015390 -1.697192 0.754000
v -1.697192 -2.015390 0.754000
v -2.015390 -1.697192 0.766000
v -1.697192 -2.015390 0.766000
v -2.008112 -1.689914 1.052000
v -1.689914 -2.008112 1.052000
v -2.000763 -1.682565 1.046000
v -1.682565 -2.000763 1.046000
v -2.000763 -1.682565 1.034000
v -1.682565 -2.000763 1.034000
v -2.008112 -1.689914 1.028000
v -1.689914 -2.008112 1.028000
v -2.015460 -1.697262 1.034000
v -1.697262 -2.015460 1.034000
v -2.015460 -1.697262 1.046000
v -1.697262 -2.015460 1.046000
v -2.008182 -1.689984 1.332000
v -1.689984 -2.008182 1.332000
v -2.000833 -1.682635 1.326000
v -1.682635 -2.000833 1.326000
v -2.000833 -1.682635 1.314000
v -1.682635 -2.000833 1.314000
v -2.008182 -1.689984 1.308000
v -1.689984 -2.008182 1.308000
v -2.015530 -1.697332 1.314000
v -1.697332 -2.015530 1.314000
v -2.015530 -1.697332 1.326000
v -1.697332 -2.015530 1.326000
v -2.008252 -1.690054 1.612000
v -1.690054 -2.008252 1.612000
v -2.000904 -1.682706 1.606000
v -1.682706 -2.000904 1.606000
v -2.000904 -1.682706 1.594000
v -1.682706 -2.000904 1.594000
v -2.008252 -1.690054 1.588000
v -1.690054 -2.008252 1.588000
v -2.015600 -1.697402 1.594000
v -1.697402 -2.015600 1.594000
v -2.015600 -1.697402 1.606000
v -1.697402 -2.015600 1.606000
v -2.008322 -1.690124 1.892000
v -1.690124 -2.008322 1.892000
v -2.000974 -1.682776 1.886000
v -1.682776 -2.000974 1.886000
v -2.000974 -1.682776 1.874000
v -1.682776 -2.000974 1.874000
v -2.008322 -1.690124 1.868000
v -1.690124 -2.008322 1.868000
v -2.015671 -1.697473 1.874000
v -1.697473 -2.015671 1.874000
v -2.015671 -1.697473 1.886000
v -1.697473 -2.015671 1.886000
v -2.008393 -1.690194 2.172000
v -1.690194 -2.008393 2.172000
v -2.001044 -1.682846 2.166000
v -1.682846 -2.001044 2.166000
v -2.001044 -1.682846 2.154000
v -1.682846 -2.001044 2.154000
v -2.008393 -1.690194 2.148000
v -1.690194 -2.008393 2.148000
v -2.015741 -1.697543 2.154000
v -1.697543 -2.015741 2.154000
v -2.015741 -1.697543 2.166000
v -1.697543 -2.015741 2.166000
v -2.008463 -1.690265 2.452000
v -1.690265 -2.008463 2.452000
v -2.001114 -1.682916 2.446000
v -1.682916 -2.001114 2.446000
v -2.001114 -1.682916 2.434000
v -1.682916 -2.001114 2.434000
v -2.008463 -1.690265 2.428000
v -1.690265 -2.008463 2.428000
v -2.015811 -1.697613 2.434000
v -1.697613 -2.015811 2.434000
v -2.015811 -1.697613 2.446000
v -1.697613 -2.015811 2.446000
v -2.008533 -1.690335 2.732000
v -1.690335 -2.008533 2.732000
v -2.001184 -1.682986 2.726000
v -1.682986 -2.001184 2.726000
v -2.001184 -1.682986 2.714000
v -1.682986 -2.001184 2.714000
v -2.008533 -1.690335 2.708000
v -1.690335 -2.008533 2.708000
v -2.015881 -1.697683 2.714000
v -1.697683 -2.015881 2.714000
v -2.015881 -1.697683 2.726000
v -1.697683 -2.015881 2.726000
v -2.008603 -1.690405 3.012000
v -1.690405 -2.008603 3.012000
v -2.001255 -1.683057 3.006000
v -1.683057 -2.001255 3.006000
v -2.001255 -1.683057 2.994000
v -1.683057 -2.001255 2.994000
v -2.008603 -1.690405 2.988000
v -1.690405 -2.008603 2.988000
v -2.015952 -1.697754 2.994000
v -1.697754 -2.015952 2.994000
v -2.015952 -1.697754 3.006000
v -1.697754 -2.015952 3.006000
v -2.008673 -1.690475 3.292000
v -1.690475 -2.008673 3.292000
v -2.001325 -1.683127 3.286000
v -1.683127 -2.001325 3.286000
v -2.001325 -1.683127 3.274000
v -1.683127 -2.001325 3.274000
v -2.008673 -1.690475 3.268000
v -1.690475 -2.008673 3.268000
v -2.016022 -1.697824 3.274000
v -1.697824 -2.016022 3.274000
v -2.016022 -1.697824 3.286000
v -1.697824 -2.016022 3.286000
v -2.008744 -1.690546 3.572000
v -1.690546 -2.008744 3.572000
v -2.001395 -1.683197 3.566000
v -1.683197 -2.001395 3.566000
v -2.001395 -1.683197 3.554000
v -1.683197 -2.001395 3.554000
v -2.008744 -1.690546 3.548000
v -1.690546 -2.008744 3.548000
v -2.016092 -1.697894 3.554000
v -1.697894 -2.016092 3.554000
v -2.016092 -1.697894 3.566000
v -1.697894 -2.016092 3.566000
v -2.008814 -1.690616 3.852000
v -1.690616 -2.008814 3.852000
v -2.001465 -1.683267 3.846000
v -1.683267 -2.001465 3.846000
v -2.001465 -1.683267 3.834000
v -1.683267 -2.001465 3.834000
v -2.008814 -1.690616 3.828000
v -1.690616 -2.008814 3.828000
v -2.016162 -1.697964 3.834000
v -1.697964 -2.016162 3.834000
v -2.016162 -1.697964 3.846000
v -1.697964 -2.016162 3.846000
v -2.008884 -1.690686 4.132000
v -1.690686 -2.008884 4.132000
v -2.001535 -1.683338 4.126000
v -1.683338 -2.001535 4.126000
v -2.001535 -1.683338 4.114000
v -1.683338 -2.001535 4.114000
v -2.008884 -1.690686 4.108000
v -1.690686 -2.008884 4.108000
v -2.016232 -1.698034 4.114000
v -1.698035 -2.016232 4.114000
v -2.016232 -1.698034 4.126000
v -1.698035 -2.016232 4.126000
v -2.008954 -1.690756 4.412000
v -1.690756 -2.008954 4.412000
v -2.001606 -1.683408 4.406000
v -1.683408 -2.001606 4.406000
v -2.001606 -1.683408 4.394000
v -1.683408 -2.001606 4.394000
v -2.008954 -1.690756 4.388000
v -1.690756 -2.008954 4.388000
v -2.016303 -1.698105 4.394000
v -1.698105 -2.016303 4.394000
v -2.016303 -1.698105 4.406000
v -1.698105 -2.016303 4.406000
v -2.009024 -1.690826 4.692000
v -1.690826 -2.009024 4.692000
v -2.001676 -1.683478 4.686000
v -1.683478 -2.001676 4.686000
v -2.001676 -1.683478 4.674000
v -1.683478 -2.001676 4.674000
v -2.009024 -1.690826 4.668000
v -1.690826 -2.009024 4.668000
v -2.016373 -1.698175 4.674000
v -1.698175 -2.016373 4.674000
v -2.016373 -1.698175 4.686000
v -1.698175 -2.016373 4.686000
v -2.009095 -1.690897 4.972000
v -1.690897 -2.009095 4.972000
v -2.001746 -1.683548 4.966000
v -1.683548 -2.001746 4.966000
v -2.001746 -1.683548 4.954000
v -1.683548 -2.001746 4.954000
v -2.009095 -1.690897 4.948000
v -1.690897 -2.009095 4.948000
v -2.016443 -1.698245 4.954000
v -1.698245 -2.016443 4.954000
v -2.016443 -1.698245 4.966000
v -1.698245 -2.016443 4.966000
v -2.009165 -1.690967 5.252000
v -1.690967 -2.009165 5.252000
v -2.001816 -1.683618 5.246000
v -1.683618 -2.001816 5.246000
v -2.001816 -1.683618 5.234000
v -1.683618 -2.001816 5.234000
v -2.009165 -1.690967 5.228000
v -1.690967 -2.009165 5.228000
v -2.016513 -1.698315 5.234000
v -1.698315 -2.016513 5.234000
v -2.016513 -1.698315 5.246000
v -1.698315 -2.016513 5.246000
v -2.009235 -1.691037 5.532000
v -1.691037 -2.009235 5.532000
v -2.001887 -1.683689 5.526000
v -1.683689 -2.001887 5.526000
v -2.001887 -1.683689 5.514000
v -1.683689 -2.001887 5.514000
v -2.009235 -1.691037 5.508000
v -1.691037 -2.009235 5.508000
v -2.016583 -1.698385 5.514000
v -1.698385 -2.016583 5.514000
v -2.016583 -1.698385 5.526000
v -1.698385 -2.016583 5.526000
v -2.009305 -1.691107 5.812000
v -1.691107 -2.009305 5.812000
v -2.001957 -1.683759 5.806000
v -1.683759 -2.001957 5.806000
v -2.001957 -1.683759 5.794000
v -1.683759 -2.001957 5.794000
v -2.009305 -1.691107 5.788000
v -1.691107 -2.009305 5.788000
v -2.016654 -1.698456 5.794000
v -1.698456 -2.016654 5.794000
v -2.016654 -1.698456 5.806000
v -1.698456 -2.016654 5.806000
v -2.009376 -1.691177 6.092000
v -1.691177 -2.009376 6.092000
v -2.002027 -1.683829 6.086000
v -1.683829 -2.002027 6.086000
v -2.002027 -1.683829 6.074000
v -1.683829 -2.002027 6.074000
v -2.009376 -1.691177 6.068000
v -1.691177 -2.009376 6.068000
v -2.016724 -1.698526 6.074000
v -1.698526 -2.016724 6.074000
v -2.016724 -1.698526 6.086000
v -1.698526 -2.016724 6.086000
v -2.009446 -1.691248 6.372000
v -1.691248 -2.009446 6.372000
v -2.002097 -1.683899 6.366000
v -1.683899 -2.002097 6.366000
v -2.002097 -1.683899 6.354000
v -1.683899 -2.002097 6.354000
v -2.009446 -1.691248 6.348000
v -1.691248 -2.009446 6.348000
v -2.016794 -1.698596 6.354000
v -1.698596 -2.016794 6.354000
v -2.016794 -1.698596 6.366000
v -1.698596 -2.016794 6.366000
v -2.009516 -1.691318 6.652000
v -1.691318 -2.009516 6.652000
v -2.002167 -1.683969 6.646000
v -1.683969 -2.002167 6.646000
v -2.002167 -1.683969 6.634000
v -1.683969 -2.002167 6.634000
v -2.009516 -1.691318 6.628000
v -1.691318 -2.009516 6.628000
v -2.016864 -1.698666 6.634000
v -1.698666 -2.016864 6.634000
v -2.016864 -1.698666 6.646000
v -1.698666 -2.016864 6.646000
v -2.009586 -1.691388 6.932000
v -1.691388 -2.009586 6.932000
v -2.002238 -1.684040 6.926000
v -1.684040 -2.002238 6.926000
v -2.002238 -1.684040 6.914000
v -1.684040 -2.002238 6.914000
v -2.009586 -1.691388 6.908000
v -1.691388 -2.009586 6.908000
v -2.016935 -1.698737 6.914000
v -1.698737 -2.016935 6.914000
v -2.016935 -1.698737 6.926000
v -1.698737 -2.016935 6.926000
v -2.009656 -1.691458 7.212000
v -1.691458 -2.009656 7.212000
v -2.002308 -1.684110 7.206000
v -1.684110 -2.002308 7.206000
v -2.002308 -1.684110 7.194000
v -1.684110 -2.002308 7.194000
v -2.009656 -1.691458 7.188000
v -1.691458 -2.009656 7.188000
v -2.017005 -1.698807 7.194000
v -1.698807 -2.017005 7.194000
v -2.017005 -1.698807 7.206000
v -1.698807 -2.017005 7.206000
v -2.009727 -1.691529 7.492000
v -1.691529 -2.009727 7.492000
v -2.002378 -1.684180 7.486000
v -1.684180 -2.002378 7.486000
v -2.002378 -1.684180 7.474000
v -1.684180 -2.002378 7.474000
v -2.009727 -1.691529 7.468000
v -1.691529 -2.009727 7.468000
v -2.017075 -1.698877 7.474000
v -1.698877 -2.017075 7.474000
v -2.017075 -1.698877 7.486000
v -1.698877 -2.017075 7.486000
v -2.009797 -1.691599 7.772000
v -1.691599 -2.009797 7.772000
v -2.002448 -1.684250 7.766000
v -1.684250 -2.002448 7.766000
v -2.002448 -1.684250 7.754000
v -1.684250 -2.002448 7.754000
v -2.009797 -1.691599 7.748000
v -1.691599 -2.009797 7.748000
v -2.017145 -1.698947 7.754000
v -1.698947 -2.017145 7.754000
v -2.017145 -1.698947 7.766000
v -1.698947 -2.017145 7.766000
v -2.009867 -1.691669 8.052000
v -1.691669 -2.009867 8.052000
v -2.002518 -1.684321 8.046000
v -1.684321 -2.002518 8.046000
v -2.002518 -1.684321 8.034000
v -1.684321 -2.002518 8.034000
v -2.009867 -1.691669 8.028000
v -1.691669 -2.009867 8.028000
v -2.017215 -1.699017 8.034000
v -1.699018 -2.017215 8.034000
v -2.017215 -1.699017 8.046000
v -1.699018 -2.017215 8.046000
v -2.009937 -1.691739 8.332000
v -1.691739 -2.009937 8.332000
v -2.002589 -1.684391 8.325999
v -1.684391 -2.002589 8.325999
v -2.002589 -1.684391 8.314000
v -1.684391 -2.002589 8.314000
v -2.009937 -1.691739 8.308000
v -1.691739 -2.009937 8.308000
v -2.017286 -1.699088 8.314000
v -1.699088 -2.017286 8.314000
v -2.017286 -1.699088 8.325999
v -1.699088 -2.017286 8.325999
v -2.010007 -1.691809 8.612000
v -1.691809 -2.010007 8.612000
v -2.002659 -1.684461 8.606000
v -1.684461 -2.002659 8.606000
v -2.002659 -1.684461 8.594001
v -1.684461 -2.002659 8.594001
v -2.010007 -1.691809 8.588000
v -1.691809 -2.010007 8.588000
v -2.017356 -1.699158 8.594001
v -1.699158 -2.017356 8.594001
v -2.017356 -1.699158 8.606000
v -1.699158 -2.017356 8.606000
v -2.010078 -1.691880 8.892000
v -1.691880 -2.010078 8.892000
v -2.002729 -1.684531 8.886000
v -1.684531 -2.002729 8.886000
v -2.002729 -1.684531 8.874001
v -1.684531 -2.002729 8.874001
v -2.010078 -1.691880 8.868000
v -1.691880 -2.010078 8.868000
v -2.017426 -1.699228 8.874001
v -1.699228 -2.017426 8.874001
v -2.017426 -1.699228 8.886000
v -1.699228 -2.017426 8.886000
v -2.010148 -1.691950 9.172000
v -1.691950 -2.010148 9.172000
v -2.002799 -1.684601 9.165999
v -1.684601 -2.002799 9.165999
v -2.002799 -1.684601 9.154000
v -1.684601 -2.002799 9.154000
v -2.010148 -1.691950 9.148000
v -1.691950 -2.010148 9.148000
v -2.017496 -1.699298 9.154000
v -1.699298 -2.017496 9.154000
v -2.017496 -1.699298 9.165999
v -1.699298 -2.017496 9.165999
v -2.010218 -1.692020 9.452000
v -1.692020 -2.010218 9.452000
v -2.002870 -1.684672 9.445999
v -1.684672 -2.002870 9.445999
v -2.002870 -1.684672 9.434000
v -1.684672 -2.002870 9.434000
v -2.010218 -1.692020 9.427999
v -1.692020 -2.010218 9.427999
v -2.017566 -1.699368 9.434000
v -1.699368 -2.017566 9.434000
v -2.017566 -1.699368 9.445999
v -1.699368 -2.017566 9.445999
v -2.010288 -1.692090 9.732000
v -1.692090 -2.010288 9.732000
v -2.002940 -1.684742 9.726000
v -1.684742 -2.002940 9.726000
v -2.002940 -1.684742 9.714001
v -1.684742 -2.002940 9.714001
v -2.010288 -1.692090 9.708000
v -1.692090 -2.010288 9.708000
v -2.017637 -1.699439 9.714001
v -1.699439 -2.017637 9.714001
v -2.017637 -1.699439 9.726000
v -1.699439 -2.017637 9.726000
v -2.010359 -1.692160 10.012000
v -1.692160 -2.010359 10.012000
v -2.003010 -1.684812 10.006000
v -1.684812 -2.003010 10.006000
v -2.003010 -1.684812 9.994000
v -1.684812 -2.003010 9.994000
v -2.010359 -1.692160 9.988000
v -1.692160 -2.010359 9.988000
v -2.017707 -1.699509 9.994000
v -1.699509 -2.017707 9.994000
v -2.017707 -1.699509 10.006000
v -1.699509 -2.017707 10.006000
v -2.010429 -1.692231 10.292000
v -1.692231 -2.010429 10.292000
v -2.003080 -1.684882 10.285999
v -1.684882 -2.003080 10.285999
v -2.003080 -1.684882 10.274000
v -1.684882 -2.003080 10.274000
v -2.010429 -1.692231 10.268000
v -1.692231 -2.010429 10.268000
v -2.017777 -1.699579 10.274000
v -1.699579 -2.017777 10.274000
v -2.017777 -1.699579 10.285999
v -1.699579 -2.017777 10.285999
v -2.010499 -1.692301 10.572001
v -1.692301 -2.010499 10.572001
v -2.003150 -1.684952 10.566000
v -1.684952 -2.003150 10.566000
v -2.003150 -1.684952 10.554001
v -1.684952 -2.003150 10.554001
v -2.010499 -1.692301 10.548000
v -1.692301 -2.010499 10.548000
v -2.017847 -1.699649 10.554001
v -1.699649 -2.017847 10.554001
v -2.017847 -1.699649 10.566000
v -1.699649 -2.017847 10.566000
v -2.010578 -1.692380 10.852000
v -1.692380 -2.010578 10.852000
v -2.003230 -1.685032 10.846000
v -1.685032 -2.003230 10.846000
v -2.003230 -1.685032 10.834001
v -1.685032 -2.003230 10.834001
v -2.010578 -1.692380 10.828000
v -1.692380 -2.010578 10.828000
v -2.017927 -1.699729 10.834001
v -1.699729 -2.017927 10.834001
v -2.017927 -1.699729 10.846000
v -1.699729 -2.017927 10.846000
v -2.010712 -1.692514 11.132000
v -1.692514 -2.010712 11.132000
v -2.003363 -1.685165 11.125999
v -1.685165 -2.003363 11.125999
v -2.003363 -1.685165 11.114000
v -1.685165 -2.003363 11.114000
v -2.010712 -1.692514 11.108000
v -1.692514 -2.010712 11.108000
v -2.018060 -1.699862 11.114000
v -1.699862 -2.018060 11.114000
v -2.018060 -1.699862 11.125999
v -1.699862 -2.018060 11.125999
v -2.010845 -1.692647 11.412000
v -1.692647 -2.010845 11.412000
v -2.003497 -1.685299 11.405999
v -1.685299 -2.003497 11.405999
v -2.003497 -1.685299 11.394000
v -1.685299 -2.003497 11.394000
v -2.010845 -1.692647 11.388000
v -1.692647 -2.010845 11.388000
v -2.018194 -1.699996 11.394000
v -1.699996 -2.018194 11.394000
v -2.018194 -1.699996 11.405999
v -1.699996 -2.018194 11.405999
v -2.010979 -1.692781 11.692000
v -1.692781 -2.010979 11.692000
v -2.003630 -1.685432 11.686000
v -1.685432 -2.003630 11.686000
v -2.003630 -1.685432 11.674001
v -1.685432 -2.003630 11.674001
v -2.010979 -1.692781 11.668000
v -1.692781 -2.010979 11.668000
v -2.018327 -1.700129 11.674001
v -1.700129 -2.018327 11.674001
v -2.018327 -1.700129 11.686000
v -1.700129 -2.018327 11.686000
v -2.011112 -1.692914 11.972000
v -1.692914 -2.011112 11.972000
v -2.003764 -1.685566 11.966000
v -1.685566 -2.003764 11.966000
v -2.003764 -1.685566 11.954000
v -1.685566 -2.003764 11.954000
v -2.011112 -1.692914 11.948000
v -1.692914 -2.011112 11.948000
v -2.018461 -1.700263 11.954000
v -1.700263 -2.018461 11.954000
v -2.018461 -1.700263 11.966000
v -1.700263 -2.018461 11.966000
v -2.011246 -1.693048 12.252000
v -1.693048 -2.011246 12.252000
v -2.003897 -1.685699 12.245999
v -1.685699 -2.003897 12.245999
v -2.003897 -1.685699 12.234000
v -1.685699 -2.003897 12.234000
v -2.011246 -1.693048 12.228000
v -1.693048 -2.011246 12.228000
v -2.018594 -1.700396 12.234000
v -1.700396 -2.018594 12.234000
v -2.018594 -1.700396 12.245999
v -1.700396 -2.018594 12.245999
v -2.011379 -1.693181 12.532001
v -1.693181 -2.011379 12.532001
v -2.004031 -1.685833 12.526000
v -1.685833 -2.004031 12.526000
v -2.004031 -1.685833 12.514001
v -1.685833 -2.004031 12.514001
v -2.011379 -1.693181 12.508000
v -1.693181 -2.011379 12.508000
v -2.018728 -1.700530 12.514001
v -1.700530 -2.018728 12.514001
v -2.018728 -1.700530 12.526000
v -1.700530 -2.018728 12.526000
v -2.011513 -1.693315 12.812000
v -1.693315 -2.011513 12.812000
v -2.004164 -1.685966 12.806000
v -1.685966 -2.004164 12.806000
v -2.004164 -1.685966 12.794001
v -1.685966 -2.004164 12.794001
v -2.011513 -1.693315 12.788000
v -1.693315 -2.011513 12.788000
v -2.018861 -1.700663 12.794001
v -1.700663 -2.018861 12.794001
v -2.018861 -1.700663 12.806000
v -1.700663 -2.018861 12.806000
v -2.011646 -1.693448 13.092000
v -1.693448 -2.011646 13.092000
v -2.004298 -1.686100 13.085999
v -1.686100 -2.004298 13.085999
v -2.004298 -1.686100 13.074000
v -1.686100 -2.004298 13.074000
v -2.011646 -1.693448 13.068000
v -1.693448 -2.011646 13.068000
v -2.018995 -1.700797 13.074000
v -1.700797 -2.018995 13.074000
v -2.018995 -1.700797 13.085999
v -1.700797 -2.018995 13.085999
v -2.011780 -1.693582 13.372000
v -1.693582 -2.011780 13.372000
v -2.004431 -1.686233 13.365999
v -1.686233 -2.004431 13.365999
v -2.004431 -1.686233 13.354000
v -1.686233 -2.004431 13.354000
v -2.011780 -1.693582 13.348000
v -1.693582 -2.011780 13.348000
v -2.019128 -1.700930 13.354000
v -1.700930 -2.019128 13.354000
v -2.019128 -1.700930 13.365999
v -1.700930 -2.019128 13.365999
v -2.011913 -1.693715 13.652000
v -1.693715 -2.011913 13.652000
v -2.004565 -1.686367 13.646000
v -1.686367 -2.004565 13.646000
v -2.004565 -1.686367 13.634001
v -1.686367 -2.004565 13.634001
v -2.011913 -1.693715 13.628000
v -1.693715 -2.011913 13.628000
v -2.019262 -1.701064 13.634001
v -1.701064 -2.019262 13.634001
v -2.019262 -1.701064 13.646000
v -1.701064 -2.019262 13.646000
v -2.012047 -1.693849 13.932000
v -1.693849 -2.012047 13.932000
v -2.004698 -1.686500 13.926000
v -1.686500 -2.004698 13.926000
v -2.004698 -1.686500 13.914001
v -1.686500 -2.004698 13.914001
v -2.012047 -1.693849 13.908000
v -1.693849 -2.012047 13.908000
v -2.019395 -1.701197 13.914001
v -1.701197 -2.019395 13.914001
v -2.019395 -1.701197 13.926000
v -1.701197 -2.019395 13.926000
v -2.012180 -1.693982 14.212000
v -1.693982 -2.012180 14.212000
v -2.004832 -1.686634 14.205999
v -1.686634 -2.004832 14.205999
v -2.004832 -1.686634 14.194000
v -1.686634 -2.004832 14.194000
v -2.012180 -1.693982 14.188000
v -1.693982 -2.012180 14.188000
v -2.019529 -1.701331 14.194000
v -1.701331 -2.019529 14.194000
v -2.019529 -1.701331 14.205999
v -1.701331 -2.019529 14.205999
v -2.012314 -1.694116 14.492000
v -1.694116 -2.012314 14.492000
v -2.004966 -1.686767 14.485999
v -1.686767 -2.004966 14.485999
v -2.004966 -1.686767 14.474000
v -1.686767 -2.004966 14.474000
v -2.012314 -1.694116 14.467999
v -1.694116 -2.012314 14.467999
v -2.019663 -1.701464 14.474000
v -1.701464 -2.019663 14.474000
v -2.019663 -1.701464 14.485999
v -1.701464 -2.019663 14.485999
v -2.012448 -1.694249 14.772000
v -1.694249 -2.012448 14.772000
v -2.005099 -1.686901 14.766000
v -1.686901 -2.005099 14.766000
v -2.005099 -1.686901 14.754001
v -1.686901 -2.005099 14.754001
v -2.012448 -1.694249 14.748000
v -1.694249 -2.012448 14.748000
v -2.019796 -1.701598 14.754001
v -1.701598 -2.019796 14.754001
v -2.019796 -1.701598 14.766000
v -1.701598 -2.019796 14.766000
v -2.012581 -1.694383 15.052000
v -1.694383 -2.012581 15.052000
v -2.005233 -1.687034 15.046000
v -1.687034 -2.005233 15.046000
v -2.005233 -1.687034 15.034000
v -1.687034 -2.005233 15.034000
v -2.012581 -1.694383 15.028000
v -1.694383 -2.012581 15.028000
v -2.019930 -1.701731 15.034000
v -1.701731 -2.019930 15.034000
v -2.019930 -1.701731 15.046000
v -1.701731 -2.019930 15.046000
v -2.012715 -1.694516 15.332000
v -1.694516 -2.012715 15.332000
v -2.005366 -1.687168 15.325999
v -1.687168 -2.005366 15.325999
v -2.005366 -1.687168 15.314000
v -1.687168 -2.005366 15.314000
v -2.012715 -1.694516 15.308000
v -1.694516 -2.012715 15.308000
v -2.020063 -1.701865 15.314000
v -1.701865 -2.020063 15.314000
v -2.020063 -1.701865 15.325999
v -1.701865 -2.020063 15.325999
v -2.012848 -1.694650 15.612000
v -1.694650 -2.012848 15.612000
v -2.005500 -1.687302 15.606000
v -1.687302 -2.005500 15.606000
v -2.005500 -1.687302 15.594001
v -1.687302 -2.005500 15.594001
v -2.012848 -1.694650 15.588000
v -1.694650 -2.012848 15.588000
v -2.020197 -1.701998 15.594001
v -1.701998 -2.020197 15.594001
v -2.020197 -1.701998 15.606000
v -1.701998 -2.020197 15.606000
v -2.012982 -1.694783 15.892000
v -1.694783 -2.012982 15.892000
v -2.005633 -1.687435 15.886000
v -1.687435 -2.005633 15.886000
v -2.005633 -1.687435 15.874001
v -1.687435 -2.005633 15.874001
v -2.012982 -1.694783 15.868000
v -1.694783 -2.012982 15.868000
v -2.020330 -1.702132 15.874001
v -1.702132 -2.020330 15.874001
v -2.020330 -1.702132 15.886000
v -1.702132 -2.020330 15.886000
v -2.013115 -1.694917 16.171999
v -1.694917 -2.013115 16.171999
v -2.005767 -1.687569 16.166000
v -1.687569 -2.005767 16.166000
v -2.005767 -1.687569 16.153999
v -1.687569 -2.005767 16.153999
v -2.013115 -1.694917 16.148001
v -1.694917 -2.013115 16.148001
v -2.020463 -1.702266 16.153999
v -1.702266 -2.020463 16.153999
v -2.020463 -1.702266 16.166000
v -1.702266 -2.020463 16.166000
v -2.013249 -1.695050 16.452000
v -1.695050 -2.013249 16.452000
v -2.005900 -1.687702 16.446001
v -1.687702 -2.005900 16.446001
v -2.005900 -1.687702 16.434000
v -1.687702 -2.005900 16.434000
v -2.013249 -1.695050 16.428001
v -1.695050 -2.013249 16.428001
v -2.020597 -1.702399 16.434000
v -1.702399 -2.020597 16.434000
v -2.020597 -1.702399 16.446001
v -1.702399 -2.020597 16.446001
v -2.013382 -1.695184 16.731998
v -1.695184 -2.013382 16.731998
v -2.006034 -1.687836 16.726000
v -1.687836 -2.006034 16.726000
v -2.006034 -1.687836 16.713999
v -1.687836 -2.006034 16.713999
v -2.013382 -1.695184 16.708000
v -1.695184 -2.013382 16.708000
v -2.020730 -1.702533 16.713999
v -1.702533 -2.020730 16.713999
v -2.020730 -1.702533 16.726000
v -1.702533 -2.020730 16.726000
v -2.013516 -1.695318 17.011999
v -1.695318 -2.013516 17.011999
v -2.006167 -1.687969 17.006001
v -1.687969 -2.006167 17.006001
v -2.006167 -1.687969 16.993999
v -1.687969 -2.006167 16.993999
v -2.013516 -1.695318 16.988001
v -1.695318 -2.013516 16.988001
v -2.020864 -1.702666 16.993999
v -1.702666 -2.020864 16.993999
v -2.020864 -1.702666 17.006001
v -1.702666 -2.020864 17.006001
v -2.013649 -1.695451 17.292000
v -1.695451 -2.013649 17.292000
v -2.006301 -1.688103 17.286001
v -1.688103 -2.006301 17.286001
v -2.006301 -1.688103 17.274000
v -1.688103 -2.006301 17.274000
v -2.013649 -1.695451 17.268002
v -1.695451 -2.013649 17.268002
v -2.020998 -1.702800 17.274000
v -1.702800 -2.020998 17.274000
v -2.020998 -1.702800 17.286001
v -1.702800 -2.020998 17.286001
v -2.013783 -1.695585 17.571999
v -1.695585 -2.013783 17.571999
v -2.006434 -1.688236 17.566000
v -1.688236 -2.006434 17.566000
v -2.006434 -1.688236 17.553999
v -1.688236 -2.006434 17.553999
v -2.013783 -1.695585 17.548000
v -1.695585 -2.013783 17.548000
v -2.021131 -1.702933 17.553999
v -1.702933 -2.021131 17.553999
v -2.021131 -1.702933 17.566000
v -1.702933 -2.021131 17.566000
v -2.013916 -1.695718 17.851999
v -1.695718 -2.013916 17.851999
v -2.006568 -1.688370 17.846001
v -1.688370 -2.006568 17.846001
v -2.006568 -1.688370 17.834000
v -1.688370 -2.006568 17.834000
v -2.013916 -1.695718 17.828001
v -1.695718 -2.013916 17.828001
v -2.021265 -1.703067 17.834000
v -1.703067 -2.021265 17.834000
v -2.021265 -1.703067 17.846001
v -1.703067 -2.021265 17.846001
v -2.014050 -1.695852 18.132000
v -1.695852 -2.014050 18.132000
v -2.006701 -1.688503 18.126001
v -1.688503 -2.006701 18.126001
v -2.006701 -1.688503 18.114000
v -1.688503 -2.006701 18.114000
v -2.014050 -1.695852 18.108002
v -1.695852 -2.014050 18.108002
v -2.021398 -1.703200 18.114000
v -1.703200 -2.021398 18.114000
v -2.021398 -1.703200 18.126001
v -1.703200 -2.021398 18.126001
v -2.014183 -1.695985 18.411999
v -1.695985 -2.014183 18.411999
v -2.006835 -1.688637 18.406000
v -1.688637 -2.006835 18.406000
v -2.006835 -1.688637 18.393999
v -1.688637 -2.006835 18.393999
v -2.014183 -1.695985 18.388000
v -1.695985 -2.014183 18.388000
v -2.021532 -1.703334 18.393999
v -1.703334 -2.021532 18.393999
v -2.021532 -1.703334 18.406000
v -1.703334 -2.021532 18.406000
v -2.014317 -1.696119 18.691999
v -1.696119 -2.014317 18.691999
v -2.006968 -1.688770 18.686001
v -1.688770 -2.006968 18.686001
v -2.006968 -1.688770 18.674000
v -1.688770 -2.006968 18.674000
v -2.014317 -1.696119 18.668001
v -1.696119 -2.014317 18.668001
v -2.021665 -1.703467 18.674000
v -1.703467 -2.021665 18.674000
v -2.021665 -1.703467 18.686001
v -1.703467 -2.021665 18.686001
v -2.014450 -1.696252 18.971998
v -1.696252 -2.014450 18.971998
v -2.007102 -1.688904 18.966000
v -1.688904 -2.007102 18.966000
v -2.007102 -1.688904 18.953999
v -1.688904 -2.007102 18.953999
v -2.014450 -1.696252 18.948000
v -1.696252 -2.014450 18.948000
v -2.021799 -1.703601 18.953999
v -1.703601 -2.021799 18.953999
v -2.021799 -1.703601 18.966000
v -1.703601 -2.021799 18.966000
v -2.014584 -1.696386 19.251999
v -1.696386 -2.014584 19.251999
v -2.007235 -1.689037 19.246000
v -1.689037 -2.007235 19.246000
v -2.007235 -1.689037 19.233999
v -1.689037 -2.007235 19.233999
v -2.014584 -1.696386 19.228001
v -1.696386 -2.014584 19.228001
v -2.021932 -1.703734 19.233999
v -1.703734 -2.021932 19.233999
v -2.021932 -1.703734 19.246000
v -1.703734 -2.021932 19.246000
v -2.014717 -1.696519 19.532000
v -1.696519 -2.014717 19.532000
v -2.007369 -1.689171 19.526001
v -1.689171 -2.007369 19.526001
v -2.007369 -1.689171 19.514000
v -1.689171 -2.007369 19.514000
v -2.014717 -1.696519 19.508001
v -1.696519 -2.014717 19.508001
v -2.022066 -1.703868 19.514000
v -1.703868 -2.022066 19.514000
v -2.022066 -1.703868 19.526001
v -1.703868 -2.022066 19.526001
v -2.014851 -1.696653 19.811998
v -1.696653 -2.014851 19.811998
v -2.007502 -1.689304 19.806000
v -1.689304 -2.007502 19.806000
v -2.007502 -1.689304 19.793999
v -1.689304 -2.007502 19.793999
v -2.014851 -1.696653 19.788000
v -1.696653 -2.014851 19.788000
v -2.022199 -1.704001 19.793999
v -1.704001 -2.022199 19.793999
v -2.022199 -1.704001 19.806000
v -1.704001 -2.022199 19.806000
v -2.014984 -1.696786 20.091999
v -1.696786 -2.014984 20.091999
v -2.007636 -1.689438 20.086000
v -1.689438 -2.007636 20.086000
v -2.007636 -1.689438 20.073999
v -1.689438 -2.007636 20.073999
v -2.014984 -1.696786 20.068001
v -1.696786 -2.014984 20.068001
v -2.022333 -1.704135 20.073999
v -1.704135 -2.022333 20.073999
v -2.022333 -1.704135 20.086000
v -1.704135 -2.022333 20.086000
v -2.015118 -1.696920 20.372000
v -1.696920 -2.015118 20.372000
v -2.007769 -1.689571 20.366001
v -1.689571 -2.007769 20.366001
v -2.007769 -1.689571 20.354000
v -1.689571 -2.007769 20.354000
v -2.015118 -1.696920 20.348001
v -1.696920 -2.015118 20.348001
v -2.022466 -1.704268 20.354000
v -1.704268 -2.022466 20.354000
v -2.022466 -1.704268 20.366001
v -1.704268 -2.022466 20.366001
v -2.015251 -1.697053 20.651999
v -1.697053 -2.015251 20.651999
v -2.007903 -1.689705 20.646000
v -1.689705 -2.007903 20.646000
v -2.007903 -1.689705 20.633999
v -1.689705 -2.007903 20.633999
v -2.015251 -1.697053 20.628000
v -1.697053 -2.015251 20.628000
v -2.022600 -1.704402 20.633999
v -1.704402 -2.022600 20.633999
v -2.022600 -1.704402 20.646000
v -1.704402 -2.022600 20.646000
v -2.015385 -1.697187 20.931999
v -1.697187 -2.015385 20.931999
v -2.008036 -1.689838 20.926001
v -1.689838 -2.008036 20.926001
v -2.008036 -1.689838 20.914000
v -1.689838 -2.008036 20.914000
v -2.015385 -1.697187 20.908001
v -1.697187 -2.015385 20.908001
v -2.022733 -1.704535 20.914000
v -1.704535 -2.022733 20.914000
v -2.022733 -1.704535 20.926001
v -1.704535 -2.022733 20.926001
v -2.015518 -1.697320 21.212000
v -1.697320 -2.015518 21.212000
v -2.008170 -1.689972 21.206001
v -1.689972 -2.008170 21.206001
v -2.008170 -1.689972 21.194000
v -1.689972 -2.008170 21.194000
v -2.015518 -1.697320 21.188002
v -1.697320 -2.015518 21.188002
v -2.022867 -1.704669 21.194000
v -1.704669 -2.022867 21.194000
v -2.022867 -1.704669 21.206001
v -1.704669 -2.022867 21.206001
v -2.015652 -1.697454 21.491999
v -1.697454 -2.015652 21.491999
v -2.008303 -1.690105 21.486000
v -1.690105 -2.008303 21.486000
v -2.008303 -1.690105 21.473999
v -1.690105 -2.008303 21.473999
v -2.015652 -1.697454 21.468000
v -1.697454 -2.015652 21.468000
v -2.023000 -1.704802 21.473999
v -1.704802 -2.023000 21.473999
v -2.023000 -1.704802 21.486000
v -1.704802 -2.023000 21.486000
v -2.015771 -1.697573 21.771999
v -1.697573 -2.015771 21.771999
v -2.008422 -1.690225 21.766001
v -1.690225 -2.008422 21.766001
v -2.008422 -1.690225 21.754000
v -1.690225 -2.008422 21.754000
v -2.015771 -1.697573 21.748001
v -1.697573 -2.015771 21.748001
v -2.023119 -1.704921 21.754000
v -1.704921 -2.023119 21.754000
v -2.023119 -1.704921 21.766001
v -1.704921 -2.023119 21.766001
v -2.015877 -1.697680 22.052000
v -1.697680 -2.015877 22.052000
v -2.008529 -1.690331 22.046001
v -1.690331 -2.008529 22.046001
v -2.008529 -1.690331 22.034000
v -1.690331 -2.008529 22.034000
v -2.015877 -1.697680 22.028002
v -1.697680 -2.015877 22.028002
v -2.023226 -1.705028 22.034000
v -1.705028 -2.023226 22.034000
v -2.023226 -1.705028 22.046001
v -1.705028 -2.023226 22.046001
v -2.015984 -1.697786 22.331999
v -1.697786 -2.015984 22.331999
v -2.008636 -1.690437 22.326000
v -1.690437 -2.008636 22.326000
v -2.008636 -1.690437 22.313999
v -1.690437 -2.008636 22.313999
v -2.015984 -1.697786 22.308001
v -1.697786 -2.015984 22.308001
v -2.023332 -1.705134 22.313999
v -1.705134 -2.023332 22.313999
v -2.023332 -1.705134 22.326000
v -1.705134 -2.023332 22.326000
v -2.016091 -1.697892 22.612000
v -1.697892 -2.016091 22.612000
v -2.008742 -1.690544 22.606001
v -1.690544 -2.008742 22.606001
v -2.008742 -1.690544 22.594000
v -1.690544 -2.008742 22.594000
v -2.016091 -1.697892 22.588001
v -1.697892 -2.016091 22.588001
v -2.023439 -1.705241 22.594000
v -1.705241 -2.023439 22.594000
v -2.023439 -1.705241 22.606001
v -1.705241 -2.023439 22.606001
v -2.016197 -1.697999 22.891998
v -1.697999 -2.016197 22.891998
v -2.008848 -1.690651 22.886000
v -1.690651 -2.008848 22.886000
v -2.008848 -1.690651 22.873999
v -1.690651 -2.008848 22.873999
v -2.016197 -1.697999 22.868000
v -1.697999 -2.016197 22.868000
v -2.023546 -1.705347 22.873999
v -1.705348 -2.023546 22.873999
v -2.023546 -1.705347 22.886000
v -1.705348 -2.023546 22.886000
v -2.016304 -1.698105 23.171999
v -1.698105 -2.016304 23.171999
v -2.008955 -1.690757 23.166000
v -1.690757 -2.008955 23.166000
v -2.008955 -1.690757 23.153999
v -1.690757 -2.008955 23.153999
v -2.016304 -1.698105 23.148001
v -1.698105 -2.016304 23.148001
v -2.023652 -1.705454 23.153999
v -1.705454 -2.023652 23.153999
v -2.023652 -1.705454 23.166000
v -1.705454 -2.023652 23.166000
v -2.016410 -1.698212 23.452000
v -1.698212 -2.016410 23.452000
v -2.009062 -1.690863 23.446001
v -1.690863 -2.009062 23.446001
v -2.009062 -1.690863 23.434000
v -1.690863 -2.009062 23.434000
v -2.016410 -1.698212 23.428001
v -1.698212 -2.016410 23.428001
v -2.023758 -1.705560 23.434000
v -1.705560 -2.023758 23.434000
v -2.023758 -1.705560 23.446001
v -1.705560 -2.023758 23.446001
v -2.016517 -1.698318 23.731998
v -1.698318 -2.016517 23.731998
v -2.009168 -1.690970 23.726000
v -1.690970 -2.009168 23.726000
v -2.009168 -1.690970 23.713999
v -1.690970 -2.009168 23.713999
v -2.016517 -1.698318 23.708000
v -1.698318 -2.016517 23.708000
v -2.023865 -1.705667 23.713999
v -1.705667 -2.023865 23.713999
v -2.023865 -1.705667 23.726000
v -1.705667 -2.023865 23.726000
v -2.016623 -1.698425 24.011999
v -1.698425 -2.016623 24.011999
v -2.009274 -1.691077 24.006001
v -1.691077 -2.009274 24.006001
v -2.009274 -1.691077 23.993999
v -1.691077 -2.009274 23.993999
v -2.016623 -1.698425 23.988001
v -1.698425 -2.016623 23.988001
v -2.023972 -1.705773 23.993999
v -1.705774 -2.023972 23.993999
v -2.023972 -1.705773 24.006001
v -1.705774 -2.023972 24.006001
v -2.016730 -1.698531 24.292000
v -1.698531 -2.016730 24.292000
v -2.009381 -1.691183 24.286001
v -1.691183 -2.009381 24.286001
v -2.009381 -1.691183 24.274000
v -1.691183 -2.009381 24.274000
v -2.016730 -1.698531 24.268002
v -1.698531 -2.016730 24.268002
v -2.024078 -1.705880 24.274000
v -1.705880 -2.024078 24.274000
v -2.024078 -1.705880 24.286001
v -1.705880 -2.024078 24.286001
v -2.016836 -1.698638 24.571999
v -1.698638 -2.016836 24.571999
v -2.009488 -1.691290 24.566000
v -1.691290 -2.009488 24.566000
v -2.009488 -1.691290 24.553999
v -1.691290 -2.009488 24.553999
v -2.016836 -1.698638 24.548000
v -1.698638 -2.016836 24.548000
v -2.024184 -1.705986 24.553999
v -1.705986 -2.024184 24.553999
v -2.024184 -1.705986 24.566000
v -1.705986 -2.024184 24.566000
v -2.016943 -1.698745 24.851999
v -1.698745 -2.016943 24.851999
v -2.009594 -1.691396 24.846001
v -1.691396 -2.009594 24.846001
v -2.009594 -1.691396 24.834000
v -1.691396 -2.009594 24.834000
v -2.016943 -1.698745 24.828001
v -1.698745 -2.016943 24.828001
v -2.024291 -1.706093 24.834000
v -1.706093 -2.024291 24.834000
v -2.024291 -1.706093 24.846001
v -1.706093 -2.024291 24.846001
v -2.017049 -1.698851 25.132000
v -1.698851 -2.017049 25.132000
v -2.009701 -1.691503 25.126001
v -1.691503 -2.009701 25.126001
v -2.009701 -1.691503 25.114000
v -1.691503 -2.009701 25.114000
v -2.017049 -1.698851 25.108002
v -1.698851 -2.017049 25.108002
v -2.024398 -1.706200 25.114000
v -1.706200 -2.024398 25.114000
v -2.024398 -1.706200 25.126001
v -1.706200 -2.024398 25.126001
v -2.017156 -1.698957 25.411999
v -1.698957 -2.017156 25.411999
v -2.009807 -1.691609 25.406000
v -1.691609 -2.009807 25.406000
v -2.009807 -1.691609 25.393999
v -1.691609 -2.009807 25.393999
v -2.017156 -1.698957 25.388000
v -1.698957 -2.017156 25.388000
v -2.024504 -1.706306 25.393999
v -1.706306 -2.024504 25.393999
v -2.024504 -1.706306 25.406000
v -1.706306 -2.024504 25.406000
v -2.017262 -1.699064 25.691999
v -1.699064 -2.017262 25.691999
v -2.009914 -1.691716 25.686001
v -1.691716 -2.009914 25.686001
v -2.009914 -1.691716 25.674000
v -1.691716 -2.009914 25.674000
v -2.017262 -1.699064 25.668001
v -1.699064 -2.017262 25.668001
v -2.024611 -1.706413 25.674000
v -1.706413 -2.024611 25.674000
v -2.024611 -1.706413 25.686001
v -1.706413 -2.024611 25.686001
v -2.017369 -1.699171 25.971998
v -1.699171 -2.017369 25.971998
v -2.010020 -1.691822 25.966000
v -1.691822 -2.010020 25.966000
v -2.010020 -1.691822 25.953999
v -1.691822 -2.010020 25.953999
v -2.017369 -1.699171 25.948000
v -1.699171 -2.017369 25.948000
v -2.024717 -1.706519 25.953999
v -1.706519 -2.024717 25.953999
v -2.024717 -1.706519 25.966000
v -1.706519 -2.024717 25.966000
v -2.017475 -1.699277 26.251999
v -1.699277 -2.017475 26.251999
v -2.010127 -1.691929 26.246000
v -1.691929 -2.010127 26.246000
v -2.010127 -1.691929 26.233999
v -1.691929 -2.010127 26.233999
v -2.017475 -1.699277 26.228001
v -1.699277 -2.017475 26.228001
v -2.024824 -1.706626 26.233999
v -1.706626 -2.024824 26.233999
v -2.024824 -1.706626 26.246000
v -1.706626 -2.024824 26.246000
v -2.017582 -1.699383 26.532000
v -1.699383 -2.017582 26.532000
v -2.010233 -1.692035 26.526001
v -1.692035 -2.010233 26.526001
v -2.010233 -1.692035 26.514000
v -1.692035 -2.010233 26.514000
v -2.017582 -1.699383 26.508001
v -1.699383 -2.017582 26.508001
v -2.024930 -1.706732 26.514000
v -1.706732 -2.024930 26.514000
v -2.024930 -1.706732 26.526001
v -1.706732 -2.024930 26.526001
v -2.017688 -1.699490 26.811998
v -1.699490 -2.017688 26.811998
v -2.010340 -1.692142 26.806000
v -1.692142 -2.010340 26.806000
v -2.010340 -1.692142 26.793999
v -1.692142 -2.010340 26.793999
v -2.017688 -1.699490 26.788000
v -1.699490 -2.017688 26.788000
v -2.025037 -1.706839 26.793999
v -1.706839 -2.025037 26.793999
v -2.025037 -1.706839 26.806000
v -1.706839 -2.025037 26.806000
v -2.017795 -1.699597 27.091999
v -1.699597 -2.017795 27.091999
v -2.010446 -1.692248 27.086000
v -1.692248 -2.010446 27.086000
v -2.010446 -1.692248 27.073999
v -1.692248 -2.010446 27.073999
v -2.017795 -1.699597 27.068001
v -1.699597 -2.017795 27.068001
v -2.025143 -1.706945 27.073999
v -1.706945 -2.025143 27.073999
v -2.025143 -1.706945 27.086000
v -1.706945 -2.025143 27.086000
v -2.017901 -1.699703 27.372000
v -1.699703 -2.017901 27.372000
v -2.010553 -1.692355 27.366001
v -1.692355 -2.010553 27.366001
v -2.010553 -1.692355 27.354000
v -1.692355 -2.010553 27.354000
v -2.017901 -1.699703 27.348001
v -1.699703 -2.017901 27.348001
v -2.025250 -1.707052 27.354000
v -1.707052 -2.025250 27.354000
v -2.025250 -1.707052 27.366001
v -1.707052 -2.025250 27.366001
v -2.018008 -1.699810 27.651999
v -1.699810 -2.018008 27.651999
v -2.010659 -1.692461 27.646000
v -1.692461 -2.010659 27.646000
v -2.010659 -1.692461 27.633999
v -1.692461 -2.010659 27.633999
v -2.018008 -1.699810 27.628000
v -1.699810 -2.018008 27.628000
v -2.025356 -1.707158 27.633999
v -1.707158 -2.025356 27.633999
v -2.025356 -1.707158 27.646000
v -1.707158 -2.025356 27.646000
v -2.018114 -1.699916 27.931999
v -1.699916 -2.018114 27.931999
v -2.010766 -1.692568 27.926001
v -1.692568 -2.010766 27.926001
v -2.010766 -1.692568 27.914000
v -1.692568 -2.010766 27.914000
v -2.018114 -1.699916 27.908001
v -1.699916 -2.018114 27.908001
v -2.025463 -1.707265 27.914000
v -1.707265 -2.025463 27.914000
v -2.025463 -1.707265 27.926001
v -1.707265 -2.025463 27.926001
v -2.018221 -1.700023 28.212000
v -1.700023 -2.018221 28.212000
v -2.010872 -1.692674 28.206001
v -1.692674 -2.010872 28.206001
v -2.010872 -1.692674 28.194000
v -1.692674 -2.010872 28.194000
v -2.018221 -1.700023 28.188002
v -1.700023 -2.018221 28.188002
v -2.025569 -1.707371 28.194000
v -1.707371 -2.025569 28.194000
v -2.025569 -1.707371 28.206001
v -1.707371 -2.025569 28.206001
v -2.018327 -1.700129 28.491999
v -1.700129 -2.018327 28.491999
v -2.010979 -1.692781 28.486000
v -1.692781 -2.010979 28.486000
v -2.010979 -1.692781 28.473999
v -1.692781 -2.010979 28.473999
v -2.018327 -1.700129 28.468000
v -1.700129 -2.018327 28.468000
v -2.025676 -1.707478 28.473999
v -1.707478 -2.025676 28.473999
v -2.025676 -1.707478 28.486000
v -1.707478 -2.025676 28.486000
v -2.018434 -1.700236 28.771999
v -1.700236 -2.018434 28.771999
v -2.011085 -1.692887 28.766001
v -1.692887 -2.011085 28.766001
v -2.011085 -1.692887 28.754000
v -1.692887 -2.011085 28.754000
v -2.018434 -1.700236 28.748001
v -1.700236 -2.018434 28.748001
v -2.025782 -1.707584 28.754000
v -1.707584 -2.025782 28.754000
v -2.025782 -1.707584 28.766001
v -1.707584 -2.025782 28.766001
v -2.018540 -1.700342 29.052000
v -1.700342 -2.018540 29.052000
v -2.011192 -1.692994 29.046001
v -1.692994 -2.011192 29.046001
v -2.011192 -1.692994 29.034000
v -1.692994 -2.011192 29.034000
v -2.018540 -1.700342 29.028002
v -1.700342 -2.018540 29.028002
v -2.025889 -1.707691 29.034000
v -1.707691 -2.025889 29.034000
v -2.025889 -1.707691 29.046001
v -1.707691 -2.025889 29.046001
v -2.018647 -1.700449 29.331999
v -1.700449 -2.018647 29.331999
v -2.011298 -1.693100 29.326000
v -1.693100 -2.011298 29.326000
v -2.011298 -1.693100 29.313999
v -1.693100 -2.011298 29.313999
v -2.018647 -1.700449 29.308001
v -1.700449 -2.018647 29.308001
v -2.025995 -1.707797 29.313999
v -1.707797 -2.025995 29.313999
v -2.025995 -1.707797 29.326000
v -1.707797 -2.025995 29.326000
v -2.018753 -1.700555 29.612000
v -1.700555 -2.018753 29.612000
v -2.011405 -1.693207 29.606001
v -1.693207 -2.011405 29.606001
v -2.011405 -1.693207 29.594000
v -1.693207 -2.011405 29.594000
v -2.018753 -1.700555 29.588001
v -1.700555 -2.018753 29.588001
v -2.026102 -1.707904 29.594000
v -1.707904 -2.026102 29.594000
v -2.026102 -1.707904 29.606001
v -1.707904 -2.026102 29.606001
v -2.018860 -1.700662 29.891998
v -1.700662 -2.018860 29.891998
v -2.011511 -1.693313 29.886000
v -1.693313 -2.011511 29.886000
v -2.011511 -1.693313 29.873999
v -1.693313 -2.011511 29.873999
v -2.018860 -1.700662 29.868000
v -1.700662 -2.018860 29.868000
v -2.026208 -1.708010 29.873999
v -1.708010 -2.026208 29.873999
v -2.026208 -1.708010 29.886000
v -1.708010 -2.026208 29.886000
v -2.018966 -1.700768 30.171999
v -1.700768 -2.018966 30.171999
v -2.011618 -1.693420 30.166000
v -1.693420 -2.011618 30.166000
v -2.011618 -1.693420 30.153999
v -1.693420 -2.011618 30.153999
v -2.018966 -1.700768 30.148001
v -1.700768 -2.018966 30.148001
v -2.026315 -1.708117 30.153999
v -1.708117 -2.026315 30.153999
v -2.026315 -1.708117 30.166000
v -1.708117 -2.026315 30.166000
v -2.019073 -1.700875 30.452000
v -1.700875 -2.019073 30.452000
v -2.011724 -1.693526 30.446001
v -1.693526 -2.011724 30.446001
v -2.011724 -1.693526 30.434000
v -1.693526 -2.011724 30.434000
v -2.019073 -1.700875 30.428001
v -1.700875 -2.019073 30.428001
v -2.026421 -1.708223 30.434000
v -1.708223 -2.026421 30.434000
v -2.026421 -1.708223 30.446001
v -1.708223 -2.026421 30.446001
v -2.019179 -1.700981 30.731998
v -1.700981 -2.019179 30.731998
v -2.011831 -1.693633 30.726000
v -1.693633 -2.011831 30.726000
v -2.011831 -1.693633 30.713999
v -1.693633 -2.011831 30.713999
v -2.019179 -1.700981 30.708000
v -1.700981 -2.019179 30.708000
v -2.026528 -1.708330 30.713999
v -1.708330 -2.026528 30.713999
v -2.026528 -1.708330 30.726000
v -1.708330 -2.026528 30.726000
v -2.019286 -1.701088 31.011999
v -1.701088 -2.019286 31.011999
v -2.011937 -1.693739 31.006001
v -1.693739 -2.011937 31.006001
v -2.011937 -1.693739 30.993999
v -1.693739 -2.011937 30.993999
v -2.019286 -1.701088 30.988001
v -1.701088 -2.019286 30.988001
v -2.026634 -1.708436 30.993999
v -1.708436 -2.026634 30.993999
v -2.026634 -1.708436 31.006001
v -1.708436 -2.026634 31.006001
v -2.019392 -1.701194 31.292000
v -1.701194 -2.019392 31.292000
v -2.012044 -1.693846 31.286001
v -1.693846 -2.012044 31.286001
v -2.012044 -1.693846 31.274000
v -1.693846 -2.012044 31.274000
v -2.019392 -1.701194 31.268002
v -1.701194 -2.019392 31.268002
v -2.026741 -1.708543 31.274000
v -1.708543 -2.026741 31.274000
v -2.026741 -1.708543 31.286001
v -1.708543 -2.026741 31.286001
v -2.019499 -1.701301 31.571999
v -1.701301 -2.019499 31.571999
v -2.012150 -1.693952 31.566000
v -1.693952 -2.012150 31.566000
v -2.012150 -1.693952 31.553999
v -1.693952 -2.012150 31.553999
v -2.019499 -1.701301 31.548000
v -1.701301 -2.019499 31.548000
v -2.026847 -1.708649 31.553999
v -1.708649 -2.026847 31.553999
v -2.026847 -1.708649 31.566000
v -1.708649 -2.026847 31.566000
v -2.019605 -1.701407 31.851999
v -1.701407 -2.019605 31.851999
v -2.012257 -1.694059 31.846001
v -1.694059 -2.012257 31.846001
v -2.012257 -1.694059 31.834000
v -1.694059 -2.012257 31.834000
v -2.019605 -1.701407 31.828001
v -1.701407 -2.019605 31.828001
v -2.026954 -1.708756 31.834000
v -1.708756 -2.026954 31.834000
v -2.026954 -1.708756 31.846001
v -1.708756 -2.026954 31.846001
v -2.019712 -1.701514 32.132000
v -1.701514 -2.019712 32.132000
v -2.012363 -1.694165 32.125999
v -1.694165 -2.012363 32.125999
v -2.012363 -1.694165 32.113998
v -1.694165 -2.012363 32.113998
v -2.019712 -1.701514 32.107998
v -1.701514 -2.019712 32.107998
v -2.027060 -1.708862 32.113998
v -1.708862 -2.027060 32.113998
v -2.027060 -1.708862 32.125999
v -1.708862 -2.027060 32.125999
v 2.003549 1.897024 0.000021
v 2.016948 1.908602 32.410019
v 1.993981 1.922045 0.000015
v 2.007380 1.933623 32.410011
v 2.004907 1.946503 0.000002
v 2.018306 1.958081 32.409996
v 2.029928 1.956071 -0.000011
v 2.043327 1.967649 32.409985
v 2.054386 1.945145 -0.000017
v 2.067785 1.956722 32.409981
v 2.063954 1.920124 -0.000011
v 2.077353 1.931701 32.409985
v 2.053028 1.895666 0.000002
v 2.066427 1.907243 32.409996
v 2.028007 1.886098 0.000015
v 2.041406 1.897675 32.410011
v 1.950730 1.951282 0.000021
v 1.963806 1.963254 32.410019
v 1.940479 1.976031 0.000015
v 1.953555 1.988003 32.410011
v 1.950730 2.000780 0.000002
v 1.963806 2.012751 32.409996
v 1.975479 2.011031 -0.000011
v 1.988555 2.023002 32.409985
v 2.000227 2.000780 -0.000017
v 2.013304 2.012751 32.409981
v 2.010479 1.976031 -0.000011
v 2.023555 1.988002 32.409985
v 2.000227 1.951282 0.000002
v 2.013304 1.963254 32.409996
v 1.975479 1.941031 0.000015
v 1.988555 1.953002 32.410011
v 1.896442 2.004070 0.000021
v 1.909184 2.016426 32.410019
v 1.885516 2.028528 0.000015
v 1.898257 2.040884 32.410011
v 1.895084 2.053549 0.000002
v 1.907825 2.065905 32.409996
v 1.919542 2.064476 -0.000011
v 1.932283 2.076832 32.409985
v 1.944563 2.054908 -0.000017
v 1.957304 2.067264 32.409981
v 1.955489 2.030450 -0.000011
v 1.968231 2.042806 32.409985
v 1.945921 2.005429 0.000002
v 1.958663 2.017785 32.409996
v 1.921463 1.994502 0.000015
v 1.934205 2.006858 32.410011
v -0.150000 2.842005 16.205000
v -0.150000 2.842005 16.304998
v -0.150000 2.902005 16.205000
v -0.150000 2.902005 16.304998
v 0.150000 2.842005 16.205000
v 0.150000 2.842005 16.304998
v 0.150000 2.902005 16.205000
v 0.150000 2.902005 16.304998
vn 0.9659 0.2588 0.0004
vn 0.7071 -0.7071 -0.0000
vn -0.2588 -0.9659 -0.0004
vn -0.9659 -0.2588 -0.0004
vn -0.0005 -0.0004 1.0000
vn -0.7071 0.7071 -0.0000
vn 0.2588 0.9659 0.0004
vn 0.0003 0.0004 -1.0000
vn -0.0000 -0.0005 1.0000
vn 0.3536 0.3536 0.8660
vn 0.7071 0.7071 -0.0000
vn 0.3536 0.3536 -0.8660
vn -0.3536 -0.3536 -0.8660
vn -0.7071 -0.7071 -0.0000
vn -0.3536 -0.3536 0.8660
vn 0.3535 0.3535 0.8660
vn 0.3536 0.3535 -0.8660
vn -0.3536 -0.3535 -0.8660
vn 0.3535 0.3536 -0.8660
vn -0.3535 -0.3536 -0.8660
vn -0.3536 -0.3535 0.8660
vn 0.3536 0.3535 0.8660
vn -0.3535 -0.3536 0.8660
vn 0.3535 0.3536 0.8660
vn 0.3535 0.3536 0.8661
vn 0.7071 0.7072 -0.0000
vn -0.3537 -0.3536 0.8660
vn -0.7071 -0.7072 -0.0000
vn -0.3537 -0.3536 -0.8660
vn 0.7072 0.7070 -0.0000
vn 0.3534 0.3535 -0.8661
vn -0.3534 -0.3535 0.8661
vn -0.7070 0.7072 -0.0000
vn 0.3533 0.3535 0.8661
vn -0.3533 -0.3535 -0.8661
vn -0.7072 -0.7070 -0.0000
vn -0.3535 -0.3535 0.8661
vn 0.3535 0.3535 0.8661
vn 0.3536 0.3535 -0.8661
vn 0.7072 -0.7070 -0.0000
vn 0.7070 -0.7072 -0.0000
vn -0.3533 -0.3535 0.8661
vn -0.3535 -0.3535 -0.8661
vn -0.7072 0.7071 -0.0000
vn 0.3537 0.3535 -0.8660
vn -0.7072 0.7070 -0.0000
vn -0.3537 -0.3535 -0.8660
vn -0.3534 -0.3535 -0.8661
vn 0.7072 -0.7071 -0.0000
vn -0.3536 -0.3535 -0.8661
vn 0.3537 0.3535 0.8660
vn 0.3534 0.3535 0.8661
vn 0.3535 0.3535 -0.8661
vn -0.3533 -0.3535 -0.8662
vn -0.7071 0.7072 -0.0000
vn -0.3537 -0.3535 0.8660
vn 0.3532 0.3535 0.8662
vn -0.7073 -0.7069 -0.0000
vn -0.3536 -0.3535 0.8661
vn 0.3538 0.3534 0.8660
vn -0.3539 -0.3534 -0.8659
vn 0.7073 0.7069 -0.0000
vn 0.3532 0.3535 -0.8662
vn 0.3539 0.3534 0.8659
vn -0.3538 -0.3535 -0.8660
vn 0.3533 0.3535 -0.8661
vn 0.3536 0.3535 0.8661
vn -0.3531 -0.3535 0.8662
vn 0.3533 0.3535 0.8662
vn 0.3538 0.3535 -0.8660
vn -0.9340 -0.3572 0.0005
vn -0.9130 0.4079 0.0002
vn -0.3572 0.9340 -0.0002
vn 0.4079 0.9130 -0.0005
vn 0.9340 0.3572 -0.0005
vn 0.9130 -0.4079 -0.0002
vn 0.0003 0.0003 1.0000
vn 0.3572 -0.9340 0.0002
vn -0.4079 -0.9130 0.0005
vn -0.0004 -0.0004 -1.0000
vn -0.9239 -0.3827 0.0005
vn -0.9239 0.3827 0.0002
vn -0.3827 0.9239 -0.0002
vn 0.3827 0.9239 -0.0005
vn 0.9239 0.3827 -0.0005
vn 0.9239 -0.3827 -0.0002
vn 0.3827 -0.9239 0.0002
vn -0.3827 -0.9239 0.0005
vn -0.9130 -0.4079 0.0005
vn -0.9340 0.3572 0.0002
vn -0.4079 0.9130 -0.0002
vn 0.3572 0.9340 -0.0005
vn 0.9130 0.4079 -0.0005
vn 0.9340 -0.3572 -0.0002
vn 0.4079 -0.9130 0.0002
vn -0.3572 -0.9340 0.0005
vn -1.0000 -0.0000 -0.0000
vn -0.0000 1.0000 -0.0000
vn 1.0000 -0.0000 -0.0000
vn -0.0000 -1.0000 -0.0000
vn -0.0000 -0.0000 -1.0000
vn -0.0000 -0.0000 1.0000
vn -0.0007 -0.0003 1.0000
vn -0.0003 -0.0006 1.0000
vn -0.0000 -0.0002 1.0000
vn -0.0002 -0.0006 1.0000
vn 0.0001 -0.0002 1.0000
vn -0.0000 -0.0006 1.0000
vn -0.0005 -0.0001 1.0000
vn -0.0014 -0.0008 1.0000
vn 0.3535 0.3535 -0.8660
vn 0.7071 -0.7071 0.0001
vn -0.3535 -0.3535 -0.8660
vn 0.7071 -0.7072 -0.0000
vn -0.3535 -0.3536 -0.8661
vn -0.3534 -0.3536 0.8661
vn 0.3534 0.3536 0.8661
vn 0.3534 0.3536 -0.8661
vn 0.3537 0.3536 -0.8660
vn 0.3537 0.3536 0.8660
vn -0.3534 -0.3536 -0.8661
vn 0.7070 -0.7072 0.0001
vn 0.3533 0.3535 -0.8662
vn 0.7072 -0.7070 0.0001
vn -0.7073 0.7070 -0.0000
vn 0.7073 -0.7069 -0.0000
vn -0.3533 -0.3535 0.8662
vn 0.7070 -0.7073 0.0001
vn -0.7070 0.7073 -0.0000
vn 0.7073 -0.7069 0.0001
vn -0.7073 0.7069 -0.0000
vn 0.7068 -0.7074 -0.0000
vn 0.7070 -0.7073 -0.0000
vn 0.7074 -0.7068 0.0001
vn 0.3539 0.3534 -0.8659
vn -0.7069 0.7074 -0.0000
vn -0.3539 -0.3534 0.8659
vn -0.7068 0.7074 -0.0000
vn 0.0005 0.0005 1.0000
vn 0.0005 0.0004 1.0000
vn 0.0005 0.0003 1.0000
vn 0.0002 0.0005 1.0000
vn 0.0007 0.0003 1.0000
vn 0.0002 0.0004 1.0000
vn 0.0004 0.0005 1.0000
s 0
usemtl pipe_steel
f 2//1 3//1 1//1
f 4//2 5//2 3//2
f 6//3 7//3 5//3
f 7//4 10//4 9//4
f 2//5 10//5 6//5
f 10//6 11//6 9//6
f 12//7 1//7 11//7
f 3//8 7//8 11//8
f 13//1 16//1 15//1
f 16//2 17//2 15//2
f 18//3 19//3 17//3
f 20//4 21//4 19//4
f 14//5 22//5 18//5
f 22//6 23//6 21//6
f 23//7 14//7 13//7
f 15//8 19//8 23//8
f 37//10 40//10 39//10
f 40//11 41//11 39//11
f 42//12 43//12 41//12
f 43//13 46//13 45//13
f 38//2 46//2 42//2
f 46//14 47//14 45//14
f 48//15 37//15 47//15
f 39//6 43//6 47//6
f 50//16 51//16 49//16
f 52//11 53//11 51//11
f 54//17 55//17 53//17
f 56//18 57//18 55//18
f 50//2 58//2 54//2
f 58//14 59//14 57//14
f 60//15 49//15 59//15
f 51//6 55//6 59//6
f 61//10 64//10 63//10
f 63//11 66//11 65//11
f 65//19 68//19 67//19
f 67//20 70//20 69//20
f 62//2 70//2 66//2
f 70//14 71//14 69//14
f 72//15 61//15 71//15
f 63//6 67//6 71//6
f 74//16 75//16 73//16
f 76//11 77//11 75//11
f 78//17 79//17 77//17
f 80//20 81//20 79//20
f 74//2 82//2 78//2
f 82//14 83//14 81//14
f 84//21 73//21 83//21
f 75//6 79//6 83//6
f 86//10 87//10 85//10
f 88//11 89//11 87//11
f 90//12 91//12 89//12
f 91//13 94//13 93//13
f 86//2 94//2 90//2
f 94//14 95//14 93//14
f 95//15 86//15 85//15
f 87//6 91//6 95//6
f 98//22 99//22 97//22
f 100//11 101//11 99//11
f 102//19 103//19 101//19
f 104//13 105//13 103//13
f 98//2 106//2 102//2
f 106//14 107//14 105//14
f 108//23 97//23 107//23
f 99//6 103//6 107//6
f 110//10 111//10 109//10
f 112//11 113//11 111//11
f 114//12 115//12 113//12
f 115//20 118//20 117//20
f 110//2 118//2 114//2
f 118//14 119//14 117//14
f 120//15 109//15 119//15
f 111//6 115//6 119//6
f 122//24 123//24 121//24
f 124//11 125//11 123//11
f 126//12 127//12 125//12
f 128//13 129//13 127//13
f 122//2 130//2 126//2
f 130//14 131//14 129//14
f 132//15 121//15 131//15
f 123//6 127//6 131//6
f 134//10 135//10 133//10
f 136//11 137//11 135//11
f 138//12 139//12 137//12
f 139//13 142//13 141//13
f 134//2 142//2 138//2
f 142//14 143//14 141//14
f 144//15 133//15 143//15
f 135//6 139//6 143//6
f 146//10 147//10 145//10
f 148//11 149//11 147//11
f 150//12 151//12 149//12
f 152//20 153//20 151//20
f 146//2 154//2 150//2
f 154//14 155//14 153//14
f 156//23 145//23 155//23
f 147//6 151//6 155//6
f 158//10 159//10 157//10
f 160//11 161//11 159//11
f 162//12 163//12 161//12
f 164//13 165//13 163//13
f 158//2 166//2 162//2
f 166//14 167//14 165//14
f 168//15 157//15 167//15
f 159//6 163//6 167//6
f 170//22 171//22 169//22
f 172//11 173//11 171//11
f 174//12 175//12 173//12
f 176//13 177//13 175//13
f 170//2 178//2 174//2
f 178//14 179//14 177//14
f 180//15 169//15 179//15
f 171//6 175//6 179//6
f 182//10 183//10 181//10
f 184//11 185//11 183//11
f 186//12 187//12 185//12
f 187//20 190//20 189//20
f 182//2 190//2 186//2
f 190//14 191//14 189//14
f 192//15 181//15 191//15
f 183//6 187//6 191//6
f 194//24 195//24 193//24
f 196//11 197//11 195//11
f 198//12 199//12 197//12
f 200//13 201//13 199//13
f 194//2 202//2 198//2
f 202//14 203//14 201//14
f 204//15 193//15 203//15
f 195//6 199//6 203//6
f 206//10 207//10 205//10
f 208//11 209//11 207//11
f 210//12 211//12 209//12
f 211//20 214//20 213//20
f 206//2 214//2 210//2
f 214//14 215//14 213//14
f 216//23 205//23 215//23
f 207//6 211//6 215//6
f 218//24 219//24 217//24
f 220//11 221//11 219//11
f 222//17 223//17 221//17
f 224//20 225//20 223//20
f 218//2 226//2 222//2
f 226//14 227//14 225//14
f 228//21 217//21 227//21
f 219//6 223//6 227//6
f 230//24 231//24 229//24
f 232//11 233//11 231//11
f 234//12 235//12 233//12
f 235//13 238//13 237//13
f 230//2 238//2 234//2
f 238//14 239//14 237//14
f 240//15 229//15 239//15
f 231//6 235//6 239//6
f 242//22 243//22 241//22
f 244//11 245//11 243//11
f 246//19 247//19 245//19
f 248//13 249//13 247//13
f 242//2 250//2 246//2
f 250//14 251//14 249//14
f 252//23 241//23 251//23
f 243//6 247//6 251//6
f 254//10 255//10 253//10
f 256//11 257//11 255//11
f 258//19 259//19 257//19
f 259//20 262//20 261//20
f 254//2 262//2 258//2
f 262//14 263//14 261//14
f 264//15 253//15 263//15
f 255//6 259//6 263//6
f 266//24 267//24 265//24
f 268//11 269//11 267//11
f 270//12 271//12 269//12
f 272//20 273//20 271//20
f 266//2 274//2 270//2
f 274//14 275//14 273//14
f 276//15 265//15 275//15
f 267//6 271//6 275//6
f 278//10 279//10 277//10
f 280//11 281//11 279//11
f 282//19 283//19 281//19
f 283//20 286//20 285//20
f 278//2 286//2 282//2
f 286//14 287//14 285//14
f 288//15 277//15 287//15
f 279//6 283//6 287//6
f 290//22 291//22 289//22
f 292//11 293//11 291//11
f 294//19 295//19 293//19
f 296//13 297//13 295//13
f 290//2 298//2 294//2
f 298//14 299//14 297//14
f 300//15 289//15 299//15
f 291//6 295//6 299//6
f 302//10 303//10 301//10
f 304//11 305//11 303//11
f 306//12 307//12 305//12
f 307//20 310//20 309//20
f 302//2 310//2 306//2
f 310//14 311//14 309//14
f 312//15 301//15 311//15
f 303//6 307//6 311//6
f 314//25 315//25 313//25
f 316//11 317//11 315//11
f 318//17 319//17 317//17
f 320//20 321//20 319//20
f 314//2 322//2 318//2
f 322//14 323//14 321//14
f 324//23 313//23 323//23
f 315//6 319//6 323//6
f 326//10 327//10 325//10
f 328//11 329//11 327//11
f 330//19 331//19 329//19
f 331//20 334//20 333//20
f 326//2 334//2 330//2
f 334//14 335//14 333//14
f 336//15 325//15 335//15
f 327//6 331//6 335//6
f 338//10 339//10 337//10
f 340//11 341//11 339//11
f 342//19 343//19 341//19
f 344//13 345//13 343//13
f 338//2 346//2 342//2
f 346//14 347//14 345//14
f 348//15 337//15 347//15
f 339//6 343//6 347//6
f 350//10 351//10 349//10
f 352//11 353//11 351//11
f 354//12 355//12 353//12
f 355//13 358//13 357//13
f 350//2 358//2 354//2
f 358//14 359//14 357//14
f 360//15 349//15 359//15
f 351//6 355//6 359//6
f 362//22 363//22 361//22
f 364//11 365//11 363//11
f 366//19 367//19 365//19
f 368//13 369//13 367//13
f 362//2 370//2 366//2
f 370//14 371//14 369//14
f 372//23 361//23 371//23
f 363//6 367//6 371//6
f 374//10 375//10 373//10
f 376//11 377//11 375//11
f 378//12 379//12 377//12
f 379//13 382//13 381//13
f 374//2 382//2 378//2
f 382//14 383//14 381//14
f 384//23 373//23 383//23
f 375//6 379//6 383//6
f 386//10 387//10 385//10
f 388//11 389//11 387//11
f 390//12 391//12 389//12
f 392//13 393//13 391//13
f 386//2 394//2 390//2
f 394//14 395//14 393//14
f 396//23 385//23 395//23
f 387//6 391//6 395//6
f 398//24 399//24 397//24
f 400//11 401//11 399//11
f 402//19 403//19 401//19
f 403//13 406//13 405//13
f 398//2 406//2 402//2
f 406//14 407//14 405//14
f 408//15 397//15 407//15
f 399//6 403//6 407//6
f 410//10 411//10 409//10
f 412//11 413//11 411//11
f 414//12 415//12 413//12
f 416//13 417//13 415//13
f 410//2 418//2 414//2
f 418//14 419//14 417//14
f 420//15 409//15 419//15
f 411//6 415//6 419//6
f 422//10 423//10 421//10
f 424//11 425//11 423//11
f 426//12 427//12 425//12
f 427//13 430//13 429//13
f 422//2 430//2 426//2
f 430//14 431//14 429//14
f 432//23 421//23 431//23
f 423//6 427//6 431//6
f 434//10 435//10 433//10
f 436//11 437//11 435//11
f 438//19 439//19 437//19
f 440//13 441//13 439//13
f 434//2 442//2 438//2
f 442//14 443//14 441//14
f 444//15 433//15 443//15
f 435//6 439//6 443//6
f 446//10 447//10 445//10
f 448//11 449//11 447//11
f 450//12 451//12 449//12
f 451//13 454//13 453//13
f 446//2 454//2 450//2
f 454//14 455//14 453//14
f 456//15 445//15 455//15
f 447//6 451//6 455//6
f 458//10 459//10 457//10
f 460//11 461//11 459//11
f 462//12 463//12 461//12
f 464//13 465//13 463//13
f 458//2 466//2 462//2
f 466//14 467//14 465//14
f 468//15 457//15 467//15
f 459//6 463//6 467//6
f 470//10 471//10 469//10
f 472//11 473//11 471//11
f 474//12 475//12 473//12
f 475//13 478//13 477//13
f 470//2 478//2 474//2
f 478//14 479//14 477//14
f 480//15 469//15 479//15
f 471//6 475//6 479//6
f 482//24 483//24 481//24
f 484//11 485//11 483//11
f 486//12 487//12 485//12
f 488//13 489//13 487//13
f 482//2 490//2 486//2
f 490//14 491//14 489//14
f 492//15 481//15 491//15
f 483//6 487//6 491//6
f 494//10 495//10 493//10
f 496//11 497//11 495//11
f 498//12 499//12 497//12
f 500//20 501//20 499//20
f 494//2 502//2 498//2
f 502//14 503//14 501//14
f 504//23 493//23 503//23
f 495//6 499//6 503//6
f 506//10 507//10 505//10
f 508//11 509//11 507//11
f 510//19 511//19 509//19
f 512//20 513//20 511//20
f 506//2 514//2 510//2
f 514//14 515//14 513//14
f 516//23 505//23 515//23
f 507//6 511//6 515//6
f 518//10 519//10 517//10
f 520//11 521//11 519//11
f 522//12 523//12 521//12
f 524//20 525//20 523//20
f 518//2 526//2 522//2
f 526//14 527//14 525//14
f 528//15 517//15 527//15
f 519//6 523//6 527//6
f 530//10 531//10 529//10
f 532//11 533//11 531//11
f 534//12 535//12 533//12
f 536//20 537//20 535//20
f 530//2 538//2 534//2
f 538//14 539//14 537//14
f 540//15 529//15 539//15
f 531//6 535//6 539//6
f 542//10 543//10 541//10
f 544//11 545//11 543//11
f 546//12 547//12 545//12
f 548//20 549//20 547//20
f 542//2 550//2 546//2
f 550//14 551//14 549//14
f 552//15 541//15 551//15
f 543//6 547//6 551//6
f 554//10 555//10 553//10
f 556//11 557//11 555//11
f 558//12 559//12 557//12
f 560//20 561//20 559//20
f 554//2 562//2 558//2
f 562//14 563//14 561//14
f 564//23 553//23 563//23
f 555//6 559//6 563//6
f 566//10 567//10 565//10
f 568//11 569//11 567//11
f 570//12 571//12 569//12
f 571//13 574//13 573//13
f 566//2 574//2 570//2
f 574//14 575//14 573//14
f 576//23 565//23 575//23
f 567//6 571//6 575//6
f 578//24 579//24 577//24
f 580//26 581//26 579//26
f 582//12 583//12 581//12
f 583//13 586//13 585//13
f 578//2 586//2 582//2
f 586//14 587//14 585//14
f 588//27 577//27 587//27
f 579//6 583//6 587//6
f 590//10 591//10 589//10
f 592//11 593//11 591//11
f 594//12 595//12 593//12
f 595//13 598//13 597//13
f 590//2 598//2 594//2
f 598//28 599//28 597//28
f 600//23 589//23 599//23
f 591//6 595//6 599//6
f 602//24 603//24 601//24
f 604//11 605//11 603//11
f 606//12 607//12 605//12
f 607//13 610//13 609//13
f 602//2 610//2 606//2
f 610//14 611//14 609//14
f 612//23 601//23 611//23
f 603//6 607//6 611//6
f 614//10 615//10 613//10
f 616//11 617//11 615//11
f 618//12 619//12 617//12
f 619//29 622//29 621//29
f 614//2 622//2 618//2
f 622//28 623//28 621//28
f 624//23 613//23 623//23
f 615//6 619//6 623//6
f 626//10 627//10 625//10
f 628//26 629//26 627//26
f 630//12 631//12 629//12
f 631//13 634//13 633//13
f 626//2 634//2 630//2
f 634//14 635//14 633//14
f 636//27 625//27 635//27
f 627//6 631//6 635//6
f 638//10 639//10 637//10
f 640//11 641//11 639//11
f 642//12 643//12 641//12
f 643//13 646//13 645//13
f 638//2 646//2 642//2
f 646//28 647//28 645//28
f 648//23 637//23 647//23
f 639//6 643//6 647//6
f 650//24 651//24 649//24
f 652//26 653//26 651//26
f 654//12 655//12 653//12
f 655//29 658//29 657//29
f 650//2 658//2 654//2
f 658//28 659//28 657//28
f 660//23 649//23 659//23
f 651//6 655//6 659//6
f 662//10 663//10 661//10
f 664//11 665//11 663//11
f 666//12 667//12 665//12
f 667//13 670//13 669//13
f 662//2 670//2 666//2
f 670//28 671//28 669//28
f 672//23 661//23 671//23
f 663//6 667//6 671//6
f 674//10 675//10 673//10
f 676//26 677//26 675//26
f 678//12 679//12 677//12
f 679//29 682//29 681//29
f 674//2 682//2 678//2
f 682//28 683//28 681//28
f 684//23 673//23 683//23
f 675//6 679//6 683//6
f 686//10 687//10 685//10
f 688//11 689//11 687//11
f 690//12 691//12 689//12
f 691//13 694//13 693//13
f 686//2 694//2 690//2
f 694//14 695//14 693//14
f 696//27 685//27 695//27
f 687//6 691//6 695//6
f 698//10 699//10 697//10
f 700//11 701//11 699//11
f 702//12 703//12 701//12
f 703//29 706//29 705//29
f 698//2 706//2 702//2
f 706//28 707//28 705//28
f 708//23 697//23 707//23
f 699//6 703//6 707//6
f 710//10 711//10 709//10
f 712//26 713//26 711//26
f 714//12 715//12 713//12
f 716//13 717//13 715//13
f 710//2 718//2 714//2
f 718//14 719//14 717//14
f 720//23 709//23 719//23
f 711//6 715//6 719//6
f 722//22 723//22 721//22
f 724//30 725//30 723//30
f 726//31 727//31 725//31
f 728//18 729//18 727//18
f 722//2 730//2 726//2
f 730//14 731//14 729//14
f 732//32 721//32 731//32
f 723//33 727//33 731//33
f 734//34 735//34 733//34
f 736//11 737//11 735//11
f 738//17 739//17 737//17
f 740//35 741//35 739//35
f 734//2 742//2 738//2
f 742//36 743//36 741//36
f 744//37 733//37 743//37
f 735//6 739//6 743//6
f 746//38 747//38 745//38
f 748//11 749//11 747//11
f 750//39 751//39 749//39
f 752//35 753//35 751//35
f 746//40 754//40 750//40
f 754//14 755//14 753//14
f 756//37 745//37 755//37
f 747//6 751//6 755//6
f 758//22 759//22 757//22
f 760//11 761//11 759//11
f 762//31 763//31 761//31
f 764//18 765//18 763//18
f 758//41 766//41 762//41
f 766//36 767//36 765//36
f 768//42 757//42 767//42
f 759//33 763//33 767//33
f 770//34 771//34 769//34
f 772//11 773//11 771//11
f 774//39 775//39 773//39
f 776//43 777//43 775//43
f 770//2 778//2 774//2
f 778//36 779//36 777//36
f 780//21 769//21 779//21
f 771//44 775//44 779//44
f 782//34 783//34 781//34
f 784//11 785//11 783//11
f 786//45 787//45 785//45
f 788//35 789//35 787//35
f 782//40 790//40 786//40
f 790//14 791//14 789//14
f 792//21 781//21 791//21
f 783//46 787//46 791//46
f 794//22 795//22 793//22
f 796//11 797//11 795//11
f 798//31 799//31 797//31
f 800//47 801//47 799//47
f 794//2 802//2 798//2
f 802//36 803//36 801//36
f 804//32 793//32 803//32
f 795//6 799//6 803//6
f 806//34 807//34 805//34
f 808//11 809//11 807//11
f 810//39 811//39 809//39
f 812//48 813//48 811//48
f 806//2 814//2 810//2
f 814//36 815//36 813//36
f 816//21 805//21 815//21
f 807//6 811//6 815//6
f 818//34 819//34 817//34
f 820//11 821//11 819//11
f 822//39 823//39 821//39
f 824//48 825//48 823//48
f 818//49 826//49 822//49
f 826//36 827//36 825//36
f 828//21 817//21 827//21
f 819//6 823//6 827//6
f 830//38 831//38 829//38
f 832//30 833//30 831//30
f 834//31 835//31 833//31
f 836//50 837//50 835//50
f 830//41 838//41 834//41
f 838//36 839//36 837//36
f 840//32 829//32 839//32
f 831//6 835//6 839//6
f 842//38 843//38 841//38
f 844//11 845//11 843//11
f 846//31 847//31 845//31
f 848//50 849//50 847//50
f 842//41 850//41 846//41
f 850//36 851//36 849//36
f 852//32 841//32 851//32
f 843//6 847//6 851//6
f 854//34 855//34 853//34
f 856//30 857//30 855//30
f 858//39 859//39 857//39
f 860//48 861//48 859//48
f 854//40 862//40 858//40
f 862//36 863//36 861//36
f 864//37 853//37 863//37
f 855//46 859//46 863//46
f 866//51 867//51 865//51
f 868//11 869//11 867//11
f 870//31 871//31 869//31
f 872//18 873//18 871//18
f 866//2 874//2 870//2
f 874//14 875//14 873//14
f 876//32 865//32 875//32
f 867//33 871//33 875//33
f 878//51 879//51 877//51
f 880//11 881//11 879//11
f 882//31 883//31 881//31
f 884//18 885//18 883//18
f 878//2 886//2 882//2
f 886//36 887//36 885//36
f 888//42 877//42 887//42
f 879//33 883//33 887//33
f 890//52 891//52 889//52
f 892//11 893//11 891//11
f 894//45 895//45 893//45
f 896//35 897//35 895//35
f 890//49 898//49 894//49
f 898//14 899//14 897//14
f 900//21 889//21 899//21
f 891//6 895//6 899//6
f 902//38 903//38 901//38
f 904//11 905//11 903//11
f 906//31 907//31 905//31
f 908//18 909//18 907//18
f 902//2 910//2 906//2
f 910//14 911//14 909//14
f 912//37 901//37 911//37
f 903//6 907//6 911//6
f 914//38 915//38 913//38
f 916//11 917//11 915//11
f 918//31 919//31 917//31
f 920//18 921//18 919//18
f 914//41 922//41 918//41
f 922//36 923//36 921//36
f 924//42 913//42 923//42
f 915//6 919//6 923//6
f 926//52 927//52 925//52
f 928//11 929//11 927//11
f 930//53 931//53 929//53
f 932//43 933//43 931//43
f 926//49 934//49 930//49
f 934//14 935//14 933//14
f 936//21 925//21 935//21
f 927//6 931//6 935//6
f 938//51 939//51 937//51
f 940//11 941//11 939//11
f 942//31 943//31 941//31
f 944//47 945//47 943//47
f 938//2 946//2 942//2
f 946//14 947//14 945//14
f 948//32 937//32 947//32
f 939//33 943//33 947//33
f 950//51 951//51 949//51
f 952//11 953//11 951//11
f 954//31 955//31 953//31
f 956//47 957//47 955//47
f 950//2 958//2 954//2
f 958//14 959//14 957//14
f 960//32 949//32 959//32
f 951//6 955//6 959//6
f 962//52 963//52 961//52
f 964//30 965//30 963//30
f 966//53 967//53 965//53
f 967//18 970//18 969//18
f 962//40 970//40 966//40
f 970//14 971//14 969//14
f 972//37 961//37 971//37
f 963//46 967//46 971//46
f 974//38 975//38 973//38
f 976//30 977//30 975//30
f 978//31 979//31 977//31
f 979//54 982//54 981//54
f 974//2 982//2 978//2
f 982//36 983//36 981//36
f 984//42 973//42 983//42
f 975//33 979//33 983//33
f 986//38 987//38 985//38
f 988//30 989//30 987//30
f 990//31 991//31 989//31
f 992//50 993//50 991//50
f 986//41 994//41 990//41
f 994//14 995//14 993//14
f 996//32 985//32 995//32
f 987//55 991//55 995//55
f 998//52 999//52 997//52
f 1000//11 1001//11 999//11
f 1002//53 1003//53 1001//53
f 1004//48 1005//48 1003//48
f 998//40 1006//40 1002//40
f 1006//14 1007//14 1005//14
f 1008//56 997//56 1007//56
f 999//6 1003//6 1007//6
f 1010//52 1011//52 1009//52
f 1012//11 1013//11 1011//11
f 1014//53 1015//53 1013//53
f 1016//35 1017//35 1015//35
f 1010//40 1018//40 1014//40
f 1018//36 1019//36 1017//36
f 1020//37 1009//37 1019//37
f 1011//6 1015//6 1019//6
f 1022//51 1023//51 1021//51
f 1024//11 1025//11 1023//11
f 1026//53 1027//53 1025//53
f 1028//18 1029//18 1027//18
f 1022//2 1030//2 1026//2
f 1030//14 1031//14 1029//14
f 1032//32 1021//32 1031//32
f 1023//6 1027//6 1031//6
f 1034//52 1035//52 1033//52
f 1036//11 1037//11 1035//11
f 1038//45 1039//45 1037//45
f 1040//35 1041//35 1039//35
f 1034//49 1042//49 1038//49
f 1042//14 1043//14 1041//14
f 1044//21 1033//21 1043//21
f 1035//44 1039//44 1043//44
f 1046//52 1047//52 1045//52
f 1048//11 1049//11 1047//11
f 1050//45 1051//45 1049//45
f 1052//35 1053//35 1051//35
f 1046//49 1054//49 1050//49
f 1054//36 1055//36 1053//36
f 1056//21 1045//21 1055//21
f 1047//6 1051//6 1055//6
f 1058//38 1059//38 1057//38
f 1060//11 1061//11 1059//11
f 1062//31 1063//31 1061//31
f 1063//48 1066//48 1065//48
f 1058//2 1066//2 1062//2
f 1066//14 1067//14 1065//14
f 1068//37 1057//37 1067//37
f 1059//6 1063//6 1067//6
f 1070//52 1071//52 1069//52
f 1072//11 1073//11 1071//11
f 1074//53 1075//53 1073//53
f 1076//43 1077//43 1075//43
f 1070//2 1078//2 1074//2
f 1078//14 1079//14 1077//14
f 1080//21 1069//21 1079//21
f 1071//46 1075//46 1079//46
f 1082//52 1083//52 1081//52
f 1084//11 1085//11 1083//11
f 1086//45 1087//45 1085//45
f 1088//35 1089//35 1087//35
f 1082//49 1090//49 1086//49
f 1090//14 1091//14 1089//14
f 1092//21 1081//21 1091//21
f 1083//46 1087//46 1091//46
f 1094//38 1095//38 1093//38
f 1096//11 1097//11 1095//11
f 1098//31 1099//31 1097//31
f 1099//48 1102//48 1101//48
f 1094//41 1102//41 1098//41
f 1102//14 1103//14 1101//14
f 1104//37 1093//37 1103//37
f 1095//6 1099//6 1103//6
f 1106//52 1107//52 1105//52
f 1108//11 1109//11 1107//11
f 1110//45 1111//45 1109//45
f 1112//43 1113//43 1111//43
f 1106//49 1114//49 1110//49
f 1114//14 1115//14 1113//14
f 1116//37 1105//37 1115//37
f 1107//46 1111//46 1115//46
f 1118//57 1119//57 1117//57
f 1120//11 1121//11 1119//11
f 1122//45 1123//45 1121//45
f 1124//43 1125//43 1123//43
f 1118//40 1126//40 1122//40
f 1126//58 1127//58 1125//58
f 1128//59 1117//59 1127//59
f 1119//6 1123//6 1127//6
f 1130//51 1131//51 1129//51
f 1132//11 1133//11 1131//11
f 1134//31 1135//31 1133//31
f 1136//50 1137//50 1135//50
f 1130//41 1138//41 1134//41
f 1138//14 1139//14 1137//14
f 1140//32 1129//32 1139//32
f 1131//6 1135//6 1139//6
f 1142//60 1143//60 1141//60
f 1144//11 1145//11 1143//11
f 1146//53 1147//53 1145//53
f 1148//18 1149//18 1147//18
f 1142//2 1150//2 1146//2
f 1150//14 1151//14 1149//14
f 1152//21 1141//21 1151//21
f 1143//6 1147//6 1151//6
f 1154//52 1155//52 1153//52
f 1156//11 1157//11 1155//11
f 1158//45 1159//45 1157//45
f 1159//61 1162//61 1161//61
f 1154//49 1162//49 1158//49
f 1162//14 1163//14 1161//14
f 1164//37 1153//37 1163//37
f 1155//46 1159//46 1163//46
f 1166//38 1167//38 1165//38
f 1168//62 1169//62 1167//62
f 1170//63 1171//63 1169//63
f 1172//47 1173//47 1171//47
f 1166//2 1174//2 1170//2
f 1174//14 1175//14 1173//14
f 1176//37 1165//37 1175//37
f 1167//33 1171//33 1175//33
f 1178//52 1179//52 1177//52
f 1180//11 1181//11 1179//11
f 1182//31 1183//31 1181//31
f 1184//18 1185//18 1183//18
f 1178//2 1186//2 1182//2
f 1186//14 1187//14 1185//14
f 1188//32 1177//32 1187//32
f 1179//55 1183//55 1187//55
f 1190//57 1191//57 1189//57
f 1192//11 1193//11 1191//11
f 1194//53 1195//53 1193//53
f 1195//18 1198//18 1197//18
f 1190//40 1198//40 1194//40
f 1198//14 1199//14 1197//14
f 1200//21 1189//21 1199//21
f 1191//46 1195//46 1199//46
f 1202//51 1203//51 1201//51
f 1204//11 1205//11 1203//11
f 1206//31 1207//31 1205//31
f 1207//54 1210//54 1209//54
f 1202//2 1210//2 1206//2
f 1210//58 1211//58 1209//58
f 1212//37 1201//37 1211//37
f 1203//33 1207//33 1211//33
f 1214//64 1215//64 1213//64
f 1216//11 1217//11 1215//11
f 1218//63 1219//63 1217//63
f 1220//65 1221//65 1219//65
f 1214//41 1222//41 1218//41
f 1222//14 1223//14 1221//14
f 1224//37 1213//37 1223//37
f 1215//6 1219//6 1223//6
f 1226//52 1227//52 1225//52
f 1228//11 1229//11 1227//11
f 1230//45 1231//45 1229//45
f 1232//35 1233//35 1231//35
f 1226//40 1234//40 1230//40
f 1234//14 1235//14 1233//14
f 1236//21 1225//21 1235//21
f 1227//6 1231//6 1235//6
f 1238//22 1239//22 1237//22
f 1240//11 1241//11 1239//11
f 1242//53 1243//53 1241//53
f 1243//18 1246//18 1245//18
f 1238//41 1246//41 1242//41
f 1246//14 1247//14 1245//14
f 1248//42 1237//42 1247//42
f 1239//33 1243//33 1247//33
f 1250//51 1251//51 1249//51
f 1252//11 1253//11 1251//11
f 1254//66 1255//66 1253//66
f 1256//43 1257//43 1255//43
f 1250//41 1258//41 1254//41
f 1258//14 1259//14 1257//14
f 1260//32 1249//32 1259//32
f 1251//6 1255//6 1259//6
f 1262//57 1263//57 1261//57
f 1264//11 1265//11 1263//11
f 1266//53 1267//53 1265//53
f 1268//43 1269//43 1267//43
f 1262//49 1270//49 1266//49
f 1270//14 1271//14 1269//14
f 1272//32 1261//32 1271//32
f 1263//44 1267//44 1271//44
f 1274//51 1275//51 1273//51
f 1276//11 1277//11 1275//11
f 1278//66 1279//66 1277//66
f 1280//47 1281//47 1279//47
f 1274//41 1282//41 1278//41
f 1282//14 1283//14 1281//14
f 1284//59 1273//59 1283//59
f 1275//6 1279//6 1283//6
f 1286//67 1287//67 1285//67
f 1288//11 1289//11 1287//11
f 1290//63 1291//63 1289//63
f 1292//35 1293//35 1291//35
f 1286//2 1294//2 1290//2
f 1294//14 1295//14 1293//14
f 1296//42 1285//42 1295//42
f 1287//6 1291//6 1295//6
f 1298//52 1299//52 1297//52
f 1300//11 1301//11 1299//11
f 1302//45 1303//45 1301//45
f 1303//18 1306//18 1305//18
f 1298//40 1306//40 1302//40
f 1306//14 1307//14 1305//14
f 1308//32 1297//32 1307//32
f 1299//46 1303//46 1307//46
f 1310//67 1311//67 1309//67
f 1312//11 1313//11 1311//11
f 1314//53 1315//53 1313//53
f 1316//54 1317//54 1315//54
f 1310//49 1318//49 1314//49
f 1318//14 1319//14 1317//14
f 1320//32 1309//32 1319//32
f 1311//6 1315//6 1319//6
f 1322//52 1323//52 1321//52
f 1324//11 1325//11 1323//11
f 1326//66 1327//66 1325//66
f 1328//43 1329//43 1327//43
f 1322//2 1330//2 1326//2
f 1330//58 1331//58 1329//58
f 1332//68 1321//68 1331//68
f 1323//6 1327//6 1331//6
f 1334//69 1335//69 1333//69
f 1336//11 1337//11 1335//11
f 1338//53 1339//53 1337//53
f 1339//54 1342//54 1341//54
f 1334//49 1342//49 1338//49
f 1342//58 1343//58 1341//58
f 1344//21 1333//21 1343//21
f 1335//46 1339//46 1343//46
f 1346//52 1347//52 1345//52
f 1348//11 1349//11 1347//11
f 1350//66 1351//66 1349//66
f 1352//43 1353//43 1351//43
f 1346//40 1354//40 1350//40
f 1354//14 1355//14 1353//14
f 1356//37 1345//37 1355//37
f 1347//6 1351//6 1355//6
f 1358//64 1359//64 1357//64
f 1360//11 1361//11 1359//11
f 1362//53 1363//53 1361//53
f 1364//18 1365//18 1363//18
f 1358//2 1366//2 1362//2
f 1366//14 1367//14 1365//14
f 1368//21 1357//21 1367//21
f 1359//6 1363//6 1367//6
f 1370//52 1371//52 1369//52
f 1372//11 1373//11 1371//11
f 1374//17 1375//17 1373//17
f 1376//43 1377//43 1375//43
f 1370//2 1378//2 1374//2
f 1378//58 1379//58 1377//58
f 1380//32 1369//32 1379//32
f 1371//44 1375//44 1379//44
f 1382//69 1383//69 1381//69
f 1384//11 1385//11 1383//11
f 1386//70 1387//70 1385//70
f 1388//48 1389//48 1387//48
f 1382//2 1390//2 1386//2
f 1390//14 1391//14 1389//14
f 1392//21 1381//21 1391//21
f 1383//6 1387//6 1391//6
f 1394//51 1395//51 1393//51
f 1396//11 1397//11 1395//11
f 1398//66 1399//66 1397//66
f 1400//43 1401//43 1399//43
f 1394//2 1402//2 1398//2
f 1402//14 1403//14 1401//14
f 1404//32 1393//32 1403//32
f 1395//6 1399//6 1403//6
f 1406//24 1407//24 1405//24
f 1408//11 1409//11 1407//11
f 1410//19 1411//19 1409//19
f 1412//29 1413//29 1411//29
f 1406//2 1414//2 1410//2
f 1414//14 1415//14 1413//14
f 1416//15 1405//15 1415//15
f 1407//46 1411//46 1415//46
f 2//1 4//1 3//1
f 4//2 6//2 5//2
f 6//3 8//3 7//3
f 7//4 8//4 10//4
f 6//103 4//103 2//103
f 2//104 12//104 10//104
f 10//105 8//105 6//105
f 10//6 12//6 11//6
f 12//7 2//7 1//7
f 11//8 1//8 3//8
f 3//8 5//8 7//8
f 7//8 9//8 11//8
f 13//1 14//1 16//1
f 16//2 18//2 17//2
f 18//3 20//3 19//3
f 20//4 22//4 21//4
f 18//103 16//103 14//103
f 14//106 24//106 22//106
f 22//107 20//107 18//107
f 22//6 24//6 23//6
f 23//7 24//7 14//7
f 23//8 13//8 15//8
f 15//8 17//8 19//8
f 19//8 21//8 23//8
f 37//10 38//10 40//10
f 40//11 42//11 41//11
f 42//12 44//12 43//12
f 43//13 44//13 46//13
f 42//2 40//2 38//2
f 38//2 48//2 46//2
f 46//2 44//2 42//2
f 46//14 48//14 47//14
f 48//15 38//15 37//15
f 47//6 37//6 39//6
f 39//6 41//6 43//6
f 43//6 45//6 47//6
f 50//22 52//22 51//22
f 52//11 54//11 53//11
f 54//17 56//17 55//17
f 56//13 58//13 57//13
f 54//2 52//2 50//2
f 50//2 60//2 58//2
f 58//2 56//2 54//2
f 58//14 60//14 59//14
f 60//23 50//23 49//23
f 59//6 49//6 51//6
f 51//6 53//6 55//6
f 55//6 57//6 59//6
f 61//16 62//16 64//16
f 63//11 64//11 66//11
f 65//19 66//19 68//19
f 67//13 68//13 70//13
f 66//2 64//2 62//2
f 62//2 72//2 70//2
f 70//2 68//2 66//2
f 70//14 72//14 71//14
f 72//15 62//15 61//15
f 71//6 61//6 63//6
f 63//6 65//6 67//6
f 67//6 69//6 71//6
f 74//22 76//22 75//22
f 76//11 78//11 77//11
f 78//111 80//111 79//111
f 80//13 82//13 81//13
f 78//2 76//2 74//2
f 74//2 84//2 82//2
f 82//112 80//112 78//112
f 82//14 84//14 83//14
f 84//23 74//23 73//23
f 83//6 73//6 75//6
f 75//6 77//6 79//6
f 79//6 81//6 83//6
f 86//24 88//24 87//24
f 88//11 90//11 89//11
f 90//12 92//12 91//12
f 91//113 92//113 94//113
f 90//2 88//2 86//2
f 86//2 96//2 94//2
f 94//2 92//2 90//2
f 94//14 96//14 95//14
f 95//21 96//21 86//21
f 95//6 85//6 87//6
f 87//6 89//6 91//6
f 91//6 93//6 95//6
f 98//24 100//24 99//24
f 100//11 102//11 101//11
f 102//111 104//111 103//111
f 104//13 106//13 105//13
f 102//2 100//2 98//2
f 98//2 108//2 106//2
f 106//2 104//2 102//2
f 106//14 108//14 107//14
f 108//15 98//15 97//15
f 107//6 97//6 99//6
f 99//6 101//6 103//6
f 103//6 105//6 107//6
f 110//24 112//24 111//24
f 112//11 114//11 113//11
f 114//12 116//12 115//12
f 115//13 116//13 118//13
f 114//2 112//2 110//2
f 110//2 120//2 118//2
f 118//2 116//2 114//2
f 118//14 120//14 119//14
f 120//23 110//23 109//23
f 119//6 109//6 111//6
f 111//6 113//6 115//6
f 115//6 117//6 119//6
f 122//24 124//24 123//24
f 124//11 126//11 125//11
f 126//19 128//19 127//19
f 128//13 130//13 129//13
f 126//2 124//2 122//2
f 122//2 132//2 130//2
f 130//112 128//112 126//112
f 130//14 132//14 131//14
f 132//23 122//23 121//23
f 131//6 121//6 123//6
f 123//6 125//6 127//6
f 127//6 129//6 131//6
f 134//10 136//10 135//10
f 136//11 138//11 137//11
f 138//19 140//19 139//19
f 139//20 140//20 142//20
f 138//2 136//2 134//2
f 134//2 144//2 142//2
f 142//2 140//2 138//2
f 142//14 144//14 143//14
f 144//23 134//23 133//23
f 143//6 133//6 135//6
f 135//6 137//6 139//6
f 139//6 141//6 143//6
f 146//10 148//10 147//10
f 148//11 150//11 149//11
f 150//19 152//19 151//19
f 152//13 154//13 153//13
f 150//2 148//2 146//2
f 146//2 156//2 154//2
f 154//2 152//2 150//2
f 154//14 156//14 155//14
f 156//15 146//15 145//15
f 155//6 145//6 147//6
f 147//6 149//6 151//6
f 151//6 153//6 155//6
f 158//24 160//24 159//24
f 160//11 162//11 161//11
f 162//19 164//19 163//19
f 164//18 166//18 165//18
f 162//2 160//2 158//2
f 158//2 168//2 166//2
f 166//2 164//2 162//2
f 166//14 168//14 167//14
f 168//21 158//21 157//21
f 167//6 157//6 159//6
f 159//6 161//6 163//6
f 163//6 165//6 167//6
f 170//10 172//10 171//10
f 172//11 174//11 173//11
f 174//12 176//12 175//12
f 176//13 178//13 177//13
f 174//2 172//2 170//2
f 170//2 180//2 178//2
f 178//112 176//112 174//112
f 178//14 180//14 179//14
f 180//15 170//15 169//15
f 179//6 169//6 171//6
f 171//6 173//6 175//6
f 175//6 177//6 179//6
f 182//10 184//10 183//10
f 184//11 186//11 185//11
f 186//12 188//12 187//12
f 187//13 188//13 190//13
f 186//2 184//2 182//2
f 182//2 192//2 190//2
f 190//2 188//2 186//2
f 190//14 192//14 191//14
f 192//23 182//23 181//23
f 191//6 181//6 183//6
f 183//6 185//6 187//6
f 187//6 189//6 191//6
f 194//10 196//10 195//10
f 196//11 198//11 197//11
f 198//12 200//12 199//12
f 200//13 202//13 201//13
f 198//2 196//2 194//2
f 194//2 204//2 202//2
f 202//2 200//2 198//2
f 202//14 204//14 203//14
f 204//23 194//23 193//23
f 203//6 193//6 195//6
f 195//6 197//6 199//6
f 199//6 201//6 203//6
f 206//24 208//24 207//24
f 208//11 210//11 209//11
f 210//12 212//12 211//12
f 211//13 212//13 214//13
f 210//2 208//2 206//2
f 206//2 216//2 214//2
f 214//2 212//2 210//2
f 214//14 216//14 215//14
f 216//15 206//15 205//15
f 215//55 205//55 207//55
f 207//55 209//55 211//55
f 211//6 213//6 215//6
f 218//22 220//22 219//22
f 220//11 222//11 221//11
f 222//19 224//19 223//19
f 224//18 226//18 225//18
f 222//2 220//2 218//2
f 218//2 228//2 226//2
f 226//112 224//112 222//112
f 226//14 228//14 227//14
f 228//23 218//23 217//23
f 227//6 217//6 219//6
f 219//6 221//6 223//6
f 223//46 225//46 227//46
f 230//10 232//10 231//10
f 232//11 234//11 233//11
f 234//19 236//19 235//19
f 235//18 236//18 238//18
f 234//49 232//49 230//49
f 230//49 240//49 238//49
f 238//2 236//2 234//2
f 238//14 240//14 239//14
f 240//23 230//23 229//23
f 239//6 229//6 231//6
f 231//6 233//6 235//6
f 235//6 237//6 239//6
f 242//24 244//24 243//24
f 244//11 246//11 245//11
f 246//12 248//12 247//12
f 248//20 250//20 249//20
f 246//2 244//2 242//2
f 242//2 252//2 250//2
f 250//41 248//41 246//41
f 250//14 252//14 251//14
f 252//15 242//15 241//15
f 251//6 241//6 243//6
f 243//6 245//6 247//6
f 247//33 249//33 251//33
f 254//24 256//24 255//24
f 256//11 258//11 257//11
f 258//17 260//17 259//17
f 259//18 260//18 262//18
f 258//2 256//2 254//2
f 254//2 264//2 262//2
f 262//2 260//2 258//2
f 262//14 264//14 263//14
f 264//15 254//15 253//15
f 263//6 253//6 255//6
f 255//6 257//6 259//6
f 259//6 261//6 263//6
f 266//10 268//10 267//10
f 268//11 270//11 269//11
f 270//19 272//19 271//19
f 272//13 274//13 273//13
f 270//2 268//2 266//2
f 266//2 276//2 274//2
f 274//112 272//112 270//112
f 274//14 276//14 275//14
f 276//15 266//15 265//15
f 275//6 265//6 267//6
f 267//6 269//6 271//6
f 271//46 273//46 275//46
f 278//24 280//24 279//24
f 280//11 282//11 281//11
f 282//12 284//12 283//12
f 283//13 284//13 286//13
f 282//2 280//2 278//2
f 278//2 288//2 286//2
f 286//114 284//114 282//114
f 286//14 288//14 287//14
f 288//15 278//15 277//15
f 287//55 277//55 279//55
f 279//6 281//6 283//6
f 283//6 285//6 287//6
f 290//10 292//10 291//10
f 292//11 294//11 293//11
f 294//17 296//17 295//17
f 296//20 298//20 297//20
f 294//2 292//2 290//2
f 290//41 300//41 298//41
f 298//114 296//114 294//114
f 298//14 300//14 299//14
f 300//15 290//15 289//15
f 299//6 289//6 291//6
f 291//6 293//6 295//6
f 295//6 297//6 299//6
f 302//10 304//10 303//10
f 304//11 306//11 305//11
f 306//12 308//12 307//12
f 307//18 308//18 310//18
f 306//2 304//2 302//2
f 302//2 312//2 310//2
f 310//2 308//2 306//2
f 310//14 312//14 311//14
f 312//21 302//21 301//21
f 311//6 301//6 303//6
f 303//6 305//6 307//6
f 307//6 309//6 311//6
f 314//22 316//22 315//22
f 316//11 318//11 317//11
f 318//12 320//12 319//12
f 320//13 322//13 321//13
f 318//49 316//49 314//49
f 314//2 324//2 322//2
f 322//112 320//112 318//112
f 322//14 324//14 323//14
f 324//15 314//15 313//15
f 323//6 313//6 315//6
f 315//6 317//6 319//6
f 319//44 321//44 323//44
f 326//24 328//24 327//24
f 328//11 330//11 329//11
f 330//12 332//12 331//12
f 331//13 332//13 334//13
f 330//2 328//2 326//2
f 326//2 336//2 334//2
f 334//2 332//2 330//2
f 334//14 336//14 335//14
f 336//15 326//15 325//15
f 335//55 325//55 327//55
f 327//6 329//6 331//6
f 331//6 333//6 335//6
f 338//24 340//24 339//24
f 340//11 342//11 341//11
f 342//12 344//12 343//12
f 344//13 346//13 345//13
f 342//2 340//2 338//2
f 338//41 348//41 346//41
f 346//114 344//114 342//114
f 346//14 348//14 347//14
f 348//15 338//15 337//15
f 347//6 337//6 339//6
f 339//6 341//6 343//6
f 343//6 345//6 347//6
f 350//10 352//10 351//10
f 352//11 354//11 353//11
f 354//19 356//19 355//19
f 355//115 356//115 358//115
f 354//49 352//49 350//49
f 350//49 360//49 358//49
f 358//2 356//2 354//2
f 358//14 360//14 359//14
f 360//15 350//15 349//15
f 359//6 349//6 351//6
f 351//6 353//6 355//6
f 355//6 357//6 359//6
f 362//10 364//10 363//10
f 364//11 366//11 365//11
f 366//12 368//12 367//12
f 368//20 370//20 369//20
f 366//2 364//2 362//2
f 362//2 372//2 370//2
f 370//112 368//112 366//112
f 370//14 372//14 371//14
f 372//15 362//15 361//15
f 371//6 361//6 363//6
f 363//6 365//6 367//6
f 367//6 369//6 371//6
f 374//10 376//10 375//10
f 376//11 378//11 377//11
f 378//12 380//12 379//12
f 379//13 380//13 382//13
f 378//2 376//2 374//2
f 374//2 384//2 382//2
f 382//2 380//2 378//2
f 382//14 384//14 383//14
f 384//15 374//15 373//15
f 383//6 373//6 375//6
f 375//6 377//6 379//6
f 379//6 381//6 383//6
f 386//10 388//10 387//10
f 388//11 390//11 389//11
f 390//12 392//12 391//12
f 392//13 394//13 393//13
f 390//2 388//2 386//2
f 386//2 396//2 394//2
f 394//2 392//2 390//2
f 394//14 396//14 395//14
f 396//15 386//15 385//15
f 395//6 385//6 387//6
f 387//6 389//6 391//6
f 391//6 393//6 395//6
f 398//10 400//10 399//10
f 400//11 402//11 401//11
f 402//12 404//12 403//12
f 403//13 404//13 406//13
f 402//2 400//2 398//2
f 398//2 408//2 406//2
f 406//2 404//2 402//2
f 406//14 408//14 407//14
f 408//15 398//15 397//15
f 407//46 397//46 399//46
f 399//6 401//6 403//6
f 403//55 405//55 407//55
f 410//10 412//10 411//10
f 412//11 414//11 413//11
f 414//12 416//12 415//12
f 416//13 418//13 417//13
f 414//2 412//2 410//2
f 410//2 420//2 418//2
f 418//112 416//112 414//112
f 418//14 420//14 419//14
f 420//15 410//15 409//15
f 419//6 409//6 411//6
f 411//6 413//6 415//6
f 415//6 417//6 419//6
f 422//10 424//10 423//10
f 424//11 426//11 425//11
f 426//12 428//12 427//12
f 427//13 428//13 430//13
f 426//2 424//2 422//2
f 422//2 432//2 430//2
f 430//2 428//2 426//2
f 430//14 432//14 431//14
f 432//15 422//15 421//15
f 431//6 421//6 423//6
f 423//6 425//6 427//6
f 427//6 429//6 431//6
f 434//10 436//10 435//10
f 436//11 438//11 437//11
f 438//12 440//12 439//12
f 440//13 442//13 441//13
f 438//2 436//2 434//2
f 434//49 444//49 442//49
f 442//2 440//2 438//2
f 442//14 444//14 443//14
f 444//15 434//15 433//15
f 443//44 433//44 435//44
f 435//6 437//6 439//6
f 439//55 441//55 443//55
f 446//10 448//10 447//10
f 448//11 450//11 449//11
f 450//12 452//12 451//12
f 451//13 452//13 454//13
f 450//49 448//49 446//49
f 446//2 456//2 454//2
f 454//2 452//2 450//2
f 454//14 456//14 455//14
f 456//15 446//15 445//15
f 455//6 445//6 447//6
f 447//44 449//44 451//44
f 451//6 453//6 455//6
f 458//10 460//10 459//10
f 460//11 462//11 461//11
f 462//12 464//12 463//12
f 464//13 466//13 465//13
f 462//49 460//49 458//49
f 458//2 468//2 466//2
f 466//112 464//112 462//112
f 466//14 468//14 467//14
f 468//15 458//15 457//15
f 467//6 457//6 459//6
f 459//6 461//6 463//6
f 463//46 465//46 467//46
f 470//10 472//10 471//10
f 472//11 474//11 473//11
f 474//12 476//12 475//12
f 475//13 476//13 478//13
f 474//2 472//2 470//2
f 470//2 480//2 478//2
f 478//2 476//2 474//2
f 478//14 480//14 479//14
f 480//15 470//15 469//15
f 479//6 469//6 471//6
f 471//6 473//6 475//6
f 475//6 477//6 479//6
f 482//10 484//10 483//10
f 484//11 486//11 485//11
f 486//12 488//12 487//12
f 488//13 490//13 489//13
f 486//2 484//2 482//2
f 482//2 492//2 490//2
f 490//2 488//2 486//2
f 490//14 492//14 491//14
f 492//15 482//15 481//15
f 491//33 481//33 483//33
f 483//44 485//44 487//44
f 487//6 489//6 491//6
f 494//10 496//10 495//10
f 496//11 498//11 497//11
f 498//12 500//12 499//12
f 500//13 502//13 501//13
f 498//2 496//2 494//2
f 494//2 504//2 502//2
f 502//2 500//2 498//2
f 502//14 504//14 503//14
f 504//15 494//15 493//15
f 503//6 493//6 495//6
f 495//6 497//6 499//6
f 499//6 501//6 503//6
f 506//10 508//10 507//10
f 508//11 510//11 509//11
f 510//12 512//12 511//12
f 512//13 514//13 513//13
f 510//2 508//2 506//2
f 506//2 516//2 514//2
f 514//2 512//2 510//2
f 514//14 516//14 515//14
f 516//15 506//15 505//15
f 515//6 505//6 507//6
f 507//6 509//6 511//6
f 511//6 513//6 515//6
f 518//10 520//10 519//10
f 520//11 522//11 521//11
f 522//19 524//19 523//19
f 524//13 526//13 525//13
f 522//49 520//49 518//49
f 518//49 528//49 526//49
f 526//2 524//2 522//2
f 526//14 528//14 527//14
f 528//15 518//15 517//15
f 527//6 517//6 519//6
f 519//6 521//6 523//6
f 523//6 525//6 527//6
f 530//10 532//10 531//10
f 532//11 534//11 533//11
f 534//12 536//12 535//12
f 536//13 538//13 537//13
f 534//49 532//49 530//49
f 530//2 540//2 538//2
f 538//40 536//40 534//40
f 538//14 540//14 539//14
f 540//15 530//15 529//15
f 539//46 529//46 531//46
f 531//6 533//6 535//6
f 535//6 537//6 539//6
f 542//10 544//10 543//10
f 544//11 546//11 545//11
f 546//12 548//12 547//12
f 548//13 550//13 549//13
f 546//2 544//2 542//2
f 542//2 552//2 550//2
f 550//2 548//2 546//2
f 550//14 552//14 551//14
f 552//15 542//15 541//15
f 551//6 541//6 543//6
f 543//6 545//6 547//6
f 547//6 549//6 551//6
f 554//10 556//10 555//10
f 556//11 558//11 557//11
f 558//12 560//12 559//12
f 560//13 562//13 561//13
f 558//2 556//2 554//2
f 554//2 564//2 562//2
f 562//2 560//2 558//2
f 562//14 564//14 563//14
f 564//15 554//15 553//15
f 563//6 553//6 555//6
f 555//44 557//44 559//44
f 559//44 561//44 563//44
f 566//10 568//10 567//10
f 568//11 570//11 569//11
f 570//12 572//12 571//12
f 571//13 572//13 574//13
f 570//2 568//2 566//2
f 566//2 576//2 574//2
f 574//2 572//2 570//2
f 574//14 576//14 575//14
f 576//15 566//15 565//15
f 575//6 565//6 567//6
f 567//6 569//6 571//6
f 571//6 573//6 575//6
f 578//10 580//10 579//10
f 580//11 582//11 581//11
f 582//12 584//12 583//12
f 583//20 584//20 586//20
f 582//2 580//2 578//2
f 578//2 588//2 586//2
f 586//2 584//2 582//2
f 586//28 588//28 587//28
f 588//116 578//116 577//116
f 587//6 577//6 579//6
f 579//6 581//6 583//6
f 583//6 585//6 587//6
f 590//117 592//117 591//117
f 592//11 594//11 593//11
f 594//12 596//12 595//12
f 595//29 596//29 598//29
f 594//49 592//49 590//49
f 590//49 600//49 598//49
f 598//2 596//2 594//2
f 598//14 600//14 599//14
f 600//27 590//27 589//27
f 599//6 589//6 591//6
f 591//6 593//6 595//6
f 595//6 597//6 599//6
f 602//10 604//10 603//10
f 604//26 606//26 605//26
f 606//12 608//12 607//12
f 607//20 608//20 610//20
f 606//40 604//40 602//40
f 602//2 612//2 610//2
f 610//2 608//2 606//2
f 610//14 612//14 611//14
f 612//15 602//15 601//15
f 611//6 601//6 603//6
f 603//6 605//6 607//6
f 607//6 609//6 611//6
f 614//10 616//10 615//10
f 616//26 618//26 617//26
f 618//12 620//12 619//12
f 619//20 620//20 622//20
f 618//2 616//2 614//2
f 614//2 624//2 622//2
f 622//40 620//40 618//40
f 622//14 624//14 623//14
f 624//27 614//27 613//27
f 623//6 613//6 615//6
f 615//6 617//6 619//6
f 619//6 621//6 623//6
f 626//10 628//10 627//10
f 628//11 630//11 629//11
f 630//118 632//118 631//118
f 631//20 632//20 634//20
f 630//2 628//2 626//2
f 626//2 636//2 634//2
f 634//2 632//2 630//2
f 634//28 636//28 635//28
f 636//15 626//15 625//15
f 635//6 625//6 627//6
f 627//6 629//6 631//6
f 631//55 633//55 635//55
f 638//10 640//10 639//10
f 640//26 642//26 641//26
f 642//119 644//119 643//119
f 643//13 644//13 646//13
f 642//2 640//2 638//2
f 638//2 648//2 646//2
f 646//2 644//2 642//2
f 646//14 648//14 647//14
f 648//56 638//56 637//56
f 647//6 637//6 639//6
f 639//6 641//6 643//6
f 643//55 645//55 647//55
f 650//120 652//120 651//120
f 652//11 654//11 653//11
f 654//12 656//12 655//12
f 655//20 656//20 658//20
f 654//2 652//2 650//2
f 650//2 660//2 658//2
f 658//2 656//2 654//2
f 658//14 660//14 659//14
f 660//15 650//15 649//15
f 659//6 649//6 651//6
f 651//44 653//44 655//44
f 655//46 657//46 659//46
f 662//10 664//10 663//10
f 664//11 666//11 665//11
f 666//12 668//12 667//12
f 667//13 668//13 670//13
f 666//49 664//49 662//49
f 662//2 672//2 670//2
f 670//2 668//2 666//2
f 670//14 672//14 671//14
f 672//27 662//27 661//27
f 671//46 661//46 663//46
f 663//6 665//6 667//6
f 667//6 669//6 671//6
f 674//10 676//10 675//10
f 676//11 678//11 677//11
f 678//12 680//12 679//12
f 679//121 680//121 682//121
f 678//2 676//2 674//2
f 674//2 684//2 682//2
f 682//2 680//2 678//2
f 682//14 684//14 683//14
f 684//15 674//15 673//15
f 683//6 673//6 675//6
f 675//6 677//6 679//6
f 679//6 681//6 683//6
f 686//10 688//10 687//10
f 688//26 690//26 689//26
f 690//119 692//119 691//119
f 691//13 692//13 694//13
f 690//49 688//49 686//49
f 686//2 696//2 694//2
f 694//40 692//40 690//40
f 694//28 696//28 695//28
f 696//15 686//15 685//15
f 695//6 685//6 687//6
f 687//6 689//6 691//6
f 691//6 693//6 695//6
f 698//10 700//10 699//10
f 700//26 702//26 701//26
f 702//119 704//119 703//119
f 703//13 704//13 706//13
f 702//2 700//2 698//2
f 698//2 708//2 706//2
f 706//2 704//2 702//2
f 706//14 708//14 707//14
f 708//15 698//15 697//15
f 707//46 697//46 699//46
f 699//6 701//6 703//6
f 703//6 705//6 707//6
f 710//120 712//120 711//120
f 712//11 714//11 713//11
f 714//12 716//12 715//12
f 716//13 718//13 717//13
f 714//2 712//2 710//2
f 710//2 720//2 718//2
f 718//112 716//112 714//112
f 718//14 720//14 719//14
f 720//15 710//15 709//15
f 719//6 709//6 711//6
f 711//6 713//6 715//6
f 715//6 717//6 719//6
f 722//52 724//52 723//52
f 724//11 726//11 725//11
f 726//17 728//17 727//17
f 728//48 730//48 729//48
f 726//2 724//2 722//2
f 722//2 732//2 730//2
f 730//122 728//122 726//122
f 730//36 732//36 731//36
f 732//21 722//21 721//21
f 731//33 721//33 723//33
f 723//6 725//6 727//6
f 727//6 729//6 731//6
f 734//22 736//22 735//22
f 736//30 738//30 737//30
f 738//123 740//123 739//123
f 740//18 742//18 741//18
f 738//49 736//49 734//49
f 734//2 744//2 742//2
f 742//124 740//124 738//124
f 742//14 744//14 743//14
f 744//32 734//32 733//32
f 743//125 733//125 735//125
f 735//6 737//6 739//6
f 739//6 741//6 743//6
f 746//52 748//52 747//52
f 748//30 750//30 749//30
f 750//123 752//123 751//123
f 752//18 754//18 753//18
f 750//49 748//49 746//49
f 746//2 756//2 754//2
f 754//112 752//112 750//112
f 754//36 756//36 755//36
f 756//32 746//32 745//32
f 755//46 745//46 747//46
f 747//44 749//44 751//44
f 751//6 753//6 755//6
f 758//69 760//69 759//69
f 760//11 762//11 761//11
f 762//17 764//17 763//17
f 764//54 766//54 765//54
f 762//49 760//49 758//49
f 758//2 768//2 766//2
f 766//122 764//122 762//122
f 766//14 768//14 767//14
f 768//21 758//21 757//21
f 767//33 757//33 759//33
f 759//6 761//6 763//6
f 763//46 765//46 767//46
f 770//22 772//22 771//22
f 772//11 774//11 773//11
f 774//31 776//31 775//31
f 776//48 778//48 777//48
f 774//40 772//40 770//40
f 770//2 780//2 778//2
f 778//126 776//126 774//126
f 778//14 780//14 779//14
f 780//127 770//127 769//127
f 779//46 769//46 771//46
f 771//6 773//6 775//6
f 775//6 777//6 779//6
f 782//22 784//22 783//22
f 784//11 786//11 785//11
f 786//123 788//123 787//123
f 788//18 790//18 789//18
f 786//40 784//40 782//40
f 782//40 792//40 790//40
f 790//124 788//124 786//124
f 790//36 792//36 791//36
f 792//127 782//127 781//127
f 791//46 781//46 783//46
f 783//6 785//6 787//6
f 787//6 789//6 791//6
f 794//52 796//52 795//52
f 796//11 798//11 797//11
f 798//45 800//45 799//45
f 800//54 802//54 801//54
f 798//40 796//40 794//40
f 794//2 804//2 802//2
f 802//128 800//128 798//128
f 802//14 804//14 803//14
f 804//21 794//21 793//21
f 803//129 793//129 795//129
f 795//6 797//6 799//6
f 799//6 801//6 803//6
f 806//51 808//51 807//51
f 808//11 810//11 809//11
f 810//31 812//31 811//31
f 812//48 814//48 813//48
f 810//2 808//2 806//2
f 806//2 816//2 814//2
f 814//130 812//130 810//130
f 814//14 816//14 815//14
f 816//32 806//32 805//32
f 815//46 805//46 807//46
f 807//6 809//6 811//6
f 811//6 813//6 815//6
f 818//51 820//51 819//51
f 820//11 822//11 821//11
f 822//31 824//31 823//31
f 824//18 826//18 825//18
f 822//2 820//2 818//2
f 818//2 828//2 826//2
f 826//112 824//112 822//112
f 826//14 828//14 827//14
f 828//32 818//32 817//32
f 827//46 817//46 819//46
f 819//6 821//6 823//6
f 823//6 825//6 827//6
f 830//52 832//52 831//52
f 832//11 834//11 833//11
f 834//17 836//17 835//17
f 836//48 838//48 837//48
f 834//2 832//2 830//2
f 830//2 840//2 838//2
f 838//128 836//128 834//128
f 838//14 840//14 839//14
f 840//21 830//21 829//21
f 839//129 829//129 831//129
f 831//6 833//6 835//6
f 835//6 837//6 839//6
f 842//22 844//22 843//22
f 844//11 846//11 845//11
f 846//17 848//17 847//17
f 848//48 850//48 849//48
f 846//2 844//2 842//2
f 842//2 852//2 850//2
f 850//112 848//112 846//112
f 850//14 852//14 851//14
f 852//21 842//21 841//21
f 851//129 841//129 843//129
f 843//6 845//6 847//6
f 847//6 849//6 851//6
f 854//22 856//22 855//22
f 856//11 858//11 857//11
f 858//31 860//31 859//31
f 860//18 862//18 861//18
f 858//2 856//2 854//2
f 854//2 864//2 862//2
f 862//112 860//112 858//112
f 862//14 864//14 863//14
f 864//32 854//32 853//32
f 863//6 853//6 855//6
f 855//6 857//6 859//6
f 859//6 861//6 863//6
f 866//52 868//52 867//52
f 868//30 870//30 869//30
f 870//17 872//17 871//17
f 872//18 874//18 873//18
f 870//2 868//2 866//2
f 866//2 876//2 874//2
f 874//112 872//112 870//112
f 874//14 876//14 875//14
f 876//56 866//56 865//56
f 875//6 865//6 867//6
f 867//6 869//6 871//6
f 871//46 873//46 875//46
f 878//52 880//52 879//52
f 880//30 882//30 881//30
f 882//17 884//17 883//17
f 884//48 886//48 885//48
f 882//2 880//2 878//2
f 878//2 888//2 886//2
f 886//112 884//112 882//112
f 886//14 888//14 887//14
f 888//56 878//56 877//56
f 887//6 877//6 879//6
f 879//6 881//6 883//6
f 883//46 885//46 887//46
f 890//22 892//22 891//22
f 892//11 894//11 893//11
f 894//123 896//123 895//123
f 896//47 898//47 897//47
f 894//2 892//2 890//2
f 890//2 900//2 898//2
f 898//124 896//124 894//124
f 898//14 900//14 899//14
f 900//32 890//32 889//32
f 899//46 889//46 891//46
f 891//6 893//6 895//6
f 895//46 897//46 899//46
f 902//52 904//52 903//52
f 904//11 906//11 905//11
f 906//17 908//17 907//17
f 908//48 910//48 909//48
f 906//2 904//2 902//2
f 902//2 912//2 910//2
f 910//128 908//128 906//128
f 910//14 912//14 911//14
f 912//32 902//32 901//32
f 911//129 901//129 903//129
f 903//46 905//46 907//46
f 907//6 909//6 911//6
f 914//52 916//52 915//52
f 916//11 918//11 917//11
f 918//17 920//17 919//17
f 920//54 922//54 921//54
f 918//2 916//2 914//2
f 914//2 924//2 922//2
f 922//112 920//112 918//112
f 922//14 924//14 923//14
f 924//21 914//21 913//21
f 923//33 913//33 915//33
f 915//6 917//6 919//6
f 919//6 921//6 923//6
f 926//22 928//22 927//22
f 928//11 930//11 929//11
f 930//31 932//31 931//31
f 932//18 934//18 933//18
f 930//40 928//40 926//40
f 926//2 936//2 934//2
f 934//112 932//112 930//112
f 934//14 936//14 935//14
f 936//127 926//127 925//127
f 935//131 925//131 927//131
f 927//6 929//6 931//6
f 931//6 933//6 935//6
f 938//52 940//52 939//52
f 940//11 942//11 941//11
f 942//45 944//45 943//45
f 944//48 946//48 945//48
f 942//40 940//40 938//40
f 938//2 948//2 946//2
f 946//122 944//122 942//122
f 946//14 948//14 947//14
f 948//21 938//21 937//21
f 947//6 937//6 939//6
f 939//46 941//46 943//46
f 943//6 945//6 947//6
f 950//52 952//52 951//52
f 952//11 954//11 953//11
f 954//45 956//45 955//45
f 956//48 958//48 957//48
f 954//40 952//40 950//40
f 950//2 960//2 958//2
f 958//2 956//2 954//2
f 958//14 960//14 959//14
f 960//21 950//21 949//21
f 959//6 949//6 951//6
f 951//6 953//6 955//6
f 955//6 957//6 959//6
f 962//22 964//22 963//22
f 964//11 966//11 965//11
f 966//31 968//31 967//31
f 967//35 968//35 970//35
f 966//2 964//2 962//2
f 962//2 972//2 970//2
f 970//2 968//2 966//2
f 970//36 972//36 971//36
f 972//32 962//32 961//32
f 971//6 961//6 963//6
f 963//6 965//6 967//6
f 967//6 969//6 971//6
f 974//52 976//52 975//52
f 976//11 978//11 977//11
f 978//17 980//17 979//17
f 979//18 980//18 982//18
f 978//2 976//2 974//2
f 974//2 984//2 982//2
f 982//132 980//132 978//132
f 982//14 984//14 983//14
f 984//59 974//59 973//59
f 983//6 973//6 975//6
f 975//46 977//46 979//46
f 979//46 981//46 983//46
f 986//52 988//52 987//52
f 988//11 990//11 989//11
f 990//17 992//17 991//17
f 992//48 994//48 993//48
f 990//2 988//2 986//2
f 986//114 996//114 994//114
f 994//133 992//133 990//133
f 994//14 996//14 995//14
f 996//21 986//21 985//21
f 995//6 985//6 987//6
f 987//6 989//6 991//6
f 991//6 993//6 995//6
f 998//22 1000//22 999//22
f 1000//30 1002//30 1001//30
f 1002//31 1004//31 1003//31
f 1004//18 1006//18 1005//18
f 1002//2 1000//2 998//2
f 998//2 1008//2 1006//2
f 1006//112 1004//112 1002//112
f 1006//14 1008//14 1007//14
f 1008//127 998//127 997//127
f 1007//46 997//46 999//46
f 999//6 1001//6 1003//6
f 1003//6 1005//6 1007//6
f 1010//51 1012//51 1011//51
f 1012//11 1014//11 1013//11
f 1014//31 1016//31 1015//31
f 1016//18 1018//18 1017//18
f 1014//2 1012//2 1010//2
f 1010//2 1020//2 1018//2
f 1018//2 1016//2 1014//2
f 1018//14 1020//14 1019//14
f 1020//32 1010//32 1009//32
f 1019//131 1009//131 1011//131
f 1011//6 1013//6 1015//6
f 1015//6 1017//6 1019//6
f 1022//52 1024//52 1023//52
f 1024//11 1026//11 1025//11
f 1026//17 1028//17 1027//17
f 1028//18 1030//18 1029//18
f 1026//2 1024//2 1022//2
f 1022//2 1032//2 1030//2
f 1030//2 1028//2 1026//2
f 1030//14 1032//14 1031//14
f 1032//56 1022//56 1021//56
f 1031//33 1021//33 1023//33
f 1023//6 1025//6 1027//6
f 1027//46 1029//46 1031//46
f 1034//22 1036//22 1035//22
f 1036//11 1038//11 1037//11
f 1038//123 1040//123 1039//123
f 1040//47 1042//47 1041//47
f 1038//2 1036//2 1034//2
f 1034//2 1044//2 1042//2
f 1042//134 1040//134 1038//134
f 1042//14 1044//14 1043//14
f 1044//32 1034//32 1033//32
f 1043//6 1033//6 1035//6
f 1035//6 1037//6 1039//6
f 1039//46 1041//46 1043//46
f 1046//22 1048//22 1047//22
f 1048//11 1050//11 1049//11
f 1050//123 1052//123 1051//123
f 1052//18 1054//18 1053//18
f 1050//2 1048//2 1046//2
f 1046//2 1056//2 1054//2
f 1054//126 1052//126 1050//126
f 1054//14 1056//14 1055//14
f 1056//32 1046//32 1045//32
f 1055//131 1045//131 1047//131
f 1047//6 1049//6 1051//6
f 1051//6 1053//6 1055//6
f 1058//52 1060//52 1059//52
f 1060//11 1062//11 1061//11
f 1062//17 1064//17 1063//17
f 1063//43 1064//43 1066//43
f 1062//2 1060//2 1058//2
f 1058//2 1068//2 1066//2
f 1066//2 1064//2 1062//2
f 1066//14 1068//14 1067//14
f 1068//21 1058//21 1057//21
f 1067//6 1057//6 1059//6
f 1059//6 1061//6 1063//6
f 1063//6 1065//6 1067//6
f 1070//22 1072//22 1071//22
f 1072//11 1074//11 1073//11
f 1074//31 1076//31 1075//31
f 1076//18 1078//18 1077//18
f 1074//40 1072//40 1070//40
f 1070//2 1080//2 1078//2
f 1078//126 1076//126 1074//126
f 1078//14 1080//14 1079//14
f 1080//32 1070//32 1069//32
f 1079//46 1069//46 1071//46
f 1071//6 1073//6 1075//6
f 1075//6 1077//6 1079//6
f 1082//22 1084//22 1083//22
f 1084//11 1086//11 1085//11
f 1086//123 1088//123 1087//123
f 1088//47 1090//47 1089//47
f 1086//40 1084//40 1082//40
f 1082//40 1092//40 1090//40
f 1090//40 1088//40 1086//40
f 1090//14 1092//14 1091//14
f 1092//32 1082//32 1081//32
f 1091//46 1081//46 1083//46
f 1083//6 1085//6 1087//6
f 1087//6 1089//6 1091//6
f 1094//22 1096//22 1095//22
f 1096//11 1098//11 1097//11
f 1098//45 1100//45 1099//45
f 1099//18 1100//18 1102//18
f 1098//40 1096//40 1094//40
f 1094//40 1104//40 1102//40
f 1102//2 1100//2 1098//2
f 1102//14 1104//14 1103//14
f 1104//21 1094//21 1093//21
f 1103//6 1093//6 1095//6
f 1095//6 1097//6 1099//6
f 1099//6 1101//6 1103//6
f 1106//22 1108//22 1107//22
f 1108//11 1110//11 1109//11
f 1110//31 1112//31 1111//31
f 1112//48 1114//48 1113//48
f 1110//2 1108//2 1106//2
f 1106//2 1116//2 1114//2
f 1114//2 1112//2 1110//2
f 1114//36 1116//36 1115//36
f 1116//32 1106//32 1105//32
f 1115//6 1105//6 1107//6
f 1107//6 1109//6 1111//6
f 1111//6 1113//6 1115//6
f 1118//22 1120//22 1119//22
f 1120//11 1122//11 1121//11
f 1122//17 1124//17 1123//17
f 1124//54 1126//54 1125//54
f 1122//2 1120//2 1118//2
f 1118//2 1128//2 1126//2
f 1126//2 1124//2 1122//2
f 1126//14 1128//14 1127//14
f 1128//127 1118//127 1117//127
f 1127//46 1117//46 1119//46
f 1119//6 1121//6 1123//6
f 1123//6 1125//6 1127//6
f 1130//69 1132//69 1131//69
f 1132//11 1134//11 1133//11
f 1134//17 1136//17 1135//17
f 1136//18 1138//18 1137//18
f 1134//2 1132//2 1130//2
f 1130//2 1140//2 1138//2
f 1138//122 1136//122 1134//122
f 1138//14 1140//14 1139//14
f 1140//21 1130//21 1129//21
f 1139//129 1129//129 1131//129
f 1131//6 1133//6 1135//6
f 1135//6 1137//6 1139//6
f 1142//69 1144//69 1143//69
f 1144//11 1146//11 1145//11
f 1146//17 1148//17 1147//17
f 1148//18 1150//18 1149//18
f 1146//2 1144//2 1142//2
f 1142//2 1152//2 1150//2
f 1150//132 1148//132 1146//132
f 1150//14 1152//14 1151//14
f 1152//21 1142//21 1141//21
f 1151//6 1141//6 1143//6
f 1143//6 1145//6 1147//6
f 1147//6 1149//6 1151//6
f 1154//22 1156//22 1155//22
f 1156//11 1158//11 1157//11
f 1158//123 1160//123 1159//123
f 1159//54 1160//54 1162//54
f 1158//2 1156//2 1154//2
f 1154//2 1164//2 1162//2
f 1162//2 1160//2 1158//2
f 1162//14 1164//14 1163//14
f 1164//21 1154//21 1153//21
f 1163//6 1153//6 1155//6
f 1155//6 1157//6 1159//6
f 1159//6 1161//6 1163//6
f 1166//69 1168//69 1167//69
f 1168//11 1170//11 1169//11
f 1170//135 1172//135 1171//135
f 1172//54 1174//54 1173//54
f 1170//2 1168//2 1166//2
f 1166//2 1176//2 1174//2
f 1174//112 1172//112 1170//112
f 1174//14 1176//14 1175//14
f 1176//21 1166//21 1165//21
f 1175//6 1165//6 1167//6
f 1167//6 1169//6 1171//6
f 1171//46 1173//46 1175//46
f 1178//22 1180//22 1179//22
f 1180//11 1182//11 1181//11
f 1182//17 1184//17 1183//17
f 1184//18 1186//18 1185//18
f 1182//2 1180//2 1178//2
f 1178//2 1188//2 1186//2
f 1186//2 1184//2 1182//2
f 1186//14 1188//14 1187//14
f 1188//21 1178//21 1177//21
f 1187//6 1177//6 1179//6
f 1179//6 1181//6 1183//6
f 1183//46 1185//46 1187//46
f 1190//64 1192//64 1191//64
f 1192//11 1194//11 1193//11
f 1194//17 1196//17 1195//17
f 1195//48 1196//48 1198//48
f 1194//2 1192//2 1190//2
f 1190//2 1200//2 1198//2
f 1198//126 1196//126 1194//126
f 1198//14 1200//14 1199//14
f 1200//127 1190//127 1189//127
f 1199//6 1189//6 1191//6
f 1191//6 1193//6 1195//6
f 1195//6 1197//6 1199//6
f 1202//69 1204//69 1203//69
f 1204//11 1206//11 1205//11
f 1206//17 1208//17 1207//17
f 1207//43 1208//43 1210//43
f 1206//2 1204//2 1202//2
f 1202//2 1212//2 1210//2
f 1210//2 1208//2 1206//2
f 1210//14 1212//14 1211//14
f 1212//21 1202//21 1201//21
f 1211//6 1201//6 1203//6
f 1203//46 1205//46 1207//46
f 1207//46 1209//46 1211//46
f 1214//69 1216//69 1215//69
f 1216//62 1218//62 1217//62
f 1218//135 1220//135 1219//135
f 1220//54 1222//54 1221//54
f 1218//2 1216//2 1214//2
f 1214//2 1224//2 1222//2
f 1222//2 1220//2 1218//2
f 1222//14 1224//14 1223//14
f 1224//21 1214//21 1213//21
f 1223//33 1213//33 1215//33
f 1215//6 1217//6 1219//6
f 1219//6 1221//6 1223//6
f 1226//22 1228//22 1227//22
f 1228//11 1230//11 1229//11
f 1230//123 1232//123 1231//123
f 1232//61 1234//61 1233//61
f 1230//40 1228//40 1226//40
f 1226//2 1236//2 1234//2
f 1234//2 1232//2 1230//2
f 1234//14 1236//14 1235//14
f 1236//127 1226//127 1225//127
f 1235//131 1225//131 1227//131
f 1227//6 1229//6 1231//6
f 1231//6 1233//6 1235//6
f 1238//22 1240//22 1239//22
f 1240//11 1242//11 1241//11
f 1242//17 1244//17 1243//17
f 1243//35 1244//35 1246//35
f 1242//40 1240//40 1238//40
f 1238//40 1248//40 1246//40
f 1246//2 1244//2 1242//2
f 1246//14 1248//14 1247//14
f 1248//21 1238//21 1237//21
f 1247//6 1237//6 1239//6
f 1239//46 1241//46 1243//46
f 1243//46 1245//46 1247//46
f 1250//69 1252//69 1251//69
f 1252//62 1254//62 1253//62
f 1254//123 1256//123 1255//123
f 1256//50 1258//50 1257//50
f 1254//40 1252//40 1250//40
f 1250//40 1260//40 1258//40
f 1258//2 1256//2 1254//2
f 1258//14 1260//14 1259//14
f 1260//59 1250//59 1249//59
f 1259//6 1249//6 1251//6
f 1251//6 1253//6 1255//6
f 1255//6 1257//6 1259//6
f 1262//22 1264//22 1263//22
f 1264//11 1266//11 1265//11
f 1266//17 1268//17 1267//17
f 1268//18 1270//18 1269//18
f 1266//2 1264//2 1262//2
f 1262//2 1272//2 1270//2
f 1270//2 1268//2 1266//2
f 1270//14 1272//14 1271//14
f 1272//127 1262//127 1261//127
f 1271//6 1261//6 1263//6
f 1263//6 1265//6 1267//6
f 1267//6 1269//6 1271//6
f 1274//69 1276//69 1275//69
f 1276//11 1278//11 1277//11
f 1278//17 1280//17 1279//17
f 1280//54 1282//54 1281//54
f 1278//2 1276//2 1274//2
f 1274//40 1284//40 1282//40
f 1282//133 1280//133 1278//133
f 1282//14 1284//14 1283//14
f 1284//21 1274//21 1273//21
f 1283//136 1273//136 1275//136
f 1275//46 1277//46 1279//46
f 1279//6 1281//6 1283//6
f 1286//69 1288//69 1287//69
f 1288//62 1290//62 1289//62
f 1290//17 1292//17 1291//17
f 1292//18 1294//18 1293//18
f 1290//2 1288//2 1286//2
f 1286//2 1296//2 1294//2
f 1294//132 1292//132 1290//132
f 1294//14 1296//14 1295//14
f 1296//137 1286//137 1285//137
f 1295//6 1285//6 1287//6
f 1287//6 1289//6 1291//6
f 1291//6 1293//6 1295//6
f 1298//22 1300//22 1299//22
f 1300//11 1302//11 1301//11
f 1302//123 1304//123 1303//123
f 1303//48 1304//48 1306//48
f 1302//2 1300//2 1298//2
f 1298//2 1308//2 1306//2
f 1306//2 1304//2 1302//2
f 1306//58 1308//58 1307//58
f 1308//127 1298//127 1297//127
f 1307//6 1297//6 1299//6
f 1299//6 1301//6 1303//6
f 1303//6 1305//6 1307//6
f 1310//22 1312//22 1311//22
f 1312//11 1314//11 1313//11
f 1314//123 1316//123 1315//123
f 1316//18 1318//18 1317//18
f 1314//2 1312//2 1310//2
f 1310//2 1320//2 1318//2
f 1318//2 1316//2 1314//2
f 1318//14 1320//14 1319//14
f 1320//21 1310//21 1309//21
f 1319//46 1309//46 1311//46
f 1311//6 1313//6 1315//6
f 1315//6 1317//6 1319//6
f 1322//22 1324//22 1323//22
f 1324//11 1326//11 1325//11
f 1326//135 1328//135 1327//135
f 1328//54 1330//54 1329//54
f 1326//2 1324//2 1322//2
f 1322//2 1332//2 1330//2
f 1330//2 1328//2 1326//2
f 1330//14 1332//14 1331//14
f 1332//21 1322//21 1321//21
f 1331//6 1321//6 1323//6
f 1323//6 1325//6 1327//6
f 1327//6 1329//6 1331//6
f 1334//22 1336//22 1335//22
f 1336//11 1338//11 1337//11
f 1338//17 1340//17 1339//17
f 1339//43 1340//43 1342//43
f 1338//2 1336//2 1334//2
f 1334//2 1344//2 1342//2
f 1342//126 1340//126 1338//126
f 1342//14 1344//14 1343//14
f 1344//127 1334//127 1333//127
f 1343//6 1333//6 1335//6
f 1335//6 1337//6 1339//6
f 1339//6 1341//6 1343//6
f 1346//67 1348//67 1347//67
f 1348//62 1350//62 1349//62
f 1350//17 1352//17 1351//17
f 1352//18 1354//18 1353//18
f 1350//2 1348//2 1346//2
f 1346//2 1356//2 1354//2
f 1354//40 1352//40 1350//40
f 1354//14 1356//14 1355//14
f 1356//21 1346//21 1345//21
f 1355//131 1345//131 1347//131
f 1347//6 1349//6 1351//6
f 1351//46 1353//46 1355//46
f 1358//69 1360//69 1359//69
f 1360//11 1362//11 1361//11
f 1362//17 1364//17 1363//17
f 1364//18 1366//18 1365//18
f 1362//2 1360//2 1358//2
f 1358//2 1368//2 1366//2
f 1366//112 1364//112 1362//112
f 1366//14 1368//14 1367//14
f 1368//21 1358//21 1357//21
f 1367//6 1357//6 1359//6
f 1359//6 1361//6 1363//6
f 1363//6 1365//6 1367//6
f 1370//22 1372//22 1371//22
f 1372//11 1374//11 1373//11
f 1374//17 1376//17 1375//17
f 1376//54 1378//54 1377//54
f 1374//40 1372//40 1370//40
f 1370//40 1380//40 1378//40
f 1378//126 1376//126 1374//126
f 1378//14 1380//14 1379//14
f 1380//127 1370//127 1369//127
f 1379//6 1369//6 1371//6
f 1371//6 1373//6 1375//6
f 1375//6 1377//6 1379//6
f 1382//22 1384//22 1383//22
f 1384//11 1386//11 1385//11
f 1386//123 1388//123 1387//123
f 1388//61 1390//61 1389//61
f 1386//40 1384//40 1382//40
f 1382//40 1392//40 1390//40
f 1390//126 1388//126 1386//126
f 1390//14 1392//14 1391//14
f 1392//127 1382//127 1381//127
f 1391//131 1381//131 1383//131
f 1383//6 1385//6 1387//6
f 1387//6 1389//6 1391//6
f 1394//22 1396//22 1395//22
f 1396//11 1398//11 1397//11
f 1398//17 1400//17 1399//17
f 1400//54 1402//54 1401//54
f 1398//40 1396//40 1394//40
f 1394//2 1404//2 1402//2
f 1402//122 1400//122 1398//122
f 1402//14 1404//14 1403//14
f 1404//21 1394//21 1393//21
f 1403//33 1393//33 1395//33
f 1395//6 1397//6 1399//6
f 1399//6 1401//6 1403//6
f 1406//10 1408//10 1407//10
f 1408//11 1410//11 1409//11
f 1410//12 1412//12 1411//12
f 1412//13 1414//13 1413//13
f 1410//41 1408//41 1406//41
f 1406//132 1416//132 1414//132
f 1414//41 1412//41 1410//41
f 1414//14 1416//14 1415//14
f 1416//15 1406//15 1405//15
f 1415//33 1405//33 1407//33
f 1407//136 1409//136 1411//136
f 1411//138 1413//138 1415//138
usemtl hatch_yellow
f 26//1 27//1 25//1
f 28//2 29//2 27//2
f 30//3 31//3 29//3
f 32//4 33//4 31//4
f 26//9 34//9 30//9
f 34//6 35//6 33//6
f 36//7 25//7 35//7
f 27//8 31//8 35//8
f 26//1 28//1 27//1
f 28//2 30//2 29//2
f 30//3 32//3 31//3
f 32//4 34//4 33//4
f 30//108 28//108 26//108
f 26//109 36//109 34//109
f 34//110 32//110 30//110
f 34//6 36//6 35//6
f 36//7 26//7 25//7
f 35//8 25//8 27//8
f 27//8 29//8 31//8
f 31//8 33//8 35//8
usemtl cable_black
f 1418//71 1419//71 1417//71
f 1419//72 1422//72 1421//72
f 1422//73 1423//73 1421//73
f 1424//74 1425//74 1423//74
f 1425//75 1428//75 1427//75
f 1427//76 1430//76 1429//76
f 1430//77 1426//77 1422//77
f 1430//78 1431//78 1429//78
f 1431//79 1418//79 1417//79
f 1423//80 1427//80 1431//80
f 1433//81 1436//81 1435//81
f 1436//82 1437//82 1435//82
f 1438//83 1439//83 1437//83
f 1439//84 1442//84 1441//84
f 1442//85 1443//85 1441//85
f 1444//86 1445//86 1443//86
f 1446//77 1442//77 1438//77
f 1446//87 1447//87 1445//87
f 1447//88 1434//88 1433//88
f 1439//80 1443//80 1447//80
f 1449//89 1452//89 1451//89
f 1451//90 1454//90 1453//90
f 1454//91 1455//91 1453//91
f 1456//92 1457//92 1455//92
f 1458//93 1459//93 1457//93
f 1459//94 1462//94 1461//94
f 1462//77 1458//77 1454//77
f 1462//95 1463//95 1461//95
f 1464//96 1449//96 1463//96
f 1455//80 1459//80 1463//80
f 1418//71 1420//71 1419//71
f 1419//72 1420//72 1422//72
f 1422//73 1424//73 1423//73
f 1424//74 1426//74 1425//74
f 1425//75 1426//75 1428//75
f 1427//76 1428//76 1430//76
f 1422//139 1420//139 1418//139
f 1418//140 1432//140 1430//140
f 1430//141 1428//141 1426//141
f 1426//140 1424//140 1422//140
f 1422//140 1418//140 1430//140
f 1430//78 1432//78 1431//78
f 1431//79 1432//79 1418//79
f 1431//80 1417//80 1419//80
f 1419//80 1421//80 1423//80
f 1423//80 1425//80 1427//80
f 1427//80 1429//80 1431//80
f 1431//80 1419//80 1423//80
f 1433//81 1434//81 1436//81
f 1436//82 1438//82 1437//82
f 1438//83 1440//83 1439//83
f 1439//84 1440//84 1442//84
f 1442//85 1444//85 1443//85
f 1444//86 1446//86 1445//86
f 1438//142 1436//142 1434//142
f 1434//140 1448//140 1446//140
f 1446//143 1444//143 1442//143
f 1442//144 1440//144 1438//144
f 1438//139 1434//139 1446//139
f 1446//87 1448//87 1447//87
f 1447//88 1448//88 1434//88
f 1447//80 1433//80 1435//80
f 1435//80 1437//80 1439//80
f 1439//80 1441//80 1443//80
f 1443//80 1445//80 1447//80
f 1447//80 1435//80 1439//80
f 1449//89 1450//89 1452//89
f 1451//90 1452//90 1454//90
f 1454//91 1456//91 1455//91
f 1456//92 1458//92 1457//92
f 1458//93 1460//93 1459//93
f 1459//94 1460//94 1462//94
f 1454//142 1452//142 1450//142
f 1450//140 1464//140 1462//140
f 1462//143 1460//143 1458//143
f 1458//144 1456//144 1454//144
f 1454//145 1450//145 1462//145
f 1462//95 1464//95 1463//95
f 1464//96 1450//96 1449//96
f 1463//80 1449//80 1451//80
f 1451//80 1453//80 1455//80
f 1455//80 1457//80 1459//80
f 1459//80 1461//80 1463//80
f 1463//80 1451//80 1455//80
usemtl lamp
f 1466//97 1467//97 1465//97
f 1468//98 1471//98 1467//98
f 1472//99 1469//99 1471//99
f 1470//100 1465//100 1469//100
f 1471//101 1465//101 1467//101
f 1468//102 1470//102 1472//102
f 1466//97 1468//97 1467//97
f 1468//98 1472//98 1471//98
f 1472//99 1470//99 1469//99
f 1470//100 1466//100 1465//100
f 1471//101 1469//101 1465//101
f 1468//102 1466//102 1470//102
