# Blender 5.2.2 LTS
# www.blender.org
mtllib ladder_3.mtl
o ladder_3
v -2.033767 -1.715537 0.100477
v -1.487023 -1.168858 32.360481
v -2.038945 -1.696220 0.100239
v -1.492202 -1.149541 32.360241
v -2.024807 -1.682082 0.099758
v -1.478064 -1.135403 32.359760
v -2.005491 -1.687260 0.099520
v -1.458747 -1.140582 32.359520
v -2.000312 -1.706577 0.099758
v -1.453569 -1.159898 32.359760
v -2.014450 -1.720715 0.100239
v -1.467707 -1.174036 32.360241
v -1.715569 -2.033735 0.100477
v -1.168825 -1.487056 32.360481
v -1.720747 -2.014418 0.100239
v -1.174004 -1.467739 32.360241
v -1.706609 -2.000280 0.099758
v -1.159866 -1.453601 32.359760
v -1.687293 -2.005458 0.099520
v -1.140549 -1.458780 32.359520
v -1.682114 -2.024775 0.099758
v -1.135371 -1.478096 32.359760
v -1.696252 -2.038913 0.100239
v -1.149509 -1.492234 32.360241
v -1.869012 -1.868980 0.100286
v -1.322269 -1.322301 32.360291
v -1.872119 -1.857390 0.100142
v -1.325376 -1.310712 32.360146
v -1.863637 -1.848907 0.099855
v -1.316893 -1.302229 32.359856
v -1.852047 -1.852015 0.099710
v -1.305304 -1.305336 32.359711
v -1.848940 -1.863604 0.099855
v -1.302197 -1.316926 32.359856
v -1.857423 -1.872087 0.100142
v -1.310679 -1.325408 32.360146
v -2.019371 -1.701173 0.212000
v -1.701173 -2.019371 0.212000
v -2.012022 -1.693824 0.206000
v -1.693824 -2.012022 0.206000
v -2.012022 -1.693824 0.194000
v -1.693824 -2.012022 0.194000
v -2.019371 -1.701173 0.188000
v -1.701173 -2.019371 0.188000
v -2.026719 -1.708521 0.194000
v -1.708521 -2.026719 0.194000
v -2.026719 -1.708521 0.206000
v -1.708521 -2.026719 0.206000
v -2.018739 -1.700541 0.492000
v -1.700541 -2.018739 0.492000
v -2.011390 -1.693192 0.486000
v -1.693192 -2.011390 0.486000
v -2.011390 -1.693192 0.474000
v -1.693192 -2.011390 0.474000
v -2.018739 -1.700541 0.468000
v -1.700541 -2.018739 0.468000
v -2.026087 -1.707889 0.474000
v -1.707889 -2.026087 0.474000
v -2.026087 -1.707889 0.486000
v -1.707889 -2.026087 0.486000
v -2.018107 -1.699909 0.772000
v -1.699909 -2.018107 0.772000
v -2.010758 -1.692561 0.766000
v -1.692561 -2.010758 0.766000
v -2.010758 -1.692561 0.754000
v -1.692561 -2.010758 0.754000
v -2.018107 -1.699909 0.748000
v -1.699909 -2.018107 0.748000
v -2.025455 -1.707257 0.754000
v -1.707258 -2.025455 0.754000
v -2.025455 -1.707257 0.766000
v -1.707258 -2.025455 0.766000
v -2.017475 -1.699277 1.052000
v -1.699277 -2.017475 1.052000
v -2.010127 -1.691929 1.046000
v -1.691929 -2.010127 1.046000
v -2.010127 -1.691929 1.034000
v -1.691929 -2.010127 1.034000
v -2.017475 -1.699277 1.028000
v -1.699277 -2.017475 1.028000
v -2.024823 -1.706625 1.034000
v -1.706625 -2.024823 1.034000
v -2.024823 -1.706625 1.046000
v -1.706625 -2.024823 1.046000
v -2.016843 -1.698645 1.332000
v -1.698645 -2.016843 1.332000
v -2.009495 -1.691297 1.326000
v -1.691297 -2.009495 1.326000
v -2.009495 -1.691297 1.314000
v -1.691297 -2.009495 1.314000
v -2.016843 -1.698645 1.308000
v -1.698645 -2.016843 1.308000
v -2.024192 -1.705994 1.314000
v -1.705994 -2.024192 1.314000
v -2.024192 -1.705994 1.326000
v -1.705994 -2.024192 1.326000
v -2.016211 -1.698013 1.612000
v -1.698013 -2.016211 1.612000
v -2.008863 -1.690665 1.606000
v -1.690665 -2.008863 1.606000
v -2.008863 -1.690665 1.594000
v -1.690665 -2.008863 1.594000
v -2.016211 -1.698013 1.588000
v -1.698013 -2.016211 1.588000
v -2.023560 -1.705362 1.594000
v -1.705362 -2.023560 1.594000
v -2.023560 -1.705362 1.606000
v -1.705362 -2.023560 1.606000
v -2.015579 -1.697381 1.892000
v -1.697381 -2.015579 1.892000
v -2.008231 -1.690033 1.886000
v -1.690033 -2.008231 1.886000
v -2.008231 -1.690033 1.874000
v -1.690033 -2.008231 1.874000
v -2.015579 -1.697381 1.868000
v -1.697381 -2.015579 1.868000
v -2.022928 -1.704730 1.874000
v -1.704730 -2.022928 1.874000
v -2.022928 -1.704730 1.886000
v -1.704730 -2.022928 1.886000
v -2.014947 -1.696749 2.172000
v -1.696749 -2.014947 2.172000
v -2.007599 -1.689401 2.166000
v -1.689401 -2.007599 2.166000
v -2.007599 -1.689401 2.154000
v -1.689401 -2.007599 2.154000
v -2.014947 -1.696749 2.148000
v -1.696749 -2.014947 2.148000
v -2.022296 -1.704098 2.154000
v -1.704098 -2.022296 2.154000
v -2.022296 -1.704098 2.166000
v -1.704098 -2.022296 2.166000
v -2.014316 -1.696117 2.452000
v -1.696117 -2.014316 2.452000
v -2.006967 -1.688769 2.446000
v -1.688769 -2.006967 2.446000
v -2.006967 -1.688769 2.434000
v -1.688769 -2.006967 2.434000
v -2.014316 -1.696117 2.428000
v -1.696117 -2.014316 2.428000
v -2.021664 -1.703466 2.434000
v -1.703466 -2.021664 2.434000
v -2.021664 -1.703466 2.446000
v -1.703466 -2.021664 2.446000
v -2.013684 -1.695486 2.732000
v -1.695486 -2.013684 2.732000
v -2.006335 -1.688137 2.726000
v -1.688137 -2.006335 2.726000
v -2.006335 -1.688137 2.714000
v -1.688137 -2.006335 2.714000
v -2.013684 -1.695486 2.708000
v -1.695486 -2.013684 2.708000
v -2.021032 -1.702834 2.714000
v -1.702834 -2.021032 2.714000
v -2.021032 -1.702834 2.726000
v -1.702834 -2.021032 2.726000
v -2.013052 -1.694854 3.012000
v -1.694854 -2.013052 3.012000
v -2.005703 -1.687505 3.006000
v -1.687505 -2.005703 3.006000
v -2.005703 -1.687505 2.994000
v -1.687505 -2.005703 2.994000
v -2.013052 -1.694854 2.988000
v -1.694854 -2.013052 2.988000
v -2.020400 -1.702202 2.994000
v -1.702202 -2.020400 2.994000
v -2.020400 -1.702202 3.006000
v -1.702202 -2.020400 3.006000
v -2.012420 -1.694222 3.292000
v -1.694222 -2.012420 3.292000
v -2.005071 -1.686873 3.286000
v -1.686873 -2.005071 3.286000
v -2.005071 -1.686873 3.274000
v -1.686873 -2.005071 3.274000
v -2.012420 -1.694222 3.268000
v -1.694222 -2.012420 3.268000
v -2.019768 -1.701570 3.274000
v -1.701570 -2.019768 3.274000
v -2.019768 -1.701570 3.286000
v -1.701570 -2.019768 3.286000
v -2.011788 -1.693590 3.572000
v -1.693590 -2.011788 3.572000
v -2.004439 -1.686241 3.566000
v -1.686241 -2.004439 3.566000
v -2.004439 -1.686241 3.554000
v -1.686241 -2.004439 3.554000
v -2.011788 -1.693590 3.548000
v -1.693590 -2.011788 3.548000
v -2.019136 -1.700938 3.554000
v -1.700938 -2.019136 3.554000
v -2.019136 -1.700938 3.566000
v -1.700938 -2.019136 3.566000
v -2.011156 -1.692958 3.852000
v -1.692958 -2.011156 3.852000
v -2.003807 -1.685609 3.846000
v -1.685609 -2.003807 3.846000
v -2.003807 -1.685609 3.834000
v -1.685609 -2.003807 3.834000
v -2.011156 -1.692958 3.828000
v -1.692958 -2.011156 3.828000
v -2.018504 -1.700306 3.834000
v -1.700306 -2.018504 3.834000
v -2.018504 -1.700306 3.846000
v -1.700306 -2.018504 3.846000
v -2.010524 -1.692326 4.132000
v -1.692326 -2.010524 4.132000
v -2.003175 -1.684977 4.126000
v -1.684977 -2.003175 4.126000
v -2.003175 -1.684977 4.114000
v -1.684977 -2.003175 4.114000
v -2.010524 -1.692326 4.108000
v -1.692326 -2.010524 4.108000
v -2.017872 -1.699674 4.114000
v -1.699674 -2.017872 4.114000
v -2.017872 -1.699674 4.126000
v -1.699674 -2.017872 4.126000
v -2.009892 -1.691694 4.412000
v -1.691694 -2.009892 4.412000
v -2.002543 -1.684346 4.406000
v -1.684346 -2.002543 4.406000
v -2.002543 -1.684346 4.394000
v -1.684346 -2.002543 4.394000
v -2.009892 -1.691694 4.388000
v -1.691694 -2.009892 4.388000
v -2.017241 -1.699042 4.394000
v -1.699043 -2.017241 4.394000
v -2.017241 -1.699042 4.406000
v -1.699043 -2.017241 4.406000
v -2.009260 -1.691062 4.692000
v -1.691062 -2.009260 4.692000
v -2.001912 -1.683714 4.686000
v -1.683714 -2.001912 4.686000
v -2.001912 -1.683714 4.674000
v -1.683714 -2.001912 4.674000
v -2.009260 -1.691062 4.668000
v -1.691062 -2.009260 4.668000
v -2.016608 -1.698411 4.674000
v -1.698411 -2.016608 4.674000
v -2.016608 -1.698411 4.686000
v -1.698411 -2.016608 4.686000
v -2.008628 -1.690430 4.972000
v -1.690430 -2.008628 4.972000
v -2.001280 -1.683082 4.966000
v -1.683082 -2.001280 4.966000
v -2.001280 -1.683082 4.954000
v -1.683082 -2.001280 4.954000
v -2.008628 -1.690430 4.948000
v -1.690430 -2.008628 4.948000
v -2.015977 -1.697779 4.954000
v -1.697779 -2.015977 4.954000
v -2.015977 -1.697779 4.966000
v -1.697779 -2.015977 4.966000
v -2.007996 -1.689798 5.252000
v -1.689798 -2.007996 5.252000
v -2.000648 -1.682450 5.246000
v -1.682450 -2.000648 5.246000
v -2.000648 -1.682450 5.234000
v -1.682450 -2.000648 5.234000
v -2.007996 -1.689798 5.228000
v -1.689798 -2.007996 5.228000
v -2.015345 -1.697147 5.234000
v -1.697147 -2.015345 5.234000
v -2.015345 -1.697147 5.246000
v -1.697147 -2.015345 5.246000
v -2.007365 -1.689166 5.532000
v -1.689166 -2.007365 5.532000
v -2.000016 -1.681818 5.526000
v -1.681818 -2.000016 5.526000
v -2.000016 -1.681818 5.514000
v -1.681818 -2.000016 5.514000
v -2.007365 -1.689166 5.508000
v -1.689166 -2.007365 5.508000
v -2.014713 -1.696515 5.514000
v -1.696515 -2.014713 5.514000
v -2.014713 -1.696515 5.526000
v -1.696515 -2.014713 5.526000
v -2.006732 -1.688534 5.812000
v -1.688534 -2.006732 5.812000
v -1.999384 -1.681186 5.806000
v -1.681186 -1.999384 5.806000
v -1.999384 -1.681186 5.794000
v -1.681186 -1.999384 5.794000
v -2.006732 -1.688534 5.788000
v -1.688534 -2.006732 5.788000
v -2.014081 -1.695883 5.794000
v -1.695883 -2.014081 5.794000
v -2.014081 -1.695883 5.806000
v -1.695883 -2.014081 5.806000
v -2.006101 -1.687902 6.092000
v -1.687902 -2.006101 6.092000
v -1.998752 -1.680554 6.086000
v -1.680554 -1.998752 6.086000
v -1.998752 -1.680554 6.074000
v -1.680554 -1.998752 6.074000
v -2.006101 -1.687902 6.068000
v -1.687902 -2.006101 6.068000
v -2.013449 -1.695251 6.074000
v -1.695251 -2.013449 6.074000
v -2.013449 -1.695251 6.086000
v -1.695251 -2.013449 6.086000
v -2.005469 -1.687271 6.372000
v -1.687271 -2.005469 6.372000
v -1.998120 -1.679922 6.366000
v -1.679922 -1.998120 6.366000
v -1.998120 -1.679922 6.354000
v -1.679922 -1.998120 6.354000
v -2.005469 -1.687271 6.348000
v -1.687271 -2.005469 6.348000
v -2.012817 -1.694619 6.354000
v -1.694619 -2.012817 6.354000
v -2.012817 -1.694619 6.366000
v -1.694619 -2.012817 6.366000
v -2.004837 -1.686639 6.652000
v -1.686639 -2.004837 6.652000
v -1.997488 -1.679290 6.646000
v -1.679290 -1.997488 6.646000
v -1.997488 -1.679290 6.634000
v -1.679290 -1.997488 6.634000
v -2.004837 -1.686639 6.628000
v -1.686639 -2.004837 6.628000
v -2.012185 -1.693987 6.634000
v -1.693987 -2.012185 6.634000
v -2.012185 -1.693987 6.646000
v -1.693987 -2.012185 6.646000
v -2.004205 -1.686007 6.932000
v -1.686007 -2.004205 6.932000
v -1.996856 -1.678658 6.926000
v -1.678658 -1.996856 6.926000
v -1.996856 -1.678658 6.914000
v -1.678658 -1.996856 6.914000
v -2.004205 -1.686007 6.908000
v -1.686007 -2.004205 6.908000
v -2.011553 -1.693355 6.914000
v -1.693355 -2.011553 6.914000
v -2.011553 -1.693355 6.926000
v -1.693355 -2.011553 6.926000
v -2.003573 -1.685375 7.212000
v -1.685375 -2.003573 7.212000
v -1.996224 -1.678026 7.206000
v -1.678026 -1.996224 7.206000
v -1.996224 -1.678026 7.194000
v -1.678026 -1.996224 7.194000
v -2.003573 -1.685375 7.188000
v -1.685375 -2.003573 7.188000
v -2.010921 -1.692723 7.194000
v -1.692723 -2.010921 7.194000
v -2.010921 -1.692723 7.206000
v -1.692723 -2.010921 7.206000
v -2.002941 -1.684743 7.492000
v -1.684743 -2.002941 7.492000
v -1.995592 -1.677395 7.486000
v -1.677395 -1.995592 7.486000
v -1.995592 -1.677395 7.474000
v -1.677395 -1.995592 7.474000
v -2.002941 -1.684743 7.468000
v -1.684743 -2.002941 7.468000
v -2.010289 -1.692091 7.474000
v -1.692091 -2.010289 7.474000
v -2.010289 -1.692091 7.486000
v -1.692091 -2.010289 7.486000
v -2.002309 -1.684111 7.772000
v -1.684111 -2.002309 7.772000
v -1.994961 -1.676762 7.766000
v -1.676762 -1.994961 7.766000
v -1.994961 -1.676762 7.754000
v -1.676762 -1.994961 7.754000
v -2.002309 -1.684111 7.748000
v -1.684111 -2.002309 7.748000
v -2.009657 -1.691459 7.754000
v -1.691459 -2.009657 7.754000
v -2.009657 -1.691459 7.766000
v -1.691459 -2.009657 7.766000
v -2.001677 -1.683479 8.052000
v -1.683479 -2.001677 8.052000
v -1.994329 -1.676131 8.046000
v -1.676131 -1.994329 8.046000
v -1.994329 -1.676131 8.034000
v -1.676131 -1.994329 8.034000
v -2.001677 -1.683479 8.028000
v -1.683479 -2.001677 8.028000
v -2.009026 -1.690827 8.034000
v -1.690828 -2.009026 8.034000
v -2.009026 -1.690827 8.046000
v -1.690828 -2.009026 8.046000
v -2.001045 -1.682847 8.332000
v -1.682847 -2.001045 8.332000
v -1.993697 -1.675499 8.325999
v -1.675499 -1.993697 8.325999
v -1.993697 -1.675499 8.314000
v -1.675499 -1.993697 8.314000
v -2.001045 -1.682847 8.308000
v -1.682847 -2.001045 8.308000
v -2.008394 -1.690196 8.314000
v -1.690196 -2.008394 8.314000
v -2.008394 -1.690196 8.325999
v -1.690196 -2.008394 8.325999
v -2.000413 -1.682215 8.612000
v -1.682215 -2.000413 8.612000
v -1.993065 -1.674867 8.606000
v -1.674867 -1.993065 8.606000
v -1.993065 -1.674867 8.594001
v -1.674867 -1.993065 8.594001
v -2.000413 -1.682215 8.588000
v -1.682215 -2.000413 8.588000
v -2.007762 -1.689564 8.594001
v -1.689564 -2.007762 8.594001
v -2.007762 -1.689564 8.606000
v -1.689564 -2.007762 8.606000
v -1.999781 -1.681583 8.892000
v -1.681583 -1.999781 8.892000
v -1.992433 -1.674235 8.886000
v -1.674235 -1.992433 8.886000
v -1.992433 -1.674235 8.874001
v -1.674235 -1.992433 8.874001
v -1.999781 -1.681583 8.868000
v -1.681583 -1.999781 8.868000
v -2.007130 -1.688932 8.874001
v -1.688932 -2.007130 8.874001
v -2.007130 -1.688932 8.886000
v -1.688932 -2.007130 8.886000
v -1.999149 -1.680951 9.172000
v -1.680951 -1.999149 9.172000
v -1.991801 -1.673603 9.165999
v -1.673603 -1.991801 9.165999
v -1.991801 -1.673603 9.154000
v -1.673603 -1.991801 9.154000
v -1.999149 -1.680951 9.148000
v -1.680951 -1.999149 9.148000
v -2.006498 -1.688300 9.154000
v -1.688300 -2.006498 9.154000
v -2.006498 -1.688300 9.165999
v -1.688300 -2.006498 9.165999
v -1.998518 -1.680320 9.452000
v -1.680320 -1.998518 9.452000
v -1.991169 -1.672971 9.445999
v -1.672971 -1.991169 9.445999
v -1.991169 -1.672971 9.434000
v -1.672971 -1.991169 9.434000
v -1.998518 -1.680320 9.427999
v -1.680320 -1.998518 9.427999
v -2.005866 -1.687668 9.434000
v -1.687668 -2.005866 9.434000
v -2.005866 -1.687668 9.445999
v -1.687668 -2.005866 9.445999
v -1.997886 -1.679688 9.732000
v -1.679688 -1.997886 9.732000
v -1.990537 -1.672339 9.726000
v -1.672339 -1.990537 9.726000
v -1.990537 -1.672339 9.714001
v -1.672339 -1.990537 9.714001
v -1.997886 -1.679688 9.708000
v -1.679688 -1.997886 9.708000
v -2.005234 -1.687036 9.714001
v -1.687036 -2.005234 9.714001
v -2.005234 -1.687036 9.726000
v -1.687036 -2.005234 9.726000
v -1.997254 -1.679056 10.012000
v -1.679056 -1.997254 10.012000
v -1.989905 -1.671707 10.006000
v -1.671707 -1.989905 10.006000
v -1.989905 -1.671707 9.994000
v -1.671707 -1.989905 9.994000
v -1.997254 -1.679056 9.988000
v -1.679056 -1.997254 9.988000
v -2.004602 -1.686404 9.994000
v -1.686404 -2.004602 9.994000
v -2.004602 -1.686404 10.006000
v -1.686404 -2.004602 10.006000
v -1.996622 -1.678424 10.292000
v -1.678424 -1.996622 10.292000
v -1.989273 -1.671075 10.285999
v -1.671075 -1.989273 10.285999
v -1.989273 -1.671075 10.274000
v -1.671075 -1.989273 10.274000
v -1.996622 -1.678424 10.268000
v -1.678424 -1.996622 10.268000
v -2.003970 -1.685772 10.274000
v -1.685772 -2.003970 10.274000
v -2.003970 -1.685772 10.285999
v -1.685772 -2.003970 10.285999
v -1.995990 -1.677792 10.572001
v -1.677792 -1.995990 10.572001
v -1.988642 -1.670443 10.566000
v -1.670443 -1.988642 10.566000
v -1.988642 -1.670443 10.554001
v -1.670443 -1.988642 10.554001
v -1.995990 -1.677792 10.548000
v -1.677792 -1.995990 10.548000
v -2.003338 -1.685140 10.554001
v -1.685140 -2.003338 10.554001
v -2.003338 -1.685140 10.566000
v -1.685140 -2.003338 10.566000
v -1.994505 -1.676307 10.852000
v -1.676307 -1.994505 10.852000
v -1.987156 -1.668958 10.846000
v -1.668958 -1.987156 10.846000
v -1.987156 -1.668958 10.834001
v -1.668958 -1.987156 10.834001
v -1.994505 -1.676307 10.828000
v -1.676307 -1.994505 10.828000
v -2.001853 -1.683655 10.834001
v -1.683655 -2.001853 10.834001
v -2.001853 -1.683655 10.846000
v -1.683655 -2.001853 10.846000
v -1.987901 -1.669703 11.132000
v -1.669703 -1.987901 11.132000
v -1.980553 -1.662355 11.125999
v -1.662355 -1.980553 11.125999
v -1.980553 -1.662355 11.114000
v -1.662355 -1.980553 11.114000
v -1.987901 -1.669703 11.108000
v -1.669703 -1.987901 11.108000
v -1.995250 -1.677052 11.114000
v -1.677052 -1.995250 11.114000
v -1.995250 -1.677052 11.125999
v -1.677052 -1.995250 11.125999
v -1.981297 -1.663099 11.412000
v -1.663099 -1.981297 11.412000
v -1.973949 -1.655751 11.405999
v -1.655751 -1.973949 11.405999
v -1.973949 -1.655751 11.394000
v -1.655751 -1.973949 11.394000
v -1.981297 -1.663099 11.388000
v -1.663099 -1.981297 11.388000
v -1.988646 -1.670448 11.394000
v -1.670448 -1.988646 11.394000
v -1.988646 -1.670448 11.405999
v -1.670448 -1.988646 11.405999
v -1.974694 -1.656495 11.692000
v -1.656495 -1.974694 11.692000
v -1.967345 -1.649147 11.686000
v -1.649147 -1.967345 11.686000
v -1.967345 -1.649147 11.674001
v -1.649147 -1.967345 11.674001
v -1.974694 -1.656495 11.668000
v -1.656495 -1.974694 11.668000
v -1.982042 -1.663844 11.674001
v -1.663844 -1.982042 11.674001
v -1.982042 -1.663844 11.686000
v -1.663844 -1.982042 11.686000
v -1.968090 -1.649891 11.972000
v -1.649891 -1.968090 11.972000
v -1.960741 -1.642543 11.966000
v -1.642543 -1.960741 11.966000
v -1.960741 -1.642543 11.954000
v -1.642543 -1.960741 11.954000
v -1.968090 -1.649891 11.948000
v -1.649891 -1.968090 11.948000
v -1.975438 -1.657240 11.954000
v -1.657240 -1.975438 11.954000
v -1.975438 -1.657240 11.966000
v -1.657240 -1.975438 11.966000
v -1.961486 -1.643288 12.252000
v -1.643288 -1.961486 12.252000
v -1.954137 -1.635939 12.245999
v -1.635939 -1.954137 12.245999
v -1.954137 -1.635939 12.234000
v -1.635939 -1.954137 12.234000
v -1.961486 -1.643288 12.228000
v -1.643288 -1.961486 12.228000
v -1.968834 -1.650636 12.234000
v -1.650636 -1.968834 12.234000
v -1.968834 -1.650636 12.245999
v -1.650636 -1.968834 12.245999
v -1.954882 -1.636684 12.532001
v -1.636684 -1.954882 12.532001
v -1.947534 -1.629336 12.526000
v -1.629336 -1.947534 12.526000
v -1.947534 -1.629336 12.514001
v -1.629336 -1.947534 12.514001
v -1.954882 -1.636684 12.508000
v -1.636684 -1.954882 12.508000
v -1.962231 -1.644032 12.514001
v -1.644032 -1.962231 12.514001
v -1.962231 -1.644032 12.526000
v -1.644032 -1.962231 12.526000
v -1.948278 -1.630080 12.812000
v -1.630080 -1.948278 12.812000
v -1.940930 -1.622732 12.806000
v -1.622732 -1.940930 12.806000
v -1.940930 -1.622732 12.794001
v -1.622732 -1.940930 12.794001
v -1.948278 -1.630080 12.788000
v -1.630080 -1.948278 12.788000
v -1.955627 -1.637429 12.794001
v -1.637429 -1.955627 12.794001
v -1.955627 -1.637429 12.806000
v -1.637429 -1.955627 12.806000
v -1.941674 -1.623476 13.092000
v -1.623476 -1.941674 13.092000
v -1.934326 -1.616128 13.085999
v -1.616128 -1.934326 13.085999
v -1.934326 -1.616128 13.074000
v -1.616128 -1.934326 13.074000
v -1.941674 -1.623476 13.068000
v -1.623476 -1.941674 13.068000
v -1.949023 -1.630825 13.074000
v -1.630825 -1.949023 13.074000
v -1.949023 -1.630825 13.085999
v -1.630825 -1.949023 13.085999
v -1.935071 -1.616872 13.372000
v -1.616872 -1.935071 13.372000
v -1.927722 -1.609524 13.365999
v -1.609524 -1.927722 13.365999
v -1.927722 -1.609524 13.354000
v -1.609524 -1.927722 13.354000
v -1.935071 -1.616872 13.348000
v -1.616872 -1.935071 13.348000
v -1.942419 -1.624221 13.354000
v -1.624221 -1.942419 13.354000
v -1.942419 -1.624221 13.365999
v -1.624221 -1.942419 13.365999
v -1.928467 -1.610269 13.652000
v -1.610269 -1.928467 13.652000
v -1.921118 -1.602920 13.646000
v -1.602920 -1.921118 13.646000
v -1.921118 -1.602920 13.634001
v -1.602920 -1.921118 13.634001
v -1.928467 -1.610269 13.628000
v -1.610269 -1.928467 13.628000
v -1.935815 -1.617617 13.634001
v -1.617617 -1.935815 13.634001
v -1.935815 -1.617617 13.646000
v -1.617617 -1.935815 13.646000
v -1.921863 -1.603665 13.932000
v -1.603665 -1.921863 13.932000
v -1.914515 -1.596316 13.926000
v -1.596316 -1.914515 13.926000
v -1.914515 -1.596316 13.914001
v -1.596316 -1.914515 13.914001
v -1.921863 -1.603665 13.908000
v -1.603665 -1.921863 13.908000
v -1.929211 -1.611013 13.914001
v -1.611013 -1.929211 13.914001
v -1.929211 -1.611013 13.926000
v -1.611013 -1.929211 13.926000
v -1.915259 -1.597061 14.212000
v -1.597061 -1.915259 14.212000
v -1.907911 -1.589713 14.205999
v -1.589713 -1.907911 14.205999
v -1.907911 -1.589713 14.194000
v -1.589713 -1.907911 14.194000
v -1.915259 -1.597061 14.188000
v -1.597061 -1.915259 14.188000
v -1.922608 -1.604409 14.194000
v -1.604409 -1.922608 14.194000
v -1.922608 -1.604409 14.205999
v -1.604409 -1.922608 14.205999
v -1.908655 -1.590457 14.492000
v -1.590457 -1.908655 14.492000
v -1.901307 -1.583109 14.485999
v -1.583109 -1.901307 14.485999
v -1.901307 -1.583109 14.474000
v -1.583109 -1.901307 14.474000
v -1.908655 -1.590457 14.467999
v -1.590457 -1.908655 14.467999
v -1.916004 -1.597806 14.474000
v -1.597806 -1.916004 14.474000
v -1.916004 -1.597806 14.485999
v -1.597806 -1.916004 14.485999
v -1.902051 -1.583853 14.772000
v -1.583853 -1.902051 14.772000
v -1.894703 -1.576505 14.766000
v -1.576505 -1.894703 14.766000
v -1.894703 -1.576505 14.754001
v -1.576505 -1.894703 14.754001
v -1.902051 -1.583853 14.748000
v -1.583853 -1.902051 14.748000
v -1.909400 -1.591202 14.754001
v -1.591202 -1.909400 14.754001
v -1.909400 -1.591202 14.766000
v -1.591202 -1.909400 14.766000
v -1.895448 -1.577250 15.052000
v -1.577250 -1.895448 15.052000
v -1.888099 -1.569901 15.046000
v -1.569901 -1.888099 15.046000
v -1.888099 -1.569901 15.034000
v -1.569901 -1.888099 15.034000
v -1.895448 -1.577250 15.028000
v -1.577250 -1.895448 15.028000
v -1.902796 -1.584598 15.034000
v -1.584598 -1.902796 15.034000
v -1.902796 -1.584598 15.046000
v -1.584598 -1.902796 15.046000
v -1.888844 -1.570646 15.332000
v -1.570646 -1.888844 15.332000
v -1.881495 -1.563297 15.325999
v -1.563297 -1.881495 15.325999
v -1.881495 -1.563297 15.314000
v -1.563297 -1.881495 15.314000
v -1.888844 -1.570646 15.308000
v -1.570646 -1.888844 15.308000
v -1.896192 -1.577994 15.314000
v -1.577994 -1.896192 15.314000
v -1.896192 -1.577994 15.325999
v -1.577994 -1.896192 15.325999
v -1.882240 -1.564042 15.612000
v -1.564042 -1.882240 15.612000
v -1.874892 -1.556693 15.606000
v -1.556693 -1.874892 15.606000
v -1.874892 -1.556693 15.594001
v -1.556693 -1.874892 15.594001
v -1.882240 -1.564042 15.588000
v -1.564042 -1.882240 15.588000
v -1.889588 -1.571390 15.594001
v -1.571390 -1.889588 15.594001
v -1.889588 -1.571390 15.606000
v -1.571390 -1.889588 15.606000
v -1.875636 -1.557438 15.892000
v -1.557438 -1.875636 15.892000
v -1.868288 -1.550090 15.886000
v -1.550090 -1.868288 15.886000
v -1.868288 -1.550090 15.874001
v -1.550090 -1.868288 15.874001
v -1.875636 -1.557438 15.868000
v -1.557438 -1.875636 15.868000
v -1.882985 -1.564787 15.874001
v -1.564787 -1.882985 15.874001
v -1.882985 -1.564787 15.886000
v -1.564787 -1.882985 15.886000
v -1.869032 -1.550834 16.171999
v -1.550834 -1.869032 16.171999
v -1.861684 -1.543486 16.166000
v -1.543486 -1.861684 16.166000
v -1.861684 -1.543486 16.153999
v -1.543486 -1.861684 16.153999
v -1.869032 -1.550834 16.148001
v -1.550834 -1.869032 16.148001
v -1.876381 -1.558183 16.153999
v -1.558183 -1.876381 16.153999
v -1.876381 -1.558183 16.166000
v -1.558183 -1.876381 16.166000
v -1.862429 -1.544230 16.452000
v -1.544230 -1.862429 16.452000
v -1.855080 -1.536882 16.446001
v -1.536882 -1.855080 16.446001
v -1.855080 -1.536882 16.434000
v -1.536882 -1.855080 16.434000
v -1.862429 -1.544230 16.428001
v -1.544230 -1.862429 16.428001
v -1.869777 -1.551579 16.434000
v -1.551579 -1.869777 16.434000
v -1.869777 -1.551579 16.446001
v -1.551579 -1.869777 16.446001
v -1.855825 -1.537627 16.731998
v -1.537627 -1.855825 16.731998
v -1.848476 -1.530278 16.726000
v -1.530278 -1.848476 16.726000
v -1.848476 -1.530278 16.713999
v -1.530278 -1.848476 16.713999
v -1.855825 -1.537627 16.708000
v -1.537627 -1.855825 16.708000
v -1.863173 -1.544975 16.713999
v -1.544975 -1.863173 16.713999
v -1.863173 -1.544975 16.726000
v -1.544975 -1.863173 16.726000
v -1.849221 -1.531023 17.011999
v -1.531023 -1.849221 17.011999
v -1.841872 -1.523674 17.006001
v -1.523674 -1.841872 17.006001
v -1.841872 -1.523674 16.993999
v -1.523674 -1.841872 16.993999
v -1.849221 -1.531023 16.988001
v -1.531023 -1.849221 16.988001
v -1.856569 -1.538371 16.993999
v -1.538371 -1.856569 16.993999
v -1.856569 -1.538371 17.006001
v -1.538371 -1.856569 17.006001
v -1.842617 -1.524419 17.292000
v -1.524419 -1.842617 17.292000
v -1.835269 -1.517071 17.286001
v -1.517071 -1.835269 17.286001
v -1.835269 -1.517071 17.274000
v -1.517071 -1.835269 17.274000
v -1.842617 -1.524419 17.268002
v -1.524419 -1.842617 17.268002
v -1.849966 -1.531768 17.274000
v -1.531768 -1.849966 17.274000
v -1.849966 -1.531768 17.286001
v -1.531768 -1.849966 17.286001
v -1.836013 -1.517815 17.571999
v -1.517815 -1.836013 17.571999
v -1.828665 -1.510467 17.566000
v -1.510467 -1.828665 17.566000
v -1.828665 -1.510467 17.553999
v -1.510467 -1.828665 17.553999
v -1.836013 -1.517815 17.548000
v -1.517815 -1.836013 17.548000
v -1.843362 -1.525164 17.553999
v -1.525164 -1.843362 17.553999
v -1.843362 -1.525164 17.566000
v -1.525164 -1.843362 17.566000
v -1.829410 -1.511211 17.851999
v -1.511211 -1.829410 17.851999
v -1.822061 -1.503863 17.846001
v -1.503863 -1.822061 17.846001
v -1.822061 -1.503863 17.834000
v -1.503863 -1.822061 17.834000
v -1.829410 -1.511211 17.828001
v -1.511211 -1.829410 17.828001
v -1.836758 -1.518560 17.834000
v -1.518560 -1.836758 17.834000
v -1.836758 -1.518560 17.846001
v -1.518560 -1.836758 17.846001
v -1.822806 -1.504608 18.132000
v -1.504608 -1.822806 18.132000
v -1.815457 -1.497259 18.126001
v -1.497259 -1.815457 18.126001
v -1.815457 -1.497259 18.114000
v -1.497259 -1.815457 18.114000
v -1.822806 -1.504608 18.108002
v -1.504608 -1.822806 18.108002
v -1.830154 -1.511956 18.114000
v -1.511956 -1.830154 18.114000
v -1.830154 -1.511956 18.126001
v -1.511956 -1.830154 18.126001
v -1.816202 -1.498004 18.411999
v -1.498004 -1.816202 18.411999
v -1.808853 -1.490655 18.406000
v -1.490655 -1.808853 18.406000
v -1.808853 -1.490655 18.393999
v -1.490655 -1.808853 18.393999
v -1.816202 -1.498004 18.388000
v -1.498004 -1.816202 18.388000
v -1.823550 -1.505352 18.393999
v -1.505352 -1.823550 18.393999
v -1.823550 -1.505352 18.406000
v -1.505352 -1.823550 18.406000
v -1.809598 -1.491400 18.691999
v -1.491400 -1.809598 18.691999
v -1.802250 -1.484052 18.686001
v -1.484052 -1.802250 18.686001
v -1.802250 -1.484052 18.674000
v -1.484052 -1.802250 18.674000
v -1.809598 -1.491400 18.668001
v -1.491400 -1.809598 18.668001
v -1.816947 -1.498749 18.674000
v -1.498749 -1.816947 18.674000
v -1.816947 -1.498749 18.686001
v -1.498749 -1.816947 18.686001
v -1.802994 -1.484796 18.971998
v -1.484796 -1.802994 18.971998
v -1.795646 -1.477448 18.966000
v -1.477448 -1.795646 18.966000
v -1.795646 -1.477448 18.953999
v -1.477448 -1.795646 18.953999
v -1.802994 -1.484796 18.948000
v -1.484796 -1.802994 18.948000
v -1.810343 -1.492145 18.953999
v -1.492145 -1.810343 18.953999
v -1.810343 -1.492145 18.966000
v -1.492145 -1.810343 18.966000
v -1.796391 -1.478192 19.251999
v -1.478192 -1.796391 19.251999
v -1.789042 -1.470844 19.246000
v -1.470844 -1.789042 19.246000
v -1.789042 -1.470844 19.233999
v -1.470844 -1.789042 19.233999
v -1.796391 -1.478192 19.228001
v -1.478192 -1.796391 19.228001
v -1.803739 -1.485541 19.233999
v -1.485541 -1.803739 19.233999
v -1.803739 -1.485541 19.246000
v -1.485541 -1.803739 19.246000
v -1.789787 -1.471589 19.532000
v -1.471589 -1.789787 19.532000
v -1.782438 -1.464240 19.526001
v -1.464240 -1.782438 19.526001
v -1.782438 -1.464240 19.514000
v -1.464240 -1.782438 19.514000
v -1.789787 -1.471589 19.508001
v -1.471589 -1.789787 19.508001
v -1.797135 -1.478937 19.514000
v -1.478937 -1.797135 19.514000
v -1.797135 -1.478937 19.526001
v -1.478937 -1.797135 19.526001
v -1.783183 -1.464985 19.811998
v -1.464985 -1.783183 19.811998
v -1.775834 -1.457636 19.806000
v -1.457636 -1.775834 19.806000
v -1.775834 -1.457636 19.793999
v -1.457636 -1.775834 19.793999
v -1.783183 -1.464985 19.788000
v -1.464985 -1.783183 19.788000
v -1.790531 -1.472333 19.793999
v -1.472333 -1.790531 19.793999
v -1.790531 -1.472333 19.806000
v -1.472333 -1.790531 19.806000
v -1.776579 -1.458381 20.091999
v -1.458381 -1.776579 20.091999
v -1.769231 -1.451033 20.086000
v -1.451033 -1.769231 20.086000
v -1.769231 -1.451033 20.073999
v -1.451033 -1.769231 20.073999
v -1.776579 -1.458381 20.068001
v -1.458381 -1.776579 20.068001
v -1.783928 -1.465729 20.073999
v -1.465729 -1.783928 20.073999
v -1.783928 -1.465729 20.086000
v -1.465729 -1.783928 20.086000
v -1.769975 -1.451777 20.372000
v -1.451777 -1.769975 20.372000
v -1.762627 -1.444429 20.366001
v -1.444429 -1.762627 20.366001
v -1.762627 -1.444429 20.354000
v -1.444429 -1.762627 20.354000
v -1.769975 -1.451777 20.348001
v -1.451777 -1.769975 20.348001
v -1.777324 -1.459126 20.354000
v -1.459126 -1.777324 20.354000
v -1.777324 -1.459126 20.366001
v -1.459126 -1.777324 20.366001
v -1.763371 -1.445173 20.651999
v -1.445173 -1.763371 20.651999
v -1.756023 -1.437825 20.646000
v -1.437825 -1.756023 20.646000
v -1.756023 -1.437825 20.633999
v -1.437825 -1.756023 20.633999
v -1.763371 -1.445173 20.628000
v -1.445173 -1.763371 20.628000
v -1.770720 -1.452522 20.633999
v -1.452522 -1.770720 20.633999
v -1.770720 -1.452522 20.646000
v -1.452522 -1.770720 20.646000
v -1.756768 -1.438569 20.931999
v -1.438569 -1.756768 20.931999
v -1.749419 -1.431221 20.926001
v -1.431221 -1.749419 20.926001
v -1.749419 -1.431221 20.914000
v -1.431221 -1.749419 20.914000
v -1.756768 -1.438569 20.908001
v -1.438569 -1.756768 20.908001
v -1.764116 -1.445918 20.914000
v -1.445918 -1.764116 20.914000
v -1.764116 -1.445918 20.926001
v -1.445918 -1.764116 20.926001
v -1.750164 -1.431966 21.212000
v -1.431966 -1.750164 21.212000
v -1.742815 -1.424617 21.206001
v -1.424617 -1.742815 21.206001
v -1.742815 -1.424617 21.194000
v -1.424617 -1.742815 21.194000
v -1.750164 -1.431966 21.188002
v -1.431966 -1.750164 21.188002
v -1.757512 -1.439314 21.194000
v -1.439314 -1.757512 21.194000
v -1.757512 -1.439314 21.206001
v -1.439314 -1.757512 21.206001
v -1.743560 -1.425362 21.491999
v -1.425362 -1.743560 21.491999
v -1.736212 -1.418013 21.486000
v -1.418013 -1.736212 21.486000
v -1.736212 -1.418013 21.473999
v -1.418013 -1.736212 21.473999
v -1.743560 -1.425362 21.468000
v -1.425362 -1.743560 21.468000
v -1.750908 -1.432710 21.473999
v -1.432710 -1.750908 21.473999
v -1.750908 -1.432710 21.486000
v -1.432710 -1.750908 21.486000
v -1.736760 -1.418562 21.771999
v -1.418562 -1.736760 21.771999
v -1.729412 -1.411214 21.766001
v -1.411214 -1.729412 21.766001
v -1.729412 -1.411214 21.754000
v -1.411214 -1.729412 21.754000
v -1.736760 -1.418562 21.748001
v -1.418562 -1.736760 21.748001
v -1.744109 -1.425911 21.754000
v -1.425911 -1.744109 21.754000
v -1.744109 -1.425911 21.766001
v -1.425911 -1.744109 21.766001
v -1.729791 -1.411593 22.052000
v -1.411593 -1.729791 22.052000
v -1.722442 -1.404244 22.046001
v -1.404244 -1.722442 22.046001
v -1.722442 -1.404244 22.034000
v -1.404244 -1.722442 22.034000
v -1.729791 -1.411593 22.028002
v -1.411593 -1.729791 22.028002
v -1.737139 -1.418941 22.034000
v -1.418941 -1.737139 22.034000
v -1.737139 -1.418941 22.046001
v -1.418941 -1.737139 22.046001
v -1.722821 -1.404623 22.331999
v -1.404623 -1.722821 22.331999
v -1.715473 -1.397275 22.326000
v -1.397275 -1.715473 22.326000
v -1.715473 -1.397275 22.313999
v -1.397275 -1.715473 22.313999
v -1.722821 -1.404623 22.308001
v -1.404623 -1.722821 22.308001
v -1.730170 -1.411972 22.313999
v -1.411972 -1.730170 22.313999
v -1.730170 -1.411972 22.326000
v -1.411972 -1.730170 22.326000
v -1.715852 -1.397654 22.612000
v -1.397654 -1.715852 22.612000
v -1.708503 -1.390306 22.606001
v -1.390306 -1.708503 22.606001
v -1.708503 -1.390306 22.594000
v -1.390306 -1.708503 22.594000
v -1.715852 -1.397654 22.588001
v -1.397654 -1.715852 22.588001
v -1.723200 -1.405002 22.594000
v -1.405002 -1.723200 22.594000
v -1.723200 -1.405002 22.606001
v -1.405002 -1.723200 22.606001
v -1.708883 -1.390684 22.891998
v -1.390684 -1.708883 22.891998
v -1.701534 -1.383336 22.886000
v -1.383336 -1.701534 22.886000
v -1.701534 -1.383336 22.873999
v -1.383336 -1.701534 22.873999
v -1.708883 -1.390684 22.868000
v -1.390684 -1.708883 22.868000
v -1.716231 -1.398033 22.873999
v -1.398033 -1.716231 22.873999
v -1.716231 -1.398033 22.886000
v -1.398033 -1.716231 22.886000
v -1.701913 -1.383715 23.171999
v -1.383715 -1.701913 23.171999
v -1.694565 -1.376366 23.166000
v -1.376366 -1.694565 23.166000
v -1.694565 -1.376366 23.153999
v -1.376366 -1.694565 23.153999
v -1.701913 -1.383715 23.148001
v -1.383715 -1.701913 23.148001
v -1.709262 -1.391063 23.153999
v -1.391063 -1.709262 23.153999
v -1.709262 -1.391063 23.166000
v -1.391063 -1.709262 23.166000
v -1.694944 -1.376745 23.452000
v -1.376745 -1.694944 23.452000
v -1.687595 -1.369397 23.446001
v -1.369397 -1.687595 23.446001
v -1.687595 -1.369397 23.434000
v -1.369397 -1.687595 23.434000
v -1.694944 -1.376745 23.428001
v -1.376745 -1.694944 23.428001
v -1.702292 -1.384094 23.434000
v -1.384094 -1.702292 23.434000
v -1.702292 -1.384094 23.446001
v -1.384094 -1.702292 23.446001
v -1.687974 -1.369776 23.731998
v -1.369776 -1.687974 23.731998
v -1.680626 -1.362428 23.726000
v -1.362428 -1.680626 23.726000
v -1.680626 -1.362428 23.713999
v -1.362428 -1.680626 23.713999
v -1.687974 -1.369776 23.708000
v -1.369776 -1.687974 23.708000
v -1.695323 -1.377125 23.713999
v -1.377125 -1.695323 23.713999
v -1.695323 -1.377125 23.726000
v -1.377125 -1.695323 23.726000
v -1.681005 -1.362807 24.011999
v -1.362807 -1.681005 24.011999
v -1.673656 -1.355458 24.006001
v -1.355458 -1.673656 24.006001
v -1.673656 -1.355458 23.993999
v -1.355458 -1.673656 23.993999
v -1.681005 -1.362807 23.988001
v -1.362807 -1.681005 23.988001
v -1.688353 -1.370155 23.993999
v -1.370155 -1.688353 23.993999
v -1.688353 -1.370155 24.006001
v -1.370155 -1.688353 24.006001
v -1.674036 -1.355837 24.292000
v -1.355837 -1.674036 24.292000
v -1.666687 -1.348489 24.286001
v -1.348489 -1.666687 24.286001
v -1.666687 -1.348489 24.274000
v -1.348489 -1.666687 24.274000
v -1.674036 -1.355837 24.268002
v -1.355837 -1.674036 24.268002
v -1.681384 -1.363186 24.274000
v -1.363186 -1.681384 24.274000
v -1.681384 -1.363186 24.286001
v -1.363186 -1.681384 24.286001
v -1.667066 -1.348868 24.571999
v -1.348868 -1.667066 24.571999
v -1.659718 -1.341519 24.566000
v -1.341519 -1.659718 24.566000
v -1.659718 -1.341519 24.553999
v -1.341519 -1.659718 24.553999
v -1.667066 -1.348868 24.548000
v -1.348868 -1.667066 24.548000
v -1.674415 -1.356216 24.553999
v -1.356216 -1.674415 24.553999
v -1.674415 -1.356216 24.566000
v -1.356216 -1.674415 24.566000
v -1.660097 -1.341898 24.851999
v -1.341898 -1.660097 24.851999
v -1.652748 -1.334550 24.846001
v -1.334550 -1.652748 24.846001
v -1.652748 -1.334550 24.834000
v -1.334550 -1.652748 24.834000
v -1.660097 -1.341898 24.828001
v -1.341898 -1.660097 24.828001
v -1.667445 -1.349247 24.834000
v -1.349247 -1.667445 24.834000
v -1.667445 -1.349247 24.846001
v -1.349247 -1.667445 24.846001
v -1.653127 -1.334929 25.132000
v -1.334929 -1.653127 25.132000
v -1.645779 -1.327581 25.126001
v -1.327581 -1.645779 25.126001
v -1.645779 -1.327581 25.114000
v -1.327581 -1.645779 25.114000
v -1.653127 -1.334929 25.108002
v -1.334929 -1.653127 25.108002
v -1.660476 -1.342278 25.114000
v -1.342278 -1.660476 25.114000
v -1.660476 -1.342278 25.126001
v -1.342278 -1.660476 25.126001
v -1.646158 -1.327960 25.411999
v -1.327960 -1.646158 25.411999
v -1.638809 -1.320611 25.406000
v -1.320611 -1.638809 25.406000
v -1.638809 -1.320611 25.393999
v -1.320611 -1.638809 25.393999
v -1.646158 -1.327960 25.388000
v -1.327960 -1.646158 25.388000
v -1.653506 -1.335308 25.393999
v -1.335308 -1.653506 25.393999
v -1.653506 -1.335308 25.406000
v -1.335308 -1.653506 25.406000
v -1.639188 -1.320990 25.691999
v -1.320990 -1.639188 25.691999
v -1.631840 -1.313642 25.686001
v -1.313642 -1.631840 25.686001
v -1.631840 -1.313642 25.674000
v -1.313642 -1.631840 25.674000
v -1.639188 -1.320990 25.668001
v -1.320990 -1.639188 25.668001
v -1.646537 -1.328339 25.674000
v -1.328339 -1.646537 25.674000
v -1.646537 -1.328339 25.686001
v -1.328339 -1.646537 25.686001
v -1.632219 -1.314021 25.971998
v -1.314021 -1.632219 25.971998
v -1.624870 -1.306672 25.966000
v -1.306672 -1.624870 25.966000
v -1.624870 -1.306672 25.953999
v -1.306672 -1.624870 25.953999
v -1.632219 -1.314021 25.948000
v -1.314021 -1.632219 25.948000
v -1.639567 -1.321369 25.953999
v -1.321369 -1.639567 25.953999
v -1.639567 -1.321369 25.966000
v -1.321369 -1.639567 25.966000
v -1.625249 -1.307051 26.251999
v -1.307051 -1.625249 26.251999
v -1.617901 -1.299703 26.246000
v -1.299703 -1.617901 26.246000
v -1.617901 -1.299703 26.233999
v -1.299703 -1.617901 26.233999
v -1.625249 -1.307051 26.228001
v -1.307051 -1.625249 26.228001
v -1.632598 -1.314400 26.233999
v -1.314400 -1.632598 26.233999
v -1.632598 -1.314400 26.246000
v -1.314400 -1.632598 26.246000
v -1.618280 -1.300082 26.532000
v -1.300082 -1.618280 26.532000
v -1.610931 -1.292733 26.526001
v -1.292733 -1.610931 26.526001
v -1.610931 -1.292733 26.514000
v -1.292733 -1.610931 26.514000
v -1.618280 -1.300082 26.508001
v -1.300082 -1.618280 26.508001
v -1.625628 -1.307430 26.514000
v -1.307430 -1.625628 26.514000
v -1.625628 -1.307430 26.526001
v -1.307430 -1.625628 26.526001
v -1.611310 -1.293113 26.811998
v -1.293113 -1.611310 26.811998
v -1.603962 -1.285764 26.806000
v -1.285764 -1.603962 26.806000
v -1.603962 -1.285764 26.793999
v -1.285764 -1.603962 26.793999
v -1.611310 -1.293113 26.788000
v -1.293113 -1.611310 26.788000
v -1.618659 -1.300461 26.793999
v -1.300461 -1.618659 26.793999
v -1.618659 -1.300461 26.806000
v -1.300461 -1.618659 26.806000
v -1.604341 -1.286143 27.091999
v -1.286143 -1.604341 27.091999
v -1.596993 -1.278795 27.086000
v -1.278795 -1.596993 27.086000
v -1.596993 -1.278795 27.073999
v -1.278795 -1.596993 27.073999
v -1.604341 -1.286143 27.068001
v -1.286143 -1.604341 27.068001
v -1.611690 -1.293492 27.073999
v -1.293492 -1.611690 27.073999
v -1.611690 -1.293492 27.086000
v -1.293492 -1.611690 27.086000
v -1.597372 -1.279174 27.372000
v -1.279174 -1.597372 27.372000
v -1.590023 -1.271825 27.366001
v -1.271825 -1.590023 27.366001
v -1.590023 -1.271825 27.354000
v -1.271825 -1.590023 27.354000
v -1.597372 -1.279174 27.348001
v -1.279174 -1.597372 27.348001
v -1.604720 -1.286522 27.354000
v -1.286522 -1.604720 27.354000
v -1.604720 -1.286522 27.366001
v -1.286522 -1.604720 27.366001
v -1.590402 -1.272204 27.651999
v -1.272204 -1.590402 27.651999
v -1.583054 -1.264856 27.646000
v -1.264856 -1.583054 27.646000
v -1.583054 -1.264856 27.633999
v -1.264856 -1.583054 27.633999
v -1.590402 -1.272204 27.628000
v -1.272204 -1.590402 27.628000
v -1.597751 -1.279553 27.633999
v -1.279553 -1.597751 27.633999
v -1.597751 -1.279553 27.646000
v -1.279553 -1.597751 27.646000
v -1.583433 -1.265235 27.931999
v -1.265235 -1.583433 27.931999
v -1.576084 -1.257886 27.926001
v -1.257886 -1.576084 27.926001
v -1.576084 -1.257886 27.914000
v -1.257886 -1.576084 27.914000
v -1.583433 -1.265235 27.908001
v -1.265235 -1.583433 27.908001
v -1.590781 -1.272583 27.914000
v -1.272583 -1.590781 27.914000
v -1.590781 -1.272583 27.926001
v -1.272583 -1.590781 27.926001
v -1.576463 -1.258265 28.212000
v -1.258265 -1.576463 28.212000
v -1.569115 -1.250917 28.206001
v -1.250917 -1.569115 28.206001
v -1.569115 -1.250917 28.194000
v -1.250917 -1.569115 28.194000
v -1.576463 -1.258265 28.188002
v -1.258265 -1.576463 28.188002
v -1.583812 -1.265614 28.194000
v -1.265614 -1.583812 28.194000
v -1.583812 -1.265614 28.206001
v -1.265614 -1.583812 28.206001
v -1.569494 -1.251296 28.491999
v -1.251296 -1.569494 28.491999
v -1.562145 -1.243947 28.486000
v -1.243947 -1.562145 28.486000
v -1.562145 -1.243947 28.473999
v -1.243947 -1.562145 28.473999
v -1.569494 -1.251296 28.468000
v -1.251296 -1.569494 28.468000
v -1.576842 -1.258644 28.473999
v -1.258644 -1.576842 28.473999
v -1.576842 -1.258644 28.486000
v -1.258644 -1.576842 28.486000
v -1.562525 -1.244326 28.771999
v -1.244326 -1.562525 28.771999
v -1.555176 -1.236978 28.766001
v -1.236978 -1.555176 28.766001
v -1.555176 -1.236978 28.754000
v -1.236978 -1.555176 28.754000
v -1.562525 -1.244326 28.748001
v -1.244326 -1.562525 28.748001
v -1.569873 -1.251675 28.754000
v -1.251675 -1.569873 28.754000
v -1.569873 -1.251675 28.766001
v -1.251675 -1.569873 28.766001
v -1.555555 -1.237357 29.052000
v -1.237357 -1.555555 29.052000
v -1.548207 -1.230008 29.046001
v -1.230008 -1.548207 29.046001
v -1.548207 -1.230008 29.034000
v -1.230008 -1.548207 29.034000
v -1.555555 -1.237357 29.028002
v -1.237357 -1.555555 29.028002
v -1.562904 -1.244705 29.034000
v -1.244705 -1.562904 29.034000
v -1.562904 -1.244705 29.046001
v -1.244705 -1.562904 29.046001
v -1.548586 -1.230387 29.331999
v -1.230387 -1.548586 29.331999
v -1.541237 -1.223039 29.326000
v -1.223039 -1.541237 29.326000
v -1.541237 -1.223039 29.313999
v -1.223039 -1.541237 29.313999
v -1.548586 -1.230387 29.308001
v -1.230387 -1.548586 29.308001
v -1.555934 -1.237736 29.313999
v -1.237736 -1.555934 29.313999
v -1.555934 -1.237736 29.326000
v -1.237736 -1.555934 29.326000
v -1.541616 -1.223418 29.612000
v -1.223418 -1.541616 29.612000
v -1.534268 -1.216070 29.606001
v -1.216070 -1.534268 29.606001
v -1.534268 -1.216070 29.594000
v -1.216070 -1.534268 29.594000
v -1.541616 -1.223418 29.588001
v -1.223418 -1.541616 29.588001
v -1.548965 -1.230767 29.594000
v -1.230767 -1.548965 29.594000
v -1.548965 -1.230767 29.606001
v -1.230767 -1.548965 29.606001
v -1.534647 -1.216449 29.891998
v -1.216449 -1.534647 29.891998
v -1.527298 -1.209100 29.886000
v -1.209100 -1.527298 29.886000
v -1.527298 -1.209100 29.873999
v -1.209100 -1.527298 29.873999
v -1.534647 -1.216449 29.868000
v -1.216449 -1.534647 29.868000
v -1.541995 -1.223797 29.873999
v -1.223797 -1.541995 29.873999
v -1.541995 -1.223797 29.886000
v -1.223797 -1.541995 29.886000
v -1.527678 -1.209479 30.171999
v -1.209479 -1.527678 30.171999
v -1.520329 -1.202131 30.166000
v -1.202131 -1.520329 30.166000
v -1.520329 -1.202131 30.153999
v -1.202131 -1.520329 30.153999
v -1.527678 -1.209479 30.148001
v -1.209479 -1.527678 30.148001
v -1.535026 -1.216828 30.153999
v -1.216828 -1.535026 30.153999
v -1.535026 -1.216828 30.166000
v -1.216828 -1.535026 30.166000
v -1.520708 -1.202510 30.452000
v -1.202510 -1.520708 30.452000
v -1.513360 -1.195161 30.446001
v -1.195161 -1.513360 30.446001
v -1.513360 -1.195161 30.434000
v -1.195161 -1.513360 30.434000
v -1.520708 -1.202510 30.428001
v -1.202510 -1.520708 30.428001
v -1.528057 -1.209858 30.434000
v -1.209858 -1.528057 30.434000
v -1.528057 -1.209858 30.446001
v -1.209858 -1.528057 30.446001
v -1.513739 -1.195540 30.731998
v -1.195540 -1.513739 30.731998
v -1.506390 -1.188192 30.726000
v -1.188192 -1.506390 30.726000
v -1.506390 -1.188192 30.713999
v -1.188192 -1.506390 30.713999
v -1.513739 -1.195540 30.708000
v -1.195540 -1.513739 30.708000
v -1.521087 -1.202889 30.713999
v -1.202889 -1.521087 30.713999
v -1.521087 -1.202889 30.726000
v -1.202889 -1.521087 30.726000
v -1.506769 -1.188571 31.011999
v -1.188571 -1.506769 31.011999
v -1.499421 -1.181223 31.006001
v -1.181223 -1.499421 31.006001
v -1.499421 -1.181223 30.993999
v -1.181223 -1.499421 30.993999
v -1.506769 -1.188571 30.988001
v -1.188571 -1.506769 30.988001
v -1.514117 -1.195920 30.993999
v -1.195920 -1.514117 30.993999
v -1.514117 -1.195920 31.006001
v -1.195920 -1.514117 31.006001
v -1.499800 -1.181602 31.292000
v -1.181602 -1.499800 31.292000
v -1.492451 -1.174253 31.286001
v -1.174253 -1.492451 31.286001
v -1.492451 -1.174253 31.274000
v -1.174253 -1.492451 31.274000
v -1.499800 -1.181602 31.268002
v -1.181602 -1.499800 31.268002
v -1.507148 -1.188950 31.274000
v -1.188950 -1.507148 31.274000
v -1.507148 -1.188950 31.286001
v -1.188950 -1.507148 31.286001
v -1.492830 -1.174632 31.571999
v -1.174632 -1.492830 31.571999
v -1.485482 -1.167284 31.566000
v -1.167284 -1.485482 31.566000
v -1.485482 -1.167284 31.553999
v -1.167284 -1.485482 31.553999
v -1.492830 -1.174632 31.548000
v -1.174632 -1.492830 31.548000
v -1.500179 -1.181981 31.553999
v -1.181981 -1.500179 31.553999
v -1.500179 -1.181981 31.566000
v -1.181981 -1.500179 31.566000
v -1.485861 -1.167663 31.851999
v -1.167663 -1.485861 31.851999
v -1.478512 -1.160314 31.846001
v -1.160314 -1.478512 31.846001
v -1.478512 -1.160314 31.834000
v -1.160314 -1.478512 31.834000
v -1.485861 -1.167663 31.828001
v -1.167663 -1.485861 31.828001
v -1.493209 -1.175011 31.834000
v -1.175011 -1.493209 31.834000
v -1.493209 -1.175011 31.846001
v -1.175011 -1.493209 31.846001
v -1.478891 -1.160693 32.132000
v -1.160693 -1.478891 32.132000
v -1.471543 -1.153345 32.125999
v -1.153345 -1.471543 32.125999
v -1.471543 -1.153345 32.113998
v -1.153345 -1.471543 32.113998
v -1.478891 -1.160693 32.107998
v -1.160693 -1.478891 32.107998
v -1.486240 -1.168042 32.113998
v -1.168042 -1.486240 32.113998
v -1.486240 -1.168042 32.125999
v -1.168042 -1.486240 32.125999
v 2.066914 1.957073 0.000837
v 1.504015 1.424085 32.410835
v 2.076489 1.932056 0.000591
v 1.513589 1.399068 32.410591
v 2.065571 1.907601 0.000000
v 1.502672 1.374613 32.410000
v 2.040557 1.898034 -0.000591
v 1.477658 1.365046 32.409409
v 2.016099 1.908959 -0.000837
v 1.453200 1.375971 32.409164
v 2.006525 1.933976 -0.000591
v 1.443626 1.400988 32.409409
v 2.017443 1.958431 0.000000
v 1.454543 1.425443 32.410000
v 2.042457 1.967998 0.000591
v 1.479558 1.435010 32.410591
v 2.012743 2.012744 0.000837
v 1.464596 1.464595 32.410835
v 2.022996 1.987997 0.000591
v 1.474850 1.439848 32.410591
v 2.012750 1.963254 0.000000
v 1.464604 1.415105 32.410000
v 1.988006 1.953007 -0.000591
v 1.439860 1.404858 32.409409
v 1.963259 1.963261 -0.000837
v 1.415113 1.415112 32.409164
v 1.953006 1.988007 -0.000591
v 1.404860 1.439858 32.409409
v 1.963252 2.012751 0.000000
v 1.415106 1.464602 32.410000
v 1.987996 2.022997 0.000591
v 1.439850 1.474848 32.410591
v 1.957072 2.066916 0.000837
v 1.424087 1.504014 32.410835
v 1.967997 2.042458 0.000591
v 1.435012 1.479556 32.410591
v 1.958429 2.017444 0.000000
v 1.425445 1.454542 32.410000
v 1.933974 2.006526 -0.000591
v 1.400990 1.443624 32.409409
v 1.908957 2.016101 -0.000837
v 1.375973 1.453199 32.409164
v 1.898032 2.040558 -0.000591
v 1.365048 1.477656 32.409409
v 1.907600 2.065573 0.000000
v 1.374615 1.502670 32.410000
v 1.932055 2.076490 0.000591
v 1.399070 1.513588 32.410591
v -0.150000 2.636710 16.205000
v -0.150000 2.636710 16.304998
v -0.150000 2.696710 16.205000
v -0.150000 2.696710 16.304998
v 0.150000 2.636710 16.205000
v 0.150000 2.636710 16.304998
v 0.150000 2.696710 16.205000
v 0.150000 2.696710 16.304998
vn -0.9658 -0.2586 0.0208
vn -0.7071 0.7071 -0.0000
vn 0.2586 0.9657 -0.0207
vn 0.9657 0.2587 -0.0208
vn 0.0170 0.0170 0.9997
vn 0.7071 -0.7071 -0.0000
vn -0.2586 -0.9657 0.0207
vn -0.0169 -0.0169 -0.9997
vn -0.9657 -0.2587 0.0208
vn 0.2586 0.9658 -0.0207
vn 0.9657 0.2586 -0.0208
vn 0.0171 0.0170 0.9997
vn 0.9658 0.2586 -0.0208
vn 0.0172 0.0171 0.9997
vn 0.3535 0.3536 0.8660
vn 0.7071 0.7071 -0.0000
vn 0.3536 0.3536 -0.8660
vn -0.3535 -0.3536 -0.8660
vn -0.7071 -0.7071 -0.0000
vn -0.3536 -0.3536 0.8660
vn 0.3536 0.3536 0.8660
vn -0.3536 -0.3536 -0.8660
vn 0.3535 0.3536 -0.8660
vn 0.3536 0.3535 -0.8660
vn 0.3536 0.3535 0.8660
vn 0.3535 0.3535 -0.8660
vn -0.3535 -0.3536 0.8660
vn -0.3536 -0.3535 0.8660
vn -0.3536 -0.3535 -0.8660
vn -0.3535 -0.3536 0.8661
vn 0.3537 0.3536 0.8660
vn 0.7071 0.7072 -0.0000
vn -0.3537 -0.3536 -0.8660
vn -0.7071 -0.7072 -0.0000
vn -0.3534 -0.3536 -0.8661
vn -0.3537 -0.3536 0.8660
vn 0.7072 0.7070 -0.0000
vn 0.3534 0.3535 -0.8661
vn 0.7070 -0.7072 -0.0000
vn -0.3534 -0.3535 0.8661
vn -0.7070 0.7072 -0.0000
vn 0.3533 0.3535 0.8661
vn -0.3533 -0.3535 -0.8661
vn 0.7072 -0.7071 -0.0000
vn -0.7072 -0.7070 -0.0000
vn 0.3535 0.3535 0.8661
vn -0.3534 -0.3535 -0.8661
vn -0.3535 -0.3535 0.8661
vn -0.3533 -0.3535 0.8661
vn -0.3535 -0.3535 -0.8661
vn -0.7072 0.7070 -0.0000
vn 0.3537 0.3535 -0.8660
vn 0.7072 -0.7070 -0.0000
vn -0.3537 -0.3535 -0.8660
vn 0.3536 0.3535 -0.8661
vn 0.3535 0.3535 -0.8661
vn 0.3534 0.3535 0.8661
vn 0.3537 0.3535 0.8660
vn -0.3533 -0.3535 -0.8662
vn -0.3536 -0.3535 0.8661
vn -0.7072 0.7071 -0.0000
vn 0.3532 0.3535 0.8662
vn -0.7073 -0.7069 -0.0000
vn 0.3532 0.3535 -0.8662
vn -0.3537 -0.3535 0.8660
vn 0.7073 0.7069 -0.0000
vn -0.3532 -0.3535 0.8662
vn 0.3533 0.3535 -0.8661
vn 0.3539 0.3534 0.8660
vn -0.3538 -0.3535 -0.8660
vn -0.3533 -0.3535 0.8662
vn 0.3536 0.3535 0.8661
vn 0.3533 0.3535 -0.8662
vn 0.3533 0.3535 0.8662
vn 0.3538 0.3534 -0.8660
vn 0.3539 0.3535 -0.8659
vn 0.9338 0.3572 0.0221
vn 0.9130 -0.4078 0.0092
vn 0.3574 -0.9339 -0.0092
vn -0.4076 -0.9129 -0.0221
vn -0.9338 -0.3572 -0.0221
vn -0.9130 0.4078 -0.0092
vn -0.0173 -0.0164 0.9997
vn -0.3574 0.9339 0.0092
vn 0.4076 0.9129 0.0221
vn 0.0173 0.0164 -0.9997
vn 0.9237 0.3825 0.0221
vn 0.9238 -0.3828 0.0092
vn 0.3828 -0.9238 -0.0092
vn -0.3825 -0.9237 -0.0221
vn -0.9237 -0.3825 -0.0221
vn -0.9238 0.3828 -0.0092
vn -0.0168 -0.0169 0.9997
vn -0.3828 0.9238 0.0092
vn 0.3825 0.9237 0.0221
vn 0.0169 0.0169 -0.9997
vn 0.9129 0.4076 0.0221
vn 0.9339 -0.3574 0.0092
vn 0.4078 -0.9130 -0.0092
vn -0.3571 -0.9338 -0.0221
vn -0.9129 -0.4076 -0.0221
vn -0.9339 0.3574 -0.0092
vn -0.0163 -0.0173 0.9997
vn -0.4078 0.9130 0.0092
vn 0.3571 0.9338 0.0221
vn 0.0164 0.0173 -0.9997
vn -1.0000 -0.0000 -0.0000
vn -0.0000 1.0000 -0.0000
vn 1.0000 -0.0000 -0.0000
vn -0.0000 -1.0000 -0.0000
vn -0.0000 -0.0000 -1.0000
vn -0.0000 -0.0000 1.0000
vn 0.0165 0.0170 0.9997
vn 0.0169 0.0170 0.9997
vn -0.2586 -0.9658 0.0207
vn -0.0169 -0.0171 -0.9997
vn -0.0171 -0.0169 -0.9997
vn 0.0167 0.0171 0.9997
vn 0.0170 0.0171 0.9997
vn -0.0171 -0.0171 -0.9997
vn -0.0170 -0.0167 -0.9997
vn -0.0167 -0.0170 -0.9997
vn -0.3535 -0.3535 -0.8660
vn -0.3535 -0.3535 0.8660
vn 0.3535 0.3535 0.8660
vn 0.7071 -0.7071 0.0001
vn 0.7071 -0.7072 -0.0000
vn -0.7071 0.7072 -0.0000
vn 0.7071 -0.7072 0.0001
vn -0.3535 -0.3536 -0.8661
vn 0.3537 0.3536 -0.8660
vn 0.3534 0.3536 0.8661
vn 0.3534 0.3536 -0.8661
vn -0.3534 -0.3536 0.8661
vn -0.7073 0.7069 -0.0000
vn -0.3536 -0.3535 -0.8661
vn 0.7073 -0.7069 -0.0000
vn 0.7070 -0.7073 -0.0000
vn -0.7070 0.7073 -0.0000
vn 0.7068 -0.7074 -0.0000
vn -0.3537 -0.3534 -0.8660
vn -0.7068 0.7074 -0.0000
vn 0.3539 0.3534 -0.8659
vn -0.3539 -0.3534 0.8659
vn -0.3539 -0.3534 -0.8659
vn 0.3533 0.3536 -0.8661
vn 0.7069 -0.7074 -0.0000
vn -0.7069 0.7074 -0.0000
vn -0.0179 -0.0164 0.9997
vn -0.0175 -0.0165 0.9997
vn -0.0174 -0.0164 0.9997
vn -0.0173 -0.0165 0.9997
vn -0.0172 -0.0164 0.9997
vn 0.0174 0.0165 -0.9997
vn -0.0172 -0.0169 0.9997
vn -0.0169 -0.0169 0.9997
vn 0.0170 0.0170 -0.9997
vn -0.3572 -0.9338 -0.0221
vn -0.0169 -0.0173 0.9997
vn -0.0166 -0.0174 0.9997
vn -0.0167 -0.0173 0.9997
vn 0.0165 0.0174 -0.9997
s 0
usemtl pipe_steel
f 1//1 4//1 3//1
f 4//2 5//2 3//2
f 5//3 8//3 7//3
f 8//4 9//4 7//4
f 2//5 10//5 6//5
f 9//6 12//6 11//6
f 11//7 2//7 1//7
f 3//8 7//8 11//8
f 14//9 15//9 13//9
f 16//2 17//2 15//2
f 17//10 20//10 19//10
f 20//11 21//11 19//11
f 14//12 22//12 18//12
f 21//6 24//6 23//6
f 23//7 14//7 13//7
f 15//8 19//8 23//8
f 37//15 40//15 39//15
f 40//16 41//16 39//16
f 42//17 43//17 41//17
f 43//18 46//18 45//18
f 38//6 46//6 42//6
f 46//19 47//19 45//19
f 48//20 37//20 47//20
f 39//2 43//2 47//2
f 50//21 51//21 49//21
f 52//16 53//16 51//16
f 54//17 55//17 53//17
f 56//22 57//22 55//22
f 50//6 58//6 54//6
f 58//19 59//19 57//19
f 60//20 49//20 59//20
f 51//2 55//2 59//2
f 62//21 63//21 61//21
f 63//16 66//16 65//16
f 66//23 67//23 65//23
f 67//18 70//18 69//18
f 62//6 70//6 66//6
f 70//19 71//19 69//19
f 72//20 61//20 71//20
f 63//2 67//2 71//2
f 74//15 75//15 73//15
f 76//16 77//16 75//16
f 78//24 79//24 77//24
f 80//18 81//18 79//18
f 74//6 82//6 78//6
f 82//19 83//19 81//19
f 84//20 73//20 83//20
f 75//2 79//2 83//2
f 86//21 87//21 85//21
f 88//16 89//16 87//16
f 90//17 91//17 89//17
f 91//22 94//22 93//22
f 86//6 94//6 90//6
f 94//19 95//19 93//19
f 96//20 85//20 95//20
f 87//2 91//2 95//2
f 98//25 99//25 97//25
f 100//16 101//16 99//16
f 102//26 103//26 101//26
f 104//22 105//22 103//22
f 98//6 106//6 102//6
f 106//19 107//19 105//19
f 108//27 97//27 107//27
f 99//2 103//2 107//2
f 110//21 111//21 109//21
f 112//16 113//16 111//16
f 114//23 115//23 113//23
f 115//22 118//22 117//22
f 110//6 118//6 114//6
f 118//19 119//19 117//19
f 120//27 109//27 119//27
f 111//2 115//2 119//2
f 122//21 123//21 121//21
f 124//16 125//16 123//16
f 126//23 127//23 125//23
f 127//22 130//22 129//22
f 122//6 130//6 126//6
f 130//19 131//19 129//19
f 132//20 121//20 131//20
f 123//2 127//2 131//2
f 134//21 135//21 133//21
f 136//16 137//16 135//16
f 138//17 139//17 137//17
f 140//22 141//22 139//22
f 134//6 142//6 138//6
f 142//19 143//19 141//19
f 144//20 133//20 143//20
f 135//2 139//2 143//2
f 146//21 147//21 145//21
f 148//16 149//16 147//16
f 150//17 151//17 149//17
f 152//18 153//18 151//18
f 146//6 154//6 150//6
f 154//19 155//19 153//19
f 156//20 145//20 155//20
f 147//2 151//2 155//2
f 158//21 159//21 157//21
f 160//16 161//16 159//16
f 162//26 163//26 161//26
f 164//22 165//22 163//22
f 158//6 166//6 162//6
f 166//19 167//19 165//19
f 168//20 157//20 167//20
f 159//2 163//2 167//2
f 170//21 171//21 169//21
f 172//16 173//16 171//16
f 174//17 175//17 173//17
f 175//18 178//18 177//18
f 170//6 178//6 174//6
f 178//19 179//19 177//19
f 180//20 169//20 179//20
f 171//2 175//2 179//2
f 182//21 183//21 181//21
f 184//16 185//16 183//16
f 186//26 187//26 185//26
f 188//22 189//22 187//22
f 182//6 190//6 186//6
f 190//19 191//19 189//19
f 192//27 181//27 191//27
f 183//2 187//2 191//2
f 194//21 195//21 193//21
f 196//16 197//16 195//16
f 198//17 199//17 197//17
f 199//18 202//18 201//18
f 194//6 202//6 198//6
f 202//19 203//19 201//19
f 204//20 193//20 203//20
f 195//2 199//2 203//2
f 206//25 207//25 205//25
f 208//16 209//16 207//16
f 210//23 211//23 209//23
f 212//22 213//22 211//22
f 206//6 214//6 210//6
f 214//19 215//19 213//19
f 216//27 205//27 215//27
f 207//2 211//2 215//2
f 218//21 219//21 217//21
f 220//16 221//16 219//16
f 222//17 223//17 221//17
f 223//22 226//22 225//22
f 218//6 226//6 222//6
f 226//19 227//19 225//19
f 228//28 217//28 227//28
f 219//2 223//2 227//2
f 230//15 231//15 229//15
f 232//16 233//16 231//16
f 234//24 235//24 233//24
f 236//18 237//18 235//18
f 230//6 238//6 234//6
f 238//19 239//19 237//19
f 240//20 229//20 239//20
f 231//2 235//2 239//2
f 242//25 243//25 241//25
f 244//16 245//16 243//16
f 246//23 247//23 245//23
f 247//22 250//22 249//22
f 242//6 250//6 246//6
f 250//19 251//19 249//19
f 252//27 241//27 251//27
f 243//2 247//2 251//2
f 254//21 255//21 253//21
f 256//16 257//16 255//16
f 258//23 259//23 257//23
f 260//22 261//22 259//22
f 254//6 262//6 258//6
f 262//19 263//19 261//19
f 264//27 253//27 263//27
f 255//2 259//2 263//2
f 266//15 267//15 265//15
f 268//16 269//16 267//16
f 270//24 271//24 269//24
f 272//18 273//18 271//18
f 266//6 274//6 270//6
f 274//19 275//19 273//19
f 276//20 265//20 275//20
f 267//2 271//2 275//2
f 278//21 279//21 277//21
f 280//16 281//16 279//16
f 282//23 283//23 281//23
f 283//18 286//18 285//18
f 278//6 286//6 282//6
f 286//19 287//19 285//19
f 288//20 277//20 287//20
f 279//2 283//2 287//2
f 290//21 291//21 289//21
f 292//16 293//16 291//16
f 294//23 295//23 293//23
f 296//29 297//29 295//29
f 290//6 298//6 294//6
f 298//19 299//19 297//19
f 300//20 289//20 299//20
f 291//2 295//2 299//2
f 302//21 303//21 301//21
f 304//16 305//16 303//16
f 306//17 307//17 305//17
f 308//22 309//22 307//22
f 302//6 310//6 306//6
f 310//19 311//19 309//19
f 311//20 302//20 301//20
f 303//2 307//2 311//2
f 314//15 315//15 313//15
f 316//16 317//16 315//16
f 318//24 319//24 317//24
f 320//18 321//18 319//18
f 314//6 322//6 318//6
f 322//19 323//19 321//19
f 324//27 313//27 323//27
f 315//2 319//2 323//2
f 326//21 327//21 325//21
f 328//16 329//16 327//16
f 330//23 331//23 329//23
f 332//29 333//29 331//29
f 326//6 334//6 330//6
f 334//19 335//19 333//19
f 336//20 325//20 335//20
f 327//2 331//2 335//2
f 338//25 339//25 337//25
f 340//16 341//16 339//16
f 342//23 343//23 341//23
f 344//22 345//22 343//22
f 338//6 346//6 342//6
f 346//19 347//19 345//19
f 348//20 337//20 347//20
f 339//2 343//2 347//2
f 350//21 351//21 349//21
f 352//16 353//16 351//16
f 353//17 356//17 355//17
f 355//22 358//22 357//22
f 350//6 358//6 354//6
f 358//19 359//19 357//19
f 360//27 349//27 359//27
f 351//2 355//2 359//2
f 362//25 363//25 361//25
f 364//16 365//16 363//16
f 366//23 367//23 365//23
f 368//22 369//22 367//22
f 362//6 370//6 366//6
f 370//19 371//19 369//19
f 372//30 361//30 371//30
f 363//2 367//2 371//2
f 374//21 375//21 373//21
f 376//16 377//16 375//16
f 377//17 380//17 379//17
f 379//22 382//22 381//22
f 374//6 382//6 378//6
f 382//19 383//19 381//19
f 384//27 373//27 383//27
f 375//2 379//2 383//2
f 386//21 387//21 385//21
f 388//16 389//16 387//16
f 390//17 391//17 389//17
f 392//22 393//22 391//22
f 386//6 394//6 390//6
f 394//19 395//19 393//19
f 396//27 385//27 395//27
f 387//2 391//2 395//2
f 398//21 399//21 397//21
f 400//16 401//16 399//16
f 402//17 403//17 401//17
f 404//22 405//22 403//22
f 398//6 406//6 402//6
f 406//19 407//19 405//19
f 408//20 397//20 407//20
f 399//2 403//2 407//2
f 410//15 411//15 409//15
f 412//16 413//16 411//16
f 413//17 416//17 415//17
f 415//22 418//22 417//22
f 410//6 418//6 414//6
f 418//19 419//19 417//19
f 420//20 409//20 419//20
f 411//2 415//2 419//2
f 422//21 423//21 421//21
f 424//16 425//16 423//16
f 425//17 428//17 427//17
f 428//22 429//22 427//22
f 422//6 430//6 426//6
f 430//19 431//19 429//19
f 432//27 421//27 431//27
f 423//2 427//2 431//2
f 434//21 435//21 433//21
f 436//16 437//16 435//16
f 438//23 439//23 437//23
f 440//22 441//22 439//22
f 434//6 442//6 438//6
f 442//19 443//19 441//19
f 444//20 433//20 443//20
f 435//2 439//2 443//2
f 446//21 447//21 445//21
f 448//16 449//16 447//16
f 450//17 451//17 449//17
f 452//22 453//22 451//22
f 446//6 454//6 450//6
f 454//19 455//19 453//19
f 456//20 445//20 455//20
f 447//2 451//2 455//2
f 458//21 459//21 457//21
f 460//16 461//16 459//16
f 462//17 463//17 461//17
f 464//22 465//22 463//22
f 458//6 466//6 462//6
f 466//19 467//19 465//19
f 468//20 457//20 467//20
f 459//2 463//2 467//2
f 470//21 471//21 469//21
f 472//16 473//16 471//16
f 474//17 475//17 473//17
f 476//18 477//18 475//18
f 470//6 478//6 474//6
f 478//19 479//19 477//19
f 480//20 469//20 479//20
f 471//2 475//2 479//2
f 482//15 483//15 481//15
f 484//16 485//16 483//16
f 486//17 487//17 485//17
f 488//22 489//22 487//22
f 482//6 490//6 486//6
f 490//19 491//19 489//19
f 492//20 481//20 491//20
f 483//2 487//2 491//2
f 494//21 495//21 493//21
f 496//16 497//16 495//16
f 497//17 500//17 499//17
f 499//22 502//22 501//22
f 494//6 502//6 498//6
f 502//19 503//19 501//19
f 504//20 493//20 503//20
f 495//2 499//2 503//2
f 506//21 507//21 505//21
f 508//16 509//16 507//16
f 510//17 511//17 509//17
f 512//22 513//22 511//22
f 506//6 514//6 510//6
f 514//19 515//19 513//19
f 516//20 505//20 515//20
f 507//2 511//2 515//2
f 518//21 519//21 517//21
f 520//16 521//16 519//16
f 522//17 523//17 521//17
f 524//22 525//22 523//22
f 518//6 526//6 522//6
f 526//19 527//19 525//19
f 528//27 517//27 527//27
f 519//2 523//2 527//2
f 530//21 531//21 529//21
f 532//16 533//16 531//16
f 534//17 535//17 533//17
f 536//22 537//22 535//22
f 530//6 538//6 534//6
f 538//19 539//19 537//19
f 540//20 529//20 539//20
f 531//2 535//2 539//2
f 542//21 543//21 541//21
f 544//16 545//16 543//16
f 546//17 547//17 545//17
f 548//18 549//18 547//18
f 542//6 550//6 546//6
f 550//19 551//19 549//19
f 552//20 541//20 551//20
f 543//2 547//2 551//2
f 554//21 555//21 553//21
f 556//16 557//16 555//16
f 557//17 560//17 559//17
f 559//22 562//22 561//22
f 554//6 562//6 558//6
f 562//19 563//19 561//19
f 564//20 553//20 563//20
f 555//2 559//2 563//2
f 566//31 567//31 565//31
f 568//16 569//16 567//16
f 570//17 571//17 569//17
f 572//22 573//22 571//22
f 566//6 574//6 570//6
f 574//19 575//19 573//19
f 576//27 565//27 575//27
f 567//2 571//2 575//2
f 578//21 579//21 577//21
f 580//32 581//32 579//32
f 582//23 583//23 581//23
f 584//33 585//33 583//33
f 578//6 586//6 582//6
f 586//19 587//19 585//19
f 588//20 577//20 587//20
f 579//2 583//2 587//2
f 590//21 591//21 589//21
f 592//16 593//16 591//16
f 594//17 595//17 593//17
f 596//22 597//22 595//22
f 590//6 598//6 594//6
f 598//34 599//34 597//34
f 600//20 589//20 599//20
f 591//2 595//2 599//2
f 602//21 603//21 601//21
f 604//16 605//16 603//16
f 606//17 607//17 605//17
f 608//35 609//35 607//35
f 602//6 610//6 606//6
f 610//19 611//19 609//19
f 612//27 601//27 611//27
f 603//2 607//2 611//2
f 614//21 615//21 613//21
f 616//32 617//32 615//32
f 618//17 619//17 617//17
f 620//22 621//22 619//22
f 614//6 622//6 618//6
f 622//19 623//19 621//19
f 624//36 613//36 623//36
f 615//2 619//2 623//2
f 626//21 627//21 625//21
f 628//32 629//32 627//32
f 630//17 631//17 629//17
f 632//22 633//22 631//22
f 626//6 634//6 630//6
f 634//19 635//19 633//19
f 636//20 625//20 635//20
f 627//2 631//2 635//2
f 638//21 639//21 637//21
f 640//16 641//16 639//16
f 642//17 643//17 641//17
f 644//22 645//22 643//22
f 638//6 646//6 642//6
f 646//34 647//34 645//34
f 648//20 637//20 647//20
f 639//2 643//2 647//2
f 650//15 651//15 649//15
f 652//32 653//32 651//32
f 654//17 655//17 653//17
f 656//18 657//18 655//18
f 650//6 658//6 654//6
f 658//19 659//19 657//19
f 660//36 649//36 659//36
f 651//2 655//2 659//2
f 662//21 663//21 661//21
f 664//16 665//16 663//16
f 666//17 667//17 665//17
f 668//18 669//18 667//18
f 662//6 670//6 666//6
f 670//19 671//19 669//19
f 672//27 661//27 671//27
f 663//2 667//2 671//2
f 674//21 675//21 673//21
f 676//32 677//32 675//32
f 677//17 680//17 679//17
f 679//22 682//22 681//22
f 674//6 682//6 678//6
f 682//19 683//19 681//19
f 684//36 673//36 683//36
f 675//2 679//2 683//2
f 686//21 687//21 685//21
f 688//16 689//16 687//16
f 690//17 691//17 689//17
f 692//22 693//22 691//22
f 686//6 694//6 690//6
f 694//34 695//34 693//34
f 696//27 685//27 695//27
f 687//2 691//2 695//2
f 698//21 699//21 697//21
f 700//16 701//16 699//16
f 702//17 703//17 701//17
f 704//33 705//33 703//33
f 698//6 706//6 702//6
f 706//34 707//34 705//34
f 708//27 697//27 707//27
f 699//2 703//2 707//2
f 710//21 711//21 709//21
f 712//32 713//32 711//32
f 714//17 715//17 713//17
f 716//22 717//22 715//22
f 710//6 718//6 714//6
f 718//19 719//19 717//19
f 720//36 709//36 719//36
f 711//2 715//2 719//2
f 722//25 723//25 721//25
f 724//37 725//37 723//37
f 726//38 727//38 725//38
f 728//29 729//29 727//29
f 722//39 730//39 726//39
f 730//19 731//19 729//19
f 732//40 721//40 731//40
f 723//41 727//41 731//41
f 734//42 735//42 733//42
f 736//16 737//16 735//16
f 738//24 739//24 737//24
f 740//43 741//43 739//43
f 734//44 742//44 738//44
f 742//45 743//45 741//45
f 744//28 733//28 743//28
f 735//2 739//2 743//2
f 746//46 747//46 745//46
f 748//37 749//37 747//37
f 749//38 752//38 751//38
f 752//47 753//47 751//47
f 746//44 754//44 750//44
f 754//19 755//19 753//19
f 756//48 745//48 755//48
f 747//2 751//2 755//2
f 758//25 759//25 757//25
f 760//16 761//16 759//16
f 762//38 763//38 761//38
f 764//29 765//29 763//29
f 758//39 766//39 762//39
f 766//19 767//19 765//19
f 768//49 757//49 767//49
f 759//41 763//41 767//41
f 770//42 771//42 769//42
f 772//16 773//16 771//16
f 774//24 775//24 773//24
f 776//50 777//50 775//50
f 770//6 778//6 774//6
f 778//19 779//19 777//19
f 780//28 769//28 779//28
f 771//51 775//51 779//51
f 782//42 783//42 781//42
f 784//16 785//16 783//16
f 786//52 787//52 785//52
f 788//43 789//43 787//43
f 782//53 790//53 786//53
f 790//19 791//19 789//19
f 792//28 781//28 791//28
f 783//51 787//51 791//51
f 794//25 795//25 793//25
f 796//16 797//16 795//16
f 798//38 799//38 797//38
f 800//54 801//54 799//54
f 794//6 802//6 798//6
f 802//19 803//19 801//19
f 804//40 793//40 803//40
f 795//2 799//2 803//2
f 806//42 807//42 805//42
f 808//16 809//16 807//16
f 810//55 811//55 809//55
f 812//43 813//43 811//43
f 806//6 814//6 810//6
f 814//45 815//45 813//45
f 816//28 805//28 815//28
f 807//51 811//51 815//51
f 818//46 819//46 817//46
f 820//16 821//16 819//16
f 821//38 824//38 823//38
f 824//47 825//47 823//47
f 818//53 826//53 822//53
f 826//45 827//45 825//45
f 828//48 817//48 827//48
f 819//51 823//51 827//51
f 830//46 831//46 829//46
f 832//37 833//37 831//37
f 834//38 835//38 833//38
f 836//50 837//50 835//50
f 830//6 838//6 834//6
f 838//19 839//19 837//19
f 840//40 829//40 839//40
f 831//2 835//2 839//2
f 842//46 843//46 841//46
f 844//16 845//16 843//16
f 846//38 847//38 845//38
f 848//50 849//50 847//50
f 842//6 850//6 846//6
f 850//19 851//19 849//19
f 852//48 841//48 851//48
f 843//2 847//2 851//2
f 854//42 855//42 853//42
f 856//37 857//37 855//37
f 858//56 859//56 857//56
f 860//47 861//47 859//47
f 854//53 862//53 858//53
f 862//19 863//19 861//19
f 864//48 853//48 863//48
f 855//51 859//51 863//51
f 865//57 868//57 867//57
f 868//16 869//16 867//16
f 869//24 872//24 871//24
f 871//47 874//47 873//47
f 866//6 874//6 870//6
f 874//19 875//19 873//19
f 876//49 865//49 875//49
f 867//2 871//2 875//2
f 878//58 879//58 877//58
f 880//16 881//16 879//16
f 882//38 883//38 881//38
f 883//59 886//59 885//59
f 878//39 886//39 882//39
f 886//45 887//45 885//45
f 888//49 877//49 887//49
f 879//2 883//2 887//2
f 890//42 891//42 889//42
f 892//16 893//16 891//16
f 894//52 895//52 893//52
f 896//43 897//43 895//43
f 890//44 898//44 894//44
f 898//19 899//19 897//19
f 900//28 889//28 899//28
f 891//2 895//2 899//2
f 902//46 903//46 901//46
f 904//16 905//16 903//16
f 906//38 907//38 905//38
f 908//29 909//29 907//29
f 902//6 910//6 906//6
f 910//19 911//19 909//19
f 912//48 901//48 911//48
f 903//2 907//2 911//2
f 914//46 915//46 913//46
f 916//16 917//16 915//16
f 918//38 919//38 917//38
f 920//29 921//29 919//29
f 914//6 922//6 918//6
f 922//19 923//19 921//19
f 924//48 913//48 923//48
f 915//2 919//2 923//2
f 926//57 927//57 925//57
f 928//16 929//16 927//16
f 930//56 931//56 929//56
f 932//50 933//50 931//50
f 926//53 934//53 930//53
f 934//19 935//19 933//19
f 936//28 925//28 935//28
f 927//2 931//2 935//2
f 938//46 939//46 937//46
f 940//16 941//16 939//16
f 941//24 944//24 943//24
f 944//29 945//29 943//29
f 938//6 946//6 942//6
f 946//19 947//19 945//19
f 948//48 937//48 947//48
f 939//41 943//41 947//41
f 950//58 951//58 949//58
f 952//16 953//16 951//16
f 954//38 955//38 953//38
f 956//54 957//54 955//54
f 950//6 958//6 954//6
f 958//19 959//19 957//19
f 960//40 949//40 959//40
f 951//2 955//2 959//2
f 962//57 963//57 961//57
f 964//37 965//37 963//37
f 966//56 967//56 965//56
f 968//47 969//47 967//47
f 962//44 970//44 966//44
f 970//19 971//19 969//19
f 972//60 961//60 971//60
f 963//61 967//61 971//61
f 974//46 975//46 973//46
f 976//16 977//16 975//16
f 978//38 979//38 977//38
f 980//50 981//50 979//50
f 974//6 982//6 978//6
f 982//45 983//45 981//45
f 984//40 973//40 983//40
f 975//2 979//2 983//2
f 986//46 987//46 985//46
f 988//37 989//37 987//37
f 990//38 991//38 989//38
f 992//50 993//50 991//50
f 986//6 994//6 990//6
f 994//19 995//19 993//19
f 996//40 985//40 995//40
f 987//41 991//41 995//41
f 998//57 999//57 997//57
f 1000//16 1001//16 999//16
f 1002//52 1003//52 1001//52
f 1003//29 1006//29 1005//29
f 998//53 1006//53 1002//53
f 1006//19 1007//19 1005//19
f 1008//28 997//28 1007//28
f 999//51 1003//51 1007//51
f 1010//57 1011//57 1009//57
f 1012//16 1013//16 1011//16
f 1014//56 1015//56 1013//56
f 1016//47 1017//47 1015//47
f 1010//44 1018//44 1014//44
f 1018//45 1019//45 1017//45
f 1020//48 1009//48 1019//48
f 1011//2 1015//2 1019//2
f 1022//58 1023//58 1021//58
f 1024//16 1025//16 1023//16
f 1026//56 1027//56 1025//56
f 1028//29 1029//29 1027//29
f 1022//6 1030//6 1026//6
f 1030//19 1031//19 1029//19
f 1032//40 1021//40 1031//40
f 1023//2 1027//2 1031//2
f 1034//57 1035//57 1033//57
f 1036//16 1037//16 1035//16
f 1038//52 1039//52 1037//52
f 1040//59 1041//59 1039//59
f 1034//44 1042//44 1038//44
f 1042//19 1043//19 1041//19
f 1044//28 1033//28 1043//28
f 1035//51 1039//51 1043//51
f 1046//57 1047//57 1045//57
f 1048//16 1049//16 1047//16
f 1050//52 1051//52 1049//52
f 1052//43 1053//43 1051//43
f 1046//53 1054//53 1050//53
f 1054//19 1055//19 1053//19
f 1056//28 1045//28 1055//28
f 1047//2 1051//2 1055//2
f 1058//46 1059//46 1057//46
f 1060//16 1061//16 1059//16
f 1061//24 1064//24 1063//24
f 1064//29 1065//29 1063//29
f 1058//6 1066//6 1062//6
f 1066//19 1067//19 1065//19
f 1068//48 1057//48 1067//48
f 1059//2 1063//2 1067//2
f 1070//57 1071//57 1069//57
f 1072//16 1073//16 1071//16
f 1074//56 1075//56 1073//56
f 1076//50 1077//50 1075//50
f 1070//6 1078//6 1074//6
f 1078//19 1079//19 1077//19
f 1080//28 1069//28 1079//28
f 1071//61 1075//61 1079//61
f 1082//57 1083//57 1081//57
f 1084//16 1085//16 1083//16
f 1086//52 1087//52 1085//52
f 1088//43 1089//43 1087//43
f 1082//44 1090//44 1086//44
f 1090//19 1091//19 1089//19
f 1092//28 1081//28 1091//28
f 1083//51 1087//51 1091//51
f 1094//46 1095//46 1093//46
f 1096//16 1097//16 1095//16
f 1098//38 1099//38 1097//38
f 1100//54 1101//54 1099//54
f 1094//6 1102//6 1098//6
f 1102//19 1103//19 1101//19
f 1104//28 1093//28 1103//28
f 1095//2 1099//2 1103//2
f 1106//46 1107//46 1105//46
f 1108//37 1109//37 1107//37
f 1110//56 1111//56 1109//56
f 1112//47 1113//47 1111//47
f 1106//44 1114//44 1110//44
f 1114//19 1115//19 1113//19
f 1116//40 1105//40 1115//40
f 1107//2 1111//2 1115//2
f 1118//62 1119//62 1117//62
f 1120//16 1121//16 1119//16
f 1121//24 1124//24 1123//24
f 1123//43 1126//43 1125//43
f 1118//53 1126//53 1122//53
f 1126//63 1127//63 1125//63
f 1128//28 1117//28 1127//28
f 1119//51 1123//51 1127//51
f 1130//58 1131//58 1129//58
f 1132//16 1133//16 1131//16
f 1134//38 1135//38 1133//38
f 1136//50 1137//50 1135//50
f 1130//6 1138//6 1134//6
f 1138//19 1139//19 1137//19
f 1140//40 1129//40 1139//40
f 1131//2 1135//2 1139//2
f 1142//46 1143//46 1141//46
f 1144//16 1145//16 1143//16
f 1146//64 1147//64 1145//64
f 1148//54 1149//54 1147//54
f 1142//6 1150//6 1146//6
f 1150//19 1151//19 1149//19
f 1152//48 1141//48 1151//48
f 1143//2 1147//2 1151//2
f 1154//57 1155//57 1153//57
f 1156//16 1157//16 1155//16
f 1158//52 1159//52 1157//52
f 1160//59 1161//59 1159//59
f 1154//44 1162//44 1158//44
f 1162//19 1163//19 1161//19
f 1164//65 1153//65 1163//65
f 1155//51 1159//51 1163//51
f 1166//46 1167//46 1165//46
f 1168//66 1169//66 1167//66
f 1170//64 1171//64 1169//64
f 1172//54 1173//54 1171//54
f 1166//6 1174//6 1170//6
f 1174//19 1175//19 1173//19
f 1176//67 1165//67 1175//67
f 1167//41 1171//41 1175//41
f 1178//58 1179//58 1177//58
f 1180//16 1181//16 1179//16
f 1181//24 1184//24 1183//24
f 1183//29 1186//29 1185//29
f 1178//39 1186//39 1182//39
f 1186//19 1187//19 1185//19
f 1188//48 1177//48 1187//48
f 1179//2 1183//2 1187//2
f 1190//46 1191//46 1189//46
f 1192//16 1193//16 1191//16
f 1194//56 1195//56 1193//56
f 1196//47 1197//47 1195//47
f 1190//53 1198//53 1194//53
f 1198//19 1199//19 1197//19
f 1200//48 1189//48 1199//48
f 1191//2 1195//2 1199//2
f 1202//58 1203//58 1201//58
f 1204//16 1205//16 1203//16
f 1206//68 1207//68 1205//68
f 1208//29 1209//29 1207//29
f 1202//6 1210//6 1206//6
f 1210//63 1211//63 1209//63
f 1212//49 1201//49 1211//49
f 1203//2 1207//2 1211//2
f 1214//69 1215//69 1213//69
f 1216//16 1217//16 1215//16
f 1218//64 1219//64 1217//64
f 1220//70 1221//70 1219//70
f 1214//6 1222//6 1218//6
f 1222//63 1223//63 1221//63
f 1224//67 1213//67 1223//67
f 1215//2 1219//2 1223//2
f 1226//57 1227//57 1225//57
f 1228//16 1229//16 1227//16
f 1230//52 1231//52 1229//52
f 1232//43 1233//43 1231//43
f 1226//44 1234//44 1230//44
f 1234//19 1235//19 1233//19
f 1236//28 1225//28 1235//28
f 1227//2 1231//2 1235//2
f 1238//46 1239//46 1237//46
f 1240//16 1241//16 1239//16
f 1241//24 1244//24 1243//24
f 1243//59 1246//59 1245//59
f 1238//6 1246//6 1242//6
f 1246//19 1247//19 1245//19
f 1248//28 1237//28 1247//28
f 1239//41 1243//41 1247//41
f 1250//58 1251//58 1249//58
f 1252//16 1253//16 1251//16
f 1254//52 1255//52 1253//52
f 1256//47 1257//47 1255//47
f 1250//6 1258//6 1254//6
f 1258//19 1259//19 1257//19
f 1260//71 1249//71 1259//71
f 1251//2 1255//2 1259//2
f 1262//62 1263//62 1261//62
f 1264//16 1265//16 1263//16
f 1266//56 1267//56 1265//56
f 1268//50 1269//50 1267//50
f 1262//53 1270//53 1266//53
f 1270//19 1271//19 1269//19
f 1272//65 1261//65 1271//65
f 1263//61 1267//61 1271//61
f 1274//58 1275//58 1273//58
f 1276//16 1277//16 1275//16
f 1278//68 1279//68 1277//68
f 1280//54 1281//54 1279//54
f 1274//6 1282//6 1278//6
f 1282//19 1283//19 1281//19
f 1284//67 1273//67 1283//67
f 1275//2 1279//2 1283//2
f 1286//72 1287//72 1285//72
f 1288//16 1289//16 1287//16
f 1290//56 1291//56 1289//56
f 1292//50 1293//50 1291//50
f 1286//6 1294//6 1290//6
f 1294//19 1295//19 1293//19
f 1296//40 1285//40 1295//40
f 1287//41 1291//41 1295//41
f 1298//57 1299//57 1297//57
f 1300//16 1301//16 1299//16
f 1301//73 1304//73 1303//73
f 1304//50 1305//50 1303//50
f 1298//44 1306//44 1302//44
f 1306//19 1307//19 1305//19
f 1308//40 1297//40 1307//40
f 1299//61 1303//61 1307//61
f 1310//72 1311//72 1309//72
f 1312//16 1313//16 1311//16
f 1314//56 1315//56 1313//56
f 1316//59 1317//59 1315//59
f 1310//53 1318//53 1314//53
f 1318//19 1319//19 1317//19
f 1320//65 1309//65 1319//65
f 1311//2 1315//2 1319//2
f 1322//57 1323//57 1321//57
f 1324//16 1325//16 1323//16
f 1326//68 1327//68 1325//68
f 1328//54 1329//54 1327//54
f 1322//6 1330//6 1326//6
f 1330//19 1331//19 1329//19
f 1332//48 1321//48 1331//48
f 1323//2 1327//2 1331//2
f 1334//74 1335//74 1333//74
f 1336//16 1337//16 1335//16
f 1338//56 1339//56 1337//56
f 1340//43 1341//43 1339//43
f 1334//53 1342//53 1338//53
f 1342//63 1343//63 1341//63
f 1344//28 1333//28 1343//28
f 1335//61 1339//61 1343//61
f 1346//57 1347//57 1345//57
f 1348//16 1349//16 1347//16
f 1350//68 1351//68 1349//68
f 1352//47 1353//47 1351//47
f 1346//44 1354//44 1350//44
f 1354//63 1355//63 1353//63
f 1356//48 1345//48 1355//48
f 1347//2 1351//2 1355//2
f 1358//72 1359//72 1357//72
f 1360//16 1361//16 1359//16
f 1362//56 1363//56 1361//56
f 1364//47 1365//47 1363//47
f 1358//6 1366//6 1362//6
f 1366//19 1367//19 1365//19
f 1368//28 1357//28 1367//28
f 1359//2 1363//2 1367//2
f 1370//57 1371//57 1369//57
f 1372//16 1373//16 1371//16
f 1374//24 1375//24 1373//24
f 1376//50 1377//50 1375//50
f 1370//6 1378//6 1374//6
f 1378//19 1379//19 1377//19
f 1380//40 1369//40 1379//40
f 1371//61 1375//61 1379//61
f 1382//74 1383//74 1381//74
f 1384//16 1385//16 1383//16
f 1386//75 1387//75 1385//75
f 1388//43 1389//43 1387//43
f 1382//53 1390//53 1386//53
f 1390//19 1391//19 1389//19
f 1392//28 1381//28 1391//28
f 1383//61 1387//61 1391//61
f 1394//58 1395//58 1393//58
f 1396//16 1397//16 1395//16
f 1398//68 1399//68 1397//68
f 1400//50 1401//50 1399//50
f 1394//6 1402//6 1398//6
f 1402//19 1403//19 1401//19
f 1404//40 1393//40 1403//40
f 1395//2 1399//2 1403//2
f 1406//15 1407//15 1405//15
f 1408//16 1409//16 1407//16
f 1409//76 1412//76 1411//76
f 1412//33 1413//33 1411//33
f 1406//53 1414//53 1410//53
f 1414//19 1415//19 1413//19
f 1416//20 1405//20 1415//20
f 1407//51 1411//51 1415//51
f 1//9 2//9 4//9
f 4//2 6//2 5//2
f 5//10 6//10 8//10
f 8//13 10//13 9//13
f 6//113 4//113 2//113
f 2//5 12//5 10//5
f 10//114 8//114 6//114
f 9//6 10//6 12//6
f 11//115 12//115 2//115
f 11//8 1//8 3//8
f 3//116 5//116 7//116
f 7//117 9//117 11//117
f 14//1 16//1 15//1
f 16//2 18//2 17//2
f 17//10 18//10 20//10
f 20//4 22//4 21//4
f 18//113 16//113 14//113
f 14//5 24//5 22//5
f 22//114 20//114 18//114
f 21//6 22//6 24//6
f 23//7 24//7 14//7
f 23//8 13//8 15//8
f 15//116 17//116 19//116
f 19//117 21//117 23//117
f 37//21 38//21 40//21
f 40//16 42//16 41//16
f 42//17 44//17 43//17
f 43//123 44//123 46//123
f 42//6 40//6 38//6
f 38//6 48//6 46//6
f 46//6 44//6 42//6
f 46//19 48//19 47//19
f 48//20 38//20 37//20
f 47//2 37//2 39//2
f 39//2 41//2 43//2
f 43//2 45//2 47//2
f 50//21 52//21 51//21
f 52//16 54//16 53//16
f 54//17 56//17 55//17
f 56//22 58//22 57//22
f 54//6 52//6 50//6
f 50//6 60//6 58//6
f 58//6 56//6 54//6
f 58//19 60//19 59//19
f 60//20 50//20 49//20
f 59//2 49//2 51//2
f 51//2 53//2 55//2
f 55//2 57//2 59//2
f 62//15 64//15 63//15
f 63//16 64//16 66//16
f 66//23 68//23 67//23
f 67//123 68//123 70//123
f 66//6 64//6 62//6
f 62//6 72//6 70//6
f 70//6 68//6 66//6
f 70//19 72//19 71//19
f 72//27 62//27 61//27
f 71//2 61//2 63//2
f 63//2 65//2 67//2
f 67//2 69//2 71//2
f 74//21 76//21 75//21
f 76//16 78//16 77//16
f 78//23 80//23 79//23
f 80//22 82//22 81//22
f 78//6 76//6 74//6
f 74//6 84//6 82//6
f 82//6 80//6 78//6
f 82//19 84//19 83//19
f 84//27 74//27 73//27
f 83//2 73//2 75//2
f 75//2 77//2 79//2
f 79//2 81//2 83//2
f 86//15 88//15 87//15
f 88//16 90//16 89//16
f 90//17 92//17 91//17
f 91//123 92//123 94//123
f 90//6 88//6 86//6
f 86//6 96//6 94//6
f 94//6 92//6 90//6
f 94//19 96//19 95//19
f 96//124 86//124 85//124
f 95//2 85//2 87//2
f 87//2 89//2 91//2
f 91//2 93//2 95//2
f 98//125 100//125 99//125
f 100//16 102//16 101//16
f 102//26 104//26 103//26
f 104//123 106//123 105//123
f 102//6 100//6 98//6
f 98//6 108//6 106//6
f 106//126 104//126 102//126
f 106//19 108//19 107//19
f 108//28 98//28 97//28
f 107//2 97//2 99//2
f 99//2 101//2 103//2
f 103//2 105//2 107//2
f 110//21 112//21 111//21
f 112//16 114//16 113//16
f 114//17 116//17 115//17
f 115//123 116//123 118//123
f 114//6 112//6 110//6
f 110//6 120//6 118//6
f 118//6 116//6 114//6
f 118//19 120//19 119//19
f 120//28 110//28 109//28
f 119//2 109//2 111//2
f 111//2 113//2 115//2
f 115//2 117//2 119//2
f 122//21 124//21 123//21
f 124//16 126//16 125//16
f 126//17 128//17 127//17
f 127//22 128//22 130//22
f 126//6 124//6 122//6
f 122//6 132//6 130//6
f 130//6 128//6 126//6
f 130//19 132//19 131//19
f 132//20 122//20 121//20
f 131//2 121//2 123//2
f 123//2 125//2 127//2
f 127//2 129//2 131//2
f 134//21 136//21 135//21
f 136//16 138//16 137//16
f 138//17 140//17 139//17
f 140//22 142//22 141//22
f 138//6 136//6 134//6
f 134//6 144//6 142//6
f 142//6 140//6 138//6
f 142//19 144//19 143//19
f 144//20 134//20 133//20
f 143//2 133//2 135//2
f 135//2 137//2 139//2
f 139//2 141//2 143//2
f 146//15 148//15 147//15
f 148//16 150//16 149//16
f 150//23 152//23 151//23
f 152//18 154//18 153//18
f 150//6 148//6 146//6
f 146//6 156//6 154//6
f 154//6 152//6 150//6
f 154//19 156//19 155//19
f 156//20 146//20 145//20
f 155//2 145//2 147//2
f 147//2 149//2 151//2
f 151//2 153//2 155//2
f 158//15 160//15 159//15
f 160//16 162//16 161//16
f 162//23 164//23 163//23
f 164//22 166//22 165//22
f 162//6 160//6 158//6
f 158//6 168//6 166//6
f 166//126 164//126 162//126
f 166//19 168//19 167//19
f 168//20 158//20 157//20
f 167//2 157//2 159//2
f 159//2 161//2 163//2
f 163//2 165//2 167//2
f 170//21 172//21 171//21
f 172//16 174//16 173//16
f 174//17 176//17 175//17
f 175//29 176//29 178//29
f 174//6 172//6 170//6
f 170//6 180//6 178//6
f 178//6 176//6 174//6
f 178//19 180//19 179//19
f 180//20 170//20 169//20
f 179//2 169//2 171//2
f 171//2 173//2 175//2
f 175//2 177//2 179//2
f 182//21 184//21 183//21
f 184//16 186//16 185//16
f 186//17 188//17 187//17
f 188//22 190//22 189//22
f 186//6 184//6 182//6
f 182//6 192//6 190//6
f 190//6 188//6 186//6
f 190//19 192//19 191//19
f 192//27 182//27 181//27
f 191//2 181//2 183//2
f 183//2 185//2 187//2
f 187//2 189//2 191//2
f 194//21 196//21 195//21
f 196//16 198//16 197//16
f 198//23 200//23 199//23
f 199//29 200//29 202//29
f 198//6 196//6 194//6
f 194//6 204//6 202//6
f 202//6 200//6 198//6
f 202//19 204//19 203//19
f 204//20 194//20 193//20
f 203//2 193//2 195//2
f 195//2 197//2 199//2
f 199//2 201//2 203//2
f 206//15 208//15 207//15
f 208//16 210//16 209//16
f 210//17 212//17 211//17
f 212//22 214//22 213//22
f 210//6 208//6 206//6
f 206//6 216//6 214//6
f 214//126 212//126 210//126
f 214//19 216//19 215//19
f 216//20 206//20 205//20
f 215//2 205//2 207//2
f 207//2 209//2 211//2
f 211//2 213//2 215//2
f 218//21 220//21 219//21
f 220//16 222//16 221//16
f 222//17 224//17 223//17
f 223//18 224//18 226//18
f 222//6 220//6 218//6
f 218//6 228//6 226//6
f 226//53 224//53 222//53
f 226//19 228//19 227//19
f 228//27 218//27 217//27
f 227//2 217//2 219//2
f 219//2 221//2 223//2
f 223//2 225//2 227//2
f 230//21 232//21 231//21
f 232//16 234//16 233//16
f 234//23 236//23 235//23
f 236//22 238//22 237//22
f 234//44 232//44 230//44
f 230//6 240//6 238//6
f 238//44 236//44 234//44
f 238//19 240//19 239//19
f 240//27 230//27 229//27
f 239//2 229//2 231//2
f 231//2 233//2 235//2
f 235//2 237//2 239//2
f 242//15 244//15 243//15
f 244//16 246//16 245//16
f 246//17 248//17 247//17
f 247//22 248//22 250//22
f 246//6 244//6 242//6
f 242//6 252//6 250//6
f 250//127 248//127 246//127
f 250//19 252//19 251//19
f 252//28 242//28 241//28
f 251//128 241//128 243//128
f 243//2 245//2 247//2
f 247//2 249//2 251//2
f 254//21 256//21 255//21
f 256//16 258//16 257//16
f 258//24 260//24 259//24
f 260//18 262//18 261//18
f 258//6 256//6 254//6
f 254//6 264//6 262//6
f 262//129 260//129 258//129
f 262//19 264//19 263//19
f 264//20 254//20 253//20
f 263//2 253//2 255//2
f 255//2 257//2 259//2
f 259//2 261//2 263//2
f 266//21 268//21 267//21
f 268//16 270//16 269//16
f 270//23 272//23 271//23
f 272//22 274//22 273//22
f 270//6 268//6 266//6
f 266//6 276//6 274//6
f 274//126 272//126 270//126
f 274//19 276//19 275//19
f 276//20 266//20 265//20
f 275//2 265//2 267//2
f 267//2 269//2 271//2
f 271//51 273//51 275//51
f 278//21 280//21 279//21
f 280//16 282//16 281//16
f 282//17 284//17 283//17
f 283//29 284//29 286//29
f 282//6 280//6 278//6
f 278//6 288//6 286//6
f 286//127 284//127 282//127
f 286//19 288//19 287//19
f 288//20 278//20 277//20
f 287//128 277//128 279//128
f 279//2 281//2 283//2
f 283//2 285//2 287//2
f 290//21 292//21 291//21
f 292//16 294//16 293//16
f 294//24 296//24 295//24
f 296//18 298//18 297//18
f 294//6 292//6 290//6
f 290//39 300//39 298//39
f 298//127 296//127 294//127
f 298//19 300//19 299//19
f 300//20 290//20 289//20
f 299//2 289//2 291//2
f 291//2 293//2 295//2
f 295//2 297//2 299//2
f 302//21 304//21 303//21
f 304//16 306//16 305//16
f 306//17 308//17 307//17
f 308//22 310//22 309//22
f 306//6 304//6 302//6
f 302//6 312//6 310//6
f 310//6 308//6 306//6
f 310//19 312//19 311//19
f 311//28 312//28 302//28
f 311//2 301//2 303//2
f 303//2 305//2 307//2
f 307//2 309//2 311//2
f 314//25 316//25 315//25
f 316//16 318//16 317//16
f 318//17 320//17 319//17
f 320//22 322//22 321//22
f 318//44 316//44 314//44
f 314//6 324//6 322//6
f 322//126 320//126 318//126
f 322//19 324//19 323//19
f 324//20 314//20 313//20
f 323//2 313//2 315//2
f 315//2 317//2 319//2
f 319//2 321//2 323//2
f 326//21 328//21 327//21
f 328//16 330//16 329//16
f 330//17 332//17 331//17
f 332//18 334//18 333//18
f 330//6 328//6 326//6
f 326//6 336//6 334//6
f 334//6 332//6 330//6
f 334//19 336//19 335//19
f 336//20 326//20 325//20
f 335//128 325//128 327//128
f 327//2 329//2 331//2
f 331//2 333//2 335//2
f 338//15 340//15 339//15
f 340//16 342//16 341//16
f 342//17 344//17 343//17
f 344//22 346//22 345//22
f 342//6 340//6 338//6
f 338//127 348//127 346//127
f 346//127 344//127 342//127
f 346//19 348//19 347//19
f 348//20 338//20 337//20
f 347//128 337//128 339//128
f 339//2 341//2 343//2
f 343//2 345//2 347//2
f 350//21 352//21 351//21
f 352//16 354//16 353//16
f 353//23 354//23 356//23
f 355//130 356//130 358//130
f 354//6 352//6 350//6
f 350//53 360//53 358//53
f 358//6 356//6 354//6
f 358//19 360//19 359//19
f 360//20 350//20 349//20
f 359//2 349//2 351//2
f 351//2 353//2 355//2
f 355//2 357//2 359//2
f 362//21 364//21 363//21
f 364//16 366//16 365//16
f 366//17 368//17 367//17
f 368//18 370//18 369//18
f 366//6 364//6 362//6
f 362//127 372//127 370//127
f 370//6 368//6 366//6
f 370//19 372//19 371//19
f 372//20 362//20 361//20
f 371//2 361//2 363//2
f 363//2 365//2 367//2
f 367//2 369//2 371//2
f 374//21 376//21 375//21
f 376//16 378//16 377//16
f 377//17 378//17 380//17
f 379//22 380//22 382//22
f 378//6 376//6 374//6
f 374//6 384//6 382//6
f 382//6 380//6 378//6
f 382//19 384//19 383//19
f 384//20 374//20 373//20
f 383//2 373//2 375//2
f 375//2 377//2 379//2
f 379//2 381//2 383//2
f 386//21 388//21 387//21
f 388//16 390//16 389//16
f 390//17 392//17 391//17
f 392//22 394//22 393//22
f 390//6 388//6 386//6
f 386//6 396//6 394//6
f 394//6 392//6 390//6
f 394//19 396//19 395//19
f 396//20 386//20 385//20
f 395//2 385//2 387//2
f 387//2 389//2 391//2
f 391//2 393//2 395//2
f 398//21 400//21 399//21
f 400//16 402//16 401//16
f 402//17 404//17 403//17
f 404//22 406//22 405//22
f 402//6 400//6 398//6
f 398//6 408//6 406//6
f 406//44 404//44 402//44
f 406//19 408//19 407//19
f 408//20 398//20 397//20
f 407//61 397//61 399//61
f 399//2 401//2 403//2
f 403//61 405//61 407//61
f 410//21 412//21 411//21
f 412//16 414//16 413//16
f 413//17 414//17 416//17
f 415//22 416//22 418//22
f 414//6 412//6 410//6
f 410//127 420//127 418//127
f 418//6 416//6 414//6
f 418//19 420//19 419//19
f 420//20 410//20 409//20
f 419//2 409//2 411//2
f 411//128 413//128 415//128
f 415//2 417//2 419//2
f 422//21 424//21 423//21
f 424//16 426//16 425//16
f 425//17 426//17 428//17
f 428//22 430//22 429//22
f 426//6 424//6 422//6
f 422//6 432//6 430//6
f 430//6 428//6 426//6
f 430//19 432//19 431//19
f 432//20 422//20 421//20
f 431//2 421//2 423//2
f 423//2 425//2 427//2
f 427//2 429//2 431//2
f 434//21 436//21 435//21
f 436//16 438//16 437//16
f 438//17 440//17 439//17
f 440//22 442//22 441//22
f 438//6 436//6 434//6
f 434//6 444//6 442//6
f 442//6 440//6 438//6
f 442//19 444//19 443//19
f 444//20 434//20 433//20
f 443//61 433//61 435//61
f 435//2 437//2 439//2
f 439//2 441//2 443//2
f 446//21 448//21 447//21
f 448//16 450//16 449//16
f 450//17 452//17 451//17
f 452//22 454//22 453//22
f 450//44 448//44 446//44
f 446//6 456//6 454//6
f 454//39 452//39 450//39
f 454//19 456//19 455//19
f 456//20 446//20 445//20
f 455//2 445//2 447//2
f 447//61 449//61 451//61
f 451//2 453//2 455//2
f 458//21 460//21 459//21
f 460//16 462//16 461//16
f 462//17 464//17 463//17
f 464//22 466//22 465//22
f 462//53 460//53 458//53
f 458//6 468//6 466//6
f 466//6 464//6 462//6
f 466//19 468//19 467//19
f 468//20 458//20 457//20
f 467//61 457//61 459//61
f 459//2 461//2 463//2
f 463//2 465//2 467//2
f 470//21 472//21 471//21
f 472//16 474//16 473//16
f 474//17 476//17 475//17
f 476//22 478//22 477//22
f 474//6 472//6 470//6
f 470//6 480//6 478//6
f 478//6 476//6 474//6
f 478//19 480//19 479//19
f 480//20 470//20 469//20
f 479//2 469//2 471//2
f 471//2 473//2 475//2
f 475//51 477//51 479//51
f 482//21 484//21 483//21
f 484//16 486//16 485//16
f 486//17 488//17 487//17
f 488//22 490//22 489//22
f 486//6 484//6 482//6
f 482//6 492//6 490//6
f 490//6 488//6 486//6
f 490//19 492//19 491//19
f 492//20 482//20 481//20
f 491//41 481//41 483//41
f 483//2 485//2 487//2
f 487//2 489//2 491//2
f 494//21 496//21 495//21
f 496//16 498//16 497//16
f 497//23 498//23 500//23
f 499//22 500//22 502//22
f 498//6 496//6 494//6
f 494//6 504//6 502//6
f 502//6 500//6 498//6
f 502//19 504//19 503//19
f 504//20 494//20 493//20
f 503//2 493//2 495//2
f 495//2 497//2 499//2
f 499//2 501//2 503//2
f 506//21 508//21 507//21
f 508//16 510//16 509//16
f 510//17 512//17 511//17
f 512//22 514//22 513//22
f 510//6 508//6 506//6
f 506//6 516//6 514//6
f 514//6 512//6 510//6
f 514//19 516//19 515//19
f 516//20 506//20 505//20
f 515//2 505//2 507//2
f 507//2 509//2 511//2
f 511//2 513//2 515//2
f 518//21 520//21 519//21
f 520//16 522//16 521//16
f 522//17 524//17 523//17
f 524//22 526//22 525//22
f 522//44 520//44 518//44
f 518//6 528//6 526//6
f 526//6 524//6 522//6
f 526//19 528//19 527//19
f 528//20 518//20 517//20
f 527//61 517//61 519//61
f 519//2 521//2 523//2
f 523//2 525//2 527//2
f 530//21 532//21 531//21
f 532//16 534//16 533//16
f 534//17 536//17 535//17
f 536//22 538//22 537//22
f 534//6 532//6 530//6
f 530//6 540//6 538//6
f 538//6 536//6 534//6
f 538//19 540//19 539//19
f 540//20 530//20 529//20
f 539//2 529//2 531//2
f 531//2 533//2 535//2
f 535//61 537//61 539//61
f 542//21 544//21 543//21
f 544//16 546//16 545//16
f 546//17 548//17 547//17
f 548//22 550//22 549//22
f 546//6 544//6 542//6
f 542//6 552//6 550//6
f 550//6 548//6 546//6
f 550//19 552//19 551//19
f 552//20 542//20 541//20
f 551//41 541//41 543//41
f 543//2 545//2 547//2
f 547//61 549//61 551//61
f 554//21 556//21 555//21
f 556//16 558//16 557//16
f 557//23 558//23 560//23
f 559//22 560//22 562//22
f 558//6 556//6 554//6
f 554//6 564//6 562//6
f 562//53 560//53 558//53
f 562//19 564//19 563//19
f 564//20 554//20 553//20
f 563//2 553//2 555//2
f 555//2 557//2 559//2
f 559//51 561//51 563//51
f 566//15 568//15 567//15
f 568//16 570//16 569//16
f 570//17 572//17 571//17
f 572//22 574//22 573//22
f 570//6 568//6 566//6
f 566//44 576//44 574//44
f 574//6 572//6 570//6
f 574//19 576//19 575//19
f 576//36 566//36 565//36
f 575//2 565//2 567//2
f 567//2 569//2 571//2
f 571//2 573//2 575//2
f 578//21 580//21 579//21
f 580//16 582//16 581//16
f 582//131 584//131 583//131
f 584//22 586//22 585//22
f 582//6 580//6 578//6
f 578//6 588//6 586//6
f 586//6 584//6 582//6
f 586//34 588//34 587//34
f 588//20 578//20 577//20
f 587//61 577//61 579//61
f 579//2 581//2 583//2
f 583//2 585//2 587//2
f 590//21 592//21 591//21
f 592//32 594//32 593//32
f 594//17 596//17 595//17
f 596//22 598//22 597//22
f 594//44 592//44 590//44
f 590//6 600//6 598//6
f 598//39 596//39 594//39
f 598//19 600//19 599//19
f 600//20 590//20 589//20
f 599//2 589//2 591//2
f 591//2 593//2 595//2
f 595//2 597//2 599//2
f 602//132 604//132 603//132
f 604//16 606//16 605//16
f 606//133 608//133 607//133
f 608//22 610//22 609//22
f 606//44 604//44 602//44
f 602//6 612//6 610//6
f 610//6 608//6 606//6
f 610//19 612//19 611//19
f 612//20 602//20 601//20
f 611//2 601//2 603//2
f 603//2 605//2 607//2
f 607//2 609//2 611//2
f 614//31 616//31 615//31
f 616//16 618//16 617//16
f 618//17 620//17 619//17
f 620//22 622//22 621//22
f 618//6 616//6 614//6
f 614//6 624//6 622//6
f 622//6 620//6 618//6
f 622//34 624//34 623//34
f 624//20 614//20 613//20
f 623//2 613//2 615//2
f 615//2 617//2 619//2
f 619//2 621//2 623//2
f 626//21 628//21 627//21
f 628//16 630//16 629//16
f 630//17 632//17 631//17
f 632//22 634//22 633//22
f 630//6 628//6 626//6
f 626//6 636//6 634//6
f 634//6 632//6 630//6
f 634//34 636//34 635//34
f 636//20 626//20 625//20
f 635//41 625//41 627//41
f 627//2 629//2 631//2
f 631//51 633//51 635//51
f 638//21 640//21 639//21
f 640//32 642//32 641//32
f 642//17 644//17 643//17
f 644//22 646//22 645//22
f 642//6 640//6 638//6
f 638//6 648//6 646//6
f 646//6 644//6 642//6
f 646//19 648//19 647//19
f 648//20 638//20 637//20
f 647//61 637//61 639//61
f 639//2 641//2 643//2
f 643//2 645//2 647//2
f 650//31 652//31 651//31
f 652//16 654//16 653//16
f 654//17 656//17 655//17
f 656//22 658//22 657//22
f 654//6 652//6 650//6
f 650//6 660//6 658//6
f 658//6 656//6 654//6
f 658//34 660//34 659//34
f 660//134 650//134 649//134
f 659//2 649//2 651//2
f 651//2 653//2 655//2
f 655//2 657//2 659//2
f 662//21 664//21 663//21
f 664//16 666//16 665//16
f 666//17 668//17 667//17
f 668//22 670//22 669//22
f 666//44 664//44 662//44
f 662//44 672//44 670//44
f 670//6 668//6 666//6
f 670//19 672//19 671//19
f 672//20 662//20 661//20
f 671//2 661//2 663//2
f 663//2 665//2 667//2
f 667//2 669//2 671//2
f 674//31 676//31 675//31
f 676//16 678//16 677//16
f 677//17 678//17 680//17
f 679//22 680//22 682//22
f 678//6 676//6 674//6
f 674//6 684//6 682//6
f 682//6 680//6 678//6
f 682//34 684//34 683//34
f 684//20 674//20 673//20
f 683//2 673//2 675//2
f 675//2 677//2 679//2
f 679//2 681//2 683//2
f 686//21 688//21 687//21
f 688//32 690//32 689//32
f 690//17 692//17 691//17
f 692//22 694//22 693//22
f 690//6 688//6 686//6
f 686//6 696//6 694//6
f 694//53 692//53 690//53
f 694//19 696//19 695//19
f 696//20 686//20 685//20
f 695//2 685//2 687//2
f 687//61 689//61 691//61
f 691//51 693//51 695//51
f 698//21 700//21 699//21
f 700//32 702//32 701//32
f 702//131 704//131 703//131
f 704//22 706//22 705//22
f 702//6 700//6 698//6
f 698//6 708//6 706//6
f 706//6 704//6 702//6
f 706//19 708//19 707//19
f 708//20 698//20 697//20
f 707//2 697//2 699//2
f 699//2 701//2 703//2
f 703//61 705//61 707//61
f 710//31 712//31 711//31
f 712//16 714//16 713//16
f 714//17 716//17 715//17
f 716//22 718//22 717//22
f 714//6 712//6 710//6
f 710//6 720//6 718//6
f 718//6 716//6 714//6
f 718//34 720//34 719//34
f 720//20 710//20 709//20
f 719//2 709//2 711//2
f 711//2 713//2 715//2
f 715//2 717//2 719//2
f 722//57 724//57 723//57
f 724//16 726//16 725//16
f 726//55 728//55 727//55
f 728//47 730//47 729//47
f 726//6 724//6 722//6
f 722//6 732//6 730//6
f 730//39 728//39 726//39
f 730//45 732//45 731//45
f 732//28 722//28 721//28
f 731//41 721//41 723//41
f 723//2 725//2 727//2
f 727//2 729//2 731//2
f 734//25 736//25 735//25
f 736//37 738//37 737//37
f 738//73 740//73 739//73
f 740//29 742//29 741//29
f 738//44 736//44 734//44
f 734//44 744//44 742//44
f 742//6 740//6 738//6
f 742//19 744//19 743//19
f 744//71 734//71 733//71
f 743//135 733//135 735//135
f 735//2 737//2 739//2
f 739//2 741//2 743//2
f 746//25 748//25 747//25
f 748//16 750//16 749//16
f 749//24 750//24 752//24
f 752//136 754//136 753//136
f 750//6 748//6 746//6
f 746//6 756//6 754//6
f 754//53 752//53 750//53
f 754//45 756//45 755//45
f 756//40 746//40 745//40
f 755//51 745//51 747//51
f 747//2 749//2 751//2
f 751//61 753//61 755//61
f 758//74 760//74 759//74
f 760//16 762//16 761//16
f 762//24 764//24 763//24
f 764//47 766//47 765//47
f 762//44 760//44 758//44
f 758//6 768//6 766//6
f 766//39 764//39 762//39
f 766//19 768//19 767//19
f 768//28 758//28 757//28
f 767//41 757//41 759//41
f 759//2 761//2 763//2
f 763//51 765//51 767//51
f 770//25 772//25 771//25
f 772//16 774//16 773//16
f 774//38 776//38 775//38
f 776//136 778//136 777//136
f 774//53 772//53 770//53
f 770//6 780//6 778//6
f 778//137 776//137 774//137
f 778//19 780//19 779//19
f 780//71 770//71 769//71
f 779//51 769//51 771//51
f 771//2 773//2 775//2
f 775//2 777//2 779//2
f 782//25 784//25 783//25
f 784//16 786//16 785//16
f 786//73 788//73 787//73
f 788//54 790//54 789//54
f 786//53 784//53 782//53
f 782//6 792//6 790//6
f 790//6 788//6 786//6
f 790//19 792//19 791//19
f 792//71 782//71 781//71
f 791//51 781//51 783//51
f 783//2 785//2 787//2
f 787//2 789//2 791//2
f 794//57 796//57 795//57
f 796//16 798//16 797//16
f 798//52 800//52 799//52
f 800//47 802//47 801//47
f 798//53 796//53 794//53
f 794//6 804//6 802//6
f 802//138 800//138 798//138
f 802//19 804//19 803//19
f 804//28 794//28 793//28
f 803//139 793//139 795//139
f 795//2 797//2 799//2
f 799//2 801//2 803//2
f 806//58 808//58 807//58
f 808//37 810//37 809//37
f 810//73 812//73 811//73
f 812//29 814//29 813//29
f 810//6 808//6 806//6
f 806//6 816//6 814//6
f 814//137 812//137 810//137
f 814//19 816//19 815//19
f 816//71 806//71 805//71
f 815//2 805//2 807//2
f 807//2 809//2 811//2
f 811//2 813//2 815//2
f 818//57 820//57 819//57
f 820//37 822//37 821//37
f 821//24 822//24 824//24
f 824//29 826//29 825//29
f 822//6 820//6 818//6
f 818//6 828//6 826//6
f 826//6 824//6 822//6
f 826//19 828//19 827//19
f 828//28 818//28 817//28
f 827//2 817//2 819//2
f 819//2 821//2 823//2
f 823//2 825//2 827//2
f 830//57 832//57 831//57
f 832//16 834//16 833//16
f 834//24 836//24 835//24
f 836//47 838//47 837//47
f 834//6 832//6 830//6
f 830//6 840//6 838//6
f 838//6 836//6 834//6
f 838//45 840//45 839//45
f 840//60 830//60 829//60
f 839//41 829//41 831//41
f 831//2 833//2 835//2
f 835//2 837//2 839//2
f 842//25 844//25 843//25
f 844//16 846//16 845//16
f 846//24 848//24 847//24
f 848//47 850//47 849//47
f 846//6 844//6 842//6
f 842//53 852//53 850//53
f 850//140 848//140 846//140
f 850//19 852//19 851//19
f 852//60 842//60 841//60
f 851//139 841//139 843//139
f 843//2 845//2 847//2
f 847//2 849//2 851//2
f 854//25 856//25 855//25
f 856//16 858//16 857//16
f 858//38 860//38 859//38
f 860//29 862//29 861//29
f 858//6 856//6 854//6
f 854//6 864//6 862//6
f 862//6 860//6 858//6
f 862//45 864//45 863//45
f 864//40 854//40 853//40
f 863//2 853//2 855//2
f 855//2 857//2 859//2
f 859//2 861//2 863//2
f 865//25 866//25 868//25
f 868//16 870//16 869//16
f 869//38 870//38 872//38
f 871//136 872//136 874//136
f 870//6 868//6 866//6
f 866//6 876//6 874//6
f 874//6 872//6 870//6
f 874//19 876//19 875//19
f 876//65 866//65 865//65
f 875//2 865//2 867//2
f 867//2 869//2 871//2
f 871//2 873//2 875//2
f 878//42 880//42 879//42
f 880//37 882//37 881//37
f 882//24 884//24 883//24
f 883//54 884//54 886//54
f 882//53 880//53 878//53
f 878//53 888//53 886//53
f 886//6 884//6 882//6
f 886//19 888//19 887//19
f 888//65 878//65 877//65
f 887//2 877//2 879//2
f 879//2 881//2 883//2
f 883//2 885//2 887//2
f 890//25 892//25 891//25
f 892//16 894//16 893//16
f 894//73 896//73 895//73
f 896//141 898//141 897//141
f 894//6 892//6 890//6
f 890//6 900//6 898//6
f 898//137 896//137 894//137
f 898//19 900//19 899//19
f 900//40 890//40 889//40
f 899//51 889//51 891//51
f 891//2 893//2 895//2
f 895//51 897//51 899//51
f 902//57 904//57 903//57
f 904//16 906//16 905//16
f 906//24 908//24 907//24
f 908//47 910//47 909//47
f 906//6 904//6 902//6
f 902//6 912//6 910//6
f 910//39 908//39 906//39
f 910//19 912//19 911//19
f 912//28 902//28 901//28
f 911//41 901//41 903//41
f 903//51 905//51 907//51
f 907//2 909//2 911//2
f 914//57 916//57 915//57
f 916//16 918//16 917//16
f 918//24 920//24 919//24
f 920//47 922//47 921//47
f 918//6 916//6 914//6
f 914//53 924//53 922//53
f 922//138 920//138 918//138
f 922//19 924//19 923//19
f 924//28 914//28 913//28
f 923//139 913//139 915//139
f 915//2 917//2 919//2
f 919//2 921//2 923//2
f 926//25 928//25 927//25
f 928//16 930//16 929//16
f 930//38 932//38 931//38
f 932//29 934//29 933//29
f 930//53 928//53 926//53
f 926//6 936//6 934//6
f 934//53 932//53 930//53
f 934//19 936//19 935//19
f 936//40 926//40 925//40
f 935//135 925//135 927//135
f 927//2 929//2 931//2
f 931//2 933//2 935//2
f 938//57 940//57 939//57
f 940//16 942//16 941//16
f 941//56 942//56 944//56
f 944//47 946//47 945//47
f 942//6 940//6 938//6
f 938//6 948//6 946//6
f 946//6 944//6 942//6
f 946//19 948//19 947//19
f 948//28 938//28 937//28
f 947//2 937//2 939//2
f 939//51 941//51 943//51
f 943//51 945//51 947//51
f 950//57 952//57 951//57
f 952//16 954//16 953//16
f 954//52 956//52 955//52
f 956//47 958//47 957//47
f 954//53 952//53 950//53
f 950//6 960//6 958//6
f 958//6 956//6 954//6
f 958//19 960//19 959//19
f 960//65 950//65 949//65
f 959//2 949//2 951//2
f 951//2 953//2 955//2
f 955//2 957//2 959//2
f 962//25 964//25 963//25
f 964//16 966//16 965//16
f 966//38 968//38 967//38
f 968//29 970//29 969//29
f 966//6 964//6 962//6
f 962//6 972//6 970//6
f 970//6 968//6 966//6
f 970//45 972//45 971//45
f 972//40 962//40 961//40
f 971//2 961//2 963//2
f 963//2 965//2 967//2
f 967//2 969//2 971//2
f 974//57 976//57 975//57
f 976//37 978//37 977//37
f 978//24 980//24 979//24
f 980//47 982//47 981//47
f 978//6 976//6 974//6
f 974//6 984//6 982//6
f 982//138 980//138 978//138
f 982//19 984//19 983//19
f 984//28 974//28 973//28
f 983//142 973//142 975//142
f 975//51 977//51 979//51
f 979//2 981//2 983//2
f 986//57 988//57 987//57
f 988//16 990//16 989//16
f 990//24 992//24 991//24
f 992//47 994//47 993//47
f 990//6 988//6 986//6
f 986//6 996//6 994//6
f 994//138 992//138 990//138
f 994//45 996//45 995//45
f 996//28 986//28 985//28
f 995//2 985//2 987//2
f 987//2 989//2 991//2
f 991//2 993//2 995//2
f 998//25 1000//25 999//25
f 1000//16 1002//16 1001//16
f 1002//73 1004//73 1003//73
f 1003//47 1004//47 1006//47
f 1002//6 1000//6 998//6
f 998//6 1008//6 1006//6
f 1006//6 1004//6 1002//6
f 1006//19 1008//19 1007//19
f 1008//40 998//40 997//40
f 1007//2 997//2 999//2
f 999//2 1001//2 1003//2
f 1003//2 1005//2 1007//2
f 1010//25 1012//25 1011//25
f 1012//37 1014//37 1013//37
f 1014//38 1016//38 1015//38
f 1016//29 1018//29 1017//29
f 1014//6 1012//6 1010//6
f 1010//6 1020//6 1018//6
f 1018//53 1016//53 1014//53
f 1018//19 1020//19 1019//19
f 1020//40 1010//40 1009//40
f 1019//51 1009//51 1011//51
f 1011//2 1013//2 1015//2
f 1015//2 1017//2 1019//2
f 1022//57 1024//57 1023//57
f 1024//16 1026//16 1025//16
f 1026//24 1028//24 1027//24
f 1028//29 1030//29 1029//29
f 1026//6 1024//6 1022//6
f 1022//6 1032//6 1030//6
f 1030//39 1028//39 1026//39
f 1030//19 1032//19 1031//19
f 1032//65 1022//65 1021//65
f 1031//41 1021//41 1023//41
f 1023//2 1025//2 1027//2
f 1027//51 1029//51 1031//51
f 1034//25 1036//25 1035//25
f 1036//16 1038//16 1037//16
f 1038//73 1040//73 1039//73
f 1040//54 1042//54 1041//54
f 1038//6 1036//6 1034//6
f 1034//6 1044//6 1042//6
f 1042//53 1040//53 1038//53
f 1042//19 1044//19 1043//19
f 1044//40 1034//40 1033//40
f 1043//2 1033//2 1035//2
f 1035//2 1037//2 1039//2
f 1039//51 1041//51 1043//51
f 1046//25 1048//25 1047//25
f 1048//16 1050//16 1049//16
f 1050//73 1052//73 1051//73
f 1052//54 1054//54 1053//54
f 1050//6 1048//6 1046//6
f 1046//6 1056//6 1054//6
f 1054//53 1052//53 1050//53
f 1054//19 1056//19 1055//19
f 1056//40 1046//40 1045//40
f 1055//135 1045//135 1047//135
f 1047//2 1049//2 1051//2
f 1051//51 1053//51 1055//51
f 1058//57 1060//57 1059//57
f 1060//16 1062//16 1061//16
f 1061//56 1062//56 1064//56
f 1064//47 1066//47 1065//47
f 1062//6 1060//6 1058//6
f 1058//6 1068//6 1066//6
f 1066//6 1064//6 1062//6
f 1066//19 1068//19 1067//19
f 1068//28 1058//28 1057//28
f 1067//2 1057//2 1059//2
f 1059//2 1061//2 1063//2
f 1063//2 1065//2 1067//2
f 1070//25 1072//25 1071//25
f 1072//16 1074//16 1073//16
f 1074//38 1076//38 1075//38
f 1076//29 1078//29 1077//29
f 1074//53 1072//53 1070//53
f 1070//6 1080//6 1078//6
f 1078//137 1076//137 1074//137
f 1078//19 1080//19 1079//19
f 1080//40 1070//40 1069//40
f 1079//51 1069//51 1071//51
f 1071//2 1073//2 1075//2
f 1075//2 1077//2 1079//2
f 1082//25 1084//25 1083//25
f 1084//16 1086//16 1085//16
f 1086//73 1088//73 1087//73
f 1088//54 1090//54 1089//54
f 1086//53 1084//53 1082//53
f 1082//6 1092//6 1090//6
f 1090//6 1088//6 1086//6
f 1090//19 1092//19 1091//19
f 1092//40 1082//40 1081//40
f 1091//51 1081//51 1083//51
f 1083//2 1085//2 1087//2
f 1087//2 1089//2 1091//2
f 1094//25 1096//25 1095//25
f 1096//16 1098//16 1097//16
f 1098//52 1100//52 1099//52
f 1100//47 1102//47 1101//47
f 1098//53 1096//53 1094//53
f 1094//6 1104//6 1102//6
f 1102//138 1100//138 1098//138
f 1102//19 1104//19 1103//19
f 1104//28 1094//28 1093//28
f 1103//139 1093//139 1095//139
f 1095//2 1097//2 1099//2
f 1099//2 1101//2 1103//2
f 1106//57 1108//57 1107//57
f 1108//16 1110//16 1109//16
f 1110//38 1112//38 1111//38
f 1112//29 1114//29 1113//29
f 1110//6 1108//6 1106//6
f 1106//6 1116//6 1114//6
f 1114//53 1112//53 1110//53
f 1114//45 1116//45 1115//45
f 1116//28 1106//28 1105//28
f 1115//51 1105//51 1107//51
f 1107//2 1109//2 1111//2
f 1111//2 1113//2 1115//2
f 1118//25 1120//25 1119//25
f 1120//66 1122//66 1121//66
f 1121//68 1122//68 1124//68
f 1123//50 1124//50 1126//50
f 1122//6 1120//6 1118//6
f 1118//6 1128//6 1126//6
f 1126//6 1124//6 1122//6
f 1126//19 1128//19 1127//19
f 1128//71 1118//71 1117//71
f 1127//2 1117//2 1119//2
f 1119//2 1121//2 1123//2
f 1123//2 1125//2 1127//2
f 1130//74 1132//74 1131//74
f 1132//16 1134//16 1133//16
f 1134//24 1136//24 1135//24
f 1136//59 1138//59 1137//59
f 1134//6 1132//6 1130//6
f 1130//6 1140//6 1138//6
f 1138//6 1136//6 1134//6
f 1138//19 1140//19 1139//19
f 1140//28 1130//28 1129//28
f 1139//139 1129//139 1131//139
f 1131//2 1133//2 1135//2
f 1135//2 1137//2 1139//2
f 1142//25 1144//25 1143//25
f 1144//16 1146//16 1145//16
f 1146//24 1148//24 1147//24
f 1148//59 1150//59 1149//59
f 1146//6 1144//6 1142//6
f 1142//53 1152//53 1150//53
f 1150//140 1148//140 1146//140
f 1150//19 1152//19 1151//19
f 1152//60 1142//60 1141//60
f 1151//139 1141//139 1143//139
f 1143//2 1145//2 1147//2
f 1147//2 1149//2 1151//2
f 1154//25 1156//25 1155//25
f 1156//16 1158//16 1157//16
f 1158//73 1160//73 1159//73
f 1160//29 1162//29 1161//29
f 1158//6 1156//6 1154//6
f 1154//6 1164//6 1162//6
f 1162//6 1160//6 1158//6
f 1162//19 1164//19 1163//19
f 1164//71 1154//71 1153//71
f 1163//2 1153//2 1155//2
f 1155//2 1157//2 1159//2
f 1159//2 1161//2 1163//2
f 1166//74 1168//74 1167//74
f 1168//16 1170//16 1169//16
f 1170//143 1172//143 1171//143
f 1172//59 1174//59 1173//59
f 1170//6 1168//6 1166//6
f 1166//6 1176//6 1174//6
f 1174//6 1172//6 1170//6
f 1174//63 1176//63 1175//63
f 1176//28 1166//28 1165//28
f 1175//2 1165//2 1167//2
f 1167//2 1169//2 1171//2
f 1171//51 1173//51 1175//51
f 1178//25 1180//25 1179//25
f 1180//16 1182//16 1181//16
f 1181//56 1182//56 1184//56
f 1183//54 1184//54 1186//54
f 1182//53 1180//53 1178//53
f 1178//53 1188//53 1186//53
f 1186//6 1184//6 1182//6
f 1186//19 1188//19 1187//19
f 1188//28 1178//28 1177//28
f 1187//2 1177//2 1179//2
f 1179//2 1181//2 1183//2
f 1183//2 1185//2 1187//2
f 1190//25 1192//25 1191//25
f 1192//16 1194//16 1193//16
f 1194//24 1196//24 1195//24
f 1196//29 1198//29 1197//29
f 1194//6 1192//6 1190//6
f 1190//6 1200//6 1198//6
f 1198//137 1196//137 1194//137
f 1198//19 1200//19 1199//19
f 1200//28 1190//28 1189//28
f 1199//51 1189//51 1191//51
f 1191//2 1193//2 1195//2
f 1195//51 1197//51 1199//51
f 1202//74 1204//74 1203//74
f 1204//66 1206//66 1205//66
f 1206//24 1208//24 1207//24
f 1208//59 1210//59 1209//59
f 1206//6 1204//6 1202//6
f 1202//6 1212//6 1210//6
f 1210//138 1208//138 1206//138
f 1210//19 1212//19 1211//19
f 1212//60 1202//60 1201//60
f 1211//139 1201//139 1203//139
f 1203//51 1205//51 1207//51
f 1207//2 1209//2 1211//2
f 1214//74 1216//74 1215//74
f 1216//66 1218//66 1217//66
f 1218//143 1220//143 1219//143
f 1220//59 1222//59 1221//59
f 1218//6 1216//6 1214//6
f 1214//53 1224//53 1222//53
f 1222//138 1220//138 1218//138
f 1222//19 1224//19 1223//19
f 1224//144 1214//144 1213//144
f 1223//139 1213//139 1215//139
f 1215//2 1217//2 1219//2
f 1219//2 1221//2 1223//2
f 1226//25 1228//25 1227//25
f 1228//16 1230//16 1229//16
f 1230//73 1232//73 1231//73
f 1232//29 1234//29 1233//29
f 1230//53 1228//53 1226//53
f 1226//6 1236//6 1234//6
f 1234//53 1232//53 1230//53
f 1234//19 1236//19 1235//19
f 1236//71 1226//71 1225//71
f 1235//135 1225//135 1227//135
f 1227//2 1229//2 1231//2
f 1231//2 1233//2 1235//2
f 1238//25 1240//25 1239//25
f 1240//16 1242//16 1241//16
f 1241//68 1242//68 1244//68
f 1243//50 1244//50 1246//50
f 1242//6 1240//6 1238//6
f 1238//6 1248//6 1246//6
f 1246//6 1244//6 1242//6
f 1246//19 1248//19 1247//19
f 1248//28 1238//28 1237//28
f 1247//2 1237//2 1239//2
f 1239//51 1241//51 1243//51
f 1243//51 1245//51 1247//51
f 1250//74 1252//74 1251//74
f 1252//16 1254//16 1253//16
f 1254//73 1256//73 1255//73
f 1256//29 1258//29 1257//29
f 1254//53 1252//53 1250//53
f 1250//6 1260//6 1258//6
f 1258//6 1256//6 1254//6
f 1258//19 1260//19 1259//19
f 1260//60 1250//60 1249//60
f 1259//2 1249//2 1251//2
f 1251//2 1253//2 1255//2
f 1255//2 1257//2 1259//2
f 1262//25 1264//25 1263//25
f 1264//16 1266//16 1265//16
f 1266//24 1268//24 1267//24
f 1268//29 1270//29 1269//29
f 1266//6 1264//6 1262//6
f 1262//6 1272//6 1270//6
f 1270//6 1268//6 1266//6
f 1270//19 1272//19 1271//19
f 1272//71 1262//71 1261//71
f 1271//2 1261//2 1263//2
f 1263//2 1265//2 1267//2
f 1267//2 1269//2 1271//2
f 1274//74 1276//74 1275//74
f 1276//16 1278//16 1277//16
f 1278//24 1280//24 1279//24
f 1280//59 1282//59 1281//59
f 1278//6 1276//6 1274//6
f 1274//6 1284//6 1282//6
f 1282//138 1280//138 1278//138
f 1282//19 1284//19 1283//19
f 1284//28 1274//28 1273//28
f 1283//142 1273//142 1275//142
f 1275//51 1277//51 1279//51
f 1279//2 1281//2 1283//2
f 1286//74 1288//74 1287//74
f 1288//16 1290//16 1289//16
f 1290//24 1292//24 1291//24
f 1292//29 1294//29 1293//29
f 1290//6 1288//6 1286//6
f 1286//6 1296//6 1294//6
f 1294//138 1292//138 1290//138
f 1294//19 1296//19 1295//19
f 1296//28 1286//28 1285//28
f 1295//2 1285//2 1287//2
f 1287//2 1289//2 1291//2
f 1291//2 1293//2 1295//2
f 1298//25 1300//25 1299//25
f 1300//16 1302//16 1301//16
f 1301//75 1302//75 1304//75
f 1304//29 1306//29 1305//29
f 1302//6 1300//6 1298//6
f 1298//6 1308//6 1306//6
f 1306//6 1304//6 1302//6
f 1306//19 1308//19 1307//19
f 1308//71 1298//71 1297//71
f 1307//2 1297//2 1299//2
f 1299//2 1301//2 1303//2
f 1303//2 1305//2 1307//2
f 1310//25 1312//25 1311//25
f 1312//16 1314//16 1313//16
f 1314//73 1316//73 1315//73
f 1316//29 1318//29 1317//29
f 1314//6 1312//6 1310//6
f 1310//6 1320//6 1318//6
f 1318//53 1316//53 1314//53
f 1318//19 1320//19 1319//19
f 1320//28 1310//28 1309//28
f 1319//51 1309//51 1311//51
f 1311//2 1313//2 1315//2
f 1315//2 1317//2 1319//2
f 1322//25 1324//25 1323//25
f 1324//16 1326//16 1325//16
f 1326//143 1328//143 1327//143
f 1328//59 1330//59 1329//59
f 1326//6 1324//6 1322//6
f 1322//6 1332//6 1330//6
f 1330//138 1328//138 1326//138
f 1330//19 1332//19 1331//19
f 1332//71 1322//71 1321//71
f 1331//139 1321//139 1323//139
f 1323//2 1325//2 1327//2
f 1327//51 1329//51 1331//51
f 1334//25 1336//25 1335//25
f 1336//66 1338//66 1337//66
f 1338//73 1340//73 1339//73
f 1340//29 1342//29 1341//29
f 1338//6 1336//6 1334//6
f 1334//6 1344//6 1342//6
f 1342//53 1340//53 1338//53
f 1342//19 1344//19 1343//19
f 1344//71 1334//71 1333//71
f 1343//2 1333//2 1335//2
f 1335//2 1337//2 1339//2
f 1339//51 1341//51 1343//51
f 1346//25 1348//25 1347//25
f 1348//66 1350//66 1349//66
f 1350//24 1352//24 1351//24
f 1352//59 1354//59 1353//59
f 1350//6 1348//6 1346//6
f 1346//6 1356//6 1354//6
f 1354//53 1352//53 1350//53
f 1354//19 1356//19 1355//19
f 1356//71 1346//71 1345//71
f 1355//135 1345//135 1347//135
f 1347//2 1349//2 1351//2
f 1351//51 1353//51 1355//51
f 1358//25 1360//25 1359//25
f 1360//16 1362//16 1361//16
f 1362//73 1364//73 1363//73
f 1364//29 1366//29 1365//29
f 1362//6 1360//6 1358//6
f 1358//6 1368//6 1366//6
f 1366//6 1364//6 1362//6
f 1366//19 1368//19 1367//19
f 1368//28 1358//28 1357//28
f 1367//2 1357//2 1359//2
f 1359//2 1361//2 1363//2
f 1363//2 1365//2 1367//2
f 1370//25 1372//25 1371//25
f 1372//16 1374//16 1373//16
f 1374//24 1376//24 1375//24
f 1376//136 1378//136 1377//136
f 1374//53 1372//53 1370//53
f 1370//6 1380//6 1378//6
f 1378//137 1376//137 1374//137
f 1378//19 1380//19 1379//19
f 1380//71 1370//71 1369//71
f 1379//51 1369//51 1371//51
f 1371//2 1373//2 1375//2
f 1375//2 1377//2 1379//2
f 1382//25 1384//25 1383//25
f 1384//16 1386//16 1385//16
f 1386//73 1388//73 1387//73
f 1388//145 1390//145 1389//145
f 1386//53 1384//53 1382//53
f 1382//6 1392//6 1390//6
f 1390//6 1388//6 1386//6
f 1390//19 1392//19 1391//19
f 1392//71 1382//71 1381//71
f 1391//51 1381//51 1383//51
f 1383//2 1385//2 1387//2
f 1387//2 1389//2 1391//2
f 1394//25 1396//25 1395//25
f 1396//16 1398//16 1397//16
f 1398//24 1400//24 1399//24
f 1400//59 1402//59 1401//59
f 1398//53 1396//53 1394//53
f 1394//6 1404//6 1402//6
f 1402//138 1400//138 1398//138
f 1402//19 1404//19 1403//19
f 1404//28 1394//28 1393//28
f 1403//139 1393//139 1395//139
f 1395//2 1397//2 1399//2
f 1399//2 1401//2 1403//2
f 1406//21 1408//21 1407//21
f 1408//16 1410//16 1409//16
f 1409//146 1410//146 1412//146
f 1412//22 1414//22 1413//22
f 1410//39 1408//39 1406//39
f 1406//147 1416//147 1414//147
f 1414//140 1412//140 1410//140
f 1414//19 1416//19 1415//19
f 1416//20 1406//20 1405//20
f 1415//41 1405//41 1407//41
f 1407//148 1409//148 1411//148
f 1411//148 1413//148 1415//148
usemtl hatch_yellow
f 26//1 27//1 25//1
f 27//2 30//2 29//2
f 30//3 31//3 29//3
f 32//13 33//13 31//13
f 26//14 34//14 30//14
f 34//6 35//6 33//6
f 36//7 25//7 35//7
f 27//8 31//8 35//8
f 26//1 28//1 27//1
f 27//2 28//2 30//2
f 30//10 32//10 31//10
f 32//4 34//4 33//4
f 30//118 28//118 26//118
f 26//14 36//14 34//14
f 34//119 32//119 30//119
f 34//6 36//6 35//6
f 36//115 26//115 25//115
f 35//120 25//120 27//120
f 27//121 29//121 31//121
f 31//122 33//122 35//122
usemtl cable_black
f 1418//77 1419//77 1417//77
f 1420//78 1421//78 1419//78
f 1422//79 1423//79 1421//79
f 1424//80 1425//80 1423//80
f 1426//81 1427//81 1425//81
f 1428//82 1429//82 1427//82
f 1430//83 1426//83 1422//83
f 1429//84 1432//84 1431//84
f 1432//85 1417//85 1431//85
f 1423//86 1427//86 1431//86
f 1433//87 1436//87 1435//87
f 1436//88 1437//88 1435//88
f 1438//89 1439//89 1437//89
f 1440//90 1441//90 1439//90
f 1441//91 1444//91 1443//91
f 1444//92 1445//92 1443//92
f 1446//93 1442//93 1438//93
f 1445//94 1448//94 1447//94
f 1448//95 1433//95 1447//95
f 1439//96 1443//96 1447//96
f 1449//97 1452//97 1451//97
f 1452//98 1453//98 1451//98
f 1454//99 1455//99 1453//99
f 1456//100 1457//100 1455//100
f 1458//101 1459//101 1457//101
f 1460//102 1461//102 1459//102
f 1462//103 1458//103 1454//103
f 1461//104 1464//104 1463//104
f 1464//105 1449//105 1463//105
f 1455//106 1459//106 1463//106
f 1418//77 1420//77 1419//77
f 1420//78 1422//78 1421//78
f 1422//79 1424//79 1423//79
f 1424//80 1426//80 1425//80
f 1426//81 1428//81 1427//81
f 1428//82 1430//82 1429//82
f 1422//149 1420//149 1418//149
f 1418//150 1432//150 1430//150
f 1430//151 1428//151 1426//151
f 1426//152 1424//152 1422//152
f 1422//153 1418//153 1430//153
f 1429//84 1430//84 1432//84
f 1432//85 1418//85 1417//85
f 1431//154 1417//154 1419//154
f 1419//86 1421//86 1423//86
f 1423//154 1425//154 1427//154
f 1427//86 1429//86 1431//86
f 1431//86 1419//86 1423//86
f 1433//87 1434//87 1436//87
f 1436//88 1438//88 1437//88
f 1438//89 1440//89 1439//89
f 1440//90 1442//90 1441//90
f 1441//91 1442//91 1444//91
f 1444//92 1446//92 1445//92
f 1438//155 1436//155 1434//155
f 1434//93 1448//93 1446//93
f 1446//156 1444//156 1442//156
f 1442//156 1440//156 1438//156
f 1438//93 1434//93 1446//93
f 1445//94 1446//94 1448//94
f 1448//95 1434//95 1433//95
f 1447//157 1433//157 1435//157
f 1435//96 1437//96 1439//96
f 1439//157 1441//157 1443//157
f 1443//96 1445//96 1447//96
f 1447//96 1435//96 1439//96
f 1449//97 1450//97 1452//97
f 1452//98 1454//98 1453//98
f 1454//99 1456//99 1455//99
f 1456//158 1458//158 1457//158
f 1458//101 1460//101 1459//101
f 1460//102 1462//102 1461//102
f 1454//159 1452//159 1450//159
f 1450//160 1464//160 1462//160
f 1462//161 1460//161 1458//161
f 1458//160 1456//160 1454//160
f 1454//103 1450//103 1462//103
f 1461//104 1462//104 1464//104
f 1464//105 1450//105 1449//105
f 1463//162 1449//162 1451//162
f 1451//106 1453//106 1455//106
f 1455//162 1457//162 1459//162
f 1459//106 1461//106 1463//106
f 1463//106 1451//106 1455//106
usemtl lamp
f 1466//107 1467//107 1465//107
f 1468//108 1471//108 1467//108
f 1472//109 1469//109 1471//109
f 1470//110 1465//110 1469//110
f 1471//111 1465//111 1467//111
f 1468//112 1470//112 1472//112
f 1466//107 1468//107 1467//107
f 1468//108 1472//108 1471//108
f 1472//109 1470//109 1469//109
f 1470//110 1466//110 1465//110
f 1471//111 1469//111 1465//111
f 1468//112 1466//112 1470//112
