# Blender 5.2.2 LTS
# www.blender.org
mtllib main_shaft.mtl
o main_shaft
v -2.250000 0.420000 0.000000
v -2.000000 0.420000 -0.000000
v -2.250000 0.417978 -0.041167
v -2.000000 0.417978 -0.041167
v -2.250000 0.411930 -0.081938
v -2.000000 0.411930 -0.081938
v -2.250000 0.401915 -0.121920
v -2.000000 0.401915 -0.121920
v -2.250000 0.388029 -0.160727
v -2.000000 0.388029 -0.160727
v -2.250000 0.370407 -0.197987
v -2.000000 0.370407 -0.197987
v -2.250000 0.349217 -0.233339
v -2.000000 0.349217 -0.233339
v -2.250000 0.324664 -0.266445
v -2.000000 0.324664 -0.266445
v -2.250000 0.296985 -0.296985
v -2.000000 0.296985 -0.296985
v -2.250000 0.266445 -0.324664
v -2.000000 0.266445 -0.324664
v -2.250000 0.233339 -0.349217
v -2.000000 0.233339 -0.349217
v -2.250000 0.197987 -0.370407
v -2.000000 0.197987 -0.370407
v -2.250000 0.160727 -0.388029
v -2.000000 0.160727 -0.388029
v -2.250000 0.121920 -0.401915
v -2.000000 0.121920 -0.401915
v -2.250000 0.081938 -0.411930
v -2.000000 0.081938 -0.411930
v -2.250000 0.041167 -0.417978
v -2.000000 0.041167 -0.417978
v -2.250000 0.000000 -0.420000
v -2.000000 0.000000 -0.420000
v -2.250000 -0.041167 -0.417978
v -2.000000 -0.041167 -0.417978
v -2.250000 -0.081938 -0.411930
v -2.000000 -0.081938 -0.411930
v -2.250000 -0.121920 -0.401915
v -2.000000 -0.121920 -0.401915
v -2.250000 -0.160727 -0.388029
v -2.000000 -0.160727 -0.388029
v -2.250000 -0.197987 -0.370407
v -2.000000 -0.197987 -0.370407
v -2.250000 -0.233339 -0.349217
v -2.000000 -0.233339 -0.349217
v -2.250000 -0.266445 -0.324664
v -2.000000 -0.266445 -0.324664
v -2.250000 -0.296985 -0.296985
v -2.000000 -0.296985 -0.296985
v -2.250000 -0.324664 -0.266445
v -2.000000 -0.324664 -0.266445
v -2.250000 -0.349217 -0.233339
v -2.000000 -0.349217 -0.233339
v -2.250000 -0.370407 -0.197987
v -2.000000 -0.370407 -0.197987
v -2.250000 -0.388029 -0.160727
v -2.000000 -0.388029 -0.160727
v -2.250000 -0.401915 -0.121920
v -2.000000 -0.401915 -0.121920
v -2.250000 -0.411930 -0.081938
v -2.000000 -0.411930 -0.081938
v -2.250000 -0.417978 -0.041167
v -2.000000 -0.417978 -0.041167
v -2.250000 -0.420000 0.000000
v -2.000000 -0.420000 -0.000000
v -2.250000 -0.417978 0.041167
v -2.000000 -0.417978 0.041167
v -2.250000 -0.411930 0.081938
v -2.000000 -0.411930 0.081938
v -2.250000 -0.401915 0.121920
v -2.000000 -0.401915 0.121920
v -2.250000 -0.388029 0.160727
v -2.000000 -0.388029 0.160727
v -2.250000 -0.370407 0.197987
v -2.000000 -0.370407 0.197987
v -2.250000 -0.349217 0.233339
v -2.000000 -0.349217 0.233339
v -2.250000 -0.324664 0.266445
v -2.000000 -0.324664 0.266445
v -2.250000 -0.296985 0.296985
v -2.000000 -0.296985 0.296985
v -2.250000 -0.266445 0.324664
v -2.000000 -0.266445 0.324664
v -2.250000 -0.233339 0.349217
v -2.000000 -0.233339 0.349217
v -2.250000 -0.197987 0.370407
v -2.000000 -0.197987 0.370407
v -2.250000 -0.160727 0.388029
v -2.000000 -0.160727 0.388029
v -2.250000 -0.121920 0.401915
v -2.000000 -0.121920 0.401915
v -2.250000 -0.081938 0.411930
v -2.000000 -0.081938 0.411930
v -2.250000 -0.041167 0.417978
v -2.000000 -0.041167 0.417978
v -2.250000 0.000000 0.420000
v -2.000000 0.000000 0.420000
v -2.250000 0.041167 0.417978
v -2.000000 0.041167 0.417978
v -2.250000 0.081938 0.411930
v -2.000000 0.081938 0.411930
v -2.250000 0.121920 0.401915
v -2.000000 0.121920 0.401915
v -2.250000 0.160727 0.388029
v -2.000000 0.160727 0.388029
v -2.250000 0.197987 0.370407
v -2.000000 0.197987 0.370407
v -2.250000 0.233339 0.349217
v -2.000000 0.233339 0.349217
v -2.250000 0.266445 0.324664
v -2.000000 0.266445 0.324664
v -2.250000 0.296985 0.296985
v -2.000000 0.296985 0.296985
v -2.250000 0.324664 0.266445
v -2.000000 0.324664 0.266445
v -2.250000 0.349217 0.233339
v -2.000000 0.349217 0.233339
v -2.250000 0.370407 0.197987
v -2.000000 0.370407 0.197987
v -2.250000 0.388029 0.160727
v -2.000000 0.388029 0.160727
v -2.250000 0.401915 0.121920
v -2.000000 0.401915 0.121920
v -2.250000 0.411930 0.081938
v -2.000000 0.411930 0.081938
v -2.250000 0.417978 0.041167
v -2.000000 0.417978 0.041167
v -3.300000 0.330000 0.000000
v -2.250000 0.330000 -0.000000
v -3.300000 0.328411 -0.032346
v -2.250000 0.328411 -0.032346
v -3.300000 0.323659 -0.064380
v -2.250000 0.323659 -0.064380
v -3.300000 0.315790 -0.095794
v -2.250000 0.315790 -0.095794
v -3.300000 0.304880 -0.126286
v -2.250000 0.304880 -0.126286
v -3.300000 0.291034 -0.155561
v -2.250000 0.291034 -0.155561
v -3.300000 0.274385 -0.183338
v -2.250000 0.274385 -0.183338
v -3.300000 0.255093 -0.209350
v -2.250000 0.255093 -0.209350
v -3.300000 0.233345 -0.233345
v -2.250000 0.233345 -0.233345
v -3.300000 0.209350 -0.255093
v -2.250000 0.209350 -0.255093
v -3.300000 0.183338 -0.274385
v -2.250000 0.183338 -0.274385
v -3.300000 0.155561 -0.291034
v -2.250000 0.155561 -0.291034
v -3.300000 0.126286 -0.304880
v -2.250000 0.126286 -0.304880
v -3.300000 0.095794 -0.315790
v -2.250000 0.095794 -0.315790
v -3.300000 0.064380 -0.323659
v -2.250000 0.064380 -0.323659
v -3.300000 0.032346 -0.328411
v -2.250000 0.032346 -0.328411
v -3.300000 0.000000 -0.330000
v -2.250000 0.000000 -0.330000
v -3.300000 -0.032346 -0.328411
v -2.250000 -0.032346 -0.328411
v -3.300000 -0.064380 -0.323659
v -2.250000 -0.064380 -0.323659
v -3.300000 -0.095794 -0.315790
v -2.250000 -0.095794 -0.315790
v -3.300000 -0.126286 -0.304880
v -2.250000 -0.126286 -0.304880
v -3.300000 -0.155561 -0.291034
v -2.250000 -0.155561 -0.291034
v -3.300000 -0.183338 -0.274385
v -2.250000 -0.183338 -0.274385
v -3.300000 -0.209350 -0.255093
v -2.250000 -0.209350 -0.255093
v -3.300000 -0.233345 -0.233345
v -2.250000 -0.233345 -0.233345
v -3.300000 -0.255093 -0.209350
v -2.250000 -0.255093 -0.209350
v -3.300000 -0.274385 -0.183338
v -2.250000 -0.274385 -0.183338
v -3.300000 -0.291034 -0.155561
v -2.250000 -0.291034 -0.155561
v -3.300000 -0.304880 -0.126286
v -2.250000 -0.304880 -0.126286
v -3.300000 -0.315790 -0.095794
v -2.250000 -0.315790 -0.095794
v -3.300000 -0.323659 -0.064380
v -2.250000 -0.323659 -0.064380
v -3.300000 -0.328411 -0.032346
v -2.250000 -0.328411 -0.032346
v -3.300000 -0.330000 0.000000
v -2.250000 -0.330000 -0.000000
v -3.300000 -0.328411 0.032346
v -2.250000 -0.328411 0.032346
v -3.300000 -0.323659 0.064380
v -2.250000 -0.323659 0.064380
v -3.300000 -0.315790 0.095794
v -2.250000 -0.315790 0.095794
v -3.300000 -0.304880 0.126286
v -2.250000 -0.304880 0.126286
v -3.300000 -0.291034 0.155561
v -2.250000 -0.291034 0.155561
v -3.300000 -0.274385 0.183338
v -2.250000 -0.274385 0.183338
v -3.300000 -0.255093 0.209350
v -2.250000 -0.255093 0.209350
v -3.300000 -0.233345 0.233345
v -2.250000 -0.233345 0.233345
v -3.300000 -0.209350 0.255093
v -2.250000 -0.209350 0.255093
v -3.300000 -0.183338 0.274385
v -2.250000 -0.183338 0.274385
v -3.300000 -0.155561 0.291034
v -2.250000 -0.155561 0.291034
v -3.300000 -0.126286 0.304880
v -2.250000 -0.126286 0.304880
v -3.300000 -0.095794 0.315790
v -2.250000 -0.095794 0.315790
v -3.300000 -0.064380 0.323659
v -2.250000 -0.064380 0.323659
v -3.300000 -0.032346 0.328411
v -2.250000 -0.032346 0.328411
v -3.300000 0.000000 0.330000
v -2.250000 0.000000 0.330000
v -3.300000 0.032346 0.328411
v -2.250000 0.032346 0.328411
v -3.300000 0.064380 0.323659
v -2.250000 0.064380 0.323659
v -3.300000 0.095794 0.315790
v -2.250000 0.095794 0.315790
v -3.300000 0.126286 0.304880
v -2.250000 0.126286 0.304880
v -3.300000 0.155561 0.291034
v -2.250000 0.155561 0.291034
v -3.300000 0.183338 0.274385
v -2.250000 0.183338 0.274385
v -3.300000 0.209350 0.255093
v -2.250000 0.209350 0.255093
v -3.300000 0.233345 0.233345
v -2.250000 0.233345 0.233345
v -3.300000 0.255093 0.209350
v -2.250000 0.255093 0.209350
v -3.300000 0.274385 0.183338
v -2.250000 0.274385 0.183338
v -3.300000 0.291034 0.155561
v -2.250000 0.291034 0.155561
v -3.300000 0.304880 0.126286
v -2.250000 0.304880 0.126286
v -3.300000 0.315790 0.095794
v -2.250000 0.315790 0.095794
v -3.300000 0.323659 0.064380
v -2.250000 0.323659 0.064380
v -3.300000 0.328411 0.032346
v -2.250000 0.328411 0.032346
v -4.500000 0.300000 0.000000
v -3.300000 0.300000 -0.000000
v -4.500000 0.298555 -0.029405
v -3.300000 0.298555 -0.029405
v -4.500000 0.294236 -0.058527
v -3.300000 0.294236 -0.058527
v -4.500000 0.287082 -0.087085
v -3.300000 0.287082 -0.087085
v -4.500000 0.277164 -0.114805
v -3.300000 0.277164 -0.114805
v -4.500000 0.264576 -0.141419
v -3.300000 0.264576 -0.141419
v -4.500000 0.249441 -0.166671
v -3.300000 0.249441 -0.166671
v -4.500000 0.231903 -0.190318
v -3.300000 0.231903 -0.190318
v -4.500000 0.212132 -0.212132
v -3.300000 0.212132 -0.212132
v -4.500000 0.190318 -0.231903
v -3.300000 0.190318 -0.231903
v -4.500000 0.166671 -0.249441
v -3.300000 0.166671 -0.249441
v -4.500000 0.141419 -0.264576
v -3.300000 0.141419 -0.264576
v -4.500000 0.114805 -0.277164
v -3.300000 0.114805 -0.277164
v -4.500000 0.087085 -0.287082
v -3.300000 0.087085 -0.287082
v -4.500000 0.058527 -0.294236
v -3.300000 0.058527 -0.294236
v -4.500000 0.029405 -0.298555
v -3.300000 0.029405 -0.298555
v -4.500000 0.000000 -0.300000
v -3.300000 0.000000 -0.300000
v -4.500000 -0.029405 -0.298555
v -3.300000 -0.029405 -0.298555
v -4.500000 -0.058527 -0.294236
v -3.300000 -0.058527 -0.294236
v -4.500000 -0.087085 -0.287082
v -3.300000 -0.087085 -0.287082
v -4.500000 -0.114805 -0.277164
v -3.300000 -0.114805 -0.277164
v -4.500000 -0.141419 -0.264576
v -3.300000 -0.141419 -0.264576
v -4.500000 -0.166671 -0.249441
v -3.300000 -0.166671 -0.249441
v -4.500000 -0.190318 -0.231903
v -3.300000 -0.190318 -0.231903
v -4.500000 -0.212132 -0.212132
v -3.300000 -0.212132 -0.212132
v -4.500000 -0.231903 -0.190318
v -3.300000 -0.231903 -0.190318
v -4.500000 -0.249441 -0.166671
v -3.300000 -0.249441 -0.166671
v -4.500000 -0.264576 -0.141419
v -3.300000 -0.264576 -0.141419
v -4.500000 -0.277164 -0.114805
v -3.300000 -0.277164 -0.114805
v -4.500000 -0.287082 -0.087085
v -3.300000 -0.287082 -0.087085
v -4.500000 -0.294236 -0.058527
v -3.300000 -0.294236 -0.058527
v -4.500000 -0.298555 -0.029405
v -3.300000 -0.298555 -0.029405
v -4.500000 -0.300000 0.000000
v -3.300000 -0.300000 -0.000000
v -4.500000 -0.298555 0.029405
v -3.300000 -0.298555 0.029405
v -4.500000 -0.294236 0.058527
v -3.300000 -0.294236 0.058527
v -4.500000 -0.287082 0.087085
v -3.300000 -0.287082 0.087085
v -4.500000 -0.277164 0.114805
v -3.300000 -0.277164 0.114805
v -4.500000 -0.264576 0.141419
v -3.300000 -0.264576 0.141419
v -4.500000 -0.249441 0.166671
v -3.300000 -0.249441 0.166671
v -4.500000 -0.231903 0.190318
v -3.300000 -0.231903 0.190318
v -4.500000 -0.212132 0.212132
v -3.300000 -0.212132 0.212132
v -4.500000 -0.190318 0.231903
v -3.300000 -0.190318 0.231903
v -4.500000 -0.166671 0.249441
v -3.300000 -0.166671 0.249441
v -4.500000 -0.141419 0.264576
v -3.300000 -0.141419 0.264576
v -4.500000 -0.114805 0.277164
v -3.300000 -0.114805 0.277164
v -4.500000 -0.087085 0.287082
v -3.300000 -0.087085 0.287082
v -4.500000 -0.058527 0.294236
v -3.300000 -0.058527 0.294236
v -4.500000 -0.029405 0.298555
v -3.300000 -0.029405 0.298555
v -4.500000 0.000000 0.300000
v -3.300000 0.000000 0.300000
v -4.500000 0.029405 0.298555
v -3.300000 0.029405 0.298555
v -4.500000 0.058527 0.294236
v -3.300000 0.058527 0.294236
v -4.500000 0.087085 0.287082
v -3.300000 0.087085 0.287082
v -4.500000 0.114805 0.277164
v -3.300000 0.114805 0.277164
v -4.500000 0.141419 0.264576
v -3.300000 0.141419 0.264576
v -4.500000 0.166671 0.249441
v -3.300000 0.166671 0.249441
v -4.500000 0.190318 0.231903
v -3.300000 0.190318 0.231903
v -4.500000 0.212132 0.212132
v -3.300000 0.212132 0.212132
v -4.500000 0.231903 0.190318
v -3.300000 0.231903 0.190318
v -4.500000 0.249441 0.166671
v -3.300000 0.249441 0.166671
v -4.500000 0.264576 0.141419
v -3.300000 0.264576 0.141419
v -4.500000 0.277164 0.114805
v -3.300000 0.277164 0.114805
v -4.500000 0.287082 0.087085
v -3.300000 0.287082 0.087085
v -4.500000 0.294236 0.058527
v -3.300000 0.294236 0.058527
v -4.500000 0.298555 0.029405
v -3.300000 0.298555 0.029405
v -5.100000 0.320000 0.000000
v -4.500000 0.320000 -0.000000
v -5.100000 0.318459 -0.031365
v -4.500000 0.318459 -0.031365
v -5.100000 0.313851 -0.062429
v -4.500000 0.313851 -0.062429
v -5.100000 0.306221 -0.092891
v -4.500000 0.306221 -0.092891
v -5.100000 0.295641 -0.122459
v -4.500000 0.295641 -0.122459
v -5.100000 0.282215 -0.150847
v -4.500000 0.282215 -0.150847
v -5.100000 0.266070 -0.177782
v -4.500000 0.266070 -0.177782
v -5.100000 0.247363 -0.203006
v -4.500000 0.247363 -0.203006
v -5.100000 0.226274 -0.226274
v -4.500000 0.226274 -0.226274
v -5.100000 0.203006 -0.247363
v -4.500000 0.203006 -0.247363
v -5.100000 0.177782 -0.266070
v -4.500000 0.177782 -0.266070
v -5.100000 0.150847 -0.282215
v -4.500000 0.150847 -0.282215
v -5.100000 0.122459 -0.295641
v -4.500000 0.122459 -0.295641
v -5.100000 0.092891 -0.306221
v -4.500000 0.092891 -0.306221
v -5.100000 0.062429 -0.313851
v -4.500000 0.062429 -0.313851
v -5.100000 0.031365 -0.318459
v -4.500000 0.031365 -0.318459
v -5.100000 0.000000 -0.320000
v -4.500000 0.000000 -0.320000
v -5.100000 -0.031365 -0.318459
v -4.500000 -0.031365 -0.318459
v -5.100000 -0.062429 -0.313851
v -4.500000 -0.062429 -0.313851
v -5.100000 -0.092891 -0.306221
v -4.500000 -0.092891 -0.306221
v -5.100000 -0.122459 -0.295641
v -4.500000 -0.122459 -0.295641
v -5.100000 -0.150847 -0.282215
v -4.500000 -0.150847 -0.282215
v -5.100000 -0.177782 -0.266070
v -4.500000 -0.177782 -0.266070
v -5.100000 -0.203006 -0.247363
v -4.500000 -0.203006 -0.247363
v -5.100000 -0.226274 -0.226274
v -4.500000 -0.226274 -0.226274
v -5.100000 -0.247363 -0.203006
v -4.500000 -0.247363 -0.203006
v -5.100000 -0.266070 -0.177782
v -4.500000 -0.266070 -0.177782
v -5.100000 -0.282215 -0.150847
v -4.500000 -0.282215 -0.150847
v -5.100000 -0.295641 -0.122459
v -4.500000 -0.295641 -0.122459
v -5.100000 -0.306221 -0.092891
v -4.500000 -0.306221 -0.092891
v -5.100000 -0.313851 -0.062429
v -4.500000 -0.313851 -0.062429
v -5.100000 -0.318459 -0.031365
v -4.500000 -0.318459 -0.031365
v -5.100000 -0.320000 0.000000
v -4.500000 -0.320000 -0.000000
v -5.100000 -0.318459 0.031365
v -4.500000 -0.318459 0.031365
v -5.100000 -0.313851 0.062429
v -4.500000 -0.313851 0.062429
v -5.100000 -0.306221 0.092891
v -4.500000 -0.306221 0.092891
v -5.100000 -0.295641 0.122459
v -4.500000 -0.295641 0.122459
v -5.100000 -0.282215 0.150847
v -4.500000 -0.282215 0.150847
v -5.100000 -0.266070 0.177782
v -4.500000 -0.266070 0.177782
v -5.100000 -0.247363 0.203006
v -4.500000 -0.247363 0.203006
v -5.100000 -0.226274 0.226274
v -4.500000 -0.226274 0.226274
v -5.100000 -0.203006 0.247363
v -4.500000 -0.203006 0.247363
v -5.100000 -0.177782 0.266070
v -4.500000 -0.177782 0.266070
v -5.100000 -0.150847 0.282215
v -4.500000 -0.150847 0.282215
v -5.100000 -0.122459 0.295641
v -4.500000 -0.122459 0.295641
v -5.100000 -0.092891 0.306221
v -4.500000 -0.092891 0.306221
v -5.100000 -0.062429 0.313851
v -4.500000 -0.062429 0.313851
v -5.100000 -0.031365 0.318459
v -4.500000 -0.031365 0.318459
v -5.100000 0.000000 0.320000
v -4.500000 0.000000 0.320000
v -5.100000 0.031365 0.318459
v -4.500000 0.031365 0.318459
v -5.100000 0.062429 0.313851
v -4.500000 0.062429 0.313851
v -5.100000 0.092891 0.306221
v -4.500000 0.092891 0.306221
v -5.100000 0.122459 0.295641
v -4.500000 0.122459 0.295641
v -5.100000 0.150847 0.282215
v -4.500000 0.150847 0.282215
v -5.100000 0.177782 0.266070
v -4.500000 0.177782 0.266070
v -5.100000 0.203006 0.247363
v -4.500000 0.203006 0.247363
v -5.100000 0.226274 0.226274
v -4.500000 0.226274 0.226274
v -5.100000 0.247363 0.203006
v -4.500000 0.247363 0.203006
v -5.100000 0.266070 0.177782
v -4.500000 0.266070 0.177782
v -5.100000 0.282215 0.150847
v -4.500000 0.282215 0.150847
v -5.100000 0.295641 0.122459
v -4.500000 0.295641 0.122459
v -5.100000 0.306221 0.092891
v -4.500000 0.306221 0.092891
v -5.100000 0.313851 0.062429
v -4.500000 0.313851 0.062429
v -5.100000 0.318459 0.031365
v -4.500000 0.318459 0.031365
v -6.000000 0.260000 0.000000
v -5.100000 0.260000 -0.000000
v -6.000000 0.258748 -0.025484
v -5.100000 0.258748 -0.025484
v -6.000000 0.255004 -0.050723
v -5.100000 0.255004 -0.050724
v -6.000000 0.248804 -0.075474
v -5.100000 0.248804 -0.075474
v -6.000000 0.240209 -0.099498
v -5.100000 0.240209 -0.099498
v -6.000000 0.229300 -0.122563
v -5.100000 0.229300 -0.122563
v -6.000000 0.216182 -0.144448
v -5.100000 0.216182 -0.144448
v -6.000000 0.200983 -0.164942
v -5.100000 0.200983 -0.164942
v -6.000000 0.183848 -0.183848
v -5.100000 0.183848 -0.183848
v -6.000000 0.164942 -0.200983
v -5.100000 0.164942 -0.200983
v -6.000000 0.144448 -0.216182
v -5.100000 0.144448 -0.216182
v -6.000000 0.122563 -0.229300
v -5.100000 0.122563 -0.229300
v -6.000000 0.099498 -0.240209
v -5.100000 0.099498 -0.240209
v -6.000000 0.075474 -0.248804
v -5.100000 0.075474 -0.248804
v -6.000000 0.050723 -0.255004
v -5.100000 0.050723 -0.255004
v -6.000000 0.025484 -0.258748
v -5.100000 0.025484 -0.258748
v -6.000000 0.000000 -0.260000
v -5.100000 0.000000 -0.260000
v -6.000000 -0.025484 -0.258748
v -5.100000 -0.025484 -0.258748
v -6.000000 -0.050723 -0.255004
v -5.100000 -0.050723 -0.255004
v -6.000000 -0.075474 -0.248804
v -5.100000 -0.075474 -0.248804
v -6.000000 -0.099498 -0.240209
v -5.100000 -0.099498 -0.240209
v -6.000000 -0.122563 -0.229300
v -5.100000 -0.122563 -0.229300
v -6.000000 -0.144448 -0.216182
v -5.100000 -0.144448 -0.216182
v -6.000000 -0.164942 -0.200983
v -5.100000 -0.164942 -0.200983
v -6.000000 -0.183848 -0.183848
v -5.100000 -0.183848 -0.183848
v -6.000000 -0.200983 -0.164942
v -5.100000 -0.200983 -0.164942
v -6.000000 -0.216182 -0.144448
v -5.100000 -0.216182 -0.144448
v -6.000000 -0.229300 -0.122563
v -5.100000 -0.229300 -0.122563
v -6.000000 -0.240209 -0.099498
v -5.100000 -0.240209 -0.099498
v -6.000000 -0.248804 -0.075474
v -5.100000 -0.248804 -0.075474
v -6.000000 -0.255004 -0.050723
v -5.100000 -0.255004 -0.050724
v -6.000000 -0.258748 -0.025484
v -5.100000 -0.258748 -0.025484
v -6.000000 -0.260000 0.000000
v -5.100000 -0.260000 -0.000000
v -6.000000 -0.258748 0.025484
v -5.100000 -0.258748 0.025484
v -6.000000 -0.255004 0.050724
v -5.100000 -0.255004 0.050723
v -6.000000 -0.248804 0.075474
v -5.100000 -0.248804 0.075474
v -6.000000 -0.240209 0.099498
v -5.100000 -0.240209 0.099498
v -6.000000 -0.229300 0.122563
v -5.100000 -0.229300 0.122563
v -6.000000 -0.216182 0.144448
v -5.100000 -0.216182 0.144448
v -6.000000 -0.200983 0.164942
v -5.100000 -0.200983 0.164942
v -6.000000 -0.183848 0.183848
v -5.100000 -0.183848 0.183848
v -6.000000 -0.164942 0.200983
v -5.100000 -0.164942 0.200983
v -6.000000 -0.144448 0.216182
v -5.100000 -0.144448 0.216182
v -6.000000 -0.122563 0.229300
v -5.100000 -0.122563 0.229300
v -6.000000 -0.099498 0.240209
v -5.100000 -0.099498 0.240209
v -6.000000 -0.075474 0.248804
v -5.100000 -0.075474 0.248804
v -6.000000 -0.050723 0.255004
v -5.100000 -0.050723 0.255004
v -6.000000 -0.025484 0.258748
v -5.100000 -0.025484 0.258748
v -6.000000 0.000000 0.260000
v -5.100000 0.000000 0.260000
v -6.000000 0.025484 0.258748
v -5.100000 0.025484 0.258748
v -6.000000 0.050723 0.255004
v -5.100000 0.050723 0.255004
v -6.000000 0.075474 0.248804
v -5.100000 0.075474 0.248804
v -6.000000 0.099498 0.240209
v -5.100000 0.099498 0.240209
v -6.000000 0.122563 0.229300
v -5.100000 0.122563 0.229300
v -6.000000 0.144448 0.216182
v -5.100000 0.144448 0.216182
v -6.000000 0.164942 0.200983
v -5.100000 0.164942 0.200983
v -6.000000 0.183848 0.183848
v -5.100000 0.183848 0.183848
v -6.000000 0.200983 0.164942
v -5.100000 0.200983 0.164942
v -6.000000 0.216182 0.144448
v -5.100000 0.216182 0.144448
v -6.000000 0.229300 0.122563
v -5.100000 0.229300 0.122563
v -6.000000 0.240209 0.099498
v -5.100000 0.240209 0.099498
v -6.000000 0.248804 0.075474
v -5.100000 0.248804 0.075474
v -6.000000 0.255004 0.050724
v -5.100000 0.255004 0.050723
v -6.000000 0.258748 0.025484
v -5.100000 0.258748 0.025484
v -2.000000 0.900000 0.000000
v -1.800000 0.900000 -0.000000
v -2.000000 0.895666 -0.088215
v -1.800000 0.895666 -0.088215
v -2.000000 0.882707 -0.175581
v -1.800000 0.882707 -0.175581
v -2.000000 0.861246 -0.261256
v -1.800000 0.861246 -0.261256
v -2.000000 0.831492 -0.344415
v -1.800000 0.831492 -0.344415
v -2.000000 0.793729 -0.424257
v -1.800000 0.793729 -0.424257
v -2.000000 0.748323 -0.500013
v -1.800000 0.748323 -0.500013
v -2.000000 0.695709 -0.570954
v -1.800000 0.695709 -0.570954
v -2.000000 0.636396 -0.636396
v -1.800000 0.636396 -0.636396
v -2.000000 0.570954 -0.695709
v -1.800000 0.570954 -0.695709
v -2.000000 0.500013 -0.748323
v -1.800000 0.500013 -0.748323
v -2.000000 0.424257 -0.793729
v -1.800000 0.424257 -0.793729
v -2.000000 0.344415 -0.831492
v -1.800000 0.344415 -0.831492
v -2.000000 0.261256 -0.861246
v -1.800000 0.261256 -0.861246
v -2.000000 0.175581 -0.882707
v -1.800000 0.175581 -0.882707
v -2.000000 0.088215 -0.895666
v -1.800000 0.088215 -0.895666
v -2.000000 0.000000 -0.900000
v -1.800000 0.000000 -0.900000
v -2.000000 -0.088215 -0.895666
v -1.800000 -0.088215 -0.895666
v -2.000000 -0.175581 -0.882707
v -1.800000 -0.175581 -0.882707
v -2.000000 -0.261256 -0.861246
v -1.800000 -0.261256 -0.861246
v -2.000000 -0.344415 -0.831492
v -1.800000 -0.344415 -0.831492
v -2.000000 -0.424257 -0.793729
v -1.800000 -0.424257 -0.793729
v -2.000000 -0.500013 -0.748323
v -1.800000 -0.500013 -0.748323
v -2.000000 -0.570954 -0.695709
v -1.800000 -0.570954 -0.695709
v -2.000000 -0.636396 -0.636396
v -1.800000 -0.636396 -0.636396
v -2.000000 -0.695709 -0.570954
v -1.800000 -0.695709 -0.570954
v -2.000000 -0.748323 -0.500013
v -1.800000 -0.748323 -0.500013
v -2.000000 -0.793729 -0.424257
v -1.800000 -0.793729 -0.424257
v -2.000000 -0.831492 -0.344415
v -1.800000 -0.831492 -0.344415
v -2.000000 -0.861246 -0.261256
v -1.800000 -0.861246 -0.261256
v -2.000000 -0.882707 -0.175581
v -1.800000 -0.882707 -0.175581
v -2.000000 -0.895666 -0.088215
v -1.800000 -0.895666 -0.088215
v -2.000000 -0.900000 0.000000
v -1.800000 -0.900000 -0.000000
v -2.000000 -0.895666 0.088215
v -1.800000 -0.895666 0.088215
v -2.000000 -0.882707 0.175581
v -1.800000 -0.882707 0.175581
v -2.000000 -0.861246 0.261256
v -1.800000 -0.861246 0.261256
v -2.000000 -0.831492 0.344415
v -1.800000 -0.831492 0.344415
v -2.000000 -0.793729 0.424257
v -1.800000 -0.793729 0.424257
v -2.000000 -0.748323 0.500013
v -1.800000 -0.748323 0.500013
v -2.000000 -0.695709 0.570954
v -1.800000 -0.695709 0.570954
v -2.000000 -0.636396 0.636396
v -1.800000 -0.636396 0.636396
v -2.000000 -0.570954 0.695709
v -1.800000 -0.570954 0.695709
v -2.000000 -0.500013 0.748323
v -1.800000 -0.500013 0.748323
v -2.000000 -0.424257 0.793729
v -1.800000 -0.424257 0.793729
v -2.000000 -0.344415 0.831492
v -1.800000 -0.344415 0.831492
v -2.000000 -0.261256 0.861246
v -1.800000 -0.261256 0.861246
v -2.000000 -0.175581 0.882707
v -1.800000 -0.175581 0.882707
v -2.000000 -0.088215 0.895666
v -1.800000 -0.088215 0.895666
v -2.000000 0.000000 0.900000
v -1.800000 0.000000 0.900000
v -2.000000 0.088215 0.895666
v -1.800000 0.088215 0.895666
v -2.000000 0.175581 0.882707
v -1.800000 0.175581 0.882707
v -2.000000 0.261256 0.861246
v -1.800000 0.261256 0.861246
v -2.000000 0.344415 0.831492
v -1.800000 0.344415 0.831492
v -2.000000 0.424257 0.793729
v -1.800000 0.424257 0.793729
v -2.000000 0.500013 0.748323
v -1.800000 0.500013 0.748323
v -2.000000 0.570954 0.695709
v -1.800000 0.570954 0.695709
v -2.000000 0.636396 0.636396
v -1.800000 0.636396 0.636396
v -2.000000 0.695709 0.570954
v -1.800000 0.695709 0.570954
v -2.000000 0.748323 0.500013
v -1.800000 0.748323 0.500013
v -2.000000 0.793729 0.424257
v -1.800000 0.793729 0.424257
v -2.000000 0.831492 0.344415
v -1.800000 0.831492 0.344415
v -2.000000 0.861246 0.261256
v -1.800000 0.861246 0.261256
v -2.000000 0.882707 0.175581
v -1.800000 0.882707 0.175581
v -2.000000 0.895666 0.088215
v -1.800000 0.895666 0.088215
v -2.014000 0.017000 0.820000
v -2.000000 0.017000 0.820000
v -2.014000 0.008500 0.805278
v -2.000000 0.008500 0.805278
v -2.014000 -0.008500 0.805278
v -2.000000 -0.008500 0.805278
v -2.014000 -0.017000 0.820000
v -2.000000 -0.017000 0.820000
v -2.014000 -0.008500 0.834722
v -2.000000 -0.008500 0.834722
v -2.014000 0.008500 0.834722
v -2.000000 0.008500 0.834722
v -2.014000 -0.165467 0.799441
v -2.000000 -0.165467 0.799441
v -2.014000 -0.173967 0.784719
v -2.000000 -0.173967 0.784719
v -2.014000 -0.190967 0.784719
v -2.000000 -0.190967 0.784719
v -2.014000 -0.199467 0.799441
v -2.000000 -0.199467 0.799441
v -2.014000 -0.190967 0.814163
v -2.000000 -0.190967 0.814163
v -2.014000 -0.173967 0.814163
v -2.000000 -0.173967 0.814163
v -2.014000 -0.338785 0.738795
v -2.000000 -0.338785 0.738795
v -2.014000 -0.347285 0.724072
v -2.000000 -0.347285 0.724072
v -2.014000 -0.364285 0.724072
v -2.000000 -0.364285 0.724072
v -2.014000 -0.372785 0.738795
v -2.000000 -0.372785 0.738795
v -2.014000 -0.364285 0.753517
v -2.000000 -0.364285 0.753517
v -2.014000 -0.347285 0.753517
v -2.000000 -0.347285 0.753517
v -2.014000 -0.494262 0.641102
v -2.000000 -0.494262 0.641102
v -2.014000 -0.502762 0.626379
v -2.000000 -0.502762 0.626379
v -2.014000 -0.519762 0.626379
v -2.000000 -0.519762 0.626379
v -2.014000 -0.528262 0.641102
v -2.000000 -0.528262 0.641102
v -2.014000 -0.519762 0.655824
v -2.000000 -0.519762 0.655824
v -2.014000 -0.502762 0.655824
v -2.000000 -0.502762 0.655824
v -2.014000 -0.624102 0.511262
v -2.000000 -0.624102 0.511262
v -2.014000 -0.632602 0.496539
v -2.000000 -0.632602 0.496539
v -2.014000 -0.649602 0.496539
v -2.000000 -0.649602 0.496539
v -2.014000 -0.658102 0.511262
v -2.000000 -0.658102 0.511262
v -2.014000 -0.649602 0.525984
v -2.000000 -0.649602 0.525984
v -2.014000 -0.632602 0.525984
v -2.000000 -0.632602 0.525984
v -2.014000 -0.721794 0.355785
v -2.000000 -0.721794 0.355785
v -2.014000 -0.730294 0.341062
v -2.000000 -0.730294 0.341062
v -2.014000 -0.747294 0.341062
v -2.000000 -0.747294 0.341062
v -2.014000 -0.755794 0.355785
v -2.000000 -0.755794 0.355785
v -2.014000 -0.747294 0.370507
v -2.000000 -0.747294 0.370507
v -2.014000 -0.730294 0.370507
v -2.000000 -0.730294 0.370507
v -2.014000 -0.782441 0.182467
v -2.000000 -0.782441 0.182467
v -2.014000 -0.790941 0.167745
v -2.000000 -0.790941 0.167745
v -2.014000 -0.807941 0.167745
v -2.000000 -0.807941 0.167745
v -2.014000 -0.816441 0.182467
v -2.000000 -0.816441 0.182467
v -2.014000 -0.807941 0.197190
v -2.000000 -0.807941 0.197190
v -2.014000 -0.790941 0.197190
v -2.000000 -0.790941 0.197190
v -2.014000 -0.803000 0.000000
v -2.000000 -0.803000 -0.000000
v -2.014000 -0.811500 -0.014722
v -2.000000 -0.811500 -0.014722
v -2.014000 -0.828500 -0.014722
v -2.000000 -0.828500 -0.014722
v -2.014000 -0.837000 0.000000
v -2.000000 -0.837000 -0.000000
v -2.014000 -0.828500 0.014722
v -2.000000 -0.828500 0.014722
v -2.014000 -0.811500 0.014722
v -2.000000 -0.811500 0.014722
v -2.014000 -0.782441 -0.182467
v -2.000000 -0.782441 -0.182467
v -2.014000 -0.790941 -0.197190
v -2.000000 -0.790941 -0.197190
v -2.014000 -0.807941 -0.197190
v -2.000000 -0.807941 -0.197190
v -2.014000 -0.816441 -0.182467
v -2.000000 -0.816441 -0.182467
v -2.014000 -0.807941 -0.167745
v -2.000000 -0.807941 -0.167745
v -2.014000 -0.790941 -0.167745
v -2.000000 -0.790941 -0.167745
v -2.014000 -0.721794 -0.355785
v -2.000000 -0.721794 -0.355785
v -2.014000 -0.730294 -0.370507
v -2.000000 -0.730294 -0.370507
v -2.014000 -0.747294 -0.370507
v -2.000000 -0.747294 -0.370507
v -2.014000 -0.755794 -0.355785
v -2.000000 -0.755794 -0.355785
v -2.014000 -0.747294 -0.341062
v -2.000000 -0.747294 -0.341062
v -2.014000 -0.730294 -0.341062
v -2.000000 -0.730294 -0.341062
v -2.014000 -0.624102 -0.511262
v -2.000000 -0.624102 -0.511262
v -2.014000 -0.632602 -0.525984
v -2.000000 -0.632602 -0.525984
v -2.014000 -0.649602 -0.525984
v -2.000000 -0.649602 -0.525984
v -2.014000 -0.658102 -0.511262
v -2.000000 -0.658102 -0.511262
v -2.014000 -0.649602 -0.496539
v -2.000000 -0.649602 -0.496539
v -2.014000 -0.632602 -0.496539
v -2.000000 -0.632602 -0.496539
v -2.014000 -0.494262 -0.641102
v -2.000000 -0.494262 -0.641102
v -2.014000 -0.502762 -0.655824
v -2.000000 -0.502762 -0.655824
v -2.014000 -0.519762 -0.655824
v -2.000000 -0.519762 -0.655824
v -2.014000 -0.528262 -0.641102
v -2.000000 -0.528262 -0.641102
v -2.014000 -0.519762 -0.626379
v -2.000000 -0.519762 -0.626379
v -2.014000 -0.502762 -0.626379
v -2.000000 -0.502762 -0.626379
v -2.014000 -0.338785 -0.738794
v -2.000000 -0.338785 -0.738794
v -2.014000 -0.347285 -0.753517
v -2.000000 -0.347285 -0.753517
v -2.014000 -0.364285 -0.753517
v -2.000000 -0.364285 -0.753517
v -2.014000 -0.372785 -0.738794
v -2.000000 -0.372785 -0.738794
v -2.014000 -0.364285 -0.724072
v -2.000000 -0.364285 -0.724072
v -2.014000 -0.347285 -0.724072
v -2.000000 -0.347285 -0.724072
v -2.014000 -0.165467 -0.799441
v -2.000000 -0.165467 -0.799441
v -2.014000 -0.173967 -0.814163
v -2.000000 -0.173967 -0.814163
v -2.014000 -0.190967 -0.814163
v -2.000000 -0.190967 -0.814163
v -2.014000 -0.199467 -0.799441
v -2.000000 -0.199467 -0.799441
v -2.014000 -0.190967 -0.784718
v -2.000000 -0.190967 -0.784718
v -2.014000 -0.173967 -0.784718
v -2.000000 -0.173967 -0.784718
v -2.014000 0.017000 -0.820000
v -2.000000 0.017000 -0.820000
v -2.014000 0.008500 -0.834722
v -2.000000 0.008500 -0.834722
v -2.014000 -0.008500 -0.834722
v -2.000000 -0.008500 -0.834722
v -2.014000 -0.017000 -0.820000
v -2.000000 -0.017000 -0.820000
v -2.014000 -0.008500 -0.805278
v -2.000000 -0.008500 -0.805278
v -2.014000 0.008500 -0.805278
v -2.000000 0.008500 -0.805278
v -2.014000 0.199467 -0.799441
v -2.000000 0.199467 -0.799441
v -2.014000 0.190967 -0.814163
v -2.000000 0.190967 -0.814163
v -2.014000 0.173967 -0.814163
v -2.000000 0.173967 -0.814163
v -2.014000 0.165467 -0.799441
v -2.000000 0.165467 -0.799441
v -2.014000 0.173967 -0.784718
v -2.000000 0.173967 -0.784718
v -2.014000 0.190967 -0.784718
v -2.000000 0.190967 -0.784718
v -2.014000 0.372785 -0.738794
v -2.000000 0.372785 -0.738794
v -2.014000 0.364285 -0.753517
v -2.000000 0.364285 -0.753517
v -2.014000 0.347285 -0.753517
v -2.000000 0.347285 -0.753517
v -2.014000 0.338785 -0.738794
v -2.000000 0.338785 -0.738794
v -2.014000 0.347285 -0.724072
v -2.000000 0.347285 -0.724072
v -2.014000 0.364285 -0.724072
v -2.000000 0.364285 -0.724072
v -2.014000 0.528262 -0.641102
v -2.000000 0.528262 -0.641102
v -2.014000 0.519762 -0.655824
v -2.000000 0.519762 -0.655824
v -2.014000 0.502762 -0.655824
v -2.000000 0.502762 -0.655824
v -2.014000 0.494262 -0.641102
v -2.000000 0.494262 -0.641102
v -2.014000 0.502762 -0.626379
v -2.000000 0.502762 -0.626379
v -2.014000 0.519762 -0.626379
v -2.000000 0.519762 -0.626379
v -2.014000 0.658102 -0.511262
v -2.000000 0.658102 -0.511262
v -2.014000 0.649602 -0.525984
v -2.000000 0.649602 -0.525984
v -2.014000 0.632602 -0.525984
v -2.000000 0.632602 -0.525984
v -2.014000 0.624102 -0.511262
v -2.000000 0.624102 -0.511262
v -2.014000 0.632602 -0.496539
v -2.000000 0.632602 -0.496539
v -2.014000 0.649602 -0.496539
v -2.000000 0.649602 -0.496539
v -2.014000 0.755794 -0.355785
v -2.000000 0.755794 -0.355785
v -2.014000 0.747294 -0.370507
v -2.000000 0.747294 -0.370507
v -2.014000 0.730294 -0.370507
v -2.000000 0.730294 -0.370507
v -2.014000 0.721794 -0.355785
v -2.000000 0.721794 -0.355785
v -2.014000 0.730294 -0.341062
v -2.000000 0.730294 -0.341062
v -2.014000 0.747294 -0.341062
v -2.000000 0.747294 -0.341062
v -2.014000 0.816441 -0.182467
v -2.000000 0.816441 -0.182467
v -2.014000 0.807941 -0.197190
v -2.000000 0.807941 -0.197190
v -2.014000 0.790941 -0.197190
v -2.000000 0.790941 -0.197190
v -2.014000 0.782441 -0.182467
v -2.000000 0.782441 -0.182467
v -2.014000 0.790941 -0.167745
v -2.000000 0.790941 -0.167745
v -2.014000 0.807941 -0.167745
v -2.000000 0.807941 -0.167745
v -2.014000 0.837000 0.000000
v -2.000000 0.837000 -0.000000
v -2.014000 0.828500 -0.014722
v -2.000000 0.828500 -0.014722
v -2.014000 0.811500 -0.014722
v -2.000000 0.811500 -0.014722
v -2.014000 0.803000 0.000000
v -2.000000 0.803000 -0.000000
v -2.014000 0.811500 0.014722
v -2.000000 0.811500 0.014722
v -2.014000 0.828500 0.014722
v -2.000000 0.828500 0.014722
v -2.014000 0.816441 0.182467
v -2.000000 0.816441 0.182467
v -2.014000 0.807941 0.167745
v -2.000000 0.807941 0.167745
v -2.014000 0.790941 0.167745
v -2.000000 0.790941 0.167745
v -2.014000 0.782441 0.182467
v -2.000000 0.782441 0.182467
v -2.014000 0.790941 0.197190
v -2.000000 0.790941 0.197190
v -2.014000 0.807941 0.197190
v -2.000000 0.807941 0.197190
v -2.014000 0.755794 0.355785
v -2.000000 0.755794 0.355785
v -2.014000 0.747294 0.341062
v -2.000000 0.747294 0.341062
v -2.014000 0.730294 0.341062
v -2.000000 0.730294 0.341062
v -2.014000 0.721794 0.355785
v -2.000000 0.721794 0.355785
v -2.014000 0.730294 0.370507
v -2.000000 0.730294 0.370507
v -2.014000 0.747294 0.370507
v -2.000000 0.747294 0.370507
v -2.014000 0.658102 0.511262
v -2.000000 0.658102 0.511262
v -2.014000 0.649602 0.496539
v -2.000000 0.649602 0.496539
v -2.014000 0.632602 0.496539
v -2.000000 0.632602 0.496539
v -2.014000 0.624102 0.511262
v -2.000000 0.624102 0.511262
v -2.014000 0.632602 0.525984
v -2.000000 0.632602 0.525984
v -2.014000 0.649602 0.525984
v -2.000000 0.649602 0.525984
v -2.014000 0.528262 0.641102
v -2.000000 0.528262 0.641102
v -2.014000 0.519762 0.626379
v -2.000000 0.519762 0.626379
v -2.014000 0.502762 0.626379
v -2.000000 0.502762 0.626379
v -2.014000 0.494262 0.641102
v -2.000000 0.494262 0.641102
v -2.014000 0.502762 0.655824
v -2.000000 0.502762 0.655824
v -2.014000 0.519762 0.655824
v -2.000000 0.519762 0.655824
v -2.014000 0.372785 0.738795
v -2.000000 0.372785 0.738795
v -2.014000 0.364285 0.724072
v -2.000000 0.364285 0.724072
v -2.014000 0.347285 0.724072
v -2.000000 0.347285 0.724072
v -2.014000 0.338785 0.738795
v -2.000000 0.338785 0.738795
v -2.014000 0.347285 0.753517
v -2.000000 0.347285 0.753517
v -2.014000 0.364285 0.753517
v -2.000000 0.364285 0.753517
v -2.014000 0.199467 0.799441
v -2.000000 0.199467 0.799441
v -2.014000 0.190967 0.784719
v -2.000000 0.190967 0.784719
v -2.014000 0.173967 0.784719
v -2.000000 0.173967 0.784719
v -2.014000 0.165467 0.799441
v -2.000000 0.165467 0.799441
v -2.014000 0.173967 0.814163
v -2.000000 0.173967 0.814163
v -2.014000 0.190967 0.814163
v -2.000000 0.190967 0.814163
v -2.620000 0.900000 0.000000
v -2.520000 0.900000 -0.000000
v -2.620000 0.895666 -0.088215
v -2.520000 0.895666 -0.088215
v -2.620000 0.882707 -0.175581
v -2.520000 0.882707 -0.175581
v -2.620000 0.861246 -0.261256
v -2.520000 0.861246 -0.261256
v -2.620000 0.831492 -0.344415
v -2.520000 0.831492 -0.344415
v -2.620000 0.793729 -0.424257
v -2.520000 0.793729 -0.424257
v -2.620000 0.748323 -0.500013
v -2.520000 0.748323 -0.500013
v -2.620000 0.695709 -0.570954
v -2.520000 0.695709 -0.570954
v -2.620000 0.636396 -0.636396
v -2.520000 0.636396 -0.636396
v -2.620000 0.570954 -0.695709
v -2.520000 0.570954 -0.695709
v -2.620000 0.500013 -0.748323
v -2.520000 0.500013 -0.748323
v -2.620000 0.424257 -0.793729
v -2.520000 0.424257 -0.793729
v -2.620000 0.344415 -0.831492
v -2.520000 0.344415 -0.831492
v -2.620000 0.261256 -0.861246
v -2.520000 0.261256 -0.861246
v -2.620000 0.175581 -0.882707
v -2.520000 0.175581 -0.882707
v -2.620000 0.088215 -0.895666
v -2.520000 0.088215 -0.895666
v -2.620000 0.000000 -0.900000
v -2.520000 0.000000 -0.900000
v -2.620000 -0.088215 -0.895666
v -2.520000 -0.088215 -0.895666
v -2.620000 -0.175581 -0.882707
v -2.520000 -0.175581 -0.882707
v -2.620000 -0.261256 -0.861246
v -2.520000 -0.261256 -0.861246
v -2.620000 -0.344415 -0.831492
v -2.520000 -0.344415 -0.831492
v -2.620000 -0.424257 -0.793729
v -2.520000 -0.424257 -0.793729
v -2.620000 -0.500013 -0.748323
v -2.520000 -0.500013 -0.748323
v -2.620000 -0.570954 -0.695709
v -2.520000 -0.570954 -0.695709
v -2.620000 -0.636396 -0.636396
v -2.520000 -0.636396 -0.636396
v -2.620000 -0.695709 -0.570954
v -2.520000 -0.695709 -0.570954
v -2.620000 -0.748323 -0.500013
v -2.520000 -0.748323 -0.500013
v -2.620000 -0.793729 -0.424257
v -2.520000 -0.793729 -0.424257
v -2.620000 -0.831492 -0.344415
v -2.520000 -0.831492 -0.344415
v -2.620000 -0.861246 -0.261256
v -2.520000 -0.861246 -0.261256
v -2.620000 -0.882707 -0.175581
v -2.520000 -0.882707 -0.175581
v -2.620000 -0.895666 -0.088215
v -2.520000 -0.895666 -0.088215
v -2.620000 -0.900000 0.000000
v -2.520000 -0.900000 -0.000000
v -2.620000 -0.895666 0.088215
v -2.520000 -0.895666 0.088215
v -2.620000 -0.882707 0.175581
v -2.520000 -0.882707 0.175581
v -2.620000 -0.861246 0.261256
v -2.520000 -0.861246 0.261256
v -2.620000 -0.831492 0.344415
v -2.520000 -0.831492 0.344415
v -2.620000 -0.793729 0.424257
v -2.520000 -0.793729 0.424257
v -2.620000 -0.748323 0.500013
v -2.520000 -0.748323 0.500013
v -2.620000 -0.695709 0.570954
v -2.520000 -0.695709 0.570954
v -2.620000 -0.636396 0.636396
v -2.520000 -0.636396 0.636396
v -2.620000 -0.570954 0.695709
v -2.520000 -0.570954 0.695709
v -2.620000 -0.500013 0.748323
v -2.520000 -0.500013 0.748323
v -2.620000 -0.424257 0.793729
v -2.520000 -0.424257 0.793729
v -2.620000 -0.344415 0.831492
v -2.520000 -0.344415 0.831492
v -2.620000 -0.261256 0.861246
v -2.520000 -0.261256 0.861246
v -2.620000 -0.175581 0.882707
v -2.520000 -0.175581 0.882707
v -2.620000 -0.088215 0.895666
v -2.520000 -0.088215 0.895666
v -2.620000 0.000000 0.900000
v -2.520000 0.000000 0.900000
v -2.620000 0.088215 0.895666
v -2.520000 0.088215 0.895666
v -2.620000 0.175581 0.882707
v -2.520000 0.175581 0.882707
v -2.620000 0.261256 0.861246
v -2.520000 0.261256 0.861246
v -2.620000 0.344415 0.831492
v -2.520000 0.344415 0.831492
v -2.620000 0.424257 0.793729
v -2.520000 0.424257 0.793729
v -2.620000 0.500013 0.748323
v -2.520000 0.500013 0.748323
v -2.620000 0.570954 0.695709
v -2.520000 0.570954 0.695709
v -2.620000 0.636396 0.636396
v -2.520000 0.636396 0.636396
v -2.620000 0.695709 0.570954
v -2.520000 0.695709 0.570954
v -2.620000 0.748323 0.500013
v -2.520000 0.748323 0.500013
v -2.620000 0.793729 0.424257
v -2.520000 0.793729 0.424257
v -2.620000 0.831492 0.344415
v -2.520000 0.831492 0.344415
v -2.620000 0.861246 0.261256
v -2.520000 0.861246 0.261256
v -2.620000 0.882707 0.175581
v -2.520000 0.882707 0.175581
v -2.620000 0.895666 0.088215
v -2.520000 0.895666 0.088215
v -2.520000 0.000000 0.810000
v -2.520000 -0.004901 0.809759
v -2.520000 0.004901 0.809759
v -2.520000 -0.014514 0.807847
v -2.520000 0.014514 0.807847
v -2.520000 -0.009755 0.809039
v -2.520000 0.009755 0.809039
v -2.520000 -0.023570 0.804096
v -2.520000 0.023570 0.804096
v -2.520000 -0.031720 0.798651
v -2.520000 0.031720 0.798651
v -2.520000 -0.027779 0.801574
v -2.520000 0.027779 0.801574
v -2.520000 -0.019134 0.806194
v -2.520000 0.019134 0.806194
v -2.520000 -0.038651 0.791720
v -2.520000 0.038651 0.791720
v -2.520000 -0.044096 0.783570
v -2.520000 -0.047847 0.774514
v -2.520000 -0.046194 0.779134
v -2.520000 -0.041573 0.787779
v -2.520000 -0.049759 0.764901
v -2.520000 -0.049759 0.755099
v -2.520000 -0.050000 0.760000
v -2.520000 -0.047847 0.745486
v -2.520000 -0.044096 0.736430
v -2.520000 -0.046194 0.740866
v -2.520000 -0.049039 0.750246
v -2.520000 -0.049039 0.769755
v -2.520000 -0.035355 0.795355
v -2.520000 0.035355 0.795355
v -2.520000 0.041573 0.787779
v -2.520000 0.046194 0.779134
v -2.520000 0.044096 0.783570
v -2.520000 0.049039 0.769755
v -2.520000 0.050000 0.760000
v -2.520000 0.049759 0.764901
v -2.520000 0.047847 0.774514
v -2.520000 0.049759 0.755099
v -2.520000 0.049039 0.750246
v -2.520000 0.046194 0.740866
v -2.520000 0.047847 0.745486
v -2.520000 0.038651 0.728280
v -2.520000 -0.041573 0.732222
v -2.520000 0.041573 0.732222
v -2.520000 0.044096 0.736430
v -2.520000 -0.031720 0.721350
v -2.520000 -0.035355 0.724645
v -2.520000 0.031720 0.721350
v -2.520000 -0.023570 0.715904
v -2.520000 0.023570 0.715904
v -2.520000 -0.027779 0.718427
v -2.520000 0.027779 0.718427
v -2.520000 -0.014514 0.712153
v -2.520000 0.014514 0.712153
v -2.520000 0.000000 0.710000
v -2.520000 -0.004901 0.710241
v -2.520000 0.004901 0.710241
v -2.520000 -0.009755 0.710961
v -2.520000 0.009755 0.710961
v -2.520000 0.019134 0.713806
v -2.520000 -0.019134 0.713806
v -2.520000 0.035355 0.724645
v -2.520000 -0.038651 0.728280
v -2.620000 0.023570 0.804096
v -2.620000 0.027779 0.801574
v -2.620000 0.035355 0.795355
v -2.620000 0.038972 0.791286
v -2.620000 0.038651 0.791720
v -2.620000 0.031720 0.798651
v -2.620000 0.000000 0.810000
v -2.620000 -0.004901 0.809759
v -2.620000 0.004901 0.809759
v -2.620000 -0.009755 0.809039
v -2.620000 0.014514 0.807847
v -2.620000 -0.014514 0.807847
v -2.620000 0.009755 0.809039
v -2.620000 -0.023570 0.804096
v -2.620000 -0.019134 0.806194
v -2.620000 -0.031720 0.798651
v -2.620000 -0.035355 0.795355
v -2.620000 -0.027779 0.801574
v -2.620000 -0.038651 0.791720
v -2.620000 0.019134 0.806194
v -2.620000 -0.041573 0.787779
v -2.620000 0.041573 0.787779
v -2.620000 -0.046194 0.779134
v -2.620000 0.046194 0.779134
v -2.620000 -0.044096 0.783570
v -2.620000 0.044096 0.783570
v -2.620000 -0.049039 0.769755
v -2.620000 0.049039 0.769755
v -2.620000 -0.050000 0.760000
v -2.620000 0.050000 0.760000
v -2.620000 -0.049759 0.764901
v -2.620000 0.049759 0.764901
v -2.620000 -0.047847 0.774514
v -2.620000 0.047847 0.774514
v -2.620000 -0.049759 0.755099
v -2.620000 -0.049039 0.750246
v -2.620000 0.049039 0.750246
v -2.620000 -0.046194 0.740866
v -2.620000 0.046194 0.740866
v -2.620000 -0.047847 0.745486
v -2.620000 0.047847 0.745486
v -2.620000 -0.041573 0.732222
v -2.620000 0.041573 0.732222
v -2.620000 -0.035355 0.724645
v -2.620000 0.035355 0.724645
v -2.620000 -0.038651 0.728280
v -2.620000 0.038651 0.728280
v -2.620000 -0.044096 0.736430
v -2.620000 0.044096 0.736430
v -2.620000 0.027779 0.718427
v -2.620000 -0.023570 0.715904
v -2.620000 0.019134 0.713806
v -2.620000 -0.027779 0.718427
v -2.620000 0.023570 0.715904
v -2.620000 -0.014514 0.712153
v -2.620000 0.009755 0.710961
v -2.620000 0.000000 0.710000
v -2.620000 -0.004901 0.710241
v -2.620000 0.004901 0.710241
v -2.620000 -0.009755 0.710961
v -2.620000 0.014514 0.712153
v -2.620000 -0.031720 0.721350
v -2.620000 -0.019134 0.713806
v -2.620000 0.031720 0.721350
v -2.620000 0.049759 0.755099
v -2.520000 -0.400296 0.703824
v -2.520000 -0.360866 0.704373
v -2.520000 -0.403570 0.702275
v -2.520000 -0.356430 0.702275
v -2.520000 -0.352221 0.699753
v -2.520000 -0.411720 0.696830
v -2.520000 -0.415355 0.693535
v -2.520000 -0.344645 0.693535
v -2.520000 -0.348280 0.696830
v -2.520000 -0.407779 0.699753
v -2.520000 -0.335904 0.681749
v -2.520000 -0.421573 0.685958
v -2.520000 -0.338427 0.685958
v -2.520000 -0.426194 0.677314
v -2.520000 -0.429039 0.667934
v -2.520000 -0.427847 0.672694
v -2.520000 -0.424096 0.681749
v -2.520000 -0.333806 0.677314
v -2.520000 -0.418651 0.689899
v -2.520000 -0.341349 0.689899
v -2.520000 -0.380000 0.708179
v -2.520000 -0.389755 0.707219
v -2.520000 -0.384901 0.707939
v -2.520000 -0.375099 0.707939
v -2.520000 -0.399134 0.704373
v -2.520000 -0.394514 0.706026
v -2.520000 -0.365486 0.706026
v -2.520000 -0.370245 0.707219
v -2.520000 -0.332153 0.672694
v -2.520000 -0.330961 0.667934
v -2.520000 -0.430000 0.658179
v -2.520000 -0.330000 0.658179
v -2.520000 -0.429759 0.663080
v -2.520000 -0.330241 0.663080
v -2.520000 -0.429039 0.648425
v -2.520000 -0.426194 0.639045
v -2.520000 -0.421573 0.630401
v -2.520000 -0.424096 0.634610
v -2.520000 -0.429759 0.653279
v -2.520000 -0.427847 0.643665
v -2.520000 -0.330241 0.653279
v -2.520000 -0.330961 0.648425
v -2.520000 -0.332153 0.643665
v -2.520000 -0.335904 0.634610
v -2.520000 -0.333806 0.639045
v -2.520000 -0.338427 0.630401
v -2.520000 -0.415355 0.622824
v -2.520000 -0.344645 0.622824
v -2.520000 -0.418651 0.626460
v -2.520000 -0.341349 0.626460
v -2.520000 -0.403570 0.614083
v -2.520000 -0.407779 0.616606
v -2.520000 -0.352221 0.616606
v -2.520000 -0.389755 0.609140
v -2.520000 -0.394514 0.610332
v -2.520000 -0.384901 0.608420
v -2.520000 -0.380000 0.608179
v -2.520000 -0.411720 0.619529
v -2.520000 -0.399134 0.611985
v -2.520000 -0.348280 0.619529
v -2.520000 -0.356430 0.614083
v -2.520000 -0.360866 0.611985
v -2.520000 -0.365486 0.610332
v -2.520000 -0.370245 0.609140
v -2.520000 -0.375099 0.608420
v -2.620000 -0.380000 0.708179
v -2.620000 -0.384901 0.707939
v -2.620000 -0.375099 0.707939
v -2.620000 -0.394514 0.706026
v -2.620000 -0.365486 0.706026
v -2.620000 -0.389755 0.707219
v -2.620000 -0.370245 0.707219
v -2.620000 -0.403570 0.702275
v -2.620000 -0.356430 0.702275
v -2.620000 -0.411720 0.696830
v -2.620000 -0.348280 0.696830
v -2.620000 -0.407779 0.699753
v -2.620000 -0.352221 0.699753
v -2.620000 -0.399134 0.704373
v -2.620000 -0.360866 0.704373
v -2.620000 -0.418651 0.689899
v -2.620000 -0.420303 0.687670
v -2.620000 -0.341349 0.689899
v -2.620000 -0.424096 0.681749
v -2.620000 -0.335904 0.681749
v -2.620000 -0.421573 0.685958
v -2.620000 -0.338427 0.685958
v -2.620000 -0.427847 0.672694
v -2.620000 -0.332153 0.672694
v -2.620000 -0.429759 0.663080
v -2.620000 -0.330241 0.663080
v -2.620000 -0.429039 0.667934
v -2.620000 -0.330961 0.667934
v -2.620000 -0.426194 0.677314
v -2.620000 -0.333806 0.677314
v -2.620000 -0.430000 0.658179
v -2.620000 -0.415355 0.693535
v -2.620000 -0.344645 0.693535
v -2.620000 -0.429759 0.653279
v -2.620000 -0.330241 0.653279
v -2.620000 -0.427847 0.643665
v -2.620000 -0.332153 0.643665
v -2.620000 -0.429039 0.648425
v -2.620000 -0.330961 0.648425
v -2.620000 -0.424096 0.634610
v -2.620000 -0.335904 0.634610
v -2.620000 -0.418651 0.626460
v -2.620000 -0.341349 0.626460
v -2.620000 -0.421573 0.630401
v -2.620000 -0.338427 0.630401
v -2.620000 -0.426194 0.639045
v -2.620000 -0.333806 0.639045
v -2.620000 -0.411720 0.619529
v -2.620000 -0.348280 0.619529
v -2.620000 -0.403570 0.614083
v -2.620000 -0.356430 0.614083
v -2.620000 -0.407779 0.616606
v -2.620000 -0.352221 0.616606
v -2.620000 -0.394514 0.610332
v -2.620000 -0.365486 0.610332
v -2.620000 -0.380000 0.608179
v -2.620000 -0.384901 0.608420
v -2.620000 -0.375099 0.608420
v -2.620000 -0.389755 0.609140
v -2.620000 -0.370245 0.609140
v -2.620000 -0.399134 0.611985
v -2.620000 -0.360866 0.611985
v -2.620000 -0.415355 0.622824
v -2.620000 -0.344645 0.622824
v -2.620000 -0.330000 0.658179
v -2.520000 -0.681749 0.424096
v -2.520000 -0.685958 0.421574
v -2.520000 -0.696830 0.411720
v -2.520000 -0.693535 0.415355
v -2.520000 -0.699753 0.407779
v -2.520000 -0.689899 0.418651
v -2.520000 -0.702275 0.403570
v -2.520000 -0.706026 0.394514
v -2.520000 -0.704373 0.399134
v -2.520000 -0.708179 0.380000
v -2.520000 -0.707938 0.384901
v -2.520000 -0.707219 0.389755
v -2.520000 -0.707219 0.370246
v -2.520000 -0.706026 0.365486
v -2.520000 -0.702275 0.356430
v -2.520000 -0.696830 0.348280
v -2.520000 -0.699753 0.352222
v -2.520000 -0.704373 0.360866
v -2.520000 -0.685958 0.338427
v -2.520000 -0.689899 0.341350
v -2.520000 -0.677313 0.333806
v -2.520000 -0.672693 0.332153
v -2.520000 -0.693535 0.344645
v -2.520000 -0.681749 0.335904
v -2.520000 -0.707938 0.375099
v -2.520000 -0.663080 0.429759
v -2.520000 -0.658179 0.430000
v -2.520000 -0.667934 0.429039
v -2.520000 -0.653278 0.429759
v -2.520000 -0.648425 0.429039
v -2.520000 -0.643665 0.427847
v -2.520000 -0.677313 0.426194
v -2.520000 -0.672693 0.427847
v -2.520000 -0.639045 0.426194
v -2.520000 -0.630401 0.421574
v -2.520000 -0.619529 0.411720
v -2.520000 -0.622824 0.415355
v -2.520000 -0.626460 0.418651
v -2.520000 -0.614083 0.403570
v -2.520000 -0.610332 0.394514
v -2.520000 -0.609140 0.389755
v -2.520000 -0.611985 0.399134
v -2.520000 -0.616606 0.407779
v -2.520000 -0.634609 0.424096
v -2.520000 -0.608420 0.375099
v -2.520000 -0.608179 0.380000
v -2.520000 -0.610332 0.365486
v -2.520000 -0.609140 0.370246
v -2.520000 -0.616606 0.352222
v -2.520000 -0.614083 0.356430
v -2.520000 -0.626460 0.341350
v -2.520000 -0.622824 0.344645
v -2.520000 -0.619529 0.348280
v -2.520000 -0.611985 0.360866
v -2.520000 -0.634609 0.335904
v -2.520000 -0.643665 0.332153
v -2.520000 -0.639045 0.333806
v -2.520000 -0.658179 0.330000
v -2.520000 -0.653278 0.330241
v -2.520000 -0.667934 0.330961
v -2.520000 -0.663080 0.330241
v -2.520000 -0.648425 0.330961
v -2.520000 -0.630401 0.338427
v -2.520000 -0.608420 0.384901
v -2.620000 -0.658179 0.430000
v -2.620000 -0.663080 0.429759
v -2.620000 -0.653278 0.429759
v -2.620000 -0.672693 0.427847
v -2.620000 -0.643665 0.427847
v -2.620000 -0.667934 0.429039
v -2.620000 -0.648425 0.429039
v -2.620000 -0.681749 0.424096
v -2.620000 -0.634609 0.424096
v -2.620000 -0.689899 0.418651
v -2.620000 -0.626460 0.418651
v -2.620000 -0.685958 0.421574
v -2.620000 -0.630401 0.421574
v -2.620000 -0.677313 0.426194
v -2.620000 -0.639045 0.426194
v -2.620000 -0.696830 0.411720
v -2.620000 -0.619529 0.411720
v -2.620000 -0.702275 0.403570
v -2.620000 -0.614083 0.403570
v -2.620000 -0.699753 0.407779
v -2.620000 -0.616606 0.407779
v -2.620000 -0.706026 0.394514
v -2.620000 -0.610332 0.394514
v -2.620000 -0.707938 0.384901
v -2.620000 -0.608420 0.384901
v -2.620000 -0.707219 0.389755
v -2.620000 -0.609140 0.389755
v -2.620000 -0.704373 0.399134
v -2.620000 -0.611985 0.399134
v -2.620000 -0.693535 0.415355
v -2.620000 -0.622824 0.415355
v -2.620000 -0.707938 0.375099
v -2.620000 -0.608420 0.375099
v -2.620000 -0.706026 0.365486
v -2.620000 -0.610332 0.365486
v -2.620000 -0.707219 0.370246
v -2.620000 -0.609140 0.370246
v -2.620000 -0.702275 0.356430
v -2.620000 -0.614083 0.356430
v -2.620000 -0.696830 0.348280
v -2.620000 -0.694966 0.346224
v -2.620000 -0.619529 0.348280
v -2.620000 -0.699753 0.352222
v -2.620000 -0.616606 0.352222
v -2.620000 -0.704373 0.360866
v -2.620000 -0.611985 0.360866
v -2.620000 -0.689899 0.341350
v -2.620000 -0.626460 0.341350
v -2.620000 -0.681749 0.335904
v -2.620000 -0.634609 0.335904
v -2.620000 -0.685958 0.338427
v -2.620000 -0.630401 0.338427
v -2.620000 -0.672693 0.332153
v -2.620000 -0.643665 0.332153
v -2.620000 -0.658179 0.330000
v -2.620000 -0.663080 0.330241
v -2.620000 -0.653278 0.330241
v -2.620000 -0.667934 0.330961
v -2.620000 -0.648425 0.330961
v -2.620000 -0.677313 0.333806
v -2.620000 -0.639045 0.333806
v -2.620000 -0.693535 0.344645
v -2.620000 -0.622824 0.344645
v -2.620000 -0.708179 0.380000
v -2.620000 -0.608179 0.380000
v -2.520000 -0.779134 0.046194
v -2.520000 -0.787778 0.041573
v -2.520000 -0.783570 0.044096
v -2.520000 -0.795355 0.035355
v -2.520000 -0.804096 0.023570
v -2.520000 -0.801573 0.027779
v -2.520000 -0.798651 0.031720
v -2.520000 -0.791720 0.038651
v -2.520000 -0.807847 0.014514
v -2.520000 -0.809759 0.004901
v -2.520000 -0.809039 0.009755
v -2.520000 -0.809039 -0.009755
v -2.520000 -0.809759 -0.004901
v -2.520000 -0.806912 -0.017128
v -2.520000 -0.807847 -0.014514
v -2.520000 -0.806194 0.019134
v -2.520000 -0.810000 -0.000000
v -2.520000 -0.774514 0.047847
v -2.520000 -0.760000 0.050000
v -2.520000 -0.764901 0.049759
v -2.520000 -0.755099 0.049759
v -2.520000 -0.745486 0.047847
v -2.520000 -0.769755 0.049039
v -2.520000 -0.750245 0.049039
v -2.520000 -0.804096 -0.023570
v -2.520000 -0.795355 -0.035355
v -2.520000 -0.798651 -0.031720
v -2.520000 -0.801573 -0.027779
v -2.520000 -0.787778 -0.041573
v -2.520000 -0.783570 -0.044096
v -2.520000 -0.791720 -0.038651
v -2.520000 -0.806194 -0.019134
v -2.520000 -0.779134 -0.046194
v -2.520000 -0.740866 0.046194
v -2.520000 -0.732221 0.041573
v -2.520000 -0.736430 0.044096
v -2.520000 -0.724645 0.035355
v -2.520000 -0.721349 0.031720
v -2.520000 -0.728280 0.038651
v -2.520000 -0.745486 -0.047847
v -2.520000 -0.750245 -0.049039
v -2.520000 -0.760000 -0.050000
v -2.520000 -0.764901 -0.049759
v -2.520000 -0.755099 -0.049759
v -2.520000 -0.774514 -0.047847
v -2.520000 -0.769755 -0.049039
v -2.520000 -0.718427 0.027779
v -2.520000 -0.712153 0.014514
v -2.520000 -0.713806 0.019134
v -2.520000 -0.715904 0.023570
v -2.520000 -0.710241 0.004901
v -2.520000 -0.710241 -0.004901
v -2.520000 -0.710961 -0.009755
v -2.520000 -0.710000 -0.000000
v -2.520000 -0.710961 0.009755
v -2.520000 -0.715904 -0.023570
v -2.520000 -0.713806 -0.019134
v -2.520000 -0.724645 -0.035355
v -2.520000 -0.721349 -0.031720
v -2.520000 -0.718427 -0.027779
v -2.520000 -0.732221 -0.041573
v -2.520000 -0.740866 -0.046194
v -2.520000 -0.736430 -0.044096
v -2.520000 -0.728280 -0.038651
v -2.520000 -0.712153 -0.014514
v -2.620000 -0.760000 0.050000
v -2.620000 -0.764901 0.049759
v -2.620000 -0.755099 0.049759
v -2.620000 -0.769755 0.049039
v -2.620000 -0.745486 0.047847
v -2.620000 -0.774514 0.047847
v -2.620000 -0.750245 0.049039
v -2.620000 -0.779134 0.046194
v -2.620000 -0.736430 0.044096
v -2.620000 -0.787778 0.041573
v -2.620000 -0.728280 0.038651
v -2.620000 -0.783570 0.044096
v -2.620000 -0.732221 0.041573
v -2.620000 -0.791720 0.038651
v -2.620000 -0.740866 0.046194
v -2.620000 -0.795355 0.035355
v -2.620000 -0.721349 0.031720
v -2.620000 -0.801573 0.027779
v -2.620000 -0.715904 0.023570
v -2.620000 -0.798651 0.031720
v -2.620000 -0.718427 0.027779
v -2.620000 -0.806194 0.019134
v -2.620000 -0.712153 0.014514
v -2.620000 -0.809759 0.004901
v -2.620000 -0.809039 0.009755
v -2.620000 -0.710241 0.004901
v -2.620000 -0.807847 0.014514
v -2.620000 -0.710961 0.009755
v -2.620000 -0.804096 0.023570
v -2.620000 -0.713806 0.019134
v -2.620000 -0.724645 0.035355
v -2.620000 -0.809759 -0.004901
v -2.620000 -0.710241 -0.004901
v -2.620000 -0.807847 -0.014514
v -2.620000 -0.712153 -0.014514
v -2.620000 -0.809039 -0.009755
v -2.620000 -0.710961 -0.009755
v -2.620000 -0.804096 -0.023570
v -2.620000 -0.715904 -0.023570
v -2.620000 -0.798651 -0.031720
v -2.620000 -0.721349 -0.031720
v -2.620000 -0.801573 -0.027779
v -2.620000 -0.718427 -0.027779
v -2.620000 -0.806194 -0.019134
v -2.620000 -0.713806 -0.019134
v -2.620000 -0.791720 -0.038651
v -2.620000 -0.728280 -0.038651
v -2.620000 -0.783570 -0.044096
v -2.620000 -0.736430 -0.044096
v -2.620000 -0.787778 -0.041573
v -2.620000 -0.732221 -0.041573
v -2.620000 -0.774514 -0.047847
v -2.620000 -0.745486 -0.047847
v -2.620000 -0.760000 -0.050000
v -2.620000 -0.755099 -0.049759
v -2.620000 -0.764901 -0.049759
v -2.620000 -0.750245 -0.049039
v -2.620000 -0.769755 -0.049039
v -2.620000 -0.740866 -0.046194
v -2.620000 -0.779134 -0.046194
v -2.620000 -0.724645 -0.035355
v -2.620000 -0.795355 -0.035355
v -2.620000 -0.810000 0.000000
v -2.620000 -0.710000 0.000000
v -2.520000 -0.707219 -0.370245
v -2.520000 -0.706026 -0.365486
v -2.520000 -0.708179 -0.380000
v -2.520000 -0.707938 -0.375099
v -2.520000 -0.707219 -0.389754
v -2.520000 -0.703824 -0.400295
v -2.520000 -0.704373 -0.399134
v -2.520000 -0.707938 -0.384901
v -2.520000 -0.706026 -0.394514
v -2.520000 -0.681749 -0.335904
v -2.520000 -0.677313 -0.333806
v -2.520000 -0.685958 -0.338426
v -2.520000 -0.689899 -0.341349
v -2.520000 -0.693535 -0.344645
v -2.520000 -0.699753 -0.352221
v -2.520000 -0.696830 -0.348280
v -2.520000 -0.704373 -0.360866
v -2.520000 -0.702275 -0.356430
v -2.520000 -0.696830 -0.411720
v -2.520000 -0.699753 -0.407778
v -2.520000 -0.685958 -0.421573
v -2.520000 -0.689899 -0.418650
v -2.520000 -0.693535 -0.415355
v -2.520000 -0.677313 -0.426194
v -2.520000 -0.667934 -0.429039
v -2.520000 -0.681749 -0.424096
v -2.520000 -0.672693 -0.427847
v -2.520000 -0.702275 -0.403570
v -2.520000 -0.658179 -0.330000
v -2.520000 -0.663080 -0.330241
v -2.520000 -0.653278 -0.330241
v -2.520000 -0.672693 -0.332153
v -2.520000 -0.667934 -0.330961
v -2.520000 -0.634609 -0.424096
v -2.520000 -0.643665 -0.427847
v -2.520000 -0.639045 -0.426194
v -2.520000 -0.658179 -0.430000
v -2.520000 -0.663080 -0.429759
v -2.520000 -0.653278 -0.429759
v -2.520000 -0.648425 -0.429039
v -2.520000 -0.630401 -0.421573
v -2.520000 -0.648425 -0.330961
v -2.520000 -0.643665 -0.332153
v -2.520000 -0.634609 -0.335904
v -2.520000 -0.639045 -0.333806
v -2.520000 -0.630401 -0.338426
v -2.520000 -0.622824 -0.344645
v -2.520000 -0.626460 -0.341349
v -2.520000 -0.616606 -0.352221
v -2.520000 -0.619529 -0.348280
v -2.520000 -0.609140 -0.389754
v -2.520000 -0.608420 -0.384901
v -2.520000 -0.614083 -0.403570
v -2.520000 -0.611985 -0.399134
v -2.520000 -0.610332 -0.394514
v -2.520000 -0.619529 -0.411720
v -2.520000 -0.626460 -0.418650
v -2.520000 -0.622824 -0.415355
v -2.520000 -0.616606 -0.407778
v -2.520000 -0.608179 -0.380000
v -2.520000 -0.614083 -0.356430
v -2.520000 -0.611985 -0.360866
v -2.520000 -0.610332 -0.365486
v -2.520000 -0.609140 -0.370245
v -2.520000 -0.608420 -0.375099
v -2.620000 -0.658179 -0.330000
v -2.620000 -0.667934 -0.330961
v -2.620000 -0.663080 -0.330241
v -2.620000 -0.653278 -0.330241
v -2.620000 -0.672693 -0.332153
v -2.620000 -0.643665 -0.332153
v -2.620000 -0.677313 -0.333806
v -2.620000 -0.648425 -0.330961
v -2.620000 -0.639045 -0.333806
v -2.620000 -0.689899 -0.341349
v -2.620000 -0.685958 -0.338426
v -2.620000 -0.681749 -0.335904
v -2.620000 -0.696830 -0.348280
v -2.620000 -0.703179 -0.358341
v -2.620000 -0.707433 -0.371690
v -2.620000 -0.702275 -0.356430
v -2.620000 -0.699753 -0.352221
v -2.620000 -0.693535 -0.344645
v -2.620000 -0.708179 -0.380000
v -2.620000 -0.707219 -0.389754
v -2.620000 -0.707938 -0.384901
v -2.620000 -0.704373 -0.399134
v -2.620000 -0.696830 -0.411720
v -2.620000 -0.699753 -0.407778
v -2.620000 -0.702275 -0.403570
v -2.620000 -0.706026 -0.394514
v -2.620000 -0.689899 -0.418650
v -2.620000 -0.681749 -0.424096
v -2.620000 -0.685958 -0.421573
v -2.620000 -0.667934 -0.429039
v -2.620000 -0.672693 -0.427847
v -2.620000 -0.663080 -0.429759
v -2.620000 -0.693535 -0.415355
v -2.620000 -0.677313 -0.426194
v -2.620000 -0.707938 -0.375099
v -2.620000 -0.634609 -0.335904
v -2.620000 -0.658179 -0.430000
v -2.620000 -0.626460 -0.341349
v -2.620000 -0.630401 -0.338426
v -2.620000 -0.616606 -0.352221
v -2.620000 -0.619529 -0.348280
v -2.620000 -0.622824 -0.344645
v -2.620000 -0.614083 -0.356430
v -2.620000 -0.611985 -0.360866
v -2.620000 -0.609140 -0.370245
v -2.620000 -0.610332 -0.365486
v -2.620000 -0.608420 -0.384901
v -2.620000 -0.608179 -0.380000
v -2.620000 -0.608420 -0.375099
v -2.620000 -0.609140 -0.389754
v -2.620000 -0.610332 -0.394514
v -2.620000 -0.614083 -0.403570
v -2.620000 -0.611985 -0.399134
v -2.620000 -0.622824 -0.415355
v -2.620000 -0.619529 -0.411720
v -2.620000 -0.616606 -0.407778
v -2.620000 -0.630401 -0.421573
v -2.620000 -0.639045 -0.426194
v -2.620000 -0.634609 -0.424096
v -2.620000 -0.648425 -0.429039
v -2.620000 -0.653278 -0.429759
v -2.620000 -0.643665 -0.427847
v -2.620000 -0.626460 -0.418650
v -2.620000 -0.704373 -0.360866
v -2.620000 -0.706026 -0.365486
v -2.620000 -0.707219 -0.370245
v -2.520000 -0.427847 -0.643665
v -2.520000 -0.426194 -0.639045
v -2.520000 -0.429039 -0.648425
v -2.520000 -0.429759 -0.653278
v -2.520000 -0.430000 -0.658179
v -2.520000 -0.429759 -0.663080
v -2.520000 -0.429039 -0.667934
v -2.520000 -0.426194 -0.677313
v -2.520000 -0.424096 -0.681749
v -2.520000 -0.427847 -0.672693
v -2.520000 -0.418651 -0.689899
v -2.520000 -0.415355 -0.693534
v -2.520000 -0.407779 -0.699753
v -2.520000 -0.403570 -0.702275
v -2.520000 -0.411720 -0.696830
v -2.520000 -0.394514 -0.706026
v -2.520000 -0.389755 -0.707218
v -2.520000 -0.380000 -0.708179
v -2.520000 -0.384901 -0.707938
v -2.520000 -0.375099 -0.707938
v -2.520000 -0.373194 -0.707656
v -2.520000 -0.399134 -0.704373
v -2.520000 -0.421573 -0.685958
v -2.520000 -0.407779 -0.616606
v -2.520000 -0.411720 -0.619529
v -2.520000 -0.415355 -0.622824
v -2.520000 -0.418651 -0.626459
v -2.520000 -0.424096 -0.634609
v -2.520000 -0.421573 -0.630401
v -2.520000 -0.344645 -0.693534
v -2.520000 -0.352221 -0.699753
v -2.520000 -0.348280 -0.696830
v -2.520000 -0.360866 -0.704373
v -2.520000 -0.370245 -0.707218
v -2.520000 -0.365486 -0.706026
v -2.520000 -0.356430 -0.702275
v -2.520000 -0.341349 -0.689899
v -2.520000 -0.380000 -0.608179
v -2.520000 -0.389755 -0.609140
v -2.520000 -0.384901 -0.608420
v -2.520000 -0.394514 -0.610332
v -2.520000 -0.403570 -0.614083
v -2.520000 -0.399134 -0.611985
v -2.520000 -0.330241 -0.663080
v -2.520000 -0.332153 -0.672693
v -2.520000 -0.330961 -0.667934
v -2.520000 -0.335904 -0.681749
v -2.520000 -0.338427 -0.685958
v -2.520000 -0.333806 -0.677313
v -2.520000 -0.330000 -0.658179
v -2.520000 -0.375099 -0.608420
v -2.520000 -0.365486 -0.610332
v -2.520000 -0.370245 -0.609140
v -2.520000 -0.356430 -0.614083
v -2.520000 -0.348280 -0.619529
v -2.520000 -0.352221 -0.616606
v -2.520000 -0.360866 -0.611985
v -2.520000 -0.341349 -0.626459
v -2.520000 -0.335904 -0.634609
v -2.520000 -0.338427 -0.630401
v -2.520000 -0.332153 -0.643665
v -2.520000 -0.330241 -0.653278
v -2.520000 -0.330961 -0.648425
v -2.520000 -0.333806 -0.639045
v -2.520000 -0.344645 -0.622824
v -2.620000 -0.430000 -0.658179
v -2.620000 -0.429759 -0.653278
v -2.620000 -0.427847 -0.672693
v -2.620000 -0.429039 -0.667934
v -2.620000 -0.429759 -0.663080
v -2.620000 -0.424096 -0.681749
v -2.620000 -0.421573 -0.685958
v -2.620000 -0.411720 -0.696830
v -2.620000 -0.415355 -0.693534
v -2.620000 -0.418651 -0.689899
v -2.620000 -0.344645 -0.693534
v -2.620000 -0.426194 -0.677313
v -2.620000 -0.407779 -0.699753
v -2.620000 -0.352221 -0.699753
v -2.620000 -0.360866 -0.704373
v -2.620000 -0.403570 -0.702275
v -2.620000 -0.356430 -0.702275
v -2.620000 -0.394514 -0.706026
v -2.620000 -0.380000 -0.708179
v -2.620000 -0.384901 -0.707938
v -2.620000 -0.375099 -0.707938
v -2.620000 -0.389755 -0.707218
v -2.620000 -0.370245 -0.707218
v -2.620000 -0.365486 -0.706026
v -2.620000 -0.399134 -0.704373
v -2.620000 -0.348280 -0.696830
v -2.620000 -0.380000 -0.608179
v -2.620000 -0.389755 -0.609140
v -2.620000 -0.384901 -0.608420
v -2.620000 -0.375099 -0.608420
v -2.620000 -0.360866 -0.611985
v -2.620000 -0.394514 -0.610332
v -2.620000 -0.365486 -0.610332
v -2.620000 -0.399134 -0.611985
v -2.620000 -0.370245 -0.609140
v -2.620000 -0.403570 -0.614083
v -2.620000 -0.407779 -0.616606
v -2.620000 -0.352221 -0.616606
v -2.620000 -0.341349 -0.626459
v -2.620000 -0.415355 -0.622824
v -2.620000 -0.344645 -0.622824
v -2.620000 -0.411720 -0.619529
v -2.620000 -0.348280 -0.619529
v -2.620000 -0.418651 -0.626459
v -2.620000 -0.356430 -0.614083
v -2.620000 -0.421573 -0.630401
v -2.620000 -0.424096 -0.634609
v -2.620000 -0.335904 -0.634609
v -2.620000 -0.330961 -0.648425
v -2.620000 -0.427847 -0.643665
v -2.620000 -0.332153 -0.643665
v -2.620000 -0.426194 -0.639045
v -2.620000 -0.333806 -0.639045
v -2.620000 -0.330000 -0.658179
v -2.620000 -0.330961 -0.667934
v -2.620000 -0.330241 -0.663080
v -2.620000 -0.335904 -0.681749
v -2.620000 -0.333806 -0.677313
v -2.620000 -0.341349 -0.689899
v -2.620000 -0.338427 -0.685958
v -2.620000 -0.332153 -0.672693
v -2.620000 -0.330241 -0.653278
v -2.620000 -0.429039 -0.648425
v -2.620000 -0.338427 -0.630401
v -2.520000 -0.046194 -0.779134
v -2.520000 -0.041573 -0.787778
v -2.520000 -0.044096 -0.783570
v -2.520000 -0.035355 -0.795355
v -2.520000 -0.023570 -0.804096
v -2.520000 -0.027779 -0.801573
v -2.520000 -0.031720 -0.798650
v -2.520000 -0.038651 -0.791720
v -2.520000 -0.014514 -0.807847
v -2.520000 0.014514 -0.807847
v -2.520000 0.000000 -0.810000
v -2.520000 -0.004901 -0.809759
v -2.520000 0.004901 -0.809759
v -2.520000 0.009755 -0.809039
v -2.520000 -0.019134 -0.806194
v -2.520000 -0.009755 -0.809039
v -2.520000 0.017128 -0.806912
v -2.520000 -0.047847 -0.774514
v -2.520000 -0.047847 -0.745486
v -2.520000 -0.049759 -0.755099
v -2.520000 -0.049039 -0.750245
v -2.520000 -0.049759 -0.764901
v -2.520000 -0.049039 -0.769754
v -2.520000 -0.050000 -0.760000
v -2.520000 0.041573 -0.787778
v -2.520000 0.035355 -0.795355
v -2.520000 0.038651 -0.791720
v -2.520000 0.027779 -0.801573
v -2.520000 0.019134 -0.806194
v -2.520000 0.023570 -0.804096
v -2.520000 0.031720 -0.798650
v -2.520000 0.044096 -0.783570
v -2.520000 0.046194 -0.779134
v -2.520000 -0.031720 -0.721349
v -2.520000 -0.038651 -0.728280
v -2.520000 -0.035355 -0.724645
v -2.520000 -0.044096 -0.736430
v -2.520000 -0.046194 -0.740866
v -2.520000 -0.041573 -0.732221
v -2.520000 0.049039 -0.750245
v -2.520000 0.050000 -0.760000
v -2.520000 0.049759 -0.755099
v -2.520000 0.049039 -0.769754
v -2.520000 0.047847 -0.774514
v -2.520000 0.049759 -0.764901
v -2.520000 0.047847 -0.745486
v -2.520000 -0.004901 -0.710241
v -2.520000 0.000000 -0.710000
v -2.520000 0.009755 -0.710961
v -2.520000 -0.009755 -0.710961
v -2.520000 0.004901 -0.710241
v -2.520000 -0.014514 -0.712153
v -2.520000 -0.019134 -0.713806
v -2.520000 0.019134 -0.713806
v -2.520000 -0.023570 -0.715904
v -2.520000 0.014514 -0.712153
v -2.520000 0.027779 -0.718426
v -2.520000 0.035355 -0.724645
v -2.520000 -0.027779 -0.718426
v -2.520000 0.031720 -0.721349
v -2.520000 0.041573 -0.732221
v -2.520000 0.046194 -0.740866
v -2.520000 0.044096 -0.736430
v -2.520000 0.038651 -0.728280
v -2.520000 0.023570 -0.715904
v -2.620000 0.038651 -0.728280
v -2.620000 0.046194 -0.740866
v -2.620000 0.044096 -0.736430
v -2.620000 0.041573 -0.732221
v -2.620000 0.049039 -0.750245
v -2.620000 0.050000 -0.760000
v -2.620000 0.049759 -0.764901
v -2.620000 0.049759 -0.755099
v -2.620000 0.047847 -0.745486
v -2.620000 0.035355 -0.724645
v -2.620000 0.049039 -0.769754
v -2.620000 -0.004901 -0.710241
v -2.620000 0.000000 -0.710000
v -2.620000 0.004901 -0.710241
v -2.620000 -0.009755 -0.710961
v -2.620000 0.009755 -0.710961
v -2.620000 -0.014514 -0.712153
v -2.620000 -0.019134 -0.713806
v -2.620000 0.019134 -0.713806
v -2.620000 0.027779 -0.718426
v -2.620000 -0.023570 -0.715904
v -2.620000 0.023570 -0.715904
v -2.620000 -0.027779 -0.718426
v -2.620000 0.014514 -0.712153
v -2.620000 -0.031720 -0.721349
v -2.620000 -0.038651 -0.728280
v -2.620000 -0.044096 -0.736430
v -2.620000 -0.041573 -0.732221
v -2.620000 -0.035355 -0.724645
v -2.620000 -0.049039 -0.750245
v -2.620000 -0.047847 -0.745486
v -2.620000 -0.050000 -0.760000
v -2.620000 -0.049759 -0.764901
v -2.620000 -0.049759 -0.755099
v -2.620000 -0.046194 -0.740866
v -2.620000 -0.049039 -0.769754
v -2.620000 0.031720 -0.721349
v -2.620000 -0.047847 -0.774514
v -2.620000 0.047847 -0.774514
v -2.620000 -0.044096 -0.783570
v -2.620000 0.044096 -0.783570
v -2.620000 -0.046194 -0.779134
v -2.620000 0.046194 -0.779134
v -2.620000 0.038651 -0.791720
v -2.620000 -0.035355 -0.795355
v -2.620000 -0.038651 -0.791720
v -2.620000 0.035355 -0.795355
v -2.620000 -0.041573 -0.787778
v -2.620000 0.041573 -0.787778
v -2.620000 -0.027779 -0.801573
v -2.620000 0.027779 -0.801573
v -2.620000 -0.019134 -0.806194
v -2.620000 0.019134 -0.806194
v -2.620000 -0.023570 -0.804096
v -2.620000 0.023570 -0.804096
v -2.620000 0.009755 -0.809039
v -2.620000 0.000000 -0.810000
v -2.620000 -0.004901 -0.809759
v -2.620000 0.004901 -0.809759
v -2.620000 -0.014514 -0.807847
v -2.620000 -0.009755 -0.809039
v -2.620000 0.014514 -0.807847
v -2.620000 -0.031720 -0.798650
v -2.620000 0.031720 -0.798650
v -2.520000 0.400295 -0.703824
v -2.520000 0.399134 -0.704373
v -2.520000 0.365486 -0.706026
v -2.520000 0.394514 -0.706026
v -2.520000 0.380000 -0.708179
v -2.520000 0.375099 -0.707938
v -2.520000 0.384901 -0.707938
v -2.520000 0.389755 -0.707218
v -2.520000 0.370245 -0.707218
v -2.520000 0.370245 -0.609140
v -2.520000 0.375099 -0.608420
v -2.520000 0.360866 -0.611985
v -2.520000 0.356430 -0.614083
v -2.520000 0.365486 -0.610332
v -2.520000 0.380000 -0.608179
v -2.520000 0.389755 -0.609140
v -2.520000 0.384901 -0.608420
v -2.520000 0.394514 -0.610332
v -2.520000 0.403570 -0.614083
v -2.520000 0.399134 -0.611985
v -2.520000 0.352221 -0.616606
v -2.520000 0.407779 -0.616606
v -2.520000 0.341349 -0.626459
v -2.520000 0.418651 -0.626459
v -2.520000 0.344645 -0.622824
v -2.520000 0.415355 -0.622824
v -2.520000 0.335904 -0.634609
v -2.520000 0.333806 -0.639045
v -2.520000 0.332153 -0.643665
v -2.520000 0.338427 -0.630401
v -2.520000 0.348280 -0.619529
v -2.520000 0.411720 -0.619529
v -2.520000 0.330961 -0.648425
v -2.520000 0.421573 -0.630401
v -2.520000 0.424096 -0.634609
v -2.520000 0.426194 -0.639045
v -2.520000 0.427847 -0.643665
v -2.520000 0.429039 -0.648425
v -2.520000 0.330000 -0.658179
v -2.520000 0.430000 -0.658179
v -2.520000 0.332153 -0.672693
v -2.520000 0.330961 -0.667934
v -2.520000 0.330241 -0.663080
v -2.520000 0.429759 -0.663080
v -2.520000 0.330241 -0.653278
v -2.520000 0.429759 -0.653278
v -2.520000 0.429039 -0.667934
v -2.520000 0.426194 -0.677313
v -2.520000 0.427847 -0.672693
v -2.520000 0.335904 -0.681749
v -2.520000 0.338427 -0.685958
v -2.520000 0.421573 -0.685958
v -2.520000 0.333806 -0.677313
v -2.520000 0.424096 -0.681749
v -2.520000 0.415355 -0.693534
v -2.520000 0.348280 -0.696830
v -2.520000 0.411720 -0.696830
v -2.520000 0.344645 -0.693534
v -2.520000 0.360866 -0.704373
v -2.520000 0.352221 -0.699753
v -2.520000 0.356430 -0.702275
v -2.520000 0.403570 -0.702275
v -2.520000 0.407779 -0.699753
v -2.520000 0.341349 -0.689899
v -2.520000 0.418651 -0.689899
v -2.620000 0.380000 -0.608179
v -2.620000 0.375099 -0.608420
v -2.620000 0.384901 -0.608420
v -2.620000 0.370245 -0.609140
v -2.620000 0.394514 -0.610332
v -2.620000 0.365486 -0.610332
v -2.620000 0.389755 -0.609140
v -2.620000 0.360866 -0.611985
v -2.620000 0.403570 -0.614083
v -2.620000 0.352221 -0.616606
v -2.620000 0.411720 -0.619529
v -2.620000 0.356430 -0.614083
v -2.620000 0.407779 -0.616606
v -2.620000 0.348280 -0.619529
v -2.620000 0.399134 -0.611985
v -2.620000 0.344645 -0.622824
v -2.620000 0.418651 -0.626459
v -2.620000 0.338427 -0.630401
v -2.620000 0.424096 -0.634609
v -2.620000 0.341349 -0.626459
v -2.620000 0.421573 -0.630401
v -2.620000 0.333806 -0.639045
v -2.620000 0.427847 -0.643665
v -2.620000 0.330241 -0.653278
v -2.620000 0.330961 -0.648425
v -2.620000 0.429759 -0.653278
v -2.620000 0.332153 -0.643665
v -2.620000 0.429039 -0.648425
v -2.620000 0.335904 -0.634609
v -2.620000 0.426194 -0.639045
v -2.620000 0.415355 -0.622824
v -2.620000 0.330241 -0.663080
v -2.620000 0.429759 -0.663080
v -2.620000 0.332153 -0.672693
v -2.620000 0.427847 -0.672693
v -2.620000 0.330961 -0.667934
v -2.620000 0.429039 -0.667934
v -2.620000 0.335904 -0.681749
v -2.620000 0.424096 -0.681749
v -2.620000 0.341349 -0.689899
v -2.620000 0.418651 -0.689899
v -2.620000 0.338427 -0.685958
v -2.620000 0.421573 -0.685958
v -2.620000 0.333806 -0.677313
v -2.620000 0.426194 -0.677313
v -2.620000 0.348280 -0.696830
v -2.620000 0.411720 -0.696830
v -2.620000 0.356430 -0.702275
v -2.620000 0.403570 -0.702275
v -2.620000 0.352221 -0.699753
v -2.620000 0.407779 -0.699753
v -2.620000 0.365486 -0.706026
v -2.620000 0.394514 -0.706026
v -2.620000 0.380000 -0.708179
v -2.620000 0.384901 -0.707938
v -2.620000 0.375099 -0.707938
v -2.620000 0.389755 -0.707218
v -2.620000 0.370245 -0.707218
v -2.620000 0.399134 -0.704373
v -2.620000 0.360866 -0.704373
v -2.620000 0.330000 -0.658179
v -2.620000 0.344645 -0.693534
v -2.620000 0.415355 -0.693534
v -2.620000 0.430000 -0.658179
v -2.520000 0.653278 -0.330241
v -2.520000 0.648425 -0.330961
v -2.520000 0.643665 -0.332153
v -2.520000 0.639045 -0.333806
v -2.520000 0.626460 -0.341349
v -2.520000 0.630401 -0.338426
v -2.520000 0.634609 -0.335904
v -2.520000 0.619529 -0.348280
v -2.520000 0.614083 -0.356430
v -2.520000 0.616606 -0.352221
v -2.520000 0.610332 -0.365486
v -2.520000 0.608420 -0.375099
v -2.520000 0.609140 -0.370245
v -2.520000 0.611985 -0.360866
v -2.520000 0.622824 -0.344645
v -2.520000 0.658179 -0.330000
v -2.520000 0.663080 -0.330241
v -2.520000 0.672693 -0.332153
v -2.520000 0.681749 -0.335904
v -2.520000 0.677313 -0.333806
v -2.520000 0.667934 -0.330961
v -2.520000 0.685958 -0.338426
v -2.520000 0.608420 -0.384901
v -2.520000 0.608179 -0.380000
v -2.520000 0.610332 -0.394514
v -2.520000 0.614083 -0.403570
v -2.520000 0.611985 -0.399134
v -2.520000 0.609140 -0.389754
v -2.520000 0.689899 -0.341349
v -2.520000 0.696830 -0.348280
v -2.520000 0.693535 -0.344645
v -2.520000 0.702275 -0.356430
v -2.520000 0.706026 -0.365486
v -2.520000 0.704373 -0.360866
v -2.520000 0.699753 -0.352221
v -2.520000 0.619529 -0.411720
v -2.520000 0.616606 -0.407778
v -2.520000 0.626460 -0.418650
v -2.520000 0.634609 -0.424096
v -2.520000 0.630401 -0.421573
v -2.520000 0.622824 -0.415355
v -2.520000 0.707219 -0.370245
v -2.520000 0.707656 -0.373194
v -2.520000 0.707938 -0.375099
v -2.520000 0.708179 -0.380000
v -2.520000 0.707938 -0.384901
v -2.520000 0.707219 -0.389754
v -2.520000 0.706026 -0.394514
v -2.520000 0.704373 -0.399134
v -2.520000 0.702275 -0.403570
v -2.520000 0.696830 -0.411720
v -2.520000 0.693535 -0.415355
v -2.520000 0.699753 -0.407778
v -2.520000 0.689899 -0.418650
v -2.520000 0.685958 -0.421573
v -2.520000 0.681749 -0.424096
v -2.520000 0.639045 -0.426194
v -2.520000 0.677313 -0.426194
v -2.520000 0.667934 -0.429039
v -2.520000 0.658179 -0.430000
v -2.520000 0.653278 -0.429759
v -2.520000 0.663080 -0.429759
v -2.520000 0.648425 -0.429039
v -2.520000 0.672693 -0.427847
v -2.520000 0.643665 -0.427847
v -2.620000 0.672693 -0.332153
v -2.620000 0.677313 -0.333806
v -2.620000 0.681749 -0.335904
v -2.620000 0.689899 -0.341349
v -2.620000 0.685958 -0.338426
v -2.620000 0.699753 -0.352221
v -2.620000 0.696830 -0.348280
v -2.620000 0.704373 -0.360866
v -2.620000 0.707219 -0.370245
v -2.620000 0.706026 -0.365486
v -2.620000 0.702275 -0.356430
v -2.620000 0.693535 -0.344645
v -2.620000 0.707938 -0.384901
v -2.620000 0.708179 -0.380000
v -2.620000 0.704373 -0.399134
v -2.620000 0.706026 -0.394514
v -2.620000 0.707219 -0.389754
v -2.620000 0.699753 -0.407778
v -2.620000 0.693535 -0.415355
v -2.620000 0.696830 -0.411720
v -2.620000 0.681749 -0.424096
v -2.620000 0.685958 -0.421573
v -2.620000 0.689899 -0.418650
v -2.620000 0.702275 -0.403570
v -2.620000 0.707938 -0.375099
v -2.620000 0.653278 -0.330241
v -2.620000 0.658179 -0.330000
v -2.620000 0.648425 -0.330961
v -2.620000 0.663080 -0.330241
v -2.620000 0.667934 -0.330961
v -2.620000 0.643665 -0.332153
v -2.620000 0.630401 -0.338426
v -2.620000 0.634609 -0.335904
v -2.620000 0.639045 -0.333806
v -2.620000 0.622824 -0.344645
v -2.620000 0.614083 -0.356430
v -2.620000 0.616606 -0.352221
v -2.620000 0.619529 -0.348280
v -2.620000 0.610332 -0.365486
v -2.620000 0.608420 -0.375099
v -2.620000 0.608179 -0.380000
v -2.620000 0.609140 -0.370245
v -2.620000 0.611985 -0.360866
v -2.620000 0.626460 -0.341349
v -2.620000 0.610332 -0.394514
v -2.620000 0.609140 -0.389754
v -2.620000 0.614083 -0.403570
v -2.620000 0.611985 -0.399134
v -2.620000 0.622824 -0.415355
v -2.620000 0.619529 -0.411720
v -2.620000 0.630401 -0.421573
v -2.620000 0.626460 -0.418650
v -2.620000 0.616606 -0.407778
v -2.620000 0.677313 -0.426194
v -2.620000 0.643665 -0.427847
v -2.620000 0.639045 -0.426194
v -2.620000 0.672693 -0.427847
v -2.620000 0.658179 -0.430000
v -2.620000 0.663080 -0.429759
v -2.620000 0.648425 -0.429039
v -2.620000 0.653278 -0.429759
v -2.620000 0.667934 -0.429039
v -2.620000 0.634609 -0.424096
v -2.620000 0.608420 -0.384901
v -2.520000 0.760000 0.050000
v -2.520000 0.755099 0.049759
v -2.520000 0.764901 0.049759
v -2.520000 0.745486 0.047847
v -2.520000 0.750245 0.049039
v -2.520000 0.769755 0.049039
v -2.520000 0.774514 0.047847
v -2.520000 0.724645 -0.035355
v -2.520000 0.721349 -0.031720
v -2.520000 0.732221 -0.041573
v -2.520000 0.740866 -0.046194
v -2.520000 0.736430 -0.044096
v -2.520000 0.728280 -0.038651
v -2.520000 0.779134 0.046194
v -2.520000 0.787778 0.041573
v -2.520000 0.783570 0.044096
v -2.520000 0.795355 0.035355
v -2.520000 0.801573 0.027779
v -2.520000 0.798651 0.031720
v -2.520000 0.791720 0.038651
v -2.520000 0.804096 0.023570
v -2.520000 0.806194 0.019134
v -2.520000 0.745486 -0.047847
v -2.520000 0.760000 -0.050000
v -2.520000 0.764901 -0.049759
v -2.520000 0.755099 -0.049759
v -2.520000 0.769755 -0.049039
v -2.520000 0.750245 -0.049039
v -2.520000 0.806912 0.017128
v -2.520000 0.774514 -0.047847
v -2.520000 0.809039 0.009755
v -2.520000 0.807847 0.014514
v -2.520000 0.809759 0.004901
v -2.520000 0.809759 -0.004901
v -2.520000 0.810000 -0.000000
v -2.520000 0.807847 -0.014514
v -2.520000 0.809039 -0.009755
v -2.520000 0.806194 -0.019134
v -2.520000 0.804096 -0.023570
v -2.520000 0.795355 -0.035355
v -2.520000 0.798651 -0.031720
v -2.520000 0.801573 -0.027779
v -2.520000 0.787778 -0.041573
v -2.520000 0.779134 -0.046194
v -2.520000 0.783570 -0.044096
v -2.520000 0.791720 -0.038651
v -2.520000 0.740866 0.046194
v -2.520000 0.736430 0.044096
v -2.520000 0.732221 0.041573
v -2.520000 0.728280 0.038651
v -2.520000 0.721349 0.031720
v -2.520000 0.724645 0.035355
v -2.520000 0.713806 0.019134
v -2.520000 0.715904 0.023570
v -2.520000 0.718427 0.027779
v -2.520000 0.710961 0.009755
v -2.520000 0.710000 -0.000000
v -2.520000 0.710241 -0.004901
v -2.520000 0.710241 0.004901
v -2.520000 0.713806 -0.019134
v -2.520000 0.712153 -0.014514
v -2.520000 0.715904 -0.023570
v -2.520000 0.718427 -0.027779
v -2.520000 0.710961 -0.009755
v -2.520000 0.712153 0.014514
v -2.620000 0.740866 0.046194
v -2.620000 0.736430 0.044096
v -2.620000 0.732221 0.041573
v -2.620000 0.728280 0.038651
v -2.620000 0.721349 0.031720
v -2.620000 0.724645 0.035355
v -2.620000 0.713806 0.019134
v -2.620000 0.715904 0.023570
v -2.620000 0.718427 0.027779
v -2.620000 0.710961 0.009755
v -2.620000 0.710000 0.000000
v -2.620000 0.710241 -0.004901
v -2.620000 0.710241 0.004901
v -2.620000 0.713806 -0.019134
v -2.620000 0.712153 -0.014514
v -2.620000 0.715904 -0.023570
v -2.620000 0.718427 -0.027779
v -2.620000 0.710961 -0.009755
v -2.620000 0.712153 0.014514
v -2.620000 0.760000 0.050000
v -2.620000 0.755099 0.049759
v -2.620000 0.764901 0.049759
v -2.620000 0.745486 0.047847
v -2.620000 0.750245 0.049039
v -2.620000 0.769755 0.049039
v -2.620000 0.774514 0.047847
v -2.620000 0.724645 -0.035355
v -2.620000 0.721349 -0.031720
v -2.620000 0.732221 -0.041573
v -2.620000 0.740866 -0.046194
v -2.620000 0.736430 -0.044096
v -2.620000 0.728280 -0.038651
v -2.620000 0.779134 0.046194
v -2.620000 0.787778 0.041573
v -2.620000 0.783570 0.044096
v -2.620000 0.795355 0.035355
v -2.620000 0.801573 0.027779
v -2.620000 0.798651 0.031720
v -2.620000 0.791720 0.038651
v -2.620000 0.804096 0.023570
v -2.620000 0.806194 0.019134
v -2.620000 0.745486 -0.047847
v -2.620000 0.760000 -0.050000
v -2.620000 0.764901 -0.049759
v -2.620000 0.755099 -0.049759
v -2.620000 0.769755 -0.049039
v -2.620000 0.750245 -0.049039
v -2.620000 0.806912 0.017128
v -2.620000 0.774514 -0.047847
v -2.620000 0.809039 0.009755
v -2.620000 0.807847 0.014514
v -2.620000 0.809759 0.004901
v -2.620000 0.809759 -0.004901
v -2.620000 0.810000 0.000000
v -2.620000 0.807847 -0.014514
v -2.620000 0.809039 -0.009755
v -2.620000 0.806194 -0.019134
v -2.620000 0.804096 -0.023570
v -2.620000 0.795355 -0.035355
v -2.620000 0.798651 -0.031720
v -2.620000 0.801573 -0.027779
v -2.620000 0.787778 -0.041573
v -2.620000 0.779134 -0.046194
v -2.620000 0.783570 -0.044096
v -2.620000 0.791720 -0.038651
v -2.520000 0.658179 0.430000
v -2.520000 0.653278 0.429759
v -2.520000 0.663080 0.429759
v -2.520000 0.643665 0.427847
v -2.520000 0.630401 0.421574
v -2.520000 0.634609 0.424096
v -2.520000 0.639045 0.426194
v -2.520000 0.648425 0.429039
v -2.520000 0.622824 0.415355
v -2.520000 0.614083 0.403570
v -2.520000 0.616606 0.407779
v -2.520000 0.619529 0.411720
v -2.520000 0.610332 0.394514
v -2.520000 0.608179 0.380000
v -2.520000 0.608420 0.384901
v -2.520000 0.609140 0.389755
v -2.520000 0.611985 0.399134
v -2.520000 0.626460 0.418651
v -2.520000 0.609140 0.370246
v -2.520000 0.614083 0.356430
v -2.520000 0.611985 0.360866
v -2.520000 0.610332 0.365486
v -2.520000 0.619529 0.348280
v -2.520000 0.630401 0.338427
v -2.520000 0.626460 0.341350
v -2.520000 0.622824 0.344645
v -2.520000 0.616606 0.352222
v -2.520000 0.643665 0.332153
v -2.520000 0.639045 0.333806
v -2.520000 0.672693 0.332153
v -2.520000 0.658179 0.330000
v -2.520000 0.663080 0.330241
v -2.520000 0.648425 0.330961
v -2.520000 0.653278 0.330241
v -2.520000 0.667934 0.330961
v -2.520000 0.634609 0.335904
v -2.520000 0.608420 0.375099
v -2.520000 0.667934 0.429039
v -2.520000 0.672693 0.427847
v -2.520000 0.677313 0.426194
v -2.520000 0.681749 0.424096
v -2.520000 0.689899 0.418651
v -2.520000 0.685958 0.421574
v -2.520000 0.699753 0.407779
v -2.520000 0.696830 0.411720
v -2.520000 0.693535 0.415355
v -2.520000 0.704373 0.360866
v -2.520000 0.696830 0.348280
v -2.520000 0.699753 0.352222
v -2.520000 0.702275 0.356430
v -2.520000 0.689899 0.341350
v -2.520000 0.681749 0.335904
v -2.520000 0.677313 0.333806
v -2.520000 0.685958 0.338427
v -2.520000 0.693535 0.344645
v -2.520000 0.702275 0.403570
v -2.520000 0.703824 0.400296
v -2.520000 0.704373 0.399134
v -2.520000 0.707219 0.389755
v -2.520000 0.706026 0.394514
v -2.520000 0.707938 0.384901
v -2.520000 0.707938 0.375099
v -2.520000 0.708179 0.380000
v -2.520000 0.706026 0.365486
v -2.520000 0.707219 0.370246
v -2.620000 0.707219 0.389755
v -2.620000 0.707938 0.384901
v -2.620000 0.707938 0.375099
v -2.620000 0.708179 0.380000
v -2.620000 0.706026 0.394514
v -2.620000 0.707219 0.370246
v -2.620000 0.704373 0.399134
v -2.620000 0.705543 0.364136
v -2.620000 0.706026 0.365486
v -2.620000 0.702275 0.403570
v -2.620000 0.704373 0.360866
v -2.620000 0.702275 0.356430
v -2.620000 0.653278 0.429759
v -2.620000 0.658179 0.430000
v -2.620000 0.648425 0.429039
v -2.620000 0.667934 0.429039
v -2.620000 0.663080 0.429759
v -2.620000 0.677313 0.426194
v -2.620000 0.634609 0.424096
v -2.620000 0.639045 0.426194
v -2.620000 0.681749 0.424096
v -2.620000 0.630401 0.421574
v -2.620000 0.643665 0.427847
v -2.620000 0.672693 0.427847
v -2.620000 0.685958 0.421574
v -2.620000 0.626460 0.418651
v -2.620000 0.689899 0.418651
v -2.620000 0.619529 0.411720
v -2.620000 0.696830 0.411720
v -2.620000 0.622824 0.415355
v -2.620000 0.693535 0.415355
v -2.620000 0.614083 0.403570
v -2.620000 0.610332 0.394514
v -2.620000 0.608420 0.384901
v -2.620000 0.609140 0.389755
v -2.620000 0.611985 0.399134
v -2.620000 0.616606 0.407779
v -2.620000 0.699753 0.407779
v -2.620000 0.609140 0.370246
v -2.620000 0.608420 0.375099
v -2.620000 0.614083 0.356430
v -2.620000 0.611985 0.360866
v -2.620000 0.610332 0.365486
v -2.620000 0.696830 0.348280
v -2.620000 0.622824 0.344645
v -2.620000 0.619529 0.348280
v -2.620000 0.693535 0.344645
v -2.620000 0.616606 0.352222
v -2.620000 0.699753 0.352222
v -2.620000 0.630401 0.338427
v -2.620000 0.685958 0.338427
v -2.620000 0.639045 0.333806
v -2.620000 0.677313 0.333806
v -2.620000 0.634609 0.335904
v -2.620000 0.681749 0.335904
v -2.620000 0.667934 0.330961
v -2.620000 0.658179 0.330000
v -2.620000 0.653278 0.330241
v -2.620000 0.663080 0.330241
v -2.620000 0.643665 0.332153
v -2.620000 0.648425 0.330961
v -2.620000 0.672693 0.332153
v -2.620000 0.626460 0.341350
v -2.620000 0.689899 0.341350
v -2.620000 0.608179 0.380000
v -2.520000 0.380000 0.708179
v -2.520000 0.375099 0.707939
v -2.520000 0.384901 0.707939
v -2.520000 0.370245 0.707219
v -2.520000 0.394514 0.706026
v -2.520000 0.365486 0.706026
v -2.520000 0.389755 0.707219
v -2.520000 0.360866 0.704373
v -2.520000 0.403570 0.702275
v -2.520000 0.352221 0.699753
v -2.520000 0.411720 0.696830
v -2.520000 0.356430 0.702275
v -2.520000 0.407779 0.699753
v -2.520000 0.348280 0.696830
v -2.520000 0.399134 0.704373
v -2.520000 0.344645 0.693535
v -2.520000 0.418651 0.689899
v -2.520000 0.338427 0.685958
v -2.520000 0.424096 0.681749
v -2.520000 0.341349 0.689899
v -2.520000 0.421573 0.685958
v -2.520000 0.333806 0.677314
v -2.520000 0.427847 0.672694
v -2.520000 0.330241 0.663080
v -2.520000 0.330961 0.667934
v -2.520000 0.429759 0.663080
v -2.520000 0.332153 0.672694
v -2.520000 0.429039 0.667934
v -2.520000 0.335904 0.681749
v -2.520000 0.426194 0.677314
v -2.520000 0.415355 0.693535
v -2.520000 0.330241 0.653279
v -2.520000 0.429759 0.653279
v -2.520000 0.332153 0.643665
v -2.520000 0.427847 0.643665
v -2.520000 0.330961 0.648425
v -2.520000 0.429039 0.648425
v -2.520000 0.335904 0.634610
v -2.520000 0.424096 0.634610
v -2.520000 0.341349 0.626460
v -2.520000 0.418651 0.626460
v -2.520000 0.338427 0.630401
v -2.520000 0.421573 0.630401
v -2.520000 0.333806 0.639045
v -2.520000 0.426194 0.639045
v -2.520000 0.348280 0.619529
v -2.520000 0.411720 0.619529
v -2.520000 0.356430 0.614083
v -2.520000 0.403570 0.614083
v -2.520000 0.352221 0.616606
v -2.520000 0.407779 0.616606
v -2.520000 0.365486 0.610332
v -2.520000 0.394514 0.610332
v -2.520000 0.380000 0.608179
v -2.520000 0.384901 0.608420
v -2.520000 0.375099 0.608420
v -2.520000 0.389755 0.609140
v -2.520000 0.370245 0.609140
v -2.520000 0.399134 0.611985
v -2.520000 0.360866 0.611985
v -2.520000 0.415355 0.622824
v -2.520000 0.344645 0.622824
v -2.520000 0.430000 0.658179
v -2.520000 0.330000 0.658179
v -2.620000 0.375099 0.707939
v -2.620000 0.380000 0.708179
v -2.620000 0.389755 0.707219
v -2.620000 0.384901 0.707939
v -2.620000 0.365486 0.706026
v -2.620000 0.370245 0.707219
v -2.620000 0.360866 0.704373
v -2.620000 0.399134 0.704373
v -2.620000 0.356430 0.702275
v -2.620000 0.394514 0.706026
v -2.620000 0.352221 0.699753
v -2.620000 0.407779 0.699753
v -2.620000 0.411720 0.696830
v -2.620000 0.344645 0.693535
v -2.620000 0.415355 0.693535
v -2.620000 0.348280 0.696830
v -2.620000 0.403570 0.702275
v -2.620000 0.421573 0.685958
v -2.620000 0.335904 0.681749
v -2.620000 0.426194 0.677314
v -2.620000 0.338427 0.685958
v -2.620000 0.424096 0.681749
v -2.620000 0.332153 0.672694
v -2.620000 0.429039 0.667934
v -2.620000 0.330241 0.663080
v -2.620000 0.430000 0.658179
v -2.620000 0.330961 0.667934
v -2.620000 0.429759 0.663080
v -2.620000 0.333806 0.677314
v -2.620000 0.427847 0.672694
v -2.620000 0.330000 0.658179
v -2.620000 0.341349 0.689899
v -2.620000 0.418651 0.689899
v -2.620000 0.330241 0.653279
v -2.620000 0.332153 0.643665
v -2.620000 0.427847 0.643665
v -2.620000 0.330961 0.648425
v -2.620000 0.429039 0.648425
v -2.620000 0.335904 0.634610
v -2.620000 0.424096 0.634610
v -2.620000 0.341349 0.626460
v -2.620000 0.418651 0.626460
v -2.620000 0.338427 0.630401
v -2.620000 0.421573 0.630401
v -2.620000 0.333806 0.639045
v -2.620000 0.426194 0.639045
v -2.620000 0.348280 0.619529
v -2.620000 0.411720 0.619529
v -2.620000 0.356430 0.614083
v -2.620000 0.403570 0.614083
v -2.620000 0.352221 0.616606
v -2.620000 0.407779 0.616606
v -2.620000 0.365486 0.610332
v -2.620000 0.394514 0.610332
v -2.620000 0.380000 0.608179
v -2.620000 0.375099 0.608420
v -2.620000 0.384901 0.608420
v -2.620000 0.370245 0.609140
v -2.620000 0.389755 0.609140
v -2.620000 0.360866 0.611985
v -2.620000 0.399134 0.611985
v -2.620000 0.344645 0.622824
v -2.620000 0.415355 0.622824
v -2.620000 0.429759 0.653279
v -5.700000 0.500000 0.000000
v -5.500000 0.500000 -0.000000
v -5.700000 0.497592 -0.049009
v -5.500000 0.497592 -0.049009
v -5.700000 0.490393 -0.097545
v -5.500000 0.490393 -0.097545
v -5.700000 0.478470 -0.145142
v -5.500000 0.478470 -0.145142
v -5.700000 0.461940 -0.191342
v -5.500000 0.461940 -0.191342
v -5.700000 0.440961 -0.235698
v -5.500000 0.440961 -0.235698
v -5.700000 0.415735 -0.277785
v -5.500000 0.415735 -0.277785
v -5.700000 0.386505 -0.317197
v -5.500000 0.386505 -0.317197
v -5.700000 0.353553 -0.353553
v -5.500000 0.353553 -0.353553
v -5.700000 0.317197 -0.386505
v -5.500000 0.317197 -0.386505
v -5.700000 0.277785 -0.415735
v -5.500000 0.277785 -0.415735
v -5.700000 0.235698 -0.440961
v -5.500000 0.235698 -0.440961
v -5.700000 0.191342 -0.461940
v -5.500000 0.191342 -0.461940
v -5.700000 0.145142 -0.478470
v -5.500000 0.145142 -0.478470
v -5.700000 0.097545 -0.490393
v -5.500000 0.097545 -0.490393
v -5.700000 0.049009 -0.497592
v -5.500000 0.049009 -0.497592
v -5.700000 0.000000 -0.500000
v -5.500000 0.000000 -0.500000
v -5.700000 -0.049009 -0.497592
v -5.500000 -0.049009 -0.497592
v -5.700000 -0.097545 -0.490393
v -5.500000 -0.097545 -0.490393
v -5.700000 -0.145142 -0.478470
v -5.500000 -0.145142 -0.478470
v -5.700000 -0.191342 -0.461940
v -5.500000 -0.191342 -0.461940
v -5.700000 -0.235698 -0.440961
v -5.500000 -0.235698 -0.440961
v -5.700000 -0.277785 -0.415735
v -5.500000 -0.277785 -0.415735
v -5.700000 -0.317197 -0.386505
v -5.500000 -0.317197 -0.386505
v -5.700000 -0.353553 -0.353553
v -5.500000 -0.353553 -0.353553
v -5.700000 -0.386505 -0.317197
v -5.500000 -0.386505 -0.317197
v -5.700000 -0.415735 -0.277785
v -5.500000 -0.415735 -0.277785
v -5.700000 -0.440961 -0.235698
v -5.500000 -0.440961 -0.235698
v -5.700000 -0.461940 -0.191342
v -5.500000 -0.461940 -0.191342
v -5.700000 -0.478470 -0.145142
v -5.500000 -0.478470 -0.145142
v -5.700000 -0.490393 -0.097545
v -5.500000 -0.490393 -0.097545
v -5.700000 -0.497592 -0.049009
v -5.500000 -0.497592 -0.049009
v -5.700000 -0.500000 0.000000
v -5.500000 -0.500000 -0.000000
v -5.700000 -0.497592 0.049009
v -5.500000 -0.497592 0.049009
v -5.700000 -0.490393 0.097545
v -5.500000 -0.490393 0.097545
v -5.700000 -0.478470 0.145142
v -5.500000 -0.478470 0.145142
v -5.700000 -0.461940 0.191342
v -5.500000 -0.461940 0.191342
v -5.700000 -0.440961 0.235698
v -5.500000 -0.440961 0.235698
v -5.700000 -0.415735 0.277785
v -5.500000 -0.415735 0.277785
v -5.700000 -0.386505 0.317197
v -5.500000 -0.386505 0.317197
v -5.700000 -0.353553 0.353553
v -5.500000 -0.353553 0.353553
v -5.700000 -0.317197 0.386505
v -5.500000 -0.317197 0.386505
v -5.700000 -0.277785 0.415735
v -5.500000 -0.277785 0.415735
v -5.700000 -0.235698 0.440961
v -5.500000 -0.235698 0.440961
v -5.700000 -0.191342 0.461940
v -5.500000 -0.191342 0.461940
v -5.700000 -0.145142 0.478470
v -5.500000 -0.145142 0.478470
v -5.700000 -0.097545 0.490393
v -5.500000 -0.097545 0.490393
v -5.700000 -0.049009 0.497592
v -5.500000 -0.049009 0.497592
v -5.700000 0.000000 0.500000
v -5.500000 0.000000 0.500000
v -5.700000 0.049009 0.497592
v -5.500000 0.049009 0.497592
v -5.700000 0.097545 0.490393
v -5.500000 0.097545 0.490393
v -5.700000 0.145142 0.478470
v -5.500000 0.145142 0.478470
v -5.700000 0.191342 0.461940
v -5.500000 0.191342 0.461940
v -5.700000 0.235698 0.440961
v -5.500000 0.235698 0.440961
v -5.700000 0.277785 0.415735
v -5.500000 0.277785 0.415735
v -5.700000 0.317197 0.386505
v -5.500000 0.317197 0.386505
v -5.700000 0.353553 0.353553
v -5.500000 0.353553 0.353553
v -5.700000 0.386505 0.317197
v -5.500000 0.386505 0.317197
v -5.700000 0.415735 0.277785
v -5.500000 0.415735 0.277785
v -5.700000 0.440961 0.235698
v -5.500000 0.440961 0.235698
v -5.700000 0.461940 0.191342
v -5.500000 0.461940 0.191342
v -5.700000 0.478470 0.145142
v -5.500000 0.478470 0.145142
v -5.700000 0.490393 0.097545
v -5.500000 0.490393 0.097545
v -5.700000 0.497592 0.049009
v -5.500000 0.497592 0.049009
v -5.590000 0.448082 0.185601
v -5.590000 0.464116 0.140788
v -5.590000 0.482665 0.047538
v -5.590000 0.485000 -0.000000
v -5.590000 0.475681 0.094619
v -5.590000 0.185601 0.448082
v -5.590000 0.228627 0.427732
v -5.590000 0.307681 0.374910
v -5.590000 0.342947 0.342947
v -5.590000 0.269452 0.403263
v -5.590000 0.000000 0.485000
v -5.590000 -0.047538 0.482665
v -5.590000 -0.094619 0.475681
v -5.590000 -0.185601 0.448082
v -5.590000 -0.140788 0.464116
v -5.590000 -0.342947 0.342947
v -5.590000 -0.374910 0.307681
v -5.590000 -0.403263 0.269452
v -5.590000 -0.448082 0.185601
v -5.590000 -0.427732 0.228627
v -5.590000 -0.482665 -0.047538
v -5.590000 -0.485000 -0.000000
v -5.590000 -0.464116 -0.140788
v -5.590000 -0.475681 -0.094619
v -5.590000 -0.448082 -0.185601
v -5.590000 -0.307681 -0.374910
v -5.590000 -0.342947 -0.342947
v -5.590000 -0.269452 -0.403263
v -5.590000 -0.228627 -0.427732
v -5.590000 -0.185601 -0.448082
v -5.590000 0.185601 -0.448082
v -5.590000 0.140788 -0.464116
v -5.590000 0.047538 -0.482665
v -5.590000 0.000000 -0.485000
v -5.590000 0.094619 -0.475681
v -5.590000 0.448082 -0.185601
v -5.590000 0.427732 -0.228627
v -5.590000 0.374910 -0.307681
v -5.590000 0.342947 -0.342947
v -5.590000 0.403263 -0.269452
v -5.590000 0.140788 0.464116
v -5.590000 0.374910 0.307681
v -5.590000 0.427732 0.228627
v -5.590000 0.482665 -0.047538
v -5.590000 0.403263 0.269452
v -5.590000 0.047538 0.482665
v -5.590000 -0.228627 0.427732
v -5.590000 -0.307681 0.374910
v -5.590000 -0.269452 0.403263
v -5.590000 -0.464116 0.140788
v -5.590000 -0.482665 0.047538
v -5.590000 -0.427732 -0.228627
v -5.590000 -0.374910 -0.307681
v -5.590000 -0.403263 -0.269452
v -5.590000 -0.140788 -0.464116
v -5.590000 0.464116 -0.140788
v -5.590000 0.307681 -0.374910
v -5.590000 0.228627 -0.427732
v -5.590000 -0.047538 -0.482665
v -5.590000 0.269452 -0.403263
v -5.590000 0.094619 0.475681
v -5.590000 0.475681 -0.094619
v -5.590000 -0.475681 0.094619
v -5.590000 -0.094619 -0.475681
v -5.610000 0.482665 -0.047538
v -5.610000 0.475681 -0.094619
v -5.610000 0.448082 -0.185601
v -5.610000 0.427732 -0.228627
v -5.610000 0.464116 -0.140788
v -5.610000 0.307681 -0.374910
v -5.610000 0.269452 -0.403263
v -5.610000 0.185601 -0.448082
v -5.610000 0.140788 -0.464116
v -5.610000 0.228627 -0.427732
v -5.610000 -0.185601 -0.448082
v -5.610000 -0.228627 -0.427732
v -5.610000 -0.094619 -0.475681
v -5.610000 -0.047538 -0.482665
v -5.610000 -0.140788 -0.464116
v -5.610000 -0.448082 -0.185601
v -5.610000 -0.464116 -0.140788
v -5.610000 -0.403263 -0.269452
v -5.610000 -0.427732 -0.228627
v -5.610000 -0.374910 -0.307681
v -5.610000 -0.448082 0.185601
v -5.610000 -0.427732 0.228627
v -5.610000 -0.475681 0.094619
v -5.610000 -0.464116 0.140788
v -5.610000 -0.482665 0.047538
v -5.610000 -0.140788 0.464116
v -5.610000 -0.185601 0.448082
v -5.610000 -0.228627 0.427732
v -5.610000 -0.307681 0.374910
v -5.610000 -0.269452 0.403263
v -5.610000 0.094619 0.475681
v -5.610000 0.047538 0.482665
v -5.610000 0.185601 0.448082
v -5.610000 0.228627 0.427732
v -5.610000 0.140788 0.464116
v -5.610000 0.374910 0.307681
v -5.610000 0.403263 0.269452
v -5.610000 0.448082 0.185601
v -5.610000 0.464116 0.140788
v -5.610000 0.427732 0.228627
v -5.610000 0.485000 0.000000
v -5.610000 0.403263 -0.269452
v -5.610000 0.342947 -0.342947
v -5.610000 0.094619 -0.475681
v -5.610000 0.374910 -0.307681
v -5.610000 -0.475681 -0.094619
v -5.610000 -0.342947 -0.342947
v -5.610000 -0.269452 -0.403263
v -5.610000 -0.307681 -0.374910
v -5.610000 0.000000 -0.485000
v -5.610000 -0.094619 0.475681
v -5.610000 -0.342947 0.342947
v -5.610000 -0.403263 0.269452
v -5.610000 -0.374910 0.307681
v -5.610000 -0.485000 0.000000
v -5.610000 0.000000 0.485000
v -5.610000 0.269452 0.403263
v -5.610000 0.342947 0.342947
v -5.610000 0.475681 0.094619
v -5.610000 0.307681 0.374910
v -5.610000 0.482665 0.047538
v -5.610000 0.047538 -0.482665
v -5.610000 -0.047538 0.482665
v -5.610000 -0.482665 -0.047538
v -5.610000 0.500000 0.000000
v -5.590000 0.500000 -0.000000
v -5.610000 0.497592 -0.049009
v -5.590000 0.497592 -0.049009
v -5.610000 0.490393 -0.097545
v -5.590000 0.490393 -0.097545
v -5.610000 0.478470 -0.145142
v -5.590000 0.478470 -0.145142
v -5.610000 0.461940 -0.191342
v -5.590000 0.461940 -0.191342
v -5.610000 0.440961 -0.235698
v -5.590000 0.440961 -0.235698
v -5.610000 0.415735 -0.277785
v -5.590000 0.415735 -0.277785
v -5.610000 0.386505 -0.317197
v -5.590000 0.386505 -0.317197
v -5.610000 0.353553 -0.353553
v -5.590000 0.353553 -0.353553
v -5.610000 0.317197 -0.386505
v -5.590000 0.317197 -0.386505
v -5.610000 0.277785 -0.415735
v -5.590000 0.277785 -0.415735
v -5.610000 0.235698 -0.440961
v -5.590000 0.235698 -0.440961
v -5.610000 0.191342 -0.461940
v -5.590000 0.191342 -0.461940
v -5.610000 0.145142 -0.478470
v -5.590000 0.145142 -0.478470
v -5.610000 0.097545 -0.490393
v -5.590000 0.097545 -0.490393
v -5.610000 0.049009 -0.497592
v -5.590000 0.049009 -0.497592
v -5.590000 0.000000 -0.500000
v -5.610000 0.000000 -0.500000
v -5.610000 -0.049009 -0.497592
v -5.590000 -0.049009 -0.497592
v -5.610000 -0.097545 -0.490393
v -5.590000 -0.097545 -0.490393
v -5.590000 -0.097545 -0.490393
v -5.610000 -0.145142 -0.478470
v -5.590000 -0.145142 -0.478470
v -5.610000 -0.191342 -0.461940
v -5.590000 -0.191342 -0.461940
v -5.610000 -0.235698 -0.440961
v -5.590000 -0.235698 -0.440961
v -5.610000 -0.277785 -0.415735
v -5.590000 -0.277785 -0.415735
v -5.610000 -0.317197 -0.386505
v -5.590000 -0.317197 -0.386505
v -5.610000 -0.353553 -0.353553
v -5.590000 -0.353553 -0.353553
v -5.610000 -0.386505 -0.317197
v -5.590000 -0.386505 -0.317197
v -5.610000 -0.415735 -0.277785
v -5.590000 -0.415735 -0.277785
v -5.610000 -0.440961 -0.235698
v -5.590000 -0.440961 -0.235698
v -5.610000 -0.461940 -0.191342
v -5.590000 -0.461940 -0.191342
v -5.610000 -0.478470 -0.145142
v -5.590000 -0.478470 -0.145142
v -5.610000 -0.490393 -0.097545
v -5.590000 -0.490393 -0.097545
v -5.610000 -0.497592 -0.049009
v -5.590000 -0.497592 -0.049009
v -5.610000 -0.500000 0.000000
v -5.590000 -0.500000 -0.000000
v -5.610000 -0.497592 0.049009
v -5.590000 -0.497592 0.049009
v -5.610000 -0.490393 0.097545
v -5.590000 -0.490393 0.097545
v -5.610000 -0.478470 0.145142
v -5.590000 -0.478470 0.145142
v -5.610000 -0.461940 0.191342
v -5.590000 -0.461940 0.191342
v -5.610000 -0.440961 0.235698
v -5.590000 -0.440961 0.235698
v -5.610000 -0.415735 0.277785
v -5.590000 -0.415735 0.277785
v -5.610000 -0.386505 0.317197
v -5.590000 -0.386505 0.317197
v -5.610000 -0.353553 0.353553
v -5.590000 -0.353553 0.353553
v -5.610000 -0.317197 0.386505
v -5.590000 -0.317197 0.386505
v -5.610000 -0.277785 0.415735
v -5.590000 -0.277785 0.415735
v -5.610000 -0.235698 0.440961
v -5.610000 -0.235698 0.440961
v -5.590000 -0.235698 0.440961
v -5.610000 -0.191342 0.461940
v -5.590000 -0.191342 0.461940
v -5.610000 -0.145142 0.478470
v -5.590000 -0.145142 0.478470
v -5.610000 -0.097545 0.490393
v -5.590000 -0.097545 0.490393
v -5.610000 -0.049009 0.497592
v -5.590000 -0.049009 0.497592
v -5.610000 0.000000 0.500000
v -5.590000 0.000000 0.500000
v -5.610000 0.049009 0.497592
v -5.590000 0.049009 0.497592
v -5.610000 0.097545 0.490393
v -5.590000 0.097545 0.490393
v -5.610000 0.145142 0.478470
v -5.590000 0.145142 0.478470
v -5.610000 0.191342 0.461940
v -5.590000 0.191342 0.461940
v -5.610000 0.235698 0.440961
v -5.590000 0.235698 0.440961
v -5.610000 0.277785 0.415735
v -5.590000 0.277785 0.415735
v -5.610000 0.317197 0.386505
v -5.590000 0.317197 0.386505
v -5.610000 0.353553 0.353553
v -5.590000 0.353553 0.353553
v -5.610000 0.386505 0.317197
v -5.590000 0.386505 0.317197
v -5.610000 0.415735 0.277785
v -5.590000 0.415735 0.277785
v -5.610000 0.440961 0.235698
v -5.610000 0.440961 0.235698
v -5.590000 0.440961 0.235698
v -5.610000 0.461940 0.191342
v -5.590000 0.461940 0.191342
v -5.610000 0.478470 0.145142
v -5.590000 0.478470 0.145142
v -5.610000 0.490393 0.097545
v -5.590000 0.490393 0.097545
v -5.590000 0.490393 0.097545
v -5.610000 0.497592 0.049009
v -5.590000 0.497592 0.049009
vn -0.0000 0.9988 -0.0491
vn -0.0000 0.9892 -0.1467
vn -0.0000 0.9700 -0.2430
vn -0.0000 0.9415 -0.3369
vn -0.0000 0.9040 -0.4276
vn -0.0000 0.8577 -0.5141
vn -0.0000 0.8032 -0.5957
vn -0.0000 0.7410 -0.6716
vn -0.0000 0.6716 -0.7410
vn -0.0000 0.5957 -0.8032
vn -0.0000 0.5141 -0.8577
vn -0.0000 0.4276 -0.9040
vn -0.0000 0.3369 -0.9415
vn -0.0000 0.2430 -0.9700
vn -0.0000 0.1467 -0.9892
vn -0.0000 0.0491 -0.9988
vn -0.0000 -0.0491 -0.9988
vn -0.0000 -0.1467 -0.9892
vn -0.0000 -0.2430 -0.9700
vn -0.0000 -0.3369 -0.9415
vn -0.0000 -0.4276 -0.9040
vn -0.0000 -0.5141 -0.8577
vn -0.0000 -0.5957 -0.8032
vn -0.0000 -0.6716 -0.7410
vn -0.0000 -0.7410 -0.6716
vn -0.0000 -0.8032 -0.5957
vn -0.0000 -0.8577 -0.5141
vn -0.0000 -0.9040 -0.4276
vn -0.0000 -0.9415 -0.3369
vn -0.0000 -0.9700 -0.2430
vn -0.0000 -0.9892 -0.1467
vn -0.0000 -0.9988 -0.0491
vn -0.0000 -0.9988 0.0491
vn -0.0000 -0.9892 0.1467
vn -0.0000 -0.9700 0.2430
vn -0.0000 -0.9415 0.3369
vn -0.0000 -0.9040 0.4276
vn -0.0000 -0.8577 0.5141
vn -0.0000 -0.8032 0.5957
vn -0.0000 -0.7410 0.6716
vn -0.0000 -0.6716 0.7410
vn -0.0000 -0.5957 0.8032
vn -0.0000 -0.5141 0.8577
vn -0.0000 -0.4276 0.9040
vn -0.0000 -0.3369 0.9415
vn -0.0000 -0.2430 0.9700
vn -0.0000 -0.1467 0.9892
vn -0.0000 -0.0491 0.9988
vn -0.0000 0.0491 0.9988
vn -0.0000 0.1467 0.9892
vn -0.0000 0.2430 0.9700
vn -0.0000 0.3369 0.9415
vn -0.0000 0.4276 0.9040
vn -0.0000 0.5141 0.8577
vn -0.0000 0.5957 0.8032
vn -0.0000 0.6716 0.7410
vn -0.0000 0.7410 0.6716
vn -0.0000 0.8032 0.5957
vn -0.0000 0.8577 0.5141
vn -0.0000 0.9040 0.4276
vn -0.0000 0.9415 0.3369
vn -0.0000 0.9700 0.2430
vn 1.0000 -0.0000 -0.0000
vn -0.0000 0.9892 0.1467
vn -0.0000 0.9988 0.0491
vn -1.0000 -0.0000 -0.0000
vn -0.0000 0.8660 -0.5000
vn -0.0000 -0.0000 -1.0000
vn -0.0000 -0.8660 -0.5000
vn -0.0000 -0.8660 0.5000
vn -0.0000 -0.0000 1.0000
vn -0.0000 0.8660 0.5000
vn -0.0000 -0.9040 0.4275
vn -0.0000 -0.7409 0.6716
vn -0.0000 -0.6715 0.7410
vn -0.0000 0.6716 0.7409
vn -0.0000 0.6716 -0.7409
vn -0.0000 0.4275 -0.9040
vn -0.0000 -0.6715 -0.7410
vn -0.0000 -0.7409 -0.6716
vn -0.0000 -0.4275 0.9040
vn -0.0000 0.7409 0.6716
vn -0.0000 0.4275 0.9040
vn -0.0000 -0.4275 -0.9040
vn -0.0000 -0.6716 0.7409
vn -0.0000 -0.6716 -0.7409
vn -0.0000 0.7409 -0.6716
vn -0.0000 0.6715 0.7410
vn -0.0000 0.9040 -0.4275
vn -0.0000 0.9040 0.4275
vn -0.0000 0.6715 -0.7410
vn -0.0000 -0.9040 -0.4275
vn -1.0000 -0.0000 0.0001
vn -1.0000 -0.0000 -0.0001
vn 1.0000 -0.0000 0.0001
vn 1.0000 -0.0000 -0.0001
vn -1.0000 -0.0000 0.0002
vn -1.0000 -0.0000 -0.0002
vn 1.0000 -0.0000 0.0002
vn 1.0000 -0.0000 -0.0002
vn 1.0000 -0.0000 -0.0007
vn 1.0000 -0.0000 0.0003
vn 1.0000 -0.0000 0.0030
vn 1.0000 -0.0000 -0.0017
vn -1.0000 -0.0000 0.0006
vn -1.0000 -0.0000 0.0008
vn -1.0000 -0.0000 -0.0022
vn -1.0000 -0.0000 -0.0011
vn -0.0000 -0.1468 0.9892
vn 1.0000 -0.0000 -0.0003
vn -1.0000 -0.0000 -0.0010
vn -1.0000 -0.0000 0.0010
vn -0.0039 -0.0000 1.0000
vn 1.0000 -0.0000 -0.0021
vn 1.0000 -0.0000 0.0005
vn 1.0000 -0.0000 0.0021
s 0
usemtl pipe_steel
f 2//1 3//1 1//1
f 4//2 5//2 3//2
f 6//3 7//3 5//3
f 8//4 9//4 7//4
f 10//5 11//5 9//5
f 12//6 13//6 11//6
f 14//7 15//7 13//7
f 16//8 17//8 15//8
f 18//9 19//9 17//9
f 20//10 21//10 19//10
f 22//11 23//11 21//11
f 24//12 25//12 23//12
f 26//13 27//13 25//13
f 28//14 29//14 27//14
f 30//15 31//15 29//15
f 32//16 33//16 31//16
f 34//17 35//17 33//17
f 36//18 37//18 35//18
f 38//19 39//19 37//19
f 40//20 41//20 39//20
f 42//21 43//21 41//21
f 44//22 45//22 43//22
f 46//23 47//23 45//23
f 48//24 49//24 47//24
f 50//25 51//25 49//25
f 52//26 53//26 51//26
f 54//27 55//27 53//27
f 56//28 57//28 55//28
f 58//29 59//29 57//29
f 60//30 61//30 59//30
f 62//31 63//31 61//31
f 64//32 65//32 63//32
f 66//33 67//33 65//33
f 68//34 69//34 67//34
f 70//35 71//35 69//35
f 72//36 73//36 71//36
f 74//37 75//37 73//37
f 76//38 77//38 75//38
f 78//39 79//39 77//39
f 80//40 81//40 79//40
f 82//41 83//41 81//41
f 84//42 85//42 83//42
f 86//43 87//43 85//43
f 88//44 89//44 87//44
f 90//45 91//45 89//45
f 92//46 93//46 91//46
f 94//47 95//47 93//47
f 96//48 97//48 95//48
f 98//49 99//49 97//49
f 100//50 101//50 99//50
f 102//51 103//51 101//51
f 104//52 105//52 103//52
f 106//53 107//53 105//53
f 108//54 109//54 107//54
f 110//55 111//55 109//55
f 112//56 113//56 111//56
f 114//57 115//57 113//57
f 116//58 117//58 115//58
f 118//59 119//59 117//59
f 120//60 121//60 119//60
f 122//61 123//61 121//61
f 124//62 125//62 123//62
f 70//63 38//63 6//63
f 126//64 127//64 125//64
f 128//65 1//65 127//65
f 63//66 95//66 127//66
f 130//1 131//1 129//1
f 132//2 133//2 131//2
f 134//3 135//3 133//3
f 136//4 137//4 135//4
f 138//5 139//5 137//5
f 140//6 141//6 139//6
f 142//7 143//7 141//7
f 144//8 145//8 143//8
f 146//9 147//9 145//9
f 148//10 149//10 147//10
f 150//11 151//11 149//11
f 152//12 153//12 151//12
f 154//13 155//13 153//13
f 156//14 157//14 155//14
f 158//15 159//15 157//15
f 160//16 161//16 159//16
f 162//17 163//17 161//17
f 164//18 165//18 163//18
f 166//19 167//19 165//19
f 168//20 169//20 167//20
f 170//21 171//21 169//21
f 172//22 173//22 171//22
f 174//23 175//23 173//23
f 176//24 177//24 175//24
f 178//25 179//25 177//25
f 180//26 181//26 179//26
f 182//27 183//27 181//27
f 184//28 185//28 183//28
f 186//29 187//29 185//29
f 188//30 189//30 187//30
f 190//31 191//31 189//31
f 192//32 193//32 191//32
f 194//33 195//33 193//33
f 196//34 197//34 195//34
f 198//35 199//35 197//35
f 200//36 201//36 199//36
f 202//37 203//37 201//37
f 204//38 205//38 203//38
f 206//39 207//39 205//39
f 208//40 209//40 207//40
f 210//41 211//41 209//41
f 212//42 213//42 211//42
f 214//43 215//43 213//43
f 216//44 217//44 215//44
f 218//45 219//45 217//45
f 220//46 221//46 219//46
f 222//47 223//47 221//47
f 224//48 225//48 223//48
f 226//49 227//49 225//49
f 228//50 229//50 227//50
f 230//51 231//51 229//51
f 232//52 233//52 231//52
f 234//53 235//53 233//53
f 236//54 237//54 235//54
f 238//55 239//55 237//55
f 240//56 241//56 239//56
f 242//57 243//57 241//57
f 244//58 245//58 243//58
f 246//59 247//59 245//59
f 248//60 249//60 247//60
f 250//61 251//61 249//61
f 252//62 253//62 251//62
f 198//63 166//63 134//63
f 254//64 255//64 253//64
f 256//65 129//65 255//65
f 191//66 223//66 255//66
f 258//1 259//1 257//1
f 260//2 261//2 259//2
f 262//3 263//3 261//3
f 264//4 265//4 263//4
f 266//5 267//5 265//5
f 268//6 269//6 267//6
f 270//7 271//7 269//7
f 272//8 273//8 271//8
f 274//9 275//9 273//9
f 276//10 277//10 275//10
f 278//11 279//11 277//11
f 280//12 281//12 279//12
f 282//13 283//13 281//13
f 284//14 285//14 283//14
f 286//15 287//15 285//15
f 288//16 289//16 287//16
f 290//17 291//17 289//17
f 292//18 293//18 291//18
f 294//19 295//19 293//19
f 296//20 297//20 295//20
f 298//21 299//21 297//21
f 300//22 301//22 299//22
f 302//23 303//23 301//23
f 304//24 305//24 303//24
f 306//25 307//25 305//25
f 308//26 309//26 307//26
f 310//27 311//27 309//27
f 312//28 313//28 311//28
f 314//29 315//29 313//29
f 316//30 317//30 315//30
f 318//31 319//31 317//31
f 320//32 321//32 319//32
f 322//33 323//33 321//33
f 324//34 325//34 323//34
f 326//35 327//35 325//35
f 328//36 329//36 327//36
f 330//37 331//37 329//37
f 332//38 333//38 331//38
f 334//39 335//39 333//39
f 336//40 337//40 335//40
f 338//41 339//41 337//41
f 340//42 341//42 339//42
f 342//43 343//43 341//43
f 344//44 345//44 343//44
f 346//45 347//45 345//45
f 348//46 349//46 347//46
f 350//47 351//47 349//47
f 352//48 353//48 351//48
f 354//49 355//49 353//49
f 356//50 357//50 355//50
f 358//51 359//51 357//51
f 360//52 361//52 359//52
f 362//53 363//53 361//53
f 364//54 365//54 363//54
f 366//55 367//55 365//55
f 368//56 369//56 367//56
f 370//57 371//57 369//57
f 372//58 373//58 371//58
f 374//59 375//59 373//59
f 376//60 377//60 375//60
f 378//61 379//61 377//61
f 380//62 381//62 379//62
f 326//63 294//63 262//63
f 382//64 383//64 381//64
f 384//65 257//65 383//65
f 319//66 351//66 383//66
f 386//1 387//1 385//1
f 388//2 389//2 387//2
f 390//3 391//3 389//3
f 392//4 393//4 391//4
f 394//5 395//5 393//5
f 396//6 397//6 395//6
f 398//7 399//7 397//7
f 400//8 401//8 399//8
f 402//9 403//9 401//9
f 404//10 405//10 403//10
f 406//11 407//11 405//11
f 408//12 409//12 407//12
f 410//13 411//13 409//13
f 412//14 413//14 411//14
f 414//15 415//15 413//15
f 416//16 417//16 415//16
f 418//17 419//17 417//17
f 420//18 421//18 419//18
f 422//19 423//19 421//19
f 424//20 425//20 423//20
f 426//21 427//21 425//21
f 428//22 429//22 427//22
f 430//23 431//23 429//23
f 432//24 433//24 431//24
f 434//25 435//25 433//25
f 436//26 437//26 435//26
f 438//27 439//27 437//27
f 440//28 441//28 439//28
f 442//29 443//29 441//29
f 444//30 445//30 443//30
f 446//31 447//31 445//31
f 448//32 449//32 447//32
f 450//33 451//33 449//33
f 452//34 453//34 451//34
f 454//35 455//35 453//35
f 456//36 457//36 455//36
f 458//37 459//37 457//37
f 460//38 461//38 459//38
f 462//39 463//39 461//39
f 464//40 465//40 463//40
f 466//41 467//41 465//41
f 468//42 469//42 467//42
f 470//43 471//43 469//43
f 472//44 473//44 471//44
f 474//45 475//45 473//45
f 476//46 477//46 475//46
f 478//47 479//47 477//47
f 480//48 481//48 479//48
f 482//49 483//49 481//49
f 484//50 485//50 483//50
f 486//51 487//51 485//51
f 488//52 489//52 487//52
f 490//53 491//53 489//53
f 492//54 493//54 491//54
f 494//55 495//55 493//55
f 496//56 497//56 495//56
f 498//57 499//57 497//57
f 500//58 501//58 499//58
f 502//59 503//59 501//59
f 504//60 505//60 503//60
f 506//61 507//61 505//61
f 508//62 509//62 507//62
f 454//63 422//63 390//63
f 510//64 511//64 509//64
f 512//65 385//65 511//65
f 447//66 479//66 511//66
f 514//1 515//1 513//1
f 516//2 517//2 515//2
f 518//3 519//3 517//3
f 520//4 521//4 519//4
f 522//5 523//5 521//5
f 524//6 525//6 523//6
f 526//7 527//7 525//7
f 528//8 529//8 527//8
f 530//9 531//9 529//9
f 532//10 533//10 531//10
f 534//11 535//11 533//11
f 536//12 537//12 535//12
f 538//13 539//13 537//13
f 540//14 541//14 539//14
f 542//15 543//15 541//15
f 544//16 545//16 543//16
f 546//17 547//17 545//17
f 548//18 549//18 547//18
f 550//19 551//19 549//19
f 552//20 553//20 551//20
f 554//21 555//21 553//21
f 556//22 557//22 555//22
f 558//23 559//23 557//23
f 560//24 561//24 559//24
f 562//25 563//25 561//25
f 564//26 565//26 563//26
f 566//27 567//27 565//27
f 568//28 569//28 567//28
f 570//29 571//29 569//29
f 572//30 573//30 571//30
f 574//31 575//31 573//31
f 576//32 577//32 575//32
f 578//33 579//33 577//33
f 580//34 581//34 579//34
f 582//35 583//35 581//35
f 584//36 585//36 583//36
f 586//37 587//37 585//37
f 588//38 589//38 587//38
f 590//39 591//39 589//39
f 592//40 593//40 591//40
f 594//41 595//41 593//41
f 596//42 597//42 595//42
f 598//43 599//43 597//43
f 600//44 601//44 599//44
f 602//45 603//45 601//45
f 604//46 605//46 603//46
f 606//47 607//47 605//47
f 608//48 609//48 607//48
f 610//49 611//49 609//49
f 612//50 613//50 611//50
f 614//51 615//51 613//51
f 616//52 617//52 615//52
f 618//53 619//53 617//53
f 620//54 621//54 619//54
f 622//55 623//55 621//55
f 624//56 625//56 623//56
f 626//57 627//57 625//57
f 628//58 629//58 627//58
f 630//59 631//59 629//59
f 632//60 633//60 631//60
f 634//61 635//61 633//61
f 636//62 637//62 635//62
f 582//63 550//63 518//63
f 638//64 639//64 637//64
f 640//65 513//65 639//65
f 575//66 607//66 639//66
f 642//1 643//1 641//1
f 644//2 645//2 643//2
f 646//3 647//3 645//3
f 648//4 649//4 647//4
f 650//5 651//5 649//5
f 652//6 653//6 651//6
f 654//7 655//7 653//7
f 656//8 657//8 655//8
f 658//9 659//9 657//9
f 660//10 661//10 659//10
f 662//11 663//11 661//11
f 664//12 665//12 663//12
f 666//13 667//13 665//13
f 668//14 669//14 667//14
f 670//15 671//15 669//15
f 672//16 673//16 671//16
f 674//17 675//17 673//17
f 676//18 677//18 675//18
f 678//19 679//19 677//19
f 680//20 681//20 679//20
f 682//21 683//21 681//21
f 684//22 685//22 683//22
f 686//23 687//23 685//23
f 688//24 689//24 687//24
f 690//25 691//25 689//25
f 692//26 693//26 691//26
f 694//27 695//27 693//27
f 696//28 697//28 695//28
f 698//29 699//29 697//29
f 700//30 701//30 699//30
f 702//31 703//31 701//31
f 704//32 705//32 703//32
f 706//33 707//33 705//33
f 708//34 709//34 707//34
f 710//35 711//35 709//35
f 712//36 713//36 711//36
f 714//37 715//37 713//37
f 716//38 717//38 715//38
f 718//39 719//39 717//39
f 720//40 721//40 719//40
f 722//41 723//41 721//41
f 724//42 725//42 723//42
f 726//43 727//43 725//43
f 728//44 729//44 727//44
f 730//45 731//45 729//45
f 732//46 733//46 731//46
f 734//47 735//47 733//47
f 736//48 737//48 735//48
f 738//49 739//49 737//49
f 740//50 741//50 739//50
f 742//51 743//51 741//51
f 744//52 745//52 743//52
f 746//53 747//53 745//53
f 748//54 749//54 747//54
f 750//55 751//55 749//55
f 752//56 753//56 751//56
f 754//57 755//57 753//57
f 756//58 757//58 755//58
f 758//59 759//59 757//59
f 760//60 761//60 759//60
f 762//61 763//61 761//61
f 764//62 765//62 763//62
f 710//63 678//63 646//63
f 766//64 767//64 765//64
f 768//65 641//65 767//65
f 703//66 735//66 767//66
f 2786//1 3044//1 3042//1
f 2785//1 3043//1 2787//1
f 2788//2 3046//2 3044//2
f 2787//2 3045//2 2789//2
f 2792//3 3046//3 2790//3
f 2791//3 3045//3 3047//3
f 2794//4 3048//4 2792//4
f 2791//4 3049//4 2793//4
f 2794//5 3052//5 3050//5
f 2793//5 3051//5 2795//5
f 2796//6 3054//6 3052//6
f 2795//6 3053//6 2797//6
f 2800//7 3054//7 2798//7
f 2797//7 3055//7 2799//7
f 2802//87 3056//87 2800//87
f 2799//87 3057//87 2801//87
f 2802//9 3060//9 3058//9
f 2803//77 3057//77 3059//77
f 2804//10 3062//10 3060//10
f 2805//10 3059//10 3061//10
f 2806//11 3064//11 3062//11
f 2807//11 3061//11 3063//11
f 2808//12 3066//12 3064//12
f 2809//12 3063//12 3065//12
f 2810//13 3068//13 3066//13
f 2811//13 3065//13 3067//13
f 2812//14 3070//14 3068//14
f 2813//14 3067//14 3069//14
f 2814//15 3072//15 3070//15
f 2815//15 3069//15 3071//15
f 2816//16 3073//16 3072//16
f 2817//16 3071//16 3074//16
f 2818//17 3076//17 3073//17
f 2819//17 3074//17 3075//17
f 2820//18 3078//18 3076//18
f 2821//18 3075//18 3077//18
f 2822//19 3081//19 3079//19
f 2823//19 3077//19 3080//19
f 2824//20 3083//20 3081//20
f 2825//20 3080//20 3082//20
f 2826//21 3085//21 3083//21
f 2827//21 3082//21 3084//21
f 2828//22 3087//22 3085//22
f 2829//22 3084//22 3086//22
f 2830//23 3089//23 3087//23
f 2831//23 3086//23 3088//23
f 2832//24 3091//24 3089//24
f 2833//86 3088//86 3090//86
f 2834//25 3093//25 3091//25
f 2835//25 3090//25 3092//25
f 2836//26 3095//26 3093//26
f 2837//26 3092//26 3094//26
f 2838//27 3097//27 3095//27
f 2839//27 3094//27 3096//27
f 2840//28 3099//28 3097//28
f 2841//28 3096//28 3098//28
f 2842//29 3101//29 3099//29
f 2843//29 3098//29 3100//29
f 2844//30 3103//30 3101//30
f 2845//30 3100//30 3102//30
f 2846//31 3105//31 3103//31
f 2847//31 3102//31 3104//31
f 2848//32 3107//32 3105//32
f 2849//32 3104//32 3106//32
f 2850//33 3109//33 3107//33
f 2851//33 3106//33 3108//33
f 2852//34 3111//34 3109//34
f 2853//34 3108//34 3110//34
f 2854//35 3113//35 3111//35
f 2855//35 3110//35 3112//35
f 2856//36 3115//36 3113//36
f 2857//36 3112//36 3114//36
f 2858//37 3117//37 3115//37
f 2859//37 3114//37 3116//37
f 2860//38 3119//38 3117//38
f 2861//38 3116//38 3118//38
f 2862//39 3121//39 3119//39
f 2863//39 3118//39 3120//39
f 2864//40 3123//40 3121//40
f 2865//40 3120//40 3122//40
f 2866//41 3125//41 3123//41
f 2865//41 3124//41 2867//41
f 2868//42 3127//42 3125//42
f 2867//42 3126//42 2869//42
f 2872//43 3127//43 2870//43
f 3128//43 2871//43 3126//43
f 2874//44 3130//44 2872//44
f 2873//44 3129//44 3131//44
f 2874//45 3134//45 3132//45
f 2873//45 3133//45 2875//45
f 2876//46 3136//46 3134//46
f 2875//46 3135//46 2877//46
f 2878//47 3138//47 3136//47
f 2877//47 3137//47 2879//47
f 2882//48 3138//48 2880//48
f 2879//48 3139//48 2881//48
f 2882//49 3142//49 3140//49
f 2881//49 3141//49 2883//49
f 2884//50 3144//50 3142//50
f 2883//50 3143//50 2885//50
f 2888//51 3144//51 2886//51
f 2887//51 3143//51 3145//51
f 2890//52 3146//52 2888//52
f 2889//52 3145//52 3147//52
f 2890//53 3150//53 3148//53
f 2889//53 3149//53 2891//53
f 2892//54 3152//54 3150//54
f 2891//54 3151//54 2893//54
f 2894//55 3154//55 3152//55
f 2893//55 3153//55 2895//55
f 2898//56 3154//56 2896//56
f 2895//56 3155//56 2897//56
f 2898//57 3158//57 3156//57
f 2897//82 3157//82 2899//82
f 2900//58 3160//58 3158//58
f 2899//58 3159//58 2901//58
f 2904//59 3160//59 2902//59
f 3161//59 2903//59 3159//59
f 2906//60 3163//60 2904//60
f 2905//60 3162//60 3164//60
f 2906//61 3167//61 3165//61
f 2905//61 3166//61 2907//61
f 2910//62 3169//62 3167//62
f 2907//62 3168//62 2909//62
f 2900//63 2868//63 2836//63
f 2910//64 3172//64 3170//64
f 2909//64 3171//64 2911//64
f 2786//65 3172//65 2912//65
f 2911//65 3041//65 2785//65
f 2845//66 2877//66 2909//66
f 2960//66 2928//66 3119//66
f 2969//66 2951//66 3054//66
f 3128//63 3004//63 3131//63
f 3162//63 3015//63 3164//63
f 3017//1 2956//1 2977//1
f 2977//2 2974//2 2978//2
f 2978//3 2968//3 2981//3
f 2948//4 2981//4 2968//4
f 2949//5 2979//5 2948//5
f 2952//6 2980//6 2949//6
f 2950//7 3018//7 2952//7
f 2951//87 3021//87 2950//87
f 2982//77 2951//77 2969//77
f 2983//10 2969//10 2972//10
f 2986//11 2972//11 2970//11
f 2984//12 2970//12 2943//12
f 2985//13 2943//13 2944//13
f 3020//14 2944//14 2947//14
f 3038//15 2947//15 2945//15
f 3026//16 2945//16 2946//16
f 2990//17 2946//17 2971//17
f 2989//18 2971//18 2976//18
f 2991//19 2976//19 2967//19
f 2987//20 2967//20 2942//20
f 2988//21 2942//21 2941//21
f 3024//22 2941//22 2940//22
f 3025//23 2940//23 2938//23
f 3023//86 2938//86 2939//86
f 2996//80 2939//80 2965//80
f 2994//26 2965//26 2966//26
f 2995//27 2966//27 2964//27
f 2992//28 2964//28 2937//28
f 2993//29 2937//29 2935//29
f 3022//30 2935//30 2936//30
f 3040//31 2936//31 2933//31
f 3031//32 2933//32 2934//32
f 3001//33 2934//33 2963//33
f 2999//34 2963//34 2975//34
f 3000//35 2975//35 2962//35
f 2997//36 2962//36 2931//36
f 2998//37 2931//37 2932//37
f 3029//38 2932//38 2930//38
f 3030//39 2930//39 2929//39
f 3028//74 2929//74 2928//74
f 2960//85 3028//85 2928//85
f 2961//42 3005//42 2960//42
f 2959//43 3006//43 2961//43
f 2926//44 3004//44 2959//44
f 2927//45 3003//45 2926//45
f 3002//46 2925//46 3027//46
f 3027//47 2924//47 3039//47
f 3039//48 2923//48 3032//48
f 3032//49 2958//49 3008//49
f 3008//50 2973//50 3007//50
f 3007//51 2953//51 3011//51
f 2918//52 3011//52 2953//52
f 2919//53 3009//53 2918//53
f 2922//54 3010//54 2919//54
f 2920//55 3033//55 2922//55
f 2921//76 3036//76 2920//76
f 2954//82 3034//82 2921//82
f 2957//58 3012//58 2954//58
f 2955//59 3013//59 2957//59
f 2913//60 3016//60 2955//60
f 2914//61 3014//61 2913//61
f 3015//62 2917//62 3035//62
f 3035//64 2915//64 3037//64
f 3037//65 2916//65 3017//65
f 2//1 4//1 3//1
f 4//2 6//2 5//2
f 6//3 8//3 7//3
f 8//4 10//4 9//4
f 10//5 12//5 11//5
f 12//6 14//6 13//6
f 14//7 16//7 15//7
f 16//8 18//8 17//8
f 18//9 20//9 19//9
f 20//10 22//10 21//10
f 22//11 24//11 23//11
f 24//12 26//12 25//12
f 26//13 28//13 27//13
f 28//14 30//14 29//14
f 30//15 32//15 31//15
f 32//16 34//16 33//16
f 34//17 36//17 35//17
f 36//18 38//18 37//18
f 38//19 40//19 39//19
f 40//20 42//20 41//20
f 42//21 44//21 43//21
f 44//22 46//22 45//22
f 46//23 48//23 47//23
f 48//24 50//24 49//24
f 50//25 52//25 51//25
f 52//26 54//26 53//26
f 54//27 56//27 55//27
f 56//28 58//28 57//28
f 58//29 60//29 59//29
f 60//30 62//30 61//30
f 62//31 64//31 63//31
f 64//32 66//32 65//32
f 66//33 68//33 67//33
f 68//34 70//34 69//34
f 70//35 72//35 71//35
f 72//36 74//36 73//36
f 74//37 76//37 75//37
f 76//38 78//38 77//38
f 78//39 80//39 79//39
f 80//40 82//40 81//40
f 82//41 84//41 83//41
f 84//42 86//42 85//42
f 86//43 88//43 87//43
f 88//44 90//44 89//44
f 90//45 92//45 91//45
f 92//46 94//46 93//46
f 94//47 96//47 95//47
f 96//48 98//48 97//48
f 98//49 100//49 99//49
f 100//50 102//50 101//50
f 102//51 104//51 103//51
f 104//52 106//52 105//52
f 106//53 108//53 107//53
f 108//54 110//54 109//54
f 110//55 112//55 111//55
f 112//56 114//56 113//56
f 114//57 116//57 115//57
f 116//58 118//58 117//58
f 118//59 120//59 119//59
f 120//60 122//60 121//60
f 122//61 124//61 123//61
f 124//62 126//62 125//62
f 6//63 4//63 2//63
f 2//63 128//63 126//63
f 126//63 124//63 122//63
f 122//63 120//63 118//63
f 118//63 116//63 114//63
f 114//63 112//63 110//63
f 110//63 108//63 106//63
f 106//63 104//63 102//63
f 102//63 100//63 98//63
f 98//63 96//63 94//63
f 94//63 92//63 90//63
f 90//63 88//63 86//63
f 86//63 84//63 82//63
f 82//63 80//63 78//63
f 78//63 76//63 74//63
f 74//63 72//63 70//63
f 70//63 68//63 66//63
f 66//63 64//63 62//63
f 62//63 60//63 58//63
f 58//63 56//63 54//63
f 54//63 52//63 50//63
f 50//63 48//63 46//63
f 46//63 44//63 42//63
f 42//63 40//63 38//63
f 38//63 36//63 34//63
f 34//63 32//63 30//63
f 30//63 28//63 26//63
f 26//63 24//63 22//63
f 22//63 20//63 18//63
f 18//63 16//63 14//63
f 14//63 12//63 10//63
f 10//63 8//63 6//63
f 6//63 2//63 126//63
f 126//63 122//63 118//63
f 118//63 114//63 110//63
f 110//63 106//63 102//63
f 102//63 98//63 94//63
f 94//63 90//63 86//63
f 86//63 82//63 78//63
f 78//63 74//63 70//63
f 70//63 66//63 62//63
f 62//63 58//63 54//63
f 54//63 50//63 46//63
f 46//63 42//63 38//63
f 38//63 34//63 30//63
f 30//63 26//63 22//63
f 22//63 18//63 14//63
f 14//63 10//63 6//63
f 6//63 126//63 118//63
f 118//63 110//63 102//63
f 102//63 94//63 86//63
f 86//63 78//63 70//63
f 70//63 62//63 54//63
f 54//63 46//63 38//63
f 38//63 30//63 22//63
f 22//63 14//63 6//63
f 6//63 118//63 102//63
f 102//63 86//63 70//63
f 70//63 54//63 38//63
f 38//63 22//63 6//63
f 6//63 102//63 70//63
f 126//64 128//64 127//64
f 128//65 2//65 1//65
f 127//66 1//66 3//66
f 3//66 5//66 7//66
f 7//66 9//66 11//66
f 11//66 13//66 15//66
f 15//66 17//66 19//66
f 19//66 21//66 23//66
f 23//66 25//66 27//66
f 27//66 29//66 31//66
f 31//66 33//66 35//66
f 35//66 37//66 39//66
f 39//66 41//66 43//66
f 43//66 45//66 47//66
f 47//66 49//66 51//66
f 51//66 53//66 55//66
f 55//66 57//66 59//66
f 59//66 61//66 63//66
f 63//66 65//66 67//66
f 67//66 69//66 71//66
f 71//66 73//66 75//66
f 75//66 77//66 79//66
f 79//66 81//66 83//66
f 83//66 85//66 87//66
f 87//66 89//66 91//66
f 91//66 93//66 95//66
f 95//66 97//66 99//66
f 99//66 101//66 103//66
f 103//66 105//66 107//66
f 107//66 109//66 111//66
f 111//66 113//66 115//66
f 115//66 117//66 119//66
f 119//66 121//66 123//66
f 123//66 125//66 127//66
f 127//66 3//66 7//66
f 7//66 11//66 15//66
f 15//66 19//66 23//66
f 23//66 27//66 31//66
f 31//66 35//66 39//66
f 39//66 43//66 47//66
f 47//66 51//66 55//66
f 55//66 59//66 63//66
f 63//66 67//66 71//66
f 71//66 75//66 79//66
f 79//66 83//66 87//66
f 87//66 91//66 95//66
f 95//66 99//66 103//66
f 103//66 107//66 111//66
f 111//66 115//66 119//66
f 119//66 123//66 127//66
f 127//66 7//66 15//66
f 15//66 23//66 31//66
f 31//66 39//66 47//66
f 47//66 55//66 63//66
f 63//66 71//66 79//66
f 79//66 87//66 95//66
f 95//66 103//66 111//66
f 111//66 119//66 127//66
f 127//66 15//66 31//66
f 31//66 47//66 63//66
f 63//66 79//66 95//66
f 95//66 111//66 127//66
f 127//66 31//66 63//66
f 130//1 132//1 131//1
f 132//2 134//2 133//2
f 134//3 136//3 135//3
f 136//4 138//4 137//4
f 138//5 140//5 139//5
f 140//6 142//6 141//6
f 142//7 144//7 143//7
f 144//8 146//8 145//8
f 146//9 148//9 147//9
f 148//10 150//10 149//10
f 150//11 152//11 151//11
f 152//12 154//12 153//12
f 154//13 156//13 155//13
f 156//14 158//14 157//14
f 158//15 160//15 159//15
f 160//16 162//16 161//16
f 162//17 164//17 163//17
f 164//18 166//18 165//18
f 166//19 168//19 167//19
f 168//20 170//20 169//20
f 170//21 172//21 171//21
f 172//22 174//22 173//22
f 174//23 176//23 175//23
f 176//24 178//24 177//24
f 178//25 180//25 179//25
f 180//26 182//26 181//26
f 182//27 184//27 183//27
f 184//28 186//28 185//28
f 186//29 188//29 187//29
f 188//30 190//30 189//30
f 190//31 192//31 191//31
f 192//32 194//32 193//32
f 194//33 196//33 195//33
f 196//34 198//34 197//34
f 198//35 200//35 199//35
f 200//36 202//36 201//36
f 202//37 204//37 203//37
f 204//38 206//38 205//38
f 206//39 208//39 207//39
f 208//40 210//40 209//40
f 210//41 212//41 211//41
f 212//42 214//42 213//42
f 214//43 216//43 215//43
f 216//44 218//44 217//44
f 218//45 220//45 219//45
f 220//46 222//46 221//46
f 222//47 224//47 223//47
f 224//48 226//48 225//48
f 226//49 228//49 227//49
f 228//50 230//50 229//50
f 230//51 232//51 231//51
f 232//52 234//52 233//52
f 234//53 236//53 235//53
f 236//54 238//54 237//54
f 238//55 240//55 239//55
f 240//56 242//56 241//56
f 242//57 244//57 243//57
f 244//58 246//58 245//58
f 246//59 248//59 247//59
f 248//60 250//60 249//60
f 250//61 252//61 251//61
f 252//62 254//62 253//62
f 134//63 132//63 130//63
f 130//63 256//63 254//63
f 254//63 252//63 250//63
f 250//63 248//63 246//63
f 246//63 244//63 242//63
f 242//63 240//63 238//63
f 238//63 236//63 234//63
f 234//63 232//63 230//63
f 230//63 228//63 226//63
f 226//63 224//63 222//63
f 222//63 220//63 218//63
f 218//63 216//63 214//63
f 214//63 212//63 210//63
f 210//63 208//63 206//63
f 206//63 204//63 202//63
f 202//63 200//63 198//63
f 198//63 196//63 194//63
f 194//63 192//63 190//63
f 190//63 188//63 186//63
f 186//63 184//63 182//63
f 182//63 180//63 178//63
f 178//63 176//63 174//63
f 174//63 172//63 170//63
f 170//63 168//63 166//63
f 166//63 164//63 162//63
f 162//63 160//63 158//63
f 158//63 156//63 154//63
f 154//63 152//63 150//63
f 150//63 148//63 146//63
f 146//63 144//63 142//63
f 142//63 140//63 138//63
f 138//63 136//63 134//63
f 134//63 130//63 254//63
f 254//63 250//63 246//63
f 246//63 242//63 238//63
f 238//63 234//63 230//63
f 230//63 226//63 222//63
f 222//63 218//63 214//63
f 214//63 210//63 206//63
f 206//63 202//63 198//63
f 198//63 194//63 190//63
f 190//63 186//63 182//63
f 182//63 178//63 174//63
f 174//63 170//63 166//63
f 166//63 162//63 158//63
f 158//63 154//63 150//63
f 150//63 146//63 142//63
f 142//63 138//63 134//63
f 134//63 254//63 246//63
f 246//63 238//63 230//63
f 230//63 222//63 214//63
f 214//63 206//63 198//63
f 198//63 190//63 182//63
f 182//63 174//63 166//63
f 166//63 158//63 150//63
f 150//63 142//63 134//63
f 134//63 246//63 230//63
f 230//63 214//63 198//63
f 198//63 182//63 166//63
f 166//63 150//63 134//63
f 134//63 230//63 198//63
f 254//64 256//64 255//64
f 256//65 130//65 129//65
f 255//66 129//66 131//66
f 131//66 133//66 135//66
f 135//66 137//66 139//66
f 139//66 141//66 143//66
f 143//66 145//66 147//66
f 147//93 149//93 151//93
f 151//66 153//66 155//66
f 155//93 157//93 159//93
f 159//66 161//66 163//66
f 163//93 165//93 167//93
f 167//66 169//66 171//66
f 171//66 173//66 175//66
f 175//66 177//66 179//66
f 179//66 181//66 183//66
f 183//66 185//66 187//66
f 187//66 189//66 191//66
f 191//66 193//66 195//66
f 195//66 197//66 199//66
f 199//66 201//66 203//66
f 203//66 205//66 207//66
f 207//66 209//66 211//66
f 211//94 213//94 215//94
f 215//66 217//66 219//66
f 219//94 221//94 223//94
f 223//66 225//66 227//66
f 227//94 229//94 231//94
f 231//66 233//66 235//66
f 235//66 237//66 239//66
f 239//66 241//66 243//66
f 243//66 245//66 247//66
f 247//66 249//66 251//66
f 251//66 253//66 255//66
f 255//66 131//66 135//66
f 135//66 139//66 143//66
f 143//66 147//66 151//66
f 151//66 155//66 159//66
f 159//66 163//66 167//66
f 167//66 171//66 175//66
f 175//66 179//66 183//66
f 183//66 187//66 191//66
f 191//66 195//66 199//66
f 199//66 203//66 207//66
f 207//66 211//66 215//66
f 215//66 219//66 223//66
f 223//66 227//66 231//66
f 231//66 235//66 239//66
f 239//66 243//66 247//66
f 247//66 251//66 255//66
f 255//66 135//66 143//66
f 143//66 151//66 159//66
f 159//66 167//66 175//66
f 175//66 183//66 191//66
f 191//66 199//66 207//66
f 207//66 215//66 223//66
f 223//66 231//66 239//66
f 239//66 247//66 255//66
f 255//66 143//66 159//66
f 159//66 175//66 191//66
f 191//66 207//66 223//66
f 223//66 239//66 255//66
f 255//66 159//66 191//66
f 258//1 260//1 259//1
f 260//2 262//2 261//2
f 262//3 264//3 263//3
f 264//4 266//4 265//4
f 266//5 268//5 267//5
f 268//6 270//6 269//6
f 270//7 272//7 271//7
f 272//8 274//8 273//8
f 274//9 276//9 275//9
f 276//10 278//10 277//10
f 278//11 280//11 279//11
f 280//12 282//12 281//12
f 282//13 284//13 283//13
f 284//14 286//14 285//14
f 286//15 288//15 287//15
f 288//16 290//16 289//16
f 290//17 292//17 291//17
f 292//18 294//18 293//18
f 294//19 296//19 295//19
f 296//20 298//20 297//20
f 298//21 300//21 299//21
f 300//22 302//22 301//22
f 302//23 304//23 303//23
f 304//24 306//24 305//24
f 306//25 308//25 307//25
f 308//26 310//26 309//26
f 310//27 312//27 311//27
f 312//28 314//28 313//28
f 314//29 316//29 315//29
f 316//30 318//30 317//30
f 318//31 320//31 319//31
f 320//32 322//32 321//32
f 322//33 324//33 323//33
f 324//34 326//34 325//34
f 326//35 328//35 327//35
f 328//36 330//36 329//36
f 330//37 332//37 331//37
f 332//38 334//38 333//38
f 334//39 336//39 335//39
f 336//40 338//40 337//40
f 338//41 340//41 339//41
f 340//42 342//42 341//42
f 342//43 344//43 343//43
f 344//44 346//44 345//44
f 346//45 348//45 347//45
f 348//46 350//46 349//46
f 350//47 352//47 351//47
f 352//48 354//48 353//48
f 354//49 356//49 355//49
f 356//50 358//50 357//50
f 358//51 360//51 359//51
f 360//52 362//52 361//52
f 362//53 364//53 363//53
f 364//54 366//54 365//54
f 366//55 368//55 367//55
f 368//56 370//56 369//56
f 370//57 372//57 371//57
f 372//58 374//58 373//58
f 374//59 376//59 375//59
f 376//60 378//60 377//60
f 378//61 380//61 379//61
f 380//62 382//62 381//62
f 262//63 260//63 258//63
f 258//63 384//63 382//63
f 382//63 380//63 378//63
f 378//95 376//95 374//95
f 374//63 372//63 370//63
f 370//63 368//63 366//63
f 366//63 364//63 362//63
f 362//95 360//95 358//95
f 358//63 356//63 354//63
f 354//63 352//63 350//63
f 350//95 348//95 346//95
f 346//63 344//63 342//63
f 342//63 340//63 338//63
f 338//63 336//63 334//63
f 334//95 332//95 330//95
f 330//63 328//63 326//63
f 326//63 324//63 322//63
f 322//63 320//63 318//63
f 318//63 316//63 314//63
f 314//96 312//96 310//96
f 310//63 308//63 306//63
f 306//63 304//63 302//63
f 302//63 300//63 298//63
f 298//96 296//96 294//96
f 294//63 292//63 290//63
f 290//63 288//63 286//63
f 286//96 284//96 282//96
f 282//63 280//63 278//63
f 278//63 276//63 274//63
f 274//63 272//63 270//63
f 270//96 268//96 266//96
f 266//63 264//63 262//63
f 262//63 258//63 382//63
f 382//63 378//63 374//63
f 374//63 370//63 366//63
f 366//63 362//63 358//63
f 358//63 354//63 350//63
f 350//63 346//63 342//63
f 342//63 338//63 334//63
f 334//63 330//63 326//63
f 326//63 322//63 318//63
f 318//63 314//63 310//63
f 310//63 306//63 302//63
f 302//63 298//63 294//63
f 294//63 290//63 286//63
f 286//63 282//63 278//63
f 278//63 274//63 270//63
f 270//63 266//63 262//63
f 262//63 382//63 374//63
f 374//63 366//63 358//63
f 358//63 350//63 342//63
f 342//63 334//63 326//63
f 326//63 318//63 310//63
f 310//63 302//63 294//63
f 294//63 286//63 278//63
f 278//63 270//63 262//63
f 262//63 374//63 358//63
f 358//63 342//63 326//63
f 326//63 310//63 294//63
f 294//63 278//63 262//63
f 262//63 358//63 326//63
f 382//64 384//64 383//64
f 384//65 258//65 257//65
f 383//66 257//66 259//66
f 259//66 261//66 263//66
f 263//66 265//66 267//66
f 267//66 269//66 271//66
f 271//66 273//66 275//66
f 275//93 277//93 279//93
f 279//97 281//97 283//97
f 283//66 285//66 287//66
f 287//66 289//66 291//66
f 291//66 293//66 295//66
f 295//97 297//97 299//97
f 299//93 301//93 303//93
f 303//66 305//66 307//66
f 307//66 309//66 311//66
f 311//66 313//66 315//66
f 315//66 317//66 319//66
f 319//66 321//66 323//66
f 323//66 325//66 327//66
f 327//66 329//66 331//66
f 331//66 333//66 335//66
f 335//66 337//66 339//66
f 339//94 341//94 343//94
f 343//98 345//98 347//98
f 347//66 349//66 351//66
f 351//66 353//66 355//66
f 355//66 357//66 359//66
f 359//98 361//98 363//98
f 363//94 365//94 367//94
f 367//66 369//66 371//66
f 371//66 373//66 375//66
f 375//66 377//66 379//66
f 379//66 381//66 383//66
f 383//66 259//66 263//66
f 263//66 267//66 271//66
f 271//66 275//66 279//66
f 279//66 283//66 287//66
f 287//66 291//66 295//66
f 295//66 299//66 303//66
f 303//66 307//66 311//66
f 311//66 315//66 319//66
f 319//66 323//66 327//66
f 327//66 331//66 335//66
f 335//66 339//66 343//66
f 343//66 347//66 351//66
f 351//66 355//66 359//66
f 359//66 363//66 367//66
f 367//66 371//66 375//66
f 375//66 379//66 383//66
f 383//66 263//66 271//66
f 271//66 279//66 287//66
f 287//66 295//66 303//66
f 303//66 311//66 319//66
f 319//66 327//66 335//66
f 335//66 343//66 351//66
f 351//66 359//66 367//66
f 367//66 375//66 383//66
f 383//66 271//66 287//66
f 287//66 303//66 319//66
f 319//66 335//66 351//66
f 351//66 367//66 383//66
f 383//66 287//66 319//66
f 386//1 388//1 387//1
f 388//2 390//2 389//2
f 390//3 392//3 391//3
f 392//4 394//4 393//4
f 394//5 396//5 395//5
f 396//6 398//6 397//6
f 398//7 400//7 399//7
f 400//8 402//8 401//8
f 402//9 404//9 403//9
f 404//10 406//10 405//10
f 406//11 408//11 407//11
f 408//12 410//12 409//12
f 410//13 412//13 411//13
f 412//14 414//14 413//14
f 414//15 416//15 415//15
f 416//16 418//16 417//16
f 418//17 420//17 419//17
f 420//18 422//18 421//18
f 422//19 424//19 423//19
f 424//20 426//20 425//20
f 426//21 428//21 427//21
f 428//22 430//22 429//22
f 430//23 432//23 431//23
f 432//24 434//24 433//24
f 434//25 436//25 435//25
f 436//26 438//26 437//26
f 438//27 440//27 439//27
f 440//28 442//28 441//28
f 442//29 444//29 443//29
f 444//30 446//30 445//30
f 446//31 448//31 447//31
f 448//32 450//32 449//32
f 450//33 452//33 451//33
f 452//34 454//34 453//34
f 454//35 456//35 455//35
f 456//36 458//36 457//36
f 458//37 460//37 459//37
f 460//38 462//38 461//38
f 462//39 464//39 463//39
f 464//40 466//40 465//40
f 466//41 468//41 467//41
f 468//42 470//42 469//42
f 470//43 472//43 471//43
f 472//44 474//44 473//44
f 474//45 476//45 475//45
f 476//46 478//46 477//46
f 478//47 480//47 479//47
f 480//48 482//48 481//48
f 482//49 484//49 483//49
f 484//50 486//50 485//50
f 486//51 488//51 487//51
f 488//52 490//52 489//52
f 490//53 492//53 491//53
f 492//54 494//54 493//54
f 494//55 496//55 495//55
f 496//56 498//56 497//56
f 498//57 500//57 499//57
f 500//58 502//58 501//58
f 502//59 504//59 503//59
f 504//60 506//60 505//60
f 506//61 508//61 507//61
f 508//62 510//62 509//62
f 390//63 388//63 386//63
f 386//63 512//63 510//63
f 510//63 508//63 506//63
f 506//95 504//95 502//95
f 502//63 500//63 498//63
f 498//63 496//63 494//63
f 494//99 492//99 490//99
f 490//100 488//100 486//100
f 486//99 484//99 482//99
f 482//99 480//99 478//99
f 478//100 476//100 474//100
f 474//99 472//99 470//99
f 470//63 468//63 466//63
f 466//63 464//63 462//63
f 462//95 460//95 458//95
f 458//63 456//63 454//63
f 454//63 452//63 450//63
f 450//63 448//63 446//63
f 446//63 444//63 442//63
f 442//96 440//96 438//96
f 438//63 436//63 434//63
f 434//63 432//63 430//63
f 430//100 428//100 426//100
f 426//99 424//99 422//99
f 422//100 420//100 418//100
f 418//100 416//100 414//100
f 414//99 412//99 410//99
f 410//100 408//100 406//100
f 406//63 404//63 402//63
f 402//63 400//63 398//63
f 398//96 396//96 394//96
f 394//63 392//63 390//63
f 390//63 386//63 510//63
f 510//63 506//63 502//63
f 502//63 498//63 494//63
f 494//63 490//63 486//63
f 486//63 482//63 478//63
f 478//63 474//63 470//63
f 470//63 466//63 462//63
f 462//63 458//63 454//63
f 454//63 450//63 446//63
f 446//63 442//63 438//63
f 438//63 434//63 430//63
f 430//63 426//63 422//63
f 422//63 418//63 414//63
f 414//63 410//63 406//63
f 406//63 402//63 398//63
f 398//63 394//63 390//63
f 390//63 510//63 502//63
f 502//63 494//63 486//63
f 486//63 478//63 470//63
f 470//63 462//63 454//63
f 454//63 446//63 438//63
f 438//63 430//63 422//63
f 422//63 414//63 406//63
f 406//63 398//63 390//63
f 390//63 502//63 486//63
f 486//63 470//63 454//63
f 454//63 438//63 422//63
f 422//63 406//63 390//63
f 390//63 486//63 454//63
f 510//64 512//64 511//64
f 512//65 386//65 385//65
f 511//66 385//66 387//66
f 387//66 389//66 391//66
f 391//93 393//93 395//93
f 395//66 397//66 399//66
f 399//66 401//66 403//66
f 403//97 405//97 407//97
f 407//98 409//98 411//98
f 411//66 413//66 415//66
f 415//66 417//66 419//66
f 419//66 421//66 423//66
f 423//98 425//98 427//98
f 427//97 429//97 431//97
f 431//66 433//66 435//66
f 435//66 437//66 439//66
f 439//93 441//93 443//93
f 443//66 445//66 447//66
f 447//66 449//66 451//66
f 451//66 453//66 455//66
f 455//94 457//94 459//94
f 459//66 461//66 463//66
f 463//66 465//66 467//66
f 467//98 469//98 471//98
f 471//97 473//97 475//97
f 475//66 477//66 479//66
f 479//66 481//66 483//66
f 483//66 485//66 487//66
f 487//97 489//97 491//97
f 491//98 493//98 495//98
f 495//66 497//66 499//66
f 499//66 501//66 503//66
f 503//94 505//94 507//94
f 507//66 509//66 511//66
f 511//66 387//66 391//66
f 391//66 395//66 399//66
f 399//66 403//66 407//66
f 407//66 411//66 415//66
f 415//66 419//66 423//66
f 423//66 427//66 431//66
f 431//66 435//66 439//66
f 439//66 443//66 447//66
f 447//66 451//66 455//66
f 455//66 459//66 463//66
f 463//66 467//66 471//66
f 471//66 475//66 479//66
f 479//66 483//66 487//66
f 487//66 491//66 495//66
f 495//66 499//66 503//66
f 503//66 507//66 511//66
f 511//66 391//66 399//66
f 399//66 407//66 415//66
f 415//66 423//66 431//66
f 431//66 439//66 447//66
f 447//66 455//66 463//66
f 463//66 471//66 479//66
f 479//66 487//66 495//66
f 495//66 503//66 511//66
f 511//66 399//66 415//66
f 415//66 431//66 447//66
f 447//66 463//66 479//66
f 479//66 495//66 511//66
f 511//66 415//66 447//66
f 514//1 516//1 515//1
f 516//2 518//2 517//2
f 518//3 520//3 519//3
f 520//4 522//4 521//4
f 522//5 524//5 523//5
f 524//6 526//6 525//6
f 526//7 528//7 527//7
f 528//8 530//8 529//8
f 530//9 532//9 531//9
f 532//10 534//10 533//10
f 534//11 536//11 535//11
f 536//12 538//12 537//12
f 538//13 540//13 539//13
f 540//14 542//14 541//14
f 542//15 544//15 543//15
f 544//16 546//16 545//16
f 546//17 548//17 547//17
f 548//18 550//18 549//18
f 550//19 552//19 551//19
f 552//20 554//20 553//20
f 554//21 556//21 555//21
f 556//22 558//22 557//22
f 558//23 560//23 559//23
f 560//24 562//24 561//24
f 562//25 564//25 563//25
f 564//26 566//26 565//26
f 566//27 568//27 567//27
f 568//28 570//28 569//28
f 570//29 572//29 571//29
f 572//30 574//30 573//30
f 574//31 576//31 575//31
f 576//32 578//32 577//32
f 578//33 580//33 579//33
f 580//34 582//34 581//34
f 582//35 584//35 583//35
f 584//36 586//36 585//36
f 586//37 588//37 587//37
f 588//38 590//38 589//38
f 590//39 592//39 591//39
f 592//40 594//40 593//40
f 594//41 596//41 595//41
f 596//42 598//42 597//42
f 598//43 600//43 599//43
f 600//44 602//44 601//44
f 602//45 604//45 603//45
f 604//46 606//46 605//46
f 606//47 608//47 607//47
f 608//48 610//48 609//48
f 610//49 612//49 611//49
f 612//50 614//50 613//50
f 614//51 616//51 615//51
f 616//52 618//52 617//52
f 618//53 620//53 619//53
f 620//54 622//54 621//54
f 622//55 624//55 623//55
f 624//56 626//56 625//56
f 626//57 628//57 627//57
f 628//58 630//58 629//58
f 630//59 632//59 631//59
f 632//60 634//60 633//60
f 634//61 636//61 635//61
f 636//62 638//62 637//62
f 518//63 516//63 514//63
f 514//63 640//63 638//63
f 638//96 636//96 634//96
f 634//96 632//96 630//96
f 630//96 628//96 626//96
f 626//63 624//63 622//63
f 622//99 620//99 618//99
f 618//100 616//100 614//100
f 614//99 612//99 610//99
f 610//99 608//99 606//99
f 606//100 604//100 602//100
f 602//99 600//99 598//99
f 598//63 596//63 594//63
f 594//96 592//96 590//96
f 590//96 588//96 586//96
f 586//96 584//96 582//96
f 582//63 580//63 578//63
f 578//63 576//63 574//63
f 574//95 572//95 570//95
f 570//95 568//95 566//95
f 566//95 564//95 562//95
f 562//63 560//63 558//63
f 558//100 556//100 554//100
f 554//99 552//99 550//99
f 550//100 548//100 546//100
f 546//100 544//100 542//100
f 542//99 540//99 538//99
f 538//100 536//100 534//100
f 534//63 532//63 530//63
f 530//95 528//95 526//95
f 526//95 524//95 522//95
f 522//95 520//95 518//95
f 518//63 514//63 638//63
f 638//63 634//63 630//63
f 630//63 626//63 622//63
f 622//63 618//63 614//63
f 614//63 610//63 606//63
f 606//63 602//63 598//63
f 598//63 594//63 590//63
f 590//63 586//63 582//63
f 582//63 578//63 574//63
f 574//63 570//63 566//63
f 566//63 562//63 558//63
f 558//63 554//63 550//63
f 550//63 546//63 542//63
f 542//63 538//63 534//63
f 534//63 530//63 526//63
f 526//63 522//63 518//63
f 518//63 638//63 630//63
f 630//63 622//63 614//63
f 614//63 606//63 598//63
f 598//63 590//63 582//63
f 582//63 574//63 566//63
f 566//63 558//63 550//63
f 550//63 542//63 534//63
f 534//63 526//63 518//63
f 518//63 630//63 614//63
f 614//63 598//63 582//63
f 582//63 566//63 550//63
f 550//63 534//63 518//63
f 518//63 614//63 582//63
f 638//64 640//64 639//64
f 640//65 514//65 513//65
f 639//66 513//66 515//66
f 515//94 517//94 519//94
f 519//66 521//66 523//66
f 523//94 525//94 527//94
f 527//97 529//97 531//97
f 531//98 533//98 535//98
f 535//98 537//98 539//98
f 539//97 541//97 543//97
f 543//66 545//66 547//66
f 547//97 549//97 551//97
f 551//98 553//98 555//98
f 555//98 557//98 559//98
f 559//97 561//97 563//97
f 563//94 565//94 567//94
f 567//66 569//66 571//66
f 571//66 573//66 575//66
f 575//66 577//66 579//66
f 579//93 581//93 583//93
f 583//66 585//66 587//66
f 587//93 589//93 591//93
f 591//98 593//98 595//98
f 595//97 597//97 599//97
f 599//97 601//97 603//97
f 603//98 605//98 607//98
f 607//66 609//66 611//66
f 611//98 613//98 615//98
f 615//97 617//97 619//97
f 619//97 621//97 623//97
f 623//98 625//98 627//98
f 627//93 629//93 631//93
f 631//66 633//66 635//66
f 635//66 637//66 639//66
f 639//66 515//66 519//66
f 519//66 523//66 527//66
f 527//66 531//66 535//66
f 535//93 539//93 543//93
f 543//66 547//66 551//66
f 551//66 555//66 559//66
f 559//66 563//66 567//66
f 567//66 571//66 575//66
f 575//66 579//66 583//66
f 583//66 587//66 591//66
f 591//66 595//66 599//66
f 599//94 603//94 607//94
f 607//66 611//66 615//66
f 615//66 619//66 623//66
f 623//66 627//66 631//66
f 631//66 635//66 639//66
f 639//66 519//66 527//66
f 527//66 535//66 543//66
f 543//66 551//66 559//66
f 559//66 567//66 575//66
f 575//66 583//66 591//66
f 591//66 599//66 607//66
f 607//66 615//66 623//66
f 623//66 631//66 639//66
f 639//66 527//66 543//66
f 543//66 559//66 575//66
f 575//66 591//66 607//66
f 607//66 623//66 639//66
f 639//66 543//66 575//66
f 642//1 644//1 643//1
f 644//2 646//2 645//2
f 646//3 648//3 647//3
f 648//4 650//4 649//4
f 650//5 652//5 651//5
f 652//6 654//6 653//6
f 654//7 656//7 655//7
f 656//8 658//8 657//8
f 658//9 660//9 659//9
f 660//10 662//10 661//10
f 662//11 664//11 663//11
f 664//12 666//12 665//12
f 666//13 668//13 667//13
f 668//14 670//14 669//14
f 670//15 672//15 671//15
f 672//16 674//16 673//16
f 674//17 676//17 675//17
f 676//18 678//18 677//18
f 678//19 680//19 679//19
f 680//20 682//20 681//20
f 682//21 684//21 683//21
f 684//22 686//22 685//22
f 686//23 688//23 687//23
f 688//24 690//24 689//24
f 690//25 692//25 691//25
f 692//26 694//26 693//26
f 694//27 696//27 695//27
f 696//28 698//28 697//28
f 698//29 700//29 699//29
f 700//30 702//30 701//30
f 702//31 704//31 703//31
f 704//32 706//32 705//32
f 706//33 708//33 707//33
f 708//34 710//34 709//34
f 710//35 712//35 711//35
f 712//36 714//36 713//36
f 714//37 716//37 715//37
f 716//38 718//38 717//38
f 718//39 720//39 719//39
f 720//40 722//40 721//40
f 722//41 724//41 723//41
f 724//42 726//42 725//42
f 726//43 728//43 727//43
f 728//44 730//44 729//44
f 730//45 732//45 731//45
f 732//46 734//46 733//46
f 734//47 736//47 735//47
f 736//48 738//48 737//48
f 738//49 740//49 739//49
f 740//50 742//50 741//50
f 742//51 744//51 743//51
f 744//52 746//52 745//52
f 746//53 748//53 747//53
f 748//54 750//54 749//54
f 750//55 752//55 751//55
f 752//56 754//56 753//56
f 754//57 756//57 755//57
f 756//58 758//58 757//58
f 758//59 760//59 759//59
f 760//60 762//60 761//60
f 762//61 764//61 763//61
f 764//62 766//62 765//62
f 646//63 644//63 642//63
f 642//63 768//63 766//63
f 766//63 764//63 762//63
f 762//63 760//63 758//63
f 758//63 756//63 754//63
f 754//63 752//63 750//63
f 750//63 748//63 746//63
f 746//63 744//63 742//63
f 742//63 740//63 738//63
f 738//63 736//63 734//63
f 734//63 732//63 730//63
f 730//63 728//63 726//63
f 726//63 724//63 722//63
f 722//63 720//63 718//63
f 718//63 716//63 714//63
f 714//63 712//63 710//63
f 710//63 708//63 706//63
f 706//63 704//63 702//63
f 702//63 700//63 698//63
f 698//63 696//63 694//63
f 694//63 692//63 690//63
f 690//63 688//63 686//63
f 686//63 684//63 682//63
f 682//63 680//63 678//63
f 678//63 676//63 674//63
f 674//63 672//63 670//63
f 670//63 668//63 666//63
f 666//63 664//63 662//63
f 662//63 660//63 658//63
f 658//63 656//63 654//63
f 654//63 652//63 650//63
f 650//63 648//63 646//63
f 646//63 642//63 766//63
f 766//63 762//63 758//63
f 758//63 754//63 750//63
f 750//63 746//63 742//63
f 742//63 738//63 734//63
f 734//63 730//63 726//63
f 726//63 722//63 718//63
f 718//63 714//63 710//63
f 710//63 706//63 702//63
f 702//63 698//63 694//63
f 694//63 690//63 686//63
f 686//63 682//63 678//63
f 678//63 674//63 670//63
f 670//63 666//63 662//63
f 662//63 658//63 654//63
f 654//63 650//63 646//63
f 646//63 766//63 758//63
f 758//63 750//63 742//63
f 742//63 734//63 726//63
f 726//63 718//63 710//63
f 710//63 702//63 694//63
f 694//63 686//63 678//63
f 678//63 670//63 662//63
f 662//63 654//63 646//63
f 646//63 758//63 742//63
f 742//63 726//63 710//63
f 710//63 694//63 678//63
f 678//63 662//63 646//63
f 646//63 742//63 710//63
f 766//64 768//64 767//64
f 768//65 642//65 641//65
f 767//66 641//66 643//66
f 643//66 645//66 647//66
f 647//66 649//66 651//66
f 651//66 653//66 655//66
f 655//66 657//66 659//66
f 659//66 661//66 663//66
f 663//66 665//66 667//66
f 667//66 669//66 671//66
f 671//66 673//66 675//66
f 675//66 677//66 679//66
f 679//66 681//66 683//66
f 683//66 685//66 687//66
f 687//66 689//66 691//66
f 691//66 693//66 695//66
f 695//66 697//66 699//66
f 699//66 701//66 703//66
f 703//66 705//66 707//66
f 707//66 709//66 711//66
f 711//66 713//66 715//66
f 715//66 717//66 719//66
f 719//66 721//66 723//66
f 723//66 725//66 727//66
f 727//66 729//66 731//66
f 731//66 733//66 735//66
f 735//66 737//66 739//66
f 739//66 741//66 743//66
f 743//66 745//66 747//66
f 747//66 749//66 751//66
f 751//66 753//66 755//66
f 755//66 757//66 759//66
f 759//66 761//66 763//66
f 763//66 765//66 767//66
f 767//66 643//66 647//66
f 647//66 651//66 655//66
f 655//66 659//66 663//66
f 663//66 667//66 671//66
f 671//66 675//66 679//66
f 679//66 683//66 687//66
f 687//66 691//66 695//66
f 695//66 699//66 703//66
f 703//66 707//66 711//66
f 711//66 715//66 719//66
f 719//66 723//66 727//66
f 727//66 731//66 735//66
f 735//66 739//66 743//66
f 743//66 747//66 751//66
f 751//66 755//66 759//66
f 759//66 763//66 767//66
f 767//66 647//66 655//66
f 655//66 663//66 671//66
f 671//66 679//66 687//66
f 687//66 695//66 703//66
f 703//66 711//66 719//66
f 719//66 727//66 735//66
f 735//66 743//66 751//66
f 751//66 759//66 767//66
f 767//66 655//66 671//66
f 671//66 687//66 703//66
f 703//66 719//66 735//66
f 735//66 751//66 767//66
f 767//66 671//66 703//66
f 2786//1 2788//1 3044//1
f 2785//1 3041//1 3043//1
f 2788//2 2790//2 3046//2
f 2787//2 3043//2 3045//2
f 2792//3 3048//3 3046//3
f 2791//3 2789//3 3045//3
f 2794//4 3050//4 3048//4
f 2791//4 3047//4 3049//4
f 2794//5 2796//5 3052//5
f 2793//5 3049//5 3051//5
f 2796//6 2798//6 3054//6
f 2795//6 3051//6 3053//6
f 2800//7 3056//7 3054//7
f 2797//7 3053//7 3055//7
f 2802//8 3058//8 3056//8
f 2799//8 3055//8 3057//8
f 2802//9 2804//9 3060//9
f 2803//9 2801//9 3057//9
f 2804//10 2806//10 3062//10
f 2805//10 2803//10 3059//10
f 2806//11 2808//11 3064//11
f 2807//11 2805//11 3061//11
f 2808//12 2810//12 3066//12
f 2809//12 2807//12 3063//12
f 2810//13 2812//13 3068//13
f 2811//13 2809//13 3065//13
f 2812//14 2814//14 3070//14
f 2813//14 2811//14 3067//14
f 2814//15 2816//15 3072//15
f 2815//15 2813//15 3069//15
f 2816//16 2818//16 3073//16
f 2817//16 2815//16 3071//16
f 2818//17 2820//17 3076//17
f 2819//17 2817//17 3074//17
f 2820//18 2822//18 3078//18
f 2821//18 2819//18 3075//18
f 3079//68 3078//68 2822//68
f 2822//19 2824//19 3081//19
f 2823//19 2821//19 3077//19
f 2824//20 2826//20 3083//20
f 2825//20 2823//20 3080//20
f 2826//21 2828//21 3085//21
f 2827//21 2825//21 3082//21
f 2828//22 2830//22 3087//22
f 2829//22 2827//22 3084//22
f 2830//23 2832//23 3089//23
f 2831//23 2829//23 3086//23
f 2832//24 2834//24 3091//24
f 2833//24 2831//24 3088//24
f 2834//80 2836//80 3093//80
f 2835//80 2833//80 3090//80
f 2836//26 2838//26 3095//26
f 2837//26 2835//26 3092//26
f 2838//27 2840//27 3097//27
f 2839//27 2837//27 3094//27
f 2840//28 2842//28 3099//28
f 2841//28 2839//28 3096//28
f 2842//29 2844//29 3101//29
f 2843//29 2841//29 3098//29
f 2844//30 2846//30 3103//30
f 2845//30 2843//30 3100//30
f 2846//31 2848//31 3105//31
f 2847//31 2845//31 3102//31
f 2848//32 2850//32 3107//32
f 2849//32 2847//32 3104//32
f 2850//33 2852//33 3109//33
f 2851//33 2849//33 3106//33
f 2852//34 2854//34 3111//34
f 2853//34 2851//34 3108//34
f 2854//35 2856//35 3113//35
f 2855//35 2853//35 3110//35
f 2856//36 2858//36 3115//36
f 2857//36 2855//36 3112//36
f 2858//37 2860//37 3117//37
f 2859//37 2857//37 3114//37
f 2860//38 2862//38 3119//38
f 2861//38 2859//38 3116//38
f 2862//39 2864//39 3121//39
f 2863//39 2861//39 3118//39
f 2864//74 2866//74 3123//74
f 2865//74 2863//74 3120//74
f 2866//41 2868//41 3125//41
f 2865//85 3122//85 3124//85
f 2868//42 2870//42 3127//42
f 2867//42 3124//42 3126//42
f 2872//43 3130//43 3127//43
f 2871//43 2869//43 3126//43
f 3128//63 3129//63 2871//63
f 2874//44 3132//44 3130//44
f 2873//44 2871//44 3129//44
f 2874//45 2876//45 3134//45
f 2873//45 3131//45 3133//45
f 2876//46 2878//46 3136//46
f 2875//46 3133//46 3135//46
f 2878//47 2880//47 3138//47
f 2877//47 3135//47 3137//47
f 2882//48 3140//48 3138//48
f 2879//48 3137//48 3139//48
f 2882//49 2884//49 3142//49
f 2881//49 3139//49 3141//49
f 2884//50 2886//50 3144//50
f 2883//50 3141//50 3143//50
f 2888//51 3146//51 3144//51
f 2887//51 2885//51 3143//51
f 2890//52 3148//52 3146//52
f 2889//52 2887//52 3145//52
f 2890//53 2892//53 3150//53
f 2889//53 3147//53 3149//53
f 2892//54 2894//54 3152//54
f 2891//54 3149//54 3151//54
f 2894//55 2896//55 3154//55
f 2893//55 3151//55 3153//55
f 2898//56 3156//56 3154//56
f 2895//76 3153//76 3155//76
f 2898//82 2900//82 3158//82
f 2897//57 3155//57 3157//57
f 2900//58 2902//58 3160//58
f 2899//58 3157//58 3159//58
f 2904//59 3163//59 3160//59
f 2903//59 2901//59 3159//59
f 3161//63 3162//63 2903//63
f 2906//60 3165//60 3163//60
f 2905//60 2903//60 3162//60
f 2906//61 2908//61 3167//61
f 2905//61 3164//61 3166//61
f 3167//62 2908//62 2910//62
f 2910//63 3170//63 3169//63
f 2907//62 3166//62 3168//62
f 2836//63 2834//63 2832//63
f 2832//63 2830//63 2828//63
f 2828//110 2826//110 2824//110
f 2824//95 2822//95 2820//95
f 2820//63 2818//63 2816//63
f 2816//95 2814//95 2812//95
f 2812//110 2810//110 2808//110
f 2808//63 2806//63 2804//63
f 2804//63 2802//63 2800//63
f 2800//63 2798//63 2796//63
f 2796//63 2794//63 2792//63
f 2792//63 2790//63 2788//63
f 2788//63 2786//63 2912//63
f 2912//63 2910//63 2908//63
f 2908//63 2906//63 2904//63
f 2904//63 2902//63 2900//63
f 2900//63 2898//63 2896//63
f 2896//63 2894//63 2892//63
f 2892//102 2890//102 2888//102
f 2888//96 2886//96 2884//96
f 2884//63 2882//63 2880//63
f 2880//96 2878//96 2876//96
f 2876//102 2874//102 2872//102
f 2872//63 2870//63 2868//63
f 2868//63 2866//63 2864//63
f 2864//63 2862//63 2860//63
f 2860//63 2858//63 2856//63
f 2856//63 2854//63 2852//63
f 2852//63 2850//63 2848//63
f 2848//63 2846//63 2844//63
f 2844//63 2842//63 2840//63
f 2840//63 2838//63 2836//63
f 2836//63 2832//63 2828//63
f 2828//63 2824//63 2820//63
f 2820//63 2816//63 2812//63
f 2812//63 2808//63 2804//63
f 2804//63 2800//63 2796//63
f 2796//63 2792//63 2788//63
f 2788//63 2912//63 2908//63
f 2908//63 2904//63 2900//63
f 2900//63 2896//63 2892//63
f 2892//63 2888//63 2884//63
f 2884//63 2880//63 2876//63
f 2876//63 2872//63 2868//63
f 2868//63 2864//63 2860//63
f 2860//63 2856//63 2852//63
f 2852//63 2848//63 2844//63
f 2844//63 2840//63 2836//63
f 2836//63 2828//63 2820//63
f 2820//63 2812//63 2804//63
f 2804//63 2796//63 2788//63
f 2788//63 2908//63 2900//63
f 2900//63 2892//63 2884//63
f 2884//63 2876//63 2868//63
f 2868//63 2860//63 2852//63
f 2852//63 2844//63 2836//63
f 2836//63 2820//63 2804//63
f 2804//63 2788//63 2900//63
f 2900//63 2884//63 2868//63
f 2868//63 2852//63 2836//63
f 2836//63 2804//63 2900//63
f 2910//64 2912//64 3172//64
f 2909//64 3168//64 3171//64
f 2786//65 3042//65 3172//65
f 2911//65 3171//65 3041//65
f 2909//66 2911//66 2785//66
f 2785//66 2787//66 2789//66
f 2789//66 2791//66 2793//66
f 2793//94 2795//94 2797//94
f 2797//94 2799//94 2801//94
f 2801//66 2803//66 2805//66
f 2805//66 2807//66 2809//66
f 2809//66 2811//66 2813//66
f 2813//94 2815//94 2817//94
f 2817//94 2819//94 2821//94
f 2821//66 2823//66 2825//66
f 2825//66 2827//66 2829//66
f 2829//66 2831//66 2833//66
f 2833//94 2835//94 2837//94
f 2837//94 2839//94 2841//94
f 2841//66 2843//66 2845//66
f 2845//66 2847//66 2849//66
f 2849//66 2851//66 2853//66
f 2853//66 2855//66 2857//66
f 2857//93 2859//93 2861//93
f 2861//93 2863//93 2865//93
f 2865//66 2867//66 2869//66
f 2869//66 2871//66 2873//66
f 2873//66 2875//66 2877//66
f 2877//93 2879//93 2881//93
f 2881//93 2883//93 2885//93
f 2885//66 2887//66 2889//66
f 2889//66 2891//66 2893//66
f 2893//66 2895//66 2897//66
f 2897//93 2899//93 2901//93
f 2901//93 2903//93 2905//93
f 2905//66 2907//66 2909//66
f 2909//66 2785//66 2789//66
f 2789//66 2793//66 2797//66
f 2797//66 2801//66 2805//66
f 2805//66 2809//66 2813//66
f 2813//66 2817//66 2821//66
f 2821//66 2825//66 2829//66
f 2829//66 2833//66 2837//66
f 2837//66 2841//66 2845//66
f 2845//66 2849//66 2853//66
f 2853//66 2857//66 2861//66
f 2861//66 2865//66 2869//66
f 2869//66 2873//66 2877//66
f 2877//66 2881//66 2885//66
f 2885//66 2889//66 2893//66
f 2893//66 2897//66 2901//66
f 2901//66 2905//66 2909//66
f 2909//66 2789//66 2797//66
f 2797//66 2805//66 2813//66
f 2813//66 2821//66 2829//66
f 2829//66 2837//66 2845//66
f 2845//66 2853//66 2861//66
f 2861//66 2869//66 2877//66
f 2877//66 2885//66 2893//66
f 2893//66 2901//66 2909//66
f 2909//66 2797//66 2813//66
f 2813//66 2829//66 2845//66
f 2845//66 2861//66 2877//66
f 2877//66 2893//66 2909//66
f 2909//66 2813//66 2845//66
f 3169//66 2917//66 2914//66
f 3169//66 2914//66 2913//66
f 3165//66 3167//66 3169//66
f 3160//66 3163//66 3165//66
f 3156//66 3158//66 3160//66
f 3152//66 3154//66 3156//66
f 3148//93 3150//93 3152//93
f 3144//66 3146//66 3148//66
f 3140//66 3142//66 3144//66
f 3136//66 3138//66 3140//66
f 3132//66 3134//66 3136//66
f 3127//93 3130//93 3132//93
f 3123//66 3125//66 3127//66
f 3119//66 3121//66 3123//66
f 3115//66 3117//66 3119//66
f 3111//66 3113//66 3115//66
f 3107//66 3109//66 3111//66
f 3103//66 3105//66 3107//66
f 3099//66 3101//66 3103//66
f 3095//66 3097//66 3099//66
f 3091//66 3093//66 3095//66
f 3087//66 3089//66 3091//66
f 3083//94 3085//94 3087//94
f 3079//93 3081//93 3083//93
f 2967//66 2976//66 3079//66
f 2942//66 2967//66 3079//66
f 3079//66 3083//66 3087//66
f 3087//66 3091//66 3095//66
f 3095//66 3099//66 3103//66
f 3103//66 3107//66 3111//66
f 3111//66 3115//66 3119//66
f 3119//66 3123//66 3127//66
f 3127//66 3132//66 3136//66
f 3136//66 3140//66 3144//66
f 3144//66 3148//66 3152//66
f 3152//66 3156//66 3160//66
f 3160//66 3165//66 3169//66
f 3169//66 2913//66 2955//66
f 3160//66 3169//66 2955//66
f 2942//66 3079//66 3087//66
f 2941//66 2942//66 3087//66
f 3160//66 2955//66 2957//66
f 3160//66 2957//66 2954//66
f 2940//66 2941//66 3087//66
f 2938//66 2940//66 3087//66
f 3152//66 3160//66 2954//66
f 3152//111 2954//111 2921//111
f 2938//66 3087//66 3095//66
f 2939//66 2938//66 3095//66
f 3152//66 2921//66 2920//66
f 3152//66 2920//66 2922//66
f 2965//66 2939//66 3095//66
f 2966//66 2965//66 3095//66
f 3152//66 2922//66 2919//66
f 3152//66 2919//66 2918//66
f 2964//66 2966//66 3095//66
f 2937//66 2964//66 3095//66
f 3144//66 3152//66 2918//66
f 3144//66 2918//66 2953//66
f 2937//66 3095//66 3103//66
f 2935//66 2937//66 3103//66
f 3144//66 2953//66 2973//66
f 3144//66 2973//66 2958//66
f 2936//66 2935//66 3103//66
f 2933//66 2936//66 3103//66
f 3136//66 3144//66 2958//66
f 3136//112 2958//112 2923//112
f 2933//66 3103//66 3111//66
f 2934//93 2933//93 3111//93
f 3136//66 2923//66 2924//66
f 3136//66 2924//66 2925//66
f 2963//66 2934//66 3111//66
f 2975//66 2963//66 3111//66
f 3136//66 2925//66 2927//66
f 3136//66 2927//66 2926//66
f 2962//66 2975//66 3111//66
f 2931//66 2962//66 3111//66
f 3127//66 3136//66 2926//66
f 3127//66 2926//66 2959//66
f 2931//66 3111//66 3119//66
f 2932//66 2931//66 3119//66
f 3127//66 2959//66 2961//66
f 3127//66 2961//66 2960//66
f 2930//66 2932//66 3119//66
f 2929//66 2930//66 3119//66
f 3119//66 3127//66 2960//66
f 2928//66 2929//66 3119//66
f 3079//66 2976//66 2971//66
f 3078//113 3079//113 2971//113
f 3073//66 3076//66 3078//66
f 3070//66 3072//66 3073//66
f 3066//66 3068//66 3070//66
f 3062//94 3064//94 3066//94
f 3058//66 3060//66 3062//66
f 3054//66 3056//66 3058//66
f 3050//66 3052//66 3054//66
f 3046//66 3048//66 3050//66
f 3042//66 3044//66 3046//66
f 3170//66 3172//66 3042//66
f 2917//66 3169//66 3170//66
f 2915//66 2917//66 3170//66
f 3170//66 3042//66 3046//66
f 3046//66 3050//66 3054//66
f 3054//66 3058//66 3062//66
f 3062//66 3066//66 3070//66
f 3070//66 3073//66 3078//66
f 3078//66 2971//66 2946//66
f 3078//111 2946//111 2945//111
f 2915//66 3170//66 3046//66
f 2916//94 2915//94 3046//94
f 3070//66 3078//66 2945//66
f 3070//66 2945//66 2947//66
f 2956//66 2916//66 3046//66
f 2974//66 2956//66 3046//66
f 3070//66 2947//66 2944//66
f 3070//66 2944//66 2943//66
f 2968//66 2974//66 3046//66
f 2948//66 2968//66 3046//66
f 3062//66 3070//66 2943//66
f 3062//66 2943//66 2970//66
f 2948//66 3046//66 3054//66
f 2949//66 2948//66 3054//66
f 3062//66 2970//66 2972//66
f 3062//66 2972//66 2969//66
f 2952//66 2949//66 3054//66
f 2950//66 2952//66 3054//66
f 3054//66 3062//66 2969//66
f 2951//66 2950//66 3054//66
f 3013//63 3016//63 3161//63
f 3161//63 3159//63 3157//63
f 3157//95 3155//95 3153//95
f 3153//63 3151//63 3149//63
f 3149//95 3147//95 3145//95
f 3145//96 3143//96 3141//96
f 3141//63 3139//63 3137//63
f 3137//96 3135//96 3133//96
f 3012//63 3013//63 3161//63
f 3161//63 3157//63 3153//63
f 3153//63 3149//63 3145//63
f 3145//63 3141//63 3137//63
f 3137//95 3133//95 3131//95
f 3012//95 3161//95 3153//95
f 3034//96 3012//96 3153//96
f 3036//63 3034//63 3153//63
f 3033//63 3036//63 3153//63
f 3010//63 3033//63 3153//63
f 3009//63 3010//63 3153//63
f 3009//63 3153//63 3145//63
f 3011//63 3009//63 3145//63
f 3007//63 3011//63 3145//63
f 3008//95 3007//95 3145//95
f 3032//114 3008//114 3145//114
f 3032//95 3145//95 3137//95
f 3039//63 3032//63 3137//63
f 3027//63 3039//63 3137//63
f 3002//63 3027//63 3137//63
f 3003//63 3002//63 3137//63
f 3003//96 3137//96 3131//96
f 3004//63 3003//63 3131//63
f 3131//63 3129//63 3128//63
f 3161//63 3016//63 3014//63
f 3161//63 3014//63 3015//63
f 3006//63 3004//63 3128//63
f 3128//63 3126//63 3124//63
f 3124//95 3122//95 3120//95
f 3120//63 3118//63 3116//63
f 3116//63 3114//63 3112//63
f 3112//63 3110//63 3108//63
f 3108//63 3106//63 3104//63
f 3104//63 3102//63 3100//63
f 3100//96 3098//96 3096//96
f 3096//63 3094//63 3092//63
f 3092//96 3090//96 3088//96
f 3088//63 3086//63 3084//63
f 3084//96 3082//96 3080//96
f 3080//95 3077//95 3075//95
f 3075//63 3074//63 3071//63
f 3071//95 3069//95 3067//95
f 3067//96 3065//96 3063//96
f 3063//63 3061//63 3059//63
f 3059//96 3057//96 3055//96
f 3055//63 3053//63 3051//63
f 3051//63 3049//63 3047//63
f 3047//63 3045//63 3043//63
f 3043//63 3041//63 3171//63
f 3171//63 3168//63 3166//63
f 3005//63 3006//63 3128//63
f 3128//63 3124//63 3120//63
f 3120//63 3116//63 3112//63
f 3112//63 3108//63 3104//63
f 3104//63 3100//63 3096//63
f 3096//63 3092//63 3088//63
f 3088//63 3084//63 3080//63
f 3080//63 3075//63 3071//63
f 3071//63 3067//63 3063//63
f 3063//63 3059//63 3055//63
f 3055//63 3051//63 3047//63
f 3047//63 3043//63 3171//63
f 3171//63 3166//63 3164//63
f 3005//63 3128//63 3120//63
f 3028//63 3005//63 3120//63
f 3030//63 3028//63 3120//63
f 3029//63 3030//63 3120//63
f 2998//63 3029//63 3120//63
f 2997//63 2998//63 3120//63
f 2997//63 3120//63 3112//63
f 3000//63 2997//63 3112//63
f 2999//63 3000//63 3112//63
f 3001//63 2999//63 3112//63
f 3031//63 3001//63 3112//63
f 3031//63 3112//63 3104//63
f 3040//63 3031//63 3104//63
f 3022//63 3040//63 3104//63
f 2993//63 3022//63 3104//63
f 2992//115 2993//115 3104//115
f 2992//63 3104//63 3096//63
f 2995//63 2992//63 3096//63
f 2994//63 2995//63 3096//63
f 2996//63 2994//63 3096//63
f 3023//63 2996//63 3096//63
f 3023//63 3096//63 3088//63
f 3025//63 3023//63 3088//63
f 3024//63 3025//63 3088//63
f 2988//63 3024//63 3088//63
f 2987//63 2988//63 3088//63
f 2987//63 3088//63 3080//63
f 2991//63 2987//63 3080//63
f 2989//63 2991//63 3080//63
f 2990//96 2989//96 3080//96
f 3026//116 2990//116 3080//116
f 3026//96 3080//96 3071//96
f 3038//63 3026//63 3071//63
f 3020//63 3038//63 3071//63
f 2985//63 3020//63 3071//63
f 2984//63 2985//63 3071//63
f 2984//95 3071//95 3063//95
f 2986//63 2984//63 3063//63
f 2983//63 2986//63 3063//63
f 2982//63 2983//63 3063//63
f 3019//114 2982//114 3063//114
f 3019//63 3063//63 3055//63
f 3021//63 3019//63 3055//63
f 3018//63 3021//63 3055//63
f 2980//63 3018//63 3055//63
f 2979//63 2980//63 3055//63
f 2979//63 3055//63 3047//63
f 2981//63 2979//63 3047//63
f 2978//63 2981//63 3047//63
f 2977//63 2978//63 3047//63
f 3017//63 2977//63 3047//63
f 3017//63 3047//63 3171//63
f 3037//63 3017//63 3171//63
f 3035//63 3037//63 3171//63
f 3015//63 3035//63 3171//63
f 3015//63 3171//63 3164//63
f 3162//63 3161//63 3015//63
f 3017//1 2916//1 2956//1
f 2977//2 2956//2 2974//2
f 2978//3 2974//3 2968//3
f 2948//4 2979//4 2981//4
f 2949//5 2980//5 2979//5
f 2952//6 3018//6 2980//6
f 2950//7 3021//7 3018//7
f 2951//8 3019//8 3021//8
f 2982//9 3019//9 2951//9
f 2983//10 2982//10 2969//10
f 2986//11 2983//11 2972//11
f 2984//12 2986//12 2970//12
f 2985//13 2984//13 2943//13
f 3020//14 2985//14 2944//14
f 3038//15 3020//15 2947//15
f 3026//16 3038//16 2945//16
f 2990//17 3026//17 2946//17
f 2989//18 2990//18 2971//18
f 2991//19 2989//19 2976//19
f 2987//20 2991//20 2967//20
f 2988//21 2987//21 2942//21
f 3024//22 2988//22 2941//22
f 3025//23 3024//23 2940//23
f 3023//24 3025//24 2938//24
f 2996//25 3023//25 2939//25
f 2994//26 2996//26 2965//26
f 2995//27 2994//27 2966//27
f 2992//28 2995//28 2964//28
f 2993//29 2992//29 2937//29
f 3022//30 2993//30 2935//30
f 3040//31 3022//31 2936//31
f 3031//32 3040//32 2933//32
f 3001//33 3031//33 2934//33
f 2999//34 3001//34 2963//34
f 3000//35 2999//35 2975//35
f 2997//36 3000//36 2962//36
f 2998//37 2997//37 2931//37
f 3029//38 2998//38 2932//38
f 3030//39 3029//39 2930//39
f 3028//40 3030//40 2929//40
f 2960//41 3005//41 3028//41
f 2961//42 3006//42 3005//42
f 2959//43 3004//43 3006//43
f 2926//44 3003//44 3004//44
f 2927//45 3002//45 3003//45
f 3002//46 2927//46 2925//46
f 3027//47 2925//47 2924//47
f 3039//48 2924//48 2923//48
f 3032//49 2923//49 2958//49
f 3008//50 2958//50 2973//50
f 3007//51 2973//51 2953//51
f 2918//52 3009//52 3011//52
f 2919//53 3010//53 3009//53
f 2922//54 3033//54 3010//54
f 2920//55 3036//55 3033//55
f 2921//56 3034//56 3036//56
f 2954//57 3012//57 3034//57
f 2957//58 3013//58 3012//58
f 2955//59 3016//59 3013//59
f 2913//60 3014//60 3016//60
f 2914//61 3015//61 3014//61
f 3015//62 2914//62 2917//62
f 3035//64 2917//64 2915//64
f 3037//65 2915//65 2916//65
usemtl bolt_black
f 770//67 771//67 769//67
f 772//68 773//68 771//68
f 774//69 775//69 773//69
f 776//70 777//70 775//70
f 770//63 778//63 774//63
f 778//71 779//71 777//71
f 780//72 769//72 779//72
f 771//66 775//66 779//66
f 782//67 783//67 781//67
f 784//68 785//68 783//68
f 786//69 787//69 785//69
f 788//70 789//70 787//70
f 782//63 790//63 786//63
f 790//71 791//71 789//71
f 792//72 781//72 791//72
f 783//66 787//66 791//66
f 794//67 795//67 793//67
f 796//68 797//68 795//68
f 798//69 799//69 797//69
f 800//70 801//70 799//70
f 794//63 802//63 798//63
f 802//71 803//71 801//71
f 804//72 793//72 803//72
f 795//66 799//66 803//66
f 806//67 807//67 805//67
f 808//68 809//68 807//68
f 810//69 811//69 809//69
f 812//70 813//70 811//70
f 806//63 814//63 810//63
f 814//71 815//71 813//71
f 816//72 805//72 815//72
f 807//66 811//66 815//66
f 818//67 819//67 817//67
f 820//68 821//68 819//68
f 822//69 823//69 821//69
f 824//70 825//70 823//70
f 818//63 826//63 822//63
f 826//71 827//71 825//71
f 828//72 817//72 827//72
f 819//66 823//66 827//66
f 830//67 831//67 829//67
f 832//68 833//68 831//68
f 834//69 835//69 833//69
f 836//70 837//70 835//70
f 830//63 838//63 834//63
f 838//71 839//71 837//71
f 840//72 829//72 839//72
f 831//66 835//66 839//66
f 842//67 843//67 841//67
f 844//68 845//68 843//68
f 846//69 847//69 845//69
f 848//70 849//70 847//70
f 842//63 850//63 846//63
f 850//71 851//71 849//71
f 852//72 841//72 851//72
f 843//66 847//66 851//66
f 854//67 855//67 853//67
f 856//68 857//68 855//68
f 858//69 859//69 857//69
f 860//70 861//70 859//70
f 854//63 862//63 858//63
f 862//71 863//71 861//71
f 864//72 853//72 863//72
f 855//66 859//66 863//66
f 866//67 867//67 865//67
f 868//68 869//68 867//68
f 870//69 871//69 869//69
f 872//70 873//70 871//70
f 866//63 874//63 870//63
f 874//71 875//71 873//71
f 876//72 865//72 875//72
f 867//66 871//66 875//66
f 878//67 879//67 877//67
f 880//68 881//68 879//68
f 882//69 883//69 881//69
f 884//70 885//70 883//70
f 878//63 886//63 882//63
f 886//71 887//71 885//71
f 888//72 877//72 887//72
f 879//66 883//66 887//66
f 890//67 891//67 889//67
f 892//68 893//68 891//68
f 894//69 895//69 893//69
f 896//70 897//70 895//70
f 890//63 898//63 894//63
f 898//71 899//71 897//71
f 900//72 889//72 899//72
f 891//66 895//66 899//66
f 902//67 903//67 901//67
f 904//68 905//68 903//68
f 906//69 907//69 905//69
f 908//70 909//70 907//70
f 902//63 910//63 906//63
f 910//71 911//71 909//71
f 912//72 901//72 911//72
f 903//66 907//66 911//66
f 914//67 915//67 913//67
f 916//68 917//68 915//68
f 918//69 919//69 917//69
f 920//70 921//70 919//70
f 914//63 922//63 918//63
f 922//71 923//71 921//71
f 924//72 913//72 923//72
f 915//66 919//66 923//66
f 926//67 927//67 925//67
f 928//68 929//68 927//68
f 930//69 931//69 929//69
f 932//70 933//70 931//70
f 926//63 934//63 930//63
f 934//71 935//71 933//71
f 936//72 925//72 935//72
f 927//66 931//66 935//66
f 938//67 939//67 937//67
f 940//68 941//68 939//68
f 942//69 943//69 941//69
f 944//70 945//70 943//70
f 938//63 946//63 942//63
f 946//71 947//71 945//71
f 948//72 937//72 947//72
f 939//66 943//66 947//66
f 950//67 951//67 949//67
f 952//68 953//68 951//68
f 954//69 955//69 953//69
f 956//70 957//70 955//70
f 950//63 958//63 954//63
f 958//71 959//71 957//71
f 960//72 949//72 959//72
f 951//66 955//66 959//66
f 962//67 963//67 961//67
f 964//68 965//68 963//68
f 966//69 967//69 965//69
f 968//70 969//70 967//70
f 962//63 970//63 966//63
f 970//71 971//71 969//71
f 972//72 961//72 971//72
f 963//66 967//66 971//66
f 974//67 975//67 973//67
f 976//68 977//68 975//68
f 978//69 979//69 977//69
f 980//70 981//70 979//70
f 974//63 982//63 978//63
f 982//71 983//71 981//71
f 984//72 973//72 983//72
f 975//66 979//66 983//66
f 986//67 987//67 985//67
f 988//68 989//68 987//68
f 990//69 991//69 989//69
f 992//70 993//70 991//70
f 986//63 994//63 990//63
f 994//71 995//71 993//71
f 996//72 985//72 995//72
f 987//66 991//66 995//66
f 998//67 999//67 997//67
f 1000//68 1001//68 999//68
f 1002//69 1003//69 1001//69
f 1004//70 1005//70 1003//70
f 998//63 1006//63 1002//63
f 1006//71 1007//71 1005//71
f 1008//72 997//72 1007//72
f 999//66 1003//66 1007//66
f 1010//67 1011//67 1009//67
f 1012//68 1013//68 1011//68
f 1014//69 1015//69 1013//69
f 1016//70 1017//70 1015//70
f 1010//63 1018//63 1014//63
f 1018//71 1019//71 1017//71
f 1020//72 1009//72 1019//72
f 1011//66 1015//66 1019//66
f 1022//67 1023//67 1021//67
f 1024//68 1025//68 1023//68
f 1026//69 1027//69 1025//69
f 1028//70 1029//70 1027//70
f 1022//63 1030//63 1026//63
f 1030//71 1031//71 1029//71
f 1032//72 1021//72 1031//72
f 1023//66 1027//66 1031//66
f 1034//67 1035//67 1033//67
f 1036//68 1037//68 1035//68
f 1038//69 1039//69 1037//69
f 1040//70 1041//70 1039//70
f 1034//63 1042//63 1038//63
f 1042//71 1043//71 1041//71
f 1044//72 1033//72 1043//72
f 1035//66 1039//66 1043//66
f 1046//67 1047//67 1045//67
f 1048//68 1049//68 1047//68
f 1050//69 1051//69 1049//69
f 1052//70 1053//70 1051//70
f 1046//63 1054//63 1050//63
f 1054//71 1055//71 1053//71
f 1056//72 1045//72 1055//72
f 1047//66 1051//66 1055//66
f 1058//67 1059//67 1057//67
f 1060//68 1061//68 1059//68
f 1062//69 1063//69 1061//69
f 1064//70 1065//70 1063//70
f 1058//63 1066//63 1062//63
f 1066//71 1067//71 1065//71
f 1068//72 1057//72 1067//72
f 1059//66 1063//66 1067//66
f 1070//67 1071//67 1069//67
f 1072//68 1073//68 1071//68
f 1074//69 1075//69 1073//69
f 1076//70 1077//70 1075//70
f 1070//63 1078//63 1074//63
f 1078//71 1079//71 1077//71
f 1080//72 1069//72 1079//72
f 1071//66 1075//66 1079//66
f 1082//67 1083//67 1081//67
f 1084//68 1085//68 1083//68
f 1086//69 1087//69 1085//69
f 1088//70 1089//70 1087//70
f 1082//63 1090//63 1086//63
f 1090//71 1091//71 1089//71
f 1092//72 1081//72 1091//72
f 1083//66 1087//66 1091//66
f 1094//67 1095//67 1093//67
f 1096//68 1097//68 1095//68
f 1098//69 1099//69 1097//69
f 1100//70 1101//70 1099//70
f 1094//63 1102//63 1098//63
f 1102//71 1103//71 1101//71
f 1104//72 1093//72 1103//72
f 1095//66 1099//66 1103//66
f 770//67 772//67 771//67
f 772//68 774//68 773//68
f 774//69 776//69 775//69
f 776//70 778//70 777//70
f 774//63 772//63 770//63
f 770//63 780//63 778//63
f 778//63 776//63 774//63
f 778//71 780//71 779//71
f 780//72 770//72 769//72
f 779//66 769//66 771//66
f 771//66 773//66 775//66
f 775//66 777//66 779//66
f 782//67 784//67 783//67
f 784//68 786//68 785//68
f 786//69 788//69 787//69
f 788//70 790//70 789//70
f 786//63 784//63 782//63
f 782//63 792//63 790//63
f 790//63 788//63 786//63
f 790//71 792//71 791//71
f 792//72 782//72 781//72
f 791//66 781//66 783//66
f 783//66 785//66 787//66
f 787//66 789//66 791//66
f 794//67 796//67 795//67
f 796//68 798//68 797//68
f 798//69 800//69 799//69
f 800//70 802//70 801//70
f 798//63 796//63 794//63
f 794//63 804//63 802//63
f 802//63 800//63 798//63
f 802//71 804//71 803//71
f 804//72 794//72 793//72
f 803//66 793//66 795//66
f 795//66 797//66 799//66
f 799//66 801//66 803//66
f 806//67 808//67 807//67
f 808//68 810//68 809//68
f 810//69 812//69 811//69
f 812//70 814//70 813//70
f 810//63 808//63 806//63
f 806//63 816//63 814//63
f 814//63 812//63 810//63
f 814//71 816//71 815//71
f 816//72 806//72 805//72
f 815//66 805//66 807//66
f 807//66 809//66 811//66
f 811//66 813//66 815//66
f 818//67 820//67 819//67
f 820//68 822//68 821//68
f 822//69 824//69 823//69
f 824//70 826//70 825//70
f 822//63 820//63 818//63
f 818//63 828//63 826//63
f 826//63 824//63 822//63
f 826//71 828//71 827//71
f 828//72 818//72 817//72
f 827//66 817//66 819//66
f 819//66 821//66 823//66
f 823//66 825//66 827//66
f 830//67 832//67 831//67
f 832//68 834//68 833//68
f 834//69 836//69 835//69
f 836//70 838//70 837//70
f 834//63 832//63 830//63
f 830//63 840//63 838//63
f 838//63 836//63 834//63
f 838//71 840//71 839//71
f 840//72 830//72 829//72
f 839//66 829//66 831//66
f 831//66 833//66 835//66
f 835//66 837//66 839//66
f 842//67 844//67 843//67
f 844//68 846//68 845//68
f 846//69 848//69 847//69
f 848//70 850//70 849//70
f 846//63 844//63 842//63
f 842//63 852//63 850//63
f 850//63 848//63 846//63
f 850//71 852//71 851//71
f 852//72 842//72 841//72
f 851//66 841//66 843//66
f 843//66 845//66 847//66
f 847//66 849//66 851//66
f 854//67 856//67 855//67
f 856//68 858//68 857//68
f 858//69 860//69 859//69
f 860//70 862//70 861//70
f 858//63 856//63 854//63
f 854//63 864//63 862//63
f 862//63 860//63 858//63
f 862//71 864//71 863//71
f 864//72 854//72 853//72
f 863//66 853//66 855//66
f 855//66 857//66 859//66
f 859//66 861//66 863//66
f 866//67 868//67 867//67
f 868//68 870//68 869//68
f 870//69 872//69 871//69
f 872//70 874//70 873//70
f 870//63 868//63 866//63
f 866//63 876//63 874//63
f 874//63 872//63 870//63
f 874//71 876//71 875//71
f 876//72 866//72 865//72
f 875//66 865//66 867//66
f 867//66 869//66 871//66
f 871//66 873//66 875//66
f 878//67 880//67 879//67
f 880//68 882//68 881//68
f 882//69 884//69 883//69
f 884//70 886//70 885//70
f 882//63 880//63 878//63
f 878//63 888//63 886//63
f 886//63 884//63 882//63
f 886//71 888//71 887//71
f 888//72 878//72 877//72
f 887//66 877//66 879//66
f 879//66 881//66 883//66
f 883//66 885//66 887//66
f 890//67 892//67 891//67
f 892//68 894//68 893//68
f 894//69 896//69 895//69
f 896//70 898//70 897//70
f 894//63 892//63 890//63
f 890//63 900//63 898//63
f 898//63 896//63 894//63
f 898//71 900//71 899//71
f 900//72 890//72 889//72
f 899//66 889//66 891//66
f 891//66 893//66 895//66
f 895//66 897//66 899//66
f 902//67 904//67 903//67
f 904//68 906//68 905//68
f 906//69 908//69 907//69
f 908//70 910//70 909//70
f 906//63 904//63 902//63
f 902//63 912//63 910//63
f 910//63 908//63 906//63
f 910//71 912//71 911//71
f 912//72 902//72 901//72
f 911//66 901//66 903//66
f 903//66 905//66 907//66
f 907//66 909//66 911//66
f 914//67 916//67 915//67
f 916//68 918//68 917//68
f 918//69 920//69 919//69
f 920//70 922//70 921//70
f 918//63 916//63 914//63
f 914//63 924//63 922//63
f 922//63 920//63 918//63
f 922//71 924//71 923//71
f 924//72 914//72 913//72
f 923//66 913//66 915//66
f 915//66 917//66 919//66
f 919//66 921//66 923//66
f 926//67 928//67 927//67
f 928//68 930//68 929//68
f 930//69 932//69 931//69
f 932//70 934//70 933//70
f 930//63 928//63 926//63
f 926//63 936//63 934//63
f 934//63 932//63 930//63
f 934//71 936//71 935//71
f 936//72 926//72 925//72
f 935//66 925//66 927//66
f 927//66 929//66 931//66
f 931//66 933//66 935//66
f 938//67 940//67 939//67
f 940//68 942//68 941//68
f 942//69 944//69 943//69
f 944//70 946//70 945//70
f 942//63 940//63 938//63
f 938//63 948//63 946//63
f 946//63 944//63 942//63
f 946//71 948//71 947//71
f 948//72 938//72 937//72
f 947//66 937//66 939//66
f 939//66 941//66 943//66
f 943//66 945//66 947//66
f 950//67 952//67 951//67
f 952//68 954//68 953//68
f 954//69 956//69 955//69
f 956//70 958//70 957//70
f 954//63 952//63 950//63
f 950//63 960//63 958//63
f 958//63 956//63 954//63
f 958//71 960//71 959//71
f 960//72 950//72 949//72
f 959//66 949//66 951//66
f 951//66 953//66 955//66
f 955//66 957//66 959//66
f 962//67 964//67 963//67
f 964//68 966//68 965//68
f 966//69 968//69 967//69
f 968//70 970//70 969//70
f 966//63 964//63 962//63
f 962//63 972//63 970//63
f 970//63 968//63 966//63
f 970//71 972//71 971//71
f 972//72 962//72 961//72
f 971//66 961//66 963//66
f 963//66 965//66 967//66
f 967//66 969//66 971//66
f 974//67 976//67 975//67
f 976//68 978//68 977//68
f 978//69 980//69 979//69
f 980//70 982//70 981//70
f 978//63 976//63 974//63
f 974//63 984//63 982//63
f 982//63 980//63 978//63
f 982//71 984//71 983//71
f 984//72 974//72 973//72
f 983//66 973//66 975//66
f 975//66 977//66 979//66
f 979//66 981//66 983//66
f 986//67 988//67 987//67
f 988//68 990//68 989//68
f 990//69 992//69 991//69
f 992//70 994//70 993//70
f 990//63 988//63 986//63
f 986//63 996//63 994//63
f 994//63 992//63 990//63
f 994//71 996//71 995//71
f 996//72 986//72 985//72
f 995//66 985//66 987//66
f 987//66 989//66 991//66
f 991//66 993//66 995//66
f 998//67 1000//67 999//67
f 1000//68 1002//68 1001//68
f 1002//69 1004//69 1003//69
f 1004//70 1006//70 1005//70
f 1002//63 1000//63 998//63
f 998//63 1008//63 1006//63
f 1006//63 1004//63 1002//63
f 1006//71 1008//71 1007//71
f 1008//72 998//72 997//72
f 1007//66 997//66 999//66
f 999//66 1001//66 1003//66
f 1003//66 1005//66 1007//66
f 1010//67 1012//67 1011//67
f 1012//68 1014//68 1013//68
f 1014//69 1016//69 1015//69
f 1016//70 1018//70 1017//70
f 1014//63 1012//63 1010//63
f 1010//63 1020//63 1018//63
f 1018//63 1016//63 1014//63
f 1018//71 1020//71 1019//71
f 1020//72 1010//72 1009//72
f 1019//66 1009//66 1011//66
f 1011//66 1013//66 1015//66
f 1015//66 1017//66 1019//66
f 1022//67 1024//67 1023//67
f 1024//68 1026//68 1025//68
f 1026//69 1028//69 1027//69
f 1028//70 1030//70 1029//70
f 1026//63 1024//63 1022//63
f 1022//63 1032//63 1030//63
f 1030//63 1028//63 1026//63
f 1030//71 1032//71 1031//71
f 1032//72 1022//72 1021//72
f 1031//66 1021//66 1023//66
f 1023//66 1025//66 1027//66
f 1027//66 1029//66 1031//66
f 1034//67 1036//67 1035//67
f 1036//68 1038//68 1037//68
f 1038//69 1040//69 1039//69
f 1040//70 1042//70 1041//70
f 1038//63 1036//63 1034//63
f 1034//63 1044//63 1042//63
f 1042//63 1040//63 1038//63
f 1042//71 1044//71 1043//71
f 1044//72 1034//72 1033//72
f 1043//66 1033//66 1035//66
f 1035//66 1037//66 1039//66
f 1039//66 1041//66 1043//66
f 1046//67 1048//67 1047//67
f 1048//68 1050//68 1049//68
f 1050//69 1052//69 1051//69
f 1052//70 1054//70 1053//70
f 1050//63 1048//63 1046//63
f 1046//63 1056//63 1054//63
f 1054//63 1052//63 1050//63
f 1054//71 1056//71 1055//71
f 1056//72 1046//72 1045//72
f 1055//66 1045//66 1047//66
f 1047//66 1049//66 1051//66
f 1051//66 1053//66 1055//66
f 1058//67 1060//67 1059//67
f 1060//68 1062//68 1061//68
f 1062//69 1064//69 1063//69
f 1064//70 1066//70 1065//70
f 1062//63 1060//63 1058//63
f 1058//63 1068//63 1066//63
f 1066//63 1064//63 1062//63
f 1066//71 1068//71 1067//71
f 1068//72 1058//72 1057//72
f 1067//66 1057//66 1059//66
f 1059//66 1061//66 1063//66
f 1063//66 1065//66 1067//66
f 1070//67 1072//67 1071//67
f 1072//68 1074//68 1073//68
f 1074//69 1076//69 1075//69
f 1076//70 1078//70 1077//70
f 1074//63 1072//63 1070//63
f 1070//63 1080//63 1078//63
f 1078//63 1076//63 1074//63
f 1078//71 1080//71 1079//71
f 1080//72 1070//72 1069//72
f 1079//66 1069//66 1071//66
f 1071//66 1073//66 1075//66
f 1075//66 1077//66 1079//66
f 1082//67 1084//67 1083//67
f 1084//68 1086//68 1085//68
f 1086//69 1088//69 1087//69
f 1088//70 1090//70 1089//70
f 1086//63 1084//63 1082//63
f 1082//63 1092//63 1090//63
f 1090//63 1088//63 1086//63
f 1090//71 1092//71 1091//71
f 1092//72 1082//72 1081//72
f 1091//66 1081//66 1083//66
f 1083//66 1085//66 1087//66
f 1087//66 1089//66 1091//66
f 1094//67 1096//67 1095//67
f 1096//68 1098//68 1097//68
f 1098//69 1100//69 1099//69
f 1100//70 1102//70 1101//70
f 1098//63 1096//63 1094//63
f 1094//63 1104//63 1102//63
f 1102//63 1100//63 1098//63
f 1102//71 1104//71 1103//71
f 1104//72 1094//72 1093//72
f 1103//66 1093//66 1095//66
f 1095//66 1097//66 1099//66
f 1099//66 1101//66 1103//66
usemtl gear_paint
f 1106//1 1107//1 1105//1
f 1108//2 1109//2 1107//2
f 1110//3 1111//3 1109//3
f 1112//4 1113//4 1111//4
f 1114//5 1115//5 1113//5
f 1116//6 1117//6 1115//6
f 1118//7 1119//7 1117//7
f 1120//8 1121//8 1119//8
f 1122//9 1123//9 1121//9
f 1124//10 1125//10 1123//10
f 1126//11 1127//11 1125//11
f 1128//12 1129//12 1127//12
f 1130//13 1131//13 1129//13
f 1132//14 1133//14 1131//14
f 1134//15 1135//15 1133//15
f 1136//16 1137//16 1135//16
f 1138//17 1139//17 1137//17
f 1140//18 1141//18 1139//18
f 1142//19 1143//19 1141//19
f 1144//20 1145//20 1143//20
f 1146//21 1147//21 1145//21
f 1148//22 1149//22 1147//22
f 1150//23 1151//23 1149//23
f 1152//24 1153//24 1151//24
f 1154//25 1155//25 1153//25
f 1156//26 1157//26 1155//26
f 1158//27 1159//27 1157//27
f 1160//28 1161//28 1159//28
f 1162//29 1163//29 1161//29
f 1164//30 1165//30 1163//30
f 1166//31 1167//31 1165//31
f 1168//32 1169//32 1167//32
f 1170//33 1171//33 1169//33
f 1172//34 1173//34 1171//34
f 1174//35 1175//35 1173//35
f 1176//36 1177//36 1175//36
f 1178//37 1179//37 1177//37
f 1180//38 1181//38 1179//38
f 1182//39 1183//39 1181//39
f 1184//40 1185//40 1183//40
f 1186//41 1187//41 1185//41
f 1188//42 1189//42 1187//42
f 1190//43 1191//43 1189//43
f 1192//44 1193//44 1191//44
f 1194//45 1195//45 1193//45
f 1196//46 1197//46 1195//46
f 1198//47 1199//47 1197//47
f 1200//48 1201//48 1199//48
f 1202//49 1203//49 1201//49
f 1204//50 1205//50 1203//50
f 1206//51 1207//51 1205//51
f 1208//52 1209//52 1207//52
f 1210//53 1211//53 1209//53
f 1212//54 1213//54 1211//54
f 1214//55 1215//55 1213//55
f 1216//56 1217//56 1215//56
f 1218//57 1219//57 1217//57
f 1220//58 1221//58 1219//58
f 1222//59 1223//59 1221//59
f 1224//60 1225//60 1223//60
f 1226//61 1227//61 1225//61
f 1228//62 1229//62 1227//62
f 1168//63 1646//63 1647//63
f 1158//63 1770//63 1771//63
f 1146//63 1913//63 1915//63
f 1136//63 2035//63 2040//63
f 1126//63 2190//63 2203//63
f 1114//63 2301//63 2300//63
f 1232//63 2413//63 2415//63
f 1144//63 2020//63 2021//63
f 2695//63 2699//63 2543//63
f 1222//63 2569//63 2568//63
f 1168//63 1503//63 1499//63
f 1190//63 1373//63 1380//63
f 1190//63 1236//63 1238//63
f 1230//64 1231//64 1229//64
f 1232//65 1105//65 1231//65
f 1157//66 1836//66 1839//66
f 1215//66 2733//66 2732//66
f 2465//66 2597//66 2594//66
f 1229//66 2501//66 2498//66
f 2224//66 2388//66 2387//66
f 1119//66 1135//66 2252//66
f 2006//66 2000//66 2104//66
f 1155//66 2008//66 1947//66
f 1690//66 1599//66 1594//66
f 1606//66 1686//66 1687//66
f 1173//66 1189//66 1575//66
f 1199//66 1307//66 1309//66
f 1271//33 1326//33 1361//33
f 1272//34 1361//34 1333//34
f 1274//35 1333//35 1337//35
f 1273//36 1337//36 1335//36
f 1278//73 1335//73 1345//73
f 1277//38 1345//38 1339//38
f 1275//39 1339//39 1343//39
f 1295//74 1343//74 1341//74
f 1295//75 1360//75 1281//75
f 1281//42 1346//42 1285//42
f 1285//43 1350//43 1283//43
f 1283//44 1348//44 1293//44
f 1293//45 1357//45 1287//45
f 1287//46 1352//46 1292//46
f 1292//47 1355//47 1290//47
f 1290//48 1353//48 1288//48
f 1288//49 1354//49 1289//49
f 1289//50 1356//50 1291//50
f 1291//51 1351//51 1286//51
f 1286//52 1359//52 1294//52
f 1294//53 1347//53 1282//53
f 1282//54 1349//54 1284//54
f 1284//55 1358//55 1279//55
f 1279//76 1340//76 1280//76
f 1280//57 1342//57 1296//57
f 1296//58 1338//58 1276//58
f 1276//59 1344//59 1258//59
f 1258//60 1334//60 1259//60
f 1259//61 1336//61 1257//61
f 1257//62 1332//62 1260//62
f 1260//64 1331//64 1255//64
f 1255//65 1325//65 1256//65
f 1256//1 1327//1 1254//1
f 1254//2 1323//2 1261//2
f 1261//3 1329//3 1251//3
f 1251//4 1319//4 1252//4
f 1252//5 1321//5 1250//5
f 1250//6 1317//6 1253//6
f 1253//7 1315//7 1248//7
f 1248//8 1313//8 1262//8
f 1242//77 1313//77 1312//77
f 1244//10 1312//10 1314//10
f 1240//11 1314//11 1310//11
f 1246//78 1310//78 1311//78
f 1236//13 1311//13 1308//13
f 1238//14 1308//14 1306//14
f 1234//15 1306//15 1304//15
f 1233//16 1304//16 1303//16
f 1235//17 1303//17 1305//17
f 1239//18 1305//18 1309//18
f 1237//19 1309//19 1307//19
f 1247//20 1307//20 1316//20
f 1241//21 1316//21 1297//21
f 1245//22 1297//22 1298//22
f 1243//23 1298//23 1302//23
f 1263//79 1302//79 1299//79
f 1249//80 1299//80 1301//80
f 1300//26 1264//26 1301//26
f 1266//27 1318//27 1322//27
f 1265//28 1322//28 1320//28
f 1270//29 1320//29 1330//29
f 1267//30 1330//30 1324//30
f 1269//31 1324//31 1328//31
f 1268//32 1328//32 1326//32
f 1402//33 1491//33 1461//33
f 1403//34 1461//34 1465//34
f 1404//35 1465//35 1463//35
f 1406//36 1463//36 1473//36
f 1405//37 1473//37 1467//37
f 1407//38 1467//38 1471//38
f 1411//39 1471//39 1469//39
f 1409//74 1469//74 1490//74
f 1409//41 1475//41 1421//41
f 1421//42 1479//42 1414//42
f 1414//43 1477//43 1422//43
f 1422//81 1488//81 1423//81
f 1423//45 1481//45 1424//45
f 1424//46 1486//46 1425//46
f 1425//47 1484//47 1426//47
f 1426//48 1482//48 1418//48
f 1418//49 1483//49 1417//49
f 1417//50 1485//50 1415//50
f 1415//51 1480//51 1416//51
f 1416//52 1487//52 1420//52
f 1420//53 1476//53 1412//53
f 1412//54 1478//54 1413//54
f 1413//55 1474//55 1419//55
f 1419//56 1489//56 1408//56
f 1408//82 1468//82 1410//82
f 1410//58 1470//58 1398//58
f 1398//59 1466//59 1399//59
f 1399//60 1472//60 1397//60
f 1397//61 1462//61 1401//61
f 1401//62 1464//62 1396//62
f 1396//64 1460//64 1400//64
f 1400//65 1457//65 1392//65
f 1392//1 1451//1 1394//1
f 1394//2 1453//2 1376//2
f 1376//3 1449//3 1377//3
f 1377//4 1455//4 1375//4
f 1375//5 1445//5 1378//5
f 1378//6 1447//6 1373//6
f 1443//7 1380//7 1447//7
f 1380//8 1458//8 1368//8
f 1367//77 1458//77 1436//77
f 1371//10 1436//10 1438//10
f 1364//11 1438//11 1434//11
f 1386//78 1362//78 1434//78
f 1387//13 1440//13 1430//13
f 1383//14 1430//14 1432//14
f 1384//15 1432//15 1428//15
f 1382//16 1428//16 1427//16
f 1385//17 1427//17 1429//17
f 1389//18 1429//18 1433//18
f 1388//19 1433//19 1431//19
f 1363//20 1431//20 1441//20
f 1365//21 1441//21 1435//21
f 1366//22 1435//22 1439//22
f 1370//23 1439//23 1437//23
f 1369//79 1437//79 1459//79
f 1381//80 1459//80 1444//80
f 1374//26 1444//26 1448//26
f 1372//27 1448//27 1446//27
f 1379//28 1446//28 1456//28
f 1390//29 1456//29 1450//29
f 1391//30 1450//30 1454//30
f 1395//31 1454//31 1452//31
f 1393//32 1452//32 1491//32
f 1536//33 1620//33 1588//33
f 1539//34 1588//34 1592//34
f 1538//35 1592//35 1590//35
f 1545//36 1590//36 1601//36
f 1541//37 1601//37 1594//37
f 1540//38 1594//38 1599//38
f 1544//39 1599//39 1597//39
f 1543//40 1597//40 1618//40
f 1543//41 1603//41 1542//41
f 1542//42 1607//42 1554//42
f 1554//43 1605//43 1546//43
f 1546//44 1616//44 1548//44
f 1548//45 1609//45 1547//45
f 1547//46 1614//46 1553//46
f 1553//47 1612//47 1550//47
f 1550//48 1610//48 1549//48
f 1549//49 1611//49 1552//49
f 1552//50 1613//50 1551//50
f 1551//51 1608//51 1513//51
f 1513//52 1615//52 1512//52
f 1512//83 1604//83 1515//83
f 1515//54 1606//54 1510//54
f 1510//55 1602//55 1511//55
f 1511//56 1617//56 1514//56
f 1596//82 1507//82 1617//82
f 1507//58 1598//58 1508//58
f 1508//59 1593//59 1506//59
f 1506//60 1600//60 1509//60
f 1509//61 1589//61 1505//61
f 1505//62 1591//62 1504//62
f 1504//64 1587//64 1516//64
f 1516//65 1619//65 1501//65
f 1501//1 1579//1 1502//1
f 1502//2 1581//2 1503//2
f 1503//3 1577//3 1499//3
f 1499//4 1583//4 1500//4
f 1500//5 1573//5 1498//5
f 1498//6 1575//6 1496//6
f 1496//7 1571//7 1494//7
f 1494//8 1585//8 1495//8
f 1497//9 1585//9 1565//9
f 1493//10 1565//10 1567//10
f 1492//11 1567//11 1563//11
f 1523//12 1563//12 1569//12
f 1524//13 1569//13 1559//13
f 1519//14 1559//14 1561//14
f 1517//15 1561//15 1557//15
f 1518//16 1557//16 1556//16
f 1520//17 1556//17 1558//17
f 1521//18 1558//18 1562//18
f 1522//19 1562//19 1560//19
f 1525//20 1560//20 1570//20
f 1535//84 1570//84 1564//84
f 1526//22 1564//22 1568//22
f 1529//23 1568//23 1566//23
f 1528//24 1566//24 1586//24
f 1527//80 1586//80 1572//80
f 1534//26 1572//26 1576//26
f 1530//27 1576//27 1574//27
f 1533//28 1574//28 1584//28
f 1531//29 1584//29 1578//29
f 1532//30 1578//30 1582//30
f 1555//31 1582//31 1580//31
f 1537//32 1580//32 1620//32
f 1672//33 1749//33 1718//33
f 1673//34 1718//34 1722//34
f 1685//35 1722//35 1720//35
f 1677//36 1720//36 1730//36
f 1676//37 1730//37 1724//37
f 1680//38 1724//38 1728//38
f 1679//39 1728//39 1726//39
f 1678//40 1726//40 1746//40
f 1678//85 1732//85 1684//85
f 1684//42 1736//42 1681//42
f 1681//43 1734//43 1683//43
f 1683//44 1744//44 1682//44
f 1682//45 1738//45 1660//45
f 1660//46 1742//46 1661//46
f 1661//47 1740//47 1664//47
f 1664//48 1739//48 1662//48
f 1662//49 1741//49 1663//49
f 1663//50 1743//50 1666//50
f 1666//51 1737//51 1665//51
f 1665//52 1745//52 1653//52
f 1653//53 1733//53 1650//53
f 1650//54 1735//54 1649//54
f 1649//55 1731//55 1651//55
f 1651//76 1747//76 1646//76
f 1646//57 1725//57 1647//57
f 1647//58 1727//58 1648//58
f 1648//59 1723//59 1645//59
f 1645//60 1729//60 1652//60
f 1719//61 1634//61 1652//61
f 1635//62 1721//62 1632//62
f 1632//64 1717//64 1633//64
f 1633//65 1748//65 1637//65
f 1637//1 1709//1 1630//1
f 1630//2 1710//2 1631//2
f 1631//3 1712//3 1629//3
f 1629//4 1707//4 1636//4
f 1636//5 1714//5 1625//5
f 1625//6 1703//6 1626//6
f 1626//7 1705//7 1627//7
f 1627//8 1701//8 1624//8
f 1628//77 1701//77 1699//77
f 1622//10 1699//10 1695//10
f 1623//11 1695//11 1697//11
f 1621//12 1697//12 1693//12
f 1638//13 1693//13 1691//13
f 1643//14 1691//14 1689//14
f 1640//15 1689//15 1687//15
f 1639//16 1687//16 1686//16
f 1641//17 1686//17 1688//17
f 1644//18 1688//18 1692//18
f 1642//19 1692//19 1690//19
f 1654//20 1690//20 1700//20
f 1656//21 1700//21 1694//21
f 1655//22 1694//22 1698//22
f 1659//23 1698//23 1696//23
f 1657//86 1696//86 1716//86
f 1658//25 1716//25 1702//25
f 1667//26 1702//26 1706//26
f 1670//27 1706//27 1704//27
f 1669//28 1704//28 1715//28
f 1668//29 1715//29 1708//29
f 1675//30 1708//30 1713//30
f 1671//31 1713//31 1711//31
f 1674//32 1711//32 1749//32
f 1801//33 1862//33 1861//33
f 1800//34 1861//34 1864//34
f 1804//35 1864//35 1865//35
f 1803//36 1865//36 1867//36
f 1802//37 1867//37 1866//37
f 1808//38 1866//38 1870//38
f 1805//39 1870//39 1869//39
f 1807//40 1869//40 1868//40
f 1807//41 1877//41 1806//41
f 1806//42 1871//42 1790//42
f 1790//43 1873//43 1783//43
f 1783//44 1872//44 1785//44
f 1785//45 1876//45 1784//45
f 1784//46 1874//46 1789//46
f 1789//47 1875//47 1788//47
f 1786//48 1875//48 1851//48
f 1786//49 1846//49 1787//49
f 1787//50 1844//50 1774//50
f 1774//51 1845//51 1776//51
f 1776//52 1848//52 1773//52
f 1773//53 1842//53 1775//53
f 1775//54 1843//54 1770//54
f 1770//55 1841//55 1771//55
f 1771//56 1847//56 1772//56
f 1772//82 1837//82 1768//82
f 1768//58 1838//58 1769//58
f 1769//59 1839//59 1777//59
f 1756//60 1755//60 1839//60
f 1756//61 1840//61 1758//61
f 1758//62 1834//62 1754//62
f 1754//64 1835//64 1757//64
f 1757//65 1833//65 1752//65
f 1752//1 1849//1 1753//1
f 1829//2 1750//2 1849//2
f 1750//3 1879//3 1751//3
f 1751//4 1878//4 1766//4
f 1828//5 1767//5 1878//5
f 1767//6 1831//6 1764//6
f 1764//7 1827//7 1765//7
f 1765//87 1832//87 1763//87
f 1762//9 1832//9 1824//9
f 1761//10 1824//10 1825//10
f 1759//11 1825//11 1826//11
f 1760//12 1826//12 1821//12
f 1781//13 1821//13 1819//13
f 1782//14 1819//14 1816//14
f 1779//15 1816//15 1817//15
f 1778//16 1817//16 1815//16
f 1780//17 1815//17 1818//17
f 1791//18 1818//18 1822//18
f 1792//19 1822//19 1820//19
f 1794//20 1820//20 1823//20
f 1793//21 1823//21 1850//21
f 1795//22 1850//22 1853//22
f 1797//23 1853//23 1852//23
f 1796//86 1852//86 1856//86
f 1799//80 1856//80 1855//80
f 1798//26 1855//26 1854//26
f 1810//27 1854//27 1857//27
f 1811//28 1857//28 1858//28
f 1812//29 1858//29 1860//29
f 1813//30 1860//30 1859//30
f 1814//31 1859//31 1863//31
f 1809//32 1863//32 1862//32
f 1924//33 1999//33 2001//33
f 1926//34 2001//34 2000//34
f 1925//35 2000//35 2006//35
f 1929//36 2006//36 2003//36
f 1927//37 2003//37 2002//37
f 1928//38 2002//38 2005//38
f 1917//39 2005//39 2004//39
f 1910//40 2004//40 1956//40
f 1910//85 1971//85 1912//85
f 1912//42 1959//42 1911//42
f 1911//43 1962//43 1916//43
f 1916//81 1960//81 1913//81
f 1913//45 1969//45 1915//45
f 1915//46 1968//46 1914//46
f 1966//47 1901//47 1914//47
f 1900//48 1964//48 1898//48
f 1898//49 1965//49 1899//49
f 1899//50 1967//50 1897//50
f 1897//51 1963//51 1896//51
f 1896//52 1970//52 1902//52
f 1902//53 1961//53 1894//53
f 1894//54 1958//54 1893//54
f 1893//55 1953//55 1895//55
f 1895//88 1954//88 1892//88
f 1892//82 1955//82 1891//82
f 1891//58 1952//58 1903//58
f 1903//59 1951//59 1889//59
f 1889//60 1957//60 1888//60
f 1888//61 1948//61 1890//61
f 1890//62 1949//62 1887//62
f 1887//64 1950//64 1886//64
f 1886//65 1946//65 1885//65
f 1885//1 1947//1 1884//1
f 1884//2 2008//2 1883//2
f 1883//3 1995//3 1881//3
f 1881//4 1997//4 1882//4
f 1882//89 1992//89 1908//89
f 1908//6 1991//6 1909//6
f 1909//7 1989//7 1907//7
f 1907//87 1985//87 1906//87
f 1905//9 1985//9 1987//9
f 1904//10 1987//10 1982//10
f 1922//11 1982//11 1981//11
f 1923//78 1981//78 1979//78
f 1921//13 1979//13 1977//13
f 1919//14 1977//14 1973//14
f 1920//15 1973//15 1974//15
f 1918//16 1974//16 1972//16
f 1931//17 1972//17 1975//17
f 1933//18 1975//18 1980//18
f 1932//19 1980//19 1978//19
f 1937//20 1978//20 1976//20
f 1934//21 1976//21 1990//21
f 1936//22 1990//22 1983//22
f 1935//23 1983//23 1988//23
f 1945//24 1988//24 1986//24
f 1938//80 1986//80 1984//80
f 1940//26 1984//26 2009//26
f 1939//27 2009//27 1993//27
f 1944//28 1993//28 1998//28
f 1941//29 1998//29 1996//29
f 1943//30 1996//30 1994//30
f 1942//31 1994//31 2007//31
f 1930//32 2007//32 1999//32
f 2054//33 2080//33 2081//33
f 2052//34 2081//34 2085//34
f 2053//35 2085//35 2113//35
f 2042//36 2113//36 2117//36
f 2041//37 2117//37 2115//37
f 2034//38 2115//38 2123//38
f 2036//39 2123//39 2118//39
f 2035//74 2118//74 2121//74
f 2035//85 2138//85 2040//85
f 2040//42 2125//42 2037//42
f 2037//43 2129//43 2039//43
f 2039//81 2127//81 2038//81
f 2019//45 2026//45 2127//45
f 2019//46 2130//46 2023//46
f 2023//47 2133//47 2022//47
f 2022//48 2131//48 2020//48
f 2020//49 2132//49 2021//49
f 2021//50 2135//50 2025//50
f 2025//51 2134//51 2018//51
f 2018//52 2126//52 2024//52
f 2024//53 2128//53 2014//53
f 2014//54 2124//54 2015//54
f 2015//55 2137//55 2016//55
f 2016//76 2119//76 2013//76
f 2013//82 2120//82 2017//82
f 2017//58 2122//58 2011//58
f 2011//59 2114//59 2012//59
f 2012//90 2116//90 2010//90
f 2010//61 2112//61 2027//61
f 2027//62 2110//62 2032//62
f 2032//64 2107//64 2031//64
f 2031//65 2106//65 2033//65
f 2033//1 2108//1 2029//1
f 2029//2 2104//2 2030//2
f 2030//3 2105//3 2028//3
f 2028//4 2109//4 2047//4
f 2047//5 2101//5 2046//5
f 2046//6 2102//6 2048//6
f 2048//7 2100//7 2044//7
f 2044//87 2103//87 2045//87
f 2043//91 2103//91 2099//91
f 2068//10 2099//10 2097//10
f 2064//11 2097//11 2095//11
f 2062//78 2095//78 2092//78
f 2061//13 2092//13 2091//13
f 2059//14 2091//14 2089//14
f 2056//15 2089//15 2086//15
f 2057//16 2086//16 2087//16
f 2060//17 2087//17 2088//17
f 2058//18 2088//18 2090//18
f 2065//19 2090//19 2098//19
f 2063//20 2098//20 2093//20
f 2074//21 2093//21 2096//21
f 2066//22 2096//22 2094//22
f 2069//23 2094//23 2111//23
f 2067//86 2111//86 2084//86
f 2073//25 2084//25 2075//25
f 2070//26 2075//26 2078//26
f 2072//27 2078//27 2077//27
f 2071//92 2077//92 2076//92
f 2055//29 2076//29 2083//29
f 2049//30 2083//30 2079//30
f 2051//31 2079//31 2082//31
f 2050//32 2082//32 2080//32
f 2182//33 2267//33 2236//33
f 2185//34 2236//34 2240//34
f 2187//35 2240//35 2238//35
f 2186//36 2238//36 2248//36
f 2192//37 2248//37 2242//37
f 2190//38 2242//38 2246//38
f 2203//39 2246//39 2244//39
f 2193//40 2244//40 2266//40
f 2193//85 2250//85 2195//85
f 2195//42 2254//42 2201//42
f 2201//43 2252//43 2200//43
f 2262//81 2139//81 2200//81
f 2140//45 2256//45 2142//45
f 2142//46 2260//46 2146//46
f 2146//47 2258//47 2145//47
f 2145//48 2257//48 2143//48
f 2143//49 2259//49 2144//49
f 2144//50 2261//50 2147//50
f 2147//51 2255//51 2141//51
f 2141//52 2263//52 2197//52
f 2197//53 2251//53 2199//53
f 2199//54 2253//54 2198//54
f 2198//55 2249//55 2194//55
f 2194//88 2265//88 2196//88
f 2196//82 2243//82 2202//82
f 2202//58 2245//58 2189//58
f 2189//59 2241//59 2188//59
f 2188//60 2247//60 2191//60
f 2191//61 2237//61 2179//61
f 2179//62 2239//62 2180//62
f 2180//64 2235//64 2181//64
f 2181//65 2264//65 2177//65
f 2177//1 2227//1 2183//1
f 2183//2 2228//2 2171//2
f 2171//3 2230//3 2167//3
f 2167//4 2225//4 2166//4
f 2166//89 2232//89 2165//89
f 2165//6 2221//6 2168//6
f 2168//7 2223//7 2161//7
f 2161//87 2219//87 2163//87
f 2169//9 2219//9 2217//9
f 2159//10 2217//10 2213//10
f 2151//11 2213//11 2215//11
f 2150//78 2215//78 2211//78
f 2152//13 2211//13 2209//13
f 2148//14 2209//14 2207//14
f 2149//15 2207//15 2205//15
f 2153//16 2205//16 2204//16
f 2155//17 2204//17 2206//17
f 2154//18 2206//18 2210//18
f 2156//19 2210//19 2208//19
f 2158//20 2208//20 2218//20
f 2157//21 2218//21 2212//21
f 2160//22 2212//22 2216//22
f 2170//23 2216//23 2214//23
f 2164//24 2214//24 2234//24
f 2162//80 2234//80 2220//80
f 2172//26 2220//26 2224//26
f 2173//27 2224//27 2222//27
f 2174//28 2222//28 2233//28
f 2175//29 2233//29 2226//29
f 2176//30 2226//30 2231//30
f 2184//31 2231//31 2229//31
f 2178//32 2229//32 2267//32
f 2313//33 2346//33 2345//33
f 2314//34 2345//34 2349//34
f 2315//35 2349//35 2348//35
f 2316//36 2348//36 2347//36
f 2317//37 2347//37 2356//37
f 2320//38 2356//38 2350//38
f 2318//39 2350//39 2352//39
f 2319//40 2352//40 2351//40
f 2319//41 2355//41 2321//41
f 2321//42 2354//42 2322//42
f 2322//43 2353//43 2323//43
f 2323//44 2386//44 2325//44
f 2325//45 2389//45 2331//45
f 2331//46 2394//46 2326//46
f 2326//47 2391//47 2329//47
f 2329//48 2390//48 2327//48
f 2327//49 2393//49 2328//49
f 2328//50 2392//50 2330//50
f 2330//51 2387//51 2332//51
f 2332//52 2388//52 2324//52
f 2324//53 2395//53 2306//53
f 2306//54 2383//54 2307//54
f 2307//55 2384//55 2305//55
f 2305//56 2381//56 2308//56
f 2308//82 2382//82 2303//82
f 2303//58 2385//58 2304//58
f 2304//59 2379//59 2293//59
f 2293//60 2380//60 2294//60
f 2294//61 2377//61 2292//61
f 2292//62 2378//62 2295//62
f 2295//64 2396//64 2290//64
f 2290//65 2373//65 2291//65
f 2291//1 2372//1 2279//1
f 2279//2 2374//2 2280//2
f 2280//3 2371//3 2278//3
f 2278//4 2375//4 2281//4
f 2281//5 2368//5 2276//5
f 2276//6 2369//6 2277//6
f 2277//7 2370//7 2275//7
f 2275//87 2367//87 2282//87
f 2272//9 2367//9 2376//9
f 2273//10 2376//10 2364//10
f 2274//11 2364//11 2365//11
f 2271//12 2365//12 2366//12
f 2270//13 2366//13 2363//13
f 2269//14 2363//14 2360//14
f 2268//15 2360//15 2358//15
f 2283//16 2358//16 2359//16
f 2284//17 2359//17 2361//17
f 2288//18 2361//18 2362//18
f 2285//19 2362//19 2333//19
f 2287//20 2333//20 2334//20
f 2286//21 2334//21 2335//21
f 2289//22 2335//22 2337//22
f 2296//23 2337//23 2336//23
f 2298//86 2336//86 2344//86
f 2297//80 2344//80 2339//80
f 2302//26 2339//26 2338//26
f 2299//27 2338//27 2343//27
f 2301//28 2343//28 2340//28
f 2300//29 2340//29 2342//29
f 2309//30 2342//30 2341//30
f 2357//31 2310//31 2309//31
f 2312//32 2357//32 2346//32
f 2430//33 2515//33 2514//33
f 2433//34 2514//34 2517//34
f 2432//35 2517//35 2516//35
f 2434//36 2516//36 2518//36
f 2435//37 2518//37 2519//37
f 2438//38 2519//38 2522//38
f 2437//39 2522//39 2521//39
f 2436//40 2521//40 2520//40
f 2436//85 2526//85 2442//85
f 2442//42 2523//42 2439//42
f 2439//43 2525//43 2441//43
f 2441//44 2524//44 2440//44
f 2440//45 2510//45 2426//45
f 2426//46 2507//46 2423//46
f 2423//47 2505//47 2421//47
f 2421//48 2504//48 2420//48
f 2420//49 2506//49 2422//49
f 2422//50 2508//50 2424//50
f 2424//51 2503//51 2419//51
f 2419//52 2491//52 2407//52
f 2407//53 2492//53 2408//53
f 2408//54 2490//54 2406//54
f 2406//55 2493//55 2409//55
f 2409//76 2488//76 2404//76
f 2404//57 2489//57 2405//57
f 2405//58 2478//58 2459//58
f 2459//59 2477//59 2458//59
f 2458//60 2475//60 2456//60
f 2456//61 2476//61 2457//61
f 2457//62 2479//62 2460//62
f 2460//64 2473//64 2454//64
f 2454//65 2472//65 2453//65
f 2453//1 2474//1 2455//1
f 2455//2 2471//2 2452//2
f 2452//3 2480//3 2461//3
f 2461//4 2468//4 2449//4
f 2449//5 2469//5 2450//5
f 2450//6 2470//6 2451//6
f 2451//7 2466//7 2447//7
f 2447//8 2467//8 2448//8
f 2446//77 2467//77 2465//77
f 2445//10 2465//10 2464//10
f 2444//11 2464//11 2463//11
f 2443//12 2463//12 2462//12
f 2400//13 2462//13 2484//13
f 2401//14 2484//14 2485//14
f 2398//15 2485//15 2482//15
f 2397//16 2482//16 2481//16
f 2399//17 2481//17 2483//17
f 2402//18 2483//18 2486//18
f 2403//19 2486//19 2487//19
f 2410//20 2487//20 2494//20
f 2412//21 2494//21 2496//21
f 2411//22 2496//22 2495//22
f 2416//23 2495//23 2500//23
f 2413//86 2500//86 2497//86
f 2415//25 2497//25 2499//25
f 2414//26 2499//26 2498//26
f 2417//27 2498//27 2501//27
f 2418//28 2501//28 2502//28
f 2509//29 2425//29 2502//29
f 2427//30 2512//30 2511//30
f 2429//31 2511//31 2513//31
f 2431//32 2513//32 2515//32
f 2588//33 2595//33 2594//33
f 2591//34 2594//34 2597//34
f 2590//35 2597//35 2600//35
f 2599//36 2573//36 2600//36
f 2576//37 2602//37 2603//37
f 2575//38 2603//38 2640//38
f 2574//39 2640//39 2635//39
f 2581//40 2635//40 2638//40
f 2581//41 2655//41 2577//41
f 2577//42 2642//42 2580//42
f 2580//43 2646//43 2578//43
f 2578//44 2644//44 2579//44
f 2579//45 2653//45 2556//45
f 2556//46 2647//46 2561//46
f 2561//47 2650//47 2558//47
f 2558//48 2648//48 2557//48
f 2557//49 2649//49 2560//49
f 2560//50 2652//50 2559//50
f 2559//51 2651//51 2554//51
f 2554//52 2643//52 2555//52
f 2555//83 2645//83 2562//83
f 2562//54 2641//54 2550//54
f 2550//55 2654//55 2551//55
f 2551//56 2636//56 2552//56
f 2552//82 2637//82 2549//82
f 2549//58 2639//58 2553//58
f 2553//59 2632//59 2546//59
f 2546//60 2633//60 2547//60
f 2547//61 2634//61 2548//61
f 2548//62 2630//62 2545//62
f 2545//64 2631//64 2563//64
f 2563//65 2656//65 2540//65
f 2540//1 2625//1 2541//1
f 2541//2 2626//2 2542//2
f 2542//3 2624//3 2539//3
f 2539//4 2627//4 2543//4
f 2543//5 2623//5 2536//5
f 2536//6 2628//6 2537//6
f 2537//7 2619//7 2538//7
f 2538//8 2621//8 2535//8
f 2544//9 2621//9 2617//9
f 2531//10 2617//10 2613//10
f 2532//11 2613//11 2610//11
f 2533//12 2610//12 2611//12
f 2530//13 2611//13 2614//13
f 2534//14 2614//14 2606//14
f 2528//15 2606//15 2604//15
f 2527//16 2604//16 2605//16
f 2529//17 2605//17 2608//17
f 2564//18 2608//18 2607//18
f 2565//19 2607//19 2615//19
f 2566//20 2615//20 2609//20
f 2567//84 2609//84 2612//84
f 2569//22 2612//22 2616//22
f 2568//23 2616//23 2618//23
f 2572//24 2618//24 2622//24
f 2571//80 2622//80 2620//80
f 2570//26 2620//26 2629//26
f 2582//27 2629//27 2601//27
f 2598//28 2583//28 2582//28
f 2586//29 2598//29 2596//29
f 2585//30 2596//30 2592//30
f 2587//31 2592//31 2593//31
f 2589//32 2593//32 2595//32
f 2689//33 2746//33 2784//33
f 2693//34 2784//34 2758//34
f 2691//35 2758//35 2756//35
f 2701//36 2756//36 2766//36
f 2695//37 2766//37 2760//37
f 2699//38 2760//38 2764//38
f 2697//39 2764//39 2762//39
f 2717//74 2762//74 2783//74
f 2717//41 2768//41 2703//41
f 2703//42 2772//42 2707//42
f 2707//43 2770//43 2705//43
f 2705//81 2781//81 2715//81
f 2715//45 2774//45 2709//45
f 2709//46 2779//46 2713//46
f 2713//47 2777//47 2711//47
f 2711//48 2775//48 2710//48
f 2710//49 2776//49 2712//49
f 2712//50 2778//50 2714//50
f 2714//51 2773//51 2708//51
f 2708//52 2780//52 2716//52
f 2716//53 2769//53 2704//53
f 2704//54 2771//54 2706//54
f 2706//55 2767//55 2702//55
f 2702//56 2782//56 2718//56
f 2718//82 2761//82 2696//82
f 2696//58 2763//58 2698//58
f 2698//59 2759//59 2694//59
f 2694//60 2765//60 2700//60
f 2700//61 2755//61 2690//61
f 2690//62 2757//62 2692//62
f 2692//64 2754//64 2688//64
f 2688//65 2751//65 2720//65
f 2720//1 2745//1 2680//1
f 2680//2 2747//2 2681//2
f 2681//3 2743//3 2683//3
f 2683//4 2749//4 2678//4
f 2678//5 2739//5 2685//5
f 2685//6 2741//6 2674//6
f 2674//7 2752//7 2676//7
f 2676//8 2734//8 2672//8
f 2670//77 2734//77 2736//77
f 2666//10 2736//10 2731//10
f 2668//11 2731//11 2729//11
f 2664//78 2729//78 2727//78
f 2662//13 2727//13 2725//13
f 2660//14 2725//14 2726//14
f 2658//15 2726//15 2721//15
f 2657//16 2721//16 2722//16
f 2659//17 2722//17 2724//17
f 2663//18 2724//18 2723//18
f 2661//19 2723//19 2730//19
f 2671//20 2730//20 2728//20
f 2665//21 2728//21 2737//21
f 2669//22 2737//22 2732//22
f 2667//23 2732//23 2733//23
f 2687//79 2733//79 2735//79
f 2673//80 2735//80 2753//80
f 2677//26 2753//26 2738//26
f 2675//27 2738//27 2742//27
f 2686//28 2742//28 2740//28
f 2679//29 2740//29 2750//29
f 2684//30 2750//30 2744//30
f 2682//31 2744//31 2748//31
f 2719//32 2748//32 2746//32
f 1106//1 1108//1 1107//1
f 1108//2 1110//2 1109//2
f 1110//3 1112//3 1111//3
f 1112//4 1114//4 1113//4
f 1114//5 1116//5 1115//5
f 1116//6 1118//6 1117//6
f 1118//7 1120//7 1119//7
f 1120//8 1122//8 1121//8
f 1122//9 1124//9 1123//9
f 1124//10 1126//10 1125//10
f 1126//11 1128//11 1127//11
f 1128//12 1130//12 1129//12
f 1130//13 1132//13 1131//13
f 1132//14 1134//14 1133//14
f 1134//15 1136//15 1135//15
f 1136//16 1138//16 1137//16
f 1138//17 1140//17 1139//17
f 1140//18 1142//18 1141//18
f 1142//19 1144//19 1143//19
f 1144//20 1146//20 1145//20
f 1146//21 1148//21 1147//21
f 1148//22 1150//22 1149//22
f 1150//23 1152//23 1151//23
f 1152//24 1154//24 1153//24
f 1154//25 1156//25 1155//25
f 1156//26 1158//26 1157//26
f 1158//27 1160//27 1159//27
f 1160//28 1162//28 1161//28
f 1162//29 1164//29 1163//29
f 1164//30 1166//30 1165//30
f 1166//31 1168//31 1167//31
f 1168//32 1170//32 1169//32
f 1170//33 1172//33 1171//33
f 1172//34 1174//34 1173//34
f 1174//35 1176//35 1175//35
f 1176//36 1178//36 1177//36
f 1178//37 1180//37 1179//37
f 1180//38 1182//38 1181//38
f 1182//39 1184//39 1183//39
f 1184//40 1186//40 1185//40
f 1186//41 1188//41 1187//41
f 1188//42 1190//42 1189//42
f 1190//43 1192//43 1191//43
f 1192//44 1194//44 1193//44
f 1194//45 1196//45 1195//45
f 1196//46 1198//46 1197//46
f 1198//47 1200//47 1199//47
f 1200//48 1202//48 1201//48
f 1202//49 1204//49 1203//49
f 1204//50 1206//50 1205//50
f 1206//51 1208//51 1207//51
f 1208//52 1210//52 1209//52
f 1210//53 1212//53 1211//53
f 1212//54 1214//54 1213//54
f 1214//55 1216//55 1215//55
f 1216//56 1218//56 1217//56
f 1218//57 1220//57 1219//57
f 1220//58 1222//58 1221//58
f 1222//59 1224//59 1223//59
f 1224//60 1226//60 1225//60
f 1226//61 1228//61 1227//61
f 1228//62 1230//62 1229//62
f 1652//63 1634//63 1168//63
f 1168//63 1166//63 1649//63
f 1168//63 1649//63 1651//63
f 1645//63 1652//63 1168//63
f 1648//63 1645//63 1168//63
f 1168//63 1651//63 1646//63
f 1647//63 1648//63 1168//63
f 1777//63 1755//63 1158//63
f 1158//63 1156//63 1774//63
f 1158//63 1774//63 1776//63
f 1769//63 1777//63 1158//63
f 1768//63 1769//63 1158//63
f 1158//63 1776//63 1773//63
f 1158//63 1773//63 1775//63
f 1772//63 1768//63 1158//63
f 1771//63 1772//63 1158//63
f 1158//63 1775//63 1770//63
f 1914//63 1901//63 1146//63
f 1146//63 1144//63 1916//63
f 1146//63 1916//63 1913//63
f 1915//63 1914//63 1146//63
f 2038//63 2026//63 1136//63
f 1136//63 1134//63 2034//63
f 1136//63 2034//63 2036//63
f 2039//63 2038//63 1136//63
f 2037//63 2039//63 1136//63
f 1136//63 2036//63 2035//63
f 2040//63 2037//63 1136//63
f 2200//63 2139//63 1126//63
f 1126//63 1124//63 2185//63
f 1126//63 2185//63 2187//63
f 2201//63 2200//63 1126//63
f 2195//63 2201//63 1126//63
f 1126//63 2187//63 2186//63
f 1126//63 2186//63 2192//63
f 2193//63 2195//63 1126//63
f 2203//63 2193//63 1126//63
f 1126//63 2192//63 2190//63
f 2309//63 2310//63 1114//63
f 1114//63 1112//63 2299//63
f 1114//63 2299//63 2301//63
f 2300//63 2309//63 1114//63
f 2418//63 2425//63 1232//63
f 1232//63 1230//63 2411//63
f 1232//63 2411//63 2416//63
f 2417//63 2418//63 1232//63
f 2414//63 2417//63 1232//63
f 1232//63 2416//63 2413//63
f 2415//63 2414//63 1232//63
f 2663//63 2661//63 1212//63
f 1212//63 1210//63 1208//63
f 1208//63 1206//63 1264//63
f 1208//63 1264//63 1266//63
f 2663//63 1212//63 1208//63
f 2659//63 2663//63 1208//63
f 1208//63 1266//63 1265//63
f 1208//63 1265//63 1270//63
f 2657//63 2659//63 1208//63
f 2658//63 2657//63 1208//63
f 1208//63 1270//63 1267//63
f 1208//63 1267//63 1269//63
f 2660//63 2658//63 1208//63
f 2662//63 2660//63 1208//63
f 1208//63 1269//63 1268//63
f 1208//63 1268//63 1271//63
f 2664//63 2662//63 1208//63
f 2668//63 2664//63 1208//63
f 1208//63 1271//63 1272//63
f 1208//63 1272//63 1274//63
f 2666//63 2668//63 1208//63
f 2670//63 2666//63 1208//63
f 1208//63 1274//63 1273//63
f 1208//63 1273//63 1278//63
f 2672//63 2670//63 1208//63
f 2676//63 2672//63 1208//63
f 1208//63 1278//63 1277//63
f 1208//63 1277//63 1275//63
f 2674//63 2676//63 1208//63
f 2685//63 2674//63 1208//63
f 1208//63 1275//63 1295//63
f 1208//63 1295//63 1281//63
f 2678//63 2685//63 1208//63
f 2683//63 2678//63 1208//63
f 1208//63 1281//63 1285//63
f 2683//63 1208//63 1285//63
f 2681//63 2683//63 1285//63
f 2681//63 1285//63 1283//63
f 2680//63 2681//63 1283//63
f 2680//63 1283//63 1293//63
f 2720//63 2680//63 1293//63
f 2720//63 1293//63 1287//63
f 2688//63 2720//63 1287//63
f 2688//63 1287//63 1292//63
f 2692//63 2688//63 1292//63
f 2692//63 1292//63 1290//63
f 2690//63 2692//63 1290//63
f 2690//95 1290//95 1288//95
f 2700//63 2690//63 1288//63
f 2700//63 1288//63 1289//63
f 2694//63 2700//63 1289//63
f 2694//96 1289//96 1291//96
f 2698//63 2694//63 1291//63
f 2696//63 2698//63 1291//63
f 2718//63 2696//63 1291//63
f 2702//63 2718//63 1291//63
f 2706//63 2702//63 1291//63
f 2706//101 1291//101 1286//101
f 2704//63 2706//63 1286//63
f 2716//63 2704//63 1286//63
f 2708//63 2716//63 1286//63
f 2539//63 2703//63 2707//63
f 2542//63 2539//63 2707//63
f 2542//63 2707//63 2705//63
f 2541//63 2542//63 2705//63
f 2541//63 2705//63 2715//63
f 2540//63 2541//63 2715//63
f 2540//63 2715//63 2709//63
f 2563//63 2540//63 2709//63
f 2563//63 2709//63 2713//63
f 2545//63 2563//63 2713//63
f 2545//63 2713//63 2711//63
f 2548//63 2545//63 2711//63
f 2548//63 2711//63 2710//63
f 2547//63 2548//63 2710//63
f 2547//63 2710//63 2712//63
f 2546//63 2547//63 2712//63
f 2546//63 2712//63 2714//63
f 2553//63 2546//63 2714//63
f 2553//63 2714//63 2708//63
f 2549//63 2553//63 2708//63
f 2549//63 2708//63 1286//63
f 2552//96 2549//96 1286//96
f 2552//63 1286//63 1294//63
f 2551//95 2552//95 1294//95
f 2551//96 1294//96 1282//96
f 2550//63 2551//63 1282//63
f 2562//63 2550//63 1282//63
f 1255//63 1256//63 1190//63
f 1190//63 1362//63 1386//63
f 1190//63 1386//63 1387//63
f 1260//63 1255//63 1190//63
f 1257//63 1260//63 1190//63
f 1190//63 1387//63 1383//63
f 1190//63 1383//63 1384//63
f 1259//63 1257//63 1190//63
f 1258//63 1259//63 1190//63
f 1190//63 1384//63 1382//63
f 1190//63 1382//63 1385//63
f 1276//63 1258//63 1190//63
f 1296//63 1276//63 1190//63
f 1190//63 1385//63 1389//63
f 1190//96 1389//96 1388//96
f 1280//63 1296//63 1190//63
f 1279//63 1280//63 1190//63
f 1279//63 1190//63 1388//63
f 1284//63 1279//63 1388//63
f 1284//63 1388//63 1363//63
f 1282//63 1284//63 1363//63
f 1282//63 1363//63 1365//63
f 2562//63 1282//63 1365//63
f 2562//63 1365//63 1366//63
f 2555//96 2562//96 1366//96
f 2555//63 1366//63 1370//63
f 2555//63 1370//63 1369//63
f 2555//63 1369//63 1381//63
f 2555//63 1381//63 1374//63
f 2555//63 1374//63 1372//63
f 2554//63 2555//63 1372//63
f 2554//63 1372//63 1379//63
f 2554//63 1379//63 1390//63
f 2554//63 1390//63 1391//63
f 2554//63 1391//63 1395//63
f 2554//63 1395//63 1393//63
f 2554//63 1393//63 1402//63
f 2554//63 1402//63 1403//63
f 2554//63 1403//63 1404//63
f 2554//63 1404//63 1406//63
f 2554//63 1406//63 1405//63
f 2554//63 1405//63 1407//63
f 2554//63 1407//63 1411//63
f 2554//63 1411//63 1409//63
f 2554//63 1409//63 1421//63
f 2554//63 1421//63 1414//63
f 2554//63 1414//63 1422//63
f 2554//63 1422//63 1423//63
f 2554//63 1423//63 1424//63
f 2554//63 1424//63 1425//63
f 2554//63 1425//63 1426//63
f 2554//63 1426//63 1418//63
f 2554//63 1418//63 1417//63
f 2554//96 1417//96 1415//96
f 2554//102 1415//102 1416//102
f 1222//63 2583//63 2584//63
f 1226//63 1224//63 1222//63
f 1230//63 1228//63 1226//63
f 2412//63 2411//63 1230//63
f 2410//63 2412//63 1230//63
f 1230//63 1226//63 1222//63
f 1222//63 2584//63 2586//63
f 1222//63 2586//63 2585//63
f 2410//63 1230//63 1222//63
f 2403//63 2410//63 1222//63
f 1222//63 2585//63 2587//63
f 1222//63 2587//63 2589//63
f 2402//63 2403//63 1222//63
f 2399//63 2402//63 1222//63
f 1222//63 2589//63 2588//63
f 1222//63 2588//63 2591//63
f 2397//63 2399//63 1222//63
f 2398//63 2397//63 1222//63
f 1222//63 2591//63 2590//63
f 2398//63 1222//63 2590//63
f 2401//63 2398//63 2590//63
f 2401//63 2590//63 2573//63
f 2400//63 2401//63 2573//63
f 2400//63 2573//63 2576//63
f 2443//63 2400//63 2576//63
f 2443//63 2576//63 2575//63
f 2444//63 2443//63 2575//63
f 2444//63 2575//63 2574//63
f 2445//63 2444//63 2574//63
f 2445//63 2574//63 2581//63
f 2446//63 2445//63 2581//63
f 2446//63 2581//63 2577//63
f 2448//63 2446//63 2577//63
f 2448//63 2577//63 2580//63
f 2447//63 2448//63 2580//63
f 2447//63 2580//63 2578//63
f 2451//63 2447//63 2578//63
f 2451//63 2578//63 2579//63
f 2450//63 2451//63 2579//63
f 2450//63 2579//63 2556//63
f 2449//63 2450//63 2556//63
f 2449//63 2556//63 2561//63
f 2461//63 2449//63 2561//63
f 2461//63 2561//63 2558//63
f 2452//63 2461//63 2558//63
f 2452//63 2558//63 2557//63
f 2455//63 2452//63 2557//63
f 2455//63 2557//63 2560//63
f 2453//63 2455//63 2560//63
f 2453//63 2560//63 2559//63
f 2454//63 2453//63 2559//63
f 2454//63 2559//63 2554//63
f 2460//63 2454//63 2554//63
f 2460//63 2554//63 1416//63
f 2457//63 2460//63 1416//63
f 2457//63 1416//63 1420//63
f 2456//63 2457//63 1420//63
f 2456//63 1420//63 1412//63
f 2458//63 2456//63 1412//63
f 2459//63 2458//63 1412//63
f 2405//63 2459//63 1412//63
f 2404//63 2405//63 1412//63
f 2409//63 2404//63 1412//63
f 2406//96 2409//96 1412//96
f 2408//63 2406//63 1412//63
f 1232//63 2425//63 2428//63
f 1108//63 1106//63 1232//63
f 1112//63 1110//63 1108//63
f 2302//63 2299//63 1112//63
f 2297//63 2302//63 1112//63
f 1112//63 1108//63 1232//63
f 1232//63 2428//63 2427//63
f 1232//63 2427//63 2429//63
f 2297//63 1112//63 1232//63
f 2298//63 2297//63 1232//63
f 1232//63 2429//63 2431//63
f 1232//63 2431//63 2430//63
f 2296//63 2298//63 1232//63
f 2289//63 2296//63 1232//63
f 1232//63 2430//63 2433//63
f 1232//63 2433//63 2432//63
f 2286//63 2289//63 1232//63
f 2287//63 2286//63 1232//63
f 1232//63 2432//63 2434//63
f 1232//63 2434//63 2435//63
f 2285//63 2287//63 1232//63
f 2288//63 2285//63 1232//63
f 1232//63 2435//63 2438//63
f 1232//95 2438//95 2437//95
f 2284//63 2288//63 1232//63
f 2283//63 2284//63 1232//63
f 2283//63 1232//63 2437//63
f 2268//63 2283//63 2437//63
f 2268//63 2437//63 2436//63
f 2269//63 2268//63 2436//63
f 2269//63 2436//63 2442//63
f 2270//63 2269//63 2442//63
f 2270//63 2442//63 2439//63
f 2271//63 2270//63 2439//63
f 2271//63 2439//63 2441//63
f 2274//63 2271//63 2441//63
f 2274//63 2441//63 2440//63
f 2273//63 2274//63 2440//63
f 2273//63 2440//63 2426//63
f 2272//63 2273//63 2426//63
f 2272//63 2426//63 2423//63
f 2282//63 2272//63 2423//63
f 2282//63 2423//63 2421//63
f 2275//63 2282//63 2421//63
f 2275//63 2421//63 2420//63
f 2277//63 2275//63 2420//63
f 2277//63 2420//63 2422//63
f 2276//63 2277//63 2422//63
f 2276//63 2422//63 2424//63
f 2281//63 2276//63 2424//63
f 2281//63 2424//63 2419//63
f 2281//63 2419//63 2407//63
f 2281//63 2407//63 2408//63
f 2281//63 2408//63 1412//63
f 2281//63 1412//63 1413//63
f 2278//63 2281//63 1413//63
f 2278//63 1413//63 1419//63
f 2280//63 2278//63 1419//63
f 2280//102 1419//102 1408//102
f 2279//63 2280//63 1408//63
f 2291//63 2279//63 1408//63
f 2290//63 2291//63 1408//63
f 2295//63 2290//63 1408//63
f 2292//63 2295//63 1408//63
f 2294//63 2292//63 1408//63
f 2293//63 2294//63 1408//63
f 2304//96 2293//96 1408//96
f 2303//95 2304//95 1408//95
f 2308//63 2303//63 1408//63
f 1394//63 1376//63 1188//63
f 1188//63 1186//63 1184//63
f 1184//63 1519//63 1517//63
f 1184//63 1517//63 1518//63
f 1394//63 1188//63 1184//63
f 1392//63 1394//63 1184//63
f 1184//63 1518//63 1520//63
f 1184//63 1520//63 1521//63
f 1400//63 1392//63 1184//63
f 1396//63 1400//63 1184//63
f 1184//63 1521//63 1522//63
f 1184//63 1522//63 1525//63
f 1401//63 1396//63 1184//63
f 1397//63 1401//63 1184//63
f 1184//63 1525//63 1535//63
f 1184//63 1535//63 1526//63
f 1399//63 1397//63 1184//63
f 1398//63 1399//63 1184//63
f 1184//63 1526//63 1529//63
f 1184//63 1529//63 1528//63
f 1410//63 1398//63 1184//63
f 1408//63 1410//63 1184//63
f 1184//63 1528//63 1527//63
f 1184//63 1527//63 1534//63
f 2308//63 1408//63 1184//63
f 2305//63 2308//63 1184//63
f 1184//63 1534//63 1530//63
f 2305//63 1184//63 1530//63
f 2307//99 2305//99 1530//99
f 2307//63 1530//63 1533//63
f 2307//63 1533//63 1531//63
f 2307//63 1531//63 1532//63
f 2307//63 1532//63 1555//63
f 2307//63 1555//63 1537//63
f 2307//63 1537//63 1536//63
f 2307//63 1536//63 1539//63
f 2307//63 1539//63 1538//63
f 2307//63 1538//63 1545//63
f 2307//63 1545//63 1541//63
f 2307//63 1541//63 1540//63
f 2307//63 1540//63 1544//63
f 2307//63 1544//63 1543//63
f 2307//63 1543//63 1542//63
f 2307//63 1542//63 1554//63
f 2307//63 1554//63 1546//63
f 2307//63 1546//63 1548//63
f 2306//63 2307//63 1548//63
f 2306//63 1548//63 1547//63
f 2306//63 1547//63 1553//63
f 2306//63 1553//63 1550//63
f 2306//63 1550//63 1549//63
f 2306//63 1549//63 1552//63
f 2306//63 1552//63 1551//63
f 2306//63 1551//63 1513//63
f 2306//63 1513//63 1512//63
f 1512//63 1515//63 1168//63
f 1168//63 1634//63 1635//63
f 1168//63 1635//63 1632//63
f 1114//63 2310//63 2311//63
f 1118//63 1116//63 1114//63
f 1122//63 1120//63 1118//63
f 2185//63 1124//63 1122//63
f 2182//63 2185//63 1122//63
f 1122//63 1118//63 1114//63
f 1114//63 2311//63 2312//63
f 1114//63 2312//63 2313//63
f 2182//63 1122//63 1114//63
f 2178//63 2182//63 1114//63
f 1114//63 2313//63 2314//63
f 1114//63 2314//63 2315//63
f 2184//63 2178//63 1114//63
f 2176//63 2184//63 1114//63
f 1114//63 2315//63 2316//63
f 1114//63 2316//63 2317//63
f 2175//63 2176//63 1114//63
f 2174//63 2175//63 1114//63
f 1114//63 2317//63 2320//63
f 1114//63 2320//63 2318//63
f 2173//63 2174//63 1114//63
f 2172//63 2173//63 1114//63
f 1114//63 2318//63 2319//63
f 1114//63 2319//63 2321//63
f 2162//63 2172//63 1114//63
f 2164//63 2162//63 1114//63
f 1114//63 2321//63 2322//63
f 1114//63 2322//63 2323//63
f 2170//63 2164//63 1114//63
f 2160//63 2170//63 1114//63
f 2160//63 1114//63 2323//63
f 2157//63 2160//63 2323//63
f 2157//63 2323//63 2325//63
f 2158//63 2157//63 2325//63
f 2158//63 2325//63 2331//63
f 2156//63 2158//63 2331//63
f 2156//63 2331//63 2326//63
f 2154//63 2156//63 2326//63
f 2154//63 2326//63 2329//63
f 2155//63 2154//63 2329//63
f 2155//63 2329//63 2327//63
f 2153//63 2155//63 2327//63
f 2153//63 2327//63 2328//63
f 2149//63 2153//63 2328//63
f 2149//63 2328//63 2330//63
f 2148//63 2149//63 2330//63
f 2148//63 2330//63 2332//63
f 2152//63 2148//63 2332//63
f 2152//63 2332//63 2324//63
f 2150//63 2152//63 2324//63
f 2150//63 2324//63 2306//63
f 2151//63 2150//63 2306//63
f 1168//63 1632//63 1633//63
f 1168//63 1633//63 1637//63
f 2151//63 2306//63 1512//63
f 2159//63 2151//63 1512//63
f 1168//63 1637//63 1630//63
f 1168//63 1630//63 1631//63
f 2169//63 2159//63 1512//63
f 2163//63 2169//63 1512//63
f 1168//63 1631//63 1629//63
f 1168//63 1629//63 1636//63
f 2161//63 2163//63 1512//63
f 2168//63 2161//63 1512//63
f 1512//63 1168//63 1636//63
f 1512//63 1636//63 1625//63
f 2165//63 2168//63 1512//63
f 2166//63 2165//63 1512//63
f 1512//63 1625//63 1626//63
f 1512//63 1626//63 1627//63
f 2167//63 2166//63 1512//63
f 2171//63 2167//63 1512//63
f 1512//63 1627//63 1624//63
f 1512//63 1624//63 1628//63
f 2183//63 2171//63 1512//63
f 2177//63 2183//63 1512//63
f 1512//63 1628//63 1622//63
f 1512//63 1622//63 1623//63
f 2181//63 2177//63 1512//63
f 2180//63 2181//63 1512//63
f 1512//63 1623//63 1621//63
f 1512//63 1621//63 1638//63
f 2179//63 2180//63 1512//63
f 2191//63 2179//63 1512//63
f 1512//63 1638//63 1643//63
f 1512//63 1643//63 1640//63
f 2188//63 2191//63 1512//63
f 2189//63 2188//63 1512//63
f 1512//63 1640//63 1639//63
f 1512//63 1639//63 1641//63
f 2202//63 2189//63 1512//63
f 2196//100 2202//100 1512//100
f 1512//63 1641//63 1644//63
f 1512//63 1644//63 1642//63
f 1512//63 1642//63 1654//63
f 1512//63 1654//63 1656//63
f 1512//63 1656//63 1655//63
f 1512//63 1655//63 1659//63
f 2196//63 1512//63 1659//63
f 2196//96 1659//96 1657//96
f 2194//95 2196//95 1657//95
f 2194//63 1657//63 1658//63
f 2198//63 2194//63 1658//63
f 2198//63 1658//63 1667//63
f 2198//63 1667//63 1670//63
f 2198//63 1670//63 1669//63
f 2198//63 1669//63 1668//63
f 2198//63 1668//63 1675//63
f 2198//63 1675//63 1671//63
f 2198//63 1671//63 1674//63
f 2198//63 1674//63 1672//63
f 2198//63 1672//63 1673//63
f 2198//63 1673//63 1685//63
f 2198//63 1685//63 1677//63
f 2198//63 1677//63 1676//63
f 2198//63 1676//63 1680//63
f 2198//63 1680//63 1679//63
f 2198//63 1679//63 1678//63
f 2198//63 1678//63 1684//63
f 2198//63 1684//63 1681//63
f 2198//63 1681//63 1683//63
f 2198//63 1683//63 1682//63
f 2199//63 2198//63 1682//63
f 2199//63 1682//63 1660//63
f 2199//63 1660//63 1661//63
f 2199//63 1661//63 1664//63
f 2199//63 1664//63 1662//63
f 2199//63 1662//63 1663//63
f 2199//63 1663//63 1666//63
f 2199//63 1666//63 1665//63
f 2199//63 1665//63 1653//63
f 1650//63 1649//63 1166//63
f 2199//96 1653//96 1650//96
f 2199//63 1650//63 1166//63
f 1166//63 1164//63 1162//63
f 1162//63 1160//63 1158//63
f 1158//63 1755//63 1756//63
f 1158//63 1756//63 1758//63
f 1166//63 1162//63 1158//63
f 2197//99 2199//99 1166//99
f 1166//63 1158//63 1758//63
f 1166//63 1758//63 1754//63
f 1166//63 1754//63 1757//63
f 1166//63 1757//63 1752//63
f 1166//63 1752//63 1753//63
f 1166//63 1753//63 1750//63
f 1166//63 1750//63 1751//63
f 1166//63 1751//63 1766//63
f 1166//63 1766//63 1767//63
f 1166//63 1767//63 1764//63
f 1166//63 1764//63 1765//63
f 1166//63 1765//63 1763//63
f 1166//63 1763//63 1762//63
f 1166//63 1762//63 1761//63
f 1166//63 1761//63 1759//63
f 1166//63 1759//63 1760//63
f 1166//63 1760//63 1781//63
f 1166//63 1781//63 1782//63
f 1166//63 1782//63 1779//63
f 1166//63 1779//63 1778//63
f 1166//63 1778//63 1780//63
f 1166//63 1780//63 1791//63
f 1166//63 1791//63 1792//63
f 1166//63 1792//63 1794//63
f 2197//63 1166//63 1794//63
f 2197//63 1794//63 1793//63
f 2197//63 1793//63 1795//63
f 2197//63 1795//63 1797//63
f 2197//63 1797//63 1796//63
f 2197//63 1796//63 1799//63
f 2197//63 1799//63 1798//63
f 2197//63 1798//63 1810//63
f 2141//63 2197//63 1810//63
f 2141//63 1810//63 1811//63
f 2141//63 1811//63 1812//63
f 2141//63 1812//63 1813//63
f 2141//63 1813//63 1814//63
f 2141//63 1814//63 1809//63
f 2141//63 1809//63 1801//63
f 2141//63 1801//63 1800//63
f 2141//63 1800//63 1804//63
f 2141//63 1804//63 1803//63
f 2141//63 1803//63 1802//63
f 2141//63 1802//63 1808//63
f 2141//63 1808//63 1805//63
f 2141//63 1805//63 1807//63
f 2141//63 1807//63 1806//63
f 2141//63 1806//63 1790//63
f 2141//63 1790//63 1783//63
f 2141//63 1783//63 1785//63
f 2141//63 1785//63 1784//63
f 2141//63 1784//63 1789//63
f 2141//63 1789//63 1788//63
f 2141//63 1788//63 1786//63
f 2141//95 1786//95 1787//95
f 1787//63 1774//63 1156//63
f 1156//63 1154//63 1152//63
f 1152//63 1150//63 1148//63
f 1148//63 1146//63 1901//63
f 1148//63 1901//63 1900//63
f 1156//63 1152//63 1148//63
f 1126//63 2139//63 2140//63
f 1130//63 1128//63 1126//63
f 1134//63 1132//63 1130//63
f 2041//63 2034//63 1134//63
f 2042//63 2041//63 1134//63
f 1134//63 1130//63 1126//63
f 1126//63 2140//63 2142//63
f 1126//63 2142//63 2146//63
f 2042//63 1134//63 1126//63
f 2053//63 2042//63 1126//63
f 1126//63 2146//63 2145//63
f 1126//63 2145//63 2143//63
f 2052//63 2053//63 1126//63
f 2054//63 2052//63 1126//63
f 1126//63 2143//63 2144//63
f 1126//63 2144//63 2147//63
f 2050//63 2054//63 1126//63
f 2051//63 2050//63 1126//63
f 1126//95 2147//95 2141//95
f 1787//63 1156//63 1148//63
f 1148//63 1900//63 1898//63
f 1148//63 1898//63 1899//63
f 1126//63 2141//63 1787//63
f 2049//63 2051//63 1126//63
f 2055//63 2049//63 1126//63
f 1148//63 1899//63 1897//63
f 1148//63 1897//63 1896//63
f 2071//63 2055//63 1126//63
f 2072//63 2071//63 1126//63
f 1148//63 1896//63 1902//63
f 1148//63 1902//63 1894//63
f 2070//63 2072//63 1126//63
f 2073//63 2070//63 1126//63
f 1148//63 1894//63 1893//63
f 1148//63 1893//63 1895//63
f 2067//63 2073//63 1126//63
f 2069//63 2067//63 1126//63
f 1148//63 1895//63 1892//63
f 1148//63 1892//63 1891//63
f 2066//63 2069//63 1126//63
f 2074//63 2066//63 1126//63
f 1787//63 1148//63 1891//63
f 1787//63 1891//63 1903//63
f 2063//63 2074//63 1126//63
f 2065//63 2063//63 1126//63
f 1787//63 1903//63 1889//63
f 1787//63 1889//63 1888//63
f 2065//63 1126//63 1787//63
f 2058//96 2065//96 1787//96
f 1787//63 1888//63 1890//63
f 1787//63 1890//63 1887//63
f 2060//95 2058//95 1787//95
f 2057//63 2060//63 1787//63
f 1787//63 1887//63 1886//63
f 1787//63 1886//63 1885//63
f 2056//63 2057//63 1787//63
f 2059//63 2056//63 1787//63
f 1787//63 1885//63 1884//63
f 1787//63 1884//63 1883//63
f 2061//63 2059//63 1787//63
f 2062//63 2061//63 1787//63
f 1787//63 1883//63 1881//63
f 1787//63 1881//63 1882//63
f 2064//63 2062//63 1787//63
f 2068//63 2064//63 1787//63
f 1787//63 1882//63 1908//63
f 1787//63 1908//63 1909//63
f 2043//63 2068//63 1787//63
f 2045//63 2043//63 1787//63
f 1787//63 1909//63 1907//63
f 1787//63 1907//63 1906//63
f 2044//63 2045//63 1787//63
f 2048//63 2044//63 1787//63
f 1787//63 1906//63 1905//63
f 1787//63 1905//63 1904//63
f 2046//63 2048//63 1787//63
f 2047//63 2046//63 1787//63
f 1787//63 1904//63 1922//63
f 1787//63 1922//63 1923//63
f 2028//63 2047//63 1787//63
f 2030//63 2028//63 1787//63
f 1787//63 1923//63 1921//63
f 1787//63 1921//63 1919//63
f 2029//63 2030//63 1787//63
f 2033//63 2029//63 1787//63
f 1787//63 1919//63 1920//63
f 1787//63 1920//63 1918//63
f 2031//63 2033//63 1787//63
f 2032//63 2031//63 1787//63
f 1787//63 1918//63 1931//63
f 1787//63 1931//63 1933//63
f 2027//63 2032//63 1787//63
f 2010//63 2027//63 1787//63
f 1787//63 1933//63 1932//63
f 1787//63 1932//63 1937//63
f 2012//63 2010//63 1787//63
f 2011//63 2012//63 1787//63
f 1787//63 1937//63 1934//63
f 1787//103 1934//103 1936//103
f 2017//63 2011//63 1787//63
f 2013//63 2017//63 1787//63
f 2013//63 1787//63 1936//63
f 2016//63 2013//63 1936//63
f 2016//63 1936//63 1935//63
f 2015//63 2016//63 1935//63
f 2015//63 1935//63 1945//63
f 2014//63 2015//63 1945//63
f 2014//63 1945//63 1938//63
f 2014//63 1938//63 1940//63
f 2014//63 1940//63 1939//63
f 2014//63 1939//63 1944//63
f 2014//63 1944//63 1941//63
f 2014//63 1941//63 1943//63
f 2014//63 1943//63 1942//63
f 2014//63 1942//63 1930//63
f 2014//63 1930//63 1924//63
f 2024//104 2014//104 1924//104
f 2024//63 1924//63 1926//63
f 2024//63 1926//63 1925//63
f 2024//63 1925//63 1929//63
f 2024//63 1929//63 1927//63
f 2024//63 1927//63 1928//63
f 2024//63 1928//63 1917//63
f 2024//63 1917//63 1910//63
f 2018//63 2024//63 1910//63
f 2018//63 1910//63 1912//63
f 2018//63 1912//63 1911//63
f 1911//63 1916//63 1144//63
f 1144//63 1142//63 1140//63
f 1140//63 1138//63 1136//63
f 1136//63 2026//63 2019//63
f 1136//63 2019//63 2023//63
f 1144//63 1140//63 1136//63
f 2018//63 1911//63 1144//63
f 2025//63 2018//63 1144//63
f 1144//63 1136//63 2023//63
f 1144//96 2023//96 2022//96
f 2021//63 2025//63 1144//63
f 1144//95 2022//95 2020//95
f 2529//63 2564//63 1220//63
f 1220//63 1218//63 1216//63
f 1216//63 1214//63 1212//63
f 1212//63 2661//63 2671//63
f 1212//63 2671//63 2665//63
f 1220//63 1216//63 1212//63
f 2527//63 2529//63 1220//63
f 2528//63 2527//63 1220//63
f 1220//63 1212//63 2665//63
f 1220//63 2665//63 2669//63
f 2534//63 2528//63 1220//63
f 2530//63 2534//63 1220//63
f 1220//63 2669//63 2667//63
f 1220//63 2667//63 2687//63
f 2533//63 2530//63 1220//63
f 2532//63 2533//63 1220//63
f 1220//63 2687//63 2673//63
f 1220//63 2673//63 2677//63
f 2531//63 2532//63 1220//63
f 2544//63 2531//63 1220//63
f 1220//63 2677//63 2675//63
f 1220//63 2675//63 2686//63
f 2535//63 2544//63 1220//63
f 2538//63 2535//63 1220//63
f 1220//63 2686//63 2679//63
f 1220//63 2679//63 2684//63
f 2537//63 2538//63 1220//63
f 2536//63 2537//63 1220//63
f 1220//63 2684//63 2682//63
f 1220//63 2682//63 2719//63
f 2536//63 1220//63 2719//63
f 2536//63 2719//63 2689//63
f 2703//63 2539//63 2543//63
f 2543//63 2536//63 2689//63
f 2543//63 2689//63 2693//63
f 2717//63 2703//63 2543//63
f 2697//63 2717//63 2543//63
f 2543//63 2693//63 2691//63
f 2543//63 2691//63 2701//63
f 2699//63 2697//63 2543//63
f 2543//63 2701//63 2695//63
f 2582//63 2583//63 1222//63
f 1222//63 1220//63 2564//63
f 1222//63 2564//63 2565//63
f 2570//63 2582//63 1222//63
f 2571//63 2570//63 1222//63
f 1222//63 2565//63 2566//63
f 1222//63 2566//63 2567//63
f 2572//63 2571//63 1222//63
f 2568//63 2572//63 1222//63
f 1222//63 2567//63 2569//63
f 1524//63 1519//63 1184//63
f 1184//63 1182//63 1180//63
f 1180//63 1178//63 1176//63
f 1176//63 1174//63 1172//63
f 1172//63 1170//63 1168//63
f 1168//63 1515//63 1510//63
f 1168//63 1510//63 1511//63
f 1176//63 1172//63 1168//63
f 1184//63 1180//63 1176//63
f 1523//63 1524//63 1184//63
f 1492//63 1523//63 1184//63
f 1184//63 1176//63 1168//63
f 1168//63 1511//63 1514//63
f 1168//63 1514//63 1507//63
f 1493//63 1492//63 1184//63
f 1497//63 1493//63 1184//63
f 1168//63 1507//63 1508//63
f 1168//63 1508//63 1506//63
f 1495//63 1497//63 1184//63
f 1494//63 1495//63 1184//63
f 1168//63 1506//63 1509//63
f 1168//63 1509//63 1505//63
f 1496//63 1494//63 1184//63
f 1498//63 1496//63 1184//63
f 1168//63 1505//63 1504//63
f 1168//63 1504//63 1516//63
f 1500//63 1498//63 1184//63
f 1499//63 1500//63 1184//63
f 1168//63 1516//63 1501//63
f 1168//63 1501//63 1502//63
f 1499//63 1184//63 1168//63
f 1168//63 1502//63 1503//63
f 1364//63 1362//63 1190//63
f 1190//63 1188//63 1376//63
f 1190//63 1376//63 1377//63
f 1371//63 1364//63 1190//63
f 1367//63 1371//63 1190//63
f 1190//63 1377//63 1375//63
f 1190//63 1375//63 1378//63
f 1368//63 1367//63 1190//63
f 1380//63 1368//63 1190//63
f 1190//63 1378//63 1373//63
f 1249//63 1264//63 1206//63
f 1206//63 1204//63 1202//63
f 1202//63 1200//63 1198//63
f 1198//63 1196//63 1194//63
f 1194//63 1192//63 1190//63
f 1190//63 1256//63 1254//63
f 1190//63 1254//63 1261//63
f 1198//63 1194//63 1190//63
f 1206//63 1202//63 1198//63
f 1263//63 1249//63 1206//63
f 1243//63 1263//63 1206//63
f 1206//63 1198//63 1190//63
f 1190//63 1261//63 1251//63
f 1190//63 1251//63 1252//63
f 1245//63 1243//63 1206//63
f 1241//63 1245//63 1206//63
f 1190//63 1252//63 1250//63
f 1190//63 1250//63 1253//63
f 1247//63 1241//63 1206//63
f 1237//63 1247//63 1206//63
f 1190//63 1253//63 1248//63
f 1190//63 1248//63 1262//63
f 1239//63 1237//63 1206//63
f 1235//63 1239//63 1206//63
f 1190//63 1262//63 1242//63
f 1190//63 1242//63 1244//63
f 1233//63 1235//63 1206//63
f 1234//63 1233//63 1206//63
f 1190//63 1244//63 1240//63
f 1190//63 1240//63 1246//63
f 1234//63 1206//63 1190//63
f 1238//63 1234//63 1190//63
f 1190//63 1246//63 1236//63
f 1230//64 1232//64 1231//64
f 1232//65 1106//65 1105//65
f 2509//66 1231//66 1105//66
f 1105//66 1107//66 1109//66
f 1109//66 1111//66 1113//66
f 1113//66 1115//66 1117//66
f 1117//66 1119//66 2394//66
f 1117//66 2394//66 2389//66
f 1109//66 1113//66 1117//66
f 2509//66 1105//66 1109//66
f 2512//66 2509//66 1109//66
f 1117//66 2389//66 2386//66
f 1117//66 2386//66 2353//66
f 2511//66 2512//66 1109//66
f 2513//66 2511//66 1109//66
f 1117//66 2353//66 2354//66
f 1117//66 2354//66 2355//66
f 2515//66 2513//66 1109//66
f 2514//66 2515//66 1109//66
f 1117//66 2355//66 2351//66
f 1117//66 2351//66 2352//66
f 2514//66 1109//66 1117//66
f 2517//93 2514//93 1117//93
f 1117//66 2352//66 2350//66
f 1117//66 2350//66 2356//66
f 2516//66 2517//66 1117//66
f 2518//66 2516//66 1117//66
f 1117//66 2356//66 2347//66
f 1117//66 2347//66 2348//66
f 2519//66 2518//66 1117//66
f 2522//66 2519//66 1117//66
f 1117//66 2348//66 2349//66
f 1117//66 2349//66 2345//66
f 2521//66 2522//66 1117//66
f 2520//66 2521//66 1117//66
f 1117//66 2345//66 2346//66
f 1117//66 2346//66 2357//66
f 2526//66 2520//66 1117//66
f 2523//66 2526//66 1117//66
f 1117//66 2357//66 2341//66
f 1117//66 2341//66 2342//66
f 2525//66 2523//66 1117//66
f 2524//66 2525//66 1117//66
f 2524//66 1117//66 2342//66
f 2510//66 2524//66 2342//66
f 2510//66 2342//66 2340//66
f 2507//66 2510//66 2340//66
f 2507//66 2340//66 2343//66
f 2505//66 2507//66 2343//66
f 2505//66 2343//66 2338//66
f 2504//66 2505//66 2338//66
f 2504//66 2338//66 2339//66
f 2506//66 2504//66 2339//66
f 2506//66 2339//66 2344//66
f 2508//66 2506//66 2344//66
f 2508//66 2344//66 2336//66
f 2503//66 2508//66 2336//66
f 2503//66 2336//66 2337//66
f 2491//66 2503//66 2337//66
f 2491//66 2337//66 2335//66
f 2492//66 2491//66 2335//66
f 2492//66 2335//66 2334//66
f 2490//66 2492//66 2334//66
f 2490//66 2334//66 2333//66
f 2493//66 2490//66 2333//66
f 2493//66 2333//66 2362//66
f 2488//66 2493//66 2362//66
f 2488//66 2362//66 2361//66
f 2489//66 2488//66 2361//66
f 2489//66 2361//66 2359//66
f 2478//66 2489//66 2359//66
f 2478//66 2359//66 2358//66
f 2477//66 2478//66 2358//66
f 2477//66 2358//66 2360//66
f 2475//66 2477//66 2360//66
f 2475//66 2360//66 2363//66
f 2476//66 2475//66 2363//66
f 2476//66 2363//66 2366//66
f 2479//66 2476//66 2366//66
f 2479//66 2366//66 2365//66
f 2473//66 2479//66 2365//66
f 2473//66 2365//66 2364//66
f 2472//66 2473//66 2364//66
f 2472//66 2364//66 2376//66
f 2474//66 2472//66 2376//66
f 2474//66 2376//66 2367//66
f 2471//66 2474//66 2367//66
f 2471//66 2367//66 2370//66
f 2480//66 2471//66 2370//66
f 2480//66 2370//66 2369//66
f 2480//66 2369//66 2368//66
f 2480//66 2368//66 2375//66
f 2480//66 2375//66 2371//66
f 2599//66 2467//66 2466//66
f 2602//66 2599//66 2466//66
f 2602//66 2466//66 2470//66
f 2603//66 2602//66 2470//66
f 2603//66 2470//66 2469//66
f 2640//66 2603//66 2469//66
f 2640//66 2469//66 2468//66
f 2635//66 2640//66 2468//66
f 2635//66 2468//66 2480//66
f 2638//66 2635//66 2480//66
f 2638//66 2480//66 2371//66
f 2655//66 2638//66 2371//66
f 2655//66 2371//66 2374//66
f 2642//66 2655//66 2374//66
f 2642//66 2374//66 2372//66
f 2646//66 2642//66 2372//66
f 2644//66 2646//66 2372//66
f 2653//66 2644//66 2372//66
f 2647//66 2653//66 2372//66
f 2650//66 2647//66 2372//66
f 2648//66 2650//66 2372//66
f 2649//66 2648//66 2372//66
f 2652//66 2649//66 2372//66
f 2651//66 2652//66 2372//66
f 2643//66 2651//66 2372//66
f 2645//66 2643//66 2372//66
f 2645//66 2372//66 2373//66
f 2641//66 2645//66 2373//66
f 2654//66 2641//66 2373//66
f 2636//66 2654//66 2373//66
f 2637//66 2636//66 2373//66
f 2639//66 2637//66 2373//66
f 2632//66 2639//66 2373//66
f 2633//66 2632//66 2373//66
f 2634//66 2633//66 2373//66
f 2630//66 2634//66 2373//66
f 2631//66 2630//66 2373//66
f 2656//66 2631//66 2373//66
f 1219//66 2607//66 2608//66
f 1215//66 1217//66 1219//66
f 2748//66 2744//66 1215//66
f 2746//66 2748//66 1215//66
f 1215//66 1219//66 2608//66
f 1215//66 2608//66 2605//66
f 2784//66 2746//66 1215//66
f 2758//66 2784//66 1215//66
f 1215//66 2605//66 2604//66
f 1215//66 2604//66 2606//66
f 2756//66 2758//66 1215//66
f 2766//66 2756//66 1215//66
f 1215//66 2606//66 2614//66
f 1215//66 2614//66 2611//66
f 2760//66 2766//66 1215//66
f 2764//66 2760//66 1215//66
f 1215//66 2611//66 2610//66
f 1215//66 2610//66 2613//66
f 2762//66 2764//66 1215//66
f 2783//66 2762//66 1215//66
f 1215//66 2613//66 2617//66
f 1215//66 2617//66 2621//66
f 2768//66 2783//66 1215//66
f 2772//93 2768//93 1215//93
f 1215//66 2621//66 2619//66
f 1215//66 2619//66 2628//66
f 2770//98 2772//98 1215//98
f 2770//66 1215//66 2628//66
f 2770//66 2628//66 2623//66
f 2781//66 2770//66 2623//66
f 2781//66 2623//66 2627//66
f 2774//66 2781//66 2627//66
f 2774//66 2627//66 2624//66
f 2779//66 2774//66 2624//66
f 2779//66 2624//66 2626//66
f 2777//66 2779//66 2626//66
f 2777//66 2626//66 2625//66
f 2775//66 2777//66 2625//66
f 2775//66 2625//66 2656//66
f 2776//66 2775//66 2656//66
f 2776//66 2656//66 2373//66
f 2778//66 2776//66 2373//66
f 2778//66 2373//66 2396//66
f 2773//66 2778//66 2396//66
f 2773//66 2396//66 2378//66
f 2780//66 2773//66 2378//66
f 2769//66 2780//66 2378//66
f 2771//66 2769//66 2378//66
f 2771//93 2378//93 2377//93
f 2767//66 2771//66 2377//66
f 2782//66 2767//66 2377//66
f 2761//66 2782//66 2377//66
f 2763//66 2761//66 2377//66
f 2759//66 2763//66 2377//66
f 2765//66 2759//66 2377//66
f 2755//66 2765//66 2377//66
f 1343//66 2747//66 2745//66
f 1341//66 1343//66 2745//66
f 1341//66 2745//66 2751//66
f 1360//66 1341//66 2751//66
f 1360//66 2751//66 2754//66
f 1346//66 1360//66 2754//66
f 1346//66 2754//66 2757//66
f 1350//66 1346//66 2757//66
f 1350//66 2757//66 2755//66
f 1348//66 1350//66 2755//66
f 1348//66 2755//66 2377//66
f 1357//66 1348//66 2377//66
f 1357//66 2377//66 2380//66
f 1352//66 1357//66 2380//66
f 1352//66 2380//66 2379//66
f 1355//66 1352//66 2379//66
f 1353//66 1355//66 2379//66
f 1354//66 1353//66 2379//66
f 1356//66 1354//66 2379//66
f 1351//66 1356//66 2379//66
f 1359//66 1351//66 2379//66
f 1347//66 1359//66 2379//66
f 1349//66 1347//66 2379//66
f 1358//66 1349//66 2379//66
f 1340//66 1358//66 2379//66
f 1342//66 1340//66 2379//66
f 1338//66 1342//66 2379//66
f 1344//66 1338//66 2379//66
f 1199//66 1314//66 1312//66
f 1195//66 1197//66 1199//66
f 1191//66 1193//66 1195//66
f 1443//66 1189//66 1191//66
f 1442//66 1443//66 1191//66
f 1191//66 1195//66 1199//66
f 1199//66 1312//66 1313//66
f 1199//66 1313//66 1315//66
f 1458//66 1442//66 1191//66
f 1436//66 1458//66 1191//66
f 1191//66 1199//66 1315//66
f 1191//66 1315//66 1317//66
f 1438//66 1436//66 1191//66
f 1434//66 1438//66 1191//66
f 1191//66 1317//66 1321//66
f 1191//66 1321//66 1319//66
f 1440//66 1434//66 1191//66
f 1430//66 1440//66 1191//66
f 1191//66 1319//66 1329//66
f 1191//66 1329//66 1323//66
f 1432//66 1430//66 1191//66
f 1428//66 1432//66 1191//66
f 1191//66 1323//66 1327//66
f 1191//66 1327//66 1325//66
f 1427//66 1428//66 1191//66
f 1429//66 1427//66 1191//66
f 1191//66 1325//66 1331//66
f 1191//66 1331//66 1332//66
f 1433//66 1429//66 1191//66
f 1431//66 1433//66 1191//66
f 1191//66 1332//66 1336//66
f 1191//66 1336//66 1334//66
f 1441//66 1431//66 1191//66
f 1435//66 1441//66 1191//66
f 1191//66 1334//66 1344//66
f 1191//66 1344//66 2379//66
f 1439//66 1435//66 1191//66
f 1437//66 1439//66 1191//66
f 1191//66 2379//66 2385//66
f 2382//66 2381//66 2220//66
f 1191//94 2385//94 2382//94
f 1459//66 1437//66 1191//66
f 1444//66 1459//66 1191//66
f 2382//66 2220//66 2234//66
f 2382//66 2234//66 2214//66
f 1444//66 1191//66 2382//66
f 1448//66 1444//66 2382//66
f 2382//66 2214//66 2216//66
f 2382//66 2216//66 2212//66
f 1446//66 1448//66 2382//66
f 1456//66 1446//66 2382//66
f 2382//66 2212//66 2218//66
f 2382//66 2218//66 2208//66
f 1450//66 1456//66 2382//66
f 1454//66 1450//66 2382//66
f 2382//66 2208//66 2210//66
f 2382//66 2210//66 2206//66
f 1452//66 1454//66 2382//66
f 1491//66 1452//66 2382//66
f 2382//66 2206//66 2204//66
f 2382//66 2204//66 2205//66
f 1461//66 1491//66 2382//66
f 1465//66 1461//66 2382//66
f 2382//66 2205//66 2207//66
f 2382//66 2207//66 2209//66
f 1463//66 1465//66 2382//66
f 1473//66 1463//66 2382//66
f 2382//66 2209//66 2211//66
f 2382//66 2211//66 2215//66
f 1467//66 1473//66 2382//66
f 1471//66 1467//66 2382//66
f 2382//66 2215//66 2213//66
f 2382//105 2213//105 2217//105
f 1469//66 1471//66 2382//66
f 1490//66 1469//66 2382//66
f 1490//66 2382//66 2217//66
f 1475//66 1490//66 2217//66
f 1475//66 2217//66 2219//66
f 1479//66 1475//66 2219//66
f 1479//66 2219//66 2223//66
f 1477//66 1479//66 2223//66
f 1477//66 2223//66 2221//66
f 1488//66 1477//66 2221//66
f 1488//66 2221//66 2232//66
f 1481//66 1488//66 2232//66
f 1481//66 2232//66 2225//66
f 1486//66 1481//66 2225//66
f 1486//66 2225//66 2230//66
f 1484//66 1486//66 2230//66
f 1484//66 2230//66 2228//66
f 1482//66 1484//66 2228//66
f 1482//66 2228//66 2227//66
f 1483//66 1482//66 2227//66
f 1483//66 2227//66 2264//66
f 1828//66 1480//66 1485//66
f 1485//66 1483//66 2264//66
f 1485//66 2264//66 2235//66
f 1830//66 1828//66 1485//66
f 1831//66 1830//66 1485//66
f 1485//66 2235//66 2239//66
f 1485//66 2239//66 2237//66
f 1827//66 1831//66 1485//66
f 1832//66 1827//66 1485//66
f 1485//94 2237//94 2247//94
f 1485//94 2247//94 2241//94
f 1824//66 1832//66 1485//66
f 1825//66 1824//66 1485//66
f 1826//66 1825//66 1485//66
f 1821//66 1826//66 1485//66
f 1819//66 1821//66 1485//66
f 1816//66 1819//66 1485//66
f 1817//66 1816//66 1485//66
f 1815//66 1817//66 1485//66
f 1818//66 1815//66 1485//66
f 1822//66 1818//66 1485//66
f 1820//66 1822//66 1485//66
f 1823//66 1820//66 1485//66
f 1823//66 1485//66 2241//66
f 1850//66 1823//66 2241//66
f 2245//66 2243//66 1135//66
f 1850//66 2241//66 2245//66
f 1853//66 1850//66 2245//66
f 2245//66 1135//66 2125//66
f 2245//66 2125//66 2138//66
f 1852//66 1853//66 2245//66
f 1856//66 1852//66 2245//66
f 2245//66 2138//66 2121//66
f 2245//66 2121//66 2118//66
f 1855//66 1856//66 2245//66
f 1854//66 1855//66 2245//66
f 2245//66 2118//66 2123//66
f 2245//66 2123//66 2115//66
f 1857//66 1854//66 2245//66
f 1858//66 1857//66 2245//66
f 2245//66 2115//66 2117//66
f 2245//66 2117//66 2113//66
f 1860//66 1858//66 2245//66
f 1859//66 1860//66 2245//66
f 2245//66 2113//66 2085//66
f 2245//66 2085//66 2081//66
f 1863//66 1859//66 2245//66
f 1862//66 1863//66 2245//66
f 2245//66 2081//66 2080//66
f 2245//66 2080//66 2082//66
f 1861//66 1862//66 2245//66
f 1864//66 1861//66 2245//66
f 2245//66 2082//66 2079//66
f 2245//66 2079//66 2083//66
f 1865//66 1864//66 2245//66
f 1867//66 1865//66 2245//66
f 2245//66 2083//66 2076//66
f 2245//66 2076//66 2077//66
f 1866//66 1867//66 2245//66
f 1870//66 1866//66 2245//66
f 2245//66 2077//66 2078//66
f 2245//66 2078//66 2075//66
f 1869//66 1870//66 2245//66
f 1868//66 1869//66 2245//66
f 2245//66 2075//66 2084//66
f 2245//66 2084//66 2111//66
f 1877//66 1868//66 2245//66
f 1871//66 1877//66 2245//66
f 2245//66 2111//66 2094//66
f 2245//66 2094//66 2096//66
f 1873//66 1871//66 2245//66
f 1872//66 1873//66 2245//66
f 2245//66 2096//66 2093//66
f 2245//66 2093//66 2098//66
f 1876//66 1872//66 2245//66
f 1874//66 1876//66 2245//66
f 2245//66 2098//66 2090//66
f 2245//66 2090//66 2088//66
f 1875//66 1874//66 2245//66
f 1851//66 1875//66 2245//66
f 2245//66 2088//66 2087//66
f 2245//106 2087//106 2086//106
f 1846//66 1851//66 2245//66
f 1844//94 1846//94 2245//94
f 1844//66 2245//66 2086//66
f 1845//93 1844//93 2086//93
f 1845//66 2086//66 2089//66
f 1848//66 1845//66 2089//66
f 1848//66 2089//66 2091//66
f 1848//66 2091//66 2092//66
f 1848//66 2092//66 2095//66
f 1848//66 2095//66 2097//66
f 1848//66 2097//66 2099//66
f 1848//66 2099//66 2103//66
f 1848//66 2103//66 2100//66
f 1842//66 1848//66 2100//66
f 1842//66 2100//66 2102//66
f 1842//66 2102//66 2101//66
f 2109//66 2105//66 2007//66
f 1842//66 2101//66 2109//66
f 2109//66 2007//66 1994//66
f 2109//66 1994//66 1996//66
f 2109//66 1996//66 1998//66
f 2109//66 1998//66 1993//66
f 2109//66 1993//66 2009//66
f 2109//66 2009//66 1984//66
f 2109//66 1984//66 1986//66
f 2109//94 1986//94 1988//94
f 2109//66 1988//66 1983//66
f 2109//66 1983//66 1990//66
f 1842//66 2109//66 1990//66
f 1842//94 1990//94 1976//94
f 1842//66 1976//66 1978//66
f 1842//93 1978//93 1980//93
f 1842//66 1980//66 1975//66
f 1842//66 1975//66 1972//66
f 1843//107 1842//107 1972//107
f 1843//66 1972//66 1974//66
f 1843//66 1974//66 1973//66
f 1843//66 1973//66 1977//66
f 1843//66 1977//66 1979//66
f 1843//66 1979//66 1981//66
f 1843//66 1981//66 1982//66
f 1843//66 1982//66 1987//66
f 1843//66 1987//66 1985//66
f 1843//66 1985//66 1989//66
f 1841//108 1843//108 1989//108
f 1841//66 1989//66 1991//66
f 1841//66 1991//66 1992//66
f 1992//66 1997//66 1157//66
f 1157//66 1829//66 1849//66
f 1157//66 1849//66 1833//66
f 1841//66 1992//66 1157//66
f 1847//66 1841//66 1157//66
f 1157//66 1833//66 1835//66
f 1157//66 1835//66 1834//66
f 1837//66 1847//66 1157//66
f 1838//66 1837//66 1157//66
f 1157//66 1834//66 1840//66
f 1157//66 1840//66 1836//66
f 1839//66 1838//66 1157//66
f 2743//66 2747//66 1343//66
f 2743//66 1343//66 1339//66
f 2749//66 2743//66 1339//66
f 2749//66 1339//66 1345//66
f 2739//66 2749//66 1345//66
f 2739//66 1345//66 1335//66
f 2741//66 2739//66 1335//66
f 2741//66 1335//66 1337//66
f 2752//66 2741//66 1337//66
f 2752//66 1337//66 1333//66
f 2734//66 2752//66 1333//66
f 2734//66 1333//66 1361//66
f 2736//66 2734//66 1361//66
f 2736//66 1361//66 1326//66
f 2731//66 2736//66 1326//66
f 2731//66 1326//66 1328//66
f 2729//66 2731//66 1328//66
f 2729//66 1328//66 1324//66
f 2727//66 2729//66 1324//66
f 2727//66 1324//66 1330//66
f 2725//66 2727//66 1330//66
f 2725//66 1330//66 1320//66
f 2726//66 2725//66 1320//66
f 2726//66 1320//66 1322//66
f 2721//66 2726//66 1322//66
f 1318//66 1300//66 1215//66
f 2721//66 1322//66 1318//66
f 2722//94 2721//94 1318//94
f 1215//66 2744//66 2750//66
f 1215//66 2750//66 2740//66
f 2724//97 2722//97 1318//97
f 2723//98 2724//98 1318//98
f 1215//66 2740//66 2742//66
f 1215//66 2742//66 2738//66
f 2723//66 1318//66 1215//66
f 2730//66 2723//66 1215//66
f 1215//66 2738//66 2753//66
f 1215//66 2753//66 2735//66
f 2728//66 2730//66 1215//66
f 2737//66 2728//66 1215//66
f 1215//66 2735//66 2733//66
f 2732//66 2737//66 1215//66
f 2615//66 2607//66 1219//66
f 1219//66 1221//66 1223//66
f 1223//66 1225//66 1227//66
f 1227//66 1229//66 2495//66
f 1227//66 2495//66 2496//66
f 1219//66 1223//66 1227//66
f 2609//66 2615//66 1219//66
f 2612//66 2609//66 1219//66
f 1219//66 1227//66 2496//66
f 1219//66 2496//66 2494//66
f 2616//66 2612//66 1219//66
f 2618//66 2616//66 1219//66
f 1219//66 2494//66 2487//66
f 1219//66 2487//66 2486//66
f 2622//66 2618//66 1219//66
f 2620//66 2622//66 1219//66
f 1219//66 2486//66 2483//66
f 1219//66 2483//66 2481//66
f 2629//66 2620//66 1219//66
f 2601//66 2629//66 1219//66
f 1219//66 2481//66 2482//66
f 1219//66 2482//66 2485//66
f 2598//66 2601//66 1219//66
f 2596//66 2598//66 1219//66
f 1219//66 2485//66 2484//66
f 1219//66 2484//66 2462//66
f 2592//66 2596//66 1219//66
f 2593//66 2592//66 1219//66
f 1219//66 2462//66 2463//66
f 1219//66 2463//66 2464//66
f 2593//66 1219//66 2464//66
f 2465//66 2467//66 2599//66
f 2593//66 2464//66 2465//66
f 2595//94 2593//94 2465//94
f 2465//66 2599//66 2600//66
f 2465//66 2600//66 2597//66
f 2594//66 2595//66 2465//66
f 2500//66 2495//66 1229//66
f 1229//66 1231//66 2509//66
f 1229//66 2509//66 2502//66
f 2497//66 2500//66 1229//66
f 2499//66 2497//66 1229//66
f 1229//66 2502//66 2501//66
f 2498//66 2499//66 1229//66
f 2391//66 2394//66 1119//66
f 1119//66 2226//66 2233//66
f 1119//66 2233//66 2222//66
f 2390//66 2391//66 1119//66
f 2393//66 2390//66 1119//66
f 1119//66 2222//66 2224//66
f 2224//66 2220//66 2381//66
f 2224//66 2381//66 2384//66
f 2393//66 1119//66 2224//66
f 2392//66 2393//66 2224//66
f 2224//66 2384//66 2383//66
f 2224//66 2383//66 2395//66
f 2387//66 2392//66 2224//66
f 2224//66 2395//66 2388//66
f 2231//66 2226//66 1119//66
f 1119//66 1121//66 1123//66
f 1123//66 1125//66 1127//66
f 1127//66 1129//66 1131//66
f 1131//66 1133//66 1135//66
f 1135//66 2243//66 2265//66
f 1135//66 2265//66 2249//66
f 1127//66 1131//66 1135//66
f 1119//66 1123//66 1127//66
f 2229//66 2231//66 1119//66
f 2267//66 2229//66 1119//66
f 1119//66 1127//66 1135//66
f 1135//66 2249//66 2253//66
f 1135//66 2253//66 2251//66
f 2236//66 2267//66 1119//66
f 2240//66 2236//66 1119//66
f 1135//66 2251//66 2263//66
f 1135//66 2263//66 2255//66
f 2238//66 2240//66 1119//66
f 2248//66 2238//66 1119//66
f 1135//66 2255//66 2261//66
f 1135//66 2261//66 2259//66
f 2242//66 2248//66 1119//66
f 2246//66 2242//66 1119//66
f 1135//66 2259//66 2257//66
f 1135//66 2257//66 2258//66
f 2244//66 2246//66 1119//66
f 2266//66 2244//66 1119//66
f 1135//66 2258//66 2260//66
f 1135//66 2260//66 2256//66
f 2250//66 2266//66 1119//66
f 2254//94 2250//94 1119//94
f 1135//93 2256//93 2262//93
f 2252//66 2254//66 1119//66
f 1135//94 2262//94 2252//94
f 2129//66 2125//66 1135//66
f 1135//66 1137//66 1139//66
f 1139//66 1141//66 1143//66
f 1143//66 1145//66 1147//66
f 1147//66 1149//66 1151//66
f 1151//66 1949//66 1948//66
f 1151//66 1948//66 1957//66
f 1143//66 1147//66 1151//66
f 1135//66 1139//66 1143//66
f 2127//66 2129//66 1135//66
f 2136//66 2127//66 1135//66
f 1135//66 1143//66 1151//66
f 1151//66 1957//66 1951//66
f 1151//66 1951//66 1952//66
f 2130//66 2136//66 1135//66
f 2133//66 2130//66 1135//66
f 1151//66 1952//66 1955//66
f 1151//66 1955//66 1954//66
f 2131//66 2133//66 1135//66
f 2132//66 2131//66 1135//66
f 1151//66 1954//66 1953//66
f 1151//66 1953//66 1958//66
f 2135//66 2132//66 1135//66
f 2134//66 2135//66 1135//66
f 1151//66 1958//66 1961//66
f 1151//66 1961//66 1970//66
f 2134//66 1135//66 1151//66
f 2126//66 2134//66 1151//66
f 1151//66 1970//66 1963//66
f 1151//66 1963//66 1967//66
f 2128//66 2126//66 1151//66
f 2124//66 2128//66 1151//66
f 1151//94 1967//94 1965//94
f 2124//66 1151//66 1965//66
f 2137//66 2124//66 1965//66
f 2137//66 1965//66 1964//66
f 2119//66 2137//66 1964//66
f 2119//66 1964//66 1966//66
f 2120//66 2119//66 1966//66
f 2120//66 1966//66 1968//66
f 2122//66 2120//66 1968//66
f 2122//66 1968//66 1969//66
f 2114//66 2122//66 1969//66
f 2114//66 1969//66 1960//66
f 2116//66 2114//66 1960//66
f 2116//66 1960//66 1962//66
f 2112//66 2116//66 1962//66
f 2112//66 1962//66 1959//66
f 2110//66 2112//66 1959//66
f 2110//66 1959//66 1971//66
f 2107//66 2110//66 1971//66
f 2107//66 1971//66 1956//66
f 2106//66 2107//66 1956//66
f 2106//66 1956//66 2004//66
f 2108//66 2106//66 2004//66
f 2108//66 2004//66 2005//66
f 2007//66 2105//66 2104//66
f 2104//66 2108//66 2005//66
f 2104//66 2005//66 2002//66
f 1999//66 2007//66 2104//66
f 2001//66 1999//66 2104//66
f 2104//66 2002//66 2003//66
f 2104//66 2003//66 2006//66
f 2000//66 2001//66 2104//66
f 1950//66 1949//66 1151//66
f 1151//66 1153//66 1155//66
f 1155//66 1157//66 1997//66
f 1155//66 1997//66 1995//66
f 1950//66 1151//66 1155//66
f 1946//66 1950//66 1155//66
f 1155//66 1995//66 2008//66
f 1947//66 1946//66 1155//66
f 1157//66 1159//66 1161//66
f 1161//66 1163//66 1165//66
f 1165//66 1167//66 1169//66
f 1169//66 1171//66 1173//66
f 1173//66 1695//66 1699//66
f 1173//66 1699//66 1701//66
f 1165//66 1169//66 1173//66
f 1157//66 1161//66 1165//66
f 1880//66 1829//66 1157//66
f 1879//66 1880//66 1157//66
f 1157//66 1165//66 1173//66
f 1173//66 1701//66 1705//66
f 1173//66 1705//66 1703//66
f 1879//66 1157//66 1173//66
f 1480//66 1828//66 1878//66
f 1878//66 1879//66 1173//66
f 1173//66 1703//66 1714//66
f 1173//66 1714//66 1707//66
f 1487//66 1480//66 1878//66
f 1476//66 1487//66 1878//66
f 1173//66 1707//66 1712//66
f 1173//66 1712//66 1710//66
f 1478//66 1476//66 1878//66
f 1474//66 1478//66 1878//66
f 1173//66 1710//66 1709//66
f 1173//66 1709//66 1748//66
f 1489//66 1474//66 1878//66
f 1468//66 1489//66 1878//66
f 1173//66 1748//66 1717//66
f 1173//66 1717//66 1721//66
f 1470//66 1468//66 1878//66
f 1466//66 1470//66 1878//66
f 1173//66 1721//66 1719//66
f 1173//94 1719//94 1729//94
f 1472//66 1466//66 1878//66
f 1462//66 1472//66 1878//66
f 1878//66 1173//66 1729//66
f 1878//66 1729//66 1723//66
f 1464//66 1462//66 1878//66
f 1460//66 1464//66 1878//66
f 1878//66 1723//66 1727//66
f 1878//66 1727//66 1725//66
f 1457//66 1460//66 1878//66
f 1451//66 1457//66 1878//66
f 1878//66 1725//66 1747//66
f 1878//66 1747//66 1731//66
f 1453//66 1451//66 1878//66
f 1449//66 1453//66 1878//66
f 1878//66 1731//66 1735//66
f 1878//66 1735//66 1733//66
f 1878//66 1733//66 1745//66
f 1878//66 1745//66 1737//66
f 1878//66 1737//66 1743//66
f 1878//66 1743//66 1741//66
f 1878//66 1741//66 1739//66
f 1878//66 1739//66 1740//66
f 1878//66 1740//66 1742//66
f 1878//66 1742//66 1738//66
f 1878//66 1738//66 1744//66
f 1878//66 1744//66 1734//66
f 1878//66 1734//66 1736//66
f 1878//66 1736//66 1732//66
f 1878//66 1732//66 1746//66
f 1878//66 1746//66 1726//66
f 1878//66 1726//66 1728//66
f 1878//66 1728//66 1724//66
f 1878//66 1724//66 1730//66
f 1878//66 1730//66 1720//66
f 1449//66 1878//66 1720//66
f 1449//66 1720//66 1722//66
f 1455//66 1449//66 1722//66
f 1455//66 1722//66 1718//66
f 1455//66 1718//66 1749//66
f 1455//66 1749//66 1711//66
f 1455//66 1711//66 1713//66
f 1455//66 1713//66 1708//66
f 1455//66 1708//66 1715//66
f 1455//66 1715//66 1704//66
f 1455//66 1704//66 1706//66
f 1455//66 1706//66 1702//66
f 1455//66 1702//66 1716//66
f 1455//66 1716//66 1696//66
f 1445//66 1455//66 1696//66
f 1445//66 1696//66 1698//66
f 1189//66 1443//66 1447//66
f 1445//66 1698//66 1694//66
f 1189//66 1447//66 1445//66
f 1564//66 1570//66 1189//66
f 1568//66 1564//66 1189//66
f 1445//66 1694//66 1700//66
f 1690//66 1692//66 1604//66
f 1445//66 1700//66 1690//66
f 1568//66 1189//66 1445//66
f 1566//66 1568//66 1445//66
f 1690//66 1604//66 1615//66
f 1690//66 1615//66 1608//66
f 1586//66 1566//66 1445//66
f 1572//66 1586//66 1445//66
f 1690//66 1608//66 1613//66
f 1690//66 1613//66 1611//66
f 1576//66 1572//66 1445//66
f 1574//66 1576//66 1445//66
f 1690//66 1611//66 1610//66
f 1690//66 1610//66 1612//66
f 1584//66 1574//66 1445//66
f 1578//66 1584//66 1445//66
f 1690//66 1612//66 1614//66
f 1690//66 1614//66 1609//66
f 1582//66 1578//66 1445//66
f 1580//66 1582//66 1445//66
f 1690//66 1609//66 1616//66
f 1690//66 1616//66 1605//66
f 1620//66 1580//66 1445//66
f 1588//66 1620//66 1445//66
f 1690//66 1605//66 1607//66
f 1690//66 1607//66 1603//66
f 1592//66 1588//66 1445//66
f 1590//66 1592//66 1445//66
f 1690//66 1603//66 1618//66
f 1690//66 1618//66 1597//66
f 1601//66 1590//66 1445//66
f 1594//66 1601//66 1445//66
f 1690//66 1597//66 1599//66
f 1594//66 1445//66 1690//66
f 1697//66 1695//66 1173//66
f 1173//66 1596//66 1617//66
f 1173//66 1617//66 1602//66
f 1693//66 1697//66 1173//66
f 1691//66 1693//66 1173//66
f 1173//66 1602//66 1606//66
f 1606//66 1604//66 1692//66
f 1606//66 1692//66 1688//66
f 1691//66 1173//66 1606//66
f 1689//66 1691//66 1606//66
f 1606//66 1688//66 1686//66
f 1687//66 1689//66 1606//66
f 1595//66 1596//66 1173//66
f 1173//66 1175//66 1177//66
f 1177//66 1179//66 1181//66
f 1181//66 1183//66 1185//66
f 1185//66 1187//66 1189//66
f 1189//66 1570//66 1560//66
f 1189//66 1560//66 1562//66
f 1181//66 1185//66 1189//66
f 1173//66 1177//66 1181//66
f 1598//66 1595//66 1173//66
f 1593//66 1598//66 1173//66
f 1173//66 1181//66 1189//66
f 1189//66 1562//66 1558//66
f 1189//66 1558//66 1556//66
f 1600//66 1593//66 1173//66
f 1589//66 1600//66 1173//66
f 1189//66 1556//66 1557//66
f 1189//66 1557//66 1561//66
f 1591//66 1589//66 1173//66
f 1587//66 1591//66 1173//66
f 1189//66 1561//66 1559//66
f 1189//66 1559//66 1569//66
f 1619//66 1587//66 1173//66
f 1579//66 1619//66 1173//66
f 1189//66 1569//66 1563//66
f 1189//66 1563//66 1567//66
f 1581//66 1579//66 1173//66
f 1577//66 1581//66 1173//66
f 1189//66 1567//66 1565//66
f 1189//66 1565//66 1585//66
f 1583//66 1577//66 1173//66
f 1573//66 1583//66 1173//66
f 1189//66 1585//66 1571//66
f 1575//66 1573//66 1173//66
f 1189//66 1571//66 1575//66
f 1310//66 1314//66 1199//66
f 1199//66 1201//66 1203//66
f 1203//66 1205//66 1207//66
f 1207//66 1209//66 1211//66
f 1211//66 1213//66 1215//66
f 1215//66 1300//66 1301//66
f 1215//66 1301//66 1299//66
f 1207//66 1211//66 1215//66
f 1199//66 1203//66 1207//66
f 1311//66 1310//66 1199//66
f 1308//66 1311//66 1199//66
f 1199//66 1207//66 1215//66
f 1215//66 1299//66 1302//66
f 1215//66 1302//66 1298//66
f 1306//66 1308//66 1199//66
f 1304//66 1306//66 1199//66
f 1199//66 1215//66 1298//66
f 1199//66 1298//66 1297//66
f 1303//66 1304//66 1199//66
f 1305//66 1303//66 1199//66
f 1199//66 1297//66 1316//66
f 1199//66 1316//66 1307//66
f 1309//66 1305//66 1199//66
f 1271//33 1268//33 1326//33
f 1272//34 1271//34 1361//34
f 1274//35 1272//35 1333//35
f 1273//36 1274//36 1337//36
f 1278//37 1273//37 1335//37
f 1277//38 1278//38 1345//38
f 1275//39 1277//39 1339//39
f 1295//40 1275//40 1343//40
f 1295//85 1341//85 1360//85
f 1281//42 1360//42 1346//42
f 1285//43 1346//43 1350//43
f 1283//44 1350//44 1348//44
f 1293//45 1348//45 1357//45
f 1287//46 1357//46 1352//46
f 1292//47 1352//47 1355//47
f 1290//48 1355//48 1353//48
f 1288//49 1353//49 1354//49
f 1289//50 1354//50 1356//50
f 1291//51 1356//51 1351//51
f 1286//52 1351//52 1359//52
f 1294//53 1359//53 1347//53
f 1282//54 1347//54 1349//54
f 1284//55 1349//55 1358//55
f 1279//88 1358//88 1340//88
f 1280//82 1340//82 1342//82
f 1296//58 1342//58 1338//58
f 1276//59 1338//59 1344//59
f 1258//90 1344//90 1334//90
f 1259//61 1334//61 1336//61
f 1257//62 1336//62 1332//62
f 1260//64 1332//64 1331//64
f 1255//65 1331//65 1325//65
f 1256//1 1325//1 1327//1
f 1254//2 1327//2 1323//2
f 1261//3 1323//3 1329//3
f 1251//4 1329//4 1319//4
f 1252//5 1319//5 1321//5
f 1250//6 1321//6 1317//6
f 1253//7 1317//7 1315//7
f 1248//87 1315//87 1313//87
f 1242//91 1262//91 1313//91
f 1244//10 1242//10 1312//10
f 1240//11 1244//11 1314//11
f 1246//12 1240//12 1310//12
f 1236//13 1246//13 1311//13
f 1238//14 1236//14 1308//14
f 1234//15 1238//15 1306//15
f 1233//16 1234//16 1304//16
f 1235//17 1233//17 1303//17
f 1239//18 1235//18 1305//18
f 1237//19 1239//19 1309//19
f 1247//20 1237//20 1307//20
f 1241//84 1247//84 1316//84
f 1245//22 1241//22 1297//22
f 1243//23 1245//23 1298//23
f 1263//86 1243//86 1302//86
f 1249//25 1263//25 1299//25
f 1300//26 1318//26 1264//26
f 1264//26 1249//26 1301//26
f 1266//27 1264//27 1318//27
f 1265//28 1266//28 1322//28
f 1270//29 1265//29 1320//29
f 1267//30 1270//30 1330//30
f 1269//31 1267//31 1324//31
f 1268//32 1269//32 1328//32
f 1402//33 1393//33 1491//33
f 1403//34 1402//34 1461//34
f 1404//35 1403//35 1465//35
f 1406//36 1404//36 1463//36
f 1405//37 1406//37 1473//37
f 1407//38 1405//38 1467//38
f 1411//39 1407//39 1471//39
f 1409//74 1411//74 1469//74
f 1409//41 1490//41 1475//41
f 1421//42 1475//42 1479//42
f 1414//43 1479//43 1477//43
f 1422//44 1477//44 1488//44
f 1423//45 1488//45 1481//45
f 1424//46 1481//46 1486//46
f 1425//47 1486//47 1484//47
f 1426//48 1484//48 1482//48
f 1418//49 1482//49 1483//49
f 1417//50 1483//50 1485//50
f 1415//51 1485//51 1480//51
f 1416//52 1480//52 1487//52
f 1420//83 1487//83 1476//83
f 1412//54 1476//54 1478//54
f 1413//55 1478//55 1474//55
f 1419//56 1474//56 1489//56
f 1408//82 1489//82 1468//82
f 1410//58 1468//58 1470//58
f 1398//59 1470//59 1466//59
f 1399//60 1466//60 1472//60
f 1397//61 1472//61 1462//61
f 1401//62 1462//62 1464//62
f 1396//64 1464//64 1460//64
f 1400//65 1460//65 1457//65
f 1392//1 1457//1 1451//1
f 1394//2 1451//2 1453//2
f 1376//3 1453//3 1449//3
f 1377//4 1449//4 1455//4
f 1375//5 1455//5 1445//5
f 1378//6 1445//6 1447//6
f 1443//7 1442//7 1380//7
f 1380//7 1373//7 1447//7
f 1380//87 1442//87 1458//87
f 1367//91 1368//91 1458//91
f 1371//10 1367//10 1436//10
f 1364//11 1371//11 1438//11
f 1434//78 1440//78 1386//78
f 1362//12 1364//12 1434//12
f 1387//13 1386//13 1440//13
f 1383//14 1387//14 1430//14
f 1384//15 1383//15 1432//15
f 1382//16 1384//16 1428//16
f 1385//17 1382//17 1427//17
f 1389//18 1385//18 1429//18
f 1388//19 1389//19 1433//19
f 1363//20 1388//20 1431//20
f 1365//84 1363//84 1441//84
f 1366//22 1365//22 1435//22
f 1370//23 1366//23 1439//23
f 1369//86 1370//86 1437//86
f 1381//25 1369//25 1459//25
f 1374//26 1381//26 1444//26
f 1372//27 1374//27 1448//27
f 1379//28 1372//28 1446//28
f 1390//29 1379//29 1456//29
f 1391//30 1390//30 1450//30
f 1395//31 1391//31 1454//31
f 1393//32 1395//32 1452//32
f 1536//33 1537//33 1620//33
f 1539//34 1536//34 1588//34
f 1538//35 1539//35 1592//35
f 1545//36 1538//36 1590//36
f 1541//37 1545//37 1601//37
f 1540//38 1541//38 1594//38
f 1544//39 1540//39 1599//39
f 1543//74 1544//74 1597//74
f 1543//41 1618//41 1603//41
f 1542//42 1603//42 1607//42
f 1554//43 1607//43 1605//43
f 1546//81 1605//81 1616//81
f 1548//45 1616//45 1609//45
f 1547//46 1609//46 1614//46
f 1553//47 1614//47 1612//47
f 1550//48 1612//48 1610//48
f 1549//49 1610//49 1611//49
f 1552//50 1611//50 1613//50
f 1551//51 1613//51 1608//51
f 1513//52 1608//52 1615//52
f 1512//53 1615//53 1604//53
f 1515//54 1604//54 1606//54
f 1510//55 1606//55 1602//55
f 1511//56 1602//56 1617//56
f 1596//57 1595//57 1507//57
f 1507//57 1514//57 1617//57
f 1507//58 1595//58 1598//58
f 1508//59 1598//59 1593//59
f 1506//60 1593//60 1600//60
f 1509//61 1600//61 1589//61
f 1505//62 1589//62 1591//62
f 1504//64 1591//64 1587//64
f 1516//65 1587//65 1619//65
f 1501//1 1619//1 1579//1
f 1502//2 1579//2 1581//2
f 1503//3 1581//3 1577//3
f 1499//4 1577//4 1583//4
f 1500//5 1583//5 1573//5
f 1498//6 1573//6 1575//6
f 1496//7 1575//7 1571//7
f 1494//87 1571//87 1585//87
f 1497//9 1495//9 1585//9
f 1493//10 1497//10 1565//10
f 1492//11 1493//11 1567//11
f 1523//78 1492//78 1563//78
f 1524//13 1523//13 1569//13
f 1519//14 1524//14 1559//14
f 1517//15 1519//15 1561//15
f 1518//16 1517//16 1557//16
f 1520//17 1518//17 1556//17
f 1521//18 1520//18 1558//18
f 1522//19 1521//19 1562//19
f 1525//20 1522//20 1560//20
f 1535//21 1525//21 1570//21
f 1526//22 1535//22 1564//22
f 1529//23 1526//23 1568//23
f 1528//24 1529//24 1566//24
f 1527//25 1528//25 1586//25
f 1534//26 1527//26 1572//26
f 1530//27 1534//27 1576//27
f 1533//28 1530//28 1574//28
f 1531//29 1533//29 1584//29
f 1532//30 1531//30 1578//30
f 1555//31 1532//31 1582//31
f 1537//32 1555//32 1580//32
f 1672//33 1674//33 1749//33
f 1673//34 1672//34 1718//34
f 1685//35 1673//35 1722//35
f 1677//36 1685//36 1720//36
f 1676//37 1677//37 1730//37
f 1680//38 1676//38 1724//38
f 1679//39 1680//39 1728//39
f 1678//40 1679//40 1726//40
f 1678//85 1746//85 1732//85
f 1684//42 1732//42 1736//42
f 1681//43 1736//43 1734//43
f 1683//44 1734//44 1744//44
f 1682//45 1744//45 1738//45
f 1660//46 1738//46 1742//46
f 1661//47 1742//47 1740//47
f 1664//48 1740//48 1739//48
f 1662//49 1739//49 1741//49
f 1663//50 1741//50 1743//50
f 1666//51 1743//51 1737//51
f 1665//52 1737//52 1745//52
f 1653//53 1745//53 1733//53
f 1650//54 1733//54 1735//54
f 1649//55 1735//55 1731//55
f 1651//76 1731//76 1747//76
f 1646//57 1747//57 1725//57
f 1647//58 1725//58 1727//58
f 1648//59 1727//59 1723//59
f 1645//60 1723//60 1729//60
f 1652//61 1729//61 1719//61
f 1719//61 1635//61 1634//61
f 1635//62 1719//62 1721//62
f 1632//64 1721//64 1717//64
f 1633//65 1717//65 1748//65
f 1637//1 1748//1 1709//1
f 1630//2 1709//2 1710//2
f 1631//3 1710//3 1712//3
f 1629//4 1712//4 1707//4
f 1636//5 1707//5 1714//5
f 1625//6 1714//6 1703//6
f 1626//7 1703//7 1705//7
f 1627//8 1705//8 1701//8
f 1628//77 1624//77 1701//77
f 1622//10 1628//10 1699//10
f 1623//11 1622//11 1695//11
f 1621//12 1623//12 1697//12
f 1638//13 1621//13 1693//13
f 1643//14 1638//14 1691//14
f 1640//15 1643//15 1689//15
f 1639//16 1640//16 1687//16
f 1641//17 1639//17 1686//17
f 1644//18 1641//18 1688//18
f 1642//19 1644//19 1692//19
f 1654//20 1642//20 1690//20
f 1656//21 1654//21 1700//21
f 1655//22 1656//22 1694//22
f 1659//23 1655//23 1698//23
f 1657//86 1659//86 1696//86
f 1658//25 1657//25 1716//25
f 1667//26 1658//26 1702//26
f 1670//27 1667//27 1706//27
f 1669//28 1670//28 1704//28
f 1668//29 1669//29 1715//29
f 1675//30 1668//30 1708//30
f 1671//31 1675//31 1713//31
f 1674//32 1671//32 1711//32
f 1801//33 1809//33 1862//33
f 1800//34 1801//34 1861//34
f 1804//35 1800//35 1864//35
f 1803//36 1804//36 1865//36
f 1802//37 1803//37 1867//37
f 1808//38 1802//38 1866//38
f 1805//39 1808//39 1870//39
f 1807//74 1805//74 1869//74
f 1807//41 1868//41 1877//41
f 1806//42 1877//42 1871//42
f 1790//43 1871//43 1873//43
f 1783//44 1873//44 1872//44
f 1785//45 1872//45 1876//45
f 1784//46 1876//46 1874//46
f 1789//47 1874//47 1875//47
f 1786//48 1788//48 1875//48
f 1786//49 1851//49 1846//49
f 1787//50 1846//50 1844//50
f 1774//51 1844//51 1845//51
f 1776//52 1845//52 1848//52
f 1773//53 1848//53 1842//53
f 1775//54 1842//54 1843//54
f 1770//55 1843//55 1841//55
f 1771//56 1841//56 1847//56
f 1772//57 1847//57 1837//57
f 1768//58 1837//58 1838//58
f 1769//59 1838//59 1839//59
f 1839//60 1836//60 1756//60
f 1755//60 1777//60 1839//60
f 1756//61 1836//61 1840//61
f 1758//62 1840//62 1834//62
f 1754//64 1834//64 1835//64
f 1757//65 1835//65 1833//65
f 1752//1 1833//1 1849//1
f 1829//2 1880//2 1750//2
f 1750//2 1753//2 1849//2
f 1750//3 1880//3 1879//3
f 1751//4 1879//4 1878//4
f 1828//89 1830//89 1767//89
f 1767//5 1766//5 1878//5
f 1767//6 1830//6 1831//6
f 1764//7 1831//7 1827//7
f 1765//87 1827//87 1832//87
f 1762//77 1763//77 1832//77
f 1761//10 1762//10 1824//10
f 1759//11 1761//11 1825//11
f 1760//12 1759//12 1826//12
f 1781//13 1760//13 1821//13
f 1782//14 1781//14 1819//14
f 1779//15 1782//15 1816//15
f 1778//16 1779//16 1817//16
f 1780//17 1778//17 1815//17
f 1791//18 1780//18 1818//18
f 1792//19 1791//19 1822//19
f 1794//20 1792//20 1820//20
f 1793//21 1794//21 1823//21
f 1795//22 1793//22 1850//22
f 1797//23 1795//23 1853//23
f 1796//24 1797//24 1852//24
f 1799//80 1796//80 1856//80
f 1798//26 1799//26 1855//26
f 1810//27 1798//27 1854//27
f 1811//28 1810//28 1857//28
f 1812//29 1811//29 1858//29
f 1813//30 1812//30 1860//30
f 1814//31 1813//31 1859//31
f 1809//32 1814//32 1863//32
f 1924//33 1930//33 1999//33
f 1926//34 1924//34 2001//34
f 1925//35 1926//35 2000//35
f 1929//36 1925//36 2006//36
f 1927//37 1929//37 2003//37
f 1928//38 1927//38 2002//38
f 1917//39 1928//39 2005//39
f 1910//74 1917//74 2004//74
f 1910//75 1956//75 1971//75
f 1912//42 1971//42 1959//42
f 1911//43 1959//43 1962//43
f 1916//44 1962//44 1960//44
f 1913//45 1960//45 1969//45
f 1915//46 1969//46 1968//46
f 1914//47 1968//47 1966//47
f 1966//109 1900//109 1901//109
f 1900//48 1966//48 1964//48
f 1898//49 1964//49 1965//49
f 1899//50 1965//50 1967//50
f 1897//51 1967//51 1963//51
f 1896//52 1963//52 1970//52
f 1902//83 1970//83 1961//83
f 1894//54 1961//54 1958//54
f 1893//55 1958//55 1953//55
f 1895//76 1953//76 1954//76
f 1892//57 1954//57 1955//57
f 1891//58 1955//58 1952//58
f 1903//59 1952//59 1951//59
f 1889//60 1951//60 1957//60
f 1888//61 1957//61 1948//61
f 1890//62 1948//62 1949//62
f 1887//64 1949//64 1950//64
f 1886//65 1950//65 1946//65
f 1885//1 1946//1 1947//1
f 1884//2 1947//2 2008//2
f 1883//3 2008//3 1995//3
f 1881//4 1995//4 1997//4
f 1882//5 1997//5 1992//5
f 1908//6 1992//6 1991//6
f 1909//7 1991//7 1989//7
f 1907//87 1989//87 1985//87
f 1905//9 1906//9 1985//9
f 1904//10 1905//10 1987//10
f 1922//11 1904//11 1982//11
f 1923//12 1922//12 1981//12
f 1921//13 1923//13 1979//13
f 1919//14 1921//14 1977//14
f 1920//15 1919//15 1973//15
f 1918//16 1920//16 1974//16
f 1931//17 1918//17 1972//17
f 1933//18 1931//18 1975//18
f 1932//19 1933//19 1980//19
f 1937//20 1932//20 1978//20
f 1934//84 1937//84 1976//84
f 1936//22 1934//22 1990//22
f 1935//23 1936//23 1983//23
f 1945//24 1935//24 1988//24
f 1938//80 1945//80 1986//80
f 1940//26 1938//26 1984//26
f 1939//27 1940//27 2009//27
f 1944//92 1939//92 1993//92
f 1941//29 1944//29 1998//29
f 1943//30 1941//30 1996//30
f 1942//31 1943//31 1994//31
f 1930//32 1942//32 2007//32
f 2054//33 2050//33 2080//33
f 2052//34 2054//34 2081//34
f 2053//35 2052//35 2085//35
f 2042//36 2053//36 2113//36
f 2041//73 2042//73 2117//73
f 2034//38 2041//38 2115//38
f 2036//39 2034//39 2123//39
f 2035//74 2036//74 2118//74
f 2035//85 2121//85 2138//85
f 2040//42 2138//42 2125//42
f 2037//43 2125//43 2129//43
f 2039//44 2129//44 2127//44
f 2127//45 2136//45 2019//45
f 2026//45 2038//45 2127//45
f 2019//46 2136//46 2130//46
f 2023//47 2130//47 2133//47
f 2022//48 2133//48 2131//48
f 2020//49 2131//49 2132//49
f 2021//50 2132//50 2135//50
f 2025//51 2135//51 2134//51
f 2018//52 2134//52 2126//52
f 2024//83 2126//83 2128//83
f 2014//54 2128//54 2124//54
f 2015//55 2124//55 2137//55
f 2016//76 2137//76 2119//76
f 2013//82 2119//82 2120//82
f 2017//58 2120//58 2122//58
f 2011//59 2122//59 2114//59
f 2012//60 2114//60 2116//60
f 2010//61 2116//61 2112//61
f 2027//62 2112//62 2110//62
f 2032//64 2110//64 2107//64
f 2031//65 2107//65 2106//65
f 2033//1 2106//1 2108//1
f 2029//2 2108//2 2104//2
f 2030//3 2104//3 2105//3
f 2028//4 2105//4 2109//4
f 2047//89 2109//89 2101//89
f 2046//6 2101//6 2102//6
f 2048//7 2102//7 2100//7
f 2044//8 2100//8 2103//8
f 2043//77 2045//77 2103//77
f 2068//10 2043//10 2099//10
f 2064//11 2068//11 2097//11
f 2062//12 2064//12 2095//12
f 2061//13 2062//13 2092//13
f 2059//14 2061//14 2091//14
f 2056//15 2059//15 2089//15
f 2057//16 2056//16 2086//16
f 2060//17 2057//17 2087//17
f 2058//18 2060//18 2088//18
f 2065//19 2058//19 2090//19
f 2063//20 2065//20 2098//20
f 2074//84 2063//84 2093//84
f 2066//22 2074//22 2096//22
f 2069//23 2066//23 2094//23
f 2067//79 2069//79 2111//79
f 2073//80 2067//80 2084//80
f 2070//26 2073//26 2075//26
f 2072//27 2070//27 2078//27
f 2071//28 2072//28 2077//28
f 2055//29 2071//29 2076//29
f 2049//30 2055//30 2083//30
f 2051//31 2049//31 2079//31
f 2050//32 2051//32 2082//32
f 2182//33 2178//33 2267//33
f 2185//34 2182//34 2236//34
f 2187//35 2185//35 2240//35
f 2186//36 2187//36 2238//36
f 2192//37 2186//37 2248//37
f 2190//38 2192//38 2242//38
f 2203//39 2190//39 2246//39
f 2193//74 2203//74 2244//74
f 2193//75 2266//75 2250//75
f 2195//42 2250//42 2254//42
f 2201//43 2254//43 2252//43
f 2200//44 2252//44 2262//44
f 2262//81 2140//81 2139//81
f 2140//45 2262//45 2256//45
f 2142//46 2256//46 2260//46
f 2146//47 2260//47 2258//47
f 2145//48 2258//48 2257//48
f 2143//49 2257//49 2259//49
f 2144//50 2259//50 2261//50
f 2147//51 2261//51 2255//51
f 2141//52 2255//52 2263//52
f 2197//83 2263//83 2251//83
f 2199//54 2251//54 2253//54
f 2198//55 2253//55 2249//55
f 2194//76 2249//76 2265//76
f 2196//57 2265//57 2243//57
f 2202//58 2243//58 2245//58
f 2189//59 2245//59 2241//59
f 2188//60 2241//60 2247//60
f 2191//61 2247//61 2237//61
f 2179//62 2237//62 2239//62
f 2180//64 2239//64 2235//64
f 2181//65 2235//65 2264//65
f 2177//1 2264//1 2227//1
f 2183//2 2227//2 2228//2
f 2171//3 2228//3 2230//3
f 2167//4 2230//4 2225//4
f 2166//5 2225//5 2232//5
f 2165//6 2232//6 2221//6
f 2168//7 2221//7 2223//7
f 2161//87 2223//87 2219//87
f 2169//9 2163//9 2219//9
f 2159//10 2169//10 2217//10
f 2151//11 2159//11 2213//11
f 2150//12 2151//12 2215//12
f 2152//13 2150//13 2211//13
f 2148//14 2152//14 2209//14
f 2149//15 2148//15 2207//15
f 2153//16 2149//16 2205//16
f 2155//17 2153//17 2204//17
f 2154//18 2155//18 2206//18
f 2156//19 2154//19 2210//19
f 2158//20 2156//20 2208//20
f 2157//84 2158//84 2218//84
f 2160//22 2157//22 2212//22
f 2170//23 2160//23 2216//23
f 2164//24 2170//24 2214//24
f 2162//80 2164//80 2234//80
f 2172//26 2162//26 2220//26
f 2173//27 2172//27 2224//27
f 2174//92 2173//92 2222//92
f 2175//29 2174//29 2233//29
f 2176//30 2175//30 2226//30
f 2184//31 2176//31 2231//31
f 2178//32 2184//32 2229//32
f 2313//33 2312//33 2346//33
f 2314//34 2313//34 2345//34
f 2315//35 2314//35 2349//35
f 2316//36 2315//36 2348//36
f 2317//37 2316//37 2347//37
f 2320//38 2317//38 2356//38
f 2318//39 2320//39 2350//39
f 2319//74 2318//74 2352//74
f 2319//41 2351//41 2355//41
f 2321//42 2355//42 2354//42
f 2322//43 2354//43 2353//43
f 2323//44 2353//44 2386//44
f 2325//45 2386//45 2389//45
f 2331//46 2389//46 2394//46
f 2326//47 2394//47 2391//47
f 2329//48 2391//48 2390//48
f 2327//49 2390//49 2393//49
f 2328//50 2393//50 2392//50
f 2330//51 2392//51 2387//51
f 2332//52 2387//52 2388//52
f 2324//53 2388//53 2395//53
f 2306//54 2395//54 2383//54
f 2307//55 2383//55 2384//55
f 2305//56 2384//56 2381//56
f 2308//57 2381//57 2382//57
f 2303//58 2382//58 2385//58
f 2304//59 2385//59 2379//59
f 2293//60 2379//60 2380//60
f 2294//61 2380//61 2377//61
f 2292//62 2377//62 2378//62
f 2295//64 2378//64 2396//64
f 2290//65 2396//65 2373//65
f 2291//1 2373//1 2372//1
f 2279//2 2372//2 2374//2
f 2280//3 2374//3 2371//3
f 2278//4 2371//4 2375//4
f 2281//5 2375//5 2368//5
f 2276//6 2368//6 2369//6
f 2277//7 2369//7 2370//7
f 2275//87 2370//87 2367//87
f 2272//77 2282//77 2367//77
f 2273//10 2272//10 2376//10
f 2274//11 2273//11 2364//11
f 2271//12 2274//12 2365//12
f 2270//13 2271//13 2366//13
f 2269//14 2270//14 2363//14
f 2268//15 2269//15 2360//15
f 2283//16 2268//16 2358//16
f 2284//17 2283//17 2359//17
f 2288//18 2284//18 2361//18
f 2285//19 2288//19 2362//19
f 2287//20 2285//20 2333//20
f 2286//21 2287//21 2334//21
f 2289//22 2286//22 2335//22
f 2296//23 2289//23 2337//23
f 2298//24 2296//24 2336//24
f 2297//80 2298//80 2344//80
f 2302//26 2297//26 2339//26
f 2299//27 2302//27 2338//27
f 2301//28 2299//28 2343//28
f 2300//29 2301//29 2340//29
f 2309//30 2300//30 2342//30
f 2309//31 2341//31 2357//31
f 2357//31 2311//31 2310//31
f 2312//32 2311//32 2357//32
f 2430//33 2431//33 2515//33
f 2433//34 2430//34 2514//34
f 2432//35 2433//35 2517//35
f 2434//36 2432//36 2516//36
f 2435//37 2434//37 2518//37
f 2438//38 2435//38 2519//38
f 2437//39 2438//39 2522//39
f 2436//40 2437//40 2521//40
f 2436//85 2520//85 2526//85
f 2442//42 2526//42 2523//42
f 2439//43 2523//43 2525//43
f 2441//44 2525//44 2524//44
f 2440//45 2524//45 2510//45
f 2426//46 2510//46 2507//46
f 2423//47 2507//47 2505//47
f 2421//48 2505//48 2504//48
f 2420//49 2504//49 2506//49
f 2422//50 2506//50 2508//50
f 2424//51 2508//51 2503//51
f 2419//52 2503//52 2491//52
f 2407//53 2491//53 2492//53
f 2408//54 2492//54 2490//54
f 2406//55 2490//55 2493//55
f 2409//76 2493//76 2488//76
f 2404//57 2488//57 2489//57
f 2405//58 2489//58 2478//58
f 2459//59 2478//59 2477//59
f 2458//60 2477//60 2475//60
f 2456//61 2475//61 2476//61
f 2457//62 2476//62 2479//62
f 2460//64 2479//64 2473//64
f 2454//65 2473//65 2472//65
f 2453//1 2472//1 2474//1
f 2455//2 2474//2 2471//2
f 2452//3 2471//3 2480//3
f 2461//4 2480//4 2468//4
f 2449//5 2468//5 2469//5
f 2450//6 2469//6 2470//6
f 2451//7 2470//7 2466//7
f 2447//8 2466//8 2467//8
f 2446//77 2448//77 2467//77
f 2445//10 2446//10 2465//10
f 2444//11 2445//11 2464//11
f 2443//12 2444//12 2463//12
f 2400//13 2443//13 2462//13
f 2401//14 2400//14 2484//14
f 2398//15 2401//15 2485//15
f 2397//16 2398//16 2482//16
f 2399//17 2397//17 2481//17
f 2402//18 2399//18 2483//18
f 2403//19 2402//19 2486//19
f 2410//20 2403//20 2487//20
f 2412//21 2410//21 2494//21
f 2411//22 2412//22 2496//22
f 2416//23 2411//23 2495//23
f 2413//86 2416//86 2500//86
f 2415//25 2413//25 2497//25
f 2414//26 2415//26 2499//26
f 2417//27 2414//27 2498//27
f 2418//28 2417//28 2501//28
f 2509//29 2512//29 2428//29
f 2425//29 2418//29 2502//29
f 2509//29 2428//29 2425//29
f 2427//30 2428//30 2512//30
f 2429//31 2427//31 2511//31
f 2431//32 2429//32 2513//32
f 2588//33 2589//33 2595//33
f 2591//34 2588//34 2594//34
f 2590//35 2591//35 2597//35
f 2599//36 2602//36 2573//36
f 2573//36 2590//36 2600//36
f 2576//37 2573//37 2602//37
f 2575//38 2576//38 2603//38
f 2574//39 2575//39 2640//39
f 2581//74 2574//74 2635//74
f 2581//41 2638//41 2655//41
f 2577//42 2655//42 2642//42
f 2580//43 2642//43 2646//43
f 2578//81 2646//81 2644//81
f 2579//45 2644//45 2653//45
f 2556//46 2653//46 2647//46
f 2561//47 2647//47 2650//47
f 2558//48 2650//48 2648//48
f 2557//49 2648//49 2649//49
f 2560//50 2649//50 2652//50
f 2559//51 2652//51 2651//51
f 2554//52 2651//52 2643//52
f 2555//53 2643//53 2645//53
f 2562//54 2645//54 2641//54
f 2550//55 2641//55 2654//55
f 2551//56 2654//56 2636//56
f 2552//57 2636//57 2637//57
f 2549//58 2637//58 2639//58
f 2553//59 2639//59 2632//59
f 2546//60 2632//60 2633//60
f 2547//61 2633//61 2634//61
f 2548//62 2634//62 2630//62
f 2545//64 2630//64 2631//64
f 2563//65 2631//65 2656//65
f 2540//1 2656//1 2625//1
f 2541//2 2625//2 2626//2
f 2542//3 2626//3 2624//3
f 2539//4 2624//4 2627//4
f 2543//5 2627//5 2623//5
f 2536//6 2623//6 2628//6
f 2537//7 2628//7 2619//7
f 2538//87 2619//87 2621//87
f 2544//9 2535//9 2621//9
f 2531//10 2544//10 2617//10
f 2532//11 2531//11 2613//11
f 2533//78 2532//78 2610//78
f 2530//13 2533//13 2611//13
f 2534//14 2530//14 2614//14
f 2528//15 2534//15 2606//15
f 2527//16 2528//16 2604//16
f 2529//17 2527//17 2605//17
f 2564//18 2529//18 2608//18
f 2565//19 2564//19 2607//19
f 2566//20 2565//20 2615//20
f 2567//21 2566//21 2609//21
f 2569//22 2567//22 2612//22
f 2568//23 2569//23 2616//23
f 2572//24 2568//24 2618//24
f 2571//25 2572//25 2622//25
f 2570//26 2571//26 2620//26
f 2582//27 2570//27 2629//27
f 2582//28 2601//28 2598//28
f 2598//28 2584//28 2583//28
f 2586//29 2584//29 2598//29
f 2585//30 2586//30 2596//30
f 2587//31 2585//31 2592//31
f 2589//32 2587//32 2593//32
f 2689//33 2719//33 2746//33
f 2693//34 2689//34 2784//34
f 2691//35 2693//35 2758//35
f 2701//36 2691//36 2756//36
f 2695//37 2701//37 2766//37
f 2699//38 2695//38 2760//38
f 2697//39 2699//39 2764//39
f 2717//74 2697//74 2762//74
f 2717//41 2783//41 2768//41
f 2703//42 2768//42 2772//42
f 2707//43 2772//43 2770//43
f 2705//44 2770//44 2781//44
f 2715//45 2781//45 2774//45
f 2709//46 2774//46 2779//46
f 2713//47 2779//47 2777//47
f 2711//48 2777//48 2775//48
f 2710//49 2775//49 2776//49
f 2712//50 2776//50 2778//50
f 2714//51 2778//51 2773//51
f 2708//52 2773//52 2780//52
f 2716//83 2780//83 2769//83
f 2704//54 2769//54 2771//54
f 2706//55 2771//55 2767//55
f 2702//56 2767//56 2782//56
f 2718//82 2782//82 2761//82
f 2696//58 2761//58 2763//58
f 2698//59 2763//59 2759//59
f 2694//60 2759//60 2765//60
f 2700//61 2765//61 2755//61
f 2690//62 2755//62 2757//62
f 2692//64 2757//64 2754//64
f 2688//65 2754//65 2751//65
f 2720//1 2751//1 2745//1
f 2680//2 2745//2 2747//2
f 2681//3 2747//3 2743//3
f 2683//4 2743//4 2749//4
f 2678//5 2749//5 2739//5
f 2685//6 2739//6 2741//6
f 2674//7 2741//7 2752//7
f 2676//87 2752//87 2734//87
f 2670//91 2672//91 2734//91
f 2666//10 2670//10 2736//10
f 2668//11 2666//11 2731//11
f 2664//12 2668//12 2729//12
f 2662//13 2664//13 2727//13
f 2660//14 2662//14 2725//14
f 2658//15 2660//15 2726//15
f 2657//16 2658//16 2721//16
f 2659//17 2657//17 2722//17
f 2663//18 2659//18 2724//18
f 2661//19 2663//19 2723//19
f 2671//20 2661//20 2730//20
f 2665//84 2671//84 2728//84
f 2669//22 2665//22 2737//22
f 2667//23 2669//23 2732//23
f 2687//86 2667//86 2733//86
f 2673//25 2687//25 2735//25
f 2677//26 2673//26 2753//26
f 2675//27 2677//27 2738//27
f 2686//28 2675//28 2742//28
f 2679//29 2686//29 2740//29
f 2684//30 2679//30 2750//30
f 2682//31 2684//31 2744//31
f 2719//32 2682//32 2748//32
