# Blender 5.2.2 LTS
# www.blender.org
mtllib tower_section_1.mtl
o tower_section_1
v 2.995000 0.000000 0.000000
v 2.988587 0.195882 0.000000
v 2.969377 0.390926 0.000000
v 2.937452 0.584296 0.000000
v 2.892948 0.775163 0.000000
v 2.836056 0.962711 0.000000
v 2.767019 1.146137 0.000000
v 2.686134 1.324655 0.000000
v 2.593746 1.497500 0.000000
v 2.490252 1.663933 0.000000
v 2.376093 1.823241 0.000000
v 2.251760 1.974741 0.000000
v 2.117785 2.117785 0.000000
v 1.974741 2.251760 0.000000
v 1.823241 2.376093 0.000000
v 1.663933 2.490252 0.000000
v 1.497500 2.593746 0.000000
v 1.324655 2.686134 0.000000
v 1.146137 2.767019 0.000000
v 0.962711 2.836056 0.000000
v 0.775163 2.892948 0.000000
v 0.584296 2.937452 0.000000
v 0.390926 2.969377 0.000000
v 0.195882 2.988587 0.000000
v 0.000000 2.995000 0.000000
v -0.195882 2.988587 0.000000
v -0.390926 2.969377 0.000000
v -0.584296 2.937452 0.000000
v -0.775163 2.892948 0.000000
v -0.962711 2.836056 0.000000
v -1.146137 2.767019 0.000000
v -1.324655 2.686134 0.000000
v -1.497500 2.593746 0.000000
v -1.663933 2.490252 0.000000
v -1.823241 2.376093 0.000000
v -1.974741 2.251760 0.000000
v -2.117785 2.117785 0.000000
v -2.251760 1.974741 0.000000
v -2.376093 1.823241 0.000000
v -2.490252 1.663933 0.000000
v -2.593746 1.497500 0.000000
v -2.686134 1.324655 0.000000
v -2.767019 1.146137 0.000000
v -2.836056 0.962711 0.000000
v -2.892948 0.775163 0.000000
v -2.937452 0.584296 0.000000
v -2.969377 0.390926 0.000000
v -2.988587 0.195882 0.000000
v -2.995000 0.000000 0.000000
v -2.988587 -0.195882 0.000000
v -2.969377 -0.390926 0.000000
v -2.937452 -0.584296 0.000000
v -2.892948 -0.775163 0.000000
v -2.836056 -0.962711 0.000000
v -2.767019 -1.146137 0.000000
v -2.686134 -1.324655 0.000000
v -2.593746 -1.497500 0.000000
v -2.490252 -1.663933 0.000000
v -2.376093 -1.823241 0.000000
v -2.251760 -1.974741 0.000000
v -2.117785 -2.117785 0.000000
v -1.974741 -2.251760 0.000000
v -1.823241 -2.376093 0.000000
v -1.663933 -2.490252 0.000000
v -1.497500 -2.593746 0.000000
v -1.324655 -2.686134 0.000000
v -1.146137 -2.767019 0.000000
v -0.962711 -2.836056 0.000000
v -0.775163 -2.892948 0.000000
v -0.584296 -2.937452 0.000000
v 0.584296 -2.937452 0.000000
v 0.775163 -2.892948 0.000000
v 0.962711 -2.836056 0.000000
v 1.146137 -2.767019 0.000000
v 1.324655 -2.686134 0.000000
v 1.497500 -2.593746 0.000000
v 1.663933 -2.490252 0.000000
v 1.823241 -2.376093 0.000000
v 1.974741 -2.251760 0.000000
v 2.117785 -2.117785 0.000000
v 2.251760 -1.974741 0.000000
v 2.376093 -1.823241 0.000000
v 2.490252 -1.663933 0.000000
v 2.593746 -1.497500 0.000000
v 2.686134 -1.324655 0.000000
v 2.767019 -1.146137 0.000000
v 2.836056 -0.962711 0.000000
v 2.892948 -0.775163 0.000000
v 2.937452 -0.584296 0.000000
v 2.969377 -0.390926 0.000000
v 2.988587 -0.195882 0.000000
v 2.938030 0.000000 0.000000
v 2.931740 0.192156 0.000000
v 2.912895 0.383490 0.000000
v 2.881577 0.573181 0.000000
v 2.837919 0.760418 0.000000
v 2.782109 0.944399 0.000000
v 2.714386 1.124335 0.000000
v 2.635039 1.299457 0.000000
v 2.544409 1.469015 0.000000
v 2.442883 1.632282 0.000000
v 2.330896 1.788559 0.000000
v 2.208928 1.937178 0.000000
v 2.077501 2.077501 0.000000
v 1.937178 2.208928 0.000000
v 1.788559 2.330896 0.000000
v 1.632282 2.442883 0.000000
v 1.469015 2.544409 0.000000
v 1.299457 2.635039 0.000000
v 1.124335 2.714386 0.000000
v 0.944399 2.782109 0.000000
v 0.760418 2.837919 0.000000
v 0.573181 2.881577 0.000000
v 0.383490 2.912895 0.000000
v 0.192156 2.931740 0.000000
v 0.000000 2.938030 0.000000
v -0.192156 2.931740 0.000000
v -0.383490 2.912895 0.000000
v -0.573181 2.881577 0.000000
v -0.760418 2.837919 0.000000
v -0.944399 2.782109 0.000000
v -1.124335 2.714386 0.000000
v -1.299457 2.635039 0.000000
v -1.469015 2.544409 0.000000
v -1.632282 2.442883 0.000000
v -1.788559 2.330896 0.000000
v -1.937178 2.208928 0.000000
v -2.077501 2.077501 0.000000
v -2.208928 1.937178 0.000000
v -2.330896 1.788559 0.000000
v -2.442883 1.632282 0.000000
v -2.544409 1.469015 0.000000
v -2.635039 1.299457 0.000000
v -2.714386 1.124335 0.000000
v -2.782109 0.944399 0.000000
v -2.837919 0.760418 0.000000
v -2.881577 0.573181 0.000000
v -2.912895 0.383490 0.000000
v -2.931740 0.192156 0.000000
v -2.938030 0.000000 0.000000
v -2.931740 -0.192156 0.000000
v -2.912895 -0.383490 0.000000
v -2.881577 -0.573181 0.000000
v -2.837919 -0.760418 0.000000
v -2.782109 -0.944399 0.000000
v -2.714386 -1.124335 0.000000
v -2.635039 -1.299457 0.000000
v -2.544409 -1.469015 0.000000
v -2.442883 -1.632282 0.000000
v -2.330896 -1.788559 0.000000
v -2.208928 -1.937178 0.000000
v -2.077501 -2.077501 0.000000
v -1.937178 -2.208928 0.000000
v -1.788559 -2.330896 0.000000
v -1.632282 -2.442883 0.000000
v -1.469015 -2.544409 0.000000
v -1.299457 -2.635039 0.000000
v -1.124335 -2.714386 0.000000
v -0.944399 -2.782109 0.000000
v -0.760418 -2.837919 0.000000
v -0.573181 -2.881577 0.000000
v 0.573181 -2.881577 0.000000
v 0.760418 -2.837919 0.000000
v 0.944399 -2.782109 0.000000
v 1.124335 -2.714386 0.000000
v 1.299457 -2.635039 0.000000
v 1.469015 -2.544409 0.000000
v 1.632282 -2.442883 0.000000
v 1.788559 -2.330896 0.000000
v 1.937178 -2.208928 0.000000
v 2.077501 -2.077501 0.000000
v 2.208928 -1.937178 0.000000
v 2.330896 -1.788559 0.000000
v 2.442883 -1.632282 0.000000
v 2.544409 -1.469015 0.000000
v 2.635039 -1.299457 0.000000
v 2.714386 -1.124335 0.000000
v 2.782109 -0.944399 0.000000
v 2.837919 -0.760418 0.000000
v 2.881577 -0.573181 0.000000
v 2.912895 -0.383490 0.000000
v 2.931740 -0.192156 0.000000
v 2.965000 0.000000 10.800000
v 2.958652 0.193920 10.800000
v 2.939634 0.387010 10.800000
v 2.908028 0.578443 10.800000
v 2.863970 0.767398 10.800000
v 2.807648 0.953068 10.800000
v 2.739303 1.134656 10.800000
v 2.659228 1.311386 10.800000
v 2.567765 1.482500 10.800000
v 2.465307 1.647266 10.800000
v 2.352293 1.804978 10.800000
v 2.229205 1.954960 10.800000
v 2.096572 2.096572 10.800000
v 1.954960 2.229205 10.800000
v 1.804978 2.352293 10.800000
v 1.647266 2.465307 10.800000
v 1.482500 2.567765 10.800000
v 1.311386 2.659228 10.800000
v 1.134656 2.739303 10.800000
v 0.953068 2.807648 10.800000
v 0.767398 2.863970 10.800000
v 0.578443 2.908028 10.800000
v 0.387010 2.939634 10.800000
v 0.193920 2.958652 10.800000
v 0.000000 2.965000 10.800000
v -0.193920 2.958652 10.800000
v -0.387010 2.939634 10.800000
v -0.578443 2.908028 10.800000
v -0.767398 2.863970 10.800000
v -0.953068 2.807648 10.800000
v -1.134656 2.739303 10.800000
v -1.311386 2.659228 10.800000
v -1.482500 2.567765 10.800000
v -1.647266 2.465307 10.800000
v -1.804978 2.352293 10.800000
v -1.954960 2.229205 10.800000
v -2.096572 2.096572 10.800000
v -2.229205 1.954960 10.800000
v -2.352293 1.804978 10.800000
v -2.465307 1.647266 10.800000
v -2.567765 1.482500 10.800000
v -2.659228 1.311386 10.800000
v -2.739303 1.134656 10.800000
v -2.807648 0.953068 10.800000
v -2.863970 0.767398 10.800000
v -2.908028 0.578443 10.800000
v -2.939634 0.387010 10.800000
v -2.958652 0.193920 10.800000
v -2.965000 0.000000 10.800000
v -2.958652 -0.193920 10.800000
v -2.939634 -0.387010 10.800000
v -2.908028 -0.578443 10.800000
v -2.863970 -0.767398 10.800000
v -2.807648 -0.953068 10.800000
v -2.739303 -1.134656 10.800000
v -2.659228 -1.311386 10.800000
v -2.567765 -1.482500 10.800000
v -2.465307 -1.647266 10.800000
v -2.352293 -1.804978 10.800000
v -2.229205 -1.954960 10.800000
v -2.096572 -2.096572 10.800000
v -1.954960 -2.229205 10.800000
v -1.804978 -2.352293 10.800000
v -1.647266 -2.465307 10.800000
v -1.482500 -2.567765 10.800000
v -1.311386 -2.659228 10.800000
v -1.134656 -2.739303 10.800000
v -0.953068 -2.807648 10.800000
v -0.767398 -2.863970 10.800000
v -0.578443 -2.908028 10.800000
v -0.387010 -2.939634 10.800000
v -0.193920 -2.958652 10.800000
v -0.000000 -2.965000 10.800000
v 0.193920 -2.958652 10.800000
v 0.387010 -2.939634 10.800000
v 0.578443 -2.908028 10.800000
v 0.767398 -2.863970 10.800000
v 0.953068 -2.807648 10.800000
v 1.134656 -2.739303 10.800000
v 1.311386 -2.659228 10.800000
v 1.482500 -2.567765 10.800000
v 1.647266 -2.465307 10.800000
v 1.804978 -2.352293 10.800000
v 1.954960 -2.229205 10.800000
v 2.096572 -2.096572 10.800000
v 2.229205 -1.954960 10.800000
v 2.352293 -1.804978 10.800000
v 2.465307 -1.647266 10.800000
v 2.567765 -1.482500 10.800000
v 2.659228 -1.311386 10.800000
v 2.739303 -1.134656 10.800000
v 2.807648 -0.953068 10.800000
v 2.863970 -0.767398 10.800000
v 2.908028 -0.578443 10.800000
v 2.939634 -0.387010 10.800000
v 2.958652 -0.193920 10.800000
v 2.908030 0.000000 10.800000
v 2.901804 0.190194 10.800000
v 2.883151 0.379574 10.800000
v 2.852153 0.567329 10.800000
v 2.808941 0.752654 10.800000
v 2.753701 0.934756 10.800000
v 2.686669 1.112855 10.800000
v 2.608133 1.286189 10.800000
v 2.518428 1.454015 10.800000
v 2.417938 1.615615 10.800000
v 2.307095 1.770296 10.800000
v 2.186373 1.917397 10.800000
v 2.056288 2.056288 10.800000
v 1.917397 2.186373 10.800000
v 1.770296 2.307095 10.800000
v 1.615615 2.417938 10.800000
v 1.454015 2.518428 10.800000
v 1.286189 2.608133 10.800000
v 1.112855 2.686669 10.800000
v 0.934756 2.753701 10.800000
v 0.752654 2.808941 10.800000
v 0.567329 2.852153 10.800000
v 0.379574 2.883151 10.800000
v 0.190194 2.901804 10.800000
v 0.000000 2.908030 10.800000
v -0.190194 2.901804 10.800000
v -0.379574 2.883151 10.800000
v -0.567329 2.852153 10.800000
v -0.752654 2.808941 10.800000
v -0.934756 2.753701 10.800000
v -1.112855 2.686669 10.800000
v -1.286189 2.608133 10.800000
v -1.454015 2.518428 10.800000
v -1.615615 2.417938 10.800000
v -1.770296 2.307095 10.800000
v -1.917397 2.186373 10.800000
v -2.056288 2.056288 10.800000
v -2.186373 1.917397 10.800000
v -2.307095 1.770296 10.800000
v -2.417938 1.615615 10.800000
v -2.518428 1.454015 10.800000
v -2.608133 1.286189 10.800000
v -2.686669 1.112855 10.800000
v -2.753701 0.934756 10.800000
v -2.808941 0.752654 10.800000
v -2.852153 0.567329 10.800000
v -2.883151 0.379574 10.800000
v -2.901804 0.190194 10.800000
v -2.908030 0.000000 10.800000
v -2.901804 -0.190194 10.800000
v -2.883151 -0.379574 10.800000
v -2.852153 -0.567329 10.800000
v -2.808941 -0.752654 10.800000
v -2.753701 -0.934756 10.800000
v -2.686669 -1.112855 10.800000
v -2.608133 -1.286189 10.800000
v -2.518428 -1.454015 10.800000
v -2.417938 -1.615615 10.800000
v -2.307095 -1.770296 10.800000
v -2.186373 -1.917397 10.800000
v -2.056288 -2.056288 10.800000
v -1.917397 -2.186373 10.800000
v -1.770296 -2.307095 10.800000
v -1.615615 -2.417938 10.800000
v -1.454015 -2.518428 10.800000
v -1.286189 -2.608133 10.800000
v -1.112855 -2.686669 10.800000
v -0.934756 -2.753701 10.800000
v -0.752654 -2.808941 10.800000
v -0.567329 -2.852153 10.800000
v -0.379574 -2.883151 10.800000
v -0.190194 -2.901804 10.800000
v -0.000000 -2.908030 10.800000
v 0.190194 -2.901804 10.800000
v 0.379574 -2.883151 10.800000
v 0.567329 -2.852153 10.800000
v 0.752654 -2.808941 10.800000
v 0.934756 -2.753701 10.800000
v 1.112855 -2.686669 10.800000
v 1.286189 -2.608133 10.800000
v 1.454015 -2.518428 10.800000
v 1.615615 -2.417938 10.800000
v 1.770296 -2.307095 10.800000
v 1.917397 -2.186373 10.800000
v 2.056288 -2.056288 10.800000
v 2.186373 -1.917397 10.800000
v 2.307095 -1.770296 10.800000
v 2.417938 -1.615615 10.800000
v 2.518428 -1.454015 10.800000
v 2.608133 -1.286189 10.800000
v 2.686669 -1.112855 10.800000
v 2.753701 -0.934756 10.800000
v 2.808941 -0.752654 10.800000
v 2.852153 -0.567329 10.800000
v 2.883151 -0.379574 10.800000
v 2.901804 -0.190194 10.800000
v 2.965000 0.000000 21.610001
v 2.958652 0.193920 21.610001
v 2.939634 0.387010 21.610001
v 2.908028 0.578443 21.610001
v 2.863970 0.767398 21.610001
v 2.807648 0.953068 21.610001
v 2.739303 1.134656 21.610001
v 2.659228 1.311386 21.610001
v 2.567765 1.482500 21.610001
v 2.465307 1.647266 21.610001
v 2.352293 1.804978 21.610001
v 2.229205 1.954960 21.610001
v 2.096572 2.096572 21.610001
v 1.954960 2.229205 21.610001
v 1.804978 2.352293 21.610001
v 1.647266 2.465307 21.610001
v 1.482500 2.567765 21.610001
v 1.311386 2.659228 21.610001
v 1.134656 2.739303 21.610001
v 0.953068 2.807648 21.610001
v 0.767398 2.863970 21.610001
v 0.578443 2.908028 21.610001
v 0.387010 2.939634 21.610001
v 0.193920 2.958652 21.610001
v 0.000000 2.965000 21.610001
v -0.193920 2.958652 21.610001
v -0.387010 2.939634 21.610001
v -0.578443 2.908028 21.610001
v -0.767398 2.863970 21.610001
v -0.953068 2.807648 21.610001
v -1.134656 2.739303 21.610001
v -1.311386 2.659228 21.610001
v -1.482500 2.567765 21.610001
v -1.647266 2.465307 21.610001
v -1.804978 2.352293 21.610001
v -1.954960 2.229205 21.610001
v -2.096572 2.096572 21.610001
v -2.229205 1.954960 21.610001
v -2.352293 1.804978 21.610001
v -2.465307 1.647266 21.610001
v -2.567765 1.482500 21.610001
v -2.659228 1.311386 21.610001
v -2.739303 1.134656 21.610001
v -2.807648 0.953068 21.610001
v -2.863970 0.767398 21.610001
v -2.908028 0.578443 21.610001
v -2.939634 0.387010 21.610001
v -2.958652 0.193920 21.610001
v -2.965000 0.000000 21.610001
v -2.958652 -0.193920 21.610001
v -2.939634 -0.387010 21.610001
v -2.908028 -0.578443 21.610001
v -2.863970 -0.767398 21.610001
v -2.807648 -0.953068 21.610001
v -2.739303 -1.134656 21.610001
v -2.659228 -1.311386 21.610001
v -2.567765 -1.482500 21.610001
v -2.465307 -1.647266 21.610001
v -2.352293 -1.804978 21.610001
v -2.229205 -1.954960 21.610001
v -2.096572 -2.096572 21.610001
v -1.954960 -2.229205 21.610001
v -1.804978 -2.352293 21.610001
v -1.647266 -2.465307 21.610001
v -1.482500 -2.567765 21.610001
v -1.311386 -2.659228 21.610001
v -1.134656 -2.739303 21.610001
v -0.953068 -2.807648 21.610001
v -0.767398 -2.863970 21.610001
v -0.578443 -2.908028 21.610001
v -0.387010 -2.939634 21.610001
v -0.193920 -2.958652 21.610001
v -0.000000 -2.965000 21.610001
v 0.193920 -2.958652 21.610001
v 0.387010 -2.939634 21.610001
v 0.578443 -2.908028 21.610001
v 0.767398 -2.863970 21.610001
v 0.953068 -2.807648 21.610001
v 1.134656 -2.739303 21.610001
v 1.311386 -2.659228 21.610001
v 1.482500 -2.567765 21.610001
v 1.647266 -2.465307 21.610001
v 1.804978 -2.352293 21.610001
v 1.954960 -2.229205 21.610001
v 2.096572 -2.096572 21.610001
v 2.229205 -1.954960 21.610001
v 2.352293 -1.804978 21.610001
v 2.465307 -1.647266 21.610001
v 2.567765 -1.482500 21.610001
v 2.659228 -1.311386 21.610001
v 2.739303 -1.134656 21.610001
v 2.807648 -0.953068 21.610001
v 2.863970 -0.767398 21.610001
v 2.908028 -0.578443 21.610001
v 2.939634 -0.387010 21.610001
v 2.958652 -0.193920 21.610001
v 2.914530 0.000000 21.610001
v 2.908290 0.190619 21.610001
v 2.889596 0.380423 21.610001
v 2.858528 0.568597 21.610001
v 2.815220 0.754336 21.610001
v 2.759856 0.936845 21.610001
v 2.692675 1.115342 21.610001
v 2.613962 1.289064 21.610001
v 2.524057 1.457265 21.610001
v 2.423343 1.619226 21.610001
v 2.312252 1.774253 21.610001
v 2.191260 1.921683 21.610001
v 2.060884 2.060884 21.610001
v 1.921683 2.191260 21.610001
v 1.774253 2.312252 21.610001
v 1.619226 2.423343 21.610001
v 1.457265 2.524057 21.610001
v 1.289064 2.613962 21.610001
v 1.115342 2.692675 21.610001
v 0.936845 2.759856 21.610001
v 0.754336 2.815220 21.610001
v 0.568597 2.858528 21.610001
v 0.380423 2.889596 21.610001
v 0.190619 2.908290 21.610001
v 0.000000 2.914530 21.610001
v -0.190619 2.908290 21.610001
v -0.380423 2.889596 21.610001
v -0.568597 2.858528 21.610001
v -0.754336 2.815220 21.610001
v -0.936845 2.759856 21.610001
v -1.115342 2.692675 21.610001
v -1.289064 2.613962 21.610001
v -1.457265 2.524057 21.610001
v -1.619226 2.423343 21.610001
v -1.774253 2.312252 21.610001
v -1.921683 2.191260 21.610001
v -2.060884 2.060884 21.610001
v -2.191260 1.921683 21.610001
v -2.312252 1.774253 21.610001
v -2.423343 1.619226 21.610001
v -2.524057 1.457265 21.610001
v -2.613962 1.289064 21.610001
v -2.692675 1.115342 21.610001
v -2.759856 0.936845 21.610001
v -2.815220 0.754336 21.610001
v -2.858528 0.568597 21.610001
v -2.889596 0.380423 21.610001
v -2.908290 0.190619 21.610001
v -2.914530 0.000000 21.610001
v -2.908290 -0.190619 21.610001
v -2.889596 -0.380423 21.610001
v -2.858528 -0.568597 21.610001
v -2.815220 -0.754336 21.610001
v -2.759856 -0.936845 21.610001
v -2.692675 -1.115342 21.610001
v -2.613962 -1.289064 21.610001
v -2.524057 -1.457265 21.610001
v -2.423343 -1.619226 21.610001
v -2.312252 -1.774253 21.610001
v -2.191260 -1.921683 21.610001
v -2.060884 -2.060884 21.610001
v -1.921683 -2.191260 21.610001
v -1.774253 -2.312252 21.610001
v -1.619226 -2.423343 21.610001
v -1.457265 -2.524057 21.610001
v -1.289064 -2.613962 21.610001
v -1.115342 -2.692675 21.610001
v -0.936845 -2.759856 21.610001
v -0.754336 -2.815220 21.610001
v -0.568597 -2.858528 21.610001
v -0.380423 -2.889596 21.610001
v -0.190619 -2.908290 21.610001
v -0.000000 -2.914530 21.610001
v 0.190619 -2.908290 21.610001
v 0.380423 -2.889596 21.610001
v 0.568597 -2.858528 21.610001
v 0.754336 -2.815220 21.610001
v 0.936845 -2.759856 21.610001
v 1.115342 -2.692675 21.610001
v 1.289064 -2.613962 21.610001
v 1.457265 -2.524057 21.610001
v 1.619226 -2.423343 21.610001
v 1.774253 -2.312252 21.610001
v 1.921683 -2.191260 21.610001
v 2.060884 -2.060884 21.610001
v 2.191260 -1.921683 21.610001
v 2.312252 -1.774253 21.610001
v 2.423343 -1.619226 21.610001
v 2.524057 -1.457265 21.610001
v 2.613962 -1.289064 21.610001
v 2.692675 -1.115342 21.610001
v 2.759856 -0.936845 21.610001
v 2.815220 -0.754336 21.610001
v 2.858528 -0.568597 21.610001
v 2.889596 -0.380423 21.610001
v 2.908290 -0.190619 21.610001
v -0.450000 -2.959624 0.000000
v -0.390186 -2.963759 2.040000
v -0.450000 -2.953884 2.040000
v -0.450000 -2.896173 2.040000
v -0.450000 -2.901914 0.000000
v -0.382750 -2.907277 2.040000
v -0.195512 -2.982933 2.040000
v -0.191786 -2.926085 2.040000
v -0.000000 -2.989333 2.040000
v -0.000000 -2.932363 2.040000
v 0.195512 -2.982933 2.040000
v 0.191786 -2.926085 2.040000
v 0.390186 -2.963759 2.040000
v 0.382750 -2.907277 2.040000
v 0.450000 -2.953884 2.040000
v 0.450000 -2.959624 0.000000
v 0.450000 -2.901914 0.000000
v 0.450000 -2.896173 2.040000
v -0.566737 -2.849181 -0.260000
v -0.379179 -2.880147 -0.260000
v -0.189996 -2.898780 -0.260000
v -0.000000 -2.905000 -0.260000
v 0.189996 -2.898780 -0.260000
v 0.379179 -2.880147 -0.260000
v 0.566737 -2.849181 -0.260000
v -0.596001 -2.996299 -0.260000
v -0.398758 -3.028864 -0.260000
v -0.199807 -3.048459 -0.260000
v -0.000000 -3.055000 -0.260000
v 0.199807 -3.048459 -0.260000
v 0.398758 -3.028864 -0.260000
v 0.596001 -2.996299 -0.260000
v -0.596001 -2.996299 2.240000
v -0.398758 -3.028864 2.240000
v -0.199807 -3.048459 2.240000
v -0.000000 -3.055000 2.240000
v 0.199807 -3.048459 2.240000
v 0.398758 -3.028864 2.240000
v 0.596001 -2.996299 2.240000
v -0.566737 -2.849181 2.240000
v -0.379179 -2.880147 2.240000
v -0.189996 -2.898780 2.240000
v -0.000000 -2.905000 2.240000
v 0.189996 -2.898780 2.240000
v 0.379179 -2.880147 2.240000
v 0.566737 -2.849181 2.240000
v -0.650000 -2.829767 -0.260000
v -0.650000 -2.983708 -0.260000
v 0.650000 -2.829767 -0.260000
v 0.650000 -2.983708 -0.260000
v -0.650000 -2.983708 2.240000
v 0.650000 -2.983708 2.240000
v -0.650000 -2.829767 2.240000
v 0.650000 -2.829767 2.240000
v -0.450000 -3.020404 -0.060000
v -0.398758 -3.028864 2.040000
v -0.398758 -3.028864 -0.060000
v -0.450000 -3.020404 2.040000
v -0.199807 -3.048459 -0.060000
v -0.199807 -3.048459 2.040000
v -0.000000 -3.055000 -0.060000
v -0.000000 -3.055000 2.040000
v 0.199807 -3.048459 -0.060000
v 0.199807 -3.048459 2.040000
v 0.398758 -3.028864 -0.060000
v 0.398758 -3.028864 2.040000
v 0.450000 -3.020404 -0.060000
v 0.450000 -3.020404 2.040000
v -0.450000 -2.868454 2.040000
v -0.379179 -2.880147 -0.060000
v -0.379179 -2.880147 2.040000
v -0.450000 -2.868454 -0.060000
v -0.189996 -2.898780 -0.060000
v -0.189996 -2.898780 2.040000
v -0.000000 -2.905000 -0.060000
v -0.000000 -2.905000 2.040000
v 0.189996 -2.898780 -0.060000
v 0.189996 -2.898780 2.040000
v 0.379179 -2.880147 -0.060000
v 0.379179 -2.880147 2.040000
v 0.450000 -2.868454 2.040000
v 0.450000 -2.868454 -0.060000
v 2.688030 0.000000 0.000000
v 2.682275 0.175806 0.000000
v 2.665034 0.350858 0.000000
v 2.636380 0.524409 0.000000
v 2.596438 0.695713 0.000000
v 2.545377 0.864039 0.000000
v 2.483416 1.028665 0.000000
v 2.410821 1.188885 0.000000
v 2.327902 1.344015 0.000000
v 2.235015 1.493389 0.000000
v 2.132558 1.636369 0.000000
v 2.020968 1.772341 0.000000
v 1.900724 1.900724 0.000000
v 1.772341 2.020968 0.000000
v 1.636369 2.132558 0.000000
v 1.493389 2.235015 0.000000
v 1.344015 2.327902 0.000000
v 1.188885 2.410821 0.000000
v 1.028665 2.483416 0.000000
v 0.864039 2.545377 0.000000
v 0.695713 2.596438 0.000000
v 0.524409 2.636380 0.000000
v 0.350858 2.665034 0.000000
v 0.175806 2.682275 0.000000
v 0.000000 2.688030 0.000000
v -0.175806 2.682275 0.000000
v -0.350858 2.665034 0.000000
v -0.524409 2.636380 0.000000
v -0.695713 2.596438 0.000000
v -0.864039 2.545377 0.000000
v -1.028665 2.483416 0.000000
v -1.188885 2.410821 0.000000
v -1.344015 2.327902 0.000000
v -1.493389 2.235015 0.000000
v -1.636369 2.132558 0.000000
v -1.772341 2.020968 0.000000
v -1.900724 1.900724 0.000000
v -2.020968 1.772341 0.000000
v -2.132558 1.636369 0.000000
v -2.235015 1.493389 0.000000
v -2.327902 1.344015 0.000000
v -2.410821 1.188885 0.000000
v -2.483416 1.028665 0.000000
v -2.545377 0.864039 0.000000
v -2.596438 0.695713 0.000000
v -2.636380 0.524409 0.000000
v -2.665034 0.350858 0.000000
v -2.682275 0.175806 0.000000
v -2.688030 0.000000 0.000000
v -2.682275 -0.175806 0.000000
v -2.665034 -0.350858 0.000000
v -2.636380 -0.524409 0.000000
v -2.596438 -0.695713 0.000000
v -2.545377 -0.864039 0.000000
v -2.483416 -1.028665 0.000000
v -2.410821 -1.188885 0.000000
v -2.327902 -1.344015 0.000000
v -2.235015 -1.493389 0.000000
v -2.132558 -1.636369 0.000000
v -2.020968 -1.772341 0.000000
v -1.900724 -1.900724 0.000000
v -1.772341 -2.020968 0.000000
v -1.636369 -2.132558 0.000000
v -1.493389 -2.235015 0.000000
v -1.344015 -2.327902 0.000000
v -1.188885 -2.410821 0.000000
v -1.028665 -2.483416 0.000000
v -0.864039 -2.545377 0.000000
v -0.695713 -2.596438 0.000000
v -0.524409 -2.636380 0.000000
v 0.524409 -2.636380 0.000000
v 0.695713 -2.596438 0.000000
v 0.864039 -2.545377 0.000000
v 1.028665 -2.483416 0.000000
v 1.188885 -2.410821 0.000000
v 1.344015 -2.327902 0.000000
v 1.493389 -2.235015 0.000000
v 1.636369 -2.132558 0.000000
v 1.772341 -2.020968 0.000000
v 1.900724 -1.900724 0.000000
v 2.020968 -1.772341 0.000000
v 2.132558 -1.636369 0.000000
v 2.235015 -1.493389 0.000000
v 2.327902 -1.344015 0.000000
v 2.410821 -1.188885 0.000000
v 2.483416 -1.028665 0.000000
v 2.545377 -0.864039 0.000000
v 2.596438 -0.695713 0.000000
v 2.636380 -0.524409 0.000000
v 2.665034 -0.350858 0.000000
v 2.682275 -0.175806 0.000000
v 3.320000 0.000000 0.000000
v 3.312892 0.217138 0.000000
v 3.291597 0.433347 0.000000
v 3.256207 0.647700 0.000000
v 3.206874 0.859279 0.000000
v 3.143808 1.067179 0.000000
v 3.067280 1.270509 0.000000
v 2.977618 1.468398 0.000000
v 2.875204 1.660000 0.000000
v 2.760479 1.844493 0.000000
v 2.633933 2.021088 0.000000
v 2.496108 2.189028 0.000000
v 2.347594 2.347594 0.000000
v 2.189028 2.496108 0.000000
v 2.021088 2.633933 0.000000
v 1.844493 2.760479 0.000000
v 1.660000 2.875204 0.000000
v 1.468398 2.977618 0.000000
v 1.270509 3.067280 0.000000
v 1.067179 3.143808 0.000000
v 0.859279 3.206874 0.000000
v 0.647700 3.256207 0.000000
v 0.433347 3.291597 0.000000
v 0.217138 3.312892 0.000000
v 0.000000 3.320000 0.000000
v -0.217138 3.312892 0.000000
v -0.433347 3.291597 0.000000
v -0.647700 3.256207 0.000000
v -0.859279 3.206874 0.000000
v -1.067179 3.143808 0.000000
v -1.270509 3.067280 0.000000
v -1.468398 2.977618 0.000000
v -1.660000 2.875204 0.000000
v -1.844493 2.760479 0.000000
v -2.021088 2.633933 0.000000
v -2.189028 2.496108 0.000000
v -2.347594 2.347594 0.000000
v -2.496108 2.189028 0.000000
v -2.633933 2.021088 0.000000
v -2.760479 1.844493 0.000000
v -2.875204 1.660000 0.000000
v -2.977618 1.468398 0.000000
v -3.067280 1.270509 0.000000
v -3.143808 1.067179 0.000000
v -3.206874 0.859279 0.000000
v -3.256207 0.647700 0.000000
v -3.291597 0.433347 0.000000
v -3.312892 0.217138 0.000000
v -3.320000 0.000000 0.000000
v -3.312892 -0.217138 0.000000
v -3.291597 -0.433347 0.000000
v -3.256207 -0.647700 0.000000
v -3.206874 -0.859279 0.000000
v -3.143808 -1.067179 0.000000
v -3.067280 -1.270509 0.000000
v -2.977618 -1.468398 0.000000
v -2.875204 -1.660000 0.000000
v -2.760479 -1.844493 0.000000
v -2.633933 -2.021088 0.000000
v -2.496108 -2.189028 0.000000
v -2.347594 -2.347594 0.000000
v -2.189028 -2.496108 0.000000
v -2.021088 -2.633933 0.000000
v -1.844493 -2.760479 0.000000
v -1.660000 -2.875204 0.000000
v -1.468398 -2.977618 0.000000
v -1.270509 -3.067280 0.000000
v -1.067179 -3.143808 0.000000
v -0.859279 -3.206874 0.000000
v -0.647700 -3.256207 0.000000
v 0.647700 -3.256207 0.000000
v 0.859279 -3.206874 0.000000
v 1.067179 -3.143808 0.000000
v 1.270509 -3.067280 0.000000
v 1.468398 -2.977618 0.000000
v 1.660000 -2.875204 0.000000
v 1.844493 -2.760479 0.000000
v 2.021088 -2.633933 0.000000
v 2.189028 -2.496108 0.000000
v 2.347594 -2.347594 0.000000
v 2.496108 -2.189028 0.000000
v 2.633933 -2.021088 0.000000
v 2.760479 -1.844493 0.000000
v 2.875204 -1.660000 0.000000
v 2.977618 -1.468398 0.000000
v 3.067280 -1.270509 0.000000
v 3.143808 -1.067179 0.000000
v 3.206874 -0.859279 0.000000
v 3.256207 -0.647700 0.000000
v 3.291597 -0.433347 0.000000
v 3.312892 -0.217138 0.000000
v 3.320000 0.000000 0.120000
v 3.312892 0.217138 0.120000
v 3.291597 0.433347 0.120000
v 3.256207 0.647700 0.120000
v 3.206874 0.859279 0.120000
v 3.143808 1.067179 0.120000
v 3.067280 1.270509 0.120000
v 2.977618 1.468398 0.120000
v 2.875204 1.660000 0.120000
v 2.760479 1.844493 0.120000
v 2.633933 2.021088 0.120000
v 2.496108 2.189028 0.120000
v 2.347594 2.347594 0.120000
v 2.189028 2.496108 0.120000
v 2.021088 2.633933 0.120000
v 1.844493 2.760479 0.120000
v 1.660000 2.875204 0.120000
v 1.468398 2.977618 0.120000
v 1.270509 3.067280 0.120000
v 1.067179 3.143808 0.120000
v 0.859279 3.206874 0.120000
v 0.647700 3.256207 0.120000
v 0.433347 3.291597 0.120000
v 0.217138 3.312892 0.120000
v 0.000000 3.320000 0.120000
v -0.217138 3.312892 0.120000
v -0.433347 3.291597 0.120000
v -0.647700 3.256207 0.120000
v -0.859279 3.206874 0.120000
v -1.067179 3.143808 0.120000
v -1.270509 3.067280 0.120000
v -1.468398 2.977618 0.120000
v -1.660000 2.875204 0.120000
v -1.844493 2.760479 0.120000
v -2.021088 2.633933 0.120000
v -2.189028 2.496108 0.120000
v -2.347594 2.347594 0.120000
v -2.496108 2.189028 0.120000
v -2.633933 2.021088 0.120000
v -2.760479 1.844493 0.120000
v -2.875204 1.660000 0.120000
v -2.977618 1.468398 0.120000
v -3.067280 1.270509 0.120000
v -3.143808 1.067179 0.120000
v -3.206874 0.859279 0.120000
v -3.256207 0.647700 0.120000
v -3.291597 0.433347 0.120000
v -3.312892 0.217138 0.120000
v -3.320000 0.000000 0.120000
v -3.312892 -0.217138 0.120000
v -3.291597 -0.433347 0.120000
v -3.256207 -0.647700 0.120000
v -3.206874 -0.859279 0.120000
v -3.143808 -1.067179 0.120000
v -3.067280 -1.270509 0.120000
v -2.977618 -1.468398 0.120000
v -2.875204 -1.660000 0.120000
v -2.760479 -1.844493 0.120000
v -2.633933 -2.021088 0.120000
v -2.496108 -2.189028 0.120000
v -2.347594 -2.347594 0.120000
v -2.189028 -2.496108 0.120000
v -2.021088 -2.633933 0.120000
v -1.844493 -2.760479 0.120000
v -1.660000 -2.875204 0.120000
v -1.468398 -2.977618 0.120000
v -1.270509 -3.067280 0.120000
v -1.067179 -3.143808 0.120000
v -0.859279 -3.206874 0.120000
v -0.647700 -3.256207 0.120000
v 0.647700 -3.256207 0.120000
v 0.859279 -3.206874 0.120000
v 1.067179 -3.143808 0.120000
v 1.270509 -3.067280 0.120000
v 1.468398 -2.977618 0.120000
v 1.660000 -2.875204 0.120000
v 1.844493 -2.760479 0.120000
v 2.021088 -2.633933 0.120000
v 2.189028 -2.496108 0.120000
v 2.347594 -2.347594 0.120000
v 2.496108 -2.189028 0.120000
v 2.633933 -2.021088 0.120000
v 2.760479 -1.844493 0.120000
v 2.875204 -1.660000 0.120000
v 2.977618 -1.468398 0.120000
v 3.067280 -1.270509 0.120000
v 3.143808 -1.067179 0.120000
v 3.206874 -0.859279 0.120000
v 3.256207 -0.647700 0.120000
v 3.291597 -0.433347 0.120000
v 3.312892 -0.217138 0.120000
v 2.688030 0.000000 0.120000
v 2.682275 0.175806 0.120000
v 2.665034 0.350858 0.120000
v 2.636380 0.524409 0.120000
v 2.596438 0.695713 0.120000
v 2.545377 0.864039 0.120000
v 2.483416 1.028665 0.120000
v 2.410821 1.188885 0.120000
v 2.327902 1.344015 0.120000
v 2.235015 1.493389 0.120000
v 2.132558 1.636369 0.120000
v 2.020968 1.772341 0.120000
v 1.900724 1.900724 0.120000
v 1.772341 2.020968 0.120000
v 1.636369 2.132558 0.120000
v 1.493389 2.235015 0.120000
v 1.344015 2.327902 0.120000
v 1.188885 2.410821 0.120000
v 1.028665 2.483416 0.120000
v 0.864039 2.545377 0.120000
v 0.695713 2.596438 0.120000
v 0.524409 2.636380 0.120000
v 0.350858 2.665034 0.120000
v 0.175806 2.682275 0.120000
v 0.000000 2.688030 0.120000
v -0.175806 2.682275 0.120000
v -0.350858 2.665034 0.120000
v -0.524409 2.636380 0.120000
v -0.695713 2.596438 0.120000
v -0.864039 2.545377 0.120000
v -1.028665 2.483416 0.120000
v -1.188885 2.410821 0.120000
v -1.344015 2.327902 0.120000
v -1.493389 2.235015 0.120000
v -1.636369 2.132558 0.120000
v -1.772341 2.020968 0.120000
v -1.900724 1.900724 0.120000
v -2.020968 1.772341 0.120000
v -2.132558 1.636369 0.120000
v -2.235015 1.493389 0.120000
v -2.327902 1.344015 0.120000
v -2.410821 1.188885 0.120000
v -2.483416 1.028665 0.120000
v -2.545377 0.864039 0.120000
v -2.596438 0.695713 0.120000
v -2.636380 0.524409 0.120000
v -2.665034 0.350858 0.120000
v -2.682275 0.175806 0.120000
v -2.688030 0.000000 0.120000
v -2.682275 -0.175806 0.120000
v -2.665034 -0.350858 0.120000
v -2.636380 -0.524409 0.120000
v -2.596438 -0.695713 0.120000
v -2.545377 -0.864039 0.120000
v -2.483416 -1.028665 0.120000
v -2.410821 -1.188885 0.120000
v -2.327902 -1.344015 0.120000
v -2.235015 -1.493389 0.120000
v -2.132558 -1.636369 0.120000
v -2.020968 -1.772341 0.120000
v -1.900724 -1.900724 0.120000
v -1.772341 -2.020968 0.120000
v -1.636369 -2.132558 0.120000
v -1.493389 -2.235015 0.120000
v -1.344015 -2.327902 0.120000
v -1.188885 -2.410821 0.120000
v -1.028665 -2.483416 0.120000
v -0.864039 -2.545377 0.120000
v -0.695713 -2.596438 0.120000
v -0.524409 -2.636380 0.120000
v 0.524409 -2.636380 0.120000
v 0.695713 -2.596438 0.120000
v 0.864039 -2.545377 0.120000
v 1.028665 -2.483416 0.120000
v 1.188885 -2.410821 0.120000
v 1.344015 -2.327902 0.120000
v 1.493389 -2.235015 0.120000
v 1.636369 -2.132558 0.120000
v 1.772341 -2.020968 0.120000
v 1.900724 -1.900724 0.120000
v 2.020968 -1.772341 0.120000
v 2.132558 -1.636369 0.120000
v 2.235015 -1.493389 0.120000
v 2.327902 -1.344015 0.120000
v 2.410821 -1.188885 0.120000
v 2.483416 -1.028665 0.120000
v 2.545377 -0.864039 0.120000
v 2.596438 -0.695713 0.120000
v 2.636380 -0.524409 0.120000
v 2.665034 -0.350858 0.120000
v 2.682275 -0.175806 0.120000
v -0.450000 -2.648665 0.000000
v -0.450000 -3.288847 0.000000
v 0.450000 -2.648665 0.000000
v 0.450000 -3.288847 0.000000
v -0.450000 -3.288847 0.120000
v 0.450000 -3.288847 0.120000
v -0.450000 -2.648665 0.120000
v 0.450000 -2.648665 0.120000
v -0.450000 -3.095000 -0.060000
v -0.450000 -3.095000 -0.050000
v -0.450000 -2.695000 -0.060000
v -0.450000 -2.695000 -0.050000
v 0.450000 -3.095000 -0.060000
v 0.450000 -3.095000 -0.050000
v 0.450000 -2.695000 -0.060000
v 0.450000 -2.695000 -0.050000
v 3.180000 0.034000 0.120000
v 3.180000 0.034000 0.165000
v 3.209445 0.017000 0.120000
v 3.209445 0.017000 0.165000
v 3.209445 -0.017000 0.120000
v 3.209445 -0.017000 0.165000
v 3.180000 -0.034000 0.120000
v 3.180000 -0.034000 0.165000
v 3.150555 -0.017000 0.120000
v 3.150555 -0.017000 0.165000
v 3.150555 0.017000 0.120000
v 3.150555 0.017000 0.165000
v 3.180000 0.018000 0.165000
v 3.180000 0.018000 0.225000
v 3.192728 0.012728 0.165000
v 3.192728 0.012728 0.225000
v 3.198000 0.000000 0.165000
v 3.198000 0.000000 0.225000
v 3.192728 -0.012728 0.165000
v 3.192728 -0.012728 0.225000
v 3.180000 -0.018000 0.165000
v 3.180000 -0.018000 0.225000
v 3.167272 -0.012728 0.165000
v 3.167272 -0.012728 0.225000
v 3.162000 0.000000 0.165000
v 3.162000 0.000000 0.225000
v 3.167272 0.012728 0.165000
v 3.167272 0.012728 0.225000
v 3.173191 0.241982 0.120000
v 3.173191 0.241982 0.165000
v 3.202636 0.224982 0.120000
v 3.202636 0.224982 0.165000
v 3.202636 0.190982 0.120000
v 3.202636 0.190982 0.165000
v 3.173191 0.173982 0.120000
v 3.173191 0.173982 0.165000
v 3.143746 0.190982 0.120000
v 3.143746 0.190982 0.165000
v 3.143746 0.224982 0.120000
v 3.143746 0.224982 0.165000
v 3.173191 0.225982 0.165000
v 3.173191 0.225982 0.225000
v 3.185919 0.220710 0.165000
v 3.185919 0.220710 0.225000
v 3.191191 0.207982 0.165000
v 3.191191 0.207982 0.225000
v 3.185919 0.195254 0.165000
v 3.185919 0.195254 0.225000
v 3.173191 0.189982 0.165000
v 3.173191 0.189982 0.225000
v 3.160463 0.195254 0.165000
v 3.160463 0.195254 0.225000
v 3.155191 0.207982 0.165000
v 3.155191 0.207982 0.225000
v 3.160463 0.220710 0.165000
v 3.160463 0.220710 0.225000
v 3.152795 0.449073 0.120000
v 3.152795 0.449073 0.165000
v 3.182240 0.432073 0.120000
v 3.182240 0.432073 0.165000
v 3.182240 0.398073 0.120000
v 3.182240 0.398073 0.165000
v 3.152795 0.381073 0.120000
v 3.152795 0.381073 0.165000
v 3.123350 0.398073 0.120000
v 3.123350 0.398073 0.165000
v 3.123350 0.432073 0.120000
v 3.123350 0.432073 0.165000
v 3.152795 0.433073 0.165000
v 3.152795 0.433073 0.225000
v 3.165523 0.427801 0.165000
v 3.165523 0.427801 0.225000
v 3.170794 0.415073 0.165000
v 3.170794 0.415073 0.225000
v 3.165523 0.402345 0.165000
v 3.165523 0.402345 0.225000
v 3.152795 0.397073 0.165000
v 3.152795 0.397073 0.225000
v 3.140067 0.402345 0.165000
v 3.140067 0.402345 0.225000
v 3.134795 0.415073 0.165000
v 3.134795 0.415073 0.225000
v 3.140067 0.427801 0.165000
v 3.140067 0.427801 0.225000
v 3.118897 0.654387 0.120000
v 3.118897 0.654387 0.165000
v 3.148342 0.637387 0.120000
v 3.148342 0.637387 0.165000
v 3.148342 0.603387 0.120000
v 3.148342 0.603387 0.165000
v 3.118897 0.586387 0.120000
v 3.118897 0.586387 0.165000
v 3.089452 0.603387 0.120000
v 3.089452 0.603387 0.165000
v 3.089452 0.637387 0.120000
v 3.089452 0.637387 0.165000
v 3.118897 0.638387 0.165000
v 3.118897 0.638387 0.225000
v 3.131625 0.633115 0.165000
v 3.131625 0.633115 0.225000
v 3.136897 0.620387 0.165000
v 3.136897 0.620387 0.225000
v 3.131625 0.607659 0.165000
v 3.131625 0.607659 0.225000
v 3.118897 0.602387 0.165000
v 3.118897 0.602387 0.225000
v 3.106169 0.607659 0.165000
v 3.106169 0.607659 0.225000
v 3.100897 0.620387 0.165000
v 3.100897 0.620387 0.225000
v 3.106169 0.633115 0.165000
v 3.106169 0.633115 0.225000
v 3.071644 0.857045 0.120000
v 3.071644 0.857045 0.165000
v 3.101089 0.840045 0.120000
v 3.101089 0.840045 0.165000
v 3.101089 0.806045 0.120000
v 3.101089 0.806045 0.165000
v 3.071644 0.789045 0.120000
v 3.071644 0.789045 0.165000
v 3.042199 0.806045 0.120000
v 3.042199 0.806045 0.165000
v 3.042199 0.840045 0.120000
v 3.042199 0.840045 0.165000
v 3.071644 0.841045 0.165000
v 3.071644 0.841045 0.225000
v 3.084372 0.835772 0.165000
v 3.084372 0.835772 0.225000
v 3.089644 0.823045 0.165000
v 3.089644 0.823045 0.225000
v 3.084372 0.810317 0.165000
v 3.084372 0.810317 0.225000
v 3.071644 0.805045 0.165000
v 3.071644 0.805045 0.225000
v 3.058916 0.810317 0.165000
v 3.058916 0.810317 0.225000
v 3.053644 0.823045 0.165000
v 3.053644 0.823045 0.225000
v 3.058916 0.835772 0.165000
v 3.058916 0.835772 0.225000
v 3.011238 1.056177 0.120000
v 3.011238 1.056177 0.165000
v 3.040683 1.039177 0.120000
v 3.040683 1.039177 0.165000
v 3.040683 1.005177 0.120000
v 3.040683 1.005177 0.165000
v 3.011238 0.988177 0.120000
v 3.011238 0.988177 0.165000
v 2.981793 1.005177 0.120000
v 2.981793 1.005177 0.165000
v 2.981793 1.039177 0.120000
v 2.981793 1.039177 0.165000
v 3.011238 1.040177 0.165000
v 3.011238 1.040177 0.225000
v 3.023966 1.034905 0.165000
v 3.023966 1.034905 0.225000
v 3.029238 1.022177 0.165000
v 3.029238 1.022177 0.225000
v 3.023966 1.009449 0.165000
v 3.023966 1.009449 0.225000
v 3.011238 1.004177 0.165000
v 3.011238 1.004177 0.225000
v 2.998510 1.009449 0.165000
v 2.998510 1.009449 0.225000
v 2.993238 1.022177 0.165000
v 2.993238 1.022177 0.225000
v 2.998510 1.034905 0.165000
v 2.998510 1.034905 0.225000
v 2.937937 1.250933 0.120000
v 2.937937 1.250933 0.165000
v 2.967382 1.233933 0.120000
v 2.967382 1.233933 0.165000
v 2.967382 1.199933 0.120000
v 2.967382 1.199933 0.165000
v 2.937937 1.182933 0.120000
v 2.937937 1.182933 0.165000
v 2.908492 1.199933 0.120000
v 2.908492 1.199933 0.165000
v 2.908492 1.233933 0.120000
v 2.908492 1.233933 0.165000
v 2.937937 1.234933 0.165000
v 2.937937 1.234933 0.225000
v 2.950665 1.229661 0.165000
v 2.950665 1.229661 0.225000
v 2.955937 1.216933 0.165000
v 2.955937 1.216933 0.225000
v 2.950665 1.204205 0.165000
v 2.950665 1.204205 0.225000
v 2.937937 1.198933 0.165000
v 2.937937 1.198933 0.225000
v 2.925209 1.204205 0.165000
v 2.925209 1.204205 0.225000
v 2.919937 1.216933 0.165000
v 2.919937 1.216933 0.225000
v 2.925209 1.229661 0.165000
v 2.925209 1.229661 0.225000
v 2.852055 1.440478 0.120000
v 2.852055 1.440478 0.165000
v 2.881500 1.423478 0.120000
v 2.881500 1.423478 0.165000
v 2.881500 1.389478 0.120000
v 2.881500 1.389478 0.165000
v 2.852055 1.372478 0.120000
v 2.852055 1.372478 0.165000
v 2.822610 1.389478 0.120000
v 2.822610 1.389478 0.165000
v 2.822610 1.423478 0.120000
v 2.822610 1.423478 0.165000
v 2.852055 1.424478 0.165000
v 2.852055 1.424478 0.225000
v 2.864783 1.419206 0.165000
v 2.864783 1.419206 0.225000
v 2.870055 1.406478 0.165000
v 2.870055 1.406478 0.225000
v 2.864783 1.393750 0.165000
v 2.864783 1.393750 0.225000
v 2.852055 1.388478 0.165000
v 2.852055 1.388478 0.225000
v 2.839327 1.393750 0.165000
v 2.839327 1.393750 0.225000
v 2.834055 1.406478 0.165000
v 2.834055 1.406478 0.225000
v 2.839327 1.419206 0.165000
v 2.839327 1.419206 0.225000
v 2.753961 1.624000 0.120000
v 2.753961 1.624000 0.165000
v 2.783406 1.607000 0.120000
v 2.783406 1.607000 0.165000
v 2.783406 1.573000 0.120000
v 2.783406 1.573000 0.165000
v 2.753961 1.556000 0.120000
v 2.753961 1.556000 0.165000
v 2.724516 1.573000 0.120000
v 2.724516 1.573000 0.165000
v 2.724516 1.607000 0.120000
v 2.724516 1.607000 0.165000
v 2.753961 1.608000 0.165000
v 2.753961 1.608000 0.225000
v 2.766689 1.602728 0.165000
v 2.766689 1.602728 0.225000
v 2.771961 1.590000 0.165000
v 2.771961 1.590000 0.225000
v 2.766689 1.577272 0.165000
v 2.766689 1.577272 0.225000
v 2.753961 1.572000 0.165000
v 2.753961 1.572000 0.225000
v 2.741233 1.577272 0.165000
v 2.741233 1.577272 0.225000
v 2.735961 1.590000 0.165000
v 2.735961 1.590000 0.225000
v 2.741233 1.602728 0.165000
v 2.741233 1.602728 0.225000
v 2.644073 1.800713 0.120000
v 2.644073 1.800713 0.165000
v 2.673518 1.783713 0.120000
v 2.673518 1.783713 0.165000
v 2.673518 1.749713 0.120000
v 2.673518 1.749713 0.165000
v 2.644073 1.732713 0.120000
v 2.644073 1.732713 0.165000
v 2.614629 1.749713 0.120000
v 2.614629 1.749713 0.165000
v 2.614629 1.783713 0.120000
v 2.614629 1.783713 0.165000
v 2.644073 1.784713 0.165000
v 2.644073 1.784713 0.225000
v 2.656801 1.779441 0.165000
v 2.656801 1.779441 0.225000
v 2.662073 1.766713 0.165000
v 2.662073 1.766713 0.225000
v 2.656801 1.753985 0.165000
v 2.656801 1.753985 0.225000
v 2.644073 1.748713 0.165000
v 2.644073 1.748713 0.225000
v 2.631346 1.753985 0.165000
v 2.631346 1.753985 0.225000
v 2.626074 1.766713 0.165000
v 2.626074 1.766713 0.225000
v 2.631346 1.779441 0.165000
v 2.631346 1.779441 0.225000
v 2.522864 1.969861 0.120000
v 2.522864 1.969861 0.165000
v 2.552309 1.952861 0.120000
v 2.552309 1.952861 0.165000
v 2.552309 1.918861 0.120000
v 2.552309 1.918861 0.165000
v 2.522864 1.901861 0.120000
v 2.522864 1.901861 0.165000
v 2.493419 1.918861 0.120000
v 2.493419 1.918861 0.165000
v 2.493419 1.952861 0.120000
v 2.493419 1.952861 0.165000
v 2.522864 1.953861 0.165000
v 2.522864 1.953861 0.225000
v 2.535592 1.948589 0.165000
v 2.535592 1.948589 0.225000
v 2.540864 1.935861 0.165000
v 2.540864 1.935861 0.225000
v 2.535592 1.923133 0.165000
v 2.535592 1.923133 0.225000
v 2.522864 1.917861 0.165000
v 2.522864 1.917861 0.225000
v 2.510136 1.923133 0.165000
v 2.510136 1.923133 0.225000
v 2.504864 1.935861 0.165000
v 2.504864 1.935861 0.225000
v 2.510136 1.948589 0.165000
v 2.510136 1.948589 0.225000
v 2.390851 2.130720 0.120000
v 2.390851 2.130720 0.165000
v 2.420295 2.113720 0.120000
v 2.420295 2.113720 0.165000
v 2.420295 2.079720 0.120000
v 2.420295 2.079720 0.165000
v 2.390851 2.062720 0.120000
v 2.390851 2.062720 0.165000
v 2.361406 2.079720 0.120000
v 2.361406 2.079720 0.165000
v 2.361406 2.113720 0.120000
v 2.361406 2.113720 0.165000
v 2.390851 2.114720 0.165000
v 2.390851 2.114720 0.225000
v 2.403579 2.109448 0.165000
v 2.403579 2.109448 0.225000
v 2.408850 2.096720 0.165000
v 2.408850 2.096720 0.225000
v 2.403579 2.083992 0.165000
v 2.403579 2.083992 0.225000
v 2.390851 2.078720 0.165000
v 2.390851 2.078720 0.225000
v 2.378123 2.083992 0.165000
v 2.378123 2.083992 0.225000
v 2.372851 2.096720 0.165000
v 2.372851 2.096720 0.225000
v 2.378123 2.109448 0.165000
v 2.378123 2.109448 0.225000
v 2.248600 2.282599 0.120000
v 2.248600 2.282599 0.165000
v 2.278044 2.265599 0.120000
v 2.278044 2.265599 0.165000
v 2.278044 2.231600 0.120000
v 2.278044 2.231600 0.165000
v 2.248600 2.214600 0.120000
v 2.248600 2.214600 0.165000
v 2.219155 2.231600 0.120000
v 2.219155 2.231600 0.165000
v 2.219155 2.265599 0.120000
v 2.219155 2.265599 0.165000
v 2.248600 2.266599 0.165000
v 2.248600 2.266599 0.225000
v 2.261328 2.261328 0.165000
v 2.261328 2.261328 0.225000
v 2.266599 2.248600 0.165000
v 2.266599 2.248600 0.225000
v 2.261328 2.235872 0.165000
v 2.261328 2.235872 0.225000
v 2.248600 2.230600 0.165000
v 2.248600 2.230600 0.225000
v 2.235872 2.235872 0.165000
v 2.235872 2.235872 0.225000
v 2.230600 2.248600 0.165000
v 2.230600 2.248600 0.225000
v 2.235872 2.261328 0.165000
v 2.235872 2.261328 0.225000
v 2.096720 2.424850 0.120000
v 2.096720 2.424850 0.165000
v 2.126165 2.407851 0.120000
v 2.126165 2.407851 0.165000
v 2.126165 2.373851 0.120000
v 2.126165 2.373851 0.165000
v 2.096720 2.356851 0.120000
v 2.096720 2.356851 0.165000
v 2.067275 2.373851 0.120000
v 2.067275 2.373851 0.165000
v 2.067275 2.407851 0.120000
v 2.067275 2.407851 0.165000
v 2.096720 2.408850 0.165000
v 2.096720 2.408850 0.225000
v 2.109448 2.403579 0.165000
v 2.109448 2.403579 0.225000
v 2.114720 2.390851 0.165000
v 2.114720 2.390851 0.225000
v 2.109448 2.378123 0.165000
v 2.109448 2.378123 0.225000
v 2.096720 2.372851 0.165000
v 2.096720 2.372851 0.225000
v 2.083992 2.378123 0.165000
v 2.083992 2.378123 0.225000
v 2.078720 2.390851 0.165000
v 2.078720 2.390851 0.225000
v 2.083992 2.403579 0.165000
v 2.083992 2.403579 0.225000
v 1.935861 2.556864 0.120000
v 1.935861 2.556864 0.165000
v 1.965306 2.539864 0.120000
v 1.965306 2.539864 0.165000
v 1.965306 2.505864 0.120000
v 1.965306 2.505864 0.165000
v 1.935861 2.488864 0.120000
v 1.935861 2.488864 0.165000
v 1.906417 2.505864 0.120000
v 1.906417 2.505864 0.165000
v 1.906417 2.539864 0.120000
v 1.906417 2.539864 0.165000
v 1.935861 2.540864 0.165000
v 1.935861 2.540864 0.225000
v 1.948589 2.535592 0.165000
v 1.948589 2.535592 0.225000
v 1.953861 2.522864 0.165000
v 1.953861 2.522864 0.225000
v 1.948589 2.510136 0.165000
v 1.948589 2.510136 0.225000
v 1.935861 2.504864 0.165000
v 1.935861 2.504864 0.225000
v 1.923133 2.510136 0.165000
v 1.923133 2.510136 0.225000
v 1.917861 2.522864 0.165000
v 1.917861 2.522864 0.225000
v 1.923133 2.535592 0.165000
v 1.923133 2.535592 0.225000
v 1.766713 2.678073 0.120000
v 1.766713 2.678073 0.165000
v 1.796158 2.661073 0.120000
v 1.796158 2.661073 0.165000
v 1.796158 2.627074 0.120000
v 1.796158 2.627074 0.165000
v 1.766713 2.610074 0.120000
v 1.766713 2.610074 0.165000
v 1.737269 2.627074 0.120000
v 1.737269 2.627074 0.165000
v 1.737269 2.661073 0.120000
v 1.737269 2.661073 0.165000
v 1.766713 2.662073 0.165000
v 1.766713 2.662073 0.225000
v 1.779441 2.656801 0.165000
v 1.779441 2.656801 0.225000
v 1.784713 2.644073 0.165000
v 1.784713 2.644073 0.225000
v 1.779441 2.631346 0.165000
v 1.779441 2.631346 0.225000
v 1.766713 2.626074 0.165000
v 1.766713 2.626074 0.225000
v 1.753985 2.631346 0.165000
v 1.753985 2.631346 0.225000
v 1.748713 2.644073 0.165000
v 1.748713 2.644073 0.225000
v 1.753985 2.656801 0.165000
v 1.753985 2.656801 0.225000
v 1.590000 2.787961 0.120000
v 1.590000 2.787961 0.165000
v 1.619445 2.770961 0.120000
v 1.619445 2.770961 0.165000
v 1.619445 2.736961 0.120000
v 1.619445 2.736961 0.165000
v 1.590000 2.719961 0.120000
v 1.590000 2.719961 0.165000
v 1.560555 2.736961 0.120000
v 1.560555 2.736961 0.165000
v 1.560555 2.770961 0.120000
v 1.560555 2.770961 0.165000
v 1.590000 2.771961 0.165000
v 1.590000 2.771961 0.225000
v 1.602728 2.766689 0.165000
v 1.602728 2.766689 0.225000
v 1.608000 2.753961 0.165000
v 1.608000 2.753961 0.225000
v 1.602728 2.741233 0.165000
v 1.602728 2.741233 0.225000
v 1.590000 2.735961 0.165000
v 1.590000 2.735961 0.225000
v 1.577272 2.741233 0.165000
v 1.577272 2.741233 0.225000
v 1.572000 2.753961 0.165000
v 1.572000 2.753961 0.225000
v 1.577272 2.766689 0.165000
v 1.577272 2.766689 0.225000
v 1.406478 2.886055 0.120000
v 1.406478 2.886055 0.165000
v 1.435923 2.869055 0.120000
v 1.435923 2.869055 0.165000
v 1.435923 2.835055 0.120000
v 1.435923 2.835055 0.165000
v 1.406478 2.818055 0.120000
v 1.406478 2.818055 0.165000
v 1.377033 2.835055 0.120000
v 1.377033 2.835055 0.165000
v 1.377033 2.869055 0.120000
v 1.377033 2.869055 0.165000
v 1.406478 2.870055 0.165000
v 1.406478 2.870055 0.225000
v 1.419206 2.864783 0.165000
v 1.419206 2.864783 0.225000
v 1.424478 2.852055 0.165000
v 1.424478 2.852055 0.225000
v 1.419206 2.839327 0.165000
v 1.419206 2.839327 0.225000
v 1.406478 2.834055 0.165000
v 1.406478 2.834055 0.225000
v 1.393750 2.839327 0.165000
v 1.393750 2.839327 0.225000
v 1.388478 2.852055 0.165000
v 1.388478 2.852055 0.225000
v 1.393750 2.864783 0.165000
v 1.393750 2.864783 0.225000
v 1.216933 2.971937 0.120000
v 1.216933 2.971937 0.165000
v 1.246378 2.954937 0.120000
v 1.246378 2.954937 0.165000
v 1.246378 2.920937 0.120000
v 1.246378 2.920937 0.165000
v 1.216933 2.903937 0.120000
v 1.216933 2.903937 0.165000
v 1.187489 2.920937 0.120000
v 1.187489 2.920937 0.165000
v 1.187489 2.954937 0.120000
v 1.187489 2.954937 0.165000
v 1.216933 2.955937 0.165000
v 1.216933 2.955937 0.225000
v 1.229661 2.950665 0.165000
v 1.229661 2.950665 0.225000
v 1.234933 2.937937 0.165000
v 1.234933 2.937937 0.225000
v 1.229661 2.925209 0.165000
v 1.229661 2.925209 0.225000
v 1.216933 2.919937 0.165000
v 1.216933 2.919937 0.225000
v 1.204205 2.925209 0.165000
v 1.204205 2.925209 0.225000
v 1.198933 2.937937 0.165000
v 1.198933 2.937937 0.225000
v 1.204205 2.950665 0.165000
v 1.204205 2.950665 0.225000
v 1.022177 3.045238 0.120000
v 1.022177 3.045238 0.165000
v 1.051622 3.028238 0.120000
v 1.051622 3.028238 0.165000
v 1.051622 2.994238 0.120000
v 1.051622 2.994238 0.165000
v 1.022177 2.977238 0.120000
v 1.022177 2.977238 0.165000
v 0.992733 2.994238 0.120000
v 0.992733 2.994238 0.165000
v 0.992733 3.028238 0.120000
v 0.992733 3.028238 0.165000
v 1.022177 3.029238 0.165000
v 1.022177 3.029238 0.225000
v 1.034905 3.023966 0.165000
v 1.034905 3.023966 0.225000
v 1.040177 3.011238 0.165000
v 1.040177 3.011238 0.225000
v 1.034905 2.998510 0.165000
v 1.034905 2.998510 0.225000
v 1.022177 2.993238 0.165000
v 1.022177 2.993238 0.225000
v 1.009449 2.998510 0.165000
v 1.009449 2.998510 0.225000
v 1.004177 3.011238 0.165000
v 1.004177 3.011238 0.225000
v 1.009449 3.023966 0.165000
v 1.009449 3.023966 0.225000
v 0.823045 3.105644 0.120000
v 0.823045 3.105644 0.165000
v 0.852489 3.088644 0.120000
v 0.852489 3.088644 0.165000
v 0.852489 3.054644 0.120000
v 0.852489 3.054644 0.165000
v 0.823045 3.037644 0.120000
v 0.823045 3.037644 0.165000
v 0.793600 3.054644 0.120000
v 0.793600 3.054644 0.165000
v 0.793600 3.088644 0.120000
v 0.793600 3.088644 0.165000
v 0.823045 3.089644 0.165000
v 0.823045 3.089644 0.225000
v 0.835772 3.084372 0.165000
v 0.835772 3.084372 0.225000
v 0.841045 3.071644 0.165000
v 0.841045 3.071644 0.225000
v 0.835772 3.058916 0.165000
v 0.835772 3.058916 0.225000
v 0.823045 3.053644 0.165000
v 0.823045 3.053644 0.225000
v 0.810317 3.058916 0.165000
v 0.810317 3.058916 0.225000
v 0.805045 3.071644 0.165000
v 0.805045 3.071644 0.225000
v 0.810317 3.084372 0.165000
v 0.810317 3.084372 0.225000
v 0.620387 3.152897 0.120000
v 0.620387 3.152897 0.165000
v 0.649832 3.135897 0.120000
v 0.649832 3.135897 0.165000
v 0.649832 3.101897 0.120000
v 0.649832 3.101897 0.165000
v 0.620387 3.084897 0.120000
v 0.620387 3.084897 0.165000
v 0.590942 3.101897 0.120000
v 0.590942 3.101897 0.165000
v 0.590942 3.135897 0.120000
v 0.590942 3.135897 0.165000
v 0.620387 3.136897 0.165000
v 0.620387 3.136897 0.225000
v 0.633115 3.131625 0.165000
v 0.633115 3.131625 0.225000
v 0.638387 3.118897 0.165000
v 0.638387 3.118897 0.225000
v 0.633115 3.106169 0.165000
v 0.633115 3.106169 0.225000
v 0.620387 3.100897 0.165000
v 0.620387 3.100897 0.225000
v 0.607659 3.106169 0.165000
v 0.607659 3.106169 0.225000
v 0.602387 3.118897 0.165000
v 0.602387 3.118897 0.225000
v 0.607659 3.131625 0.165000
v 0.607659 3.131625 0.225000
v 0.415073 3.186795 0.120000
v 0.415073 3.186795 0.165000
v 0.444518 3.169795 0.120000
v 0.444518 3.169795 0.165000
v 0.444518 3.135795 0.120000
v 0.444518 3.135795 0.165000
v 0.415073 3.118795 0.120000
v 0.415073 3.118795 0.165000
v 0.385628 3.135795 0.120000
v 0.385628 3.135795 0.165000
v 0.385628 3.169795 0.120000
v 0.385628 3.169795 0.165000
v 0.415073 3.170794 0.165000
v 0.415073 3.170794 0.225000
v 0.427801 3.165523 0.165000
v 0.427801 3.165523 0.225000
v 0.433073 3.152795 0.165000
v 0.433073 3.152795 0.225000
v 0.427801 3.140067 0.165000
v 0.427801 3.140067 0.225000
v 0.415073 3.134795 0.165000
v 0.415073 3.134795 0.225000
v 0.402345 3.140067 0.165000
v 0.402345 3.140067 0.225000
v 0.397073 3.152795 0.165000
v 0.397073 3.152795 0.225000
v 0.402345 3.165523 0.165000
v 0.402345 3.165523 0.225000
v 0.207982 3.207191 0.120000
v 0.207982 3.207191 0.165000
v 0.237427 3.190191 0.120000
v 0.237427 3.190191 0.165000
v 0.237427 3.156191 0.120000
v 0.237427 3.156191 0.165000
v 0.207982 3.139191 0.120000
v 0.207982 3.139191 0.165000
v 0.178537 3.156191 0.120000
v 0.178537 3.156191 0.165000
v 0.178537 3.190191 0.120000
v 0.178537 3.190191 0.165000
v 0.207982 3.191191 0.165000
v 0.207982 3.191191 0.225000
v 0.220710 3.185919 0.165000
v 0.220710 3.185919 0.225000
v 0.225982 3.173191 0.165000
v 0.225982 3.173191 0.225000
v 0.220710 3.160463 0.165000
v 0.220710 3.160463 0.225000
v 0.207982 3.155191 0.165000
v 0.207982 3.155191 0.225000
v 0.195254 3.160463 0.165000
v 0.195254 3.160463 0.225000
v 0.189982 3.173191 0.165000
v 0.189982 3.173191 0.225000
v 0.195254 3.185919 0.165000
v 0.195254 3.185919 0.225000
v 0.000000 3.214000 0.120000
v 0.000000 3.214000 0.165000
v 0.029445 3.197000 0.120000
v 0.029445 3.197000 0.165000
v 0.029445 3.163000 0.120000
v 0.029445 3.163000 0.165000
v 0.000000 3.146000 0.120000
v 0.000000 3.146000 0.165000
v -0.029445 3.163000 0.120000
v -0.029445 3.163000 0.165000
v -0.029445 3.197000 0.120000
v -0.029445 3.197000 0.165000
v 0.000000 3.198000 0.165000
v 0.000000 3.198000 0.225000
v 0.012728 3.192728 0.165000
v 0.012728 3.192728 0.225000
v 0.018000 3.180000 0.165000
v 0.018000 3.180000 0.225000
v 0.012728 3.167272 0.165000
v 0.012728 3.167272 0.225000
v 0.000000 3.162000 0.165000
v 0.000000 3.162000 0.225000
v -0.012728 3.167272 0.165000
v -0.012728 3.167272 0.225000
v -0.018000 3.180000 0.165000
v -0.018000 3.180000 0.225000
v -0.012728 3.192728 0.165000
v -0.012728 3.192728 0.225000
v -0.207982 3.207191 0.120000
v -0.207982 3.207191 0.165000
v -0.178537 3.190191 0.120000
v -0.178537 3.190191 0.165000
v -0.178537 3.156191 0.120000
v -0.178537 3.156191 0.165000
v -0.207982 3.139191 0.120000
v -0.207982 3.139191 0.165000
v -0.237427 3.156191 0.120000
v -0.237427 3.156191 0.165000
v -0.237427 3.190191 0.120000
v -0.237427 3.190191 0.165000
v -0.207982 3.191191 0.165000
v -0.207982 3.191191 0.225000
v -0.195254 3.185919 0.165000
v -0.195254 3.185919 0.225000
v -0.189982 3.173191 0.165000
v -0.189982 3.173191 0.225000
v -0.195254 3.160463 0.165000
v -0.195254 3.160463 0.225000
v -0.207982 3.155191 0.165000
v -0.207982 3.155191 0.225000
v -0.220710 3.160463 0.165000
v -0.220710 3.160463 0.225000
v -0.225982 3.173191 0.165000
v -0.225982 3.173191 0.225000
v -0.220710 3.185919 0.165000
v -0.220710 3.185919 0.225000
v -0.415073 3.186795 0.120000
v -0.415073 3.186795 0.165000
v -0.385628 3.169795 0.120000
v -0.385628 3.169795 0.165000
v -0.385628 3.135795 0.120000
v -0.385628 3.135795 0.165000
v -0.415073 3.118795 0.120000
v -0.415073 3.118795 0.165000
v -0.444518 3.135795 0.120000
v -0.444518 3.135795 0.165000
v -0.444518 3.169795 0.120000
v -0.444518 3.169795 0.165000
v -0.415073 3.170794 0.165000
v -0.415073 3.170794 0.225000
v -0.402345 3.165523 0.165000
v -0.402345 3.165523 0.225000
v -0.397073 3.152795 0.165000
v -0.397073 3.152795 0.225000
v -0.402345 3.140067 0.165000
v -0.402345 3.140067 0.225000
v -0.415073 3.134795 0.165000
v -0.415073 3.134795 0.225000
v -0.427801 3.140067 0.165000
v -0.427801 3.140067 0.225000
v -0.433073 3.152795 0.165000
v -0.433073 3.152795 0.225000
v -0.427801 3.165523 0.165000
v -0.427801 3.165523 0.225000
v -0.620387 3.152897 0.120000
v -0.620387 3.152897 0.165000
v -0.590942 3.135897 0.120000
v -0.590942 3.135897 0.165000
v -0.590942 3.101897 0.120000
v -0.590942 3.101897 0.165000
v -0.620387 3.084897 0.120000
v -0.620387 3.084897 0.165000
v -0.649832 3.101897 0.120000
v -0.649832 3.101897 0.165000
v -0.649832 3.135897 0.120000
v -0.649832 3.135897 0.165000
v -0.620387 3.136897 0.165000
v -0.620387 3.136897 0.225000
v -0.607659 3.131625 0.165000
v -0.607659 3.131625 0.225000
v -0.602387 3.118897 0.165000
v -0.602387 3.118897 0.225000
v -0.607659 3.106169 0.165000
v -0.607659 3.106169 0.225000
v -0.620387 3.100897 0.165000
v -0.620387 3.100897 0.225000
v -0.633115 3.106169 0.165000
v -0.633115 3.106169 0.225000
v -0.638387 3.118897 0.165000
v -0.638387 3.118897 0.225000
v -0.633115 3.131625 0.165000
v -0.633115 3.131625 0.225000
v -0.823045 3.105644 0.120000
v -0.823045 3.105644 0.165000
v -0.793600 3.088644 0.120000
v -0.793600 3.088644 0.165000
v -0.793600 3.054644 0.120000
v -0.793600 3.054644 0.165000
v -0.823045 3.037644 0.120000
v -0.823045 3.037644 0.165000
v -0.852489 3.054644 0.120000
v -0.852489 3.054644 0.165000
v -0.852489 3.088644 0.120000
v -0.852489 3.088644 0.165000
v -0.823045 3.089644 0.165000
v -0.823045 3.089644 0.225000
v -0.810317 3.084372 0.165000
v -0.810317 3.084372 0.225000
v -0.805045 3.071644 0.165000
v -0.805045 3.071644 0.225000
v -0.810317 3.058916 0.165000
v -0.810317 3.058916 0.225000
v -0.823045 3.053644 0.165000
v -0.823045 3.053644 0.225000
v -0.835772 3.058916 0.165000
v -0.835772 3.058916 0.225000
v -0.841045 3.071644 0.165000
v -0.841045 3.071644 0.225000
v -0.835772 3.084372 0.165000
v -0.835772 3.084372 0.225000
v -1.022177 3.045238 0.120000
v -1.022177 3.045238 0.165000
v -0.992733 3.028238 0.120000
v -0.992733 3.028238 0.165000
v -0.992733 2.994238 0.120000
v -0.992733 2.994238 0.165000
v -1.022177 2.977238 0.120000
v -1.022177 2.977238 0.165000
v -1.051622 2.994238 0.120000
v -1.051622 2.994238 0.165000
v -1.051622 3.028238 0.120000
v -1.051622 3.028238 0.165000
v -1.022177 3.029238 0.165000
v -1.022177 3.029238 0.225000
v -1.009449 3.023966 0.165000
v -1.009449 3.023966 0.225000
v -1.004177 3.011238 0.165000
v -1.004177 3.011238 0.225000
v -1.009449 2.998510 0.165000
v -1.009449 2.998510 0.225000
v -1.022177 2.993238 0.165000
v -1.022177 2.993238 0.225000
v -1.034905 2.998510 0.165000
v -1.034905 2.998510 0.225000
v -1.040177 3.011238 0.165000
v -1.040177 3.011238 0.225000
v -1.034905 3.023966 0.165000
v -1.034905 3.023966 0.225000
v -1.216933 2.971937 0.120000
v -1.216933 2.971937 0.165000
v -1.187489 2.954937 0.120000
v -1.187489 2.954937 0.165000
v -1.187489 2.920937 0.120000
v -1.187489 2.920937 0.165000
v -1.216933 2.903937 0.120000
v -1.216933 2.903937 0.165000
v -1.246378 2.920937 0.120000
v -1.246378 2.920937 0.165000
v -1.246378 2.954937 0.120000
v -1.246378 2.954937 0.165000
v -1.216933 2.955937 0.165000
v -1.216933 2.955937 0.225000
v -1.204205 2.950665 0.165000
v -1.204205 2.950665 0.225000
v -1.198933 2.937937 0.165000
v -1.198933 2.937937 0.225000
v -1.204205 2.925209 0.165000
v -1.204205 2.925209 0.225000
v -1.216933 2.919937 0.165000
v -1.216933 2.919937 0.225000
v -1.229661 2.925209 0.165000
v -1.229661 2.925209 0.225000
v -1.234933 2.937937 0.165000
v -1.234933 2.937937 0.225000
v -1.229661 2.950665 0.165000
v -1.229661 2.950665 0.225000
v -1.406478 2.886055 0.120000
v -1.406478 2.886055 0.165000
v -1.377033 2.869055 0.120000
v -1.377033 2.869055 0.165000
v -1.377033 2.835055 0.120000
v -1.377033 2.835055 0.165000
v -1.406478 2.818055 0.120000
v -1.406478 2.818055 0.165000
v -1.435923 2.835055 0.120000
v -1.435923 2.835055 0.165000
v -1.435923 2.869055 0.120000
v -1.435923 2.869055 0.165000
v -1.406478 2.870055 0.165000
v -1.406478 2.870055 0.225000
v -1.393750 2.864783 0.165000
v -1.393750 2.864783 0.225000
v -1.388478 2.852055 0.165000
v -1.388478 2.852055 0.225000
v -1.393750 2.839327 0.165000
v -1.393750 2.839327 0.225000
v -1.406478 2.834055 0.165000
v -1.406478 2.834055 0.225000
v -1.419206 2.839327 0.165000
v -1.419206 2.839327 0.225000
v -1.424478 2.852055 0.165000
v -1.424478 2.852055 0.225000
v -1.419206 2.864783 0.165000
v -1.419206 2.864783 0.225000
v -1.590000 2.787961 0.120000
v -1.590000 2.787961 0.165000
v -1.560555 2.770961 0.120000
v -1.560555 2.770961 0.165000
v -1.560555 2.736961 0.120000
v -1.560555 2.736961 0.165000
v -1.590000 2.719961 0.120000
v -1.590000 2.719961 0.165000
v -1.619445 2.736961 0.120000
v -1.619445 2.736961 0.165000
v -1.619445 2.770961 0.120000
v -1.619445 2.770961 0.165000
v -1.590000 2.771961 0.165000
v -1.590000 2.771961 0.225000
v -1.577272 2.766689 0.165000
v -1.577272 2.766689 0.225000
v -1.572000 2.753961 0.165000
v -1.572000 2.753961 0.225000
v -1.577272 2.741233 0.165000
v -1.577272 2.741233 0.225000
v -1.590000 2.735961 0.165000
v -1.590000 2.735961 0.225000
v -1.602728 2.741233 0.165000
v -1.602728 2.741233 0.225000
v -1.608000 2.753961 0.165000
v -1.608000 2.753961 0.225000
v -1.602728 2.766689 0.165000
v -1.602728 2.766689 0.225000
v -1.766713 2.678073 0.120000
v -1.766713 2.678073 0.165000
v -1.737269 2.661073 0.120000
v -1.737269 2.661073 0.165000
v -1.737269 2.627074 0.120000
v -1.737269 2.627074 0.165000
v -1.766713 2.610074 0.120000
v -1.766713 2.610074 0.165000
v -1.796158 2.627074 0.120000
v -1.796158 2.627074 0.165000
v -1.796158 2.661073 0.120000
v -1.796158 2.661073 0.165000
v -1.766713 2.662073 0.165000
v -1.766713 2.662073 0.225000
v -1.753985 2.656801 0.165000
v -1.753985 2.656801 0.225000
v -1.748713 2.644073 0.165000
v -1.748713 2.644073 0.225000
v -1.753985 2.631346 0.165000
v -1.753985 2.631346 0.225000
v -1.766713 2.626074 0.165000
v -1.766713 2.626074 0.225000
v -1.779441 2.631346 0.165000
v -1.779441 2.631346 0.225000
v -1.784713 2.644073 0.165000
v -1.784713 2.644073 0.225000
v -1.779441 2.656801 0.165000
v -1.779441 2.656801 0.225000
v -1.935861 2.556864 0.120000
v -1.935861 2.556864 0.165000
v -1.906417 2.539864 0.120000
v -1.906417 2.539864 0.165000
v -1.906417 2.505864 0.120000
v -1.906417 2.505864 0.165000
v -1.935861 2.488864 0.120000
v -1.935861 2.488864 0.165000
v -1.965306 2.505864 0.120000
v -1.965306 2.505864 0.165000
v -1.965306 2.539864 0.120000
v -1.965306 2.539864 0.165000
v -1.935861 2.540864 0.165000
v -1.935861 2.540864 0.225000
v -1.923133 2.535592 0.165000
v -1.923133 2.535592 0.225000
v -1.917861 2.522864 0.165000
v -1.917861 2.522864 0.225000
v -1.923133 2.510136 0.165000
v -1.923133 2.510136 0.225000
v -1.935861 2.504864 0.165000
v -1.935861 2.504864 0.225000
v -1.948589 2.510136 0.165000
v -1.948589 2.510136 0.225000
v -1.953861 2.522864 0.165000
v -1.953861 2.522864 0.225000
v -1.948589 2.535592 0.165000
v -1.948589 2.535592 0.225000
v -2.096720 2.424850 0.120000
v -2.096720 2.424850 0.165000
v -2.067275 2.407851 0.120000
v -2.067275 2.407851 0.165000
v -2.067275 2.373851 0.120000
v -2.067275 2.373851 0.165000
v -2.096720 2.356851 0.120000
v -2.096720 2.356851 0.165000
v -2.126165 2.373851 0.120000
v -2.126165 2.373851 0.165000
v -2.126165 2.407851 0.120000
v -2.126165 2.407851 0.165000
v -2.096720 2.408850 0.165000
v -2.096720 2.408850 0.225000
v -2.083992 2.403579 0.165000
v -2.083992 2.403579 0.225000
v -2.078720 2.390851 0.165000
v -2.078720 2.390851 0.225000
v -2.083992 2.378123 0.165000
v -2.083992 2.378123 0.225000
v -2.096720 2.372851 0.165000
v -2.096720 2.372851 0.225000
v -2.109448 2.378123 0.165000
v -2.109448 2.378123 0.225000
v -2.114720 2.390851 0.165000
v -2.114720 2.390851 0.225000
v -2.109448 2.403579 0.165000
v -2.109448 2.403579 0.225000
v -2.248600 2.282599 0.120000
v -2.248600 2.282599 0.165000
v -2.219155 2.265599 0.120000
v -2.219155 2.265599 0.165000
v -2.219155 2.231600 0.120000
v -2.219155 2.231600 0.165000
v -2.248600 2.214600 0.120000
v -2.248600 2.214600 0.165000
v -2.278044 2.231600 0.120000
v -2.278044 2.231600 0.165000
v -2.278044 2.265599 0.120000
v -2.278044 2.265599 0.165000
v -2.248600 2.266599 0.165000
v -2.248600 2.266599 0.225000
v -2.235872 2.261328 0.165000
v -2.235872 2.261328 0.225000
v -2.230600 2.248600 0.165000
v -2.230600 2.248600 0.225000
v -2.235872 2.235872 0.165000
v -2.235872 2.235872 0.225000
v -2.248600 2.230600 0.165000
v -2.248600 2.230600 0.225000
v -2.261328 2.235872 0.165000
v -2.261328 2.235872 0.225000
v -2.266599 2.248600 0.165000
v -2.266599 2.248600 0.225000
v -2.261328 2.261328 0.165000
v -2.261328 2.261328 0.225000
v -2.390851 2.130720 0.120000
v -2.390851 2.130720 0.165000
v -2.361406 2.113720 0.120000
v -2.361406 2.113720 0.165000
v -2.361406 2.079720 0.120000
v -2.361406 2.079720 0.165000
v -2.390851 2.062720 0.120000
v -2.390851 2.062720 0.165000
v -2.420295 2.079720 0.120000
v -2.420295 2.079720 0.165000
v -2.420295 2.113720 0.120000
v -2.420295 2.113720 0.165000
v -2.390851 2.114720 0.165000
v -2.390851 2.114720 0.225000
v -2.378123 2.109448 0.165000
v -2.378123 2.109448 0.225000
v -2.372851 2.096720 0.165000
v -2.372851 2.096720 0.225000
v -2.378123 2.083992 0.165000
v -2.378123 2.083992 0.225000
v -2.390851 2.078720 0.165000
v -2.390851 2.078720 0.225000
v -2.403579 2.083992 0.165000
v -2.403579 2.083992 0.225000
v -2.408850 2.096720 0.165000
v -2.408850 2.096720 0.225000
v -2.403579 2.109448 0.165000
v -2.403579 2.109448 0.225000
v -2.522864 1.969861 0.120000
v -2.522864 1.969861 0.165000
v -2.493419 1.952861 0.120000
v -2.493419 1.952861 0.165000
v -2.493419 1.918861 0.120000
v -2.493419 1.918861 0.165000
v -2.522864 1.901861 0.120000
v -2.522864 1.901861 0.165000
v -2.552309 1.918861 0.120000
v -2.552309 1.918861 0.165000
v -2.552309 1.952861 0.120000
v -2.552309 1.952861 0.165000
v -2.522864 1.953861 0.165000
v -2.522864 1.953861 0.225000
v -2.510136 1.948589 0.165000
v -2.510136 1.948589 0.225000
v -2.504864 1.935861 0.165000
v -2.504864 1.935861 0.225000
v -2.510136 1.923133 0.165000
v -2.510136 1.923133 0.225000
v -2.522864 1.917861 0.165000
v -2.522864 1.917861 0.225000
v -2.535592 1.923133 0.165000
v -2.535592 1.923133 0.225000
v -2.540864 1.935861 0.165000
v -2.540864 1.935861 0.225000
v -2.535592 1.948589 0.165000
v -2.535592 1.948589 0.225000
v -2.644073 1.800713 0.120000
v -2.644073 1.800713 0.165000
v -2.614629 1.783713 0.120000
v -2.614629 1.783713 0.165000
v -2.614629 1.749713 0.120000
v -2.614629 1.749713 0.165000
v -2.644073 1.732713 0.120000
v -2.644073 1.732713 0.165000
v -2.673518 1.749713 0.120000
v -2.673518 1.749713 0.165000
v -2.673518 1.783713 0.120000
v -2.673518 1.783713 0.165000
v -2.644073 1.784713 0.165000
v -2.644073 1.784713 0.225000
v -2.631346 1.779441 0.165000
v -2.631346 1.779441 0.225000
v -2.626074 1.766713 0.165000
v -2.626074 1.766713 0.225000
v -2.631346 1.753985 0.165000
v -2.631346 1.753985 0.225000
v -2.644073 1.748713 0.165000
v -2.644073 1.748713 0.225000
v -2.656801 1.753985 0.165000
v -2.656801 1.753985 0.225000
v -2.662073 1.766713 0.165000
v -2.662073 1.766713 0.225000
v -2.656801 1.779441 0.165000
v -2.656801 1.779441 0.225000
v -2.753961 1.624000 0.120000
v -2.753961 1.624000 0.165000
v -2.724516 1.607000 0.120000
v -2.724516 1.607000 0.165000
v -2.724516 1.573000 0.120000
v -2.724516 1.573000 0.165000
v -2.753961 1.556000 0.120000
v -2.753961 1.556000 0.165000
v -2.783406 1.573000 0.120000
v -2.783406 1.573000 0.165000
v -2.783406 1.607000 0.120000
v -2.783406 1.607000 0.165000
v -2.753961 1.608000 0.165000
v -2.753961 1.608000 0.225000
v -2.741233 1.602728 0.165000
v -2.741233 1.602728 0.225000
v -2.735961 1.590000 0.165000
v -2.735961 1.590000 0.225000
v -2.741233 1.577272 0.165000
v -2.741233 1.577272 0.225000
v -2.753961 1.572000 0.165000
v -2.753961 1.572000 0.225000
v -2.766689 1.577272 0.165000
v -2.766689 1.577272 0.225000
v -2.771961 1.590000 0.165000
v -2.771961 1.590000 0.225000
v -2.766689 1.602728 0.165000
v -2.766689 1.602728 0.225000
v -2.852055 1.440478 0.120000
v -2.852055 1.440478 0.165000
v -2.822610 1.423478 0.120000
v -2.822610 1.423478 0.165000
v -2.822610 1.389478 0.120000
v -2.822610 1.389478 0.165000
v -2.852055 1.372478 0.120000
v -2.852055 1.372478 0.165000
v -2.881500 1.389478 0.120000
v -2.881500 1.389478 0.165000
v -2.881500 1.423478 0.120000
v -2.881500 1.423478 0.165000
v -2.852055 1.424478 0.165000
v -2.852055 1.424478 0.225000
v -2.839327 1.419206 0.165000
v -2.839327 1.419206 0.225000
v -2.834055 1.406478 0.165000
v -2.834055 1.406478 0.225000
v -2.839327 1.393750 0.165000
v -2.839327 1.393750 0.225000
v -2.852055 1.388478 0.165000
v -2.852055 1.388478 0.225000
v -2.864783 1.393750 0.165000
v -2.864783 1.393750 0.225000
v -2.870055 1.406478 0.165000
v -2.870055 1.406478 0.225000
v -2.864783 1.419206 0.165000
v -2.864783 1.419206 0.225000
v -2.937937 1.250933 0.120000
v -2.937937 1.250933 0.165000
v -2.908492 1.233933 0.120000
v -2.908492 1.233933 0.165000
v -2.908492 1.199933 0.120000
v -2.908492 1.199933 0.165000
v -2.937937 1.182933 0.120000
v -2.937937 1.182933 0.165000
v -2.967382 1.199933 0.120000
v -2.967382 1.199933 0.165000
v -2.967382 1.233933 0.120000
v -2.967382 1.233933 0.165000
v -2.937937 1.234933 0.165000
v -2.937937 1.234933 0.225000
v -2.925209 1.229661 0.165000
v -2.925209 1.229661 0.225000
v -2.919937 1.216933 0.165000
v -2.919937 1.216933 0.225000
v -2.925209 1.204205 0.165000
v -2.925209 1.204205 0.225000
v -2.937937 1.198933 0.165000
v -2.937937 1.198933 0.225000
v -2.950665 1.204205 0.165000
v -2.950665 1.204205 0.225000
v -2.955937 1.216933 0.165000
v -2.955937 1.216933 0.225000
v -2.950665 1.229661 0.165000
v -2.950665 1.229661 0.225000
v -3.011238 1.056177 0.120000
v -3.011238 1.056177 0.165000
v -2.981793 1.039177 0.120000
v -2.981793 1.039177 0.165000
v -2.981793 1.005177 0.120000
v -2.981793 1.005177 0.165000
v -3.011238 0.988177 0.120000
v -3.011238 0.988177 0.165000
v -3.040683 1.005177 0.120000
v -3.040683 1.005177 0.165000
v -3.040683 1.039177 0.120000
v -3.040683 1.039177 0.165000
v -3.011238 1.040177 0.165000
v -3.011238 1.040177 0.225000
v -2.998510 1.034905 0.165000
v -2.998510 1.034905 0.225000
v -2.993238 1.022177 0.165000
v -2.993238 1.022177 0.225000
v -2.998510 1.009449 0.165000
v -2.998510 1.009449 0.225000
v -3.011238 1.004177 0.165000
v -3.011238 1.004177 0.225000
v -3.023966 1.009449 0.165000
v -3.023966 1.009449 0.225000
v -3.029238 1.022177 0.165000
v -3.029238 1.022177 0.225000
v -3.023966 1.034905 0.165000
v -3.023966 1.034905 0.225000
v -3.071644 0.857045 0.120000
v -3.071644 0.857045 0.165000
v -3.042199 0.840045 0.120000
v -3.042199 0.840045 0.165000
v -3.042199 0.806045 0.120000
v -3.042199 0.806045 0.165000
v -3.071644 0.789045 0.120000
v -3.071644 0.789045 0.165000
v -3.101089 0.806045 0.120000
v -3.101089 0.806045 0.165000
v -3.101089 0.840045 0.120000
v -3.101089 0.840045 0.165000
v -3.071644 0.841045 0.165000
v -3.071644 0.841045 0.225000
v -3.058916 0.835772 0.165000
v -3.058916 0.835772 0.225000
v -3.053644 0.823045 0.165000
v -3.053644 0.823045 0.225000
v -3.058916 0.810317 0.165000
v -3.058916 0.810317 0.225000
v -3.071644 0.805045 0.165000
v -3.071644 0.805045 0.225000
v -3.084372 0.810317 0.165000
v -3.084372 0.810317 0.225000
v -3.089644 0.823045 0.165000
v -3.089644 0.823045 0.225000
v -3.084372 0.835772 0.165000
v -3.084372 0.835772 0.225000
v -3.118897 0.654387 0.120000
v -3.118897 0.654387 0.165000
v -3.089452 0.637387 0.120000
v -3.089452 0.637387 0.165000
v -3.089452 0.603387 0.120000
v -3.089452 0.603387 0.165000
v -3.118897 0.586387 0.120000
v -3.118897 0.586387 0.165000
v -3.148342 0.603387 0.120000
v -3.148342 0.603387 0.165000
v -3.148342 0.637387 0.120000
v -3.148342 0.637387 0.165000
v -3.118897 0.638387 0.165000
v -3.118897 0.638387 0.225000
v -3.106169 0.633115 0.165000
v -3.106169 0.633115 0.225000
v -3.100897 0.620387 0.165000
v -3.100897 0.620387 0.225000
v -3.106169 0.607659 0.165000
v -3.106169 0.607659 0.225000
v -3.118897 0.602387 0.165000
v -3.118897 0.602387 0.225000
v -3.131625 0.607659 0.165000
v -3.131625 0.607659 0.225000
v -3.136897 0.620387 0.165000
v -3.136897 0.620387 0.225000
v -3.131625 0.633115 0.165000
v -3.131625 0.633115 0.225000
v -3.152795 0.449073 0.120000
v -3.152795 0.449073 0.165000
v -3.123350 0.432073 0.120000
v -3.123350 0.432073 0.165000
v -3.123350 0.398073 0.120000
v -3.123350 0.398073 0.165000
v -3.152795 0.381073 0.120000
v -3.152795 0.381073 0.165000
v -3.182240 0.398073 0.120000
v -3.182240 0.398073 0.165000
v -3.182240 0.432073 0.120000
v -3.182240 0.432073 0.165000
v -3.152795 0.433073 0.165000
v -3.152795 0.433073 0.225000
v -3.140067 0.427801 0.165000
v -3.140067 0.427801 0.225000
v -3.134795 0.415073 0.165000
v -3.134795 0.415073 0.225000
v -3.140067 0.402345 0.165000
v -3.140067 0.402345 0.225000
v -3.152795 0.397073 0.165000
v -3.152795 0.397073 0.225000
v -3.165523 0.402345 0.165000
v -3.165523 0.402345 0.225000
v -3.170794 0.415073 0.165000
v -3.170794 0.415073 0.225000
v -3.165523 0.427801 0.165000
v -3.165523 0.427801 0.225000
v -3.173191 0.241982 0.120000
v -3.173191 0.241982 0.165000
v -3.143746 0.224982 0.120000
v -3.143746 0.224982 0.165000
v -3.143746 0.190982 0.120000
v -3.143746 0.190982 0.165000
v -3.173191 0.173982 0.120000
v -3.173191 0.173982 0.165000
v -3.202636 0.190982 0.120000
v -3.202636 0.190982 0.165000
v -3.202636 0.224982 0.120000
v -3.202636 0.224982 0.165000
v -3.173191 0.225982 0.165000
v -3.173191 0.225982 0.225000
v -3.160463 0.220710 0.165000
v -3.160463 0.220710 0.225000
v -3.155191 0.207982 0.165000
v -3.155191 0.207982 0.225000
v -3.160463 0.195254 0.165000
v -3.160463 0.195254 0.225000
v -3.173191 0.189982 0.165000
v -3.173191 0.189982 0.225000
v -3.185919 0.195254 0.165000
v -3.185919 0.195254 0.225000
v -3.191191 0.207982 0.165000
v -3.191191 0.207982 0.225000
v -3.185919 0.220710 0.165000
v -3.185919 0.220710 0.225000
v -3.180000 0.034000 0.120000
v -3.180000 0.034000 0.165000
v -3.150555 0.017000 0.120000
v -3.150555 0.017000 0.165000
v -3.150555 -0.017000 0.120000
v -3.150555 -0.017000 0.165000
v -3.180000 -0.034000 0.120000
v -3.180000 -0.034000 0.165000
v -3.209445 -0.017000 0.120000
v -3.209445 -0.017000 0.165000
v -3.209445 0.017000 0.120000
v -3.209445 0.017000 0.165000
v -3.180000 0.018000 0.165000
v -3.180000 0.018000 0.225000
v -3.167272 0.012728 0.165000
v -3.167272 0.012728 0.225000
v -3.162000 0.000000 0.165000
v -3.162000 0.000000 0.225000
v -3.167272 -0.012728 0.165000
v -3.167272 -0.012728 0.225000
v -3.180000 -0.018000 0.165000
v -3.180000 -0.018000 0.225000
v -3.192728 -0.012728 0.165000
v -3.192728 -0.012728 0.225000
v -3.198000 0.000000 0.165000
v -3.198000 0.000000 0.225000
v -3.192728 0.012728 0.165000
v -3.192728 0.012728 0.225000
v -3.173191 -0.173982 0.120000
v -3.173191 -0.173982 0.165000
v -3.143746 -0.190982 0.120000
v -3.143746 -0.190982 0.165000
v -3.143746 -0.224982 0.120000
v -3.143746 -0.224982 0.165000
v -3.173191 -0.241982 0.120000
v -3.173191 -0.241982 0.165000
v -3.202636 -0.224982 0.120000
v -3.202636 -0.224982 0.165000
v -3.202636 -0.190982 0.120000
v -3.202636 -0.190982 0.165000
v -3.173191 -0.189982 0.165000
v -3.173191 -0.189982 0.225000
v -3.160463 -0.195254 0.165000
v -3.160463 -0.195254 0.225000
v -3.155191 -0.207982 0.165000
v -3.155191 -0.207982 0.225000
v -3.160463 -0.220710 0.165000
v -3.160463 -0.220710 0.225000
v -3.173191 -0.225982 0.165000
v -3.173191 -0.225982 0.225000
v -3.185919 -0.220710 0.165000
v -3.185919 -0.220710 0.225000
v -3.191191 -0.207982 0.165000
v -3.191191 -0.207982 0.225000
v -3.185919 -0.195254 0.165000
v -3.185919 -0.195254 0.225000
v -3.152795 -0.381073 0.120000
v -3.152795 -0.381073 0.165000
v -3.123350 -0.398073 0.120000
v -3.123350 -0.398073 0.165000
v -3.123350 -0.432073 0.120000
v -3.123350 -0.432073 0.165000
v -3.152795 -0.449073 0.120000
v -3.152795 -0.449073 0.165000
v -3.182240 -0.432073 0.120000
v -3.182240 -0.432073 0.165000
v -3.182240 -0.398073 0.120000
v -3.182240 -0.398073 0.165000
v -3.152795 -0.397073 0.165000
v -3.152795 -0.397073 0.225000
v -3.140067 -0.402345 0.165000
v -3.140067 -0.402345 0.225000
v -3.134795 -0.415073 0.165000
v -3.134795 -0.415073 0.225000
v -3.140067 -0.427801 0.165000
v -3.140067 -0.427801 0.225000
v -3.152795 -0.433073 0.165000
v -3.152795 -0.433073 0.225000
v -3.165523 -0.427801 0.165000
v -3.165523 -0.427801 0.225000
v -3.170794 -0.415073 0.165000
v -3.170794 -0.415073 0.225000
v -3.165523 -0.402345 0.165000
v -3.165523 -0.402345 0.225000
v -3.118897 -0.586387 0.120000
v -3.118897 -0.586387 0.165000
v -3.089452 -0.603387 0.120000
v -3.089452 -0.603387 0.165000
v -3.089452 -0.637387 0.120000
v -3.089452 -0.637387 0.165000
v -3.118897 -0.654387 0.120000
v -3.118897 -0.654387 0.165000
v -3.148342 -0.637387 0.120000
v -3.148342 -0.637387 0.165000
v -3.148342 -0.603387 0.120000
v -3.148342 -0.603387 0.165000
v -3.118897 -0.602387 0.165000
v -3.118897 -0.602387 0.225000
v -3.106169 -0.607659 0.165000
v -3.106169 -0.607659 0.225000
v -3.100897 -0.620387 0.165000
v -3.100897 -0.620387 0.225000
v -3.106169 -0.633115 0.165000
v -3.106169 -0.633115 0.225000
v -3.118897 -0.638387 0.165000
v -3.118897 -0.638387 0.225000
v -3.131625 -0.633115 0.165000
v -3.131625 -0.633115 0.225000
v -3.136897 -0.620387 0.165000
v -3.136897 -0.620387 0.225000
v -3.131625 -0.607659 0.165000
v -3.131625 -0.607659 0.225000
v -3.071644 -0.789045 0.120000
v -3.071644 -0.789045 0.165000
v -3.042199 -0.806045 0.120000
v -3.042199 -0.806045 0.165000
v -3.042199 -0.840045 0.120000
v -3.042199 -0.840045 0.165000
v -3.071644 -0.857045 0.120000
v -3.071644 -0.857045 0.165000
v -3.101089 -0.840045 0.120000
v -3.101089 -0.840045 0.165000
v -3.101089 -0.806045 0.120000
v -3.101089 -0.806045 0.165000
v -3.071644 -0.805045 0.165000
v -3.071644 -0.805045 0.225000
v -3.058916 -0.810317 0.165000
v -3.058916 -0.810317 0.225000
v -3.053644 -0.823045 0.165000
v -3.053644 -0.823045 0.225000
v -3.058916 -0.835772 0.165000
v -3.058916 -0.835772 0.225000
v -3.071644 -0.841045 0.165000
v -3.071644 -0.841045 0.225000
v -3.084372 -0.835772 0.165000
v -3.084372 -0.835772 0.225000
v -3.089644 -0.823045 0.165000
v -3.089644 -0.823045 0.225000
v -3.084372 -0.810317 0.165000
v -3.084372 -0.810317 0.225000
v -3.011238 -0.988177 0.120000
v -3.011238 -0.988177 0.165000
v -2.981793 -1.005177 0.120000
v -2.981793 -1.005177 0.165000
v -2.981793 -1.039177 0.120000
v -2.981793 -1.039177 0.165000
v -3.011238 -1.056177 0.120000
v -3.011238 -1.056177 0.165000
v -3.040683 -1.039177 0.120000
v -3.040683 -1.039177 0.165000
v -3.040683 -1.005177 0.120000
v -3.040683 -1.005177 0.165000
v -3.011238 -1.004177 0.165000
v -3.011238 -1.004177 0.225000
v -2.998510 -1.009449 0.165000
v -2.998510 -1.009449 0.225000
v -2.993238 -1.022177 0.165000
v -2.993238 -1.022177 0.225000
v -2.998510 -1.034905 0.165000
v -2.998510 -1.034905 0.225000
v -3.011238 -1.040177 0.165000
v -3.011238 -1.040177 0.225000
v -3.023966 -1.034905 0.165000
v -3.023966 -1.034905 0.225000
v -3.029238 -1.022177 0.165000
v -3.029238 -1.022177 0.225000
v -3.023966 -1.009449 0.165000
v -3.023966 -1.009449 0.225000
v -2.937937 -1.182933 0.120000
v -2.937937 -1.182933 0.165000
v -2.908492 -1.199933 0.120000
v -2.908492 -1.199933 0.165000
v -2.908492 -1.233933 0.120000
v -2.908492 -1.233933 0.165000
v -2.937937 -1.250933 0.120000
v -2.937937 -1.250933 0.165000
v -2.967382 -1.233933 0.120000
v -2.967382 -1.233933 0.165000
v -2.967382 -1.199933 0.120000
v -2.967382 -1.199933 0.165000
v -2.937937 -1.198933 0.165000
v -2.937937 -1.198933 0.225000
v -2.925209 -1.204205 0.165000
v -2.925209 -1.204205 0.225000
v -2.919937 -1.216933 0.165000
v -2.919937 -1.216933 0.225000
v -2.925209 -1.229661 0.165000
v -2.925209 -1.229661 0.225000
v -2.937937 -1.234933 0.165000
v -2.937937 -1.234933 0.225000
v -2.950665 -1.229661 0.165000
v -2.950665 -1.229661 0.225000
v -2.955937 -1.216933 0.165000
v -2.955937 -1.216933 0.225000
v -2.950665 -1.204205 0.165000
v -2.950665 -1.204205 0.225000
v -2.852055 -1.372478 0.120000
v -2.852055 -1.372478 0.165000
v -2.822610 -1.389478 0.120000
v -2.822610 -1.389478 0.165000
v -2.822610 -1.423478 0.120000
v -2.822610 -1.423478 0.165000
v -2.852055 -1.440478 0.120000
v -2.852055 -1.440478 0.165000
v -2.881500 -1.423478 0.120000
v -2.881500 -1.423478 0.165000
v -2.881500 -1.389478 0.120000
v -2.881500 -1.389478 0.165000
v -2.852055 -1.388478 0.165000
v -2.852055 -1.388478 0.225000
v -2.839327 -1.393750 0.165000
v -2.839327 -1.393750 0.225000
v -2.834055 -1.406478 0.165000
v -2.834055 -1.406478 0.225000
v -2.839327 -1.419206 0.165000
v -2.839327 -1.419206 0.225000
v -2.852055 -1.424478 0.165000
v -2.852055 -1.424478 0.225000
v -2.864783 -1.419206 0.165000
v -2.864783 -1.419206 0.225000
v -2.870055 -1.406478 0.165000
v -2.870055 -1.406478 0.225000
v -2.864783 -1.393750 0.165000
v -2.864783 -1.393750 0.225000
v -2.753961 -1.556000 0.120000
v -2.753961 -1.556000 0.165000
v -2.724516 -1.573000 0.120000
v -2.724516 -1.573000 0.165000
v -2.724516 -1.607000 0.120000
v -2.724516 -1.607000 0.165000
v -2.753961 -1.624000 0.120000
v -2.753961 -1.624000 0.165000
v -2.783406 -1.607000 0.120000
v -2.783406 -1.607000 0.165000
v -2.783406 -1.573000 0.120000
v -2.783406 -1.573000 0.165000
v -2.753961 -1.572000 0.165000
v -2.753961 -1.572000 0.225000
v -2.741233 -1.577272 0.165000
v -2.741233 -1.577272 0.225000
v -2.735961 -1.590000 0.165000
v -2.735961 -1.590000 0.225000
v -2.741233 -1.602728 0.165000
v -2.741233 -1.602728 0.225000
v -2.753961 -1.608000 0.165000
v -2.753961 -1.608000 0.225000
v -2.766689 -1.602728 0.165000
v -2.766689 -1.602728 0.225000
v -2.771961 -1.590000 0.165000
v -2.771961 -1.590000 0.225000
v -2.766689 -1.577272 0.165000
v -2.766689 -1.577272 0.225000
v -2.644073 -1.732713 0.120000
v -2.644073 -1.732713 0.165000
v -2.614629 -1.749713 0.120000
v -2.614629 -1.749713 0.165000
v -2.614629 -1.783713 0.120000
v -2.614629 -1.783713 0.165000
v -2.644073 -1.800713 0.120000
v -2.644073 -1.800713 0.165000
v -2.673518 -1.783713 0.120000
v -2.673518 -1.783713 0.165000
v -2.673518 -1.749713 0.120000
v -2.673518 -1.749713 0.165000
v -2.644073 -1.748713 0.165000
v -2.644073 -1.748713 0.225000
v -2.631346 -1.753985 0.165000
v -2.631346 -1.753985 0.225000
v -2.626074 -1.766713 0.165000
v -2.626074 -1.766713 0.225000
v -2.631346 -1.779441 0.165000
v -2.631346 -1.779441 0.225000
v -2.644073 -1.784713 0.165000
v -2.644073 -1.784713 0.225000
v -2.656801 -1.779441 0.165000
v -2.656801 -1.779441 0.225000
v -2.662073 -1.766713 0.165000
v -2.662073 -1.766713 0.225000
v -2.656801 -1.753985 0.165000
v -2.656801 -1.753985 0.225000
v -2.522864 -1.901861 0.120000
v -2.522864 -1.901861 0.165000
v -2.493419 -1.918861 0.120000
v -2.493419 -1.918861 0.165000
v -2.493419 -1.952861 0.120000
v -2.493419 -1.952861 0.165000
v -2.522864 -1.969861 0.120000
v -2.522864 -1.969861 0.165000
v -2.552309 -1.952861 0.120000
v -2.552309 -1.952861 0.165000
v -2.552309 -1.918861 0.120000
v -2.552309 -1.918861 0.165000
v -2.522864 -1.917861 0.165000
v -2.522864 -1.917861 0.225000
v -2.510136 -1.923133 0.165000
v -2.510136 -1.923133 0.225000
v -2.504864 -1.935861 0.165000
v -2.504864 -1.935861 0.225000
v -2.510136 -1.948589 0.165000
v -2.510136 -1.948589 0.225000
v -2.522864 -1.953861 0.165000
v -2.522864 -1.953861 0.225000
v -2.535592 -1.948589 0.165000
v -2.535592 -1.948589 0.225000
v -2.540864 -1.935861 0.165000
v -2.540864 -1.935861 0.225000
v -2.535592 -1.923133 0.165000
v -2.535592 -1.923133 0.225000
v -2.390851 -2.062720 0.120000
v -2.390851 -2.062720 0.165000
v -2.361406 -2.079720 0.120000
v -2.361406 -2.079720 0.165000
v -2.361406 -2.113720 0.120000
v -2.361406 -2.113720 0.165000
v -2.390851 -2.130720 0.120000
v -2.390851 -2.130720 0.165000
v -2.420295 -2.113720 0.120000
v -2.420295 -2.113720 0.165000
v -2.420295 -2.079720 0.120000
v -2.420295 -2.079720 0.165000
v -2.390851 -2.078720 0.165000
v -2.390851 -2.078720 0.225000
v -2.378123 -2.083992 0.165000
v -2.378123 -2.083992 0.225000
v -2.372851 -2.096720 0.165000
v -2.372851 -2.096720 0.225000
v -2.378123 -2.109448 0.165000
v -2.378123 -2.109448 0.225000
v -2.390851 -2.114720 0.165000
v -2.390851 -2.114720 0.225000
v -2.403579 -2.109448 0.165000
v -2.403579 -2.109448 0.225000
v -2.408850 -2.096720 0.165000
v -2.408850 -2.096720 0.225000
v -2.403579 -2.083992 0.165000
v -2.403579 -2.083992 0.225000
v -2.248600 -2.214600 0.120000
v -2.248600 -2.214600 0.165000
v -2.219155 -2.231600 0.120000
v -2.219155 -2.231600 0.165000
v -2.219155 -2.265599 0.120000
v -2.219155 -2.265599 0.165000
v -2.248600 -2.282599 0.120000
v -2.248600 -2.282599 0.165000
v -2.278044 -2.265599 0.120000
v -2.278044 -2.265599 0.165000
v -2.278044 -2.231600 0.120000
v -2.278044 -2.231600 0.165000
v -2.248600 -2.230600 0.165000
v -2.248600 -2.230600 0.225000
v -2.235872 -2.235872 0.165000
v -2.235872 -2.235872 0.225000
v -2.230600 -2.248600 0.165000
v -2.230600 -2.248600 0.225000
v -2.235872 -2.261328 0.165000
v -2.235872 -2.261328 0.225000
v -2.248600 -2.266599 0.165000
v -2.248600 -2.266599 0.225000
v -2.261328 -2.261328 0.165000
v -2.261328 -2.261328 0.225000
v -2.266599 -2.248600 0.165000
v -2.266599 -2.248600 0.225000
v -2.261328 -2.235872 0.165000
v -2.261328 -2.235872 0.225000
v -2.096720 -2.356851 0.120000
v -2.096720 -2.356851 0.165000
v -2.067275 -2.373851 0.120000
v -2.067275 -2.373851 0.165000
v -2.067275 -2.407851 0.120000
v -2.067275 -2.407851 0.165000
v -2.096720 -2.424850 0.120000
v -2.096720 -2.424850 0.165000
v -2.126165 -2.407851 0.120000
v -2.126165 -2.407851 0.165000
v -2.126165 -2.373851 0.120000
v -2.126165 -2.373851 0.165000
v -2.096720 -2.372851 0.165000
v -2.096720 -2.372851 0.225000
v -2.083992 -2.378123 0.165000
v -2.083992 -2.378123 0.225000
v -2.078720 -2.390851 0.165000
v -2.078720 -2.390851 0.225000
v -2.083992 -2.403579 0.165000
v -2.083992 -2.403579 0.225000
v -2.096720 -2.408850 0.165000
v -2.096720 -2.408850 0.225000
v -2.109448 -2.403579 0.165000
v -2.109448 -2.403579 0.225000
v -2.114720 -2.390851 0.165000
v -2.114720 -2.390851 0.225000
v -2.109448 -2.378123 0.165000
v -2.109448 -2.378123 0.225000
v -1.935861 -2.488864 0.120000
v -1.935861 -2.488864 0.165000
v -1.906417 -2.505864 0.120000
v -1.906417 -2.505864 0.165000
v -1.906417 -2.539864 0.120000
v -1.906417 -2.539864 0.165000
v -1.935861 -2.556864 0.120000
v -1.935861 -2.556864 0.165000
v -1.965306 -2.539864 0.120000
v -1.965306 -2.539864 0.165000
v -1.965306 -2.505864 0.120000
v -1.965306 -2.505864 0.165000
v -1.935861 -2.504864 0.165000
v -1.935861 -2.504864 0.225000
v -1.923133 -2.510136 0.165000
v -1.923133 -2.510136 0.225000
v -1.917861 -2.522864 0.165000
v -1.917861 -2.522864 0.225000
v -1.923133 -2.535592 0.165000
v -1.923133 -2.535592 0.225000
v -1.935861 -2.540864 0.165000
v -1.935861 -2.540864 0.225000
v -1.948589 -2.535592 0.165000
v -1.948589 -2.535592 0.225000
v -1.953861 -2.522864 0.165000
v -1.953861 -2.522864 0.225000
v -1.948589 -2.510136 0.165000
v -1.948589 -2.510136 0.225000
v -1.766713 -2.610074 0.120000
v -1.766713 -2.610074 0.165000
v -1.737269 -2.627074 0.120000
v -1.737269 -2.627074 0.165000
v -1.737269 -2.661073 0.120000
v -1.737269 -2.661073 0.165000
v -1.766713 -2.678073 0.120000
v -1.766713 -2.678073 0.165000
v -1.796158 -2.661073 0.120000
v -1.796158 -2.661073 0.165000
v -1.796158 -2.627074 0.120000
v -1.796158 -2.627074 0.165000
v -1.766713 -2.626074 0.165000
v -1.766713 -2.626074 0.225000
v -1.753985 -2.631346 0.165000
v -1.753985 -2.631346 0.225000
v -1.748713 -2.644073 0.165000
v -1.748713 -2.644073 0.225000
v -1.753985 -2.656801 0.165000
v -1.753985 -2.656801 0.225000
v -1.766713 -2.662073 0.165000
v -1.766713 -2.662073 0.225000
v -1.779441 -2.656801 0.165000
v -1.779441 -2.656801 0.225000
v -1.784713 -2.644073 0.165000
v -1.784713 -2.644073 0.225000
v -1.779441 -2.631346 0.165000
v -1.779441 -2.631346 0.225000
v -1.590000 -2.719961 0.120000
v -1.590000 -2.719961 0.165000
v -1.560555 -2.736961 0.120000
v -1.560555 -2.736961 0.165000
v -1.560555 -2.770961 0.120000
v -1.560555 -2.770961 0.165000
v -1.590000 -2.787961 0.120000
v -1.590000 -2.787961 0.165000
v -1.619445 -2.770961 0.120000
v -1.619445 -2.770961 0.165000
v -1.619445 -2.736961 0.120000
v -1.619445 -2.736961 0.165000
v -1.590000 -2.735961 0.165000
v -1.590000 -2.735961 0.225000
v -1.577272 -2.741233 0.165000
v -1.577272 -2.741233 0.225000
v -1.572000 -2.753961 0.165000
v -1.572000 -2.753961 0.225000
v -1.577272 -2.766689 0.165000
v -1.577272 -2.766689 0.225000
v -1.590000 -2.771961 0.165000
v -1.590000 -2.771961 0.225000
v -1.602728 -2.766689 0.165000
v -1.602728 -2.766689 0.225000
v -1.608000 -2.753961 0.165000
v -1.608000 -2.753961 0.225000
v -1.602728 -2.741233 0.165000
v -1.602728 -2.741233 0.225000
v -1.406478 -2.818055 0.120000
v -1.406478 -2.818055 0.165000
v -1.377033 -2.835055 0.120000
v -1.377033 -2.835055 0.165000
v -1.377033 -2.869055 0.120000
v -1.377033 -2.869055 0.165000
v -1.406478 -2.886055 0.120000
v -1.406478 -2.886055 0.165000
v -1.435923 -2.869055 0.120000
v -1.435923 -2.869055 0.165000
v -1.435923 -2.835055 0.120000
v -1.435923 -2.835055 0.165000
v -1.406478 -2.834055 0.165000
v -1.406478 -2.834055 0.225000
v -1.393750 -2.839327 0.165000
v -1.393750 -2.839327 0.225000
v -1.388478 -2.852055 0.165000
v -1.388478 -2.852055 0.225000
v -1.393750 -2.864783 0.165000
v -1.393750 -2.864783 0.225000
v -1.406478 -2.870055 0.165000
v -1.406478 -2.870055 0.225000
v -1.419206 -2.864783 0.165000
v -1.419206 -2.864783 0.225000
v -1.424478 -2.852055 0.165000
v -1.424478 -2.852055 0.225000
v -1.419206 -2.839327 0.165000
v -1.419206 -2.839327 0.225000
v -1.216933 -2.903937 0.120000
v -1.216933 -2.903937 0.165000
v -1.187489 -2.920937 0.120000
v -1.187489 -2.920937 0.165000
v -1.187489 -2.954937 0.120000
v -1.187489 -2.954937 0.165000
v -1.216933 -2.971937 0.120000
v -1.216933 -2.971937 0.165000
v -1.246378 -2.954937 0.120000
v -1.246378 -2.954937 0.165000
v -1.246378 -2.920937 0.120000
v -1.246378 -2.920937 0.165000
v -1.216933 -2.919937 0.165000
v -1.216933 -2.919937 0.225000
v -1.204205 -2.925209 0.165000
v -1.204205 -2.925209 0.225000
v -1.198933 -2.937937 0.165000
v -1.198933 -2.937937 0.225000
v -1.204205 -2.950665 0.165000
v -1.204205 -2.950665 0.225000
v -1.216933 -2.955937 0.165000
v -1.216933 -2.955937 0.225000
v -1.229661 -2.950665 0.165000
v -1.229661 -2.950665 0.225000
v -1.234933 -2.937937 0.165000
v -1.234933 -2.937937 0.225000
v -1.229661 -2.925209 0.165000
v -1.229661 -2.925209 0.225000
v -1.022177 -2.977238 0.120000
v -1.022177 -2.977238 0.165000
v -0.992733 -2.994238 0.120000
v -0.992733 -2.994238 0.165000
v -0.992733 -3.028238 0.120000
v -0.992733 -3.028238 0.165000
v -1.022177 -3.045238 0.120000
v -1.022177 -3.045238 0.165000
v -1.051622 -3.028238 0.120000
v -1.051622 -3.028238 0.165000
v -1.051622 -2.994238 0.120000
v -1.051622 -2.994238 0.165000
v -1.022177 -2.993238 0.165000
v -1.022177 -2.993238 0.225000
v -1.009449 -2.998510 0.165000
v -1.009449 -2.998510 0.225000
v -1.004177 -3.011238 0.165000
v -1.004177 -3.011238 0.225000
v -1.009449 -3.023966 0.165000
v -1.009449 -3.023966 0.225000
v -1.022177 -3.029238 0.165000
v -1.022177 -3.029238 0.225000
v -1.034905 -3.023966 0.165000
v -1.034905 -3.023966 0.225000
v -1.040177 -3.011238 0.165000
v -1.040177 -3.011238 0.225000
v -1.034905 -2.998510 0.165000
v -1.034905 -2.998510 0.225000
v -0.823045 -3.037644 0.120000
v -0.823045 -3.037644 0.165000
v -0.793600 -3.054644 0.120000
v -0.793600 -3.054644 0.165000
v -0.793600 -3.088644 0.120000
v -0.793600 -3.088644 0.165000
v -0.823045 -3.105644 0.120000
v -0.823045 -3.105644 0.165000
v -0.852489 -3.088644 0.120000
v -0.852489 -3.088644 0.165000
v -0.852489 -3.054644 0.120000
v -0.852489 -3.054644 0.165000
v -0.823045 -3.053644 0.165000
v -0.823045 -3.053644 0.225000
v -0.810317 -3.058916 0.165000
v -0.810317 -3.058916 0.225000
v -0.805045 -3.071644 0.165000
v -0.805045 -3.071644 0.225000
v -0.810317 -3.084372 0.165000
v -0.810317 -3.084372 0.225000
v -0.823045 -3.089644 0.165000
v -0.823045 -3.089644 0.225000
v -0.835772 -3.084372 0.165000
v -0.835772 -3.084372 0.225000
v -0.841045 -3.071644 0.165000
v -0.841045 -3.071644 0.225000
v -0.835772 -3.058916 0.165000
v -0.835772 -3.058916 0.225000
v -0.620387 -3.084897 0.120000
v -0.620387 -3.084897 0.165000
v -0.590942 -3.101897 0.120000
v -0.590942 -3.101897 0.165000
v -0.590942 -3.135897 0.120000
v -0.590942 -3.135897 0.165000
v -0.620387 -3.152897 0.120000
v -0.620387 -3.152897 0.165000
v -0.649832 -3.135897 0.120000
v -0.649832 -3.135897 0.165000
v -0.649832 -3.101897 0.120000
v -0.649832 -3.101897 0.165000
v -0.620387 -3.100897 0.165000
v -0.620387 -3.100897 0.225000
v -0.607659 -3.106169 0.165000
v -0.607659 -3.106169 0.225000
v -0.602387 -3.118897 0.165000
v -0.602387 -3.118897 0.225000
v -0.607659 -3.131625 0.165000
v -0.607659 -3.131625 0.225000
v -0.620387 -3.136897 0.165000
v -0.620387 -3.136897 0.225000
v -0.633115 -3.131625 0.165000
v -0.633115 -3.131625 0.225000
v -0.638387 -3.118897 0.165000
v -0.638387 -3.118897 0.225000
v -0.633115 -3.106169 0.165000
v -0.633115 -3.106169 0.225000
v 0.620387 -3.084897 0.120000
v 0.620387 -3.084897 0.165000
v 0.649832 -3.101897 0.120000
v 0.649832 -3.101897 0.165000
v 0.649832 -3.135897 0.120000
v 0.649832 -3.135897 0.165000
v 0.620387 -3.152897 0.120000
v 0.620387 -3.152897 0.165000
v 0.590942 -3.135897 0.120000
v 0.590942 -3.135897 0.165000
v 0.590942 -3.101897 0.120000
v 0.590942 -3.101897 0.165000
v 0.620387 -3.100897 0.165000
v 0.620387 -3.100897 0.225000
v 0.633115 -3.106169 0.165000
v 0.633115 -3.106169 0.225000
v 0.638387 -3.118897 0.165000
v 0.638387 -3.118897 0.225000
v 0.633115 -3.131625 0.165000
v 0.633115 -3.131625 0.225000
v 0.620387 -3.136897 0.165000
v 0.620387 -3.136897 0.225000
v 0.607659 -3.131625 0.165000
v 0.607659 -3.131625 0.225000
v 0.602387 -3.118897 0.165000
v 0.602387 -3.118897 0.225000
v 0.607659 -3.106169 0.165000
v 0.607659 -3.106169 0.225000
v 0.823045 -3.037644 0.120000
v 0.823045 -3.037644 0.165000
v 0.852489 -3.054644 0.120000
v 0.852489 -3.054644 0.165000
v 0.852489 -3.088644 0.120000
v 0.852489 -3.088644 0.165000
v 0.823045 -3.105644 0.120000
v 0.823045 -3.105644 0.165000
v 0.793600 -3.088644 0.120000
v 0.793600 -3.088644 0.165000
v 0.793600 -3.054644 0.120000
v 0.793600 -3.054644 0.165000
v 0.823045 -3.053644 0.165000
v 0.823045 -3.053644 0.225000
v 0.835772 -3.058916 0.165000
v 0.835772 -3.058916 0.225000
v 0.841045 -3.071644 0.165000
v 0.841045 -3.071644 0.225000
v 0.835772 -3.084372 0.165000
v 0.835772 -3.084372 0.225000
v 0.823045 -3.089644 0.165000
v 0.823045 -3.089644 0.225000
v 0.810317 -3.084372 0.165000
v 0.810317 -3.084372 0.225000
v 0.805045 -3.071644 0.165000
v 0.805045 -3.071644 0.225000
v 0.810317 -3.058916 0.165000
v 0.810317 -3.058916 0.225000
v 1.022177 -2.977238 0.120000
v 1.022177 -2.977238 0.165000
v 1.051622 -2.994238 0.120000
v 1.051622 -2.994238 0.165000
v 1.051622 -3.028238 0.120000
v 1.051622 -3.028238 0.165000
v 1.022177 -3.045238 0.120000
v 1.022177 -3.045238 0.165000
v 0.992733 -3.028238 0.120000
v 0.992733 -3.028238 0.165000
v 0.992733 -2.994238 0.120000
v 0.992733 -2.994238 0.165000
v 1.022177 -2.993238 0.165000
v 1.022177 -2.993238 0.225000
v 1.034905 -2.998510 0.165000
v 1.034905 -2.998510 0.225000
v 1.040177 -3.011238 0.165000
v 1.040177 -3.011238 0.225000
v 1.034905 -3.023966 0.165000
v 1.034905 -3.023966 0.225000
v 1.022177 -3.029238 0.165000
v 1.022177 -3.029238 0.225000
v 1.009449 -3.023966 0.165000
v 1.009449 -3.023966 0.225000
v 1.004177 -3.011238 0.165000
v 1.004177 -3.011238 0.225000
v 1.009449 -2.998510 0.165000
v 1.009449 -2.998510 0.225000
v 1.216933 -2.903937 0.120000
v 1.216933 -2.903937 0.165000
v 1.246378 -2.920937 0.120000
v 1.246378 -2.920937 0.165000
v 1.246378 -2.954937 0.120000
v 1.246378 -2.954937 0.165000
v 1.216933 -2.971937 0.120000
v 1.216933 -2.971937 0.165000
v 1.187489 -2.954937 0.120000
v 1.187489 -2.954937 0.165000
v 1.187489 -2.920937 0.120000
v 1.187489 -2.920937 0.165000
v 1.216933 -2.919937 0.165000
v 1.216933 -2.919937 0.225000
v 1.229661 -2.925209 0.165000
v 1.229661 -2.925209 0.225000
v 1.234933 -2.937937 0.165000
v 1.234933 -2.937937 0.225000
v 1.229661 -2.950665 0.165000
v 1.229661 -2.950665 0.225000
v 1.216933 -2.955937 0.165000
v 1.216933 -2.955937 0.225000
v 1.204205 -2.950665 0.165000
v 1.204205 -2.950665 0.225000
v 1.198933 -2.937937 0.165000
v 1.198933 -2.937937 0.225000
v 1.204205 -2.925209 0.165000
v 1.204205 -2.925209 0.225000
v 1.406478 -2.818055 0.120000
v 1.406478 -2.818055 0.165000
v 1.435923 -2.835055 0.120000
v 1.435923 -2.835055 0.165000
v 1.435923 -2.869055 0.120000
v 1.435923 -2.869055 0.165000
v 1.406478 -2.886055 0.120000
v 1.406478 -2.886055 0.165000
v 1.377033 -2.869055 0.120000
v 1.377033 -2.869055 0.165000
v 1.377033 -2.835055 0.120000
v 1.377033 -2.835055 0.165000
v 1.406478 -2.834055 0.165000
v 1.406478 -2.834055 0.225000
v 1.419206 -2.839327 0.165000
v 1.419206 -2.839327 0.225000
v 1.424478 -2.852055 0.165000
v 1.424478 -2.852055 0.225000
v 1.419206 -2.864783 0.165000
v 1.419206 -2.864783 0.225000
v 1.406478 -2.870055 0.165000
v 1.406478 -2.870055 0.225000
v 1.393750 -2.864783 0.165000
v 1.393750 -2.864783 0.225000
v 1.388478 -2.852055 0.165000
v 1.388478 -2.852055 0.225000
v 1.393750 -2.839327 0.165000
v 1.393750 -2.839327 0.225000
v 1.590000 -2.719961 0.120000
v 1.590000 -2.719961 0.165000
v 1.619445 -2.736961 0.120000
v 1.619445 -2.736961 0.165000
v 1.619445 -2.770961 0.120000
v 1.619445 -2.770961 0.165000
v 1.590000 -2.787961 0.120000
v 1.590000 -2.787961 0.165000
v 1.560555 -2.770961 0.120000
v 1.560555 -2.770961 0.165000
v 1.560555 -2.736961 0.120000
v 1.560555 -2.736961 0.165000
v 1.590000 -2.735961 0.165000
v 1.590000 -2.735961 0.225000
v 1.602728 -2.741233 0.165000
v 1.602728 -2.741233 0.225000
v 1.608000 -2.753961 0.165000
v 1.608000 -2.753961 0.225000
v 1.602728 -2.766689 0.165000
v 1.602728 -2.766689 0.225000
v 1.590000 -2.771961 0.165000
v 1.590000 -2.771961 0.225000
v 1.577272 -2.766689 0.165000
v 1.577272 -2.766689 0.225000
v 1.572000 -2.753961 0.165000
v 1.572000 -2.753961 0.225000
v 1.577272 -2.741233 0.165000
v 1.577272 -2.741233 0.225000
v 1.766713 -2.610074 0.120000
v 1.766713 -2.610074 0.165000
v 1.796158 -2.627074 0.120000
v 1.796158 -2.627074 0.165000
v 1.796158 -2.661073 0.120000
v 1.796158 -2.661073 0.165000
v 1.766713 -2.678073 0.120000
v 1.766713 -2.678073 0.165000
v 1.737269 -2.661073 0.120000
v 1.737269 -2.661073 0.165000
v 1.737269 -2.627074 0.120000
v 1.737269 -2.627074 0.165000
v 1.766713 -2.626074 0.165000
v 1.766713 -2.626074 0.225000
v 1.779441 -2.631346 0.165000
v 1.779441 -2.631346 0.225000
v 1.784713 -2.644073 0.165000
v 1.784713 -2.644073 0.225000
v 1.779441 -2.656801 0.165000
v 1.779441 -2.656801 0.225000
v 1.766713 -2.662073 0.165000
v 1.766713 -2.662073 0.225000
v 1.753985 -2.656801 0.165000
v 1.753985 -2.656801 0.225000
v 1.748713 -2.644073 0.165000
v 1.748713 -2.644073 0.225000
v 1.753985 -2.631346 0.165000
v 1.753985 -2.631346 0.225000
v 1.935861 -2.488864 0.120000
v 1.935861 -2.488864 0.165000
v 1.965306 -2.505864 0.120000
v 1.965306 -2.505864 0.165000
v 1.965306 -2.539864 0.120000
v 1.965306 -2.539864 0.165000
v 1.935861 -2.556864 0.120000
v 1.935861 -2.556864 0.165000
v 1.906417 -2.539864 0.120000
v 1.906417 -2.539864 0.165000
v 1.906417 -2.505864 0.120000
v 1.906417 -2.505864 0.165000
v 1.935861 -2.504864 0.165000
v 1.935861 -2.504864 0.225000
v 1.948589 -2.510136 0.165000
v 1.948589 -2.510136 0.225000
v 1.953861 -2.522864 0.165000
v 1.953861 -2.522864 0.225000
v 1.948589 -2.535592 0.165000
v 1.948589 -2.535592 0.225000
v 1.935861 -2.540864 0.165000
v 1.935861 -2.540864 0.225000
v 1.923133 -2.535592 0.165000
v 1.923133 -2.535592 0.225000
v 1.917861 -2.522864 0.165000
v 1.917861 -2.522864 0.225000
v 1.923133 -2.510136 0.165000
v 1.923133 -2.510136 0.225000
v 2.096720 -2.356851 0.120000
v 2.096720 -2.356851 0.165000
v 2.126165 -2.373851 0.120000
v 2.126165 -2.373851 0.165000
v 2.126165 -2.407851 0.120000
v 2.126165 -2.407851 0.165000
v 2.096720 -2.424850 0.120000
v 2.096720 -2.424850 0.165000
v 2.067275 -2.407851 0.120000
v 2.067275 -2.407851 0.165000
v 2.067275 -2.373851 0.120000
v 2.067275 -2.373851 0.165000
v 2.096720 -2.372851 0.165000
v 2.096720 -2.372851 0.225000
v 2.109448 -2.378123 0.165000
v 2.109448 -2.378123 0.225000
v 2.114720 -2.390851 0.165000
v 2.114720 -2.390851 0.225000
v 2.109448 -2.403579 0.165000
v 2.109448 -2.403579 0.225000
v 2.096720 -2.408850 0.165000
v 2.096720 -2.408850 0.225000
v 2.083992 -2.403579 0.165000
v 2.083992 -2.403579 0.225000
v 2.078720 -2.390851 0.165000
v 2.078720 -2.390851 0.225000
v 2.083992 -2.378123 0.165000
v 2.083992 -2.378123 0.225000
v 2.248600 -2.214600 0.120000
v 2.248600 -2.214600 0.165000
v 2.278044 -2.231600 0.120000
v 2.278044 -2.231600 0.165000
v 2.278044 -2.265599 0.120000
v 2.278044 -2.265599 0.165000
v 2.248600 -2.282599 0.120000
v 2.248600 -2.282599 0.165000
v 2.219155 -2.265599 0.120000
v 2.219155 -2.265599 0.165000
v 2.219155 -2.231600 0.120000
v 2.219155 -2.231600 0.165000
v 2.248600 -2.230600 0.165000
v 2.248600 -2.230600 0.225000
v 2.261328 -2.235872 0.165000
v 2.261328 -2.235872 0.225000
v 2.266599 -2.248600 0.165000
v 2.266599 -2.248600 0.225000
v 2.261328 -2.261328 0.165000
v 2.261328 -2.261328 0.225000
v 2.248600 -2.266599 0.165000
v 2.248600 -2.266599 0.225000
v 2.235872 -2.261328 0.165000
v 2.235872 -2.261328 0.225000
v 2.230600 -2.248600 0.165000
v 2.230600 -2.248600 0.225000
v 2.235872 -2.235872 0.165000
v 2.235872 -2.235872 0.225000
v 2.390851 -2.062720 0.120000
v 2.390851 -2.062720 0.165000
v 2.420295 -2.079720 0.120000
v 2.420295 -2.079720 0.165000
v 2.420295 -2.113720 0.120000
v 2.420295 -2.113720 0.165000
v 2.390851 -2.130720 0.120000
v 2.390851 -2.130720 0.165000
v 2.361406 -2.113720 0.120000
v 2.361406 -2.113720 0.165000
v 2.361406 -2.079720 0.120000
v 2.361406 -2.079720 0.165000
v 2.390851 -2.078720 0.165000
v 2.390851 -2.078720 0.225000
v 2.403579 -2.083992 0.165000
v 2.403579 -2.083992 0.225000
v 2.408850 -2.096720 0.165000
v 2.408850 -2.096720 0.225000
v 2.403579 -2.109448 0.165000
v 2.403579 -2.109448 0.225000
v 2.390851 -2.114720 0.165000
v 2.390851 -2.114720 0.225000
v 2.378123 -2.109448 0.165000
v 2.378123 -2.109448 0.225000
v 2.372851 -2.096720 0.165000
v 2.372851 -2.096720 0.225000
v 2.378123 -2.083992 0.165000
v 2.378123 -2.083992 0.225000
v 2.522864 -1.901861 0.120000
v 2.522864 -1.901861 0.165000
v 2.552309 -1.918861 0.120000
v 2.552309 -1.918861 0.165000
v 2.552309 -1.952861 0.120000
v 2.552309 -1.952861 0.165000
v 2.522864 -1.969861 0.120000
v 2.522864 -1.969861 0.165000
v 2.493419 -1.952861 0.120000
v 2.493419 -1.952861 0.165000
v 2.493419 -1.918861 0.120000
v 2.493419 -1.918861 0.165000
v 2.522864 -1.917861 0.165000
v 2.522864 -1.917861 0.225000
v 2.535592 -1.923133 0.165000
v 2.535592 -1.923133 0.225000
v 2.540864 -1.935861 0.165000
v 2.540864 -1.935861 0.225000
v 2.535592 -1.948589 0.165000
v 2.535592 -1.948589 0.225000
v 2.522864 -1.953861 0.165000
v 2.522864 -1.953861 0.225000
v 2.510136 -1.948589 0.165000
v 2.510136 -1.948589 0.225000
v 2.504864 -1.935861 0.165000
v 2.504864 -1.935861 0.225000
v 2.510136 -1.923133 0.165000
v 2.510136 -1.923133 0.225000
v 2.644073 -1.732713 0.120000
v 2.644073 -1.732713 0.165000
v 2.673518 -1.749713 0.120000
v 2.673518 -1.749713 0.165000
v 2.673518 -1.783713 0.120000
v 2.673518 -1.783713 0.165000
v 2.644073 -1.800713 0.120000
v 2.644073 -1.800713 0.165000
v 2.614629 -1.783713 0.120000
v 2.614629 -1.783713 0.165000
v 2.614629 -1.749713 0.120000
v 2.614629 -1.749713 0.165000
v 2.644073 -1.748713 0.165000
v 2.644073 -1.748713 0.225000
v 2.656801 -1.753985 0.165000
v 2.656801 -1.753985 0.225000
v 2.662073 -1.766713 0.165000
v 2.662073 -1.766713 0.225000
v 2.656801 -1.779441 0.165000
v 2.656801 -1.779441 0.225000
v 2.644073 -1.784713 0.165000
v 2.644073 -1.784713 0.225000
v 2.631346 -1.779441 0.165000
v 2.631346 -1.779441 0.225000
v 2.626074 -1.766713 0.165000
v 2.626074 -1.766713 0.225000
v 2.631346 -1.753985 0.165000
v 2.631346 -1.753985 0.225000
v 2.753961 -1.556000 0.120000
v 2.753961 -1.556000 0.165000
v 2.783406 -1.573000 0.120000
v 2.783406 -1.573000 0.165000
v 2.783406 -1.607000 0.120000
v 2.783406 -1.607000 0.165000
v 2.753961 -1.624000 0.120000
v 2.753961 -1.624000 0.165000
v 2.724516 -1.607000 0.120000
v 2.724516 -1.607000 0.165000
v 2.724516 -1.573000 0.120000
v 2.724516 -1.573000 0.165000
v 2.753961 -1.572000 0.165000
v 2.753961 -1.572000 0.225000
v 2.766689 -1.577272 0.165000
v 2.766689 -1.577272 0.225000
v 2.771961 -1.590000 0.165000
v 2.771961 -1.590000 0.225000
v 2.766689 -1.602728 0.165000
v 2.766689 -1.602728 0.225000
v 2.753961 -1.608000 0.165000
v 2.753961 -1.608000 0.225000
v 2.741233 -1.602728 0.165000
v 2.741233 -1.602728 0.225000
v 2.735961 -1.590000 0.165000
v 2.735961 -1.590000 0.225000
v 2.741233 -1.577272 0.165000
v 2.741233 -1.577272 0.225000
v 2.852055 -1.372478 0.120000
v 2.852055 -1.372478 0.165000
v 2.881500 -1.389478 0.120000
v 2.881500 -1.389478 0.165000
v 2.881500 -1.423478 0.120000
v 2.881500 -1.423478 0.165000
v 2.852055 -1.440478 0.120000
v 2.852055 -1.440478 0.165000
v 2.822610 -1.423478 0.120000
v 2.822610 -1.423478 0.165000
v 2.822610 -1.389478 0.120000
v 2.822610 -1.389478 0.165000
v 2.852055 -1.388478 0.165000
v 2.852055 -1.388478 0.225000
v 2.864783 -1.393750 0.165000
v 2.864783 -1.393750 0.225000
v 2.870055 -1.406478 0.165000
v 2.870055 -1.406478 0.225000
v 2.864783 -1.419206 0.165000
v 2.864783 -1.419206 0.225000
v 2.852055 -1.424478 0.165000
v 2.852055 -1.424478 0.225000
v 2.839327 -1.419206 0.165000
v 2.839327 -1.419206 0.225000
v 2.834055 -1.406478 0.165000
v 2.834055 -1.406478 0.225000
v 2.839327 -1.393750 0.165000
v 2.839327 -1.393750 0.225000
v 2.937937 -1.182933 0.120000
v 2.937937 -1.182933 0.165000
v 2.967382 -1.199933 0.120000
v 2.967382 -1.199933 0.165000
v 2.967382 -1.233933 0.120000
v 2.967382 -1.233933 0.165000
v 2.937937 -1.250933 0.120000
v 2.937937 -1.250933 0.165000
v 2.908492 -1.233933 0.120000
v 2.908492 -1.233933 0.165000
v 2.908492 -1.199933 0.120000
v 2.908492 -1.199933 0.165000
v 2.937937 -1.198933 0.165000
v 2.937937 -1.198933 0.225000
v 2.950665 -1.204205 0.165000
v 2.950665 -1.204205 0.225000
v 2.955937 -1.216933 0.165000
v 2.955937 -1.216933 0.225000
v 2.950665 -1.229661 0.165000
v 2.950665 -1.229661 0.225000
v 2.937937 -1.234933 0.165000
v 2.937937 -1.234933 0.225000
v 2.925209 -1.229661 0.165000
v 2.925209 -1.229661 0.225000
v 2.919937 -1.216933 0.165000
v 2.919937 -1.216933 0.225000
v 2.925209 -1.204205 0.165000
v 2.925209 -1.204205 0.225000
v 3.011238 -0.988177 0.120000
v 3.011238 -0.988177 0.165000
v 3.040683 -1.005177 0.120000
v 3.040683 -1.005177 0.165000
v 3.040683 -1.039177 0.120000
v 3.040683 -1.039177 0.165000
v 3.011238 -1.056177 0.120000
v 3.011238 -1.056177 0.165000
v 2.981793 -1.039177 0.120000
v 2.981793 -1.039177 0.165000
v 2.981793 -1.005177 0.120000
v 2.981793 -1.005177 0.165000
v 3.011238 -1.004177 0.165000
v 3.011238 -1.004177 0.225000
v 3.023966 -1.009449 0.165000
v 3.023966 -1.009449 0.225000
v 3.029238 -1.022177 0.165000
v 3.029238 -1.022177 0.225000
v 3.023966 -1.034905 0.165000
v 3.023966 -1.034905 0.225000
v 3.011238 -1.040177 0.165000
v 3.011238 -1.040177 0.225000
v 2.998510 -1.034905 0.165000
v 2.998510 -1.034905 0.225000
v 2.993238 -1.022177 0.165000
v 2.993238 -1.022177 0.225000
v 2.998510 -1.009449 0.165000
v 2.998510 -1.009449 0.225000
v 3.071644 -0.789045 0.120000
v 3.071644 -0.789045 0.165000
v 3.101089 -0.806045 0.120000
v 3.101089 -0.806045 0.165000
v 3.101089 -0.840045 0.120000
v 3.101089 -0.840045 0.165000
v 3.071644 -0.857045 0.120000
v 3.071644 -0.857045 0.165000
v 3.042199 -0.840045 0.120000
v 3.042199 -0.840045 0.165000
v 3.042199 -0.806045 0.120000
v 3.042199 -0.806045 0.165000
v 3.071644 -0.805045 0.165000
v 3.071644 -0.805045 0.225000
v 3.084372 -0.810317 0.165000
v 3.084372 -0.810317 0.225000
v 3.089644 -0.823045 0.165000
v 3.089644 -0.823045 0.225000
v 3.084372 -0.835772 0.165000
v 3.084372 -0.835772 0.225000
v 3.071644 -0.841045 0.165000
v 3.071644 -0.841045 0.225000
v 3.058916 -0.835772 0.165000
v 3.058916 -0.835772 0.225000
v 3.053644 -0.823045 0.165000
v 3.053644 -0.823045 0.225000
v 3.058916 -0.810317 0.165000
v 3.058916 -0.810317 0.225000
v 3.118897 -0.586387 0.120000
v 3.118897 -0.586387 0.165000
v 3.148342 -0.603387 0.120000
v 3.148342 -0.603387 0.165000
v 3.148342 -0.637387 0.120000
v 3.148342 -0.637387 0.165000
v 3.118897 -0.654387 0.120000
v 3.118897 -0.654387 0.165000
v 3.089452 -0.637387 0.120000
v 3.089452 -0.637387 0.165000
v 3.089452 -0.603387 0.120000
v 3.089452 -0.603387 0.165000
v 3.118897 -0.602387 0.165000
v 3.118897 -0.602387 0.225000
v 3.131625 -0.607659 0.165000
v 3.131625 -0.607659 0.225000
v 3.136897 -0.620387 0.165000
v 3.136897 -0.620387 0.225000
v 3.131625 -0.633115 0.165000
v 3.131625 -0.633115 0.225000
v 3.118897 -0.638387 0.165000
v 3.118897 -0.638387 0.225000
v 3.106169 -0.633115 0.165000
v 3.106169 -0.633115 0.225000
v 3.100897 -0.620387 0.165000
v 3.100897 -0.620387 0.225000
v 3.106169 -0.607659 0.165000
v 3.106169 -0.607659 0.225000
v 3.152795 -0.381073 0.120000
v 3.152795 -0.381073 0.165000
v 3.182240 -0.398073 0.120000
v 3.182240 -0.398073 0.165000
v 3.182240 -0.432073 0.120000
v 3.182240 -0.432073 0.165000
v 3.152795 -0.449073 0.120000
v 3.152795 -0.449073 0.165000
v 3.123350 -0.432073 0.120000
v 3.123350 -0.432073 0.165000
v 3.123350 -0.398073 0.120000
v 3.123350 -0.398073 0.165000
v 3.152795 -0.397073 0.165000
v 3.152795 -0.397073 0.225000
v 3.165523 -0.402345 0.165000
v 3.165523 -0.402345 0.225000
v 3.170794 -0.415073 0.165000
v 3.170794 -0.415073 0.225000
v 3.165523 -0.427801 0.165000
v 3.165523 -0.427801 0.225000
v 3.152795 -0.433073 0.165000
v 3.152795 -0.433073 0.225000
v 3.140067 -0.427801 0.165000
v 3.140067 -0.427801 0.225000
v 3.134795 -0.415073 0.165000
v 3.134795 -0.415073 0.225000
v 3.140067 -0.402345 0.165000
v 3.140067 -0.402345 0.225000
v 3.173191 -0.173982 0.120000
v 3.173191 -0.173982 0.165000
v 3.202636 -0.190982 0.120000
v 3.202636 -0.190982 0.165000
v 3.202636 -0.224982 0.120000
v 3.202636 -0.224982 0.165000
v 3.173191 -0.241982 0.120000
v 3.173191 -0.241982 0.165000
v 3.143746 -0.224982 0.120000
v 3.143746 -0.224982 0.165000
v 3.143746 -0.190982 0.120000
v 3.143746 -0.190982 0.165000
v 3.173191 -0.189982 0.165000
v 3.173191 -0.189982 0.225000
v 3.185919 -0.195254 0.165000
v 3.185919 -0.195254 0.225000
v 3.191191 -0.207982 0.165000
v 3.191191 -0.207982 0.225000
v 3.185919 -0.220710 0.165000
v 3.185919 -0.220710 0.225000
v 3.173191 -0.225982 0.165000
v 3.173191 -0.225982 0.225000
v 3.160463 -0.220710 0.165000
v 3.160463 -0.220710 0.225000
v 3.155191 -0.207982 0.165000
v 3.155191 -0.207982 0.225000
v 3.160463 -0.195254 0.165000
v 3.160463 -0.195254 0.225000
v 2.694530 0.000000 21.469999
v 2.688761 0.176231 21.469999
v 2.671478 0.351707 21.469999
v 2.642755 0.525677 21.469999
v 2.602716 0.697396 21.469999
v 2.551532 0.866128 21.469999
v 2.489421 1.031152 21.469999
v 2.416651 1.191760 21.469999
v 2.333531 1.347265 21.469999
v 2.240420 1.497001 21.469999
v 2.137714 1.640326 21.469999
v 2.025855 1.776627 21.469999
v 1.905320 1.905320 21.469999
v 1.776627 2.025855 21.469999
v 1.640326 2.137714 21.469999
v 1.497001 2.240420 21.469999
v 1.347265 2.333531 21.469999
v 1.191760 2.416651 21.469999
v 1.031152 2.489421 21.469999
v 0.866128 2.551532 21.469999
v 0.697396 2.602716 21.469999
v 0.525677 2.642755 21.469999
v 0.351707 2.671478 21.469999
v 0.176231 2.688761 21.469999
v 0.000000 2.694530 21.469999
v -0.176231 2.688761 21.469999
v -0.351707 2.671478 21.469999
v -0.525677 2.642755 21.469999
v -0.697396 2.602716 21.469999
v -0.866128 2.551532 21.469999
v -1.031152 2.489421 21.469999
v -1.191760 2.416651 21.469999
v -1.347265 2.333531 21.469999
v -1.497001 2.240420 21.469999
v -1.640326 2.137714 21.469999
v -1.776627 2.025855 21.469999
v -1.905320 1.905320 21.469999
v -2.025855 1.776627 21.469999
v -2.137714 1.640326 21.469999
v -2.240420 1.497001 21.469999
v -2.333531 1.347265 21.469999
v -2.416651 1.191760 21.469999
v -2.489421 1.031152 21.469999
v -2.551532 0.866128 21.469999
v -2.602716 0.697396 21.469999
v -2.642755 0.525677 21.469999
v -2.671478 0.351707 21.469999
v -2.688761 0.176231 21.469999
v -2.694530 0.000000 21.469999
v -2.688761 -0.176231 21.469999
v -2.671478 -0.351707 21.469999
v -2.642755 -0.525677 21.469999
v -2.602716 -0.697396 21.469999
v -2.551532 -0.866128 21.469999
v -2.489421 -1.031152 21.469999
v -2.416651 -1.191760 21.469999
v -2.333531 -1.347265 21.469999
v -2.240420 -1.497001 21.469999
v -2.137714 -1.640326 21.469999
v -2.025855 -1.776627 21.469999
v -1.905320 -1.905320 21.469999
v -1.776627 -2.025855 21.469999
v -1.640326 -2.137714 21.469999
v -1.497001 -2.240420 21.469999
v -1.347265 -2.333531 21.469999
v -1.191760 -2.416651 21.469999
v -1.031152 -2.489421 21.469999
v -0.866128 -2.551532 21.469999
v -0.697396 -2.602716 21.469999
v -0.525677 -2.642755 21.469999
v -0.351707 -2.671478 21.469999
v -0.176231 -2.688761 21.469999
v -0.000000 -2.694530 21.469999
v 0.176231 -2.688761 21.469999
v 0.351707 -2.671478 21.469999
v 0.525677 -2.642755 21.469999
v 0.697396 -2.602716 21.469999
v 0.866128 -2.551532 21.469999
v 1.031152 -2.489421 21.469999
v 1.191760 -2.416651 21.469999
v 1.347265 -2.333531 21.469999
v 1.497001 -2.240420 21.469999
v 1.640326 -2.137714 21.469999
v 1.776627 -2.025855 21.469999
v 1.905320 -1.905320 21.469999
v 2.025855 -1.776627 21.469999
v 2.137714 -1.640326 21.469999
v 2.240420 -1.497001 21.469999
v 2.333531 -1.347265 21.469999
v 2.416651 -1.191760 21.469999
v 2.489421 -1.031152 21.469999
v 2.551532 -0.866128 21.469999
v 2.602716 -0.697396 21.469999
v 2.642755 -0.525677 21.469999
v 2.671478 -0.351707 21.469999
v 2.688761 -0.176231 21.469999
v 2.915530 0.000000 21.469999
v 2.909288 0.190685 21.469999
v 2.890587 0.380553 21.469999
v 2.859509 0.568792 21.469999
v 2.816186 0.754595 21.469999
v 2.760803 0.937166 21.469999
v 2.693599 1.115725 21.469999
v 2.614859 1.289506 21.469999
v 2.524923 1.457765 21.469999
v 2.424175 1.619782 21.469999
v 2.313046 1.774862 21.469999
v 2.192012 1.922343 21.469999
v 2.061591 2.061591 21.469999
v 1.922343 2.192012 21.469999
v 1.774862 2.313046 21.469999
v 1.619782 2.424175 21.469999
v 1.457765 2.524923 21.469999
v 1.289506 2.614859 21.469999
v 1.115725 2.693599 21.469999
v 0.937166 2.760803 21.469999
v 0.754595 2.816186 21.469999
v 0.568792 2.859509 21.469999
v 0.380553 2.890587 21.469999
v 0.190685 2.909288 21.469999
v 0.000000 2.915530 21.469999
v -0.190685 2.909288 21.469999
v -0.380553 2.890587 21.469999
v -0.568792 2.859509 21.469999
v -0.754595 2.816186 21.469999
v -0.937166 2.760803 21.469999
v -1.115725 2.693599 21.469999
v -1.289506 2.614859 21.469999
v -1.457765 2.524923 21.469999
v -1.619782 2.424175 21.469999
v -1.774862 2.313046 21.469999
v -1.922343 2.192012 21.469999
v -2.061591 2.061591 21.469999
v -2.192012 1.922343 21.469999
v -2.313046 1.774862 21.469999
v -2.424175 1.619782 21.469999
v -2.524923 1.457765 21.469999
v -2.614859 1.289506 21.469999
v -2.693599 1.115725 21.469999
v -2.760803 0.937166 21.469999
v -2.816186 0.754595 21.469999
v -2.859509 0.568792 21.469999
v -2.890587 0.380553 21.469999
v -2.909288 0.190685 21.469999
v -2.915530 0.000000 21.469999
v -2.909288 -0.190685 21.469999
v -2.890587 -0.380553 21.469999
v -2.859509 -0.568792 21.469999
v -2.816186 -0.754595 21.469999
v -2.760803 -0.937166 21.469999
v -2.693599 -1.115725 21.469999
v -2.614859 -1.289506 21.469999
v -2.524923 -1.457765 21.469999
v -2.424175 -1.619782 21.469999
v -2.313046 -1.774862 21.469999
v -2.192012 -1.922343 21.469999
v -2.061591 -2.061591 21.469999
v -1.922343 -2.192012 21.469999
v -1.774862 -2.313046 21.469999
v -1.619782 -2.424175 21.469999
v -1.457765 -2.524923 21.469999
v -1.289506 -2.614859 21.469999
v -1.115725 -2.693599 21.469999
v -0.937166 -2.760803 21.469999
v -0.754595 -2.816186 21.469999
v -0.568792 -2.859509 21.469999
v -0.380553 -2.890587 21.469999
v -0.190685 -2.909288 21.469999
v -0.000000 -2.915530 21.469999
v 0.190685 -2.909288 21.469999
v 0.380553 -2.890587 21.469999
v 0.568792 -2.859509 21.469999
v 0.754595 -2.816186 21.469999
v 0.937166 -2.760803 21.469999
v 1.115725 -2.693599 21.469999
v 1.289506 -2.614859 21.469999
v 1.457765 -2.524923 21.469999
v 1.619782 -2.424175 21.469999
v 1.774862 -2.313046 21.469999
v 1.922343 -2.192012 21.469999
v 2.061591 -2.061591 21.469999
v 2.192012 -1.922343 21.469999
v 2.313046 -1.774862 21.469999
v 2.424175 -1.619782 21.469999
v 2.524923 -1.457765 21.469999
v 2.614859 -1.289506 21.469999
v 2.693599 -1.115725 21.469999
v 2.760803 -0.937166 21.469999
v 2.816186 -0.754595 21.469999
v 2.859509 -0.568792 21.469999
v 2.890587 -0.380553 21.469999
v 2.909288 -0.190685 21.469999
v 2.915530 0.000000 21.610001
v 2.909288 0.190685 21.610001
v 2.890587 0.380553 21.610001
v 2.859509 0.568792 21.610001
v 2.816186 0.754595 21.610001
v 2.760803 0.937166 21.610001
v 2.693599 1.115725 21.610001
v 2.614859 1.289506 21.610001
v 2.524923 1.457765 21.610001
v 2.424175 1.619782 21.610001
v 2.313046 1.774862 21.610001
v 2.192012 1.922343 21.610001
v 2.061591 2.061591 21.610001
v 1.922343 2.192012 21.610001
v 1.774862 2.313046 21.610001
v 1.619782 2.424175 21.610001
v 1.457765 2.524923 21.610001
v 1.289506 2.614859 21.610001
v 1.115725 2.693599 21.610001
v 0.937166 2.760803 21.610001
v 0.754595 2.816186 21.610001
v 0.568792 2.859509 21.610001
v 0.380553 2.890587 21.610001
v 0.190685 2.909288 21.610001
v 0.000000 2.915530 21.610001
v -0.190685 2.909288 21.610001
v -0.380553 2.890587 21.610001
v -0.568792 2.859509 21.610001
v -0.754595 2.816186 21.610001
v -0.937166 2.760803 21.610001
v -1.115725 2.693599 21.610001
v -1.289506 2.614859 21.610001
v -1.457765 2.524923 21.610001
v -1.619782 2.424175 21.610001
v -1.774862 2.313046 21.610001
v -1.922343 2.192012 21.610001
v -2.061591 2.061591 21.610001
v -2.192012 1.922343 21.610001
v -2.313046 1.774862 21.610001
v -2.424175 1.619782 21.610001
v -2.524923 1.457765 21.610001
v -2.614859 1.289506 21.610001
v -2.693599 1.115725 21.610001
v -2.760803 0.937166 21.610001
v -2.816186 0.754595 21.610001
v -2.859509 0.568792 21.610001
v -2.890587 0.380553 21.610001
v -2.909288 0.190685 21.610001
v -2.915530 0.000000 21.610001
v -2.909288 -0.190685 21.610001
v -2.890587 -0.380553 21.610001
v -2.859509 -0.568792 21.610001
v -2.816186 -0.754595 21.610001
v -2.760803 -0.937166 21.610001
v -2.693599 -1.115725 21.610001
v -2.614859 -1.289506 21.610001
v -2.524923 -1.457765 21.610001
v -2.424175 -1.619782 21.610001
v -2.313046 -1.774862 21.610001
v -2.192012 -1.922343 21.610001
v -2.061591 -2.061591 21.610001
v -1.922343 -2.192012 21.610001
v -1.774862 -2.313046 21.610001
v -1.619782 -2.424175 21.610001
v -1.457765 -2.524923 21.610001
v -1.289506 -2.614859 21.610001
v -1.115725 -2.693599 21.610001
v -0.937166 -2.760803 21.610001
v -0.754595 -2.816186 21.610001
v -0.568792 -2.859509 21.610001
v -0.380553 -2.890587 21.610001
v -0.190685 -2.909288 21.610001
v -0.000000 -2.915530 21.610001
v 0.190685 -2.909288 21.610001
v 0.380553 -2.890587 21.610001
v 0.568792 -2.859509 21.610001
v 0.754595 -2.816186 21.610001
v 0.937166 -2.760803 21.610001
v 1.115725 -2.693599 21.610001
v 1.289506 -2.614859 21.610001
v 1.457765 -2.524923 21.610001
v 1.619782 -2.424175 21.610001
v 1.774862 -2.313046 21.610001
v 1.922343 -2.192012 21.610001
v 2.061591 -2.061591 21.610001
v 2.192012 -1.922343 21.610001
v 2.313046 -1.774862 21.610001
v 2.424175 -1.619782 21.610001
v 2.524923 -1.457765 21.610001
v 2.614859 -1.289506 21.610001
v 2.693599 -1.115725 21.610001
v 2.760803 -0.937166 21.610001
v 2.816186 -0.754595 21.610001
v 2.859509 -0.568792 21.610001
v 2.890587 -0.380553 21.610001
v 2.909288 -0.190685 21.610001
v 2.694530 0.000000 21.610001
v 2.688761 0.176231 21.610001
v 2.671478 0.351707 21.610001
v 2.642755 0.525677 21.610001
v 2.602716 0.697396 21.610001
v 2.551532 0.866128 21.610001
v 2.489421 1.031152 21.610001
v 2.416651 1.191760 21.610001
v 2.333531 1.347265 21.610001
v 2.240420 1.497001 21.610001
v 2.137714 1.640326 21.610001
v 2.025855 1.776627 21.610001
v 1.905320 1.905320 21.610001
v 1.776627 2.025855 21.610001
v 1.640326 2.137714 21.610001
v 1.497001 2.240420 21.610001
v 1.347265 2.333531 21.610001
v 1.191760 2.416651 21.610001
v 1.031152 2.489421 21.610001
v 0.866128 2.551532 21.610001
v 0.697396 2.602716 21.610001
v 0.525677 2.642755 21.610001
v 0.351707 2.671478 21.610001
v 0.176231 2.688761 21.610001
v 0.000000 2.694530 21.610001
v -0.176231 2.688761 21.610001
v -0.351707 2.671478 21.610001
v -0.525677 2.642755 21.610001
v -0.697396 2.602716 21.610001
v -0.866128 2.551532 21.610001
v -1.031152 2.489421 21.610001
v -1.191760 2.416651 21.610001
v -1.347265 2.333531 21.610001
v -1.497001 2.240420 21.610001
v -1.640326 2.137714 21.610001
v -1.776627 2.025855 21.610001
v -1.905320 1.905320 21.610001
v -2.025855 1.776627 21.610001
v -2.137714 1.640326 21.610001
v -2.240420 1.497001 21.610001
v -2.333531 1.347265 21.610001
v -2.416651 1.191760 21.610001
v -2.489421 1.031152 21.610001
v -2.551532 0.866128 21.610001
v -2.602716 0.697396 21.610001
v -2.642755 0.525677 21.610001
v -2.671478 0.351707 21.610001
v -2.688761 0.176231 21.610001
v -2.694530 0.000000 21.610001
v -2.688761 -0.176231 21.610001
v -2.671478 -0.351707 21.610001
v -2.642755 -0.525677 21.610001
v -2.602716 -0.697396 21.610001
v -2.551532 -0.866128 21.610001
v -2.489421 -1.031152 21.610001
v -2.416651 -1.191760 21.610001
v -2.333531 -1.347265 21.610001
v -2.240420 -1.497001 21.610001
v -2.137714 -1.640326 21.610001
v -2.025855 -1.776627 21.610001
v -1.905320 -1.905320 21.610001
v -1.776627 -2.025855 21.610001
v -1.640326 -2.137714 21.610001
v -1.497001 -2.240420 21.610001
v -1.347265 -2.333531 21.610001
v -1.191760 -2.416651 21.610001
v -1.031152 -2.489421 21.610001
v -0.866128 -2.551532 21.610001
v -0.697396 -2.602716 21.610001
v -0.525677 -2.642755 21.610001
v -0.351707 -2.671478 21.610001
v -0.176231 -2.688761 21.610001
v -0.000000 -2.694530 21.610001
v 0.176231 -2.688761 21.610001
v 0.351707 -2.671478 21.610001
v 0.525677 -2.642755 21.610001
v 0.697396 -2.602716 21.610001
v 0.866128 -2.551532 21.610001
v 1.031152 -2.489421 21.610001
v 1.191760 -2.416651 21.610001
v 1.347265 -2.333531 21.610001
v 1.497001 -2.240420 21.610001
v 1.640326 -2.137714 21.610001
v 1.776627 -2.025855 21.610001
v 1.905320 -1.905320 21.610001
v 2.025855 -1.776627 21.610001
v 2.137714 -1.640326 21.610001
v 2.240420 -1.497001 21.610001
v 2.333531 -1.347265 21.610001
v 2.416651 -1.191760 21.610001
v 2.489421 -1.031152 21.610001
v 2.551532 -0.866128 21.610001
v 2.602716 -0.697396 21.610001
v 2.642755 -0.525677 21.610001
v 2.671478 -0.351707 21.610001
v 2.688761 -0.176231 21.610001
v 2.694530 0.000000 21.469999
v 2.688761 0.176231 21.469999
v 2.671478 0.351707 21.469999
v 2.642755 0.525677 21.469999
v 2.602716 0.697396 21.469999
v 2.551532 0.866128 21.469999
v 2.489421 1.031152 21.469999
v 2.416651 1.191760 21.469999
v 2.333531 1.347265 21.469999
v 2.240420 1.497001 21.469999
v 2.137714 1.640326 21.469999
v 2.025855 1.776627 21.469999
v 1.905320 1.905320 21.469999
v 1.776627 2.025855 21.469999
v 1.640326 2.137714 21.469999
v 1.497001 2.240420 21.469999
v 1.347265 2.333531 21.469999
v 1.191760 2.416651 21.469999
v 1.031152 2.489421 21.469999
v 0.866128 2.551532 21.469999
v 0.697396 2.602716 21.469999
v 0.525677 2.642755 21.469999
v 0.351707 2.671478 21.469999
v 0.176231 2.688761 21.469999
v 0.000000 2.694530 21.469999
v -0.176231 2.688761 21.469999
v -0.351707 2.671478 21.469999
v -0.525677 2.642755 21.469999
v -0.697396 2.602716 21.469999
v -0.866128 2.551532 21.469999
v -1.031152 2.489421 21.469999
v -1.191760 2.416651 21.469999
v -1.347265 2.333531 21.469999
v -1.497001 2.240420 21.469999
v -1.640326 2.137714 21.469999
v -1.776627 2.025855 21.469999
v -1.905320 1.905320 21.469999
v -2.025855 1.776627 21.469999
v -2.137714 1.640326 21.469999
v -2.240420 1.497001 21.469999
v -2.333531 1.347265 21.469999
v -2.416651 1.191760 21.469999
v -2.489421 1.031152 21.469999
v -2.551532 0.866128 21.469999
v -2.602716 0.697396 21.469999
v -2.642755 0.525677 21.469999
v -2.671478 0.351707 21.469999
v -2.688761 0.176231 21.469999
v -2.694530 0.000000 21.469999
v -2.688761 -0.176231 21.469999
v -2.671478 -0.351707 21.469999
v -2.642755 -0.525677 21.469999
v -2.602716 -0.697396 21.469999
v -2.551532 -0.866128 21.469999
v -2.489421 -1.031152 21.469999
v -2.416651 -1.191760 21.469999
v -2.333531 -1.347265 21.469999
v -2.240420 -1.497001 21.469999
v -2.137714 -1.640326 21.469999
v -2.025855 -1.776627 21.469999
v -1.905320 -1.905320 21.469999
v -1.776627 -2.025855 21.469999
v -1.640326 -2.137714 21.469999
v -1.497001 -2.240420 21.469999
v -1.347265 -2.333531 21.469999
v -1.191760 -2.416651 21.469999
v -1.031152 -2.489421 21.469999
v -0.866128 -2.551532 21.469999
v -0.697396 -2.602716 21.469999
v -0.525677 -2.642755 21.469999
v -0.351707 -2.671478 21.469999
v -0.176231 -2.688761 21.469999
v -0.000000 -2.694530 21.469999
v 0.176231 -2.688761 21.469999
v 0.351707 -2.671478 21.469999
v 0.525677 -2.642755 21.469999
v 0.697396 -2.602716 21.469999
v 0.866128 -2.551532 21.469999
v 1.031152 -2.489421 21.469999
v 1.191760 -2.416651 21.469999
v 1.347265 -2.333531 21.469999
v 1.497001 -2.240420 21.469999
v 1.640326 -2.137714 21.469999
v 1.776627 -2.025855 21.469999
v 1.905320 -1.905320 21.469999
v 2.025855 -1.776627 21.469999
v 2.137714 -1.640326 21.469999
v 2.240420 -1.497001 21.469999
v 2.333531 -1.347265 21.469999
v 2.416651 -1.191760 21.469999
v 2.489421 -1.031152 21.469999
v 2.551532 -0.866128 21.469999
v 2.602716 -0.697396 21.469999
v 2.642755 -0.525677 21.469999
v 2.671478 -0.351707 21.469999
v 2.688761 -0.176231 21.469999
v 2.955000 0.000000 21.594999
v 2.948673 0.193266 21.594999
v 2.929719 0.385705 21.594999
v 2.898221 0.576492 21.594999
v 2.854311 0.764810 21.594999
v 2.798178 0.949854 21.594999
v 2.730064 1.130830 21.594999
v 2.650259 1.306963 21.594999
v 2.559105 1.477500 21.594999
v 2.456993 1.641710 21.594999
v 2.344359 1.798890 21.594999
v 2.221687 1.948367 21.594999
v 2.089500 2.089500 21.594999
v 1.948367 2.221687 21.594999
v 1.798890 2.344359 21.594999
v 1.641710 2.456993 21.594999
v 1.477500 2.559105 21.594999
v 1.306963 2.650259 21.594999
v 1.130830 2.730064 21.594999
v 0.949854 2.798178 21.594999
v 0.764810 2.854311 21.594999
v 0.576492 2.898221 21.594999
v 0.385705 2.929719 21.594999
v 0.193266 2.948673 21.594999
v 0.000000 2.955000 21.594999
v -0.193266 2.948673 21.594999
v -0.385705 2.929719 21.594999
v -0.576492 2.898221 21.594999
v -0.764810 2.854311 21.594999
v -0.949854 2.798178 21.594999
v -1.130830 2.730064 21.594999
v -1.306963 2.650259 21.594999
v -1.477500 2.559105 21.594999
v -1.641710 2.456993 21.594999
v -1.798890 2.344359 21.594999
v -1.948367 2.221687 21.594999
v -2.089500 2.089500 21.594999
v -2.221687 1.948367 21.594999
v -2.344359 1.798890 21.594999
v -2.456993 1.641710 21.594999
v -2.559105 1.477500 21.594999
v -2.650259 1.306963 21.594999
v -2.730064 1.130830 21.594999
v -2.798178 0.949854 21.594999
v -2.854311 0.764810 21.594999
v -2.898221 0.576492 21.594999
v -2.929719 0.385705 21.594999
v -2.948673 0.193266 21.594999
v -2.955000 0.000000 21.594999
v -2.948673 -0.193266 21.594999
v -2.929719 -0.385705 21.594999
v -2.898221 -0.576492 21.594999
v -2.854311 -0.764810 21.594999
v -2.798178 -0.949854 21.594999
v -2.730064 -1.130830 21.594999
v -2.650259 -1.306963 21.594999
v -2.559105 -1.477500 21.594999
v -2.456993 -1.641710 21.594999
v -2.344359 -1.798890 21.594999
v -2.221687 -1.948367 21.594999
v -2.089500 -2.089500 21.594999
v -1.948367 -2.221687 21.594999
v -1.798890 -2.344359 21.594999
v -1.641710 -2.456993 21.594999
v -1.477500 -2.559105 21.594999
v -1.306963 -2.650259 21.594999
v -1.130830 -2.730064 21.594999
v -0.949854 -2.798178 21.594999
v -0.764810 -2.854311 21.594999
v -0.576492 -2.898221 21.594999
v -0.385705 -2.929719 21.594999
v -0.193266 -2.948673 21.594999
v -0.000000 -2.955000 21.594999
v 0.193266 -2.948673 21.594999
v 0.385705 -2.929719 21.594999
v 0.576492 -2.898221 21.594999
v 0.764810 -2.854311 21.594999
v 0.949854 -2.798178 21.594999
v 1.130830 -2.730064 21.594999
v 1.306963 -2.650259 21.594999
v 1.477500 -2.559105 21.594999
v 1.641710 -2.456993 21.594999
v 1.798890 -2.344359 21.594999
v 1.948367 -2.221687 21.594999
v 2.089500 -2.089500 21.594999
v 2.221687 -1.948367 21.594999
v 2.344359 -1.798890 21.594999
v 2.456993 -1.641710 21.594999
v 2.559105 -1.477500 21.594999
v 2.650259 -1.306963 21.594999
v 2.730064 -1.130830 21.594999
v 2.798178 -0.949854 21.594999
v 2.854311 -0.764810 21.594999
v 2.898221 -0.576492 21.594999
v 2.929719 -0.385705 21.594999
v 2.948673 -0.193266 21.594999
v 2.969000 0.000000 21.594999
v 2.962643 0.194182 21.594999
v 2.943600 0.387532 21.594999
v 2.911952 0.579223 21.594999
v 2.867834 0.768434 21.594999
v 2.811435 0.954354 21.594999
v 2.742998 1.136187 21.594999
v 2.662815 1.313155 21.594999
v 2.571229 1.484500 21.594999
v 2.468633 1.649488 21.594999
v 2.355466 1.807413 21.594999
v 2.232212 1.957598 21.594999
v 2.099400 2.099400 21.594999
v 1.957598 2.232212 21.594999
v 1.807413 2.355466 21.594999
v 1.649488 2.468633 21.594999
v 1.484500 2.571229 21.594999
v 1.313155 2.662815 21.594999
v 1.136187 2.742998 21.594999
v 0.954354 2.811435 21.594999
v 0.768434 2.867834 21.594999
v 0.579223 2.911952 21.594999
v 0.387532 2.943600 21.594999
v 0.194182 2.962643 21.594999
v 0.000000 2.969000 21.594999
v -0.194182 2.962643 21.594999
v -0.387532 2.943600 21.594999
v -0.579223 2.911952 21.594999
v -0.768434 2.867834 21.594999
v -0.954354 2.811435 21.594999
v -1.136187 2.742998 21.594999
v -1.313155 2.662815 21.594999
v -1.484500 2.571229 21.594999
v -1.649488 2.468633 21.594999
v -1.807413 2.355466 21.594999
v -1.957598 2.232212 21.594999
v -2.099400 2.099400 21.594999
v -2.232212 1.957598 21.594999
v -2.355466 1.807413 21.594999
v -2.468633 1.649488 21.594999
v -2.571229 1.484500 21.594999
v -2.662815 1.313155 21.594999
v -2.742998 1.136187 21.594999
v -2.811435 0.954354 21.594999
v -2.867834 0.768434 21.594999
v -2.911952 0.579223 21.594999
v -2.943600 0.387532 21.594999
v -2.962643 0.194182 21.594999
v -2.969000 0.000000 21.594999
v -2.962643 -0.194182 21.594999
v -2.943600 -0.387532 21.594999
v -2.911952 -0.579223 21.594999
v -2.867834 -0.768434 21.594999
v -2.811435 -0.954354 21.594999
v -2.742998 -1.136187 21.594999
v -2.662815 -1.313155 21.594999
v -2.571229 -1.484500 21.594999
v -2.468633 -1.649488 21.594999
v -2.355466 -1.807413 21.594999
v -2.232212 -1.957598 21.594999
v -2.099400 -2.099400 21.594999
v -1.957598 -2.232212 21.594999
v -1.807413 -2.355466 21.594999
v -1.649488 -2.468633 21.594999
v -1.484500 -2.571229 21.594999
v -1.313155 -2.662815 21.594999
v -1.136187 -2.742998 21.594999
v -0.954354 -2.811435 21.594999
v -0.768434 -2.867834 21.594999
v -0.579223 -2.911952 21.594999
v -0.387532 -2.943600 21.594999
v -0.194182 -2.962643 21.594999
v -0.000000 -2.969000 21.594999
v 0.194182 -2.962643 21.594999
v 0.387532 -2.943600 21.594999
v 0.579223 -2.911952 21.594999
v 0.768434 -2.867834 21.594999
v 0.954354 -2.811435 21.594999
v 1.136187 -2.742998 21.594999
v 1.313155 -2.662815 21.594999
v 1.484500 -2.571229 21.594999
v 1.649488 -2.468633 21.594999
v 1.807413 -2.355466 21.594999
v 1.957598 -2.232212 21.594999
v 2.099400 -2.099400 21.594999
v 2.232212 -1.957598 21.594999
v 2.355466 -1.807413 21.594999
v 2.468633 -1.649488 21.594999
v 2.571229 -1.484500 21.594999
v 2.662815 -1.313155 21.594999
v 2.742998 -1.136187 21.594999
v 2.811435 -0.954354 21.594999
v 2.867834 -0.768434 21.594999
v 2.911952 -0.579223 21.594999
v 2.943600 -0.387532 21.594999
v 2.962643 -0.194182 21.594999
v 2.969000 0.000000 21.625000
v 2.962643 0.194182 21.625000
v 2.943600 0.387532 21.625000
v 2.911952 0.579223 21.625000
v 2.867834 0.768434 21.625000
v 2.811435 0.954354 21.625000
v 2.742998 1.136187 21.625000
v 2.662815 1.313155 21.625000
v 2.571229 1.484500 21.625000
v 2.468633 1.649488 21.625000
v 2.355466 1.807413 21.625000
v 2.232212 1.957598 21.625000
v 2.099400 2.099400 21.625000
v 1.957598 2.232212 21.625000
v 1.807413 2.355466 21.625000
v 1.649488 2.468633 21.625000
v 1.484500 2.571229 21.625000
v 1.313155 2.662815 21.625000
v 1.136187 2.742998 21.625000
v 0.954354 2.811435 21.625000
v 0.768434 2.867834 21.625000
v 0.579223 2.911952 21.625000
v 0.387532 2.943600 21.625000
v 0.194182 2.962643 21.625000
v 0.000000 2.969000 21.625000
v -0.194182 2.962643 21.625000
v -0.387532 2.943600 21.625000
v -0.579223 2.911952 21.625000
v -0.768434 2.867834 21.625000
v -0.954354 2.811435 21.625000
v -1.136187 2.742998 21.625000
v -1.313155 2.662815 21.625000
v -1.484500 2.571229 21.625000
v -1.649488 2.468633 21.625000
v -1.807413 2.355466 21.625000
v -1.957598 2.232212 21.625000
v -2.099400 2.099400 21.625000
v -2.232212 1.957598 21.625000
v -2.355466 1.807413 21.625000
v -2.468633 1.649488 21.625000
v -2.571229 1.484500 21.625000
v -2.662815 1.313155 21.625000
v -2.742998 1.136187 21.625000
v -2.811435 0.954354 21.625000
v -2.867834 0.768434 21.625000
v -2.911952 0.579223 21.625000
v -2.943600 0.387532 21.625000
v -2.962643 0.194182 21.625000
v -2.969000 0.000000 21.625000
v -2.962643 -0.194182 21.625000
v -2.943600 -0.387532 21.625000
v -2.911952 -0.579223 21.625000
v -2.867834 -0.768434 21.625000
v -2.811435 -0.954354 21.625000
v -2.742998 -1.136187 21.625000
v -2.662815 -1.313155 21.625000
v -2.571229 -1.484500 21.625000
v -2.468633 -1.649488 21.625000
v -2.355466 -1.807413 21.625000
v -2.232212 -1.957598 21.625000
v -2.099400 -2.099400 21.625000
v -1.957598 -2.232212 21.625000
v -1.807413 -2.355466 21.625000
v -1.649488 -2.468633 21.625000
v -1.484500 -2.571229 21.625000
v -1.313155 -2.662815 21.625000
v -1.136187 -2.742998 21.625000
v -0.954354 -2.811435 21.625000
v -0.768434 -2.867834 21.625000
v -0.579223 -2.911952 21.625000
v -0.387532 -2.943600 21.625000
v -0.194182 -2.962643 21.625000
v -0.000000 -2.969000 21.625000
v 0.194182 -2.962643 21.625000
v 0.387532 -2.943600 21.625000
v 0.579223 -2.911952 21.625000
v 0.768434 -2.867834 21.625000
v 0.954354 -2.811435 21.625000
v 1.136187 -2.742998 21.625000
v 1.313155 -2.662815 21.625000
v 1.484500 -2.571229 21.625000
v 1.649488 -2.468633 21.625000
v 1.807413 -2.355466 21.625000
v 1.957598 -2.232212 21.625000
v 2.099400 -2.099400 21.625000
v 2.232212 -1.957598 21.625000
v 2.355466 -1.807413 21.625000
v 2.468633 -1.649488 21.625000
v 2.571229 -1.484500 21.625000
v 2.662815 -1.313155 21.625000
v 2.742998 -1.136187 21.625000
v 2.811435 -0.954354 21.625000
v 2.867834 -0.768434 21.625000
v 2.911952 -0.579223 21.625000
v 2.943600 -0.387532 21.625000
v 2.962643 -0.194182 21.625000
v 2.955000 0.000000 21.625000
v 2.948673 0.193266 21.625000
v 2.929719 0.385705 21.625000
v 2.898221 0.576492 21.625000
v 2.854311 0.764810 21.625000
v 2.798178 0.949854 21.625000
v 2.730064 1.130830 21.625000
v 2.650259 1.306963 21.625000
v 2.559105 1.477500 21.625000
v 2.456993 1.641710 21.625000
v 2.344359 1.798890 21.625000
v 2.221687 1.948367 21.625000
v 2.089500 2.089500 21.625000
v 1.948367 2.221687 21.625000
v 1.798890 2.344359 21.625000
v 1.641710 2.456993 21.625000
v 1.477500 2.559105 21.625000
v 1.306963 2.650259 21.625000
v 1.130830 2.730064 21.625000
v 0.949854 2.798178 21.625000
v 0.764810 2.854311 21.625000
v 0.576492 2.898221 21.625000
v 0.385705 2.929719 21.625000
v 0.193266 2.948673 21.625000
v 0.000000 2.955000 21.625000
v -0.193266 2.948673 21.625000
v -0.385705 2.929719 21.625000
v -0.576492 2.898221 21.625000
v -0.764810 2.854311 21.625000
v -0.949854 2.798178 21.625000
v -1.130830 2.730064 21.625000
v -1.306963 2.650259 21.625000
v -1.477500 2.559105 21.625000
v -1.641710 2.456993 21.625000
v -1.798890 2.344359 21.625000
v -1.948367 2.221687 21.625000
v -2.089500 2.089500 21.625000
v -2.221687 1.948367 21.625000
v -2.344359 1.798890 21.625000
v -2.456993 1.641710 21.625000
v -2.559105 1.477500 21.625000
v -2.650259 1.306963 21.625000
v -2.730064 1.130830 21.625000
v -2.798178 0.949854 21.625000
v -2.854311 0.764810 21.625000
v -2.898221 0.576492 21.625000
v -2.929719 0.385705 21.625000
v -2.948673 0.193266 21.625000
v -2.955000 0.000000 21.625000
v -2.948673 -0.193266 21.625000
v -2.929719 -0.385705 21.625000
v -2.898221 -0.576492 21.625000
v -2.854311 -0.764810 21.625000
v -2.798178 -0.949854 21.625000
v -2.730064 -1.130830 21.625000
v -2.650259 -1.306963 21.625000
v -2.559105 -1.477500 21.625000
v -2.456993 -1.641710 21.625000
v -2.344359 -1.798890 21.625000
v -2.221687 -1.948367 21.625000
v -2.089500 -2.089500 21.625000
v -1.948367 -2.221687 21.625000
v -1.798890 -2.344359 21.625000
v -1.641710 -2.456993 21.625000
v -1.477500 -2.559105 21.625000
v -1.306963 -2.650259 21.625000
v -1.130830 -2.730064 21.625000
v -0.949854 -2.798178 21.625000
v -0.764810 -2.854311 21.625000
v -0.576492 -2.898221 21.625000
v -0.385705 -2.929719 21.625000
v -0.193266 -2.948673 21.625000
v -0.000000 -2.955000 21.625000
v 0.193266 -2.948673 21.625000
v 0.385705 -2.929719 21.625000
v 0.576492 -2.898221 21.625000
v 0.764810 -2.854311 21.625000
v 0.949854 -2.798178 21.625000
v 1.130830 -2.730064 21.625000
v 1.306963 -2.650259 21.625000
v 1.477500 -2.559105 21.625000
v 1.641710 -2.456993 21.625000
v 1.798890 -2.344359 21.625000
v 1.948367 -2.221687 21.625000
v 2.089500 -2.089500 21.625000
v 2.221687 -1.948367 21.625000
v 2.344359 -1.798890 21.625000
v 2.456993 -1.641710 21.625000
v 2.559105 -1.477500 21.625000
v 2.650259 -1.306963 21.625000
v 2.730064 -1.130830 21.625000
v 2.798178 -0.949854 21.625000
v 2.854311 -0.764810 21.625000
v 2.898221 -0.576492 21.625000
v 2.929719 -0.385705 21.625000
v 2.948673 -0.193266 21.625000
v 2.955000 0.000000 21.594999
v 2.948673 0.193266 21.594999
v 2.929719 0.385705 21.594999
v 2.898221 0.576492 21.594999
v 2.854311 0.764810 21.594999
v 2.798178 0.949854 21.594999
v 2.730064 1.130830 21.594999
v 2.650259 1.306963 21.594999
v 2.559105 1.477500 21.594999
v 2.456993 1.641710 21.594999
v 2.344359 1.798890 21.594999
v 2.221687 1.948367 21.594999
v 2.089500 2.089500 21.594999
v 1.948367 2.221687 21.594999
v 1.798890 2.344359 21.594999
v 1.641710 2.456993 21.594999
v 1.477500 2.559105 21.594999
v 1.306963 2.650259 21.594999
v 1.130830 2.730064 21.594999
v 0.949854 2.798178 21.594999
v 0.764810 2.854311 21.594999
v 0.576492 2.898221 21.594999
v 0.385705 2.929719 21.594999
v 0.193266 2.948673 21.594999
v 0.000000 2.955000 21.594999
v -0.193266 2.948673 21.594999
v -0.385705 2.929719 21.594999
v -0.576492 2.898221 21.594999
v -0.764810 2.854311 21.594999
v -0.949854 2.798178 21.594999
v -1.130830 2.730064 21.594999
v -1.306963 2.650259 21.594999
v -1.477500 2.559105 21.594999
v -1.641710 2.456993 21.594999
v -1.798890 2.344359 21.594999
v -1.948367 2.221687 21.594999
v -2.089500 2.089500 21.594999
v -2.221687 1.948367 21.594999
v -2.344359 1.798890 21.594999
v -2.456993 1.641710 21.594999
v -2.559105 1.477500 21.594999
v -2.650259 1.306963 21.594999
v -2.730064 1.130830 21.594999
v -2.798178 0.949854 21.594999
v -2.854311 0.764810 21.594999
v -2.898221 0.576492 21.594999
v -2.929719 0.385705 21.594999
v -2.948673 0.193266 21.594999
v -2.955000 0.000000 21.594999
v -2.948673 -0.193266 21.594999
v -2.929719 -0.385705 21.594999
v -2.898221 -0.576492 21.594999
v -2.854311 -0.764810 21.594999
v -2.798178 -0.949854 21.594999
v -2.730064 -1.130830 21.594999
v -2.650259 -1.306963 21.594999
v -2.559105 -1.477500 21.594999
v -2.456993 -1.641710 21.594999
v -2.344359 -1.798890 21.594999
v -2.221687 -1.948367 21.594999
v -2.089500 -2.089500 21.594999
v -1.948367 -2.221687 21.594999
v -1.798890 -2.344359 21.594999
v -1.641710 -2.456993 21.594999
v -1.477500 -2.559105 21.594999
v -1.306963 -2.650259 21.594999
v -1.130830 -2.730064 21.594999
v -0.949854 -2.798178 21.594999
v -0.764810 -2.854311 21.594999
v -0.576492 -2.898221 21.594999
v -0.385705 -2.929719 21.594999
v -0.193266 -2.948673 21.594999
v -0.000000 -2.955000 21.594999
v 0.193266 -2.948673 21.594999
v 0.385705 -2.929719 21.594999
v 0.576492 -2.898221 21.594999
v 0.764810 -2.854311 21.594999
v 0.949854 -2.798178 21.594999
v 1.130830 -2.730064 21.594999
v 1.306963 -2.650259 21.594999
v 1.477500 -2.559105 21.594999
v 1.641710 -2.456993 21.594999
v 1.798890 -2.344359 21.594999
v 1.948367 -2.221687 21.594999
v 2.089500 -2.089500 21.594999
v 2.221687 -1.948367 21.594999
v 2.344359 -1.798890 21.594999
v 2.456993 -1.641710 21.594999
v 2.559105 -1.477500 21.594999
v 2.650259 -1.306963 21.594999
v 2.730064 -1.130830 21.594999
v 2.798178 -0.949854 21.594999
v 2.854311 -0.764810 21.594999
v 2.898221 -0.576492 21.594999
v 2.929719 -0.385705 21.594999
v 2.948673 -0.193266 21.594999
vn 0.9995 0.0327 0.0028
vn -0.9995 -0.0327 -0.0028
vn 0.9952 0.0980 0.0028
vn -0.9952 -0.0980 -0.0028
vn 0.9866 0.1629 0.0028
vn -0.9866 -0.1629 -0.0028
vn 0.9739 0.2271 0.0028
vn -0.9739 -0.2271 -0.0028
vn 0.9569 0.2903 0.0028
vn -0.9569 -0.2903 -0.0028
vn 0.9359 0.3522 0.0028
vn -0.9359 -0.3522 -0.0028
vn 0.9109 0.4127 0.0028
vn -0.9109 -0.4127 -0.0028
vn 0.8819 0.4714 0.0028
vn -0.8819 -0.4714 -0.0028
vn 0.8492 0.5281 0.0028
vn -0.8492 -0.5281 -0.0028
vn 0.8128 0.5825 0.0028
vn -0.8128 -0.5825 -0.0028
vn 0.7730 0.6344 0.0028
vn -0.7730 -0.6344 -0.0028
vn 0.7299 0.6836 0.0028
vn -0.7299 -0.6836 -0.0028
vn 0.6836 0.7299 0.0028
vn -0.6836 -0.7299 -0.0028
vn 0.6344 0.7730 0.0028
vn -0.6344 -0.7730 -0.0028
vn 0.5825 0.8128 0.0028
vn -0.5825 -0.8128 -0.0028
vn 0.5281 0.8492 0.0028
vn -0.5281 -0.8492 -0.0028
vn 0.4714 0.8819 0.0028
vn -0.4714 -0.8819 -0.0028
vn 0.4127 0.9109 0.0028
vn -0.4127 -0.9109 -0.0028
vn 0.3522 0.9359 0.0028
vn -0.3522 -0.9359 -0.0028
vn 0.2903 0.9569 0.0028
vn -0.2903 -0.9569 -0.0028
vn 0.2271 0.9739 0.0028
vn -0.2271 -0.9739 -0.0028
vn 0.1629 0.9866 0.0028
vn -0.1629 -0.9866 -0.0028
vn 0.0980 0.9952 0.0028
vn -0.0980 -0.9952 -0.0028
vn 0.0327 0.9995 0.0028
vn -0.0327 -0.9995 -0.0028
vn -0.0327 0.9995 0.0028
vn 0.0327 -0.9995 -0.0028
vn -0.0980 0.9952 0.0028
vn 0.0980 -0.9952 -0.0028
vn -0.1629 0.9866 0.0028
vn 0.1629 -0.9866 -0.0028
vn -0.2271 0.9739 0.0028
vn 0.2271 -0.9739 -0.0028
vn -0.2903 0.9569 0.0028
vn 0.2903 -0.9569 -0.0028
vn -0.3522 0.9359 0.0028
vn 0.3522 -0.9359 -0.0028
vn -0.4127 0.9109 0.0028
vn 0.4127 -0.9109 -0.0028
vn -0.4714 0.8819 0.0028
vn 0.4714 -0.8819 -0.0028
vn -0.5281 0.8492 0.0028
vn 0.5281 -0.8492 -0.0028
vn -0.5825 0.8128 0.0028
vn 0.5825 -0.8128 -0.0028
vn -0.6344 0.7730 0.0028
vn 0.6344 -0.7730 -0.0028
vn -0.6836 0.7299 0.0028
vn 0.6836 -0.7299 -0.0028
vn -0.7299 0.6836 0.0028
vn 0.7299 -0.6836 -0.0028
vn -0.7730 0.6344 0.0028
vn 0.7730 -0.6344 -0.0028
vn -0.8128 0.5825 0.0028
vn 0.8128 -0.5825 -0.0028
vn -0.8492 0.5281 0.0028
vn 0.8492 -0.5281 -0.0028
vn -0.8819 0.4714 0.0028
vn 0.8819 -0.4714 -0.0028
vn -0.9109 0.4127 0.0028
vn 0.9109 -0.4127 -0.0028
vn -0.9359 0.3522 0.0028
vn 0.9359 -0.3522 -0.0028
vn -0.9569 0.2903 0.0028
vn 0.9569 -0.2903 -0.0028
vn -0.9739 0.2271 0.0028
vn 0.9739 -0.2271 -0.0028
vn -0.9866 0.1629 0.0028
vn 0.9866 -0.1629 -0.0028
vn -0.9952 0.0980 0.0028
vn 0.9952 -0.0980 -0.0028
vn -0.9995 0.0327 0.0028
vn 0.9995 -0.0327 -0.0028
vn -0.9995 -0.0327 0.0028
vn 0.9995 0.0327 -0.0028
vn -0.9952 -0.0980 0.0028
vn 0.9952 0.0980 -0.0028
vn -0.9866 -0.1629 0.0028
vn 0.9866 0.1629 -0.0028
vn -0.9739 -0.2271 0.0028
vn 0.9739 0.2271 -0.0028
vn -0.9569 -0.2903 0.0028
vn 0.9569 0.2903 -0.0028
vn -0.9359 -0.3522 0.0028
vn 0.9359 0.3522 -0.0028
vn -0.9109 -0.4127 0.0028
vn 0.9109 0.4127 -0.0028
vn -0.8819 -0.4714 0.0028
vn 0.8819 0.4714 -0.0028
vn -0.8492 -0.5281 0.0028
vn 0.8492 0.5281 -0.0028
vn -0.8128 -0.5825 0.0028
vn 0.8128 0.5825 -0.0028
vn -0.7730 -0.6344 0.0028
vn 0.7730 0.6344 -0.0028
vn -0.7299 -0.6836 0.0028
vn 0.7299 0.6836 -0.0028
vn -0.6836 -0.7299 0.0028
vn 0.6836 0.7299 -0.0028
vn -0.6344 -0.7730 0.0028
vn 0.6344 0.7730 -0.0028
vn -0.5825 -0.8128 0.0028
vn 0.5825 0.8128 -0.0028
vn -0.5281 -0.8492 0.0028
vn 0.5281 0.8492 -0.0028
vn -0.4714 -0.8819 0.0028
vn 0.4714 0.8819 -0.0028
vn -0.4127 -0.9109 0.0028
vn 0.4127 0.9109 -0.0028
vn -0.3522 -0.9359 0.0028
vn 0.3522 0.9359 -0.0028
vn -0.2903 -0.9569 0.0028
vn 0.2903 0.9569 -0.0028
vn -0.2271 -0.9739 0.0028
vn 0.2271 0.9739 -0.0028
vn -0.1629 -0.9866 0.0028
vn 0.1629 0.9866 -0.0028
vn -0.0980 -0.9952 0.0028
vn 0.0980 0.9952 -0.0028
vn -0.0327 -0.9995 0.0028
vn 0.0327 0.9995 -0.0028
vn 0.0327 -0.9995 0.0028
vn -0.0327 0.9995 -0.0028
vn 0.0980 -0.9952 0.0028
vn -0.0980 0.9952 -0.0028
vn 0.1629 -0.9866 0.0028
vn -0.1629 0.9866 -0.0028
vn 0.2271 -0.9739 0.0028
vn -0.2271 0.9739 -0.0028
vn 0.2903 -0.9569 0.0028
vn -0.2903 0.9569 -0.0028
vn 0.3522 -0.9359 0.0028
vn -0.3522 0.9359 -0.0028
vn 0.4127 -0.9109 0.0028
vn -0.4127 0.9109 -0.0028
vn 0.4714 -0.8819 0.0028
vn -0.4714 0.8819 -0.0028
vn 0.5281 -0.8492 0.0028
vn -0.5281 0.8492 -0.0028
vn 0.5825 -0.8128 0.0028
vn -0.5825 0.8128 -0.0028
vn 0.6344 -0.7730 0.0028
vn -0.6344 0.7730 -0.0028
vn 0.6836 -0.7299 0.0028
vn -0.6836 0.7299 -0.0028
vn 0.7299 -0.6836 0.0028
vn -0.7299 0.6836 -0.0028
vn 0.7730 -0.6344 0.0028
vn -0.7730 0.6344 -0.0028
vn 0.8128 -0.5825 0.0028
vn -0.8128 0.5825 -0.0028
vn 0.8492 -0.5281 0.0028
vn -0.8492 0.5281 -0.0028
vn 0.8819 -0.4714 0.0028
vn -0.8819 0.4714 -0.0028
vn 0.9109 -0.4127 0.0028
vn -0.9109 0.4127 -0.0028
vn 0.9359 -0.3522 0.0028
vn -0.9359 0.3522 -0.0028
vn 0.9569 -0.2903 0.0028
vn -0.9569 0.2903 -0.0028
vn 0.9739 -0.2271 0.0028
vn -0.9739 0.2271 -0.0028
vn 0.9866 -0.1629 0.0028
vn -0.9866 0.1629 -0.0028
vn 0.9952 -0.0980 0.0028
vn -0.9952 0.0980 -0.0028
vn 0.9995 -0.0327 0.0028
vn -0.9995 0.0327 -0.0028
vn 0.9995 0.0327 -0.0000
vn -0.9995 -0.0327 0.0006
vn 0.9952 0.0980 -0.0000
vn -0.9952 -0.0980 0.0006
vn 0.9866 0.1629 -0.0000
vn -0.9866 -0.1629 0.0006
vn 0.9739 0.2271 -0.0000
vn -0.9739 -0.2271 0.0006
vn 0.9569 0.2903 -0.0000
vn -0.9569 -0.2903 0.0006
vn 0.9359 0.3523 -0.0000
vn -0.9359 -0.3522 0.0006
vn 0.9109 0.4127 -0.0000
vn -0.9109 -0.4127 0.0006
vn 0.8819 0.4714 -0.0000
vn -0.8819 -0.4714 0.0006
vn 0.8492 0.5281 -0.0000
vn -0.8492 -0.5281 0.0006
vn 0.8128 0.5825 -0.0000
vn -0.8128 -0.5825 0.0006
vn 0.7730 0.6344 -0.0000
vn -0.7730 -0.6344 0.0006
vn 0.7299 0.6836 -0.0000
vn -0.7299 -0.6836 0.0006
vn 0.6836 0.7299 -0.0000
vn -0.6836 -0.7299 0.0006
vn 0.6344 0.7730 -0.0000
vn -0.6344 -0.7730 0.0006
vn 0.5825 0.8128 -0.0000
vn -0.5825 -0.8128 0.0006
vn 0.5281 0.8492 -0.0000
vn -0.5281 -0.8492 0.0006
vn 0.4714 0.8819 -0.0000
vn -0.4714 -0.8819 0.0006
vn 0.4127 0.9109 -0.0000
vn -0.4127 -0.9109 0.0006
vn 0.3523 0.9359 -0.0000
vn -0.3522 -0.9359 0.0006
vn 0.2903 0.9569 -0.0000
vn -0.2903 -0.9569 0.0006
vn 0.2271 0.9739 -0.0000
vn -0.2271 -0.9739 0.0006
vn 0.1629 0.9866 -0.0000
vn -0.1629 -0.9866 0.0006
vn 0.0980 0.9952 -0.0000
vn -0.0980 -0.9952 0.0006
vn 0.0327 0.9995 -0.0000
vn -0.0327 -0.9995 0.0006
vn -0.0327 0.9995 -0.0000
vn 0.0327 -0.9995 0.0006
vn -0.0980 0.9952 -0.0000
vn 0.0980 -0.9952 0.0006
vn -0.1629 0.9866 -0.0000
vn 0.1629 -0.9866 0.0006
vn -0.2271 0.9739 -0.0000
vn 0.2271 -0.9739 0.0006
vn -0.2903 0.9569 -0.0000
vn 0.2903 -0.9569 0.0006
vn -0.3523 0.9359 -0.0000
vn 0.3522 -0.9359 0.0006
vn -0.4127 0.9109 -0.0000
vn 0.4127 -0.9109 0.0006
vn -0.4714 0.8819 -0.0000
vn 0.4714 -0.8819 0.0006
vn -0.5281 0.8492 -0.0000
vn 0.5281 -0.8492 0.0006
vn -0.5825 0.8128 -0.0000
vn 0.5825 -0.8128 0.0006
vn -0.6344 0.7730 -0.0000
vn 0.6344 -0.7730 0.0006
vn -0.6836 0.7299 -0.0000
vn 0.6836 -0.7299 0.0006
vn -0.7299 0.6836 -0.0000
vn 0.7299 -0.6836 0.0006
vn -0.7730 0.6344 -0.0000
vn 0.7730 -0.6344 0.0006
vn -0.8128 0.5825 -0.0000
vn 0.8128 -0.5825 0.0006
vn -0.8492 0.5281 -0.0000
vn 0.8492 -0.5281 0.0006
vn -0.8819 0.4714 -0.0000
vn 0.8819 -0.4714 0.0006
vn -0.9109 0.4127 -0.0000
vn 0.9109 -0.4127 0.0006
vn -0.9359 0.3522 -0.0000
vn 0.9359 -0.3523 0.0006
vn -0.9569 0.2903 -0.0000
vn 0.9569 -0.2903 0.0006
vn -0.9739 0.2271 -0.0000
vn 0.9739 -0.2271 0.0006
vn -0.9866 0.1629 -0.0000
vn 0.9866 -0.1629 0.0006
vn -0.9952 0.0980 -0.0000
vn 0.9952 -0.0980 0.0006
vn -0.9995 0.0327 -0.0000
vn 0.9995 -0.0327 0.0006
vn -0.9995 -0.0327 -0.0000
vn 0.9995 0.0327 0.0006
vn -0.9952 -0.0980 -0.0000
vn 0.9952 0.0980 0.0006
vn -0.9866 -0.1629 -0.0000
vn 0.9866 0.1629 0.0006
vn -0.9739 -0.2271 -0.0000
vn 0.9739 0.2271 0.0006
vn -0.9569 -0.2903 -0.0000
vn 0.9569 0.2903 0.0006
vn -0.9359 -0.3523 -0.0000
vn 0.9359 0.3522 0.0006
vn -0.9109 -0.4127 -0.0000
vn 0.9109 0.4127 0.0006
vn -0.8819 -0.4714 -0.0000
vn 0.8819 0.4714 0.0006
vn -0.8492 -0.5281 -0.0000
vn 0.8492 0.5281 0.0006
vn -0.8128 -0.5825 -0.0000
vn 0.8128 0.5825 0.0006
vn -0.7730 -0.6344 -0.0000
vn 0.7730 0.6344 0.0006
vn -0.7299 -0.6836 -0.0000
vn 0.7299 0.6836 0.0006
vn -0.6836 -0.7299 -0.0000
vn 0.6836 0.7299 0.0006
vn -0.6344 -0.7730 -0.0000
vn 0.6344 0.7730 0.0006
vn -0.5825 -0.8128 -0.0000
vn 0.5825 0.8128 0.0006
vn -0.5281 -0.8492 -0.0000
vn 0.5281 0.8492 0.0006
vn -0.4714 -0.8819 -0.0000
vn 0.4714 0.8819 0.0006
vn -0.4127 -0.9109 -0.0000
vn 0.4127 0.9109 0.0006
vn -0.3523 -0.9359 -0.0000
vn 0.3522 0.9359 0.0006
vn -0.2903 -0.9569 -0.0000
vn 0.2903 0.9569 0.0006
vn -0.2271 -0.9739 -0.0000
vn 0.2271 0.9739 0.0006
vn -0.1629 -0.9866 -0.0000
vn 0.1629 0.9866 0.0006
vn -0.0980 -0.9952 -0.0000
vn 0.0980 0.9952 0.0006
vn -0.0327 -0.9995 -0.0000
vn 0.0327 0.9995 0.0006
vn 0.0327 -0.9995 -0.0000
vn -0.0327 0.9995 0.0006
vn 0.0980 -0.9952 -0.0000
vn -0.0980 0.9952 0.0006
vn 0.1629 -0.9866 -0.0000
vn -0.1629 0.9866 0.0006
vn 0.2271 -0.9739 -0.0000
vn -0.2271 0.9739 0.0006
vn 0.2903 -0.9569 -0.0000
vn -0.2903 0.9569 0.0006
vn 0.3523 -0.9359 -0.0000
vn -0.3522 0.9359 0.0006
vn 0.4127 -0.9109 -0.0000
vn -0.4127 0.9109 0.0006
vn 0.4714 -0.8819 -0.0000
vn -0.4714 0.8819 0.0006
vn 0.5281 -0.8492 -0.0000
vn -0.5281 0.8492 0.0006
vn 0.5825 -0.8128 -0.0000
vn -0.5825 0.8128 0.0006
vn 0.6344 -0.7730 -0.0000
vn -0.6344 0.7730 0.0006
vn 0.6836 -0.7299 -0.0000
vn -0.6836 0.7299 0.0006
vn 0.7299 -0.6836 -0.0000
vn -0.7299 0.6836 0.0006
vn 0.7730 -0.6344 -0.0000
vn -0.7730 0.6344 0.0006
vn 0.8128 -0.5825 -0.0000
vn -0.8128 0.5825 0.0006
vn 0.8492 -0.5281 -0.0000
vn -0.8492 0.5281 0.0006
vn 0.8819 -0.4714 -0.0000
vn -0.8819 0.4714 0.0006
vn 0.9109 -0.4127 -0.0000
vn -0.9109 0.4127 0.0006
vn 0.9359 -0.3522 -0.0000
vn -0.9359 0.3523 0.0006
vn 0.9569 -0.2903 -0.0000
vn -0.9569 0.2903 0.0006
vn 0.9739 -0.2271 -0.0000
vn -0.9739 0.2271 0.0006
vn 0.9866 -0.1629 -0.0000
vn -0.9866 0.1629 0.0006
vn 0.9952 -0.0980 -0.0000
vn -0.9952 0.0980 0.0006
vn 0.9995 -0.0327 -0.0000
vn -0.9995 0.0327 0.0006
vn -0.0000 -0.0000 -1.0000
vn -0.0000 -0.0000 1.0000
vn 1.0000 -0.0000 -0.0000
vn -1.0000 -0.0000 -0.0000
vn 0.9359 0.3522 -0.0000
vn -0.9359 -0.3522 -0.0000
vn -0.3522 -0.9359 -0.0000
vn 0.3522 -0.9359 -0.0000
vn 0.3522 0.9359 -0.0000
vn -0.3522 0.9359 -0.0000
vn -0.0000 1.0000 -0.0000
vn -0.0000 -1.0000 -0.0000
vn 0.5000 0.8660 -0.0000
vn 0.5000 -0.8660 -0.0000
vn -0.5000 -0.8660 -0.0000
vn -0.5000 0.8660 -0.0000
vn 0.3827 0.9239 -0.0000
vn 0.9239 0.3826 -0.0000
vn 0.9239 -0.3827 -0.0000
vn 0.3827 -0.9239 -0.0000
vn -0.3827 -0.9239 -0.0000
vn -0.9239 -0.3826 -0.0000
vn -0.9239 0.3827 -0.0000
vn -0.3827 0.9239 -0.0000
vn 0.9239 0.3827 -0.0000
vn -0.9239 -0.3827 -0.0000
vn 0.9239 -0.3826 -0.0000
vn -0.9239 0.3826 -0.0000
vn -0.8129 0.5825 -0.0000
vn 0.8129 -0.5825 -0.0000
vn -0.5825 -0.8129 -0.0000
vn 0.5825 -0.8129 -0.0000
vn 0.9359 -0.3523 -0.0000
vn 0.5825 0.8129 -0.0000
vn -0.5825 0.8129 -0.0000
vn -0.9359 0.3523 -0.0000
vn 0.0002 -0.0000 -1.0000
vn -0.0001 -0.0000 -1.0000
vn 0.0001 -0.0000 -1.0000
vn -0.0002 -0.0000 -1.0000
vn 0.8492 0.5280 -0.0000
vn 0.8129 0.5824 -0.0000
vn 0.6836 0.7298 -0.0000
vn -0.6836 0.7298 -0.0000
vn -0.8129 0.5824 -0.0000
vn -0.8492 0.5280 -0.0000
vn -0.8492 -0.5280 -0.0000
vn -0.8129 -0.5824 -0.0000
vn -0.6836 -0.7298 -0.0000
vn 0.6836 -0.7298 -0.0000
vn 0.8129 -0.5824 -0.0000
vn 0.8492 -0.5280 -0.0000
vn -0.0001 -0.0000 1.0000
vn 0.0001 -0.0000 1.0000
vn 0.0002 -0.0000 1.0000
vn -0.0002 -0.0000 1.0000
vn -0.7298 -0.6836 -0.0000
vn -0.5280 -0.8492 -0.0000
vn 0.5280 -0.8492 -0.0000
vn 0.7298 -0.6836 -0.0000
vn 0.7298 0.6836 -0.0000
vn 0.5280 0.8492 -0.0000
vn -0.5280 0.8492 -0.0000
vn -0.7298 0.6836 -0.0000
vn -0.9359 -0.3523 0.0006
vn 0.9359 -0.3522 0.0006
vn 0.9359 0.3523 0.0006
vn -0.9359 0.3522 0.0006
vn -0.8129 -0.5825 -0.0000
vn 0.8129 0.5825 -0.0000
vn 0.0004 -0.0000 -1.0000
vn -0.0004 -0.0000 -1.0000
vn 0.9108 0.4127 -0.0000
vn 0.6835 0.7299 -0.0000
vn -0.6835 0.7299 -0.0000
vn -0.9108 0.4127 -0.0000
vn -0.9108 -0.4127 -0.0000
vn -0.6835 -0.7299 -0.0000
vn 0.6835 -0.7299 -0.0000
vn 0.9108 -0.4127 -0.0000
vn -0.0004 -0.0000 1.0000
vn 0.0004 -0.0000 1.0000
vn -0.4127 -0.9108 -0.0000
vn 0.4127 -0.9108 -0.0000
vn 0.4127 0.9108 -0.0000
vn -0.4127 0.9108 -0.0000
s 0
usemtl tower_paint
f 2//1 183//1 1//1
f 92//2 280//2 93//2
f 3//3 184//3 2//3
f 93//4 281//4 94//4
f 4//5 185//5 3//5
f 94//6 282//6 95//6
f 5//7 186//7 4//7
f 95//8 283//8 96//8
f 6//9 187//9 5//9
f 97//10 283//10 284//10
f 7//11 188//11 6//11
f 97//12 285//12 98//12
f 8//13 189//13 7//13
f 98//14 286//14 99//14
f 9//15 190//15 8//15
f 99//16 287//16 100//16
f 10//17 191//17 9//17
f 100//18 288//18 101//18
f 11//19 192//19 10//19
f 101//20 289//20 102//20
f 11//21 194//21 193//21
f 102//22 290//22 103//22
f 12//23 195//23 194//23
f 103//24 291//24 104//24
f 14//25 195//25 13//25
f 104//26 292//26 105//26
f 14//27 197//27 196//27
f 105//28 293//28 106//28
f 16//29 197//29 15//29
f 106//30 294//30 107//30
f 17//31 198//31 16//31
f 107//32 295//32 108//32
f 18//33 199//33 17//33
f 108//34 296//34 109//34
f 19//35 200//35 18//35
f 109//36 297//36 110//36
f 20//37 201//37 19//37
f 110//38 298//38 111//38
f 21//39 202//39 20//39
f 111//40 299//40 112//40
f 22//41 203//41 21//41
f 112//42 300//42 113//42
f 23//43 204//43 22//43
f 113//44 301//44 114//44
f 24//45 205//45 23//45
f 114//46 302//46 115//46
f 25//47 206//47 24//47
f 115//48 303//48 116//48
f 26//49 207//49 25//49
f 116//50 304//50 117//50
f 27//51 208//51 26//51
f 117//52 305//52 118//52
f 28//53 209//53 27//53
f 118//54 306//54 119//54
f 29//55 210//55 28//55
f 119//56 307//56 120//56
f 30//57 211//57 29//57
f 121//58 307//58 308//58
f 31//59 212//59 30//59
f 121//60 309//60 122//60
f 32//61 213//61 31//61
f 122//62 310//62 123//62
f 33//63 214//63 32//63
f 123//64 311//64 124//64
f 34//65 215//65 33//65
f 124//66 312//66 125//66
f 35//67 216//67 34//67
f 125//68 313//68 126//68
f 35//69 218//69 217//69
f 126//70 314//70 127//70
f 36//71 219//71 218//71
f 127//72 315//72 128//72
f 38//73 219//73 37//73
f 128//74 316//74 129//74
f 38//75 221//75 220//75
f 129//76 317//76 130//76
f 40//77 221//77 39//77
f 130//78 318//78 131//78
f 41//79 222//79 40//79
f 131//80 319//80 132//80
f 42//81 223//81 41//81
f 132//82 320//82 133//82
f 43//83 224//83 42//83
f 133//84 321//84 134//84
f 44//85 225//85 43//85
f 134//86 322//86 135//86
f 45//87 226//87 44//87
f 135//88 323//88 136//88
f 46//89 227//89 45//89
f 136//90 324//90 137//90
f 47//91 228//91 46//91
f 137//92 325//92 138//92
f 48//93 229//93 47//93
f 138//94 326//94 139//94
f 49//95 230//95 48//95
f 139//96 327//96 140//96
f 50//97 231//97 49//97
f 140//98 328//98 141//98
f 51//99 232//99 50//99
f 141//100 329//100 142//100
f 52//101 233//101 51//101
f 142//102 330//102 143//102
f 53//103 234//103 52//103
f 143//104 331//104 144//104
f 54//105 235//105 53//105
f 145//106 331//106 332//106
f 55//107 236//107 54//107
f 145//108 333//108 146//108
f 56//109 237//109 55//109
f 146//110 334//110 147//110
f 57//111 238//111 56//111
f 147//112 335//112 148//112
f 58//113 239//113 57//113
f 148//114 336//114 149//114
f 59//115 240//115 58//115
f 149//116 337//116 150//116
f 59//117 242//117 241//117
f 150//118 338//118 151//118
f 60//119 243//119 242//119
f 151//120 339//120 152//120
f 62//121 243//121 61//121
f 152//122 340//122 153//122
f 62//123 245//123 244//123
f 153//124 341//124 154//124
f 64//125 245//125 63//125
f 154//126 342//126 155//126
f 65//127 246//127 64//127
f 155//128 343//128 156//128
f 66//129 247//129 65//129
f 156//130 344//130 157//130
f 67//131 248//131 66//131
f 157//132 345//132 158//132
f 68//133 249//133 67//133
f 158//134 346//134 159//134
f 69//135 250//135 68//135
f 159//136 347//136 160//136
f 70//137 251//137 69//137
f 160//138 348//138 161//138
f 253//139 70//139 569//139
f 348//140 572//140 570//140
f 254//141 568//141 573//141
f 349//142 574//142 572//142
f 575//143 254//143 573//143
f 350//144 576//144 574//144
f 256//145 575//145 577//145
f 352//146 576//146 351//146
f 257//147 577//147 579//147
f 353//148 578//148 352//148
f 258//149 579//149 581//149
f 354//150 583//150 584//150
f 72//151 258//151 71//151
f 162//152 355//152 163//152
f 73//153 259//153 72//153
f 164//154 355//154 356//154
f 74//155 260//155 73//155
f 164//156 357//156 165//156
f 75//157 261//157 74//157
f 165//158 358//158 166//158
f 76//159 262//159 75//159
f 166//160 359//160 167//160
f 77//161 263//161 76//161
f 167//162 360//162 168//162
f 78//163 264//163 77//163
f 168//164 361//164 169//164
f 78//165 266//165 265//165
f 169//166 362//166 170//166
f 79//167 267//167 266//167
f 170//168 363//168 171//168
f 81//169 267//169 80//169
f 171//170 364//170 172//170
f 81//171 269//171 268//171
f 172//172 365//172 173//172
f 83//173 269//173 82//173
f 173//174 366//174 174//174
f 84//175 270//175 83//175
f 174//176 367//176 175//176
f 85//177 271//177 84//177
f 175//178 368//178 176//178
f 86//179 272//179 85//179
f 176//180 369//180 177//180
f 87//181 273//181 86//181
f 177//182 370//182 178//182
f 88//183 274//183 87//183
f 178//184 371//184 179//184
f 89//185 275//185 88//185
f 179//186 372//186 180//186
f 90//187 276//187 89//187
f 180//188 373//188 181//188
f 91//189 277//189 90//189
f 181//190 374//190 182//190
f 1//191 278//191 91//191
f 182//192 279//192 92//192
f 184//193 375//193 183//193
f 279//194 472//194 280//194
f 185//195 376//195 184//195
f 280//196 473//196 281//196
f 186//197 377//197 185//197
f 282//198 473//198 474//198
f 187//199 378//199 186//199
f 282//200 475//200 283//200
f 188//201 379//201 187//201
f 283//202 476//202 284//202
f 189//203 380//203 188//203
f 284//204 477//204 285//204
f 190//205 381//205 189//205
f 285//206 478//206 286//206
f 191//207 382//207 190//207
f 286//208 479//208 287//208
f 192//209 383//209 191//209
f 287//210 480//210 288//210
f 193//211 384//211 192//211
f 288//212 481//212 289//212
f 194//213 385//213 193//213
f 290//214 481//214 482//214
f 195//215 386//215 194//215
f 290//216 483//216 291//216
f 196//217 387//217 195//217
f 291//218 484//218 292//218
f 197//219 388//219 196//219
f 293//220 484//220 485//220
f 198//221 389//221 197//221
f 293//222 486//222 294//222
f 199//223 390//223 198//223
f 294//224 487//224 295//224
f 200//225 391//225 199//225
f 295//226 488//226 296//226
f 201//227 392//227 200//227
f 296//228 489//228 297//228
f 202//229 393//229 201//229
f 298//230 489//230 490//230
f 203//231 394//231 202//231
f 298//232 491//232 299//232
f 204//233 395//233 203//233
f 299//234 492//234 300//234
f 205//235 396//235 204//235
f 301//236 492//236 493//236
f 206//237 397//237 205//237
f 301//238 494//238 302//238
f 207//239 398//239 206//239
f 302//240 495//240 303//240
f 208//241 399//241 207//241
f 303//242 496//242 304//242
f 209//243 400//243 208//243
f 304//244 497//244 305//244
f 210//245 401//245 209//245
f 306//246 497//246 498//246
f 211//247 402//247 210//247
f 306//248 499//248 307//248
f 212//249 403//249 211//249
f 307//250 500//250 308//250
f 213//251 404//251 212//251
f 308//252 501//252 309//252
f 214//253 405//253 213//253
f 309//254 502//254 310//254
f 215//255 406//255 214//255
f 310//256 503//256 311//256
f 216//257 407//257 215//257
f 311//258 504//258 312//258
f 217//259 408//259 216//259
f 312//260 505//260 313//260
f 218//261 409//261 217//261
f 314//262 505//262 506//262
f 219//263 410//263 218//263
f 314//264 507//264 315//264
f 220//265 411//265 219//265
f 315//266 508//266 316//266
f 221//267 412//267 220//267
f 317//268 508//268 509//268
f 222//269 413//269 221//269
f 317//270 510//270 318//270
f 223//271 414//271 222//271
f 318//272 511//272 319//272
f 224//273 415//273 223//273
f 319//274 512//274 320//274
f 225//275 416//275 224//275
f 320//276 513//276 321//276
f 226//277 417//277 225//277
f 322//278 513//278 514//278
f 227//279 418//279 226//279
f 322//280 515//280 323//280
f 228//281 419//281 227//281
f 323//282 516//282 324//282
f 229//283 420//283 228//283
f 325//284 516//284 517//284
f 230//285 421//285 229//285
f 325//286 518//286 326//286
f 231//287 422//287 230//287
f 326//288 519//288 327//288
f 232//289 423//289 231//289
f 327//290 520//290 328//290
f 233//291 424//291 232//291
f 328//292 521//292 329//292
f 234//293 425//293 233//293
f 330//294 521//294 522//294
f 235//295 426//295 234//295
f 330//296 523//296 331//296
f 236//297 427//297 235//297
f 331//298 524//298 332//298
f 237//299 428//299 236//299
f 332//300 525//300 333//300
f 238//301 429//301 237//301
f 333//302 526//302 334//302
f 239//303 430//303 238//303
f 334//304 527//304 335//304
f 240//305 431//305 239//305
f 335//306 528//306 336//306
f 241//307 432//307 240//307
f 336//308 529//308 337//308
f 242//309 433//309 241//309
f 338//310 529//310 530//310
f 243//311 434//311 242//311
f 338//312 531//312 339//312
f 244//313 435//313 243//313
f 339//314 532//314 340//314
f 245//315 436//315 244//315
f 341//316 532//316 533//316
f 246//317 437//317 245//317
f 341//318 534//318 342//318
f 247//319 438//319 246//319
f 342//320 535//320 343//320
f 248//321 439//321 247//321
f 343//322 536//322 344//322
f 249//323 440//323 248//323
f 344//324 537//324 345//324
f 250//325 441//325 249//325
f 346//326 537//326 538//326
f 251//327 442//327 250//327
f 346//328 539//328 347//328
f 252//329 443//329 251//329
f 347//330 540//330 348//330
f 253//331 444//331 252//331
f 349//332 540//332 541//332
f 254//333 445//333 253//333
f 349//334 542//334 350//334
f 255//335 446//335 254//335
f 350//336 543//336 351//336
f 256//337 447//337 255//337
f 351//338 544//338 352//338
f 257//339 448//339 256//339
f 352//340 545//340 353//340
f 258//341 449//341 257//341
f 354//342 545//342 546//342
f 259//343 450//343 258//343
f 354//344 547//344 355//344
f 260//345 451//345 259//345
f 355//346 548//346 356//346
f 261//347 452//347 260//347
f 356//348 549//348 357//348
f 262//349 453//349 261//349
f 357//350 550//350 358//350
f 263//351 454//351 262//351
f 358//352 551//352 359//352
f 264//353 455//353 263//353
f 359//354 552//354 360//354
f 265//355 456//355 264//355
f 360//356 553//356 361//356
f 266//357 457//357 265//357
f 362//358 553//358 554//358
f 267//359 458//359 266//359
f 362//360 555//360 363//360
f 268//361 459//361 267//361
f 363//362 556//362 364//362
f 269//363 460//363 268//363
f 365//364 556//364 557//364
f 270//365 461//365 269//365
f 365//366 558//366 366//366
f 271//367 462//367 270//367
f 366//368 559//368 367//368
f 272//369 463//369 271//369
f 367//370 560//370 368//370
f 273//371 464//371 272//371
f 368//372 561//372 369//372
f 274//373 465//373 273//373
f 370//374 561//374 562//374
f 275//375 466//375 274//375
f 370//376 563//376 371//376
f 276//377 467//377 275//377
f 371//378 564//378 372//378
f 277//379 468//379 276//379
f 373//380 564//380 565//380
f 278//381 469//381 277//381
f 373//382 566//382 374//382
f 183//383 470//383 278//383
f 374//384 471//384 279//384
f 1//385 93//385 2//385
f 376//386 471//386 375//386
f 3//385 93//385 94//385
f 377//386 472//386 376//386
f 4//385 94//385 95//385
f 378//386 473//386 377//386
f 4//385 96//385 5//385
f 378//386 475//386 474//386
f 6//385 96//385 97//385
f 379//386 476//386 475//386
f 7//385 97//385 98//385
f 381//386 476//386 380//386
f 8//385 98//385 99//385
f 382//386 477//386 381//386
f 9//385 99//385 100//385
f 383//386 478//386 382//386
f 10//385 100//385 101//385
f 383//386 480//386 479//386
f 10//385 102//385 11//385
f 384//386 481//386 480//386
f 11//385 103//385 12//385
f 386//386 481//386 385//386
f 13//385 103//385 104//385
f 387//386 482//386 386//386
f 13//385 105//385 14//385
f 387//386 484//386 483//386
f 15//385 105//385 106//385
f 388//386 485//386 484//386
f 15//385 107//385 16//385
f 390//386 485//386 389//386
f 16//385 108//385 17//385
f 391//386 486//386 390//386
f 17//385 109//385 18//385
f 391//386 488//386 487//386
f 18//385 110//385 19//385
f 392//386 489//386 488//386
f 19//385 111//385 20//385
f 393//386 490//386 489//386
f 20//385 112//385 21//385
f 395//386 490//386 394//386
f 21//385 113//385 22//385
f 396//386 491//386 395//386
f 22//385 114//385 23//385
f 396//386 493//386 492//386
f 23//385 115//385 24//385
f 397//386 494//386 493//386
f 24//385 116//385 25//385
f 399//386 494//386 398//386
f 25//385 117//385 26//385
f 400//386 495//386 399//386
f 27//385 117//385 118//385
f 401//386 496//386 400//386
f 28//385 118//385 119//385
f 402//386 497//386 401//386
f 28//385 120//385 29//385
f 402//386 499//386 498//386
f 30//385 120//385 121//385
f 403//386 500//386 499//386
f 31//385 121//385 122//385
f 405//386 500//386 404//386
f 32//385 122//385 123//385
f 406//386 501//386 405//386
f 33//385 123//385 124//385
f 407//386 502//386 406//386
f 34//385 124//385 125//385
f 407//386 504//386 503//386
f 34//385 126//385 35//385
f 408//386 505//386 504//386
f 35//385 127//385 36//385
f 410//386 505//386 409//386
f 37//385 127//385 128//385
f 411//386 506//386 410//386
f 37//385 129//385 38//385
f 411//386 508//386 507//386
f 39//385 129//385 130//385
f 412//386 509//386 508//386
f 39//385 131//385 40//385
f 414//386 509//386 413//386
f 40//385 132//385 41//385
f 415//386 510//386 414//386
f 41//385 133//385 42//385
f 415//386 512//386 511//386
f 42//385 134//385 43//385
f 416//386 513//386 512//386
f 43//385 135//385 44//385
f 417//386 514//386 513//386
f 44//385 136//385 45//385
f 419//386 514//386 418//386
f 45//385 137//385 46//385
f 420//386 515//386 419//386
f 46//385 138//385 47//385
f 420//386 517//386 516//386
f 47//385 139//385 48//385
f 421//386 518//386 517//386
f 48//385 140//385 49//385
f 423//386 518//386 422//386
f 49//385 141//385 50//385
f 424//386 519//386 423//386
f 51//385 141//385 142//385
f 425//386 520//386 424//386
f 52//385 142//385 143//385
f 426//386 521//386 425//386
f 52//385 144//385 53//385
f 426//386 523//386 522//386
f 54//385 144//385 145//385
f 427//386 524//386 523//386
f 55//385 145//385 146//385
f 429//386 524//386 428//386
f 56//385 146//385 147//385
f 430//386 525//386 429//386
f 57//385 147//385 148//385
f 431//386 526//386 430//386
f 58//385 148//385 149//385
f 431//386 528//386 527//386
f 58//385 150//385 59//385
f 432//386 529//386 528//386
f 59//385 151//385 60//385
f 434//386 529//386 433//386
f 61//385 151//385 152//385
f 435//386 530//386 434//386
f 61//385 153//385 62//385
f 435//386 532//386 531//386
f 63//385 153//385 154//385
f 436//386 533//386 532//386
f 63//385 155//385 64//385
f 438//386 533//386 437//386
f 64//385 156//385 65//385
f 439//386 534//386 438//386
f 65//385 157//385 66//385
f 439//386 536//386 535//386
f 66//385 158//385 67//385
f 440//386 537//386 536//386
f 67//385 159//385 68//385
f 441//386 538//386 537//386
f 68//385 160//385 69//385
f 443//386 538//386 442//386
f 69//385 161//385 70//385
f 444//386 539//386 443//386
f 70//385 571//385 567//385
f 444//386 541//386 540//386
f 445//386 542//386 541//386
f 447//386 542//386 446//386
f 448//386 543//386 447//386
f 449//386 544//386 448//386
f 71//385 583//385 162//385
f 450//386 545//386 449//386
f 71//385 163//385 72//385
f 450//386 547//386 546//386
f 73//385 163//385 164//385
f 451//386 548//386 547//386
f 74//385 164//385 165//385
f 453//386 548//386 452//386
f 75//385 165//385 166//385
f 454//386 549//386 453//386
f 76//385 166//385 167//385
f 455//386 550//386 454//386
f 77//385 167//385 168//385
f 455//386 552//386 551//386
f 77//385 169//385 78//385
f 456//386 553//386 552//386
f 78//385 170//385 79//385
f 458//386 553//386 457//386
f 80//385 170//385 171//385
f 459//386 554//386 458//386
f 80//385 172//385 81//385
f 459//386 556//386 555//386
f 82//385 172//385 173//385
f 460//386 557//386 556//386
f 82//385 174//385 83//385
f 462//386 557//386 461//386
f 83//385 175//385 84//385
f 463//386 558//386 462//386
f 84//385 176//385 85//385
f 463//386 560//386 559//386
f 85//385 177//385 86//385
f 464//386 561//386 560//386
f 86//385 178//385 87//385
f 465//386 562//386 561//386
f 87//385 179//385 88//385
f 467//386 562//386 466//386
f 88//385 180//385 89//385
f 468//386 563//386 467//386
f 89//385 181//385 90//385
f 468//386 565//386 564//386
f 90//385 182//385 91//385
f 469//386 566//386 565//386
f 91//385 92//385 1//385
f 375//386 566//386 470//386
f 569//387 571//387 570//387
f 581//388 583//388 582//388
f 579//385 568//385 576//385
f 585//385 614//385 613//385
f 586//385 592//385 585//385
f 587//385 593//385 586//385
f 588//385 594//385 587//385
f 588//385 596//385 595//385
f 590//385 596//385 589//385
f 590//385 598//385 597//385
f 616//385 591//385 615//385
f 599//329 614//329 592//329
f 599//331 592//331 624//331
f 601//333 622//333 626//333
f 593//333 625//333 623//333
f 602//335 626//335 628//335
f 594//335 627//335 625//335
f 603//337 628//337 630//337
f 595//337 629//337 627//337
f 604//339 630//339 632//339
f 596//339 631//339 629//339
f 598//341 605//341 633//341
f 605//343 616//343 618//343
f 606//386 617//386 599//386
f 599//386 607//386 606//386
f 600//386 608//386 607//386
f 601//386 609//386 608//386
f 603//386 609//386 602//386
f 604//386 610//386 603//386
f 605//386 611//386 604//386
f 612//386 618//386 620//386
f 585//233 619//233 606//233
f 585//235 606//235 638//235
f 586//237 639//237 587//237
f 607//237 640//237 637//237
f 587//239 641//239 588//239
f 609//239 640//239 608//239
f 588//241 643//241 589//241
f 609//241 644//241 642//241
f 589//243 645//243 590//243
f 610//243 646//243 644//243
f 612//245 591//245 647//245
f 591//247 620//247 615//247
f 614//388 619//388 613//388
f 618//387 615//387 620//387
f 624//387 638//387 635//387
f 647//388 633//388 634//388
f 625//386 643//386 641//386
f 632//385 640//385 642//385
f 2//1 184//1 183//1
f 92//2 279//2 280//2
f 3//3 185//3 184//3
f 93//4 280//4 281//4
f 4//5 186//5 185//5
f 94//6 281//6 282//6
f 5//7 187//7 186//7
f 95//8 282//8 283//8
f 6//9 188//9 187//9
f 97//10 96//10 283//10
f 7//11 189//11 188//11
f 97//12 284//12 285//12
f 8//13 190//13 189//13
f 98//14 285//14 286//14
f 9//15 191//15 190//15
f 99//16 286//16 287//16
f 10//17 192//17 191//17
f 100//18 287//18 288//18
f 11//19 193//19 192//19
f 101//20 288//20 289//20
f 11//21 12//21 194//21
f 102//22 289//22 290//22
f 12//23 13//23 195//23
f 103//24 290//24 291//24
f 14//25 196//25 195//25
f 104//26 291//26 292//26
f 14//27 15//27 197//27
f 105//28 292//28 293//28
f 16//29 198//29 197//29
f 106//30 293//30 294//30
f 17//31 199//31 198//31
f 107//32 294//32 295//32
f 18//33 200//33 199//33
f 108//34 295//34 296//34
f 19//35 201//35 200//35
f 109//36 296//36 297//36
f 20//37 202//37 201//37
f 110//38 297//38 298//38
f 21//39 203//39 202//39
f 111//40 298//40 299//40
f 22//41 204//41 203//41
f 112//42 299//42 300//42
f 23//43 205//43 204//43
f 113//44 300//44 301//44
f 24//45 206//45 205//45
f 114//46 301//46 302//46
f 25//47 207//47 206//47
f 115//48 302//48 303//48
f 26//49 208//49 207//49
f 116//50 303//50 304//50
f 27//51 209//51 208//51
f 117//52 304//52 305//52
f 28//53 210//53 209//53
f 118//54 305//54 306//54
f 29//55 211//55 210//55
f 119//56 306//56 307//56
f 30//57 212//57 211//57
f 121//58 120//58 307//58
f 31//59 213//59 212//59
f 121//60 308//60 309//60
f 32//61 214//61 213//61
f 122//62 309//62 310//62
f 33//63 215//63 214//63
f 123//64 310//64 311//64
f 34//65 216//65 215//65
f 124//66 311//66 312//66
f 35//67 217//67 216//67
f 125//68 312//68 313//68
f 35//69 36//69 218//69
f 126//70 313//70 314//70
f 36//71 37//71 219//71
f 127//72 314//72 315//72
f 38//73 220//73 219//73
f 128//74 315//74 316//74
f 38//75 39//75 221//75
f 129//76 316//76 317//76
f 40//77 222//77 221//77
f 130//78 317//78 318//78
f 41//79 223//79 222//79
f 131//80 318//80 319//80
f 42//81 224//81 223//81
f 132//82 319//82 320//82
f 43//83 225//83 224//83
f 133//84 320//84 321//84
f 44//85 226//85 225//85
f 134//86 321//86 322//86
f 45//87 227//87 226//87
f 135//88 322//88 323//88
f 46//89 228//89 227//89
f 136//90 323//90 324//90
f 47//91 229//91 228//91
f 137//92 324//92 325//92
f 48//93 230//93 229//93
f 138//94 325//94 326//94
f 49//95 231//95 230//95
f 139//96 326//96 327//96
f 50//97 232//97 231//97
f 140//98 327//98 328//98
f 51//99 233//99 232//99
f 141//100 328//100 329//100
f 52//101 234//101 233//101
f 142//102 329//102 330//102
f 53//103 235//103 234//103
f 143//104 330//104 331//104
f 54//105 236//105 235//105
f 145//106 144//106 331//106
f 55//107 237//107 236//107
f 145//108 332//108 333//108
f 56//109 238//109 237//109
f 146//110 333//110 334//110
f 57//111 239//111 238//111
f 147//112 334//112 335//112
f 58//113 240//113 239//113
f 148//114 335//114 336//114
f 59//115 241//115 240//115
f 149//116 336//116 337//116
f 59//117 60//117 242//117
f 150//118 337//118 338//118
f 60//119 61//119 243//119
f 151//120 338//120 339//120
f 62//121 244//121 243//121
f 152//122 339//122 340//122
f 62//123 63//123 245//123
f 153//124 340//124 341//124
f 64//125 246//125 245//125
f 154//126 341//126 342//126
f 65//127 247//127 246//127
f 155//128 342//128 343//128
f 66//129 248//129 247//129
f 156//130 343//130 344//130
f 67//131 249//131 248//131
f 157//132 344//132 345//132
f 68//133 250//133 249//133
f 158//134 345//134 346//134
f 69//135 251//135 250//135
f 159//136 346//136 347//136
f 70//137 252//137 251//137
f 160//138 347//138 348//138
f 569//139 568//139 253//139
f 253//139 252//139 70//139
f 70//139 567//139 569//139
f 571//140 161//140 348//140
f 348//140 349//140 572//140
f 570//140 571//140 348//140
f 254//141 253//141 568//141
f 349//142 350//142 574//142
f 575//143 255//143 254//143
f 350//144 351//144 576//144
f 256//145 255//145 575//145
f 352//146 578//146 576//146
f 257//147 256//147 577//147
f 353//148 580//148 578//148
f 582//149 71//149 258//149
f 258//149 257//149 579//149
f 581//149 582//149 258//149
f 580//150 353//150 354//150
f 354//150 162//150 583//150
f 584//150 580//150 354//150
f 72//151 259//151 258//151
f 162//152 354//152 355//152
f 73//153 260//153 259//153
f 164//154 163//154 355//154
f 74//155 261//155 260//155
f 164//156 356//156 357//156
f 75//157 262//157 261//157
f 165//158 357//158 358//158
f 76//159 263//159 262//159
f 166//160 358//160 359//160
f 77//161 264//161 263//161
f 167//162 359//162 360//162
f 78//163 265//163 264//163
f 168//164 360//164 361//164
f 78//165 79//165 266//165
f 169//166 361//166 362//166
f 79//167 80//167 267//167
f 170//168 362//168 363//168
f 81//169 268//169 267//169
f 171//170 363//170 364//170
f 81//171 82//171 269//171
f 172//172 364//172 365//172
f 83//173 270//173 269//173
f 173//174 365//174 366//174
f 84//175 271//175 270//175
f 174//176 366//176 367//176
f 85//177 272//177 271//177
f 175//178 367//178 368//178
f 86//179 273//179 272//179
f 176//180 368//180 369//180
f 87//181 274//181 273//181
f 177//182 369//182 370//182
f 88//183 275//183 274//183
f 178//184 370//184 371//184
f 89//185 276//185 275//185
f 179//186 371//186 372//186
f 90//187 277//187 276//187
f 180//188 372//188 373//188
f 91//189 278//189 277//189
f 181//190 373//190 374//190
f 1//191 183//191 278//191
f 182//192 374//192 279//192
f 184//193 376//193 375//193
f 279//194 471//194 472//194
f 185//195 377//195 376//195
f 280//196 472//196 473//196
f 186//197 378//197 377//197
f 282//198 281//198 473//198
f 187//199 379//199 378//199
f 282//200 474//200 475//200
f 188//201 380//201 379//201
f 283//202 475//202 476//202
f 189//389 381//389 380//389
f 284//449 476//449 477//449
f 190//205 382//205 381//205
f 285//206 477//206 478//206
f 191//207 383//207 382//207
f 286//208 478//208 479//208
f 192//209 384//209 383//209
f 287//210 479//210 480//210
f 193//211 385//211 384//211
f 288//212 480//212 481//212
f 194//213 386//213 385//213
f 290//214 289//214 481//214
f 195//215 387//215 386//215
f 290//216 482//216 483//216
f 196//217 388//217 387//217
f 291//218 483//218 484//218
f 197//219 389//219 388//219
f 293//220 292//220 484//220
f 198//221 390//221 389//221
f 293//222 485//222 486//222
f 199//223 391//223 390//223
f 294//224 486//224 487//224
f 200//225 392//225 391//225
f 295//226 487//226 488//226
f 201//227 393//227 392//227
f 296//228 488//228 489//228
f 202//229 394//229 393//229
f 298//230 297//230 489//230
f 203//231 395//231 394//231
f 298//232 490//232 491//232
f 204//233 396//233 395//233
f 299//234 491//234 492//234
f 205//235 397//235 396//235
f 301//236 300//236 492//236
f 206//237 398//237 397//237
f 301//238 493//238 494//238
f 207//239 399//239 398//239
f 302//240 494//240 495//240
f 208//241 400//241 399//241
f 303//242 495//242 496//242
f 209//243 401//243 400//243
f 304//244 496//244 497//244
f 210//245 402//245 401//245
f 306//246 305//246 497//246
f 211//247 403//247 402//247
f 306//248 498//248 499//248
f 212//249 404//249 403//249
f 307//250 499//250 500//250
f 213//251 405//251 404//251
f 308//252 500//252 501//252
f 214//253 406//253 405//253
f 309//254 501//254 502//254
f 215//255 407//255 406//255
f 310//256 502//256 503//256
f 216//257 408//257 407//257
f 311//258 503//258 504//258
f 217//259 409//259 408//259
f 312//260 504//260 505//260
f 218//261 410//261 409//261
f 314//262 313//262 505//262
f 219//263 411//263 410//263
f 314//264 506//264 507//264
f 220//265 412//265 411//265
f 315//266 507//266 508//266
f 221//267 413//267 412//267
f 317//268 316//268 508//268
f 222//269 414//269 413//269
f 317//270 509//270 510//270
f 223//271 415//271 414//271
f 318//272 510//272 511//272
f 224//273 416//273 415//273
f 319//274 511//274 512//274
f 225//275 417//275 416//275
f 320//276 512//276 513//276
f 226//420 418//420 417//420
f 322//450 321//450 513//450
f 227//279 419//279 418//279
f 322//280 514//280 515//280
f 228//281 420//281 419//281
f 323//282 515//282 516//282
f 229//283 421//283 420//283
f 325//284 324//284 516//284
f 230//285 422//285 421//285
f 325//286 517//286 518//286
f 231//287 423//287 422//287
f 326//288 518//288 519//288
f 232//289 424//289 423//289
f 327//290 519//290 520//290
f 233//291 425//291 424//291
f 328//292 520//292 521//292
f 234//293 426//293 425//293
f 330//294 329//294 521//294
f 235//295 427//295 426//295
f 330//296 522//296 523//296
f 236//297 428//297 427//297
f 331//298 523//298 524//298
f 237//390 429//390 428//390
f 332//451 524//451 525//451
f 238//301 430//301 429//301
f 333//302 525//302 526//302
f 239//303 431//303 430//303
f 334//304 526//304 527//304
f 240//305 432//305 431//305
f 335//306 527//306 528//306
f 241//307 433//307 432//307
f 336//308 528//308 529//308
f 242//309 434//309 433//309
f 338//310 337//310 529//310
f 243//311 435//311 434//311
f 338//312 530//312 531//312
f 244//313 436//313 435//313
f 339//314 531//314 532//314
f 245//315 437//315 436//315
f 341//316 340//316 532//316
f 246//317 438//317 437//317
f 341//318 533//318 534//318
f 247//319 439//319 438//319
f 342//320 534//320 535//320
f 248//321 440//321 439//321
f 343//322 535//322 536//322
f 249//323 441//323 440//323
f 344//324 536//324 537//324
f 250//325 442//325 441//325
f 346//326 345//326 537//326
f 251//327 443//327 442//327
f 346//328 538//328 539//328
f 252//329 444//329 443//329
f 347//330 539//330 540//330
f 253//331 445//331 444//331
f 349//332 348//332 540//332
f 254//333 446//333 445//333
f 349//334 541//334 542//334
f 255//335 447//335 446//335
f 350//336 542//336 543//336
f 256//337 448//337 447//337
f 351//338 543//338 544//338
f 257//339 449//339 448//339
f 352//340 544//340 545//340
f 258//341 450//341 449//341
f 354//342 353//342 545//342
f 259//343 451//343 450//343
f 354//344 546//344 547//344
f 260//345 452//345 451//345
f 355//346 547//346 548//346
f 261//347 453//347 452//347
f 356//348 548//348 549//348
f 262//349 454//349 453//349
f 357//350 549//350 550//350
f 263//351 455//351 454//351
f 358//352 550//352 551//352
f 264//353 456//353 455//353
f 359//354 551//354 552//354
f 265//355 457//355 456//355
f 360//356 552//356 553//356
f 266//357 458//357 457//357
f 362//358 361//358 553//358
f 267//359 459//359 458//359
f 362//360 554//360 555//360
f 268//361 460//361 459//361
f 363//362 555//362 556//362
f 269//363 461//363 460//363
f 365//364 364//364 556//364
f 270//365 462//365 461//365
f 365//366 557//366 558//366
f 271//367 463//367 462//367
f 366//368 558//368 559//368
f 272//369 464//369 463//369
f 367//370 559//370 560//370
f 273//371 465//371 464//371
f 368//372 560//372 561//372
f 274//417 466//417 465//417
f 370//452 369//452 561//452
f 275//375 467//375 466//375
f 370//376 562//376 563//376
f 276//377 468//377 467//377
f 371//378 563//378 564//378
f 277//379 469//379 468//379
f 373//380 372//380 564//380
f 278//381 470//381 469//381
f 373//382 565//382 566//382
f 183//383 375//383 470//383
f 374//384 566//384 471//384
f 1//385 92//385 93//385
f 376//386 472//386 471//386
f 3//385 2//385 93//385
f 377//386 473//386 472//386
f 4//385 3//385 94//385
f 378//386 474//386 473//386
f 4//385 95//385 96//385
f 378//386 379//386 475//386
f 6//385 5//385 96//385
f 379//386 380//386 476//386
f 7//385 6//385 97//385
f 381//386 477//386 476//386
f 8//385 7//385 98//385
f 382//386 478//386 477//386
f 9//385 8//385 99//385
f 383//386 479//386 478//386
f 10//385 9//385 100//385
f 383//386 384//386 480//386
f 10//385 101//385 102//385
f 384//386 385//386 481//386
f 11//385 102//385 103//385
f 386//386 482//386 481//386
f 13//385 12//385 103//385
f 387//386 483//386 482//386
f 13//385 104//385 105//385
f 387//386 388//386 484//386
f 15//385 14//385 105//385
f 388//386 389//386 485//386
f 15//385 106//385 107//385
f 390//386 486//386 485//386
f 16//385 107//385 108//385
f 391//386 487//386 486//386
f 17//385 108//385 109//385
f 391//386 392//386 488//386
f 18//385 109//385 110//385
f 392//386 393//386 489//386
f 19//385 110//385 111//385
f 393//386 394//386 490//386
f 20//385 111//385 112//385
f 395//386 491//386 490//386
f 21//385 112//385 113//385
f 396//386 492//386 491//386
f 22//385 113//385 114//385
f 396//386 397//386 493//386
f 23//385 114//385 115//385
f 397//386 398//386 494//386
f 24//385 115//385 116//385
f 399//386 495//386 494//386
f 25//385 116//385 117//385
f 400//386 496//386 495//386
f 27//385 26//385 117//385
f 401//386 497//386 496//386
f 28//385 27//385 118//385
f 402//386 498//386 497//386
f 28//385 119//385 120//385
f 402//386 403//386 499//386
f 30//385 29//385 120//385
f 403//386 404//386 500//386
f 31//385 30//385 121//385
f 405//386 501//386 500//386
f 32//385 31//385 122//385
f 406//386 502//386 501//386
f 33//385 32//385 123//385
f 407//386 503//386 502//386
f 34//385 33//385 124//385
f 407//386 408//386 504//386
f 34//385 125//385 126//385
f 408//386 409//386 505//386
f 35//385 126//385 127//385
f 410//386 506//386 505//386
f 37//385 36//385 127//385
f 411//386 507//386 506//386
f 37//385 128//385 129//385
f 411//386 412//386 508//386
f 39//385 38//385 129//385
f 412//386 413//386 509//386
f 39//385 130//385 131//385
f 414//386 510//386 509//386
f 40//385 131//385 132//385
f 415//386 511//386 510//386
f 41//385 132//385 133//385
f 415//386 416//386 512//386
f 42//385 133//385 134//385
f 416//386 417//386 513//386
f 43//385 134//385 135//385
f 417//386 418//386 514//386
f 44//385 135//385 136//385
f 419//386 515//386 514//386
f 45//385 136//385 137//385
f 420//386 516//386 515//386
f 46//385 137//385 138//385
f 420//386 421//386 517//386
f 47//385 138//385 139//385
f 421//386 422//386 518//386
f 48//385 139//385 140//385
f 423//386 519//386 518//386
f 49//385 140//385 141//385
f 424//386 520//386 519//386
f 51//385 50//385 141//385
f 425//386 521//386 520//386
f 52//385 51//385 142//385
f 426//386 522//386 521//386
f 52//385 143//385 144//385
f 426//386 427//386 523//386
f 54//385 53//385 144//385
f 427//386 428//386 524//386
f 55//385 54//385 145//385
f 429//386 525//386 524//386
f 56//385 55//385 146//385
f 430//386 526//386 525//386
f 57//385 56//385 147//385
f 431//386 527//386 526//386
f 58//385 57//385 148//385
f 431//386 432//386 528//386
f 58//385 149//385 150//385
f 432//386 433//386 529//386
f 59//385 150//385 151//385
f 434//386 530//386 529//386
f 61//385 60//385 151//385
f 435//386 531//386 530//386
f 61//385 152//385 153//385
f 435//386 436//386 532//386
f 63//385 62//385 153//385
f 436//386 437//386 533//386
f 63//385 154//385 155//385
f 438//386 534//386 533//386
f 64//385 155//385 156//385
f 439//386 535//386 534//386
f 65//385 156//385 157//385
f 439//386 440//386 536//386
f 66//385 157//385 158//385
f 440//386 441//386 537//386
f 67//385 158//385 159//385
f 441//386 442//386 538//386
f 68//385 159//385 160//385
f 443//386 539//386 538//386
f 69//385 160//385 161//385
f 444//386 540//386 539//386
f 70//385 161//385 571//385
f 444//386 445//386 541//386
f 445//386 446//386 542//386
f 447//386 543//386 542//386
f 448//386 544//386 543//386
f 449//386 545//386 544//386
f 71//385 582//385 583//385
f 450//386 546//386 545//386
f 71//385 162//385 163//385
f 450//386 451//386 547//386
f 73//385 72//385 163//385
f 451//386 452//386 548//386
f 74//385 73//385 164//385
f 453//386 549//386 548//386
f 75//385 74//385 165//385
f 454//386 550//386 549//386
f 76//385 75//385 166//385
f 455//386 551//386 550//386
f 77//385 76//385 167//385
f 455//386 456//386 552//386
f 77//385 168//385 169//385
f 456//386 457//386 553//386
f 78//385 169//385 170//385
f 458//386 554//386 553//386
f 80//385 79//385 170//385
f 459//386 555//386 554//386
f 80//385 171//385 172//385
f 459//386 460//386 556//386
f 82//385 81//385 172//385
f 460//386 461//386 557//386
f 82//385 173//385 174//385
f 462//386 558//386 557//386
f 83//385 174//385 175//385
f 463//386 559//386 558//386
f 84//385 175//385 176//385
f 463//386 464//386 560//386
f 85//385 176//385 177//385
f 464//386 465//386 561//386
f 86//385 177//385 178//385
f 465//386 466//386 562//386
f 87//385 178//385 179//385
f 467//386 563//386 562//386
f 88//385 179//385 180//385
f 468//386 564//386 563//386
f 89//385 180//385 181//385
f 468//386 469//386 565//386
f 90//385 181//385 182//385
f 469//386 470//386 566//386
f 91//385 182//385 92//385
f 375//386 471//386 566//386
f 569//387 567//387 571//387
f 581//388 584//388 583//388
f 584//385 581//385 579//385
f 579//385 577//385 575//385
f 575//385 573//385 568//385
f 568//385 569//385 570//385
f 568//385 570//385 572//385
f 579//385 575//385 568//385
f 580//385 584//385 579//385
f 578//385 580//385 579//385
f 568//385 572//385 574//385
f 576//385 578//385 579//385
f 568//385 574//385 576//385
f 585//385 592//385 614//385
f 586//385 593//385 592//385
f 587//385 594//385 593//385
f 588//385 595//385 594//385
f 588//385 589//385 596//385
f 590//385 597//385 596//385
f 590//385 591//385 598//385
f 616//385 598//385 591//385
f 599//329 617//329 614//329
f 624//331 622//331 600//331
f 592//331 593//331 623//331
f 592//331 623//331 621//331
f 624//331 600//331 599//331
f 592//331 621//331 624//331
f 601//333 600//333 622//333
f 593//333 594//333 625//333
f 602//335 601//335 626//335
f 594//335 595//335 627//335
f 603//337 602//337 628//337
f 595//337 596//337 629//337
f 604//339 603//339 630//339
f 596//339 597//339 631//339
f 633//341 631//341 597//341
f 605//341 604//341 632//341
f 605//341 632//341 634//341
f 633//341 597//341 598//341
f 605//341 634//341 633//341
f 605//343 598//343 616//343
f 606//386 619//386 617//386
f 599//386 600//386 607//386
f 600//386 601//386 608//386
f 601//386 602//386 609//386
f 603//386 610//386 609//386
f 604//386 611//386 610//386
f 605//386 612//386 611//386
f 612//386 605//386 618//386
f 585//233 613//233 619//233
f 638//235 636//235 586//235
f 606//235 607//235 637//235
f 606//235 637//235 635//235
f 638//235 586//235 585//235
f 606//235 635//235 638//235
f 586//237 636//237 639//237
f 607//237 608//237 640//237
f 587//239 639//239 641//239
f 609//239 642//239 640//239
f 588//241 641//241 643//241
f 609//241 610//241 644//241
f 589//243 643//243 645//243
f 610//243 611//243 646//243
f 646//245 611//245 612//245
f 591//245 590//245 645//245
f 591//245 645//245 648//245
f 647//245 646//245 612//245
f 591//245 648//245 647//245
f 591//247 612//247 620//247
f 614//388 617//388 619//388
f 618//387 616//387 615//387
f 624//387 621//387 638//387
f 647//388 648//388 633//388
f 636//386 638//386 621//386
f 621//386 623//386 625//386
f 625//386 627//386 629//386
f 629//386 631//386 633//386
f 633//386 648//386 645//386
f 633//386 645//386 643//386
f 625//386 629//386 633//386
f 636//386 621//386 625//386
f 639//386 636//386 625//386
f 625//386 633//386 643//386
f 641//386 639//386 625//386
f 647//385 634//385 632//385
f 632//385 630//385 628//385
f 628//385 626//385 622//385
f 622//385 624//385 635//385
f 622//385 635//385 637//385
f 632//385 628//385 622//385
f 646//385 647//385 632//385
f 644//385 646//385 632//385
f 632//385 622//385 637//385
f 632//385 637//385 640//385
f 642//385 644//385 632//385
usemtl steel_grey
f 650//385 740//385 649//385
f 650//385 742//385 741//385
f 652//385 742//385 651//385
f 652//385 744//385 743//385
f 654//385 744//385 653//385
f 654//385 746//385 745//385
f 655//385 747//385 746//385
f 657//385 747//385 656//385
f 658//385 748//385 657//385
f 659//385 749//385 658//385
f 659//385 751//385 750//385
f 661//385 751//385 660//385
f 661//385 753//385 752//385
f 663//385 753//385 662//385
f 663//385 755//385 754//385
f 665//385 755//385 664//385
f 666//385 756//385 665//385
f 667//385 757//385 666//385
f 668//385 758//385 667//385
f 669//385 759//385 668//385
f 670//385 760//385 669//385
f 670//385 762//385 761//385
f 672//385 762//385 671//385
f 672//385 764//385 763//385
f 674//385 764//385 673//385
f 674//385 766//385 765//385
f 676//385 766//385 675//385
f 676//385 768//385 767//385
f 678//385 768//385 677//385
f 678//385 770//385 769//385
f 679//385 771//385 770//385
f 681//385 771//385 680//385
f 682//385 772//385 681//385
f 683//385 773//385 682//385
f 683//385 775//385 774//385
f 685//385 775//385 684//385
f 685//385 777//385 776//385
f 687//385 777//385 686//385
f 687//385 779//385 778//385
f 689//385 779//385 688//385
f 690//385 780//385 689//385
f 691//385 781//385 690//385
f 692//385 782//385 691//385
f 693//385 783//385 692//385
f 694//385 784//385 693//385
f 694//385 786//385 785//385
f 696//385 786//385 695//385
f 696//385 788//385 787//385
f 698//385 788//385 697//385
f 698//385 790//385 789//385
f 700//385 790//385 699//385
f 700//385 792//385 791//385
f 702//385 792//385 701//385
f 702//385 794//385 793//385
f 703//385 795//385 794//385
f 705//385 795//385 704//385
f 706//385 796//385 705//385
f 707//385 797//385 706//385
f 707//385 799//385 798//385
f 709//385 799//385 708//385
f 709//385 801//385 800//385
f 711//385 801//385 710//385
f 711//385 803//385 802//385
f 713//385 803//385 712//385
f 714//385 804//385 713//385
f 715//385 805//385 714//385
f 716//385 806//385 715//385
f 717//385 807//385 716//385
f 718//385 808//385 717//385
f 809//385 1013//385 1014//385
f 810//385 1015//385 719//385
f 719//385 811//385 810//385
f 721//385 811//385 720//385
f 721//385 813//385 812//385
f 722//385 814//385 813//385
f 724//385 814//385 723//385
f 725//385 815//385 724//385
f 726//385 816//385 725//385
f 726//385 818//385 817//385
f 728//385 818//385 727//385
f 728//385 820//385 819//385
f 730//385 820//385 729//385
f 730//385 822//385 821//385
f 732//385 822//385 731//385
f 733//385 823//385 732//385
f 734//385 824//385 733//385
f 735//385 825//385 734//385
f 736//385 826//385 735//385
f 737//385 827//385 736//385
f 737//385 829//385 828//385
f 739//385 829//385 738//385
f 739//385 740//385 830//385
f 741//193 831//193 740//193
f 742//195 832//195 741//195
f 743//197 833//197 742//197
f 744//199 834//199 743//199
f 745//201 835//201 744//201
f 746//389 836//389 745//389
f 747//205 837//205 746//205
f 748//207 838//207 747//207
f 749//209 839//209 748//209
f 750//211 840//211 749//211
f 751//213 841//213 750//213
f 752//215 842//215 751//215
f 753//217 843//217 752//217
f 754//219 844//219 753//219
f 755//221 845//221 754//221
f 756//223 846//223 755//223
f 757//225 847//225 756//225
f 758//227 848//227 757//227
f 759//229 849//229 758//229
f 760//231 850//231 759//231
f 761//233 851//233 760//233
f 762//235 852//235 761//235
f 763//237 853//237 762//237
f 764//239 854//239 763//239
f 765//241 855//241 764//241
f 766//243 856//243 765//243
f 767//245 857//245 766//245
f 768//247 858//247 767//247
f 769//249 859//249 768//249
f 770//251 860//251 769//251
f 771//253 861//253 770//253
f 772//255 862//255 771//255
f 773//257 863//257 772//257
f 774//259 864//259 773//259
f 775//261 865//261 774//261
f 776//263 866//263 775//263
f 777//265 867//265 776//265
f 778//267 868//267 777//267
f 779//269 869//269 778//269
f 780//271 870//271 779//271
f 781//273 871//273 780//273
f 782//275 872//275 781//275
f 783//277 873//277 782//277
f 784//279 874//279 783//279
f 785//281 875//281 784//281
f 786//283 876//283 785//283
f 787//285 877//285 786//285
f 788//287 878//287 787//287
f 789//289 879//289 788//289
f 790//291 880//291 789//291
f 791//293 881//293 790//293
f 792//295 882//295 791//295
f 793//297 883//297 792//297
f 794//390 884//390 793//390
f 795//301 885//301 794//301
f 796//303 886//303 795//303
f 797//305 887//305 796//305
f 798//307 888//307 797//307
f 799//309 889//309 798//309
f 800//311 890//311 799//311
f 801//313 891//313 800//313
f 802//315 892//315 801//315
f 803//317 893//317 802//317
f 804//319 894//319 803//319
f 805//321 895//321 804//321
f 806//323 896//323 805//323
f 807//325 897//325 806//325
f 808//327 898//327 807//327
f 809//329 899//329 808//329
f 900//331 1014//331 1017//331
f 901//341 1016//341 810//341
f 811//343 901//343 810//343
f 812//345 902//345 811//345
f 813//347 903//347 812//347
f 814//349 904//349 813//349
f 815//351 905//351 814//351
f 816//353 906//353 815//353
f 817//355 907//355 816//355
f 818//357 908//357 817//357
f 819//359 909//359 818//359
f 820//361 910//361 819//361
f 821//363 911//363 820//363
f 822//365 912//365 821//365
f 823//367 913//367 822//367
f 824//369 914//369 823//369
f 825//371 915//371 824//371
f 826//373 916//373 825//373
f 827//375 917//375 826//375
f 828//377 918//377 827//377
f 829//379 919//379 828//379
f 830//381 920//381 829//381
f 740//383 921//383 830//383
f 831//386 923//386 922//386
f 833//386 923//386 832//386
f 834//386 924//386 833//386
f 835//386 925//386 834//386
f 836//386 926//386 835//386
f 837//386 927//386 836//386
f 838//386 928//386 837//386
f 839//386 929//386 838//386
f 840//386 930//386 839//386
f 840//386 932//386 931//386
f 842//386 932//386 841//386
f 842//386 934//386 933//386
f 844//386 934//386 843//386
f 845//386 935//386 844//386
f 846//386 936//386 845//386
f 847//386 937//386 846//386
f 848//386 938//386 847//386
f 848//386 940//386 939//386
f 849//386 941//386 940//386
f 851//386 941//386 850//386
f 851//386 943//386 942//386
f 852//386 944//386 943//386
f 853//386 945//386 944//386
f 855//386 945//386 854//386
f 855//386 947//386 946//386
f 857//386 947//386 856//386
f 858//386 948//386 857//386
f 859//386 949//386 858//386
f 860//386 950//386 859//386
f 861//386 951//386 860//386
f 862//386 952//386 861//386
f 863//386 953//386 862//386
f 864//386 954//386 863//386
f 864//386 956//386 955//386
f 866//386 956//386 865//386
f 866//386 958//386 957//386
f 868//386 958//386 867//386
f 869//386 959//386 868//386
f 870//386 960//386 869//386
f 871//386 961//386 870//386
f 872//386 962//386 871//386
f 872//386 964//386 963//386
f 873//386 965//386 964//386
f 875//386 965//386 874//386
f 875//386 967//386 966//386
f 876//386 968//386 967//386
f 877//386 969//386 968//386
f 879//386 969//386 878//386
f 879//386 971//386 970//386
f 881//386 971//386 880//386
f 882//386 972//386 881//386
f 883//386 973//386 882//386
f 884//386 974//386 883//386
f 885//386 975//386 884//386
f 886//386 976//386 885//386
f 887//386 977//386 886//386
f 888//386 978//386 887//386
f 888//386 980//386 979//386
f 890//386 980//386 889//386
f 890//386 982//386 981//386
f 892//386 982//386 891//386
f 893//386 983//386 892//386
f 894//386 984//386 893//386
f 895//386 985//386 894//386
f 896//386 986//386 895//386
f 896//386 988//386 987//386
f 897//386 989//386 988//386
f 899//386 989//386 898//386
f 899//386 991//386 990//386
f 1019//386 900//386 1017//386
f 901//386 1020//386 1018//386
f 902//386 992//386 901//386
f 903//386 993//386 902//386
f 904//386 994//386 903//386
f 905//386 995//386 904//386
f 906//386 996//386 905//386
f 907//386 997//386 906//386
f 907//386 999//386 998//386
f 909//386 999//386 908//386
f 909//386 1001//386 1000//386
f 911//386 1001//386 910//386
f 912//386 1002//386 911//386
f 913//386 1003//386 912//386
f 914//386 1004//386 913//386
f 915//386 1005//386 914//386
f 915//386 1007//386 1006//386
f 916//386 1008//386 1007//386
f 918//386 1008//386 917//386
f 918//386 1010//386 1009//386
f 919//386 1011//386 1010//386
f 920//386 1012//386 1011//386
f 831//386 1012//386 921//386
f 923//289 649//289 922//289
f 924//291 650//291 923//291
f 925//293 651//293 924//293
f 926//295 652//295 925//295
f 927//297 653//297 926//297
f 928//390 654//390 927//390
f 929//301 655//301 928//301
f 930//303 656//303 929//303
f 931//305 657//305 930//305
f 932//307 658//307 931//307
f 933//309 659//309 932//309
f 934//311 660//311 933//311
f 935//313 661//313 934//313
f 936//315 662//315 935//315
f 937//317 663//317 936//317
f 938//319 664//319 937//319
f 939//321 665//321 938//321
f 940//323 666//323 939//323
f 941//391 667//391 940//391
f 942//327 668//327 941//327
f 943//329 669//329 942//329
f 944//331 670//331 943//331
f 945//333 671//333 944//333
f 946//335 672//335 945//335
f 947//337 673//337 946//337
f 948//339 674//339 947//339
f 949//341 675//341 948//341
f 950//343 676//343 949//343
f 951//345 677//345 950//345
f 952//392 678//392 951//392
f 953//349 679//349 952//349
f 954//351 680//351 953//351
f 955//353 681//353 954//353
f 956//355 682//355 955//355
f 957//357 683//357 956//357
f 958//359 684//359 957//359
f 959//361 685//361 958//361
f 960//363 686//363 959//363
f 961//365 687//365 960//365
f 962//367 688//367 961//367
f 963//369 689//369 962//369
f 964//371 690//371 963//371
f 965//373 691//373 964//373
f 966//375 692//375 965//375
f 967//377 693//377 966//377
f 968//379 694//379 967//379
f 969//381 695//381 968//381
f 970//383 696//383 969//383
f 971//193 697//193 970//193
f 972//195 698//195 971//195
f 973//197 699//197 972//197
f 974//199 700//199 973//199
f 975//201 701//201 974//201
f 976//389 702//389 975//389
f 977//205 703//205 976//205
f 978//207 704//207 977//207
f 979//209 705//209 978//209
f 980//211 706//211 979//211
f 981//213 707//213 980//213
f 982//215 708//215 981//215
f 983//217 709//217 982//217
f 984//219 710//219 983//219
f 985//221 711//221 984//221
f 986//223 712//223 985//223
f 987//225 713//225 986//225
f 988//227 714//227 987//227
f 989//393 715//393 988//393
f 990//231 716//231 989//231
f 991//233 717//233 990//233
f 718//235 1019//235 1013//235
f 719//245 1020//245 992//245
f 993//247 719//247 992//247
f 994//249 720//249 993//249
f 995//394 721//394 994//394
f 996//253 722//253 995//253
f 997//255 723//255 996//255
f 998//257 724//257 997//257
f 999//259 725//259 998//259
f 1000//261 726//261 999//261
f 1001//263 727//263 1000//263
f 1002//265 728//265 1001//265
f 1003//267 729//267 1002//267
f 1004//269 730//269 1003//269
f 1005//271 731//271 1004//271
f 1006//273 732//273 1005//273
f 1007//275 733//275 1006//275
f 1008//277 734//277 1007//277
f 1009//279 735//279 1008//279
f 1010//281 736//281 1009//281
f 1011//283 737//283 1010//283
f 1012//285 738//285 1011//285
f 922//287 739//287 1012//287
f 1017//387 1013//387 1019//387
f 1016//388 1020//388 1015//388
f 1022//388 1023//388 1021//388
f 1024//395 1027//395 1023//395
f 1028//387 1025//387 1027//387
f 1026//396 1021//396 1025//396
f 1027//385 1021//385 1023//385
f 1024//386 1026//386 1028//386
f 3577//385 3674//385 3673//385
f 3579//385 3674//385 3578//385
f 3579//385 3676//385 3675//385
f 3581//385 3676//385 3580//385
f 3581//385 3678//385 3677//385
f 3583//385 3678//385 3582//385
f 3584//385 3679//385 3583//385
f 3584//385 3681//385 3680//385
f 3585//385 3682//385 3681//385
f 3587//385 3682//385 3586//385
f 3587//385 3684//385 3683//385
f 3589//385 3684//385 3588//385
f 3590//385 3685//385 3589//385
f 3591//385 3686//385 3590//385
f 3592//385 3687//385 3591//385
f 3593//385 3688//385 3592//385
f 3594//385 3689//385 3593//385
f 3594//385 3691//385 3690//385
f 3595//385 3692//385 3691//385
f 3597//385 3692//385 3596//385
f 3597//385 3694//385 3693//385
f 3599//385 3694//385 3598//385
f 3599//385 3696//385 3695//385
f 3601//385 3696//385 3600//385
f 3601//385 3698//385 3697//385
f 3603//385 3698//385 3602//385
f 3603//385 3700//385 3699//385
f 3605//385 3700//385 3604//385
f 3605//385 3702//385 3701//385
f 3607//385 3702//385 3606//385
f 3608//385 3703//385 3607//385
f 3608//385 3705//385 3704//385
f 3609//385 3706//385 3705//385
f 3611//385 3706//385 3610//385
f 3611//385 3708//385 3707//385
f 3613//385 3708//385 3612//385
f 3614//385 3709//385 3613//385
f 3615//385 3710//385 3614//385
f 3616//385 3711//385 3615//385
f 3617//385 3712//385 3616//385
f 3618//385 3713//385 3617//385
f 3618//385 3715//385 3714//385
f 3619//385 3716//385 3715//385
f 3621//385 3716//385 3620//385
f 3621//385 3718//385 3717//385
f 3623//385 3718//385 3622//385
f 3623//385 3720//385 3719//385
f 3625//385 3720//385 3624//385
f 3625//385 3722//385 3721//385
f 3627//385 3722//385 3626//385
f 3627//385 3724//385 3723//385
f 3629//385 3724//385 3628//385
f 3629//385 3726//385 3725//385
f 3631//385 3726//385 3630//385
f 3632//385 3727//385 3631//385
f 3632//385 3729//385 3728//385
f 3633//385 3730//385 3729//385
f 3635//385 3730//385 3634//385
f 3635//385 3732//385 3731//385
f 3637//385 3732//385 3636//385
f 3638//385 3733//385 3637//385
f 3639//385 3734//385 3638//385
f 3640//385 3735//385 3639//385
f 3641//385 3736//385 3640//385
f 3642//385 3737//385 3641//385
f 3642//385 3739//385 3738//385
f 3643//385 3740//385 3739//385
f 3645//385 3740//385 3644//385
f 3645//385 3742//385 3741//385
f 3647//385 3742//385 3646//385
f 3647//385 3744//385 3743//385
f 3649//385 3744//385 3648//385
f 3649//385 3746//385 3745//385
f 3651//385 3746//385 3650//385
f 3651//385 3748//385 3747//385
f 3653//385 3748//385 3652//385
f 3653//385 3750//385 3749//385
f 3655//385 3750//385 3654//385
f 3656//385 3751//385 3655//385
f 3656//385 3753//385 3752//385
f 3657//385 3754//385 3753//385
f 3659//385 3754//385 3658//385
f 3659//385 3756//385 3755//385
f 3661//385 3756//385 3660//385
f 3662//385 3757//385 3661//385
f 3663//385 3758//385 3662//385
f 3664//385 3759//385 3663//385
f 3665//385 3760//385 3664//385
f 3666//385 3761//385 3665//385
f 3666//385 3763//385 3762//385
f 3667//385 3764//385 3763//385
f 3669//385 3764//385 3668//385
f 3669//385 3766//385 3765//385
f 3671//385 3766//385 3670//385
f 3671//385 3768//385 3767//385
f 3577//385 3768//385 3672//385
f 3674//193 3769//193 3673//193
f 3675//195 3770//195 3674//195
f 3676//197 3771//197 3675//197
f 3677//199 3772//199 3676//199
f 3678//201 3773//201 3677//201
f 3679//389 3774//389 3678//389
f 3680//205 3775//205 3679//205
f 3681//207 3776//207 3680//207
f 3682//209 3777//209 3681//209
f 3683//211 3778//211 3682//211
f 3684//213 3779//213 3683//213
f 3685//215 3780//215 3684//215
f 3686//217 3781//217 3685//217
f 3687//219 3782//219 3686//219
f 3688//221 3783//221 3687//221
f 3689//223 3784//223 3688//223
f 3690//225 3785//225 3689//225
f 3691//227 3786//227 3690//227
f 3692//229 3787//229 3691//229
f 3693//231 3788//231 3692//231
f 3694//233 3789//233 3693//233
f 3695//235 3790//235 3694//235
f 3696//237 3791//237 3695//237
f 3697//239 3792//239 3696//239
f 3698//241 3793//241 3697//241
f 3699//243 3794//243 3698//243
f 3700//245 3795//245 3699//245
f 3701//247 3796//247 3700//247
f 3702//249 3797//249 3701//249
f 3703//251 3798//251 3702//251
f 3704//253 3799//253 3703//253
f 3705//255 3800//255 3704//255
f 3706//257 3801//257 3705//257
f 3707//259 3802//259 3706//259
f 3708//261 3803//261 3707//261
f 3709//263 3804//263 3708//263
f 3710//265 3805//265 3709//265
f 3711//267 3806//267 3710//267
f 3712//413 3807//413 3711//413
f 3713//271 3808//271 3712//271
f 3714//273 3809//273 3713//273
f 3715//275 3810//275 3714//275
f 3716//277 3811//277 3715//277
f 3717//279 3812//279 3716//279
f 3718//281 3813//281 3717//281
f 3719//283 3814//283 3718//283
f 3720//285 3815//285 3719//285
f 3721//287 3816//287 3720//287
f 3722//289 3817//289 3721//289
f 3723//291 3818//291 3722//291
f 3724//293 3819//293 3723//293
f 3725//295 3820//295 3724//295
f 3726//297 3821//297 3725//297
f 3727//390 3822//390 3726//390
f 3728//301 3823//301 3727//301
f 3729//303 3824//303 3728//303
f 3730//305 3825//305 3729//305
f 3731//307 3826//307 3730//307
f 3732//309 3827//309 3731//309
f 3733//311 3828//311 3732//311
f 3734//313 3829//313 3733//313
f 3735//315 3830//315 3734//315
f 3736//317 3831//317 3735//317
f 3737//319 3832//319 3736//319
f 3738//321 3833//321 3737//321
f 3739//323 3834//323 3738//323
f 3740//325 3835//325 3739//325
f 3741//327 3836//327 3740//327
f 3742//329 3837//329 3741//329
f 3743//331 3838//331 3742//331
f 3744//333 3839//333 3743//333
f 3745//335 3840//335 3744//335
f 3746//337 3841//337 3745//337
f 3747//339 3842//339 3746//339
f 3748//341 3843//341 3747//341
f 3749//343 3844//343 3748//343
f 3750//345 3845//345 3749//345
f 3751//347 3846//347 3750//347
f 3752//349 3847//349 3751//349
f 3753//351 3848//351 3752//351
f 3754//353 3849//353 3753//353
f 3755//355 3850//355 3754//355
f 3756//357 3851//357 3755//357
f 3757//359 3852//359 3756//359
f 3758//361 3853//361 3757//361
f 3759//363 3854//363 3758//363
f 3760//414 3855//414 3759//414
f 3761//367 3856//367 3760//367
f 3762//369 3857//369 3761//369
f 3763//371 3858//371 3762//371
f 3764//373 3859//373 3763//373
f 3765//375 3860//375 3764//375
f 3766//377 3861//377 3765//377
f 3767//379 3862//379 3766//379
f 3768//381 3863//381 3767//381
f 3673//383 3864//383 3768//383
f 3770//386 3865//386 3769//386
f 3770//386 3867//386 3866//386
f 3772//386 3867//386 3771//386
f 3772//386 3869//386 3868//386
f 3774//386 3869//386 3773//386
f 3774//386 3871//386 3870//386
f 3775//386 3872//386 3871//386
f 3777//386 3872//386 3776//386
f 3778//386 3873//386 3777//386
f 3779//386 3874//386 3778//386
f 3780//386 3875//386 3779//386
f 3781//386 3876//386 3780//386
f 3782//386 3877//386 3781//386
f 3782//386 3879//386 3878//386
f 3784//386 3879//386 3783//386
f 3785//386 3880//386 3784//386
f 3785//386 3882//386 3881//386
f 3787//386 3882//386 3786//386
f 3788//386 3883//386 3787//386
f 3788//386 3885//386 3884//386
f 3790//386 3885//386 3789//386
f 3790//386 3887//386 3886//386
f 3792//386 3887//386 3791//386
f 3792//386 3889//386 3888//386
f 3794//386 3889//386 3793//386
f 3794//386 3891//386 3890//386
f 3796//386 3891//386 3795//386
f 3796//386 3893//386 3892//386
f 3798//386 3893//386 3797//386
f 3798//386 3895//386 3894//386
f 3799//386 3896//386 3895//386
f 3801//386 3896//386 3800//386
f 3802//386 3897//386 3801//386
f 3803//386 3898//386 3802//386
f 3804//386 3899//386 3803//386
f 3805//386 3900//386 3804//386
f 3806//386 3901//386 3805//386
f 3806//386 3903//386 3902//386
f 3808//386 3903//386 3807//386
f 3809//386 3904//386 3808//386
f 3809//386 3906//386 3905//386
f 3811//386 3906//386 3810//386
f 3812//386 3907//386 3811//386
f 3812//386 3909//386 3908//386
f 3814//386 3909//386 3813//386
f 3814//386 3911//386 3910//386
f 3816//386 3911//386 3815//386
f 3816//386 3913//386 3912//386
f 3818//386 3913//386 3817//386
f 3818//386 3915//386 3914//386
f 3820//386 3915//386 3819//386
f 3820//386 3917//386 3916//386
f 3822//386 3917//386 3821//386
f 3822//386 3919//386 3918//386
f 3823//386 3920//386 3919//386
f 3825//386 3920//386 3824//386
f 3826//386 3921//386 3825//386
f 3827//386 3922//386 3826//386
f 3828//386 3923//386 3827//386
f 3829//386 3924//386 3828//386
f 3830//386 3925//386 3829//386
f 3830//386 3927//386 3926//386
f 3832//386 3927//386 3831//386
f 3833//386 3928//386 3832//386
f 3833//386 3930//386 3929//386
f 3835//386 3930//386 3834//386
f 3836//386 3931//386 3835//386
f 3836//386 3933//386 3932//386
f 3838//386 3933//386 3837//386
f 3838//386 3935//386 3934//386
f 3840//386 3935//386 3839//386
f 3840//386 3937//386 3936//386
f 3842//386 3937//386 3841//386
f 3842//386 3939//386 3938//386
f 3844//386 3939//386 3843//386
f 3844//386 3941//386 3940//386
f 3846//386 3941//386 3845//386
f 3846//386 3943//386 3942//386
f 3847//386 3944//386 3943//386
f 3849//386 3944//386 3848//386
f 3850//386 3945//386 3849//386
f 3851//386 3946//386 3850//386
f 3852//386 3947//386 3851//386
f 3853//386 3948//386 3852//386
f 3854//386 3949//386 3853//386
f 3854//386 3951//386 3950//386
f 3856//386 3951//386 3855//386
f 3857//386 3952//386 3856//386
f 3857//386 3954//386 3953//386
f 3859//386 3954//386 3858//386
f 3860//386 3955//386 3859//386
f 3860//386 3957//386 3956//386
f 3862//386 3957//386 3861//386
f 3862//386 3959//386 3958//386
f 3864//386 3959//386 3863//386
f 3864//386 3865//386 3960//386
f 3866//289 3961//289 3865//289
f 3867//291 3962//291 3866//291
f 3868//293 3963//293 3867//293
f 3869//295 3964//295 3868//295
f 3870//297 3965//297 3869//297
f 3871//299 3966//299 3870//299
f 3872//301 3967//301 3871//301
f 3873//303 3968//303 3872//303
f 3874//305 3969//305 3873//305
f 3875//307 3970//307 3874//307
f 3876//309 3971//309 3875//309
f 3877//311 3972//311 3876//311
f 3878//313 3973//313 3877//313
f 3879//315 3974//315 3878//315
f 3880//415 3975//415 3879//415
f 3881//319 3976//319 3880//319
f 3882//321 3977//321 3881//321
f 3883//323 3978//323 3882//323
f 3884//325 3979//325 3883//325
f 3885//327 3980//327 3884//327
f 3886//329 3981//329 3885//329
f 3887//331 3982//331 3886//331
f 3888//333 3983//333 3887//333
f 3889//335 3984//335 3888//335
f 3890//337 3985//337 3889//337
f 3891//339 3986//339 3890//339
f 3892//341 3987//341 3891//341
f 3893//343 3988//343 3892//343
f 3894//345 3989//345 3893//345
f 3895//347 3990//347 3894//347
f 3896//349 3991//349 3895//349
f 3897//351 3992//351 3896//351
f 3898//353 3993//353 3897//353
f 3899//416 3994//416 3898//416
f 3900//357 3995//357 3899//357
f 3901//359 3996//359 3900//359
f 3902//361 3997//361 3901//361
f 3903//363 3998//363 3902//363
f 3904//365 3999//365 3903//365
f 3905//367 4000//367 3904//367
f 3906//369 4001//369 3905//369
f 3907//371 4002//371 3906//371
f 3908//417 4003//417 3907//417
f 3909//375 4004//375 3908//375
f 3910//377 4005//377 3909//377
f 3911//379 4006//379 3910//379
f 3912//381 4007//381 3911//381
f 3913//383 4008//383 3912//383
f 3914//193 4009//193 3913//193
f 3915//195 4010//195 3914//195
f 3916//197 4011//197 3915//197
f 3917//199 4012//199 3916//199
f 3918//201 4013//201 3917//201
f 3919//203 4014//203 3918//203
f 3920//205 4015//205 3919//205
f 3921//207 4016//207 3920//207
f 3922//209 4017//209 3921//209
f 3923//211 4018//211 3922//211
f 3924//213 4019//213 3923//213
f 3925//215 4020//215 3924//215
f 3926//217 4021//217 3925//217
f 3927//219 4022//219 3926//219
f 3928//418 4023//418 3927//418
f 3929//223 4024//223 3928//223
f 3930//225 4025//225 3929//225
f 3931//227 4026//227 3930//227
f 3932//229 4027//229 3931//229
f 3933//231 4028//231 3932//231
f 3934//233 4029//233 3933//233
f 3935//235 4030//235 3934//235
f 3936//237 4031//237 3935//237
f 3937//239 4032//239 3936//239
f 3938//241 4033//241 3937//241
f 3939//243 4034//243 3938//243
f 3940//245 4035//245 3939//245
f 3941//247 4036//247 3940//247
f 3942//249 4037//249 3941//249
f 3943//251 4038//251 3942//251
f 3944//253 4039//253 3943//253
f 3945//255 4040//255 3944//255
f 3946//257 4041//257 3945//257
f 3947//419 4042//419 3946//419
f 3948//261 4043//261 3947//261
f 3949//263 4044//263 3948//263
f 3950//265 4045//265 3949//265
f 3951//267 4046//267 3950//267
f 3952//269 4047//269 3951//269
f 3953//271 4048//271 3952//271
f 3954//273 4049//273 3953//273
f 3955//275 4050//275 3954//275
f 3956//420 4051//420 3955//420
f 3957//279 4052//279 3956//279
f 3958//281 4053//281 3957//281
f 3959//283 4054//283 3958//283
f 3960//285 4055//285 3959//285
f 3865//287 4056//287 3960//287
f 4058//385 4153//385 4057//385
f 4058//385 4155//385 4154//385
f 4060//421 4155//421 4059//421
f 4060//385 4157//385 4156//385
f 4062//385 4157//385 4061//385
f 4062//385 4159//385 4158//385
f 4064//422 4159//422 4063//422
f 4065//422 4160//422 4064//422
f 4066//385 4161//385 4065//385
f 4067//422 4162//422 4066//422
f 4068//423 4163//423 4067//423
f 4069//422 4164//422 4068//422
f 4069//385 4166//385 4165//385
f 4071//385 4166//385 4070//385
f 4071//421 4168//421 4167//421
f 4072//385 4169//385 4168//385
f 4073//423 4170//423 4169//423
f 4075//385 4170//385 4074//385
f 4076//385 4171//385 4075//385
f 4077//385 4172//385 4076//385
f 4078//385 4173//385 4077//385
f 4078//385 4175//385 4174//385
f 4080//385 4175//385 4079//385
f 4081//385 4176//385 4080//385
f 4082//385 4177//385 4081//385
f 4082//385 4179//385 4178//385
f 4084//385 4179//385 4083//385
f 4084//385 4181//385 4180//385
f 4086//423 4181//423 4085//423
f 4086//423 4183//423 4182//423
f 4088//385 4183//385 4087//385
f 4089//423 4184//423 4088//423
f 4090//423 4185//423 4089//423
f 4091//385 4186//385 4090//385
f 4092//423 4187//423 4091//423
f 4093//385 4188//385 4092//385
f 4093//385 4190//385 4189//385
f 4095//422 4190//422 4094//422
f 4095//385 4192//385 4191//385
f 4096//385 4193//385 4192//385
f 4097//385 4194//385 4193//385
f 4099//423 4194//423 4098//423
f 4100//422 4195//422 4099//422
f 4101//422 4196//422 4100//422
f 4102//423 4197//423 4101//423
f 4102//385 4199//385 4198//385
f 4104//424 4199//424 4103//424
f 4105//422 4200//422 4104//422
f 4106//385 4201//385 4105//385
f 4106//385 4203//385 4202//385
f 4108//424 4203//424 4107//424
f 4108//385 4205//385 4204//385
f 4110//385 4205//385 4109//385
f 4110//385 4207//385 4206//385
f 4112//423 4207//423 4111//423
f 4113//423 4208//423 4112//423
f 4114//385 4209//385 4113//385
f 4115//423 4210//423 4114//423
f 4116//422 4211//422 4115//422
f 4117//423 4212//423 4116//423
f 4117//385 4214//385 4213//385
f 4119//385 4214//385 4118//385
f 4119//424 4216//424 4215//424
f 4120//385 4217//385 4216//385
f 4121//422 4218//422 4217//422
f 4123//385 4218//385 4122//385
f 4124//385 4219//385 4123//385
f 4125//385 4220//385 4124//385
f 4126//385 4221//385 4125//385
f 4126//385 4223//385 4222//385
f 4128//385 4223//385 4127//385
f 4129//385 4224//385 4128//385
f 4130//385 4225//385 4129//385
f 4130//385 4227//385 4226//385
f 4132//385 4227//385 4131//385
f 4132//385 4229//385 4228//385
f 4134//422 4229//422 4133//422
f 4134//422 4231//422 4230//422
f 4136//385 4231//385 4135//385
f 4137//422 4232//422 4136//422
f 4138//422 4233//422 4137//422
f 4139//385 4234//385 4138//385
f 4140//422 4235//422 4139//422
f 4141//385 4236//385 4140//385
f 4141//385 4238//385 4237//385
f 4143//423 4238//423 4142//423
f 4143//385 4240//385 4239//385
f 4144//385 4241//385 4240//385
f 4145//385 4242//385 4241//385
f 4147//422 4242//422 4146//422
f 4148//423 4243//423 4147//423
f 4149//423 4244//423 4148//423
f 4150//422 4245//422 4149//422
f 4150//385 4247//385 4246//385
f 4152//421 4247//421 4151//421
f 4057//423 4248//423 4152//423
f 4154//193 4249//193 4153//193
f 4155//195 4250//195 4154//195
f 4156//197 4251//197 4155//197
f 4157//199 4252//199 4156//199
f 4158//201 4253//201 4157//201
f 4159//389 4254//389 4158//389
f 4160//205 4255//205 4159//205
f 4161//207 4256//207 4160//207
f 4162//425 4257//425 4161//425
f 4163//426 4258//426 4162//426
f 4164//213 4259//213 4163//213
f 4165//215 4260//215 4164//215
f 4166//427 4261//427 4165//427
f 4167//219 4262//219 4166//219
f 4168//221 4263//221 4167//221
f 4169//223 4264//223 4168//223
f 4170//225 4265//225 4169//225
f 4171//227 4266//227 4170//227
f 4172//229 4267//229 4171//229
f 4173//231 4268//231 4172//231
f 4174//233 4269//233 4173//233
f 4175//235 4270//235 4174//235
f 4176//237 4271//237 4175//237
f 4177//239 4272//239 4176//239
f 4178//241 4273//241 4177//241
f 4179//243 4274//243 4178//243
f 4180//245 4275//245 4179//245
f 4181//247 4276//247 4180//247
f 4182//249 4277//249 4181//249
f 4183//251 4278//251 4182//251
f 4184//253 4279//253 4183//253
f 4185//255 4280//255 4184//255
f 4186//257 4281//257 4185//257
f 4187//259 4282//259 4186//259
f 4188//261 4283//261 4187//261
f 4189//428 4284//428 4188//428
f 4190//265 4285//265 4189//265
f 4191//267 4286//267 4190//267
f 4192//429 4287//429 4191//429
f 4193//430 4288//430 4192//430
f 4194//273 4289//273 4193//273
f 4195//275 4290//275 4194//275
f 4196//277 4291//277 4195//277
f 4197//279 4292//279 4196//279
f 4198//281 4293//281 4197//281
f 4199//283 4294//283 4198//283
f 4200//285 4295//285 4199//285
f 4201//287 4296//287 4200//287
f 4202//289 4297//289 4201//289
f 4203//291 4298//291 4202//291
f 4204//293 4299//293 4203//293
f 4205//295 4300//295 4204//295
f 4206//297 4301//297 4205//297
f 4207//390 4302//390 4206//390
f 4208//301 4303//301 4207//301
f 4209//303 4304//303 4208//303
f 4210//431 4305//431 4209//431
f 4211//432 4306//432 4210//432
f 4212//309 4307//309 4211//309
f 4213//311 4308//311 4212//311
f 4214//433 4309//433 4213//433
f 4215//315 4310//315 4214//315
f 4216//317 4311//317 4215//317
f 4217//319 4312//319 4216//319
f 4218//321 4313//321 4217//321
f 4219//323 4314//323 4218//323
f 4220//325 4315//325 4219//325
f 4221//327 4316//327 4220//327
f 4222//329 4317//329 4221//329
f 4223//331 4318//331 4222//331
f 4224//333 4319//333 4223//333
f 4225//335 4320//335 4224//335
f 4226//337 4321//337 4225//337
f 4227//339 4322//339 4226//339
f 4228//341 4323//341 4227//341
f 4229//343 4324//343 4228//343
f 4230//345 4325//345 4229//345
f 4231//347 4326//347 4230//347
f 4232//349 4327//349 4231//349
f 4233//351 4328//351 4232//351
f 4234//353 4329//353 4233//353
f 4235//355 4330//355 4234//355
f 4236//357 4331//357 4235//357
f 4237//434 4332//434 4236//434
f 4238//361 4333//361 4237//361
f 4239//363 4334//363 4238//363
f 4240//435 4335//435 4239//435
f 4241//436 4336//436 4240//436
f 4242//369 4337//369 4241//369
f 4243//371 4338//371 4242//371
f 4244//373 4339//373 4243//373
f 4245//375 4340//375 4244//375
f 4246//377 4341//377 4245//377
f 4247//379 4342//379 4246//379
f 4248//381 4343//381 4247//381
f 4153//383 4344//383 4248//383
f 4250//386 4345//386 4249//386
f 4251//437 4346//437 4250//437
f 4252//437 4347//437 4251//437
f 4252//386 4349//386 4348//386
f 4254//437 4349//437 4253//437
f 4255//386 4350//386 4254//386
f 4255//386 4352//386 4351//386
f 4256//386 4353//386 4352//386
f 4257//386 4354//386 4353//386
f 4259//437 4354//437 4258//437
f 4259//386 4356//386 4355//386
f 4260//386 4357//386 4356//386
f 4261//386 4358//386 4357//386
f 4263//438 4358//438 4262//438
f 4264//386 4359//386 4263//386
f 4265//386 4360//386 4264//386
f 4266//386 4361//386 4265//386
f 4267//438 4362//438 4266//438
f 4267//386 4364//386 4363//386
f 4269//386 4364//386 4268//386
f 4270//386 4365//386 4269//386
f 4271//386 4366//386 4270//386
f 4272//386 4367//386 4271//386
f 4273//386 4368//386 4272//386
f 4274//386 4369//386 4273//386
f 4275//386 4370//386 4274//386
f 4276//386 4371//386 4275//386
f 4276//386 4373//386 4372//386
f 4278//386 4373//386 4277//386
f 4279//438 4374//438 4278//438
f 4279//386 4376//386 4375//386
f 4280//437 4377//437 4376//437
f 4281//386 4378//386 4377//386
f 4283//386 4378//386 4282//386
f 4283//386 4380//386 4379//386
f 4284//439 4381//439 4380//439
f 4285//386 4382//386 4381//386
f 4287//386 4382//386 4286//386
f 4288//386 4383//386 4287//386
f 4289//437 4384//437 4288//437
f 4290//386 4385//386 4289//386
f 4291//437 4386//437 4290//437
f 4291//386 4388//386 4387//386
f 4293//439 4388//439 4292//439
f 4294//437 4389//437 4293//437
f 4295//439 4390//439 4294//439
f 4296//439 4391//439 4295//439
f 4297//439 4392//439 4296//439
f 4298//386 4393//386 4297//386
f 4299//438 4394//438 4298//438
f 4300//438 4395//438 4299//438
f 4300//386 4397//386 4396//386
f 4302//438 4397//438 4301//438
f 4303//386 4398//386 4302//386
f 4303//386 4400//386 4399//386
f 4304//386 4401//386 4400//386
f 4305//386 4402//386 4401//386
f 4307//438 4402//438 4306//438
f 4307//386 4404//386 4403//386
f 4308//386 4405//386 4404//386
f 4309//386 4406//386 4405//386
f 4311//437 4406//437 4310//437
f 4312//386 4407//386 4311//386
f 4313//386 4408//386 4312//386
f 4314//386 4409//386 4313//386
f 4315//437 4410//437 4314//437
f 4315//386 4412//386 4411//386
f 4317//386 4412//386 4316//386
f 4318//386 4413//386 4317//386
f 4319//386 4414//386 4318//386
f 4320//386 4415//386 4319//386
f 4321//386 4416//386 4320//386
f 4322//386 4417//386 4321//386
f 4323//386 4418//386 4322//386
f 4324//386 4419//386 4323//386
f 4324//386 4421//386 4420//386
f 4326//386 4421//386 4325//386
f 4327//437 4422//437 4326//437
f 4327//386 4424//386 4423//386
f 4328//438 4425//438 4424//438
f 4329//386 4426//386 4425//386
f 4331//386 4426//386 4330//386
f 4331//386 4428//386 4427//386
f 4332//440 4429//440 4428//440
f 4333//386 4430//386 4429//386
f 4335//386 4430//386 4334//386
f 4336//386 4431//386 4335//386
f 4337//438 4432//438 4336//438
f 4338//386 4433//386 4337//386
f 4339//438 4434//438 4338//438
f 4339//386 4436//386 4435//386
f 4341//440 4436//440 4340//440
f 4342//438 4437//438 4341//438
f 4343//440 4438//440 4342//440
f 4344//440 4439//440 4343//440
f 4249//440 4440//440 4344//440
f 4346//289 4441//289 4345//289
f 4347//291 4442//291 4346//291
f 4348//293 4443//293 4347//293
f 4349//295 4444//295 4348//295
f 4350//297 4445//297 4349//297
f 4351//299 4446//299 4350//299
f 4352//301 4447//301 4351//301
f 4353//303 4448//303 4352//303
f 4354//305 4449//305 4353//305
f 4355//307 4450//307 4354//307
f 4356//309 4451//309 4355//309
f 4357//441 4452//441 4356//441
f 4358//313 4453//313 4357//313
f 4359//315 4454//315 4358//315
f 4360//415 4455//415 4359//415
f 4361//442 4456//442 4360//442
f 4362//321 4457//321 4361//321
f 4363//323 4458//323 4362//323
f 4364//391 4459//391 4363//391
f 4365//327 4460//327 4364//327
f 4366//329 4461//329 4365//329
f 4367//331 4462//331 4366//331
f 4368//333 4463//333 4367//333
f 4369//335 4464//335 4368//335
f 4370//337 4465//337 4369//337
f 4371//339 4466//339 4370//339
f 4372//341 4467//341 4371//341
f 4373//343 4468//343 4372//343
f 4374//345 4469//345 4373//345
f 4375//392 4470//392 4374//392
f 4376//349 4471//349 4375//349
f 4377//351 4472//351 4376//351
f 4378//443 4473//443 4377//443
f 4379//416 4474//416 4378//416
f 4380//357 4475//357 4379//357
f 4381//359 4476//359 4380//359
f 4382//444 4477//444 4381//444
f 4383//363 4478//363 4382//363
f 4384//365 4479//365 4383//365
f 4385//367 4480//367 4384//367
f 4386//369 4481//369 4385//369
f 4387//371 4482//371 4386//371
f 4388//417 4483//417 4387//417
f 4389//375 4484//375 4388//375
f 4390//377 4485//377 4389//377
f 4391//379 4486//379 4390//379
f 4392//381 4487//381 4391//381
f 4393//383 4488//383 4392//383
f 4394//193 4489//193 4393//193
f 4395//195 4490//195 4394//195
f 4396//197 4491//197 4395//197
f 4397//199 4492//199 4396//199
f 4398//201 4493//201 4397//201
f 4399//203 4494//203 4398//203
f 4400//205 4495//205 4399//205
f 4401//207 4496//207 4400//207
f 4402//209 4497//209 4401//209
f 4403//211 4498//211 4402//211
f 4404//213 4499//213 4403//213
f 4405//445 4500//445 4404//445
f 4406//217 4501//217 4405//217
f 4407//219 4502//219 4406//219
f 4408//418 4503//418 4407//418
f 4409//446 4504//446 4408//446
f 4410//225 4505//225 4409//225
f 4411//227 4506//227 4410//227
f 4412//393 4507//393 4411//393
f 4413//231 4508//231 4412//231
f 4414//233 4509//233 4413//233
f 4415//235 4510//235 4414//235
f 4416//237 4511//237 4415//237
f 4417//239 4512//239 4416//239
f 4418//241 4513//241 4417//241
f 4419//243 4514//243 4418//243
f 4420//245 4515//245 4419//245
f 4421//247 4516//247 4420//247
f 4422//249 4517//249 4421//249
f 4423//394 4518//394 4422//394
f 4424//253 4519//253 4423//253
f 4425//255 4520//255 4424//255
f 4426//447 4521//447 4425//447
f 4427//419 4522//419 4426//419
f 4428//261 4523//261 4427//261
f 4429//263 4524//263 4428//263
f 4430//448 4525//448 4429//448
f 4431//267 4526//267 4430//267
f 4432//269 4527//269 4431//269
f 4433//271 4528//271 4432//271
f 4434//273 4529//273 4433//273
f 4435//275 4530//275 4434//275
f 4436//420 4531//420 4435//420
f 4437//279 4532//279 4436//279
f 4438//281 4533//281 4437//281
f 4439//283 4534//283 4438//283
f 4440//285 4535//285 4439//285
f 4345//287 4536//287 4440//287
f 650//385 741//385 740//385
f 650//385 651//385 742//385
f 652//385 743//385 742//385
f 652//385 653//385 744//385
f 654//385 745//385 744//385
f 654//385 655//385 746//385
f 655//385 656//385 747//385
f 657//385 748//385 747//385
f 658//385 749//385 748//385
f 659//385 750//385 749//385
f 659//385 660//385 751//385
f 661//385 752//385 751//385
f 661//385 662//385 753//385
f 663//385 754//385 753//385
f 663//385 664//385 755//385
f 665//385 756//385 755//385
f 666//385 757//385 756//385
f 667//385 758//385 757//385
f 668//385 759//385 758//385
f 669//385 760//385 759//385
f 670//385 761//385 760//385
f 670//385 671//385 762//385
f 672//385 763//385 762//385
f 672//385 673//385 764//385
f 674//385 765//385 764//385
f 674//385 675//385 766//385
f 676//385 767//385 766//385
f 676//385 677//385 768//385
f 678//385 769//385 768//385
f 678//385 679//385 770//385
f 679//385 680//385 771//385
f 681//385 772//385 771//385
f 682//385 773//385 772//385
f 683//385 774//385 773//385
f 683//385 684//385 775//385
f 685//385 776//385 775//385
f 685//385 686//385 777//385
f 687//385 778//385 777//385
f 687//385 688//385 779//385
f 689//385 780//385 779//385
f 690//385 781//385 780//385
f 691//385 782//385 781//385
f 692//385 783//385 782//385
f 693//385 784//385 783//385
f 694//385 785//385 784//385
f 694//385 695//385 786//385
f 696//385 787//385 786//385
f 696//385 697//385 788//385
f 698//385 789//385 788//385
f 698//385 699//385 790//385
f 700//385 791//385 790//385
f 700//385 701//385 792//385
f 702//385 793//385 792//385
f 702//385 703//385 794//385
f 703//385 704//385 795//385
f 705//385 796//385 795//385
f 706//385 797//385 796//385
f 707//385 798//385 797//385
f 707//385 708//385 799//385
f 709//385 800//385 799//385
f 709//385 710//385 801//385
f 711//385 802//385 801//385
f 711//385 712//385 803//385
f 713//385 804//385 803//385
f 714//385 805//385 804//385
f 715//385 806//385 805//385
f 716//385 807//385 806//385
f 717//385 808//385 807//385
f 718//385 809//385 808//385
f 809//385 718//385 1013//385
f 810//385 1016//385 1015//385
f 719//385 720//385 811//385
f 721//385 812//385 811//385
f 721//385 722//385 813//385
f 722//385 723//385 814//385
f 724//385 815//385 814//385
f 725//385 816//385 815//385
f 726//385 817//385 816//385
f 726//385 727//385 818//385
f 728//385 819//385 818//385
f 728//385 729//385 820//385
f 730//385 821//385 820//385
f 730//385 731//385 822//385
f 732//385 823//385 822//385
f 733//385 824//385 823//385
f 734//385 825//385 824//385
f 735//385 826//385 825//385
f 736//385 827//385 826//385
f 737//385 828//385 827//385
f 737//385 738//385 829//385
f 739//385 830//385 829//385
f 739//385 649//385 740//385
f 741//193 832//193 831//193
f 742//195 833//195 832//195
f 743//197 834//197 833//197
f 744//199 835//199 834//199
f 745//201 836//201 835//201
f 746//389 837//389 836//389
f 747//205 838//205 837//205
f 748//207 839//207 838//207
f 749//209 840//209 839//209
f 750//211 841//211 840//211
f 751//213 842//213 841//213
f 752//215 843//215 842//215
f 753//217 844//217 843//217
f 754//219 845//219 844//219
f 755//221 846//221 845//221
f 756//223 847//223 846//223
f 757//225 848//225 847//225
f 758//227 849//227 848//227
f 759//229 850//229 849//229
f 760//231 851//231 850//231
f 761//233 852//233 851//233
f 762//235 853//235 852//235
f 763//237 854//237 853//237
f 764//239 855//239 854//239
f 765//241 856//241 855//241
f 766//243 857//243 856//243
f 767//245 858//245 857//245
f 768//247 859//247 858//247
f 769//249 860//249 859//249
f 770//251 861//251 860//251
f 771//253 862//253 861//253
f 772//255 863//255 862//255
f 773//257 864//257 863//257
f 774//259 865//259 864//259
f 775//261 866//261 865//261
f 776//263 867//263 866//263
f 777//265 868//265 867//265
f 778//267 869//267 868//267
f 779//269 870//269 869//269
f 780//271 871//271 870//271
f 781//273 872//273 871//273
f 782//275 873//275 872//275
f 783//277 874//277 873//277
f 784//279 875//279 874//279
f 785//281 876//281 875//281
f 786//283 877//283 876//283
f 787//285 878//285 877//285
f 788//287 879//287 878//287
f 789//289 880//289 879//289
f 790//291 881//291 880//291
f 791//293 882//293 881//293
f 792//295 883//295 882//295
f 793//297 884//297 883//297
f 794//390 885//390 884//390
f 795//301 886//301 885//301
f 796//303 887//303 886//303
f 797//305 888//305 887//305
f 798//307 889//307 888//307
f 799//309 890//309 889//309
f 800//311 891//311 890//311
f 801//313 892//313 891//313
f 802//315 893//315 892//315
f 803//317 894//317 893//317
f 804//319 895//319 894//319
f 805//321 896//321 895//321
f 806//323 897//323 896//323
f 807//325 898//325 897//325
f 808//327 899//327 898//327
f 809//329 900//329 899//329
f 900//331 809//331 1014//331
f 901//341 1018//341 1016//341
f 811//343 902//343 901//343
f 812//345 903//345 902//345
f 813//347 904//347 903//347
f 814//349 905//349 904//349
f 815//351 906//351 905//351
f 816//353 907//353 906//353
f 817//355 908//355 907//355
f 818//357 909//357 908//357
f 819//359 910//359 909//359
f 820//361 911//361 910//361
f 821//363 912//363 911//363
f 822//365 913//365 912//365
f 823//367 914//367 913//367
f 824//369 915//369 914//369
f 825//371 916//371 915//371
f 826//373 917//373 916//373
f 827//375 918//375 917//375
f 828//377 919//377 918//377
f 829//379 920//379 919//379
f 830//381 921//381 920//381
f 740//383 831//383 921//383
f 831//386 832//386 923//386
f 833//386 924//386 923//386
f 834//386 925//386 924//386
f 835//386 926//386 925//386
f 836//386 927//386 926//386
f 837//386 928//386 927//386
f 838//386 929//386 928//386
f 839//386 930//386 929//386
f 840//386 931//386 930//386
f 840//386 841//386 932//386
f 842//386 933//386 932//386
f 842//386 843//386 934//386
f 844//386 935//386 934//386
f 845//386 936//386 935//386
f 846//386 937//386 936//386
f 847//386 938//386 937//386
f 848//386 939//386 938//386
f 848//386 849//386 940//386
f 849//386 850//386 941//386
f 851//386 942//386 941//386
f 851//386 852//386 943//386
f 852//386 853//386 944//386
f 853//386 854//386 945//386
f 855//386 946//386 945//386
f 855//386 856//386 947//386
f 857//386 948//386 947//386
f 858//386 949//386 948//386
f 859//386 950//386 949//386
f 860//386 951//386 950//386
f 861//386 952//386 951//386
f 862//386 953//386 952//386
f 863//386 954//386 953//386
f 864//386 955//386 954//386
f 864//386 865//386 956//386
f 866//386 957//386 956//386
f 866//386 867//386 958//386
f 868//386 959//386 958//386
f 869//386 960//386 959//386
f 870//386 961//386 960//386
f 871//386 962//386 961//386
f 872//386 963//386 962//386
f 872//386 873//386 964//386
f 873//386 874//386 965//386
f 875//386 966//386 965//386
f 875//386 876//386 967//386
f 876//386 877//386 968//386
f 877//386 878//386 969//386
f 879//386 970//386 969//386
f 879//386 880//386 971//386
f 881//386 972//386 971//386
f 882//386 973//386 972//386
f 883//386 974//386 973//386
f 884//386 975//386 974//386
f 885//386 976//386 975//386
f 886//386 977//386 976//386
f 887//386 978//386 977//386
f 888//386 979//386 978//386
f 888//386 889//386 980//386
f 890//386 981//386 980//386
f 890//386 891//386 982//386
f 892//386 983//386 982//386
f 893//386 984//386 983//386
f 894//386 985//386 984//386
f 895//386 986//386 985//386
f 896//386 987//386 986//386
f 896//386 897//386 988//386
f 897//386 898//386 989//386
f 899//386 990//386 989//386
f 899//386 900//386 991//386
f 1019//386 991//386 900//386
f 901//386 992//386 1020//386
f 902//386 993//386 992//386
f 903//386 994//386 993//386
f 904//386 995//386 994//386
f 905//386 996//386 995//386
f 906//386 997//386 996//386
f 907//386 998//386 997//386
f 907//386 908//386 999//386
f 909//386 1000//386 999//386
f 909//386 910//386 1001//386
f 911//386 1002//386 1001//386
f 912//386 1003//386 1002//386
f 913//386 1004//386 1003//386
f 914//386 1005//386 1004//386
f 915//386 1006//386 1005//386
f 915//386 916//386 1007//386
f 916//386 917//386 1008//386
f 918//386 1009//386 1008//386
f 918//386 919//386 1010//386
f 919//386 920//386 1011//386
f 920//386 921//386 1012//386
f 831//386 922//386 1012//386
f 923//289 650//289 649//289
f 924//291 651//291 650//291
f 925//293 652//293 651//293
f 926//295 653//295 652//295
f 927//297 654//297 653//297
f 928//390 655//390 654//390
f 929//301 656//301 655//301
f 930//303 657//303 656//303
f 931//305 658//305 657//305
f 932//307 659//307 658//307
f 933//309 660//309 659//309
f 934//311 661//311 660//311
f 935//313 662//313 661//313
f 936//315 663//315 662//315
f 937//317 664//317 663//317
f 938//319 665//319 664//319
f 939//321 666//321 665//321
f 940//323 667//323 666//323
f 941//391 668//391 667//391
f 942//327 669//327 668//327
f 943//329 670//329 669//329
f 944//331 671//331 670//331
f 945//333 672//333 671//333
f 946//335 673//335 672//335
f 947//337 674//337 673//337
f 948//339 675//339 674//339
f 949//341 676//341 675//341
f 950//343 677//343 676//343
f 951//345 678//345 677//345
f 952//392 679//392 678//392
f 953//349 680//349 679//349
f 954//351 681//351 680//351
f 955//353 682//353 681//353
f 956//355 683//355 682//355
f 957//357 684//357 683//357
f 958//359 685//359 684//359
f 959//361 686//361 685//361
f 960//363 687//363 686//363
f 961//365 688//365 687//365
f 962//367 689//367 688//367
f 963//369 690//369 689//369
f 964//371 691//371 690//371
f 965//373 692//373 691//373
f 966//375 693//375 692//375
f 967//377 694//377 693//377
f 968//379 695//379 694//379
f 969//381 696//381 695//381
f 970//383 697//383 696//383
f 971//193 698//193 697//193
f 972//195 699//195 698//195
f 973//197 700//197 699//197
f 974//199 701//199 700//199
f 975//201 702//201 701//201
f 976//389 703//389 702//389
f 977//205 704//205 703//205
f 978//207 705//207 704//207
f 979//209 706//209 705//209
f 980//211 707//211 706//211
f 981//213 708//213 707//213
f 982//215 709//215 708//215
f 983//217 710//217 709//217
f 984//219 711//219 710//219
f 985//221 712//221 711//221
f 986//223 713//223 712//223
f 987//225 714//225 713//225
f 988//227 715//227 714//227
f 989//393 716//393 715//393
f 990//231 717//231 716//231
f 991//233 718//233 717//233
f 718//235 991//235 1019//235
f 719//245 1015//245 1020//245
f 993//247 720//247 719//247
f 994//249 721//249 720//249
f 995//394 722//394 721//394
f 996//253 723//253 722//253
f 997//255 724//255 723//255
f 998//257 725//257 724//257
f 999//259 726//259 725//259
f 1000//261 727//261 726//261
f 1001//263 728//263 727//263
f 1002//265 729//265 728//265
f 1003//267 730//267 729//267
f 1004//269 731//269 730//269
f 1005//271 732//271 731//271
f 1006//273 733//273 732//273
f 1007//275 734//275 733//275
f 1008//277 735//277 734//277
f 1009//279 736//279 735//279
f 1010//281 737//281 736//281
f 1011//283 738//283 737//283
f 1012//285 739//285 738//285
f 922//287 649//287 739//287
f 1017//387 1014//387 1013//387
f 1016//388 1018//388 1020//388
f 1022//388 1024//388 1023//388
f 1024//395 1028//395 1027//395
f 1028//387 1026//387 1025//387
f 1026//396 1022//396 1021//396
f 1027//385 1025//385 1021//385
f 1024//386 1022//386 1026//386
f 3577//385 3578//385 3674//385
f 3579//385 3675//385 3674//385
f 3579//385 3580//385 3676//385
f 3581//385 3677//385 3676//385
f 3581//385 3582//385 3678//385
f 3583//385 3679//385 3678//385
f 3584//385 3680//385 3679//385
f 3584//385 3585//385 3681//385
f 3585//385 3586//385 3682//385
f 3587//385 3683//385 3682//385
f 3587//385 3588//385 3684//385
f 3589//385 3685//385 3684//385
f 3590//385 3686//385 3685//385
f 3591//385 3687//385 3686//385
f 3592//385 3688//385 3687//385
f 3593//385 3689//385 3688//385
f 3594//385 3690//385 3689//385
f 3594//385 3595//385 3691//385
f 3595//385 3596//385 3692//385
f 3597//385 3693//385 3692//385
f 3597//385 3598//385 3694//385
f 3599//385 3695//385 3694//385
f 3599//385 3600//385 3696//385
f 3601//385 3697//385 3696//385
f 3601//385 3602//385 3698//385
f 3603//385 3699//385 3698//385
f 3603//385 3604//385 3700//385
f 3605//385 3701//385 3700//385
f 3605//385 3606//385 3702//385
f 3607//385 3703//385 3702//385
f 3608//385 3704//385 3703//385
f 3608//385 3609//385 3705//385
f 3609//385 3610//385 3706//385
f 3611//385 3707//385 3706//385
f 3611//385 3612//385 3708//385
f 3613//385 3709//385 3708//385
f 3614//385 3710//385 3709//385
f 3615//385 3711//385 3710//385
f 3616//385 3712//385 3711//385
f 3617//385 3713//385 3712//385
f 3618//385 3714//385 3713//385
f 3618//385 3619//385 3715//385
f 3619//385 3620//385 3716//385
f 3621//385 3717//385 3716//385
f 3621//385 3622//385 3718//385
f 3623//385 3719//385 3718//385
f 3623//385 3624//385 3720//385
f 3625//385 3721//385 3720//385
f 3625//385 3626//385 3722//385
f 3627//385 3723//385 3722//385
f 3627//385 3628//385 3724//385
f 3629//385 3725//385 3724//385
f 3629//385 3630//385 3726//385
f 3631//385 3727//385 3726//385
f 3632//385 3728//385 3727//385
f 3632//385 3633//385 3729//385
f 3633//385 3634//385 3730//385
f 3635//385 3731//385 3730//385
f 3635//385 3636//385 3732//385
f 3637//385 3733//385 3732//385
f 3638//385 3734//385 3733//385
f 3639//385 3735//385 3734//385
f 3640//385 3736//385 3735//385
f 3641//385 3737//385 3736//385
f 3642//385 3738//385 3737//385
f 3642//385 3643//385 3739//385
f 3643//385 3644//385 3740//385
f 3645//385 3741//385 3740//385
f 3645//385 3646//385 3742//385
f 3647//385 3743//385 3742//385
f 3647//385 3648//385 3744//385
f 3649//385 3745//385 3744//385
f 3649//385 3650//385 3746//385
f 3651//385 3747//385 3746//385
f 3651//385 3652//385 3748//385
f 3653//385 3749//385 3748//385
f 3653//385 3654//385 3750//385
f 3655//385 3751//385 3750//385
f 3656//385 3752//385 3751//385
f 3656//385 3657//385 3753//385
f 3657//385 3658//385 3754//385
f 3659//385 3755//385 3754//385
f 3659//385 3660//385 3756//385
f 3661//385 3757//385 3756//385
f 3662//385 3758//385 3757//385
f 3663//385 3759//385 3758//385
f 3664//385 3760//385 3759//385
f 3665//385 3761//385 3760//385
f 3666//385 3762//385 3761//385
f 3666//385 3667//385 3763//385
f 3667//385 3668//385 3764//385
f 3669//385 3765//385 3764//385
f 3669//385 3670//385 3766//385
f 3671//385 3767//385 3766//385
f 3671//385 3672//385 3768//385
f 3577//385 3673//385 3768//385
f 3674//193 3770//193 3769//193
f 3675//195 3771//195 3770//195
f 3676//197 3772//197 3771//197
f 3677//199 3773//199 3772//199
f 3678//201 3774//201 3773//201
f 3679//203 3775//203 3774//203
f 3680//205 3776//205 3775//205
f 3681//207 3777//207 3776//207
f 3682//209 3778//209 3777//209
f 3683//211 3779//211 3778//211
f 3684//213 3780//213 3779//213
f 3685//215 3781//215 3780//215
f 3686//217 3782//217 3781//217
f 3687//219 3783//219 3782//219
f 3688//221 3784//221 3783//221
f 3689//223 3785//223 3784//223
f 3690//225 3786//225 3785//225
f 3691//227 3787//227 3786//227
f 3692//393 3788//393 3787//393
f 3693//231 3789//231 3788//231
f 3694//233 3790//233 3789//233
f 3695//235 3791//235 3790//235
f 3696//237 3792//237 3791//237
f 3697//239 3793//239 3792//239
f 3698//241 3794//241 3793//241
f 3699//243 3795//243 3794//243
f 3700//245 3796//245 3795//245
f 3701//247 3797//247 3796//247
f 3702//249 3798//249 3797//249
f 3703//394 3799//394 3798//394
f 3704//253 3800//253 3799//253
f 3705//255 3801//255 3800//255
f 3706//257 3802//257 3801//257
f 3707//259 3803//259 3802//259
f 3708//261 3804//261 3803//261
f 3709//263 3805//263 3804//263
f 3710//265 3806//265 3805//265
f 3711//267 3807//267 3806//267
f 3712//269 3808//269 3807//269
f 3713//271 3809//271 3808//271
f 3714//273 3810//273 3809//273
f 3715//275 3811//275 3810//275
f 3716//420 3812//420 3811//420
f 3717//279 3813//279 3812//279
f 3718//281 3814//281 3813//281
f 3719//283 3815//283 3814//283
f 3720//285 3816//285 3815//285
f 3721//287 3817//287 3816//287
f 3722//289 3818//289 3817//289
f 3723//291 3819//291 3818//291
f 3724//293 3820//293 3819//293
f 3725//295 3821//295 3820//295
f 3726//297 3822//297 3821//297
f 3727//299 3823//299 3822//299
f 3728//301 3824//301 3823//301
f 3729//303 3825//303 3824//303
f 3730//305 3826//305 3825//305
f 3731//307 3827//307 3826//307
f 3732//309 3828//309 3827//309
f 3733//311 3829//311 3828//311
f 3734//313 3830//313 3829//313
f 3735//315 3831//315 3830//315
f 3736//317 3832//317 3831//317
f 3737//319 3833//319 3832//319
f 3738//321 3834//321 3833//321
f 3739//323 3835//323 3834//323
f 3740//391 3836//391 3835//391
f 3741//327 3837//327 3836//327
f 3742//329 3838//329 3837//329
f 3743//331 3839//331 3838//331
f 3744//333 3840//333 3839//333
f 3745//335 3841//335 3840//335
f 3746//337 3842//337 3841//337
f 3747//339 3843//339 3842//339
f 3748//341 3844//341 3843//341
f 3749//343 3845//343 3844//343
f 3750//345 3846//345 3845//345
f 3751//392 3847//392 3846//392
f 3752//349 3848//349 3847//349
f 3753//351 3849//351 3848//351
f 3754//353 3850//353 3849//353
f 3755//355 3851//355 3850//355
f 3756//357 3852//357 3851//357
f 3757//359 3853//359 3852//359
f 3758//361 3854//361 3853//361
f 3759//363 3855//363 3854//363
f 3760//365 3856//365 3855//365
f 3761//367 3857//367 3856//367
f 3762//369 3858//369 3857//369
f 3763//371 3859//371 3858//371
f 3764//417 3860//417 3859//417
f 3765//375 3861//375 3860//375
f 3766//377 3862//377 3861//377
f 3767//379 3863//379 3862//379
f 3768//381 3864//381 3863//381
f 3673//383 3769//383 3864//383
f 3770//386 3866//386 3865//386
f 3770//386 3771//386 3867//386
f 3772//386 3868//386 3867//386
f 3772//386 3773//386 3869//386
f 3774//386 3870//386 3869//386
f 3774//386 3775//386 3871//386
f 3775//386 3776//386 3872//386
f 3777//386 3873//386 3872//386
f 3778//386 3874//386 3873//386
f 3779//386 3875//386 3874//386
f 3780//386 3876//386 3875//386
f 3781//386 3877//386 3876//386
f 3782//386 3878//386 3877//386
f 3782//386 3783//386 3879//386
f 3784//386 3880//386 3879//386
f 3785//386 3881//386 3880//386
f 3785//386 3786//386 3882//386
f 3787//386 3883//386 3882//386
f 3788//386 3884//386 3883//386
f 3788//386 3789//386 3885//386
f 3790//386 3886//386 3885//386
f 3790//386 3791//386 3887//386
f 3792//386 3888//386 3887//386
f 3792//386 3793//386 3889//386
f 3794//386 3890//386 3889//386
f 3794//386 3795//386 3891//386
f 3796//386 3892//386 3891//386
f 3796//386 3797//386 3893//386
f 3798//386 3894//386 3893//386
f 3798//386 3799//386 3895//386
f 3799//386 3800//386 3896//386
f 3801//386 3897//386 3896//386
f 3802//386 3898//386 3897//386
f 3803//386 3899//386 3898//386
f 3804//386 3900//386 3899//386
f 3805//386 3901//386 3900//386
f 3806//386 3902//386 3901//386
f 3806//386 3807//386 3903//386
f 3808//386 3904//386 3903//386
f 3809//386 3905//386 3904//386
f 3809//386 3810//386 3906//386
f 3811//386 3907//386 3906//386
f 3812//386 3908//386 3907//386
f 3812//386 3813//386 3909//386
f 3814//386 3910//386 3909//386
f 3814//386 3815//386 3911//386
f 3816//386 3912//386 3911//386
f 3816//386 3817//386 3913//386
f 3818//386 3914//386 3913//386
f 3818//386 3819//386 3915//386
f 3820//386 3916//386 3915//386
f 3820//386 3821//386 3917//386
f 3822//386 3918//386 3917//386
f 3822//386 3823//386 3919//386
f 3823//386 3824//386 3920//386
f 3825//386 3921//386 3920//386
f 3826//386 3922//386 3921//386
f 3827//386 3923//386 3922//386
f 3828//386 3924//386 3923//386
f 3829//386 3925//386 3924//386
f 3830//386 3926//386 3925//386
f 3830//386 3831//386 3927//386
f 3832//386 3928//386 3927//386
f 3833//386 3929//386 3928//386
f 3833//386 3834//386 3930//386
f 3835//386 3931//386 3930//386
f 3836//386 3932//386 3931//386
f 3836//386 3837//386 3933//386
f 3838//386 3934//386 3933//386
f 3838//386 3839//386 3935//386
f 3840//386 3936//386 3935//386
f 3840//386 3841//386 3937//386
f 3842//386 3938//386 3937//386
f 3842//386 3843//386 3939//386
f 3844//386 3940//386 3939//386
f 3844//386 3845//386 3941//386
f 3846//386 3942//386 3941//386
f 3846//386 3847//386 3943//386
f 3847//386 3848//386 3944//386
f 3849//386 3945//386 3944//386
f 3850//386 3946//386 3945//386
f 3851//386 3947//386 3946//386
f 3852//386 3948//386 3947//386
f 3853//386 3949//386 3948//386
f 3854//386 3950//386 3949//386
f 3854//386 3855//386 3951//386
f 3856//386 3952//386 3951//386
f 3857//386 3953//386 3952//386
f 3857//386 3858//386 3954//386
f 3859//386 3955//386 3954//386
f 3860//386 3956//386 3955//386
f 3860//386 3861//386 3957//386
f 3862//386 3958//386 3957//386
f 3862//386 3863//386 3959//386
f 3864//386 3960//386 3959//386
f 3864//386 3769//386 3865//386
f 3866//289 3962//289 3961//289
f 3867//291 3963//291 3962//291
f 3868//293 3964//293 3963//293
f 3869//295 3965//295 3964//295
f 3870//297 3966//297 3965//297
f 3871//390 3967//390 3966//390
f 3872//301 3968//301 3967//301
f 3873//303 3969//303 3968//303
f 3874//305 3970//305 3969//305
f 3875//453 3971//453 3970//453
f 3876//309 3972//309 3971//309
f 3877//311 3973//311 3972//311
f 3878//313 3974//313 3973//313
f 3879//315 3975//315 3974//315
f 3880//317 3976//317 3975//317
f 3881//319 3977//319 3976//319
f 3882//321 3978//321 3977//321
f 3883//323 3979//323 3978//323
f 3884//325 3980//325 3979//325
f 3885//327 3981//327 3980//327
f 3886//329 3982//329 3981//329
f 3887//331 3983//331 3982//331
f 3888//333 3984//333 3983//333
f 3889//335 3985//335 3984//335
f 3890//337 3986//337 3985//337
f 3891//339 3987//339 3986//339
f 3892//341 3988//341 3987//341
f 3893//343 3989//343 3988//343
f 3894//345 3990//345 3989//345
f 3895//347 3991//347 3990//347
f 3896//349 3992//349 3991//349
f 3897//351 3993//351 3992//351
f 3898//353 3994//353 3993//353
f 3899//355 3995//355 3994//355
f 3900//357 3996//357 3995//357
f 3901//359 3997//359 3996//359
f 3902//361 3998//361 3997//361
f 3903//363 3999//363 3998//363
f 3904//414 4000//414 3999//414
f 3905//367 4001//367 4000//367
f 3906//369 4002//369 4001//369
f 3907//371 4003//371 4002//371
f 3908//373 4004//373 4003//373
f 3909//375 4005//375 4004//375
f 3910//377 4006//377 4005//377
f 3911//379 4007//379 4006//379
f 3912//381 4008//381 4007//381
f 3913//383 4009//383 4008//383
f 3914//193 4010//193 4009//193
f 3915//195 4011//195 4010//195
f 3916//197 4012//197 4011//197
f 3917//199 4013//199 4012//199
f 3918//201 4014//201 4013//201
f 3919//389 4015//389 4014//389
f 3920//205 4016//205 4015//205
f 3921//207 4017//207 4016//207
f 3922//209 4018//209 4017//209
f 3923//454 4019//454 4018//454
f 3924//213 4020//213 4019//213
f 3925//215 4021//215 4020//215
f 3926//217 4022//217 4021//217
f 3927//219 4023//219 4022//219
f 3928//221 4024//221 4023//221
f 3929//223 4025//223 4024//223
f 3930//225 4026//225 4025//225
f 3931//227 4027//227 4026//227
f 3932//229 4028//229 4027//229
f 3933//231 4029//231 4028//231
f 3934//233 4030//233 4029//233
f 3935//235 4031//235 4030//235
f 3936//237 4032//237 4031//237
f 3937//239 4033//239 4032//239
f 3938//241 4034//241 4033//241
f 3939//243 4035//243 4034//243
f 3940//245 4036//245 4035//245
f 3941//247 4037//247 4036//247
f 3942//249 4038//249 4037//249
f 3943//251 4039//251 4038//251
f 3944//253 4040//253 4039//253
f 3945//255 4041//255 4040//255
f 3946//257 4042//257 4041//257
f 3947//259 4043//259 4042//259
f 3948//261 4044//261 4043//261
f 3949//263 4045//263 4044//263
f 3950//265 4046//265 4045//265
f 3951//267 4047//267 4046//267
f 3952//413 4048//413 4047//413
f 3953//271 4049//271 4048//271
f 3954//273 4050//273 4049//273
f 3955//275 4051//275 4050//275
f 3956//277 4052//277 4051//277
f 3957//279 4053//279 4052//279
f 3958//281 4054//281 4053//281
f 3959//283 4055//283 4054//283
f 3960//285 4056//285 4055//285
f 3865//287 3961//287 4056//287
f 4058//385 4154//385 4153//385
f 4058//421 4059//421 4155//421
f 4060//385 4156//385 4155//385
f 4060//422 4061//422 4157//422
f 4062//385 4158//385 4157//385
f 4062//423 4063//423 4159//423
f 4064//421 4160//421 4159//421
f 4065//385 4161//385 4160//385
f 4066//385 4162//385 4161//385
f 4067//385 4163//385 4162//385
f 4068//424 4164//424 4163//424
f 4069//385 4165//385 4164//385
f 4069//385 4070//385 4166//385
f 4071//424 4167//424 4166//424
f 4071//385 4072//385 4168//385
f 4072//422 4073//422 4169//422
f 4073//422 4074//422 4170//422
f 4075//385 4171//385 4170//385
f 4076//422 4172//422 4171//422
f 4077//385 4173//385 4172//385
f 4078//385 4174//385 4173//385
f 4078//385 4079//385 4175//385
f 4080//385 4176//385 4175//385
f 4081//385 4177//385 4176//385
f 4082//385 4178//385 4177//385
f 4082//385 4083//385 4179//385
f 4084//385 4180//385 4179//385
f 4084//385 4085//385 4181//385
f 4086//422 4182//422 4181//422
f 4086//385 4087//385 4183//385
f 4088//385 4184//385 4183//385
f 4089//422 4185//422 4184//422
f 4090//385 4186//385 4185//385
f 4091//424 4187//424 4186//424
f 4092//385 4188//385 4187//385
f 4093//385 4189//385 4188//385
f 4093//423 4094//423 4190//423
f 4095//385 4191//385 4190//385
f 4095//423 4096//423 4192//423
f 4096//385 4097//385 4193//385
f 4097//423 4098//423 4194//423
f 4099//385 4195//385 4194//385
f 4100//385 4196//385 4195//385
f 4101//455 4197//455 4196//455
f 4102//385 4198//385 4197//385
f 4102//424 4103//424 4199//424
f 4104//385 4200//385 4199//385
f 4105//385 4201//385 4200//385
f 4106//385 4202//385 4201//385
f 4106//424 4107//424 4203//424
f 4108//385 4204//385 4203//385
f 4108//423 4109//423 4205//423
f 4110//385 4206//385 4205//385
f 4110//422 4111//422 4207//422
f 4112//424 4208//424 4207//424
f 4113//385 4209//385 4208//385
f 4114//385 4210//385 4209//385
f 4115//385 4211//385 4210//385
f 4116//421 4212//421 4211//421
f 4117//385 4213//385 4212//385
f 4117//385 4118//385 4214//385
f 4119//421 4215//421 4214//421
f 4119//385 4120//385 4216//385
f 4120//423 4121//423 4217//423
f 4121//423 4122//423 4218//423
f 4123//385 4219//385 4218//385
f 4124//423 4220//423 4219//423
f 4125//385 4221//385 4220//385
f 4126//385 4222//385 4221//385
f 4126//385 4127//385 4223//385
f 4128//385 4224//385 4223//385
f 4129//385 4225//385 4224//385
f 4130//385 4226//385 4225//385
f 4130//385 4131//385 4227//385
f 4132//385 4228//385 4227//385
f 4132//385 4133//385 4229//385
f 4134//423 4230//423 4229//423
f 4134//385 4135//385 4231//385
f 4136//385 4232//385 4231//385
f 4137//423 4233//423 4232//423
f 4138//385 4234//385 4233//385
f 4139//421 4235//421 4234//421
f 4140//385 4236//385 4235//385
f 4141//385 4237//385 4236//385
f 4141//422 4142//422 4238//422
f 4143//385 4239//385 4238//385
f 4143//422 4144//422 4240//422
f 4144//385 4145//385 4241//385
f 4145//422 4146//422 4242//422
f 4147//385 4243//385 4242//385
f 4148//385 4244//385 4243//385
f 4149//456 4245//456 4244//456
f 4150//385 4246//385 4245//385
f 4150//421 4151//421 4247//421
f 4152//385 4248//385 4247//385
f 4057//385 4153//385 4248//385
f 4154//193 4250//193 4249//193
f 4155//195 4251//195 4250//195
f 4156//197 4252//197 4251//197
f 4157//199 4253//199 4252//199
f 4158//201 4254//201 4253//201
f 4159//203 4255//203 4254//203
f 4160//457 4256//457 4255//457
f 4161//207 4257//207 4256//207
f 4162//209 4258//209 4257//209
f 4163//211 4259//211 4258//211
f 4164//213 4260//213 4259//213
f 4165//445 4261//445 4260//445
f 4166//458 4262//458 4261//458
f 4167//219 4263//219 4262//219
f 4168//221 4264//221 4263//221
f 4169//223 4265//223 4264//223
f 4170//225 4266//225 4265//225
f 4171//227 4267//227 4266//227
f 4172//229 4268//229 4267//229
f 4173//231 4269//231 4268//231
f 4174//233 4270//233 4269//233
f 4175//235 4271//235 4270//235
f 4176//237 4272//237 4271//237
f 4177//239 4273//239 4272//239
f 4178//241 4274//241 4273//241
f 4179//243 4275//243 4274//243
f 4180//245 4276//245 4275//245
f 4181//247 4277//247 4276//247
f 4182//249 4278//249 4277//249
f 4183//251 4279//251 4278//251
f 4184//253 4280//253 4279//253
f 4185//255 4281//255 4280//255
f 4186//257 4282//257 4281//257
f 4187//259 4283//259 4282//259
f 4188//261 4284//261 4283//261
f 4189//459 4285//459 4284//459
f 4190//448 4286//448 4285//448
f 4191//267 4287//267 4286//267
f 4192//269 4288//269 4287//269
f 4193//271 4289//271 4288//271
f 4194//273 4290//273 4289//273
f 4195//460 4291//460 4290//460
f 4196//420 4292//420 4291//420
f 4197//279 4293//279 4292//279
f 4198//281 4294//281 4293//281
f 4199//283 4295//283 4294//283
f 4200//285 4296//285 4295//285
f 4201//287 4297//287 4296//287
f 4202//289 4298//289 4297//289
f 4203//291 4299//291 4298//291
f 4204//293 4300//293 4299//293
f 4205//295 4301//295 4300//295
f 4206//297 4302//297 4301//297
f 4207//299 4303//299 4302//299
f 4208//461 4304//461 4303//461
f 4209//303 4305//303 4304//303
f 4210//305 4306//305 4305//305
f 4211//307 4307//307 4306//307
f 4212//309 4308//309 4307//309
f 4213//441 4309//441 4308//441
f 4214//462 4310//462 4309//462
f 4215//315 4311//315 4310//315
f 4216//317 4312//317 4311//317
f 4217//319 4313//319 4312//319
f 4218//321 4314//321 4313//321
f 4219//323 4315//323 4314//323
f 4220//325 4316//325 4315//325
f 4221//327 4317//327 4316//327
f 4222//329 4318//329 4317//329
f 4223//331 4319//331 4318//331
f 4224//333 4320//333 4319//333
f 4225//335 4321//335 4320//335
f 4226//337 4322//337 4321//337
f 4227//339 4323//339 4322//339
f 4228//341 4324//341 4323//341
f 4229//343 4325//343 4324//343
f 4230//345 4326//345 4325//345
f 4231//347 4327//347 4326//347
f 4232//349 4328//349 4327//349
f 4233//351 4329//351 4328//351
f 4234//353 4330//353 4329//353
f 4235//355 4331//355 4330//355
f 4236//357 4332//357 4331//357
f 4237//463 4333//463 4332//463
f 4238//444 4334//444 4333//444
f 4239//363 4335//363 4334//363
f 4240//365 4336//365 4335//365
f 4241//367 4337//367 4336//367
f 4242//369 4338//369 4337//369
f 4243//464 4339//464 4338//464
f 4244//417 4340//417 4339//417
f 4245//375 4341//375 4340//375
f 4246//377 4342//377 4341//377
f 4247//379 4343//379 4342//379
f 4248//381 4344//381 4343//381
f 4153//383 4249//383 4344//383
f 4250//465 4346//465 4345//465
f 4251//386 4347//386 4346//386
f 4252//386 4348//386 4347//386
f 4252//438 4253//438 4349//438
f 4254//386 4350//386 4349//386
f 4255//386 4351//386 4350//386
f 4255//438 4256//438 4352//438
f 4256//386 4257//386 4353//386
f 4257//438 4258//438 4354//438
f 4259//386 4355//386 4354//386
f 4259//386 4260//386 4356//386
f 4260//386 4261//386 4357//386
f 4261//438 4262//438 4358//438
f 4263//386 4359//386 4358//386
f 4264//386 4360//386 4359//386
f 4265//386 4361//386 4360//386
f 4266//438 4362//438 4361//438
f 4267//386 4363//386 4362//386
f 4267//437 4268//437 4364//437
f 4269//386 4365//386 4364//386
f 4270//386 4366//386 4365//386
f 4271//386 4367//386 4366//386
f 4272//386 4368//386 4367//386
f 4273//386 4369//386 4368//386
f 4274//386 4370//386 4369//386
f 4275//386 4371//386 4370//386
f 4276//386 4372//386 4371//386
f 4276//386 4277//386 4373//386
f 4278//386 4374//386 4373//386
f 4279//386 4375//386 4374//386
f 4279//437 4280//437 4376//437
f 4280//386 4281//386 4377//386
f 4281//386 4282//386 4378//386
f 4283//386 4379//386 4378//386
f 4283//437 4284//437 4380//437
f 4284//437 4285//437 4381//437
f 4285//386 4286//386 4382//386
f 4287//386 4383//386 4382//386
f 4288//386 4384//386 4383//386
f 4289//386 4385//386 4384//386
f 4290//386 4386//386 4385//386
f 4291//386 4387//386 4386//386
f 4291//386 4292//386 4388//386
f 4293//386 4389//386 4388//386
f 4294//386 4390//386 4389//386
f 4295//465 4391//465 4390//465
f 4296//465 4392//465 4391//465
f 4297//386 4393//386 4392//386
f 4298//466 4394//466 4393//466
f 4299//386 4395//386 4394//386
f 4300//386 4396//386 4395//386
f 4300//437 4301//437 4397//437
f 4302//386 4398//386 4397//386
f 4303//386 4399//386 4398//386
f 4303//437 4304//437 4400//437
f 4304//386 4305//386 4401//386
f 4305//437 4306//437 4402//437
f 4307//386 4403//386 4402//386
f 4307//386 4308//386 4404//386
f 4308//386 4309//386 4405//386
f 4309//437 4310//437 4406//437
f 4311//386 4407//386 4406//386
f 4312//386 4408//386 4407//386
f 4313//386 4409//386 4408//386
f 4314//437 4410//437 4409//437
f 4315//386 4411//386 4410//386
f 4315//438 4316//438 4412//438
f 4317//386 4413//386 4412//386
f 4318//386 4414//386 4413//386
f 4319//386 4415//386 4414//386
f 4320//386 4416//386 4415//386
f 4321//386 4417//386 4416//386
f 4322//386 4418//386 4417//386
f 4323//386 4419//386 4418//386
f 4324//386 4420//386 4419//386
f 4324//386 4325//386 4421//386
f 4326//386 4422//386 4421//386
f 4327//386 4423//386 4422//386
f 4327//438 4328//438 4424//438
f 4328//386 4329//386 4425//386
f 4329//386 4330//386 4426//386
f 4331//386 4427//386 4426//386
f 4331//438 4332//438 4428//438
f 4332//438 4333//438 4429//438
f 4333//386 4334//386 4430//386
f 4335//386 4431//386 4430//386
f 4336//386 4432//386 4431//386
f 4337//386 4433//386 4432//386
f 4338//386 4434//386 4433//386
f 4339//386 4435//386 4434//386
f 4339//386 4340//386 4436//386
f 4341//386 4437//386 4436//386
f 4342//386 4438//386 4437//386
f 4343//466 4439//466 4438//466
f 4344//466 4440//466 4439//466
f 4249//386 4345//386 4440//386
f 4346//289 4442//289 4441//289
f 4347//291 4443//291 4442//291
f 4348//293 4444//293 4443//293
f 4349//295 4445//295 4444//295
f 4350//297 4446//297 4445//297
f 4351//390 4447//390 4446//390
f 4352//301 4448//301 4447//301
f 4353//303 4449//303 4448//303
f 4354//431 4450//431 4449//431
f 4355//432 4451//432 4450//432
f 4356//309 4452//309 4451//309
f 4357//311 4453//311 4452//311
f 4358//433 4454//433 4453//433
f 4359//315 4455//315 4454//315
f 4360//317 4456//317 4455//317
f 4361//319 4457//319 4456//319
f 4362//321 4458//321 4457//321
f 4363//467 4459//467 4458//467
f 4364//325 4460//325 4459//325
f 4365//327 4461//327 4460//327
f 4366//329 4462//329 4461//329
f 4367//331 4463//331 4462//331
f 4368//333 4464//333 4463//333
f 4369//335 4465//335 4464//335
f 4370//337 4466//337 4465//337
f 4371//339 4467//339 4466//339
f 4372//341 4468//341 4467//341
f 4373//343 4469//343 4468//343
f 4374//345 4470//345 4469//345
f 4375//347 4471//347 4470//347
f 4376//468 4472//468 4471//468
f 4377//351 4473//351 4472//351
f 4378//353 4474//353 4473//353
f 4379//355 4475//355 4474//355
f 4380//357 4476//357 4475//357
f 4381//434 4477//434 4476//434
f 4382//361 4478//361 4477//361
f 4383//363 4479//363 4478//363
f 4384//435 4480//435 4479//435
f 4385//436 4481//436 4480//436
f 4386//369 4482//369 4481//369
f 4387//371 4483//371 4482//371
f 4388//373 4484//373 4483//373
f 4389//375 4485//375 4484//375
f 4390//377 4486//377 4485//377
f 4391//379 4487//379 4486//379
f 4392//381 4488//381 4487//381
f 4393//383 4489//383 4488//383
f 4394//193 4490//193 4489//193
f 4395//195 4491//195 4490//195
f 4396//197 4492//197 4491//197
f 4397//199 4493//199 4492//199
f 4398//201 4494//201 4493//201
f 4399//389 4495//389 4494//389
f 4400//205 4496//205 4495//205
f 4401//207 4497//207 4496//207
f 4402//425 4498//425 4497//425
f 4403//426 4499//426 4498//426
f 4404//213 4500//213 4499//213
f 4405//215 4501//215 4500//215
f 4406//427 4502//427 4501//427
f 4407//219 4503//219 4502//219
f 4408//221 4504//221 4503//221
f 4409//223 4505//223 4504//223
f 4410//225 4506//225 4505//225
f 4411//469 4507//469 4506//469
f 4412//229 4508//229 4507//229
f 4413//231 4509//231 4508//231
f 4414//233 4510//233 4509//233
f 4415//235 4511//235 4510//235
f 4416//237 4512//237 4511//237
f 4417//239 4513//239 4512//239
f 4418//241 4514//241 4513//241
f 4419//243 4515//243 4514//243
f 4420//245 4516//245 4515//245
f 4421//247 4517//247 4516//247
f 4422//249 4518//249 4517//249
f 4423//251 4519//251 4518//251
f 4424//470 4520//470 4519//470
f 4425//255 4521//255 4520//255
f 4426//257 4522//257 4521//257
f 4427//259 4523//259 4522//259
f 4428//261 4524//261 4523//261
f 4429//428 4525//428 4524//428
f 4430//265 4526//265 4525//265
f 4431//267 4527//267 4526//267
f 4432//429 4528//429 4527//429
f 4433//430 4529//430 4528//430
f 4434//273 4530//273 4529//273
f 4435//275 4531//275 4530//275
f 4436//277 4532//277 4531//277
f 4437//279 4533//279 4532//279
f 4438//281 4534//281 4533//281
f 4439//283 4535//283 4534//283
f 4440//285 4536//285 4535//285
f 4345//287 4441//287 4536//287
usemtl bolt_black
f 1030//397 1031//397 1029//397
f 1032//387 1033//387 1031//387
f 1034//398 1035//398 1033//398
f 1036//399 1037//399 1035//399
f 1030//386 1038//386 1034//386
f 1038//388 1039//388 1037//388
f 1040//400 1029//400 1039//400
f 1031//385 1035//385 1039//385
f 1058//397 1059//397 1057//397
f 1060//387 1061//387 1059//387
f 1062//398 1063//398 1061//398
f 1064//399 1065//399 1063//399
f 1058//386 1066//386 1062//386
f 1066//388 1067//388 1065//388
f 1068//400 1057//400 1067//400
f 1059//385 1063//385 1067//385
f 1086//397 1087//397 1085//397
f 1088//387 1089//387 1087//387
f 1090//398 1091//398 1089//398
f 1092//399 1093//399 1091//399
f 1086//386 1094//386 1090//386
f 1094//388 1095//388 1093//388
f 1096//400 1085//400 1095//400
f 1087//385 1091//385 1095//385
f 1114//397 1115//397 1113//397
f 1116//387 1117//387 1115//387
f 1118//398 1119//398 1117//398
f 1120//399 1121//399 1119//399
f 1114//386 1122//386 1118//386
f 1122//388 1123//388 1121//388
f 1124//400 1113//400 1123//400
f 1115//385 1119//385 1123//385
f 1142//397 1143//397 1141//397
f 1144//387 1145//387 1143//387
f 1146//398 1147//398 1145//398
f 1148//399 1149//399 1147//399
f 1142//386 1150//386 1146//386
f 1150//388 1151//388 1149//388
f 1152//400 1141//400 1151//400
f 1143//385 1147//385 1151//385
f 1170//397 1171//397 1169//397
f 1172//387 1173//387 1171//387
f 1174//398 1175//398 1173//398
f 1176//399 1177//399 1175//399
f 1170//386 1178//386 1174//386
f 1178//388 1179//388 1177//388
f 1180//400 1169//400 1179//400
f 1171//385 1175//385 1179//385
f 1198//397 1199//397 1197//397
f 1200//387 1201//387 1199//387
f 1202//398 1203//398 1201//398
f 1204//399 1205//399 1203//399
f 1198//386 1206//386 1202//386
f 1206//388 1207//388 1205//388
f 1208//400 1197//400 1207//400
f 1199//385 1203//385 1207//385
f 1226//397 1227//397 1225//397
f 1228//387 1229//387 1227//387
f 1230//398 1231//398 1229//398
f 1232//399 1233//399 1231//399
f 1226//386 1234//386 1230//386
f 1234//388 1235//388 1233//388
f 1236//400 1225//400 1235//400
f 1227//385 1231//385 1235//385
f 1254//397 1255//397 1253//397
f 1256//387 1257//387 1255//387
f 1258//398 1259//398 1257//398
f 1260//399 1261//399 1259//399
f 1254//386 1262//386 1258//386
f 1262//388 1263//388 1261//388
f 1264//400 1253//400 1263//400
f 1255//385 1259//385 1263//385
f 1282//397 1283//397 1281//397
f 1284//387 1285//387 1283//387
f 1286//398 1287//398 1285//398
f 1288//399 1289//399 1287//399
f 1282//386 1290//386 1286//386
f 1290//388 1291//388 1289//388
f 1292//400 1281//400 1291//400
f 1283//385 1287//385 1291//385
f 1310//397 1311//397 1309//397
f 1312//387 1313//387 1311//387
f 1314//398 1315//398 1313//398
f 1316//399 1317//399 1315//399
f 1310//386 1318//386 1314//386
f 1318//388 1319//388 1317//388
f 1320//400 1309//400 1319//400
f 1311//385 1315//385 1319//385
f 1338//397 1339//397 1337//397
f 1340//387 1341//387 1339//387
f 1342//398 1343//398 1341//398
f 1344//399 1345//399 1343//399
f 1338//386 1346//386 1342//386
f 1346//388 1347//388 1345//388
f 1348//400 1337//400 1347//400
f 1339//385 1343//385 1347//385
f 1366//397 1367//397 1365//397
f 1368//387 1369//387 1367//387
f 1370//398 1371//398 1369//398
f 1372//399 1373//399 1371//399
f 1366//386 1374//386 1370//386
f 1374//388 1375//388 1373//388
f 1376//400 1365//400 1375//400
f 1367//385 1371//385 1375//385
f 1394//397 1395//397 1393//397
f 1396//387 1397//387 1395//387
f 1398//398 1399//398 1397//398
f 1400//399 1401//399 1399//399
f 1394//386 1402//386 1398//386
f 1402//388 1403//388 1401//388
f 1404//400 1393//400 1403//400
f 1395//385 1399//385 1403//385
f 1422//397 1423//397 1421//397
f 1424//387 1425//387 1423//387
f 1426//398 1427//398 1425//398
f 1428//399 1429//399 1427//399
f 1422//386 1430//386 1426//386
f 1430//388 1431//388 1429//388
f 1432//400 1421//400 1431//400
f 1423//385 1427//385 1431//385
f 1450//397 1451//397 1449//397
f 1452//387 1453//387 1451//387
f 1454//398 1455//398 1453//398
f 1456//399 1457//399 1455//399
f 1450//386 1458//386 1454//386
f 1458//388 1459//388 1457//388
f 1460//400 1449//400 1459//400
f 1451//385 1455//385 1459//385
f 1478//397 1479//397 1477//397
f 1480//387 1481//387 1479//387
f 1482//398 1483//398 1481//398
f 1484//399 1485//399 1483//399
f 1478//386 1486//386 1482//386
f 1486//388 1487//388 1485//388
f 1488//400 1477//400 1487//400
f 1479//385 1483//385 1487//385
f 1506//397 1507//397 1505//397
f 1508//387 1509//387 1507//387
f 1510//398 1511//398 1509//398
f 1512//399 1513//399 1511//399
f 1506//386 1514//386 1510//386
f 1514//388 1515//388 1513//388
f 1516//400 1505//400 1515//400
f 1507//385 1511//385 1515//385
f 1534//397 1535//397 1533//397
f 1536//387 1537//387 1535//387
f 1538//398 1539//398 1537//398
f 1540//399 1541//399 1539//399
f 1534//386 1542//386 1538//386
f 1542//388 1543//388 1541//388
f 1544//400 1533//400 1543//400
f 1535//385 1539//385 1543//385
f 1562//397 1563//397 1561//397
f 1564//387 1565//387 1563//387
f 1566//398 1567//398 1565//398
f 1568//399 1569//399 1567//399
f 1562//386 1570//386 1566//386
f 1570//388 1571//388 1569//388
f 1572//400 1561//400 1571//400
f 1563//385 1567//385 1571//385
f 1590//397 1591//397 1589//397
f 1592//387 1593//387 1591//387
f 1594//398 1595//398 1593//398
f 1596//399 1597//399 1595//399
f 1590//386 1598//386 1594//386
f 1598//388 1599//388 1597//388
f 1600//400 1589//400 1599//400
f 1591//385 1595//385 1599//385
f 1618//397 1619//397 1617//397
f 1620//387 1621//387 1619//387
f 1622//398 1623//398 1621//398
f 1624//399 1625//399 1623//399
f 1618//386 1626//386 1622//386
f 1626//388 1627//388 1625//388
f 1628//400 1617//400 1627//400
f 1619//385 1623//385 1627//385
f 1646//397 1647//397 1645//397
f 1648//387 1649//387 1647//387
f 1650//398 1651//398 1649//398
f 1652//399 1653//399 1651//399
f 1646//386 1654//386 1650//386
f 1654//388 1655//388 1653//388
f 1656//400 1645//400 1655//400
f 1647//385 1651//385 1655//385
f 1674//397 1675//397 1673//397
f 1676//387 1677//387 1675//387
f 1678//398 1679//398 1677//398
f 1680//399 1681//399 1679//399
f 1674//386 1682//386 1678//386
f 1682//388 1683//388 1681//388
f 1684//400 1673//400 1683//400
f 1675//385 1679//385 1683//385
f 1702//397 1703//397 1701//397
f 1704//387 1705//387 1703//387
f 1706//398 1707//398 1705//398
f 1708//399 1709//399 1707//399
f 1702//386 1710//386 1706//386
f 1710//388 1711//388 1709//388
f 1712//400 1701//400 1711//400
f 1703//385 1707//385 1711//385
f 1730//397 1731//397 1729//397
f 1732//387 1733//387 1731//387
f 1734//398 1735//398 1733//398
f 1736//399 1737//399 1735//399
f 1730//386 1738//386 1734//386
f 1738//388 1739//388 1737//388
f 1740//400 1729//400 1739//400
f 1731//385 1735//385 1739//385
f 1758//397 1759//397 1757//397
f 1760//387 1761//387 1759//387
f 1762//398 1763//398 1761//398
f 1764//399 1765//399 1763//399
f 1758//386 1766//386 1762//386
f 1766//388 1767//388 1765//388
f 1768//400 1757//400 1767//400
f 1759//385 1763//385 1767//385
f 1786//397 1787//397 1785//397
f 1788//387 1789//387 1787//387
f 1790//398 1791//398 1789//398
f 1792//399 1793//399 1791//399
f 1786//386 1794//386 1790//386
f 1794//388 1795//388 1793//388
f 1796//400 1785//400 1795//400
f 1787//385 1791//385 1795//385
f 1814//397 1815//397 1813//397
f 1816//387 1817//387 1815//387
f 1818//398 1819//398 1817//398
f 1820//399 1821//399 1819//399
f 1814//386 1822//386 1818//386
f 1822//388 1823//388 1821//388
f 1824//400 1813//400 1823//400
f 1815//385 1819//385 1823//385
f 1842//397 1843//397 1841//397
f 1844//387 1845//387 1843//387
f 1846//398 1847//398 1845//398
f 1848//399 1849//399 1847//399
f 1842//386 1850//386 1846//386
f 1850//388 1851//388 1849//388
f 1852//400 1841//400 1851//400
f 1843//385 1847//385 1851//385
f 1870//397 1871//397 1869//397
f 1872//387 1873//387 1871//387
f 1874//398 1875//398 1873//398
f 1876//399 1877//399 1875//399
f 1870//386 1878//386 1874//386
f 1878//388 1879//388 1877//388
f 1880//400 1869//400 1879//400
f 1871//385 1875//385 1879//385
f 1898//397 1899//397 1897//397
f 1900//387 1901//387 1899//387
f 1902//398 1903//398 1901//398
f 1904//399 1905//399 1903//399
f 1898//386 1906//386 1902//386
f 1906//388 1907//388 1905//388
f 1908//400 1897//400 1907//400
f 1899//385 1903//385 1907//385
f 1926//397 1927//397 1925//397
f 1928//387 1929//387 1927//387
f 1930//398 1931//398 1929//398
f 1932//399 1933//399 1931//399
f 1926//386 1934//386 1930//386
f 1934//388 1935//388 1933//388
f 1936//400 1925//400 1935//400
f 1927//385 1931//385 1935//385
f 1954//397 1955//397 1953//397
f 1956//387 1957//387 1955//387
f 1958//398 1959//398 1957//398
f 1960//399 1961//399 1959//399
f 1954//386 1962//386 1958//386
f 1962//388 1963//388 1961//388
f 1964//400 1953//400 1963//400
f 1955//385 1959//385 1963//385
f 1982//397 1983//397 1981//397
f 1984//387 1985//387 1983//387
f 1986//398 1987//398 1985//398
f 1988//399 1989//399 1987//399
f 1982//386 1990//386 1986//386
f 1990//388 1991//388 1989//388
f 1992//400 1981//400 1991//400
f 1983//385 1987//385 1991//385
f 2010//397 2011//397 2009//397
f 2012//387 2013//387 2011//387
f 2014//398 2015//398 2013//398
f 2016//399 2017//399 2015//399
f 2010//386 2018//386 2014//386
f 2018//388 2019//388 2017//388
f 2020//400 2009//400 2019//400
f 2011//385 2015//385 2019//385
f 2038//397 2039//397 2037//397
f 2040//387 2041//387 2039//387
f 2042//398 2043//398 2041//398
f 2044//399 2045//399 2043//399
f 2038//386 2046//386 2042//386
f 2046//388 2047//388 2045//388
f 2048//400 2037//400 2047//400
f 2039//385 2043//385 2047//385
f 2066//397 2067//397 2065//397
f 2068//387 2069//387 2067//387
f 2070//398 2071//398 2069//398
f 2072//399 2073//399 2071//399
f 2066//386 2074//386 2070//386
f 2074//388 2075//388 2073//388
f 2076//400 2065//400 2075//400
f 2067//385 2071//385 2075//385
f 2094//397 2095//397 2093//397
f 2096//387 2097//387 2095//387
f 2098//398 2099//398 2097//398
f 2100//399 2101//399 2099//399
f 2094//386 2102//386 2098//386
f 2102//388 2103//388 2101//388
f 2104//400 2093//400 2103//400
f 2095//385 2099//385 2103//385
f 2122//397 2123//397 2121//397
f 2124//387 2125//387 2123//387
f 2126//398 2127//398 2125//398
f 2128//399 2129//399 2127//399
f 2122//386 2130//386 2126//386
f 2130//388 2131//388 2129//388
f 2132//400 2121//400 2131//400
f 2123//385 2127//385 2131//385
f 2150//397 2151//397 2149//397
f 2152//387 2153//387 2151//387
f 2154//398 2155//398 2153//398
f 2156//399 2157//399 2155//399
f 2150//386 2158//386 2154//386
f 2158//388 2159//388 2157//388
f 2160//400 2149//400 2159//400
f 2151//385 2155//385 2159//385
f 2178//397 2179//397 2177//397
f 2180//387 2181//387 2179//387
f 2182//398 2183//398 2181//398
f 2184//399 2185//399 2183//399
f 2178//386 2186//386 2182//386
f 2186//388 2187//388 2185//388
f 2188//400 2177//400 2187//400
f 2179//385 2183//385 2187//385
f 2206//397 2207//397 2205//397
f 2208//387 2209//387 2207//387
f 2210//398 2211//398 2209//398
f 2212//399 2213//399 2211//399
f 2206//386 2214//386 2210//386
f 2214//388 2215//388 2213//388
f 2216//400 2205//400 2215//400
f 2207//385 2211//385 2215//385
f 2234//397 2235//397 2233//397
f 2236//387 2237//387 2235//387
f 2238//398 2239//398 2237//398
f 2240//399 2241//399 2239//399
f 2234//386 2242//386 2238//386
f 2242//388 2243//388 2241//388
f 2244//400 2233//400 2243//400
f 2235//385 2239//385 2243//385
f 2262//397 2263//397 2261//397
f 2264//387 2265//387 2263//387
f 2266//398 2267//398 2265//398
f 2268//399 2269//399 2267//399
f 2262//386 2270//386 2266//386
f 2270//388 2271//388 2269//388
f 2272//400 2261//400 2271//400
f 2263//385 2267//385 2271//385
f 2290//397 2291//397 2289//397
f 2292//387 2293//387 2291//387
f 2294//398 2295//398 2293//398
f 2296//399 2297//399 2295//399
f 2290//386 2298//386 2294//386
f 2298//388 2299//388 2297//388
f 2300//400 2289//400 2299//400
f 2291//385 2295//385 2299//385
f 2318//397 2319//397 2317//397
f 2320//387 2321//387 2319//387
f 2322//398 2323//398 2321//398
f 2324//399 2325//399 2323//399
f 2318//386 2326//386 2322//386
f 2326//388 2327//388 2325//388
f 2328//400 2317//400 2327//400
f 2319//385 2323//385 2327//385
f 2346//397 2347//397 2345//397
f 2348//387 2349//387 2347//387
f 2350//398 2351//398 2349//398
f 2352//399 2353//399 2351//399
f 2346//386 2354//386 2350//386
f 2354//388 2355//388 2353//388
f 2356//400 2345//400 2355//400
f 2347//385 2351//385 2355//385
f 2374//397 2375//397 2373//397
f 2376//387 2377//387 2375//387
f 2378//398 2379//398 2377//398
f 2380//399 2381//399 2379//399
f 2374//386 2382//386 2378//386
f 2382//388 2383//388 2381//388
f 2384//400 2373//400 2383//400
f 2375//385 2379//385 2383//385
f 2402//397 2403//397 2401//397
f 2404//387 2405//387 2403//387
f 2406//398 2407//398 2405//398
f 2408//399 2409//399 2407//399
f 2402//386 2410//386 2406//386
f 2410//388 2411//388 2409//388
f 2412//400 2401//400 2411//400
f 2403//385 2407//385 2411//385
f 2430//397 2431//397 2429//397
f 2432//387 2433//387 2431//387
f 2434//398 2435//398 2433//398
f 2436//399 2437//399 2435//399
f 2430//386 2438//386 2434//386
f 2438//388 2439//388 2437//388
f 2440//400 2429//400 2439//400
f 2431//385 2435//385 2439//385
f 2458//397 2459//397 2457//397
f 2460//387 2461//387 2459//387
f 2462//398 2463//398 2461//398
f 2464//399 2465//399 2463//399
f 2458//386 2466//386 2462//386
f 2466//388 2467//388 2465//388
f 2468//400 2457//400 2467//400
f 2459//385 2463//385 2467//385
f 2486//397 2487//397 2485//397
f 2488//387 2489//387 2487//387
f 2490//398 2491//398 2489//398
f 2492//399 2493//399 2491//399
f 2486//386 2494//386 2490//386
f 2494//388 2495//388 2493//388
f 2496//400 2485//400 2495//400
f 2487//385 2491//385 2495//385
f 2514//397 2515//397 2513//397
f 2516//387 2517//387 2515//387
f 2518//398 2519//398 2517//398
f 2520//399 2521//399 2519//399
f 2514//386 2522//386 2518//386
f 2522//388 2523//388 2521//388
f 2524//400 2513//400 2523//400
f 2515//385 2519//385 2523//385
f 2542//397 2543//397 2541//397
f 2544//387 2545//387 2543//387
f 2546//398 2547//398 2545//398
f 2548//399 2549//399 2547//399
f 2542//386 2550//386 2546//386
f 2550//388 2551//388 2549//388
f 2552//400 2541//400 2551//400
f 2543//385 2547//385 2551//385
f 2570//397 2571//397 2569//397
f 2572//387 2573//387 2571//387
f 2574//398 2575//398 2573//398
f 2576//399 2577//399 2575//399
f 2570//386 2578//386 2574//386
f 2578//388 2579//388 2577//388
f 2580//400 2569//400 2579//400
f 2571//385 2575//385 2579//385
f 2598//397 2599//397 2597//397
f 2600//387 2601//387 2599//387
f 2602//398 2603//398 2601//398
f 2604//399 2605//399 2603//399
f 2598//386 2606//386 2602//386
f 2606//388 2607//388 2605//388
f 2608//400 2597//400 2607//400
f 2599//385 2603//385 2607//385
f 2626//397 2627//397 2625//397
f 2628//387 2629//387 2627//387
f 2630//398 2631//398 2629//398
f 2632//399 2633//399 2631//399
f 2626//386 2634//386 2630//386
f 2634//388 2635//388 2633//388
f 2636//400 2625//400 2635//400
f 2627//385 2631//385 2635//385
f 2654//397 2655//397 2653//397
f 2656//387 2657//387 2655//387
f 2658//398 2659//398 2657//398
f 2660//399 2661//399 2659//399
f 2654//386 2662//386 2658//386
f 2662//388 2663//388 2661//388
f 2664//400 2653//400 2663//400
f 2655//385 2659//385 2663//385
f 2682//397 2683//397 2681//397
f 2684//387 2685//387 2683//387
f 2686//398 2687//398 2685//398
f 2688//399 2689//399 2687//399
f 2682//386 2690//386 2686//386
f 2690//388 2691//388 2689//388
f 2692//400 2681//400 2691//400
f 2683//385 2687//385 2691//385
f 2710//397 2711//397 2709//397
f 2712//387 2713//387 2711//387
f 2714//398 2715//398 2713//398
f 2716//399 2717//399 2715//399
f 2710//386 2718//386 2714//386
f 2718//388 2719//388 2717//388
f 2720//400 2709//400 2719//400
f 2711//385 2715//385 2719//385
f 2738//397 2739//397 2737//397
f 2740//387 2741//387 2739//387
f 2742//398 2743//398 2741//398
f 2744//399 2745//399 2743//399
f 2738//386 2746//386 2742//386
f 2746//388 2747//388 2745//388
f 2748//400 2737//400 2747//400
f 2739//385 2743//385 2747//385
f 2766//397 2767//397 2765//397
f 2768//387 2769//387 2767//387
f 2770//398 2771//398 2769//398
f 2772//399 2773//399 2771//399
f 2766//386 2774//386 2770//386
f 2774//388 2775//388 2773//388
f 2776//400 2765//400 2775//400
f 2767//385 2771//385 2775//385
f 2794//397 2795//397 2793//397
f 2796//387 2797//387 2795//387
f 2798//398 2799//398 2797//398
f 2800//399 2801//399 2799//399
f 2794//386 2802//386 2798//386
f 2802//388 2803//388 2801//388
f 2804//400 2793//400 2803//400
f 2795//385 2799//385 2803//385
f 2822//397 2823//397 2821//397
f 2824//387 2825//387 2823//387
f 2826//398 2827//398 2825//398
f 2828//399 2829//399 2827//399
f 2822//386 2830//386 2826//386
f 2830//388 2831//388 2829//388
f 2832//400 2821//400 2831//400
f 2823//385 2827//385 2831//385
f 2850//397 2851//397 2849//397
f 2852//387 2853//387 2851//387
f 2854//398 2855//398 2853//398
f 2856//399 2857//399 2855//399
f 2850//386 2858//386 2854//386
f 2858//388 2859//388 2857//388
f 2860//400 2849//400 2859//400
f 2851//385 2855//385 2859//385
f 2878//397 2879//397 2877//397
f 2880//387 2881//387 2879//387
f 2882//398 2883//398 2881//398
f 2884//399 2885//399 2883//399
f 2878//386 2886//386 2882//386
f 2886//388 2887//388 2885//388
f 2888//400 2877//400 2887//400
f 2879//385 2883//385 2887//385
f 2906//397 2907//397 2905//397
f 2908//387 2909//387 2907//387
f 2910//398 2911//398 2909//398
f 2912//399 2913//399 2911//399
f 2906//386 2914//386 2910//386
f 2914//388 2915//388 2913//388
f 2916//400 2905//400 2915//400
f 2907//385 2911//385 2915//385
f 2934//397 2935//397 2933//397
f 2936//387 2937//387 2935//387
f 2938//398 2939//398 2937//398
f 2940//399 2941//399 2939//399
f 2934//386 2942//386 2938//386
f 2942//388 2943//388 2941//388
f 2944//400 2933//400 2943//400
f 2935//385 2939//385 2943//385
f 2962//397 2963//397 2961//397
f 2964//387 2965//387 2963//387
f 2966//398 2967//398 2965//398
f 2968//399 2969//399 2967//399
f 2962//386 2970//386 2966//386
f 2970//388 2971//388 2969//388
f 2972//400 2961//400 2971//400
f 2963//385 2967//385 2971//385
f 2990//397 2991//397 2989//397
f 2992//387 2993//387 2991//387
f 2994//398 2995//398 2993//398
f 2996//399 2997//399 2995//399
f 2990//386 2998//386 2994//386
f 2998//388 2999//388 2997//388
f 3000//400 2989//400 2999//400
f 2991//385 2995//385 2999//385
f 3018//397 3019//397 3017//397
f 3020//387 3021//387 3019//387
f 3022//398 3023//398 3021//398
f 3024//399 3025//399 3023//399
f 3018//386 3026//386 3022//386
f 3026//388 3027//388 3025//388
f 3028//400 3017//400 3027//400
f 3019//385 3023//385 3027//385
f 3046//397 3047//397 3045//397
f 3048//387 3049//387 3047//387
f 3050//398 3051//398 3049//398
f 3052//399 3053//399 3051//399
f 3046//386 3054//386 3050//386
f 3054//388 3055//388 3053//388
f 3056//400 3045//400 3055//400
f 3047//385 3051//385 3055//385
f 3074//397 3075//397 3073//397
f 3076//387 3077//387 3075//387
f 3078//398 3079//398 3077//398
f 3080//399 3081//399 3079//399
f 3074//386 3082//386 3078//386
f 3082//388 3083//388 3081//388
f 3084//400 3073//400 3083//400
f 3075//385 3079//385 3083//385
f 3102//397 3103//397 3101//397
f 3104//387 3105//387 3103//387
f 3106//398 3107//398 3105//398
f 3108//399 3109//399 3107//399
f 3102//386 3110//386 3106//386
f 3110//388 3111//388 3109//388
f 3112//400 3101//400 3111//400
f 3103//385 3107//385 3111//385
f 3130//397 3131//397 3129//397
f 3132//387 3133//387 3131//387
f 3134//398 3135//398 3133//398
f 3136//399 3137//399 3135//399
f 3130//386 3138//386 3134//386
f 3138//388 3139//388 3137//388
f 3140//400 3129//400 3139//400
f 3131//385 3135//385 3139//385
f 3158//397 3159//397 3157//397
f 3160//387 3161//387 3159//387
f 3162//398 3163//398 3161//398
f 3164//399 3165//399 3163//399
f 3158//386 3166//386 3162//386
f 3166//388 3167//388 3165//388
f 3168//400 3157//400 3167//400
f 3159//385 3163//385 3167//385
f 3186//397 3187//397 3185//397
f 3188//387 3189//387 3187//387
f 3190//398 3191//398 3189//398
f 3192//399 3193//399 3191//399
f 3186//386 3194//386 3190//386
f 3194//388 3195//388 3193//388
f 3196//400 3185//400 3195//400
f 3187//385 3191//385 3195//385
f 3214//397 3215//397 3213//397
f 3216//387 3217//387 3215//387
f 3218//398 3219//398 3217//398
f 3220//399 3221//399 3219//399
f 3214//386 3222//386 3218//386
f 3222//388 3223//388 3221//388
f 3224//400 3213//400 3223//400
f 3215//385 3219//385 3223//385
f 3242//397 3243//397 3241//397
f 3244//387 3245//387 3243//387
f 3246//398 3247//398 3245//398
f 3248//399 3249//399 3247//399
f 3242//386 3250//386 3246//386
f 3250//388 3251//388 3249//388
f 3252//400 3241//400 3251//400
f 3243//385 3247//385 3251//385
f 3270//397 3271//397 3269//397
f 3272//387 3273//387 3271//387
f 3274//398 3275//398 3273//398
f 3276//399 3277//399 3275//399
f 3270//386 3278//386 3274//386
f 3278//388 3279//388 3277//388
f 3280//400 3269//400 3279//400
f 3271//385 3275//385 3279//385
f 3298//397 3299//397 3297//397
f 3300//387 3301//387 3299//387
f 3302//398 3303//398 3301//398
f 3304//399 3305//399 3303//399
f 3298//386 3306//386 3302//386
f 3306//388 3307//388 3305//388
f 3308//400 3297//400 3307//400
f 3299//385 3303//385 3307//385
f 3326//397 3327//397 3325//397
f 3328//387 3329//387 3327//387
f 3330//398 3331//398 3329//398
f 3332//399 3333//399 3331//399
f 3326//386 3334//386 3330//386
f 3334//388 3335//388 3333//388
f 3336//400 3325//400 3335//400
f 3327//385 3331//385 3335//385
f 3354//397 3355//397 3353//397
f 3356//387 3357//387 3355//387
f 3358//398 3359//398 3357//398
f 3360//399 3361//399 3359//399
f 3354//386 3362//386 3358//386
f 3362//388 3363//388 3361//388
f 3364//400 3353//400 3363//400
f 3355//385 3359//385 3363//385
f 3382//397 3383//397 3381//397
f 3384//387 3385//387 3383//387
f 3386//398 3387//398 3385//398
f 3388//399 3389//399 3387//399
f 3382//386 3390//386 3386//386
f 3390//388 3391//388 3389//388
f 3392//400 3381//400 3391//400
f 3383//385 3387//385 3391//385
f 3410//397 3411//397 3409//397
f 3412//387 3413//387 3411//387
f 3414//398 3415//398 3413//398
f 3416//399 3417//399 3415//399
f 3410//386 3418//386 3414//386
f 3418//388 3419//388 3417//388
f 3420//400 3409//400 3419//400
f 3411//385 3415//385 3419//385
f 3438//397 3439//397 3437//397
f 3440//387 3441//387 3439//387
f 3442//398 3443//398 3441//398
f 3444//399 3445//399 3443//399
f 3438//386 3446//386 3442//386
f 3446//388 3447//388 3445//388
f 3448//400 3437//400 3447//400
f 3439//385 3443//385 3447//385
f 3466//397 3467//397 3465//397
f 3468//387 3469//387 3467//387
f 3470//398 3471//398 3469//398
f 3472//399 3473//399 3471//399
f 3466//386 3474//386 3470//386
f 3474//388 3475//388 3473//388
f 3476//400 3465//400 3475//400
f 3467//385 3471//385 3475//385
f 3494//397 3495//397 3493//397
f 3496//387 3497//387 3495//387
f 3498//398 3499//398 3497//398
f 3500//399 3501//399 3499//399
f 3494//386 3502//386 3498//386
f 3502//388 3503//388 3501//388
f 3504//400 3493//400 3503//400
f 3495//385 3499//385 3503//385
f 3522//397 3523//397 3521//397
f 3524//387 3525//387 3523//387
f 3526//398 3527//398 3525//398
f 3528//399 3529//399 3527//399
f 3522//386 3530//386 3526//386
f 3530//388 3531//388 3529//388
f 3532//400 3521//400 3531//400
f 3523//385 3527//385 3531//385
f 3550//397 3551//397 3549//397
f 3552//387 3553//387 3551//387
f 3554//398 3555//398 3553//398
f 3556//399 3557//399 3555//399
f 3550//386 3558//386 3554//386
f 3558//388 3559//388 3557//388
f 3560//400 3549//400 3559//400
f 3551//385 3555//385 3559//385
f 1030//397 1032//397 1031//397
f 1032//387 1034//387 1033//387
f 1034//398 1036//398 1035//398
f 1036//399 1038//399 1037//399
f 1034//386 1032//386 1030//386
f 1030//386 1040//386 1038//386
f 1038//386 1036//386 1034//386
f 1038//388 1040//388 1039//388
f 1040//400 1030//400 1029//400
f 1039//385 1029//385 1031//385
f 1031//385 1033//385 1035//385
f 1035//385 1037//385 1039//385
f 1058//397 1060//397 1059//397
f 1060//387 1062//387 1061//387
f 1062//398 1064//398 1063//398
f 1064//399 1066//399 1065//399
f 1062//386 1060//386 1058//386
f 1058//386 1068//386 1066//386
f 1066//386 1064//386 1062//386
f 1066//388 1068//388 1067//388
f 1068//400 1058//400 1057//400
f 1067//385 1057//385 1059//385
f 1059//385 1061//385 1063//385
f 1063//385 1065//385 1067//385
f 1086//397 1088//397 1087//397
f 1088//387 1090//387 1089//387
f 1090//398 1092//398 1091//398
f 1092//399 1094//399 1093//399
f 1090//386 1088//386 1086//386
f 1086//386 1096//386 1094//386
f 1094//386 1092//386 1090//386
f 1094//388 1096//388 1095//388
f 1096//400 1086//400 1085//400
f 1095//385 1085//385 1087//385
f 1087//385 1089//385 1091//385
f 1091//385 1093//385 1095//385
f 1114//397 1116//397 1115//397
f 1116//387 1118//387 1117//387
f 1118//398 1120//398 1119//398
f 1120//399 1122//399 1121//399
f 1118//386 1116//386 1114//386
f 1114//386 1124//386 1122//386
f 1122//386 1120//386 1118//386
f 1122//388 1124//388 1123//388
f 1124//400 1114//400 1113//400
f 1123//385 1113//385 1115//385
f 1115//385 1117//385 1119//385
f 1119//385 1121//385 1123//385
f 1142//397 1144//397 1143//397
f 1144//387 1146//387 1145//387
f 1146//398 1148//398 1147//398
f 1148//399 1150//399 1149//399
f 1146//386 1144//386 1142//386
f 1142//386 1152//386 1150//386
f 1150//386 1148//386 1146//386
f 1150//388 1152//388 1151//388
f 1152//400 1142//400 1141//400
f 1151//385 1141//385 1143//385
f 1143//385 1145//385 1147//385
f 1147//385 1149//385 1151//385
f 1170//397 1172//397 1171//397
f 1172//387 1174//387 1173//387
f 1174//398 1176//398 1175//398
f 1176//399 1178//399 1177//399
f 1174//386 1172//386 1170//386
f 1170//386 1180//386 1178//386
f 1178//386 1176//386 1174//386
f 1178//388 1180//388 1179//388
f 1180//400 1170//400 1169//400
f 1179//385 1169//385 1171//385
f 1171//385 1173//385 1175//385
f 1175//385 1177//385 1179//385
f 1198//397 1200//397 1199//397
f 1200//387 1202//387 1201//387
f 1202//398 1204//398 1203//398
f 1204//399 1206//399 1205//399
f 1202//386 1200//386 1198//386
f 1198//386 1208//386 1206//386
f 1206//386 1204//386 1202//386
f 1206//388 1208//388 1207//388
f 1208//400 1198//400 1197//400
f 1207//385 1197//385 1199//385
f 1199//385 1201//385 1203//385
f 1203//385 1205//385 1207//385
f 1226//397 1228//397 1227//397
f 1228//387 1230//387 1229//387
f 1230//398 1232//398 1231//398
f 1232//399 1234//399 1233//399
f 1230//386 1228//386 1226//386
f 1226//386 1236//386 1234//386
f 1234//386 1232//386 1230//386
f 1234//388 1236//388 1235//388
f 1236//400 1226//400 1225//400
f 1235//385 1225//385 1227//385
f 1227//385 1229//385 1231//385
f 1231//385 1233//385 1235//385
f 1254//397 1256//397 1255//397
f 1256//387 1258//387 1257//387
f 1258//398 1260//398 1259//398
f 1260//399 1262//399 1261//399
f 1258//386 1256//386 1254//386
f 1254//386 1264//386 1262//386
f 1262//386 1260//386 1258//386
f 1262//388 1264//388 1263//388
f 1264//400 1254//400 1253//400
f 1263//385 1253//385 1255//385
f 1255//385 1257//385 1259//385
f 1259//385 1261//385 1263//385
f 1282//397 1284//397 1283//397
f 1284//387 1286//387 1285//387
f 1286//398 1288//398 1287//398
f 1288//399 1290//399 1289//399
f 1286//386 1284//386 1282//386
f 1282//386 1292//386 1290//386
f 1290//386 1288//386 1286//386
f 1290//388 1292//388 1291//388
f 1292//400 1282//400 1281//400
f 1291//385 1281//385 1283//385
f 1283//385 1285//385 1287//385
f 1287//385 1289//385 1291//385
f 1310//397 1312//397 1311//397
f 1312//387 1314//387 1313//387
f 1314//398 1316//398 1315//398
f 1316//399 1318//399 1317//399
f 1314//386 1312//386 1310//386
f 1310//386 1320//386 1318//386
f 1318//386 1316//386 1314//386
f 1318//388 1320//388 1319//388
f 1320//400 1310//400 1309//400
f 1319//385 1309//385 1311//385
f 1311//385 1313//385 1315//385
f 1315//385 1317//385 1319//385
f 1338//397 1340//397 1339//397
f 1340//387 1342//387 1341//387
f 1342//398 1344//398 1343//398
f 1344//399 1346//399 1345//399
f 1342//386 1340//386 1338//386
f 1338//386 1348//386 1346//386
f 1346//386 1344//386 1342//386
f 1346//388 1348//388 1347//388
f 1348//400 1338//400 1337//400
f 1347//385 1337//385 1339//385
f 1339//385 1341//385 1343//385
f 1343//385 1345//385 1347//385
f 1366//397 1368//397 1367//397
f 1368//387 1370//387 1369//387
f 1370//398 1372//398 1371//398
f 1372//399 1374//399 1373//399
f 1370//386 1368//386 1366//386
f 1366//386 1376//386 1374//386
f 1374//386 1372//386 1370//386
f 1374//388 1376//388 1375//388
f 1376//400 1366//400 1365//400
f 1375//385 1365//385 1367//385
f 1367//385 1369//385 1371//385
f 1371//385 1373//385 1375//385
f 1394//397 1396//397 1395//397
f 1396//387 1398//387 1397//387
f 1398//398 1400//398 1399//398
f 1400//399 1402//399 1401//399
f 1398//386 1396//386 1394//386
f 1394//386 1404//386 1402//386
f 1402//386 1400//386 1398//386
f 1402//388 1404//388 1403//388
f 1404//400 1394//400 1393//400
f 1403//385 1393//385 1395//385
f 1395//385 1397//385 1399//385
f 1399//385 1401//385 1403//385
f 1422//397 1424//397 1423//397
f 1424//387 1426//387 1425//387
f 1426//398 1428//398 1427//398
f 1428//399 1430//399 1429//399
f 1426//386 1424//386 1422//386
f 1422//386 1432//386 1430//386
f 1430//386 1428//386 1426//386
f 1430//388 1432//388 1431//388
f 1432//400 1422//400 1421//400
f 1431//385 1421//385 1423//385
f 1423//385 1425//385 1427//385
f 1427//385 1429//385 1431//385
f 1450//397 1452//397 1451//397
f 1452//387 1454//387 1453//387
f 1454//398 1456//398 1455//398
f 1456//399 1458//399 1457//399
f 1454//386 1452//386 1450//386
f 1450//386 1460//386 1458//386
f 1458//386 1456//386 1454//386
f 1458//388 1460//388 1459//388
f 1460//400 1450//400 1449//400
f 1459//385 1449//385 1451//385
f 1451//385 1453//385 1455//385
f 1455//385 1457//385 1459//385
f 1478//397 1480//397 1479//397
f 1480//387 1482//387 1481//387
f 1482//398 1484//398 1483//398
f 1484//399 1486//399 1485//399
f 1482//386 1480//386 1478//386
f 1478//386 1488//386 1486//386
f 1486//386 1484//386 1482//386
f 1486//388 1488//388 1487//388
f 1488//400 1478//400 1477//400
f 1487//385 1477//385 1479//385
f 1479//385 1481//385 1483//385
f 1483//385 1485//385 1487//385
f 1506//397 1508//397 1507//397
f 1508//387 1510//387 1509//387
f 1510//398 1512//398 1511//398
f 1512//399 1514//399 1513//399
f 1510//386 1508//386 1506//386
f 1506//386 1516//386 1514//386
f 1514//386 1512//386 1510//386
f 1514//388 1516//388 1515//388
f 1516//400 1506//400 1505//400
f 1515//385 1505//385 1507//385
f 1507//385 1509//385 1511//385
f 1511//385 1513//385 1515//385
f 1534//397 1536//397 1535//397
f 1536//387 1538//387 1537//387
f 1538//398 1540//398 1539//398
f 1540//399 1542//399 1541//399
f 1538//386 1536//386 1534//386
f 1534//386 1544//386 1542//386
f 1542//386 1540//386 1538//386
f 1542//388 1544//388 1543//388
f 1544//400 1534//400 1533//400
f 1543//385 1533//385 1535//385
f 1535//385 1537//385 1539//385
f 1539//385 1541//385 1543//385
f 1562//397 1564//397 1563//397
f 1564//387 1566//387 1565//387
f 1566//398 1568//398 1567//398
f 1568//399 1570//399 1569//399
f 1566//386 1564//386 1562//386
f 1562//386 1572//386 1570//386
f 1570//386 1568//386 1566//386
f 1570//388 1572//388 1571//388
f 1572//400 1562//400 1561//400
f 1571//385 1561//385 1563//385
f 1563//385 1565//385 1567//385
f 1567//385 1569//385 1571//385
f 1590//397 1592//397 1591//397
f 1592//387 1594//387 1593//387
f 1594//398 1596//398 1595//398
f 1596//399 1598//399 1597//399
f 1594//386 1592//386 1590//386
f 1590//386 1600//386 1598//386
f 1598//386 1596//386 1594//386
f 1598//388 1600//388 1599//388
f 1600//400 1590//400 1589//400
f 1599//385 1589//385 1591//385
f 1591//385 1593//385 1595//385
f 1595//385 1597//385 1599//385
f 1618//397 1620//397 1619//397
f 1620//387 1622//387 1621//387
f 1622//398 1624//398 1623//398
f 1624//399 1626//399 1625//399
f 1622//386 1620//386 1618//386
f 1618//386 1628//386 1626//386
f 1626//386 1624//386 1622//386
f 1626//388 1628//388 1627//388
f 1628//400 1618//400 1617//400
f 1627//385 1617//385 1619//385
f 1619//385 1621//385 1623//385
f 1623//385 1625//385 1627//385
f 1646//397 1648//397 1647//397
f 1648//387 1650//387 1649//387
f 1650//398 1652//398 1651//398
f 1652//399 1654//399 1653//399
f 1650//386 1648//386 1646//386
f 1646//386 1656//386 1654//386
f 1654//386 1652//386 1650//386
f 1654//388 1656//388 1655//388
f 1656//400 1646//400 1645//400
f 1655//385 1645//385 1647//385
f 1647//385 1649//385 1651//385
f 1651//385 1653//385 1655//385
f 1674//397 1676//397 1675//397
f 1676//387 1678//387 1677//387
f 1678//398 1680//398 1679//398
f 1680//399 1682//399 1681//399
f 1678//386 1676//386 1674//386
f 1674//386 1684//386 1682//386
f 1682//386 1680//386 1678//386
f 1682//388 1684//388 1683//388
f 1684//400 1674//400 1673//400
f 1683//385 1673//385 1675//385
f 1675//385 1677//385 1679//385
f 1679//385 1681//385 1683//385
f 1702//397 1704//397 1703//397
f 1704//387 1706//387 1705//387
f 1706//398 1708//398 1707//398
f 1708//399 1710//399 1709//399
f 1706//386 1704//386 1702//386
f 1702//386 1712//386 1710//386
f 1710//386 1708//386 1706//386
f 1710//388 1712//388 1711//388
f 1712//400 1702//400 1701//400
f 1711//385 1701//385 1703//385
f 1703//385 1705//385 1707//385
f 1707//385 1709//385 1711//385
f 1730//397 1732//397 1731//397
f 1732//387 1734//387 1733//387
f 1734//398 1736//398 1735//398
f 1736//399 1738//399 1737//399
f 1734//386 1732//386 1730//386
f 1730//386 1740//386 1738//386
f 1738//386 1736//386 1734//386
f 1738//388 1740//388 1739//388
f 1740//400 1730//400 1729//400
f 1739//385 1729//385 1731//385
f 1731//385 1733//385 1735//385
f 1735//385 1737//385 1739//385
f 1758//397 1760//397 1759//397
f 1760//387 1762//387 1761//387
f 1762//398 1764//398 1763//398
f 1764//399 1766//399 1765//399
f 1762//386 1760//386 1758//386
f 1758//386 1768//386 1766//386
f 1766//386 1764//386 1762//386
f 1766//388 1768//388 1767//388
f 1768//400 1758//400 1757//400
f 1767//385 1757//385 1759//385
f 1759//385 1761//385 1763//385
f 1763//385 1765//385 1767//385
f 1786//397 1788//397 1787//397
f 1788//387 1790//387 1789//387
f 1790//398 1792//398 1791//398
f 1792//399 1794//399 1793//399
f 1790//386 1788//386 1786//386
f 1786//386 1796//386 1794//386
f 1794//386 1792//386 1790//386
f 1794//388 1796//388 1795//388
f 1796//400 1786//400 1785//400
f 1795//385 1785//385 1787//385
f 1787//385 1789//385 1791//385
f 1791//385 1793//385 1795//385
f 1814//397 1816//397 1815//397
f 1816//387 1818//387 1817//387
f 1818//398 1820//398 1819//398
f 1820//399 1822//399 1821//399
f 1818//386 1816//386 1814//386
f 1814//386 1824//386 1822//386
f 1822//386 1820//386 1818//386
f 1822//388 1824//388 1823//388
f 1824//400 1814//400 1813//400
f 1823//385 1813//385 1815//385
f 1815//385 1817//385 1819//385
f 1819//385 1821//385 1823//385
f 1842//397 1844//397 1843//397
f 1844//387 1846//387 1845//387
f 1846//398 1848//398 1847//398
f 1848//399 1850//399 1849//399
f 1846//386 1844//386 1842//386
f 1842//386 1852//386 1850//386
f 1850//386 1848//386 1846//386
f 1850//388 1852//388 1851//388
f 1852//400 1842//400 1841//400
f 1851//385 1841//385 1843//385
f 1843//385 1845//385 1847//385
f 1847//385 1849//385 1851//385
f 1870//397 1872//397 1871//397
f 1872//387 1874//387 1873//387
f 1874//398 1876//398 1875//398
f 1876//399 1878//399 1877//399
f 1874//386 1872//386 1870//386
f 1870//386 1880//386 1878//386
f 1878//386 1876//386 1874//386
f 1878//388 1880//388 1879//388
f 1880//400 1870//400 1869//400
f 1879//385 1869//385 1871//385
f 1871//385 1873//385 1875//385
f 1875//385 1877//385 1879//385
f 1898//397 1900//397 1899//397
f 1900//387 1902//387 1901//387
f 1902//398 1904//398 1903//398
f 1904//399 1906//399 1905//399
f 1902//386 1900//386 1898//386
f 1898//386 1908//386 1906//386
f 1906//386 1904//386 1902//386
f 1906//388 1908//388 1907//388
f 1908//400 1898//400 1897//400
f 1907//385 1897//385 1899//385
f 1899//385 1901//385 1903//385
f 1903//385 1905//385 1907//385
f 1926//397 1928//397 1927//397
f 1928//387 1930//387 1929//387
f 1930//398 1932//398 1931//398
f 1932//399 1934//399 1933//399
f 1930//386 1928//386 1926//386
f 1926//386 1936//386 1934//386
f 1934//386 1932//386 1930//386
f 1934//388 1936//388 1935//388
f 1936//400 1926//400 1925//400
f 1935//385 1925//385 1927//385
f 1927//385 1929//385 1931//385
f 1931//385 1933//385 1935//385
f 1954//397 1956//397 1955//397
f 1956//387 1958//387 1957//387
f 1958//398 1960//398 1959//398
f 1960//399 1962//399 1961//399
f 1958//386 1956//386 1954//386
f 1954//386 1964//386 1962//386
f 1962//386 1960//386 1958//386
f 1962//388 1964//388 1963//388
f 1964//400 1954//400 1953//400
f 1963//385 1953//385 1955//385
f 1955//385 1957//385 1959//385
f 1959//385 1961//385 1963//385
f 1982//397 1984//397 1983//397
f 1984//387 1986//387 1985//387
f 1986//398 1988//398 1987//398
f 1988//399 1990//399 1989//399
f 1986//386 1984//386 1982//386
f 1982//386 1992//386 1990//386
f 1990//386 1988//386 1986//386
f 1990//388 1992//388 1991//388
f 1992//400 1982//400 1981//400
f 1991//385 1981//385 1983//385
f 1983//385 1985//385 1987//385
f 1987//385 1989//385 1991//385
f 2010//397 2012//397 2011//397
f 2012//387 2014//387 2013//387
f 2014//398 2016//398 2015//398
f 2016//399 2018//399 2017//399
f 2014//386 2012//386 2010//386
f 2010//386 2020//386 2018//386
f 2018//386 2016//386 2014//386
f 2018//388 2020//388 2019//388
f 2020//400 2010//400 2009//400
f 2019//385 2009//385 2011//385
f 2011//385 2013//385 2015//385
f 2015//385 2017//385 2019//385
f 2038//397 2040//397 2039//397
f 2040//387 2042//387 2041//387
f 2042//398 2044//398 2043//398
f 2044//399 2046//399 2045//399
f 2042//386 2040//386 2038//386
f 2038//386 2048//386 2046//386
f 2046//386 2044//386 2042//386
f 2046//388 2048//388 2047//388
f 2048//400 2038//400 2037//400
f 2047//385 2037//385 2039//385
f 2039//385 2041//385 2043//385
f 2043//385 2045//385 2047//385
f 2066//397 2068//397 2067//397
f 2068//387 2070//387 2069//387
f 2070//398 2072//398 2071//398
f 2072//399 2074//399 2073//399
f 2070//386 2068//386 2066//386
f 2066//386 2076//386 2074//386
f 2074//386 2072//386 2070//386
f 2074//388 2076//388 2075//388
f 2076//400 2066//400 2065//400
f 2075//385 2065//385 2067//385
f 2067//385 2069//385 2071//385
f 2071//385 2073//385 2075//385
f 2094//397 2096//397 2095//397
f 2096//387 2098//387 2097//387
f 2098//398 2100//398 2099//398
f 2100//399 2102//399 2101//399
f 2098//386 2096//386 2094//386
f 2094//386 2104//386 2102//386
f 2102//386 2100//386 2098//386
f 2102//388 2104//388 2103//388
f 2104//400 2094//400 2093//400
f 2103//385 2093//385 2095//385
f 2095//385 2097//385 2099//385
f 2099//385 2101//385 2103//385
f 2122//397 2124//397 2123//397
f 2124//387 2126//387 2125//387
f 2126//398 2128//398 2127//398
f 2128//399 2130//399 2129//399
f 2126//386 2124//386 2122//386
f 2122//386 2132//386 2130//386
f 2130//386 2128//386 2126//386
f 2130//388 2132//388 2131//388
f 2132//400 2122//400 2121//400
f 2131//385 2121//385 2123//385
f 2123//385 2125//385 2127//385
f 2127//385 2129//385 2131//385
f 2150//397 2152//397 2151//397
f 2152//387 2154//387 2153//387
f 2154//398 2156//398 2155//398
f 2156//399 2158//399 2157//399
f 2154//386 2152//386 2150//386
f 2150//386 2160//386 2158//386
f 2158//386 2156//386 2154//386
f 2158//388 2160//388 2159//388
f 2160//400 2150//400 2149//400
f 2159//385 2149//385 2151//385
f 2151//385 2153//385 2155//385
f 2155//385 2157//385 2159//385
f 2178//397 2180//397 2179//397
f 2180//387 2182//387 2181//387
f 2182//398 2184//398 2183//398
f 2184//399 2186//399 2185//399
f 2182//386 2180//386 2178//386
f 2178//386 2188//386 2186//386
f 2186//386 2184//386 2182//386
f 2186//388 2188//388 2187//388
f 2188//400 2178//400 2177//400
f 2187//385 2177//385 2179//385
f 2179//385 2181//385 2183//385
f 2183//385 2185//385 2187//385
f 2206//397 2208//397 2207//397
f 2208//387 2210//387 2209//387
f 2210//398 2212//398 2211//398
f 2212//399 2214//399 2213//399
f 2210//386 2208//386 2206//386
f 2206//386 2216//386 2214//386
f 2214//386 2212//386 2210//386
f 2214//388 2216//388 2215//388
f 2216//400 2206//400 2205//400
f 2215//385 2205//385 2207//385
f 2207//385 2209//385 2211//385
f 2211//385 2213//385 2215//385
f 2234//397 2236//397 2235//397
f 2236//387 2238//387 2237//387
f 2238//398 2240//398 2239//398
f 2240//399 2242//399 2241//399
f 2238//386 2236//386 2234//386
f 2234//386 2244//386 2242//386
f 2242//386 2240//386 2238//386
f 2242//388 2244//388 2243//388
f 2244//400 2234//400 2233//400
f 2243//385 2233//385 2235//385
f 2235//385 2237//385 2239//385
f 2239//385 2241//385 2243//385
f 2262//397 2264//397 2263//397
f 2264//387 2266//387 2265//387
f 2266//398 2268//398 2267//398
f 2268//399 2270//399 2269//399
f 2266//386 2264//386 2262//386
f 2262//386 2272//386 2270//386
f 2270//386 2268//386 2266//386
f 2270//388 2272//388 2271//388
f 2272//400 2262//400 2261//400
f 2271//385 2261//385 2263//385
f 2263//385 2265//385 2267//385
f 2267//385 2269//385 2271//385
f 2290//397 2292//397 2291//397
f 2292//387 2294//387 2293//387
f 2294//398 2296//398 2295//398
f 2296//399 2298//399 2297//399
f 2294//386 2292//386 2290//386
f 2290//386 2300//386 2298//386
f 2298//386 2296//386 2294//386
f 2298//388 2300//388 2299//388
f 2300//400 2290//400 2289//400
f 2299//385 2289//385 2291//385
f 2291//385 2293//385 2295//385
f 2295//385 2297//385 2299//385
f 2318//397 2320//397 2319//397
f 2320//387 2322//387 2321//387
f 2322//398 2324//398 2323//398
f 2324//399 2326//399 2325//399
f 2322//386 2320//386 2318//386
f 2318//386 2328//386 2326//386
f 2326//386 2324//386 2322//386
f 2326//388 2328//388 2327//388
f 2328//400 2318//400 2317//400
f 2327//385 2317//385 2319//385
f 2319//385 2321//385 2323//385
f 2323//385 2325//385 2327//385
f 2346//397 2348//397 2347//397
f 2348//387 2350//387 2349//387
f 2350//398 2352//398 2351//398
f 2352//399 2354//399 2353//399
f 2350//386 2348//386 2346//386
f 2346//386 2356//386 2354//386
f 2354//386 2352//386 2350//386
f 2354//388 2356//388 2355//388
f 2356//400 2346//400 2345//400
f 2355//385 2345//385 2347//385
f 2347//385 2349//385 2351//385
f 2351//385 2353//385 2355//385
f 2374//397 2376//397 2375//397
f 2376//387 2378//387 2377//387
f 2378//398 2380//398 2379//398
f 2380//399 2382//399 2381//399
f 2378//386 2376//386 2374//386
f 2374//386 2384//386 2382//386
f 2382//386 2380//386 2378//386
f 2382//388 2384//388 2383//388
f 2384//400 2374//400 2373//400
f 2383//385 2373//385 2375//385
f 2375//385 2377//385 2379//385
f 2379//385 2381//385 2383//385
f 2402//397 2404//397 2403//397
f 2404//387 2406//387 2405//387
f 2406//398 2408//398 2407//398
f 2408//399 2410//399 2409//399
f 2406//386 2404//386 2402//386
f 2402//386 2412//386 2410//386
f 2410//386 2408//386 2406//386
f 2410//388 2412//388 2411//388
f 2412//400 2402//400 2401//400
f 2411//385 2401//385 2403//385
f 2403//385 2405//385 2407//385
f 2407//385 2409//385 2411//385
f 2430//397 2432//397 2431//397
f 2432//387 2434//387 2433//387
f 2434//398 2436//398 2435//398
f 2436//399 2438//399 2437//399
f 2434//386 2432//386 2430//386
f 2430//386 2440//386 2438//386
f 2438//386 2436//386 2434//386
f 2438//388 2440//388 2439//388
f 2440//400 2430//400 2429//400
f 2439//385 2429//385 2431//385
f 2431//385 2433//385 2435//385
f 2435//385 2437//385 2439//385
f 2458//397 2460//397 2459//397
f 2460//387 2462//387 2461//387
f 2462//398 2464//398 2463//398
f 2464//399 2466//399 2465//399
f 2462//386 2460//386 2458//386
f 2458//386 2468//386 2466//386
f 2466//386 2464//386 2462//386
f 2466//388 2468//388 2467//388
f 2468//400 2458//400 2457//400
f 2467//385 2457//385 2459//385
f 2459//385 2461//385 2463//385
f 2463//385 2465//385 2467//385
f 2486//397 2488//397 2487//397
f 2488//387 2490//387 2489//387
f 2490//398 2492//398 2491//398
f 2492//399 2494//399 2493//399
f 2490//386 2488//386 2486//386
f 2486//386 2496//386 2494//386
f 2494//386 2492//386 2490//386
f 2494//388 2496//388 2495//388
f 2496//400 2486//400 2485//400
f 2495//385 2485//385 2487//385
f 2487//385 2489//385 2491//385
f 2491//385 2493//385 2495//385
f 2514//397 2516//397 2515//397
f 2516//387 2518//387 2517//387
f 2518//398 2520//398 2519//398
f 2520//399 2522//399 2521//399
f 2518//386 2516//386 2514//386
f 2514//386 2524//386 2522//386
f 2522//386 2520//386 2518//386
f 2522//388 2524//388 2523//388
f 2524//400 2514//400 2513//400
f 2523//385 2513//385 2515//385
f 2515//385 2517//385 2519//385
f 2519//385 2521//385 2523//385
f 2542//397 2544//397 2543//397
f 2544//387 2546//387 2545//387
f 2546//398 2548//398 2547//398
f 2548//399 2550//399 2549//399
f 2546//386 2544//386 2542//386
f 2542//386 2552//386 2550//386
f 2550//386 2548//386 2546//386
f 2550//388 2552//388 2551//388
f 2552//400 2542//400 2541//400
f 2551//385 2541//385 2543//385
f 2543//385 2545//385 2547//385
f 2547//385 2549//385 2551//385
f 2570//397 2572//397 2571//397
f 2572//387 2574//387 2573//387
f 2574//398 2576//398 2575//398
f 2576//399 2578//399 2577//399
f 2574//386 2572//386 2570//386
f 2570//386 2580//386 2578//386
f 2578//386 2576//386 2574//386
f 2578//388 2580//388 2579//388
f 2580//400 2570//400 2569//400
f 2579//385 2569//385 2571//385
f 2571//385 2573//385 2575//385
f 2575//385 2577//385 2579//385
f 2598//397 2600//397 2599//397
f 2600//387 2602//387 2601//387
f 2602//398 2604//398 2603//398
f 2604//399 2606//399 2605//399
f 2602//386 2600//386 2598//386
f 2598//386 2608//386 2606//386
f 2606//386 2604//386 2602//386
f 2606//388 2608//388 2607//388
f 2608//400 2598//400 2597//400
f 2607//385 2597//385 2599//385
f 2599//385 2601//385 2603//385
f 2603//385 2605//385 2607//385
f 2626//397 2628//397 2627//397
f 2628//387 2630//387 2629//387
f 2630//398 2632//398 2631//398
f 2632//399 2634//399 2633//399
f 2630//386 2628//386 2626//386
f 2626//386 2636//386 2634//386
f 2634//386 2632//386 2630//386
f 2634//388 2636//388 2635//388
f 2636//400 2626//400 2625//400
f 2635//385 2625//385 2627//385
f 2627//385 2629//385 2631//385
f 2631//385 2633//385 2635//385
f 2654//397 2656//397 2655//397
f 2656//387 2658//387 2657//387
f 2658//398 2660//398 2659//398
f 2660//399 2662//399 2661//399
f 2658//386 2656//386 2654//386
f 2654//386 2664//386 2662//386
f 2662//386 2660//386 2658//386
f 2662//388 2664//388 2663//388
f 2664//400 2654//400 2653//400
f 2663//385 2653//385 2655//385
f 2655//385 2657//385 2659//385
f 2659//385 2661//385 2663//385
f 2682//397 2684//397 2683//397
f 2684//387 2686//387 2685//387
f 2686//398 2688//398 2687//398
f 2688//399 2690//399 2689//399
f 2686//386 2684//386 2682//386
f 2682//386 2692//386 2690//386
f 2690//386 2688//386 2686//386
f 2690//388 2692//388 2691//388
f 2692//400 2682//400 2681//400
f 2691//385 2681//385 2683//385
f 2683//385 2685//385 2687//385
f 2687//385 2689//385 2691//385
f 2710//397 2712//397 2711//397
f 2712//387 2714//387 2713//387
f 2714//398 2716//398 2715//398
f 2716//399 2718//399 2717//399
f 2714//386 2712//386 2710//386
f 2710//386 2720//386 2718//386
f 2718//386 2716//386 2714//386
f 2718//388 2720//388 2719//388
f 2720//400 2710//400 2709//400
f 2719//385 2709//385 2711//385
f 2711//385 2713//385 2715//385
f 2715//385 2717//385 2719//385
f 2738//397 2740//397 2739//397
f 2740//387 2742//387 2741//387
f 2742//398 2744//398 2743//398
f 2744//399 2746//399 2745//399
f 2742//386 2740//386 2738//386
f 2738//386 2748//386 2746//386
f 2746//386 2744//386 2742//386
f 2746//388 2748//388 2747//388
f 2748//400 2738//400 2737//400
f 2747//385 2737//385 2739//385
f 2739//385 2741//385 2743//385
f 2743//385 2745//385 2747//385
f 2766//397 2768//397 2767//397
f 2768//387 2770//387 2769//387
f 2770//398 2772//398 2771//398
f 2772//399 2774//399 2773//399
f 2770//386 2768//386 2766//386
f 2766//386 2776//386 2774//386
f 2774//386 2772//386 2770//386
f 2774//388 2776//388 2775//388
f 2776//400 2766//400 2765//400
f 2775//385 2765//385 2767//385
f 2767//385 2769//385 2771//385
f 2771//385 2773//385 2775//385
f 2794//397 2796//397 2795//397
f 2796//387 2798//387 2797//387
f 2798//398 2800//398 2799//398
f 2800//399 2802//399 2801//399
f 2798//386 2796//386 2794//386
f 2794//386 2804//386 2802//386
f 2802//386 2800//386 2798//386
f 2802//388 2804//388 2803//388
f 2804//400 2794//400 2793//400
f 2803//385 2793//385 2795//385
f 2795//385 2797//385 2799//385
f 2799//385 2801//385 2803//385
f 2822//397 2824//397 2823//397
f 2824//387 2826//387 2825//387
f 2826//398 2828//398 2827//398
f 2828//399 2830//399 2829//399
f 2826//386 2824//386 2822//386
f 2822//386 2832//386 2830//386
f 2830//386 2828//386 2826//386
f 2830//388 2832//388 2831//388
f 2832//400 2822//400 2821//400
f 2831//385 2821//385 2823//385
f 2823//385 2825//385 2827//385
f 2827//385 2829//385 2831//385
f 2850//397 2852//397 2851//397
f 2852//387 2854//387 2853//387
f 2854//398 2856//398 2855//398
f 2856//399 2858//399 2857//399
f 2854//386 2852//386 2850//386
f 2850//386 2860//386 2858//386
f 2858//386 2856//386 2854//386
f 2858//388 2860//388 2859//388
f 2860//400 2850//400 2849//400
f 2859//385 2849//385 2851//385
f 2851//385 2853//385 2855//385
f 2855//385 2857//385 2859//385
f 2878//397 2880//397 2879//397
f 2880//387 2882//387 2881//387
f 2882//398 2884//398 2883//398
f 2884//399 2886//399 2885//399
f 2882//386 2880//386 2878//386
f 2878//386 2888//386 2886//386
f 2886//386 2884//386 2882//386
f 2886//388 2888//388 2887//388
f 2888//400 2878//400 2877//400
f 2887//385 2877//385 2879//385
f 2879//385 2881//385 2883//385
f 2883//385 2885//385 2887//385
f 2906//397 2908//397 2907//397
f 2908//387 2910//387 2909//387
f 2910//398 2912//398 2911//398
f 2912//399 2914//399 2913//399
f 2910//386 2908//386 2906//386
f 2906//386 2916//386 2914//386
f 2914//386 2912//386 2910//386
f 2914//388 2916//388 2915//388
f 2916//400 2906//400 2905//400
f 2915//385 2905//385 2907//385
f 2907//385 2909//385 2911//385
f 2911//385 2913//385 2915//385
f 2934//397 2936//397 2935//397
f 2936//387 2938//387 2937//387
f 2938//398 2940//398 2939//398
f 2940//399 2942//399 2941//399
f 2938//386 2936//386 2934//386
f 2934//386 2944//386 2942//386
f 2942//386 2940//386 2938//386
f 2942//388 2944//388 2943//388
f 2944//400 2934//400 2933//400
f 2943//385 2933//385 2935//385
f 2935//385 2937//385 2939//385
f 2939//385 2941//385 2943//385
f 2962//397 2964//397 2963//397
f 2964//387 2966//387 2965//387
f 2966//398 2968//398 2967//398
f 2968//399 2970//399 2969//399
f 2966//386 2964//386 2962//386
f 2962//386 2972//386 2970//386
f 2970//386 2968//386 2966//386
f 2970//388 2972//388 2971//388
f 2972//400 2962//400 2961//400
f 2971//385 2961//385 2963//385
f 2963//385 2965//385 2967//385
f 2967//385 2969//385 2971//385
f 2990//397 2992//397 2991//397
f 2992//387 2994//387 2993//387
f 2994//398 2996//398 2995//398
f 2996//399 2998//399 2997//399
f 2994//386 2992//386 2990//386
f 2990//386 3000//386 2998//386
f 2998//386 2996//386 2994//386
f 2998//388 3000//388 2999//388
f 3000//400 2990//400 2989//400
f 2999//385 2989//385 2991//385
f 2991//385 2993//385 2995//385
f 2995//385 2997//385 2999//385
f 3018//397 3020//397 3019//397
f 3020//387 3022//387 3021//387
f 3022//398 3024//398 3023//398
f 3024//399 3026//399 3025//399
f 3022//386 3020//386 3018//386
f 3018//386 3028//386 3026//386
f 3026//386 3024//386 3022//386
f 3026//388 3028//388 3027//388
f 3028//400 3018//400 3017//400
f 3027//385 3017//385 3019//385
f 3019//385 3021//385 3023//385
f 3023//385 3025//385 3027//385
f 3046//397 3048//397 3047//397
f 3048//387 3050//387 3049//387
f 3050//398 3052//398 3051//398
f 3052//399 3054//399 3053//399
f 3050//386 3048//386 3046//386
f 3046//386 3056//386 3054//386
f 3054//386 3052//386 3050//386
f 3054//388 3056//388 3055//388
f 3056//400 3046//400 3045//400
f 3055//385 3045//385 3047//385
f 3047//385 3049//385 3051//385
f 3051//385 3053//385 3055//385
f 3074//397 3076//397 3075//397
f 3076//387 3078//387 3077//387
f 3078//398 3080//398 3079//398
f 3080//399 3082//399 3081//399
f 3078//386 3076//386 3074//386
f 3074//386 3084//386 3082//386
f 3082//386 3080//386 3078//386
f 3082//388 3084//388 3083//388
f 3084//400 3074//400 3073//400
f 3083//385 3073//385 3075//385
f 3075//385 3077//385 3079//385
f 3079//385 3081//385 3083//385
f 3102//397 3104//397 3103//397
f 3104//387 3106//387 3105//387
f 3106//398 3108//398 3107//398
f 3108//399 3110//399 3109//399
f 3106//386 3104//386 3102//386
f 3102//386 3112//386 3110//386
f 3110//386 3108//386 3106//386
f 3110//388 3112//388 3111//388
f 3112//400 3102//400 3101//400
f 3111//385 3101//385 3103//385
f 3103//385 3105//385 3107//385
f 3107//385 3109//385 3111//385
f 3130//397 3132//397 3131//397
f 3132//387 3134//387 3133//387
f 3134//398 3136//398 3135//398
f 3136//399 3138//399 3137//399
f 3134//386 3132//386 3130//386
f 3130//386 3140//386 3138//386
f 3138//386 3136//386 3134//386
f 3138//388 3140//388 3139//388
f 3140//400 3130//400 3129//400
f 3139//385 3129//385 3131//385
f 3131//385 3133//385 3135//385
f 3135//385 3137//385 3139//385
f 3158//397 3160//397 3159//397
f 3160//387 3162//387 3161//387
f 3162//398 3164//398 3163//398
f 3164//399 3166//399 3165//399
f 3162//386 3160//386 3158//386
f 3158//386 3168//386 3166//386
f 3166//386 3164//386 3162//386
f 3166//388 3168//388 3167//388
f 3168//400 3158//400 3157//400
f 3167//385 3157//385 3159//385
f 3159//385 3161//385 3163//385
f 3163//385 3165//385 3167//385
f 3186//397 3188//397 3187//397
f 3188//387 3190//387 3189//387
f 3190//398 3192//398 3191//398
f 3192//399 3194//399 3193//399
f 3190//386 3188//386 3186//386
f 3186//386 3196//386 3194//386
f 3194//386 3192//386 3190//386
f 3194//388 3196//388 3195//388
f 3196//400 3186//400 3185//400
f 3195//385 3185//385 3187//385
f 3187//385 3189//385 3191//385
f 3191//385 3193//385 3195//385
f 3214//397 3216//397 3215//397
f 3216//387 3218//387 3217//387
f 3218//398 3220//398 3219//398
f 3220//399 3222//399 3221//399
f 3218//386 3216//386 3214//386
f 3214//386 3224//386 3222//386
f 3222//386 3220//386 3218//386
f 3222//388 3224//388 3223//388
f 3224//400 3214//400 3213//400
f 3223//385 3213//385 3215//385
f 3215//385 3217//385 3219//385
f 3219//385 3221//385 3223//385
f 3242//397 3244//397 3243//397
f 3244//387 3246//387 3245//387
f 3246//398 3248//398 3247//398
f 3248//399 3250//399 3249//399
f 3246//386 3244//386 3242//386
f 3242//386 3252//386 3250//386
f 3250//386 3248//386 3246//386
f 3250//388 3252//388 3251//388
f 3252//400 3242//400 3241//400
f 3251//385 3241//385 3243//385
f 3243//385 3245//385 3247//385
f 3247//385 3249//385 3251//385
f 3270//397 3272//397 3271//397
f 3272//387 3274//387 3273//387
f 3274//398 3276//398 3275//398
f 3276//399 3278//399 3277//399
f 3274//386 3272//386 3270//386
f 3270//386 3280//386 3278//386
f 3278//386 3276//386 3274//386
f 3278//388 3280//388 3279//388
f 3280//400 3270//400 3269//400
f 3279//385 3269//385 3271//385
f 3271//385 3273//385 3275//385
f 3275//385 3277//385 3279//385
f 3298//397 3300//397 3299//397
f 3300//387 3302//387 3301//387
f 3302//398 3304//398 3303//398
f 3304//399 3306//399 3305//399
f 3302//386 3300//386 3298//386
f 3298//386 3308//386 3306//386
f 3306//386 3304//386 3302//386
f 3306//388 3308//388 3307//388
f 3308//400 3298//400 3297//400
f 3307//385 3297//385 3299//385
f 3299//385 3301//385 3303//385
f 3303//385 3305//385 3307//385
f 3326//397 3328//397 3327//397
f 3328//387 3330//387 3329//387
f 3330//398 3332//398 3331//398
f 3332//399 3334//399 3333//399
f 3330//386 3328//386 3326//386
f 3326//386 3336//386 3334//386
f 3334//386 3332//386 3330//386
f 3334//388 3336//388 3335//388
f 3336//400 3326//400 3325//400
f 3335//385 3325//385 3327//385
f 3327//385 3329//385 3331//385
f 3331//385 3333//385 3335//385
f 3354//397 3356//397 3355//397
f 3356//387 3358//387 3357//387
f 3358//398 3360//398 3359//398
f 3360//399 3362//399 3361//399
f 3358//386 3356//386 3354//386
f 3354//386 3364//386 3362//386
f 3362//386 3360//386 3358//386
f 3362//388 3364//388 3363//388
f 3364//400 3354//400 3353//400
f 3363//385 3353//385 3355//385
f 3355//385 3357//385 3359//385
f 3359//385 3361//385 3363//385
f 3382//397 3384//397 3383//397
f 3384//387 3386//387 3385//387
f 3386//398 3388//398 3387//398
f 3388//399 3390//399 3389//399
f 3386//386 3384//386 3382//386
f 3382//386 3392//386 3390//386
f 3390//386 3388//386 3386//386
f 3390//388 3392//388 3391//388
f 3392//400 3382//400 3381//400
f 3391//385 3381//385 3383//385
f 3383//385 3385//385 3387//385
f 3387//385 3389//385 3391//385
f 3410//397 3412//397 3411//397
f 3412//387 3414//387 3413//387
f 3414//398 3416//398 3415//398
f 3416//399 3418//399 3417//399
f 3414//386 3412//386 3410//386
f 3410//386 3420//386 3418//386
f 3418//386 3416//386 3414//386
f 3418//388 3420//388 3419//388
f 3420//400 3410//400 3409//400
f 3419//385 3409//385 3411//385
f 3411//385 3413//385 3415//385
f 3415//385 3417//385 3419//385
f 3438//397 3440//397 3439//397
f 3440//387 3442//387 3441//387
f 3442//398 3444//398 3443//398
f 3444//399 3446//399 3445//399
f 3442//386 3440//386 3438//386
f 3438//386 3448//386 3446//386
f 3446//386 3444//386 3442//386
f 3446//388 3448//388 3447//388
f 3448//400 3438//400 3437//400
f 3447//385 3437//385 3439//385
f 3439//385 3441//385 3443//385
f 3443//385 3445//385 3447//385
f 3466//397 3468//397 3467//397
f 3468//387 3470//387 3469//387
f 3470//398 3472//398 3471//398
f 3472//399 3474//399 3473//399
f 3470//386 3468//386 3466//386
f 3466//386 3476//386 3474//386
f 3474//386 3472//386 3470//386
f 3474//388 3476//388 3475//388
f 3476//400 3466//400 3465//400
f 3475//385 3465//385 3467//385
f 3467//385 3469//385 3471//385
f 3471//385 3473//385 3475//385
f 3494//397 3496//397 3495//397
f 3496//387 3498//387 3497//387
f 3498//398 3500//398 3499//398
f 3500//399 3502//399 3501//399
f 3498//386 3496//386 3494//386
f 3494//386 3504//386 3502//386
f 3502//386 3500//386 3498//386
f 3502//388 3504//388 3503//388
f 3504//400 3494//400 3493//400
f 3503//385 3493//385 3495//385
f 3495//385 3497//385 3499//385
f 3499//385 3501//385 3503//385
f 3522//397 3524//397 3523//397
f 3524//387 3526//387 3525//387
f 3526//398 3528//398 3527//398
f 3528//399 3530//399 3529//399
f 3526//386 3524//386 3522//386
f 3522//386 3532//386 3530//386
f 3530//386 3528//386 3526//386
f 3530//388 3532//388 3531//388
f 3532//400 3522//400 3521//400
f 3531//385 3521//385 3523//385
f 3523//385 3525//385 3527//385
f 3527//385 3529//385 3531//385
f 3550//397 3552//397 3551//397
f 3552//387 3554//387 3553//387
f 3554//398 3556//398 3555//398
f 3556//399 3558//399 3557//399
f 3554//386 3552//386 3550//386
f 3550//386 3560//386 3558//386
f 3558//386 3556//386 3554//386
f 3558//388 3560//388 3559//388
f 3560//400 3550//400 3549//400
f 3559//385 3549//385 3551//385
f 3551//385 3553//385 3555//385
f 3555//385 3557//385 3559//385
usemtl pipe_steel
f 1042//401 1043//401 1041//401
f 1044//402 1045//402 1043//402
f 1046//403 1047//403 1045//403
f 1048//404 1049//404 1047//404
f 1050//405 1051//405 1049//405
f 1052//406 1053//406 1051//406
f 1054//386 1050//386 1046//386
f 1054//407 1055//407 1053//407
f 1056//408 1041//408 1055//408
f 1047//385 1051//385 1055//385
f 1070//401 1071//401 1069//401
f 1072//409 1073//409 1071//409
f 1074//403 1075//403 1073//403
f 1076//404 1077//404 1075//404
f 1078//405 1079//405 1077//405
f 1080//410 1081//410 1079//410
f 1082//386 1078//386 1074//386
f 1082//407 1083//407 1081//407
f 1084//408 1069//408 1083//408
f 1075//385 1079//385 1083//385
f 1098//401 1099//401 1097//401
f 1100//409 1101//409 1099//409
f 1102//403 1103//403 1101//403
f 1104//404 1105//404 1103//404
f 1106//405 1107//405 1105//405
f 1108//410 1109//410 1107//410
f 1110//386 1106//386 1102//386
f 1110//407 1111//407 1109//407
f 1112//408 1097//408 1111//408
f 1103//385 1107//385 1111//385
f 1126//401 1127//401 1125//401
f 1128//409 1129//409 1127//409
f 1130//403 1131//403 1129//403
f 1132//404 1133//404 1131//404
f 1134//405 1135//405 1133//405
f 1136//410 1137//410 1135//410
f 1138//386 1134//386 1130//386
f 1138//407 1139//407 1137//407
f 1140//408 1125//408 1139//408
f 1131//385 1135//385 1139//385
f 1154//401 1155//401 1153//401
f 1156//409 1157//409 1155//409
f 1158//403 1159//403 1157//403
f 1160//404 1161//404 1159//404
f 1162//405 1163//405 1161//405
f 1164//410 1165//410 1163//410
f 1166//386 1162//386 1158//386
f 1166//407 1167//407 1165//407
f 1168//408 1153//408 1167//408
f 1159//385 1163//385 1167//385
f 1182//401 1183//401 1181//401
f 1184//409 1185//409 1183//409
f 1186//403 1187//403 1185//403
f 1188//404 1189//404 1187//404
f 1190//405 1191//405 1189//405
f 1192//410 1193//410 1191//410
f 1194//386 1190//386 1186//386
f 1194//407 1195//407 1193//407
f 1196//408 1181//408 1195//408
f 1187//385 1191//385 1195//385
f 1210//401 1211//401 1209//401
f 1212//409 1213//409 1211//409
f 1214//403 1215//403 1213//403
f 1216//404 1217//404 1215//404
f 1218//405 1219//405 1217//405
f 1220//410 1221//410 1219//410
f 1222//386 1218//386 1214//386
f 1222//407 1223//407 1221//407
f 1224//408 1209//408 1223//408
f 1215//385 1219//385 1223//385
f 1238//401 1239//401 1237//401
f 1240//402 1241//402 1239//402
f 1242//403 1243//403 1241//403
f 1244//404 1245//404 1243//404
f 1246//405 1247//405 1245//405
f 1248//406 1249//406 1247//406
f 1250//386 1246//386 1242//386
f 1250//407 1251//407 1249//407
f 1252//408 1237//408 1251//408
f 1243//385 1247//385 1251//385
f 1266//401 1267//401 1265//401
f 1268//409 1269//409 1267//409
f 1270//403 1271//403 1269//403
f 1272//404 1273//404 1271//404
f 1274//405 1275//405 1273//405
f 1276//410 1277//410 1275//410
f 1278//386 1274//386 1270//386
f 1278//407 1279//407 1277//407
f 1280//408 1265//408 1279//408
f 1271//385 1275//385 1279//385
f 1294//401 1295//401 1293//401
f 1296//409 1297//409 1295//409
f 1298//403 1299//403 1297//403
f 1300//404 1301//404 1299//404
f 1302//405 1303//405 1301//405
f 1304//410 1305//410 1303//410
f 1306//386 1302//386 1298//386
f 1306//407 1307//407 1305//407
f 1308//408 1293//408 1307//408
f 1299//385 1303//385 1307//385
f 1322//401 1323//401 1321//401
f 1324//402 1325//402 1323//402
f 1326//403 1327//403 1325//403
f 1328//404 1329//404 1327//404
f 1330//405 1331//405 1329//405
f 1332//410 1333//410 1331//410
f 1334//386 1330//386 1326//386
f 1334//407 1335//407 1333//407
f 1336//408 1321//408 1335//408
f 1327//385 1331//385 1335//385
f 1350//401 1351//401 1349//401
f 1352//409 1353//409 1351//409
f 1354//411 1355//411 1353//411
f 1356//404 1357//404 1355//404
f 1358//405 1359//405 1357//405
f 1360//410 1361//410 1359//410
f 1362//386 1358//386 1354//386
f 1362//407 1363//407 1361//407
f 1364//408 1349//408 1363//408
f 1355//385 1359//385 1363//385
f 1378//401 1379//401 1377//401
f 1380//402 1381//402 1379//402
f 1382//403 1383//403 1381//403
f 1384//404 1385//404 1383//404
f 1386//405 1387//405 1385//405
f 1388//406 1389//406 1387//406
f 1390//386 1386//386 1382//386
f 1390//407 1391//407 1389//407
f 1392//408 1377//408 1391//408
f 1383//385 1387//385 1391//385
f 1406//401 1407//401 1405//401
f 1408//402 1409//402 1407//402
f 1410//403 1411//403 1409//403
f 1412//404 1413//404 1411//404
f 1414//405 1415//405 1413//405
f 1416//410 1417//410 1415//410
f 1418//386 1414//386 1410//386
f 1418//407 1419//407 1417//407
f 1420//408 1405//408 1419//408
f 1411//385 1415//385 1419//385
f 1434//401 1435//401 1433//401
f 1436//409 1437//409 1435//409
f 1438//403 1439//403 1437//403
f 1440//404 1441//404 1439//404
f 1442//405 1443//405 1441//405
f 1444//410 1445//410 1443//410
f 1446//386 1442//386 1438//386
f 1446//407 1447//407 1445//407
f 1448//408 1433//408 1447//408
f 1439//385 1443//385 1447//385
f 1462//401 1463//401 1461//401
f 1464//409 1465//409 1463//409
f 1466//403 1467//403 1465//403
f 1468//404 1469//404 1467//404
f 1470//405 1471//405 1469//405
f 1472//410 1473//410 1471//410
f 1474//386 1470//386 1466//386
f 1474//407 1475//407 1473//407
f 1476//408 1461//408 1475//408
f 1467//385 1471//385 1475//385
f 1490//401 1491//401 1489//401
f 1492//409 1493//409 1491//409
f 1494//403 1495//403 1493//403
f 1496//404 1497//404 1495//404
f 1498//405 1499//405 1497//405
f 1500//410 1501//410 1499//410
f 1502//386 1498//386 1494//386
f 1502//407 1503//407 1501//407
f 1504//408 1489//408 1503//408
f 1495//385 1499//385 1503//385
f 1518//401 1519//401 1517//401
f 1520//409 1521//409 1519//409
f 1522//403 1523//403 1521//403
f 1524//404 1525//404 1523//404
f 1526//405 1527//405 1525//405
f 1528//410 1529//410 1527//410
f 1530//386 1526//386 1522//386
f 1530//407 1531//407 1529//407
f 1532//408 1517//408 1531//408
f 1523//385 1527//385 1531//385
f 1546//401 1547//401 1545//401
f 1548//409 1549//409 1547//409
f 1550//403 1551//403 1549//403
f 1552//404 1553//404 1551//404
f 1554//405 1555//405 1553//405
f 1556//410 1557//410 1555//410
f 1558//386 1554//386 1550//386
f 1558//407 1559//407 1557//407
f 1560//408 1545//408 1559//408
f 1551//385 1555//385 1559//385
f 1574//401 1575//401 1573//401
f 1576//409 1577//409 1575//409
f 1578//403 1579//403 1577//403
f 1580//404 1581//404 1579//404
f 1582//405 1583//405 1581//405
f 1584//410 1585//410 1583//410
f 1586//386 1582//386 1578//386
f 1586//407 1587//407 1585//407
f 1588//408 1573//408 1587//408
f 1579//385 1583//385 1587//385
f 1602//401 1603//401 1601//401
f 1604//409 1605//409 1603//409
f 1606//403 1607//403 1605//403
f 1608//404 1609//404 1607//404
f 1610//405 1611//405 1609//405
f 1612//410 1613//410 1611//410
f 1614//386 1610//386 1606//386
f 1614//407 1615//407 1613//407
f 1616//408 1601//408 1615//408
f 1607//385 1611//385 1615//385
f 1630//401 1631//401 1629//401
f 1632//409 1633//409 1631//409
f 1634//403 1635//403 1633//403
f 1636//404 1637//404 1635//404
f 1638//405 1639//405 1637//405
f 1640//410 1641//410 1639//410
f 1642//386 1638//386 1634//386
f 1642//407 1643//407 1641//407
f 1644//408 1629//408 1643//408
f 1635//385 1639//385 1643//385
f 1658//401 1659//401 1657//401
f 1660//409 1661//409 1659//409
f 1662//403 1663//403 1661//403
f 1664//404 1665//404 1663//404
f 1666//405 1667//405 1665//405
f 1668//410 1669//410 1667//410
f 1670//386 1666//386 1662//386
f 1670//407 1671//407 1669//407
f 1672//408 1657//408 1671//408
f 1663//385 1667//385 1671//385
f 1686//401 1687//401 1685//401
f 1688//409 1689//409 1687//409
f 1690//403 1691//403 1689//403
f 1692//404 1693//404 1691//404
f 1694//405 1695//405 1693//405
f 1696//410 1697//410 1695//410
f 1698//386 1694//386 1690//386
f 1698//407 1699//407 1697//407
f 1700//408 1685//408 1699//408
f 1691//385 1695//385 1699//385
f 1714//401 1715//401 1713//401
f 1716//409 1717//409 1715//409
f 1718//403 1719//403 1717//403
f 1720//404 1721//404 1719//404
f 1722//405 1723//405 1721//405
f 1724//410 1725//410 1723//410
f 1726//386 1722//386 1718//386
f 1726//407 1727//407 1725//407
f 1728//408 1713//408 1727//408
f 1719//385 1723//385 1727//385
f 1742//401 1743//401 1741//401
f 1744//409 1745//409 1743//409
f 1746//403 1747//403 1745//403
f 1748//404 1749//404 1747//404
f 1750//405 1751//405 1749//405
f 1752//410 1753//410 1751//410
f 1754//386 1750//386 1746//386
f 1754//407 1755//407 1753//407
f 1756//408 1741//408 1755//408
f 1747//385 1751//385 1755//385
f 1770//401 1771//401 1769//401
f 1772//409 1773//409 1771//409
f 1774//403 1775//403 1773//403
f 1776//404 1777//404 1775//404
f 1778//405 1779//405 1777//405
f 1780//410 1781//410 1779//410
f 1782//386 1778//386 1774//386
f 1782//407 1783//407 1781//407
f 1784//408 1769//408 1783//408
f 1775//385 1779//385 1783//385
f 1798//401 1799//401 1797//401
f 1800//409 1801//409 1799//409
f 1802//403 1803//403 1801//403
f 1804//404 1805//404 1803//404
f 1806//405 1807//405 1805//405
f 1808//410 1809//410 1807//410
f 1810//386 1806//386 1802//386
f 1810//407 1811//407 1809//407
f 1812//408 1797//408 1811//408
f 1803//385 1807//385 1811//385
f 1826//401 1827//401 1825//401
f 1828//409 1829//409 1827//409
f 1830//403 1831//403 1829//403
f 1832//404 1833//404 1831//404
f 1834//405 1835//405 1833//405
f 1836//410 1837//410 1835//410
f 1838//386 1834//386 1830//386
f 1838//407 1839//407 1837//407
f 1840//408 1825//408 1839//408
f 1831//385 1835//385 1839//385
f 1854//401 1855//401 1853//401
f 1856//409 1857//409 1855//409
f 1858//403 1859//403 1857//403
f 1860//404 1861//404 1859//404
f 1862//405 1863//405 1861//405
f 1864//410 1865//410 1863//410
f 1866//386 1862//386 1858//386
f 1866//407 1867//407 1865//407
f 1868//408 1853//408 1867//408
f 1859//385 1863//385 1867//385
f 1882//401 1883//401 1881//401
f 1884//409 1885//409 1883//409
f 1886//403 1887//403 1885//403
f 1888//404 1889//404 1887//404
f 1890//405 1891//405 1889//405
f 1892//410 1893//410 1891//410
f 1894//386 1890//386 1886//386
f 1894//407 1895//407 1893//407
f 1896//408 1881//408 1895//408
f 1887//385 1891//385 1895//385
f 1910//401 1911//401 1909//401
f 1912//409 1913//409 1911//409
f 1914//403 1915//403 1913//403
f 1916//404 1917//404 1915//404
f 1918//405 1919//405 1917//405
f 1920//410 1921//410 1919//410
f 1922//386 1918//386 1914//386
f 1922//407 1923//407 1921//407
f 1924//408 1909//408 1923//408
f 1915//385 1919//385 1923//385
f 1938//401 1939//401 1937//401
f 1940//409 1941//409 1939//409
f 1942//403 1943//403 1941//403
f 1944//404 1945//404 1943//404
f 1946//405 1947//405 1945//405
f 1948//410 1949//410 1947//410
f 1950//386 1946//386 1942//386
f 1950//407 1951//407 1949//407
f 1952//408 1937//408 1951//408
f 1943//385 1947//385 1951//385
f 1966//401 1967//401 1965//401
f 1968//409 1969//409 1967//409
f 1970//403 1971//403 1969//403
f 1972//404 1973//404 1971//404
f 1974//405 1975//405 1973//405
f 1976//410 1977//410 1975//410
f 1978//386 1974//386 1970//386
f 1978//407 1979//407 1977//407
f 1980//408 1965//408 1979//408
f 1971//385 1975//385 1979//385
f 1994//401 1995//401 1993//401
f 1996//409 1997//409 1995//409
f 1998//403 1999//403 1997//403
f 2000//404 2001//404 1999//404
f 2002//405 2003//405 2001//405
f 2004//410 2005//410 2003//410
f 2006//386 2002//386 1998//386
f 2006//407 2007//407 2005//407
f 2008//408 1993//408 2007//408
f 1999//385 2003//385 2007//385
f 2022//401 2023//401 2021//401
f 2024//409 2025//409 2023//409
f 2026//403 2027//403 2025//403
f 2028//404 2029//404 2027//404
f 2030//405 2031//405 2029//405
f 2032//406 2033//406 2031//406
f 2034//386 2030//386 2026//386
f 2034//407 2035//407 2033//407
f 2036//408 2021//408 2035//408
f 2027//385 2031//385 2035//385
f 2050//401 2051//401 2049//401
f 2052//402 2053//402 2051//402
f 2054//403 2055//403 2053//403
f 2056//404 2057//404 2055//404
f 2058//405 2059//405 2057//405
f 2060//406 2061//406 2059//406
f 2062//386 2058//386 2054//386
f 2062//407 2063//407 2061//407
f 2064//408 2049//408 2063//408
f 2055//385 2059//385 2063//385
f 2078//401 2079//401 2077//401
f 2080//409 2081//409 2079//409
f 2082//403 2083//403 2081//403
f 2084//404 2085//404 2083//404
f 2086//405 2087//405 2085//405
f 2088//410 2089//410 2087//410
f 2090//386 2086//386 2082//386
f 2090//412 2091//412 2089//412
f 2092//408 2077//408 2091//408
f 2083//385 2087//385 2091//385
f 2106//401 2107//401 2105//401
f 2108//409 2109//409 2107//409
f 2110//403 2111//403 2109//403
f 2112//404 2113//404 2111//404
f 2114//405 2115//405 2113//405
f 2116//406 2117//406 2115//406
f 2118//386 2114//386 2110//386
f 2118//407 2119//407 2117//407
f 2120//408 2105//408 2119//408
f 2111//385 2115//385 2119//385
f 2134//401 2135//401 2133//401
f 2136//409 2137//409 2135//409
f 2138//403 2139//403 2137//403
f 2140//404 2141//404 2139//404
f 2142//405 2143//405 2141//405
f 2144//410 2145//410 2143//410
f 2146//386 2142//386 2138//386
f 2146//407 2147//407 2145//407
f 2148//408 2133//408 2147//408
f 2139//385 2143//385 2147//385
f 2162//401 2163//401 2161//401
f 2164//409 2165//409 2163//409
f 2166//403 2167//403 2165//403
f 2168//404 2169//404 2167//404
f 2170//405 2171//405 2169//405
f 2172//410 2173//410 2171//410
f 2174//386 2170//386 2166//386
f 2174//407 2175//407 2173//407
f 2176//408 2161//408 2175//408
f 2167//385 2171//385 2175//385
f 2190//401 2191//401 2189//401
f 2192//402 2193//402 2191//402
f 2194//403 2195//403 2193//403
f 2196//404 2197//404 2195//404
f 2198//405 2199//405 2197//405
f 2200//406 2201//406 2199//406
f 2202//386 2198//386 2194//386
f 2202//407 2203//407 2201//407
f 2204//408 2189//408 2203//408
f 2195//385 2199//385 2203//385
f 2218//401 2219//401 2217//401
f 2220//409 2221//409 2219//409
f 2222//403 2223//403 2221//403
f 2224//404 2225//404 2223//404
f 2226//405 2227//405 2225//405
f 2228//410 2229//410 2227//410
f 2230//386 2226//386 2222//386
f 2230//407 2231//407 2229//407
f 2232//408 2217//408 2231//408
f 2223//385 2227//385 2231//385
f 2246//401 2247//401 2245//401
f 2248//409 2249//409 2247//409
f 2250//403 2251//403 2249//403
f 2252//404 2253//404 2251//404
f 2254//405 2255//405 2253//405
f 2256//410 2257//410 2255//410
f 2258//386 2254//386 2250//386
f 2258//407 2259//407 2257//407
f 2260//408 2245//408 2259//408
f 2251//385 2255//385 2259//385
f 2274//401 2275//401 2273//401
f 2276//409 2277//409 2275//409
f 2278//403 2279//403 2277//403
f 2280//404 2281//404 2279//404
f 2282//405 2283//405 2281//405
f 2284//410 2285//410 2283//410
f 2286//386 2282//386 2278//386
f 2286//407 2287//407 2285//407
f 2288//408 2273//408 2287//408
f 2279//385 2283//385 2287//385
f 2302//401 2303//401 2301//401
f 2304//409 2305//409 2303//409
f 2306//403 2307//403 2305//403
f 2308//404 2309//404 2307//404
f 2310//405 2311//405 2309//405
f 2312//410 2313//410 2311//410
f 2314//386 2310//386 2306//386
f 2314//407 2315//407 2313//407
f 2316//408 2301//408 2315//408
f 2307//385 2311//385 2315//385
f 2330//401 2331//401 2329//401
f 2332//409 2333//409 2331//409
f 2334//403 2335//403 2333//403
f 2336//404 2337//404 2335//404
f 2338//405 2339//405 2337//405
f 2340//410 2341//410 2339//410
f 2342//386 2338//386 2334//386
f 2342//407 2343//407 2341//407
f 2344//408 2329//408 2343//408
f 2335//385 2339//385 2343//385
f 2358//401 2359//401 2357//401
f 2360//409 2361//409 2359//409
f 2362//403 2363//403 2361//403
f 2364//404 2365//404 2363//404
f 2366//405 2367//405 2365//405
f 2368//410 2369//410 2367//410
f 2370//386 2366//386 2362//386
f 2370//407 2371//407 2369//407
f 2372//408 2357//408 2371//408
f 2363//385 2367//385 2371//385
f 2386//401 2387//401 2385//401
f 2388//402 2389//402 2387//402
f 2390//403 2391//403 2389//403
f 2392//404 2393//404 2391//404
f 2394//405 2395//405 2393//405
f 2396//406 2397//406 2395//406
f 2398//386 2394//386 2390//386
f 2398//407 2399//407 2397//407
f 2400//408 2385//408 2399//408
f 2391//385 2395//385 2399//385
f 2414//401 2415//401 2413//401
f 2416//409 2417//409 2415//409
f 2418//403 2419//403 2417//403
f 2420//404 2421//404 2419//404
f 2422//405 2423//405 2421//405
f 2424//410 2425//410 2423//410
f 2426//386 2422//386 2418//386
f 2426//407 2427//407 2425//407
f 2428//408 2413//408 2427//408
f 2419//385 2423//385 2427//385
f 2442//401 2443//401 2441//401
f 2444//409 2445//409 2443//409
f 2446//403 2447//403 2445//403
f 2448//404 2449//404 2447//404
f 2450//405 2451//405 2449//405
f 2452//410 2453//410 2451//410
f 2454//386 2450//386 2446//386
f 2454//407 2455//407 2453//407
f 2456//408 2441//408 2455//408
f 2447//385 2451//385 2455//385
f 2470//401 2471//401 2469//401
f 2472//409 2473//409 2471//409
f 2474//403 2475//403 2473//403
f 2476//404 2477//404 2475//404
f 2478//405 2479//405 2477//405
f 2480//410 2481//410 2479//410
f 2482//386 2478//386 2474//386
f 2482//407 2483//407 2481//407
f 2484//408 2469//408 2483//408
f 2475//385 2479//385 2483//385
f 2498//401 2499//401 2497//401
f 2500//409 2501//409 2499//409
f 2502//403 2503//403 2501//403
f 2504//404 2505//404 2503//404
f 2506//405 2507//405 2505//405
f 2508//410 2509//410 2507//410
f 2510//386 2506//386 2502//386
f 2510//407 2511//407 2509//407
f 2512//408 2497//408 2511//408
f 2503//385 2507//385 2511//385
f 2526//401 2527//401 2525//401
f 2528//409 2529//409 2527//409
f 2530//403 2531//403 2529//403
f 2532//404 2533//404 2531//404
f 2534//405 2535//405 2533//405
f 2536//410 2537//410 2535//410
f 2538//386 2534//386 2530//386
f 2538//407 2539//407 2537//407
f 2540//408 2525//408 2539//408
f 2531//385 2535//385 2539//385
f 2554//401 2555//401 2553//401
f 2556//409 2557//409 2555//409
f 2558//403 2559//403 2557//403
f 2560//404 2561//404 2559//404
f 2562//405 2563//405 2561//405
f 2564//410 2565//410 2563//410
f 2566//386 2562//386 2558//386
f 2566//407 2567//407 2565//407
f 2568//408 2553//408 2567//408
f 2559//385 2563//385 2567//385
f 2582//401 2583//401 2581//401
f 2584//402 2585//402 2583//402
f 2586//403 2587//403 2585//403
f 2588//404 2589//404 2587//404
f 2590//405 2591//405 2589//405
f 2592//406 2593//406 2591//406
f 2594//386 2590//386 2586//386
f 2594//407 2595//407 2593//407
f 2596//408 2581//408 2595//408
f 2587//385 2591//385 2595//385
f 2610//401 2611//401 2609//401
f 2612//409 2613//409 2611//409
f 2614//403 2615//403 2613//403
f 2616//404 2617//404 2615//404
f 2618//405 2619//405 2617//405
f 2620//410 2621//410 2619//410
f 2622//386 2618//386 2614//386
f 2622//407 2623//407 2621//407
f 2624//408 2609//408 2623//408
f 2615//385 2619//385 2623//385
f 2638//401 2639//401 2637//401
f 2640//409 2641//409 2639//409
f 2642//403 2643//403 2641//403
f 2644//404 2645//404 2643//404
f 2646//405 2647//405 2645//405
f 2648//410 2649//410 2647//410
f 2650//386 2646//386 2642//386
f 2650//407 2651//407 2649//407
f 2652//408 2637//408 2651//408
f 2643//385 2647//385 2651//385
f 2666//401 2667//401 2665//401
f 2668//409 2669//409 2667//409
f 2670//403 2671//403 2669//403
f 2672//404 2673//404 2671//404
f 2674//405 2675//405 2673//405
f 2676//406 2677//406 2675//406
f 2678//386 2674//386 2670//386
f 2678//407 2679//407 2677//407
f 2680//408 2665//408 2679//408
f 2671//385 2675//385 2679//385
f 2694//401 2695//401 2693//401
f 2696//409 2697//409 2695//409
f 2698//403 2699//403 2697//403
f 2700//404 2701//404 2699//404
f 2702//405 2703//405 2701//405
f 2704//410 2705//410 2703//410
f 2706//386 2702//386 2698//386
f 2706//412 2707//412 2705//412
f 2708//408 2693//408 2707//408
f 2699//385 2703//385 2707//385
f 2722//401 2723//401 2721//401
f 2724//402 2725//402 2723//402
f 2726//403 2727//403 2725//403
f 2728//404 2729//404 2727//404
f 2730//405 2731//405 2729//405
f 2732//406 2733//406 2731//406
f 2734//386 2730//386 2726//386
f 2734//407 2735//407 2733//407
f 2736//408 2721//408 2735//408
f 2727//385 2731//385 2735//385
f 2750//401 2751//401 2749//401
f 2752//409 2753//409 2751//409
f 2754//403 2755//403 2753//403
f 2756//404 2757//404 2755//404
f 2758//405 2759//405 2757//405
f 2760//406 2761//406 2759//406
f 2762//386 2758//386 2754//386
f 2762//407 2763//407 2761//407
f 2764//408 2749//408 2763//408
f 2755//385 2759//385 2763//385
f 2778//401 2779//401 2777//401
f 2780//409 2781//409 2779//409
f 2782//403 2783//403 2781//403
f 2784//404 2785//404 2783//404
f 2786//405 2787//405 2785//405
f 2788//410 2789//410 2787//410
f 2790//386 2786//386 2782//386
f 2790//407 2791//407 2789//407
f 2792//408 2777//408 2791//408
f 2783//385 2787//385 2791//385
f 2806//401 2807//401 2805//401
f 2808//409 2809//409 2807//409
f 2810//403 2811//403 2809//403
f 2812//404 2813//404 2811//404
f 2814//405 2815//405 2813//405
f 2816//410 2817//410 2815//410
f 2818//386 2814//386 2810//386
f 2818//407 2819//407 2817//407
f 2820//408 2805//408 2819//408
f 2811//385 2815//385 2819//385
f 2834//401 2835//401 2833//401
f 2836//409 2837//409 2835//409
f 2838//403 2839//403 2837//403
f 2840//404 2841//404 2839//404
f 2842//405 2843//405 2841//405
f 2844//410 2845//410 2843//410
f 2846//386 2842//386 2838//386
f 2846//407 2847//407 2845//407
f 2848//408 2833//408 2847//408
f 2839//385 2843//385 2847//385
f 2862//401 2863//401 2861//401
f 2864//409 2865//409 2863//409
f 2866//403 2867//403 2865//403
f 2868//404 2869//404 2867//404
f 2870//405 2871//405 2869//405
f 2872//410 2873//410 2871//410
f 2874//386 2870//386 2866//386
f 2874//407 2875//407 2873//407
f 2876//408 2861//408 2875//408
f 2867//385 2871//385 2875//385
f 2890//401 2891//401 2889//401
f 2892//409 2893//409 2891//409
f 2894//403 2895//403 2893//403
f 2896//404 2897//404 2895//404
f 2898//405 2899//405 2897//405
f 2900//410 2901//410 2899//410
f 2902//386 2898//386 2894//386
f 2902//407 2903//407 2901//407
f 2904//408 2889//408 2903//408
f 2895//385 2899//385 2903//385
f 2918//401 2919//401 2917//401
f 2920//409 2921//409 2919//409
f 2922//403 2923//403 2921//403
f 2924//404 2925//404 2923//404
f 2926//405 2927//405 2925//405
f 2928//410 2929//410 2927//410
f 2930//386 2926//386 2922//386
f 2930//407 2931//407 2929//407
f 2932//408 2917//408 2931//408
f 2923//385 2927//385 2931//385
f 2946//401 2947//401 2945//401
f 2948//409 2949//409 2947//409
f 2950//403 2951//403 2949//403
f 2952//404 2953//404 2951//404
f 2954//405 2955//405 2953//405
f 2956//410 2957//410 2955//410
f 2958//386 2954//386 2950//386
f 2958//407 2959//407 2957//407
f 2960//408 2945//408 2959//408
f 2951//385 2955//385 2959//385
f 2974//401 2975//401 2973//401
f 2976//409 2977//409 2975//409
f 2978//403 2979//403 2977//403
f 2980//404 2981//404 2979//404
f 2982//405 2983//405 2981//405
f 2984//410 2985//410 2983//410
f 2986//386 2982//386 2978//386
f 2986//407 2987//407 2985//407
f 2988//408 2973//408 2987//408
f 2979//385 2983//385 2987//385
f 3002//401 3003//401 3001//401
f 3004//409 3005//409 3003//409
f 3006//403 3007//403 3005//403
f 3008//404 3009//404 3007//404
f 3010//405 3011//405 3009//405
f 3012//410 3013//410 3011//410
f 3014//386 3010//386 3006//386
f 3014//407 3015//407 3013//407
f 3016//408 3001//408 3015//408
f 3007//385 3011//385 3015//385
f 3030//401 3031//401 3029//401
f 3032//409 3033//409 3031//409
f 3034//403 3035//403 3033//403
f 3036//404 3037//404 3035//404
f 3038//405 3039//405 3037//405
f 3040//410 3041//410 3039//410
f 3042//386 3038//386 3034//386
f 3042//407 3043//407 3041//407
f 3044//408 3029//408 3043//408
f 3035//385 3039//385 3043//385
f 3058//401 3059//401 3057//401
f 3060//409 3061//409 3059//409
f 3062//403 3063//403 3061//403
f 3064//404 3065//404 3063//404
f 3066//405 3067//405 3065//405
f 3068//410 3069//410 3067//410
f 3070//386 3066//386 3062//386
f 3070//407 3071//407 3069//407
f 3072//408 3057//408 3071//408
f 3063//385 3067//385 3071//385
f 3086//401 3087//401 3085//401
f 3088//409 3089//409 3087//409
f 3090//403 3091//403 3089//403
f 3092//404 3093//404 3091//404
f 3094//405 3095//405 3093//405
f 3096//410 3097//410 3095//410
f 3098//386 3094//386 3090//386
f 3098//407 3099//407 3097//407
f 3100//408 3085//408 3099//408
f 3091//385 3095//385 3099//385
f 3114//401 3115//401 3113//401
f 3116//409 3117//409 3115//409
f 3118//403 3119//403 3117//403
f 3120//404 3121//404 3119//404
f 3122//405 3123//405 3121//405
f 3124//410 3125//410 3123//410
f 3126//386 3122//386 3118//386
f 3126//407 3127//407 3125//407
f 3128//408 3113//408 3127//408
f 3119//385 3123//385 3127//385
f 3142//401 3143//401 3141//401
f 3144//409 3145//409 3143//409
f 3146//403 3147//403 3145//403
f 3148//404 3149//404 3147//404
f 3150//405 3151//405 3149//405
f 3152//410 3153//410 3151//410
f 3154//386 3150//386 3146//386
f 3154//407 3155//407 3153//407
f 3156//408 3141//408 3155//408
f 3147//385 3151//385 3155//385
f 3170//401 3171//401 3169//401
f 3172//409 3173//409 3171//409
f 3174//403 3175//403 3173//403
f 3176//404 3177//404 3175//404
f 3178//405 3179//405 3177//405
f 3180//410 3181//410 3179//410
f 3182//386 3178//386 3174//386
f 3182//407 3183//407 3181//407
f 3184//408 3169//408 3183//408
f 3175//385 3179//385 3183//385
f 3198//401 3199//401 3197//401
f 3200//409 3201//409 3199//409
f 3202//403 3203//403 3201//403
f 3204//404 3205//404 3203//404
f 3206//405 3207//405 3205//405
f 3208//410 3209//410 3207//410
f 3210//386 3206//386 3202//386
f 3210//407 3211//407 3209//407
f 3212//408 3197//408 3211//408
f 3203//385 3207//385 3211//385
f 3226//401 3227//401 3225//401
f 3228//402 3229//402 3227//402
f 3230//403 3231//403 3229//403
f 3232//404 3233//404 3231//404
f 3234//405 3235//405 3233//405
f 3236//410 3237//410 3235//410
f 3238//386 3234//386 3230//386
f 3238//407 3239//407 3237//407
f 3240//408 3225//408 3239//408
f 3231//385 3235//385 3239//385
f 3254//401 3255//401 3253//401
f 3256//402 3257//402 3255//402
f 3258//403 3259//403 3257//403
f 3260//404 3261//404 3259//404
f 3262//405 3263//405 3261//405
f 3264//406 3265//406 3263//406
f 3266//386 3262//386 3258//386
f 3266//407 3267//407 3265//407
f 3268//408 3253//408 3267//408
f 3259//385 3263//385 3267//385
f 3282//401 3283//401 3281//401
f 3284//409 3285//409 3283//409
f 3286//411 3287//411 3285//411
f 3288//404 3289//404 3287//404
f 3290//405 3291//405 3289//405
f 3292//410 3293//410 3291//410
f 3294//386 3290//386 3286//386
f 3294//407 3295//407 3293//407
f 3296//408 3281//408 3295//408
f 3287//385 3291//385 3295//385
f 3310//401 3311//401 3309//401
f 3312//402 3313//402 3311//402
f 3314//403 3315//403 3313//403
f 3316//404 3317//404 3315//404
f 3318//405 3319//405 3317//405
f 3320//410 3321//410 3319//410
f 3322//386 3318//386 3314//386
f 3322//407 3323//407 3321//407
f 3324//408 3309//408 3323//408
f 3315//385 3319//385 3323//385
f 3338//401 3339//401 3337//401
f 3340//409 3341//409 3339//409
f 3342//403 3343//403 3341//403
f 3344//404 3345//404 3343//404
f 3346//405 3347//405 3345//405
f 3348//410 3349//410 3347//410
f 3350//386 3346//386 3342//386
f 3350//407 3351//407 3349//407
f 3352//408 3337//408 3351//408
f 3343//385 3347//385 3351//385
f 3366//401 3367//401 3365//401
f 3368//409 3369//409 3367//409
f 3370//403 3371//403 3369//403
f 3372//404 3373//404 3371//404
f 3374//405 3375//405 3373//405
f 3376//410 3377//410 3375//410
f 3378//386 3374//386 3370//386
f 3378//407 3379//407 3377//407
f 3380//408 3365//408 3379//408
f 3371//385 3375//385 3379//385
f 3394//401 3395//401 3393//401
f 3396//402 3397//402 3395//402
f 3398//403 3399//403 3397//403
f 3400//404 3401//404 3399//404
f 3402//405 3403//405 3401//405
f 3404//406 3405//406 3403//406
f 3406//386 3402//386 3398//386
f 3406//407 3407//407 3405//407
f 3408//408 3393//408 3407//408
f 3399//385 3403//385 3407//385
f 3422//401 3423//401 3421//401
f 3424//409 3425//409 3423//409
f 3426//403 3427//403 3425//403
f 3428//404 3429//404 3427//404
f 3430//405 3431//405 3429//405
f 3432//410 3433//410 3431//410
f 3434//386 3430//386 3426//386
f 3434//407 3435//407 3433//407
f 3436//408 3421//408 3435//408
f 3427//385 3431//385 3435//385
f 3450//401 3451//401 3449//401
f 3452//409 3453//409 3451//409
f 3454//403 3455//403 3453//403
f 3456//404 3457//404 3455//404
f 3458//405 3459//405 3457//405
f 3460//410 3461//410 3459//410
f 3462//386 3458//386 3454//386
f 3462//407 3463//407 3461//407
f 3464//408 3449//408 3463//408
f 3455//385 3459//385 3463//385
f 3478//401 3479//401 3477//401
f 3480//409 3481//409 3479//409
f 3482//403 3483//403 3481//403
f 3484//404 3485//404 3483//404
f 3486//405 3487//405 3485//405
f 3488//410 3489//410 3487//410
f 3490//386 3486//386 3482//386
f 3490//407 3491//407 3489//407
f 3492//408 3477//408 3491//408
f 3483//385 3487//385 3491//385
f 3506//401 3507//401 3505//401
f 3508//409 3509//409 3507//409
f 3510//403 3511//403 3509//403
f 3512//404 3513//404 3511//404
f 3514//405 3515//405 3513//405
f 3516//410 3517//410 3515//410
f 3518//386 3514//386 3510//386
f 3518//407 3519//407 3517//407
f 3520//408 3505//408 3519//408
f 3511//385 3515//385 3519//385
f 3534//401 3535//401 3533//401
f 3536//409 3537//409 3535//409
f 3538//403 3539//403 3537//403
f 3540//404 3541//404 3539//404
f 3542//405 3543//405 3541//405
f 3544//410 3545//410 3543//410
f 3546//386 3542//386 3538//386
f 3546//407 3547//407 3545//407
f 3548//408 3533//408 3547//408
f 3539//385 3543//385 3547//385
f 3562//401 3563//401 3561//401
f 3564//409 3565//409 3563//409
f 3566//403 3567//403 3565//403
f 3568//404 3569//404 3567//404
f 3570//405 3571//405 3569//405
f 3572//410 3573//410 3571//410
f 3574//386 3570//386 3566//386
f 3574//407 3575//407 3573//407
f 3576//408 3561//408 3575//408
f 3567//385 3571//385 3575//385
f 1042//401 1044//401 1043//401
f 1044//409 1046//409 1045//409
f 1046//411 1048//411 1047//411
f 1048//404 1050//404 1049//404
f 1050//405 1052//405 1051//405
f 1052//410 1054//410 1053//410
f 1046//386 1044//386 1042//386
f 1042//386 1056//386 1054//386
f 1054//386 1052//386 1050//386
f 1050//386 1048//386 1046//386
f 1046//386 1042//386 1054//386
f 1054//412 1056//412 1055//412
f 1056//408 1042//408 1041//408
f 1055//385 1041//385 1043//385
f 1043//385 1045//385 1047//385
f 1047//385 1049//385 1051//385
f 1051//385 1053//385 1055//385
f 1055//385 1043//385 1047//385
f 1070//401 1072//401 1071//401
f 1072//402 1074//402 1073//402
f 1074//403 1076//403 1075//403
f 1076//404 1078//404 1077//404
f 1078//405 1080//405 1079//405
f 1080//410 1082//410 1081//410
f 1074//386 1072//386 1070//386
f 1070//386 1084//386 1082//386
f 1082//386 1080//386 1078//386
f 1078//386 1076//386 1074//386
f 1074//386 1070//386 1082//386
f 1082//407 1084//407 1083//407
f 1084//408 1070//408 1069//408
f 1083//385 1069//385 1071//385
f 1071//385 1073//385 1075//385
f 1075//385 1077//385 1079//385
f 1079//385 1081//385 1083//385
f 1083//385 1071//385 1075//385
f 1098//401 1100//401 1099//401
f 1100//402 1102//402 1101//402
f 1102//403 1104//403 1103//403
f 1104//404 1106//404 1105//404
f 1106//405 1108//405 1107//405
f 1108//410 1110//410 1109//410
f 1102//386 1100//386 1098//386
f 1098//386 1112//386 1110//386
f 1110//386 1108//386 1106//386
f 1106//386 1104//386 1102//386
f 1102//386 1098//386 1110//386
f 1110//407 1112//407 1111//407
f 1112//408 1098//408 1097//408
f 1111//385 1097//385 1099//385
f 1099//385 1101//385 1103//385
f 1103//385 1105//385 1107//385
f 1107//385 1109//385 1111//385
f 1111//385 1099//385 1103//385
f 1126//401 1128//401 1127//401
f 1128//409 1130//409 1129//409
f 1130//403 1132//403 1131//403
f 1132//404 1134//404 1133//404
f 1134//405 1136//405 1135//405
f 1136//410 1138//410 1137//410
f 1130//386 1128//386 1126//386
f 1126//386 1140//386 1138//386
f 1138//386 1136//386 1134//386
f 1134//386 1132//386 1130//386
f 1130//386 1126//386 1138//386
f 1138//407 1140//407 1139//407
f 1140//408 1126//408 1125//408
f 1139//385 1125//385 1127//385
f 1127//385 1129//385 1131//385
f 1131//385 1133//385 1135//385
f 1135//385 1137//385 1139//385
f 1139//385 1127//385 1131//385
f 1154//401 1156//401 1155//401
f 1156//409 1158//409 1157//409
f 1158//411 1160//411 1159//411
f 1160//404 1162//404 1161//404
f 1162//405 1164//405 1163//405
f 1164//410 1166//410 1165//410
f 1158//386 1156//386 1154//386
f 1154//386 1168//386 1166//386
f 1166//386 1164//386 1162//386
f 1162//386 1160//386 1158//386
f 1158//386 1154//386 1166//386
f 1166//407 1168//407 1167//407
f 1168//408 1154//408 1153//408
f 1167//385 1153//385 1155//385
f 1155//385 1157//385 1159//385
f 1159//385 1161//385 1163//385
f 1163//385 1165//385 1167//385
f 1167//385 1155//385 1159//385
f 1182//401 1184//401 1183//401
f 1184//409 1186//409 1185//409
f 1186//403 1188//403 1187//403
f 1188//404 1190//404 1189//404
f 1190//405 1192//405 1191//405
f 1192//410 1194//410 1193//410
f 1186//386 1184//386 1182//386
f 1182//386 1196//386 1194//386
f 1194//386 1192//386 1190//386
f 1190//386 1188//386 1186//386
f 1186//386 1182//386 1194//386
f 1194//407 1196//407 1195//407
f 1196//408 1182//408 1181//408
f 1195//385 1181//385 1183//385
f 1183//385 1185//385 1187//385
f 1187//385 1189//385 1191//385
f 1191//385 1193//385 1195//385
f 1195//385 1183//385 1187//385
f 1210//401 1212//401 1211//401
f 1212//409 1214//409 1213//409
f 1214//403 1216//403 1215//403
f 1216//404 1218//404 1217//404
f 1218//405 1220//405 1219//405
f 1220//410 1222//410 1221//410
f 1214//386 1212//386 1210//386
f 1210//386 1224//386 1222//386
f 1222//386 1220//386 1218//386
f 1218//386 1216//386 1214//386
f 1214//386 1210//386 1222//386
f 1222//407 1224//407 1223//407
f 1224//408 1210//408 1209//408
f 1223//385 1209//385 1211//385
f 1211//385 1213//385 1215//385
f 1215//385 1217//385 1219//385
f 1219//385 1221//385 1223//385
f 1223//385 1211//385 1215//385
f 1238//401 1240//401 1239//401
f 1240//409 1242//409 1241//409
f 1242//411 1244//411 1243//411
f 1244//404 1246//404 1245//404
f 1246//405 1248//405 1247//405
f 1248//410 1250//410 1249//410
f 1242//386 1240//386 1238//386
f 1238//386 1252//386 1250//386
f 1250//386 1248//386 1246//386
f 1246//386 1244//386 1242//386
f 1242//386 1238//386 1250//386
f 1250//412 1252//412 1251//412
f 1252//408 1238//408 1237//408
f 1251//385 1237//385 1239//385
f 1239//385 1241//385 1243//385
f 1243//385 1245//385 1247//385
f 1247//385 1249//385 1251//385
f 1251//385 1239//385 1243//385
f 1266//401 1268//401 1267//401
f 1268//409 1270//409 1269//409
f 1270//403 1272//403 1271//403
f 1272//404 1274//404 1273//404
f 1274//405 1276//405 1275//405
f 1276//410 1278//410 1277//410
f 1270//386 1268//386 1266//386
f 1266//386 1280//386 1278//386
f 1278//386 1276//386 1274//386
f 1274//386 1272//386 1270//386
f 1270//386 1266//386 1278//386
f 1278//407 1280//407 1279//407
f 1280//408 1266//408 1265//408
f 1279//385 1265//385 1267//385
f 1267//385 1269//385 1271//385
f 1271//385 1273//385 1275//385
f 1275//385 1277//385 1279//385
f 1279//385 1267//385 1271//385
f 1294//401 1296//401 1295//401
f 1296//409 1298//409 1297//409
f 1298//403 1300//403 1299//403
f 1300//404 1302//404 1301//404
f 1302//405 1304//405 1303//405
f 1304//410 1306//410 1305//410
f 1298//386 1296//386 1294//386
f 1294//386 1308//386 1306//386
f 1306//386 1304//386 1302//386
f 1302//386 1300//386 1298//386
f 1298//386 1294//386 1306//386
f 1306//407 1308//407 1307//407
f 1308//408 1294//408 1293//408
f 1307//385 1293//385 1295//385
f 1295//385 1297//385 1299//385
f 1299//385 1301//385 1303//385
f 1303//385 1305//385 1307//385
f 1307//385 1295//385 1299//385
f 1322//401 1324//401 1323//401
f 1324//409 1326//409 1325//409
f 1326//411 1328//411 1327//411
f 1328//404 1330//404 1329//404
f 1330//405 1332//405 1331//405
f 1332//410 1334//410 1333//410
f 1326//386 1324//386 1322//386
f 1322//386 1336//386 1334//386
f 1334//386 1332//386 1330//386
f 1330//386 1328//386 1326//386
f 1326//386 1322//386 1334//386
f 1334//407 1336//407 1335//407
f 1336//408 1322//408 1321//408
f 1335//385 1321//385 1323//385
f 1323//385 1325//385 1327//385
f 1327//385 1329//385 1331//385
f 1331//385 1333//385 1335//385
f 1335//385 1323//385 1327//385
f 1350//401 1352//401 1351//401
f 1352//402 1354//402 1353//402
f 1354//403 1356//403 1355//403
f 1356//404 1358//404 1357//404
f 1358//405 1360//405 1359//405
f 1360//410 1362//410 1361//410
f 1354//386 1352//386 1350//386
f 1350//386 1364//386 1362//386
f 1362//386 1360//386 1358//386
f 1358//386 1356//386 1354//386
f 1354//386 1350//386 1362//386
f 1362//407 1364//407 1363//407
f 1364//408 1350//408 1349//408
f 1363//385 1349//385 1351//385
f 1351//385 1353//385 1355//385
f 1355//385 1357//385 1359//385
f 1359//385 1361//385 1363//385
f 1363//385 1351//385 1355//385
f 1378//401 1380//401 1379//401
f 1380//409 1382//409 1381//409
f 1382//411 1384//411 1383//411
f 1384//404 1386//404 1385//404
f 1386//405 1388//405 1387//405
f 1388//410 1390//410 1389//410
f 1382//386 1380//386 1378//386
f 1378//386 1392//386 1390//386
f 1390//386 1388//386 1386//386
f 1386//386 1384//386 1382//386
f 1382//386 1378//386 1390//386
f 1390//412 1392//412 1391//412
f 1392//408 1378//408 1377//408
f 1391//385 1377//385 1379//385
f 1379//385 1381//385 1383//385
f 1383//385 1385//385 1387//385
f 1387//385 1389//385 1391//385
f 1391//385 1379//385 1383//385
f 1406//401 1408//401 1407//401
f 1408//409 1410//409 1409//409
f 1410//411 1412//411 1411//411
f 1412//404 1414//404 1413//404
f 1414//405 1416//405 1415//405
f 1416//410 1418//410 1417//410
f 1410//386 1408//386 1406//386
f 1406//386 1420//386 1418//386
f 1418//386 1416//386 1414//386
f 1414//386 1412//386 1410//386
f 1410//386 1406//386 1418//386
f 1418//407 1420//407 1419//407
f 1420//408 1406//408 1405//408
f 1419//385 1405//385 1407//385
f 1407//385 1409//385 1411//385
f 1411//385 1413//385 1415//385
f 1415//385 1417//385 1419//385
f 1419//385 1407//385 1411//385
f 1434//401 1436//401 1435//401
f 1436//409 1438//409 1437//409
f 1438//403 1440//403 1439//403
f 1440//404 1442//404 1441//404
f 1442//405 1444//405 1443//405
f 1444//410 1446//410 1445//410
f 1438//386 1436//386 1434//386
f 1434//386 1448//386 1446//386
f 1446//386 1444//386 1442//386
f 1442//386 1440//386 1438//386
f 1438//386 1434//386 1446//386
f 1446//407 1448//407 1447//407
f 1448//408 1434//408 1433//408
f 1447//385 1433//385 1435//385
f 1435//385 1437//385 1439//385
f 1439//385 1441//385 1443//385
f 1443//385 1445//385 1447//385
f 1447//385 1435//385 1439//385
f 1462//401 1464//401 1463//401
f 1464//409 1466//409 1465//409
f 1466//403 1468//403 1467//403
f 1468//404 1470//404 1469//404
f 1470//405 1472//405 1471//405
f 1472//410 1474//410 1473//410
f 1466//386 1464//386 1462//386
f 1462//386 1476//386 1474//386
f 1474//386 1472//386 1470//386
f 1470//386 1468//386 1466//386
f 1466//386 1462//386 1474//386
f 1474//407 1476//407 1475//407
f 1476//408 1462//408 1461//408
f 1475//385 1461//385 1463//385
f 1463//385 1465//385 1467//385
f 1467//385 1469//385 1471//385
f 1471//385 1473//385 1475//385
f 1475//385 1463//385 1467//385
f 1490//401 1492//401 1491//401
f 1492//409 1494//409 1493//409
f 1494//403 1496//403 1495//403
f 1496//404 1498//404 1497//404
f 1498//405 1500//405 1499//405
f 1500//410 1502//410 1501//410
f 1494//386 1492//386 1490//386
f 1490//386 1504//386 1502//386
f 1502//386 1500//386 1498//386
f 1498//386 1496//386 1494//386
f 1494//386 1490//386 1502//386
f 1502//407 1504//407 1503//407
f 1504//408 1490//408 1489//408
f 1503//385 1489//385 1491//385
f 1491//385 1493//385 1495//385
f 1495//385 1497//385 1499//385
f 1499//385 1501//385 1503//385
f 1503//385 1491//385 1495//385
f 1518//401 1520//401 1519//401
f 1520//409 1522//409 1521//409
f 1522//403 1524//403 1523//403
f 1524//404 1526//404 1525//404
f 1526//405 1528//405 1527//405
f 1528//410 1530//410 1529//410
f 1522//386 1520//386 1518//386
f 1518//386 1532//386 1530//386
f 1530//386 1528//386 1526//386
f 1526//386 1524//386 1522//386
f 1522//386 1518//386 1530//386
f 1530//407 1532//407 1531//407
f 1532//408 1518//408 1517//408
f 1531//385 1517//385 1519//385
f 1519//385 1521//385 1523//385
f 1523//385 1525//385 1527//385
f 1527//385 1529//385 1531//385
f 1531//385 1519//385 1523//385
f 1546//401 1548//401 1547//401
f 1548//409 1550//409 1549//409
f 1550//403 1552//403 1551//403
f 1552//404 1554//404 1553//404
f 1554//405 1556//405 1555//405
f 1556//410 1558//410 1557//410
f 1550//386 1548//386 1546//386
f 1546//386 1560//386 1558//386
f 1558//386 1556//386 1554//386
f 1554//386 1552//386 1550//386
f 1550//386 1546//386 1558//386
f 1558//407 1560//407 1559//407
f 1560//408 1546//408 1545//408
f 1559//385 1545//385 1547//385
f 1547//385 1549//385 1551//385
f 1551//385 1553//385 1555//385
f 1555//385 1557//385 1559//385
f 1559//385 1547//385 1551//385
f 1574//401 1576//401 1575//401
f 1576//409 1578//409 1577//409
f 1578//403 1580//403 1579//403
f 1580//404 1582//404 1581//404
f 1582//405 1584//405 1583//405
f 1584//410 1586//410 1585//410
f 1578//386 1576//386 1574//386
f 1574//386 1588//386 1586//386
f 1586//386 1584//386 1582//386
f 1582//386 1580//386 1578//386
f 1578//386 1574//386 1586//386
f 1586//407 1588//407 1587//407
f 1588//408 1574//408 1573//408
f 1587//385 1573//385 1575//385
f 1575//385 1577//385 1579//385
f 1579//385 1581//385 1583//385
f 1583//385 1585//385 1587//385
f 1587//385 1575//385 1579//385
f 1602//401 1604//401 1603//401
f 1604//409 1606//409 1605//409
f 1606//403 1608//403 1607//403
f 1608//404 1610//404 1609//404
f 1610//405 1612//405 1611//405
f 1612//410 1614//410 1613//410
f 1606//386 1604//386 1602//386
f 1602//386 1616//386 1614//386
f 1614//386 1612//386 1610//386
f 1610//386 1608//386 1606//386
f 1606//386 1602//386 1614//386
f 1614//407 1616//407 1615//407
f 1616//408 1602//408 1601//408
f 1615//385 1601//385 1603//385
f 1603//385 1605//385 1607//385
f 1607//385 1609//385 1611//385
f 1611//385 1613//385 1615//385
f 1615//385 1603//385 1607//385
f 1630//401 1632//401 1631//401
f 1632//409 1634//409 1633//409
f 1634//403 1636//403 1635//403
f 1636//404 1638//404 1637//404
f 1638//405 1640//405 1639//405
f 1640//410 1642//410 1641//410
f 1634//386 1632//386 1630//386
f 1630//386 1644//386 1642//386
f 1642//386 1640//386 1638//386
f 1638//386 1636//386 1634//386
f 1634//386 1630//386 1642//386
f 1642//407 1644//407 1643//407
f 1644//408 1630//408 1629//408
f 1643//385 1629//385 1631//385
f 1631//385 1633//385 1635//385
f 1635//385 1637//385 1639//385
f 1639//385 1641//385 1643//385
f 1643//385 1631//385 1635//385
f 1658//401 1660//401 1659//401
f 1660//409 1662//409 1661//409
f 1662//403 1664//403 1663//403
f 1664//404 1666//404 1665//404
f 1666//405 1668//405 1667//405
f 1668//410 1670//410 1669//410
f 1662//386 1660//386 1658//386
f 1658//386 1672//386 1670//386
f 1670//386 1668//386 1666//386
f 1666//386 1664//386 1662//386
f 1662//386 1658//386 1670//386
f 1670//407 1672//407 1671//407
f 1672//408 1658//408 1657//408
f 1671//385 1657//385 1659//385
f 1659//385 1661//385 1663//385
f 1663//385 1665//385 1667//385
f 1667//385 1669//385 1671//385
f 1671//385 1659//385 1663//385
f 1686//401 1688//401 1687//401
f 1688//409 1690//409 1689//409
f 1690//403 1692//403 1691//403
f 1692//404 1694//404 1693//404
f 1694//405 1696//405 1695//405
f 1696//410 1698//410 1697//410
f 1690//386 1688//386 1686//386
f 1686//386 1700//386 1698//386
f 1698//386 1696//386 1694//386
f 1694//386 1692//386 1690//386
f 1690//386 1686//386 1698//386
f 1698//407 1700//407 1699//407
f 1700//408 1686//408 1685//408
f 1699//385 1685//385 1687//385
f 1687//385 1689//385 1691//385
f 1691//385 1693//385 1695//385
f 1695//385 1697//385 1699//385
f 1699//385 1687//385 1691//385
f 1714//401 1716//401 1715//401
f 1716//409 1718//409 1717//409
f 1718//403 1720//403 1719//403
f 1720//404 1722//404 1721//404
f 1722//405 1724//405 1723//405
f 1724//410 1726//410 1725//410
f 1718//386 1716//386 1714//386
f 1714//386 1728//386 1726//386
f 1726//386 1724//386 1722//386
f 1722//386 1720//386 1718//386
f 1718//386 1714//386 1726//386
f 1726//407 1728//407 1727//407
f 1728//408 1714//408 1713//408
f 1727//385 1713//385 1715//385
f 1715//385 1717//385 1719//385
f 1719//385 1721//385 1723//385
f 1723//385 1725//385 1727//385
f 1727//385 1715//385 1719//385
f 1742//401 1744//401 1743//401
f 1744//409 1746//409 1745//409
f 1746//403 1748//403 1747//403
f 1748//404 1750//404 1749//404
f 1750//405 1752//405 1751//405
f 1752//410 1754//410 1753//410
f 1746//386 1744//386 1742//386
f 1742//386 1756//386 1754//386
f 1754//386 1752//386 1750//386
f 1750//386 1748//386 1746//386
f 1746//386 1742//386 1754//386
f 1754//407 1756//407 1755//407
f 1756//408 1742//408 1741//408
f 1755//385 1741//385 1743//385
f 1743//385 1745//385 1747//385
f 1747//385 1749//385 1751//385
f 1751//385 1753//385 1755//385
f 1755//385 1743//385 1747//385
f 1770//401 1772//401 1771//401
f 1772//409 1774//409 1773//409
f 1774//403 1776//403 1775//403
f 1776//404 1778//404 1777//404
f 1778//405 1780//405 1779//405
f 1780//410 1782//410 1781//410
f 1774//386 1772//386 1770//386
f 1770//386 1784//386 1782//386
f 1782//386 1780//386 1778//386
f 1778//386 1776//386 1774//386
f 1774//386 1770//386 1782//386
f 1782//407 1784//407 1783//407
f 1784//408 1770//408 1769//408
f 1783//385 1769//385 1771//385
f 1771//385 1773//385 1775//385
f 1775//385 1777//385 1779//385
f 1779//385 1781//385 1783//385
f 1783//385 1771//385 1775//385
f 1798//401 1800//401 1799//401
f 1800//409 1802//409 1801//409
f 1802//403 1804//403 1803//403
f 1804//404 1806//404 1805//404
f 1806//405 1808//405 1807//405
f 1808//410 1810//410 1809//410
f 1802//386 1800//386 1798//386
f 1798//386 1812//386 1810//386
f 1810//386 1808//386 1806//386
f 1806//386 1804//386 1802//386
f 1802//386 1798//386 1810//386
f 1810//407 1812//407 1811//407
f 1812//408 1798//408 1797//408
f 1811//385 1797//385 1799//385
f 1799//385 1801//385 1803//385
f 1803//385 1805//385 1807//385
f 1807//385 1809//385 1811//385
f 1811//385 1799//385 1803//385
f 1826//401 1828//401 1827//401
f 1828//409 1830//409 1829//409
f 1830//403 1832//403 1831//403
f 1832//404 1834//404 1833//404
f 1834//405 1836//405 1835//405
f 1836//410 1838//410 1837//410
f 1830//386 1828//386 1826//386
f 1826//386 1840//386 1838//386
f 1838//386 1836//386 1834//386
f 1834//386 1832//386 1830//386
f 1830//386 1826//386 1838//386
f 1838//407 1840//407 1839//407
f 1840//408 1826//408 1825//408
f 1839//385 1825//385 1827//385
f 1827//385 1829//385 1831//385
f 1831//385 1833//385 1835//385
f 1835//385 1837//385 1839//385
f 1839//385 1827//385 1831//385
f 1854//401 1856//401 1855//401
f 1856//409 1858//409 1857//409
f 1858//403 1860//403 1859//403
f 1860//404 1862//404 1861//404
f 1862//405 1864//405 1863//405
f 1864//410 1866//410 1865//410
f 1858//386 1856//386 1854//386
f 1854//386 1868//386 1866//386
f 1866//386 1864//386 1862//386
f 1862//386 1860//386 1858//386
f 1858//386 1854//386 1866//386
f 1866//407 1868//407 1867//407
f 1868//408 1854//408 1853//408
f 1867//385 1853//385 1855//385
f 1855//385 1857//385 1859//385
f 1859//385 1861//385 1863//385
f 1863//385 1865//385 1867//385
f 1867//385 1855//385 1859//385
f 1882//401 1884//401 1883//401
f 1884//409 1886//409 1885//409
f 1886//403 1888//403 1887//403
f 1888//404 1890//404 1889//404
f 1890//405 1892//405 1891//405
f 1892//410 1894//410 1893//410
f 1886//386 1884//386 1882//386
f 1882//386 1896//386 1894//386
f 1894//386 1892//386 1890//386
f 1890//386 1888//386 1886//386
f 1886//386 1882//386 1894//386
f 1894//407 1896//407 1895//407
f 1896//408 1882//408 1881//408
f 1895//385 1881//385 1883//385
f 1883//385 1885//385 1887//385
f 1887//385 1889//385 1891//385
f 1891//385 1893//385 1895//385
f 1895//385 1883//385 1887//385
f 1910//401 1912//401 1911//401
f 1912//409 1914//409 1913//409
f 1914//403 1916//403 1915//403
f 1916//404 1918//404 1917//404
f 1918//405 1920//405 1919//405
f 1920//410 1922//410 1921//410
f 1914//386 1912//386 1910//386
f 1910//386 1924//386 1922//386
f 1922//386 1920//386 1918//386
f 1918//386 1916//386 1914//386
f 1914//386 1910//386 1922//386
f 1922//407 1924//407 1923//407
f 1924//408 1910//408 1909//408
f 1923//385 1909//385 1911//385
f 1911//385 1913//385 1915//385
f 1915//385 1917//385 1919//385
f 1919//385 1921//385 1923//385
f 1923//385 1911//385 1915//385
f 1938//401 1940//401 1939//401
f 1940//409 1942//409 1941//409
f 1942//403 1944//403 1943//403
f 1944//404 1946//404 1945//404
f 1946//405 1948//405 1947//405
f 1948//410 1950//410 1949//410
f 1942//386 1940//386 1938//386
f 1938//386 1952//386 1950//386
f 1950//386 1948//386 1946//386
f 1946//386 1944//386 1942//386
f 1942//386 1938//386 1950//386
f 1950//407 1952//407 1951//407
f 1952//408 1938//408 1937//408
f 1951//385 1937//385 1939//385
f 1939//385 1941//385 1943//385
f 1943//385 1945//385 1947//385
f 1947//385 1949//385 1951//385
f 1951//385 1939//385 1943//385
f 1966//401 1968//401 1967//401
f 1968//409 1970//409 1969//409
f 1970//403 1972//403 1971//403
f 1972//404 1974//404 1973//404
f 1974//405 1976//405 1975//405
f 1976//410 1978//410 1977//410
f 1970//386 1968//386 1966//386
f 1966//386 1980//386 1978//386
f 1978//386 1976//386 1974//386
f 1974//386 1972//386 1970//386
f 1970//386 1966//386 1978//386
f 1978//407 1980//407 1979//407
f 1980//408 1966//408 1965//408
f 1979//385 1965//385 1967//385
f 1967//385 1969//385 1971//385
f 1971//385 1973//385 1975//385
f 1975//385 1977//385 1979//385
f 1979//385 1967//385 1971//385
f 1994//401 1996//401 1995//401
f 1996//409 1998//409 1997//409
f 1998//403 2000//403 1999//403
f 2000//404 2002//404 2001//404
f 2002//405 2004//405 2003//405
f 2004//410 2006//410 2005//410
f 1998//386 1996//386 1994//386
f 1994//386 2008//386 2006//386
f 2006//386 2004//386 2002//386
f 2002//386 2000//386 1998//386
f 1998//386 1994//386 2006//386
f 2006//407 2008//407 2007//407
f 2008//408 1994//408 1993//408
f 2007//385 1993//385 1995//385
f 1995//385 1997//385 1999//385
f 1999//385 2001//385 2003//385
f 2003//385 2005//385 2007//385
f 2007//385 1995//385 1999//385
f 2022//401 2024//401 2023//401
f 2024//409 2026//409 2025//409
f 2026//403 2028//403 2027//403
f 2028//404 2030//404 2029//404
f 2030//405 2032//405 2031//405
f 2032//410 2034//410 2033//410
f 2026//386 2024//386 2022//386
f 2022//386 2036//386 2034//386
f 2034//386 2032//386 2030//386
f 2030//386 2028//386 2026//386
f 2026//386 2022//386 2034//386
f 2034//412 2036//412 2035//412
f 2036//408 2022//408 2021//408
f 2035//385 2021//385 2023//385
f 2023//385 2025//385 2027//385
f 2027//385 2029//385 2031//385
f 2031//385 2033//385 2035//385
f 2035//385 2023//385 2027//385
f 2050//401 2052//401 2051//401
f 2052//409 2054//409 2053//409
f 2054//411 2056//411 2055//411
f 2056//404 2058//404 2057//404
f 2058//405 2060//405 2059//405
f 2060//410 2062//410 2061//410
f 2054//386 2052//386 2050//386
f 2050//386 2064//386 2062//386
f 2062//386 2060//386 2058//386
f 2058//386 2056//386 2054//386
f 2054//386 2050//386 2062//386
f 2062//412 2064//412 2063//412
f 2064//408 2050//408 2049//408
f 2063//385 2049//385 2051//385
f 2051//385 2053//385 2055//385
f 2055//385 2057//385 2059//385
f 2059//385 2061//385 2063//385
f 2063//385 2051//385 2055//385
f 2078//401 2080//401 2079//401
f 2080//409 2082//409 2081//409
f 2082//403 2084//403 2083//403
f 2084//404 2086//404 2085//404
f 2086//405 2088//405 2087//405
f 2088//406 2090//406 2089//406
f 2082//386 2080//386 2078//386
f 2078//386 2092//386 2090//386
f 2090//386 2088//386 2086//386
f 2086//386 2084//386 2082//386
f 2082//386 2078//386 2090//386
f 2090//407 2092//407 2091//407
f 2092//408 2078//408 2077//408
f 2091//385 2077//385 2079//385
f 2079//385 2081//385 2083//385
f 2083//385 2085//385 2087//385
f 2087//385 2089//385 2091//385
f 2091//385 2079//385 2083//385
f 2106//401 2108//401 2107//401
f 2108//409 2110//409 2109//409
f 2110//403 2112//403 2111//403
f 2112//404 2114//404 2113//404
f 2114//405 2116//405 2115//405
f 2116//410 2118//410 2117//410
f 2110//386 2108//386 2106//386
f 2106//386 2120//386 2118//386
f 2118//386 2116//386 2114//386
f 2114//386 2112//386 2110//386
f 2110//386 2106//386 2118//386
f 2118//412 2120//412 2119//412
f 2120//408 2106//408 2105//408
f 2119//385 2105//385 2107//385
f 2107//385 2109//385 2111//385
f 2111//385 2113//385 2115//385
f 2115//385 2117//385 2119//385
f 2119//385 2107//385 2111//385
f 2134//401 2136//401 2135//401
f 2136//409 2138//409 2137//409
f 2138//403 2140//403 2139//403
f 2140//404 2142//404 2141//404
f 2142//405 2144//405 2143//405
f 2144//410 2146//410 2145//410
f 2138//386 2136//386 2134//386
f 2134//386 2148//386 2146//386
f 2146//386 2144//386 2142//386
f 2142//386 2140//386 2138//386
f 2138//386 2134//386 2146//386
f 2146//407 2148//407 2147//407
f 2148//408 2134//408 2133//408
f 2147//385 2133//385 2135//385
f 2135//385 2137//385 2139//385
f 2139//385 2141//385 2143//385
f 2143//385 2145//385 2147//385
f 2147//385 2135//385 2139//385
f 2162//401 2164//401 2163//401
f 2164//409 2166//409 2165//409
f 2166//403 2168//403 2167//403
f 2168//404 2170//404 2169//404
f 2170//405 2172//405 2171//405
f 2172//410 2174//410 2173//410
f 2166//386 2164//386 2162//386
f 2162//386 2176//386 2174//386
f 2174//386 2172//386 2170//386
f 2170//386 2168//386 2166//386
f 2166//386 2162//386 2174//386
f 2174//407 2176//407 2175//407
f 2176//408 2162//408 2161//408
f 2175//385 2161//385 2163//385
f 2163//385 2165//385 2167//385
f 2167//385 2169//385 2171//385
f 2171//385 2173//385 2175//385
f 2175//385 2163//385 2167//385
f 2190//401 2192//401 2191//401
f 2192//409 2194//409 2193//409
f 2194//411 2196//411 2195//411
f 2196//404 2198//404 2197//404
f 2198//405 2200//405 2199//405
f 2200//410 2202//410 2201//410
f 2194//386 2192//386 2190//386
f 2190//386 2204//386 2202//386
f 2202//386 2200//386 2198//386
f 2198//386 2196//386 2194//386
f 2194//386 2190//386 2202//386
f 2202//412 2204//412 2203//412
f 2204//408 2190//408 2189//408
f 2203//385 2189//385 2191//385
f 2191//385 2193//385 2195//385
f 2195//385 2197//385 2199//385
f 2199//385 2201//385 2203//385
f 2203//385 2191//385 2195//385
f 2218//401 2220//401 2219//401
f 2220//409 2222//409 2221//409
f 2222//403 2224//403 2223//403
f 2224//404 2226//404 2225//404
f 2226//405 2228//405 2227//405
f 2228//410 2230//410 2229//410
f 2222//386 2220//386 2218//386
f 2218//386 2232//386 2230//386
f 2230//386 2228//386 2226//386
f 2226//386 2224//386 2222//386
f 2222//386 2218//386 2230//386
f 2230//407 2232//407 2231//407
f 2232//408 2218//408 2217//408
f 2231//385 2217//385 2219//385
f 2219//385 2221//385 2223//385
f 2223//385 2225//385 2227//385
f 2227//385 2229//385 2231//385
f 2231//385 2219//385 2223//385
f 2246//401 2248//401 2247//401
f 2248//409 2250//409 2249//409
f 2250//403 2252//403 2251//403
f 2252//404 2254//404 2253//404
f 2254//405 2256//405 2255//405
f 2256//410 2258//410 2257//410
f 2250//386 2248//386 2246//386
f 2246//386 2260//386 2258//386
f 2258//386 2256//386 2254//386
f 2254//386 2252//386 2250//386
f 2250//386 2246//386 2258//386
f 2258//407 2260//407 2259//407
f 2260//408 2246//408 2245//408
f 2259//385 2245//385 2247//385
f 2247//385 2249//385 2251//385
f 2251//385 2253//385 2255//385
f 2255//385 2257//385 2259//385
f 2259//385 2247//385 2251//385
f 2274//401 2276//401 2275//401
f 2276//409 2278//409 2277//409
f 2278//403 2280//403 2279//403
f 2280//404 2282//404 2281//404
f 2282//405 2284//405 2283//405
f 2284//410 2286//410 2285//410
f 2278//386 2276//386 2274//386
f 2274//386 2288//386 2286//386
f 2286//386 2284//386 2282//386
f 2282//386 2280//386 2278//386
f 2278//386 2274//386 2286//386
f 2286//412 2288//412 2287//412
f 2288//408 2274//408 2273//408
f 2287//385 2273//385 2275//385
f 2275//385 2277//385 2279//385
f 2279//385 2281//385 2283//385
f 2283//385 2285//385 2287//385
f 2287//385 2275//385 2279//385
f 2302//401 2304//401 2303//401
f 2304//409 2306//409 2305//409
f 2306//403 2308//403 2307//403
f 2308//404 2310//404 2309//404
f 2310//405 2312//405 2311//405
f 2312//410 2314//410 2313//410
f 2306//386 2304//386 2302//386
f 2302//386 2316//386 2314//386
f 2314//386 2312//386 2310//386
f 2310//386 2308//386 2306//386
f 2306//386 2302//386 2314//386
f 2314//407 2316//407 2315//407
f 2316//408 2302//408 2301//408
f 2315//385 2301//385 2303//385
f 2303//385 2305//385 2307//385
f 2307//385 2309//385 2311//385
f 2311//385 2313//385 2315//385
f 2315//385 2303//385 2307//385
f 2330//401 2332//401 2331//401
f 2332//409 2334//409 2333//409
f 2334//403 2336//403 2335//403
f 2336//404 2338//404 2337//404
f 2338//405 2340//405 2339//405
f 2340//406 2342//406 2341//406
f 2334//386 2332//386 2330//386
f 2330//386 2344//386 2342//386
f 2342//386 2340//386 2338//386
f 2338//386 2336//386 2334//386
f 2334//386 2330//386 2342//386
f 2342//407 2344//407 2343//407
f 2344//408 2330//408 2329//408
f 2343//385 2329//385 2331//385
f 2331//385 2333//385 2335//385
f 2335//385 2337//385 2339//385
f 2339//385 2341//385 2343//385
f 2343//385 2331//385 2335//385
f 2358//401 2360//401 2359//401
f 2360//409 2362//409 2361//409
f 2362//403 2364//403 2363//403
f 2364//404 2366//404 2365//404
f 2366//405 2368//405 2367//405
f 2368//406 2370//406 2369//406
f 2362//386 2360//386 2358//386
f 2358//386 2372//386 2370//386
f 2370//386 2368//386 2366//386
f 2366//386 2364//386 2362//386
f 2362//386 2358//386 2370//386
f 2370//407 2372//407 2371//407
f 2372//408 2358//408 2357//408
f 2371//385 2357//385 2359//385
f 2359//385 2361//385 2363//385
f 2363//385 2365//385 2367//385
f 2367//385 2369//385 2371//385
f 2371//385 2359//385 2363//385
f 2386//401 2388//401 2387//401
f 2388//409 2390//409 2389//409
f 2390//411 2392//411 2391//411
f 2392//404 2394//404 2393//404
f 2394//405 2396//405 2395//405
f 2396//410 2398//410 2397//410
f 2390//386 2388//386 2386//386
f 2386//386 2400//386 2398//386
f 2398//386 2396//386 2394//386
f 2394//386 2392//386 2390//386
f 2390//386 2386//386 2398//386
f 2398//412 2400//412 2399//412
f 2400//408 2386//408 2385//408
f 2399//385 2385//385 2387//385
f 2387//385 2389//385 2391//385
f 2391//385 2393//385 2395//385
f 2395//385 2397//385 2399//385
f 2399//385 2387//385 2391//385
f 2414//401 2416//401 2415//401
f 2416//409 2418//409 2417//409
f 2418//403 2420//403 2419//403
f 2420//404 2422//404 2421//404
f 2422//405 2424//405 2423//405
f 2424//406 2426//406 2425//406
f 2418//386 2416//386 2414//386
f 2414//386 2428//386 2426//386
f 2426//386 2424//386 2422//386
f 2422//386 2420//386 2418//386
f 2418//386 2414//386 2426//386
f 2426//407 2428//407 2427//407
f 2428//408 2414//408 2413//408
f 2427//385 2413//385 2415//385
f 2415//385 2417//385 2419//385
f 2419//385 2421//385 2423//385
f 2423//385 2425//385 2427//385
f 2427//385 2415//385 2419//385
f 2442//401 2444//401 2443//401
f 2444//409 2446//409 2445//409
f 2446//403 2448//403 2447//403
f 2448//404 2450//404 2449//404
f 2450//405 2452//405 2451//405
f 2452//406 2454//406 2453//406
f 2446//386 2444//386 2442//386
f 2442//386 2456//386 2454//386
f 2454//386 2452//386 2450//386
f 2450//386 2448//386 2446//386
f 2446//386 2442//386 2454//386
f 2454//407 2456//407 2455//407
f 2456//408 2442//408 2441//408
f 2455//385 2441//385 2443//385
f 2443//385 2445//385 2447//385
f 2447//385 2449//385 2451//385
f 2451//385 2453//385 2455//385
f 2455//385 2443//385 2447//385
f 2470//401 2472//401 2471//401
f 2472//409 2474//409 2473//409
f 2474//403 2476//403 2475//403
f 2476//404 2478//404 2477//404
f 2478//405 2480//405 2479//405
f 2480//410 2482//410 2481//410
f 2474//386 2472//386 2470//386
f 2470//386 2484//386 2482//386
f 2482//386 2480//386 2478//386
f 2478//386 2476//386 2474//386
f 2474//386 2470//386 2482//386
f 2482//407 2484//407 2483//407
f 2484//408 2470//408 2469//408
f 2483//385 2469//385 2471//385
f 2471//385 2473//385 2475//385
f 2475//385 2477//385 2479//385
f 2479//385 2481//385 2483//385
f 2483//385 2471//385 2475//385
f 2498//401 2500//401 2499//401
f 2500//409 2502//409 2501//409
f 2502//403 2504//403 2503//403
f 2504//404 2506//404 2505//404
f 2506//405 2508//405 2507//405
f 2508//410 2510//410 2509//410
f 2502//386 2500//386 2498//386
f 2498//386 2512//386 2510//386
f 2510//386 2508//386 2506//386
f 2506//386 2504//386 2502//386
f 2502//386 2498//386 2510//386
f 2510//412 2512//412 2511//412
f 2512//408 2498//408 2497//408
f 2511//385 2497//385 2499//385
f 2499//385 2501//385 2503//385
f 2503//385 2505//385 2507//385
f 2507//385 2509//385 2511//385
f 2511//385 2499//385 2503//385
f 2526//401 2528//401 2527//401
f 2528//409 2530//409 2529//409
f 2530//403 2532//403 2531//403
f 2532//404 2534//404 2533//404
f 2534//405 2536//405 2535//405
f 2536//410 2538//410 2537//410
f 2530//386 2528//386 2526//386
f 2526//386 2540//386 2538//386
f 2538//386 2536//386 2534//386
f 2534//386 2532//386 2530//386
f 2530//386 2526//386 2538//386
f 2538//407 2540//407 2539//407
f 2540//408 2526//408 2525//408
f 2539//385 2525//385 2527//385
f 2527//385 2529//385 2531//385
f 2531//385 2533//385 2535//385
f 2535//385 2537//385 2539//385
f 2539//385 2527//385 2531//385
f 2554//401 2556//401 2555//401
f 2556//409 2558//409 2557//409
f 2558//403 2560//403 2559//403
f 2560//404 2562//404 2561//404
f 2562//405 2564//405 2563//405
f 2564//410 2566//410 2565//410
f 2558//386 2556//386 2554//386
f 2554//386 2568//386 2566//386
f 2566//386 2564//386 2562//386
f 2562//386 2560//386 2558//386
f 2558//386 2554//386 2566//386
f 2566//407 2568//407 2567//407
f 2568//408 2554//408 2553//408
f 2567//385 2553//385 2555//385
f 2555//385 2557//385 2559//385
f 2559//385 2561//385 2563//385
f 2563//385 2565//385 2567//385
f 2567//385 2555//385 2559//385
f 2582//401 2584//401 2583//401
f 2584//409 2586//409 2585//409
f 2586//411 2588//411 2587//411
f 2588//404 2590//404 2589//404
f 2590//405 2592//405 2591//405
f 2592//410 2594//410 2593//410
f 2586//386 2584//386 2582//386
f 2582//386 2596//386 2594//386
f 2594//386 2592//386 2590//386
f 2590//386 2588//386 2586//386
f 2586//386 2582//386 2594//386
f 2594//412 2596//412 2595//412
f 2596//408 2582//408 2581//408
f 2595//385 2581//385 2583//385
f 2583//385 2585//385 2587//385
f 2587//385 2589//385 2591//385
f 2591//385 2593//385 2595//385
f 2595//385 2583//385 2587//385
f 2610//401 2612//401 2611//401
f 2612//409 2614//409 2613//409
f 2614//403 2616//403 2615//403
f 2616//404 2618//404 2617//404
f 2618//405 2620//405 2619//405
f 2620//410 2622//410 2621//410
f 2614//386 2612//386 2610//386
f 2610//386 2624//386 2622//386
f 2622//386 2620//386 2618//386
f 2618//386 2616//386 2614//386
f 2614//386 2610//386 2622//386
f 2622//407 2624//407 2623//407
f 2624//408 2610//408 2609//408
f 2623//385 2609//385 2611//385
f 2611//385 2613//385 2615//385
f 2615//385 2617//385 2619//385
f 2619//385 2621//385 2623//385
f 2623//385 2611//385 2615//385
f 2638//401 2640//401 2639//401
f 2640//409 2642//409 2641//409
f 2642//403 2644//403 2643//403
f 2644//404 2646//404 2645//404
f 2646//405 2648//405 2647//405
f 2648//410 2650//410 2649//410
f 2642//386 2640//386 2638//386
f 2638//386 2652//386 2650//386
f 2650//386 2648//386 2646//386
f 2646//386 2644//386 2642//386
f 2642//386 2638//386 2650//386
f 2650//407 2652//407 2651//407
f 2652//408 2638//408 2637//408
f 2651//385 2637//385 2639//385
f 2639//385 2641//385 2643//385
f 2643//385 2645//385 2647//385
f 2647//385 2649//385 2651//385
f 2651//385 2639//385 2643//385
f 2666//401 2668//401 2667//401
f 2668//409 2670//409 2669//409
f 2670//403 2672//403 2671//403
f 2672//404 2674//404 2673//404
f 2674//405 2676//405 2675//405
f 2676//410 2678//410 2677//410
f 2670//386 2668//386 2666//386
f 2666//386 2680//386 2678//386
f 2678//386 2676//386 2674//386
f 2674//386 2672//386 2670//386
f 2670//386 2666//386 2678//386
f 2678//412 2680//412 2679//412
f 2680//408 2666//408 2665//408
f 2679//385 2665//385 2667//385
f 2667//385 2669//385 2671//385
f 2671//385 2673//385 2675//385
f 2675//385 2677//385 2679//385
f 2679//385 2667//385 2671//385
f 2694//401 2696//401 2695//401
f 2696//409 2698//409 2697//409
f 2698//403 2700//403 2699//403
f 2700//404 2702//404 2701//404
f 2702//405 2704//405 2703//405
f 2704//406 2706//406 2705//406
f 2698//386 2696//386 2694//386
f 2694//386 2708//386 2706//386
f 2706//386 2704//386 2702//386
f 2702//386 2700//386 2698//386
f 2698//386 2694//386 2706//386
f 2706//407 2708//407 2707//407
f 2708//408 2694//408 2693//408
f 2707//385 2693//385 2695//385
f 2695//385 2697//385 2699//385
f 2699//385 2701//385 2703//385
f 2703//385 2705//385 2707//385
f 2707//385 2695//385 2699//385
f 2722//401 2724//401 2723//401
f 2724//409 2726//409 2725//409
f 2726//411 2728//411 2727//411
f 2728//404 2730//404 2729//404
f 2730//405 2732//405 2731//405
f 2732//410 2734//410 2733//410
f 2726//386 2724//386 2722//386
f 2722//386 2736//386 2734//386
f 2734//386 2732//386 2730//386
f 2730//386 2728//386 2726//386
f 2726//386 2722//386 2734//386
f 2734//412 2736//412 2735//412
f 2736//408 2722//408 2721//408
f 2735//385 2721//385 2723//385
f 2723//385 2725//385 2727//385
f 2727//385 2729//385 2731//385
f 2731//385 2733//385 2735//385
f 2735//385 2723//385 2727//385
f 2750//401 2752//401 2751//401
f 2752//409 2754//409 2753//409
f 2754//403 2756//403 2755//403
f 2756//404 2758//404 2757//404
f 2758//405 2760//405 2759//405
f 2760//410 2762//410 2761//410
f 2754//386 2752//386 2750//386
f 2750//386 2764//386 2762//386
f 2762//386 2760//386 2758//386
f 2758//386 2756//386 2754//386
f 2754//386 2750//386 2762//386
f 2762//412 2764//412 2763//412
f 2764//408 2750//408 2749//408
f 2763//385 2749//385 2751//385
f 2751//385 2753//385 2755//385
f 2755//385 2757//385 2759//385
f 2759//385 2761//385 2763//385
f 2763//385 2751//385 2755//385
f 2778//401 2780//401 2779//401
f 2780//409 2782//409 2781//409
f 2782//403 2784//403 2783//403
f 2784//404 2786//404 2785//404
f 2786//405 2788//405 2787//405
f 2788//410 2790//410 2789//410
f 2782//386 2780//386 2778//386
f 2778//386 2792//386 2790//386
f 2790//386 2788//386 2786//386
f 2786//386 2784//386 2782//386
f 2782//386 2778//386 2790//386
f 2790//407 2792//407 2791//407
f 2792//408 2778//408 2777//408
f 2791//385 2777//385 2779//385
f 2779//385 2781//385 2783//385
f 2783//385 2785//385 2787//385
f 2787//385 2789//385 2791//385
f 2791//385 2779//385 2783//385
f 2806//401 2808//401 2807//401
f 2808//409 2810//409 2809//409
f 2810//403 2812//403 2811//403
f 2812//404 2814//404 2813//404
f 2814//405 2816//405 2815//405
f 2816//410 2818//410 2817//410
f 2810//386 2808//386 2806//386
f 2806//386 2820//386 2818//386
f 2818//386 2816//386 2814//386
f 2814//386 2812//386 2810//386
f 2810//386 2806//386 2818//386
f 2818//407 2820//407 2819//407
f 2820//408 2806//408 2805//408
f 2819//385 2805//385 2807//385
f 2807//385 2809//385 2811//385
f 2811//385 2813//385 2815//385
f 2815//385 2817//385 2819//385
f 2819//385 2807//385 2811//385
f 2834//401 2836//401 2835//401
f 2836//409 2838//409 2837//409
f 2838//403 2840//403 2839//403
f 2840//404 2842//404 2841//404
f 2842//405 2844//405 2843//405
f 2844//410 2846//410 2845//410
f 2838//386 2836//386 2834//386
f 2834//386 2848//386 2846//386
f 2846//386 2844//386 2842//386
f 2842//386 2840//386 2838//386
f 2838//386 2834//386 2846//386
f 2846//407 2848//407 2847//407
f 2848//408 2834//408 2833//408
f 2847//385 2833//385 2835//385
f 2835//385 2837//385 2839//385
f 2839//385 2841//385 2843//385
f 2843//385 2845//385 2847//385
f 2847//385 2835//385 2839//385
f 2862//401 2864//401 2863//401
f 2864//409 2866//409 2865//409
f 2866//403 2868//403 2867//403
f 2868//404 2870//404 2869//404
f 2870//405 2872//405 2871//405
f 2872//410 2874//410 2873//410
f 2866//386 2864//386 2862//386
f 2862//386 2876//386 2874//386
f 2874//386 2872//386 2870//386
f 2870//386 2868//386 2866//386
f 2866//386 2862//386 2874//386
f 2874//407 2876//407 2875//407
f 2876//408 2862//408 2861//408
f 2875//385 2861//385 2863//385
f 2863//385 2865//385 2867//385
f 2867//385 2869//385 2871//385
f 2871//385 2873//385 2875//385
f 2875//385 2863//385 2867//385
f 2890//401 2892//401 2891//401
f 2892//409 2894//409 2893//409
f 2894//403 2896//403 2895//403
f 2896//404 2898//404 2897//404
f 2898//405 2900//405 2899//405
f 2900//410 2902//410 2901//410
f 2894//386 2892//386 2890//386
f 2890//386 2904//386 2902//386
f 2902//386 2900//386 2898//386
f 2898//386 2896//386 2894//386
f 2894//386 2890//386 2902//386
f 2902//407 2904//407 2903//407
f 2904//408 2890//408 2889//408
f 2903//385 2889//385 2891//385
f 2891//385 2893//385 2895//385
f 2895//385 2897//385 2899//385
f 2899//385 2901//385 2903//385
f 2903//385 2891//385 2895//385
f 2918//401 2920//401 2919//401
f 2920//409 2922//409 2921//409
f 2922//403 2924//403 2923//403
f 2924//404 2926//404 2925//404
f 2926//405 2928//405 2927//405
f 2928//410 2930//410 2929//410
f 2922//386 2920//386 2918//386
f 2918//386 2932//386 2930//386
f 2930//386 2928//386 2926//386
f 2926//386 2924//386 2922//386
f 2922//386 2918//386 2930//386
f 2930//407 2932//407 2931//407
f 2932//408 2918//408 2917//408
f 2931//385 2917//385 2919//385
f 2919//385 2921//385 2923//385
f 2923//385 2925//385 2927//385
f 2927//385 2929//385 2931//385
f 2931//385 2919//385 2923//385
f 2946//401 2948//401 2947//401
f 2948//409 2950//409 2949//409
f 2950//403 2952//403 2951//403
f 2952//404 2954//404 2953//404
f 2954//405 2956//405 2955//405
f 2956//410 2958//410 2957//410
f 2950//386 2948//386 2946//386
f 2946//386 2960//386 2958//386
f 2958//386 2956//386 2954//386
f 2954//386 2952//386 2950//386
f 2950//386 2946//386 2958//386
f 2958//407 2960//407 2959//407
f 2960//408 2946//408 2945//408
f 2959//385 2945//385 2947//385
f 2947//385 2949//385 2951//385
f 2951//385 2953//385 2955//385
f 2955//385 2957//385 2959//385
f 2959//385 2947//385 2951//385
f 2974//401 2976//401 2975//401
f 2976//409 2978//409 2977//409
f 2978//403 2980//403 2979//403
f 2980//404 2982//404 2981//404
f 2982//405 2984//405 2983//405
f 2984//410 2986//410 2985//410
f 2978//386 2976//386 2974//386
f 2974//386 2988//386 2986//386
f 2986//386 2984//386 2982//386
f 2982//386 2980//386 2978//386
f 2978//386 2974//386 2986//386
f 2986//407 2988//407 2987//407
f 2988//408 2974//408 2973//408
f 2987//385 2973//385 2975//385
f 2975//385 2977//385 2979//385
f 2979//385 2981//385 2983//385
f 2983//385 2985//385 2987//385
f 2987//385 2975//385 2979//385
f 3002//401 3004//401 3003//401
f 3004//409 3006//409 3005//409
f 3006//403 3008//403 3007//403
f 3008//404 3010//404 3009//404
f 3010//405 3012//405 3011//405
f 3012//410 3014//410 3013//410
f 3006//386 3004//386 3002//386
f 3002//386 3016//386 3014//386
f 3014//386 3012//386 3010//386
f 3010//386 3008//386 3006//386
f 3006//386 3002//386 3014//386
f 3014//407 3016//407 3015//407
f 3016//408 3002//408 3001//408
f 3015//385 3001//385 3003//385
f 3003//385 3005//385 3007//385
f 3007//385 3009//385 3011//385
f 3011//385 3013//385 3015//385
f 3015//385 3003//385 3007//385
f 3030//401 3032//401 3031//401
f 3032//409 3034//409 3033//409
f 3034//403 3036//403 3035//403
f 3036//404 3038//404 3037//404
f 3038//405 3040//405 3039//405
f 3040//410 3042//410 3041//410
f 3034//386 3032//386 3030//386
f 3030//386 3044//386 3042//386
f 3042//386 3040//386 3038//386
f 3038//386 3036//386 3034//386
f 3034//386 3030//386 3042//386
f 3042//407 3044//407 3043//407
f 3044//408 3030//408 3029//408
f 3043//385 3029//385 3031//385
f 3031//385 3033//385 3035//385
f 3035//385 3037//385 3039//385
f 3039//385 3041//385 3043//385
f 3043//385 3031//385 3035//385
f 3058//401 3060//401 3059//401
f 3060//409 3062//409 3061//409
f 3062//403 3064//403 3063//403
f 3064//404 3066//404 3065//404
f 3066//405 3068//405 3067//405
f 3068//410 3070//410 3069//410
f 3062//386 3060//386 3058//386
f 3058//386 3072//386 3070//386
f 3070//386 3068//386 3066//386
f 3066//386 3064//386 3062//386
f 3062//386 3058//386 3070//386
f 3070//407 3072//407 3071//407
f 3072//408 3058//408 3057//408
f 3071//385 3057//385 3059//385
f 3059//385 3061//385 3063//385
f 3063//385 3065//385 3067//385
f 3067//385 3069//385 3071//385
f 3071//385 3059//385 3063//385
f 3086//401 3088//401 3087//401
f 3088//409 3090//409 3089//409
f 3090//403 3092//403 3091//403
f 3092//404 3094//404 3093//404
f 3094//405 3096//405 3095//405
f 3096//410 3098//410 3097//410
f 3090//386 3088//386 3086//386
f 3086//386 3100//386 3098//386
f 3098//386 3096//386 3094//386
f 3094//386 3092//386 3090//386
f 3090//386 3086//386 3098//386
f 3098//407 3100//407 3099//407
f 3100//408 3086//408 3085//408
f 3099//385 3085//385 3087//385
f 3087//385 3089//385 3091//385
f 3091//385 3093//385 3095//385
f 3095//385 3097//385 3099//385
f 3099//385 3087//385 3091//385
f 3114//401 3116//401 3115//401
f 3116//409 3118//409 3117//409
f 3118//403 3120//403 3119//403
f 3120//404 3122//404 3121//404
f 3122//405 3124//405 3123//405
f 3124//410 3126//410 3125//410
f 3118//386 3116//386 3114//386
f 3114//386 3128//386 3126//386
f 3126//386 3124//386 3122//386
f 3122//386 3120//386 3118//386
f 3118//386 3114//386 3126//386
f 3126//407 3128//407 3127//407
f 3128//408 3114//408 3113//408
f 3127//385 3113//385 3115//385
f 3115//385 3117//385 3119//385
f 3119//385 3121//385 3123//385
f 3123//385 3125//385 3127//385
f 3127//385 3115//385 3119//385
f 3142//401 3144//401 3143//401
f 3144//409 3146//409 3145//409
f 3146//403 3148//403 3147//403
f 3148//404 3150//404 3149//404
f 3150//405 3152//405 3151//405
f 3152//410 3154//410 3153//410
f 3146//386 3144//386 3142//386
f 3142//386 3156//386 3154//386
f 3154//386 3152//386 3150//386
f 3150//386 3148//386 3146//386
f 3146//386 3142//386 3154//386
f 3154//407 3156//407 3155//407
f 3156//408 3142//408 3141//408
f 3155//385 3141//385 3143//385
f 3143//385 3145//385 3147//385
f 3147//385 3149//385 3151//385
f 3151//385 3153//385 3155//385
f 3155//385 3143//385 3147//385
f 3170//401 3172//401 3171//401
f 3172//409 3174//409 3173//409
f 3174//403 3176//403 3175//403
f 3176//404 3178//404 3177//404
f 3178//405 3180//405 3179//405
f 3180//410 3182//410 3181//410
f 3174//386 3172//386 3170//386
f 3170//386 3184//386 3182//386
f 3182//386 3180//386 3178//386
f 3178//386 3176//386 3174//386
f 3174//386 3170//386 3182//386
f 3182//407 3184//407 3183//407
f 3184//408 3170//408 3169//408
f 3183//385 3169//385 3171//385
f 3171//385 3173//385 3175//385
f 3175//385 3177//385 3179//385
f 3179//385 3181//385 3183//385
f 3183//385 3171//385 3175//385
f 3198//401 3200//401 3199//401
f 3200//409 3202//409 3201//409
f 3202//403 3204//403 3203//403
f 3204//404 3206//404 3205//404
f 3206//405 3208//405 3207//405
f 3208//410 3210//410 3209//410
f 3202//386 3200//386 3198//386
f 3198//386 3212//386 3210//386
f 3210//386 3208//386 3206//386
f 3206//386 3204//386 3202//386
f 3202//386 3198//386 3210//386
f 3210//407 3212//407 3211//407
f 3212//408 3198//408 3197//408
f 3211//385 3197//385 3199//385
f 3199//385 3201//385 3203//385
f 3203//385 3205//385 3207//385
f 3207//385 3209//385 3211//385
f 3211//385 3199//385 3203//385
f 3226//401 3228//401 3227//401
f 3228//409 3230//409 3229//409
f 3230//411 3232//411 3231//411
f 3232//404 3234//404 3233//404
f 3234//405 3236//405 3235//405
f 3236//410 3238//410 3237//410
f 3230//386 3228//386 3226//386
f 3226//386 3240//386 3238//386
f 3238//386 3236//386 3234//386
f 3234//386 3232//386 3230//386
f 3230//386 3226//386 3238//386
f 3238//407 3240//407 3239//407
f 3240//408 3226//408 3225//408
f 3239//385 3225//385 3227//385
f 3227//385 3229//385 3231//385
f 3231//385 3233//385 3235//385
f 3235//385 3237//385 3239//385
f 3239//385 3227//385 3231//385
f 3254//401 3256//401 3255//401
f 3256//409 3258//409 3257//409
f 3258//411 3260//411 3259//411
f 3260//404 3262//404 3261//404
f 3262//405 3264//405 3263//405
f 3264//410 3266//410 3265//410
f 3258//386 3256//386 3254//386
f 3254//386 3268//386 3266//386
f 3266//386 3264//386 3262//386
f 3262//386 3260//386 3258//386
f 3258//386 3254//386 3266//386
f 3266//412 3268//412 3267//412
f 3268//408 3254//408 3253//408
f 3267//385 3253//385 3255//385
f 3255//385 3257//385 3259//385
f 3259//385 3261//385 3263//385
f 3263//385 3265//385 3267//385
f 3267//385 3255//385 3259//385
f 3282//401 3284//401 3283//401
f 3284//402 3286//402 3285//402
f 3286//403 3288//403 3287//403
f 3288//404 3290//404 3289//404
f 3290//405 3292//405 3291//405
f 3292//410 3294//410 3293//410
f 3286//386 3284//386 3282//386
f 3282//386 3296//386 3294//386
f 3294//386 3292//386 3290//386
f 3290//386 3288//386 3286//386
f 3286//386 3282//386 3294//386
f 3294//407 3296//407 3295//407
f 3296//408 3282//408 3281//408
f 3295//385 3281//385 3283//385
f 3283//385 3285//385 3287//385
f 3287//385 3289//385 3291//385
f 3291//385 3293//385 3295//385
f 3295//385 3283//385 3287//385
f 3310//401 3312//401 3311//401
f 3312//409 3314//409 3313//409
f 3314//411 3316//411 3315//411
f 3316//404 3318//404 3317//404
f 3318//405 3320//405 3319//405
f 3320//410 3322//410 3321//410
f 3314//386 3312//386 3310//386
f 3310//386 3324//386 3322//386
f 3322//386 3320//386 3318//386
f 3318//386 3316//386 3314//386
f 3314//386 3310//386 3322//386
f 3322//407 3324//407 3323//407
f 3324//408 3310//408 3309//408
f 3323//385 3309//385 3311//385
f 3311//385 3313//385 3315//385
f 3315//385 3317//385 3319//385
f 3319//385 3321//385 3323//385
f 3323//385 3311//385 3315//385
f 3338//401 3340//401 3339//401
f 3340//409 3342//409 3341//409
f 3342//403 3344//403 3343//403
f 3344//404 3346//404 3345//404
f 3346//405 3348//405 3347//405
f 3348//410 3350//410 3349//410
f 3342//386 3340//386 3338//386
f 3338//386 3352//386 3350//386
f 3350//386 3348//386 3346//386
f 3346//386 3344//386 3342//386
f 3342//386 3338//386 3350//386
f 3350//407 3352//407 3351//407
f 3352//408 3338//408 3337//408
f 3351//385 3337//385 3339//385
f 3339//385 3341//385 3343//385
f 3343//385 3345//385 3347//385
f 3347//385 3349//385 3351//385
f 3351//385 3339//385 3343//385
f 3366//401 3368//401 3367//401
f 3368//409 3370//409 3369//409
f 3370//403 3372//403 3371//403
f 3372//404 3374//404 3373//404
f 3374//405 3376//405 3375//405
f 3376//410 3378//410 3377//410
f 3370//386 3368//386 3366//386
f 3366//386 3380//386 3378//386
f 3378//386 3376//386 3374//386
f 3374//386 3372//386 3370//386
f 3370//386 3366//386 3378//386
f 3378//407 3380//407 3379//407
f 3380//408 3366//408 3365//408
f 3379//385 3365//385 3367//385
f 3367//385 3369//385 3371//385
f 3371//385 3373//385 3375//385
f 3375//385 3377//385 3379//385
f 3379//385 3367//385 3371//385
f 3394//401 3396//401 3395//401
f 3396//409 3398//409 3397//409
f 3398//411 3400//411 3399//411
f 3400//404 3402//404 3401//404
f 3402//405 3404//405 3403//405
f 3404//410 3406//410 3405//410
f 3398//386 3396//386 3394//386
f 3394//386 3408//386 3406//386
f 3406//386 3404//386 3402//386
f 3402//386 3400//386 3398//386
f 3398//386 3394//386 3406//386
f 3406//412 3408//412 3407//412
f 3408//408 3394//408 3393//408
f 3407//385 3393//385 3395//385
f 3395//385 3397//385 3399//385
f 3399//385 3401//385 3403//385
f 3403//385 3405//385 3407//385
f 3407//385 3395//385 3399//385
f 3422//401 3424//401 3423//401
f 3424//409 3426//409 3425//409
f 3426//403 3428//403 3427//403
f 3428//404 3430//404 3429//404
f 3430//405 3432//405 3431//405
f 3432//410 3434//410 3433//410
f 3426//386 3424//386 3422//386
f 3422//386 3436//386 3434//386
f 3434//386 3432//386 3430//386
f 3430//386 3428//386 3426//386
f 3426//386 3422//386 3434//386
f 3434//407 3436//407 3435//407
f 3436//408 3422//408 3421//408
f 3435//385 3421//385 3423//385
f 3423//385 3425//385 3427//385
f 3427//385 3429//385 3431//385
f 3431//385 3433//385 3435//385
f 3435//385 3423//385 3427//385
f 3450//401 3452//401 3451//401
f 3452//409 3454//409 3453//409
f 3454//403 3456//403 3455//403
f 3456//404 3458//404 3457//404
f 3458//405 3460//405 3459//405
f 3460//410 3462//410 3461//410
f 3454//386 3452//386 3450//386
f 3450//386 3464//386 3462//386
f 3462//386 3460//386 3458//386
f 3458//386 3456//386 3454//386
f 3454//386 3450//386 3462//386
f 3462//407 3464//407 3463//407
f 3464//408 3450//408 3449//408
f 3463//385 3449//385 3451//385
f 3451//385 3453//385 3455//385
f 3455//385 3457//385 3459//385
f 3459//385 3461//385 3463//385
f 3463//385 3451//385 3455//385
f 3478//401 3480//401 3479//401
f 3480//409 3482//409 3481//409
f 3482//411 3484//411 3483//411
f 3484//404 3486//404 3485//404
f 3486//405 3488//405 3487//405
f 3488//410 3490//410 3489//410
f 3482//386 3480//386 3478//386
f 3478//386 3492//386 3490//386
f 3490//386 3488//386 3486//386
f 3486//386 3484//386 3482//386
f 3482//386 3478//386 3490//386
f 3490//407 3492//407 3491//407
f 3492//408 3478//408 3477//408
f 3491//385 3477//385 3479//385
f 3479//385 3481//385 3483//385
f 3483//385 3485//385 3487//385
f 3487//385 3489//385 3491//385
f 3491//385 3479//385 3483//385
f 3506//401 3508//401 3507//401
f 3508//409 3510//409 3509//409
f 3510//403 3512//403 3511//403
f 3512//404 3514//404 3513//404
f 3514//405 3516//405 3515//405
f 3516//410 3518//410 3517//410
f 3510//386 3508//386 3506//386
f 3506//386 3520//386 3518//386
f 3518//386 3516//386 3514//386
f 3514//386 3512//386 3510//386
f 3510//386 3506//386 3518//386
f 3518//407 3520//407 3519//407
f 3520//408 3506//408 3505//408
f 3519//385 3505//385 3507//385
f 3507//385 3509//385 3511//385
f 3511//385 3513//385 3515//385
f 3515//385 3517//385 3519//385
f 3519//385 3507//385 3511//385
f 3534//401 3536//401 3535//401
f 3536//402 3538//402 3537//402
f 3538//403 3540//403 3539//403
f 3540//404 3542//404 3541//404
f 3542//405 3544//405 3543//405
f 3544//410 3546//410 3545//410
f 3538//386 3536//386 3534//386
f 3534//386 3548//386 3546//386
f 3546//386 3544//386 3542//386
f 3542//386 3540//386 3538//386
f 3538//386 3534//386 3546//386
f 3546//407 3548//407 3547//407
f 3548//408 3534//408 3533//408
f 3547//385 3533//385 3535//385
f 3535//385 3537//385 3539//385
f 3539//385 3541//385 3543//385
f 3543//385 3545//385 3547//385
f 3547//385 3535//385 3539//385
f 3562//401 3564//401 3563//401
f 3564//402 3566//402 3565//402
f 3566//403 3568//403 3567//403
f 3568//404 3570//404 3569//404
f 3570//405 3572//405 3571//405
f 3572//410 3574//410 3573//410
f 3566//386 3564//386 3562//386
f 3562//386 3576//386 3574//386
f 3574//386 3572//386 3570//386
f 3570//386 3568//386 3566//386
f 3566//386 3562//386 3574//386
f 3574//407 3576//407 3575//407
f 3576//408 3562//408 3561//408
f 3575//385 3561//385 3563//385
f 3563//385 3565//385 3567//385
f 3567//385 3569//385 3571//385
f 3571//385 3573//385 3575//385
f 3575//385 3563//385 3567//385
