# Blender 5.2.2 LTS
# www.blender.org
mtllib tower_section_3.mtl
o tower_section_3
v 2.965000 0.000000 0.000000
v 2.958652 0.193920 0.000000
v 2.939634 0.387010 0.000000
v 2.908028 0.578443 0.000000
v 2.863970 0.767398 0.000000
v 2.807648 0.953068 0.000000
v 2.739303 1.134656 0.000000
v 2.659228 1.311386 0.000000
v 2.567765 1.482500 0.000000
v 2.465307 1.647266 0.000000
v 2.352293 1.804978 0.000000
v 2.229205 1.954960 0.000000
v 2.096572 2.096572 0.000000
v 1.954960 2.229205 0.000000
v 1.804978 2.352293 0.000000
v 1.647266 2.465307 0.000000
v 1.482500 2.567765 0.000000
v 1.311386 2.659228 0.000000
v 1.134656 2.739303 0.000000
v 0.953068 2.807648 0.000000
v 0.767398 2.863970 0.000000
v 0.578443 2.908028 0.000000
v 0.387010 2.939634 0.000000
v 0.193920 2.958652 0.000000
v 0.000000 2.965000 0.000000
v -0.193920 2.958652 0.000000
v -0.387010 2.939634 0.000000
v -0.578443 2.908028 0.000000
v -0.767398 2.863970 0.000000
v -0.953068 2.807648 0.000000
v -1.134656 2.739303 0.000000
v -1.311386 2.659228 0.000000
v -1.482500 2.567765 0.000000
v -1.647266 2.465307 0.000000
v -1.804978 2.352293 0.000000
v -1.954960 2.229205 0.000000
v -2.096572 2.096572 0.000000
v -2.229205 1.954960 0.000000
v -2.352293 1.804978 0.000000
v -2.465307 1.647266 0.000000
v -2.567765 1.482500 0.000000
v -2.659228 1.311386 0.000000
v -2.739303 1.134656 0.000000
v -2.807648 0.953068 0.000000
v -2.863970 0.767398 0.000000
v -2.908028 0.578443 0.000000
v -2.939634 0.387010 0.000000
v -2.958652 0.193920 0.000000
v -2.965000 0.000000 0.000000
v -2.958652 -0.193920 0.000000
v -2.939634 -0.387010 0.000000
v -2.908028 -0.578443 0.000000
v -2.863970 -0.767398 0.000000
v -2.807648 -0.953068 0.000000
v -2.739303 -1.134656 0.000000
v -2.659228 -1.311386 0.000000
v -2.567765 -1.482500 0.000000
v -2.465307 -1.647266 0.000000
v -2.352293 -1.804978 0.000000
v -2.229205 -1.954960 0.000000
v -2.096572 -2.096572 0.000000
v -1.954960 -2.229205 0.000000
v -1.804978 -2.352293 0.000000
v -1.647266 -2.465307 0.000000
v -1.482500 -2.567765 0.000000
v -1.311386 -2.659228 0.000000
v -1.134656 -2.739303 0.000000
v -0.953068 -2.807648 0.000000
v -0.767398 -2.863970 0.000000
v -0.578443 -2.908028 0.000000
v -0.387010 -2.939634 0.000000
v -0.193920 -2.958652 0.000000
v -0.000000 -2.965000 0.000000
v 0.193920 -2.958652 0.000000
v 0.387010 -2.939634 0.000000
v 0.578443 -2.908028 0.000000
v 0.767398 -2.863970 0.000000
v 0.953068 -2.807648 0.000000
v 1.134656 -2.739303 0.000000
v 1.311386 -2.659228 0.000000
v 1.482500 -2.567765 0.000000
v 1.647266 -2.465307 0.000000
v 1.804978 -2.352293 0.000000
v 1.954960 -2.229205 0.000000
v 2.096572 -2.096572 0.000000
v 2.229205 -1.954960 0.000000
v 2.352293 -1.804978 0.000000
v 2.465307 -1.647266 0.000000
v 2.567765 -1.482500 0.000000
v 2.659228 -1.311386 0.000000
v 2.739303 -1.134656 0.000000
v 2.807648 -0.953068 0.000000
v 2.863970 -0.767398 0.000000
v 2.908028 -0.578443 0.000000
v 2.939634 -0.387010 0.000000
v 2.958652 -0.193920 0.000000
v 2.931460 0.000000 0.000000
v 2.925184 0.191727 0.000000
v 2.906381 0.382632 0.000000
v 2.875133 0.571899 0.000000
v 2.831573 0.758718 0.000000
v 2.775888 0.942287 0.000000
v 2.708316 1.121821 0.000000
v 2.629147 1.296552 0.000000
v 2.538719 1.465730 0.000000
v 2.437420 1.628632 0.000000
v 2.325684 1.784560 0.000000
v 2.203988 1.932846 0.000000
v 2.072855 2.072855 0.000000
v 1.932846 2.203988 0.000000
v 1.784560 2.325684 0.000000
v 1.628632 2.437420 0.000000
v 1.465730 2.538719 0.000000
v 1.296552 2.629147 0.000000
v 1.121821 2.708316 0.000000
v 0.942287 2.775888 0.000000
v 0.758718 2.831573 0.000000
v 0.571899 2.875133 0.000000
v 0.382632 2.906381 0.000000
v 0.191727 2.925184 0.000000
v 0.000000 2.931460 0.000000
v -0.191727 2.925184 0.000000
v -0.382632 2.906381 0.000000
v -0.571899 2.875133 0.000000
v -0.758718 2.831573 0.000000
v -0.942287 2.775888 0.000000
v -1.121821 2.708316 0.000000
v -1.296552 2.629147 0.000000
v -1.465730 2.538719 0.000000
v -1.628632 2.437420 0.000000
v -1.784560 2.325684 0.000000
v -1.932846 2.203988 0.000000
v -2.072855 2.072855 0.000000
v -2.203988 1.932846 0.000000
v -2.325684 1.784560 0.000000
v -2.437420 1.628632 0.000000
v -2.538719 1.465730 0.000000
v -2.629147 1.296552 0.000000
v -2.708316 1.121821 0.000000
v -2.775888 0.942287 0.000000
v -2.831573 0.758718 0.000000
v -2.875133 0.571899 0.000000
v -2.906381 0.382632 0.000000
v -2.925184 0.191727 0.000000
v -2.931460 0.000000 0.000000
v -2.925184 -0.191727 0.000000
v -2.906381 -0.382632 0.000000
v -2.875133 -0.571899 0.000000
v -2.831573 -0.758718 0.000000
v -2.775888 -0.942287 0.000000
v -2.708316 -1.121821 0.000000
v -2.629147 -1.296552 0.000000
v -2.538719 -1.465730 0.000000
v -2.437420 -1.628632 0.000000
v -2.325684 -1.784560 0.000000
v -2.203988 -1.932846 0.000000
v -2.072855 -2.072855 0.000000
v -1.932846 -2.203988 0.000000
v -1.784560 -2.325684 0.000000
v -1.628632 -2.437420 0.000000
v -1.465730 -2.538719 0.000000
v -1.296552 -2.629147 0.000000
v -1.121821 -2.708316 0.000000
v -0.942287 -2.775888 0.000000
v -0.758718 -2.831573 0.000000
v -0.571899 -2.875133 0.000000
v -0.382632 -2.906381 0.000000
v -0.191727 -2.925184 0.000000
v -0.000000 -2.931460 0.000000
v 0.191727 -2.925184 0.000000
v 0.382632 -2.906381 0.000000
v 0.571899 -2.875133 0.000000
v 0.758718 -2.831573 0.000000
v 0.942287 -2.775888 0.000000
v 1.121821 -2.708316 0.000000
v 1.296552 -2.629147 0.000000
v 1.465730 -2.538719 0.000000
v 1.628632 -2.437420 0.000000
v 1.784560 -2.325684 0.000000
v 1.932846 -2.203988 0.000000
v 2.072855 -2.072855 0.000000
v 2.203988 -1.932846 0.000000
v 2.325684 -1.784560 0.000000
v 2.437420 -1.628632 0.000000
v 2.538719 -1.465730 0.000000
v 2.629147 -1.296552 0.000000
v 2.708316 -1.121821 0.000000
v 2.775888 -0.942287 0.000000
v 2.831573 -0.758718 0.000000
v 2.875133 -0.571899 0.000000
v 2.906381 -0.382632 0.000000
v 2.925184 -0.191727 0.000000
v 2.925000 0.000000 10.800000
v 2.918737 0.191304 10.800000
v 2.899976 0.381789 10.800000
v 2.868797 0.570639 10.800000
v 2.825333 0.757046 10.800000
v 2.769771 0.940210 10.800000
v 2.702348 1.119349 10.800000
v 2.623353 1.293694 10.800000
v 2.533124 1.462500 10.800000
v 2.432049 1.625043 10.800000
v 2.320559 1.780627 10.800000
v 2.199131 1.928586 10.800000
v 2.068287 2.068287 10.800000
v 1.928586 2.199131 10.800000
v 1.780627 2.320559 10.800000
v 1.625043 2.432049 10.800000
v 1.462500 2.533124 10.800000
v 1.293694 2.623353 10.800000
v 1.119349 2.702348 10.800000
v 0.940210 2.769771 10.800000
v 0.757046 2.825333 10.800000
v 0.570639 2.868797 10.800000
v 0.381789 2.899976 10.800000
v 0.191304 2.918737 10.800000
v 0.000000 2.925000 10.800000
v -0.191304 2.918737 10.800000
v -0.381789 2.899976 10.800000
v -0.570639 2.868797 10.800000
v -0.757046 2.825333 10.800000
v -0.940210 2.769771 10.800000
v -1.119349 2.702348 10.800000
v -1.293694 2.623353 10.800000
v -1.462500 2.533124 10.800000
v -1.625043 2.432049 10.800000
v -1.780627 2.320559 10.800000
v -1.928586 2.199131 10.800000
v -2.068287 2.068287 10.800000
v -2.199131 1.928586 10.800000
v -2.320559 1.780627 10.800000
v -2.432049 1.625043 10.800000
v -2.533124 1.462500 10.800000
v -2.623353 1.293694 10.800000
v -2.702348 1.119349 10.800000
v -2.769771 0.940210 10.800000
v -2.825333 0.757046 10.800000
v -2.868797 0.570639 10.800000
v -2.899976 0.381789 10.800000
v -2.918737 0.191304 10.800000
v -2.925000 0.000000 10.800000
v -2.918737 -0.191304 10.800000
v -2.899976 -0.381789 10.800000
v -2.868797 -0.570639 10.800000
v -2.825333 -0.757046 10.800000
v -2.769771 -0.940210 10.800000
v -2.702348 -1.119349 10.800000
v -2.623353 -1.293694 10.800000
v -2.533124 -1.462500 10.800000
v -2.432049 -1.625043 10.800000
v -2.320559 -1.780627 10.800000
v -2.199131 -1.928586 10.800000
v -2.068287 -2.068287 10.800000
v -1.928586 -2.199131 10.800000
v -1.780627 -2.320559 10.800000
v -1.625043 -2.432049 10.800000
v -1.462500 -2.533124 10.800000
v -1.293694 -2.623353 10.800000
v -1.119349 -2.702348 10.800000
v -0.940210 -2.769771 10.800000
v -0.757046 -2.825333 10.800000
v -0.570639 -2.868797 10.800000
v -0.381789 -2.899976 10.800000
v -0.191304 -2.918737 10.800000
v -0.000000 -2.925000 10.800000
v 0.191304 -2.918737 10.800000
v 0.381789 -2.899976 10.800000
v 0.570639 -2.868797 10.800000
v 0.757046 -2.825333 10.800000
v 0.940210 -2.769771 10.800000
v 1.119349 -2.702348 10.800000
v 1.293694 -2.623353 10.800000
v 1.462500 -2.533124 10.800000
v 1.625043 -2.432049 10.800000
v 1.780627 -2.320559 10.800000
v 1.928586 -2.199131 10.800000
v 2.068287 -2.068287 10.800000
v 2.199131 -1.928586 10.800000
v 2.320559 -1.780627 10.800000
v 2.432049 -1.625043 10.800000
v 2.533124 -1.462500 10.800000
v 2.623353 -1.293694 10.800000
v 2.702348 -1.119349 10.800000
v 2.769771 -0.940210 10.800000
v 2.825333 -0.757046 10.800000
v 2.868797 -0.570639 10.800000
v 2.899976 -0.381789 10.800000
v 2.918737 -0.191304 10.800000
v 2.896990 0.000000 10.800000
v 2.890787 0.189472 10.800000
v 2.872206 0.378133 10.800000
v 2.841325 0.565175 10.800000
v 2.798277 0.749796 10.800000
v 2.743247 0.931207 10.800000
v 2.676470 1.108630 10.800000
v 2.598231 1.281306 10.800000
v 2.508867 1.448495 10.800000
v 2.408759 1.609481 10.800000
v 2.298337 1.763576 10.800000
v 2.178072 1.910118 10.800000
v 2.048481 2.048481 10.800000
v 1.910118 2.178072 10.800000
v 1.763576 2.298337 10.800000
v 1.609481 2.408759 10.800000
v 1.448495 2.508867 10.800000
v 1.281306 2.598231 10.800000
v 1.108630 2.676470 10.800000
v 0.931207 2.743247 10.800000
v 0.749796 2.798277 10.800000
v 0.565175 2.841325 10.800000
v 0.378133 2.872206 10.800000
v 0.189472 2.890787 10.800000
v 0.000000 2.896990 10.800000
v -0.189472 2.890787 10.800000
v -0.378133 2.872206 10.800000
v -0.565175 2.841325 10.800000
v -0.749796 2.798277 10.800000
v -0.931207 2.743247 10.800000
v -1.108630 2.676470 10.800000
v -1.281306 2.598231 10.800000
v -1.448495 2.508867 10.800000
v -1.609481 2.408759 10.800000
v -1.763576 2.298337 10.800000
v -1.910118 2.178072 10.800000
v -2.048481 2.048481 10.800000
v -2.178072 1.910118 10.800000
v -2.298337 1.763576 10.800000
v -2.408759 1.609481 10.800000
v -2.508867 1.448495 10.800000
v -2.598231 1.281306 10.800000
v -2.676470 1.108630 10.800000
v -2.743247 0.931207 10.800000
v -2.798277 0.749796 10.800000
v -2.841325 0.565175 10.800000
v -2.872206 0.378133 10.800000
v -2.890787 0.189472 10.800000
v -2.896990 0.000000 10.800000
v -2.890787 -0.189472 10.800000
v -2.872206 -0.378133 10.800000
v -2.841325 -0.565175 10.800000
v -2.798277 -0.749796 10.800000
v -2.743247 -0.931207 10.800000
v -2.676470 -1.108630 10.800000
v -2.598231 -1.281306 10.800000
v -2.508867 -1.448495 10.800000
v -2.408759 -1.609481 10.800000
v -2.298337 -1.763576 10.800000
v -2.178072 -1.910118 10.800000
v -2.048481 -2.048481 10.800000
v -1.910118 -2.178072 10.800000
v -1.763576 -2.298337 10.800000
v -1.609481 -2.408759 10.800000
v -1.448495 -2.508867 10.800000
v -1.281306 -2.598231 10.800000
v -1.108630 -2.676470 10.800000
v -0.931207 -2.743247 10.800000
v -0.749796 -2.798277 10.800000
v -0.565175 -2.841325 10.800000
v -0.378133 -2.872206 10.800000
v -0.189472 -2.890787 10.800000
v -0.000000 -2.896990 10.800000
v 0.189472 -2.890787 10.800000
v 0.378133 -2.872206 10.800000
v 0.565175 -2.841325 10.800000
v 0.749796 -2.798277 10.800000
v 0.931207 -2.743247 10.800000
v 1.108630 -2.676470 10.800000
v 1.281306 -2.598231 10.800000
v 1.448495 -2.508867 10.800000
v 1.609481 -2.408759 10.800000
v 1.763576 -2.298337 10.800000
v 1.910118 -2.178072 10.800000
v 2.048481 -2.048481 10.800000
v 2.178072 -1.910118 10.800000
v 2.298337 -1.763576 10.800000
v 2.408759 -1.609481 10.800000
v 2.508867 -1.448495 10.800000
v 2.598231 -1.281306 10.800000
v 2.676470 -1.108630 10.800000
v 2.743247 -0.931207 10.800000
v 2.798277 -0.749796 10.800000
v 2.841325 -0.565175 10.800000
v 2.872206 -0.378133 10.800000
v 2.890787 -0.189472 10.800000
v 2.560000 0.000000 21.610001
v 2.554519 0.167432 21.610001
v 2.538099 0.334147 21.610001
v 2.510810 0.499431 21.610001
v 2.472770 0.662577 21.610001
v 2.424141 0.822885 21.610001
v 2.365132 0.979670 21.610001
v 2.295994 1.132259 21.610001
v 2.217025 1.280000 21.610001
v 2.128562 1.422260 21.610001
v 2.030985 1.558429 21.610001
v 1.924710 1.687925 21.610001
v 1.810193 1.810193 21.610001
v 1.687925 1.924710 21.610001
v 1.558429 2.030985 21.610001
v 1.422260 2.128562 21.610001
v 1.280000 2.217025 21.610001
v 1.132259 2.295994 21.610001
v 0.979670 2.365132 21.610001
v 0.822885 2.424141 21.610001
v 0.662577 2.472770 21.610001
v 0.499431 2.510810 21.610001
v 0.334147 2.538099 21.610001
v 0.167432 2.554519 21.610001
v 0.000000 2.560000 21.610001
v -0.167432 2.554519 21.610001
v -0.334147 2.538099 21.610001
v -0.499431 2.510810 21.610001
v -0.662577 2.472770 21.610001
v -0.822885 2.424141 21.610001
v -0.979670 2.365132 21.610001
v -1.132259 2.295994 21.610001
v -1.280000 2.217025 21.610001
v -1.422260 2.128562 21.610001
v -1.558429 2.030985 21.610001
v -1.687925 1.924710 21.610001
v -1.810193 1.810193 21.610001
v -1.924710 1.687925 21.610001
v -2.030985 1.558429 21.610001
v -2.128562 1.422260 21.610001
v -2.217025 1.280000 21.610001
v -2.295994 1.132259 21.610001
v -2.365132 0.979670 21.610001
v -2.424141 0.822885 21.610001
v -2.472770 0.662577 21.610001
v -2.510810 0.499431 21.610001
v -2.538099 0.334147 21.610001
v -2.554519 0.167432 21.610001
v -2.560000 0.000000 21.610001
v -2.554519 -0.167432 21.610001
v -2.538099 -0.334147 21.610001
v -2.510810 -0.499431 21.610001
v -2.472770 -0.662577 21.610001
v -2.424141 -0.822885 21.610001
v -2.365132 -0.979670 21.610001
v -2.295994 -1.132259 21.610001
v -2.217025 -1.280000 21.610001
v -2.128562 -1.422260 21.610001
v -2.030985 -1.558429 21.610001
v -1.924710 -1.687925 21.610001
v -1.810193 -1.810193 21.610001
v -1.687925 -1.924710 21.610001
v -1.558429 -2.030985 21.610001
v -1.422260 -2.128562 21.610001
v -1.280000 -2.217025 21.610001
v -1.132259 -2.295994 21.610001
v -0.979670 -2.365132 21.610001
v -0.822885 -2.424141 21.610001
v -0.662577 -2.472770 21.610001
v -0.499431 -2.510810 21.610001
v -0.334147 -2.538099 21.610001
v -0.167432 -2.554519 21.610001
v -0.000000 -2.560000 21.610001
v 0.167432 -2.554519 21.610001
v 0.334147 -2.538099 21.610001
v 0.499431 -2.510810 21.610001
v 0.662577 -2.472770 21.610001
v 0.822885 -2.424141 21.610001
v 0.979670 -2.365132 21.610001
v 1.132259 -2.295994 21.610001
v 1.280000 -2.217025 21.610001
v 1.422260 -2.128562 21.610001
v 1.558429 -2.030985 21.610001
v 1.687925 -1.924710 21.610001
v 1.810193 -1.810193 21.610001
v 1.924710 -1.687925 21.610001
v 2.030985 -1.558429 21.610001
v 2.128562 -1.422260 21.610001
v 2.217025 -1.280000 21.610001
v 2.295994 -1.132259 21.610001
v 2.365132 -0.979670 21.610001
v 2.424141 -0.822885 21.610001
v 2.472770 -0.662577 21.610001
v 2.510810 -0.499431 21.610001
v 2.538099 -0.334147 21.610001
v 2.554519 -0.167432 21.610001
v 2.536430 0.000000 21.610001
v 2.530999 0.165890 21.610001
v 2.514730 0.331071 21.610001
v 2.487693 0.494833 21.610001
v 2.450003 0.656476 21.610001
v 2.401822 0.815309 21.610001
v 2.343356 0.970650 21.610001
v 2.274855 1.121834 21.610001
v 2.196613 1.268215 21.610001
v 2.108964 1.409165 21.610001
v 2.012285 1.544081 21.610001
v 1.906989 1.672385 21.610001
v 1.793527 1.793527 21.610001
v 1.672385 1.906989 21.610001
v 1.544081 2.012285 21.610001
v 1.409165 2.108964 21.610001
v 1.268215 2.196613 21.610001
v 1.121834 2.274855 21.610001
v 0.970650 2.343356 21.610001
v 0.815309 2.401822 21.610001
v 0.656476 2.450003 21.610001
v 0.494833 2.487693 21.610001
v 0.331071 2.514730 21.610001
v 0.165890 2.530999 21.610001
v 0.000000 2.536430 21.610001
v -0.165890 2.530999 21.610001
v -0.331071 2.514730 21.610001
v -0.494833 2.487693 21.610001
v -0.656476 2.450003 21.610001
v -0.815309 2.401822 21.610001
v -0.970650 2.343356 21.610001
v -1.121834 2.274855 21.610001
v -1.268215 2.196613 21.610001
v -1.409165 2.108964 21.610001
v -1.544081 2.012285 21.610001
v -1.672385 1.906989 21.610001
v -1.793527 1.793527 21.610001
v -1.906989 1.672385 21.610001
v -2.012285 1.544081 21.610001
v -2.108964 1.409165 21.610001
v -2.196613 1.268215 21.610001
v -2.274855 1.121834 21.610001
v -2.343356 0.970650 21.610001
v -2.401822 0.815309 21.610001
v -2.450003 0.656476 21.610001
v -2.487693 0.494833 21.610001
v -2.514730 0.331071 21.610001
v -2.530999 0.165890 21.610001
v -2.536430 0.000000 21.610001
v -2.530999 -0.165890 21.610001
v -2.514730 -0.331071 21.610001
v -2.487693 -0.494833 21.610001
v -2.450003 -0.656476 21.610001
v -2.401822 -0.815309 21.610001
v -2.343356 -0.970650 21.610001
v -2.274855 -1.121834 21.610001
v -2.196613 -1.268215 21.610001
v -2.108964 -1.409165 21.610001
v -2.012285 -1.544081 21.610001
v -1.906989 -1.672385 21.610001
v -1.793527 -1.793527 21.610001
v -1.672385 -1.906989 21.610001
v -1.544081 -2.012285 21.610001
v -1.409165 -2.108964 21.610001
v -1.268215 -2.196613 21.610001
v -1.121834 -2.274855 21.610001
v -0.970650 -2.343356 21.610001
v -0.815309 -2.401822 21.610001
v -0.656476 -2.450003 21.610001
v -0.494833 -2.487693 21.610001
v -0.331071 -2.514730 21.610001
v -0.165890 -2.530999 21.610001
v -0.000000 -2.536430 21.610001
v 0.165890 -2.530999 21.610001
v 0.331071 -2.514730 21.610001
v 0.494833 -2.487693 21.610001
v 0.656476 -2.450003 21.610001
v 0.815309 -2.401822 21.610001
v 0.970650 -2.343356 21.610001
v 1.121834 -2.274855 21.610001
v 1.268215 -2.196613 21.610001
v 1.409165 -2.108964 21.610001
v 1.544081 -2.012285 21.610001
v 1.672385 -1.906989 21.610001
v 1.793527 -1.793527 21.610001
v 1.906989 -1.672385 21.610001
v 2.012285 -1.544081 21.610001
v 2.108964 -1.409165 21.610001
v 2.196613 -1.268215 21.610001
v 2.274855 -1.121834 21.610001
v 2.343356 -0.970650 21.610001
v 2.401822 -0.815309 21.610001
v 2.450003 -0.656476 21.610001
v 2.487693 -0.494833 21.610001
v 2.514730 -0.331071 21.610001
v 2.530999 -0.165890 21.610001
v 2.180000 0.000000 32.410000
v 2.175333 0.142579 32.410000
v 2.161350 0.284547 32.410000
v 2.138112 0.425297 32.410000
v 2.105718 0.564225 32.410000
v 2.064308 0.700738 32.410000
v 2.014057 0.834250 32.410000
v 1.955183 0.964189 32.410000
v 1.887935 1.090000 32.410000
v 1.812604 1.211143 32.410000
v 1.729510 1.327100 32.410000
v 1.639011 1.437374 32.410000
v 1.541493 1.541493 32.410000
v 1.437374 1.639011 32.410000
v 1.327100 1.729510 32.410000
v 1.211143 1.812604 32.410000
v 1.090000 1.887935 32.410000
v 0.964189 1.955183 32.410000
v 0.834250 2.014057 32.410000
v 0.700738 2.064308 32.410000
v 0.564225 2.105718 32.410000
v 0.425297 2.138112 32.410000
v 0.284547 2.161350 32.410000
v 0.142579 2.175333 32.410000
v 0.000000 2.180000 32.410000
v -0.142579 2.175333 32.410000
v -0.284547 2.161350 32.410000
v -0.425297 2.138112 32.410000
v -0.564225 2.105718 32.410000
v -0.700738 2.064308 32.410000
v -0.834250 2.014057 32.410000
v -0.964189 1.955183 32.410000
v -1.090000 1.887935 32.410000
v -1.211143 1.812604 32.410000
v -1.327100 1.729510 32.410000
v -1.437374 1.639011 32.410000
v -1.541493 1.541493 32.410000
v -1.639011 1.437374 32.410000
v -1.729510 1.327100 32.410000
v -1.812604 1.211143 32.410000
v -1.887935 1.090000 32.410000
v -1.955183 0.964189 32.410000
v -2.014057 0.834250 32.410000
v -2.064308 0.700738 32.410000
v -2.105718 0.564225 32.410000
v -2.138112 0.425297 32.410000
v -2.161350 0.284547 32.410000
v -2.175333 0.142579 32.410000
v -2.180000 0.000000 32.410000
v -2.175333 -0.142579 32.410000
v -2.161350 -0.284547 32.410000
v -2.138112 -0.425297 32.410000
v -2.105718 -0.564225 32.410000
v -2.064308 -0.700738 32.410000
v -2.014057 -0.834250 32.410000
v -1.955183 -0.964189 32.410000
v -1.887935 -1.090000 32.410000
v -1.812604 -1.211143 32.410000
v -1.729510 -1.327100 32.410000
v -1.639011 -1.437374 32.410000
v -1.541493 -1.541493 32.410000
v -1.437374 -1.639011 32.410000
v -1.327100 -1.729510 32.410000
v -1.211143 -1.812604 32.410000
v -1.090000 -1.887935 32.410000
v -0.964189 -1.955183 32.410000
v -0.834250 -2.014057 32.410000
v -0.700738 -2.064308 32.410000
v -0.564225 -2.105718 32.410000
v -0.425297 -2.138112 32.410000
v -0.284547 -2.161350 32.410000
v -0.142579 -2.175333 32.410000
v -0.000000 -2.180000 32.410000
v 0.142579 -2.175333 32.410000
v 0.284547 -2.161350 32.410000
v 0.425297 -2.138112 32.410000
v 0.564225 -2.105718 32.410000
v 0.700738 -2.064308 32.410000
v 0.834250 -2.014057 32.410000
v 0.964189 -1.955183 32.410000
v 1.090000 -1.887935 32.410000
v 1.211143 -1.812604 32.410000
v 1.327100 -1.729510 32.410000
v 1.437374 -1.639011 32.410000
v 1.541493 -1.541493 32.410000
v 1.639011 -1.437374 32.410000
v 1.729510 -1.327100 32.410000
v 1.812604 -1.211143 32.410000
v 1.887935 -1.090000 32.410000
v 1.955183 -0.964189 32.410000
v 2.014057 -0.834250 32.410000
v 2.064308 -0.700738 32.410000
v 2.105718 -0.564225 32.410000
v 2.138112 -0.425297 32.410000
v 2.161350 -0.284547 32.410000
v 2.175333 -0.142579 32.410000
v 2.156260 0.000000 32.410000
v 2.151643 0.141026 32.410000
v 2.137813 0.281448 32.410000
v 2.114828 0.420665 32.410000
v 2.082787 0.558081 32.410000
v 2.041828 0.693107 32.410000
v 1.992124 0.825165 32.410000
v 1.933891 0.953689 32.410000
v 1.867376 1.078130 32.410000
v 1.792865 1.197954 32.410000
v 1.710676 1.312648 32.410000
v 1.621162 1.421721 32.410000
v 1.524706 1.524706 32.410000
v 1.421721 1.621162 32.410000
v 1.312648 1.710676 32.410000
v 1.197954 1.792865 32.410000
v 1.078130 1.867376 32.410000
v 0.953689 1.933891 32.410000
v 0.825165 1.992124 32.410000
v 0.693107 2.041828 32.410000
v 0.558081 2.082787 32.410000
v 0.420665 2.114828 32.410000
v 0.281448 2.137813 32.410000
v 0.141026 2.151643 32.410000
v 0.000000 2.156260 32.410000
v -0.141026 2.151643 32.410000
v -0.281448 2.137813 32.410000
v -0.420665 2.114828 32.410000
v -0.558081 2.082787 32.410000
v -0.693107 2.041828 32.410000
v -0.825165 1.992124 32.410000
v -0.953689 1.933891 32.410000
v -1.078130 1.867376 32.410000
v -1.197954 1.792865 32.410000
v -1.312648 1.710676 32.410000
v -1.421721 1.621162 32.410000
v -1.524706 1.524706 32.410000
v -1.621162 1.421721 32.410000
v -1.710676 1.312648 32.410000
v -1.792865 1.197954 32.410000
v -1.867376 1.078130 32.410000
v -1.933891 0.953689 32.410000
v -1.992124 0.825165 32.410000
v -2.041828 0.693107 32.410000
v -2.082787 0.558081 32.410000
v -2.114828 0.420665 32.410000
v -2.137813 0.281448 32.410000
v -2.151643 0.141026 32.410000
v -2.156260 0.000000 32.410000
v -2.151643 -0.141026 32.410000
v -2.137813 -0.281448 32.410000
v -2.114828 -0.420665 32.410000
v -2.082787 -0.558081 32.410000
v -2.041828 -0.693107 32.410000
v -1.992124 -0.825165 32.410000
v -1.933891 -0.953689 32.410000
v -1.867376 -1.078130 32.410000
v -1.792865 -1.197954 32.410000
v -1.710676 -1.312648 32.410000
v -1.621162 -1.421721 32.410000
v -1.524706 -1.524706 32.410000
v -1.421721 -1.621162 32.410000
v -1.312648 -1.710676 32.410000
v -1.197954 -1.792865 32.410000
v -1.078130 -1.867376 32.410000
v -0.953689 -1.933891 32.410000
v -0.825165 -1.992124 32.410000
v -0.693107 -2.041828 32.410000
v -0.558081 -2.082787 32.410000
v -0.420665 -2.114828 32.410000
v -0.281448 -2.137813 32.410000
v -0.141026 -2.151643 32.410000
v -0.000000 -2.156260 32.410000
v 0.141026 -2.151643 32.410000
v 0.281448 -2.137813 32.410000
v 0.420665 -2.114828 32.410000
v 0.558081 -2.082787 32.410000
v 0.693107 -2.041828 32.410000
v 0.825165 -1.992124 32.410000
v 0.953689 -1.933891 32.410000
v 1.078130 -1.867376 32.410000
v 1.197954 -1.792865 32.410000
v 1.312648 -1.710676 32.410000
v 1.421721 -1.621162 32.410000
v 1.524706 -1.524706 32.410000
v 1.621162 -1.421721 32.410000
v 1.710676 -1.312648 32.410000
v 1.792865 -1.197954 32.410000
v 1.867376 -1.078130 32.410000
v 1.933891 -0.953689 32.410000
v 1.992124 -0.825165 32.410000
v 2.041828 -0.693107 32.410000
v 2.082787 -0.558081 32.410000
v 2.114828 -0.420665 32.410000
v 2.137813 -0.281448 32.410000
v 2.151643 -0.141026 32.410000
v 2.711460 0.000000 0.000000
v 2.705655 0.177338 0.000000
v 2.688263 0.353917 0.000000
v 2.659360 0.528980 0.000000
v 2.619069 0.701778 0.000000
v 2.567563 0.871570 0.000000
v 2.505062 1.037631 0.000000
v 2.431834 1.199248 0.000000
v 2.348193 1.355730 0.000000
v 2.254497 1.506406 0.000000
v 2.151146 1.650632 0.000000
v 2.038584 1.787790 0.000000
v 1.917292 1.917292 0.000000
v 1.787790 2.038584 0.000000
v 1.650632 2.151146 0.000000
v 1.506406 2.254497 0.000000
v 1.355730 2.348193 0.000000
v 1.199248 2.431834 0.000000
v 1.037631 2.505062 0.000000
v 0.871570 2.567563 0.000000
v 0.701778 2.619069 0.000000
v 0.528980 2.659360 0.000000
v 0.353917 2.688263 0.000000
v 0.177338 2.705655 0.000000
v 0.000000 2.711460 0.000000
v -0.177338 2.705655 0.000000
v -0.353917 2.688263 0.000000
v -0.528980 2.659360 0.000000
v -0.701778 2.619069 0.000000
v -0.871570 2.567563 0.000000
v -1.037631 2.505062 0.000000
v -1.199248 2.431834 0.000000
v -1.355730 2.348193 0.000000
v -1.506406 2.254497 0.000000
v -1.650632 2.151146 0.000000
v -1.787790 2.038584 0.000000
v -1.917292 1.917292 0.000000
v -2.038584 1.787790 0.000000
v -2.151146 1.650632 0.000000
v -2.254497 1.506406 0.000000
v -2.348193 1.355730 0.000000
v -2.431834 1.199248 0.000000
v -2.505062 1.037631 0.000000
v -2.567563 0.871570 0.000000
v -2.619069 0.701778 0.000000
v -2.659360 0.528980 0.000000
v -2.688263 0.353917 0.000000
v -2.705655 0.177338 0.000000
v -2.711460 0.000000 0.000000
v -2.705655 -0.177338 0.000000
v -2.688263 -0.353917 0.000000
v -2.659360 -0.528980 0.000000
v -2.619069 -0.701778 0.000000
v -2.567563 -0.871570 0.000000
v -2.505062 -1.037631 0.000000
v -2.431834 -1.199248 0.000000
v -2.348193 -1.355730 0.000000
v -2.254497 -1.506406 0.000000
v -2.151146 -1.650632 0.000000
v -2.038584 -1.787790 0.000000
v -1.917292 -1.917292 0.000000
v -1.787790 -2.038584 0.000000
v -1.650632 -2.151146 0.000000
v -1.506406 -2.254497 0.000000
v -1.355730 -2.348193 0.000000
v -1.199248 -2.431834 0.000000
v -1.037631 -2.505062 0.000000
v -0.871570 -2.567563 0.000000
v -0.701778 -2.619069 0.000000
v -0.528980 -2.659360 0.000000
v -0.353917 -2.688263 0.000000
v -0.177338 -2.705655 0.000000
v -0.000000 -2.711460 0.000000
v 0.177338 -2.705655 0.000000
v 0.353917 -2.688263 0.000000
v 0.528980 -2.659360 0.000000
v 0.701778 -2.619069 0.000000
v 0.871570 -2.567563 0.000000
v 1.037631 -2.505062 0.000000
v 1.199248 -2.431834 0.000000
v 1.355730 -2.348193 0.000000
v 1.506406 -2.254497 0.000000
v 1.650632 -2.151146 0.000000
v 1.787790 -2.038584 0.000000
v 1.917292 -1.917292 0.000000
v 2.038584 -1.787790 0.000000
v 2.151146 -1.650632 0.000000
v 2.254497 -1.506406 0.000000
v 2.348193 -1.355730 0.000000
v 2.431834 -1.199248 0.000000
v 2.505062 -1.037631 0.000000
v 2.567563 -0.871570 0.000000
v 2.619069 -0.701778 0.000000
v 2.659360 -0.528980 0.000000
v 2.688263 -0.353917 0.000000
v 2.705655 -0.177338 0.000000
v 2.932460 0.000000 0.000000
v 2.926181 0.191792 0.000000
v 2.907372 0.382763 0.000000
v 2.876114 0.572095 0.000000
v 2.832539 0.758977 0.000000
v 2.776835 0.942608 0.000000
v 2.709240 1.122204 0.000000
v 2.630044 1.296994 0.000000
v 2.539585 1.466230 0.000000
v 2.438251 1.629187 0.000000
v 2.326477 1.785169 0.000000
v 2.204740 1.933505 0.000000
v 2.073562 2.073562 0.000000
v 1.933505 2.204740 0.000000
v 1.785169 2.326477 0.000000
v 1.629187 2.438251 0.000000
v 1.466230 2.539585 0.000000
v 1.296994 2.630044 0.000000
v 1.122204 2.709240 0.000000
v 0.942608 2.776835 0.000000
v 0.758977 2.832539 0.000000
v 0.572095 2.876114 0.000000
v 0.382763 2.907372 0.000000
v 0.191792 2.926181 0.000000
v 0.000000 2.932460 0.000000
v -0.191792 2.926181 0.000000
v -0.382763 2.907372 0.000000
v -0.572095 2.876114 0.000000
v -0.758977 2.832539 0.000000
v -0.942608 2.776835 0.000000
v -1.122204 2.709240 0.000000
v -1.296994 2.630044 0.000000
v -1.466230 2.539585 0.000000
v -1.629187 2.438251 0.000000
v -1.785169 2.326477 0.000000
v -1.933505 2.204740 0.000000
v -2.073562 2.073562 0.000000
v -2.204740 1.933505 0.000000
v -2.326477 1.785169 0.000000
v -2.438251 1.629187 0.000000
v -2.539585 1.466230 0.000000
v -2.630044 1.296994 0.000000
v -2.709240 1.122204 0.000000
v -2.776835 0.942608 0.000000
v -2.832539 0.758977 0.000000
v -2.876114 0.572095 0.000000
v -2.907372 0.382763 0.000000
v -2.926181 0.191792 0.000000
v -2.932460 0.000000 0.000000
v -2.926181 -0.191792 0.000000
v -2.907372 -0.382763 0.000000
v -2.876114 -0.572095 0.000000
v -2.832539 -0.758977 0.000000
v -2.776835 -0.942608 0.000000
v -2.709240 -1.122204 0.000000
v -2.630044 -1.296994 0.000000
v -2.539585 -1.466230 0.000000
v -2.438251 -1.629187 0.000000
v -2.326477 -1.785169 0.000000
v -2.204740 -1.933505 0.000000
v -2.073562 -2.073562 0.000000
v -1.933505 -2.204740 0.000000
v -1.785169 -2.326477 0.000000
v -1.629187 -2.438251 0.000000
v -1.466230 -2.539585 0.000000
v -1.296994 -2.630044 0.000000
v -1.122204 -2.709240 0.000000
v -0.942608 -2.776835 0.000000
v -0.758977 -2.832539 0.000000
v -0.572095 -2.876114 0.000000
v -0.382763 -2.907372 0.000000
v -0.191792 -2.926181 0.000000
v -0.000000 -2.932460 0.000000
v 0.191792 -2.926181 0.000000
v 0.382763 -2.907372 0.000000
v 0.572095 -2.876114 0.000000
v 0.758977 -2.832539 0.000000
v 0.942608 -2.776835 0.000000
v 1.122204 -2.709240 0.000000
v 1.296994 -2.630044 0.000000
v 1.466230 -2.539585 0.000000
v 1.629187 -2.438251 0.000000
v 1.785169 -2.326477 0.000000
v 1.933505 -2.204740 0.000000
v 2.073562 -2.073562 0.000000
v 2.204740 -1.933505 0.000000
v 2.326477 -1.785169 0.000000
v 2.438251 -1.629187 0.000000
v 2.539585 -1.466230 0.000000
v 2.630044 -1.296994 0.000000
v 2.709240 -1.122204 0.000000
v 2.776835 -0.942608 0.000000
v 2.832539 -0.758977 0.000000
v 2.876114 -0.572095 0.000000
v 2.907372 -0.382763 0.000000
v 2.926181 -0.191792 0.000000
v 2.932460 0.000000 0.140000
v 2.926181 0.191792 0.140000
v 2.907372 0.382763 0.140000
v 2.876114 0.572095 0.140000
v 2.832539 0.758977 0.140000
v 2.776835 0.942608 0.140000
v 2.709240 1.122204 0.140000
v 2.630044 1.296994 0.140000
v 2.539585 1.466230 0.140000
v 2.438251 1.629187 0.140000
v 2.326477 1.785169 0.140000
v 2.204740 1.933505 0.140000
v 2.073562 2.073562 0.140000
v 1.933505 2.204740 0.140000
v 1.785169 2.326477 0.140000
v 1.629187 2.438251 0.140000
v 1.466230 2.539585 0.140000
v 1.296994 2.630044 0.140000
v 1.122204 2.709240 0.140000
v 0.942608 2.776835 0.140000
v 0.758977 2.832539 0.140000
v 0.572095 2.876114 0.140000
v 0.382763 2.907372 0.140000
v 0.191792 2.926181 0.140000
v 0.000000 2.932460 0.140000
v -0.191792 2.926181 0.140000
v -0.382763 2.907372 0.140000
v -0.572095 2.876114 0.140000
v -0.758977 2.832539 0.140000
v -0.942608 2.776835 0.140000
v -1.122204 2.709240 0.140000
v -1.296994 2.630044 0.140000
v -1.466230 2.539585 0.140000
v -1.629187 2.438251 0.140000
v -1.785169 2.326477 0.140000
v -1.933505 2.204740 0.140000
v -2.073562 2.073562 0.140000
v -2.204740 1.933505 0.140000
v -2.326477 1.785169 0.140000
v -2.438251 1.629187 0.140000
v -2.539585 1.466230 0.140000
v -2.630044 1.296994 0.140000
v -2.709240 1.122204 0.140000
v -2.776835 0.942608 0.140000
v -2.832539 0.758977 0.140000
v -2.876114 0.572095 0.140000
v -2.907372 0.382763 0.140000
v -2.926181 0.191792 0.140000
v -2.932460 0.000000 0.140000
v -2.926181 -0.191792 0.140000
v -2.907372 -0.382763 0.140000
v -2.876114 -0.572095 0.140000
v -2.832539 -0.758977 0.140000
v -2.776835 -0.942608 0.140000
v -2.709240 -1.122204 0.140000
v -2.630044 -1.296994 0.140000
v -2.539585 -1.466230 0.140000
v -2.438251 -1.629187 0.140000
v -2.326477 -1.785169 0.140000
v -2.204740 -1.933505 0.140000
v -2.073562 -2.073562 0.140000
v -1.933505 -2.204740 0.140000
v -1.785169 -2.326477 0.140000
v -1.629187 -2.438251 0.140000
v -1.466230 -2.539585 0.140000
v -1.296994 -2.630044 0.140000
v -1.122204 -2.709240 0.140000
v -0.942608 -2.776835 0.140000
v -0.758977 -2.832539 0.140000
v -0.572095 -2.876114 0.140000
v -0.382763 -2.907372 0.140000
v -0.191792 -2.926181 0.140000
v -0.000000 -2.932460 0.140000
v 0.191792 -2.926181 0.140000
v 0.382763 -2.907372 0.140000
v 0.572095 -2.876114 0.140000
v 0.758977 -2.832539 0.140000
v 0.942608 -2.776835 0.140000
v 1.122204 -2.709240 0.140000
v 1.296994 -2.630044 0.140000
v 1.466230 -2.539585 0.140000
v 1.629187 -2.438251 0.140000
v 1.785169 -2.326477 0.140000
v 1.933505 -2.204740 0.140000
v 2.073562 -2.073562 0.140000
v 2.204740 -1.933505 0.140000
v 2.326477 -1.785169 0.140000
v 2.438251 -1.629187 0.140000
v 2.539585 -1.466230 0.140000
v 2.630044 -1.296994 0.140000
v 2.709240 -1.122204 0.140000
v 2.776835 -0.942608 0.140000
v 2.832539 -0.758977 0.140000
v 2.876114 -0.572095 0.140000
v 2.907372 -0.382763 0.140000
v 2.926181 -0.191792 0.140000
v 2.711460 0.000000 0.140000
v 2.705655 0.177338 0.140000
v 2.688263 0.353917 0.140000
v 2.659360 0.528980 0.140000
v 2.619069 0.701778 0.140000
v 2.567563 0.871570 0.140000
v 2.505062 1.037631 0.140000
v 2.431834 1.199248 0.140000
v 2.348193 1.355730 0.140000
v 2.254497 1.506406 0.140000
v 2.151146 1.650632 0.140000
v 2.038584 1.787790 0.140000
v 1.917292 1.917292 0.140000
v 1.787790 2.038584 0.140000
v 1.650632 2.151146 0.140000
v 1.506406 2.254497 0.140000
v 1.355730 2.348193 0.140000
v 1.199248 2.431834 0.140000
v 1.037631 2.505062 0.140000
v 0.871570 2.567563 0.140000
v 0.701778 2.619069 0.140000
v 0.528980 2.659360 0.140000
v 0.353917 2.688263 0.140000
v 0.177338 2.705655 0.140000
v 0.000000 2.711460 0.140000
v -0.177338 2.705655 0.140000
v -0.353917 2.688263 0.140000
v -0.528980 2.659360 0.140000
v -0.701778 2.619069 0.140000
v -0.871570 2.567563 0.140000
v -1.037631 2.505062 0.140000
v -1.199248 2.431834 0.140000
v -1.355730 2.348193 0.140000
v -1.506406 2.254497 0.140000
v -1.650632 2.151146 0.140000
v -1.787790 2.038584 0.140000
v -1.917292 1.917292 0.140000
v -2.038584 1.787790 0.140000
v -2.151146 1.650632 0.140000
v -2.254497 1.506406 0.140000
v -2.348193 1.355730 0.140000
v -2.431834 1.199248 0.140000
v -2.505062 1.037631 0.140000
v -2.567563 0.871570 0.140000
v -2.619069 0.701778 0.140000
v -2.659360 0.528980 0.140000
v -2.688263 0.353917 0.140000
v -2.705655 0.177338 0.140000
v -2.711460 0.000000 0.140000
v -2.705655 -0.177338 0.140000
v -2.688263 -0.353917 0.140000
v -2.659360 -0.528980 0.140000
v -2.619069 -0.701778 0.140000
v -2.567563 -0.871570 0.140000
v -2.505062 -1.037631 0.140000
v -2.431834 -1.199248 0.140000
v -2.348193 -1.355730 0.140000
v -2.254497 -1.506406 0.140000
v -2.151146 -1.650632 0.140000
v -2.038584 -1.787790 0.140000
v -1.917292 -1.917292 0.140000
v -1.787790 -2.038584 0.140000
v -1.650632 -2.151146 0.140000
v -1.506406 -2.254497 0.140000
v -1.355730 -2.348193 0.140000
v -1.199248 -2.431834 0.140000
v -1.037631 -2.505062 0.140000
v -0.871570 -2.567563 0.140000
v -0.701778 -2.619069 0.140000
v -0.528980 -2.659360 0.140000
v -0.353917 -2.688263 0.140000
v -0.177338 -2.705655 0.140000
v -0.000000 -2.711460 0.140000
v 0.177338 -2.705655 0.140000
v 0.353917 -2.688263 0.140000
v 0.528980 -2.659360 0.140000
v 0.701778 -2.619069 0.140000
v 0.871570 -2.567563 0.140000
v 1.037631 -2.505062 0.140000
v 1.199248 -2.431834 0.140000
v 1.355730 -2.348193 0.140000
v 1.506406 -2.254497 0.140000
v 1.650632 -2.151146 0.140000
v 1.787790 -2.038584 0.140000
v 1.917292 -1.917292 0.140000
v 2.038584 -1.787790 0.140000
v 2.151146 -1.650632 0.140000
v 2.254497 -1.506406 0.140000
v 2.348193 -1.355730 0.140000
v 2.431834 -1.199248 0.140000
v 2.505062 -1.037631 0.140000
v 2.567563 -0.871570 0.140000
v 2.619069 -0.701778 0.140000
v 2.659360 -0.528980 0.140000
v 2.688263 -0.353917 0.140000
v 2.705655 -0.177338 0.140000
v 2.711460 0.000000 0.000000
v 2.705655 0.177338 0.000000
v 2.688263 0.353917 0.000000
v 2.659360 0.528980 0.000000
v 2.619069 0.701778 0.000000
v 2.567563 0.871570 0.000000
v 2.505062 1.037631 0.000000
v 2.431834 1.199248 0.000000
v 2.348193 1.355730 0.000000
v 2.254497 1.506406 0.000000
v 2.151146 1.650632 0.000000
v 2.038584 1.787790 0.000000
v 1.917292 1.917292 0.000000
v 1.787790 2.038584 0.000000
v 1.650632 2.151146 0.000000
v 1.506406 2.254497 0.000000
v 1.355730 2.348193 0.000000
v 1.199248 2.431834 0.000000
v 1.037631 2.505062 0.000000
v 0.871570 2.567563 0.000000
v 0.701778 2.619069 0.000000
v 0.528980 2.659360 0.000000
v 0.353917 2.688263 0.000000
v 0.177338 2.705655 0.000000
v 0.000000 2.711460 0.000000
v -0.177338 2.705655 0.000000
v -0.353917 2.688263 0.000000
v -0.528980 2.659360 0.000000
v -0.701778 2.619069 0.000000
v -0.871570 2.567563 0.000000
v -1.037631 2.505062 0.000000
v -1.199248 2.431834 0.000000
v -1.355730 2.348193 0.000000
v -1.506406 2.254497 0.000000
v -1.650632 2.151146 0.000000
v -1.787790 2.038584 0.000000
v -1.917292 1.917292 0.000000
v -2.038584 1.787790 0.000000
v -2.151146 1.650632 0.000000
v -2.254497 1.506406 0.000000
v -2.348193 1.355730 0.000000
v -2.431834 1.199248 0.000000
v -2.505062 1.037631 0.000000
v -2.567563 0.871570 0.000000
v -2.619069 0.701778 0.000000
v -2.659360 0.528980 0.000000
v -2.688263 0.353917 0.000000
v -2.705655 0.177338 0.000000
v -2.711460 0.000000 0.000000
v -2.705655 -0.177338 0.000000
v -2.688263 -0.353917 0.000000
v -2.659360 -0.528980 0.000000
v -2.619069 -0.701778 0.000000
v -2.567563 -0.871570 0.000000
v -2.505062 -1.037631 0.000000
v -2.431834 -1.199248 0.000000
v -2.348193 -1.355730 0.000000
v -2.254497 -1.506406 0.000000
v -2.151146 -1.650632 0.000000
v -2.038584 -1.787790 0.000000
v -1.917292 -1.917292 0.000000
v -1.787790 -2.038584 0.000000
v -1.650632 -2.151146 0.000000
v -1.506406 -2.254497 0.000000
v -1.355730 -2.348193 0.000000
v -1.199248 -2.431834 0.000000
v -1.037631 -2.505062 0.000000
v -0.871570 -2.567563 0.000000
v -0.701778 -2.619069 0.000000
v -0.528980 -2.659360 0.000000
v -0.353917 -2.688263 0.000000
v -0.177338 -2.705655 0.000000
v -0.000000 -2.711460 0.000000
v 0.177338 -2.705655 0.000000
v 0.353917 -2.688263 0.000000
v 0.528980 -2.659360 0.000000
v 0.701778 -2.619069 0.000000
v 0.871570 -2.567563 0.000000
v 1.037631 -2.505062 0.000000
v 1.199248 -2.431834 0.000000
v 1.355730 -2.348193 0.000000
v 1.506406 -2.254497 0.000000
v 1.650632 -2.151146 0.000000
v 1.787790 -2.038584 0.000000
v 1.917292 -1.917292 0.000000
v 2.038584 -1.787790 0.000000
v 2.151146 -1.650632 0.000000
v 2.254497 -1.506406 0.000000
v 2.348193 -1.355730 0.000000
v 2.431834 -1.199248 0.000000
v 2.505062 -1.037631 0.000000
v 2.567563 -0.871570 0.000000
v 2.619069 -0.701778 0.000000
v 2.659360 -0.528980 0.000000
v 2.688263 -0.353917 0.000000
v 2.705655 -0.177338 0.000000
v 1.936260 0.000000 32.270000
v 1.932114 0.126637 32.270000
v 1.919695 0.252733 32.270000
v 1.899055 0.377746 32.270000
v 1.870283 0.501141 32.270000
v 1.833503 0.622390 32.270000
v 1.788871 0.740975 32.270000
v 1.736579 0.856386 32.270000
v 1.676850 0.968130 32.270000
v 1.609941 1.075728 32.270000
v 1.536138 1.178720 32.270000
v 1.455757 1.276665 32.270000
v 1.369143 1.369143 32.270000
v 1.276665 1.455757 32.270000
v 1.178720 1.536138 32.270000
v 1.075728 1.609941 32.270000
v 0.968130 1.676850 32.270000
v 0.856386 1.736579 32.270000
v 0.740975 1.788871 32.270000
v 0.622390 1.833503 32.270000
v 0.501141 1.870283 32.270000
v 0.377746 1.899055 32.270000
v 0.252733 1.919695 32.270000
v 0.126637 1.932114 32.270000
v 0.000000 1.936260 32.270000
v -0.126637 1.932114 32.270000
v -0.252733 1.919695 32.270000
v -0.377746 1.899055 32.270000
v -0.501141 1.870283 32.270000
v -0.622390 1.833503 32.270000
v -0.740975 1.788871 32.270000
v -0.856386 1.736579 32.270000
v -0.968130 1.676850 32.270000
v -1.075728 1.609941 32.270000
v -1.178720 1.536138 32.270000
v -1.276665 1.455757 32.270000
v -1.369143 1.369143 32.270000
v -1.455757 1.276665 32.270000
v -1.536138 1.178720 32.270000
v -1.609941 1.075728 32.270000
v -1.676850 0.968130 32.270000
v -1.736579 0.856386 32.270000
v -1.788871 0.740975 32.270000
v -1.833503 0.622390 32.270000
v -1.870283 0.501141 32.270000
v -1.899055 0.377746 32.270000
v -1.919695 0.252733 32.270000
v -1.932114 0.126637 32.270000
v -1.936260 0.000000 32.270000
v -1.932114 -0.126637 32.270000
v -1.919695 -0.252733 32.270000
v -1.899055 -0.377746 32.270000
v -1.870283 -0.501141 32.270000
v -1.833503 -0.622390 32.270000
v -1.788871 -0.740975 32.270000
v -1.736579 -0.856386 32.270000
v -1.676850 -0.968130 32.270000
v -1.609941 -1.075728 32.270000
v -1.536138 -1.178720 32.270000
v -1.455757 -1.276665 32.270000
v -1.369143 -1.369143 32.270000
v -1.276665 -1.455757 32.270000
v -1.178720 -1.536138 32.270000
v -1.075728 -1.609941 32.270000
v -0.968130 -1.676850 32.270000
v -0.856386 -1.736579 32.270000
v -0.740975 -1.788871 32.270000
v -0.622390 -1.833503 32.270000
v -0.501141 -1.870283 32.270000
v -0.377746 -1.899055 32.270000
v -0.252733 -1.919695 32.270000
v -0.126637 -1.932114 32.270000
v -0.000000 -1.936260 32.270000
v 0.126637 -1.932114 32.270000
v 0.252733 -1.919695 32.270000
v 0.377746 -1.899055 32.270000
v 0.501141 -1.870283 32.270000
v 0.622390 -1.833503 32.270000
v 0.740975 -1.788871 32.270000
v 0.856386 -1.736579 32.270000
v 0.968130 -1.676850 32.270000
v 1.075728 -1.609941 32.270000
v 1.178720 -1.536138 32.270000
v 1.276665 -1.455757 32.270000
v 1.369143 -1.369143 32.270000
v 1.455757 -1.276665 32.270000
v 1.536138 -1.178720 32.270000
v 1.609941 -1.075728 32.270000
v 1.676850 -0.968130 32.270000
v 1.736579 -0.856386 32.270000
v 1.788871 -0.740975 32.270000
v 1.833503 -0.622390 32.270000
v 1.870283 -0.501141 32.270000
v 1.899055 -0.377746 32.270000
v 1.919695 -0.252733 32.270000
v 1.932114 -0.126637 32.270000
v 2.157260 0.000000 32.270000
v 2.152641 0.141092 32.270000
v 2.138804 0.281579 32.270000
v 2.115809 0.420861 32.270000
v 2.083753 0.558340 32.270000
v 2.042774 0.693429 32.270000
v 1.993048 0.825548 32.270000
v 1.934788 0.954132 32.270000
v 1.868242 1.078630 32.270000
v 1.793696 1.198509 32.270000
v 1.711469 1.313257 32.270000
v 1.621914 1.422380 32.270000
v 1.525413 1.525413 32.270000
v 1.422380 1.621914 32.270000
v 1.313257 1.711469 32.270000
v 1.198509 1.793696 32.270000
v 1.078630 1.868242 32.270000
v 0.954132 1.934788 32.270000
v 0.825548 1.993048 32.270000
v 0.693429 2.042774 32.270000
v 0.558340 2.083753 32.270000
v 0.420861 2.115809 32.270000
v 0.281579 2.138804 32.270000
v 0.141092 2.152641 32.270000
v 0.000000 2.157260 32.270000
v -0.141092 2.152641 32.270000
v -0.281579 2.138804 32.270000
v -0.420861 2.115809 32.270000
v -0.558340 2.083753 32.270000
v -0.693429 2.042774 32.270000
v -0.825548 1.993048 32.270000
v -0.954132 1.934788 32.270000
v -1.078630 1.868242 32.270000
v -1.198509 1.793696 32.270000
v -1.313257 1.711469 32.270000
v -1.422380 1.621914 32.270000
v -1.525413 1.525413 32.270000
v -1.621914 1.422380 32.270000
v -1.711469 1.313257 32.270000
v -1.793696 1.198509 32.270000
v -1.868242 1.078630 32.270000
v -1.934788 0.954132 32.270000
v -1.993048 0.825548 32.270000
v -2.042774 0.693429 32.270000
v -2.083753 0.558340 32.270000
v -2.115809 0.420861 32.270000
v -2.138804 0.281579 32.270000
v -2.152641 0.141092 32.270000
v -2.157260 0.000000 32.270000
v -2.152641 -0.141092 32.270000
v -2.138804 -0.281579 32.270000
v -2.115809 -0.420861 32.270000
v -2.083753 -0.558340 32.270000
v -2.042774 -0.693429 32.270000
v -1.993048 -0.825548 32.270000
v -1.934788 -0.954132 32.270000
v -1.868242 -1.078630 32.270000
v -1.793696 -1.198509 32.270000
v -1.711469 -1.313257 32.270000
v -1.621914 -1.422380 32.270000
v -1.525413 -1.525413 32.270000
v -1.422380 -1.621914 32.270000
v -1.313257 -1.711469 32.270000
v -1.198509 -1.793696 32.270000
v -1.078630 -1.868242 32.270000
v -0.954132 -1.934788 32.270000
v -0.825548 -1.993048 32.270000
v -0.693429 -2.042774 32.270000
v -0.558340 -2.083753 32.270000
v -0.420861 -2.115809 32.270000
v -0.281579 -2.138804 32.270000
v -0.141092 -2.152641 32.270000
v -0.000000 -2.157260 32.270000
v 0.141092 -2.152641 32.270000
v 0.281579 -2.138804 32.270000
v 0.420861 -2.115809 32.270000
v 0.558340 -2.083753 32.270000
v 0.693429 -2.042774 32.270000
v 0.825548 -1.993048 32.270000
v 0.954132 -1.934788 32.270000
v 1.078630 -1.868242 32.270000
v 1.198509 -1.793696 32.270000
v 1.313257 -1.711469 32.270000
v 1.422380 -1.621914 32.270000
v 1.525413 -1.525413 32.270000
v 1.621914 -1.422380 32.270000
v 1.711469 -1.313257 32.270000
v 1.793696 -1.198509 32.270000
v 1.868242 -1.078630 32.270000
v 1.934788 -0.954132 32.270000
v 1.993048 -0.825548 32.270000
v 2.042774 -0.693429 32.270000
v 2.083753 -0.558340 32.270000
v 2.115809 -0.420861 32.270000
v 2.138804 -0.281579 32.270000
v 2.152641 -0.141092 32.270000
v 2.157260 0.000000 32.410000
v 2.152641 0.141092 32.410000
v 2.138804 0.281579 32.410000
v 2.115809 0.420861 32.410000
v 2.083753 0.558340 32.410000
v 2.042774 0.693429 32.410000
v 1.993048 0.825548 32.410000
v 1.934788 0.954132 32.410000
v 1.868242 1.078630 32.410000
v 1.793696 1.198509 32.410000
v 1.711469 1.313257 32.410000
v 1.621914 1.422380 32.410000
v 1.525413 1.525413 32.410000
v 1.422380 1.621914 32.410000
v 1.313257 1.711469 32.410000
v 1.198509 1.793696 32.410000
v 1.078630 1.868242 32.410000
v 0.954132 1.934788 32.410000
v 0.825548 1.993048 32.410000
v 0.693429 2.042774 32.410000
v 0.558340 2.083753 32.410000
v 0.420861 2.115809 32.410000
v 0.281579 2.138804 32.410000
v 0.141092 2.152641 32.410000
v 0.000000 2.157260 32.410000
v -0.141092 2.152641 32.410000
v -0.281579 2.138804 32.410000
v -0.420861 2.115809 32.410000
v -0.558340 2.083753 32.410000
v -0.693429 2.042774 32.410000
v -0.825548 1.993048 32.410000
v -0.954132 1.934788 32.410000
v -1.078630 1.868242 32.410000
v -1.198509 1.793696 32.410000
v -1.313257 1.711469 32.410000
v -1.422380 1.621914 32.410000
v -1.525413 1.525413 32.410000
v -1.621914 1.422380 32.410000
v -1.711469 1.313257 32.410000
v -1.793696 1.198509 32.410000
v -1.868242 1.078630 32.410000
v -1.934788 0.954132 32.410000
v -1.993048 0.825548 32.410000
v -2.042774 0.693429 32.410000
v -2.083753 0.558340 32.410000
v -2.115809 0.420861 32.410000
v -2.138804 0.281579 32.410000
v -2.152641 0.141092 32.410000
v -2.157260 0.000000 32.410000
v -2.152641 -0.141092 32.410000
v -2.138804 -0.281579 32.410000
v -2.115809 -0.420861 32.410000
v -2.083753 -0.558340 32.410000
v -2.042774 -0.693429 32.410000
v -1.993048 -0.825548 32.410000
v -1.934788 -0.954132 32.410000
v -1.868242 -1.078630 32.410000
v -1.793696 -1.198509 32.410000
v -1.711469 -1.313257 32.410000
v -1.621914 -1.422380 32.410000
v -1.525413 -1.525413 32.410000
v -1.422380 -1.621914 32.410000
v -1.313257 -1.711469 32.410000
v -1.198509 -1.793696 32.410000
v -1.078630 -1.868242 32.410000
v -0.954132 -1.934788 32.410000
v -0.825548 -1.993048 32.410000
v -0.693429 -2.042774 32.410000
v -0.558340 -2.083753 32.410000
v -0.420861 -2.115809 32.410000
v -0.281579 -2.138804 32.410000
v -0.141092 -2.152641 32.410000
v -0.000000 -2.157260 32.410000
v 0.141092 -2.152641 32.410000
v 0.281579 -2.138804 32.410000
v 0.420861 -2.115809 32.410000
v 0.558340 -2.083753 32.410000
v 0.693429 -2.042774 32.410000
v 0.825548 -1.993048 32.410000
v 0.954132 -1.934788 32.410000
v 1.078630 -1.868242 32.410000
v 1.198509 -1.793696 32.410000
v 1.313257 -1.711469 32.410000
v 1.422380 -1.621914 32.410000
v 1.525413 -1.525413 32.410000
v 1.621914 -1.422380 32.410000
v 1.711469 -1.313257 32.410000
v 1.793696 -1.198509 32.410000
v 1.868242 -1.078630 32.410000
v 1.934788 -0.954132 32.410000
v 1.993048 -0.825548 32.410000
v 2.042774 -0.693429 32.410000
v 2.083753 -0.558340 32.410000
v 2.115809 -0.420861 32.410000
v 2.138804 -0.281579 32.410000
v 2.152641 -0.141092 32.410000
v 1.936260 0.000000 32.410000
v 1.932114 0.126637 32.410000
v 1.919695 0.252733 32.410000
v 1.899055 0.377746 32.410000
v 1.870283 0.501141 32.410000
v 1.833503 0.622390 32.410000
v 1.788871 0.740975 32.410000
v 1.736579 0.856386 32.410000
v 1.676850 0.968130 32.410000
v 1.609941 1.075728 32.410000
v 1.536138 1.178720 32.410000
v 1.455757 1.276665 32.410000
v 1.369143 1.369143 32.410000
v 1.276665 1.455757 32.410000
v 1.178720 1.536138 32.410000
v 1.075728 1.609941 32.410000
v 0.968130 1.676850 32.410000
v 0.856386 1.736579 32.410000
v 0.740975 1.788871 32.410000
v 0.622390 1.833503 32.410000
v 0.501141 1.870283 32.410000
v 0.377746 1.899055 32.410000
v 0.252733 1.919695 32.410000
v 0.126637 1.932114 32.410000
v 0.000000 1.936260 32.410000
v -0.126637 1.932114 32.410000
v -0.252733 1.919695 32.410000
v -0.377746 1.899055 32.410000
v -0.501141 1.870283 32.410000
v -0.622390 1.833503 32.410000
v -0.740975 1.788871 32.410000
v -0.856386 1.736579 32.410000
v -0.968130 1.676850 32.410000
v -1.075728 1.609941 32.410000
v -1.178720 1.536138 32.410000
v -1.276665 1.455757 32.410000
v -1.369143 1.369143 32.410000
v -1.455757 1.276665 32.410000
v -1.536138 1.178720 32.410000
v -1.609941 1.075728 32.410000
v -1.676850 0.968130 32.410000
v -1.736579 0.856386 32.410000
v -1.788871 0.740975 32.410000
v -1.833503 0.622390 32.410000
v -1.870283 0.501141 32.410000
v -1.899055 0.377746 32.410000
v -1.919695 0.252733 32.410000
v -1.932114 0.126637 32.410000
v -1.936260 0.000000 32.410000
v -1.932114 -0.126637 32.410000
v -1.919695 -0.252733 32.410000
v -1.899055 -0.377746 32.410000
v -1.870283 -0.501141 32.410000
v -1.833503 -0.622390 32.410000
v -1.788871 -0.740975 32.410000
v -1.736579 -0.856386 32.410000
v -1.676850 -0.968130 32.410000
v -1.609941 -1.075728 32.410000
v -1.536138 -1.178720 32.410000
v -1.455757 -1.276665 32.410000
v -1.369143 -1.369143 32.410000
v -1.276665 -1.455757 32.410000
v -1.178720 -1.536138 32.410000
v -1.075728 -1.609941 32.410000
v -0.968130 -1.676850 32.410000
v -0.856386 -1.736579 32.410000
v -0.740975 -1.788871 32.410000
v -0.622390 -1.833503 32.410000
v -0.501141 -1.870283 32.410000
v -0.377746 -1.899055 32.410000
v -0.252733 -1.919695 32.410000
v -0.126637 -1.932114 32.410000
v -0.000000 -1.936260 32.410000
v 0.126637 -1.932114 32.410000
v 0.252733 -1.919695 32.410000
v 0.377746 -1.899055 32.410000
v 0.501141 -1.870283 32.410000
v 0.622390 -1.833503 32.410000
v 0.740975 -1.788871 32.410000
v 0.856386 -1.736579 32.410000
v 0.968130 -1.676850 32.410000
v 1.075728 -1.609941 32.410000
v 1.178720 -1.536138 32.410000
v 1.276665 -1.455757 32.410000
v 1.369143 -1.369143 32.410000
v 1.455757 -1.276665 32.410000
v 1.536138 -1.178720 32.410000
v 1.609941 -1.075728 32.410000
v 1.676850 -0.968130 32.410000
v 1.736579 -0.856386 32.410000
v 1.788871 -0.740975 32.410000
v 1.833503 -0.622390 32.410000
v 1.870283 -0.501141 32.410000
v 1.899055 -0.377746 32.410000
v 1.919695 -0.252733 32.410000
v 1.932114 -0.126637 32.410000
v 1.936260 0.000000 32.270000
v 1.932114 0.126637 32.270000
v 1.919695 0.252733 32.270000
v 1.899055 0.377746 32.270000
v 1.870283 0.501141 32.270000
v 1.833503 0.622390 32.270000
v 1.788871 0.740975 32.270000
v 1.736579 0.856386 32.270000
v 1.676850 0.968130 32.270000
v 1.609941 1.075728 32.270000
v 1.536138 1.178720 32.270000
v 1.455757 1.276665 32.270000
v 1.369143 1.369143 32.270000
v 1.276665 1.455757 32.270000
v 1.178720 1.536138 32.270000
v 1.075728 1.609941 32.270000
v 0.968130 1.676850 32.270000
v 0.856386 1.736579 32.270000
v 0.740975 1.788871 32.270000
v 0.622390 1.833503 32.270000
v 0.501141 1.870283 32.270000
v 0.377746 1.899055 32.270000
v 0.252733 1.919695 32.270000
v 0.126637 1.932114 32.270000
v 0.000000 1.936260 32.270000
v -0.126637 1.932114 32.270000
v -0.252733 1.919695 32.270000
v -0.377746 1.899055 32.270000
v -0.501141 1.870283 32.270000
v -0.622390 1.833503 32.270000
v -0.740975 1.788871 32.270000
v -0.856386 1.736579 32.270000
v -0.968130 1.676850 32.270000
v -1.075728 1.609941 32.270000
v -1.178720 1.536138 32.270000
v -1.276665 1.455757 32.270000
v -1.369143 1.369143 32.270000
v -1.455757 1.276665 32.270000
v -1.536138 1.178720 32.270000
v -1.609941 1.075728 32.270000
v -1.676850 0.968130 32.270000
v -1.736579 0.856386 32.270000
v -1.788871 0.740975 32.270000
v -1.833503 0.622390 32.270000
v -1.870283 0.501141 32.270000
v -1.899055 0.377746 32.270000
v -1.919695 0.252733 32.270000
v -1.932114 0.126637 32.270000
v -1.936260 0.000000 32.270000
v -1.932114 -0.126637 32.270000
v -1.919695 -0.252733 32.270000
v -1.899055 -0.377746 32.270000
v -1.870283 -0.501141 32.270000
v -1.833503 -0.622390 32.270000
v -1.788871 -0.740975 32.270000
v -1.736579 -0.856386 32.270000
v -1.676850 -0.968130 32.270000
v -1.609941 -1.075728 32.270000
v -1.536138 -1.178720 32.270000
v -1.455757 -1.276665 32.270000
v -1.369143 -1.369143 32.270000
v -1.276665 -1.455757 32.270000
v -1.178720 -1.536138 32.270000
v -1.075728 -1.609941 32.270000
v -0.968130 -1.676850 32.270000
v -0.856386 -1.736579 32.270000
v -0.740975 -1.788871 32.270000
v -0.622390 -1.833503 32.270000
v -0.501141 -1.870283 32.270000
v -0.377746 -1.899055 32.270000
v -0.252733 -1.919695 32.270000
v -0.126637 -1.932114 32.270000
v -0.000000 -1.936260 32.270000
v 0.126637 -1.932114 32.270000
v 0.252733 -1.919695 32.270000
v 0.377746 -1.899055 32.270000
v 0.501141 -1.870283 32.270000
v 0.622390 -1.833503 32.270000
v 0.740975 -1.788871 32.270000
v 0.856386 -1.736579 32.270000
v 0.968130 -1.676850 32.270000
v 1.075728 -1.609941 32.270000
v 1.178720 -1.536138 32.270000
v 1.276665 -1.455757 32.270000
v 1.369143 -1.369143 32.270000
v 1.455757 -1.276665 32.270000
v 1.536138 -1.178720 32.270000
v 1.609941 -1.075728 32.270000
v 1.676850 -0.968130 32.270000
v 1.736579 -0.856386 32.270000
v 1.788871 -0.740975 32.270000
v 1.833503 -0.622390 32.270000
v 1.870283 -0.501141 32.270000
v 1.899055 -0.377746 32.270000
v 1.919695 -0.252733 32.270000
v 1.932114 -0.126637 32.270000
v 2.170000 0.000000 32.395000
v 2.165354 0.141925 32.395000
v 2.151435 0.283242 32.395000
v 2.128304 0.423346 32.395000
v 2.096059 0.561637 32.395000
v 2.054838 0.697524 32.395000
v 2.004819 0.830423 32.395000
v 1.946214 0.959766 32.395000
v 1.879275 1.085000 32.395000
v 1.804289 1.205587 32.395000
v 1.721577 1.321012 32.395000
v 1.631492 1.430780 32.395000
v 1.534422 1.534422 32.395000
v 1.430780 1.631492 32.395000
v 1.321012 1.721577 32.395000
v 1.205587 1.804289 32.395000
v 1.085000 1.879275 32.395000
v 0.959766 1.946214 32.395000
v 0.830423 2.004819 32.395000
v 0.697524 2.054838 32.395000
v 0.561637 2.096059 32.395000
v 0.423346 2.128304 32.395000
v 0.283242 2.151435 32.395000
v 0.141925 2.165354 32.395000
v 0.000000 2.170000 32.395000
v -0.141925 2.165354 32.395000
v -0.283242 2.151435 32.395000
v -0.423346 2.128304 32.395000
v -0.561637 2.096059 32.395000
v -0.697524 2.054838 32.395000
v -0.830423 2.004819 32.395000
v -0.959766 1.946214 32.395000
v -1.085000 1.879275 32.395000
v -1.205587 1.804289 32.395000
v -1.321012 1.721577 32.395000
v -1.430780 1.631492 32.395000
v -1.534422 1.534422 32.395000
v -1.631492 1.430780 32.395000
v -1.721577 1.321012 32.395000
v -1.804289 1.205587 32.395000
v -1.879275 1.085000 32.395000
v -1.946214 0.959766 32.395000
v -2.004819 0.830423 32.395000
v -2.054838 0.697524 32.395000
v -2.096059 0.561637 32.395000
v -2.128304 0.423346 32.395000
v -2.151435 0.283242 32.395000
v -2.165354 0.141925 32.395000
v -2.170000 0.000000 32.395000
v -2.165354 -0.141925 32.395000
v -2.151435 -0.283242 32.395000
v -2.128304 -0.423346 32.395000
v -2.096059 -0.561637 32.395000
v -2.054838 -0.697524 32.395000
v -2.004819 -0.830423 32.395000
v -1.946214 -0.959766 32.395000
v -1.879275 -1.085000 32.395000
v -1.804289 -1.205587 32.395000
v -1.721577 -1.321012 32.395000
v -1.631492 -1.430780 32.395000
v -1.534422 -1.534422 32.395000
v -1.430780 -1.631492 32.395000
v -1.321012 -1.721577 32.395000
v -1.205587 -1.804289 32.395000
v -1.085000 -1.879275 32.395000
v -0.959766 -1.946214 32.395000
v -0.830423 -2.004819 32.395000
v -0.697524 -2.054838 32.395000
v -0.561637 -2.096059 32.395000
v -0.423346 -2.128304 32.395000
v -0.283242 -2.151435 32.395000
v -0.141925 -2.165354 32.395000
v -0.000000 -2.170000 32.395000
v 0.141925 -2.165354 32.395000
v 0.283242 -2.151435 32.395000
v 0.423346 -2.128304 32.395000
v 0.561637 -2.096059 32.395000
v 0.697524 -2.054838 32.395000
v 0.830423 -2.004819 32.395000
v 0.959766 -1.946214 32.395000
v 1.085000 -1.879275 32.395000
v 1.205587 -1.804289 32.395000
v 1.321012 -1.721577 32.395000
v 1.430780 -1.631492 32.395000
v 1.534422 -1.534422 32.395000
v 1.631492 -1.430780 32.395000
v 1.721577 -1.321012 32.395000
v 1.804289 -1.205587 32.395000
v 1.879275 -1.085000 32.395000
v 1.946214 -0.959766 32.395000
v 2.004819 -0.830423 32.395000
v 2.054838 -0.697524 32.395000
v 2.096059 -0.561637 32.395000
v 2.128304 -0.423346 32.395000
v 2.151435 -0.283242 32.395000
v 2.165354 -0.141925 32.395000
v 2.184000 0.000000 32.395000
v 2.179324 0.142840 32.395000
v 2.165316 0.285069 32.395000
v 2.142035 0.426077 32.395000
v 2.109582 0.565261 32.395000
v 2.068095 0.702024 32.395000
v 2.017753 0.835781 32.395000
v 1.958770 0.965958 32.395000
v 1.891400 1.092000 32.395000
v 1.815930 1.213365 32.395000
v 1.732684 1.329535 32.395000
v 1.642018 1.440011 32.395000
v 1.544321 1.544321 32.395000
v 1.440011 1.642018 32.395000
v 1.329535 1.732684 32.395000
v 1.213365 1.815930 32.395000
v 1.092000 1.891400 32.395000
v 0.965958 1.958770 32.395000
v 0.835781 2.017753 32.395000
v 0.702024 2.068095 32.395000
v 0.565261 2.109582 32.395000
v 0.426077 2.142035 32.395000
v 0.285069 2.165316 32.395000
v 0.142840 2.179324 32.395000
v 0.000000 2.184000 32.395000
v -0.142840 2.179324 32.395000
v -0.285069 2.165316 32.395000
v -0.426077 2.142035 32.395000
v -0.565261 2.109582 32.395000
v -0.702024 2.068095 32.395000
v -0.835781 2.017753 32.395000
v -0.965958 1.958770 32.395000
v -1.092000 1.891400 32.395000
v -1.213365 1.815930 32.395000
v -1.329535 1.732684 32.395000
v -1.440011 1.642018 32.395000
v -1.544321 1.544321 32.395000
v -1.642018 1.440011 32.395000
v -1.732684 1.329535 32.395000
v -1.815930 1.213365 32.395000
v -1.891400 1.092000 32.395000
v -1.958770 0.965958 32.395000
v -2.017753 0.835781 32.395000
v -2.068095 0.702024 32.395000
v -2.109582 0.565261 32.395000
v -2.142035 0.426077 32.395000
v -2.165316 0.285069 32.395000
v -2.179324 0.142840 32.395000
v -2.184000 0.000000 32.395000
v -2.179324 -0.142840 32.395000
v -2.165316 -0.285069 32.395000
v -2.142035 -0.426077 32.395000
v -2.109582 -0.565261 32.395000
v -2.068095 -0.702024 32.395000
v -2.017753 -0.835781 32.395000
v -1.958770 -0.965958 32.395000
v -1.891400 -1.092000 32.395000
v -1.815930 -1.213365 32.395000
v -1.732684 -1.329535 32.395000
v -1.642018 -1.440011 32.395000
v -1.544321 -1.544321 32.395000
v -1.440011 -1.642018 32.395000
v -1.329535 -1.732684 32.395000
v -1.213365 -1.815930 32.395000
v -1.092000 -1.891400 32.395000
v -0.965958 -1.958770 32.395000
v -0.835781 -2.017753 32.395000
v -0.702024 -2.068095 32.395000
v -0.565261 -2.109582 32.395000
v -0.426077 -2.142035 32.395000
v -0.285069 -2.165316 32.395000
v -0.142840 -2.179324 32.395000
v -0.000000 -2.184000 32.395000
v 0.142840 -2.179324 32.395000
v 0.285069 -2.165316 32.395000
v 0.426077 -2.142035 32.395000
v 0.565261 -2.109582 32.395000
v 0.702024 -2.068095 32.395000
v 0.835781 -2.017753 32.395000
v 0.965958 -1.958770 32.395000
v 1.092000 -1.891400 32.395000
v 1.213365 -1.815930 32.395000
v 1.329535 -1.732684 32.395000
v 1.440011 -1.642018 32.395000
v 1.544321 -1.544321 32.395000
v 1.642018 -1.440011 32.395000
v 1.732684 -1.329535 32.395000
v 1.815930 -1.213365 32.395000
v 1.891400 -1.092000 32.395000
v 1.958770 -0.965958 32.395000
v 2.017753 -0.835781 32.395000
v 2.068095 -0.702024 32.395000
v 2.109582 -0.565261 32.395000
v 2.142035 -0.426077 32.395000
v 2.165316 -0.285069 32.395000
v 2.179324 -0.142840 32.395000
v 2.184000 0.000000 32.424999
v 2.179324 0.142840 32.424999
v 2.165316 0.285069 32.424999
v 2.142035 0.426077 32.424999
v 2.109582 0.565261 32.424999
v 2.068095 0.702024 32.424999
v 2.017753 0.835781 32.424999
v 1.958770 0.965958 32.424999
v 1.891400 1.092000 32.424999
v 1.815930 1.213365 32.424999
v 1.732684 1.329535 32.424999
v 1.642018 1.440011 32.424999
v 1.544321 1.544321 32.424999
v 1.440011 1.642018 32.424999
v 1.329535 1.732684 32.424999
v 1.213365 1.815930 32.424999
v 1.092000 1.891400 32.424999
v 0.965958 1.958770 32.424999
v 0.835781 2.017753 32.424999
v 0.702024 2.068095 32.424999
v 0.565261 2.109582 32.424999
v 0.426077 2.142035 32.424999
v 0.285069 2.165316 32.424999
v 0.142840 2.179324 32.424999
v 0.000000 2.184000 32.424999
v -0.142840 2.179324 32.424999
v -0.285069 2.165316 32.424999
v -0.426077 2.142035 32.424999
v -0.565261 2.109582 32.424999
v -0.702024 2.068095 32.424999
v -0.835781 2.017753 32.424999
v -0.965958 1.958770 32.424999
v -1.092000 1.891400 32.424999
v -1.213365 1.815930 32.424999
v -1.329535 1.732684 32.424999
v -1.440011 1.642018 32.424999
v -1.544321 1.544321 32.424999
v -1.642018 1.440011 32.424999
v -1.732684 1.329535 32.424999
v -1.815930 1.213365 32.424999
v -1.891400 1.092000 32.424999
v -1.958770 0.965958 32.424999
v -2.017753 0.835781 32.424999
v -2.068095 0.702024 32.424999
v -2.109582 0.565261 32.424999
v -2.142035 0.426077 32.424999
v -2.165316 0.285069 32.424999
v -2.179324 0.142840 32.424999
v -2.184000 0.000000 32.424999
v -2.179324 -0.142840 32.424999
v -2.165316 -0.285069 32.424999
v -2.142035 -0.426077 32.424999
v -2.109582 -0.565261 32.424999
v -2.068095 -0.702024 32.424999
v -2.017753 -0.835781 32.424999
v -1.958770 -0.965958 32.424999
v -1.891400 -1.092000 32.424999
v -1.815930 -1.213365 32.424999
v -1.732684 -1.329535 32.424999
v -1.642018 -1.440011 32.424999
v -1.544321 -1.544321 32.424999
v -1.440011 -1.642018 32.424999
v -1.329535 -1.732684 32.424999
v -1.213365 -1.815930 32.424999
v -1.092000 -1.891400 32.424999
v -0.965958 -1.958770 32.424999
v -0.835781 -2.017753 32.424999
v -0.702024 -2.068095 32.424999
v -0.565261 -2.109582 32.424999
v -0.426077 -2.142035 32.424999
v -0.285069 -2.165316 32.424999
v -0.142840 -2.179324 32.424999
v -0.000000 -2.184000 32.424999
v 0.142840 -2.179324 32.424999
v 0.285069 -2.165316 32.424999
v 0.426077 -2.142035 32.424999
v 0.565261 -2.109582 32.424999
v 0.702024 -2.068095 32.424999
v 0.835781 -2.017753 32.424999
v 0.965958 -1.958770 32.424999
v 1.092000 -1.891400 32.424999
v 1.213365 -1.815930 32.424999
v 1.329535 -1.732684 32.424999
v 1.440011 -1.642018 32.424999
v 1.544321 -1.544321 32.424999
v 1.642018 -1.440011 32.424999
v 1.732684 -1.329535 32.424999
v 1.815930 -1.213365 32.424999
v 1.891400 -1.092000 32.424999
v 1.958770 -0.965958 32.424999
v 2.017753 -0.835781 32.424999
v 2.068095 -0.702024 32.424999
v 2.109582 -0.565261 32.424999
v 2.142035 -0.426077 32.424999
v 2.165316 -0.285069 32.424999
v 2.179324 -0.142840 32.424999
v 2.170000 0.000000 32.424999
v 2.165354 0.141925 32.424999
v 2.151435 0.283242 32.424999
v 2.128304 0.423346 32.424999
v 2.096059 0.561637 32.424999
v 2.054838 0.697524 32.424999
v 2.004819 0.830423 32.424999
v 1.946214 0.959766 32.424999
v 1.879275 1.085000 32.424999
v 1.804289 1.205587 32.424999
v 1.721577 1.321012 32.424999
v 1.631492 1.430780 32.424999
v 1.534422 1.534422 32.424999
v 1.430780 1.631492 32.424999
v 1.321012 1.721577 32.424999
v 1.205587 1.804289 32.424999
v 1.085000 1.879275 32.424999
v 0.959766 1.946214 32.424999
v 0.830423 2.004819 32.424999
v 0.697524 2.054838 32.424999
v 0.561637 2.096059 32.424999
v 0.423346 2.128304 32.424999
v 0.283242 2.151435 32.424999
v 0.141925 2.165354 32.424999
v 0.000000 2.170000 32.424999
v -0.141925 2.165354 32.424999
v -0.283242 2.151435 32.424999
v -0.423346 2.128304 32.424999
v -0.561637 2.096059 32.424999
v -0.697524 2.054838 32.424999
v -0.830423 2.004819 32.424999
v -0.959766 1.946214 32.424999
v -1.085000 1.879275 32.424999
v -1.205587 1.804289 32.424999
v -1.321012 1.721577 32.424999
v -1.430780 1.631492 32.424999
v -1.534422 1.534422 32.424999
v -1.631492 1.430780 32.424999
v -1.721577 1.321012 32.424999
v -1.804289 1.205587 32.424999
v -1.879275 1.085000 32.424999
v -1.946214 0.959766 32.424999
v -2.004819 0.830423 32.424999
v -2.054838 0.697524 32.424999
v -2.096059 0.561637 32.424999
v -2.128304 0.423346 32.424999
v -2.151435 0.283242 32.424999
v -2.165354 0.141925 32.424999
v -2.170000 0.000000 32.424999
v -2.165354 -0.141925 32.424999
v -2.151435 -0.283242 32.424999
v -2.128304 -0.423346 32.424999
v -2.096059 -0.561637 32.424999
v -2.054838 -0.697524 32.424999
v -2.004819 -0.830423 32.424999
v -1.946214 -0.959766 32.424999
v -1.879275 -1.085000 32.424999
v -1.804289 -1.205587 32.424999
v -1.721577 -1.321012 32.424999
v -1.631492 -1.430780 32.424999
v -1.534422 -1.534422 32.424999
v -1.430780 -1.631492 32.424999
v -1.321012 -1.721577 32.424999
v -1.205587 -1.804289 32.424999
v -1.085000 -1.879275 32.424999
v -0.959766 -1.946214 32.424999
v -0.830423 -2.004819 32.424999
v -0.697524 -2.054838 32.424999
v -0.561637 -2.096059 32.424999
v -0.423346 -2.128304 32.424999
v -0.283242 -2.151435 32.424999
v -0.141925 -2.165354 32.424999
v -0.000000 -2.170000 32.424999
v 0.141925 -2.165354 32.424999
v 0.283242 -2.151435 32.424999
v 0.423346 -2.128304 32.424999
v 0.561637 -2.096059 32.424999
v 0.697524 -2.054838 32.424999
v 0.830423 -2.004819 32.424999
v 0.959766 -1.946214 32.424999
v 1.085000 -1.879275 32.424999
v 1.205587 -1.804289 32.424999
v 1.321012 -1.721577 32.424999
v 1.430780 -1.631492 32.424999
v 1.534422 -1.534422 32.424999
v 1.631492 -1.430780 32.424999
v 1.721577 -1.321012 32.424999
v 1.804289 -1.205587 32.424999
v 1.879275 -1.085000 32.424999
v 1.946214 -0.959766 32.424999
v 2.004819 -0.830423 32.424999
v 2.054838 -0.697524 32.424999
v 2.096059 -0.561637 32.424999
v 2.128304 -0.423346 32.424999
v 2.151435 -0.283242 32.424999
v 2.165354 -0.141925 32.424999
v 2.170000 0.000000 32.395000
v 2.165354 0.141925 32.395000
v 2.151435 0.283242 32.395000
v 2.128304 0.423346 32.395000
v 2.096059 0.561637 32.395000
v 2.054838 0.697524 32.395000
v 2.004819 0.830423 32.395000
v 1.946214 0.959766 32.395000
v 1.879275 1.085000 32.395000
v 1.804289 1.205587 32.395000
v 1.721577 1.321012 32.395000
v 1.631492 1.430780 32.395000
v 1.534422 1.534422 32.395000
v 1.430780 1.631492 32.395000
v 1.321012 1.721577 32.395000
v 1.205587 1.804289 32.395000
v 1.085000 1.879275 32.395000
v 0.959766 1.946214 32.395000
v 0.830423 2.004819 32.395000
v 0.697524 2.054838 32.395000
v 0.561637 2.096059 32.395000
v 0.423346 2.128304 32.395000
v 0.283242 2.151435 32.395000
v 0.141925 2.165354 32.395000
v 0.000000 2.170000 32.395000
v -0.141925 2.165354 32.395000
v -0.283242 2.151435 32.395000
v -0.423346 2.128304 32.395000
v -0.561637 2.096059 32.395000
v -0.697524 2.054838 32.395000
v -0.830423 2.004819 32.395000
v -0.959766 1.946214 32.395000
v -1.085000 1.879275 32.395000
v -1.205587 1.804289 32.395000
v -1.321012 1.721577 32.395000
v -1.430780 1.631492 32.395000
v -1.534422 1.534422 32.395000
v -1.631492 1.430780 32.395000
v -1.721577 1.321012 32.395000
v -1.804289 1.205587 32.395000
v -1.879275 1.085000 32.395000
v -1.946214 0.959766 32.395000
v -2.004819 0.830423 32.395000
v -2.054838 0.697524 32.395000
v -2.096059 0.561637 32.395000
v -2.128304 0.423346 32.395000
v -2.151435 0.283242 32.395000
v -2.165354 0.141925 32.395000
v -2.170000 0.000000 32.395000
v -2.165354 -0.141925 32.395000
v -2.151435 -0.283242 32.395000
v -2.128304 -0.423346 32.395000
v -2.096059 -0.561637 32.395000
v -2.054838 -0.697524 32.395000
v -2.004819 -0.830423 32.395000
v -1.946214 -0.959766 32.395000
v -1.879275 -1.085000 32.395000
v -1.804289 -1.205587 32.395000
v -1.721577 -1.321012 32.395000
v -1.631492 -1.430780 32.395000
v -1.534422 -1.534422 32.395000
v -1.430780 -1.631492 32.395000
v -1.321012 -1.721577 32.395000
v -1.205587 -1.804289 32.395000
v -1.085000 -1.879275 32.395000
v -0.959766 -1.946214 32.395000
v -0.830423 -2.004819 32.395000
v -0.697524 -2.054838 32.395000
v -0.561637 -2.096059 32.395000
v -0.423346 -2.128304 32.395000
v -0.283242 -2.151435 32.395000
v -0.141925 -2.165354 32.395000
v -0.000000 -2.170000 32.395000
v 0.141925 -2.165354 32.395000
v 0.283242 -2.151435 32.395000
v 0.423346 -2.128304 32.395000
v 0.561637 -2.096059 32.395000
v 0.697524 -2.054838 32.395000
v 0.830423 -2.004819 32.395000
v 0.959766 -1.946214 32.395000
v 1.085000 -1.879275 32.395000
v 1.205587 -1.804289 32.395000
v 1.321012 -1.721577 32.395000
v 1.430780 -1.631492 32.395000
v 1.534422 -1.534422 32.395000
v 1.631492 -1.430780 32.395000
v 1.721577 -1.321012 32.395000
v 1.804289 -1.205587 32.395000
v 1.879275 -1.085000 32.395000
v 1.946214 -0.959766 32.395000
v 2.004819 -0.830423 32.395000
v 2.054838 -0.697524 32.395000
v 2.096059 -0.561637 32.395000
v 2.128304 -0.423346 32.395000
v 2.151435 -0.283242 32.395000
v 2.165354 -0.141925 32.395000
vn 0.9995 0.0327 0.0037
vn -0.9995 -0.0327 -0.0032
vn 0.9952 0.0980 0.0037
vn -0.9952 -0.0980 -0.0032
vn 0.9866 0.1629 0.0037
vn -0.9866 -0.1629 -0.0032
vn 0.9739 0.2271 0.0037
vn -0.9739 -0.2271 -0.0032
vn 0.9569 0.2903 0.0037
vn -0.9569 -0.2903 -0.0032
vn 0.9359 0.3522 0.0037
vn -0.9359 -0.3522 -0.0032
vn 0.9109 0.4127 0.0037
vn -0.9109 -0.4127 -0.0032
vn 0.8819 0.4714 0.0037
vn -0.8819 -0.4714 -0.0032
vn 0.8492 0.5281 0.0037
vn -0.8492 -0.5281 -0.0032
vn 0.8128 0.5825 0.0037
vn -0.8128 -0.5825 -0.0032
vn 0.7730 0.6344 0.0037
vn -0.7730 -0.6344 -0.0032
vn 0.7299 0.6836 0.0037
vn -0.7299 -0.6836 -0.0032
vn 0.6836 0.7299 0.0037
vn -0.6836 -0.7299 -0.0032
vn 0.6344 0.7730 0.0037
vn -0.6344 -0.7730 -0.0032
vn 0.5825 0.8128 0.0037
vn -0.5825 -0.8128 -0.0032
vn 0.5281 0.8492 0.0037
vn -0.5281 -0.8492 -0.0032
vn 0.4714 0.8819 0.0037
vn -0.4714 -0.8819 -0.0032
vn 0.4127 0.9109 0.0037
vn -0.4127 -0.9109 -0.0032
vn 0.3522 0.9359 0.0037
vn -0.3522 -0.9359 -0.0032
vn 0.2903 0.9569 0.0037
vn -0.2903 -0.9569 -0.0032
vn 0.2271 0.9739 0.0037
vn -0.2271 -0.9739 -0.0032
vn 0.1629 0.9866 0.0037
vn -0.1629 -0.9866 -0.0032
vn 0.0980 0.9952 0.0037
vn -0.0980 -0.9952 -0.0032
vn 0.0327 0.9995 0.0037
vn -0.0327 -0.9995 -0.0032
vn -0.0327 0.9995 0.0037
vn 0.0327 -0.9995 -0.0032
vn -0.0980 0.9952 0.0037
vn 0.0980 -0.9952 -0.0032
vn -0.1629 0.9866 0.0037
vn 0.1629 -0.9866 -0.0032
vn -0.2271 0.9739 0.0037
vn 0.2271 -0.9739 -0.0032
vn -0.2903 0.9569 0.0037
vn 0.2903 -0.9569 -0.0032
vn -0.3522 0.9359 0.0037
vn 0.3522 -0.9359 -0.0032
vn -0.4127 0.9109 0.0037
vn 0.4127 -0.9109 -0.0032
vn -0.4714 0.8819 0.0037
vn 0.4714 -0.8819 -0.0032
vn -0.5281 0.8492 0.0037
vn 0.5281 -0.8492 -0.0032
vn -0.5825 0.8128 0.0037
vn 0.5825 -0.8128 -0.0032
vn -0.6344 0.7730 0.0037
vn 0.6344 -0.7730 -0.0032
vn -0.6836 0.7299 0.0037
vn 0.6836 -0.7299 -0.0032
vn -0.7299 0.6836 0.0037
vn 0.7299 -0.6836 -0.0032
vn -0.7730 0.6344 0.0037
vn 0.7730 -0.6344 -0.0032
vn -0.8128 0.5825 0.0037
vn 0.8128 -0.5825 -0.0032
vn -0.8492 0.5281 0.0037
vn 0.8492 -0.5281 -0.0032
vn -0.8819 0.4714 0.0037
vn 0.8819 -0.4714 -0.0032
vn -0.9109 0.4127 0.0037
vn 0.9109 -0.4127 -0.0032
vn -0.9359 0.3522 0.0037
vn 0.9359 -0.3522 -0.0032
vn -0.9569 0.2903 0.0037
vn 0.9569 -0.2903 -0.0032
vn -0.9739 0.2271 0.0037
vn 0.9739 -0.2271 -0.0032
vn -0.9866 0.1629 0.0037
vn 0.9866 -0.1629 -0.0032
vn -0.9952 0.0980 0.0037
vn 0.9952 -0.0980 -0.0032
vn -0.9995 0.0327 0.0037
vn 0.9995 -0.0327 -0.0032
vn -0.9995 -0.0327 0.0037
vn 0.9995 0.0327 -0.0032
vn -0.9952 -0.0980 0.0037
vn 0.9952 0.0980 -0.0032
vn -0.9866 -0.1629 0.0037
vn 0.9866 0.1629 -0.0032
vn -0.9739 -0.2271 0.0037
vn 0.9739 0.2271 -0.0032
vn -0.9569 -0.2903 0.0037
vn 0.9569 0.2903 -0.0032
vn -0.9359 -0.3522 0.0037
vn 0.9359 0.3522 -0.0032
vn -0.9109 -0.4127 0.0037
vn 0.9109 0.4127 -0.0032
vn -0.8819 -0.4714 0.0037
vn 0.8819 0.4714 -0.0032
vn -0.8492 -0.5281 0.0037
vn 0.8492 0.5281 -0.0032
vn -0.8128 -0.5825 0.0037
vn 0.8128 0.5825 -0.0032
vn -0.7730 -0.6344 0.0037
vn 0.7730 0.6344 -0.0032
vn -0.7299 -0.6836 0.0037
vn 0.7299 0.6836 -0.0032
vn -0.6836 -0.7299 0.0037
vn 0.6836 0.7299 -0.0032
vn -0.6344 -0.7730 0.0037
vn 0.6344 0.7730 -0.0032
vn -0.5825 -0.8128 0.0037
vn 0.5825 0.8128 -0.0032
vn -0.5281 -0.8492 0.0037
vn 0.5281 0.8492 -0.0032
vn -0.4714 -0.8819 0.0037
vn 0.4714 0.8819 -0.0032
vn -0.4127 -0.9109 0.0037
vn 0.4127 0.9109 -0.0032
vn -0.3522 -0.9359 0.0037
vn 0.3522 0.9359 -0.0032
vn -0.2903 -0.9569 0.0037
vn 0.2903 0.9569 -0.0032
vn -0.2271 -0.9739 0.0037
vn 0.2271 0.9739 -0.0032
vn -0.1629 -0.9866 0.0037
vn 0.1629 0.9866 -0.0032
vn -0.0980 -0.9952 0.0037
vn 0.0980 0.9952 -0.0032
vn -0.0327 -0.9995 0.0037
vn 0.0327 0.9995 -0.0032
vn 0.0327 -0.9995 0.0037
vn -0.0327 0.9995 -0.0032
vn 0.0980 -0.9952 0.0037
vn -0.0980 0.9952 -0.0032
vn 0.1629 -0.9866 0.0037
vn -0.1629 0.9866 -0.0032
vn 0.2271 -0.9739 0.0037
vn -0.2271 0.9739 -0.0032
vn 0.2903 -0.9569 0.0037
vn -0.2903 0.9569 -0.0032
vn 0.3522 -0.9359 0.0037
vn -0.3522 0.9359 -0.0032
vn 0.4127 -0.9109 0.0037
vn -0.4127 0.9109 -0.0032
vn 0.4714 -0.8819 0.0037
vn -0.4714 0.8819 -0.0032
vn 0.5281 -0.8492 0.0037
vn -0.5281 0.8492 -0.0032
vn 0.5825 -0.8128 0.0037
vn -0.5825 0.8128 -0.0032
vn 0.6344 -0.7730 0.0037
vn -0.6344 0.7730 -0.0032
vn 0.6836 -0.7299 0.0037
vn -0.6836 0.7299 -0.0032
vn 0.7299 -0.6836 0.0037
vn -0.7299 0.6836 -0.0032
vn 0.7730 -0.6344 0.0037
vn -0.7730 0.6344 -0.0032
vn 0.8128 -0.5825 0.0037
vn -0.8128 0.5825 -0.0032
vn 0.8492 -0.5281 0.0037
vn -0.8492 0.5281 -0.0032
vn 0.8819 -0.4714 0.0037
vn -0.8819 0.4714 -0.0032
vn 0.9109 -0.4127 0.0037
vn -0.9109 0.4127 -0.0032
vn 0.9359 -0.3522 0.0037
vn -0.9359 0.3522 -0.0032
vn 0.9569 -0.2903 0.0037
vn -0.9569 0.2903 -0.0032
vn 0.9739 -0.2271 0.0037
vn -0.9739 0.2271 -0.0032
vn 0.9866 -0.1629 0.0037
vn -0.9866 0.1629 -0.0032
vn 0.9952 -0.0980 0.0037
vn -0.9952 0.0980 -0.0032
vn 0.9995 -0.0327 0.0037
vn -0.9995 0.0327 -0.0032
vn 0.9989 0.0327 0.0337
vn -0.9989 -0.0327 -0.0333
vn 0.9946 0.0980 0.0337
vn -0.9946 -0.0980 -0.0333
vn 0.9861 0.1628 0.0337
vn -0.9861 -0.1628 -0.0333
vn 0.9733 0.2269 0.0337
vn -0.9733 -0.2270 -0.0333
vn 0.9564 0.2901 0.0337
vn -0.9564 -0.2901 -0.0333
vn 0.9354 0.3521 0.0337
vn -0.9354 -0.3521 -0.0333
vn 0.9103 0.4125 0.0337
vn -0.9104 -0.4125 -0.0333
vn 0.8814 0.4711 0.0337
vn -0.8814 -0.4711 -0.0333
vn 0.8487 0.5278 0.0337
vn -0.8487 -0.5278 -0.0333
vn 0.8124 0.5821 0.0337
vn -0.8124 -0.5822 -0.0333
vn 0.7726 0.6340 0.0337
vn -0.7726 -0.6340 -0.0333
vn 0.7294 0.6832 0.0337
vn -0.7295 -0.6832 -0.0333
vn 0.6832 0.7294 0.0337
vn -0.6832 -0.7295 -0.0333
vn 0.6340 0.7726 0.0337
vn -0.6340 -0.7726 -0.0333
vn 0.5821 0.8124 0.0337
vn -0.5822 -0.8124 -0.0333
vn 0.5278 0.8487 0.0337
vn -0.5278 -0.8487 -0.0333
vn 0.4711 0.8814 0.0337
vn -0.4711 -0.8814 -0.0333
vn 0.4125 0.9103 0.0337
vn -0.4125 -0.9104 -0.0333
vn 0.3521 0.9354 0.0337
vn -0.3521 -0.9354 -0.0333
vn 0.2901 0.9564 0.0337
vn -0.2901 -0.9564 -0.0333
vn 0.2269 0.9733 0.0337
vn -0.2269 -0.9733 -0.0333
vn 0.1628 0.9861 0.0337
vn -0.1628 -0.9861 -0.0333
vn 0.0980 0.9946 0.0337
vn -0.0980 -0.9946 -0.0333
vn 0.0327 0.9989 0.0337
vn -0.0327 -0.9989 -0.0333
vn -0.0327 0.9989 0.0337
vn 0.0327 -0.9989 -0.0333
vn -0.0980 0.9946 0.0337
vn 0.0980 -0.9946 -0.0333
vn -0.1628 0.9861 0.0337
vn 0.1628 -0.9861 -0.0333
vn -0.2269 0.9733 0.0337
vn 0.2270 -0.9733 -0.0333
vn -0.2901 0.9564 0.0337
vn 0.2901 -0.9564 -0.0333
vn -0.3521 0.9354 0.0337
vn 0.3521 -0.9354 -0.0333
vn -0.4125 0.9103 0.0337
vn 0.4125 -0.9104 -0.0333
vn -0.4711 0.8814 0.0337
vn 0.4711 -0.8814 -0.0333
vn -0.5278 0.8487 0.0337
vn 0.5278 -0.8487 -0.0333
vn -0.5821 0.8124 0.0337
vn 0.5822 -0.8124 -0.0333
vn -0.6340 0.7726 0.0337
vn 0.6340 -0.7726 -0.0333
vn -0.6832 0.7294 0.0337
vn 0.6832 -0.7295 -0.0333
vn -0.7294 0.6832 0.0337
vn 0.7295 -0.6832 -0.0333
vn -0.7726 0.6340 0.0337
vn 0.7726 -0.6340 -0.0333
vn -0.8124 0.5821 0.0337
vn 0.8124 -0.5822 -0.0333
vn -0.8487 0.5278 0.0337
vn 0.8487 -0.5278 -0.0333
vn -0.8814 0.4711 0.0337
vn 0.8814 -0.4711 -0.0333
vn -0.9103 0.4125 0.0337
vn 0.9104 -0.4125 -0.0333
vn -0.9354 0.3520 0.0337
vn 0.9354 -0.3521 -0.0333
vn -0.9564 0.2901 0.0337
vn 0.9564 -0.2901 -0.0333
vn -0.9733 0.2269 0.0337
vn 0.9733 -0.2270 -0.0333
vn -0.9861 0.1628 0.0337
vn 0.9861 -0.1628 -0.0333
vn -0.9946 0.0980 0.0337
vn 0.9946 -0.0980 -0.0333
vn -0.9989 0.0327 0.0337
vn 0.9989 -0.0327 -0.0333
vn -0.9989 -0.0327 0.0337
vn 0.9989 0.0327 -0.0333
vn -0.9946 -0.0980 0.0337
vn 0.9946 0.0980 -0.0333
vn -0.9861 -0.1628 0.0337
vn 0.9861 0.1628 -0.0333
vn -0.9733 -0.2269 0.0337
vn 0.9733 0.2270 -0.0333
vn -0.9564 -0.2901 0.0337
vn 0.9564 0.2901 -0.0333
vn -0.9354 -0.3521 0.0337
vn 0.9354 0.3521 -0.0333
vn -0.9103 -0.4125 0.0337
vn 0.9104 0.4125 -0.0333
vn -0.8814 -0.4711 0.0337
vn 0.8814 0.4711 -0.0333
vn -0.8487 -0.5278 0.0337
vn 0.8487 0.5278 -0.0333
vn -0.8124 -0.5821 0.0337
vn 0.8124 0.5822 -0.0333
vn -0.7726 -0.6340 0.0337
vn 0.7726 0.6340 -0.0333
vn -0.7294 -0.6832 0.0337
vn 0.7295 0.6832 -0.0333
vn -0.6832 -0.7294 0.0337
vn 0.6832 0.7295 -0.0333
vn -0.6340 -0.7726 0.0337
vn 0.6340 0.7726 -0.0333
vn -0.5821 -0.8124 0.0337
vn 0.5822 0.8124 -0.0333
vn -0.5278 -0.8487 0.0337
vn 0.5278 0.8487 -0.0333
vn -0.4711 -0.8814 0.0337
vn 0.4711 0.8814 -0.0333
vn -0.4125 -0.9103 0.0337
vn 0.4125 0.9104 -0.0333
vn -0.3521 -0.9354 0.0337
vn 0.3521 0.9354 -0.0333
vn -0.2901 -0.9564 0.0337
vn 0.2901 0.9564 -0.0333
vn -0.2269 -0.9733 0.0337
vn 0.2269 0.9733 -0.0333
vn -0.1628 -0.9861 0.0337
vn 0.1628 0.9861 -0.0333
vn -0.0980 -0.9946 0.0337
vn 0.0980 0.9946 -0.0333
vn -0.0327 -0.9989 0.0337
vn 0.0327 0.9989 -0.0333
vn 0.0327 -0.9989 0.0337
vn -0.0327 0.9989 -0.0333
vn 0.0980 -0.9946 0.0337
vn -0.0980 0.9946 -0.0333
vn 0.1628 -0.9861 0.0337
vn -0.1628 0.9861 -0.0333
vn 0.2269 -0.9733 0.0337
vn -0.2270 0.9733 -0.0333
vn 0.2901 -0.9564 0.0337
vn -0.2901 0.9564 -0.0333
vn 0.3521 -0.9354 0.0337
vn -0.3521 0.9354 -0.0333
vn 0.4125 -0.9103 0.0337
vn -0.4125 0.9104 -0.0333
vn 0.4711 -0.8814 0.0337
vn -0.4711 0.8814 -0.0333
vn 0.5278 -0.8487 0.0337
vn -0.5278 0.8487 -0.0333
vn 0.5821 -0.8124 0.0337
vn -0.5822 0.8124 -0.0333
vn 0.6340 -0.7726 0.0337
vn -0.6340 0.7726 -0.0333
vn 0.6832 -0.7294 0.0337
vn -0.6832 0.7295 -0.0333
vn 0.7294 -0.6832 0.0337
vn -0.7295 0.6832 -0.0333
vn 0.7726 -0.6340 0.0337
vn -0.7726 0.6340 -0.0333
vn 0.8124 -0.5821 0.0337
vn -0.8124 0.5822 -0.0333
vn 0.8487 -0.5278 0.0337
vn -0.8487 0.5278 -0.0333
vn 0.8814 -0.4711 0.0337
vn -0.8814 0.4711 -0.0333
vn 0.9103 -0.4125 0.0337
vn -0.9104 0.4125 -0.0333
vn 0.9354 -0.3520 0.0337
vn -0.9354 0.3521 -0.0333
vn 0.9564 -0.2901 0.0337
vn -0.9564 0.2901 -0.0333
vn 0.9733 -0.2269 0.0337
vn -0.9733 0.2270 -0.0333
vn 0.9861 -0.1628 0.0337
vn -0.9861 0.1628 -0.0333
vn 0.9946 -0.0980 0.0337
vn -0.9946 0.0980 -0.0333
vn 0.9989 -0.0327 0.0337
vn -0.9989 0.0327 -0.0333
vn 0.9988 0.0327 0.0351
vn -0.9988 -0.0327 -0.0352
vn 0.9946 0.0980 0.0351
vn -0.9946 -0.0980 -0.0352
vn 0.9860 0.1628 0.0351
vn -0.9860 -0.1628 -0.0352
vn 0.9733 0.2269 0.0351
vn -0.9733 -0.2269 -0.0352
vn 0.9563 0.2901 0.0351
vn -0.9563 -0.2901 -0.0352
vn 0.9353 0.3520 0.0351
vn -0.9353 -0.3520 -0.0352
vn 0.9103 0.4125 0.0351
vn -0.9103 -0.4125 -0.0352
vn 0.8814 0.4711 0.0351
vn -0.8814 -0.4711 -0.0352
vn 0.8487 0.5277 0.0351
vn -0.8487 -0.5277 -0.0352
vn 0.8123 0.5821 0.0351
vn -0.8123 -0.5821 -0.0352
vn 0.7725 0.6340 0.0351
vn -0.7725 -0.6340 -0.0352
vn 0.7294 0.6832 0.0351
vn -0.7294 -0.6832 -0.0352
vn 0.6832 0.7294 0.0351
vn -0.6832 -0.7294 -0.0352
vn 0.6340 0.7725 0.0351
vn -0.6340 -0.7725 -0.0352
vn 0.5821 0.8123 0.0351
vn -0.5821 -0.8123 -0.0352
vn 0.5277 0.8487 0.0351
vn -0.5277 -0.8487 -0.0352
vn 0.4711 0.8814 0.0351
vn -0.4711 -0.8814 -0.0352
vn 0.4125 0.9103 0.0351
vn -0.4125 -0.9103 -0.0352
vn 0.3520 0.9353 0.0351
vn -0.3520 -0.9353 -0.0352
vn 0.2901 0.9563 0.0351
vn -0.2901 -0.9563 -0.0352
vn 0.2269 0.9733 0.0351
vn -0.2269 -0.9733 -0.0352
vn 0.1628 0.9860 0.0351
vn -0.1628 -0.9860 -0.0352
vn 0.0980 0.9946 0.0351
vn -0.0980 -0.9946 -0.0352
vn 0.0327 0.9988 0.0351
vn -0.0327 -0.9988 -0.0352
vn -0.0327 0.9988 0.0351
vn 0.0327 -0.9988 -0.0352
vn -0.0980 0.9946 0.0351
vn 0.0980 -0.9946 -0.0352
vn -0.1628 0.9860 0.0351
vn 0.1628 -0.9860 -0.0352
vn -0.2269 0.9733 0.0351
vn 0.2269 -0.9733 -0.0352
vn -0.2901 0.9563 0.0351
vn 0.2901 -0.9563 -0.0352
vn -0.3520 0.9353 0.0351
vn 0.3520 -0.9353 -0.0352
vn -0.4125 0.9103 0.0351
vn 0.4125 -0.9103 -0.0352
vn -0.4711 0.8814 0.0351
vn 0.4711 -0.8814 -0.0352
vn -0.5277 0.8487 0.0351
vn 0.5277 -0.8487 -0.0352
vn -0.5821 0.8123 0.0351
vn 0.5821 -0.8123 -0.0352
vn -0.6340 0.7725 0.0351
vn 0.6340 -0.7725 -0.0352
vn -0.6832 0.7294 0.0351
vn 0.6832 -0.7294 -0.0352
vn -0.7294 0.6832 0.0351
vn 0.7294 -0.6832 -0.0352
vn -0.7725 0.6340 0.0351
vn 0.7725 -0.6340 -0.0352
vn -0.8123 0.5821 0.0351
vn 0.8123 -0.5821 -0.0352
vn -0.8487 0.5277 0.0351
vn 0.8487 -0.5277 -0.0352
vn -0.8814 0.4711 0.0351
vn 0.8814 -0.4711 -0.0352
vn -0.9103 0.4125 0.0351
vn 0.9103 -0.4125 -0.0352
vn -0.9353 0.3520 0.0351
vn 0.9353 -0.3520 -0.0352
vn -0.9563 0.2901 0.0351
vn 0.9563 -0.2901 -0.0352
vn -0.9733 0.2269 0.0351
vn 0.9733 -0.2269 -0.0352
vn -0.9860 0.1628 0.0351
vn 0.9860 -0.1628 -0.0352
vn -0.9946 0.0980 0.0351
vn 0.9946 -0.0980 -0.0352
vn -0.9988 0.0327 0.0351
vn 0.9988 -0.0327 -0.0352
vn -0.9988 -0.0327 0.0351
vn 0.9988 0.0327 -0.0352
vn -0.9946 -0.0980 0.0351
vn 0.9946 0.0980 -0.0352
vn -0.9860 -0.1628 0.0351
vn 0.9860 0.1628 -0.0352
vn -0.9733 -0.2269 0.0351
vn 0.9733 0.2269 -0.0352
vn -0.9563 -0.2901 0.0351
vn 0.9563 0.2901 -0.0352
vn -0.9353 -0.3520 0.0351
vn 0.9353 0.3520 -0.0352
vn -0.9103 -0.4125 0.0351
vn 0.9103 0.4125 -0.0352
vn -0.8814 -0.4711 0.0351
vn 0.8814 0.4711 -0.0352
vn -0.8487 -0.5277 0.0351
vn 0.8487 0.5277 -0.0352
vn -0.8123 -0.5821 0.0351
vn 0.8123 0.5821 -0.0352
vn -0.7725 -0.6340 0.0351
vn 0.7725 0.6340 -0.0352
vn -0.7294 -0.6832 0.0351
vn 0.7294 0.6832 -0.0352
vn -0.6832 -0.7294 0.0351
vn 0.6832 0.7294 -0.0352
vn -0.6340 -0.7725 0.0351
vn 0.6340 0.7725 -0.0352
vn -0.5821 -0.8123 0.0351
vn 0.5821 0.8123 -0.0352
vn -0.5277 -0.8487 0.0351
vn 0.5277 0.8487 -0.0352
vn -0.4711 -0.8814 0.0351
vn 0.4711 0.8814 -0.0352
vn -0.4125 -0.9103 0.0351
vn 0.4125 0.9103 -0.0352
vn -0.3520 -0.9353 0.0351
vn 0.3520 0.9353 -0.0352
vn -0.2901 -0.9563 0.0351
vn 0.2901 0.9563 -0.0352
vn -0.2269 -0.9733 0.0351
vn 0.2269 0.9733 -0.0352
vn -0.1628 -0.9860 0.0351
vn 0.1628 0.9860 -0.0352
vn -0.0980 -0.9946 0.0351
vn 0.0980 0.9946 -0.0352
vn -0.0327 -0.9988 0.0351
vn 0.0327 0.9988 -0.0352
vn 0.0327 -0.9988 0.0351
vn -0.0327 0.9988 -0.0352
vn 0.0980 -0.9946 0.0351
vn -0.0980 0.9946 -0.0352
vn 0.1628 -0.9860 0.0351
vn -0.1628 0.9860 -0.0352
vn 0.2269 -0.9733 0.0351
vn -0.2269 0.9733 -0.0352
vn 0.2901 -0.9563 0.0351
vn -0.2901 0.9563 -0.0352
vn 0.3520 -0.9353 0.0351
vn -0.3520 0.9353 -0.0352
vn 0.4125 -0.9103 0.0351
vn -0.4125 0.9103 -0.0352
vn 0.4711 -0.8814 0.0351
vn -0.4711 0.8814 -0.0352
vn 0.5277 -0.8487 0.0351
vn -0.5277 0.8487 -0.0352
vn 0.5821 -0.8123 0.0351
vn -0.5821 0.8123 -0.0352
vn 0.6340 -0.7725 0.0351
vn -0.6340 0.7725 -0.0352
vn 0.6832 -0.7294 0.0351
vn -0.6832 0.7294 -0.0352
vn 0.7294 -0.6832 0.0351
vn -0.7294 0.6832 -0.0352
vn 0.7725 -0.6340 0.0351
vn -0.7725 0.6340 -0.0352
vn 0.8123 -0.5821 0.0351
vn -0.8123 0.5821 -0.0352
vn 0.8487 -0.5277 0.0351
vn -0.8487 0.5277 -0.0352
vn 0.8814 -0.4711 0.0351
vn -0.8814 0.4711 -0.0352
vn 0.9103 -0.4125 0.0351
vn -0.9103 0.4125 -0.0352
vn 0.9353 -0.3520 0.0351
vn -0.9353 0.3520 -0.0352
vn 0.9563 -0.2901 0.0351
vn -0.9563 0.2901 -0.0352
vn 0.9733 -0.2269 0.0351
vn -0.9733 0.2269 -0.0352
vn 0.9860 -0.1628 0.0351
vn -0.9860 0.1628 -0.0352
vn 0.9946 -0.0980 0.0351
vn -0.9946 0.0980 -0.0352
vn 0.9988 -0.0327 0.0351
vn -0.9988 0.0327 -0.0352
vn -0.0000 -0.0000 -1.0000
vn -0.0000 -0.0000 1.0000
vn 0.0002 -0.0000 1.0000
vn -0.0001 -0.0000 1.0000
vn 0.0001 -0.0000 1.0000
vn -0.0002 -0.0000 1.0000
vn 0.9995 0.0327 -0.0000
vn 0.9952 0.0980 -0.0000
vn 0.9866 0.1629 -0.0000
vn 0.9739 0.2271 -0.0000
vn 0.9569 0.2903 -0.0000
vn 0.9359 0.3523 -0.0000
vn 0.9109 0.4127 -0.0000
vn 0.8819 0.4714 -0.0000
vn 0.8492 0.5281 -0.0000
vn 0.8128 0.5825 -0.0000
vn 0.7730 0.6344 -0.0000
vn 0.7299 0.6836 -0.0000
vn 0.6836 0.7299 -0.0000
vn 0.6344 0.7730 -0.0000
vn 0.5825 0.8128 -0.0000
vn 0.5281 0.8492 -0.0000
vn 0.4714 0.8819 -0.0000
vn 0.4127 0.9109 -0.0000
vn 0.3523 0.9359 -0.0000
vn 0.2903 0.9569 -0.0000
vn 0.2271 0.9739 -0.0000
vn 0.1629 0.9866 -0.0000
vn 0.0980 0.9952 -0.0000
vn 0.0327 0.9995 -0.0000
vn -0.0327 0.9995 -0.0000
vn -0.0980 0.9952 -0.0000
vn -0.1629 0.9866 -0.0000
vn -0.2271 0.9739 -0.0000
vn -0.2903 0.9569 -0.0000
vn -0.3523 0.9359 -0.0000
vn -0.4127 0.9109 -0.0000
vn -0.4714 0.8819 -0.0000
vn -0.5281 0.8492 -0.0000
vn -0.5825 0.8128 -0.0000
vn -0.6344 0.7730 -0.0000
vn -0.6836 0.7299 -0.0000
vn -0.7299 0.6836 -0.0000
vn -0.7730 0.6344 -0.0000
vn -0.8128 0.5825 -0.0000
vn -0.8492 0.5281 -0.0000
vn -0.8819 0.4714 -0.0000
vn -0.9109 0.4127 -0.0000
vn -0.9359 0.3523 -0.0000
vn -0.9569 0.2903 -0.0000
vn -0.9739 0.2271 -0.0000
vn -0.9866 0.1629 -0.0000
vn -0.9952 0.0980 -0.0000
vn -0.9995 0.0327 -0.0000
vn -0.9995 -0.0327 -0.0000
vn -0.9952 -0.0980 -0.0000
vn -0.9866 -0.1629 -0.0000
vn -0.9739 -0.2271 -0.0000
vn -0.9569 -0.2903 -0.0000
vn -0.9359 -0.3523 -0.0000
vn -0.9109 -0.4127 -0.0000
vn -0.8819 -0.4714 -0.0000
vn -0.8492 -0.5281 -0.0000
vn -0.8128 -0.5825 -0.0000
vn -0.7730 -0.6344 -0.0000
vn -0.7299 -0.6836 -0.0000
vn -0.6836 -0.7299 -0.0000
vn -0.6344 -0.7730 -0.0000
vn -0.5825 -0.8128 -0.0000
vn -0.5281 -0.8492 -0.0000
vn -0.4714 -0.8819 -0.0000
vn -0.4127 -0.9109 -0.0000
vn -0.3523 -0.9359 -0.0000
vn -0.2903 -0.9569 -0.0000
vn -0.2271 -0.9739 -0.0000
vn -0.1629 -0.9866 -0.0000
vn -0.0980 -0.9952 -0.0000
vn -0.0327 -0.9995 -0.0000
vn 0.0327 -0.9995 -0.0000
vn 0.0980 -0.9952 -0.0000
vn 0.1629 -0.9866 -0.0000
vn 0.2271 -0.9739 -0.0000
vn 0.2903 -0.9569 -0.0000
vn 0.3523 -0.9359 -0.0000
vn 0.4127 -0.9109 -0.0000
vn 0.4714 -0.8819 -0.0000
vn 0.5281 -0.8492 -0.0000
vn 0.5825 -0.8128 -0.0000
vn 0.6344 -0.7730 -0.0000
vn 0.6836 -0.7299 -0.0000
vn 0.7299 -0.6836 -0.0000
vn 0.7730 -0.6344 -0.0000
vn 0.8128 -0.5825 -0.0000
vn 0.8492 -0.5281 -0.0000
vn 0.8819 -0.4714 -0.0000
vn 0.9109 -0.4127 -0.0000
vn 0.9359 -0.3523 -0.0000
vn 0.9569 -0.2903 -0.0000
vn 0.9739 -0.2271 -0.0000
vn 0.9866 -0.1629 -0.0000
vn 0.9952 -0.0980 -0.0000
vn 0.9995 -0.0327 -0.0000
vn 0.3522 -0.9359 -0.0000
vn 0.9359 -0.3522 -0.0000
vn 0.3522 0.9359 -0.0000
vn -0.3522 0.9359 -0.0000
vn -0.9359 0.3522 -0.0000
vn 0.9359 0.3522 -0.0000
vn -0.9359 -0.3522 -0.0000
vn -0.3522 -0.9359 -0.0000
vn -0.8129 -0.5825 -0.0000
vn -0.5825 -0.8129 -0.0000
vn 0.5825 -0.8129 -0.0000
vn 0.8129 -0.5825 -0.0000
vn 0.8129 0.5825 -0.0000
vn 0.5825 0.8129 -0.0000
vn -0.5825 0.8129 -0.0000
vn -0.8129 0.5825 -0.0000
vn 0.0005 -0.0000 -1.0000
vn 0.0002 -0.0000 -1.0000
vn -0.0001 -0.0000 -1.0000
vn 0.0001 -0.0000 -1.0000
vn 0.0003 -0.0000 -1.0000
vn 0.0004 -0.0000 -1.0000
vn -0.0002 -0.0000 -1.0000
vn -0.0005 -0.0000 -1.0000
vn -0.0003 -0.0000 -1.0000
vn -0.0004 -0.0000 -1.0000
vn 0.8492 0.5280 -0.0000
vn 0.8129 0.5824 -0.0000
vn 0.7298 0.6836 -0.0000
vn -0.7298 0.6836 -0.0000
vn -0.8129 0.5824 -0.0000
vn -0.8492 0.5280 -0.0000
vn -0.8492 -0.5280 -0.0000
vn -0.8129 -0.5824 -0.0000
vn -0.7298 -0.6836 -0.0000
vn 0.7298 -0.6836 -0.0000
vn 0.8129 -0.5824 -0.0000
vn 0.8492 -0.5280 -0.0000
vn 0.0005 -0.0000 1.0000
vn -0.0005 -0.0000 1.0000
vn -0.9570 -0.2902 -0.0000
vn -0.9108 -0.4128 -0.0000
vn -0.5824 -0.8129 -0.0000
vn -0.5280 -0.8492 -0.0000
vn 0.5280 -0.8492 -0.0000
vn 0.5824 -0.8129 -0.0000
vn 0.9108 -0.4128 -0.0000
vn 0.9570 -0.2903 -0.0000
vn 0.9570 0.2902 -0.0000
vn 0.9108 0.4128 -0.0000
vn 0.5824 0.8129 -0.0000
vn 0.5280 0.8492 -0.0000
vn -0.5280 0.8492 -0.0000
vn -0.5824 0.8129 -0.0000
vn -0.9108 0.4128 -0.0000
vn -0.9570 0.2903 -0.0000
vn 0.9354 0.3520 0.0337
vn 0.3520 0.9354 0.0337
vn -0.2270 -0.9733 -0.0333
vn -0.3520 0.9354 0.0337
vn -0.9354 -0.3520 0.0337
vn -0.3520 -0.9354 0.0337
vn 0.2270 0.9733 -0.0333
vn 0.3520 -0.9354 0.0337
vn -0.0003 -0.0000 1.0000
vn 0.0003 -0.0000 1.0000
vn 0.9739 0.2270 -0.0000
vn 0.8819 0.4715 -0.0000
vn -0.8819 0.4715 -0.0000
vn -0.9739 0.2270 -0.0000
vn -0.9739 -0.2270 -0.0000
vn -0.8819 -0.4715 -0.0000
vn 0.8819 -0.4715 -0.0000
vn 0.9739 -0.2270 -0.0000
s 0
usemtl tower_paint
f 2//1 193//1 1//1
f 97//2 290//2 98//2
f 3//3 194//3 2//3
f 98//4 291//4 99//4
f 4//5 195//5 3//5
f 99//6 292//6 100//6
f 5//7 196//7 4//7
f 100//8 293//8 101//8
f 6//9 197//9 5//9
f 101//10 294//10 102//10
f 7//11 198//11 6//11
f 102//12 295//12 103//12
f 8//13 199//13 7//13
f 103//14 296//14 104//14
f 9//15 200//15 8//15
f 104//16 297//16 105//16
f 10//17 201//17 9//17
f 105//18 298//18 106//18
f 11//19 202//19 10//19
f 106//20 299//20 107//20
f 11//21 204//21 203//21
f 107//22 300//22 108//22
f 13//23 204//23 12//23
f 108//24 301//24 109//24
f 14//25 205//25 13//25
f 109//26 302//26 110//26
f 15//27 206//27 14//27
f 110//28 303//28 111//28
f 16//29 207//29 15//29
f 111//30 304//30 112//30
f 17//31 208//31 16//31
f 112//32 305//32 113//32
f 18//33 209//33 17//33
f 113//34 306//34 114//34
f 19//35 210//35 18//35
f 114//36 307//36 115//36
f 20//37 211//37 19//37
f 115//38 308//38 116//38
f 21//39 212//39 20//39
f 116//40 309//40 117//40
f 22//41 213//41 21//41
f 117//42 310//42 118//42
f 23//43 214//43 22//43
f 118//44 311//44 119//44
f 24//45 215//45 23//45
f 119//46 312//46 120//46
f 24//47 217//47 216//47
f 120//48 313//48 121//48
f 26//49 217//49 25//49
f 121//50 314//50 122//50
f 27//51 218//51 26//51
f 122//52 315//52 123//52
f 28//53 219//53 27//53
f 123//54 316//54 124//54
f 29//55 220//55 28//55
f 124//56 317//56 125//56
f 30//57 221//57 29//57
f 125//58 318//58 126//58
f 31//59 222//59 30//59
f 126//60 319//60 127//60
f 32//61 223//61 31//61
f 127//62 320//62 128//62
f 33//63 224//63 32//63
f 128//64 321//64 129//64
f 34//65 225//65 33//65
f 129//66 322//66 130//66
f 35//67 226//67 34//67
f 130//68 323//68 131//68
f 35//69 228//69 227//69
f 131//70 324//70 132//70
f 37//71 228//71 36//71
f 132//72 325//72 133//72
f 38//73 229//73 37//73
f 133//74 326//74 134//74
f 39//75 230//75 38//75
f 134//76 327//76 135//76
f 40//77 231//77 39//77
f 135//78 328//78 136//78
f 41//79 232//79 40//79
f 136//80 329//80 137//80
f 42//81 233//81 41//81
f 137//82 330//82 138//82
f 43//83 234//83 42//83
f 138//84 331//84 139//84
f 44//85 235//85 43//85
f 139//86 332//86 140//86
f 45//87 236//87 44//87
f 140//88 333//88 141//88
f 46//89 237//89 45//89
f 141//90 334//90 142//90
f 47//91 238//91 46//91
f 142//92 335//92 143//92
f 48//93 239//93 47//93
f 143//94 336//94 144//94
f 48//95 241//95 240//95
f 144//96 337//96 145//96
f 50//97 241//97 49//97
f 145//98 338//98 146//98
f 51//99 242//99 50//99
f 146//100 339//100 147//100
f 52//101 243//101 51//101
f 147//102 340//102 148//102
f 53//103 244//103 52//103
f 148//104 341//104 149//104
f 54//105 245//105 53//105
f 149//106 342//106 150//106
f 55//107 246//107 54//107
f 150//108 343//108 151//108
f 56//109 247//109 55//109
f 151//110 344//110 152//110
f 57//111 248//111 56//111
f 152//112 345//112 153//112
f 58//113 249//113 57//113
f 153//114 346//114 154//114
f 59//115 250//115 58//115
f 154//116 347//116 155//116
f 59//117 252//117 251//117
f 155//118 348//118 156//118
f 61//119 252//119 60//119
f 156//120 349//120 157//120
f 62//121 253//121 61//121
f 157//122 350//122 158//122
f 63//123 254//123 62//123
f 158//124 351//124 159//124
f 64//125 255//125 63//125
f 159//126 352//126 160//126
f 65//127 256//127 64//127
f 160//128 353//128 161//128
f 66//129 257//129 65//129
f 161//130 354//130 162//130
f 67//131 258//131 66//131
f 162//132 355//132 163//132
f 68//133 259//133 67//133
f 163//134 356//134 164//134
f 69//135 260//135 68//135
f 164//136 357//136 165//136
f 70//137 261//137 69//137
f 165//138 358//138 166//138
f 71//139 262//139 70//139
f 166//140 359//140 167//140
f 72//141 263//141 71//141
f 167//142 360//142 168//142
f 72//143 265//143 264//143
f 168//144 361//144 169//144
f 74//145 265//145 73//145
f 169//146 362//146 170//146
f 75//147 266//147 74//147
f 170//148 363//148 171//148
f 76//149 267//149 75//149
f 171//150 364//150 172//150
f 77//151 268//151 76//151
f 172//152 365//152 173//152
f 78//153 269//153 77//153
f 173//154 366//154 174//154
f 79//155 270//155 78//155
f 174//156 367//156 175//156
f 80//157 271//157 79//157
f 175//158 368//158 176//158
f 81//159 272//159 80//159
f 176//160 369//160 177//160
f 82//161 273//161 81//161
f 177//162 370//162 178//162
f 83//163 274//163 82//163
f 178//164 371//164 179//164
f 83//165 276//165 275//165
f 179//166 372//166 180//166
f 85//167 276//167 84//167
f 180//168 373//168 181//168
f 86//169 277//169 85//169
f 181//170 374//170 182//170
f 87//171 278//171 86//171
f 182//172 375//172 183//172
f 88//173 279//173 87//173
f 183//174 376//174 184//174
f 89//175 280//175 88//175
f 184//176 377//176 185//176
f 90//177 281//177 89//177
f 185//178 378//178 186//178
f 91//179 282//179 90//179
f 186//180 379//180 187//180
f 92//181 283//181 91//181
f 187//182 380//182 188//182
f 93//183 284//183 92//183
f 188//184 381//184 189//184
f 94//185 285//185 93//185
f 189//186 382//186 190//186
f 95//187 286//187 94//187
f 190//188 383//188 191//188
f 96//189 287//189 95//189
f 191//190 384//190 192//190
f 96//191 193//191 288//191
f 192//192 289//192 97//192
f 194//193 385//193 193//193
f 289//194 482//194 290//194
f 195//195 386//195 194//195
f 290//196 483//196 291//196
f 196//197 387//197 195//197
f 291//198 484//198 292//198
f 197//199 388//199 196//199
f 292//200 485//200 293//200
f 198//201 389//201 197//201
f 293//202 486//202 294//202
f 199//203 390//203 198//203
f 294//204 487//204 295//204
f 200//205 391//205 199//205
f 295//206 488//206 296//206
f 201//207 392//207 200//207
f 296//208 489//208 297//208
f 202//209 393//209 201//209
f 297//210 490//210 298//210
f 203//211 394//211 202//211
f 298//212 491//212 299//212
f 204//213 395//213 203//213
f 299//214 492//214 300//214
f 204//215 397//215 396//215
f 300//216 493//216 301//216
f 206//217 397//217 205//217
f 301//218 494//218 302//218
f 207//219 398//219 206//219
f 302//220 495//220 303//220
f 208//221 399//221 207//221
f 303//222 496//222 304//222
f 209//223 400//223 208//223
f 304//224 497//224 305//224
f 210//225 401//225 209//225
f 305//226 498//226 306//226
f 211//227 402//227 210//227
f 306//228 499//228 307//228
f 212//229 403//229 211//229
f 307//230 500//230 308//230
f 213//231 404//231 212//231
f 308//232 501//232 309//232
f 214//233 405//233 213//233
f 309//234 502//234 310//234
f 215//235 406//235 214//235
f 310//236 503//236 311//236
f 216//237 407//237 215//237
f 311//238 504//238 312//238
f 217//239 408//239 216//239
f 312//240 505//240 313//240
f 218//241 409//241 217//241
f 313//242 506//242 314//242
f 219//243 410//243 218//243
f 314//244 507//244 315//244
f 220//245 411//245 219//245
f 315//246 508//246 316//246
f 221//247 412//247 220//247
f 316//248 509//248 317//248
f 222//249 413//249 221//249
f 317//250 510//250 318//250
f 223//251 414//251 222//251
f 318//252 511//252 319//252
f 224//253 415//253 223//253
f 319//254 512//254 320//254
f 225//255 416//255 224//255
f 320//256 513//256 321//256
f 226//257 417//257 225//257
f 321//258 514//258 322//258
f 227//259 418//259 226//259
f 322//260 515//260 323//260
f 228//261 419//261 227//261
f 323//262 516//262 324//262
f 228//263 421//263 420//263
f 324//264 517//264 325//264
f 230//265 421//265 229//265
f 325//266 518//266 326//266
f 231//267 422//267 230//267
f 326//268 519//268 327//268
f 232//269 423//269 231//269
f 327//270 520//270 328//270
f 233//271 424//271 232//271
f 328//272 521//272 329//272
f 234//273 425//273 233//273
f 329//274 522//274 330//274
f 235//275 426//275 234//275
f 330//276 523//276 331//276
f 236//277 427//277 235//277
f 331//278 524//278 332//278
f 237//279 428//279 236//279
f 332//280 525//280 333//280
f 238//281 429//281 237//281
f 333//282 526//282 334//282
f 239//283 430//283 238//283
f 334//284 527//284 335//284
f 240//285 431//285 239//285
f 335//286 528//286 336//286
f 241//287 432//287 240//287
f 336//288 529//288 337//288
f 242//289 433//289 241//289
f 337//290 530//290 338//290
f 243//291 434//291 242//291
f 338//292 531//292 339//292
f 244//293 435//293 243//293
f 339//294 532//294 340//294
f 245//295 436//295 244//295
f 340//296 533//296 341//296
f 246//297 437//297 245//297
f 341//298 534//298 342//298
f 247//299 438//299 246//299
f 342//300 535//300 343//300
f 248//301 439//301 247//301
f 343//302 536//302 344//302
f 249//303 440//303 248//303
f 344//304 537//304 345//304
f 250//305 441//305 249//305
f 345//306 538//306 346//306
f 251//307 442//307 250//307
f 346//308 539//308 347//308
f 252//309 443//309 251//309
f 347//310 540//310 348//310
f 252//311 445//311 444//311
f 348//312 541//312 349//312
f 254//313 445//313 253//313
f 349//314 542//314 350//314
f 255//315 446//315 254//315
f 350//316 543//316 351//316
f 256//317 447//317 255//317
f 351//318 544//318 352//318
f 257//319 448//319 256//319
f 352//320 545//320 353//320
f 258//321 449//321 257//321
f 353//322 546//322 354//322
f 259//323 450//323 258//323
f 354//324 547//324 355//324
f 260//325 451//325 259//325
f 355//326 548//326 356//326
f 261//327 452//327 260//327
f 356//328 549//328 357//328
f 262//329 453//329 261//329
f 357//330 550//330 358//330
f 263//331 454//331 262//331
f 358//332 551//332 359//332
f 264//333 455//333 263//333
f 359//334 552//334 360//334
f 265//335 456//335 264//335
f 360//336 553//336 361//336
f 266//337 457//337 265//337
f 361//338 554//338 362//338
f 267//339 458//339 266//339
f 362//340 555//340 363//340
f 268//341 459//341 267//341
f 363//342 556//342 364//342
f 269//343 460//343 268//343
f 364//344 557//344 365//344
f 270//345 461//345 269//345
f 365//346 558//346 366//346
f 271//347 462//347 270//347
f 366//348 559//348 367//348
f 272//349 463//349 271//349
f 367//350 560//350 368//350
f 273//351 464//351 272//351
f 368//352 561//352 369//352
f 274//353 465//353 273//353
f 369//354 562//354 370//354
f 275//355 466//355 274//355
f 370//356 563//356 371//356
f 276//357 467//357 275//357
f 371//358 564//358 372//358
f 276//359 469//359 468//359
f 372//360 565//360 373//360
f 278//361 469//361 277//361
f 373//362 566//362 374//362
f 279//363 470//363 278//363
f 374//364 567//364 375//364
f 280//365 471//365 279//365
f 375//366 568//366 376//366
f 281//367 472//367 280//367
f 376//368 569//368 377//368
f 282//369 473//369 281//369
f 377//370 570//370 378//370
f 283//371 474//371 282//371
f 378//372 571//372 379//372
f 284//373 475//373 283//373
f 379//374 572//374 380//374
f 285//375 476//375 284//375
f 380//376 573//376 381//376
f 286//377 477//377 285//377
f 381//378 574//378 382//378
f 287//379 478//379 286//379
f 382//380 575//380 383//380
f 288//381 479//381 287//381
f 383//382 576//382 384//382
f 193//383 480//383 288//383
f 384//384 481//384 289//384
f 386//385 577//385 385//385
f 481//386 674//386 482//386
f 387//387 578//387 386//387
f 482//388 675//388 483//388
f 388//389 579//389 387//389
f 483//390 676//390 484//390
f 389//391 580//391 388//391
f 484//392 677//392 485//392
f 390//393 581//393 389//393
f 485//394 678//394 486//394
f 391//395 582//395 390//395
f 486//396 679//396 487//396
f 392//397 583//397 391//397
f 487//398 680//398 488//398
f 393//399 584//399 392//399
f 488//400 681//400 489//400
f 394//401 585//401 393//401
f 489//402 682//402 490//402
f 395//403 586//403 394//403
f 490//404 683//404 491//404
f 396//405 587//405 395//405
f 491//406 684//406 492//406
f 397//407 588//407 396//407
f 492//408 685//408 493//408
f 398//409 589//409 397//409
f 493//410 686//410 494//410
f 399//411 590//411 398//411
f 494//412 687//412 495//412
f 400//413 591//413 399//413
f 495//414 688//414 496//414
f 401//415 592//415 400//415
f 496//416 689//416 497//416
f 402//417 593//417 401//417
f 497//418 690//418 498//418
f 403//419 594//419 402//419
f 498//420 691//420 499//420
f 404//421 595//421 403//421
f 500//422 691//422 692//422
f 405//423 596//423 404//423
f 500//424 693//424 501//424
f 406//425 597//425 405//425
f 501//426 694//426 502//426
f 407//427 598//427 406//427
f 502//428 695//428 503//428
f 408//429 599//429 407//429
f 503//430 696//430 504//430
f 409//431 600//431 408//431
f 504//432 697//432 505//432
f 410//433 601//433 409//433
f 505//434 698//434 506//434
f 411//435 602//435 410//435
f 506//436 699//436 507//436
f 412//437 603//437 411//437
f 507//438 700//438 508//438
f 413//439 604//439 412//439
f 508//440 701//440 509//440
f 414//441 605//441 413//441
f 509//442 702//442 510//442
f 415//443 606//443 414//443
f 510//444 703//444 511//444
f 416//445 607//445 415//445
f 511//446 704//446 512//446
f 417//447 608//447 416//447
f 512//448 705//448 513//448
f 418//449 609//449 417//449
f 513//450 706//450 514//450
f 419//451 610//451 418//451
f 514//452 707//452 515//452
f 420//453 611//453 419//453
f 515//454 708//454 516//454
f 421//455 612//455 420//455
f 516//456 709//456 517//456
f 422//457 613//457 421//457
f 517//458 710//458 518//458
f 423//459 614//459 422//459
f 518//460 711//460 519//460
f 424//461 615//461 423//461
f 519//462 712//462 520//462
f 425//463 616//463 424//463
f 520//464 713//464 521//464
f 426//465 617//465 425//465
f 521//466 714//466 522//466
f 427//467 618//467 426//467
f 522//468 715//468 523//468
f 428//469 619//469 427//469
f 524//470 715//470 716//470
f 429//471 620//471 428//471
f 524//472 717//472 525//472
f 430//473 621//473 429//473
f 525//474 718//474 526//474
f 431//475 622//475 430//475
f 526//476 719//476 527//476
f 432//477 623//477 431//477
f 527//478 720//478 528//478
f 433//479 624//479 432//479
f 528//480 721//480 529//480
f 434//481 625//481 433//481
f 529//482 722//482 530//482
f 435//483 626//483 434//483
f 530//484 723//484 531//484
f 436//485 627//485 435//485
f 531//486 724//486 532//486
f 437//487 628//487 436//487
f 532//488 725//488 533//488
f 438//489 629//489 437//489
f 533//490 726//490 534//490
f 439//491 630//491 438//491
f 534//492 727//492 535//492
f 440//493 631//493 439//493
f 535//494 728//494 536//494
f 441//495 632//495 440//495
f 536//496 729//496 537//496
f 442//497 633//497 441//497
f 537//498 730//498 538//498
f 443//499 634//499 442//499
f 538//500 731//500 539//500
f 444//501 635//501 443//501
f 539//502 732//502 540//502
f 445//503 636//503 444//503
f 540//504 733//504 541//504
f 446//505 637//505 445//505
f 541//506 734//506 542//506
f 447//507 638//507 446//507
f 542//508 735//508 543//508
f 448//509 639//509 447//509
f 543//510 736//510 544//510
f 449//511 640//511 448//511
f 544//512 737//512 545//512
f 450//513 641//513 449//513
f 545//514 738//514 546//514
f 451//515 642//515 450//515
f 546//516 739//516 547//516
f 452//517 643//517 451//517
f 548//518 739//518 740//518
f 453//519 644//519 452//519
f 548//520 741//520 549//520
f 454//521 645//521 453//521
f 549//522 742//522 550//522
f 455//523 646//523 454//523
f 550//524 743//524 551//524
f 456//525 647//525 455//525
f 551//526 744//526 552//526
f 457//527 648//527 456//527
f 552//528 745//528 553//528
f 458//529 649//529 457//529
f 553//530 746//530 554//530
f 459//531 650//531 458//531
f 554//532 747//532 555//532
f 460//533 651//533 459//533
f 555//534 748//534 556//534
f 461//535 652//535 460//535
f 556//536 749//536 557//536
f 462//537 653//537 461//537
f 557//538 750//538 558//538
f 463//539 654//539 462//539
f 558//540 751//540 559//540
f 464//541 655//541 463//541
f 559//542 752//542 560//542
f 465//543 656//543 464//543
f 560//544 753//544 561//544
f 466//545 657//545 465//545
f 561//546 754//546 562//546
f 467//547 658//547 466//547
f 562//548 755//548 563//548
f 468//549 659//549 467//549
f 563//550 756//550 564//550
f 469//551 660//551 468//551
f 564//552 757//552 565//552
f 470//553 661//553 469//553
f 565//554 758//554 566//554
f 471//555 662//555 470//555
f 566//556 759//556 567//556
f 472//557 663//557 471//557
f 567//558 760//558 568//558
f 473//559 664//559 472//559
f 568//560 761//560 569//560
f 474//561 665//561 473//561
f 569//562 762//562 570//562
f 475//563 666//563 474//563
f 570//564 763//564 571//564
f 476//565 667//565 475//565
f 572//566 763//566 764//566
f 477//567 668//567 476//567
f 572//568 765//568 573//568
f 478//569 669//569 477//569
f 573//570 766//570 574//570
f 479//571 670//571 478//571
f 574//572 767//572 575//572
f 480//573 671//573 479//573
f 575//574 768//574 576//574
f 385//575 672//575 480//575
f 576//576 673//576 481//576
f 1//577 98//577 2//577
f 578//578 673//578 577//578
f 3//577 98//577 99//577
f 579//578 674//578 578//578
f 4//577 99//577 100//577
f 580//579 675//579 579//579
f 4//577 101//577 5//577
f 580//578 677//578 676//578
f 5//577 102//577 6//577
f 582//578 677//578 581//578
f 7//577 102//577 103//577
f 583//580 678//580 582//580
f 7//577 104//577 8//577
f 584//581 679//581 583//581
f 8//577 105//577 9//577
f 584//578 681//578 680//578
f 9//577 106//577 10//577
f 585//581 682//581 681//581
f 10//577 107//577 11//577
f 586//578 683//578 682//578
f 11//577 108//577 12//577
f 588//580 683//580 587//580
f 12//577 109//577 13//577
f 589//580 684//580 588//580
f 13//577 110//577 14//577
f 590//581 685//581 589//581
f 15//577 110//577 111//577
f 590//578 687//578 686//578
f 16//577 111//577 112//577
f 592//580 687//580 591//580
f 16//577 113//577 17//577
f 593//581 688//581 592//581
f 18//577 113//577 114//577
f 594//578 689//578 593//578
f 19//577 114//577 115//577
f 595//578 690//578 594//578
f 19//577 116//577 20//577
f 595//578 692//578 691//578
f 21//577 116//577 117//577
f 597//581 692//581 596//581
f 22//577 117//577 118//577
f 598//578 693//578 597//578
f 22//577 119//577 23//577
f 599//578 694//578 598//578
f 23//577 120//577 24//577
f 599//578 696//578 695//578
f 25//577 120//577 121//577
f 601//578 696//578 600//578
f 25//577 122//577 26//577
f 602//578 697//578 601//578
f 27//577 122//577 123//577
f 603//578 698//578 602//578
f 28//577 123//577 124//577
f 604//578 699//578 603//578
f 28//577 125//577 29//577
f 604//580 701//580 700//580
f 29//577 126//577 30//577
f 606//578 701//578 605//578
f 31//577 126//577 127//577
f 607//578 702//578 606//578
f 31//577 128//577 32//577
f 608//578 703//578 607//578
f 32//577 129//577 33//577
f 608//578 705//578 704//578
f 33//577 130//577 34//577
f 609//581 706//581 705//581
f 34//577 131//577 35//577
f 610//580 707//580 706//580
f 35//577 132//577 36//577
f 612//581 707//581 611//581
f 36//577 133//577 37//577
f 613//578 708//578 612//578
f 37//577 134//577 38//577
f 614//581 709//581 613//581
f 39//577 134//577 135//577
f 614//580 711//580 710//580
f 40//577 135//577 136//577
f 616//581 711//581 615//581
f 40//577 137//577 41//577
f 617//578 712//578 616//578
f 42//577 137//577 138//577
f 618//580 713//580 617//580
f 43//577 138//577 139//577
f 619//580 714//580 618//580
f 43//577 140//577 44//577
f 619//578 716//578 715//578
f 45//577 140//577 141//577
f 621//580 716//580 620//580
f 46//577 141//577 142//577
f 622//578 717//578 621//578
f 46//577 143//577 47//577
f 623//580 718//580 622//580
f 47//577 144//577 48//577
f 623//578 720//578 719//578
f 49//577 144//577 145//577
f 625//578 720//578 624//578
f 49//577 146//577 50//577
f 626//578 721//578 625//578
f 51//577 146//577 147//577
f 627//578 722//578 626//578
f 52//577 147//577 148//577
f 628//582 723//582 627//582
f 52//577 149//577 53//577
f 628//578 725//578 724//578
f 53//577 150//577 54//577
f 630//578 725//578 629//578
f 55//577 150//577 151//577
f 631//581 726//581 630//581
f 55//577 152//577 56//577
f 632//580 727//580 631//580
f 56//577 153//577 57//577
f 632//578 729//578 728//578
f 57//577 154//577 58//577
f 633//580 730//580 729//580
f 58//577 155//577 59//577
f 634//578 731//578 730//578
f 59//577 156//577 60//577
f 636//581 731//581 635//581
f 60//577 157//577 61//577
f 637//581 732//581 636//581
f 61//577 158//577 62//577
f 638//580 733//580 637//580
f 63//577 158//577 159//577
f 638//578 735//578 734//578
f 64//577 159//577 160//577
f 640//581 735//581 639//581
f 64//577 161//577 65//577
f 641//580 736//580 640//580
f 66//577 161//577 162//577
f 642//578 737//578 641//578
f 67//577 162//577 163//577
f 643//578 738//578 642//578
f 67//577 164//577 68//577
f 643//578 740//578 739//578
f 69//577 164//577 165//577
f 645//580 740//580 644//580
f 70//577 165//577 166//577
f 646//578 741//578 645//578
f 70//577 167//577 71//577
f 647//578 742//578 646//578
f 71//577 168//577 72//577
f 647//578 744//578 743//578
f 73//577 168//577 169//577
f 649//578 744//578 648//578
f 73//577 170//577 74//577
f 650//578 745//578 649//578
f 75//577 170//577 171//577
f 651//578 746//578 650//578
f 76//577 171//577 172//577
f 652//578 747//578 651//578
f 76//577 173//577 77//577
f 652//581 749//581 748//581
f 77//577 174//577 78//577
f 654//578 749//578 653//578
f 79//577 174//577 175//577
f 655//578 750//578 654//578
f 79//577 176//577 80//577
f 656//578 751//578 655//578
f 80//577 177//577 81//577
f 656//578 753//578 752//578
f 81//577 178//577 82//577
f 657//580 754//580 753//580
f 82//577 179//577 83//577
f 658//581 755//581 754//581
f 83//577 180//577 84//577
f 660//580 755//580 659//580
f 84//577 181//577 85//577
f 661//578 756//578 660//578
f 85//577 182//577 86//577
f 662//580 757//580 661//580
f 87//577 182//577 183//577
f 662//581 759//581 758//581
f 88//577 183//577 184//577
f 664//580 759//580 663//580
f 88//577 185//577 89//577
f 665//578 760//578 664//578
f 90//577 185//577 186//577
f 666//581 761//581 665//581
f 91//577 186//577 187//577
f 667//581 762//581 666//581
f 91//577 188//577 92//577
f 667//578 764//578 763//578
f 93//577 188//577 189//577
f 669//581 764//581 668//581
f 94//577 189//577 190//577
f 670//578 765//578 669//578
f 94//577 191//577 95//577
f 671//581 766//581 670//581
f 95//577 192//577 96//577
f 671//578 768//578 767//578
f 1//577 192//577 97//577
f 577//578 768//578 672//578
f 2//1 194//1 193//1
f 97//2 289//2 290//2
f 3//3 195//3 194//3
f 98//4 290//4 291//4
f 4//5 196//5 195//5
f 99//6 291//6 292//6
f 5//7 197//7 196//7
f 100//8 292//8 293//8
f 6//9 198//9 197//9
f 101//10 293//10 294//10
f 7//11 199//11 198//11
f 102//12 294//12 295//12
f 8//13 200//13 199//13
f 103//14 295//14 296//14
f 9//15 201//15 200//15
f 104//16 296//16 297//16
f 10//17 202//17 201//17
f 105//18 297//18 298//18
f 11//19 203//19 202//19
f 106//20 298//20 299//20
f 11//21 12//21 204//21
f 107//22 299//22 300//22
f 13//23 205//23 204//23
f 108//24 300//24 301//24
f 14//25 206//25 205//25
f 109//26 301//26 302//26
f 15//27 207//27 206//27
f 110//28 302//28 303//28
f 16//29 208//29 207//29
f 111//30 303//30 304//30
f 17//31 209//31 208//31
f 112//32 304//32 305//32
f 18//33 210//33 209//33
f 113//34 305//34 306//34
f 19//35 211//35 210//35
f 114//36 306//36 307//36
f 20//37 212//37 211//37
f 115//38 307//38 308//38
f 21//39 213//39 212//39
f 116//40 308//40 309//40
f 22//41 214//41 213//41
f 117//42 309//42 310//42
f 23//43 215//43 214//43
f 118//44 310//44 311//44
f 24//45 216//45 215//45
f 119//46 311//46 312//46
f 24//47 25//47 217//47
f 120//48 312//48 313//48
f 26//49 218//49 217//49
f 121//50 313//50 314//50
f 27//51 219//51 218//51
f 122//52 314//52 315//52
f 28//53 220//53 219//53
f 123//54 315//54 316//54
f 29//55 221//55 220//55
f 124//56 316//56 317//56
f 30//57 222//57 221//57
f 125//58 317//58 318//58
f 31//59 223//59 222//59
f 126//60 318//60 319//60
f 32//61 224//61 223//61
f 127//62 319//62 320//62
f 33//63 225//63 224//63
f 128//64 320//64 321//64
f 34//65 226//65 225//65
f 129//66 321//66 322//66
f 35//67 227//67 226//67
f 130//68 322//68 323//68
f 35//69 36//69 228//69
f 131//70 323//70 324//70
f 37//71 229//71 228//71
f 132//72 324//72 325//72
f 38//73 230//73 229//73
f 133//74 325//74 326//74
f 39//75 231//75 230//75
f 134//76 326//76 327//76
f 40//77 232//77 231//77
f 135//78 327//78 328//78
f 41//79 233//79 232//79
f 136//80 328//80 329//80
f 42//81 234//81 233//81
f 137//82 329//82 330//82
f 43//83 235//83 234//83
f 138//84 330//84 331//84
f 44//85 236//85 235//85
f 139//86 331//86 332//86
f 45//87 237//87 236//87
f 140//88 332//88 333//88
f 46//89 238//89 237//89
f 141//90 333//90 334//90
f 47//91 239//91 238//91
f 142//92 334//92 335//92
f 48//93 240//93 239//93
f 143//94 335//94 336//94
f 48//95 49//95 241//95
f 144//96 336//96 337//96
f 50//97 242//97 241//97
f 145//98 337//98 338//98
f 51//99 243//99 242//99
f 146//100 338//100 339//100
f 52//101 244//101 243//101
f 147//102 339//102 340//102
f 53//103 245//103 244//103
f 148//104 340//104 341//104
f 54//105 246//105 245//105
f 149//106 341//106 342//106
f 55//107 247//107 246//107
f 150//108 342//108 343//108
f 56//109 248//109 247//109
f 151//110 343//110 344//110
f 57//111 249//111 248//111
f 152//112 344//112 345//112
f 58//113 250//113 249//113
f 153//114 345//114 346//114
f 59//115 251//115 250//115
f 154//116 346//116 347//116
f 59//117 60//117 252//117
f 155//118 347//118 348//118
f 61//119 253//119 252//119
f 156//120 348//120 349//120
f 62//121 254//121 253//121
f 157//122 349//122 350//122
f 63//123 255//123 254//123
f 158//124 350//124 351//124
f 64//125 256//125 255//125
f 159//126 351//126 352//126
f 65//127 257//127 256//127
f 160//128 352//128 353//128
f 66//129 258//129 257//129
f 161//130 353//130 354//130
f 67//131 259//131 258//131
f 162//132 354//132 355//132
f 68//133 260//133 259//133
f 163//134 355//134 356//134
f 69//135 261//135 260//135
f 164//136 356//136 357//136
f 70//137 262//137 261//137
f 165//138 357//138 358//138
f 71//139 263//139 262//139
f 166//140 358//140 359//140
f 72//141 264//141 263//141
f 167//142 359//142 360//142
f 72//143 73//143 265//143
f 168//144 360//144 361//144
f 74//145 266//145 265//145
f 169//146 361//146 362//146
f 75//147 267//147 266//147
f 170//148 362//148 363//148
f 76//149 268//149 267//149
f 171//150 363//150 364//150
f 77//151 269//151 268//151
f 172//152 364//152 365//152
f 78//153 270//153 269//153
f 173//154 365//154 366//154
f 79//155 271//155 270//155
f 174//156 366//156 367//156
f 80//157 272//157 271//157
f 175//158 367//158 368//158
f 81//159 273//159 272//159
f 176//160 368//160 369//160
f 82//161 274//161 273//161
f 177//162 369//162 370//162
f 83//163 275//163 274//163
f 178//164 370//164 371//164
f 83//165 84//165 276//165
f 179//166 371//166 372//166
f 85//167 277//167 276//167
f 180//168 372//168 373//168
f 86//169 278//169 277//169
f 181//170 373//170 374//170
f 87//171 279//171 278//171
f 182//172 374//172 375//172
f 88//173 280//173 279//173
f 183//174 375//174 376//174
f 89//175 281//175 280//175
f 184//176 376//176 377//176
f 90//177 282//177 281//177
f 185//178 377//178 378//178
f 91//179 283//179 282//179
f 186//180 378//180 379//180
f 92//181 284//181 283//181
f 187//182 379//182 380//182
f 93//183 285//183 284//183
f 188//184 380//184 381//184
f 94//185 286//185 285//185
f 189//186 381//186 382//186
f 95//187 287//187 286//187
f 190//188 382//188 383//188
f 96//189 288//189 287//189
f 191//190 383//190 384//190
f 96//191 1//191 193//191
f 192//192 384//192 289//192
f 194//193 386//193 385//193
f 289//194 481//194 482//194
f 195//195 387//195 386//195
f 290//196 482//196 483//196
f 196//197 388//197 387//197
f 291//198 483//198 484//198
f 197//199 389//199 388//199
f 292//200 484//200 485//200
f 198//201 390//201 389//201
f 293//202 485//202 486//202
f 199//735 391//735 390//735
f 294//204 486//204 487//204
f 200//205 392//205 391//205
f 295//206 487//206 488//206
f 201//207 393//207 392//207
f 296//208 488//208 489//208
f 202//209 394//209 393//209
f 297//210 489//210 490//210
f 203//211 395//211 394//211
f 298//212 490//212 491//212
f 204//213 396//213 395//213
f 299//214 491//214 492//214
f 204//215 205//215 397//215
f 300//216 492//216 493//216
f 206//217 398//217 397//217
f 301//218 493//218 494//218
f 207//219 399//219 398//219
f 302//220 494//220 495//220
f 208//221 400//221 399//221
f 303//222 495//222 496//222
f 209//223 401//223 400//223
f 304//224 496//224 497//224
f 210//225 402//225 401//225
f 305//226 497//226 498//226
f 211//227 403//227 402//227
f 306//228 498//228 499//228
f 212//736 404//736 403//736
f 307//230 499//230 500//230
f 213//231 405//231 404//231
f 308//232 500//232 501//232
f 214//233 406//233 405//233
f 309//737 501//737 502//737
f 215//235 407//235 406//235
f 310//236 502//236 503//236
f 216//237 408//237 407//237
f 311//238 503//238 504//238
f 217//239 409//239 408//239
f 312//240 504//240 505//240
f 218//241 410//241 409//241
f 313//242 505//242 506//242
f 219//243 411//243 410//243
f 314//244 506//244 507//244
f 220//245 412//245 411//245
f 315//246 507//246 508//246
f 221//247 413//247 412//247
f 316//248 508//248 509//248
f 222//249 414//249 413//249
f 317//250 509//250 510//250
f 223//738 415//738 414//738
f 318//252 510//252 511//252
f 224//253 416//253 415//253
f 319//254 511//254 512//254
f 225//255 417//255 416//255
f 320//256 512//256 513//256
f 226//257 418//257 417//257
f 321//258 513//258 514//258
f 227//259 419//259 418//259
f 322//260 514//260 515//260
f 228//261 420//261 419//261
f 323//262 515//262 516//262
f 228//263 229//263 421//263
f 324//264 516//264 517//264
f 230//265 422//265 421//265
f 325//266 517//266 518//266
f 231//267 423//267 422//267
f 326//268 518//268 519//268
f 232//269 424//269 423//269
f 327//270 519//270 520//270
f 233//271 425//271 424//271
f 328//272 520//272 521//272
f 234//273 426//273 425//273
f 329//274 521//274 522//274
f 235//275 427//275 426//275
f 330//276 522//276 523//276
f 236//277 428//277 427//277
f 331//278 523//278 524//278
f 237//279 429//279 428//279
f 332//280 524//280 525//280
f 238//281 430//281 429//281
f 333//282 525//282 526//282
f 239//283 431//283 430//283
f 334//284 526//284 527//284
f 240//285 432//285 431//285
f 335//286 527//286 528//286
f 241//287 433//287 432//287
f 336//288 528//288 529//288
f 242//289 434//289 433//289
f 337//290 529//290 530//290
f 243//291 435//291 434//291
f 338//292 530//292 531//292
f 244//293 436//293 435//293
f 339//294 531//294 532//294
f 245//295 437//295 436//295
f 340//296 532//296 533//296
f 246//297 438//297 437//297
f 341//298 533//298 534//298
f 247//739 439//739 438//739
f 342//300 534//300 535//300
f 248//301 440//301 439//301
f 343//302 535//302 536//302
f 249//303 441//303 440//303
f 344//304 536//304 537//304
f 250//305 442//305 441//305
f 345//306 537//306 538//306
f 251//307 443//307 442//307
f 346//308 538//308 539//308
f 252//309 444//309 443//309
f 347//310 539//310 540//310
f 252//311 253//311 445//311
f 348//312 540//312 541//312
f 254//313 446//313 445//313
f 349//314 541//314 542//314
f 255//315 447//315 446//315
f 350//316 542//316 543//316
f 256//317 448//317 447//317
f 351//318 543//318 544//318
f 257//319 449//319 448//319
f 352//320 544//320 545//320
f 258//321 450//321 449//321
f 353//322 545//322 546//322
f 259//323 451//323 450//323
f 354//324 546//324 547//324
f 260//740 452//740 451//740
f 355//326 547//326 548//326
f 261//327 453//327 452//327
f 356//328 548//328 549//328
f 262//329 454//329 453//329
f 357//741 549//741 550//741
f 263//331 455//331 454//331
f 358//332 550//332 551//332
f 264//333 456//333 455//333
f 359//334 551//334 552//334
f 265//335 457//335 456//335
f 360//336 552//336 553//336
f 266//337 458//337 457//337
f 361//338 553//338 554//338
f 267//339 459//339 458//339
f 362//340 554//340 555//340
f 268//341 460//341 459//341
f 363//342 555//342 556//342
f 269//343 461//343 460//343
f 364//344 556//344 557//344
f 270//345 462//345 461//345
f 365//346 557//346 558//346
f 271//742 463//742 462//742
f 366//348 558//348 559//348
f 272//349 464//349 463//349
f 367//350 559//350 560//350
f 273//351 465//351 464//351
f 368//352 560//352 561//352
f 274//353 466//353 465//353
f 369//354 561//354 562//354
f 275//355 467//355 466//355
f 370//356 562//356 563//356
f 276//357 468//357 467//357
f 371//358 563//358 564//358
f 276//359 277//359 469//359
f 372//360 564//360 565//360
f 278//361 470//361 469//361
f 373//362 565//362 566//362
f 279//363 471//363 470//363
f 374//364 566//364 567//364
f 280//365 472//365 471//365
f 375//366 567//366 568//366
f 281//367 473//367 472//367
f 376//368 568//368 569//368
f 282//369 474//369 473//369
f 377//370 569//370 570//370
f 283//371 475//371 474//371
f 378//372 570//372 571//372
f 284//373 476//373 475//373
f 379//374 571//374 572//374
f 285//375 477//375 476//375
f 380//376 572//376 573//376
f 286//377 478//377 477//377
f 381//378 573//378 574//378
f 287//379 479//379 478//379
f 382//380 574//380 575//380
f 288//381 480//381 479//381
f 383//382 575//382 576//382
f 193//383 385//383 480//383
f 384//384 576//384 481//384
f 386//385 578//385 577//385
f 481//386 673//386 674//386
f 387//387 579//387 578//387
f 482//388 674//388 675//388
f 388//389 580//389 579//389
f 483//390 675//390 676//390
f 389//391 581//391 580//391
f 484//392 676//392 677//392
f 390//393 582//393 581//393
f 485//394 677//394 678//394
f 391//395 583//395 582//395
f 486//396 678//396 679//396
f 392//397 584//397 583//397
f 487//398 679//398 680//398
f 393//399 585//399 584//399
f 488//400 680//400 681//400
f 394//401 586//401 585//401
f 489//402 681//402 682//402
f 395//403 587//403 586//403
f 490//404 682//404 683//404
f 396//405 588//405 587//405
f 491//406 683//406 684//406
f 397//407 589//407 588//407
f 492//408 684//408 685//408
f 398//409 590//409 589//409
f 493//410 685//410 686//410
f 399//411 591//411 590//411
f 494//412 686//412 687//412
f 400//413 592//413 591//413
f 495//414 687//414 688//414
f 401//415 593//415 592//415
f 496//416 688//416 689//416
f 402//417 594//417 593//417
f 497//418 689//418 690//418
f 403//419 595//419 594//419
f 498//420 690//420 691//420
f 404//421 596//421 595//421
f 500//422 499//422 691//422
f 405//423 597//423 596//423
f 500//424 692//424 693//424
f 406//425 598//425 597//425
f 501//426 693//426 694//426
f 407//427 599//427 598//427
f 502//428 694//428 695//428
f 408//429 600//429 599//429
f 503//430 695//430 696//430
f 409//431 601//431 600//431
f 504//432 696//432 697//432
f 410//433 602//433 601//433
f 505//434 697//434 698//434
f 411//435 603//435 602//435
f 506//436 698//436 699//436
f 412//437 604//437 603//437
f 507//438 699//438 700//438
f 413//439 605//439 604//439
f 508//440 700//440 701//440
f 414//441 606//441 605//441
f 509//442 701//442 702//442
f 415//443 607//443 606//443
f 510//444 702//444 703//444
f 416//445 608//445 607//445
f 511//446 703//446 704//446
f 417//447 609//447 608//447
f 512//448 704//448 705//448
f 418//449 610//449 609//449
f 513//450 705//450 706//450
f 419//451 611//451 610//451
f 514//452 706//452 707//452
f 420//453 612//453 611//453
f 515//454 707//454 708//454
f 421//455 613//455 612//455
f 516//456 708//456 709//456
f 422//457 614//457 613//457
f 517//458 709//458 710//458
f 423//459 615//459 614//459
f 518//460 710//460 711//460
f 424//461 616//461 615//461
f 519//462 711//462 712//462
f 425//463 617//463 616//463
f 520//464 712//464 713//464
f 426//465 618//465 617//465
f 521//466 713//466 714//466
f 427//467 619//467 618//467
f 522//468 714//468 715//468
f 428//469 620//469 619//469
f 524//470 523//470 715//470
f 429//471 621//471 620//471
f 524//472 716//472 717//472
f 430//473 622//473 621//473
f 525//474 717//474 718//474
f 431//475 623//475 622//475
f 526//476 718//476 719//476
f 432//477 624//477 623//477
f 527//478 719//478 720//478
f 433//479 625//479 624//479
f 528//480 720//480 721//480
f 434//481 626//481 625//481
f 529//482 721//482 722//482
f 435//483 627//483 626//483
f 530//484 722//484 723//484
f 436//485 628//485 627//485
f 531//486 723//486 724//486
f 437//487 629//487 628//487
f 532//488 724//488 725//488
f 438//489 630//489 629//489
f 533//490 725//490 726//490
f 439//491 631//491 630//491
f 534//492 726//492 727//492
f 440//493 632//493 631//493
f 535//494 727//494 728//494
f 441//495 633//495 632//495
f 536//496 728//496 729//496
f 442//497 634//497 633//497
f 537//498 729//498 730//498
f 443//499 635//499 634//499
f 538//500 730//500 731//500
f 444//501 636//501 635//501
f 539//502 731//502 732//502
f 445//503 637//503 636//503
f 540//504 732//504 733//504
f 446//505 638//505 637//505
f 541//506 733//506 734//506
f 447//507 639//507 638//507
f 542//508 734//508 735//508
f 448//509 640//509 639//509
f 543//510 735//510 736//510
f 449//511 641//511 640//511
f 544//512 736//512 737//512
f 450//513 642//513 641//513
f 545//514 737//514 738//514
f 451//515 643//515 642//515
f 546//516 738//516 739//516
f 452//517 644//517 643//517
f 548//518 547//518 739//518
f 453//519 645//519 644//519
f 548//520 740//520 741//520
f 454//521 646//521 645//521
f 549//522 741//522 742//522
f 455//523 647//523 646//523
f 550//524 742//524 743//524
f 456//525 648//525 647//525
f 551//526 743//526 744//526
f 457//527 649//527 648//527
f 552//528 744//528 745//528
f 458//529 650//529 649//529
f 553//530 745//530 746//530
f 459//531 651//531 650//531
f 554//532 746//532 747//532
f 460//533 652//533 651//533
f 555//534 747//534 748//534
f 461//535 653//535 652//535
f 556//536 748//536 749//536
f 462//537 654//537 653//537
f 557//538 749//538 750//538
f 463//539 655//539 654//539
f 558//540 750//540 751//540
f 464//541 656//541 655//541
f 559//542 751//542 752//542
f 465//543 657//543 656//543
f 560//544 752//544 753//544
f 466//545 658//545 657//545
f 561//546 753//546 754//546
f 467//547 659//547 658//547
f 562//548 754//548 755//548
f 468//549 660//549 659//549
f 563//550 755//550 756//550
f 469//551 661//551 660//551
f 564//552 756//552 757//552
f 470//553 662//553 661//553
f 565//554 757//554 758//554
f 471//555 663//555 662//555
f 566//556 758//556 759//556
f 472//557 664//557 663//557
f 567//558 759//558 760//558
f 473//559 665//559 664//559
f 568//560 760//560 761//560
f 474//561 666//561 665//561
f 569//562 761//562 762//562
f 475//563 667//563 666//563
f 570//564 762//564 763//564
f 476//565 668//565 667//565
f 572//566 571//566 763//566
f 477//567 669//567 668//567
f 572//568 764//568 765//568
f 478//569 670//569 669//569
f 573//570 765//570 766//570
f 479//571 671//571 670//571
f 574//572 766//572 767//572
f 480//573 672//573 671//573
f 575//574 767//574 768//574
f 385//575 577//575 672//575
f 576//576 768//576 673//576
f 1//577 97//577 98//577
f 578//578 674//578 673//578
f 3//577 2//577 98//577
f 579//578 675//578 674//578
f 4//577 3//577 99//577
f 580//743 676//743 675//743
f 4//577 100//577 101//577
f 580//578 581//578 677//578
f 5//577 101//577 102//577
f 582//578 678//578 677//578
f 7//577 6//577 102//577
f 583//578 679//578 678//578
f 7//577 103//577 104//577
f 584//743 680//743 679//743
f 8//577 104//577 105//577
f 584//581 585//581 681//581
f 9//577 105//577 106//577
f 585//578 586//578 682//578
f 10//577 106//577 107//577
f 586//580 587//580 683//580
f 11//577 107//577 108//577
f 588//581 684//581 683//581
f 12//577 108//577 109//577
f 589//578 685//578 684//578
f 13//577 109//577 110//577
f 590//578 686//578 685//578
f 15//577 14//577 110//577
f 590//580 591//580 687//580
f 16//577 15//577 111//577
f 592//581 688//581 687//581
f 16//577 112//577 113//577
f 593//580 689//580 688//580
f 18//577 17//577 113//577
f 594//578 690//578 689//578
f 19//577 18//577 114//577
f 595//580 691//580 690//580
f 19//577 115//577 116//577
f 595//578 596//578 692//578
f 21//577 20//577 116//577
f 597//580 693//580 692//580
f 22//577 21//577 117//577
f 598//581 694//581 693//581
f 22//577 118//577 119//577
f 599//578 695//578 694//578
f 23//577 119//577 120//577
f 599//578 600//578 696//578
f 25//577 24//577 120//577
f 601//578 697//578 696//578
f 25//577 121//577 122//577
f 602//578 698//578 697//578
f 27//577 26//577 122//577
f 603//578 699//578 698//578
f 28//577 27//577 123//577
f 604//578 700//578 699//578
f 28//577 124//577 125//577
f 604//578 605//578 701//578
f 29//577 125//577 126//577
f 606//581 702//581 701//581
f 31//577 30//577 126//577
f 607//578 703//578 702//578
f 31//577 127//577 128//577
f 608//580 704//580 703//580
f 32//577 128//577 129//577
f 608//578 609//578 705//578
f 33//577 129//577 130//577
f 609//580 610//580 706//580
f 34//577 130//577 131//577
f 610//581 611//581 707//581
f 35//577 131//577 132//577
f 612//578 708//578 707//578
f 36//577 132//577 133//577
f 613//578 709//578 708//578
f 37//577 133//577 134//577
f 614//578 710//578 709//578
f 39//577 38//577 134//577
f 614//581 615//581 711//581
f 40//577 39//577 135//577
f 616//578 712//578 711//578
f 40//577 136//577 137//577
f 617//580 713//580 712//580
f 42//577 41//577 137//577
f 618//578 714//578 713//578
f 43//577 42//577 138//577
f 619//744 715//744 714//744
f 43//577 139//577 140//577
f 619//581 620//581 716//581
f 45//577 44//577 140//577
f 621//578 717//578 716//578
f 46//577 45//577 141//577
f 622//578 718//578 717//578
f 46//577 142//577 143//577
f 623//578 719//578 718//578
f 47//577 143//577 144//577
f 623//578 624//578 720//578
f 49//577 48//577 144//577
f 625//578 721//578 720//578
f 49//577 145//577 146//577
f 626//578 722//578 721//578
f 51//577 50//577 146//577
f 627//578 723//578 722//578
f 52//577 51//577 147//577
f 628//744 724//744 723//744
f 52//577 148//577 149//577
f 628//578 629//578 725//578
f 53//577 149//577 150//577
f 630//578 726//578 725//578
f 55//577 54//577 150//577
f 631//578 727//578 726//578
f 55//577 151//577 152//577
f 632//744 728//744 727//744
f 56//577 152//577 153//577
f 632//580 633//580 729//580
f 57//577 153//577 154//577
f 633//578 634//578 730//578
f 58//577 154//577 155//577
f 634//581 635//581 731//581
f 59//577 155//577 156//577
f 636//580 732//580 731//580
f 60//577 156//577 157//577
f 637//578 733//578 732//578
f 61//577 157//577 158//577
f 638//578 734//578 733//578
f 63//577 62//577 158//577
f 638//581 639//581 735//581
f 64//577 63//577 159//577
f 640//580 736//580 735//580
f 64//577 160//577 161//577
f 641//581 737//581 736//581
f 66//577 65//577 161//577
f 642//578 738//578 737//578
f 67//577 66//577 162//577
f 643//581 739//581 738//581
f 67//577 163//577 164//577
f 643//578 644//578 740//578
f 69//577 68//577 164//577
f 645//581 741//581 740//581
f 70//577 69//577 165//577
f 646//580 742//580 741//580
f 70//577 166//577 167//577
f 647//578 743//578 742//578
f 71//577 167//577 168//577
f 647//578 648//578 744//578
f 73//577 72//577 168//577
f 649//578 745//578 744//578
f 73//577 169//577 170//577
f 650//578 746//578 745//578
f 75//577 74//577 170//577
f 651//578 747//578 746//578
f 76//577 75//577 171//577
f 652//578 748//578 747//578
f 76//577 172//577 173//577
f 652//578 653//578 749//578
f 77//577 173//577 174//577
f 654//580 750//580 749//580
f 79//577 78//577 174//577
f 655//578 751//578 750//578
f 79//577 175//577 176//577
f 656//581 752//581 751//581
f 80//577 176//577 177//577
f 656//578 657//578 753//578
f 81//577 177//577 178//577
f 657//581 658//581 754//581
f 82//577 178//577 179//577
f 658//580 659//580 755//580
f 83//577 179//577 180//577
f 660//578 756//578 755//578
f 84//577 180//577 181//577
f 661//578 757//578 756//578
f 85//577 181//577 182//577
f 662//578 758//578 757//578
f 87//577 86//577 182//577
f 662//580 663//580 759//580
f 88//577 87//577 183//577
f 664//578 760//578 759//578
f 88//577 184//577 185//577
f 665//581 761//581 760//581
f 90//577 89//577 185//577
f 666//578 762//578 761//578
f 91//577 90//577 186//577
f 667//743 763//743 762//743
f 91//577 187//577 188//577
f 667//580 668//580 764//580
f 93//577 92//577 188//577
f 669//578 765//578 764//578
f 94//577 93//577 189//577
f 670//578 766//578 765//578
f 94//577 190//577 191//577
f 671//578 767//578 766//578
f 95//577 191//577 192//577
f 671//578 672//578 768//578
f 1//577 96//577 192//577
f 577//578 673//578 768//578
usemtl steel_grey
f 769//577 866//577 865//577
f 771//577 866//577 770//577
f 772//577 867//577 771//577
f 773//577 868//577 772//577
f 773//577 870//577 869//577
f 775//577 870//577 774//577
f 775//577 872//577 871//577
f 776//577 873//577 872//577
f 777//577 874//577 873//577
f 779//577 874//577 778//577
f 779//577 876//577 875//577
f 781//577 876//577 780//577
f 781//577 878//577 877//577
f 783//577 878//577 782//577
f 784//577 879//577 783//577
f 785//577 880//577 784//577
f 786//577 881//577 785//577
f 786//577 883//577 882//577
f 788//577 883//577 787//577
f 789//577 884//577 788//577
f 790//577 885//577 789//577
f 790//577 887//577 886//577
f 791//577 888//577 887//577
f 793//577 888//577 792//577
f 793//577 890//577 889//577
f 795//577 890//577 794//577
f 796//577 891//577 795//577
f 797//577 892//577 796//577
f 797//577 894//577 893//577
f 799//577 894//577 798//577
f 799//577 896//577 895//577
f 800//577 897//577 896//577
f 801//577 898//577 897//577
f 803//577 898//577 802//577
f 803//577 900//577 899//577
f 805//577 900//577 804//577
f 805//577 902//577 901//577
f 807//577 902//577 806//577
f 808//577 903//577 807//577
f 809//577 904//577 808//577
f 810//577 905//577 809//577
f 810//577 907//577 906//577
f 812//577 907//577 811//577
f 813//577 908//577 812//577
f 814//577 909//577 813//577
f 814//577 911//577 910//577
f 815//577 912//577 911//577
f 817//577 912//577 816//577
f 817//577 914//577 913//577
f 819//577 914//577 818//577
f 820//577 915//577 819//577
f 821//577 916//577 820//577
f 821//577 918//577 917//577
f 823//577 918//577 822//577
f 823//577 920//577 919//577
f 824//577 921//577 920//577
f 825//577 922//577 921//577
f 827//577 922//577 826//577
f 827//577 924//577 923//577
f 829//577 924//577 828//577
f 829//577 926//577 925//577
f 831//577 926//577 830//577
f 832//577 927//577 831//577
f 833//577 928//577 832//577
f 834//577 929//577 833//577
f 834//577 931//577 930//577
f 836//577 931//577 835//577
f 837//577 932//577 836//577
f 838//577 933//577 837//577
f 838//577 935//577 934//577
f 839//577 936//577 935//577
f 841//577 936//577 840//577
f 841//577 938//577 937//577
f 843//577 938//577 842//577
f 844//577 939//577 843//577
f 845//577 940//577 844//577
f 845//577 942//577 941//577
f 847//577 942//577 846//577
f 847//577 944//577 943//577
f 848//577 945//577 944//577
f 849//577 946//577 945//577
f 851//577 946//577 850//577
f 851//577 948//577 947//577
f 853//577 948//577 852//577
f 853//577 950//577 949//577
f 855//577 950//577 854//577
f 856//577 951//577 855//577
f 857//577 952//577 856//577
f 858//577 953//577 857//577
f 858//577 955//577 954//577
f 860//577 955//577 859//577
f 861//577 956//577 860//577
f 862//577 957//577 861//577
f 862//577 959//577 958//577
f 863//577 960//577 959//577
f 769//577 960//577 864//577
f 866//583 961//583 865//583
f 867//584 962//584 866//584
f 868//585 963//585 867//585
f 869//586 964//586 868//586
f 870//587 965//587 869//587
f 871//588 966//588 870//588
f 872//589 967//589 871//589
f 873//590 968//590 872//590
f 874//591 969//591 873//591
f 875//592 970//592 874//592
f 876//593 971//593 875//593
f 877//594 972//594 876//594
f 878//595 973//595 877//595
f 879//596 974//596 878//596
f 880//597 975//597 879//597
f 881//598 976//598 880//598
f 882//599 977//599 881//599
f 883//600 978//600 882//600
f 884//601 979//601 883//601
f 885//602 980//602 884//602
f 886//603 981//603 885//603
f 887//604 982//604 886//604
f 888//605 983//605 887//605
f 889//606 984//606 888//606
f 890//607 985//607 889//607
f 891//608 986//608 890//608
f 892//609 987//609 891//609
f 893//610 988//610 892//610
f 894//611 989//611 893//611
f 895//612 990//612 894//612
f 896//613 991//613 895//613
f 897//614 992//614 896//614
f 898//615 993//615 897//615
f 899//616 994//616 898//616
f 900//617 995//617 899//617
f 901//618 996//618 900//618
f 902//619 997//619 901//619
f 903//620 998//620 902//620
f 904//621 999//621 903//621
f 905//622 1000//622 904//622
f 906//623 1001//623 905//623
f 907//624 1002//624 906//624
f 908//625 1003//625 907//625
f 909//626 1004//626 908//626
f 910//627 1005//627 909//627
f 911//628 1006//628 910//628
f 912//629 1007//629 911//629
f 913//630 1008//630 912//630
f 914//631 1009//631 913//631
f 915//632 1010//632 914//632
f 916//633 1011//633 915//633
f 917//634 1012//634 916//634
f 918//635 1013//635 917//635
f 919//636 1014//636 918//636
f 920//637 1015//637 919//637
f 921//638 1016//638 920//638
f 922//639 1017//639 921//639
f 923//640 1018//640 922//640
f 924//641 1019//641 923//641
f 925//642 1020//642 924//642
f 926//643 1021//643 925//643
f 927//644 1022//644 926//644
f 928//645 1023//645 927//645
f 929//646 1024//646 928//646
f 930//647 1025//647 929//647
f 931//648 1026//648 930//648
f 932//649 1027//649 931//649
f 933//650 1028//650 932//650
f 934//651 1029//651 933//651
f 935//652 1030//652 934//652
f 936//653 1031//653 935//653
f 937//654 1032//654 936//654
f 938//655 1033//655 937//655
f 939//656 1034//656 938//656
f 940//657 1035//657 939//657
f 941//658 1036//658 940//658
f 942//659 1037//659 941//659
f 943//660 1038//660 942//660
f 944//661 1039//661 943//661
f 945//662 1040//662 944//662
f 946//663 1041//663 945//663
f 947//664 1042//664 946//664
f 948//665 1043//665 947//665
f 949//666 1044//666 948//666
f 950//667 1045//667 949//667
f 951//668 1046//668 950//668
f 952//669 1047//669 951//669
f 953//670 1048//670 952//670
f 954//671 1049//671 953//671
f 955//672 1050//672 954//672
f 956//673 1051//673 955//673
f 957//674 1052//674 956//674
f 958//675 1053//675 957//675
f 959//676 1054//676 958//676
f 960//677 1055//677 959//677
f 865//678 1056//678 960//678
f 962//578 1057//578 961//578
f 962//578 1059//578 1058//578
f 963//578 1060//578 1059//578
f 965//578 1060//578 964//578
f 966//578 1061//578 965//578
f 967//578 1062//578 966//578
f 967//578 1064//578 1063//578
f 969//578 1064//578 968//578
f 970//578 1065//578 969//578
f 971//578 1066//578 970//578
f 972//578 1067//578 971//578
f 972//578 1069//578 1068//578
f 974//578 1069//578 973//578
f 974//578 1071//578 1070//578
f 976//578 1071//578 975//578
f 976//578 1073//578 1072//578
f 977//578 1074//578 1073//578
f 978//578 1075//578 1074//578
f 980//578 1075//578 979//578
f 980//578 1077//578 1076//578
f 982//578 1077//578 981//578
f 983//578 1078//578 982//578
f 984//578 1079//578 983//578
f 984//578 1081//578 1080//578
f 986//578 1081//578 985//578
f 986//578 1083//578 1082//578
f 987//578 1084//578 1083//578
f 989//578 1084//578 988//578
f 990//578 1085//578 989//578
f 991//578 1086//578 990//578
f 991//578 1088//578 1087//578
f 993//578 1088//578 992//578
f 994//578 1089//578 993//578
f 995//578 1090//578 994//578
f 996//578 1091//578 995//578
f 996//578 1093//578 1092//578
f 998//578 1093//578 997//578
f 998//578 1095//578 1094//578
f 1000//578 1095//578 999//578
f 1000//578 1097//578 1096//578
f 1001//578 1098//578 1097//578
f 1002//578 1099//578 1098//578
f 1004//578 1099//578 1003//578
f 1004//578 1101//578 1100//578
f 1006//578 1101//578 1005//578
f 1007//578 1102//578 1006//578
f 1008//578 1103//578 1007//578
f 1008//578 1105//578 1104//578
f 1010//578 1105//578 1009//578
f 1010//578 1107//578 1106//578
f 1011//578 1108//578 1107//578
f 1013//578 1108//578 1012//578
f 1014//578 1109//578 1013//578
f 1015//578 1110//578 1014//578
f 1015//578 1112//578 1111//578
f 1017//578 1112//578 1016//578
f 1018//578 1113//578 1017//578
f 1019//578 1114//578 1018//578
f 1020//578 1115//578 1019//578
f 1020//578 1117//578 1116//578
f 1022//578 1117//578 1021//578
f 1022//578 1119//578 1118//578
f 1024//578 1119//578 1023//578
f 1024//578 1121//578 1120//578
f 1025//578 1122//578 1121//578
f 1026//578 1123//578 1122//578
f 1028//578 1123//578 1027//578
f 1028//578 1125//578 1124//578
f 1030//578 1125//578 1029//578
f 1031//578 1126//578 1030//578
f 1032//578 1127//578 1031//578
f 1032//578 1129//578 1128//578
f 1034//578 1129//578 1033//578
f 1034//578 1131//578 1130//578
f 1035//578 1132//578 1131//578
f 1037//578 1132//578 1036//578
f 1038//578 1133//578 1037//578
f 1039//578 1134//578 1038//578
f 1039//578 1136//578 1135//578
f 1041//578 1136//578 1040//578
f 1042//578 1137//578 1041//578
f 1043//578 1138//578 1042//578
f 1044//578 1139//578 1043//578
f 1044//578 1141//578 1140//578
f 1046//578 1141//578 1045//578
f 1046//578 1143//578 1142//578
f 1048//578 1143//578 1047//578
f 1048//578 1145//578 1144//578
f 1049//578 1146//578 1145//578
f 1050//578 1147//578 1146//578
f 1052//578 1147//578 1051//578
f 1052//578 1149//578 1148//578
f 1054//578 1149//578 1053//578
f 1055//578 1150//578 1054//578
f 1056//578 1151//578 1055//578
f 1056//578 1057//578 1152//578
f 1058//631 1153//631 1057//631
f 1059//632 1154//632 1058//632
f 1060//633 1155//633 1059//633
f 1061//634 1156//634 1060//634
f 1062//635 1157//635 1061//635
f 1063//636 1158//636 1062//636
f 1064//637 1159//637 1063//637
f 1065//638 1160//638 1064//638
f 1066//639 1161//639 1065//639
f 1067//640 1162//640 1066//640
f 1068//641 1163//641 1067//641
f 1069//642 1164//642 1068//642
f 1070//643 1165//643 1069//643
f 1071//644 1166//644 1070//644
f 1072//645 1167//645 1071//645
f 1073//646 1168//646 1072//646
f 1074//647 1169//647 1073//647
f 1075//648 1170//648 1074//648
f 1076//649 1171//649 1075//649
f 1077//650 1172//650 1076//650
f 1078//651 1173//651 1077//651
f 1079//652 1174//652 1078//652
f 1080//653 1175//653 1079//653
f 1081//654 1176//654 1080//654
f 1082//655 1177//655 1081//655
f 1083//656 1178//656 1082//656
f 1084//657 1179//657 1083//657
f 1085//658 1180//658 1084//658
f 1086//659 1181//659 1085//659
f 1087//679 1182//679 1086//679
f 1088//661 1183//661 1087//661
f 1089//662 1184//662 1088//662
f 1090//663 1185//663 1089//663
f 1091//664 1186//664 1090//664
f 1092//665 1187//665 1091//665
f 1093//666 1188//666 1092//666
f 1094//667 1189//667 1093//667
f 1095//668 1190//668 1094//668
f 1096//669 1191//669 1095//669
f 1097//670 1192//670 1096//670
f 1098//671 1193//671 1097//671
f 1099//672 1194//672 1098//672
f 1100//680 1195//680 1099//680
f 1101//674 1196//674 1100//674
f 1102//675 1197//675 1101//675
f 1103//676 1198//676 1102//676
f 1104//677 1199//677 1103//677
f 1105//678 1200//678 1104//678
f 1106//583 1201//583 1105//583
f 1107//584 1202//584 1106//584
f 1108//585 1203//585 1107//585
f 1109//586 1204//586 1108//586
f 1110//587 1205//587 1109//587
f 1111//588 1206//588 1110//588
f 1112//589 1207//589 1111//589
f 1113//590 1208//590 1112//590
f 1114//591 1209//591 1113//591
f 1115//592 1210//592 1114//592
f 1116//593 1211//593 1115//593
f 1117//594 1212//594 1116//594
f 1118//595 1213//595 1117//595
f 1119//596 1214//596 1118//596
f 1120//597 1215//597 1119//597
f 1121//598 1216//598 1120//598
f 1122//599 1217//599 1121//599
f 1123//600 1218//600 1122//600
f 1124//681 1219//681 1123//681
f 1125//602 1220//602 1124//602
f 1126//603 1221//603 1125//603
f 1127//604 1222//604 1126//604
f 1128//605 1223//605 1127//605
f 1129//606 1224//606 1128//606
f 1130//607 1225//607 1129//607
f 1131//608 1226//608 1130//608
f 1132//609 1227//609 1131//609
f 1133//610 1228//610 1132//610
f 1134//611 1229//611 1133//611
f 1135//682 1230//682 1134//682
f 1136//613 1231//613 1135//613
f 1137//614 1232//614 1136//614
f 1138//615 1233//615 1137//615
f 1139//616 1234//616 1138//616
f 1140//617 1235//617 1139//617
f 1141//618 1236//618 1140//618
f 1142//619 1237//619 1141//619
f 1143//620 1238//620 1142//620
f 1144//621 1239//621 1143//621
f 1145//622 1240//622 1144//622
f 1146//623 1241//623 1145//623
f 1147//624 1242//624 1146//624
f 1148//683 1243//683 1147//683
f 1149//626 1244//626 1148//626
f 1150//627 1245//627 1149//627
f 1151//628 1246//628 1150//628
f 1152//629 1247//629 1151//629
f 1057//630 1248//630 1152//630
f 1250//577 1345//577 1249//577
f 1251//577 1346//577 1250//577
f 1252//577 1347//577 1251//577
f 1252//577 1349//577 1348//577
f 1254//577 1349//577 1253//577
f 1255//577 1350//577 1254//577
f 1256//577 1351//577 1255//577
f 1257//577 1352//577 1256//577
f 1258//577 1353//577 1257//577
f 1258//577 1355//577 1354//577
f 1260//577 1355//577 1259//577
f 1260//577 1357//577 1356//577
f 1262//577 1357//577 1261//577
f 1262//577 1359//577 1358//577
f 1264//577 1359//577 1263//577
f 1264//577 1361//577 1360//577
f 1265//577 1362//577 1361//577
f 1266//577 1363//577 1362//577
f 1268//577 1363//577 1267//577
f 1269//577 1364//577 1268//577
f 1270//577 1365//577 1269//577
f 1270//577 1367//577 1366//577
f 1271//577 1368//577 1367//577
f 1272//577 1369//577 1368//577
f 1274//577 1369//577 1273//577
f 1275//577 1370//577 1274//577
f 1276//577 1371//577 1275//577
f 1276//577 1373//577 1372//577
f 1278//577 1373//577 1277//577
f 1279//577 1374//577 1278//577
f 1280//577 1375//577 1279//577
f 1281//577 1376//577 1280//577
f 1282//577 1377//577 1281//577
f 1282//577 1379//577 1378//577
f 1284//577 1379//577 1283//577
f 1284//577 1381//577 1380//577
f 1286//577 1381//577 1285//577
f 1286//577 1383//577 1382//577
f 1288//577 1383//577 1287//577
f 1288//577 1385//577 1384//577
f 1289//577 1386//577 1385//577
f 1290//577 1387//577 1386//577
f 1292//577 1387//577 1291//577
f 1293//577 1388//577 1292//577
f 1294//577 1389//577 1293//577
f 1294//577 1391//577 1390//577
f 1295//577 1392//577 1391//577
f 1296//577 1393//577 1392//577
f 1298//577 1393//577 1297//577
f 1299//577 1394//577 1298//577
f 1300//577 1395//577 1299//577
f 1300//577 1397//577 1396//577
f 1302//577 1397//577 1301//577
f 1303//577 1398//577 1302//577
f 1304//577 1399//577 1303//577
f 1305//577 1400//577 1304//577
f 1306//577 1401//577 1305//577
f 1306//577 1403//577 1402//577
f 1308//577 1403//577 1307//577
f 1308//577 1405//577 1404//577
f 1310//577 1405//577 1309//577
f 1310//577 1407//577 1406//577
f 1312//577 1407//577 1311//577
f 1312//577 1409//577 1408//577
f 1313//577 1410//577 1409//577
f 1314//577 1411//577 1410//577
f 1316//577 1411//577 1315//577
f 1317//577 1412//577 1316//577
f 1318//577 1413//577 1317//577
f 1318//577 1415//577 1414//577
f 1319//577 1416//577 1415//577
f 1320//577 1417//577 1416//577
f 1322//577 1417//577 1321//577
f 1323//577 1418//577 1322//577
f 1324//577 1419//577 1323//577
f 1324//577 1421//577 1420//577
f 1326//577 1421//577 1325//577
f 1327//577 1422//577 1326//577
f 1328//577 1423//577 1327//577
f 1329//577 1424//577 1328//577
f 1330//577 1425//577 1329//577
f 1330//577 1427//577 1426//577
f 1332//577 1427//577 1331//577
f 1332//577 1429//577 1428//577
f 1334//577 1429//577 1333//577
f 1334//577 1431//577 1430//577
f 1336//577 1431//577 1335//577
f 1336//577 1433//577 1432//577
f 1337//577 1434//577 1433//577
f 1338//577 1435//577 1434//577
f 1340//577 1435//577 1339//577
f 1341//577 1436//577 1340//577
f 1342//577 1437//577 1341//577
f 1342//577 1439//577 1438//577
f 1343//577 1440//577 1439//577
f 1344//577 1345//577 1440//577
f 1346//583 1441//583 1345//583
f 1347//584 1442//584 1346//584
f 1348//585 1443//585 1347//585
f 1349//586 1444//586 1348//586
f 1350//587 1445//587 1349//587
f 1351//684 1446//684 1350//684
f 1352//589 1447//589 1351//589
f 1353//590 1448//590 1352//590
f 1354//591 1449//591 1353//591
f 1355//592 1450//592 1354//592
f 1356//593 1451//593 1355//593
f 1357//594 1452//594 1356//594
f 1358//595 1453//595 1357//595
f 1359//596 1454//596 1358//596
f 1360//597 1455//597 1359//597
f 1361//598 1456//598 1360//598
f 1362//599 1457//599 1361//599
f 1363//600 1458//600 1362//600
f 1364//681 1459//681 1363//681
f 1365//602 1460//602 1364//602
f 1366//603 1461//603 1365//603
f 1367//604 1462//604 1366//604
f 1368//605 1463//605 1367//605
f 1369//606 1464//606 1368//606
f 1370//607 1465//607 1369//607
f 1371//608 1466//608 1370//608
f 1372//609 1467//609 1371//609
f 1373//610 1468//610 1372//610
f 1374//611 1469//611 1373//611
f 1375//682 1470//682 1374//682
f 1376//613 1471//613 1375//613
f 1377//614 1472//614 1376//614
f 1378//615 1473//615 1377//615
f 1379//616 1474//616 1378//616
f 1380//617 1475//617 1379//617
f 1381//618 1476//618 1380//618
f 1382//619 1477//619 1381//619
f 1383//620 1478//620 1382//620
f 1384//621 1479//621 1383//621
f 1385//622 1480//622 1384//622
f 1386//623 1481//623 1385//623
f 1387//624 1482//624 1386//624
f 1388//625 1483//625 1387//625
f 1389//626 1484//626 1388//626
f 1390//627 1485//627 1389//627
f 1391//628 1486//628 1390//628
f 1392//629 1487//629 1391//629
f 1393//630 1488//630 1392//630
f 1394//631 1489//631 1393//631
f 1395//632 1490//632 1394//632
f 1396//633 1491//633 1395//633
f 1397//634 1492//634 1396//634
f 1398//635 1493//635 1397//635
f 1399//685 1494//685 1398//685
f 1400//637 1495//637 1399//637
f 1401//638 1496//638 1400//638
f 1402//639 1497//639 1401//639
f 1403//640 1498//640 1402//640
f 1404//641 1499//641 1403//641
f 1405//642 1500//642 1404//642
f 1406//643 1501//643 1405//643
f 1407//644 1502//644 1406//644
f 1408//645 1503//645 1407//645
f 1409//646 1504//646 1408//646
f 1410//647 1505//647 1409//647
f 1411//648 1506//648 1410//648
f 1412//686 1507//686 1411//686
f 1413//650 1508//650 1412//650
f 1414//651 1509//651 1413//651
f 1415//652 1510//652 1414//652
f 1416//653 1511//653 1415//653
f 1417//654 1512//654 1416//654
f 1418//655 1513//655 1417//655
f 1419//656 1514//656 1418//656
f 1420//657 1515//657 1419//657
f 1421//658 1516//658 1420//658
f 1422//659 1517//659 1421//659
f 1423//679 1518//679 1422//679
f 1424//661 1519//661 1423//661
f 1425//662 1520//662 1424//662
f 1426//663 1521//663 1425//663
f 1427//664 1522//664 1426//664
f 1428//665 1523//665 1427//665
f 1429//666 1524//666 1428//666
f 1430//667 1525//667 1429//667
f 1431//668 1526//668 1430//668
f 1432//669 1527//669 1431//669
f 1433//670 1528//670 1432//670
f 1434//671 1529//671 1433//671
f 1435//672 1530//672 1434//672
f 1436//673 1531//673 1435//673
f 1437//674 1532//674 1436//674
f 1438//675 1533//675 1437//675
f 1439//676 1534//676 1438//676
f 1440//677 1535//677 1439//677
f 1345//678 1536//678 1440//678
f 1441//578 1538//578 1537//578
f 1442//578 1539//578 1538//578
f 1443//578 1540//578 1539//578
f 1445//578 1540//578 1444//578
f 1446//578 1541//578 1445//578
f 1447//578 1542//578 1446//578
f 1447//578 1544//578 1543//578
f 1448//578 1545//578 1544//578
f 1449//578 1546//578 1545//578
f 1451//578 1546//578 1450//578
f 1451//578 1548//578 1547//578
f 1453//578 1548//578 1452//578
f 1453//578 1550//578 1549//578
f 1455//578 1550//578 1454//578
f 1455//578 1552//578 1551//578
f 1457//578 1552//578 1456//578
f 1458//578 1553//578 1457//578
f 1459//578 1554//578 1458//578
f 1460//578 1555//578 1459//578
f 1461//578 1556//578 1460//578
f 1461//578 1558//578 1557//578
f 1463//578 1558//578 1462//578
f 1464//578 1559//578 1463//578
f 1465//578 1560//578 1464//578
f 1465//578 1562//578 1561//578
f 1466//578 1563//578 1562//578
f 1467//578 1564//578 1563//578
f 1469//578 1564//578 1468//578
f 1470//578 1565//578 1469//578
f 1471//578 1566//578 1470//578
f 1471//578 1568//578 1567//578
f 1472//578 1569//578 1568//578
f 1473//578 1570//578 1569//578
f 1475//578 1570//578 1474//578
f 1475//578 1572//578 1571//578
f 1477//578 1572//578 1476//578
f 1477//578 1574//578 1573//578
f 1479//578 1574//578 1478//578
f 1479//578 1576//578 1575//578
f 1481//578 1576//578 1480//578
f 1482//578 1577//578 1481//578
f 1483//578 1578//578 1482//578
f 1484//578 1579//578 1483//578
f 1485//578 1580//578 1484//578
f 1485//578 1582//578 1581//578
f 1487//578 1582//578 1486//578
f 1488//578 1583//578 1487//578
f 1489//578 1584//578 1488//578
f 1489//578 1586//578 1585//578
f 1490//578 1587//578 1586//578
f 1491//578 1588//578 1587//578
f 1493//578 1588//578 1492//578
f 1494//578 1589//578 1493//578
f 1495//578 1590//578 1494//578
f 1495//578 1592//578 1591//578
f 1496//578 1593//578 1592//578
f 1497//578 1594//578 1593//578
f 1499//578 1594//578 1498//578
f 1499//578 1596//578 1595//578
f 1501//578 1596//578 1500//578
f 1501//578 1598//578 1597//578
f 1503//578 1598//578 1502//578
f 1503//578 1600//578 1599//578
f 1505//578 1600//578 1504//578
f 1506//578 1601//578 1505//578
f 1507//578 1602//578 1506//578
f 1508//578 1603//578 1507//578
f 1509//578 1604//578 1508//578
f 1509//578 1606//578 1605//578
f 1511//578 1606//578 1510//578
f 1512//578 1607//578 1511//578
f 1513//578 1608//578 1512//578
f 1513//578 1610//578 1609//578
f 1514//578 1611//578 1610//578
f 1515//578 1612//578 1611//578
f 1517//578 1612//578 1516//578
f 1518//578 1613//578 1517//578
f 1519//578 1614//578 1518//578
f 1519//578 1616//578 1615//578
f 1520//578 1617//578 1616//578
f 1521//578 1618//578 1617//578
f 1523//578 1618//578 1522//578
f 1523//578 1620//578 1619//578
f 1525//578 1620//578 1524//578
f 1525//578 1622//578 1621//578
f 1527//578 1622//578 1526//578
f 1527//578 1624//578 1623//578
f 1529//578 1624//578 1528//578
f 1530//578 1625//578 1529//578
f 1531//578 1626//578 1530//578
f 1532//578 1627//578 1531//578
f 1533//578 1628//578 1532//578
f 1533//578 1630//578 1629//578
f 1535//578 1630//578 1534//578
f 1536//578 1631//578 1535//578
f 1441//578 1632//578 1536//578
f 1538//631 1633//631 1537//631
f 1539//632 1634//632 1538//632
f 1540//633 1635//633 1539//633
f 1541//634 1636//634 1540//634
f 1542//635 1637//635 1541//635
f 1543//636 1638//636 1542//636
f 1544//637 1639//637 1543//637
f 1545//638 1640//638 1544//638
f 1546//639 1641//639 1545//639
f 1547//687 1642//687 1546//687
f 1548//641 1643//641 1547//641
f 1549//642 1644//642 1548//642
f 1550//643 1645//643 1549//643
f 1551//644 1646//644 1550//644
f 1552//688 1647//688 1551//688
f 1553//646 1648//646 1552//646
f 1554//647 1649//647 1553//647
f 1555//648 1650//648 1554//648
f 1556//649 1651//649 1555//649
f 1557//650 1652//650 1556//650
f 1558//651 1653//651 1557//651
f 1559//652 1654//652 1558//652
f 1560//653 1655//653 1559//653
f 1561//654 1656//654 1560//654
f 1562//655 1657//655 1561//655
f 1563//656 1658//656 1562//656
f 1564//657 1659//657 1563//657
f 1565//658 1660//658 1564//658
f 1566//659 1661//659 1565//659
f 1567//660 1662//660 1566//660
f 1568//661 1663//661 1567//661
f 1569//662 1664//662 1568//662
f 1570//663 1665//663 1569//663
f 1571//689 1666//689 1570//689
f 1572//665 1667//665 1571//665
f 1573//666 1668//666 1572//666
f 1574//667 1669//667 1573//667
f 1575//668 1670//668 1574//668
f 1576//690 1671//690 1575//690
f 1577//670 1672//670 1576//670
f 1578//671 1673//671 1577//671
f 1579//672 1674//672 1578//672
f 1580//673 1675//673 1579//673
f 1581//674 1676//674 1580//674
f 1582//675 1677//675 1581//675
f 1583//676 1678//676 1582//676
f 1584//677 1679//677 1583//677
f 1585//678 1680//678 1584//678
f 1586//583 1681//583 1585//583
f 1587//584 1682//584 1586//584
f 1588//585 1683//585 1587//585
f 1589//586 1684//586 1588//586
f 1590//587 1685//587 1589//587
f 1591//588 1686//588 1590//588
f 1592//589 1687//589 1591//589
f 1593//590 1688//590 1592//590
f 1594//591 1689//591 1593//591
f 1595//691 1690//691 1594//691
f 1596//593 1691//593 1595//593
f 1597//594 1692//594 1596//594
f 1598//595 1693//595 1597//595
f 1599//596 1694//596 1598//596
f 1600//692 1695//692 1599//692
f 1601//598 1696//598 1600//598
f 1602//599 1697//599 1601//599
f 1603//600 1698//600 1602//600
f 1604//601 1699//601 1603//601
f 1605//602 1700//602 1604//602
f 1606//603 1701//603 1605//603
f 1607//604 1702//604 1606//604
f 1608//605 1703//605 1607//605
f 1609//606 1704//606 1608//606
f 1610//607 1705//607 1609//607
f 1611//608 1706//608 1610//608
f 1612//609 1707//609 1611//609
f 1613//610 1708//610 1612//610
f 1614//611 1709//611 1613//611
f 1615//612 1710//612 1614//612
f 1616//613 1711//613 1615//613
f 1617//614 1712//614 1616//614
f 1618//615 1713//615 1617//615
f 1619//693 1714//693 1618//693
f 1620//617 1715//617 1619//617
f 1621//618 1716//618 1620//618
f 1622//619 1717//619 1621//619
f 1623//620 1718//620 1622//620
f 1624//694 1719//694 1623//694
f 1625//622 1720//622 1624//622
f 1626//623 1721//623 1625//623
f 1627//624 1722//624 1626//624
f 1628//625 1723//625 1627//625
f 1629//626 1724//626 1628//626
f 1630//627 1725//627 1629//627
f 1631//628 1726//628 1630//628
f 1632//629 1727//629 1631//629
f 1537//630 1728//630 1632//630
f 1729//577 1826//577 1825//577
f 1730//577 1827//577 1826//577
f 1731//695 1828//695 1827//695
f 1733//696 1828//696 1732//696
f 1733//577 1830//577 1829//577
f 1735//697 1830//697 1734//697
f 1735//577 1832//577 1831//577
f 1736//577 1833//577 1832//577
f 1738//577 1833//577 1737//577
f 1739//698 1834//698 1738//698
f 1740//577 1835//577 1739//577
f 1740//577 1837//577 1836//577
f 1742//577 1837//577 1741//577
f 1742//577 1839//577 1838//577
f 1743//577 1840//577 1839//577
f 1744//696 1841//696 1840//696
f 1746//577 1841//577 1745//577
f 1746//698 1843//698 1842//698
f 1748//697 1843//697 1747//697
f 1749//577 1844//577 1748//577
f 1749//577 1846//577 1845//577
f 1751//577 1846//577 1750//577
f 1752//577 1847//577 1751//577
f 1753//577 1848//577 1752//577
f 1753//577 1850//577 1849//577
f 1754//577 1851//577 1850//577
f 1755//577 1852//577 1851//577
f 1757//698 1852//698 1756//698
f 1757//577 1854//577 1853//577
f 1759//577 1854//577 1758//577
f 1759//577 1856//577 1855//577
f 1760//577 1857//577 1856//577
f 1762//577 1857//577 1761//577
f 1763//698 1858//698 1762//698
f 1764//697 1859//697 1763//697
f 1764//577 1861//577 1860//577
f 1766//577 1861//577 1765//577
f 1766//577 1863//577 1862//577
f 1767//577 1864//577 1863//577
f 1768//577 1865//577 1864//577
f 1770//699 1865//699 1769//699
f 1770//577 1867//577 1866//577
f 1772//577 1867//577 1771//577
f 1773//697 1868//697 1772//697
f 1773//695 1870//695 1869//695
f 1775//696 1870//696 1774//696
f 1776//700 1871//700 1775//700
f 1777//701 1872//701 1776//701
f 1777//577 1874//577 1873//577
f 1778//577 1875//577 1874//577
f 1779//702 1876//702 1875//702
f 1781//701 1876//701 1780//701
f 1781//577 1878//577 1877//577
f 1783//698 1878//698 1782//698
f 1783//577 1880//577 1879//577
f 1784//577 1881//577 1880//577
f 1786//577 1881//577 1785//577
f 1787//697 1882//697 1786//697
f 1788//577 1883//577 1787//577
f 1788//577 1885//577 1884//577
f 1790//577 1885//577 1789//577
f 1790//577 1887//577 1886//577
f 1791//577 1888//577 1887//577
f 1792//701 1889//701 1888//701
f 1794//577 1889//577 1793//577
f 1794//697 1891//697 1890//697
f 1796//698 1891//698 1795//698
f 1797//577 1892//577 1796//577
f 1797//577 1894//577 1893//577
f 1799//577 1894//577 1798//577
f 1800//577 1895//577 1799//577
f 1801//577 1896//577 1800//577
f 1801//577 1898//577 1897//577
f 1802//577 1899//577 1898//577
f 1803//577 1900//577 1899//577
f 1805//697 1900//697 1804//697
f 1805//577 1902//577 1901//577
f 1807//577 1902//577 1806//577
f 1807//577 1904//577 1903//577
f 1808//577 1905//577 1904//577
f 1810//577 1905//577 1809//577
f 1811//697 1906//697 1810//697
f 1812//698 1907//698 1811//698
f 1812//577 1909//577 1908//577
f 1814//577 1909//577 1813//577
f 1814//577 1911//577 1910//577
f 1815//577 1912//577 1911//577
f 1816//577 1913//577 1912//577
f 1818//703 1913//703 1817//703
f 1818//577 1915//577 1914//577
f 1820//577 1915//577 1819//577
f 1821//698 1916//698 1820//698
f 1821//702 1918//702 1917//702
f 1823//701 1918//701 1822//701
f 1824//704 1919//704 1823//704
f 1729//696 1920//696 1824//696
f 1826//583 1921//583 1825//583
f 1827//584 1922//584 1826//584
f 1828//585 1923//585 1827//585
f 1829//586 1924//586 1828//586
f 1830//587 1925//587 1829//587
f 1831//588 1926//588 1830//588
f 1832//589 1927//589 1831//589
f 1833//590 1928//590 1832//590
f 1834//705 1929//705 1833//705
f 1835//706 1930//706 1834//706
f 1836//593 1931//593 1835//593
f 1837//707 1932//707 1836//707
f 1838//595 1933//595 1837//595
f 1839//596 1934//596 1838//596
f 1840//692 1935//692 1839//692
f 1841//598 1936//598 1840//598
f 1842//599 1937//599 1841//599
f 1843//600 1938//600 1842//600
f 1844//601 1939//601 1843//601
f 1845//602 1940//602 1844//602
f 1846//603 1941//603 1845//603
f 1847//604 1942//604 1846//604
f 1848//605 1943//605 1847//605
f 1849//606 1944//606 1848//606
f 1850//607 1945//607 1849//607
f 1851//608 1946//608 1850//608
f 1852//609 1947//609 1851//609
f 1853//610 1948//610 1852//610
f 1854//611 1949//611 1853//611
f 1855//612 1950//612 1854//612
f 1856//613 1951//613 1855//613
f 1857//614 1952//614 1856//614
f 1858//615 1953//615 1857//615
f 1859//693 1954//693 1858//693
f 1860//617 1955//617 1859//617
f 1861//618 1956//618 1860//618
f 1862//708 1957//708 1861//708
f 1863//620 1958//620 1862//620
f 1864//709 1959//709 1863//709
f 1865//710 1960//710 1864//710
f 1866//623 1961//623 1865//623
f 1867//624 1962//624 1866//624
f 1868//625 1963//625 1867//625
f 1869//626 1964//626 1868//626
f 1870//627 1965//627 1869//627
f 1871//628 1966//628 1870//628
f 1872//629 1967//629 1871//629
f 1873//630 1968//630 1872//630
f 1874//631 1969//631 1873//631
f 1875//632 1970//632 1874//632
f 1876//633 1971//633 1875//633
f 1877//634 1972//634 1876//634
f 1878//635 1973//635 1877//635
f 1879//636 1974//636 1878//636
f 1880//637 1975//637 1879//637
f 1881//638 1976//638 1880//638
f 1882//711 1977//711 1881//711
f 1883//712 1978//712 1882//712
f 1884//641 1979//641 1883//641
f 1885//713 1980//713 1884//713
f 1886//643 1981//643 1885//643
f 1887//644 1982//644 1886//644
f 1888//688 1983//688 1887//688
f 1889//646 1984//646 1888//646
f 1890//647 1985//647 1889//647
f 1891//648 1986//648 1890//648
f 1892//649 1987//649 1891//649
f 1893//650 1988//650 1892//650
f 1894//651 1989//651 1893//651
f 1895//652 1990//652 1894//652
f 1896//653 1991//653 1895//653
f 1897//654 1992//654 1896//654
f 1898//655 1993//655 1897//655
f 1899//656 1994//656 1898//656
f 1900//657 1995//657 1899//657
f 1901//658 1996//658 1900//658
f 1902//659 1997//659 1901//659
f 1903//660 1998//660 1902//660
f 1904//661 1999//661 1903//661
f 1905//662 2000//662 1904//662
f 1906//663 2001//663 1905//663
f 1907//689 2002//689 1906//689
f 1908//665 2003//665 1907//665
f 1909//666 2004//666 1908//666
f 1910//714 2005//714 1909//714
f 1911//668 2006//668 1910//668
f 1912//715 2007//715 1911//715
f 1913//716 2008//716 1912//716
f 1914//671 2009//671 1913//671
f 1915//672 2010//672 1914//672
f 1916//673 2011//673 1915//673
f 1917//674 2012//674 1916//674
f 1918//675 2013//675 1917//675
f 1919//676 2014//676 1918//676
f 1920//677 2015//677 1919//677
f 1825//678 2016//678 1920//678
f 1922//578 2017//578 1921//578
f 1923//580 2018//580 1922//580
f 1924//581 2019//581 1923//581
f 1925//582 2020//582 1924//582
f 1926//579 2021//579 1925//579
f 1926//578 2023//578 2022//578
f 1927//578 2024//578 2023//578
f 1929//581 2024//581 1928//581
f 1929//578 2026//578 2025//578
f 1930//578 2027//578 2026//578
f 1931//578 2028//578 2027//578
f 1933//581 2028//581 1932//581
f 1933//578 2030//578 2029//578
f 1935//578 2030//578 1934//578
f 1936//578 2031//578 1935//578
f 1937//578 2032//578 1936//578
f 1937//578 2034//578 2033//578
f 1938//578 2035//578 2034//578
f 1940//581 2035//581 1939//581
f 1941//578 2036//578 1940//578
f 1942//578 2037//578 1941//578
f 1942//578 2039//578 2038//578
f 1943//578 2040//578 2039//578
f 1944//578 2041//578 2040//578
f 1946//578 2041//578 1945//578
f 1947//578 2042//578 1946//578
f 1948//578 2043//578 1947//578
f 1949//578 2044//578 1948//578
f 1950//581 2045//581 1949//581
f 1950//581 2047//581 2046//581
f 1951//581 2048//581 2047//581
f 1953//578 2048//578 1952//578
f 1953//578 2050//578 2049//578
f 1954//578 2051//578 2050//578
f 1955//578 2052//578 2051//578
f 1957//578 2052//578 1956//578
f 1957//578 2054//578 2053//578
f 1959//582 2054//582 1958//582
f 1960//580 2055//580 1959//580
f 1961//578 2056//578 1960//578
f 1961//578 2058//578 2057//578
f 1962//578 2059//578 2058//578
f 1964//580 2059//580 1963//580
f 1965//578 2060//578 1964//578
f 1966//579 2061//579 1965//579
f 1966//717 2063//717 2062//717
f 1967//578 2064//578 2063//578
f 1968//578 2065//578 2064//578
f 1970//578 2065//578 1969//578
f 1971//581 2066//581 1970//581
f 1972//580 2067//580 1971//580
f 1973//579 2068//579 1972//579
f 1974//582 2069//582 1973//582
f 1974//578 2071//578 2070//578
f 1975//578 2072//578 2071//578
f 1977//580 2072//580 1976//580
f 1977//578 2074//578 2073//578
f 1978//578 2075//578 2074//578
f 1979//578 2076//578 2075//578
f 1981//580 2076//580 1980//580
f 1981//578 2078//578 2077//578
f 1983//578 2078//578 1982//578
f 1984//578 2079//578 1983//578
f 1985//578 2080//578 1984//578
f 1985//578 2082//578 2081//578
f 1986//578 2083//578 2082//578
f 1988//580 2083//580 1987//580
f 1989//578 2084//578 1988//578
f 1990//578 2085//578 1989//578
f 1990//578 2087//578 2086//578
f 1991//578 2088//578 2087//578
f 1992//578 2089//578 2088//578
f 1994//578 2089//578 1993//578
f 1995//578 2090//578 1994//578
f 1996//578 2091//578 1995//578
f 1997//578 2092//578 1996//578
f 1998//580 2093//580 1997//580
f 1998//580 2095//580 2094//580
f 1999//580 2096//580 2095//580
f 2001//578 2096//578 2000//578
f 2001//578 2098//578 2097//578
f 2002//578 2099//578 2098//578
f 2003//578 2100//578 2099//578
f 2005//578 2100//578 2004//578
f 2005//578 2102//578 2101//578
f 2007//579 2102//579 2006//579
f 2008//581 2103//581 2007//581
f 2009//578 2104//578 2008//578
f 2009//578 2106//578 2105//578
f 2010//578 2107//578 2106//578
f 2012//581 2107//581 2011//581
f 2013//578 2108//578 2012//578
f 2014//582 2109//582 2013//582
f 2014//718 2111//718 2110//718
f 2015//578 2112//578 2111//578
f 2016//578 2017//578 2112//578
f 2018//631 2113//631 2017//631
f 2019//632 2114//632 2018//632
f 2020//633 2115//633 2019//633
f 2021//634 2116//634 2020//634
f 2022//719 2117//719 2021//719
f 2023//685 2118//685 2022//685
f 2024//720 2119//720 2023//720
f 2025//638 2120//638 2024//638
f 2026//639 2121//639 2025//639
f 2027//687 2122//687 2026//687
f 2028//641 2123//641 2027//641
f 2029//713 2124//713 2028//713
f 2030//643 2125//643 2029//643
f 2031//644 2126//644 2030//644
f 2032//721 2127//721 2031//721
f 2033//722 2128//722 2032//722
f 2034//647 2129//647 2033//647
f 2035//648 2130//648 2034//648
f 2036//649 2131//649 2035//649
f 2037//650 2132//650 2036//650
f 2038//651 2133//651 2037//651
f 2039//652 2134//652 2038//652
f 2040//653 2135//653 2039//653
f 2041//654 2136//654 2040//654
f 2042//655 2137//655 2041//655
f 2043//656 2138//656 2042//656
f 2044//657 2139//657 2043//657
f 2045//658 2140//658 2044//658
f 2046//659 2141//659 2045//659
f 2047//660 2142//660 2046//660
f 2048//661 2143//661 2047//661
f 2049//662 2144//662 2048//662
f 2050//723 2145//723 2049//723
f 2051//724 2146//724 2050//724
f 2052//665 2147//665 2051//665
f 2053//666 2148//666 2052//666
f 2054//714 2149//714 2053//714
f 2055//668 2150//668 2054//668
f 2056//690 2151//690 2055//690
f 2057//670 2152//670 2056//670
f 2058//671 2153//671 2057//671
f 2059//725 2154//725 2058//725
f 2060//680 2155//680 2059//680
f 2061//726 2156//726 2060//726
f 2062//675 2157//675 2061//675
f 2063//676 2158//676 2062//676
f 2064//677 2159//677 2063//677
f 2065//678 2160//678 2064//678
f 2066//583 2161//583 2065//583
f 2067//584 2162//584 2066//584
f 2068//585 2163//585 2067//585
f 2069//586 2164//586 2068//586
f 2070//727 2165//727 2069//727
f 2071//684 2166//684 2070//684
f 2072//728 2167//728 2071//728
f 2073//590 2168//590 2072//590
f 2074//591 2169//591 2073//591
f 2075//691 2170//691 2074//691
f 2076//593 2171//593 2075//593
f 2077//707 2172//707 2076//707
f 2078//595 2173//595 2077//595
f 2079//596 2174//596 2078//596
f 2080//729 2175//729 2079//729
f 2081//730 2176//730 2080//730
f 2082//599 2177//599 2081//599
f 2083//600 2178//600 2082//600
f 2084//601 2179//601 2083//601
f 2085//602 2180//602 2084//602
f 2086//603 2181//603 2085//603
f 2087//604 2182//604 2086//604
f 2088//605 2183//605 2087//605
f 2089//606 2184//606 2088//606
f 2090//607 2185//607 2089//607
f 2091//608 2186//608 2090//608
f 2092//609 2187//609 2091//609
f 2093//610 2188//610 2092//610
f 2094//611 2189//611 2093//611
f 2095//612 2190//612 2094//612
f 2096//613 2191//613 2095//613
f 2097//614 2192//614 2096//614
f 2098//731 2193//731 2097//731
f 2099//732 2194//732 2098//732
f 2100//617 2195//617 2099//617
f 2101//618 2196//618 2100//618
f 2102//708 2197//708 2101//708
f 2103//620 2198//620 2102//620
f 2104//694 2199//694 2103//694
f 2105//622 2200//622 2104//622
f 2106//623 2201//623 2105//623
f 2107//733 2202//733 2106//733
f 2108//683 2203//683 2107//683
f 2109//734 2204//734 2108//734
f 2110//627 2205//627 2109//627
f 2111//628 2206//628 2110//628
f 2112//629 2207//629 2111//629
f 2017//630 2208//630 2112//630
f 769//577 770//577 866//577
f 771//577 867//577 866//577
f 772//577 868//577 867//577
f 773//577 869//577 868//577
f 773//577 774//577 870//577
f 775//577 871//577 870//577
f 775//577 776//577 872//577
f 776//577 777//577 873//577
f 777//577 778//577 874//577
f 779//577 875//577 874//577
f 779//577 780//577 876//577
f 781//577 877//577 876//577
f 781//577 782//577 878//577
f 783//577 879//577 878//577
f 784//577 880//577 879//577
f 785//577 881//577 880//577
f 786//577 882//577 881//577
f 786//577 787//577 883//577
f 788//577 884//577 883//577
f 789//577 885//577 884//577
f 790//577 886//577 885//577
f 790//577 791//577 887//577
f 791//577 792//577 888//577
f 793//577 889//577 888//577
f 793//577 794//577 890//577
f 795//577 891//577 890//577
f 796//577 892//577 891//577
f 797//577 893//577 892//577
f 797//577 798//577 894//577
f 799//577 895//577 894//577
f 799//577 800//577 896//577
f 800//577 801//577 897//577
f 801//577 802//577 898//577
f 803//577 899//577 898//577
f 803//577 804//577 900//577
f 805//577 901//577 900//577
f 805//577 806//577 902//577
f 807//577 903//577 902//577
f 808//577 904//577 903//577
f 809//577 905//577 904//577
f 810//577 906//577 905//577
f 810//577 811//577 907//577
f 812//577 908//577 907//577
f 813//577 909//577 908//577
f 814//577 910//577 909//577
f 814//577 815//577 911//577
f 815//577 816//577 912//577
f 817//577 913//577 912//577
f 817//577 818//577 914//577
f 819//577 915//577 914//577
f 820//577 916//577 915//577
f 821//577 917//577 916//577
f 821//577 822//577 918//577
f 823//577 919//577 918//577
f 823//577 824//577 920//577
f 824//577 825//577 921//577
f 825//577 826//577 922//577
f 827//577 923//577 922//577
f 827//577 828//577 924//577
f 829//577 925//577 924//577
f 829//577 830//577 926//577
f 831//577 927//577 926//577
f 832//577 928//577 927//577
f 833//577 929//577 928//577
f 834//577 930//577 929//577
f 834//577 835//577 931//577
f 836//577 932//577 931//577
f 837//577 933//577 932//577
f 838//577 934//577 933//577
f 838//577 839//577 935//577
f 839//577 840//577 936//577
f 841//577 937//577 936//577
f 841//577 842//577 938//577
f 843//577 939//577 938//577
f 844//577 940//577 939//577
f 845//577 941//577 940//577
f 845//577 846//577 942//577
f 847//577 943//577 942//577
f 847//577 848//577 944//577
f 848//577 849//577 945//577
f 849//577 850//577 946//577
f 851//577 947//577 946//577
f 851//577 852//577 948//577
f 853//577 949//577 948//577
f 853//577 854//577 950//577
f 855//577 951//577 950//577
f 856//577 952//577 951//577
f 857//577 953//577 952//577
f 858//577 954//577 953//577
f 858//577 859//577 955//577
f 860//577 956//577 955//577
f 861//577 957//577 956//577
f 862//577 958//577 957//577
f 862//577 863//577 959//577
f 863//577 864//577 960//577
f 769//577 865//577 960//577
f 866//583 962//583 961//583
f 867//584 963//584 962//584
f 868//585 964//585 963//585
f 869//586 965//586 964//586
f 870//587 966//587 965//587
f 871//588 967//588 966//588
f 872//589 968//589 967//589
f 873//590 969//590 968//590
f 874//591 970//591 969//591
f 875//592 971//592 970//592
f 876//593 972//593 971//593
f 877//594 973//594 972//594
f 878//595 974//595 973//595
f 879//596 975//596 974//596
f 880//597 976//597 975//597
f 881//598 977//598 976//598
f 882//599 978//599 977//599
f 883//600 979//600 978//600
f 884//601 980//601 979//601
f 885//602 981//602 980//602
f 886//603 982//603 981//603
f 887//604 983//604 982//604
f 888//605 984//605 983//605
f 889//606 985//606 984//606
f 890//607 986//607 985//607
f 891//608 987//608 986//608
f 892//609 988//609 987//609
f 893//610 989//610 988//610
f 894//611 990//611 989//611
f 895//612 991//612 990//612
f 896//613 992//613 991//613
f 897//614 993//614 992//614
f 898//615 994//615 993//615
f 899//616 995//616 994//616
f 900//617 996//617 995//617
f 901//618 997//618 996//618
f 902//619 998//619 997//619
f 903//620 999//620 998//620
f 904//621 1000//621 999//621
f 905//622 1001//622 1000//622
f 906//623 1002//623 1001//623
f 907//624 1003//624 1002//624
f 908//625 1004//625 1003//625
f 909//626 1005//626 1004//626
f 910//627 1006//627 1005//627
f 911//628 1007//628 1006//628
f 912//629 1008//629 1007//629
f 913//630 1009//630 1008//630
f 914//631 1010//631 1009//631
f 915//632 1011//632 1010//632
f 916//633 1012//633 1011//633
f 917//634 1013//634 1012//634
f 918//635 1014//635 1013//635
f 919//636 1015//636 1014//636
f 920//637 1016//637 1015//637
f 921//638 1017//638 1016//638
f 922//639 1018//639 1017//639
f 923//640 1019//640 1018//640
f 924//641 1020//641 1019//641
f 925//642 1021//642 1020//642
f 926//643 1022//643 1021//643
f 927//644 1023//644 1022//644
f 928//645 1024//645 1023//645
f 929//646 1025//646 1024//646
f 930//647 1026//647 1025//647
f 931//648 1027//648 1026//648
f 932//649 1028//649 1027//649
f 933//650 1029//650 1028//650
f 934//651 1030//651 1029//651
f 935//652 1031//652 1030//652
f 936//653 1032//653 1031//653
f 937//654 1033//654 1032//654
f 938//655 1034//655 1033//655
f 939//656 1035//656 1034//656
f 940//657 1036//657 1035//657
f 941//658 1037//658 1036//658
f 942//659 1038//659 1037//659
f 943//660 1039//660 1038//660
f 944//661 1040//661 1039//661
f 945//662 1041//662 1040//662
f 946//663 1042//663 1041//663
f 947//664 1043//664 1042//664
f 948//665 1044//665 1043//665
f 949//666 1045//666 1044//666
f 950//667 1046//667 1045//667
f 951//668 1047//668 1046//668
f 952//669 1048//669 1047//669
f 953//670 1049//670 1048//670
f 954//671 1050//671 1049//671
f 955//672 1051//672 1050//672
f 956//673 1052//673 1051//673
f 957//674 1053//674 1052//674
f 958//675 1054//675 1053//675
f 959//676 1055//676 1054//676
f 960//677 1056//677 1055//677
f 865//678 961//678 1056//678
f 962//578 1058//578 1057//578
f 962//578 963//578 1059//578
f 963//578 964//578 1060//578
f 965//578 1061//578 1060//578
f 966//578 1062//578 1061//578
f 967//578 1063//578 1062//578
f 967//578 968//578 1064//578
f 969//578 1065//578 1064//578
f 970//578 1066//578 1065//578
f 971//578 1067//578 1066//578
f 972//578 1068//578 1067//578
f 972//578 973//578 1069//578
f 974//578 1070//578 1069//578
f 974//578 975//578 1071//578
f 976//578 1072//578 1071//578
f 976//578 977//578 1073//578
f 977//578 978//578 1074//578
f 978//578 979//578 1075//578
f 980//578 1076//578 1075//578
f 980//578 981//578 1077//578
f 982//578 1078//578 1077//578
f 983//578 1079//578 1078//578
f 984//578 1080//578 1079//578
f 984//578 985//578 1081//578
f 986//578 1082//578 1081//578
f 986//578 987//578 1083//578
f 987//578 988//578 1084//578
f 989//578 1085//578 1084//578
f 990//578 1086//578 1085//578
f 991//578 1087//578 1086//578
f 991//578 992//578 1088//578
f 993//578 1089//578 1088//578
f 994//578 1090//578 1089//578
f 995//578 1091//578 1090//578
f 996//578 1092//578 1091//578
f 996//578 997//578 1093//578
f 998//578 1094//578 1093//578
f 998//578 999//578 1095//578
f 1000//578 1096//578 1095//578
f 1000//578 1001//578 1097//578
f 1001//578 1002//578 1098//578
f 1002//578 1003//578 1099//578
f 1004//578 1100//578 1099//578
f 1004//578 1005//578 1101//578
f 1006//578 1102//578 1101//578
f 1007//578 1103//578 1102//578
f 1008//578 1104//578 1103//578
f 1008//578 1009//578 1105//578
f 1010//578 1106//578 1105//578
f 1010//578 1011//578 1107//578
f 1011//578 1012//578 1108//578
f 1013//578 1109//578 1108//578
f 1014//578 1110//578 1109//578
f 1015//578 1111//578 1110//578
f 1015//578 1016//578 1112//578
f 1017//578 1113//578 1112//578
f 1018//578 1114//578 1113//578
f 1019//578 1115//578 1114//578
f 1020//578 1116//578 1115//578
f 1020//578 1021//578 1117//578
f 1022//578 1118//578 1117//578
f 1022//578 1023//578 1119//578
f 1024//578 1120//578 1119//578
f 1024//578 1025//578 1121//578
f 1025//578 1026//578 1122//578
f 1026//578 1027//578 1123//578
f 1028//578 1124//578 1123//578
f 1028//578 1029//578 1125//578
f 1030//578 1126//578 1125//578
f 1031//578 1127//578 1126//578
f 1032//578 1128//578 1127//578
f 1032//578 1033//578 1129//578
f 1034//578 1130//578 1129//578
f 1034//578 1035//578 1131//578
f 1035//578 1036//578 1132//578
f 1037//578 1133//578 1132//578
f 1038//578 1134//578 1133//578
f 1039//578 1135//578 1134//578
f 1039//578 1040//578 1136//578
f 1041//578 1137//578 1136//578
f 1042//578 1138//578 1137//578
f 1043//578 1139//578 1138//578
f 1044//578 1140//578 1139//578
f 1044//578 1045//578 1141//578
f 1046//578 1142//578 1141//578
f 1046//578 1047//578 1143//578
f 1048//578 1144//578 1143//578
f 1048//578 1049//578 1145//578
f 1049//578 1050//578 1146//578
f 1050//578 1051//578 1147//578
f 1052//578 1148//578 1147//578
f 1052//578 1053//578 1149//578
f 1054//578 1150//578 1149//578
f 1055//578 1151//578 1150//578
f 1056//578 1152//578 1151//578
f 1056//578 961//578 1057//578
f 1058//631 1154//631 1153//631
f 1059//632 1155//632 1154//632
f 1060//633 1156//633 1155//633
f 1061//634 1157//634 1156//634
f 1062//635 1158//635 1157//635
f 1063//685 1159//685 1158//685
f 1064//637 1160//637 1159//637
f 1065//638 1161//638 1160//638
f 1066//639 1162//639 1161//639
f 1067//640 1163//640 1162//640
f 1068//641 1164//641 1163//641
f 1069//642 1165//642 1164//642
f 1070//643 1166//643 1165//643
f 1071//644 1167//644 1166//644
f 1072//645 1168//645 1167//645
f 1073//646 1169//646 1168//646
f 1074//647 1170//647 1169//647
f 1075//648 1171//648 1170//648
f 1076//686 1172//686 1171//686
f 1077//650 1173//650 1172//650
f 1078//651 1174//651 1173//651
f 1079//652 1175//652 1174//652
f 1080//653 1176//653 1175//653
f 1081//654 1177//654 1176//654
f 1082//655 1178//655 1177//655
f 1083//656 1179//656 1178//656
f 1084//657 1180//657 1179//657
f 1085//658 1181//658 1180//658
f 1086//659 1182//659 1181//659
f 1087//679 1183//679 1182//679
f 1088//661 1184//661 1183//661
f 1089//662 1185//662 1184//662
f 1090//663 1186//663 1185//663
f 1091//664 1187//664 1186//664
f 1092//665 1188//665 1187//665
f 1093//666 1189//666 1188//666
f 1094//667 1190//667 1189//667
f 1095//668 1191//668 1190//668
f 1096//669 1192//669 1191//669
f 1097//670 1193//670 1192//670
f 1098//671 1194//671 1193//671
f 1099//672 1195//672 1194//672
f 1100//673 1196//673 1195//673
f 1101//674 1197//674 1196//674
f 1102//675 1198//675 1197//675
f 1103//676 1199//676 1198//676
f 1104//677 1200//677 1199//677
f 1105//678 1201//678 1200//678
f 1106//583 1202//583 1201//583
f 1107//584 1203//584 1202//584
f 1108//585 1204//585 1203//585
f 1109//586 1205//586 1204//586
f 1110//587 1206//587 1205//587
f 1111//684 1207//684 1206//684
f 1112//589 1208//589 1207//589
f 1113//590 1209//590 1208//590
f 1114//591 1210//591 1209//591
f 1115//592 1211//592 1210//592
f 1116//593 1212//593 1211//593
f 1117//594 1213//594 1212//594
f 1118//595 1214//595 1213//595
f 1119//596 1215//596 1214//596
f 1120//597 1216//597 1215//597
f 1121//598 1217//598 1216//598
f 1122//599 1218//599 1217//599
f 1123//600 1219//600 1218//600
f 1124//681 1220//681 1219//681
f 1125//602 1221//602 1220//602
f 1126//603 1222//603 1221//603
f 1127//604 1223//604 1222//604
f 1128//605 1224//605 1223//605
f 1129//606 1225//606 1224//606
f 1130//607 1226//607 1225//607
f 1131//608 1227//608 1226//608
f 1132//609 1228//609 1227//609
f 1133//610 1229//610 1228//610
f 1134//611 1230//611 1229//611
f 1135//612 1231//612 1230//612
f 1136//613 1232//613 1231//613
f 1137//614 1233//614 1232//614
f 1138//615 1234//615 1233//615
f 1139//616 1235//616 1234//616
f 1140//617 1236//617 1235//617
f 1141//618 1237//618 1236//618
f 1142//619 1238//619 1237//619
f 1143//620 1239//620 1238//620
f 1144//621 1240//621 1239//621
f 1145//622 1241//622 1240//622
f 1146//623 1242//623 1241//623
f 1147//624 1243//624 1242//624
f 1148//625 1244//625 1243//625
f 1149//626 1245//626 1244//626
f 1150//627 1246//627 1245//627
f 1151//628 1247//628 1246//628
f 1152//629 1248//629 1247//629
f 1057//630 1153//630 1248//630
f 1250//577 1346//577 1345//577
f 1251//577 1347//577 1346//577
f 1252//577 1348//577 1347//577
f 1252//577 1253//577 1349//577
f 1254//577 1350//577 1349//577
f 1255//577 1351//577 1350//577
f 1256//577 1352//577 1351//577
f 1257//577 1353//577 1352//577
f 1258//577 1354//577 1353//577
f 1258//577 1259//577 1355//577
f 1260//577 1356//577 1355//577
f 1260//577 1261//577 1357//577
f 1262//577 1358//577 1357//577
f 1262//577 1263//577 1359//577
f 1264//577 1360//577 1359//577
f 1264//577 1265//577 1361//577
f 1265//577 1266//577 1362//577
f 1266//577 1267//577 1363//577
f 1268//577 1364//577 1363//577
f 1269//577 1365//577 1364//577
f 1270//577 1366//577 1365//577
f 1270//577 1271//577 1367//577
f 1271//577 1272//577 1368//577
f 1272//577 1273//577 1369//577
f 1274//577 1370//577 1369//577
f 1275//577 1371//577 1370//577
f 1276//577 1372//577 1371//577
f 1276//577 1277//577 1373//577
f 1278//577 1374//577 1373//577
f 1279//577 1375//577 1374//577
f 1280//577 1376//577 1375//577
f 1281//577 1377//577 1376//577
f 1282//577 1378//577 1377//577
f 1282//577 1283//577 1379//577
f 1284//577 1380//577 1379//577
f 1284//577 1285//577 1381//577
f 1286//577 1382//577 1381//577
f 1286//577 1287//577 1383//577
f 1288//577 1384//577 1383//577
f 1288//577 1289//577 1385//577
f 1289//577 1290//577 1386//577
f 1290//577 1291//577 1387//577
f 1292//577 1388//577 1387//577
f 1293//577 1389//577 1388//577
f 1294//577 1390//577 1389//577
f 1294//577 1295//577 1391//577
f 1295//577 1296//577 1392//577
f 1296//577 1297//577 1393//577
f 1298//577 1394//577 1393//577
f 1299//577 1395//577 1394//577
f 1300//577 1396//577 1395//577
f 1300//577 1301//577 1397//577
f 1302//577 1398//577 1397//577
f 1303//577 1399//577 1398//577
f 1304//577 1400//577 1399//577
f 1305//577 1401//577 1400//577
f 1306//577 1402//577 1401//577
f 1306//577 1307//577 1403//577
f 1308//577 1404//577 1403//577
f 1308//577 1309//577 1405//577
f 1310//577 1406//577 1405//577
f 1310//577 1311//577 1407//577
f 1312//577 1408//577 1407//577
f 1312//577 1313//577 1409//577
f 1313//577 1314//577 1410//577
f 1314//577 1315//577 1411//577
f 1316//577 1412//577 1411//577
f 1317//577 1413//577 1412//577
f 1318//577 1414//577 1413//577
f 1318//577 1319//577 1415//577
f 1319//577 1320//577 1416//577
f 1320//577 1321//577 1417//577
f 1322//577 1418//577 1417//577
f 1323//577 1419//577 1418//577
f 1324//577 1420//577 1419//577
f 1324//577 1325//577 1421//577
f 1326//577 1422//577 1421//577
f 1327//577 1423//577 1422//577
f 1328//577 1424//577 1423//577
f 1329//577 1425//577 1424//577
f 1330//577 1426//577 1425//577
f 1330//577 1331//577 1427//577
f 1332//577 1428//577 1427//577
f 1332//577 1333//577 1429//577
f 1334//577 1430//577 1429//577
f 1334//577 1335//577 1431//577
f 1336//577 1432//577 1431//577
f 1336//577 1337//577 1433//577
f 1337//577 1338//577 1434//577
f 1338//577 1339//577 1435//577
f 1340//577 1436//577 1435//577
f 1341//577 1437//577 1436//577
f 1342//577 1438//577 1437//577
f 1342//577 1343//577 1439//577
f 1343//577 1344//577 1440//577
f 1344//577 1249//577 1345//577
f 1346//583 1442//583 1441//583
f 1347//584 1443//584 1442//584
f 1348//585 1444//585 1443//585
f 1349//586 1445//586 1444//586
f 1350//587 1446//587 1445//587
f 1351//588 1447//588 1446//588
f 1352//589 1448//589 1447//589
f 1353//590 1449//590 1448//590
f 1354//591 1450//591 1449//591
f 1355//592 1451//592 1450//592
f 1356//593 1452//593 1451//593
f 1357//594 1453//594 1452//594
f 1358//595 1454//595 1453//595
f 1359//596 1455//596 1454//596
f 1360//692 1456//692 1455//692
f 1361//598 1457//598 1456//598
f 1362//599 1458//599 1457//599
f 1363//600 1459//600 1458//600
f 1364//681 1460//681 1459//681
f 1365//602 1461//602 1460//602
f 1366//603 1462//603 1461//603
f 1367//604 1463//604 1462//604
f 1368//605 1464//605 1463//605
f 1369//606 1465//606 1464//606
f 1370//607 1466//607 1465//607
f 1371//608 1467//608 1466//608
f 1372//609 1468//609 1467//609
f 1373//610 1469//610 1468//610
f 1374//611 1470//611 1469//611
f 1375//682 1471//682 1470//682
f 1376//613 1472//613 1471//613
f 1377//614 1473//614 1472//614
f 1378//615 1474//615 1473//615
f 1379//693 1475//693 1474//693
f 1380//617 1476//617 1475//617
f 1381//618 1477//618 1476//618
f 1382//619 1478//619 1477//619
f 1383//620 1479//620 1478//620
f 1384//621 1480//621 1479//621
f 1385//622 1481//622 1480//622
f 1386//623 1482//623 1481//623
f 1387//624 1483//624 1482//624
f 1388//683 1484//683 1483//683
f 1389//626 1485//626 1484//626
f 1390//627 1486//627 1485//627
f 1391//628 1487//628 1486//628
f 1392//629 1488//629 1487//629
f 1393//630 1489//630 1488//630
f 1394//631 1490//631 1489//631
f 1395//632 1491//632 1490//632
f 1396//633 1492//633 1491//633
f 1397//634 1493//634 1492//634
f 1398//635 1494//635 1493//635
f 1399//636 1495//636 1494//636
f 1400//637 1496//637 1495//637
f 1401//638 1497//638 1496//638
f 1402//639 1498//639 1497//639
f 1403//640 1499//640 1498//640
f 1404//641 1500//641 1499//641
f 1405//642 1501//642 1500//642
f 1406//643 1502//643 1501//643
f 1407//644 1503//644 1502//644
f 1408//688 1504//688 1503//688
f 1409//646 1505//646 1504//646
f 1410//647 1506//647 1505//647
f 1411//648 1507//648 1506//648
f 1412//686 1508//686 1507//686
f 1413//650 1509//650 1508//650
f 1414//651 1510//651 1509//651
f 1415//652 1511//652 1510//652
f 1416//653 1512//653 1511//653
f 1417//654 1513//654 1512//654
f 1418//655 1514//655 1513//655
f 1419//656 1515//656 1514//656
f 1420//657 1516//657 1515//657
f 1421//658 1517//658 1516//658
f 1422//659 1518//659 1517//659
f 1423//679 1519//679 1518//679
f 1424//661 1520//661 1519//661
f 1425//662 1521//662 1520//662
f 1426//663 1522//663 1521//663
f 1427//689 1523//689 1522//689
f 1428//665 1524//665 1523//665
f 1429//666 1525//666 1524//666
f 1430//667 1526//667 1525//667
f 1431//668 1527//668 1526//668
f 1432//669 1528//669 1527//669
f 1433//670 1529//670 1528//670
f 1434//671 1530//671 1529//671
f 1435//672 1531//672 1530//672
f 1436//680 1532//680 1531//680
f 1437//674 1533//674 1532//674
f 1438//675 1534//675 1533//675
f 1439//676 1535//676 1534//676
f 1440//677 1536//677 1535//677
f 1345//678 1441//678 1536//678
f 1441//578 1442//578 1538//578
f 1442//578 1443//578 1539//578
f 1443//578 1444//578 1540//578
f 1445//578 1541//578 1540//578
f 1446//578 1542//578 1541//578
f 1447//578 1543//578 1542//578
f 1447//578 1448//578 1544//578
f 1448//578 1449//578 1545//578
f 1449//578 1450//578 1546//578
f 1451//578 1547//578 1546//578
f 1451//578 1452//578 1548//578
f 1453//578 1549//578 1548//578
f 1453//578 1454//578 1550//578
f 1455//578 1551//578 1550//578
f 1455//578 1456//578 1552//578
f 1457//578 1553//578 1552//578
f 1458//578 1554//578 1553//578
f 1459//578 1555//578 1554//578
f 1460//578 1556//578 1555//578
f 1461//578 1557//578 1556//578
f 1461//578 1462//578 1558//578
f 1463//578 1559//578 1558//578
f 1464//578 1560//578 1559//578
f 1465//578 1561//578 1560//578
f 1465//578 1466//578 1562//578
f 1466//578 1467//578 1563//578
f 1467//578 1468//578 1564//578
f 1469//578 1565//578 1564//578
f 1470//578 1566//578 1565//578
f 1471//578 1567//578 1566//578
f 1471//578 1472//578 1568//578
f 1472//578 1473//578 1569//578
f 1473//578 1474//578 1570//578
f 1475//578 1571//578 1570//578
f 1475//578 1476//578 1572//578
f 1477//578 1573//578 1572//578
f 1477//578 1478//578 1574//578
f 1479//578 1575//578 1574//578
f 1479//578 1480//578 1576//578
f 1481//578 1577//578 1576//578
f 1482//578 1578//578 1577//578
f 1483//578 1579//578 1578//578
f 1484//578 1580//578 1579//578
f 1485//578 1581//578 1580//578
f 1485//578 1486//578 1582//578
f 1487//578 1583//578 1582//578
f 1488//578 1584//578 1583//578
f 1489//578 1585//578 1584//578
f 1489//578 1490//578 1586//578
f 1490//578 1491//578 1587//578
f 1491//578 1492//578 1588//578
f 1493//578 1589//578 1588//578
f 1494//578 1590//578 1589//578
f 1495//578 1591//578 1590//578
f 1495//578 1496//578 1592//578
f 1496//578 1497//578 1593//578
f 1497//578 1498//578 1594//578
f 1499//578 1595//578 1594//578
f 1499//578 1500//578 1596//578
f 1501//578 1597//578 1596//578
f 1501//578 1502//578 1598//578
f 1503//578 1599//578 1598//578
f 1503//578 1504//578 1600//578
f 1505//578 1601//578 1600//578
f 1506//578 1602//578 1601//578
f 1507//578 1603//578 1602//578
f 1508//578 1604//578 1603//578
f 1509//578 1605//578 1604//578
f 1509//578 1510//578 1606//578
f 1511//578 1607//578 1606//578
f 1512//578 1608//578 1607//578
f 1513//578 1609//578 1608//578
f 1513//578 1514//578 1610//578
f 1514//578 1515//578 1611//578
f 1515//578 1516//578 1612//578
f 1517//578 1613//578 1612//578
f 1518//578 1614//578 1613//578
f 1519//578 1615//578 1614//578
f 1519//578 1520//578 1616//578
f 1520//578 1521//578 1617//578
f 1521//578 1522//578 1618//578
f 1523//578 1619//578 1618//578
f 1523//578 1524//578 1620//578
f 1525//578 1621//578 1620//578
f 1525//578 1526//578 1622//578
f 1527//578 1623//578 1622//578
f 1527//578 1528//578 1624//578
f 1529//578 1625//578 1624//578
f 1530//578 1626//578 1625//578
f 1531//578 1627//578 1626//578
f 1532//578 1628//578 1627//578
f 1533//578 1629//578 1628//578
f 1533//578 1534//578 1630//578
f 1535//578 1631//578 1630//578
f 1536//578 1632//578 1631//578
f 1441//578 1537//578 1632//578
f 1538//631 1634//631 1633//631
f 1539//632 1635//632 1634//632
f 1540//633 1636//633 1635//633
f 1541//634 1637//634 1636//634
f 1542//635 1638//635 1637//635
f 1543//685 1639//685 1638//685
f 1544//637 1640//637 1639//637
f 1545//638 1641//638 1640//638
f 1546//639 1642//639 1641//639
f 1547//640 1643//640 1642//640
f 1548//641 1644//641 1643//641
f 1549//642 1645//642 1644//642
f 1550//643 1646//643 1645//643
f 1551//644 1647//644 1646//644
f 1552//645 1648//645 1647//645
f 1553//646 1649//646 1648//646
f 1554//647 1650//647 1649//647
f 1555//648 1651//648 1650//648
f 1556//649 1652//649 1651//649
f 1557//650 1653//650 1652//650
f 1558//651 1654//651 1653//651
f 1559//652 1655//652 1654//652
f 1560//653 1656//653 1655//653
f 1561//654 1657//654 1656//654
f 1562//655 1658//655 1657//655
f 1563//656 1659//656 1658//656
f 1564//657 1660//657 1659//657
f 1565//658 1661//658 1660//658
f 1566//659 1662//659 1661//659
f 1567//660 1663//660 1662//660
f 1568//661 1664//661 1663//661
f 1569//662 1665//662 1664//662
f 1570//663 1666//663 1665//663
f 1571//664 1667//664 1666//664
f 1572//665 1668//665 1667//665
f 1573//666 1669//666 1668//666
f 1574//667 1670//667 1669//667
f 1575//668 1671//668 1670//668
f 1576//669 1672//669 1671//669
f 1577//670 1673//670 1672//670
f 1578//671 1674//671 1673//671
f 1579//672 1675//672 1674//672
f 1580//680 1676//680 1675//680
f 1581//674 1677//674 1676//674
f 1582//675 1678//675 1677//675
f 1583//676 1679//676 1678//676
f 1584//677 1680//677 1679//677
f 1585//678 1681//678 1680//678
f 1586//583 1682//583 1681//583
f 1587//584 1683//584 1682//584
f 1588//585 1684//585 1683//585
f 1589//586 1685//586 1684//586
f 1590//587 1686//587 1685//587
f 1591//684 1687//684 1686//684
f 1592//589 1688//589 1687//589
f 1593//590 1689//590 1688//590
f 1594//591 1690//591 1689//591
f 1595//592 1691//592 1690//592
f 1596//593 1692//593 1691//593
f 1597//594 1693//594 1692//594
f 1598//595 1694//595 1693//595
f 1599//596 1695//596 1694//596
f 1600//597 1696//597 1695//597
f 1601//598 1697//598 1696//598
f 1602//599 1698//599 1697//599
f 1603//600 1699//600 1698//600
f 1604//601 1700//601 1699//601
f 1605//602 1701//602 1700//602
f 1606//603 1702//603 1701//603
f 1607//604 1703//604 1702//604
f 1608//605 1704//605 1703//605
f 1609//606 1705//606 1704//606
f 1610//607 1706//607 1705//607
f 1611//608 1707//608 1706//608
f 1612//609 1708//609 1707//609
f 1613//610 1709//610 1708//610
f 1614//611 1710//611 1709//611
f 1615//612 1711//612 1710//612
f 1616//613 1712//613 1711//613
f 1617//614 1713//614 1712//614
f 1618//615 1714//615 1713//615
f 1619//616 1715//616 1714//616
f 1620//617 1716//617 1715//617
f 1621//618 1717//618 1716//618
f 1622//619 1718//619 1717//619
f 1623//620 1719//620 1718//620
f 1624//621 1720//621 1719//621
f 1625//622 1721//622 1720//622
f 1626//623 1722//623 1721//623
f 1627//624 1723//624 1722//624
f 1628//683 1724//683 1723//683
f 1629//626 1725//626 1724//626
f 1630//627 1726//627 1725//627
f 1631//628 1727//628 1726//628
f 1632//629 1728//629 1727//629
f 1537//630 1633//630 1728//630
f 1729//696 1730//696 1826//696
f 1730//704 1731//704 1827//704
f 1731//701 1732//701 1828//701
f 1733//702 1829//702 1828//702
f 1733//698 1734//698 1830//698
f 1735//577 1831//577 1830//577
f 1735//697 1736//697 1832//697
f 1736//703 1737//703 1833//703
f 1738//577 1834//577 1833//577
f 1739//577 1835//577 1834//577
f 1740//577 1836//577 1835//577
f 1740//577 1741//577 1837//577
f 1742//577 1838//577 1837//577
f 1742//698 1743//698 1839//698
f 1743//697 1744//697 1840//697
f 1744//577 1745//577 1841//577
f 1746//577 1842//577 1841//577
f 1746//697 1747//697 1843//697
f 1748//577 1844//577 1843//577
f 1749//577 1845//577 1844//577
f 1749//697 1750//697 1846//697
f 1751//577 1847//577 1846//577
f 1752//577 1848//577 1847//577
f 1753//577 1849//577 1848//577
f 1753//577 1754//577 1850//577
f 1754//577 1755//577 1851//577
f 1755//577 1756//577 1852//577
f 1757//577 1853//577 1852//577
f 1757//577 1758//577 1854//577
f 1759//577 1855//577 1854//577
f 1759//577 1760//577 1856//577
f 1760//577 1761//577 1857//577
f 1762//701 1858//701 1857//701
f 1763//577 1859//577 1858//577
f 1764//577 1860//577 1859//577
f 1764//577 1765//577 1861//577
f 1766//577 1862//577 1861//577
f 1766//577 1767//577 1863//577
f 1767//697 1768//697 1864//697
f 1768//577 1769//577 1865//577
f 1770//577 1866//577 1865//577
f 1770//577 1771//577 1867//577
f 1772//577 1868//577 1867//577
f 1773//577 1869//577 1868//577
f 1773//701 1774//701 1870//701
f 1775//702 1871//702 1870//702
f 1776//577 1872//577 1871//577
f 1777//577 1873//577 1872//577
f 1777//701 1778//701 1874//701
f 1778//700 1779//700 1875//700
f 1779//696 1780//696 1876//696
f 1781//695 1877//695 1876//695
f 1781//697 1782//697 1878//697
f 1783//577 1879//577 1878//577
f 1783//698 1784//698 1880//698
f 1784//699 1785//699 1881//699
f 1786//577 1882//577 1881//577
f 1787//577 1883//577 1882//577
f 1788//577 1884//577 1883//577
f 1788//577 1789//577 1885//577
f 1790//577 1886//577 1885//577
f 1790//697 1791//697 1887//697
f 1791//698 1792//698 1888//698
f 1792//577 1793//577 1889//577
f 1794//577 1890//577 1889//577
f 1794//698 1795//698 1891//698
f 1796//577 1892//577 1891//577
f 1797//577 1893//577 1892//577
f 1797//698 1798//698 1894//698
f 1799//577 1895//577 1894//577
f 1800//577 1896//577 1895//577
f 1801//577 1897//577 1896//577
f 1801//577 1802//577 1898//577
f 1802//577 1803//577 1899//577
f 1803//577 1804//577 1900//577
f 1805//577 1901//577 1900//577
f 1805//577 1806//577 1902//577
f 1807//577 1903//577 1902//577
f 1807//577 1808//577 1904//577
f 1808//577 1809//577 1905//577
f 1810//696 1906//696 1905//696
f 1811//577 1907//577 1906//577
f 1812//577 1908//577 1907//577
f 1812//577 1813//577 1909//577
f 1814//577 1910//577 1909//577
f 1814//577 1815//577 1911//577
f 1815//698 1816//698 1912//698
f 1816//577 1817//577 1913//577
f 1818//577 1914//577 1913//577
f 1818//577 1819//577 1915//577
f 1820//577 1916//577 1915//577
f 1821//577 1917//577 1916//577
f 1821//696 1822//696 1918//696
f 1823//695 1919//695 1918//695
f 1824//577 1920//577 1919//577
f 1729//577 1825//577 1920//577
f 1826//583 1922//583 1921//583
f 1827//584 1923//584 1922//584
f 1828//585 1924//585 1923//585
f 1829//745 1925//745 1924//745
f 1830//587 1926//587 1925//587
f 1831//684 1927//684 1926//684
f 1832//589 1928//589 1927//589
f 1833//746 1929//746 1928//746
f 1834//591 1930//591 1929//591
f 1835//592 1931//592 1930//592
f 1836//593 1932//593 1931//593
f 1837//707 1933//707 1932//707
f 1838//595 1934//595 1933//595
f 1839//596 1935//596 1934//596
f 1840//692 1936//692 1935//692
f 1841//598 1937//598 1936//598
f 1842//599 1938//599 1937//599
f 1843//600 1939//600 1938//600
f 1844//681 1940//681 1939//681
f 1845//602 1941//602 1940//602
f 1846//603 1942//603 1941//603
f 1847//604 1943//604 1942//604
f 1848//605 1944//605 1943//605
f 1849//606 1945//606 1944//606
f 1850//607 1946//607 1945//607
f 1851//608 1947//608 1946//608
f 1852//609 1948//609 1947//609
f 1853//610 1949//610 1948//610
f 1854//611 1950//611 1949//611
f 1855//682 1951//682 1950//682
f 1856//613 1952//613 1951//613
f 1857//614 1953//614 1952//614
f 1858//615 1954//615 1953//615
f 1859//693 1955//693 1954//693
f 1860//617 1956//617 1955//617
f 1861//618 1957//618 1956//618
f 1862//708 1958//708 1957//708
f 1863//620 1959//620 1958//620
f 1864//621 1960//621 1959//621
f 1865//622 1961//622 1960//622
f 1866//747 1962//747 1961//747
f 1867//624 1963//624 1962//624
f 1868//683 1964//683 1963//683
f 1869//626 1965//626 1964//626
f 1870//748 1966//748 1965//748
f 1871//628 1967//628 1966//628
f 1872//629 1968//629 1967//629
f 1873//630 1969//630 1968//630
f 1874//631 1970//631 1969//631
f 1875//632 1971//632 1970//632
f 1876//633 1972//633 1971//633
f 1877//749 1973//749 1972//749
f 1878//635 1974//635 1973//635
f 1879//685 1975//685 1974//685
f 1880//637 1976//637 1975//637
f 1881//750 1977//750 1976//750
f 1882//639 1978//639 1977//639
f 1883//640 1979//640 1978//640
f 1884//641 1980//641 1979//641
f 1885//713 1981//713 1980//713
f 1886//643 1982//643 1981//643
f 1887//644 1983//644 1982//644
f 1888//688 1984//688 1983//688
f 1889//646 1985//646 1984//646
f 1890//647 1986//647 1985//647
f 1891//648 1987//648 1986//648
f 1892//686 1988//686 1987//686
f 1893//650 1989//650 1988//650
f 1894//651 1990//651 1989//651
f 1895//652 1991//652 1990//652
f 1896//653 1992//653 1991//653
f 1897//654 1993//654 1992//654
f 1898//655 1994//655 1993//655
f 1899//656 1995//656 1994//656
f 1900//657 1996//657 1995//657
f 1901//658 1997//658 1996//658
f 1902//659 1998//659 1997//659
f 1903//679 1999//679 1998//679
f 1904//661 2000//661 1999//661
f 1905//662 2001//662 2000//662
f 1906//663 2002//663 2001//663
f 1907//689 2003//689 2002//689
f 1908//665 2004//665 2003//665
f 1909//666 2005//666 2004//666
f 1910//714 2006//714 2005//714
f 1911//668 2007//668 2006//668
f 1912//669 2008//669 2007//669
f 1913//670 2009//670 2008//670
f 1914//751 2010//751 2009//751
f 1915//672 2011//672 2010//672
f 1916//680 2012//680 2011//680
f 1917//674 2013//674 2012//674
f 1918//752 2014//752 2013//752
f 1919//676 2015//676 2014//676
f 1920//677 2016//677 2015//677
f 1825//678 1921//678 2016//678
f 1922//578 2018//578 2017//578
f 1923//578 2019//578 2018//578
f 1924//718 2020//718 2019//718
f 1925//578 2021//578 2020//578
f 1926//578 2022//578 2021//578
f 1926//581 1927//581 2023//581
f 1927//580 1928//580 2024//580
f 1929//578 2025//578 2024//578
f 1929//578 1930//578 2026//578
f 1930//581 1931//581 2027//581
f 1931//579 1932//579 2028//579
f 1933//578 2029//578 2028//578
f 1933//578 1934//578 2030//578
f 1935//578 2031//578 2030//578
f 1936//578 2032//578 2031//578
f 1937//578 2033//578 2032//578
f 1937//578 1938//578 2034//578
f 1938//580 1939//580 2035//580
f 1940//580 2036//580 2035//580
f 1941//578 2037//578 2036//578
f 1942//578 2038//578 2037//578
f 1942//578 1943//578 2039//578
f 1943//578 1944//578 2040//578
f 1944//578 1945//578 2041//578
f 1946//578 2042//578 2041//578
f 1947//578 2043//578 2042//578
f 1948//578 2044//578 2043//578
f 1949//578 2045//578 2044//578
f 1950//578 2046//578 2045//578
f 1950//580 1951//580 2047//580
f 1951//578 1952//578 2048//578
f 1953//578 2049//578 2048//578
f 1953//578 1954//578 2050//578
f 1954//578 1955//578 2051//578
f 1955//578 1956//578 2052//578
f 1957//578 2053//578 2052//578
f 1957//580 1958//580 2054//580
f 1959//578 2055//578 2054//578
f 1960//578 2056//578 2055//578
f 1961//578 2057//578 2056//578
f 1961//580 1962//580 2058//580
f 1962//581 1963//581 2059//581
f 1964//578 2060//578 2059//578
f 1965//578 2061//578 2060//578
f 1966//578 2062//578 2061//578
f 1966//580 1967//580 2063//580
f 1967//581 1968//581 2064//581
f 1968//578 1969//578 2065//578
f 1970//578 2066//578 2065//578
f 1971//578 2067//578 2066//578
f 1972//717 2068//717 2067//717
f 1973//578 2069//578 2068//578
f 1974//578 2070//578 2069//578
f 1974//580 1975//580 2071//580
f 1975//581 1976//581 2072//581
f 1977//578 2073//578 2072//578
f 1977//578 1978//578 2074//578
f 1978//580 1979//580 2075//580
f 1979//582 1980//582 2076//582
f 1981//578 2077//578 2076//578
f 1981//578 1982//578 2078//578
f 1983//578 2079//578 2078//578
f 1984//578 2080//578 2079//578
f 1985//578 2081//578 2080//578
f 1985//578 1986//578 2082//578
f 1986//581 1987//581 2083//581
f 1988//581 2084//581 2083//581
f 1989//578 2085//578 2084//578
f 1990//578 2086//578 2085//578
f 1990//578 1991//578 2087//578
f 1991//578 1992//578 2088//578
f 1992//578 1993//578 2089//578
f 1994//578 2090//578 2089//578
f 1995//578 2091//578 2090//578
f 1996//578 2092//578 2091//578
f 1997//578 2093//578 2092//578
f 1998//578 2094//578 2093//578
f 1998//581 1999//581 2095//581
f 1999//578 2000//578 2096//578
f 2001//578 2097//578 2096//578
f 2001//578 2002//578 2098//578
f 2002//578 2003//578 2099//578
f 2003//578 2004//578 2100//578
f 2005//578 2101//578 2100//578
f 2005//581 2006//581 2102//581
f 2007//578 2103//578 2102//578
f 2008//578 2104//578 2103//578
f 2009//578 2105//578 2104//578
f 2009//581 2010//581 2106//581
f 2010//580 2011//580 2107//580
f 2012//578 2108//578 2107//578
f 2013//578 2109//578 2108//578
f 2014//578 2110//578 2109//578
f 2014//581 2015//581 2111//581
f 2015//580 2016//580 2112//580
f 2016//578 1921//578 2017//578
f 2018//631 2114//631 2113//631
f 2019//632 2115//632 2114//632
f 2020//633 2116//633 2115//633
f 2021//634 2117//634 2116//634
f 2022//635 2118//635 2117//635
f 2023//636 2119//636 2118//636
f 2024//637 2120//637 2119//637
f 2025//638 2121//638 2120//638
f 2026//711 2122//711 2121//711
f 2027//687 2123//687 2122//687
f 2028//641 2124//641 2123//641
f 2029//713 2125//713 2124//713
f 2030//643 2126//643 2125//643
f 2031//644 2127//644 2126//644
f 2032//645 2128//645 2127//645
f 2033//646 2129//646 2128//646
f 2034//647 2130//647 2129//647
f 2035//648 2131//648 2130//648
f 2036//686 2132//686 2131//686
f 2037//650 2133//650 2132//650
f 2038//651 2134//651 2133//651
f 2039//652 2135//652 2134//652
f 2040//653 2136//653 2135//653
f 2041//654 2137//654 2136//654
f 2042//655 2138//655 2137//655
f 2043//656 2139//656 2138//656
f 2044//657 2140//657 2139//657
f 2045//658 2141//658 2140//658
f 2046//659 2142//659 2141//659
f 2047//679 2143//679 2142//679
f 2048//661 2144//661 2143//661
f 2049//662 2145//662 2144//662
f 2050//663 2146//663 2145//663
f 2051//664 2147//664 2146//664
f 2052//665 2148//665 2147//665
f 2053//666 2149//666 2148//666
f 2054//714 2150//714 2149//714
f 2055//668 2151//668 2150//668
f 2056//690 2152//690 2151//690
f 2057//716 2153//716 2152//716
f 2058//671 2154//671 2153//671
f 2059//672 2155//672 2154//672
f 2060//673 2156//673 2155//673
f 2061//674 2157//674 2156//674
f 2062//675 2158//675 2157//675
f 2063//676 2159//676 2158//676
f 2064//677 2160//677 2159//677
f 2065//678 2161//678 2160//678
f 2066//583 2162//583 2161//583
f 2067//584 2163//584 2162//584
f 2068//585 2164//585 2163//585
f 2069//586 2165//586 2164//586
f 2070//587 2166//587 2165//587
f 2071//588 2167//588 2166//588
f 2072//589 2168//589 2167//589
f 2073//590 2169//590 2168//590
f 2074//705 2170//705 2169//705
f 2075//691 2171//691 2170//691
f 2076//593 2172//593 2171//593
f 2077//707 2173//707 2172//707
f 2078//595 2174//595 2173//595
f 2079//596 2175//596 2174//596
f 2080//597 2176//597 2175//597
f 2081//598 2177//598 2176//598
f 2082//599 2178//599 2177//599
f 2083//600 2179//600 2178//600
f 2084//681 2180//681 2179//681
f 2085//602 2181//602 2180//602
f 2086//603 2182//603 2181//603
f 2087//604 2183//604 2182//604
f 2088//605 2184//605 2183//605
f 2089//606 2185//606 2184//606
f 2090//607 2186//607 2185//607
f 2091//608 2187//608 2186//608
f 2092//609 2188//609 2187//609
f 2093//610 2189//610 2188//610
f 2094//611 2190//611 2189//611
f 2095//682 2191//682 2190//682
f 2096//613 2192//613 2191//613
f 2097//614 2193//614 2192//614
f 2098//615 2194//615 2193//615
f 2099//616 2195//616 2194//616
f 2100//617 2196//617 2195//617
f 2101//618 2197//618 2196//618
f 2102//708 2198//708 2197//708
f 2103//620 2199//620 2198//620
f 2104//694 2200//694 2199//694
f 2105//710 2201//710 2200//710
f 2106//623 2202//623 2201//623
f 2107//624 2203//624 2202//624
f 2108//625 2204//625 2203//625
f 2109//626 2205//626 2204//626
f 2110//627 2206//627 2205//627
f 2111//628 2207//628 2206//628
f 2112//629 2208//629 2207//629
f 2017//630 2113//630 2208//630
