# Blender 5.2.2 LTS
# www.blender.org
mtllib tower_section_4.mtl
o tower_section_4
v 2.180000 0.000000 0.000000
v 2.175333 0.142579 0.000000
v 2.161350 0.284547 0.000000
v 2.138112 0.425297 0.000000
v 2.105718 0.564225 0.000000
v 2.064308 0.700738 0.000000
v 2.014057 0.834250 0.000000
v 1.955183 0.964189 0.000000
v 1.887935 1.090000 0.000000
v 1.812604 1.211143 0.000000
v 1.729510 1.327100 0.000000
v 1.639011 1.437374 0.000000
v 1.541493 1.541493 0.000000
v 1.437374 1.639011 0.000000
v 1.327100 1.729510 0.000000
v 1.211143 1.812604 0.000000
v 1.090000 1.887935 0.000000
v 0.964189 1.955183 0.000000
v 0.834250 2.014057 0.000000
v 0.700738 2.064308 0.000000
v 0.564225 2.105718 0.000000
v 0.425297 2.138112 0.000000
v 0.284547 2.161350 0.000000
v 0.142579 2.175333 0.000000
v 0.000000 2.180000 0.000000
v -0.142579 2.175333 0.000000
v -0.284547 2.161350 0.000000
v -0.425297 2.138112 0.000000
v -0.564225 2.105718 0.000000
v -0.700738 2.064308 0.000000
v -0.834250 2.014057 0.000000
v -0.964189 1.955183 0.000000
v -1.090000 1.887935 0.000000
v -1.211143 1.812604 0.000000
v -1.327100 1.729510 0.000000
v -1.437374 1.639011 0.000000
v -1.541493 1.541493 0.000000
v -1.639011 1.437374 0.000000
v -1.729510 1.327100 0.000000
v -1.812604 1.211143 0.000000
v -1.887935 1.090000 0.000000
v -1.955183 0.964189 0.000000
v -2.014057 0.834250 0.000000
v -2.064308 0.700738 0.000000
v -2.105718 0.564225 0.000000
v -2.138112 0.425297 0.000000
v -2.161350 0.284547 0.000000
v -2.175333 0.142579 0.000000
v -2.180000 0.000000 0.000000
v -2.175333 -0.142579 0.000000
v -2.161350 -0.284547 0.000000
v -2.138112 -0.425297 0.000000
v -2.105718 -0.564225 0.000000
v -2.064308 -0.700738 0.000000
v -2.014057 -0.834250 0.000000
v -1.955183 -0.964189 0.000000
v -1.887935 -1.090000 0.000000
v -1.812604 -1.211143 0.000000
v -1.729510 -1.327100 0.000000
v -1.639011 -1.437374 0.000000
v -1.541493 -1.541493 0.000000
v -1.437374 -1.639011 0.000000
v -1.327100 -1.729510 0.000000
v -1.211143 -1.812604 0.000000
v -1.090000 -1.887935 0.000000
v -0.964189 -1.955183 0.000000
v -0.834250 -2.014057 0.000000
v -0.700738 -2.064308 0.000000
v -0.564225 -2.105718 0.000000
v -0.425297 -2.138112 0.000000
v -0.284547 -2.161350 0.000000
v -0.142579 -2.175333 0.000000
v -0.000000 -2.180000 0.000000
v 0.142579 -2.175333 0.000000
v 0.284547 -2.161350 0.000000
v 0.425297 -2.138112 0.000000
v 0.564225 -2.105718 0.000000
v 0.700738 -2.064308 0.000000
v 0.834250 -2.014057 0.000000
v 0.964189 -1.955183 0.000000
v 1.090000 -1.887935 0.000000
v 1.211143 -1.812604 0.000000
v 1.327100 -1.729510 0.000000
v 1.437374 -1.639011 0.000000
v 1.541493 -1.541493 0.000000
v 1.639011 -1.437374 0.000000
v 1.729510 -1.327100 0.000000
v 1.812604 -1.211143 0.000000
v 1.887935 -1.090000 0.000000
v 1.955183 -0.964189 0.000000
v 2.014057 -0.834250 0.000000
v 2.064308 -0.700738 0.000000
v 2.105718 -0.564225 0.000000
v 2.138112 -0.425297 0.000000
v 2.161350 -0.284547 0.000000
v 2.175333 -0.142579 0.000000
v 2.156260 0.000000 0.000000
v 2.151643 0.141026 0.000000
v 2.137813 0.281448 0.000000
v 2.114828 0.420665 0.000000
v 2.082787 0.558081 0.000000
v 2.041828 0.693107 0.000000
v 1.992124 0.825165 0.000000
v 1.933891 0.953689 0.000000
v 1.867376 1.078130 0.000000
v 1.792865 1.197954 0.000000
v 1.710676 1.312648 0.000000
v 1.621162 1.421721 0.000000
v 1.524706 1.524706 0.000000
v 1.421721 1.621162 0.000000
v 1.312648 1.710676 0.000000
v 1.197954 1.792865 0.000000
v 1.078130 1.867376 0.000000
v 0.953689 1.933891 0.000000
v 0.825165 1.992124 0.000000
v 0.693107 2.041828 0.000000
v 0.558081 2.082787 0.000000
v 0.420665 2.114828 0.000000
v 0.281448 2.137813 0.000000
v 0.141026 2.151643 0.000000
v 0.000000 2.156260 0.000000
v -0.141026 2.151643 0.000000
v -0.281448 2.137813 0.000000
v -0.420665 2.114828 0.000000
v -0.558081 2.082787 0.000000
v -0.693107 2.041828 0.000000
v -0.825165 1.992124 0.000000
v -0.953689 1.933891 0.000000
v -1.078130 1.867376 0.000000
v -1.197954 1.792865 0.000000
v -1.312648 1.710676 0.000000
v -1.421721 1.621162 0.000000
v -1.524706 1.524706 0.000000
v -1.621162 1.421721 0.000000
v -1.710676 1.312648 0.000000
v -1.792865 1.197954 0.000000
v -1.867376 1.078130 0.000000
v -1.933891 0.953689 0.000000
v -1.992124 0.825165 0.000000
v -2.041828 0.693107 0.000000
v -2.082787 0.558081 0.000000
v -2.114828 0.420665 0.000000
v -2.137813 0.281448 0.000000
v -2.151643 0.141026 0.000000
v -2.156260 0.000000 0.000000
v -2.151643 -0.141026 0.000000
v -2.137813 -0.281448 0.000000
v -2.114828 -0.420665 0.000000
v -2.082787 -0.558081 0.000000
v -2.041828 -0.693107 0.000000
v -1.992124 -0.825165 0.000000
v -1.933891 -0.953689 0.000000
v -1.867376 -1.078130 0.000000
v -1.792865 -1.197954 0.000000
v -1.710676 -1.312648 0.000000
v -1.621162 -1.421721 0.000000
v -1.524706 -1.524706 0.000000
v -1.421721 -1.621162 0.000000
v -1.312648 -1.710676 0.000000
v -1.197954 -1.792865 0.000000
v -1.078130 -1.867376 0.000000
v -0.953689 -1.933891 0.000000
v -0.825165 -1.992124 0.000000
v -0.693107 -2.041828 0.000000
v -0.558081 -2.082787 0.000000
v -0.420665 -2.114828 0.000000
v -0.281448 -2.137813 0.000000
v -0.141026 -2.151643 0.000000
v -0.000000 -2.156260 0.000000
v 0.141026 -2.151643 0.000000
v 0.281448 -2.137813 0.000000
v 0.420665 -2.114828 0.000000
v 0.558081 -2.082787 0.000000
v 0.693107 -2.041828 0.000000
v 0.825165 -1.992124 0.000000
v 0.953689 -1.933891 0.000000
v 1.078130 -1.867376 0.000000
v 1.197954 -1.792865 0.000000
v 1.312648 -1.710676 0.000000
v 1.421721 -1.621162 0.000000
v 1.524706 -1.524706 0.000000
v 1.621162 -1.421721 0.000000
v 1.710676 -1.312648 0.000000
v 1.792865 -1.197954 0.000000
v 1.867376 -1.078130 0.000000
v 1.933891 -0.953689 0.000000
v 1.992124 -0.825165 0.000000
v 2.041828 -0.693107 0.000000
v 2.082787 -0.558081 0.000000
v 2.114828 -0.420665 0.000000
v 2.137813 -0.281448 0.000000
v 2.151643 -0.141026 0.000000
v 1.805000 0.000000 10.800000
v 1.801135 0.118053 10.800000
v 1.789558 0.235600 10.800000
v 1.770317 0.352138 10.800000
v 1.743496 0.467168 10.800000
v 1.709209 0.580198 10.800000
v 1.667603 0.690744 10.800000
v 1.618855 0.798331 10.800000
v 1.563176 0.902500 10.800000
v 1.500803 1.002804 10.800000
v 1.432003 1.098814 10.800000
v 1.357071 1.190119 10.800000
v 1.276328 1.276328 10.800000
v 1.190119 1.357071 10.800000
v 1.098814 1.432003 10.800000
v 1.002804 1.500803 10.800000
v 0.902500 1.563176 10.800000
v 0.798331 1.618855 10.800000
v 0.690744 1.667603 10.800000
v 0.580198 1.709209 10.800000
v 0.467168 1.743496 10.800000
v 0.352138 1.770317 10.800000
v 0.235600 1.789558 10.800000
v 0.118053 1.801135 10.800000
v 0.000000 1.805000 10.800000
v -0.118053 1.801135 10.800000
v -0.235600 1.789558 10.800000
v -0.352138 1.770317 10.800000
v -0.467168 1.743496 10.800000
v -0.580198 1.709209 10.800000
v -0.690744 1.667603 10.800000
v -0.798331 1.618855 10.800000
v -0.902500 1.563176 10.800000
v -1.002804 1.500803 10.800000
v -1.098814 1.432003 10.800000
v -1.190119 1.357071 10.800000
v -1.276328 1.276328 10.800000
v -1.357071 1.190119 10.800000
v -1.432003 1.098814 10.800000
v -1.500803 1.002804 10.800000
v -1.563176 0.902500 10.800000
v -1.618855 0.798331 10.800000
v -1.667603 0.690744 10.800000
v -1.709209 0.580198 10.800000
v -1.743496 0.467168 10.800000
v -1.770317 0.352138 10.800000
v -1.789558 0.235600 10.800000
v -1.801135 0.118053 10.800000
v -1.805000 0.000000 10.800000
v -1.801135 -0.118053 10.800000
v -1.789558 -0.235600 10.800000
v -1.770317 -0.352138 10.800000
v -1.743496 -0.467168 10.800000
v -1.709209 -0.580198 10.800000
v -1.667603 -0.690744 10.800000
v -1.618855 -0.798331 10.800000
v -1.563176 -0.902500 10.800000
v -1.500803 -1.002804 10.800000
v -1.432003 -1.098814 10.800000
v -1.357071 -1.190119 10.800000
v -1.276328 -1.276328 10.800000
v -1.190119 -1.357071 10.800000
v -1.098814 -1.432003 10.800000
v -1.002804 -1.500803 10.800000
v -0.902500 -1.563176 10.800000
v -0.798331 -1.618855 10.800000
v -0.690744 -1.667603 10.800000
v -0.580198 -1.709209 10.800000
v -0.467168 -1.743496 10.800000
v -0.352138 -1.770317 10.800000
v -0.235600 -1.789558 10.800000
v -0.118053 -1.801135 10.800000
v -0.000000 -1.805000 10.800000
v 0.118053 -1.801135 10.800000
v 0.235600 -1.789558 10.800000
v 0.352138 -1.770317 10.800000
v 0.467168 -1.743496 10.800000
v 0.580198 -1.709209 10.800000
v 0.690744 -1.667603 10.800000
v 0.798331 -1.618855 10.800000
v 0.902500 -1.563176 10.800000
v 1.002804 -1.500803 10.800000
v 1.098814 -1.432003 10.800000
v 1.190119 -1.357071 10.800000
v 1.276328 -1.276328 10.800000
v 1.357071 -1.190119 10.800000
v 1.432003 -1.098814 10.800000
v 1.500803 -1.002804 10.800000
v 1.563176 -0.902500 10.800000
v 1.618855 -0.798331 10.800000
v 1.667603 -0.690744 10.800000
v 1.709209 -0.580198 10.800000
v 1.743496 -0.467168 10.800000
v 1.770317 -0.352138 10.800000
v 1.789558 -0.235600 10.800000
v 1.801135 -0.118053 10.800000
v 1.782590 0.000000 10.800000
v 1.778773 0.116587 10.800000
v 1.767340 0.232675 10.800000
v 1.748338 0.347766 10.800000
v 1.721850 0.461368 10.800000
v 1.687988 0.572995 10.800000
v 1.646898 0.682168 10.800000
v 1.598756 0.788419 10.800000
v 1.543768 0.891295 10.800000
v 1.482169 0.990354 10.800000
v 1.414224 1.085172 10.800000
v 1.340222 1.175343 10.800000
v 1.260481 1.260481 10.800000
v 1.175343 1.340222 10.800000
v 1.085172 1.414224 10.800000
v 0.990354 1.482169 10.800000
v 0.891295 1.543768 10.800000
v 0.788419 1.598756 10.800000
v 0.682168 1.646898 10.800000
v 0.572995 1.687988 10.800000
v 0.461368 1.721850 10.800000
v 0.347766 1.748338 10.800000
v 0.232675 1.767340 10.800000
v 0.116587 1.778773 10.800000
v 0.000000 1.782590 10.800000
v -0.116587 1.778773 10.800000
v -0.232675 1.767340 10.800000
v -0.347766 1.748338 10.800000
v -0.461368 1.721850 10.800000
v -0.572995 1.687988 10.800000
v -0.682168 1.646898 10.800000
v -0.788419 1.598756 10.800000
v -0.891295 1.543768 10.800000
v -0.990354 1.482169 10.800000
v -1.085172 1.414224 10.800000
v -1.175343 1.340222 10.800000
v -1.260481 1.260481 10.800000
v -1.340222 1.175343 10.800000
v -1.414224 1.085172 10.800000
v -1.482169 0.990354 10.800000
v -1.543768 0.891295 10.800000
v -1.598756 0.788419 10.800000
v -1.646898 0.682168 10.800000
v -1.687988 0.572995 10.800000
v -1.721850 0.461368 10.800000
v -1.748338 0.347766 10.800000
v -1.767340 0.232675 10.800000
v -1.778773 0.116587 10.800000
v -1.782590 0.000000 10.800000
v -1.778773 -0.116587 10.800000
v -1.767340 -0.232675 10.800000
v -1.748338 -0.347766 10.800000
v -1.721850 -0.461368 10.800000
v -1.687988 -0.572995 10.800000
v -1.646898 -0.682168 10.800000
v -1.598756 -0.788419 10.800000
v -1.543768 -0.891295 10.800000
v -1.482169 -0.990354 10.800000
v -1.414224 -1.085172 10.800000
v -1.340222 -1.175343 10.800000
v -1.260481 -1.260481 10.800000
v -1.175343 -1.340222 10.800000
v -1.085172 -1.414224 10.800000
v -0.990354 -1.482169 10.800000
v -0.891295 -1.543768 10.800000
v -0.788419 -1.598756 10.800000
v -0.682168 -1.646898 10.800000
v -0.572995 -1.687988 10.800000
v -0.461368 -1.721850 10.800000
v -0.347766 -1.748338 10.800000
v -0.232675 -1.767340 10.800000
v -0.116587 -1.778773 10.800000
v -0.000000 -1.782590 10.800000
v 0.116587 -1.778773 10.800000
v 0.232675 -1.767340 10.800000
v 0.347766 -1.748338 10.800000
v 0.461368 -1.721850 10.800000
v 0.572995 -1.687988 10.800000
v 0.682168 -1.646898 10.800000
v 0.788419 -1.598756 10.800000
v 0.891295 -1.543768 10.800000
v 0.990354 -1.482169 10.800000
v 1.085172 -1.414224 10.800000
v 1.175343 -1.340222 10.800000
v 1.260481 -1.260481 10.800000
v 1.340222 -1.175343 10.800000
v 1.414224 -1.085172 10.800000
v 1.482169 -0.990354 10.800000
v 1.543768 -0.891295 10.800000
v 1.598756 -0.788419 10.800000
v 1.646898 -0.682168 10.800000
v 1.687988 -0.572995 10.800000
v 1.721850 -0.461368 10.800000
v 1.748338 -0.347766 10.800000
v 1.767340 -0.232675 10.800000
v 1.778773 -0.116587 10.800000
v 1.500000 0.000000 21.570000
v 1.496788 0.098105 21.570000
v 1.487167 0.195789 21.570000
v 1.471178 0.292635 21.570000
v 1.448889 0.388229 21.570000
v 1.420395 0.482159 21.570000
v 1.385819 0.574025 21.570000
v 1.345309 0.663433 21.570000
v 1.299038 0.750000 21.570000
v 1.247204 0.833355 21.570000
v 1.190030 0.913142 21.570000
v 1.127760 0.989019 21.570000
v 1.060660 1.060660 21.570000
v 0.989019 1.127760 21.570000
v 0.913142 1.190030 21.570000
v 0.833355 1.247204 21.570000
v 0.750000 1.299038 21.570000
v 0.663433 1.345309 21.570000
v 0.574025 1.385819 21.570000
v 0.482159 1.420395 21.570000
v 0.388229 1.448889 21.570000
v 0.292635 1.471178 21.570000
v 0.195789 1.487167 21.570000
v 0.098105 1.496788 21.570000
v 0.000000 1.500000 21.570000
v -0.098105 1.496788 21.570000
v -0.195789 1.487167 21.570000
v -0.292635 1.471178 21.570000
v -0.388229 1.448889 21.570000
v -0.482159 1.420395 21.570000
v -0.574025 1.385819 21.570000
v -0.663433 1.345309 21.570000
v -0.750000 1.299038 21.570000
v -0.833355 1.247204 21.570000
v -0.913142 1.190030 21.570000
v -0.989019 1.127760 21.570000
v -1.060660 1.060660 21.570000
v -1.127760 0.989019 21.570000
v -1.190030 0.913142 21.570000
v -1.247204 0.833355 21.570000
v -1.299038 0.750000 21.570000
v -1.345309 0.663433 21.570000
v -1.385819 0.574025 21.570000
v -1.420395 0.482159 21.570000
v -1.448889 0.388229 21.570000
v -1.471178 0.292635 21.570000
v -1.487167 0.195789 21.570000
v -1.496788 0.098105 21.570000
v -1.500000 0.000000 21.570000
v -1.496788 -0.098105 21.570000
v -1.487167 -0.195789 21.570000
v -1.471178 -0.292635 21.570000
v -1.448889 -0.388229 21.570000
v -1.420395 -0.482159 21.570000
v -1.385819 -0.574025 21.570000
v -1.345309 -0.663433 21.570000
v -1.299038 -0.750000 21.570000
v -1.247204 -0.833355 21.570000
v -1.190030 -0.913142 21.570000
v -1.127760 -0.989019 21.570000
v -1.060660 -1.060660 21.570000
v -0.989019 -1.127760 21.570000
v -0.913142 -1.190030 21.570000
v -0.833355 -1.247204 21.570000
v -0.750000 -1.299038 21.570000
v -0.663433 -1.345309 21.570000
v -0.574025 -1.385819 21.570000
v -0.482159 -1.420395 21.570000
v -0.388229 -1.448889 21.570000
v -0.292635 -1.471178 21.570000
v -0.195789 -1.487167 21.570000
v -0.098105 -1.496788 21.570000
v -0.000000 -1.500000 21.570000
v 0.098105 -1.496788 21.570000
v 0.195789 -1.487167 21.570000
v 0.292635 -1.471178 21.570000
v 0.388229 -1.448889 21.570000
v 0.482159 -1.420395 21.570000
v 0.574025 -1.385819 21.570000
v 0.663433 -1.345309 21.570000
v 0.750000 -1.299038 21.570000
v 0.833355 -1.247204 21.570000
v 0.913142 -1.190030 21.570000
v 0.989019 -1.127760 21.570000
v 1.060660 -1.060660 21.570000
v 1.127760 -0.989019 21.570000
v 1.190030 -0.913142 21.570000
v 1.247204 -0.833355 21.570000
v 1.299038 -0.750000 21.570000
v 1.345309 -0.663433 21.570000
v 1.385819 -0.574025 21.570000
v 1.420395 -0.482159 21.570000
v 1.448889 -0.388229 21.570000
v 1.471178 -0.292635 21.570000
v 1.487167 -0.195789 21.570000
v 1.496788 -0.098105 21.570000
v 1.473260 0.000000 21.570000
v 1.470106 0.096356 21.570000
v 1.460656 0.192299 21.570000
v 1.444952 0.287419 21.570000
v 1.423060 0.381308 21.570000
v 1.395074 0.473564 21.570000
v 1.361115 0.563792 21.570000
v 1.321327 0.651606 21.570000
v 1.275881 0.736630 21.570000
v 1.224971 0.818499 21.570000
v 1.168816 0.896864 21.570000
v 1.107656 0.971388 21.570000
v 1.041752 1.041752 21.570000
v 0.971388 1.107656 21.570000
v 0.896864 1.168816 21.570000
v 0.818499 1.224971 21.570000
v 0.736630 1.275881 21.570000
v 0.651606 1.321327 21.570000
v 0.563792 1.361115 21.570000
v 0.473564 1.395074 21.570000
v 0.381308 1.423060 21.570000
v 0.287419 1.444952 21.570000
v 0.192299 1.460656 21.570000
v 0.096356 1.470106 21.570000
v 0.000000 1.473260 21.570000
v -0.096356 1.470106 21.570000
v -0.192299 1.460656 21.570000
v -0.287419 1.444952 21.570000
v -0.381308 1.423060 21.570000
v -0.473564 1.395074 21.570000
v -0.563792 1.361115 21.570000
v -0.651606 1.321327 21.570000
v -0.736630 1.275881 21.570000
v -0.818499 1.224971 21.570000
v -0.896864 1.168816 21.570000
v -0.971388 1.107656 21.570000
v -1.041752 1.041752 21.570000
v -1.107656 0.971388 21.570000
v -1.168816 0.896864 21.570000
v -1.224971 0.818499 21.570000
v -1.275881 0.736630 21.570000
v -1.321327 0.651606 21.570000
v -1.361115 0.563792 21.570000
v -1.395074 0.473564 21.570000
v -1.423060 0.381308 21.570000
v -1.444952 0.287419 21.570000
v -1.460656 0.192299 21.570000
v -1.470106 0.096356 21.570000
v -1.473260 0.000000 21.570000
v -1.470106 -0.096356 21.570000
v -1.460656 -0.192299 21.570000
v -1.444952 -0.287419 21.570000
v -1.423060 -0.381308 21.570000
v -1.395074 -0.473564 21.570000
v -1.361115 -0.563792 21.570000
v -1.321327 -0.651606 21.570000
v -1.275881 -0.736630 21.570000
v -1.224971 -0.818499 21.570000
v -1.168816 -0.896864 21.570000
v -1.107656 -0.971388 21.570000
v -1.041752 -1.041752 21.570000
v -0.971388 -1.107656 21.570000
v -0.896864 -1.168816 21.570000
v -0.818499 -1.224971 21.570000
v -0.736630 -1.275881 21.570000
v -0.651606 -1.321327 21.570000
v -0.563792 -1.361115 21.570000
v -0.473564 -1.395074 21.570000
v -0.381308 -1.423060 21.570000
v -0.287419 -1.444952 21.570000
v -0.192299 -1.460656 21.570000
v -0.096356 -1.470106 21.570000
v -0.000000 -1.473260 21.570000
v 0.096356 -1.470106 21.570000
v 0.192299 -1.460656 21.570000
v 0.287419 -1.444952 21.570000
v 0.381308 -1.423060 21.570000
v 0.473564 -1.395074 21.570000
v 0.563792 -1.361115 21.570000
v 0.651606 -1.321327 21.570000
v 0.736630 -1.275881 21.570000
v 0.818499 -1.224971 21.570000
v 0.896864 -1.168816 21.570000
v 0.971388 -1.107656 21.570000
v 1.041752 -1.041752 21.570000
v 1.107656 -0.971388 21.570000
v 1.168816 -0.896864 21.570000
v 1.224971 -0.818499 21.570000
v 1.275881 -0.736630 21.570000
v 1.321327 -0.651606 21.570000
v 1.361115 -0.563792 21.570000
v 1.395074 -0.473564 21.570000
v 1.423060 -0.381308 21.570000
v 1.444952 -0.287419 21.570000
v 1.460656 -0.192299 21.570000
v 1.470106 -0.096356 21.570000
v 1.936260 0.000000 0.000000
v 1.932114 0.126637 0.000000
v 1.919695 0.252733 0.000000
v 1.899055 0.377746 0.000000
v 1.870283 0.501141 0.000000
v 1.833503 0.622390 0.000000
v 1.788871 0.740975 0.000000
v 1.736579 0.856386 0.000000
v 1.676850 0.968130 0.000000
v 1.609941 1.075728 0.000000
v 1.536138 1.178720 0.000000
v 1.455757 1.276665 0.000000
v 1.369143 1.369143 0.000000
v 1.276665 1.455757 0.000000
v 1.178720 1.536138 0.000000
v 1.075728 1.609941 0.000000
v 0.968130 1.676850 0.000000
v 0.856386 1.736579 0.000000
v 0.740975 1.788871 0.000000
v 0.622390 1.833503 0.000000
v 0.501141 1.870283 0.000000
v 0.377746 1.899055 0.000000
v 0.252733 1.919695 0.000000
v 0.126637 1.932114 0.000000
v 0.000000 1.936260 0.000000
v -0.126637 1.932114 0.000000
v -0.252733 1.919695 0.000000
v -0.377746 1.899055 0.000000
v -0.501141 1.870283 0.000000
v -0.622390 1.833503 0.000000
v -0.740975 1.788871 0.000000
v -0.856386 1.736579 0.000000
v -0.968130 1.676850 0.000000
v -1.075728 1.609941 0.000000
v -1.178720 1.536138 0.000000
v -1.276665 1.455757 0.000000
v -1.369143 1.369143 0.000000
v -1.455757 1.276665 0.000000
v -1.536138 1.178720 0.000000
v -1.609941 1.075728 0.000000
v -1.676850 0.968130 0.000000
v -1.736579 0.856386 0.000000
v -1.788871 0.740975 0.000000
v -1.833503 0.622390 0.000000
v -1.870283 0.501141 0.000000
v -1.899055 0.377746 0.000000
v -1.919695 0.252733 0.000000
v -1.932114 0.126637 0.000000
v -1.936260 0.000000 0.000000
v -1.932114 -0.126637 0.000000
v -1.919695 -0.252733 0.000000
v -1.899055 -0.377746 0.000000
v -1.870283 -0.501141 0.000000
v -1.833503 -0.622390 0.000000
v -1.788871 -0.740975 0.000000
v -1.736579 -0.856386 0.000000
v -1.676850 -0.968130 0.000000
v -1.609941 -1.075728 0.000000
v -1.536138 -1.178720 0.000000
v -1.455757 -1.276665 0.000000
v -1.369143 -1.369143 0.000000
v -1.276665 -1.455757 0.000000
v -1.178720 -1.536138 0.000000
v -1.075728 -1.609941 0.000000
v -0.968130 -1.676850 0.000000
v -0.856386 -1.736579 0.000000
v -0.740975 -1.788871 0.000000
v -0.622390 -1.833503 0.000000
v -0.501141 -1.870283 0.000000
v -0.377746 -1.899055 0.000000
v -0.252733 -1.919695 0.000000
v -0.126637 -1.932114 0.000000
v -0.000000 -1.936260 0.000000
v 0.126637 -1.932114 0.000000
v 0.252733 -1.919695 0.000000
v 0.377746 -1.899055 0.000000
v 0.501141 -1.870283 0.000000
v 0.622390 -1.833503 0.000000
v 0.740975 -1.788871 0.000000
v 0.856386 -1.736579 0.000000
v 0.968130 -1.676850 0.000000
v 1.075728 -1.609941 0.000000
v 1.178720 -1.536138 0.000000
v 1.276665 -1.455757 0.000000
v 1.369143 -1.369143 0.000000
v 1.455757 -1.276665 0.000000
v 1.536138 -1.178720 0.000000
v 1.609941 -1.075728 0.000000
v 1.676850 -0.968130 0.000000
v 1.736579 -0.856386 0.000000
v 1.788871 -0.740975 0.000000
v 1.833503 -0.622390 0.000000
v 1.870283 -0.501141 0.000000
v 1.899055 -0.377746 0.000000
v 1.919695 -0.252733 0.000000
v 1.932114 -0.126637 0.000000
v 2.157260 0.000000 0.000000
v 2.152641 0.141092 0.000000
v 2.138804 0.281579 0.000000
v 2.115809 0.420861 0.000000
v 2.083753 0.558340 0.000000
v 2.042774 0.693429 0.000000
v 1.993048 0.825548 0.000000
v 1.934788 0.954132 0.000000
v 1.868242 1.078630 0.000000
v 1.793696 1.198509 0.000000
v 1.711469 1.313257 0.000000
v 1.621914 1.422380 0.000000
v 1.525413 1.525413 0.000000
v 1.422380 1.621914 0.000000
v 1.313257 1.711469 0.000000
v 1.198509 1.793696 0.000000
v 1.078630 1.868242 0.000000
v 0.954132 1.934788 0.000000
v 0.825548 1.993048 0.000000
v 0.693429 2.042774 0.000000
v 0.558340 2.083753 0.000000
v 0.420861 2.115809 0.000000
v 0.281579 2.138804 0.000000
v 0.141092 2.152641 0.000000
v 0.000000 2.157260 0.000000
v -0.141092 2.152641 0.000000
v -0.281579 2.138804 0.000000
v -0.420861 2.115809 0.000000
v -0.558340 2.083753 0.000000
v -0.693429 2.042774 0.000000
v -0.825548 1.993048 0.000000
v -0.954132 1.934788 0.000000
v -1.078630 1.868242 0.000000
v -1.198509 1.793696 0.000000
v -1.313257 1.711469 0.000000
v -1.422380 1.621914 0.000000
v -1.525413 1.525413 0.000000
v -1.621914 1.422380 0.000000
v -1.711469 1.313257 0.000000
v -1.793696 1.198509 0.000000
v -1.868242 1.078630 0.000000
v -1.934788 0.954132 0.000000
v -1.993048 0.825548 0.000000
v -2.042774 0.693429 0.000000
v -2.083753 0.558340 0.000000
v -2.115809 0.420861 0.000000
v -2.138804 0.281579 0.000000
v -2.152641 0.141092 0.000000
v -2.157260 0.000000 0.000000
v -2.152641 -0.141092 0.000000
v -2.138804 -0.281579 0.000000
v -2.115809 -0.420861 0.000000
v -2.083753 -0.558340 0.000000
v -2.042774 -0.693429 0.000000
v -1.993048 -0.825548 0.000000
v -1.934788 -0.954132 0.000000
v -1.868242 -1.078630 0.000000
v -1.793696 -1.198509 0.000000
v -1.711469 -1.313257 0.000000
v -1.621914 -1.422380 0.000000
v -1.525413 -1.525413 0.000000
v -1.422380 -1.621914 0.000000
v -1.313257 -1.711469 0.000000
v -1.198509 -1.793696 0.000000
v -1.078630 -1.868242 0.000000
v -0.954132 -1.934788 0.000000
v -0.825548 -1.993048 0.000000
v -0.693429 -2.042774 0.000000
v -0.558340 -2.083753 0.000000
v -0.420861 -2.115809 0.000000
v -0.281579 -2.138804 0.000000
v -0.141092 -2.152641 0.000000
v -0.000000 -2.157260 0.000000
v 0.141092 -2.152641 0.000000
v 0.281579 -2.138804 0.000000
v 0.420861 -2.115809 0.000000
v 0.558340 -2.083753 0.000000
v 0.693429 -2.042774 0.000000
v 0.825548 -1.993048 0.000000
v 0.954132 -1.934788 0.000000
v 1.078630 -1.868242 0.000000
v 1.198509 -1.793696 0.000000
v 1.313257 -1.711469 0.000000
v 1.422380 -1.621914 0.000000
v 1.525413 -1.525413 0.000000
v 1.621914 -1.422380 0.000000
v 1.711469 -1.313257 0.000000
v 1.793696 -1.198509 0.000000
v 1.868242 -1.078630 0.000000
v 1.934788 -0.954132 0.000000
v 1.993048 -0.825548 0.000000
v 2.042774 -0.693429 0.000000
v 2.083753 -0.558340 0.000000
v 2.115809 -0.420861 0.000000
v 2.138804 -0.281579 0.000000
v 2.152641 -0.141092 0.000000
v 2.157260 0.000000 0.140000
v 2.152641 0.141092 0.140000
v 2.138804 0.281579 0.140000
v 2.115809 0.420861 0.140000
v 2.083753 0.558340 0.140000
v 2.042774 0.693429 0.140000
v 1.993048 0.825548 0.140000
v 1.934788 0.954132 0.140000
v 1.868242 1.078630 0.140000
v 1.793696 1.198509 0.140000
v 1.711469 1.313257 0.140000
v 1.621914 1.422380 0.140000
v 1.525413 1.525413 0.140000
v 1.422380 1.621914 0.140000
v 1.313257 1.711469 0.140000
v 1.198509 1.793696 0.140000
v 1.078630 1.868242 0.140000
v 0.954132 1.934788 0.140000
v 0.825548 1.993048 0.140000
v 0.693429 2.042774 0.140000
v 0.558340 2.083753 0.140000
v 0.420861 2.115809 0.140000
v 0.281579 2.138804 0.140000
v 0.141092 2.152641 0.140000
v 0.000000 2.157260 0.140000
v -0.141092 2.152641 0.140000
v -0.281579 2.138804 0.140000
v -0.420861 2.115809 0.140000
v -0.558340 2.083753 0.140000
v -0.693429 2.042774 0.140000
v -0.825548 1.993048 0.140000
v -0.954132 1.934788 0.140000
v -1.078630 1.868242 0.140000
v -1.198509 1.793696 0.140000
v -1.313257 1.711469 0.140000
v -1.422380 1.621914 0.140000
v -1.525413 1.525413 0.140000
v -1.621914 1.422380 0.140000
v -1.711469 1.313257 0.140000
v -1.793696 1.198509 0.140000
v -1.868242 1.078630 0.140000
v -1.934788 0.954132 0.140000
v -1.993048 0.825548 0.140000
v -2.042774 0.693429 0.140000
v -2.083753 0.558340 0.140000
v -2.115809 0.420861 0.140000
v -2.138804 0.281579 0.140000
v -2.152641 0.141092 0.140000
v -2.157260 0.000000 0.140000
v -2.152641 -0.141092 0.140000
v -2.138804 -0.281579 0.140000
v -2.115809 -0.420861 0.140000
v -2.083753 -0.558340 0.140000
v -2.042774 -0.693429 0.140000
v -1.993048 -0.825548 0.140000
v -1.934788 -0.954132 0.140000
v -1.868242 -1.078630 0.140000
v -1.793696 -1.198509 0.140000
v -1.711469 -1.313257 0.140000
v -1.621914 -1.422380 0.140000
v -1.525413 -1.525413 0.140000
v -1.422380 -1.621914 0.140000
v -1.313257 -1.711469 0.140000
v -1.198509 -1.793696 0.140000
v -1.078630 -1.868242 0.140000
v -0.954132 -1.934788 0.140000
v -0.825548 -1.993048 0.140000
v -0.693429 -2.042774 0.140000
v -0.558340 -2.083753 0.140000
v -0.420861 -2.115809 0.140000
v -0.281579 -2.138804 0.140000
v -0.141092 -2.152641 0.140000
v -0.000000 -2.157260 0.140000
v 0.141092 -2.152641 0.140000
v 0.281579 -2.138804 0.140000
v 0.420861 -2.115809 0.140000
v 0.558340 -2.083753 0.140000
v 0.693429 -2.042774 0.140000
v 0.825548 -1.993048 0.140000
v 0.954132 -1.934788 0.140000
v 1.078630 -1.868242 0.140000
v 1.198509 -1.793696 0.140000
v 1.313257 -1.711469 0.140000
v 1.422380 -1.621914 0.140000
v 1.525413 -1.525413 0.140000
v 1.621914 -1.422380 0.140000
v 1.711469 -1.313257 0.140000
v 1.793696 -1.198509 0.140000
v 1.868242 -1.078630 0.140000
v 1.934788 -0.954132 0.140000
v 1.993048 -0.825548 0.140000
v 2.042774 -0.693429 0.140000
v 2.083753 -0.558340 0.140000
v 2.115809 -0.420861 0.140000
v 2.138804 -0.281579 0.140000
v 2.152641 -0.141092 0.140000
v 1.936260 0.000000 0.140000
v 1.932114 0.126637 0.140000
v 1.919695 0.252733 0.140000
v 1.899055 0.377746 0.140000
v 1.870283 0.501141 0.140000
v 1.833503 0.622390 0.140000
v 1.788871 0.740975 0.140000
v 1.736579 0.856386 0.140000
v 1.676850 0.968130 0.140000
v 1.609941 1.075728 0.140000
v 1.536138 1.178720 0.140000
v 1.455757 1.276665 0.140000
v 1.369143 1.369143 0.140000
v 1.276665 1.455757 0.140000
v 1.178720 1.536138 0.140000
v 1.075728 1.609941 0.140000
v 0.968130 1.676850 0.140000
v 0.856386 1.736579 0.140000
v 0.740975 1.788871 0.140000
v 0.622390 1.833503 0.140000
v 0.501141 1.870283 0.140000
v 0.377746 1.899055 0.140000
v 0.252733 1.919695 0.140000
v 0.126637 1.932114 0.140000
v 0.000000 1.936260 0.140000
v -0.126637 1.932114 0.140000
v -0.252733 1.919695 0.140000
v -0.377746 1.899055 0.140000
v -0.501141 1.870283 0.140000
v -0.622390 1.833503 0.140000
v -0.740975 1.788871 0.140000
v -0.856386 1.736579 0.140000
v -0.968130 1.676850 0.140000
v -1.075728 1.609941 0.140000
v -1.178720 1.536138 0.140000
v -1.276665 1.455757 0.140000
v -1.369143 1.369143 0.140000
v -1.455757 1.276665 0.140000
v -1.536138 1.178720 0.140000
v -1.609941 1.075728 0.140000
v -1.676850 0.968130 0.140000
v -1.736579 0.856386 0.140000
v -1.788871 0.740975 0.140000
v -1.833503 0.622390 0.140000
v -1.870283 0.501141 0.140000
v -1.899055 0.377746 0.140000
v -1.919695 0.252733 0.140000
v -1.932114 0.126637 0.140000
v -1.936260 0.000000 0.140000
v -1.932114 -0.126637 0.140000
v -1.919695 -0.252733 0.140000
v -1.899055 -0.377746 0.140000
v -1.870283 -0.501141 0.140000
v -1.833503 -0.622390 0.140000
v -1.788871 -0.740975 0.140000
v -1.736579 -0.856386 0.140000
v -1.676850 -0.968130 0.140000
v -1.609941 -1.075728 0.140000
v -1.536138 -1.178720 0.140000
v -1.455757 -1.276665 0.140000
v -1.369143 -1.369143 0.140000
v -1.276665 -1.455757 0.140000
v -1.178720 -1.536138 0.140000
v -1.075728 -1.609941 0.140000
v -0.968130 -1.676850 0.140000
v -0.856386 -1.736579 0.140000
v -0.740975 -1.788871 0.140000
v -0.622390 -1.833503 0.140000
v -0.501141 -1.870283 0.140000
v -0.377746 -1.899055 0.140000
v -0.252733 -1.919695 0.140000
v -0.126637 -1.932114 0.140000
v -0.000000 -1.936260 0.140000
v 0.126637 -1.932114 0.140000
v 0.252733 -1.919695 0.140000
v 0.377746 -1.899055 0.140000
v 0.501141 -1.870283 0.140000
v 0.622390 -1.833503 0.140000
v 0.740975 -1.788871 0.140000
v 0.856386 -1.736579 0.140000
v 0.968130 -1.676850 0.140000
v 1.075728 -1.609941 0.140000
v 1.178720 -1.536138 0.140000
v 1.276665 -1.455757 0.140000
v 1.369143 -1.369143 0.140000
v 1.455757 -1.276665 0.140000
v 1.536138 -1.178720 0.140000
v 1.609941 -1.075728 0.140000
v 1.676850 -0.968130 0.140000
v 1.736579 -0.856386 0.140000
v 1.788871 -0.740975 0.140000
v 1.833503 -0.622390 0.140000
v 1.870283 -0.501141 0.140000
v 1.899055 -0.377746 0.140000
v 1.919695 -0.252733 0.140000
v 1.932114 -0.126637 0.140000
v 1.936260 0.000000 0.000000
v 1.932114 0.126637 0.000000
v 1.919695 0.252733 0.000000
v 1.899055 0.377746 0.000000
v 1.870283 0.501141 0.000000
v 1.833503 0.622390 0.000000
v 1.788871 0.740975 0.000000
v 1.736579 0.856386 0.000000
v 1.676850 0.968130 0.000000
v 1.609941 1.075728 0.000000
v 1.536138 1.178720 0.000000
v 1.455757 1.276665 0.000000
v 1.369143 1.369143 0.000000
v 1.276665 1.455757 0.000000
v 1.178720 1.536138 0.000000
v 1.075728 1.609941 0.000000
v 0.968130 1.676850 0.000000
v 0.856386 1.736579 0.000000
v 0.740975 1.788871 0.000000
v 0.622390 1.833503 0.000000
v 0.501141 1.870283 0.000000
v 0.377746 1.899055 0.000000
v 0.252733 1.919695 0.000000
v 0.126637 1.932114 0.000000
v 0.000000 1.936260 0.000000
v -0.126637 1.932114 0.000000
v -0.252733 1.919695 0.000000
v -0.377746 1.899055 0.000000
v -0.501141 1.870283 0.000000
v -0.622390 1.833503 0.000000
v -0.740975 1.788871 0.000000
v -0.856386 1.736579 0.000000
v -0.968130 1.676850 0.000000
v -1.075728 1.609941 0.000000
v -1.178720 1.536138 0.000000
v -1.276665 1.455757 0.000000
v -1.369143 1.369143 0.000000
v -1.455757 1.276665 0.000000
v -1.536138 1.178720 0.000000
v -1.609941 1.075728 0.000000
v -1.676850 0.968130 0.000000
v -1.736579 0.856386 0.000000
v -1.788871 0.740975 0.000000
v -1.833503 0.622390 0.000000
v -1.870283 0.501141 0.000000
v -1.899055 0.377746 0.000000
v -1.919695 0.252733 0.000000
v -1.932114 0.126637 0.000000
v -1.936260 0.000000 0.000000
v -1.932114 -0.126637 0.000000
v -1.919695 -0.252733 0.000000
v -1.899055 -0.377746 0.000000
v -1.870283 -0.501141 0.000000
v -1.833503 -0.622390 0.000000
v -1.788871 -0.740975 0.000000
v -1.736579 -0.856386 0.000000
v -1.676850 -0.968130 0.000000
v -1.609941 -1.075728 0.000000
v -1.536138 -1.178720 0.000000
v -1.455757 -1.276665 0.000000
v -1.369143 -1.369143 0.000000
v -1.276665 -1.455757 0.000000
v -1.178720 -1.536138 0.000000
v -1.075728 -1.609941 0.000000
v -0.968130 -1.676850 0.000000
v -0.856386 -1.736579 0.000000
v -0.740975 -1.788871 0.000000
v -0.622390 -1.833503 0.000000
v -0.501141 -1.870283 0.000000
v -0.377746 -1.899055 0.000000
v -0.252733 -1.919695 0.000000
v -0.126637 -1.932114 0.000000
v -0.000000 -1.936260 0.000000
v 0.126637 -1.932114 0.000000
v 0.252733 -1.919695 0.000000
v 0.377746 -1.899055 0.000000
v 0.501141 -1.870283 0.000000
v 0.622390 -1.833503 0.000000
v 0.740975 -1.788871 0.000000
v 0.856386 -1.736579 0.000000
v 0.968130 -1.676850 0.000000
v 1.075728 -1.609941 0.000000
v 1.178720 -1.536138 0.000000
v 1.276665 -1.455757 0.000000
v 1.369143 -1.369143 0.000000
v 1.455757 -1.276665 0.000000
v 1.536138 -1.178720 0.000000
v 1.609941 -1.075728 0.000000
v 1.676850 -0.968130 0.000000
v 1.736579 -0.856386 0.000000
v 1.788871 -0.740975 0.000000
v 1.833503 -0.622390 0.000000
v 1.870283 -0.501141 0.000000
v 1.899055 -0.377746 0.000000
v 1.919695 -0.252733 0.000000
v 1.932114 -0.126637 0.000000
v 1.253260 0.000000 21.430000
v 1.250577 0.081967 21.430000
v 1.242538 0.163583 21.430000
v 1.229179 0.244499 21.430000
v 1.210556 0.324368 21.430000
v 1.186750 0.402847 21.430000
v 1.157861 0.479602 21.430000
v 1.124015 0.554303 21.430000
v 1.085355 0.626630 21.430000
v 1.042048 0.696274 21.430000
v 0.994278 0.762936 21.430000
v 0.942251 0.826332 21.430000
v 0.886189 0.886189 21.430000
v 0.826332 0.942251 21.430000
v 0.762936 0.994278 21.430000
v 0.696274 1.042048 21.430000
v 0.626630 1.085355 21.430000
v 0.554303 1.124015 21.430000
v 0.479602 1.157861 21.430000
v 0.402847 1.186750 21.430000
v 0.324368 1.210556 21.430000
v 0.244499 1.229179 21.430000
v 0.163583 1.242538 21.430000
v 0.081967 1.250577 21.430000
v 0.000000 1.253260 21.430000
v -0.081967 1.250577 21.430000
v -0.163583 1.242538 21.430000
v -0.244499 1.229179 21.430000
v -0.324368 1.210556 21.430000
v -0.402847 1.186750 21.430000
v -0.479602 1.157861 21.430000
v -0.554303 1.124015 21.430000
v -0.626630 1.085355 21.430000
v -0.696274 1.042048 21.430000
v -0.762936 0.994278 21.430000
v -0.826332 0.942251 21.430000
v -0.886189 0.886189 21.430000
v -0.942251 0.826332 21.430000
v -0.994278 0.762936 21.430000
v -1.042048 0.696274 21.430000
v -1.085355 0.626630 21.430000
v -1.124015 0.554303 21.430000
v -1.157861 0.479602 21.430000
v -1.186750 0.402847 21.430000
v -1.210556 0.324368 21.430000
v -1.229179 0.244499 21.430000
v -1.242538 0.163583 21.430000
v -1.250577 0.081967 21.430000
v -1.253260 0.000000 21.430000
v -1.250577 -0.081967 21.430000
v -1.242538 -0.163583 21.430000
v -1.229179 -0.244499 21.430000
v -1.210556 -0.324368 21.430000
v -1.186750 -0.402847 21.430000
v -1.157861 -0.479602 21.430000
v -1.124015 -0.554303 21.430000
v -1.085355 -0.626630 21.430000
v -1.042048 -0.696274 21.430000
v -0.994278 -0.762936 21.430000
v -0.942251 -0.826332 21.430000
v -0.886189 -0.886189 21.430000
v -0.826332 -0.942251 21.430000
v -0.762936 -0.994278 21.430000
v -0.696274 -1.042048 21.430000
v -0.626630 -1.085355 21.430000
v -0.554303 -1.124015 21.430000
v -0.479602 -1.157861 21.430000
v -0.402847 -1.186750 21.430000
v -0.324368 -1.210556 21.430000
v -0.244499 -1.229179 21.430000
v -0.163583 -1.242538 21.430000
v -0.081967 -1.250577 21.430000
v -0.000000 -1.253260 21.430000
v 0.081967 -1.250577 21.430000
v 0.163583 -1.242538 21.430000
v 0.244499 -1.229179 21.430000
v 0.324368 -1.210556 21.430000
v 0.402847 -1.186750 21.430000
v 0.479602 -1.157861 21.430000
v 0.554303 -1.124015 21.430000
v 0.626630 -1.085355 21.430000
v 0.696274 -1.042048 21.430000
v 0.762936 -0.994278 21.430000
v 0.826332 -0.942251 21.430000
v 0.886189 -0.886189 21.430000
v 0.942251 -0.826332 21.430000
v 0.994278 -0.762936 21.430000
v 1.042048 -0.696274 21.430000
v 1.085355 -0.626630 21.430000
v 1.124015 -0.554303 21.430000
v 1.157861 -0.479602 21.430000
v 1.186750 -0.402847 21.430000
v 1.210556 -0.324368 21.430000
v 1.229179 -0.244499 21.430000
v 1.242538 -0.163583 21.430000
v 1.250577 -0.081967 21.430000
v 1.474260 0.000000 21.430000
v 1.471104 0.096421 21.430000
v 1.461648 0.192430 21.430000
v 1.445933 0.287614 21.430000
v 1.424026 0.381567 21.430000
v 1.396021 0.473885 21.430000
v 1.362039 0.564175 21.430000
v 1.322224 0.652049 21.430000
v 1.276747 0.737130 21.430000
v 1.225802 0.819055 21.430000
v 1.169609 0.897473 21.430000
v 1.108407 0.972047 21.430000
v 1.042459 1.042459 21.430000
v 0.972047 1.108407 21.430000
v 0.897473 1.169609 21.430000
v 0.819055 1.225802 21.430000
v 0.737130 1.276747 21.430000
v 0.652049 1.322224 21.430000
v 0.564175 1.362039 21.430000
v 0.473885 1.396021 21.430000
v 0.381567 1.424026 21.430000
v 0.287614 1.445933 21.430000
v 0.192430 1.461648 21.430000
v 0.096421 1.471104 21.430000
v 0.000000 1.474260 21.430000
v -0.096421 1.471104 21.430000
v -0.192430 1.461648 21.430000
v -0.287614 1.445933 21.430000
v -0.381567 1.424026 21.430000
v -0.473885 1.396021 21.430000
v -0.564175 1.362039 21.430000
v -0.652049 1.322224 21.430000
v -0.737130 1.276747 21.430000
v -0.819055 1.225802 21.430000
v -0.897473 1.169609 21.430000
v -0.972047 1.108407 21.430000
v -1.042459 1.042459 21.430000
v -1.108407 0.972047 21.430000
v -1.169609 0.897473 21.430000
v -1.225802 0.819055 21.430000
v -1.276747 0.737130 21.430000
v -1.322224 0.652049 21.430000
v -1.362039 0.564175 21.430000
v -1.396021 0.473885 21.430000
v -1.424026 0.381567 21.430000
v -1.445933 0.287614 21.430000
v -1.461648 0.192430 21.430000
v -1.471104 0.096421 21.430000
v -1.474260 0.000000 21.430000
v -1.471104 -0.096421 21.430000
v -1.461648 -0.192430 21.430000
v -1.445933 -0.287614 21.430000
v -1.424026 -0.381567 21.430000
v -1.396021 -0.473885 21.430000
v -1.362039 -0.564175 21.430000
v -1.322224 -0.652049 21.430000
v -1.276747 -0.737130 21.430000
v -1.225802 -0.819055 21.430000
v -1.169609 -0.897473 21.430000
v -1.108407 -0.972047 21.430000
v -1.042459 -1.042459 21.430000
v -0.972047 -1.108407 21.430000
v -0.897473 -1.169609 21.430000
v -0.819055 -1.225802 21.430000
v -0.737130 -1.276747 21.430000
v -0.652049 -1.322224 21.430000
v -0.564175 -1.362039 21.430000
v -0.473885 -1.396021 21.430000
v -0.381567 -1.424026 21.430000
v -0.287614 -1.445933 21.430000
v -0.192430 -1.461648 21.430000
v -0.096421 -1.471104 21.430000
v -0.000000 -1.474260 21.430000
v 0.096421 -1.471104 21.430000
v 0.192430 -1.461648 21.430000
v 0.287614 -1.445933 21.430000
v 0.381567 -1.424026 21.430000
v 0.473885 -1.396021 21.430000
v 0.564175 -1.362039 21.430000
v 0.652049 -1.322224 21.430000
v 0.737130 -1.276747 21.430000
v 0.819055 -1.225802 21.430000
v 0.897473 -1.169609 21.430000
v 0.972047 -1.108407 21.430000
v 1.042459 -1.042459 21.430000
v 1.108407 -0.972047 21.430000
v 1.169609 -0.897473 21.430000
v 1.225802 -0.819055 21.430000
v 1.276747 -0.737130 21.430000
v 1.322224 -0.652049 21.430000
v 1.362039 -0.564175 21.430000
v 1.396021 -0.473885 21.430000
v 1.424026 -0.381567 21.430000
v 1.445933 -0.287614 21.430000
v 1.461648 -0.192430 21.430000
v 1.471104 -0.096421 21.430000
v 1.474260 0.000000 21.570000
v 1.471104 0.096421 21.570000
v 1.461648 0.192430 21.570000
v 1.445933 0.287614 21.570000
v 1.424026 0.381567 21.570000
v 1.396021 0.473885 21.570000
v 1.362039 0.564175 21.570000
v 1.322224 0.652049 21.570000
v 1.276747 0.737130 21.570000
v 1.225802 0.819055 21.570000
v 1.169609 0.897473 21.570000
v 1.108407 0.972047 21.570000
v 1.042459 1.042459 21.570000
v 0.972047 1.108407 21.570000
v 0.897473 1.169609 21.570000
v 0.819055 1.225802 21.570000
v 0.737130 1.276747 21.570000
v 0.652049 1.322224 21.570000
v 0.564175 1.362039 21.570000
v 0.473885 1.396021 21.570000
v 0.381567 1.424026 21.570000
v 0.287614 1.445933 21.570000
v 0.192430 1.461648 21.570000
v 0.096421 1.471104 21.570000
v 0.000000 1.474260 21.570000
v -0.096421 1.471104 21.570000
v -0.192430 1.461648 21.570000
v -0.287614 1.445933 21.570000
v -0.381567 1.424026 21.570000
v -0.473885 1.396021 21.570000
v -0.564175 1.362039 21.570000
v -0.652049 1.322224 21.570000
v -0.737130 1.276747 21.570000
v -0.819055 1.225802 21.570000
v -0.897473 1.169609 21.570000
v -0.972047 1.108407 21.570000
v -1.042459 1.042459 21.570000
v -1.108407 0.972047 21.570000
v -1.169609 0.897473 21.570000
v -1.225802 0.819055 21.570000
v -1.276747 0.737130 21.570000
v -1.322224 0.652049 21.570000
v -1.362039 0.564175 21.570000
v -1.396021 0.473885 21.570000
v -1.424026 0.381567 21.570000
v -1.445933 0.287614 21.570000
v -1.461648 0.192430 21.570000
v -1.471104 0.096421 21.570000
v -1.474260 0.000000 21.570000
v -1.471104 -0.096421 21.570000
v -1.461648 -0.192430 21.570000
v -1.445933 -0.287614 21.570000
v -1.424026 -0.381567 21.570000
v -1.396021 -0.473885 21.570000
v -1.362039 -0.564175 21.570000
v -1.322224 -0.652049 21.570000
v -1.276747 -0.737130 21.570000
v -1.225802 -0.819055 21.570000
v -1.169609 -0.897473 21.570000
v -1.108407 -0.972047 21.570000
v -1.042459 -1.042459 21.570000
v -0.972047 -1.108407 21.570000
v -0.897473 -1.169609 21.570000
v -0.819055 -1.225802 21.570000
v -0.737130 -1.276747 21.570000
v -0.652049 -1.322224 21.570000
v -0.564175 -1.362039 21.570000
v -0.473885 -1.396021 21.570000
v -0.381567 -1.424026 21.570000
v -0.287614 -1.445933 21.570000
v -0.192430 -1.461648 21.570000
v -0.096421 -1.471104 21.570000
v -0.000000 -1.474260 21.570000
v 0.096421 -1.471104 21.570000
v 0.192430 -1.461648 21.570000
v 0.287614 -1.445933 21.570000
v 0.381567 -1.424026 21.570000
v 0.473885 -1.396021 21.570000
v 0.564175 -1.362039 21.570000
v 0.652049 -1.322224 21.570000
v 0.737130 -1.276747 21.570000
v 0.819055 -1.225802 21.570000
v 0.897473 -1.169609 21.570000
v 0.972047 -1.108407 21.570000
v 1.042459 -1.042459 21.570000
v 1.108407 -0.972047 21.570000
v 1.169609 -0.897473 21.570000
v 1.225802 -0.819055 21.570000
v 1.276747 -0.737130 21.570000
v 1.322224 -0.652049 21.570000
v 1.362039 -0.564175 21.570000
v 1.396021 -0.473885 21.570000
v 1.424026 -0.381567 21.570000
v 1.445933 -0.287614 21.570000
v 1.461648 -0.192430 21.570000
v 1.471104 -0.096421 21.570000
v 1.253260 0.000000 21.570000
v 1.250577 0.081967 21.570000
v 1.242538 0.163583 21.570000
v 1.229179 0.244499 21.570000
v 1.210556 0.324368 21.570000
v 1.186750 0.402847 21.570000
v 1.157861 0.479602 21.570000
v 1.124015 0.554303 21.570000
v 1.085355 0.626630 21.570000
v 1.042048 0.696274 21.570000
v 0.994278 0.762936 21.570000
v 0.942251 0.826332 21.570000
v 0.886189 0.886189 21.570000
v 0.826332 0.942251 21.570000
v 0.762936 0.994278 21.570000
v 0.696274 1.042048 21.570000
v 0.626630 1.085355 21.570000
v 0.554303 1.124015 21.570000
v 0.479602 1.157861 21.570000
v 0.402847 1.186750 21.570000
v 0.324368 1.210556 21.570000
v 0.244499 1.229179 21.570000
v 0.163583 1.242538 21.570000
v 0.081967 1.250577 21.570000
v 0.000000 1.253260 21.570000
v -0.081967 1.250577 21.570000
v -0.163583 1.242538 21.570000
v -0.244499 1.229179 21.570000
v -0.324368 1.210556 21.570000
v -0.402847 1.186750 21.570000
v -0.479602 1.157861 21.570000
v -0.554303 1.124015 21.570000
v -0.626630 1.085355 21.570000
v -0.696274 1.042048 21.570000
v -0.762936 0.994278 21.570000
v -0.826332 0.942251 21.570000
v -0.886189 0.886189 21.570000
v -0.942251 0.826332 21.570000
v -0.994278 0.762936 21.570000
v -1.042048 0.696274 21.570000
v -1.085355 0.626630 21.570000
v -1.124015 0.554303 21.570000
v -1.157861 0.479602 21.570000
v -1.186750 0.402847 21.570000
v -1.210556 0.324368 21.570000
v -1.229179 0.244499 21.570000
v -1.242538 0.163583 21.570000
v -1.250577 0.081967 21.570000
v -1.253260 0.000000 21.570000
v -1.250577 -0.081967 21.570000
v -1.242538 -0.163583 21.570000
v -1.229179 -0.244499 21.570000
v -1.210556 -0.324368 21.570000
v -1.186750 -0.402847 21.570000
v -1.157861 -0.479602 21.570000
v -1.124015 -0.554303 21.570000
v -1.085355 -0.626630 21.570000
v -1.042048 -0.696274 21.570000
v -0.994278 -0.762936 21.570000
v -0.942251 -0.826332 21.570000
v -0.886189 -0.886189 21.570000
v -0.826332 -0.942251 21.570000
v -0.762936 -0.994278 21.570000
v -0.696274 -1.042048 21.570000
v -0.626630 -1.085355 21.570000
v -0.554303 -1.124015 21.570000
v -0.479602 -1.157861 21.570000
v -0.402847 -1.186750 21.570000
v -0.324368 -1.210556 21.570000
v -0.244499 -1.229179 21.570000
v -0.163583 -1.242538 21.570000
v -0.081967 -1.250577 21.570000
v -0.000000 -1.253260 21.570000
v 0.081967 -1.250577 21.570000
v 0.163583 -1.242538 21.570000
v 0.244499 -1.229179 21.570000
v 0.324368 -1.210556 21.570000
v 0.402847 -1.186750 21.570000
v 0.479602 -1.157861 21.570000
v 0.554303 -1.124015 21.570000
v 0.626630 -1.085355 21.570000
v 0.696274 -1.042048 21.570000
v 0.762936 -0.994278 21.570000
v 0.826332 -0.942251 21.570000
v 0.886189 -0.886189 21.570000
v 0.942251 -0.826332 21.570000
v 0.994278 -0.762936 21.570000
v 1.042048 -0.696274 21.570000
v 1.085355 -0.626630 21.570000
v 1.124015 -0.554303 21.570000
v 1.157861 -0.479602 21.570000
v 1.186750 -0.402847 21.570000
v 1.210556 -0.324368 21.570000
v 1.229179 -0.244499 21.570000
v 1.242538 -0.163583 21.570000
v 1.250577 -0.081967 21.570000
v 1.253260 0.000000 21.430000
v 1.250577 0.081967 21.430000
v 1.242538 0.163583 21.430000
v 1.229179 0.244499 21.430000
v 1.210556 0.324368 21.430000
v 1.186750 0.402847 21.430000
v 1.157861 0.479602 21.430000
v 1.124015 0.554303 21.430000
v 1.085355 0.626630 21.430000
v 1.042048 0.696274 21.430000
v 0.994278 0.762936 21.430000
v 0.942251 0.826332 21.430000
v 0.886189 0.886189 21.430000
v 0.826332 0.942251 21.430000
v 0.762936 0.994278 21.430000
v 0.696274 1.042048 21.430000
v 0.626630 1.085355 21.430000
v 0.554303 1.124015 21.430000
v 0.479602 1.157861 21.430000
v 0.402847 1.186750 21.430000
v 0.324368 1.210556 21.430000
v 0.244499 1.229179 21.430000
v 0.163583 1.242538 21.430000
v 0.081967 1.250577 21.430000
v 0.000000 1.253260 21.430000
v -0.081967 1.250577 21.430000
v -0.163583 1.242538 21.430000
v -0.244499 1.229179 21.430000
v -0.324368 1.210556 21.430000
v -0.402847 1.186750 21.430000
v -0.479602 1.157861 21.430000
v -0.554303 1.124015 21.430000
v -0.626630 1.085355 21.430000
v -0.696274 1.042048 21.430000
v -0.762936 0.994278 21.430000
v -0.826332 0.942251 21.430000
v -0.886189 0.886189 21.430000
v -0.942251 0.826332 21.430000
v -0.994278 0.762936 21.430000
v -1.042048 0.696274 21.430000
v -1.085355 0.626630 21.430000
v -1.124015 0.554303 21.430000
v -1.157861 0.479602 21.430000
v -1.186750 0.402847 21.430000
v -1.210556 0.324368 21.430000
v -1.229179 0.244499 21.430000
v -1.242538 0.163583 21.430000
v -1.250577 0.081967 21.430000
v -1.253260 0.000000 21.430000
v -1.250577 -0.081967 21.430000
v -1.242538 -0.163583 21.430000
v -1.229179 -0.244499 21.430000
v -1.210556 -0.324368 21.430000
v -1.186750 -0.402847 21.430000
v -1.157861 -0.479602 21.430000
v -1.124015 -0.554303 21.430000
v -1.085355 -0.626630 21.430000
v -1.042048 -0.696274 21.430000
v -0.994278 -0.762936 21.430000
v -0.942251 -0.826332 21.430000
v -0.886189 -0.886189 21.430000
v -0.826332 -0.942251 21.430000
v -0.762936 -0.994278 21.430000
v -0.696274 -1.042048 21.430000
v -0.626630 -1.085355 21.430000
v -0.554303 -1.124015 21.430000
v -0.479602 -1.157861 21.430000
v -0.402847 -1.186750 21.430000
v -0.324368 -1.210556 21.430000
v -0.244499 -1.229179 21.430000
v -0.163583 -1.242538 21.430000
v -0.081967 -1.250577 21.430000
v -0.000000 -1.253260 21.430000
v 0.081967 -1.250577 21.430000
v 0.163583 -1.242538 21.430000
v 0.244499 -1.229179 21.430000
v 0.324368 -1.210556 21.430000
v 0.402847 -1.186750 21.430000
v 0.479602 -1.157861 21.430000
v 0.554303 -1.124015 21.430000
v 0.626630 -1.085355 21.430000
v 0.696274 -1.042048 21.430000
v 0.762936 -0.994278 21.430000
v 0.826332 -0.942251 21.430000
v 0.886189 -0.886189 21.430000
v 0.942251 -0.826332 21.430000
v 0.994278 -0.762936 21.430000
v 1.042048 -0.696274 21.430000
v 1.085355 -0.626630 21.430000
v 1.124015 -0.554303 21.430000
v 1.157861 -0.479602 21.430000
v 1.186750 -0.402847 21.430000
v 1.210556 -0.324368 21.430000
v 1.229179 -0.244499 21.430000
v 1.242538 -0.163583 21.430000
v 1.250577 -0.081967 21.430000
vn 0.9989 0.0327 0.0347
vn -0.9989 -0.0327 -0.0346
vn 0.9946 0.0980 0.0347
vn -0.9946 -0.0980 -0.0346
vn 0.9860 0.1628 0.0347
vn -0.9861 -0.1628 -0.0346
vn 0.9733 0.2269 0.0347
vn -0.9733 -0.2269 -0.0346
vn 0.9564 0.2901 0.0347
vn -0.9564 -0.2901 -0.0346
vn 0.9353 0.3520 0.0347
vn -0.9353 -0.3520 -0.0346
vn 0.9103 0.4125 0.0347
vn -0.9103 -0.4125 -0.0346
vn 0.8814 0.4711 0.0347
vn -0.8814 -0.4711 -0.0346
vn 0.8487 0.5278 0.0347
vn -0.8487 -0.5278 -0.0346
vn 0.8124 0.5821 0.0347
vn -0.8124 -0.5821 -0.0346
vn 0.7725 0.6340 0.0347
vn -0.7725 -0.6340 -0.0346
vn 0.7294 0.6832 0.0347
vn -0.7294 -0.6832 -0.0346
vn 0.6832 0.7294 0.0347
vn -0.6832 -0.7294 -0.0346
vn 0.6340 0.7725 0.0347
vn -0.6340 -0.7725 -0.0346
vn 0.5821 0.8124 0.0347
vn -0.5821 -0.8124 -0.0346
vn 0.5278 0.8487 0.0347
vn -0.5278 -0.8487 -0.0346
vn 0.4711 0.8814 0.0347
vn -0.4711 -0.8814 -0.0346
vn 0.4125 0.9103 0.0347
vn -0.4125 -0.9103 -0.0346
vn 0.3520 0.9353 0.0347
vn -0.3520 -0.9353 -0.0346
vn 0.2901 0.9564 0.0347
vn -0.2901 -0.9564 -0.0346
vn 0.2269 0.9733 0.0347
vn -0.2269 -0.9733 -0.0346
vn 0.1628 0.9860 0.0347
vn -0.1628 -0.9861 -0.0346
vn 0.0980 0.9946 0.0347
vn -0.0980 -0.9946 -0.0346
vn 0.0327 0.9989 0.0347
vn -0.0327 -0.9989 -0.0346
vn -0.0327 0.9989 0.0347
vn 0.0327 -0.9989 -0.0346
vn -0.0980 0.9946 0.0347
vn 0.0980 -0.9946 -0.0346
vn -0.1628 0.9860 0.0347
vn 0.1628 -0.9861 -0.0346
vn -0.2269 0.9733 0.0347
vn 0.2269 -0.9733 -0.0346
vn -0.2901 0.9564 0.0347
vn 0.2901 -0.9564 -0.0346
vn -0.3520 0.9353 0.0347
vn 0.3520 -0.9353 -0.0346
vn -0.4125 0.9103 0.0347
vn 0.4125 -0.9103 -0.0346
vn -0.4711 0.8814 0.0347
vn 0.4711 -0.8814 -0.0346
vn -0.5278 0.8487 0.0347
vn 0.5278 -0.8487 -0.0346
vn -0.5821 0.8124 0.0347
vn 0.5821 -0.8124 -0.0346
vn -0.6340 0.7725 0.0347
vn 0.6340 -0.7725 -0.0346
vn -0.6832 0.7294 0.0347
vn 0.6832 -0.7294 -0.0346
vn -0.7294 0.6832 0.0347
vn 0.7294 -0.6832 -0.0346
vn -0.7725 0.6340 0.0347
vn 0.7725 -0.6340 -0.0346
vn -0.8124 0.5821 0.0347
vn 0.8124 -0.5821 -0.0346
vn -0.8487 0.5278 0.0347
vn 0.8487 -0.5278 -0.0346
vn -0.8814 0.4711 0.0347
vn 0.8814 -0.4711 -0.0346
vn -0.9103 0.4125 0.0347
vn 0.9103 -0.4125 -0.0346
vn -0.9353 0.3520 0.0347
vn 0.9353 -0.3520 -0.0346
vn -0.9564 0.2901 0.0347
vn 0.9564 -0.2901 -0.0346
vn -0.9733 0.2269 0.0347
vn 0.9733 -0.2269 -0.0346
vn -0.9860 0.1628 0.0347
vn 0.9861 -0.1628 -0.0346
vn -0.9946 0.0980 0.0347
vn 0.9946 -0.0980 -0.0346
vn -0.9989 0.0327 0.0347
vn 0.9989 -0.0327 -0.0346
vn -0.9989 -0.0327 0.0347
vn 0.9989 0.0327 -0.0346
vn -0.9946 -0.0980 0.0347
vn 0.9946 0.0980 -0.0346
vn -0.9860 -0.1628 0.0347
vn 0.9861 0.1628 -0.0346
vn -0.9733 -0.2269 0.0347
vn 0.9733 0.2269 -0.0346
vn -0.9564 -0.2901 0.0347
vn 0.9564 0.2901 -0.0346
vn -0.9353 -0.3520 0.0347
vn 0.9353 0.3520 -0.0346
vn -0.9103 -0.4125 0.0347
vn 0.9103 0.4125 -0.0346
vn -0.8814 -0.4711 0.0347
vn 0.8814 0.4711 -0.0346
vn -0.8487 -0.5278 0.0347
vn 0.8487 0.5278 -0.0346
vn -0.8124 -0.5821 0.0347
vn 0.8124 0.5821 -0.0346
vn -0.7725 -0.6340 0.0347
vn 0.7725 0.6340 -0.0346
vn -0.7294 -0.6832 0.0347
vn 0.7294 0.6832 -0.0346
vn -0.6832 -0.7294 0.0347
vn 0.6832 0.7294 -0.0346
vn -0.6340 -0.7725 0.0347
vn 0.6340 0.7725 -0.0346
vn -0.5821 -0.8124 0.0347
vn 0.5821 0.8124 -0.0346
vn -0.5278 -0.8487 0.0347
vn 0.5278 0.8487 -0.0346
vn -0.4711 -0.8814 0.0347
vn 0.4711 0.8814 -0.0346
vn -0.4125 -0.9103 0.0347
vn 0.4125 0.9103 -0.0346
vn -0.3520 -0.9353 0.0347
vn 0.3520 0.9353 -0.0346
vn -0.2901 -0.9564 0.0347
vn 0.2901 0.9564 -0.0346
vn -0.2269 -0.9733 0.0347
vn 0.2269 0.9733 -0.0346
vn -0.1628 -0.9860 0.0347
vn 0.1628 0.9861 -0.0346
vn -0.0980 -0.9946 0.0347
vn 0.0980 0.9946 -0.0346
vn -0.0327 -0.9989 0.0347
vn 0.0327 0.9989 -0.0346
vn 0.0327 -0.9989 0.0347
vn -0.0327 0.9989 -0.0346
vn 0.0980 -0.9946 0.0347
vn -0.0980 0.9946 -0.0346
vn 0.1628 -0.9860 0.0347
vn -0.1628 0.9861 -0.0346
vn 0.2269 -0.9733 0.0347
vn -0.2269 0.9733 -0.0346
vn 0.2901 -0.9564 0.0347
vn -0.2901 0.9564 -0.0346
vn 0.3520 -0.9353 0.0347
vn -0.3520 0.9353 -0.0346
vn 0.4125 -0.9103 0.0347
vn -0.4125 0.9103 -0.0346
vn 0.4711 -0.8814 0.0347
vn -0.4711 0.8814 -0.0346
vn 0.5278 -0.8487 0.0347
vn -0.5278 0.8487 -0.0346
vn 0.5821 -0.8124 0.0347
vn -0.5821 0.8124 -0.0346
vn 0.6340 -0.7725 0.0347
vn -0.6340 0.7725 -0.0346
vn 0.6832 -0.7294 0.0347
vn -0.6832 0.7294 -0.0346
vn 0.7294 -0.6832 0.0347
vn -0.7294 0.6832 -0.0346
vn 0.7725 -0.6340 0.0347
vn -0.7725 0.6340 -0.0346
vn 0.8124 -0.5821 0.0347
vn -0.8124 0.5821 -0.0346
vn 0.8487 -0.5278 0.0347
vn -0.8487 0.5278 -0.0346
vn 0.8814 -0.4711 0.0347
vn -0.8814 0.4711 -0.0346
vn 0.9103 -0.4125 0.0347
vn -0.9103 0.4125 -0.0346
vn 0.9353 -0.3520 0.0347
vn -0.9353 0.3520 -0.0346
vn 0.9564 -0.2901 0.0347
vn -0.9564 0.2901 -0.0346
vn 0.9733 -0.2269 0.0347
vn -0.9733 0.2269 -0.0346
vn 0.9860 -0.1628 0.0347
vn -0.9861 0.1628 -0.0346
vn 0.9946 -0.0980 0.0347
vn -0.9946 0.0980 -0.0346
vn 0.9989 -0.0327 0.0347
vn -0.9989 0.0327 -0.0346
vn 0.9991 0.0327 0.0283
vn -0.9991 -0.0327 -0.0287
vn 0.9948 0.0980 0.0283
vn -0.9948 -0.0980 -0.0287
vn 0.9862 0.1628 0.0283
vn -0.9862 -0.1628 -0.0287
vn 0.9735 0.2270 0.0283
vn -0.9735 -0.2270 -0.0287
vn 0.9566 0.2902 0.0283
vn -0.9565 -0.2902 -0.0287
vn 0.9355 0.3521 0.0283
vn -0.9355 -0.3521 -0.0287
vn 0.9105 0.4125 0.0283
vn -0.9105 -0.4125 -0.0287
vn 0.8816 0.4712 0.0283
vn -0.8816 -0.4712 -0.0287
vn 0.8489 0.5279 0.0283
vn -0.8489 -0.5279 -0.0287
vn 0.8125 0.5822 0.0283
vn -0.8125 -0.5822 -0.0287
vn 0.7727 0.6341 0.0283
vn -0.7727 -0.6341 -0.0287
vn 0.7296 0.6833 0.0283
vn -0.7296 -0.6833 -0.0287
vn 0.6833 0.7296 0.0283
vn -0.6833 -0.7296 -0.0287
vn 0.6341 0.7727 0.0283
vn -0.6341 -0.7727 -0.0287
vn 0.5822 0.8125 0.0283
vn -0.5822 -0.8125 -0.0287
vn 0.5279 0.8489 0.0283
vn -0.5278 -0.8489 -0.0287
vn 0.4712 0.8816 0.0283
vn -0.4712 -0.8816 -0.0287
vn 0.4125 0.9105 0.0283
vn -0.4125 -0.9105 -0.0287
vn 0.3521 0.9355 0.0283
vn -0.3521 -0.9355 -0.0287
vn 0.2902 0.9566 0.0283
vn -0.2902 -0.9565 -0.0287
vn 0.2270 0.9735 0.0283
vn -0.2270 -0.9735 -0.0287
vn 0.1628 0.9862 0.0283
vn -0.1628 -0.9862 -0.0287
vn 0.0980 0.9948 0.0283
vn -0.0980 -0.9948 -0.0287
vn 0.0327 0.9991 0.0283
vn -0.0327 -0.9991 -0.0287
vn -0.0327 0.9991 0.0283
vn 0.0327 -0.9991 -0.0287
vn -0.0980 0.9948 0.0283
vn 0.0980 -0.9948 -0.0287
vn -0.1628 0.9862 0.0283
vn 0.1628 -0.9862 -0.0287
vn -0.2270 0.9735 0.0283
vn 0.2270 -0.9735 -0.0287
vn -0.2902 0.9566 0.0283
vn 0.2902 -0.9565 -0.0287
vn -0.3521 0.9355 0.0283
vn 0.3521 -0.9355 -0.0287
vn -0.4125 0.9105 0.0283
vn 0.4125 -0.9105 -0.0287
vn -0.4712 0.8816 0.0283
vn 0.4712 -0.8816 -0.0287
vn -0.5279 0.8489 0.0283
vn 0.5278 -0.8489 -0.0287
vn -0.5822 0.8125 0.0283
vn 0.5822 -0.8125 -0.0287
vn -0.6341 0.7727 0.0283
vn 0.6341 -0.7727 -0.0287
vn -0.6833 0.7296 0.0283
vn 0.6833 -0.7296 -0.0287
vn -0.7296 0.6833 0.0283
vn 0.7296 -0.6833 -0.0287
vn -0.7727 0.6341 0.0283
vn 0.7727 -0.6341 -0.0287
vn -0.8125 0.5822 0.0283
vn 0.8125 -0.5822 -0.0287
vn -0.8489 0.5279 0.0283
vn 0.8489 -0.5278 -0.0287
vn -0.8816 0.4712 0.0283
vn 0.8816 -0.4712 -0.0287
vn -0.9105 0.4125 0.0283
vn 0.9105 -0.4125 -0.0287
vn -0.9355 0.3521 0.0283
vn 0.9355 -0.3521 -0.0287
vn -0.9566 0.2902 0.0283
vn 0.9565 -0.2902 -0.0287
vn -0.9735 0.2270 0.0283
vn 0.9735 -0.2270 -0.0287
vn -0.9862 0.1628 0.0283
vn 0.9862 -0.1628 -0.0287
vn -0.9948 0.0980 0.0283
vn 0.9948 -0.0980 -0.0287
vn -0.9991 0.0327 0.0283
vn 0.9991 -0.0327 -0.0287
vn -0.9991 -0.0327 0.0283
vn 0.9991 0.0327 -0.0287
vn -0.9948 -0.0980 0.0283
vn 0.9948 0.0980 -0.0287
vn -0.9862 -0.1628 0.0283
vn 0.9862 0.1628 -0.0287
vn -0.9735 -0.2270 0.0283
vn 0.9735 0.2270 -0.0287
vn -0.9566 -0.2902 0.0283
vn 0.9565 0.2902 -0.0287
vn -0.9355 -0.3521 0.0283
vn 0.9355 0.3521 -0.0287
vn -0.9105 -0.4125 0.0283
vn 0.9105 0.4125 -0.0287
vn -0.8816 -0.4712 0.0283
vn 0.8816 0.4712 -0.0287
vn -0.8489 -0.5279 0.0283
vn 0.8489 0.5279 -0.0287
vn -0.8125 -0.5822 0.0283
vn 0.8125 0.5822 -0.0287
vn -0.7727 -0.6341 0.0283
vn 0.7727 0.6341 -0.0287
vn -0.7296 -0.6833 0.0283
vn 0.7296 0.6833 -0.0287
vn -0.6833 -0.7296 0.0283
vn 0.6833 0.7296 -0.0287
vn -0.6341 -0.7727 0.0283
vn 0.6341 0.7727 -0.0287
vn -0.5822 -0.8125 0.0283
vn 0.5822 0.8125 -0.0287
vn -0.5279 -0.8489 0.0283
vn 0.5278 0.8489 -0.0287
vn -0.4712 -0.8816 0.0283
vn 0.4712 0.8816 -0.0287
vn -0.4125 -0.9105 0.0283
vn 0.4125 0.9105 -0.0287
vn -0.3521 -0.9355 0.0283
vn 0.3521 0.9355 -0.0287
vn -0.2902 -0.9566 0.0283
vn 0.2902 0.9565 -0.0287
vn -0.2270 -0.9735 0.0283
vn 0.2270 0.9735 -0.0287
vn -0.1628 -0.9862 0.0283
vn 0.1628 0.9862 -0.0287
vn -0.0980 -0.9948 0.0283
vn 0.0980 0.9948 -0.0287
vn -0.0327 -0.9991 0.0283
vn 0.0327 0.9991 -0.0287
vn 0.0327 -0.9991 0.0283
vn -0.0327 0.9991 -0.0287
vn 0.0980 -0.9948 0.0283
vn -0.0980 0.9948 -0.0287
vn 0.1628 -0.9862 0.0283
vn -0.1628 0.9862 -0.0287
vn 0.2270 -0.9735 0.0283
vn -0.2270 0.9735 -0.0287
vn 0.2902 -0.9566 0.0283
vn -0.2902 0.9565 -0.0287
vn 0.3521 -0.9355 0.0283
vn -0.3521 0.9355 -0.0287
vn 0.4125 -0.9105 0.0283
vn -0.4125 0.9105 -0.0287
vn 0.4712 -0.8816 0.0283
vn -0.4712 0.8816 -0.0287
vn 0.5279 -0.8489 0.0283
vn -0.5278 0.8489 -0.0287
vn 0.5822 -0.8125 0.0283
vn -0.5822 0.8125 -0.0287
vn 0.6341 -0.7727 0.0283
vn -0.6341 0.7727 -0.0287
vn 0.6833 -0.7296 0.0283
vn -0.6833 0.7296 -0.0287
vn 0.7296 -0.6833 0.0283
vn -0.7296 0.6833 -0.0287
vn 0.7727 -0.6341 0.0283
vn -0.7727 0.6341 -0.0287
vn 0.8125 -0.5822 0.0283
vn -0.8125 0.5822 -0.0287
vn 0.8489 -0.5279 0.0283
vn -0.8489 0.5278 -0.0287
vn 0.8816 -0.4712 0.0283
vn -0.8816 0.4712 -0.0287
vn 0.9105 -0.4125 0.0283
vn -0.9105 0.4125 -0.0287
vn 0.9355 -0.3521 0.0283
vn -0.9355 0.3521 -0.0287
vn 0.9566 -0.2902 0.0283
vn -0.9565 0.2902 -0.0287
vn 0.9735 -0.2270 0.0283
vn -0.9735 0.2270 -0.0287
vn 0.9862 -0.1628 0.0283
vn -0.9862 0.1628 -0.0287
vn 0.9948 -0.0980 0.0283
vn -0.9948 0.0980 -0.0287
vn 0.9991 -0.0327 0.0283
vn -0.9991 0.0327 -0.0287
vn -0.0000 -0.0000 -1.0000
vn -0.0000 -0.0000 1.0000
vn -0.0001 -0.0000 1.0000
vn 0.0001 -0.0000 1.0000
vn 0.9995 0.0327 -0.0000
vn 0.9952 0.0980 -0.0000
vn 0.9866 0.1629 -0.0000
vn 0.9739 0.2271 -0.0000
vn 0.9569 0.2903 -0.0000
vn 0.9359 0.3522 -0.0000
vn 0.9109 0.4127 -0.0000
vn 0.8819 0.4714 -0.0000
vn 0.8492 0.5281 -0.0000
vn 0.8128 0.5825 -0.0000
vn 0.7730 0.6344 -0.0000
vn 0.7299 0.6836 -0.0000
vn 0.6836 0.7299 -0.0000
vn 0.6344 0.7730 -0.0000
vn 0.5825 0.8128 -0.0000
vn 0.5281 0.8492 -0.0000
vn 0.4714 0.8819 -0.0000
vn 0.4127 0.9109 -0.0000
vn 0.3523 0.9359 -0.0000
vn 0.2903 0.9569 -0.0000
vn 0.2271 0.9739 -0.0000
vn 0.1629 0.9866 -0.0000
vn 0.0980 0.9952 -0.0000
vn 0.0327 0.9995 -0.0000
vn -0.0327 0.9995 -0.0000
vn -0.0980 0.9952 -0.0000
vn -0.1629 0.9866 -0.0000
vn -0.2271 0.9739 -0.0000
vn -0.2903 0.9569 -0.0000
vn -0.3522 0.9359 -0.0000
vn -0.4127 0.9109 -0.0000
vn -0.4714 0.8819 -0.0000
vn -0.5281 0.8492 -0.0000
vn -0.5825 0.8128 -0.0000
vn -0.6344 0.7730 -0.0000
vn -0.6836 0.7299 -0.0000
vn -0.7299 0.6836 -0.0000
vn -0.7730 0.6344 -0.0000
vn -0.8128 0.5825 -0.0000
vn -0.8492 0.5281 -0.0000
vn -0.8819 0.4714 -0.0000
vn -0.9109 0.4127 -0.0000
vn -0.9359 0.3522 -0.0000
vn -0.9569 0.2903 -0.0000
vn -0.9739 0.2271 -0.0000
vn -0.9866 0.1629 -0.0000
vn -0.9952 0.0980 -0.0000
vn -0.9995 0.0327 -0.0000
vn -0.9995 -0.0327 -0.0000
vn -0.9952 -0.0980 -0.0000
vn -0.9866 -0.1629 -0.0000
vn -0.9739 -0.2271 -0.0000
vn -0.9569 -0.2903 -0.0000
vn -0.9359 -0.3522 -0.0000
vn -0.9109 -0.4127 -0.0000
vn -0.8819 -0.4714 -0.0000
vn -0.8492 -0.5281 -0.0000
vn -0.8128 -0.5825 -0.0000
vn -0.7730 -0.6344 -0.0000
vn -0.7299 -0.6836 -0.0000
vn -0.6836 -0.7299 -0.0000
vn -0.6344 -0.7730 -0.0000
vn -0.5825 -0.8128 -0.0000
vn -0.5281 -0.8492 -0.0000
vn -0.4714 -0.8819 -0.0000
vn -0.4127 -0.9109 -0.0000
vn -0.3523 -0.9359 -0.0000
vn -0.2903 -0.9569 -0.0000
vn -0.2271 -0.9739 -0.0000
vn -0.1629 -0.9866 -0.0000
vn -0.0980 -0.9952 -0.0000
vn -0.0327 -0.9995 -0.0000
vn 0.0327 -0.9995 -0.0000
vn 0.0980 -0.9952 -0.0000
vn 0.1629 -0.9866 -0.0000
vn 0.2271 -0.9739 -0.0000
vn 0.2903 -0.9569 -0.0000
vn 0.3522 -0.9359 -0.0000
vn 0.4127 -0.9109 -0.0000
vn 0.4714 -0.8819 -0.0000
vn 0.5281 -0.8492 -0.0000
vn 0.5825 -0.8128 -0.0000
vn 0.6344 -0.7730 -0.0000
vn 0.6836 -0.7299 -0.0000
vn 0.7299 -0.6836 -0.0000
vn 0.7730 -0.6344 -0.0000
vn 0.8128 -0.5825 -0.0000
vn 0.8492 -0.5281 -0.0000
vn 0.8819 -0.4714 -0.0000
vn 0.9109 -0.4127 -0.0000
vn 0.9359 -0.3522 -0.0000
vn 0.9569 -0.2903 -0.0000
vn 0.9739 -0.2271 -0.0000
vn 0.9866 -0.1629 -0.0000
vn 0.9952 -0.0980 -0.0000
vn 0.9995 -0.0327 -0.0000
vn -0.9359 -0.3523 -0.0000
vn 0.3523 -0.9359 -0.0000
vn 0.9359 -0.3523 -0.0000
vn 0.9359 0.3523 -0.0000
vn 0.3522 0.9359 -0.0000
vn -0.3523 0.9359 -0.0000
vn -0.9359 0.3523 -0.0000
vn -0.0001 -0.0000 -1.0000
vn 0.0001 -0.0000 -1.0000
vn -0.3522 -0.9359 -0.0000
vn 0.8487 0.5277 0.0347
vn 0.5277 0.8487 0.0347
vn -0.8487 0.5277 0.0347
vn -0.9861 0.1628 0.0347
vn -0.8487 -0.5277 0.0347
vn -0.5277 -0.8487 0.0347
vn 0.8487 -0.5277 0.0347
vn 0.9861 -0.1628 0.0347
vn -0.8489 -0.5278 -0.0287
vn -0.5279 -0.8489 -0.0287
vn 0.5279 -0.8489 -0.0287
vn 0.8489 0.5278 -0.0287
vn 0.5279 0.8489 -0.0287
vn -0.5279 0.8489 -0.0287
vn 0.0002 -0.0000 1.0000
vn -0.0002 -0.0000 1.0000
vn -0.8129 -0.5825 -0.0000
vn 0.8129 -0.5825 -0.0000
vn 0.8129 0.5825 -0.0000
vn -0.8129 0.5825 -0.0000
s 0
usemtl tower_paint
f 2//1 193//1 1//1
f 97//2 290//2 98//2
f 3//3 194//3 2//3
f 98//4 291//4 99//4
f 4//5 195//5 3//5
f 99//6 292//6 100//6
f 5//7 196//7 4//7
f 100//8 293//8 101//8
f 6//9 197//9 5//9
f 101//10 294//10 102//10
f 7//11 198//11 6//11
f 102//12 295//12 103//12
f 8//13 199//13 7//13
f 103//14 296//14 104//14
f 9//15 200//15 8//15
f 104//16 297//16 105//16
f 10//17 201//17 9//17
f 105//18 298//18 106//18
f 11//19 202//19 10//19
f 106//20 299//20 107//20
f 12//21 203//21 11//21
f 107//22 300//22 108//22
f 13//23 204//23 12//23
f 108//24 301//24 109//24
f 14//25 205//25 13//25
f 109//26 302//26 110//26
f 15//27 206//27 14//27
f 111//28 302//28 303//28
f 16//29 207//29 15//29
f 111//30 304//30 112//30
f 17//31 208//31 16//31
f 112//32 305//32 113//32
f 18//33 209//33 17//33
f 113//34 306//34 114//34
f 19//35 210//35 18//35
f 114//36 307//36 115//36
f 20//37 211//37 19//37
f 115//38 308//38 116//38
f 21//39 212//39 20//39
f 116//40 309//40 117//40
f 22//41 213//41 21//41
f 117//42 310//42 118//42
f 23//43 214//43 22//43
f 118//44 311//44 119//44
f 24//45 215//45 23//45
f 119//46 312//46 120//46
f 25//47 216//47 24//47
f 120//48 313//48 121//48
f 26//49 217//49 25//49
f 121//50 314//50 122//50
f 27//51 218//51 26//51
f 122//52 315//52 123//52
f 28//53 219//53 27//53
f 123//54 316//54 124//54
f 29//55 220//55 28//55
f 124//56 317//56 125//56
f 30//57 221//57 29//57
f 125//58 318//58 126//58
f 31//59 222//59 30//59
f 126//60 319//60 127//60
f 32//61 223//61 31//61
f 127//62 320//62 128//62
f 33//63 224//63 32//63
f 128//64 321//64 129//64
f 34//65 225//65 33//65
f 129//66 322//66 130//66
f 35//67 226//67 34//67
f 130//68 323//68 131//68
f 36//69 227//69 35//69
f 131//70 324//70 132//70
f 37//71 228//71 36//71
f 132//72 325//72 133//72
f 38//73 229//73 37//73
f 133//74 326//74 134//74
f 39//75 230//75 38//75
f 135//76 326//76 327//76
f 40//77 231//77 39//77
f 135//78 328//78 136//78
f 41//79 232//79 40//79
f 136//80 329//80 137//80
f 42//81 233//81 41//81
f 137//82 330//82 138//82
f 43//83 234//83 42//83
f 138//84 331//84 139//84
f 44//85 235//85 43//85
f 139//86 332//86 140//86
f 45//87 236//87 44//87
f 140//88 333//88 141//88
f 46//89 237//89 45//89
f 141//90 334//90 142//90
f 47//91 238//91 46//91
f 142//92 335//92 143//92
f 48//93 239//93 47//93
f 143//94 336//94 144//94
f 49//95 240//95 48//95
f 144//96 337//96 145//96
f 50//97 241//97 49//97
f 145//98 338//98 146//98
f 51//99 242//99 50//99
f 146//100 339//100 147//100
f 52//101 243//101 51//101
f 147//102 340//102 148//102
f 53//103 244//103 52//103
f 148//104 341//104 149//104
f 54//105 245//105 53//105
f 149//106 342//106 150//106
f 55//107 246//107 54//107
f 150//108 343//108 151//108
f 56//109 247//109 55//109
f 151//110 344//110 152//110
f 57//111 248//111 56//111
f 152//112 345//112 153//112
f 58//113 249//113 57//113
f 153//114 346//114 154//114
f 59//115 250//115 58//115
f 154//116 347//116 155//116
f 60//117 251//117 59//117
f 155//118 348//118 156//118
f 61//119 252//119 60//119
f 156//120 349//120 157//120
f 62//121 253//121 61//121
f 157//122 350//122 158//122
f 63//123 254//123 62//123
f 159//124 350//124 351//124
f 64//125 255//125 63//125
f 159//126 352//126 160//126
f 65//127 256//127 64//127
f 160//128 353//128 161//128
f 66//129 257//129 65//129
f 161//130 354//130 162//130
f 67//131 258//131 66//131
f 162//132 355//132 163//132
f 68//133 259//133 67//133
f 163//134 356//134 164//134
f 69//135 260//135 68//135
f 164//136 357//136 165//136
f 70//137 261//137 69//137
f 165//138 358//138 166//138
f 71//139 262//139 70//139
f 166//140 359//140 167//140
f 72//141 263//141 71//141
f 167//142 360//142 168//142
f 73//143 264//143 72//143
f 168//144 361//144 169//144
f 74//145 265//145 73//145
f 169//146 362//146 170//146
f 75//147 266//147 74//147
f 170//148 363//148 171//148
f 76//149 267//149 75//149
f 171//150 364//150 172//150
f 77//151 268//151 76//151
f 172//152 365//152 173//152
f 78//153 269//153 77//153
f 173//154 366//154 174//154
f 79//155 270//155 78//155
f 174//156 367//156 175//156
f 80//157 271//157 79//157
f 175//158 368//158 176//158
f 81//159 272//159 80//159
f 176//160 369//160 177//160
f 82//161 273//161 81//161
f 177//162 370//162 178//162
f 83//163 274//163 82//163
f 178//164 371//164 179//164
f 84//165 275//165 83//165
f 179//166 372//166 180//166
f 85//167 276//167 84//167
f 180//168 373//168 181//168
f 86//169 277//169 85//169
f 181//170 374//170 182//170
f 87//171 278//171 86//171
f 183//172 374//172 375//172
f 88//173 279//173 87//173
f 183//174 376//174 184//174
f 89//175 280//175 88//175
f 184//176 377//176 185//176
f 90//177 281//177 89//177
f 185//178 378//178 186//178
f 91//179 282//179 90//179
f 186//180 379//180 187//180
f 92//181 283//181 91//181
f 187//182 380//182 188//182
f 93//183 284//183 92//183
f 188//184 381//184 189//184
f 94//185 285//185 93//185
f 189//186 382//186 190//186
f 95//187 286//187 94//187
f 190//188 383//188 191//188
f 96//189 287//189 95//189
f 191//190 384//190 192//190
f 1//191 288//191 96//191
f 192//192 289//192 97//192
f 194//193 385//193 193//193
f 289//194 482//194 290//194
f 195//195 386//195 194//195
f 290//196 483//196 291//196
f 196//197 387//197 195//197
f 291//198 484//198 292//198
f 197//199 388//199 196//199
f 292//200 485//200 293//200
f 198//201 389//201 197//201
f 293//202 486//202 294//202
f 199//203 390//203 198//203
f 294//204 487//204 295//204
f 200//205 391//205 199//205
f 295//206 488//206 296//206
f 201//207 392//207 200//207
f 296//208 489//208 297//208
f 202//209 393//209 201//209
f 297//210 490//210 298//210
f 203//211 394//211 202//211
f 298//212 491//212 299//212
f 204//213 395//213 203//213
f 299//214 492//214 300//214
f 205//215 396//215 204//215
f 300//216 493//216 301//216
f 206//217 397//217 205//217
f 301//218 494//218 302//218
f 207//219 398//219 206//219
f 302//220 495//220 303//220
f 208//221 399//221 207//221
f 303//222 496//222 304//222
f 209//223 400//223 208//223
f 304//224 497//224 305//224
f 210//225 401//225 209//225
f 305//226 498//226 306//226
f 211//227 402//227 210//227
f 306//228 499//228 307//228
f 212//229 403//229 211//229
f 307//230 500//230 308//230
f 213//231 404//231 212//231
f 308//232 501//232 309//232
f 214//233 405//233 213//233
f 309//234 502//234 310//234
f 215//235 406//235 214//235
f 310//236 503//236 311//236
f 216//237 407//237 215//237
f 311//238 504//238 312//238
f 217//239 408//239 216//239
f 312//240 505//240 313//240
f 218//241 409//241 217//241
f 313//242 506//242 314//242
f 219//243 410//243 218//243
f 314//244 507//244 315//244
f 220//245 411//245 219//245
f 315//246 508//246 316//246
f 221//247 412//247 220//247
f 316//248 509//248 317//248
f 222//249 413//249 221//249
f 317//250 510//250 318//250
f 223//251 414//251 222//251
f 318//252 511//252 319//252
f 224//253 415//253 223//253
f 319//254 512//254 320//254
f 225//255 416//255 224//255
f 320//256 513//256 321//256
f 226//257 417//257 225//257
f 321//258 514//258 322//258
f 227//259 418//259 226//259
f 322//260 515//260 323//260
f 228//261 419//261 227//261
f 323//262 516//262 324//262
f 229//263 420//263 228//263
f 324//264 517//264 325//264
f 230//265 421//265 229//265
f 325//266 518//266 326//266
f 231//267 422//267 230//267
f 326//268 519//268 327//268
f 232//269 423//269 231//269
f 327//270 520//270 328//270
f 233//271 424//271 232//271
f 328//272 521//272 329//272
f 234//273 425//273 233//273
f 329//274 522//274 330//274
f 235//275 426//275 234//275
f 330//276 523//276 331//276
f 236//277 427//277 235//277
f 331//278 524//278 332//278
f 237//279 428//279 236//279
f 332//280 525//280 333//280
f 238//281 429//281 237//281
f 333//282 526//282 334//282
f 239//283 430//283 238//283
f 334//284 527//284 335//284
f 240//285 431//285 239//285
f 335//286 528//286 336//286
f 241//287 432//287 240//287
f 336//288 529//288 337//288
f 242//289 433//289 241//289
f 337//290 530//290 338//290
f 243//291 434//291 242//291
f 338//292 531//292 339//292
f 244//293 435//293 243//293
f 339//294 532//294 340//294
f 245//295 436//295 244//295
f 340//296 533//296 341//296
f 246//297 437//297 245//297
f 341//298 534//298 342//298
f 247//299 438//299 246//299
f 342//300 535//300 343//300
f 248//301 439//301 247//301
f 343//302 536//302 344//302
f 249//303 440//303 248//303
f 344//304 537//304 345//304
f 250//305 441//305 249//305
f 345//306 538//306 346//306
f 251//307 442//307 250//307
f 346//308 539//308 347//308
f 252//309 443//309 251//309
f 347//310 540//310 348//310
f 253//311 444//311 252//311
f 348//312 541//312 349//312
f 254//313 445//313 253//313
f 349//314 542//314 350//314
f 255//315 446//315 254//315
f 350//316 543//316 351//316
f 256//317 447//317 255//317
f 351//318 544//318 352//318
f 257//319 448//319 256//319
f 352//320 545//320 353//320
f 258//321 449//321 257//321
f 353//322 546//322 354//322
f 259//323 450//323 258//323
f 354//324 547//324 355//324
f 260//325 451//325 259//325
f 355//326 548//326 356//326
f 261//327 452//327 260//327
f 356//328 549//328 357//328
f 262//329 453//329 261//329
f 357//330 550//330 358//330
f 263//331 454//331 262//331
f 358//332 551//332 359//332
f 264//333 455//333 263//333
f 359//334 552//334 360//334
f 265//335 456//335 264//335
f 360//336 553//336 361//336
f 266//337 457//337 265//337
f 361//338 554//338 362//338
f 267//339 458//339 266//339
f 362//340 555//340 363//340
f 268//341 459//341 267//341
f 363//342 556//342 364//342
f 269//343 460//343 268//343
f 364//344 557//344 365//344
f 270//345 461//345 269//345
f 365//346 558//346 366//346
f 271//347 462//347 270//347
f 366//348 559//348 367//348
f 272//349 463//349 271//349
f 367//350 560//350 368//350
f 273//351 464//351 272//351
f 368//352 561//352 369//352
f 274//353 465//353 273//353
f 369//354 562//354 370//354
f 275//355 466//355 274//355
f 370//356 563//356 371//356
f 276//357 467//357 275//357
f 371//358 564//358 372//358
f 277//359 468//359 276//359
f 372//360 565//360 373//360
f 278//361 469//361 277//361
f 373//362 566//362 374//362
f 279//363 470//363 278//363
f 374//364 567//364 375//364
f 280//365 471//365 279//365
f 375//366 568//366 376//366
f 281//367 472//367 280//367
f 376//368 569//368 377//368
f 282//369 473//369 281//369
f 377//370 570//370 378//370
f 283//371 474//371 282//371
f 378//372 571//372 379//372
f 284//373 475//373 283//373
f 379//374 572//374 380//374
f 285//375 476//375 284//375
f 380//376 573//376 381//376
f 286//377 477//377 285//377
f 381//378 574//378 382//378
f 287//379 478//379 286//379
f 382//380 575//380 383//380
f 288//381 479//381 287//381
f 383//382 576//382 384//382
f 193//383 480//383 288//383
f 384//384 481//384 289//384
f 1//385 98//385 2//385
f 386//386 481//386 385//386
f 3//385 98//385 99//385
f 387//387 482//387 386//387
f 3//385 100//385 4//385
f 388//387 483//387 387//387
f 4//385 101//385 5//385
f 389//388 484//388 388//388
f 5//385 102//385 6//385
f 390//386 485//386 389//386
f 7//385 102//385 103//385
f 390//386 487//386 486//386
f 7//385 104//385 8//385
f 392//386 487//386 391//386
f 8//385 105//385 9//385
f 393//387 488//387 392//387
f 9//385 106//385 10//385
f 393//386 490//386 489//386
f 10//385 107//385 11//385
f 394//386 491//386 490//386
f 12//385 107//385 108//385
f 395//386 492//386 491//386
f 12//385 109//385 13//385
f 397//386 492//386 396//386
f 13//385 110//385 14//385
f 397//387 494//387 493//387
f 14//385 111//385 15//385
f 399//386 494//386 398//386
f 16//385 111//385 112//385
f 400//386 495//386 399//386
f 17//385 112//385 113//385
f 401//386 496//386 400//386
f 18//385 113//385 114//385
f 401//386 498//386 497//386
f 18//385 115//385 19//385
f 402//386 499//386 498//386
f 19//385 116//385 20//385
f 404//386 499//386 403//386
f 20//385 117//385 21//385
f 404//386 501//386 500//386
f 22//385 117//385 118//385
f 405//386 502//386 501//386
f 22//385 119//385 23//385
f 407//386 502//386 406//386
f 23//385 120//385 24//385
f 408//386 503//386 407//386
f 24//385 121//385 25//385
f 408//386 505//386 504//386
f 25//385 122//385 26//385
f 410//386 505//386 409//386
f 27//385 122//385 123//385
f 411//386 506//386 410//386
f 27//385 124//385 28//385
f 412//386 507//386 411//386
f 28//385 125//385 29//385
f 413//386 508//386 412//386
f 29//385 126//385 30//385
f 414//386 509//386 413//386
f 31//385 126//385 127//385
f 414//386 511//386 510//386
f 31//385 128//385 32//385
f 416//386 511//386 415//386
f 32//385 129//385 33//385
f 417//386 512//386 416//386
f 33//385 130//385 34//385
f 417//386 514//386 513//386
f 34//385 131//385 35//385
f 418//386 515//386 514//386
f 36//385 131//385 132//385
f 419//386 516//386 515//386
f 36//385 133//385 37//385
f 421//386 516//386 420//386
f 37//385 134//385 38//385
f 421//387 518//387 517//387
f 38//385 135//385 39//385
f 423//386 518//386 422//386
f 40//385 135//385 136//385
f 424//386 519//386 423//386
f 41//385 136//385 137//385
f 425//386 520//386 424//386
f 42//385 137//385 138//385
f 425//386 522//386 521//386
f 42//385 139//385 43//385
f 426//388 523//388 522//388
f 43//385 140//385 44//385
f 428//386 523//386 427//386
f 44//385 141//385 45//385
f 428//386 525//386 524//386
f 46//385 141//385 142//385
f 429//386 526//386 525//386
f 46//385 143//385 47//385
f 431//388 526//388 430//388
f 47//385 144//385 48//385
f 432//388 527//388 431//388
f 48//385 145//385 49//385
f 432//386 529//386 528//386
f 49//385 146//385 50//385
f 434//386 529//386 433//386
f 51//385 146//385 147//385
f 435//388 530//388 434//388
f 51//385 148//385 52//385
f 436//388 531//388 435//388
f 52//385 149//385 53//385
f 437//387 532//387 436//387
f 53//385 150//385 54//385
f 438//386 533//386 437//386
f 55//385 150//385 151//385
f 438//386 535//386 534//386
f 55//385 152//385 56//385
f 440//386 535//386 439//386
f 56//385 153//385 57//385
f 441//388 536//388 440//388
f 57//385 154//385 58//385
f 441//386 538//386 537//386
f 58//385 155//385 59//385
f 442//386 539//386 538//386
f 60//385 155//385 156//385
f 443//386 540//386 539//386
f 60//385 157//385 61//385
f 445//386 540//386 444//386
f 61//385 158//385 62//385
f 445//388 542//388 541//388
f 62//385 159//385 63//385
f 447//386 542//386 446//386
f 64//385 159//385 160//385
f 448//386 543//386 447//386
f 65//385 160//385 161//385
f 449//386 544//386 448//386
f 66//385 161//385 162//385
f 449//386 546//386 545//386
f 66//385 163//385 67//385
f 450//386 547//386 546//386
f 67//385 164//385 68//385
f 452//386 547//386 451//386
f 68//385 165//385 69//385
f 452//386 549//386 548//386
f 70//385 165//385 166//385
f 453//386 550//386 549//386
f 70//385 167//385 71//385
f 455//386 550//386 454//386
f 71//385 168//385 72//385
f 456//386 551//386 455//386
f 72//385 169//385 73//385
f 456//386 553//386 552//386
f 73//385 170//385 74//385
f 458//386 553//386 457//386
f 75//385 170//385 171//385
f 459//386 554//386 458//386
f 75//385 172//385 76//385
f 460//386 555//386 459//386
f 76//385 173//385 77//385
f 461//386 556//386 460//386
f 77//385 174//385 78//385
f 462//386 557//386 461//386
f 79//385 174//385 175//385
f 462//386 559//386 558//386
f 79//385 176//385 80//385
f 464//386 559//386 463//386
f 80//385 177//385 81//385
f 465//386 560//386 464//386
f 81//385 178//385 82//385
f 465//386 562//386 561//386
f 82//385 179//385 83//385
f 466//386 563//386 562//386
f 84//385 179//385 180//385
f 467//386 564//386 563//386
f 84//385 181//385 85//385
f 469//386 564//386 468//386
f 85//385 182//385 86//385
f 469//388 566//388 565//388
f 86//385 183//385 87//385
f 471//386 566//386 470//386
f 88//385 183//385 184//385
f 472//386 567//386 471//386
f 89//385 184//385 185//385
f 473//386 568//386 472//386
f 90//385 185//385 186//385
f 473//386 570//386 569//386
f 90//385 187//385 91//385
f 474//387 571//387 570//387
f 91//385 188//385 92//385
f 476//386 571//386 475//386
f 92//385 189//385 93//385
f 476//386 573//386 572//386
f 94//385 189//385 190//385
f 477//386 574//386 573//386
f 94//385 191//385 95//385
f 479//387 574//387 478//387
f 95//385 192//385 96//385
f 480//387 575//387 479//387
f 96//385 97//385 1//385
f 480//386 481//386 576//386
f 2//1 194//1 193//1
f 97//2 289//2 290//2
f 3//3 195//3 194//3
f 98//4 290//4 291//4
f 4//5 196//5 195//5
f 99//6 291//6 292//6
f 5//7 197//7 196//7
f 100//8 292//8 293//8
f 6//9 198//9 197//9
f 101//10 293//10 294//10
f 7//11 199//11 198//11
f 102//12 294//12 295//12
f 8//13 200//13 199//13
f 103//14 295//14 296//14
f 9//15 201//15 200//15
f 104//16 296//16 297//16
f 10//495 202//495 201//495
f 105//18 297//18 298//18
f 11//19 203//19 202//19
f 106//20 298//20 299//20
f 12//21 204//21 203//21
f 107//22 299//22 300//22
f 13//23 205//23 204//23
f 108//24 300//24 301//24
f 14//25 206//25 205//25
f 109//26 301//26 302//26
f 15//27 207//27 206//27
f 111//28 110//28 302//28
f 16//29 208//29 207//29
f 111//30 303//30 304//30
f 17//496 209//496 208//496
f 112//32 304//32 305//32
f 18//33 210//33 209//33
f 113//34 305//34 306//34
f 19//35 211//35 210//35
f 114//36 306//36 307//36
f 20//37 212//37 211//37
f 115//38 307//38 308//38
f 21//39 213//39 212//39
f 116//40 308//40 309//40
f 22//41 214//41 213//41
f 117//42 309//42 310//42
f 23//43 215//43 214//43
f 118//44 310//44 311//44
f 24//45 216//45 215//45
f 119//46 311//46 312//46
f 25//47 217//47 216//47
f 120//48 312//48 313//48
f 26//49 218//49 217//49
f 121//50 313//50 314//50
f 27//51 219//51 218//51
f 122//52 314//52 315//52
f 28//53 220//53 219//53
f 123//54 315//54 316//54
f 29//55 221//55 220//55
f 124//56 316//56 317//56
f 30//57 222//57 221//57
f 125//58 317//58 318//58
f 31//59 223//59 222//59
f 126//60 318//60 319//60
f 32//61 224//61 223//61
f 127//62 319//62 320//62
f 33//63 225//63 224//63
f 128//64 320//64 321//64
f 34//65 226//65 225//65
f 129//66 321//66 322//66
f 35//67 227//67 226//67
f 130//68 322//68 323//68
f 36//69 228//69 227//69
f 131//70 323//70 324//70
f 37//71 229//71 228//71
f 132//72 324//72 325//72
f 38//73 230//73 229//73
f 133//74 325//74 326//74
f 39//75 231//75 230//75
f 135//76 134//76 326//76
f 40//77 232//77 231//77
f 135//78 327//78 328//78
f 41//497 233//497 232//497
f 136//80 328//80 329//80
f 42//81 234//81 233//81
f 137//82 329//82 330//82
f 43//83 235//83 234//83
f 138//84 330//84 331//84
f 44//85 236//85 235//85
f 139//86 331//86 332//86
f 45//87 237//87 236//87
f 140//88 332//88 333//88
f 46//89 238//89 237//89
f 141//90 333//90 334//90
f 47//498 239//498 238//498
f 142//92 334//92 335//92
f 48//93 240//93 239//93
f 143//94 335//94 336//94
f 49//95 241//95 240//95
f 144//96 336//96 337//96
f 50//97 242//97 241//97
f 145//98 337//98 338//98
f 51//99 243//99 242//99
f 146//100 338//100 339//100
f 52//101 244//101 243//101
f 147//102 339//102 340//102
f 53//103 245//103 244//103
f 148//104 340//104 341//104
f 54//105 246//105 245//105
f 149//106 341//106 342//106
f 55//107 247//107 246//107
f 150//108 342//108 343//108
f 56//109 248//109 247//109
f 151//110 343//110 344//110
f 57//111 249//111 248//111
f 152//112 344//112 345//112
f 58//499 250//499 249//499
f 153//114 345//114 346//114
f 59//115 251//115 250//115
f 154//116 346//116 347//116
f 60//117 252//117 251//117
f 155//118 347//118 348//118
f 61//119 253//119 252//119
f 156//120 348//120 349//120
f 62//121 254//121 253//121
f 157//122 349//122 350//122
f 63//123 255//123 254//123
f 159//124 158//124 350//124
f 64//125 256//125 255//125
f 159//126 351//126 352//126
f 65//500 257//500 256//500
f 160//128 352//128 353//128
f 66//129 258//129 257//129
f 161//130 353//130 354//130
f 67//131 259//131 258//131
f 162//132 354//132 355//132
f 68//133 260//133 259//133
f 163//134 355//134 356//134
f 69//135 261//135 260//135
f 164//136 356//136 357//136
f 70//137 262//137 261//137
f 165//138 357//138 358//138
f 71//139 263//139 262//139
f 166//140 358//140 359//140
f 72//141 264//141 263//141
f 167//142 359//142 360//142
f 73//143 265//143 264//143
f 168//144 360//144 361//144
f 74//145 266//145 265//145
f 169//146 361//146 362//146
f 75//147 267//147 266//147
f 170//148 362//148 363//148
f 76//149 268//149 267//149
f 171//150 363//150 364//150
f 77//151 269//151 268//151
f 172//152 364//152 365//152
f 78//153 270//153 269//153
f 173//154 365//154 366//154
f 79//155 271//155 270//155
f 174//156 366//156 367//156
f 80//157 272//157 271//157
f 175//158 367//158 368//158
f 81//159 273//159 272//159
f 176//160 368//160 369//160
f 82//161 274//161 273//161
f 177//162 369//162 370//162
f 83//163 275//163 274//163
f 178//164 370//164 371//164
f 84//165 276//165 275//165
f 179//166 371//166 372//166
f 85//167 277//167 276//167
f 180//168 372//168 373//168
f 86//169 278//169 277//169
f 181//170 373//170 374//170
f 87//171 279//171 278//171
f 183//172 182//172 374//172
f 88//173 280//173 279//173
f 183//174 375//174 376//174
f 89//501 281//501 280//501
f 184//176 376//176 377//176
f 90//177 282//177 281//177
f 185//178 377//178 378//178
f 91//179 283//179 282//179
f 186//180 378//180 379//180
f 92//181 284//181 283//181
f 187//182 379//182 380//182
f 93//183 285//183 284//183
f 188//184 380//184 381//184
f 94//185 286//185 285//185
f 189//186 381//186 382//186
f 95//502 287//502 286//502
f 190//188 382//188 383//188
f 96//189 288//189 287//189
f 191//190 383//190 384//190
f 1//191 193//191 288//191
f 192//192 384//192 289//192
f 194//193 386//193 385//193
f 289//194 481//194 482//194
f 195//195 387//195 386//195
f 290//196 482//196 483//196
f 196//197 388//197 387//197
f 291//198 483//198 484//198
f 197//199 389//199 388//199
f 292//200 484//200 485//200
f 198//201 390//201 389//201
f 293//202 485//202 486//202
f 199//203 391//203 390//203
f 294//204 486//204 487//204
f 200//205 392//205 391//205
f 295//206 487//206 488//206
f 201//207 393//207 392//207
f 296//208 488//208 489//208
f 202//209 394//209 393//209
f 297//503 489//503 490//503
f 203//211 395//211 394//211
f 298//212 490//212 491//212
f 204//213 396//213 395//213
f 299//214 491//214 492//214
f 205//215 397//215 396//215
f 300//216 492//216 493//216
f 206//217 398//217 397//217
f 301//218 493//218 494//218
f 207//219 399//219 398//219
f 302//220 494//220 495//220
f 208//221 400//221 399//221
f 303//222 495//222 496//222
f 209//223 401//223 400//223
f 304//504 496//504 497//504
f 210//225 402//225 401//225
f 305//226 497//226 498//226
f 211//227 403//227 402//227
f 306//228 498//228 499//228
f 212//229 404//229 403//229
f 307//230 499//230 500//230
f 213//231 405//231 404//231
f 308//232 500//232 501//232
f 214//233 406//233 405//233
f 309//234 501//234 502//234
f 215//235 407//235 406//235
f 310//236 502//236 503//236
f 216//237 408//237 407//237
f 311//238 503//238 504//238
f 217//239 409//239 408//239
f 312//240 504//240 505//240
f 218//241 410//241 409//241
f 313//242 505//242 506//242
f 219//243 411//243 410//243
f 314//244 506//244 507//244
f 220//245 412//245 411//245
f 315//246 507//246 508//246
f 221//247 413//247 412//247
f 316//248 508//248 509//248
f 222//249 414//249 413//249
f 317//250 509//250 510//250
f 223//251 415//251 414//251
f 318//252 510//252 511//252
f 224//253 416//253 415//253
f 319//254 511//254 512//254
f 225//255 417//255 416//255
f 320//256 512//256 513//256
f 226//257 418//257 417//257
f 321//505 513//505 514//505
f 227//259 419//259 418//259
f 322//260 514//260 515//260
f 228//261 420//261 419//261
f 323//262 515//262 516//262
f 229//263 421//263 420//263
f 324//264 516//264 517//264
f 230//265 422//265 421//265
f 325//266 517//266 518//266
f 231//267 423//267 422//267
f 326//268 518//268 519//268
f 232//269 424//269 423//269
f 327//270 519//270 520//270
f 233//271 425//271 424//271
f 328//272 520//272 521//272
f 234//273 426//273 425//273
f 329//274 521//274 522//274
f 235//275 427//275 426//275
f 330//276 522//276 523//276
f 236//277 428//277 427//277
f 331//278 523//278 524//278
f 237//279 429//279 428//279
f 332//280 524//280 525//280
f 238//281 430//281 429//281
f 333//282 525//282 526//282
f 239//283 431//283 430//283
f 334//284 526//284 527//284
f 240//285 432//285 431//285
f 335//286 527//286 528//286
f 241//287 433//287 432//287
f 336//288 528//288 529//288
f 242//289 434//289 433//289
f 337//290 529//290 530//290
f 243//291 435//291 434//291
f 338//292 530//292 531//292
f 244//293 436//293 435//293
f 339//294 531//294 532//294
f 245//295 437//295 436//295
f 340//296 532//296 533//296
f 246//297 438//297 437//297
f 341//298 533//298 534//298
f 247//299 439//299 438//299
f 342//300 534//300 535//300
f 248//301 440//301 439//301
f 343//302 535//302 536//302
f 249//303 441//303 440//303
f 344//304 536//304 537//304
f 250//305 442//305 441//305
f 345//506 537//506 538//506
f 251//307 443//307 442//307
f 346//308 538//308 539//308
f 252//309 444//309 443//309
f 347//310 539//310 540//310
f 253//311 445//311 444//311
f 348//312 540//312 541//312
f 254//313 446//313 445//313
f 349//314 541//314 542//314
f 255//315 447//315 446//315
f 350//316 542//316 543//316
f 256//317 448//317 447//317
f 351//318 543//318 544//318
f 257//319 449//319 448//319
f 352//507 544//507 545//507
f 258//321 450//321 449//321
f 353//322 545//322 546//322
f 259//323 451//323 450//323
f 354//324 546//324 547//324
f 260//325 452//325 451//325
f 355//326 547//326 548//326
f 261//327 453//327 452//327
f 356//328 548//328 549//328
f 262//329 454//329 453//329
f 357//330 549//330 550//330
f 263//331 455//331 454//331
f 358//332 550//332 551//332
f 264//333 456//333 455//333
f 359//334 551//334 552//334
f 265//335 457//335 456//335
f 360//336 552//336 553//336
f 266//337 458//337 457//337
f 361//338 553//338 554//338
f 267//339 459//339 458//339
f 362//340 554//340 555//340
f 268//341 460//341 459//341
f 363//342 555//342 556//342
f 269//343 461//343 460//343
f 364//344 556//344 557//344
f 270//345 462//345 461//345
f 365//346 557//346 558//346
f 271//347 463//347 462//347
f 366//348 558//348 559//348
f 272//349 464//349 463//349
f 367//350 559//350 560//350
f 273//351 465//351 464//351
f 368//352 560//352 561//352
f 274//353 466//353 465//353
f 369//508 561//508 562//508
f 275//355 467//355 466//355
f 370//356 562//356 563//356
f 276//357 468//357 467//357
f 371//358 563//358 564//358
f 277//359 469//359 468//359
f 372//360 564//360 565//360
f 278//361 470//361 469//361
f 373//362 565//362 566//362
f 279//363 471//363 470//363
f 374//364 566//364 567//364
f 280//365 472//365 471//365
f 375//366 567//366 568//366
f 281//367 473//367 472//367
f 376//368 568//368 569//368
f 282//369 474//369 473//369
f 377//370 569//370 570//370
f 283//371 475//371 474//371
f 378//372 570//372 571//372
f 284//373 476//373 475//373
f 379//374 571//374 572//374
f 285//375 477//375 476//375
f 380//376 572//376 573//376
f 286//377 478//377 477//377
f 381//378 573//378 574//378
f 287//379 479//379 478//379
f 382//380 574//380 575//380
f 288//381 480//381 479//381
f 383//382 575//382 576//382
f 193//383 385//383 480//383
f 384//384 576//384 481//384
f 1//385 97//385 98//385
f 386//386 482//386 481//386
f 3//385 2//385 98//385
f 387//386 483//386 482//386
f 3//385 99//385 100//385
f 388//509 484//509 483//509
f 4//385 100//385 101//385
f 389//386 485//386 484//386
f 5//385 101//385 102//385
f 390//386 486//386 485//386
f 7//385 6//385 102//385
f 390//386 391//386 487//386
f 7//385 103//385 104//385
f 392//387 488//387 487//387
f 8//385 104//385 105//385
f 393//386 489//386 488//386
f 9//385 105//385 106//385
f 393//386 394//386 490//386
f 10//385 106//385 107//385
f 394//386 395//386 491//386
f 12//385 11//385 107//385
f 395//386 396//386 492//386
f 12//385 108//385 109//385
f 397//388 493//388 492//388
f 13//385 109//385 110//385
f 397//386 398//386 494//386
f 14//385 110//385 111//385
f 399//386 495//386 494//386
f 16//385 15//385 111//385
f 400//386 496//386 495//386
f 17//385 16//385 112//385
f 401//386 497//386 496//386
f 18//385 17//385 113//385
f 401//386 402//386 498//386
f 18//385 114//385 115//385
f 402//386 403//386 499//386
f 19//385 115//385 116//385
f 404//386 500//386 499//386
f 20//385 116//385 117//385
f 404//386 405//386 501//386
f 22//385 21//385 117//385
f 405//386 406//386 502//386
f 22//385 118//385 119//385
f 407//386 503//386 502//386
f 23//385 119//385 120//385
f 408//386 504//386 503//386
f 24//385 120//385 121//385
f 408//386 409//386 505//386
f 25//385 121//385 122//385
f 410//386 506//386 505//386
f 27//385 26//385 122//385
f 411//386 507//386 506//386
f 27//385 123//385 124//385
f 412//386 508//386 507//386
f 28//385 124//385 125//385
f 413//386 509//386 508//386
f 29//385 125//385 126//385
f 414//386 510//386 509//386
f 31//385 30//385 126//385
f 414//386 415//386 511//386
f 31//385 127//385 128//385
f 416//386 512//386 511//386
f 32//385 128//385 129//385
f 417//386 513//386 512//386
f 33//385 129//385 130//385
f 417//386 418//386 514//386
f 34//385 130//385 131//385
f 418//386 419//386 515//386
f 36//385 35//385 131//385
f 419//386 420//386 516//386
f 36//385 132//385 133//385
f 421//388 517//388 516//388
f 37//385 133//385 134//385
f 421//386 422//386 518//386
f 38//385 134//385 135//385
f 423//386 519//386 518//386
f 40//385 39//385 135//385
f 424//386 520//386 519//386
f 41//385 40//385 136//385
f 425//386 521//386 520//386
f 42//385 41//385 137//385
f 425//388 426//388 522//388
f 42//385 138//385 139//385
f 426//386 427//386 523//386
f 43//385 139//385 140//385
f 428//386 524//386 523//386
f 44//385 140//385 141//385
f 428//386 429//386 525//386
f 46//385 45//385 141//385
f 429//387 430//387 526//387
f 46//385 142//385 143//385
f 431//386 527//386 526//386
f 47//385 143//385 144//385
f 432//386 528//386 527//386
f 48//385 144//385 145//385
f 432//386 433//386 529//386
f 49//385 145//385 146//385
f 434//386 530//386 529//386
f 51//385 50//385 146//385
f 435//386 531//386 530//386
f 51//385 147//385 148//385
f 436//510 532//510 531//510
f 52//385 148//385 149//385
f 437//386 533//386 532//386
f 53//385 149//385 150//385
f 438//386 534//386 533//386
f 55//385 54//385 150//385
f 438//386 439//386 535//386
f 55//385 151//385 152//385
f 440//388 536//388 535//388
f 56//385 152//385 153//385
f 441//386 537//386 536//386
f 57//385 153//385 154//385
f 441//386 442//386 538//386
f 58//385 154//385 155//385
f 442//386 443//386 539//386
f 60//385 59//385 155//385
f 443//386 444//386 540//386
f 60//385 156//385 157//385
f 445//387 541//387 540//387
f 61//385 157//385 158//385
f 445//386 446//386 542//386
f 62//385 158//385 159//385
f 447//386 543//386 542//386
f 64//385 63//385 159//385
f 448//386 544//386 543//386
f 65//385 64//385 160//385
f 449//386 545//386 544//386
f 66//385 65//385 161//385
f 449//386 450//386 546//386
f 66//385 162//385 163//385
f 450//386 451//386 547//386
f 67//385 163//385 164//385
f 452//386 548//386 547//386
f 68//385 164//385 165//385
f 452//386 453//386 549//386
f 70//385 69//385 165//385
f 453//386 454//386 550//386
f 70//385 166//385 167//385
f 455//386 551//386 550//386
f 71//385 167//385 168//385
f 456//386 552//386 551//386
f 72//385 168//385 169//385
f 456//386 457//386 553//386
f 73//385 169//385 170//385
f 458//386 554//386 553//386
f 75//385 74//385 170//385
f 459//386 555//386 554//386
f 75//385 171//385 172//385
f 460//386 556//386 555//386
f 76//385 172//385 173//385
f 461//386 557//386 556//386
f 77//385 173//385 174//385
f 462//386 558//386 557//386
f 79//385 78//385 174//385
f 462//386 463//386 559//386
f 79//385 175//385 176//385
f 464//386 560//386 559//386
f 80//385 176//385 177//385
f 465//386 561//386 560//386
f 81//385 177//385 178//385
f 465//386 466//386 562//386
f 82//385 178//385 179//385
f 466//386 467//386 563//386
f 84//385 83//385 179//385
f 467//386 468//386 564//386
f 84//385 180//385 181//385
f 469//387 565//387 564//387
f 85//385 181//385 182//385
f 469//386 470//386 566//386
f 86//385 182//385 183//385
f 471//386 567//386 566//386
f 88//385 87//385 183//385
f 472//386 568//386 567//386
f 89//385 88//385 184//385
f 473//386 569//386 568//386
f 90//385 89//385 185//385
f 473//387 474//387 570//387
f 90//385 186//385 187//385
f 474//386 475//386 571//386
f 91//385 187//385 188//385
f 476//386 572//386 571//386
f 92//385 188//385 189//385
f 476//386 477//386 573//386
f 94//385 93//385 189//385
f 477//388 478//388 574//388
f 94//385 190//385 191//385
f 479//386 575//386 574//386
f 95//385 191//385 192//385
f 480//386 576//386 575//386
f 96//385 192//385 97//385
f 480//386 385//386 481//386
usemtl steel_grey
f 578//385 673//385 577//385
f 579//385 674//385 578//385
f 580//385 675//385 579//385
f 580//385 677//385 676//385
f 582//385 677//385 581//385
f 583//385 678//385 582//385
f 584//385 679//385 583//385
f 585//385 680//385 584//385
f 586//385 681//385 585//385
f 586//385 683//385 682//385
f 588//385 683//385 587//385
f 588//385 685//385 684//385
f 590//385 685//385 589//385
f 590//385 687//385 686//385
f 592//385 687//385 591//385
f 592//385 689//385 688//385
f 593//385 690//385 689//385
f 594//385 691//385 690//385
f 596//385 691//385 595//385
f 597//385 692//385 596//385
f 598//385 693//385 597//385
f 598//385 695//385 694//385
f 599//385 696//385 695//385
f 600//385 697//385 696//385
f 602//385 697//385 601//385
f 603//385 698//385 602//385
f 604//385 699//385 603//385
f 604//385 701//385 700//385
f 606//385 701//385 605//385
f 607//385 702//385 606//385
f 608//385 703//385 607//385
f 609//385 704//385 608//385
f 610//385 705//385 609//385
f 610//385 707//385 706//385
f 612//385 707//385 611//385
f 612//385 709//385 708//385
f 614//385 709//385 613//385
f 614//385 711//385 710//385
f 616//385 711//385 615//385
f 616//385 713//385 712//385
f 617//385 714//385 713//385
f 618//385 715//385 714//385
f 620//385 715//385 619//385
f 621//385 716//385 620//385
f 622//385 717//385 621//385
f 622//385 719//385 718//385
f 623//385 720//385 719//385
f 624//385 721//385 720//385
f 626//385 721//385 625//385
f 627//385 722//385 626//385
f 628//385 723//385 627//385
f 628//385 725//385 724//385
f 630//385 725//385 629//385
f 631//385 726//385 630//385
f 632//385 727//385 631//385
f 633//385 728//385 632//385
f 634//385 729//385 633//385
f 634//385 731//385 730//385
f 636//385 731//385 635//385
f 636//385 733//385 732//385
f 638//385 733//385 637//385
f 638//385 735//385 734//385
f 640//385 735//385 639//385
f 640//385 737//385 736//385
f 641//385 738//385 737//385
f 642//385 739//385 738//385
f 644//385 739//385 643//385
f 645//385 740//385 644//385
f 646//385 741//385 645//385
f 646//385 743//385 742//385
f 647//385 744//385 743//385
f 648//385 745//385 744//385
f 650//385 745//385 649//385
f 651//385 746//385 650//385
f 652//385 747//385 651//385
f 652//385 749//385 748//385
f 654//385 749//385 653//385
f 655//385 750//385 654//385
f 656//385 751//385 655//385
f 657//385 752//385 656//385
f 658//385 753//385 657//385
f 658//385 755//385 754//385
f 660//385 755//385 659//385
f 660//385 757//385 756//385
f 662//385 757//385 661//385
f 662//385 759//385 758//385
f 664//385 759//385 663//385
f 664//385 761//385 760//385
f 665//385 762//385 761//385
f 666//385 763//385 762//385
f 668//385 763//385 667//385
f 669//385 764//385 668//385
f 670//385 765//385 669//385
f 670//385 767//385 766//385
f 671//385 768//385 767//385
f 672//385 673//385 768//385
f 674//389 769//389 673//389
f 675//390 770//390 674//390
f 676//391 771//391 675//391
f 677//392 772//392 676//392
f 678//393 773//393 677//393
f 679//394 774//394 678//394
f 680//395 775//395 679//395
f 681//396 776//396 680//396
f 682//397 777//397 681//397
f 683//398 778//398 682//398
f 684//399 779//399 683//399
f 685//400 780//400 684//400
f 686//401 781//401 685//401
f 687//402 782//402 686//402
f 688//403 783//403 687//403
f 689//404 784//404 688//404
f 690//405 785//405 689//405
f 691//406 786//406 690//406
f 692//407 787//407 691//407
f 693//408 788//408 692//408
f 694//409 789//409 693//409
f 695//410 790//410 694//410
f 696//411 791//411 695//411
f 697//412 792//412 696//412
f 698//413 793//413 697//413
f 699//414 794//414 698//414
f 700//415 795//415 699//415
f 701//416 796//416 700//416
f 702//417 797//417 701//417
f 703//418 798//418 702//418
f 704//419 799//419 703//419
f 705//420 800//420 704//420
f 706//421 801//421 705//421
f 707//422 802//422 706//422
f 708//423 803//423 707//423
f 709//424 804//424 708//424
f 710//425 805//425 709//425
f 711//426 806//426 710//426
f 712//427 807//427 711//427
f 713//428 808//428 712//428
f 714//429 809//429 713//429
f 715//430 810//430 714//430
f 716//431 811//431 715//431
f 717//432 812//432 716//432
f 718//433 813//433 717//433
f 719//434 814//434 718//434
f 720//435 815//435 719//435
f 721//436 816//436 720//436
f 722//437 817//437 721//437
f 723//438 818//438 722//438
f 724//439 819//439 723//439
f 725//440 820//440 724//440
f 726//441 821//441 725//441
f 727//442 822//442 726//442
f 728//443 823//443 727//443
f 729//444 824//444 728//444
f 730//445 825//445 729//445
f 731//446 826//446 730//446
f 732//447 827//447 731//447
f 733//448 828//448 732//448
f 734//449 829//449 733//449
f 735//450 830//450 734//450
f 736//451 831//451 735//451
f 737//452 832//452 736//452
f 738//453 833//453 737//453
f 739//454 834//454 738//454
f 740//455 835//455 739//455
f 741//456 836//456 740//456
f 742//457 837//457 741//457
f 743//458 838//458 742//458
f 744//459 839//459 743//459
f 745//460 840//460 744//460
f 746//461 841//461 745//461
f 747//462 842//462 746//462
f 748//463 843//463 747//463
f 749//464 844//464 748//464
f 750//465 845//465 749//465
f 751//466 846//466 750//466
f 752//467 847//467 751//467
f 753//468 848//468 752//468
f 754//469 849//469 753//469
f 755//470 850//470 754//470
f 756//471 851//471 755//471
f 757//472 852//472 756//472
f 758//473 853//473 757//473
f 759//474 854//474 758//474
f 760//475 855//475 759//475
f 761//476 856//476 760//476
f 762//477 857//477 761//477
f 763//478 858//478 762//478
f 764//479 859//479 763//479
f 765//480 860//480 764//480
f 766//481 861//481 765//481
f 767//482 862//482 766//482
f 768//483 863//483 767//483
f 673//484 864//484 768//484
f 769//386 866//386 865//386
f 770//386 867//386 866//386
f 771//386 868//386 867//386
f 773//386 868//386 772//386
f 774//386 869//386 773//386
f 775//386 870//386 774//386
f 775//386 872//386 871//386
f 776//386 873//386 872//386
f 777//386 874//386 873//386
f 779//386 874//386 778//386
f 779//386 876//386 875//386
f 781//386 876//386 780//386
f 781//386 878//386 877//386
f 783//386 878//386 782//386
f 783//386 880//386 879//386
f 785//386 880//386 784//386
f 786//386 881//386 785//386
f 787//386 882//386 786//386
f 788//386 883//386 787//386
f 789//386 884//386 788//386
f 789//386 886//386 885//386
f 791//386 886//386 790//386
f 792//386 887//386 791//386
f 793//386 888//386 792//386
f 793//386 890//386 889//386
f 794//386 891//386 890//386
f 795//386 892//386 891//386
f 797//386 892//386 796//386
f 798//386 893//386 797//386
f 799//386 894//386 798//386
f 799//386 896//386 895//386
f 800//386 897//386 896//386
f 801//386 898//386 897//386
f 803//386 898//386 802//386
f 803//386 900//386 899//386
f 805//386 900//386 804//386
f 805//386 902//386 901//386
f 807//386 902//386 806//386
f 807//386 904//386 903//386
f 809//386 904//386 808//386
f 810//386 905//386 809//386
f 811//386 906//386 810//386
f 812//386 907//386 811//386
f 813//386 908//386 812//386
f 813//386 910//386 909//386
f 815//386 910//386 814//386
f 816//386 911//386 815//386
f 817//386 912//386 816//386
f 817//386 914//386 913//386
f 818//386 915//386 914//386
f 819//386 916//386 915//386
f 821//386 916//386 820//386
f 822//386 917//386 821//386
f 823//386 918//386 822//386
f 823//386 920//386 919//386
f 824//386 921//386 920//386
f 825//386 922//386 921//386
f 827//386 922//386 826//386
f 827//386 924//386 923//386
f 829//386 924//386 828//386
f 829//386 926//386 925//386
f 831//386 926//386 830//386
f 831//386 928//386 927//386
f 833//386 928//386 832//386
f 834//386 929//386 833//386
f 835//386 930//386 834//386
f 836//386 931//386 835//386
f 837//386 932//386 836//386
f 837//386 934//386 933//386
f 839//386 934//386 838//386
f 840//386 935//386 839//386
f 841//386 936//386 840//386
f 841//386 938//386 937//386
f 842//386 939//386 938//386
f 843//386 940//386 939//386
f 845//386 940//386 844//386
f 846//386 941//386 845//386
f 847//386 942//386 846//386
f 847//386 944//386 943//386
f 848//386 945//386 944//386
f 849//386 946//386 945//386
f 851//386 946//386 850//386
f 851//386 948//386 947//386
f 853//386 948//386 852//386
f 853//386 950//386 949//386
f 855//386 950//386 854//386
f 855//386 952//386 951//386
f 857//386 952//386 856//386
f 858//386 953//386 857//386
f 859//386 954//386 858//386
f 860//386 955//386 859//386
f 861//386 956//386 860//386
f 861//386 958//386 957//386
f 863//386 958//386 862//386
f 864//386 959//386 863//386
f 769//386 960//386 864//386
f 866//437 961//437 865//437
f 867//438 962//438 866//438
f 868//439 963//439 867//439
f 869//440 964//440 868//440
f 870//441 965//441 869//441
f 871//485 966//485 870//485
f 872//443 967//443 871//443
f 873//444 968//444 872//444
f 874//445 969//445 873//445
f 875//446 970//446 874//446
f 876//447 971//447 875//447
f 877//448 972//448 876//448
f 878//449 973//449 877//449
f 879//450 974//450 878//450
f 880//451 975//451 879//451
f 881//452 976//452 880//452
f 882//453 977//453 881//453
f 883//454 978//454 882//454
f 884//455 979//455 883//455
f 885//456 980//456 884//456
f 886//457 981//457 885//457
f 887//458 982//458 886//458
f 888//459 983//459 887//459
f 889//460 984//460 888//460
f 890//461 985//461 889//461
f 891//462 986//462 890//462
f 892//463 987//463 891//463
f 893//464 988//464 892//464
f 894//465 989//465 893//465
f 895//486 990//486 894//486
f 896//467 991//467 895//467
f 897//468 992//468 896//468
f 898//469 993//469 897//469
f 899//470 994//470 898//470
f 900//471 995//471 899//471
f 901//472 996//472 900//472
f 902//473 997//473 901//473
f 903//474 998//474 902//474
f 904//475 999//475 903//475
f 905//476 1000//476 904//476
f 906//477 1001//477 905//477
f 907//478 1002//478 906//478
f 908//487 1003//487 907//487
f 909//480 1004//480 908//480
f 910//481 1005//481 909//481
f 911//482 1006//482 910//482
f 912//483 1007//483 911//483
f 913//484 1008//484 912//484
f 914//389 1009//389 913//389
f 915//390 1010//390 914//390
f 916//391 1011//391 915//391
f 917//392 1012//392 916//392
f 918//393 1013//393 917//393
f 919//488 1014//488 918//488
f 920//395 1015//395 919//395
f 921//396 1016//396 920//396
f 922//397 1017//397 921//397
f 923//398 1018//398 922//398
f 924//399 1019//399 923//399
f 925//400 1020//400 924//400
f 926//401 1021//401 925//401
f 927//402 1022//402 926//402
f 928//403 1023//403 927//403
f 929//404 1024//404 928//404
f 930//405 1025//405 929//405
f 931//406 1026//406 930//406
f 932//489 1027//489 931//489
f 933//408 1028//408 932//408
f 934//409 1029//409 933//409
f 935//410 1030//410 934//410
f 936//411 1031//411 935//411
f 937//412 1032//412 936//412
f 938//413 1033//413 937//413
f 939//414 1034//414 938//414
f 940//415 1035//415 939//415
f 941//416 1036//416 940//416
f 942//417 1037//417 941//417
f 943//490 1038//490 942//490
f 944//419 1039//419 943//419
f 945//420 1040//420 944//420
f 946//421 1041//421 945//421
f 947//422 1042//422 946//422
f 948//423 1043//423 947//423
f 949//424 1044//424 948//424
f 950//425 1045//425 949//425
f 951//426 1046//426 950//426
f 952//427 1047//427 951//427
f 953//428 1048//428 952//428
f 954//429 1049//429 953//429
f 955//430 1050//430 954//430
f 956//491 1051//491 955//491
f 957//432 1052//432 956//432
f 958//433 1053//433 957//433
f 959//434 1054//434 958//434
f 960//435 1055//435 959//435
f 865//436 1056//436 960//436
f 1058//385 1153//385 1057//385
f 1059//385 1154//385 1058//385
f 1059//385 1156//385 1155//385
f 1061//385 1156//385 1060//385
f 1062//385 1157//385 1061//385
f 1062//385 1159//385 1158//385
f 1064//385 1159//385 1063//385
f 1064//385 1161//385 1160//385
f 1066//385 1161//385 1065//385
f 1067//385 1162//385 1066//385
f 1068//385 1163//385 1067//385
f 1069//385 1164//385 1068//385
f 1069//385 1166//385 1165//385
f 1071//385 1166//385 1070//385
f 1071//385 1168//385 1167//385
f 1073//385 1168//385 1072//385
f 1074//385 1169//385 1073//385
f 1074//385 1171//385 1170//385
f 1076//385 1171//385 1075//385
f 1076//385 1173//385 1172//385
f 1078//385 1173//385 1077//385
f 1079//492 1174//492 1078//492
f 1080//385 1175//385 1079//385
f 1081//385 1176//385 1080//385
f 1082//385 1177//385 1081//385
f 1083//385 1178//385 1082//385
f 1083//385 1180//385 1179//385
f 1085//492 1180//492 1084//492
f 1086//385 1181//385 1085//385
f 1086//385 1183//385 1182//385
f 1088//385 1183//385 1087//385
f 1088//385 1185//385 1184//385
f 1090//493 1185//493 1089//493
f 1091//385 1186//385 1090//385
f 1092//385 1187//385 1091//385
f 1093//385 1188//385 1092//385
f 1093//385 1190//385 1189//385
f 1095//385 1190//385 1094//385
f 1095//385 1192//385 1191//385
f 1097//385 1192//385 1096//385
f 1098//385 1193//385 1097//385
f 1098//385 1195//385 1194//385
f 1100//385 1195//385 1099//385
f 1100//385 1197//385 1196//385
f 1102//385 1197//385 1101//385
f 1103//385 1198//385 1102//385
f 1104//385 1199//385 1103//385
f 1105//385 1200//385 1104//385
f 1106//385 1201//385 1105//385
f 1107//385 1202//385 1106//385
f 1107//385 1204//385 1203//385
f 1109//385 1204//385 1108//385
f 1110//385 1205//385 1109//385
f 1110//385 1207//385 1206//385
f 1112//385 1207//385 1111//385
f 1112//385 1209//385 1208//385
f 1114//385 1209//385 1113//385
f 1115//385 1210//385 1114//385
f 1116//385 1211//385 1115//385
f 1117//385 1212//385 1116//385
f 1117//385 1214//385 1213//385
f 1119//385 1214//385 1118//385
f 1119//385 1216//385 1215//385
f 1121//385 1216//385 1120//385
f 1122//385 1217//385 1121//385
f 1122//385 1219//385 1218//385
f 1124//385 1219//385 1123//385
f 1124//385 1221//385 1220//385
f 1126//385 1221//385 1125//385
f 1127//493 1222//493 1126//493
f 1128//385 1223//385 1127//385
f 1129//385 1224//385 1128//385
f 1130//385 1225//385 1129//385
f 1131//385 1226//385 1130//385
f 1131//385 1228//385 1227//385
f 1133//493 1228//493 1132//493
f 1134//385 1229//385 1133//385
f 1134//385 1231//385 1230//385
f 1136//385 1231//385 1135//385
f 1136//385 1233//385 1232//385
f 1138//492 1233//492 1137//492
f 1139//385 1234//385 1138//385
f 1140//385 1235//385 1139//385
f 1141//385 1236//385 1140//385
f 1141//385 1238//385 1237//385
f 1143//385 1238//385 1142//385
f 1143//385 1240//385 1239//385
f 1145//385 1240//385 1144//385
f 1146//385 1241//385 1145//385
f 1146//385 1243//385 1242//385
f 1148//385 1243//385 1147//385
f 1148//385 1245//385 1244//385
f 1150//385 1245//385 1149//385
f 1151//385 1246//385 1150//385
f 1152//385 1247//385 1151//385
f 1057//385 1248//385 1152//385
f 1154//389 1249//389 1153//389
f 1155//390 1250//390 1154//390
f 1156//391 1251//391 1155//391
f 1157//392 1252//392 1156//392
f 1158//393 1253//393 1157//393
f 1159//394 1254//394 1158//394
f 1160//395 1255//395 1159//395
f 1161//396 1256//396 1160//396
f 1162//397 1257//397 1161//397
f 1163//398 1258//398 1162//398
f 1164//399 1259//399 1163//399
f 1165//400 1260//400 1164//400
f 1166//401 1261//401 1165//401
f 1167//402 1262//402 1166//402
f 1168//403 1263//403 1167//403
f 1169//404 1264//404 1168//404
f 1170//405 1265//405 1169//405
f 1171//406 1266//406 1170//406
f 1172//489 1267//489 1171//489
f 1173//408 1268//408 1172//408
f 1174//409 1269//409 1173//409
f 1175//410 1270//410 1174//410
f 1176//411 1271//411 1175//411
f 1177//412 1272//412 1176//412
f 1178//413 1273//413 1177//413
f 1179//414 1274//414 1178//414
f 1180//415 1275//415 1179//415
f 1181//416 1276//416 1180//416
f 1182//417 1277//417 1181//417
f 1183//418 1278//418 1182//418
f 1184//419 1279//419 1183//419
f 1185//420 1280//420 1184//420
f 1186//421 1281//421 1185//421
f 1187//422 1282//422 1186//422
f 1188//423 1283//423 1187//423
f 1189//424 1284//424 1188//424
f 1190//425 1285//425 1189//425
f 1191//426 1286//426 1190//426
f 1192//427 1287//427 1191//427
f 1193//428 1288//428 1192//428
f 1194//429 1289//429 1193//429
f 1195//430 1290//430 1194//430
f 1196//491 1291//491 1195//491
f 1197//432 1292//432 1196//432
f 1198//433 1293//433 1197//433
f 1199//434 1294//434 1198//434
f 1200//435 1295//435 1199//435
f 1201//436 1296//436 1200//436
f 1202//437 1297//437 1201//437
f 1203//438 1298//438 1202//438
f 1204//439 1299//439 1203//439
f 1205//440 1300//440 1204//440
f 1206//441 1301//441 1205//441
f 1207//442 1302//442 1206//442
f 1208//443 1303//443 1207//443
f 1209//444 1304//444 1208//444
f 1210//445 1305//445 1209//445
f 1211//446 1306//446 1210//446
f 1212//447 1307//447 1211//447
f 1213//448 1308//448 1212//448
f 1214//449 1309//449 1213//449
f 1215//450 1310//450 1214//450
f 1216//451 1311//451 1215//451
f 1217//452 1312//452 1216//452
f 1218//453 1313//453 1217//453
f 1219//454 1314//454 1218//454
f 1220//494 1315//494 1219//494
f 1221//456 1316//456 1220//456
f 1222//457 1317//457 1221//457
f 1223//458 1318//458 1222//458
f 1224//459 1319//459 1223//459
f 1225//460 1320//460 1224//460
f 1226//461 1321//461 1225//461
f 1227//462 1322//462 1226//462
f 1228//463 1323//463 1227//463
f 1229//464 1324//464 1228//464
f 1230//465 1325//465 1229//465
f 1231//466 1326//466 1230//466
f 1232//467 1327//467 1231//467
f 1233//468 1328//468 1232//468
f 1234//469 1329//469 1233//469
f 1235//470 1330//470 1234//470
f 1236//471 1331//471 1235//471
f 1237//472 1332//472 1236//472
f 1238//473 1333//473 1237//473
f 1239//474 1334//474 1238//474
f 1240//475 1335//475 1239//475
f 1241//476 1336//476 1240//476
f 1242//477 1337//477 1241//477
f 1243//478 1338//478 1242//478
f 1244//487 1339//487 1243//487
f 1245//480 1340//480 1244//480
f 1246//481 1341//481 1245//481
f 1247//482 1342//482 1246//482
f 1248//483 1343//483 1247//483
f 1153//484 1344//484 1248//484
f 1250//386 1345//386 1249//386
f 1251//386 1346//386 1250//386
f 1252//386 1347//386 1251//386
f 1253//386 1348//386 1252//386
f 1253//386 1350//386 1349//386
f 1255//386 1350//386 1254//386
f 1255//386 1352//386 1351//386
f 1257//386 1352//386 1256//386
f 1258//386 1353//386 1257//386
f 1258//386 1355//386 1354//386
f 1260//386 1355//386 1259//386
f 1260//386 1357//386 1356//386
f 1262//386 1357//386 1261//386
f 1262//386 1359//386 1358//386
f 1264//386 1359//386 1263//386
f 1265//386 1360//386 1264//386
f 1265//386 1362//386 1361//386
f 1267//386 1362//386 1266//386
f 1267//386 1364//386 1363//386
f 1269//386 1364//386 1268//386
f 1269//386 1366//386 1365//386
f 1270//386 1367//386 1366//386
f 1272//386 1367//386 1271//386
f 1273//386 1368//386 1272//386
f 1274//386 1369//386 1273//386
f 1275//386 1370//386 1274//386
f 1276//386 1371//386 1275//386
f 1277//386 1372//386 1276//386
f 1277//386 1374//386 1373//386
f 1279//386 1374//386 1278//386
f 1279//386 1376//386 1375//386
f 1281//386 1376//386 1280//386
f 1282//386 1377//386 1281//386
f 1282//386 1379//386 1378//386
f 1284//386 1379//386 1283//386
f 1284//386 1381//386 1380//386
f 1286//386 1381//386 1285//386
f 1286//386 1383//386 1382//386
f 1288//386 1383//386 1287//386
f 1289//386 1384//386 1288//386
f 1289//386 1386//386 1385//386
f 1291//386 1386//386 1290//386
f 1291//386 1388//386 1387//386
f 1293//386 1388//386 1292//386
f 1293//386 1390//386 1389//386
f 1294//386 1391//386 1390//386
f 1296//386 1391//386 1295//386
f 1297//386 1392//386 1296//386
f 1298//386 1393//386 1297//386
f 1299//386 1394//386 1298//386
f 1300//386 1395//386 1299//386
f 1301//386 1396//386 1300//386
f 1301//386 1398//386 1397//386
f 1303//386 1398//386 1302//386
f 1303//386 1400//386 1399//386
f 1305//386 1400//386 1304//386
f 1306//386 1401//386 1305//386
f 1306//386 1403//386 1402//386
f 1308//386 1403//386 1307//386
f 1308//386 1405//386 1404//386
f 1310//386 1405//386 1309//386
f 1310//386 1407//386 1406//386
f 1312//386 1407//386 1311//386
f 1313//386 1408//386 1312//386
f 1313//386 1410//386 1409//386
f 1315//386 1410//386 1314//386
f 1315//386 1412//386 1411//386
f 1317//386 1412//386 1316//386
f 1317//386 1414//386 1413//386
f 1318//386 1415//386 1414//386
f 1320//386 1415//386 1319//386
f 1321//386 1416//386 1320//386
f 1322//386 1417//386 1321//386
f 1323//386 1418//386 1322//386
f 1324//386 1419//386 1323//386
f 1325//386 1420//386 1324//386
f 1325//386 1422//386 1421//386
f 1327//386 1422//386 1326//386
f 1327//386 1424//386 1423//386
f 1329//386 1424//386 1328//386
f 1330//386 1425//386 1329//386
f 1330//386 1427//386 1426//386
f 1332//386 1427//386 1331//386
f 1332//386 1429//386 1428//386
f 1334//386 1429//386 1333//386
f 1334//386 1431//386 1430//386
f 1336//386 1431//386 1335//386
f 1337//386 1432//386 1336//386
f 1337//386 1434//386 1433//386
f 1339//386 1434//386 1338//386
f 1339//386 1436//386 1435//386
f 1341//386 1436//386 1340//386
f 1341//386 1438//386 1437//386
f 1342//386 1439//386 1438//386
f 1344//386 1439//386 1343//386
f 1249//386 1440//386 1344//386
f 1346//437 1441//437 1345//437
f 1347//438 1442//438 1346//438
f 1348//439 1443//439 1347//439
f 1349//440 1444//440 1348//440
f 1350//441 1445//441 1349//441
f 1351//442 1446//442 1350//442
f 1352//443 1447//443 1351//443
f 1353//444 1448//444 1352//444
f 1354//445 1449//445 1353//445
f 1355//446 1450//446 1354//446
f 1356//447 1451//447 1355//447
f 1357//448 1452//448 1356//448
f 1358//449 1453//449 1357//449
f 1359//450 1454//450 1358//450
f 1360//451 1455//451 1359//451
f 1361//452 1456//452 1360//452
f 1362//453 1457//453 1361//453
f 1363//454 1458//454 1362//454
f 1364//455 1459//455 1363//455
f 1365//456 1460//456 1364//456
f 1366//457 1461//457 1365//457
f 1367//458 1462//458 1366//458
f 1368//459 1463//459 1367//459
f 1369//460 1464//460 1368//460
f 1370//461 1465//461 1369//461
f 1371//462 1466//462 1370//462
f 1372//463 1467//463 1371//463
f 1373//464 1468//464 1372//464
f 1374//465 1469//465 1373//465
f 1375//486 1470//486 1374//486
f 1376//467 1471//467 1375//467
f 1377//468 1472//468 1376//468
f 1378//469 1473//469 1377//469
f 1379//470 1474//470 1378//470
f 1380//471 1475//471 1379//471
f 1381//472 1476//472 1380//472
f 1382//473 1477//473 1381//473
f 1383//474 1478//474 1382//474
f 1384//475 1479//475 1383//475
f 1385//476 1480//476 1384//476
f 1386//477 1481//477 1385//477
f 1387//478 1482//478 1386//478
f 1388//479 1483//479 1387//479
f 1389//480 1484//480 1388//480
f 1390//481 1485//481 1389//481
f 1391//482 1486//482 1390//482
f 1392//483 1487//483 1391//483
f 1393//484 1488//484 1392//484
f 1394//389 1489//389 1393//389
f 1395//390 1490//390 1394//390
f 1396//391 1491//391 1395//391
f 1397//392 1492//392 1396//392
f 1398//393 1493//393 1397//393
f 1399//394 1494//394 1398//394
f 1400//395 1495//395 1399//395
f 1401//396 1496//396 1400//396
f 1402//397 1497//397 1401//397
f 1403//398 1498//398 1402//398
f 1404//399 1499//399 1403//399
f 1405//400 1500//400 1404//400
f 1406//401 1501//401 1405//401
f 1407//402 1502//402 1406//402
f 1408//403 1503//403 1407//403
f 1409//404 1504//404 1408//404
f 1410//405 1505//405 1409//405
f 1411//406 1506//406 1410//406
f 1412//407 1507//407 1411//407
f 1413//408 1508//408 1412//408
f 1414//409 1509//409 1413//409
f 1415//410 1510//410 1414//410
f 1416//411 1511//411 1415//411
f 1417//412 1512//412 1416//412
f 1418//413 1513//413 1417//413
f 1419//414 1514//414 1418//414
f 1420//415 1515//415 1419//415
f 1421//416 1516//416 1420//416
f 1422//417 1517//417 1421//417
f 1423//490 1518//490 1422//490
f 1424//419 1519//419 1423//419
f 1425//420 1520//420 1424//420
f 1426//421 1521//421 1425//421
f 1427//422 1522//422 1426//422
f 1428//423 1523//423 1427//423
f 1429//424 1524//424 1428//424
f 1430//425 1525//425 1429//425
f 1431//426 1526//426 1430//426
f 1432//427 1527//427 1431//427
f 1433//428 1528//428 1432//428
f 1434//429 1529//429 1433//429
f 1435//430 1530//430 1434//430
f 1436//431 1531//431 1435//431
f 1437//432 1532//432 1436//432
f 1438//433 1533//433 1437//433
f 1439//434 1534//434 1438//434
f 1440//435 1535//435 1439//435
f 1345//436 1536//436 1440//436
f 578//385 674//385 673//385
f 579//385 675//385 674//385
f 580//385 676//385 675//385
f 580//385 581//385 677//385
f 582//385 678//385 677//385
f 583//385 679//385 678//385
f 584//385 680//385 679//385
f 585//385 681//385 680//385
f 586//385 682//385 681//385
f 586//385 587//385 683//385
f 588//385 684//385 683//385
f 588//385 589//385 685//385
f 590//385 686//385 685//385
f 590//385 591//385 687//385
f 592//385 688//385 687//385
f 592//385 593//385 689//385
f 593//385 594//385 690//385
f 594//385 595//385 691//385
f 596//385 692//385 691//385
f 597//385 693//385 692//385
f 598//385 694//385 693//385
f 598//385 599//385 695//385
f 599//385 600//385 696//385
f 600//385 601//385 697//385
f 602//385 698//385 697//385
f 603//385 699//385 698//385
f 604//385 700//385 699//385
f 604//385 605//385 701//385
f 606//385 702//385 701//385
f 607//385 703//385 702//385
f 608//385 704//385 703//385
f 609//385 705//385 704//385
f 610//385 706//385 705//385
f 610//385 611//385 707//385
f 612//385 708//385 707//385
f 612//385 613//385 709//385
f 614//385 710//385 709//385
f 614//385 615//385 711//385
f 616//385 712//385 711//385
f 616//385 617//385 713//385
f 617//385 618//385 714//385
f 618//385 619//385 715//385
f 620//385 716//385 715//385
f 621//385 717//385 716//385
f 622//385 718//385 717//385
f 622//385 623//385 719//385
f 623//385 624//385 720//385
f 624//385 625//385 721//385
f 626//385 722//385 721//385
f 627//385 723//385 722//385
f 628//385 724//385 723//385
f 628//385 629//385 725//385
f 630//385 726//385 725//385
f 631//385 727//385 726//385
f 632//385 728//385 727//385
f 633//385 729//385 728//385
f 634//385 730//385 729//385
f 634//385 635//385 731//385
f 636//385 732//385 731//385
f 636//385 637//385 733//385
f 638//385 734//385 733//385
f 638//385 639//385 735//385
f 640//385 736//385 735//385
f 640//385 641//385 737//385
f 641//385 642//385 738//385
f 642//385 643//385 739//385
f 644//385 740//385 739//385
f 645//385 741//385 740//385
f 646//385 742//385 741//385
f 646//385 647//385 743//385
f 647//385 648//385 744//385
f 648//385 649//385 745//385
f 650//385 746//385 745//385
f 651//385 747//385 746//385
f 652//385 748//385 747//385
f 652//385 653//385 749//385
f 654//385 750//385 749//385
f 655//385 751//385 750//385
f 656//385 752//385 751//385
f 657//385 753//385 752//385
f 658//385 754//385 753//385
f 658//385 659//385 755//385
f 660//385 756//385 755//385
f 660//385 661//385 757//385
f 662//385 758//385 757//385
f 662//385 663//385 759//385
f 664//385 760//385 759//385
f 664//385 665//385 761//385
f 665//385 666//385 762//385
f 666//385 667//385 763//385
f 668//385 764//385 763//385
f 669//385 765//385 764//385
f 670//385 766//385 765//385
f 670//385 671//385 767//385
f 671//385 672//385 768//385
f 672//385 577//385 673//385
f 674//389 770//389 769//389
f 675//390 771//390 770//390
f 676//391 772//391 771//391
f 677//392 773//392 772//392
f 678//393 774//393 773//393
f 679//394 775//394 774//394
f 680//395 776//395 775//395
f 681//396 777//396 776//396
f 682//397 778//397 777//397
f 683//398 779//398 778//398
f 684//399 780//399 779//399
f 685//400 781//400 780//400
f 686//401 782//401 781//401
f 687//402 783//402 782//402
f 688//403 784//403 783//403
f 689//404 785//404 784//404
f 690//405 786//405 785//405
f 691//406 787//406 786//406
f 692//489 788//489 787//489
f 693//408 789//408 788//408
f 694//409 790//409 789//409
f 695//410 791//410 790//410
f 696//411 792//411 791//411
f 697//412 793//412 792//412
f 698//413 794//413 793//413
f 699//414 795//414 794//414
f 700//415 796//415 795//415
f 701//416 797//416 796//416
f 702//417 798//417 797//417
f 703//490 799//490 798//490
f 704//419 800//419 799//419
f 705//420 801//420 800//420
f 706//421 802//421 801//421
f 707//422 803//422 802//422
f 708//423 804//423 803//423
f 709//424 805//424 804//424
f 710//425 806//425 805//425
f 711//426 807//426 806//426
f 712//427 808//427 807//427
f 713//428 809//428 808//428
f 714//429 810//429 809//429
f 715//430 811//430 810//430
f 716//431 812//431 811//431
f 717//432 813//432 812//432
f 718//433 814//433 813//433
f 719//434 815//434 814//434
f 720//435 816//435 815//435
f 721//436 817//436 816//436
f 722//437 818//437 817//437
f 723//438 819//438 818//438
f 724//439 820//439 819//439
f 725//440 821//440 820//440
f 726//441 822//441 821//441
f 727//442 823//442 822//442
f 728//443 824//443 823//443
f 729//444 825//444 824//444
f 730//445 826//445 825//445
f 731//446 827//446 826//446
f 732//447 828//447 827//447
f 733//448 829//448 828//448
f 734//449 830//449 829//449
f 735//450 831//450 830//450
f 736//451 832//451 831//451
f 737//452 833//452 832//452
f 738//453 834//453 833//453
f 739//454 835//454 834//454
f 740//494 836//494 835//494
f 741//456 837//456 836//456
f 742//457 838//457 837//457
f 743//458 839//458 838//458
f 744//459 840//459 839//459
f 745//460 841//460 840//460
f 746//461 842//461 841//461
f 747//462 843//462 842//462
f 748//463 844//463 843//463
f 749//464 845//464 844//464
f 750//465 846//465 845//465
f 751//486 847//486 846//486
f 752//467 848//467 847//467
f 753//468 849//468 848//468
f 754//469 850//469 849//469
f 755//470 851//470 850//470
f 756//471 852//471 851//471
f 757//472 853//472 852//472
f 758//473 854//473 853//473
f 759//474 855//474 854//474
f 760//475 856//475 855//475
f 761//476 857//476 856//476
f 762//477 858//477 857//477
f 763//478 859//478 858//478
f 764//479 860//479 859//479
f 765//480 861//480 860//480
f 766//481 862//481 861//481
f 767//482 863//482 862//482
f 768//483 864//483 863//483
f 673//484 769//484 864//484
f 769//386 770//386 866//386
f 770//386 771//386 867//386
f 771//386 772//386 868//386
f 773//386 869//386 868//386
f 774//386 870//386 869//386
f 775//386 871//386 870//386
f 775//386 776//386 872//386
f 776//386 777//386 873//386
f 777//386 778//386 874//386
f 779//386 875//386 874//386
f 779//386 780//386 876//386
f 781//386 877//386 876//386
f 781//386 782//386 878//386
f 783//386 879//386 878//386
f 783//386 784//386 880//386
f 785//386 881//386 880//386
f 786//386 882//386 881//386
f 787//386 883//386 882//386
f 788//386 884//386 883//386
f 789//386 885//386 884//386
f 789//386 790//386 886//386
f 791//386 887//386 886//386
f 792//386 888//386 887//386
f 793//386 889//386 888//386
f 793//386 794//386 890//386
f 794//386 795//386 891//386
f 795//386 796//386 892//386
f 797//386 893//386 892//386
f 798//386 894//386 893//386
f 799//386 895//386 894//386
f 799//386 800//386 896//386
f 800//386 801//386 897//386
f 801//386 802//386 898//386
f 803//386 899//386 898//386
f 803//386 804//386 900//386
f 805//386 901//386 900//386
f 805//386 806//386 902//386
f 807//386 903//386 902//386
f 807//386 808//386 904//386
f 809//386 905//386 904//386
f 810//386 906//386 905//386
f 811//386 907//386 906//386
f 812//386 908//386 907//386
f 813//386 909//386 908//386
f 813//386 814//386 910//386
f 815//386 911//386 910//386
f 816//386 912//386 911//386
f 817//386 913//386 912//386
f 817//386 818//386 914//386
f 818//386 819//386 915//386
f 819//386 820//386 916//386
f 821//386 917//386 916//386
f 822//386 918//386 917//386
f 823//386 919//386 918//386
f 823//386 824//386 920//386
f 824//386 825//386 921//386
f 825//386 826//386 922//386
f 827//386 923//386 922//386
f 827//386 828//386 924//386
f 829//386 925//386 924//386
f 829//386 830//386 926//386
f 831//386 927//386 926//386
f 831//386 832//386 928//386
f 833//386 929//386 928//386
f 834//386 930//386 929//386
f 835//386 931//386 930//386
f 836//386 932//386 931//386
f 837//386 933//386 932//386
f 837//386 838//386 934//386
f 839//386 935//386 934//386
f 840//386 936//386 935//386
f 841//386 937//386 936//386
f 841//386 842//386 938//386
f 842//386 843//386 939//386
f 843//386 844//386 940//386
f 845//386 941//386 940//386
f 846//386 942//386 941//386
f 847//386 943//386 942//386
f 847//386 848//386 944//386
f 848//386 849//386 945//386
f 849//386 850//386 946//386
f 851//386 947//386 946//386
f 851//386 852//386 948//386
f 853//386 949//386 948//386
f 853//386 854//386 950//386
f 855//386 951//386 950//386
f 855//386 856//386 952//386
f 857//386 953//386 952//386
f 858//386 954//386 953//386
f 859//386 955//386 954//386
f 860//386 956//386 955//386
f 861//386 957//386 956//386
f 861//386 862//386 958//386
f 863//386 959//386 958//386
f 864//386 960//386 959//386
f 769//386 865//386 960//386
f 866//437 962//437 961//437
f 867//438 963//438 962//438
f 868//439 964//439 963//439
f 869//440 965//440 964//440
f 870//441 966//441 965//441
f 871//485 967//485 966//485
f 872//443 968//443 967//443
f 873//444 969//444 968//444
f 874//445 970//445 969//445
f 875//446 971//446 970//446
f 876//447 972//447 971//447
f 877//448 973//448 972//448
f 878//449 974//449 973//449
f 879//450 975//450 974//450
f 880//451 976//451 975//451
f 881//452 977//452 976//452
f 882//453 978//453 977//453
f 883//454 979//454 978//454
f 884//455 980//455 979//455
f 885//456 981//456 980//456
f 886//457 982//457 981//457
f 887//458 983//458 982//458
f 888//459 984//459 983//459
f 889//460 985//460 984//460
f 890//461 986//461 985//461
f 891//462 987//462 986//462
f 892//463 988//463 987//463
f 893//464 989//464 988//464
f 894//465 990//465 989//465
f 895//466 991//466 990//466
f 896//467 992//467 991//467
f 897//468 993//468 992//468
f 898//469 994//469 993//469
f 899//470 995//470 994//470
f 900//471 996//471 995//471
f 901//472 997//472 996//472
f 902//473 998//473 997//473
f 903//474 999//474 998//474
f 904//475 1000//475 999//475
f 905//476 1001//476 1000//476
f 906//477 1002//477 1001//477
f 907//478 1003//478 1002//478
f 908//487 1004//487 1003//487
f 909//480 1005//480 1004//480
f 910//481 1006//481 1005//481
f 911//482 1007//482 1006//482
f 912//483 1008//483 1007//483
f 913//484 1009//484 1008//484
f 914//389 1010//389 1009//389
f 915//390 1011//390 1010//390
f 916//391 1012//391 1011//391
f 917//392 1013//392 1012//392
f 918//393 1014//393 1013//393
f 919//488 1015//488 1014//488
f 920//395 1016//395 1015//395
f 921//396 1017//396 1016//396
f 922//397 1018//397 1017//397
f 923//398 1019//398 1018//398
f 924//399 1020//399 1019//399
f 925//400 1021//400 1020//400
f 926//401 1022//401 1021//401
f 927//402 1023//402 1022//402
f 928//403 1024//403 1023//403
f 929//404 1025//404 1024//404
f 930//405 1026//405 1025//405
f 931//406 1027//406 1026//406
f 932//407 1028//407 1027//407
f 933//408 1029//408 1028//408
f 934//409 1030//409 1029//409
f 935//410 1031//410 1030//410
f 936//411 1032//411 1031//411
f 937//412 1033//412 1032//412
f 938//413 1034//413 1033//413
f 939//414 1035//414 1034//414
f 940//415 1036//415 1035//415
f 941//416 1037//416 1036//416
f 942//417 1038//417 1037//417
f 943//490 1039//490 1038//490
f 944//419 1040//419 1039//419
f 945//420 1041//420 1040//420
f 946//421 1042//421 1041//421
f 947//422 1043//422 1042//422
f 948//423 1044//423 1043//423
f 949//424 1045//424 1044//424
f 950//425 1046//425 1045//425
f 951//426 1047//426 1046//426
f 952//427 1048//427 1047//427
f 953//428 1049//428 1048//428
f 954//429 1050//429 1049//429
f 955//430 1051//430 1050//430
f 956//491 1052//491 1051//491
f 957//432 1053//432 1052//432
f 958//433 1054//433 1053//433
f 959//434 1055//434 1054//434
f 960//435 1056//435 1055//435
f 865//436 961//436 1056//436
f 1058//385 1154//385 1153//385
f 1059//385 1155//385 1154//385
f 1059//385 1060//385 1156//385
f 1061//385 1157//385 1156//385
f 1062//385 1158//385 1157//385
f 1062//385 1063//385 1159//385
f 1064//385 1160//385 1159//385
f 1064//385 1065//385 1161//385
f 1066//385 1162//385 1161//385
f 1067//385 1163//385 1162//385
f 1068//385 1164//385 1163//385
f 1069//385 1165//385 1164//385
f 1069//385 1070//385 1166//385
f 1071//385 1167//385 1166//385
f 1071//385 1072//385 1168//385
f 1073//385 1169//385 1168//385
f 1074//385 1170//385 1169//385
f 1074//385 1075//385 1171//385
f 1076//385 1172//385 1171//385
f 1076//385 1077//385 1173//385
f 1078//385 1174//385 1173//385
f 1079//385 1175//385 1174//385
f 1080//385 1176//385 1175//385
f 1081//385 1177//385 1176//385
f 1082//385 1178//385 1177//385
f 1083//385 1179//385 1178//385
f 1083//493 1084//493 1180//493
f 1085//385 1181//385 1180//385
f 1086//385 1182//385 1181//385
f 1086//385 1087//385 1183//385
f 1088//385 1184//385 1183//385
f 1088//385 1089//385 1185//385
f 1090//385 1186//385 1185//385
f 1091//385 1187//385 1186//385
f 1092//385 1188//385 1187//385
f 1093//385 1189//385 1188//385
f 1093//385 1094//385 1190//385
f 1095//385 1191//385 1190//385
f 1095//385 1096//385 1192//385
f 1097//385 1193//385 1192//385
f 1098//385 1194//385 1193//385
f 1098//385 1099//385 1195//385
f 1100//385 1196//385 1195//385
f 1100//385 1101//385 1197//385
f 1102//385 1198//385 1197//385
f 1103//385 1199//385 1198//385
f 1104//385 1200//385 1199//385
f 1105//385 1201//385 1200//385
f 1106//385 1202//385 1201//385
f 1107//385 1203//385 1202//385
f 1107//385 1108//385 1204//385
f 1109//385 1205//385 1204//385
f 1110//385 1206//385 1205//385
f 1110//385 1111//385 1207//385
f 1112//385 1208//385 1207//385
f 1112//385 1113//385 1209//385
f 1114//385 1210//385 1209//385
f 1115//385 1211//385 1210//385
f 1116//385 1212//385 1211//385
f 1117//385 1213//385 1212//385
f 1117//385 1118//385 1214//385
f 1119//385 1215//385 1214//385
f 1119//385 1120//385 1216//385
f 1121//385 1217//385 1216//385
f 1122//385 1218//385 1217//385
f 1122//385 1123//385 1219//385
f 1124//385 1220//385 1219//385
f 1124//385 1125//385 1221//385
f 1126//385 1222//385 1221//385
f 1127//385 1223//385 1222//385
f 1128//385 1224//385 1223//385
f 1129//385 1225//385 1224//385
f 1130//385 1226//385 1225//385
f 1131//385 1227//385 1226//385
f 1131//492 1132//492 1228//492
f 1133//385 1229//385 1228//385
f 1134//385 1230//385 1229//385
f 1134//385 1135//385 1231//385
f 1136//385 1232//385 1231//385
f 1136//385 1137//385 1233//385
f 1138//385 1234//385 1233//385
f 1139//385 1235//385 1234//385
f 1140//385 1236//385 1235//385
f 1141//385 1237//385 1236//385
f 1141//385 1142//385 1238//385
f 1143//385 1239//385 1238//385
f 1143//385 1144//385 1240//385
f 1145//385 1241//385 1240//385
f 1146//385 1242//385 1241//385
f 1146//385 1147//385 1243//385
f 1148//385 1244//385 1243//385
f 1148//385 1149//385 1245//385
f 1150//385 1246//385 1245//385
f 1151//385 1247//385 1246//385
f 1152//385 1248//385 1247//385
f 1057//385 1153//385 1248//385
f 1154//389 1250//389 1249//389
f 1155//390 1251//390 1250//390
f 1156//391 1252//391 1251//391
f 1157//392 1253//392 1252//392
f 1158//393 1254//393 1253//393
f 1159//488 1255//488 1254//488
f 1160//395 1256//395 1255//395
f 1161//396 1257//396 1256//396
f 1162//397 1258//397 1257//397
f 1163//398 1259//398 1258//398
f 1164//399 1260//399 1259//399
f 1165//400 1261//400 1260//400
f 1166//401 1262//401 1261//401
f 1167//402 1263//402 1262//402
f 1168//403 1264//403 1263//403
f 1169//404 1265//404 1264//404
f 1170//405 1266//405 1265//405
f 1171//406 1267//406 1266//406
f 1172//489 1268//489 1267//489
f 1173//408 1269//408 1268//408
f 1174//409 1270//409 1269//409
f 1175//410 1271//410 1270//410
f 1176//411 1272//411 1271//411
f 1177//412 1273//412 1272//412
f 1178//413 1274//413 1273//413
f 1179//414 1275//414 1274//414
f 1180//415 1276//415 1275//415
f 1181//416 1277//416 1276//416
f 1182//417 1278//417 1277//417
f 1183//418 1279//418 1278//418
f 1184//419 1280//419 1279//419
f 1185//420 1281//420 1280//420
f 1186//421 1282//421 1281//421
f 1187//422 1283//422 1282//422
f 1188//423 1284//423 1283//423
f 1189//424 1285//424 1284//424
f 1190//425 1286//425 1285//425
f 1191//426 1287//426 1286//426
f 1192//427 1288//427 1287//427
f 1193//428 1289//428 1288//428
f 1194//429 1290//429 1289//429
f 1195//430 1291//430 1290//430
f 1196//431 1292//431 1291//431
f 1197//432 1293//432 1292//432
f 1198//433 1294//433 1293//433
f 1199//434 1295//434 1294//434
f 1200//435 1296//435 1295//435
f 1201//436 1297//436 1296//436
f 1202//437 1298//437 1297//437
f 1203//438 1299//438 1298//438
f 1204//439 1300//439 1299//439
f 1205//440 1301//440 1300//440
f 1206//441 1302//441 1301//441
f 1207//485 1303//485 1302//485
f 1208//443 1304//443 1303//443
f 1209//444 1305//444 1304//444
f 1210//445 1306//445 1305//445
f 1211//446 1307//446 1306//446
f 1212//447 1308//447 1307//447
f 1213//448 1309//448 1308//448
f 1214//449 1310//449 1309//449
f 1215//450 1311//450 1310//450
f 1216//451 1312//451 1311//451
f 1217//452 1313//452 1312//452
f 1218//453 1314//453 1313//453
f 1219//454 1315//454 1314//454
f 1220//494 1316//494 1315//494
f 1221//456 1317//456 1316//456
f 1222//457 1318//457 1317//457
f 1223//458 1319//458 1318//458
f 1224//459 1320//459 1319//459
f 1225//460 1321//460 1320//460
f 1226//461 1322//461 1321//461
f 1227//462 1323//462 1322//462
f 1228//463 1324//463 1323//463
f 1229//464 1325//464 1324//464
f 1230//465 1326//465 1325//465
f 1231//466 1327//466 1326//466
f 1232//467 1328//467 1327//467
f 1233//468 1329//468 1328//468
f 1234//469 1330//469 1329//469
f 1235//470 1331//470 1330//470
f 1236//471 1332//471 1331//471
f 1237//472 1333//472 1332//472
f 1238//473 1334//473 1333//473
f 1239//474 1335//474 1334//474
f 1240//475 1336//475 1335//475
f 1241//476 1337//476 1336//476
f 1242//477 1338//477 1337//477
f 1243//478 1339//478 1338//478
f 1244//479 1340//479 1339//479
f 1245//480 1341//480 1340//480
f 1246//481 1342//481 1341//481
f 1247//482 1343//482 1342//482
f 1248//483 1344//483 1343//483
f 1153//484 1249//484 1344//484
f 1250//386 1346//386 1345//386
f 1251//386 1347//386 1346//386
f 1252//386 1348//386 1347//386
f 1253//386 1349//386 1348//386
f 1253//386 1254//386 1350//386
f 1255//386 1351//386 1350//386
f 1255//386 1256//386 1352//386
f 1257//386 1353//386 1352//386
f 1258//386 1354//386 1353//386
f 1258//386 1259//386 1355//386
f 1260//386 1356//386 1355//386
f 1260//386 1261//386 1357//386
f 1262//386 1358//386 1357//386
f 1262//386 1263//386 1359//386
f 1264//386 1360//386 1359//386
f 1265//386 1361//386 1360//386
f 1265//386 1266//386 1362//386
f 1267//386 1363//386 1362//386
f 1267//386 1268//386 1364//386
f 1269//386 1365//386 1364//386
f 1269//386 1270//386 1366//386
f 1270//386 1271//386 1367//386
f 1272//386 1368//386 1367//386
f 1273//386 1369//386 1368//386
f 1274//386 1370//386 1369//386
f 1275//386 1371//386 1370//386
f 1276//386 1372//386 1371//386
f 1277//386 1373//386 1372//386
f 1277//386 1278//386 1374//386
f 1279//386 1375//386 1374//386
f 1279//386 1280//386 1376//386
f 1281//386 1377//386 1376//386
f 1282//386 1378//386 1377//386
f 1282//386 1283//386 1379//386
f 1284//386 1380//386 1379//386
f 1284//386 1285//386 1381//386
f 1286//386 1382//386 1381//386
f 1286//386 1287//386 1383//386
f 1288//386 1384//386 1383//386
f 1289//386 1385//386 1384//386
f 1289//386 1290//386 1386//386
f 1291//386 1387//386 1386//386
f 1291//386 1292//386 1388//386
f 1293//386 1389//386 1388//386
f 1293//386 1294//386 1390//386
f 1294//386 1295//386 1391//386
f 1296//386 1392//386 1391//386
f 1297//386 1393//386 1392//386
f 1298//386 1394//386 1393//386
f 1299//386 1395//386 1394//386
f 1300//386 1396//386 1395//386
f 1301//386 1397//386 1396//386
f 1301//386 1302//386 1398//386
f 1303//386 1399//386 1398//386
f 1303//386 1304//386 1400//386
f 1305//386 1401//386 1400//386
f 1306//386 1402//386 1401//386
f 1306//386 1307//386 1403//386
f 1308//386 1404//386 1403//386
f 1308//386 1309//386 1405//386
f 1310//386 1406//386 1405//386
f 1310//386 1311//386 1407//386
f 1312//386 1408//386 1407//386
f 1313//386 1409//386 1408//386
f 1313//386 1314//386 1410//386
f 1315//386 1411//386 1410//386
f 1315//386 1316//386 1412//386
f 1317//386 1413//386 1412//386
f 1317//386 1318//386 1414//386
f 1318//386 1319//386 1415//386
f 1320//386 1416//386 1415//386
f 1321//386 1417//386 1416//386
f 1322//386 1418//386 1417//386
f 1323//386 1419//386 1418//386
f 1324//386 1420//386 1419//386
f 1325//386 1421//386 1420//386
f 1325//386 1326//386 1422//386
f 1327//386 1423//386 1422//386
f 1327//386 1328//386 1424//386
f 1329//386 1425//386 1424//386
f 1330//386 1426//386 1425//386
f 1330//386 1331//386 1427//386
f 1332//386 1428//386 1427//386
f 1332//386 1333//386 1429//386
f 1334//386 1430//386 1429//386
f 1334//386 1335//386 1431//386
f 1336//386 1432//386 1431//386
f 1337//386 1433//386 1432//386
f 1337//386 1338//386 1434//386
f 1339//386 1435//386 1434//386
f 1339//386 1340//386 1436//386
f 1341//386 1437//386 1436//386
f 1341//386 1342//386 1438//386
f 1342//386 1343//386 1439//386
f 1344//386 1440//386 1439//386
f 1249//386 1345//386 1440//386
f 1346//437 1442//437 1441//437
f 1347//438 1443//438 1442//438
f 1348//439 1444//439 1443//439
f 1349//440 1445//440 1444//440
f 1350//441 1446//441 1445//441
f 1351//485 1447//485 1446//485
f 1352//443 1448//443 1447//443
f 1353//444 1449//444 1448//444
f 1354//445 1450//445 1449//445
f 1355//511 1451//511 1450//511
f 1356//447 1452//447 1451//447
f 1357//448 1453//448 1452//448
f 1358//449 1454//449 1453//449
f 1359//450 1455//450 1454//450
f 1360//451 1456//451 1455//451
f 1361//452 1457//452 1456//452
f 1362//453 1458//453 1457//453
f 1363//454 1459//454 1458//454
f 1364//455 1460//455 1459//455
f 1365//456 1461//456 1460//456
f 1366//457 1462//457 1461//457
f 1367//458 1463//458 1462//458
f 1368//459 1464//459 1463//459
f 1369//460 1465//460 1464//460
f 1370//461 1466//461 1465//461
f 1371//462 1467//462 1466//462
f 1372//463 1468//463 1467//463
f 1373//464 1469//464 1468//464
f 1374//465 1470//465 1469//465
f 1375//486 1471//486 1470//486
f 1376//467 1472//467 1471//467
f 1377//468 1473//468 1472//468
f 1378//469 1474//469 1473//469
f 1379//470 1475//470 1474//470
f 1380//471 1476//471 1475//471
f 1381//472 1477//472 1476//472
f 1382//473 1478//473 1477//473
f 1383//474 1479//474 1478//474
f 1384//512 1480//512 1479//512
f 1385//476 1481//476 1480//476
f 1386//477 1482//477 1481//477
f 1387//478 1483//478 1482//478
f 1388//487 1484//487 1483//487
f 1389//480 1485//480 1484//480
f 1390//481 1486//481 1485//481
f 1391//482 1487//482 1486//482
f 1392//483 1488//483 1487//483
f 1393//484 1489//484 1488//484
f 1394//389 1490//389 1489//389
f 1395//390 1491//390 1490//390
f 1396//391 1492//391 1491//391
f 1397//392 1493//392 1492//392
f 1398//393 1494//393 1493//393
f 1399//488 1495//488 1494//488
f 1400//395 1496//395 1495//395
f 1401//396 1497//396 1496//396
f 1402//397 1498//397 1497//397
f 1403//513 1499//513 1498//513
f 1404//399 1500//399 1499//399
f 1405//400 1501//400 1500//400
f 1406//401 1502//401 1501//401
f 1407//402 1503//402 1502//402
f 1408//403 1504//403 1503//403
f 1409//404 1505//404 1504//404
f 1410//405 1506//405 1505//405
f 1411//406 1507//406 1506//406
f 1412//407 1508//407 1507//407
f 1413//408 1509//408 1508//408
f 1414//409 1510//409 1509//409
f 1415//410 1511//410 1510//410
f 1416//411 1512//411 1511//411
f 1417//412 1513//412 1512//412
f 1418//413 1514//413 1513//413
f 1419//414 1515//414 1514//414
f 1420//415 1516//415 1515//415
f 1421//416 1517//416 1516//416
f 1422//417 1518//417 1517//417
f 1423//490 1519//490 1518//490
f 1424//419 1520//419 1519//419
f 1425//420 1521//420 1520//420
f 1426//421 1522//421 1521//421
f 1427//422 1523//422 1522//422
f 1428//423 1524//423 1523//423
f 1429//424 1525//424 1524//424
f 1430//425 1526//425 1525//425
f 1431//426 1527//426 1526//426
f 1432//514 1528//514 1527//514
f 1433//428 1529//428 1528//428
f 1434//429 1530//429 1529//429
f 1435//430 1531//430 1530//430
f 1436//491 1532//491 1531//491
f 1437//432 1533//432 1532//432
f 1438//433 1534//433 1533//433
f 1439//434 1535//434 1534//434
f 1440//435 1536//435 1535//435
f 1345//436 1441//436 1536//436
