# Blender 5.2.2 LTS
# www.blender.org
mtllib tower_section_2.mtl
o tower_section_2
v 2.965000 0.000000 0.000000
v 2.958652 0.193920 0.000000
v 2.939634 0.387010 0.000000
v 2.908028 0.578443 0.000000
v 2.863970 0.767398 0.000000
v 2.807648 0.953068 0.000000
v 2.739303 1.134656 0.000000
v 2.659228 1.311386 0.000000
v 2.567765 1.482500 0.000000
v 2.465307 1.647266 0.000000
v 2.352293 1.804978 0.000000
v 2.229205 1.954960 0.000000
v 2.096572 2.096572 0.000000
v 1.954960 2.229205 0.000000
v 1.804978 2.352293 0.000000
v 1.647266 2.465307 0.000000
v 1.482500 2.567765 0.000000
v 1.311386 2.659228 0.000000
v 1.134656 2.739303 0.000000
v 0.953068 2.807648 0.000000
v 0.767398 2.863970 0.000000
v 0.578443 2.908028 0.000000
v 0.387010 2.939634 0.000000
v 0.193920 2.958652 0.000000
v 0.000000 2.965000 0.000000
v -0.193920 2.958652 0.000000
v -0.387010 2.939634 0.000000
v -0.578443 2.908028 0.000000
v -0.767398 2.863970 0.000000
v -0.953068 2.807648 0.000000
v -1.134656 2.739303 0.000000
v -1.311386 2.659228 0.000000
v -1.482500 2.567765 0.000000
v -1.647266 2.465307 0.000000
v -1.804978 2.352293 0.000000
v -1.954960 2.229205 0.000000
v -2.096572 2.096572 0.000000
v -2.229205 1.954960 0.000000
v -2.352293 1.804978 0.000000
v -2.465307 1.647266 0.000000
v -2.567765 1.482500 0.000000
v -2.659228 1.311386 0.000000
v -2.739303 1.134656 0.000000
v -2.807648 0.953068 0.000000
v -2.863970 0.767398 0.000000
v -2.908028 0.578443 0.000000
v -2.939634 0.387010 0.000000
v -2.958652 0.193920 0.000000
v -2.965000 0.000000 0.000000
v -2.958652 -0.193920 0.000000
v -2.939634 -0.387010 0.000000
v -2.908028 -0.578443 0.000000
v -2.863970 -0.767398 0.000000
v -2.807648 -0.953068 0.000000
v -2.739303 -1.134656 0.000000
v -2.659228 -1.311386 0.000000
v -2.567765 -1.482500 0.000000
v -2.465307 -1.647266 0.000000
v -2.352293 -1.804978 0.000000
v -2.229205 -1.954960 0.000000
v -2.096572 -2.096572 0.000000
v -1.954960 -2.229205 0.000000
v -1.804978 -2.352293 0.000000
v -1.647266 -2.465307 0.000000
v -1.482500 -2.567765 0.000000
v -1.311386 -2.659228 0.000000
v -1.134656 -2.739303 0.000000
v -0.953068 -2.807648 0.000000
v -0.767398 -2.863970 0.000000
v -0.578443 -2.908028 0.000000
v -0.387010 -2.939634 0.000000
v -0.193920 -2.958652 0.000000
v -0.000000 -2.965000 0.000000
v 0.193920 -2.958652 0.000000
v 0.387010 -2.939634 0.000000
v 0.578443 -2.908028 0.000000
v 0.767398 -2.863970 0.000000
v 0.953068 -2.807648 0.000000
v 1.134656 -2.739303 0.000000
v 1.311386 -2.659228 0.000000
v 1.482500 -2.567765 0.000000
v 1.647266 -2.465307 0.000000
v 1.804978 -2.352293 0.000000
v 1.954960 -2.229205 0.000000
v 2.096572 -2.096572 0.000000
v 2.229205 -1.954960 0.000000
v 2.352293 -1.804978 0.000000
v 2.465307 -1.647266 0.000000
v 2.567765 -1.482500 0.000000
v 2.659228 -1.311386 0.000000
v 2.739303 -1.134656 0.000000
v 2.807648 -0.953068 0.000000
v 2.863970 -0.767398 0.000000
v 2.908028 -0.578443 0.000000
v 2.939634 -0.387010 0.000000
v 2.958652 -0.193920 0.000000
v 2.914530 0.000000 0.000000
v 2.908290 0.190619 0.000000
v 2.889596 0.380423 0.000000
v 2.858528 0.568597 0.000000
v 2.815220 0.754336 0.000000
v 2.759856 0.936845 0.000000
v 2.692675 1.115342 0.000000
v 2.613962 1.289064 0.000000
v 2.524057 1.457265 0.000000
v 2.423343 1.619226 0.000000
v 2.312252 1.774253 0.000000
v 2.191260 1.921683 0.000000
v 2.060884 2.060884 0.000000
v 1.921683 2.191260 0.000000
v 1.774253 2.312252 0.000000
v 1.619226 2.423343 0.000000
v 1.457265 2.524057 0.000000
v 1.289064 2.613962 0.000000
v 1.115342 2.692675 0.000000
v 0.936845 2.759856 0.000000
v 0.754336 2.815220 0.000000
v 0.568597 2.858528 0.000000
v 0.380423 2.889596 0.000000
v 0.190619 2.908290 0.000000
v 0.000000 2.914530 0.000000
v -0.190619 2.908290 0.000000
v -0.380423 2.889596 0.000000
v -0.568597 2.858528 0.000000
v -0.754336 2.815220 0.000000
v -0.936845 2.759856 0.000000
v -1.115342 2.692675 0.000000
v -1.289064 2.613962 0.000000
v -1.457265 2.524057 0.000000
v -1.619226 2.423343 0.000000
v -1.774253 2.312252 0.000000
v -1.921683 2.191260 0.000000
v -2.060884 2.060884 0.000000
v -2.191260 1.921683 0.000000
v -2.312252 1.774253 0.000000
v -2.423343 1.619226 0.000000
v -2.524057 1.457265 0.000000
v -2.613962 1.289064 0.000000
v -2.692675 1.115342 0.000000
v -2.759856 0.936845 0.000000
v -2.815220 0.754336 0.000000
v -2.858528 0.568597 0.000000
v -2.889596 0.380423 0.000000
v -2.908290 0.190619 0.000000
v -2.914530 0.000000 0.000000
v -2.908290 -0.190619 0.000000
v -2.889596 -0.380423 0.000000
v -2.858528 -0.568597 0.000000
v -2.815220 -0.754336 0.000000
v -2.759856 -0.936845 0.000000
v -2.692675 -1.115342 0.000000
v -2.613962 -1.289064 0.000000
v -2.524057 -1.457265 0.000000
v -2.423343 -1.619226 0.000000
v -2.312252 -1.774253 0.000000
v -2.191260 -1.921683 0.000000
v -2.060884 -2.060884 0.000000
v -1.921683 -2.191260 0.000000
v -1.774253 -2.312252 0.000000
v -1.619226 -2.423343 0.000000
v -1.457265 -2.524057 0.000000
v -1.289064 -2.613962 0.000000
v -1.115342 -2.692675 0.000000
v -0.936845 -2.759856 0.000000
v -0.754336 -2.815220 0.000000
v -0.568597 -2.858528 0.000000
v -0.380423 -2.889596 0.000000
v -0.190619 -2.908290 0.000000
v -0.000000 -2.914530 0.000000
v 0.190619 -2.908290 0.000000
v 0.380423 -2.889596 0.000000
v 0.568597 -2.858528 0.000000
v 0.754336 -2.815220 0.000000
v 0.936845 -2.759856 0.000000
v 1.115342 -2.692675 0.000000
v 1.289064 -2.613962 0.000000
v 1.457265 -2.524057 0.000000
v 1.619226 -2.423343 0.000000
v 1.774253 -2.312252 0.000000
v 1.921683 -2.191260 0.000000
v 2.060884 -2.060884 0.000000
v 2.191260 -1.921683 0.000000
v 2.312252 -1.774253 0.000000
v 2.423343 -1.619226 0.000000
v 2.524057 -1.457265 0.000000
v 2.613962 -1.289064 0.000000
v 2.692675 -1.115342 0.000000
v 2.759856 -0.936845 0.000000
v 2.815220 -0.754336 0.000000
v 2.858528 -0.568597 0.000000
v 2.889596 -0.380423 0.000000
v 2.908290 -0.190619 0.000000
v 2.965000 0.000000 10.800000
v 2.958652 0.193920 10.800000
v 2.939634 0.387010 10.800000
v 2.908028 0.578443 10.800000
v 2.863970 0.767398 10.800000
v 2.807648 0.953068 10.800000
v 2.739303 1.134656 10.800000
v 2.659228 1.311386 10.800000
v 2.567765 1.482500 10.800000
v 2.465307 1.647266 10.800000
v 2.352293 1.804978 10.800000
v 2.229205 1.954960 10.800000
v 2.096572 2.096572 10.800000
v 1.954960 2.229205 10.800000
v 1.804978 2.352293 10.800000
v 1.647266 2.465307 10.800000
v 1.482500 2.567765 10.800000
v 1.311386 2.659228 10.800000
v 1.134656 2.739303 10.800000
v 0.953068 2.807648 10.800000
v 0.767398 2.863970 10.800000
v 0.578443 2.908028 10.800000
v 0.387010 2.939634 10.800000
v 0.193920 2.958652 10.800000
v 0.000000 2.965000 10.800000
v -0.193920 2.958652 10.800000
v -0.387010 2.939634 10.800000
v -0.578443 2.908028 10.800000
v -0.767398 2.863970 10.800000
v -0.953068 2.807648 10.800000
v -1.134656 2.739303 10.800000
v -1.311386 2.659228 10.800000
v -1.482500 2.567765 10.800000
v -1.647266 2.465307 10.800000
v -1.804978 2.352293 10.800000
v -1.954960 2.229205 10.800000
v -2.096572 2.096572 10.800000
v -2.229205 1.954960 10.800000
v -2.352293 1.804978 10.800000
v -2.465307 1.647266 10.800000
v -2.567765 1.482500 10.800000
v -2.659228 1.311386 10.800000
v -2.739303 1.134656 10.800000
v -2.807648 0.953068 10.800000
v -2.863970 0.767398 10.800000
v -2.908028 0.578443 10.800000
v -2.939634 0.387010 10.800000
v -2.958652 0.193920 10.800000
v -2.965000 0.000000 10.800000
v -2.958652 -0.193920 10.800000
v -2.939634 -0.387010 10.800000
v -2.908028 -0.578443 10.800000
v -2.863970 -0.767398 10.800000
v -2.807648 -0.953068 10.800000
v -2.739303 -1.134656 10.800000
v -2.659228 -1.311386 10.800000
v -2.567765 -1.482500 10.800000
v -2.465307 -1.647266 10.800000
v -2.352293 -1.804978 10.800000
v -2.229205 -1.954960 10.800000
v -2.096572 -2.096572 10.800000
v -1.954960 -2.229205 10.800000
v -1.804978 -2.352293 10.800000
v -1.647266 -2.465307 10.800000
v -1.482500 -2.567765 10.800000
v -1.311386 -2.659228 10.800000
v -1.134656 -2.739303 10.800000
v -0.953068 -2.807648 10.800000
v -0.767398 -2.863970 10.800000
v -0.578443 -2.908028 10.800000
v -0.387010 -2.939634 10.800000
v -0.193920 -2.958652 10.800000
v -0.000000 -2.965000 10.800000
v 0.193920 -2.958652 10.800000
v 0.387010 -2.939634 10.800000
v 0.578443 -2.908028 10.800000
v 0.767398 -2.863970 10.800000
v 0.953068 -2.807648 10.800000
v 1.134656 -2.739303 10.800000
v 1.311386 -2.659228 10.800000
v 1.482500 -2.567765 10.800000
v 1.647266 -2.465307 10.800000
v 1.804978 -2.352293 10.800000
v 1.954960 -2.229205 10.800000
v 2.096572 -2.096572 10.800000
v 2.229205 -1.954960 10.800000
v 2.352293 -1.804978 10.800000
v 2.465307 -1.647266 10.800000
v 2.567765 -1.482500 10.800000
v 2.659228 -1.311386 10.800000
v 2.739303 -1.134656 10.800000
v 2.807648 -0.953068 10.800000
v 2.863970 -0.767398 10.800000
v 2.908028 -0.578443 10.800000
v 2.939634 -0.387010 10.800000
v 2.958652 -0.193920 10.800000
v 2.918360 0.000000 10.800000
v 2.912112 0.190870 10.800000
v 2.893393 0.380922 10.800000
v 2.862284 0.569344 10.800000
v 2.818919 0.755327 10.800000
v 2.763483 0.938076 10.800000
v 2.696213 1.116808 10.800000
v 2.617398 1.290758 10.800000
v 2.527374 1.459180 10.800000
v 2.426528 1.621354 10.800000
v 2.315291 1.776585 10.800000
v 2.194139 1.924208 10.800000
v 2.063592 2.063592 10.800000
v 1.924208 2.194139 10.800000
v 1.776585 2.315291 10.800000
v 1.621354 2.426528 10.800000
v 1.459180 2.527374 10.800000
v 1.290758 2.617398 10.800000
v 1.116808 2.696213 10.800000
v 0.938076 2.763483 10.800000
v 0.755327 2.818919 10.800000
v 0.569344 2.862284 10.800000
v 0.380922 2.893393 10.800000
v 0.190870 2.912112 10.800000
v 0.000000 2.918360 10.800000
v -0.190870 2.912112 10.800000
v -0.380922 2.893393 10.800000
v -0.569344 2.862284 10.800000
v -0.755327 2.818919 10.800000
v -0.938076 2.763483 10.800000
v -1.116808 2.696213 10.800000
v -1.290758 2.617398 10.800000
v -1.459180 2.527374 10.800000
v -1.621354 2.426528 10.800000
v -1.776585 2.315291 10.800000
v -1.924208 2.194139 10.800000
v -2.063592 2.063592 10.800000
v -2.194139 1.924208 10.800000
v -2.315291 1.776585 10.800000
v -2.426528 1.621354 10.800000
v -2.527374 1.459180 10.800000
v -2.617398 1.290758 10.800000
v -2.696213 1.116808 10.800000
v -2.763483 0.938076 10.800000
v -2.818919 0.755327 10.800000
v -2.862284 0.569344 10.800000
v -2.893393 0.380922 10.800000
v -2.912112 0.190870 10.800000
v -2.918360 0.000000 10.800000
v -2.912112 -0.190870 10.800000
v -2.893393 -0.380922 10.800000
v -2.862284 -0.569344 10.800000
v -2.818919 -0.755327 10.800000
v -2.763483 -0.938076 10.800000
v -2.696213 -1.116808 10.800000
v -2.617398 -1.290758 10.800000
v -2.527374 -1.459180 10.800000
v -2.426528 -1.621354 10.800000
v -2.315291 -1.776585 10.800000
v -2.194139 -1.924208 10.800000
v -2.063592 -2.063592 10.800000
v -1.924208 -2.194139 10.800000
v -1.776585 -2.315291 10.800000
v -1.621354 -2.426528 10.800000
v -1.459180 -2.527374 10.800000
v -1.290758 -2.617398 10.800000
v -1.116808 -2.696213 10.800000
v -0.938076 -2.763483 10.800000
v -0.755327 -2.818919 10.800000
v -0.569344 -2.862284 10.800000
v -0.380922 -2.893393 10.800000
v -0.190870 -2.912112 10.800000
v -0.000000 -2.918360 10.800000
v 0.190870 -2.912112 10.800000
v 0.380922 -2.893393 10.800000
v 0.569344 -2.862284 10.800000
v 0.755327 -2.818919 10.800000
v 0.938076 -2.763483 10.800000
v 1.116808 -2.696213 10.800000
v 1.290758 -2.617398 10.800000
v 1.459180 -2.527374 10.800000
v 1.621354 -2.426528 10.800000
v 1.776585 -2.315291 10.800000
v 1.924208 -2.194139 10.800000
v 2.063592 -2.063592 10.800000
v 2.194139 -1.924208 10.800000
v 2.315291 -1.776585 10.800000
v 2.426528 -1.621354 10.800000
v 2.527374 -1.459180 10.800000
v 2.617398 -1.290758 10.800000
v 2.696213 -1.116808 10.800000
v 2.763483 -0.938076 10.800000
v 2.818919 -0.755327 10.800000
v 2.862284 -0.569344 10.800000
v 2.893393 -0.380922 10.800000
v 2.912112 -0.190870 10.800000
v 2.965000 0.000000 21.610001
v 2.958652 0.193920 21.610001
v 2.939634 0.387010 21.610001
v 2.908028 0.578443 21.610001
v 2.863970 0.767398 21.610001
v 2.807648 0.953068 21.610001
v 2.739303 1.134656 21.610001
v 2.659228 1.311386 21.610001
v 2.567765 1.482500 21.610001
v 2.465307 1.647266 21.610001
v 2.352293 1.804978 21.610001
v 2.229205 1.954960 21.610001
v 2.096572 2.096572 21.610001
v 1.954960 2.229205 21.610001
v 1.804978 2.352293 21.610001
v 1.647266 2.465307 21.610001
v 1.482500 2.567765 21.610001
v 1.311386 2.659228 21.610001
v 1.134656 2.739303 21.610001
v 0.953068 2.807648 21.610001
v 0.767398 2.863970 21.610001
v 0.578443 2.908028 21.610001
v 0.387010 2.939634 21.610001
v 0.193920 2.958652 21.610001
v 0.000000 2.965000 21.610001
v -0.193920 2.958652 21.610001
v -0.387010 2.939634 21.610001
v -0.578443 2.908028 21.610001
v -0.767398 2.863970 21.610001
v -0.953068 2.807648 21.610001
v -1.134656 2.739303 21.610001
v -1.311386 2.659228 21.610001
v -1.482500 2.567765 21.610001
v -1.647266 2.465307 21.610001
v -1.804978 2.352293 21.610001
v -1.954960 2.229205 21.610001
v -2.096572 2.096572 21.610001
v -2.229205 1.954960 21.610001
v -2.352293 1.804978 21.610001
v -2.465307 1.647266 21.610001
v -2.567765 1.482500 21.610001
v -2.659228 1.311386 21.610001
v -2.739303 1.134656 21.610001
v -2.807648 0.953068 21.610001
v -2.863970 0.767398 21.610001
v -2.908028 0.578443 21.610001
v -2.939634 0.387010 21.610001
v -2.958652 0.193920 21.610001
v -2.965000 0.000000 21.610001
v -2.958652 -0.193920 21.610001
v -2.939634 -0.387010 21.610001
v -2.908028 -0.578443 21.610001
v -2.863970 -0.767398 21.610001
v -2.807648 -0.953068 21.610001
v -2.739303 -1.134656 21.610001
v -2.659228 -1.311386 21.610001
v -2.567765 -1.482500 21.610001
v -2.465307 -1.647266 21.610001
v -2.352293 -1.804978 21.610001
v -2.229205 -1.954960 21.610001
v -2.096572 -2.096572 21.610001
v -1.954960 -2.229205 21.610001
v -1.804978 -2.352293 21.610001
v -1.647266 -2.465307 21.610001
v -1.482500 -2.567765 21.610001
v -1.311386 -2.659228 21.610001
v -1.134656 -2.739303 21.610001
v -0.953068 -2.807648 21.610001
v -0.767398 -2.863970 21.610001
v -0.578443 -2.908028 21.610001
v -0.387010 -2.939634 21.610001
v -0.193920 -2.958652 21.610001
v -0.000000 -2.965000 21.610001
v 0.193920 -2.958652 21.610001
v 0.387010 -2.939634 21.610001
v 0.578443 -2.908028 21.610001
v 0.767398 -2.863970 21.610001
v 0.953068 -2.807648 21.610001
v 1.134656 -2.739303 21.610001
v 1.311386 -2.659228 21.610001
v 1.482500 -2.567765 21.610001
v 1.647266 -2.465307 21.610001
v 1.804978 -2.352293 21.610001
v 1.954960 -2.229205 21.610001
v 2.096572 -2.096572 21.610001
v 2.229205 -1.954960 21.610001
v 2.352293 -1.804978 21.610001
v 2.465307 -1.647266 21.610001
v 2.567765 -1.482500 21.610001
v 2.659228 -1.311386 21.610001
v 2.739303 -1.134656 21.610001
v 2.807648 -0.953068 21.610001
v 2.863970 -0.767398 21.610001
v 2.908028 -0.578443 21.610001
v 2.939634 -0.387010 21.610001
v 2.958652 -0.193920 21.610001
v 2.925650 0.000000 21.610001
v 2.919386 0.191347 21.610001
v 2.900621 0.381874 21.610001
v 2.869434 0.570766 21.610001
v 2.825961 0.757214 21.610001
v 2.770386 0.940419 21.610001
v 2.702948 1.119598 21.610001
v 2.623936 1.293982 21.610001
v 2.533687 1.462825 21.610001
v 2.432589 1.625404 21.610001
v 2.321074 1.781023 21.610001
v 2.199620 1.929015 21.610001
v 2.068747 2.068747 21.610001
v 1.929015 2.199620 21.610001
v 1.781023 2.321074 21.610001
v 1.625404 2.432589 21.610001
v 1.462825 2.533687 21.610001
v 1.293982 2.623936 21.610001
v 1.119598 2.702948 21.610001
v 0.940419 2.770386 21.610001
v 0.757214 2.825961 21.610001
v 0.570766 2.869434 21.610001
v 0.381874 2.900621 21.610001
v 0.191347 2.919386 21.610001
v 0.000000 2.925650 21.610001
v -0.191347 2.919386 21.610001
v -0.381874 2.900621 21.610001
v -0.570766 2.869434 21.610001
v -0.757214 2.825961 21.610001
v -0.940419 2.770386 21.610001
v -1.119598 2.702948 21.610001
v -1.293982 2.623936 21.610001
v -1.462825 2.533687 21.610001
v -1.625404 2.432589 21.610001
v -1.781023 2.321074 21.610001
v -1.929015 2.199620 21.610001
v -2.068747 2.068747 21.610001
v -2.199620 1.929015 21.610001
v -2.321074 1.781023 21.610001
v -2.432589 1.625404 21.610001
v -2.533687 1.462825 21.610001
v -2.623936 1.293982 21.610001
v -2.702948 1.119598 21.610001
v -2.770386 0.940419 21.610001
v -2.825961 0.757214 21.610001
v -2.869434 0.570766 21.610001
v -2.900621 0.381874 21.610001
v -2.919386 0.191347 21.610001
v -2.925650 0.000000 21.610001
v -2.919386 -0.191347 21.610001
v -2.900621 -0.381874 21.610001
v -2.869434 -0.570766 21.610001
v -2.825961 -0.757214 21.610001
v -2.770386 -0.940419 21.610001
v -2.702948 -1.119598 21.610001
v -2.623936 -1.293982 21.610001
v -2.533687 -1.462825 21.610001
v -2.432589 -1.625404 21.610001
v -2.321074 -1.781023 21.610001
v -2.199620 -1.929015 21.610001
v -2.068747 -2.068747 21.610001
v -1.929015 -2.199620 21.610001
v -1.781023 -2.321074 21.610001
v -1.625404 -2.432589 21.610001
v -1.462825 -2.533687 21.610001
v -1.293982 -2.623936 21.610001
v -1.119598 -2.702948 21.610001
v -0.940419 -2.770386 21.610001
v -0.757214 -2.825961 21.610001
v -0.570766 -2.869434 21.610001
v -0.381874 -2.900621 21.610001
v -0.191347 -2.919386 21.610001
v -0.000000 -2.925650 21.610001
v 0.191347 -2.919386 21.610001
v 0.381874 -2.900621 21.610001
v 0.570766 -2.869434 21.610001
v 0.757214 -2.825961 21.610001
v 0.940419 -2.770386 21.610001
v 1.119598 -2.702948 21.610001
v 1.293982 -2.623936 21.610001
v 1.462825 -2.533687 21.610001
v 1.625404 -2.432589 21.610001
v 1.781023 -2.321074 21.610001
v 1.929015 -2.199620 21.610001
v 2.068747 -2.068747 21.610001
v 2.199620 -1.929015 21.610001
v 2.321074 -1.781023 21.610001
v 2.432589 -1.625404 21.610001
v 2.533687 -1.462825 21.610001
v 2.623936 -1.293982 21.610001
v 2.702948 -1.119598 21.610001
v 2.770386 -0.940419 21.610001
v 2.825961 -0.757214 21.610001
v 2.869434 -0.570766 21.610001
v 2.900621 -0.381874 21.610001
v 2.919386 -0.191347 21.610001
v 2.965000 0.000000 32.410000
v 2.958652 0.193920 32.410000
v 2.939634 0.387010 32.410000
v 2.908028 0.578443 32.410000
v 2.863970 0.767398 32.410000
v 2.807648 0.953068 32.410000
v 2.739303 1.134656 32.410000
v 2.659228 1.311386 32.410000
v 2.567765 1.482500 32.410000
v 2.465307 1.647266 32.410000
v 2.352293 1.804978 32.410000
v 2.229205 1.954960 32.410000
v 2.096572 2.096572 32.410000
v 1.954960 2.229205 32.410000
v 1.804978 2.352293 32.410000
v 1.647266 2.465307 32.410000
v 1.482500 2.567765 32.410000
v 1.311386 2.659228 32.410000
v 1.134656 2.739303 32.410000
v 0.953068 2.807648 32.410000
v 0.767398 2.863970 32.410000
v 0.578443 2.908028 32.410000
v 0.387010 2.939634 32.410000
v 0.193920 2.958652 32.410000
v 0.000000 2.965000 32.410000
v -0.193920 2.958652 32.410000
v -0.387010 2.939634 32.410000
v -0.578443 2.908028 32.410000
v -0.767398 2.863970 32.410000
v -0.953068 2.807648 32.410000
v -1.134656 2.739303 32.410000
v -1.311386 2.659228 32.410000
v -1.482500 2.567765 32.410000
v -1.647266 2.465307 32.410000
v -1.804978 2.352293 32.410000
v -1.954960 2.229205 32.410000
v -2.096572 2.096572 32.410000
v -2.229205 1.954960 32.410000
v -2.352293 1.804978 32.410000
v -2.465307 1.647266 32.410000
v -2.567765 1.482500 32.410000
v -2.659228 1.311386 32.410000
v -2.739303 1.134656 32.410000
v -2.807648 0.953068 32.410000
v -2.863970 0.767398 32.410000
v -2.908028 0.578443 32.410000
v -2.939634 0.387010 32.410000
v -2.958652 0.193920 32.410000
v -2.965000 0.000000 32.410000
v -2.958652 -0.193920 32.410000
v -2.939634 -0.387010 32.410000
v -2.908028 -0.578443 32.410000
v -2.863970 -0.767398 32.410000
v -2.807648 -0.953068 32.410000
v -2.739303 -1.134656 32.410000
v -2.659228 -1.311386 32.410000
v -2.567765 -1.482500 32.410000
v -2.465307 -1.647266 32.410000
v -2.352293 -1.804978 32.410000
v -2.229205 -1.954960 32.410000
v -2.096572 -2.096572 32.410000
v -1.954960 -2.229205 32.410000
v -1.804978 -2.352293 32.410000
v -1.647266 -2.465307 32.410000
v -1.482500 -2.567765 32.410000
v -1.311386 -2.659228 32.410000
v -1.134656 -2.739303 32.410000
v -0.953068 -2.807648 32.410000
v -0.767398 -2.863970 32.410000
v -0.578443 -2.908028 32.410000
v -0.387010 -2.939634 32.410000
v -0.193920 -2.958652 32.410000
v -0.000000 -2.965000 32.410000
v 0.193920 -2.958652 32.410000
v 0.387010 -2.939634 32.410000
v 0.578443 -2.908028 32.410000
v 0.767398 -2.863970 32.410000
v 0.953068 -2.807648 32.410000
v 1.134656 -2.739303 32.410000
v 1.311386 -2.659228 32.410000
v 1.482500 -2.567765 32.410000
v 1.647266 -2.465307 32.410000
v 1.804978 -2.352293 32.410000
v 1.954960 -2.229205 32.410000
v 2.096572 -2.096572 32.410000
v 2.229205 -1.954960 32.410000
v 2.352293 -1.804978 32.410000
v 2.465307 -1.647266 32.410000
v 2.567765 -1.482500 32.410000
v 2.659228 -1.311386 32.410000
v 2.739303 -1.134656 32.410000
v 2.807648 -0.953068 32.410000
v 2.863970 -0.767398 32.410000
v 2.908028 -0.578443 32.410000
v 2.939634 -0.387010 32.410000
v 2.958652 -0.193920 32.410000
v 2.931460 0.000000 32.410000
v 2.925184 0.191727 32.410000
v 2.906381 0.382632 32.410000
v 2.875133 0.571899 32.410000
v 2.831573 0.758718 32.410000
v 2.775888 0.942287 32.410000
v 2.708316 1.121821 32.410000
v 2.629147 1.296552 32.410000
v 2.538719 1.465730 32.410000
v 2.437420 1.628632 32.410000
v 2.325684 1.784560 32.410000
v 2.203988 1.932846 32.410000
v 2.072855 2.072855 32.410000
v 1.932846 2.203988 32.410000
v 1.784560 2.325684 32.410000
v 1.628632 2.437420 32.410000
v 1.465730 2.538719 32.410000
v 1.296552 2.629147 32.410000
v 1.121821 2.708316 32.410000
v 0.942287 2.775888 32.410000
v 0.758718 2.831573 32.410000
v 0.571899 2.875133 32.410000
v 0.382632 2.906381 32.410000
v 0.191727 2.925184 32.410000
v 0.000000 2.931460 32.410000
v -0.191727 2.925184 32.410000
v -0.382632 2.906381 32.410000
v -0.571899 2.875133 32.410000
v -0.758718 2.831573 32.410000
v -0.942287 2.775888 32.410000
v -1.121821 2.708316 32.410000
v -1.296552 2.629147 32.410000
v -1.465730 2.538719 32.410000
v -1.628632 2.437420 32.410000
v -1.784560 2.325684 32.410000
v -1.932846 2.203988 32.410000
v -2.072855 2.072855 32.410000
v -2.203988 1.932846 32.410000
v -2.325684 1.784560 32.410000
v -2.437420 1.628632 32.410000
v -2.538719 1.465730 32.410000
v -2.629147 1.296552 32.410000
v -2.708316 1.121821 32.410000
v -2.775888 0.942287 32.410000
v -2.831573 0.758718 32.410000
v -2.875133 0.571899 32.410000
v -2.906381 0.382632 32.410000
v -2.925184 0.191727 32.410000
v -2.931460 0.000000 32.410000
v -2.925184 -0.191727 32.410000
v -2.906381 -0.382632 32.410000
v -2.875133 -0.571899 32.410000
v -2.831573 -0.758718 32.410000
v -2.775888 -0.942287 32.410000
v -2.708316 -1.121821 32.410000
v -2.629147 -1.296552 32.410000
v -2.538719 -1.465730 32.410000
v -2.437420 -1.628632 32.410000
v -2.325684 -1.784560 32.410000
v -2.203988 -1.932846 32.410000
v -2.072855 -2.072855 32.410000
v -1.932846 -2.203988 32.410000
v -1.784560 -2.325684 32.410000
v -1.628632 -2.437420 32.410000
v -1.465730 -2.538719 32.410000
v -1.296552 -2.629147 32.410000
v -1.121821 -2.708316 32.410000
v -0.942287 -2.775888 32.410000
v -0.758718 -2.831573 32.410000
v -0.571899 -2.875133 32.410000
v -0.382632 -2.906381 32.410000
v -0.191727 -2.925184 32.410000
v -0.000000 -2.931460 32.410000
v 0.191727 -2.925184 32.410000
v 0.382632 -2.906381 32.410000
v 0.571899 -2.875133 32.410000
v 0.758718 -2.831573 32.410000
v 0.942287 -2.775888 32.410000
v 1.121821 -2.708316 32.410000
v 1.296552 -2.629147 32.410000
v 1.465730 -2.538719 32.410000
v 1.628632 -2.437420 32.410000
v 1.784560 -2.325684 32.410000
v 1.932846 -2.203988 32.410000
v 2.072855 -2.072855 32.410000
v 2.203988 -1.932846 32.410000
v 2.325684 -1.784560 32.410000
v 2.437420 -1.628632 32.410000
v 2.538719 -1.465730 32.410000
v 2.629147 -1.296552 32.410000
v 2.708316 -1.121821 32.410000
v 2.775888 -0.942287 32.410000
v 2.831573 -0.758718 32.410000
v 2.875133 -0.571899 32.410000
v 2.906381 -0.382632 32.410000
v 2.925184 -0.191727 32.410000
v 2.694530 0.000000 0.000000
v 2.688761 0.176231 0.000000
v 2.671478 0.351707 0.000000
v 2.642755 0.525677 0.000000
v 2.602716 0.697396 0.000000
v 2.551532 0.866128 0.000000
v 2.489421 1.031152 0.000000
v 2.416651 1.191760 0.000000
v 2.333531 1.347265 0.000000
v 2.240420 1.497001 0.000000
v 2.137714 1.640326 0.000000
v 2.025855 1.776627 0.000000
v 1.905320 1.905320 0.000000
v 1.776627 2.025855 0.000000
v 1.640326 2.137714 0.000000
v 1.497001 2.240420 0.000000
v 1.347265 2.333531 0.000000
v 1.191760 2.416651 0.000000
v 1.031152 2.489421 0.000000
v 0.866128 2.551532 0.000000
v 0.697396 2.602716 0.000000
v 0.525677 2.642755 0.000000
v 0.351707 2.671478 0.000000
v 0.176231 2.688761 0.000000
v 0.000000 2.694530 0.000000
v -0.176231 2.688761 0.000000
v -0.351707 2.671478 0.000000
v -0.525677 2.642755 0.000000
v -0.697396 2.602716 0.000000
v -0.866128 2.551532 0.000000
v -1.031152 2.489421 0.000000
v -1.191760 2.416651 0.000000
v -1.347265 2.333531 0.000000
v -1.497001 2.240420 0.000000
v -1.640326 2.137714 0.000000
v -1.776627 2.025855 0.000000
v -1.905320 1.905320 0.000000
v -2.025855 1.776627 0.000000
v -2.137714 1.640326 0.000000
v -2.240420 1.497001 0.000000
v -2.333531 1.347265 0.000000
v -2.416651 1.191760 0.000000
v -2.489421 1.031152 0.000000
v -2.551532 0.866128 0.000000
v -2.602716 0.697396 0.000000
v -2.642755 0.525677 0.000000
v -2.671478 0.351707 0.000000
v -2.688761 0.176231 0.000000
v -2.694530 0.000000 0.000000
v -2.688761 -0.176231 0.000000
v -2.671478 -0.351707 0.000000
v -2.642755 -0.525677 0.000000
v -2.602716 -0.697396 0.000000
v -2.551532 -0.866128 0.000000
v -2.489421 -1.031152 0.000000
v -2.416651 -1.191760 0.000000
v -2.333531 -1.347265 0.000000
v -2.240420 -1.497001 0.000000
v -2.137714 -1.640326 0.000000
v -2.025855 -1.776627 0.000000
v -1.905320 -1.905320 0.000000
v -1.776627 -2.025855 0.000000
v -1.640326 -2.137714 0.000000
v -1.497001 -2.240420 0.000000
v -1.347265 -2.333531 0.000000
v -1.191760 -2.416651 0.000000
v -1.031152 -2.489421 0.000000
v -0.866128 -2.551532 0.000000
v -0.697396 -2.602716 0.000000
v -0.525677 -2.642755 0.000000
v -0.351707 -2.671478 0.000000
v -0.176231 -2.688761 0.000000
v -0.000000 -2.694530 0.000000
v 0.176231 -2.688761 0.000000
v 0.351707 -2.671478 0.000000
v 0.525677 -2.642755 0.000000
v 0.697396 -2.602716 0.000000
v 0.866128 -2.551532 0.000000
v 1.031152 -2.489421 0.000000
v 1.191760 -2.416651 0.000000
v 1.347265 -2.333531 0.000000
v 1.497001 -2.240420 0.000000
v 1.640326 -2.137714 0.000000
v 1.776627 -2.025855 0.000000
v 1.905320 -1.905320 0.000000
v 2.025855 -1.776627 0.000000
v 2.137714 -1.640326 0.000000
v 2.240420 -1.497001 0.000000
v 2.333531 -1.347265 0.000000
v 2.416651 -1.191760 0.000000
v 2.489421 -1.031152 0.000000
v 2.551532 -0.866128 0.000000
v 2.602716 -0.697396 0.000000
v 2.642755 -0.525677 0.000000
v 2.671478 -0.351707 0.000000
v 2.688761 -0.176231 0.000000
v 2.915530 0.000000 0.000000
v 2.909288 0.190685 0.000000
v 2.890587 0.380553 0.000000
v 2.859509 0.568792 0.000000
v 2.816186 0.754595 0.000000
v 2.760803 0.937166 0.000000
v 2.693599 1.115725 0.000000
v 2.614859 1.289506 0.000000
v 2.524923 1.457765 0.000000
v 2.424175 1.619782 0.000000
v 2.313046 1.774862 0.000000
v 2.192012 1.922343 0.000000
v 2.061591 2.061591 0.000000
v 1.922343 2.192012 0.000000
v 1.774862 2.313046 0.000000
v 1.619782 2.424175 0.000000
v 1.457765 2.524923 0.000000
v 1.289506 2.614859 0.000000
v 1.115725 2.693599 0.000000
v 0.937166 2.760803 0.000000
v 0.754595 2.816186 0.000000
v 0.568792 2.859509 0.000000
v 0.380553 2.890587 0.000000
v 0.190685 2.909288 0.000000
v 0.000000 2.915530 0.000000
v -0.190685 2.909288 0.000000
v -0.380553 2.890587 0.000000
v -0.568792 2.859509 0.000000
v -0.754595 2.816186 0.000000
v -0.937166 2.760803 0.000000
v -1.115725 2.693599 0.000000
v -1.289506 2.614859 0.000000
v -1.457765 2.524923 0.000000
v -1.619782 2.424175 0.000000
v -1.774862 2.313046 0.000000
v -1.922343 2.192012 0.000000
v -2.061591 2.061591 0.000000
v -2.192012 1.922343 0.000000
v -2.313046 1.774862 0.000000
v -2.424175 1.619782 0.000000
v -2.524923 1.457765 0.000000
v -2.614859 1.289506 0.000000
v -2.693599 1.115725 0.000000
v -2.760803 0.937166 0.000000
v -2.816186 0.754595 0.000000
v -2.859509 0.568792 0.000000
v -2.890587 0.380553 0.000000
v -2.909288 0.190685 0.000000
v -2.915530 0.000000 0.000000
v -2.909288 -0.190685 0.000000
v -2.890587 -0.380553 0.000000
v -2.859509 -0.568792 0.000000
v -2.816186 -0.754595 0.000000
v -2.760803 -0.937166 0.000000
v -2.693599 -1.115725 0.000000
v -2.614859 -1.289506 0.000000
v -2.524923 -1.457765 0.000000
v -2.424175 -1.619782 0.000000
v -2.313046 -1.774862 0.000000
v -2.192012 -1.922343 0.000000
v -2.061591 -2.061591 0.000000
v -1.922343 -2.192012 0.000000
v -1.774862 -2.313046 0.000000
v -1.619782 -2.424175 0.000000
v -1.457765 -2.524923 0.000000
v -1.289506 -2.614859 0.000000
v -1.115725 -2.693599 0.000000
v -0.937166 -2.760803 0.000000
v -0.754595 -2.816186 0.000000
v -0.568792 -2.859509 0.000000
v -0.380553 -2.890587 0.000000
v -0.190685 -2.909288 0.000000
v -0.000000 -2.915530 0.000000
v 0.190685 -2.909288 0.000000
v 0.380553 -2.890587 0.000000
v 0.568792 -2.859509 0.000000
v 0.754595 -2.816186 0.000000
v 0.937166 -2.760803 0.000000
v 1.115725 -2.693599 0.000000
v 1.289506 -2.614859 0.000000
v 1.457765 -2.524923 0.000000
v 1.619782 -2.424175 0.000000
v 1.774862 -2.313046 0.000000
v 1.922343 -2.192012 0.000000
v 2.061591 -2.061591 0.000000
v 2.192012 -1.922343 0.000000
v 2.313046 -1.774862 0.000000
v 2.424175 -1.619782 0.000000
v 2.524923 -1.457765 0.000000
v 2.614859 -1.289506 0.000000
v 2.693599 -1.115725 0.000000
v 2.760803 -0.937166 0.000000
v 2.816186 -0.754595 0.000000
v 2.859509 -0.568792 0.000000
v 2.890587 -0.380553 0.000000
v 2.909288 -0.190685 0.000000
v 2.915530 0.000000 0.140000
v 2.909288 0.190685 0.140000
v 2.890587 0.380553 0.140000
v 2.859509 0.568792 0.140000
v 2.816186 0.754595 0.140000
v 2.760803 0.937166 0.140000
v 2.693599 1.115725 0.140000
v 2.614859 1.289506 0.140000
v 2.524923 1.457765 0.140000
v 2.424175 1.619782 0.140000
v 2.313046 1.774862 0.140000
v 2.192012 1.922343 0.140000
v 2.061591 2.061591 0.140000
v 1.922343 2.192012 0.140000
v 1.774862 2.313046 0.140000
v 1.619782 2.424175 0.140000
v 1.457765 2.524923 0.140000
v 1.289506 2.614859 0.140000
v 1.115725 2.693599 0.140000
v 0.937166 2.760803 0.140000
v 0.754595 2.816186 0.140000
v 0.568792 2.859509 0.140000
v 0.380553 2.890587 0.140000
v 0.190685 2.909288 0.140000
v 0.000000 2.915530 0.140000
v -0.190685 2.909288 0.140000
v -0.380553 2.890587 0.140000
v -0.568792 2.859509 0.140000
v -0.754595 2.816186 0.140000
v -0.937166 2.760803 0.140000
v -1.115725 2.693599 0.140000
v -1.289506 2.614859 0.140000
v -1.457765 2.524923 0.140000
v -1.619782 2.424175 0.140000
v -1.774862 2.313046 0.140000
v -1.922343 2.192012 0.140000
v -2.061591 2.061591 0.140000
v -2.192012 1.922343 0.140000
v -2.313046 1.774862 0.140000
v -2.424175 1.619782 0.140000
v -2.524923 1.457765 0.140000
v -2.614859 1.289506 0.140000
v -2.693599 1.115725 0.140000
v -2.760803 0.937166 0.140000
v -2.816186 0.754595 0.140000
v -2.859509 0.568792 0.140000
v -2.890587 0.380553 0.140000
v -2.909288 0.190685 0.140000
v -2.915530 0.000000 0.140000
v -2.909288 -0.190685 0.140000
v -2.890587 -0.380553 0.140000
v -2.859509 -0.568792 0.140000
v -2.816186 -0.754595 0.140000
v -2.760803 -0.937166 0.140000
v -2.693599 -1.115725 0.140000
v -2.614859 -1.289506 0.140000
v -2.524923 -1.457765 0.140000
v -2.424175 -1.619782 0.140000
v -2.313046 -1.774862 0.140000
v -2.192012 -1.922343 0.140000
v -2.061591 -2.061591 0.140000
v -1.922343 -2.192012 0.140000
v -1.774862 -2.313046 0.140000
v -1.619782 -2.424175 0.140000
v -1.457765 -2.524923 0.140000
v -1.289506 -2.614859 0.140000
v -1.115725 -2.693599 0.140000
v -0.937166 -2.760803 0.140000
v -0.754595 -2.816186 0.140000
v -0.568792 -2.859509 0.140000
v -0.380553 -2.890587 0.140000
v -0.190685 -2.909288 0.140000
v -0.000000 -2.915530 0.140000
v 0.190685 -2.909288 0.140000
v 0.380553 -2.890587 0.140000
v 0.568792 -2.859509 0.140000
v 0.754595 -2.816186 0.140000
v 0.937166 -2.760803 0.140000
v 1.115725 -2.693599 0.140000
v 1.289506 -2.614859 0.140000
v 1.457765 -2.524923 0.140000
v 1.619782 -2.424175 0.140000
v 1.774862 -2.313046 0.140000
v 1.922343 -2.192012 0.140000
v 2.061591 -2.061591 0.140000
v 2.192012 -1.922343 0.140000
v 2.313046 -1.774862 0.140000
v 2.424175 -1.619782 0.140000
v 2.524923 -1.457765 0.140000
v 2.614859 -1.289506 0.140000
v 2.693599 -1.115725 0.140000
v 2.760803 -0.937166 0.140000
v 2.816186 -0.754595 0.140000
v 2.859509 -0.568792 0.140000
v 2.890587 -0.380553 0.140000
v 2.909288 -0.190685 0.140000
v 2.694530 0.000000 0.140000
v 2.688761 0.176231 0.140000
v 2.671478 0.351707 0.140000
v 2.642755 0.525677 0.140000
v 2.602716 0.697396 0.140000
v 2.551532 0.866128 0.140000
v 2.489421 1.031152 0.140000
v 2.416651 1.191760 0.140000
v 2.333531 1.347265 0.140000
v 2.240420 1.497001 0.140000
v 2.137714 1.640326 0.140000
v 2.025855 1.776627 0.140000
v 1.905320 1.905320 0.140000
v 1.776627 2.025855 0.140000
v 1.640326 2.137714 0.140000
v 1.497001 2.240420 0.140000
v 1.347265 2.333531 0.140000
v 1.191760 2.416651 0.140000
v 1.031152 2.489421 0.140000
v 0.866128 2.551532 0.140000
v 0.697396 2.602716 0.140000
v 0.525677 2.642755 0.140000
v 0.351707 2.671478 0.140000
v 0.176231 2.688761 0.140000
v 0.000000 2.694530 0.140000
v -0.176231 2.688761 0.140000
v -0.351707 2.671478 0.140000
v -0.525677 2.642755 0.140000
v -0.697396 2.602716 0.140000
v -0.866128 2.551532 0.140000
v -1.031152 2.489421 0.140000
v -1.191760 2.416651 0.140000
v -1.347265 2.333531 0.140000
v -1.497001 2.240420 0.140000
v -1.640326 2.137714 0.140000
v -1.776627 2.025855 0.140000
v -1.905320 1.905320 0.140000
v -2.025855 1.776627 0.140000
v -2.137714 1.640326 0.140000
v -2.240420 1.497001 0.140000
v -2.333531 1.347265 0.140000
v -2.416651 1.191760 0.140000
v -2.489421 1.031152 0.140000
v -2.551532 0.866128 0.140000
v -2.602716 0.697396 0.140000
v -2.642755 0.525677 0.140000
v -2.671478 0.351707 0.140000
v -2.688761 0.176231 0.140000
v -2.694530 0.000000 0.140000
v -2.688761 -0.176231 0.140000
v -2.671478 -0.351707 0.140000
v -2.642755 -0.525677 0.140000
v -2.602716 -0.697396 0.140000
v -2.551532 -0.866128 0.140000
v -2.489421 -1.031152 0.140000
v -2.416651 -1.191760 0.140000
v -2.333531 -1.347265 0.140000
v -2.240420 -1.497001 0.140000
v -2.137714 -1.640326 0.140000
v -2.025855 -1.776627 0.140000
v -1.905320 -1.905320 0.140000
v -1.776627 -2.025855 0.140000
v -1.640326 -2.137714 0.140000
v -1.497001 -2.240420 0.140000
v -1.347265 -2.333531 0.140000
v -1.191760 -2.416651 0.140000
v -1.031152 -2.489421 0.140000
v -0.866128 -2.551532 0.140000
v -0.697396 -2.602716 0.140000
v -0.525677 -2.642755 0.140000
v -0.351707 -2.671478 0.140000
v -0.176231 -2.688761 0.140000
v -0.000000 -2.694530 0.140000
v 0.176231 -2.688761 0.140000
v 0.351707 -2.671478 0.140000
v 0.525677 -2.642755 0.140000
v 0.697396 -2.602716 0.140000
v 0.866128 -2.551532 0.140000
v 1.031152 -2.489421 0.140000
v 1.191760 -2.416651 0.140000
v 1.347265 -2.333531 0.140000
v 1.497001 -2.240420 0.140000
v 1.640326 -2.137714 0.140000
v 1.776627 -2.025855 0.140000
v 1.905320 -1.905320 0.140000
v 2.025855 -1.776627 0.140000
v 2.137714 -1.640326 0.140000
v 2.240420 -1.497001 0.140000
v 2.333531 -1.347265 0.140000
v 2.416651 -1.191760 0.140000
v 2.489421 -1.031152 0.140000
v 2.551532 -0.866128 0.140000
v 2.602716 -0.697396 0.140000
v 2.642755 -0.525677 0.140000
v 2.671478 -0.351707 0.140000
v 2.688761 -0.176231 0.140000
v 2.694530 0.000000 0.000000
v 2.688761 0.176231 0.000000
v 2.671478 0.351707 0.000000
v 2.642755 0.525677 0.000000
v 2.602716 0.697396 0.000000
v 2.551532 0.866128 0.000000
v 2.489421 1.031152 0.000000
v 2.416651 1.191760 0.000000
v 2.333531 1.347265 0.000000
v 2.240420 1.497001 0.000000
v 2.137714 1.640326 0.000000
v 2.025855 1.776627 0.000000
v 1.905320 1.905320 0.000000
v 1.776627 2.025855 0.000000
v 1.640326 2.137714 0.000000
v 1.497001 2.240420 0.000000
v 1.347265 2.333531 0.000000
v 1.191760 2.416651 0.000000
v 1.031152 2.489421 0.000000
v 0.866128 2.551532 0.000000
v 0.697396 2.602716 0.000000
v 0.525677 2.642755 0.000000
v 0.351707 2.671478 0.000000
v 0.176231 2.688761 0.000000
v 0.000000 2.694530 0.000000
v -0.176231 2.688761 0.000000
v -0.351707 2.671478 0.000000
v -0.525677 2.642755 0.000000
v -0.697396 2.602716 0.000000
v -0.866128 2.551532 0.000000
v -1.031152 2.489421 0.000000
v -1.191760 2.416651 0.000000
v -1.347265 2.333531 0.000000
v -1.497001 2.240420 0.000000
v -1.640326 2.137714 0.000000
v -1.776627 2.025855 0.000000
v -1.905320 1.905320 0.000000
v -2.025855 1.776627 0.000000
v -2.137714 1.640326 0.000000
v -2.240420 1.497001 0.000000
v -2.333531 1.347265 0.000000
v -2.416651 1.191760 0.000000
v -2.489421 1.031152 0.000000
v -2.551532 0.866128 0.000000
v -2.602716 0.697396 0.000000
v -2.642755 0.525677 0.000000
v -2.671478 0.351707 0.000000
v -2.688761 0.176231 0.000000
v -2.694530 0.000000 0.000000
v -2.688761 -0.176231 0.000000
v -2.671478 -0.351707 0.000000
v -2.642755 -0.525677 0.000000
v -2.602716 -0.697396 0.000000
v -2.551532 -0.866128 0.000000
v -2.489421 -1.031152 0.000000
v -2.416651 -1.191760 0.000000
v -2.333531 -1.347265 0.000000
v -2.240420 -1.497001 0.000000
v -2.137714 -1.640326 0.000000
v -2.025855 -1.776627 0.000000
v -1.905320 -1.905320 0.000000
v -1.776627 -2.025855 0.000000
v -1.640326 -2.137714 0.000000
v -1.497001 -2.240420 0.000000
v -1.347265 -2.333531 0.000000
v -1.191760 -2.416651 0.000000
v -1.031152 -2.489421 0.000000
v -0.866128 -2.551532 0.000000
v -0.697396 -2.602716 0.000000
v -0.525677 -2.642755 0.000000
v -0.351707 -2.671478 0.000000
v -0.176231 -2.688761 0.000000
v -0.000000 -2.694530 0.000000
v 0.176231 -2.688761 0.000000
v 0.351707 -2.671478 0.000000
v 0.525677 -2.642755 0.000000
v 0.697396 -2.602716 0.000000
v 0.866128 -2.551532 0.000000
v 1.031152 -2.489421 0.000000
v 1.191760 -2.416651 0.000000
v 1.347265 -2.333531 0.000000
v 1.497001 -2.240420 0.000000
v 1.640326 -2.137714 0.000000
v 1.776627 -2.025855 0.000000
v 1.905320 -1.905320 0.000000
v 2.025855 -1.776627 0.000000
v 2.137714 -1.640326 0.000000
v 2.240420 -1.497001 0.000000
v 2.333531 -1.347265 0.000000
v 2.416651 -1.191760 0.000000
v 2.489421 -1.031152 0.000000
v 2.551532 -0.866128 0.000000
v 2.602716 -0.697396 0.000000
v 2.642755 -0.525677 0.000000
v 2.671478 -0.351707 0.000000
v 2.688761 -0.176231 0.000000
v 2.711460 0.000000 32.270000
v 2.705655 0.177338 32.270000
v 2.688263 0.353917 32.270000
v 2.659360 0.528980 32.270000
v 2.619069 0.701778 32.270000
v 2.567563 0.871570 32.270000
v 2.505062 1.037631 32.270000
v 2.431834 1.199248 32.270000
v 2.348193 1.355730 32.270000
v 2.254497 1.506406 32.270000
v 2.151146 1.650632 32.270000
v 2.038584 1.787790 32.270000
v 1.917292 1.917292 32.270000
v 1.787790 2.038584 32.270000
v 1.650632 2.151146 32.270000
v 1.506406 2.254497 32.270000
v 1.355730 2.348193 32.270000
v 1.199248 2.431834 32.270000
v 1.037631 2.505062 32.270000
v 0.871570 2.567563 32.270000
v 0.701778 2.619069 32.270000
v 0.528980 2.659360 32.270000
v 0.353917 2.688263 32.270000
v 0.177338 2.705655 32.270000
v 0.000000 2.711460 32.270000
v -0.177338 2.705655 32.270000
v -0.353917 2.688263 32.270000
v -0.528980 2.659360 32.270000
v -0.701778 2.619069 32.270000
v -0.871570 2.567563 32.270000
v -1.037631 2.505062 32.270000
v -1.199248 2.431834 32.270000
v -1.355730 2.348193 32.270000
v -1.506406 2.254497 32.270000
v -1.650632 2.151146 32.270000
v -1.787790 2.038584 32.270000
v -1.917292 1.917292 32.270000
v -2.038584 1.787790 32.270000
v -2.151146 1.650632 32.270000
v -2.254497 1.506406 32.270000
v -2.348193 1.355730 32.270000
v -2.431834 1.199248 32.270000
v -2.505062 1.037631 32.270000
v -2.567563 0.871570 32.270000
v -2.619069 0.701778 32.270000
v -2.659360 0.528980 32.270000
v -2.688263 0.353917 32.270000
v -2.705655 0.177338 32.270000
v -2.711460 0.000000 32.270000
v -2.705655 -0.177338 32.270000
v -2.688263 -0.353917 32.270000
v -2.659360 -0.528980 32.270000
v -2.619069 -0.701778 32.270000
v -2.567563 -0.871570 32.270000
v -2.505062 -1.037631 32.270000
v -2.431834 -1.199248 32.270000
v -2.348193 -1.355730 32.270000
v -2.254497 -1.506406 32.270000
v -2.151146 -1.650632 32.270000
v -2.038584 -1.787790 32.270000
v -1.917292 -1.917292 32.270000
v -1.787790 -2.038584 32.270000
v -1.650632 -2.151146 32.270000
v -1.506406 -2.254497 32.270000
v -1.355730 -2.348193 32.270000
v -1.199248 -2.431834 32.270000
v -1.037631 -2.505062 32.270000
v -0.871570 -2.567563 32.270000
v -0.701778 -2.619069 32.270000
v -0.528980 -2.659360 32.270000
v -0.353917 -2.688263 32.270000
v -0.177338 -2.705655 32.270000
v -0.000000 -2.711460 32.270000
v 0.177338 -2.705655 32.270000
v 0.353917 -2.688263 32.270000
v 0.528980 -2.659360 32.270000
v 0.701778 -2.619069 32.270000
v 0.871570 -2.567563 32.270000
v 1.037631 -2.505062 32.270000
v 1.199248 -2.431834 32.270000
v 1.355730 -2.348193 32.270000
v 1.506406 -2.254497 32.270000
v 1.650632 -2.151146 32.270000
v 1.787790 -2.038584 32.270000
v 1.917292 -1.917292 32.270000
v 2.038584 -1.787790 32.270000
v 2.151146 -1.650632 32.270000
v 2.254497 -1.506406 32.270000
v 2.348193 -1.355730 32.270000
v 2.431834 -1.199248 32.270000
v 2.505062 -1.037631 32.270000
v 2.567563 -0.871570 32.270000
v 2.619069 -0.701778 32.270000
v 2.659360 -0.528980 32.270000
v 2.688263 -0.353917 32.270000
v 2.705655 -0.177338 32.270000
v 2.932460 0.000000 32.270000
v 2.926181 0.191792 32.270000
v 2.907372 0.382763 32.270000
v 2.876114 0.572095 32.270000
v 2.832539 0.758977 32.270000
v 2.776835 0.942608 32.270000
v 2.709240 1.122204 32.270000
v 2.630044 1.296994 32.270000
v 2.539585 1.466230 32.270000
v 2.438251 1.629187 32.270000
v 2.326477 1.785169 32.270000
v 2.204740 1.933505 32.270000
v 2.073562 2.073562 32.270000
v 1.933505 2.204740 32.270000
v 1.785169 2.326477 32.270000
v 1.629187 2.438251 32.270000
v 1.466230 2.539585 32.270000
v 1.296994 2.630044 32.270000
v 1.122204 2.709240 32.270000
v 0.942608 2.776835 32.270000
v 0.758977 2.832539 32.270000
v 0.572095 2.876114 32.270000
v 0.382763 2.907372 32.270000
v 0.191792 2.926181 32.270000
v 0.000000 2.932460 32.270000
v -0.191792 2.926181 32.270000
v -0.382763 2.907372 32.270000
v -0.572095 2.876114 32.270000
v -0.758977 2.832539 32.270000
v -0.942608 2.776835 32.270000
v -1.122204 2.709240 32.270000
v -1.296994 2.630044 32.270000
v -1.466230 2.539585 32.270000
v -1.629187 2.438251 32.270000
v -1.785169 2.326477 32.270000
v -1.933505 2.204740 32.270000
v -2.073562 2.073562 32.270000
v -2.204740 1.933505 32.270000
v -2.326477 1.785169 32.270000
v -2.438251 1.629187 32.270000
v -2.539585 1.466230 32.270000
v -2.630044 1.296994 32.270000
v -2.709240 1.122204 32.270000
v -2.776835 0.942608 32.270000
v -2.832539 0.758977 32.270000
v -2.876114 0.572095 32.270000
v -2.907372 0.382763 32.270000
v -2.926181 0.191792 32.270000
v -2.932460 0.000000 32.270000
v -2.926181 -0.191792 32.270000
v -2.907372 -0.382763 32.270000
v -2.876114 -0.572095 32.270000
v -2.832539 -0.758977 32.270000
v -2.776835 -0.942608 32.270000
v -2.709240 -1.122204 32.270000
v -2.630044 -1.296994 32.270000
v -2.539585 -1.466230 32.270000
v -2.438251 -1.629187 32.270000
v -2.326477 -1.785169 32.270000
v -2.204740 -1.933505 32.270000
v -2.073562 -2.073562 32.270000
v -1.933505 -2.204740 32.270000
v -1.785169 -2.326477 32.270000
v -1.629187 -2.438251 32.270000
v -1.466230 -2.539585 32.270000
v -1.296994 -2.630044 32.270000
v -1.122204 -2.709240 32.270000
v -0.942608 -2.776835 32.270000
v -0.758977 -2.832539 32.270000
v -0.572095 -2.876114 32.270000
v -0.382763 -2.907372 32.270000
v -0.191792 -2.926181 32.270000
v -0.000000 -2.932460 32.270000
v 0.191792 -2.926181 32.270000
v 0.382763 -2.907372 32.270000
v 0.572095 -2.876114 32.270000
v 0.758977 -2.832539 32.270000
v 0.942608 -2.776835 32.270000
v 1.122204 -2.709240 32.270000
v 1.296994 -2.630044 32.270000
v 1.466230 -2.539585 32.270000
v 1.629187 -2.438251 32.270000
v 1.785169 -2.326477 32.270000
v 1.933505 -2.204740 32.270000
v 2.073562 -2.073562 32.270000
v 2.204740 -1.933505 32.270000
v 2.326477 -1.785169 32.270000
v 2.438251 -1.629187 32.270000
v 2.539585 -1.466230 32.270000
v 2.630044 -1.296994 32.270000
v 2.709240 -1.122204 32.270000
v 2.776835 -0.942608 32.270000
v 2.832539 -0.758977 32.270000
v 2.876114 -0.572095 32.270000
v 2.907372 -0.382763 32.270000
v 2.926181 -0.191792 32.270000
v 2.932460 0.000000 32.410000
v 2.926181 0.191792 32.410000
v 2.907372 0.382763 32.410000
v 2.876114 0.572095 32.410000
v 2.832539 0.758977 32.410000
v 2.776835 0.942608 32.410000
v 2.709240 1.122204 32.410000
v 2.630044 1.296994 32.410000
v 2.539585 1.466230 32.410000
v 2.438251 1.629187 32.410000
v 2.326477 1.785169 32.410000
v 2.204740 1.933505 32.410000
v 2.073562 2.073562 32.410000
v 1.933505 2.204740 32.410000
v 1.785169 2.326477 32.410000
v 1.629187 2.438251 32.410000
v 1.466230 2.539585 32.410000
v 1.296994 2.630044 32.410000
v 1.122204 2.709240 32.410000
v 0.942608 2.776835 32.410000
v 0.758977 2.832539 32.410000
v 0.572095 2.876114 32.410000
v 0.382763 2.907372 32.410000
v 0.191792 2.926181 32.410000
v 0.000000 2.932460 32.410000
v -0.191792 2.926181 32.410000
v -0.382763 2.907372 32.410000
v -0.572095 2.876114 32.410000
v -0.758977 2.832539 32.410000
v -0.942608 2.776835 32.410000
v -1.122204 2.709240 32.410000
v -1.296994 2.630044 32.410000
v -1.466230 2.539585 32.410000
v -1.629187 2.438251 32.410000
v -1.785169 2.326477 32.410000
v -1.933505 2.204740 32.410000
v -2.073562 2.073562 32.410000
v -2.204740 1.933505 32.410000
v -2.326477 1.785169 32.410000
v -2.438251 1.629187 32.410000
v -2.539585 1.466230 32.410000
v -2.630044 1.296994 32.410000
v -2.709240 1.122204 32.410000
v -2.776835 0.942608 32.410000
v -2.832539 0.758977 32.410000
v -2.876114 0.572095 32.410000
v -2.907372 0.382763 32.410000
v -2.926181 0.191792 32.410000
v -2.932460 0.000000 32.410000
v -2.926181 -0.191792 32.410000
v -2.907372 -0.382763 32.410000
v -2.876114 -0.572095 32.410000
v -2.832539 -0.758977 32.410000
v -2.776835 -0.942608 32.410000
v -2.709240 -1.122204 32.410000
v -2.630044 -1.296994 32.410000
v -2.539585 -1.466230 32.410000
v -2.438251 -1.629187 32.410000
v -2.326477 -1.785169 32.410000
v -2.204740 -1.933505 32.410000
v -2.073562 -2.073562 32.410000
v -1.933505 -2.204740 32.410000
v -1.785169 -2.326477 32.410000
v -1.629187 -2.438251 32.410000
v -1.466230 -2.539585 32.410000
v -1.296994 -2.630044 32.410000
v -1.122204 -2.709240 32.410000
v -0.942608 -2.776835 32.410000
v -0.758977 -2.832539 32.410000
v -0.572095 -2.876114 32.410000
v -0.382763 -2.907372 32.410000
v -0.191792 -2.926181 32.410000
v -0.000000 -2.932460 32.410000
v 0.191792 -2.926181 32.410000
v 0.382763 -2.907372 32.410000
v 0.572095 -2.876114 32.410000
v 0.758977 -2.832539 32.410000
v 0.942608 -2.776835 32.410000
v 1.122204 -2.709240 32.410000
v 1.296994 -2.630044 32.410000
v 1.466230 -2.539585 32.410000
v 1.629187 -2.438251 32.410000
v 1.785169 -2.326477 32.410000
v 1.933505 -2.204740 32.410000
v 2.073562 -2.073562 32.410000
v 2.204740 -1.933505 32.410000
v 2.326477 -1.785169 32.410000
v 2.438251 -1.629187 32.410000
v 2.539585 -1.466230 32.410000
v 2.630044 -1.296994 32.410000
v 2.709240 -1.122204 32.410000
v 2.776835 -0.942608 32.410000
v 2.832539 -0.758977 32.410000
v 2.876114 -0.572095 32.410000
v 2.907372 -0.382763 32.410000
v 2.926181 -0.191792 32.410000
v 2.711460 0.000000 32.410000
v 2.705655 0.177338 32.410000
v 2.688263 0.353917 32.410000
v 2.659360 0.528980 32.410000
v 2.619069 0.701778 32.410000
v 2.567563 0.871570 32.410000
v 2.505062 1.037631 32.410000
v 2.431834 1.199248 32.410000
v 2.348193 1.355730 32.410000
v 2.254497 1.506406 32.410000
v 2.151146 1.650632 32.410000
v 2.038584 1.787790 32.410000
v 1.917292 1.917292 32.410000
v 1.787790 2.038584 32.410000
v 1.650632 2.151146 32.410000
v 1.506406 2.254497 32.410000
v 1.355730 2.348193 32.410000
v 1.199248 2.431834 32.410000
v 1.037631 2.505062 32.410000
v 0.871570 2.567563 32.410000
v 0.701778 2.619069 32.410000
v 0.528980 2.659360 32.410000
v 0.353917 2.688263 32.410000
v 0.177338 2.705655 32.410000
v 0.000000 2.711460 32.410000
v -0.177338 2.705655 32.410000
v -0.353917 2.688263 32.410000
v -0.528980 2.659360 32.410000
v -0.701778 2.619069 32.410000
v -0.871570 2.567563 32.410000
v -1.037631 2.505062 32.410000
v -1.199248 2.431834 32.410000
v -1.355730 2.348193 32.410000
v -1.506406 2.254497 32.410000
v -1.650632 2.151146 32.410000
v -1.787790 2.038584 32.410000
v -1.917292 1.917292 32.410000
v -2.038584 1.787790 32.410000
v -2.151146 1.650632 32.410000
v -2.254497 1.506406 32.410000
v -2.348193 1.355730 32.410000
v -2.431834 1.199248 32.410000
v -2.505062 1.037631 32.410000
v -2.567563 0.871570 32.410000
v -2.619069 0.701778 32.410000
v -2.659360 0.528980 32.410000
v -2.688263 0.353917 32.410000
v -2.705655 0.177338 32.410000
v -2.711460 0.000000 32.410000
v -2.705655 -0.177338 32.410000
v -2.688263 -0.353917 32.410000
v -2.659360 -0.528980 32.410000
v -2.619069 -0.701778 32.410000
v -2.567563 -0.871570 32.410000
v -2.505062 -1.037631 32.410000
v -2.431834 -1.199248 32.410000
v -2.348193 -1.355730 32.410000
v -2.254497 -1.506406 32.410000
v -2.151146 -1.650632 32.410000
v -2.038584 -1.787790 32.410000
v -1.917292 -1.917292 32.410000
v -1.787790 -2.038584 32.410000
v -1.650632 -2.151146 32.410000
v -1.506406 -2.254497 32.410000
v -1.355730 -2.348193 32.410000
v -1.199248 -2.431834 32.410000
v -1.037631 -2.505062 32.410000
v -0.871570 -2.567563 32.410000
v -0.701778 -2.619069 32.410000
v -0.528980 -2.659360 32.410000
v -0.353917 -2.688263 32.410000
v -0.177338 -2.705655 32.410000
v -0.000000 -2.711460 32.410000
v 0.177338 -2.705655 32.410000
v 0.353917 -2.688263 32.410000
v 0.528980 -2.659360 32.410000
v 0.701778 -2.619069 32.410000
v 0.871570 -2.567563 32.410000
v 1.037631 -2.505062 32.410000
v 1.199248 -2.431834 32.410000
v 1.355730 -2.348193 32.410000
v 1.506406 -2.254497 32.410000
v 1.650632 -2.151146 32.410000
v 1.787790 -2.038584 32.410000
v 1.917292 -1.917292 32.410000
v 2.038584 -1.787790 32.410000
v 2.151146 -1.650632 32.410000
v 2.254497 -1.506406 32.410000
v 2.348193 -1.355730 32.410000
v 2.431834 -1.199248 32.410000
v 2.505062 -1.037631 32.410000
v 2.567563 -0.871570 32.410000
v 2.619069 -0.701778 32.410000
v 2.659360 -0.528980 32.410000
v 2.688263 -0.353917 32.410000
v 2.705655 -0.177338 32.410000
v 2.711460 0.000000 32.270000
v 2.705655 0.177338 32.270000
v 2.688263 0.353917 32.270000
v 2.659360 0.528980 32.270000
v 2.619069 0.701778 32.270000
v 2.567563 0.871570 32.270000
v 2.505062 1.037631 32.270000
v 2.431834 1.199248 32.270000
v 2.348193 1.355730 32.270000
v 2.254497 1.506406 32.270000
v 2.151146 1.650632 32.270000
v 2.038584 1.787790 32.270000
v 1.917292 1.917292 32.270000
v 1.787790 2.038584 32.270000
v 1.650632 2.151146 32.270000
v 1.506406 2.254497 32.270000
v 1.355730 2.348193 32.270000
v 1.199248 2.431834 32.270000
v 1.037631 2.505062 32.270000
v 0.871570 2.567563 32.270000
v 0.701778 2.619069 32.270000
v 0.528980 2.659360 32.270000
v 0.353917 2.688263 32.270000
v 0.177338 2.705655 32.270000
v 0.000000 2.711460 32.270000
v -0.177338 2.705655 32.270000
v -0.353917 2.688263 32.270000
v -0.528980 2.659360 32.270000
v -0.701778 2.619069 32.270000
v -0.871570 2.567563 32.270000
v -1.037631 2.505062 32.270000
v -1.199248 2.431834 32.270000
v -1.355730 2.348193 32.270000
v -1.506406 2.254497 32.270000
v -1.650632 2.151146 32.270000
v -1.787790 2.038584 32.270000
v -1.917292 1.917292 32.270000
v -2.038584 1.787790 32.270000
v -2.151146 1.650632 32.270000
v -2.254497 1.506406 32.270000
v -2.348193 1.355730 32.270000
v -2.431834 1.199248 32.270000
v -2.505062 1.037631 32.270000
v -2.567563 0.871570 32.270000
v -2.619069 0.701778 32.270000
v -2.659360 0.528980 32.270000
v -2.688263 0.353917 32.270000
v -2.705655 0.177338 32.270000
v -2.711460 0.000000 32.270000
v -2.705655 -0.177338 32.270000
v -2.688263 -0.353917 32.270000
v -2.659360 -0.528980 32.270000
v -2.619069 -0.701778 32.270000
v -2.567563 -0.871570 32.270000
v -2.505062 -1.037631 32.270000
v -2.431834 -1.199248 32.270000
v -2.348193 -1.355730 32.270000
v -2.254497 -1.506406 32.270000
v -2.151146 -1.650632 32.270000
v -2.038584 -1.787790 32.270000
v -1.917292 -1.917292 32.270000
v -1.787790 -2.038584 32.270000
v -1.650632 -2.151146 32.270000
v -1.506406 -2.254497 32.270000
v -1.355730 -2.348193 32.270000
v -1.199248 -2.431834 32.270000
v -1.037631 -2.505062 32.270000
v -0.871570 -2.567563 32.270000
v -0.701778 -2.619069 32.270000
v -0.528980 -2.659360 32.270000
v -0.353917 -2.688263 32.270000
v -0.177338 -2.705655 32.270000
v -0.000000 -2.711460 32.270000
v 0.177338 -2.705655 32.270000
v 0.353917 -2.688263 32.270000
v 0.528980 -2.659360 32.270000
v 0.701778 -2.619069 32.270000
v 0.871570 -2.567563 32.270000
v 1.037631 -2.505062 32.270000
v 1.199248 -2.431834 32.270000
v 1.355730 -2.348193 32.270000
v 1.506406 -2.254497 32.270000
v 1.650632 -2.151146 32.270000
v 1.787790 -2.038584 32.270000
v 1.917292 -1.917292 32.270000
v 2.038584 -1.787790 32.270000
v 2.151146 -1.650632 32.270000
v 2.254497 -1.506406 32.270000
v 2.348193 -1.355730 32.270000
v 2.431834 -1.199248 32.270000
v 2.505062 -1.037631 32.270000
v 2.567563 -0.871570 32.270000
v 2.619069 -0.701778 32.270000
v 2.659360 -0.528980 32.270000
v 2.688263 -0.353917 32.270000
v 2.705655 -0.177338 32.270000
v 2.955000 0.000000 32.395000
v 2.948673 0.193266 32.395000
v 2.929719 0.385705 32.395000
v 2.898221 0.576492 32.395000
v 2.854311 0.764810 32.395000
v 2.798178 0.949854 32.395000
v 2.730064 1.130830 32.395000
v 2.650259 1.306963 32.395000
v 2.559105 1.477500 32.395000
v 2.456993 1.641710 32.395000
v 2.344359 1.798890 32.395000
v 2.221687 1.948367 32.395000
v 2.089500 2.089500 32.395000
v 1.948367 2.221687 32.395000
v 1.798890 2.344359 32.395000
v 1.641710 2.456993 32.395000
v 1.477500 2.559105 32.395000
v 1.306963 2.650259 32.395000
v 1.130830 2.730064 32.395000
v 0.949854 2.798178 32.395000
v 0.764810 2.854311 32.395000
v 0.576492 2.898221 32.395000
v 0.385705 2.929719 32.395000
v 0.193266 2.948673 32.395000
v 0.000000 2.955000 32.395000
v -0.193266 2.948673 32.395000
v -0.385705 2.929719 32.395000
v -0.576492 2.898221 32.395000
v -0.764810 2.854311 32.395000
v -0.949854 2.798178 32.395000
v -1.130830 2.730064 32.395000
v -1.306963 2.650259 32.395000
v -1.477500 2.559105 32.395000
v -1.641710 2.456993 32.395000
v -1.798890 2.344359 32.395000
v -1.948367 2.221687 32.395000
v -2.089500 2.089500 32.395000
v -2.221687 1.948367 32.395000
v -2.344359 1.798890 32.395000
v -2.456993 1.641710 32.395000
v -2.559105 1.477500 32.395000
v -2.650259 1.306963 32.395000
v -2.730064 1.130830 32.395000
v -2.798178 0.949854 32.395000
v -2.854311 0.764810 32.395000
v -2.898221 0.576492 32.395000
v -2.929719 0.385705 32.395000
v -2.948673 0.193266 32.395000
v -2.955000 0.000000 32.395000
v -2.948673 -0.193266 32.395000
v -2.929719 -0.385705 32.395000
v -2.898221 -0.576492 32.395000
v -2.854311 -0.764810 32.395000
v -2.798178 -0.949854 32.395000
v -2.730064 -1.130830 32.395000
v -2.650259 -1.306963 32.395000
v -2.559105 -1.477500 32.395000
v -2.456993 -1.641710 32.395000
v -2.344359 -1.798890 32.395000
v -2.221687 -1.948367 32.395000
v -2.089500 -2.089500 32.395000
v -1.948367 -2.221687 32.395000
v -1.798890 -2.344359 32.395000
v -1.641710 -2.456993 32.395000
v -1.477500 -2.559105 32.395000
v -1.306963 -2.650259 32.395000
v -1.130830 -2.730064 32.395000
v -0.949854 -2.798178 32.395000
v -0.764810 -2.854311 32.395000
v -0.576492 -2.898221 32.395000
v -0.385705 -2.929719 32.395000
v -0.193266 -2.948673 32.395000
v -0.000000 -2.955000 32.395000
v 0.193266 -2.948673 32.395000
v 0.385705 -2.929719 32.395000
v 0.576492 -2.898221 32.395000
v 0.764810 -2.854311 32.395000
v 0.949854 -2.798178 32.395000
v 1.130830 -2.730064 32.395000
v 1.306963 -2.650259 32.395000
v 1.477500 -2.559105 32.395000
v 1.641710 -2.456993 32.395000
v 1.798890 -2.344359 32.395000
v 1.948367 -2.221687 32.395000
v 2.089500 -2.089500 32.395000
v 2.221687 -1.948367 32.395000
v 2.344359 -1.798890 32.395000
v 2.456993 -1.641710 32.395000
v 2.559105 -1.477500 32.395000
v 2.650259 -1.306963 32.395000
v 2.730064 -1.130830 32.395000
v 2.798178 -0.949854 32.395000
v 2.854311 -0.764810 32.395000
v 2.898221 -0.576492 32.395000
v 2.929719 -0.385705 32.395000
v 2.948673 -0.193266 32.395000
v 2.969000 0.000000 32.395000
v 2.962643 0.194182 32.395000
v 2.943600 0.387532 32.395000
v 2.911952 0.579223 32.395000
v 2.867834 0.768434 32.395000
v 2.811435 0.954354 32.395000
v 2.742998 1.136187 32.395000
v 2.662815 1.313155 32.395000
v 2.571229 1.484500 32.395000
v 2.468633 1.649488 32.395000
v 2.355466 1.807413 32.395000
v 2.232212 1.957598 32.395000
v 2.099400 2.099400 32.395000
v 1.957598 2.232212 32.395000
v 1.807413 2.355466 32.395000
v 1.649488 2.468633 32.395000
v 1.484500 2.571229 32.395000
v 1.313155 2.662815 32.395000
v 1.136187 2.742998 32.395000
v 0.954354 2.811435 32.395000
v 0.768434 2.867834 32.395000
v 0.579223 2.911952 32.395000
v 0.387532 2.943600 32.395000
v 0.194182 2.962643 32.395000
v 0.000000 2.969000 32.395000
v -0.194182 2.962643 32.395000
v -0.387532 2.943600 32.395000
v -0.579223 2.911952 32.395000
v -0.768434 2.867834 32.395000
v -0.954354 2.811435 32.395000
v -1.136187 2.742998 32.395000
v -1.313155 2.662815 32.395000
v -1.484500 2.571229 32.395000
v -1.649488 2.468633 32.395000
v -1.807413 2.355466 32.395000
v -1.957598 2.232212 32.395000
v -2.099400 2.099400 32.395000
v -2.232212 1.957598 32.395000
v -2.355466 1.807413 32.395000
v -2.468633 1.649488 32.395000
v -2.571229 1.484500 32.395000
v -2.662815 1.313155 32.395000
v -2.742998 1.136187 32.395000
v -2.811435 0.954354 32.395000
v -2.867834 0.768434 32.395000
v -2.911952 0.579223 32.395000
v -2.943600 0.387532 32.395000
v -2.962643 0.194182 32.395000
v -2.969000 0.000000 32.395000
v -2.962643 -0.194182 32.395000
v -2.943600 -0.387532 32.395000
v -2.911952 -0.579223 32.395000
v -2.867834 -0.768434 32.395000
v -2.811435 -0.954354 32.395000
v -2.742998 -1.136187 32.395000
v -2.662815 -1.313155 32.395000
v -2.571229 -1.484500 32.395000
v -2.468633 -1.649488 32.395000
v -2.355466 -1.807413 32.395000
v -2.232212 -1.957598 32.395000
v -2.099400 -2.099400 32.395000
v -1.957598 -2.232212 32.395000
v -1.807413 -2.355466 32.395000
v -1.649488 -2.468633 32.395000
v -1.484500 -2.571229 32.395000
v -1.313155 -2.662815 32.395000
v -1.136187 -2.742998 32.395000
v -0.954354 -2.811435 32.395000
v -0.768434 -2.867834 32.395000
v -0.579223 -2.911952 32.395000
v -0.387532 -2.943600 32.395000
v -0.194182 -2.962643 32.395000
v -0.000000 -2.969000 32.395000
v 0.194182 -2.962643 32.395000
v 0.387532 -2.943600 32.395000
v 0.579223 -2.911952 32.395000
v 0.768434 -2.867834 32.395000
v 0.954354 -2.811435 32.395000
v 1.136187 -2.742998 32.395000
v 1.313155 -2.662815 32.395000
v 1.484500 -2.571229 32.395000
v 1.649488 -2.468633 32.395000
v 1.807413 -2.355466 32.395000
v 1.957598 -2.232212 32.395000
v 2.099400 -2.099400 32.395000
v 2.232212 -1.957598 32.395000
v 2.355466 -1.807413 32.395000
v 2.468633 -1.649488 32.395000
v 2.571229 -1.484500 32.395000
v 2.662815 -1.313155 32.395000
v 2.742998 -1.136187 32.395000
v 2.811435 -0.954354 32.395000
v 2.867834 -0.768434 32.395000
v 2.911952 -0.579223 32.395000
v 2.943600 -0.387532 32.395000
v 2.962643 -0.194182 32.395000
v 2.969000 0.000000 32.424999
v 2.962643 0.194182 32.424999
v 2.943600 0.387532 32.424999
v 2.911952 0.579223 32.424999
v 2.867834 0.768434 32.424999
v 2.811435 0.954354 32.424999
v 2.742998 1.136187 32.424999
v 2.662815 1.313155 32.424999
v 2.571229 1.484500 32.424999
v 2.468633 1.649488 32.424999
v 2.355466 1.807413 32.424999
v 2.232212 1.957598 32.424999
v 2.099400 2.099400 32.424999
v 1.957598 2.232212 32.424999
v 1.807413 2.355466 32.424999
v 1.649488 2.468633 32.424999
v 1.484500 2.571229 32.424999
v 1.313155 2.662815 32.424999
v 1.136187 2.742998 32.424999
v 0.954354 2.811435 32.424999
v 0.768434 2.867834 32.424999
v 0.579223 2.911952 32.424999
v 0.387532 2.943600 32.424999
v 0.194182 2.962643 32.424999
v 0.000000 2.969000 32.424999
v -0.194182 2.962643 32.424999
v -0.387532 2.943600 32.424999
v -0.579223 2.911952 32.424999
v -0.768434 2.867834 32.424999
v -0.954354 2.811435 32.424999
v -1.136187 2.742998 32.424999
v -1.313155 2.662815 32.424999
v -1.484500 2.571229 32.424999
v -1.649488 2.468633 32.424999
v -1.807413 2.355466 32.424999
v -1.957598 2.232212 32.424999
v -2.099400 2.099400 32.424999
v -2.232212 1.957598 32.424999
v -2.355466 1.807413 32.424999
v -2.468633 1.649488 32.424999
v -2.571229 1.484500 32.424999
v -2.662815 1.313155 32.424999
v -2.742998 1.136187 32.424999
v -2.811435 0.954354 32.424999
v -2.867834 0.768434 32.424999
v -2.911952 0.579223 32.424999
v -2.943600 0.387532 32.424999
v -2.962643 0.194182 32.424999
v -2.969000 0.000000 32.424999
v -2.962643 -0.194182 32.424999
v -2.943600 -0.387532 32.424999
v -2.911952 -0.579223 32.424999
v -2.867834 -0.768434 32.424999
v -2.811435 -0.954354 32.424999
v -2.742998 -1.136187 32.424999
v -2.662815 -1.313155 32.424999
v -2.571229 -1.484500 32.424999
v -2.468633 -1.649488 32.424999
v -2.355466 -1.807413 32.424999
v -2.232212 -1.957598 32.424999
v -2.099400 -2.099400 32.424999
v -1.957598 -2.232212 32.424999
v -1.807413 -2.355466 32.424999
v -1.649488 -2.468633 32.424999
v -1.484500 -2.571229 32.424999
v -1.313155 -2.662815 32.424999
v -1.136187 -2.742998 32.424999
v -0.954354 -2.811435 32.424999
v -0.768434 -2.867834 32.424999
v -0.579223 -2.911952 32.424999
v -0.387532 -2.943600 32.424999
v -0.194182 -2.962643 32.424999
v -0.000000 -2.969000 32.424999
v 0.194182 -2.962643 32.424999
v 0.387532 -2.943600 32.424999
v 0.579223 -2.911952 32.424999
v 0.768434 -2.867834 32.424999
v 0.954354 -2.811435 32.424999
v 1.136187 -2.742998 32.424999
v 1.313155 -2.662815 32.424999
v 1.484500 -2.571229 32.424999
v 1.649488 -2.468633 32.424999
v 1.807413 -2.355466 32.424999
v 1.957598 -2.232212 32.424999
v 2.099400 -2.099400 32.424999
v 2.232212 -1.957598 32.424999
v 2.355466 -1.807413 32.424999
v 2.468633 -1.649488 32.424999
v 2.571229 -1.484500 32.424999
v 2.662815 -1.313155 32.424999
v 2.742998 -1.136187 32.424999
v 2.811435 -0.954354 32.424999
v 2.867834 -0.768434 32.424999
v 2.911952 -0.579223 32.424999
v 2.943600 -0.387532 32.424999
v 2.962643 -0.194182 32.424999
v 2.955000 0.000000 32.424999
v 2.948673 0.193266 32.424999
v 2.929719 0.385705 32.424999
v 2.898221 0.576492 32.424999
v 2.854311 0.764810 32.424999
v 2.798178 0.949854 32.424999
v 2.730064 1.130830 32.424999
v 2.650259 1.306963 32.424999
v 2.559105 1.477500 32.424999
v 2.456993 1.641710 32.424999
v 2.344359 1.798890 32.424999
v 2.221687 1.948367 32.424999
v 2.089500 2.089500 32.424999
v 1.948367 2.221687 32.424999
v 1.798890 2.344359 32.424999
v 1.641710 2.456993 32.424999
v 1.477500 2.559105 32.424999
v 1.306963 2.650259 32.424999
v 1.130830 2.730064 32.424999
v 0.949854 2.798178 32.424999
v 0.764810 2.854311 32.424999
v 0.576492 2.898221 32.424999
v 0.385705 2.929719 32.424999
v 0.193266 2.948673 32.424999
v 0.000000 2.955000 32.424999
v -0.193266 2.948673 32.424999
v -0.385705 2.929719 32.424999
v -0.576492 2.898221 32.424999
v -0.764810 2.854311 32.424999
v -0.949854 2.798178 32.424999
v -1.130830 2.730064 32.424999
v -1.306963 2.650259 32.424999
v -1.477500 2.559105 32.424999
v -1.641710 2.456993 32.424999
v -1.798890 2.344359 32.424999
v -1.948367 2.221687 32.424999
v -2.089500 2.089500 32.424999
v -2.221687 1.948367 32.424999
v -2.344359 1.798890 32.424999
v -2.456993 1.641710 32.424999
v -2.559105 1.477500 32.424999
v -2.650259 1.306963 32.424999
v -2.730064 1.130830 32.424999
v -2.798178 0.949854 32.424999
v -2.854311 0.764810 32.424999
v -2.898221 0.576492 32.424999
v -2.929719 0.385705 32.424999
v -2.948673 0.193266 32.424999
v -2.955000 0.000000 32.424999
v -2.948673 -0.193266 32.424999
v -2.929719 -0.385705 32.424999
v -2.898221 -0.576492 32.424999
v -2.854311 -0.764810 32.424999
v -2.798178 -0.949854 32.424999
v -2.730064 -1.130830 32.424999
v -2.650259 -1.306963 32.424999
v -2.559105 -1.477500 32.424999
v -2.456993 -1.641710 32.424999
v -2.344359 -1.798890 32.424999
v -2.221687 -1.948367 32.424999
v -2.089500 -2.089500 32.424999
v -1.948367 -2.221687 32.424999
v -1.798890 -2.344359 32.424999
v -1.641710 -2.456993 32.424999
v -1.477500 -2.559105 32.424999
v -1.306963 -2.650259 32.424999
v -1.130830 -2.730064 32.424999
v -0.949854 -2.798178 32.424999
v -0.764810 -2.854311 32.424999
v -0.576492 -2.898221 32.424999
v -0.385705 -2.929719 32.424999
v -0.193266 -2.948673 32.424999
v -0.000000 -2.955000 32.424999
v 0.193266 -2.948673 32.424999
v 0.385705 -2.929719 32.424999
v 0.576492 -2.898221 32.424999
v 0.764810 -2.854311 32.424999
v 0.949854 -2.798178 32.424999
v 1.130830 -2.730064 32.424999
v 1.306963 -2.650259 32.424999
v 1.477500 -2.559105 32.424999
v 1.641710 -2.456993 32.424999
v 1.798890 -2.344359 32.424999
v 1.948367 -2.221687 32.424999
v 2.089500 -2.089500 32.424999
v 2.221687 -1.948367 32.424999
v 2.344359 -1.798890 32.424999
v 2.456993 -1.641710 32.424999
v 2.559105 -1.477500 32.424999
v 2.650259 -1.306963 32.424999
v 2.730064 -1.130830 32.424999
v 2.798178 -0.949854 32.424999
v 2.854311 -0.764810 32.424999
v 2.898221 -0.576492 32.424999
v 2.929719 -0.385705 32.424999
v 2.948673 -0.193266 32.424999
v 2.955000 0.000000 32.395000
v 2.948673 0.193266 32.395000
v 2.929719 0.385705 32.395000
v 2.898221 0.576492 32.395000
v 2.854311 0.764810 32.395000
v 2.798178 0.949854 32.395000
v 2.730064 1.130830 32.395000
v 2.650259 1.306963 32.395000
v 2.559105 1.477500 32.395000
v 2.456993 1.641710 32.395000
v 2.344359 1.798890 32.395000
v 2.221687 1.948367 32.395000
v 2.089500 2.089500 32.395000
v 1.948367 2.221687 32.395000
v 1.798890 2.344359 32.395000
v 1.641710 2.456993 32.395000
v 1.477500 2.559105 32.395000
v 1.306963 2.650259 32.395000
v 1.130830 2.730064 32.395000
v 0.949854 2.798178 32.395000
v 0.764810 2.854311 32.395000
v 0.576492 2.898221 32.395000
v 0.385705 2.929719 32.395000
v 0.193266 2.948673 32.395000
v 0.000000 2.955000 32.395000
v -0.193266 2.948673 32.395000
v -0.385705 2.929719 32.395000
v -0.576492 2.898221 32.395000
v -0.764810 2.854311 32.395000
v -0.949854 2.798178 32.395000
v -1.130830 2.730064 32.395000
v -1.306963 2.650259 32.395000
v -1.477500 2.559105 32.395000
v -1.641710 2.456993 32.395000
v -1.798890 2.344359 32.395000
v -1.948367 2.221687 32.395000
v -2.089500 2.089500 32.395000
v -2.221687 1.948367 32.395000
v -2.344359 1.798890 32.395000
v -2.456993 1.641710 32.395000
v -2.559105 1.477500 32.395000
v -2.650259 1.306963 32.395000
v -2.730064 1.130830 32.395000
v -2.798178 0.949854 32.395000
v -2.854311 0.764810 32.395000
v -2.898221 0.576492 32.395000
v -2.929719 0.385705 32.395000
v -2.948673 0.193266 32.395000
v -2.955000 0.000000 32.395000
v -2.948673 -0.193266 32.395000
v -2.929719 -0.385705 32.395000
v -2.898221 -0.576492 32.395000
v -2.854311 -0.764810 32.395000
v -2.798178 -0.949854 32.395000
v -2.730064 -1.130830 32.395000
v -2.650259 -1.306963 32.395000
v -2.559105 -1.477500 32.395000
v -2.456993 -1.641710 32.395000
v -2.344359 -1.798890 32.395000
v -2.221687 -1.948367 32.395000
v -2.089500 -2.089500 32.395000
v -1.948367 -2.221687 32.395000
v -1.798890 -2.344359 32.395000
v -1.641710 -2.456993 32.395000
v -1.477500 -2.559105 32.395000
v -1.306963 -2.650259 32.395000
v -1.130830 -2.730064 32.395000
v -0.949854 -2.798178 32.395000
v -0.764810 -2.854311 32.395000
v -0.576492 -2.898221 32.395000
v -0.385705 -2.929719 32.395000
v -0.193266 -2.948673 32.395000
v -0.000000 -2.955000 32.395000
v 0.193266 -2.948673 32.395000
v 0.385705 -2.929719 32.395000
v 0.576492 -2.898221 32.395000
v 0.764810 -2.854311 32.395000
v 0.949854 -2.798178 32.395000
v 1.130830 -2.730064 32.395000
v 1.306963 -2.650259 32.395000
v 1.477500 -2.559105 32.395000
v 1.641710 -2.456993 32.395000
v 1.798890 -2.344359 32.395000
v 1.948367 -2.221687 32.395000
v 2.089500 -2.089500 32.395000
v 2.221687 -1.948367 32.395000
v 2.344359 -1.798890 32.395000
v 2.456993 -1.641710 32.395000
v 2.559105 -1.477500 32.395000
v 2.650259 -1.306963 32.395000
v 2.730064 -1.130830 32.395000
v 2.798178 -0.949854 32.395000
v 2.854311 -0.764810 32.395000
v 2.898221 -0.576492 32.395000
v 2.929719 -0.385705 32.395000
v 2.948673 -0.193266 32.395000
vn 0.9995 0.0327 -0.0000
vn -0.9995 -0.0327 0.0004
vn 0.9952 0.0980 -0.0000
vn -0.9952 -0.0980 0.0004
vn 0.9866 0.1629 -0.0000
vn -0.9866 -0.1629 0.0004
vn 0.9739 0.2271 -0.0000
vn -0.9739 -0.2271 0.0004
vn 0.9569 0.2903 -0.0000
vn -0.9569 -0.2903 0.0004
vn 0.9359 0.3522 -0.0000
vn -0.9359 -0.3522 0.0004
vn 0.9109 0.4127 -0.0000
vn -0.9109 -0.4127 0.0004
vn 0.8819 0.4714 -0.0000
vn -0.8819 -0.4714 0.0004
vn 0.8492 0.5281 -0.0000
vn -0.8492 -0.5281 0.0004
vn 0.8128 0.5825 -0.0000
vn -0.8128 -0.5825 0.0004
vn 0.7730 0.6344 -0.0000
vn -0.7730 -0.6344 0.0004
vn 0.7299 0.6836 -0.0000
vn -0.7299 -0.6836 0.0004
vn 0.6836 0.7299 -0.0000
vn -0.6836 -0.7299 0.0004
vn 0.6344 0.7730 -0.0000
vn -0.6344 -0.7730 0.0004
vn 0.5825 0.8128 -0.0000
vn -0.5825 -0.8128 0.0004
vn 0.5281 0.8492 -0.0000
vn -0.5281 -0.8492 0.0004
vn 0.4714 0.8819 -0.0000
vn -0.4714 -0.8819 0.0004
vn 0.4127 0.9109 -0.0000
vn -0.4127 -0.9109 0.0004
vn 0.3523 0.9359 -0.0000
vn -0.3522 -0.9359 0.0004
vn 0.2903 0.9569 -0.0000
vn -0.2903 -0.9569 0.0004
vn 0.2271 0.9739 -0.0000
vn -0.2271 -0.9739 0.0004
vn 0.1629 0.9866 -0.0000
vn -0.1629 -0.9866 0.0004
vn 0.0980 0.9952 -0.0000
vn -0.0980 -0.9952 0.0004
vn 0.0327 0.9995 -0.0000
vn -0.0327 -0.9995 0.0004
vn -0.0327 0.9995 -0.0000
vn 0.0327 -0.9995 0.0004
vn -0.0980 0.9952 -0.0000
vn 0.0980 -0.9952 0.0004
vn -0.1629 0.9866 -0.0000
vn 0.1629 -0.9866 0.0004
vn -0.2271 0.9739 -0.0000
vn 0.2271 -0.9739 0.0004
vn -0.2903 0.9569 -0.0000
vn 0.2903 -0.9569 0.0004
vn -0.3523 0.9359 -0.0000
vn 0.3522 -0.9359 0.0004
vn -0.4127 0.9109 -0.0000
vn 0.4127 -0.9109 0.0004
vn -0.4714 0.8819 -0.0000
vn 0.4714 -0.8819 0.0004
vn -0.5281 0.8492 -0.0000
vn 0.5281 -0.8492 0.0004
vn -0.5825 0.8128 -0.0000
vn 0.5825 -0.8128 0.0004
vn -0.6344 0.7730 -0.0000
vn 0.6344 -0.7730 0.0004
vn -0.6836 0.7299 -0.0000
vn 0.6836 -0.7299 0.0004
vn -0.7299 0.6836 -0.0000
vn 0.7299 -0.6836 0.0004
vn -0.7730 0.6344 -0.0000
vn 0.7730 -0.6344 0.0004
vn -0.8128 0.5825 -0.0000
vn 0.8128 -0.5825 0.0004
vn -0.8492 0.5281 -0.0000
vn 0.8492 -0.5281 0.0004
vn -0.8819 0.4714 -0.0000
vn 0.8819 -0.4714 0.0004
vn -0.9109 0.4127 -0.0000
vn 0.9109 -0.4127 0.0004
vn -0.9359 0.3523 -0.0000
vn 0.9359 -0.3523 0.0004
vn -0.9569 0.2903 -0.0000
vn 0.9569 -0.2903 0.0004
vn -0.9739 0.2271 -0.0000
vn 0.9739 -0.2271 0.0004
vn -0.9866 0.1629 -0.0000
vn 0.9866 -0.1629 0.0004
vn -0.9952 0.0980 -0.0000
vn 0.9952 -0.0980 0.0004
vn -0.9995 0.0327 -0.0000
vn 0.9995 -0.0327 0.0004
vn -0.9995 -0.0327 -0.0000
vn 0.9995 0.0327 0.0004
vn -0.9952 -0.0980 -0.0000
vn 0.9952 0.0980 0.0004
vn -0.9866 -0.1629 -0.0000
vn 0.9866 0.1629 0.0004
vn -0.9739 -0.2271 -0.0000
vn 0.9739 0.2271 0.0004
vn -0.9569 -0.2903 -0.0000
vn 0.9569 0.2903 0.0004
vn -0.9359 -0.3522 -0.0000
vn 0.9359 0.3522 0.0004
vn -0.9109 -0.4127 -0.0000
vn 0.9109 0.4127 0.0004
vn -0.8819 -0.4714 -0.0000
vn 0.8819 0.4714 0.0004
vn -0.8492 -0.5281 -0.0000
vn 0.8492 0.5281 0.0004
vn -0.8128 -0.5825 -0.0000
vn 0.8128 0.5825 0.0004
vn -0.7730 -0.6344 -0.0000
vn 0.7730 0.6344 0.0004
vn -0.7299 -0.6836 -0.0000
vn 0.7299 0.6836 0.0004
vn -0.6836 -0.7299 -0.0000
vn 0.6836 0.7299 0.0004
vn -0.6344 -0.7730 -0.0000
vn 0.6344 0.7730 0.0004
vn -0.5825 -0.8128 -0.0000
vn 0.5825 0.8128 0.0004
vn -0.5281 -0.8492 -0.0000
vn 0.5281 0.8492 0.0004
vn -0.4714 -0.8819 -0.0000
vn 0.4714 0.8819 0.0004
vn -0.4127 -0.9109 -0.0000
vn 0.4127 0.9109 0.0004
vn -0.3523 -0.9359 -0.0000
vn 0.3522 0.9359 0.0004
vn -0.2903 -0.9569 -0.0000
vn 0.2903 0.9569 0.0004
vn -0.2271 -0.9739 -0.0000
vn 0.2271 0.9739 0.0004
vn -0.1629 -0.9866 -0.0000
vn 0.1629 0.9866 0.0004
vn -0.0980 -0.9952 -0.0000
vn 0.0980 0.9952 0.0004
vn -0.0327 -0.9995 -0.0000
vn 0.0327 0.9995 0.0004
vn 0.0327 -0.9995 -0.0000
vn -0.0327 0.9995 0.0004
vn 0.0980 -0.9952 -0.0000
vn -0.0980 0.9952 0.0004
vn 0.1629 -0.9866 -0.0000
vn -0.1629 0.9866 0.0004
vn 0.2271 -0.9739 -0.0000
vn -0.2271 0.9739 0.0004
vn 0.2903 -0.9569 -0.0000
vn -0.2903 0.9569 0.0004
vn 0.3523 -0.9359 -0.0000
vn -0.3522 0.9359 0.0004
vn 0.4127 -0.9109 -0.0000
vn -0.4127 0.9109 0.0004
vn 0.4714 -0.8819 -0.0000
vn -0.4714 0.8819 0.0004
vn 0.5281 -0.8492 -0.0000
vn -0.5281 0.8492 0.0004
vn 0.5825 -0.8128 -0.0000
vn -0.5825 0.8128 0.0004
vn 0.6344 -0.7730 -0.0000
vn -0.6344 0.7730 0.0004
vn 0.6836 -0.7299 -0.0000
vn -0.6836 0.7299 0.0004
vn 0.7299 -0.6836 -0.0000
vn -0.7299 0.6836 0.0004
vn 0.7730 -0.6344 -0.0000
vn -0.7730 0.6344 0.0004
vn 0.8128 -0.5825 -0.0000
vn -0.8128 0.5825 0.0004
vn 0.8492 -0.5281 -0.0000
vn -0.8492 0.5281 0.0004
vn 0.8819 -0.4714 -0.0000
vn -0.8819 0.4714 0.0004
vn 0.9109 -0.4127 -0.0000
vn -0.9109 0.4127 0.0004
vn 0.9359 -0.3523 -0.0000
vn -0.9359 0.3523 0.0004
vn 0.9569 -0.2903 -0.0000
vn -0.9569 0.2903 0.0004
vn 0.9739 -0.2271 -0.0000
vn -0.9739 0.2271 0.0004
vn 0.9866 -0.1629 -0.0000
vn -0.9866 0.1629 0.0004
vn 0.9952 -0.0980 -0.0000
vn -0.9952 0.0980 0.0004
vn 0.9995 -0.0327 -0.0000
vn -0.9995 0.0327 0.0004
vn -0.9995 -0.0327 0.0007
vn -0.9952 -0.0980 0.0007
vn -0.9866 -0.1629 0.0007
vn -0.9739 -0.2271 0.0007
vn -0.9569 -0.2903 0.0007
vn 0.9359 0.3523 -0.0000
vn -0.9359 -0.3522 0.0007
vn -0.9109 -0.4127 0.0007
vn -0.8819 -0.4714 0.0007
vn -0.8492 -0.5281 0.0007
vn -0.8128 -0.5825 0.0007
vn -0.7730 -0.6344 0.0007
vn -0.7299 -0.6836 0.0007
vn -0.6836 -0.7299 0.0007
vn -0.6344 -0.7730 0.0007
vn -0.5825 -0.8128 0.0007
vn -0.5281 -0.8492 0.0007
vn -0.4714 -0.8819 0.0007
vn -0.4127 -0.9109 0.0007
vn -0.3523 -0.9359 0.0007
vn -0.2903 -0.9569 0.0007
vn -0.2271 -0.9739 0.0007
vn -0.1629 -0.9866 0.0007
vn -0.0980 -0.9952 0.0007
vn -0.0327 -0.9995 0.0007
vn 0.0327 -0.9995 0.0007
vn 0.0980 -0.9952 0.0007
vn 0.1629 -0.9866 0.0007
vn 0.2271 -0.9739 0.0007
vn 0.2903 -0.9569 0.0007
vn 0.3523 -0.9359 0.0007
vn 0.4127 -0.9109 0.0007
vn 0.4714 -0.8819 0.0007
vn 0.5281 -0.8492 0.0007
vn 0.5825 -0.8128 0.0007
vn 0.6344 -0.7730 0.0007
vn 0.6836 -0.7299 0.0007
vn 0.7299 -0.6836 0.0007
vn 0.7730 -0.6344 0.0007
vn 0.8128 -0.5825 0.0007
vn 0.8492 -0.5281 0.0007
vn 0.8819 -0.4714 0.0007
vn 0.9109 -0.4127 0.0007
vn -0.9359 0.3522 -0.0000
vn 0.9359 -0.3522 0.0007
vn 0.9569 -0.2903 0.0007
vn 0.9739 -0.2271 0.0007
vn 0.9866 -0.1629 0.0007
vn 0.9952 -0.0980 0.0007
vn 0.9995 -0.0327 0.0007
vn 0.9995 0.0327 0.0007
vn 0.9952 0.0980 0.0007
vn 0.9866 0.1629 0.0007
vn 0.9739 0.2271 0.0007
vn 0.9569 0.2903 0.0007
vn -0.9359 -0.3523 -0.0000
vn 0.9359 0.3522 0.0007
vn 0.9109 0.4127 0.0007
vn 0.8819 0.4714 0.0007
vn 0.8492 0.5281 0.0007
vn 0.8128 0.5825 0.0007
vn 0.7730 0.6344 0.0007
vn 0.7299 0.6836 0.0007
vn 0.6836 0.7299 0.0007
vn 0.6344 0.7730 0.0007
vn 0.5825 0.8128 0.0007
vn 0.5281 0.8492 0.0007
vn 0.4714 0.8819 0.0007
vn 0.4127 0.9109 0.0007
vn 0.3523 0.9359 0.0007
vn 0.2903 0.9569 0.0007
vn 0.2271 0.9739 0.0007
vn 0.1629 0.9866 0.0007
vn 0.0980 0.9952 0.0007
vn 0.0327 0.9995 0.0007
vn -0.0327 0.9995 0.0007
vn -0.0980 0.9952 0.0007
vn -0.1629 0.9866 0.0007
vn -0.2271 0.9739 0.0007
vn -0.2903 0.9569 0.0007
vn -0.3523 0.9359 0.0007
vn -0.4127 0.9109 0.0007
vn -0.4714 0.8819 0.0007
vn -0.5281 0.8492 0.0007
vn -0.5825 0.8128 0.0007
vn -0.6344 0.7730 0.0007
vn -0.6836 0.7299 0.0007
vn -0.7299 0.6836 0.0007
vn -0.7730 0.6344 0.0007
vn -0.8128 0.5825 0.0007
vn -0.8492 0.5281 0.0007
vn -0.8819 0.4714 0.0007
vn -0.9109 0.4127 0.0007
vn 0.9359 -0.3522 -0.0000
vn -0.9359 0.3522 0.0007
vn -0.9569 0.2903 0.0007
vn -0.9739 0.2271 0.0007
vn -0.9866 0.1629 0.0007
vn -0.9952 0.0980 0.0007
vn -0.9995 0.0327 0.0007
vn -0.9995 -0.0327 0.0005
vn -0.9952 -0.0980 0.0005
vn -0.9866 -0.1629 0.0005
vn -0.9739 -0.2271 0.0005
vn -0.9569 -0.2903 0.0005
vn -0.9359 -0.3523 0.0005
vn -0.9109 -0.4127 0.0005
vn -0.8819 -0.4714 0.0005
vn -0.8492 -0.5281 0.0005
vn -0.8128 -0.5825 0.0005
vn -0.7730 -0.6344 0.0005
vn -0.7299 -0.6836 0.0005
vn -0.6836 -0.7299 0.0005
vn -0.6344 -0.7730 0.0005
vn -0.5825 -0.8128 0.0005
vn -0.5281 -0.8492 0.0005
vn -0.4714 -0.8819 0.0005
vn -0.4127 -0.9109 0.0005
vn -0.3522 -0.9359 0.0005
vn -0.2903 -0.9569 0.0005
vn -0.2271 -0.9739 0.0005
vn -0.1629 -0.9866 0.0005
vn -0.0980 -0.9952 0.0005
vn -0.0327 -0.9995 0.0005
vn 0.0327 -0.9995 0.0005
vn 0.0980 -0.9952 0.0005
vn 0.1629 -0.9866 0.0005
vn 0.2271 -0.9739 0.0005
vn 0.2903 -0.9569 0.0005
vn 0.3523 -0.9359 0.0005
vn 0.4127 -0.9109 0.0005
vn 0.4714 -0.8819 0.0005
vn 0.5281 -0.8492 0.0005
vn 0.5825 -0.8128 0.0005
vn 0.6344 -0.7730 0.0005
vn 0.6836 -0.7299 0.0005
vn 0.7299 -0.6836 0.0005
vn 0.7730 -0.6344 0.0005
vn 0.8128 -0.5825 0.0005
vn 0.8492 -0.5281 0.0005
vn 0.8819 -0.4714 0.0005
vn 0.9109 -0.4127 0.0005
vn 0.9359 -0.3523 0.0005
vn 0.9569 -0.2903 0.0005
vn 0.9739 -0.2271 0.0005
vn 0.9866 -0.1629 0.0005
vn 0.9952 -0.0980 0.0005
vn 0.9995 -0.0327 0.0005
vn 0.9995 0.0327 0.0005
vn 0.9952 0.0980 0.0005
vn 0.9866 0.1629 0.0005
vn 0.9739 0.2271 0.0005
vn 0.9569 0.2903 0.0005
vn 0.9359 0.3523 0.0005
vn 0.9109 0.4127 0.0005
vn 0.8819 0.4714 0.0005
vn 0.8492 0.5281 0.0005
vn 0.8128 0.5825 0.0005
vn 0.7730 0.6344 0.0005
vn 0.7299 0.6836 0.0005
vn 0.6836 0.7299 0.0005
vn 0.6344 0.7730 0.0005
vn 0.5825 0.8128 0.0005
vn 0.5281 0.8492 0.0005
vn 0.4714 0.8819 0.0005
vn 0.4127 0.9109 0.0005
vn 0.3522 0.9359 0.0005
vn 0.2903 0.9569 0.0005
vn 0.2271 0.9739 0.0005
vn 0.1629 0.9866 0.0005
vn 0.0980 0.9952 0.0005
vn 0.0327 0.9995 0.0005
vn -0.0327 0.9995 0.0005
vn -0.0980 0.9952 0.0005
vn -0.1629 0.9866 0.0005
vn -0.2271 0.9739 0.0005
vn -0.2903 0.9569 0.0005
vn -0.3523 0.9359 0.0005
vn -0.4127 0.9109 0.0005
vn -0.4714 0.8819 0.0005
vn -0.5281 0.8492 0.0005
vn -0.5825 0.8128 0.0005
vn -0.6344 0.7730 0.0005
vn -0.6836 0.7299 0.0005
vn -0.7299 0.6836 0.0005
vn -0.7730 0.6344 0.0005
vn -0.8128 0.5825 0.0005
vn -0.8492 0.5281 0.0005
vn -0.8819 0.4714 0.0005
vn -0.9109 0.4127 0.0005
vn -0.9359 0.3523 0.0005
vn -0.9569 0.2903 0.0005
vn -0.9739 0.2271 0.0005
vn -0.9866 0.1629 0.0005
vn -0.9952 0.0980 0.0005
vn -0.9995 0.0327 0.0005
vn -0.0000 -0.0000 -1.0000
vn -0.0000 -0.0000 1.0000
vn -0.0001 -0.0000 1.0000
vn 0.0001 -0.0000 1.0000
vn 0.3522 0.9359 -0.0000
vn -0.3522 0.9359 -0.0000
vn -0.3522 -0.9359 -0.0000
vn 0.3522 -0.9359 -0.0000
vn -0.5825 -0.8129 -0.0000
vn 0.5825 -0.8129 -0.0000
vn 0.5825 0.8129 -0.0000
vn -0.5825 0.8129 -0.0000
vn 0.0004 -0.0000 -1.0000
vn 0.0003 -0.0000 -1.0000
vn 0.0002 -0.0000 -1.0000
vn -0.0002 -0.0000 -1.0000
vn -0.0001 -0.0000 -1.0000
vn 0.0001 -0.0000 -1.0000
vn -0.0004 -0.0000 -1.0000
vn -0.0003 -0.0000 -1.0000
vn 0.8129 0.5825 -0.0000
vn 0.7298 0.6836 -0.0000
vn 0.6836 0.7298 -0.0000
vn 0.5824 0.8129 -0.0000
vn 0.5280 0.8492 -0.0000
vn -0.5280 0.8492 -0.0000
vn -0.5824 0.8129 -0.0000
vn -0.6836 0.7298 -0.0000
vn -0.7298 0.6836 -0.0000
vn -0.8129 0.5825 -0.0000
vn -0.8129 -0.5825 -0.0000
vn -0.7298 -0.6836 -0.0000
vn -0.6836 -0.7298 -0.0000
vn -0.5824 -0.8129 -0.0000
vn -0.5280 -0.8492 -0.0000
vn 0.5280 -0.8492 -0.0000
vn 0.5824 -0.8129 -0.0000
vn 0.6836 -0.7298 -0.0000
vn 0.7298 -0.6836 -0.0000
vn 0.8129 -0.5825 -0.0000
vn -0.0002 -0.0000 1.0000
vn 0.0002 -0.0000 1.0000
vn -0.0004 -0.0000 1.0000
vn 0.0004 -0.0000 1.0000
vn -0.8129 -0.5824 -0.0000
vn 0.8129 -0.5824 -0.0000
vn 0.8129 0.5824 -0.0000
vn -0.8129 0.5824 -0.0000
vn -0.9359 -0.3523 0.0004
vn -0.3523 -0.9359 0.0004
vn 0.3523 -0.9359 0.0004
vn 0.9359 0.3523 0.0004
vn 0.3523 0.9359 0.0004
vn -0.3523 0.9359 0.0004
vn -0.9359 -0.3523 0.0007
vn 0.9359 0.3523 0.0007
vn -0.3523 -0.9359 0.0005
vn 0.3522 -0.9359 0.0005
vn 0.3523 0.9359 0.0005
vn -0.3522 0.9359 0.0005
vn 0.4713 0.8819 -0.0000
vn 0.4127 0.9108 -0.0000
vn -0.4127 0.9108 -0.0000
vn -0.4713 0.8819 -0.0000
vn -0.4713 -0.8819 -0.0000
vn -0.4127 -0.9108 -0.0000
vn 0.4127 -0.9108 -0.0000
vn 0.4713 -0.8820 -0.0000
s 0
usemtl tower_paint
f 2//1 193//1 1//1
f 97//2 290//2 98//2
f 3//3 194//3 2//3
f 98//4 291//4 99//4
f 4//5 195//5 3//5
f 99//6 292//6 100//6
f 5//7 196//7 4//7
f 100//8 293//8 101//8
f 6//9 197//9 5//9
f 101//10 294//10 102//10
f 7//11 198//11 6//11
f 102//12 295//12 103//12
f 8//13 199//13 7//13
f 103//14 296//14 104//14
f 9//15 200//15 8//15
f 104//16 297//16 105//16
f 10//17 201//17 9//17
f 105//18 298//18 106//18
f 11//19 202//19 10//19
f 106//20 299//20 107//20
f 12//21 203//21 11//21
f 107//22 300//22 108//22
f 13//23 204//23 12//23
f 108//24 301//24 109//24
f 14//25 205//25 13//25
f 109//26 302//26 110//26
f 15//27 206//27 14//27
f 110//28 303//28 111//28
f 16//29 207//29 15//29
f 111//30 304//30 112//30
f 17//31 208//31 16//31
f 112//32 305//32 113//32
f 18//33 209//33 17//33
f 113//34 306//34 114//34
f 19//35 210//35 18//35
f 114//36 307//36 115//36
f 20//37 211//37 19//37
f 115//38 308//38 116//38
f 21//39 212//39 20//39
f 116//40 309//40 117//40
f 22//41 213//41 21//41
f 117//42 310//42 118//42
f 23//43 214//43 22//43
f 118//44 311//44 119//44
f 24//45 215//45 23//45
f 119//46 312//46 120//46
f 25//47 216//47 24//47
f 120//48 313//48 121//48
f 26//49 217//49 25//49
f 121//50 314//50 122//50
f 27//51 218//51 26//51
f 122//52 315//52 123//52
f 28//53 219//53 27//53
f 123//54 316//54 124//54
f 29//55 220//55 28//55
f 124//56 317//56 125//56
f 30//57 221//57 29//57
f 125//58 318//58 126//58
f 31//59 222//59 30//59
f 126//60 319//60 127//60
f 32//61 223//61 31//61
f 127//62 320//62 128//62
f 33//63 224//63 32//63
f 128//64 321//64 129//64
f 34//65 225//65 33//65
f 129//66 322//66 130//66
f 35//67 226//67 34//67
f 130//68 323//68 131//68
f 36//69 227//69 35//69
f 131//70 324//70 132//70
f 37//71 228//71 36//71
f 132//72 325//72 133//72
f 38//73 229//73 37//73
f 133//74 326//74 134//74
f 39//75 230//75 38//75
f 134//76 327//76 135//76
f 40//77 231//77 39//77
f 135//78 328//78 136//78
f 41//79 232//79 40//79
f 136//80 329//80 137//80
f 42//81 233//81 41//81
f 137//82 330//82 138//82
f 43//83 234//83 42//83
f 138//84 331//84 139//84
f 44//85 235//85 43//85
f 139//86 332//86 140//86
f 45//87 236//87 44//87
f 140//88 333//88 141//88
f 46//89 237//89 45//89
f 141//90 334//90 142//90
f 47//91 238//91 46//91
f 142//92 335//92 143//92
f 48//93 239//93 47//93
f 143//94 336//94 144//94
f 49//95 240//95 48//95
f 144//96 337//96 145//96
f 50//97 241//97 49//97
f 145//98 338//98 146//98
f 51//99 242//99 50//99
f 146//100 339//100 147//100
f 52//101 243//101 51//101
f 147//102 340//102 148//102
f 53//103 244//103 52//103
f 148//104 341//104 149//104
f 54//105 245//105 53//105
f 149//106 342//106 150//106
f 55//107 246//107 54//107
f 150//108 343//108 151//108
f 56//109 247//109 55//109
f 151//110 344//110 152//110
f 57//111 248//111 56//111
f 152//112 345//112 153//112
f 58//113 249//113 57//113
f 153//114 346//114 154//114
f 59//115 250//115 58//115
f 154//116 347//116 155//116
f 60//117 251//117 59//117
f 155//118 348//118 156//118
f 61//119 252//119 60//119
f 156//120 349//120 157//120
f 62//121 253//121 61//121
f 157//122 350//122 158//122
f 63//123 254//123 62//123
f 158//124 351//124 159//124
f 64//125 255//125 63//125
f 159//126 352//126 160//126
f 65//127 256//127 64//127
f 160//128 353//128 161//128
f 66//129 257//129 65//129
f 161//130 354//130 162//130
f 67//131 258//131 66//131
f 162//132 355//132 163//132
f 68//133 259//133 67//133
f 163//134 356//134 164//134
f 69//135 260//135 68//135
f 164//136 357//136 165//136
f 70//137 261//137 69//137
f 165//138 358//138 166//138
f 71//139 262//139 70//139
f 166//140 359//140 167//140
f 72//141 263//141 71//141
f 167//142 360//142 168//142
f 73//143 264//143 72//143
f 168//144 361//144 169//144
f 74//145 265//145 73//145
f 169//146 362//146 170//146
f 75//147 266//147 74//147
f 170//148 363//148 171//148
f 76//149 267//149 75//149
f 171//150 364//150 172//150
f 77//151 268//151 76//151
f 172//152 365//152 173//152
f 78//153 269//153 77//153
f 173//154 366//154 174//154
f 79//155 270//155 78//155
f 174//156 367//156 175//156
f 80//157 271//157 79//157
f 175//158 368//158 176//158
f 81//159 272//159 80//159
f 176//160 369//160 177//160
f 82//161 273//161 81//161
f 177//162 370//162 178//162
f 83//163 274//163 82//163
f 178//164 371//164 179//164
f 84//165 275//165 83//165
f 179//166 372//166 180//166
f 85//167 276//167 84//167
f 180//168 373//168 181//168
f 86//169 277//169 85//169
f 181//170 374//170 182//170
f 87//171 278//171 86//171
f 182//172 375//172 183//172
f 88//173 279//173 87//173
f 183//174 376//174 184//174
f 89//175 280//175 88//175
f 184//176 377//176 185//176
f 90//177 281//177 89//177
f 185//178 378//178 186//178
f 91//179 282//179 90//179
f 186//180 379//180 187//180
f 92//181 283//181 91//181
f 187//182 380//182 188//182
f 93//183 284//183 92//183
f 188//184 381//184 189//184
f 94//185 285//185 93//185
f 189//186 382//186 190//186
f 95//187 286//187 94//187
f 190//188 383//188 191//188
f 96//189 287//189 95//189
f 191//190 384//190 192//190
f 1//191 288//191 96//191
f 192//192 289//192 97//192
f 194//1 385//1 193//1
f 289//193 482//193 290//193
f 195//3 386//3 194//3
f 290//194 483//194 291//194
f 196//5 387//5 195//5
f 291//195 484//195 292//195
f 197//7 388//7 196//7
f 292//196 485//196 293//196
f 198//9 389//9 197//9
f 294//197 485//197 486//197
f 199//198 390//198 198//198
f 294//199 487//199 295//199
f 200//13 391//13 199//13
f 295//200 488//200 296//200
f 201//15 392//15 200//15
f 296//201 489//201 297//201
f 202//17 393//17 201//17
f 297//202 490//202 298//202
f 203//19 394//19 202//19
f 298//203 491//203 299//203
f 204//21 395//21 203//21
f 299//204 492//204 300//204
f 205//23 396//23 204//23
f 300//205 493//205 301//205
f 206//25 397//25 205//25
f 301//206 494//206 302//206
f 207//27 398//27 206//27
f 302//207 495//207 303//207
f 208//29 399//29 207//29
f 303//208 496//208 304//208
f 209//31 400//31 208//31
f 304//209 497//209 305//209
f 210//33 401//33 209//33
f 305//210 498//210 306//210
f 211//35 402//35 210//35
f 306//211 499//211 307//211
f 212//37 403//37 211//37
f 307//212 500//212 308//212
f 213//39 404//39 212//39
f 308//213 501//213 309//213
f 214//41 405//41 213//41
f 309//214 502//214 310//214
f 215//43 406//43 214//43
f 310//215 503//215 311//215
f 216//45 407//45 215//45
f 311//216 504//216 312//216
f 217//47 408//47 216//47
f 312//217 505//217 313//217
f 218//49 409//49 217//49
f 313//218 506//218 314//218
f 219//51 410//51 218//51
f 314//219 507//219 315//219
f 220//53 411//53 219//53
f 315//220 508//220 316//220
f 221//55 412//55 220//55
f 316//221 509//221 317//221
f 222//57 413//57 221//57
f 318//222 509//222 510//222
f 223//59 414//59 222//59
f 318//223 511//223 319//223
f 224//61 415//61 223//61
f 319//224 512//224 320//224
f 225//63 416//63 224//63
f 320//225 513//225 321//225
f 226//65 417//65 225//65
f 321//226 514//226 322//226
f 227//67 418//67 226//67
f 322//227 515//227 323//227
f 228//69 419//69 227//69
f 323//228 516//228 324//228
f 229//71 420//71 228//71
f 324//229 517//229 325//229
f 230//73 421//73 229//73
f 325//230 518//230 326//230
f 231//75 422//75 230//75
f 326//231 519//231 327//231
f 232//77 423//77 231//77
f 327//232 520//232 328//232
f 233//79 424//79 232//79
f 328//233 521//233 329//233
f 234//81 425//81 233//81
f 329//234 522//234 330//234
f 235//83 426//83 234//83
f 330//235 523//235 331//235
f 236//236 427//236 235//236
f 331//237 524//237 332//237
f 237//87 428//87 236//87
f 332//238 525//238 333//238
f 238//89 429//89 237//89
f 333//239 526//239 334//239
f 239//91 430//91 238//91
f 334//240 527//240 335//240
f 240//93 431//93 239//93
f 335//241 528//241 336//241
f 241//95 432//95 240//95
f 336//242 529//242 337//242
f 242//97 433//97 241//97
f 337//243 530//243 338//243
f 243//99 434//99 242//99
f 338//244 531//244 339//244
f 244//101 435//101 243//101
f 339//245 532//245 340//245
f 245//103 436//103 244//103
f 340//246 533//246 341//246
f 246//105 437//105 245//105
f 342//247 533//247 534//247
f 247//248 438//248 246//248
f 342//249 535//249 343//249
f 248//109 439//109 247//109
f 343//250 536//250 344//250
f 249//111 440//111 248//111
f 344//251 537//251 345//251
f 250//113 441//113 249//113
f 345//252 538//252 346//252
f 251//115 442//115 250//115
f 346//253 539//253 347//253
f 252//117 443//117 251//117
f 347//254 540//254 348//254
f 253//119 444//119 252//119
f 348//255 541//255 349//255
f 254//121 445//121 253//121
f 349//256 542//256 350//256
f 255//123 446//123 254//123
f 350//257 543//257 351//257
f 256//125 447//125 255//125
f 351//258 544//258 352//258
f 257//127 448//127 256//127
f 352//259 545//259 353//259
f 258//129 449//129 257//129
f 353//260 546//260 354//260
f 259//131 450//131 258//131
f 354//261 547//261 355//261
f 260//133 451//133 259//133
f 355//262 548//262 356//262
f 261//135 452//135 260//135
f 356//263 549//263 357//263
f 262//137 453//137 261//137
f 357//264 550//264 358//264
f 263//139 454//139 262//139
f 358//265 551//265 359//265
f 264//141 455//141 263//141
f 359//266 552//266 360//266
f 265//143 456//143 264//143
f 360//267 553//267 361//267
f 266//145 457//145 265//145
f 361//268 554//268 362//268
f 267//147 458//147 266//147
f 362//269 555//269 363//269
f 268//149 459//149 267//149
f 363//270 556//270 364//270
f 269//151 460//151 268//151
f 364//271 557//271 365//271
f 270//153 461//153 269//153
f 366//272 557//272 558//272
f 271//155 462//155 270//155
f 366//273 559//273 367//273
f 272//157 463//157 271//157
f 367//274 560//274 368//274
f 273//159 464//159 272//159
f 368//275 561//275 369//275
f 274//161 465//161 273//161
f 369//276 562//276 370//276
f 275//163 466//163 274//163
f 370//277 563//277 371//277
f 276//165 467//165 275//165
f 371//278 564//278 372//278
f 277//167 468//167 276//167
f 372//279 565//279 373//279
f 278//169 469//169 277//169
f 373//280 566//280 374//280
f 279//171 470//171 278//171
f 374//281 567//281 375//281
f 280//173 471//173 279//173
f 375//282 568//282 376//282
f 281//175 472//175 280//175
f 376//283 569//283 377//283
f 282//177 473//177 281//177
f 377//284 570//284 378//284
f 283//179 474//179 282//179
f 378//285 571//285 379//285
f 284//286 475//286 283//286
f 379//287 572//287 380//287
f 285//183 476//183 284//183
f 380//288 573//288 381//288
f 286//185 477//185 285//185
f 381//289 574//289 382//289
f 287//187 478//187 286//187
f 382//290 575//290 383//290
f 288//189 479//189 287//189
f 383//291 576//291 384//291
f 193//191 480//191 288//191
f 384//292 481//292 289//292
f 386//1 577//1 385//1
f 481//293 674//293 482//293
f 387//3 578//3 386//3
f 482//294 675//294 483//294
f 388//5 579//5 387//5
f 484//295 675//295 676//295
f 389//7 580//7 388//7
f 484//296 677//296 485//296
f 390//9 581//9 389//9
f 485//297 678//297 486//297
f 391//11 582//11 390//11
f 486//298 679//298 487//298
f 392//13 583//13 391//13
f 487//299 680//299 488//299
f 393//15 584//15 392//15
f 488//300 681//300 489//300
f 394//17 585//17 393//17
f 489//301 682//301 490//301
f 395//19 586//19 394//19
f 490//302 683//302 491//302
f 396//21 587//21 395//21
f 491//303 684//303 492//303
f 397//23 588//23 396//23
f 492//304 685//304 493//304
f 398//25 589//25 397//25
f 493//305 686//305 494//305
f 399//27 590//27 398//27
f 494//306 687//306 495//306
f 400//29 591//29 399//29
f 495//307 688//307 496//307
f 401//31 592//31 400//31
f 496//308 689//308 497//308
f 402//33 593//33 401//33
f 497//309 690//309 498//309
f 403//35 594//35 402//35
f 498//310 691//310 499//310
f 404//37 595//37 403//37
f 500//311 691//311 692//311
f 405//39 596//39 404//39
f 500//312 693//312 501//312
f 406//41 597//41 405//41
f 501//313 694//313 502//313
f 407//43 598//43 406//43
f 503//314 694//314 695//314
f 408//45 599//45 407//45
f 503//315 696//315 504//315
f 409//47 600//47 408//47
f 504//316 697//316 505//316
f 410//49 601//49 409//49
f 505//317 698//317 506//317
f 411//51 602//51 410//51
f 506//318 699//318 507//318
f 412//53 603//53 411//53
f 508//319 699//319 700//319
f 413//55 604//55 412//55
f 508//320 701//320 509//320
f 414//57 605//57 413//57
f 509//321 702//321 510//321
f 415//59 606//59 414//59
f 510//322 703//322 511//322
f 416//61 607//61 415//61
f 511//323 704//323 512//323
f 417//63 608//63 416//63
f 512//324 705//324 513//324
f 418//65 609//65 417//65
f 513//325 706//325 514//325
f 419//67 610//67 418//67
f 514//326 707//326 515//326
f 420//69 611//69 419//69
f 515//327 708//327 516//327
f 421//71 612//71 420//71
f 516//328 709//328 517//328
f 422//73 613//73 421//73
f 517//329 710//329 518//329
f 423//75 614//75 422//75
f 518//330 711//330 519//330
f 424//77 615//77 423//77
f 519//331 712//331 520//331
f 425//79 616//79 424//79
f 520//332 713//332 521//332
f 426//81 617//81 425//81
f 521//333 714//333 522//333
f 427//83 618//83 426//83
f 522//334 715//334 523//334
f 428//85 619//85 427//85
f 524//335 715//335 716//335
f 429//87 620//87 428//87
f 524//336 717//336 525//336
f 430//89 621//89 429//89
f 525//337 718//337 526//337
f 431//91 622//91 430//91
f 527//338 718//338 719//338
f 432//93 623//93 431//93
f 527//339 720//339 528//339
f 433//95 624//95 432//95
f 528//340 721//340 529//340
f 434//97 625//97 433//97
f 529//341 722//341 530//341
f 435//99 626//99 434//99
f 530//342 723//342 531//342
f 436//101 627//101 435//101
f 532//343 723//343 724//343
f 437//103 628//103 436//103
f 532//344 725//344 533//344
f 438//105 629//105 437//105
f 533//345 726//345 534//345
f 439//107 630//107 438//107
f 534//346 727//346 535//346
f 440//109 631//109 439//109
f 535//347 728//347 536//347
f 441//111 632//111 440//111
f 536//348 729//348 537//348
f 442//113 633//113 441//113
f 537//349 730//349 538//349
f 443//115 634//115 442//115
f 538//350 731//350 539//350
f 444//117 635//117 443//117
f 539//351 732//351 540//351
f 445//119 636//119 444//119
f 540//352 733//352 541//352
f 446//121 637//121 445//121
f 541//353 734//353 542//353
f 447//123 638//123 446//123
f 542//354 735//354 543//354
f 448//125 639//125 447//125
f 543//355 736//355 544//355
f 449//127 640//127 448//127
f 544//356 737//356 545//356
f 450//129 641//129 449//129
f 545//357 738//357 546//357
f 451//131 642//131 450//131
f 546//358 739//358 547//358
f 452//133 643//133 451//133
f 548//359 739//359 740//359
f 453//135 644//135 452//135
f 548//360 741//360 549//360
f 454//137 645//137 453//137
f 549//361 742//361 550//361
f 455//139 646//139 454//139
f 551//362 742//362 743//362
f 456//141 647//141 455//141
f 551//363 744//363 552//363
f 457//143 648//143 456//143
f 552//364 745//364 553//364
f 458//145 649//145 457//145
f 553//365 746//365 554//365
f 459//147 650//147 458//147
f 554//366 747//366 555//366
f 460//149 651//149 459//149
f 556//367 747//367 748//367
f 461//151 652//151 460//151
f 556//368 749//368 557//368
f 462//153 653//153 461//153
f 557//369 750//369 558//369
f 463//155 654//155 462//155
f 558//370 751//370 559//370
f 464//157 655//157 463//157
f 559//371 752//371 560//371
f 465//159 656//159 464//159
f 560//372 753//372 561//372
f 466//161 657//161 465//161
f 561//373 754//373 562//373
f 467//163 658//163 466//163
f 562//374 755//374 563//374
f 468//165 659//165 467//165
f 563//375 756//375 564//375
f 469//167 660//167 468//167
f 564//376 757//376 565//376
f 470//169 661//169 469//169
f 565//377 758//377 566//377
f 471//171 662//171 470//171
f 566//378 759//378 567//378
f 472//173 663//173 471//173
f 567//379 760//379 568//379
f 473//175 664//175 472//175
f 568//380 761//380 569//380
f 474//177 665//177 473//177
f 569//381 762//381 570//381
f 475//179 666//179 474//179
f 570//382 763//382 571//382
f 476//181 667//181 475//181
f 572//383 763//383 764//383
f 477//183 668//183 476//183
f 572//384 765//384 573//384
f 478//185 669//185 477//185
f 573//385 766//385 574//385
f 479//187 670//187 478//187
f 575//386 766//386 767//386
f 480//189 671//189 479//189
f 575//387 768//387 576//387
f 385//191 672//191 480//191
f 576//388 673//388 481//388
f 1//389 98//389 2//389
f 577//390 674//390 673//390
f 3//389 98//389 99//389
f 579//390 674//390 578//390
f 4//389 99//389 100//389
f 580//390 675//390 579//390
f 4//389 101//389 5//389
f 580//390 677//390 676//390
f 5//389 102//389 6//389
f 581//390 678//390 677//390
f 7//389 102//389 103//389
f 583//391 678//391 582//391
f 8//389 103//389 104//389
f 583//390 680//390 679//390
f 9//389 104//389 105//389
f 584//390 681//390 680//390
f 9//389 106//389 10//389
f 586//391 681//391 585//391
f 10//389 107//389 11//389
f 586//390 683//390 682//390
f 12//389 107//389 108//389
f 587//390 684//390 683//390
f 13//389 108//389 109//389
f 589//390 684//390 588//390
f 13//389 110//389 14//389
f 590//392 685//392 589//392
f 14//389 111//389 15//389
f 591//390 686//390 590//390
f 16//389 111//389 112//389
f 592//390 687//390 591//390
f 17//389 112//389 113//389
f 593//390 688//390 592//390
f 17//389 114//389 18//389
f 594//391 689//391 593//391
f 18//389 115//389 19//389
f 595//390 690//390 594//390
f 19//389 116//389 20//389
f 595//390 692//390 691//390
f 21//389 116//389 117//389
f 597//390 692//390 596//390
f 22//389 117//389 118//389
f 598//390 693//390 597//390
f 22//389 119//389 23//389
f 598//390 695//390 694//390
f 23//389 120//389 24//389
f 599//390 696//390 695//390
f 24//389 121//389 25//389
f 601//390 696//390 600//390
f 25//389 122//389 26//389
f 601//390 698//390 697//390
f 27//389 122//389 123//389
f 603//390 698//390 602//390
f 28//389 123//389 124//389
f 604//390 699//390 603//390
f 28//389 125//389 29//389
f 604//390 701//390 700//390
f 29//389 126//389 30//389
f 605//390 702//390 701//390
f 31//389 126//389 127//389
f 607//390 702//390 606//390
f 32//389 127//389 128//389
f 607//391 704//391 703//391
f 33//389 128//389 129//389
f 608//390 705//390 704//390
f 33//389 130//389 34//389
f 610//390 705//390 609//390
f 34//389 131//389 35//389
f 610//390 707//390 706//390
f 36//389 131//389 132//389
f 611//392 708//392 707//392
f 37//389 132//389 133//389
f 613//391 708//391 612//391
f 37//389 134//389 38//389
f 614//390 709//390 613//390
f 38//389 135//389 39//389
f 615//390 710//390 614//390
f 40//389 135//389 136//389
f 616//390 711//390 615//390
f 41//389 136//389 137//389
f 617//390 712//390 616//390
f 41//389 138//389 42//389
f 618//391 713//391 617//391
f 42//389 139//389 43//389
f 619//390 714//390 618//390
f 43//389 140//389 44//389
f 619//390 716//390 715//390
f 45//389 140//389 141//389
f 621//390 716//390 620//390
f 46//389 141//389 142//389
f 622//390 717//390 621//390
f 46//389 143//389 47//389
f 622//390 719//390 718//390
f 47//389 144//389 48//389
f 623//390 720//390 719//390
f 48//389 145//389 49//389
f 625//390 720//390 624//390
f 49//389 146//389 50//389
f 625//390 722//390 721//390
f 51//389 146//389 147//389
f 627//390 722//390 626//390
f 52//389 147//389 148//389
f 628//390 723//390 627//390
f 52//389 149//389 53//389
f 628//390 725//390 724//390
f 53//389 150//389 54//389
f 629//390 726//390 725//390
f 55//389 150//389 151//389
f 631//392 726//392 630//392
f 56//389 151//389 152//389
f 631//390 728//390 727//390
f 57//389 152//389 153//389
f 632//390 729//390 728//390
f 57//389 154//389 58//389
f 634//392 729//392 633//392
f 58//389 155//389 59//389
f 634//390 731//390 730//390
f 60//389 155//389 156//389
f 635//390 732//390 731//390
f 61//389 156//389 157//389
f 637//390 732//390 636//390
f 61//389 158//389 62//389
f 638//391 733//391 637//391
f 62//389 159//389 63//389
f 639//390 734//390 638//390
f 64//389 159//389 160//389
f 640//390 735//390 639//390
f 65//389 160//389 161//389
f 641//390 736//390 640//390
f 65//389 162//389 66//389
f 642//392 737//392 641//392
f 66//389 163//389 67//389
f 643//390 738//390 642//390
f 67//389 164//389 68//389
f 643//390 740//390 739//390
f 69//389 164//389 165//389
f 645//390 740//390 644//390
f 70//389 165//389 166//389
f 646//390 741//390 645//390
f 70//389 167//389 71//389
f 646//390 743//390 742//390
f 71//389 168//389 72//389
f 647//390 744//390 743//390
f 72//389 169//389 73//389
f 649//390 744//390 648//390
f 73//389 170//389 74//389
f 649//390 746//390 745//390
f 75//389 170//389 171//389
f 651//390 746//390 650//390
f 76//389 171//389 172//389
f 652//390 747//390 651//390
f 76//389 173//389 77//389
f 652//390 749//390 748//390
f 77//389 174//389 78//389
f 653//390 750//390 749//390
f 79//389 174//389 175//389
f 655//390 750//390 654//390
f 80//389 175//389 176//389
f 655//392 752//392 751//392
f 81//389 176//389 177//389
f 656//390 753//390 752//390
f 81//389 178//389 82//389
f 658//390 753//390 657//390
f 82//389 179//389 83//389
f 658//390 755//390 754//390
f 84//389 179//389 180//389
f 659//391 756//391 755//391
f 85//389 180//389 181//389
f 661//392 756//392 660//392
f 85//389 182//389 86//389
f 662//390 757//390 661//390
f 86//389 183//389 87//389
f 663//390 758//390 662//390
f 88//389 183//389 184//389
f 664//390 759//390 663//390
f 89//389 184//389 185//389
f 665//390 760//390 664//390
f 89//389 186//389 90//389
f 666//392 761//392 665//392
f 90//389 187//389 91//389
f 667//390 762//390 666//390
f 91//389 188//389 92//389
f 667//390 764//390 763//390
f 93//389 188//389 189//389
f 669//390 764//390 668//390
f 94//389 189//389 190//389
f 670//390 765//390 669//390
f 94//389 191//389 95//389
f 670//390 767//390 766//390
f 95//389 192//389 96//389
f 671//390 768//390 767//390
f 96//389 97//389 1//389
f 577//390 768//390 672//390
f 2//1 194//1 193//1
f 97//2 289//2 290//2
f 3//3 195//3 194//3
f 98//4 290//4 291//4
f 4//5 196//5 195//5
f 99//6 291//6 292//6
f 5//7 197//7 196//7
f 100//8 292//8 293//8
f 6//9 198//9 197//9
f 101//10 293//10 294//10
f 7//198 199//198 198//198
f 102//437 294//437 295//437
f 8//13 200//13 199//13
f 103//14 295//14 296//14
f 9//15 201//15 200//15
f 104//16 296//16 297//16
f 10//17 202//17 201//17
f 105//18 297//18 298//18
f 11//19 203//19 202//19
f 106//20 298//20 299//20
f 12//21 204//21 203//21
f 107//22 299//22 300//22
f 13//23 205//23 204//23
f 108//24 300//24 301//24
f 14//25 206//25 205//25
f 109//26 301//26 302//26
f 15//27 207//27 206//27
f 110//28 302//28 303//28
f 16//29 208//29 207//29
f 111//30 303//30 304//30
f 17//31 209//31 208//31
f 112//32 304//32 305//32
f 18//33 210//33 209//33
f 113//34 305//34 306//34
f 19//35 211//35 210//35
f 114//36 306//36 307//36
f 20//37 212//37 211//37
f 115//438 307//438 308//438
f 21//39 213//39 212//39
f 116//40 308//40 309//40
f 22//41 214//41 213//41
f 117//42 309//42 310//42
f 23//43 215//43 214//43
f 118//44 310//44 311//44
f 24//45 216//45 215//45
f 119//46 311//46 312//46
f 25//47 217//47 216//47
f 120//48 312//48 313//48
f 26//49 218//49 217//49
f 121//50 313//50 314//50
f 27//51 219//51 218//51
f 122//52 314//52 315//52
f 28//53 220//53 219//53
f 123//54 315//54 316//54
f 29//55 221//55 220//55
f 124//56 316//56 317//56
f 30//57 222//57 221//57
f 125//58 317//58 318//58
f 31//59 223//59 222//59
f 126//439 318//439 319//439
f 32//61 224//61 223//61
f 127//62 319//62 320//62
f 33//63 225//63 224//63
f 128//64 320//64 321//64
f 34//65 226//65 225//65
f 129//66 321//66 322//66
f 35//67 227//67 226//67
f 130//68 322//68 323//68
f 36//69 228//69 227//69
f 131//70 323//70 324//70
f 37//71 229//71 228//71
f 132//72 324//72 325//72
f 38//73 230//73 229//73
f 133//74 325//74 326//74
f 39//75 231//75 230//75
f 134//76 326//76 327//76
f 40//77 232//77 231//77
f 135//78 327//78 328//78
f 41//79 233//79 232//79
f 136//80 328//80 329//80
f 42//81 234//81 233//81
f 137//82 329//82 330//82
f 43//83 235//83 234//83
f 138//84 330//84 331//84
f 44//236 236//236 235//236
f 139//86 331//86 332//86
f 45//87 237//87 236//87
f 140//88 332//88 333//88
f 46//89 238//89 237//89
f 141//90 333//90 334//90
f 47//91 239//91 238//91
f 142//92 334//92 335//92
f 48//93 240//93 239//93
f 143//94 335//94 336//94
f 49//95 241//95 240//95
f 144//96 336//96 337//96
f 50//97 242//97 241//97
f 145//98 337//98 338//98
f 51//99 243//99 242//99
f 146//100 338//100 339//100
f 52//101 244//101 243//101
f 147//102 339//102 340//102
f 53//103 245//103 244//103
f 148//104 340//104 341//104
f 54//105 246//105 245//105
f 149//106 341//106 342//106
f 55//248 247//248 246//248
f 150//440 342//440 343//440
f 56//109 248//109 247//109
f 151//110 343//110 344//110
f 57//111 249//111 248//111
f 152//112 344//112 345//112
f 58//113 250//113 249//113
f 153//114 345//114 346//114
f 59//115 251//115 250//115
f 154//116 346//116 347//116
f 60//117 252//117 251//117
f 155//118 347//118 348//118
f 61//119 253//119 252//119
f 156//120 348//120 349//120
f 62//121 254//121 253//121
f 157//122 349//122 350//122
f 63//123 255//123 254//123
f 158//124 350//124 351//124
f 64//125 256//125 255//125
f 159//126 351//126 352//126
f 65//127 257//127 256//127
f 160//128 352//128 353//128
f 66//129 258//129 257//129
f 161//130 353//130 354//130
f 67//131 259//131 258//131
f 162//132 354//132 355//132
f 68//133 260//133 259//133
f 163//441 355//441 356//441
f 69//135 261//135 260//135
f 164//136 356//136 357//136
f 70//137 262//137 261//137
f 165//138 357//138 358//138
f 71//139 263//139 262//139
f 166//140 358//140 359//140
f 72//141 264//141 263//141
f 167//142 359//142 360//142
f 73//143 265//143 264//143
f 168//144 360//144 361//144
f 74//145 266//145 265//145
f 169//146 361//146 362//146
f 75//147 267//147 266//147
f 170//148 362//148 363//148
f 76//149 268//149 267//149
f 171//150 363//150 364//150
f 77//151 269//151 268//151
f 172//152 364//152 365//152
f 78//153 270//153 269//153
f 173//154 365//154 366//154
f 79//155 271//155 270//155
f 174//442 366//442 367//442
f 80//157 272//157 271//157
f 175//158 367//158 368//158
f 81//159 273//159 272//159
f 176//160 368//160 369//160
f 82//161 274//161 273//161
f 177//162 369//162 370//162
f 83//163 275//163 274//163
f 178//164 370//164 371//164
f 84//165 276//165 275//165
f 179//166 371//166 372//166
f 85//167 277//167 276//167
f 180//168 372//168 373//168
f 86//169 278//169 277//169
f 181//170 373//170 374//170
f 87//171 279//171 278//171
f 182//172 374//172 375//172
f 88//173 280//173 279//173
f 183//174 375//174 376//174
f 89//175 281//175 280//175
f 184//176 376//176 377//176
f 90//177 282//177 281//177
f 185//178 377//178 378//178
f 91//179 283//179 282//179
f 186//180 378//180 379//180
f 92//286 284//286 283//286
f 187//182 379//182 380//182
f 93//183 285//183 284//183
f 188//184 380//184 381//184
f 94//185 286//185 285//185
f 189//186 381//186 382//186
f 95//187 287//187 286//187
f 190//188 382//188 383//188
f 96//189 288//189 287//189
f 191//190 383//190 384//190
f 1//191 193//191 288//191
f 192//192 384//192 289//192
f 194//1 386//1 385//1
f 289//193 481//193 482//193
f 195//3 387//3 386//3
f 290//194 482//194 483//194
f 196//5 388//5 387//5
f 291//195 483//195 484//195
f 197//7 389//7 388//7
f 292//196 484//196 485//196
f 198//9 390//9 389//9
f 294//197 293//197 485//197
f 199//11 391//11 390//11
f 294//443 486//443 487//443
f 200//13 392//13 391//13
f 295//200 487//200 488//200
f 201//15 393//15 392//15
f 296//201 488//201 489//201
f 202//17 394//17 393//17
f 297//202 489//202 490//202
f 203//19 395//19 394//19
f 298//203 490//203 491//203
f 204//21 396//21 395//21
f 299//204 491//204 492//204
f 205//23 397//23 396//23
f 300//205 492//205 493//205
f 206//25 398//25 397//25
f 301//206 493//206 494//206
f 207//27 399//27 398//27
f 302//207 494//207 495//207
f 208//29 400//29 399//29
f 303//208 495//208 496//208
f 209//31 401//31 400//31
f 304//209 496//209 497//209
f 210//33 402//33 401//33
f 305//210 497//210 498//210
f 211//35 403//35 402//35
f 306//211 498//211 499//211
f 212//37 404//37 403//37
f 307//212 499//212 500//212
f 213//39 405//39 404//39
f 308//213 500//213 501//213
f 214//41 406//41 405//41
f 309//214 501//214 502//214
f 215//43 407//43 406//43
f 310//215 502//215 503//215
f 216//45 408//45 407//45
f 311//216 503//216 504//216
f 217//47 409//47 408//47
f 312//217 504//217 505//217
f 218//49 410//49 409//49
f 313//218 505//218 506//218
f 219//51 411//51 410//51
f 314//219 506//219 507//219
f 220//53 412//53 411//53
f 315//220 507//220 508//220
f 221//55 413//55 412//55
f 316//221 508//221 509//221
f 222//57 414//57 413//57
f 318//222 317//222 509//222
f 223//59 415//59 414//59
f 318//223 510//223 511//223
f 224//61 416//61 415//61
f 319//224 511//224 512//224
f 225//63 417//63 416//63
f 320//225 512//225 513//225
f 226//65 418//65 417//65
f 321//226 513//226 514//226
f 227//67 419//67 418//67
f 322//227 514//227 515//227
f 228//69 420//69 419//69
f 323//228 515//228 516//228
f 229//71 421//71 420//71
f 324//229 516//229 517//229
f 230//73 422//73 421//73
f 325//230 517//230 518//230
f 231//75 423//75 422//75
f 326//231 518//231 519//231
f 232//77 424//77 423//77
f 327//232 519//232 520//232
f 233//79 425//79 424//79
f 328//233 520//233 521//233
f 234//81 426//81 425//81
f 329//234 521//234 522//234
f 235//83 427//83 426//83
f 330//235 522//235 523//235
f 236//85 428//85 427//85
f 331//237 523//237 524//237
f 237//87 429//87 428//87
f 332//238 524//238 525//238
f 238//89 430//89 429//89
f 333//239 525//239 526//239
f 239//91 431//91 430//91
f 334//240 526//240 527//240
f 240//93 432//93 431//93
f 335//241 527//241 528//241
f 241//95 433//95 432//95
f 336//242 528//242 529//242
f 242//97 434//97 433//97
f 337//243 529//243 530//243
f 243//99 435//99 434//99
f 338//244 530//244 531//244
f 244//101 436//101 435//101
f 339//245 531//245 532//245
f 245//103 437//103 436//103
f 340//246 532//246 533//246
f 246//105 438//105 437//105
f 342//247 341//247 533//247
f 247//107 439//107 438//107
f 342//444 534//444 535//444
f 248//109 440//109 439//109
f 343//250 535//250 536//250
f 249//111 441//111 440//111
f 344//251 536//251 537//251
f 250//113 442//113 441//113
f 345//252 537//252 538//252
f 251//115 443//115 442//115
f 346//253 538//253 539//253
f 252//117 444//117 443//117
f 347//254 539//254 540//254
f 253//119 445//119 444//119
f 348//255 540//255 541//255
f 254//121 446//121 445//121
f 349//256 541//256 542//256
f 255//123 447//123 446//123
f 350//257 542//257 543//257
f 256//125 448//125 447//125
f 351//258 543//258 544//258
f 257//127 449//127 448//127
f 352//259 544//259 545//259
f 258//129 450//129 449//129
f 353//260 545//260 546//260
f 259//131 451//131 450//131
f 354//261 546//261 547//261
f 260//133 452//133 451//133
f 355//262 547//262 548//262
f 261//135 453//135 452//135
f 356//263 548//263 549//263
f 262//137 454//137 453//137
f 357//264 549//264 550//264
f 263//139 455//139 454//139
f 358//265 550//265 551//265
f 264//141 456//141 455//141
f 359//266 551//266 552//266
f 265//143 457//143 456//143
f 360//267 552//267 553//267
f 266//145 458//145 457//145
f 361//268 553//268 554//268
f 267//147 459//147 458//147
f 362//269 554//269 555//269
f 268//149 460//149 459//149
f 363//270 555//270 556//270
f 269//151 461//151 460//151
f 364//271 556//271 557//271
f 270//153 462//153 461//153
f 366//272 365//272 557//272
f 271//155 463//155 462//155
f 366//273 558//273 559//273
f 272//157 464//157 463//157
f 367//274 559//274 560//274
f 273//159 465//159 464//159
f 368//275 560//275 561//275
f 274//161 466//161 465//161
f 369//276 561//276 562//276
f 275//163 467//163 466//163
f 370//277 562//277 563//277
f 276//165 468//165 467//165
f 371//278 563//278 564//278
f 277//167 469//167 468//167
f 372//279 564//279 565//279
f 278//169 470//169 469//169
f 373//280 565//280 566//280
f 279//171 471//171 470//171
f 374//281 566//281 567//281
f 280//173 472//173 471//173
f 375//282 567//282 568//282
f 281//175 473//175 472//175
f 376//283 568//283 569//283
f 282//177 474//177 473//177
f 377//284 569//284 570//284
f 283//179 475//179 474//179
f 378//285 570//285 571//285
f 284//181 476//181 475//181
f 379//287 571//287 572//287
f 285//183 477//183 476//183
f 380//288 572//288 573//288
f 286//185 478//185 477//185
f 381//289 573//289 574//289
f 287//187 479//187 478//187
f 382//290 574//290 575//290
f 288//189 480//189 479//189
f 383//291 575//291 576//291
f 193//191 385//191 480//191
f 384//292 576//292 481//292
f 386//1 578//1 577//1
f 481//293 673//293 674//293
f 387//3 579//3 578//3
f 482//294 674//294 675//294
f 388//5 580//5 579//5
f 484//295 483//295 675//295
f 389//7 581//7 580//7
f 484//296 676//296 677//296
f 390//9 582//9 581//9
f 485//297 677//297 678//297
f 391//198 583//198 582//198
f 486//298 678//298 679//298
f 392//13 584//13 583//13
f 487//299 679//299 680//299
f 393//15 585//15 584//15
f 488//300 680//300 681//300
f 394//17 586//17 585//17
f 489//301 681//301 682//301
f 395//19 587//19 586//19
f 490//302 682//302 683//302
f 396//21 588//21 587//21
f 491//303 683//303 684//303
f 397//23 589//23 588//23
f 492//304 684//304 685//304
f 398//25 590//25 589//25
f 493//305 685//305 686//305
f 399//27 591//27 590//27
f 494//306 686//306 687//306
f 400//29 592//29 591//29
f 495//307 687//307 688//307
f 401//31 593//31 592//31
f 496//308 688//308 689//308
f 402//33 594//33 593//33
f 497//309 689//309 690//309
f 403//35 595//35 594//35
f 498//310 690//310 691//310
f 404//37 596//37 595//37
f 500//445 499//445 691//445
f 405//39 597//39 596//39
f 500//312 692//312 693//312
f 406//41 598//41 597//41
f 501//313 693//313 694//313
f 407//43 599//43 598//43
f 503//314 502//314 694//314
f 408//45 600//45 599//45
f 503//315 695//315 696//315
f 409//47 601//47 600//47
f 504//316 696//316 697//316
f 410//49 602//49 601//49
f 505//317 697//317 698//317
f 411//51 603//51 602//51
f 506//318 698//318 699//318
f 412//53 604//53 603//53
f 508//319 507//319 699//319
f 413//55 605//55 604//55
f 508//320 700//320 701//320
f 414//57 606//57 605//57
f 509//321 701//321 702//321
f 415//59 607//59 606//59
f 510//446 702//446 703//446
f 416//61 608//61 607//61
f 511//323 703//323 704//323
f 417//63 609//63 608//63
f 512//324 704//324 705//324
f 418//65 610//65 609//65
f 513//325 705//325 706//325
f 419//67 611//67 610//67
f 514//326 706//326 707//326
f 420//69 612//69 611//69
f 515//327 707//327 708//327
f 421//71 613//71 612//71
f 516//328 708//328 709//328
f 422//73 614//73 613//73
f 517//329 709//329 710//329
f 423//75 615//75 614//75
f 518//330 710//330 711//330
f 424//77 616//77 615//77
f 519//331 711//331 712//331
f 425//79 617//79 616//79
f 520//332 712//332 713//332
f 426//81 618//81 617//81
f 521//333 713//333 714//333
f 427//83 619//83 618//83
f 522//334 714//334 715//334
f 428//236 620//236 619//236
f 524//335 523//335 715//335
f 429//87 621//87 620//87
f 524//336 716//336 717//336
f 430//89 622//89 621//89
f 525//337 717//337 718//337
f 431//91 623//91 622//91
f 527//338 526//338 718//338
f 432//93 624//93 623//93
f 527//339 719//339 720//339
f 433//95 625//95 624//95
f 528//340 720//340 721//340
f 434//97 626//97 625//97
f 529//341 721//341 722//341
f 435//99 627//99 626//99
f 530//342 722//342 723//342
f 436//101 628//101 627//101
f 532//343 531//343 723//343
f 437//103 629//103 628//103
f 532//344 724//344 725//344
f 438//105 630//105 629//105
f 533//345 725//345 726//345
f 439//248 631//248 630//248
f 534//346 726//346 727//346
f 440//109 632//109 631//109
f 535//347 727//347 728//347
f 441//111 633//111 632//111
f 536//348 728//348 729//348
f 442//113 634//113 633//113
f 537//349 729//349 730//349
f 443//115 635//115 634//115
f 538//350 730//350 731//350
f 444//117 636//117 635//117
f 539//351 731//351 732//351
f 445//119 637//119 636//119
f 540//352 732//352 733//352
f 446//121 638//121 637//121
f 541//353 733//353 734//353
f 447//123 639//123 638//123
f 542//354 734//354 735//354
f 448//125 640//125 639//125
f 543//355 735//355 736//355
f 449//127 641//127 640//127
f 544//356 736//356 737//356
f 450//129 642//129 641//129
f 545//357 737//357 738//357
f 451//131 643//131 642//131
f 546//358 738//358 739//358
f 452//133 644//133 643//133
f 548//447 547//447 739//447
f 453//135 645//135 644//135
f 548//360 740//360 741//360
f 454//137 646//137 645//137
f 549//361 741//361 742//361
f 455//139 647//139 646//139
f 551//362 550//362 742//362
f 456//141 648//141 647//141
f 551//363 743//363 744//363
f 457//143 649//143 648//143
f 552//364 744//364 745//364
f 458//145 650//145 649//145
f 553//365 745//365 746//365
f 459//147 651//147 650//147
f 554//366 746//366 747//366
f 460//149 652//149 651//149
f 556//367 555//367 747//367
f 461//151 653//151 652//151
f 556//368 748//368 749//368
f 462//153 654//153 653//153
f 557//369 749//369 750//369
f 463//155 655//155 654//155
f 558//448 750//448 751//448
f 464//157 656//157 655//157
f 559//371 751//371 752//371
f 465//159 657//159 656//159
f 560//372 752//372 753//372
f 466//161 658//161 657//161
f 561//373 753//373 754//373
f 467//163 659//163 658//163
f 562//374 754//374 755//374
f 468//165 660//165 659//165
f 563//375 755//375 756//375
f 469//167 661//167 660//167
f 564//376 756//376 757//376
f 470//169 662//169 661//169
f 565//377 757//377 758//377
f 471//171 663//171 662//171
f 566//378 758//378 759//378
f 472//173 664//173 663//173
f 567//379 759//379 760//379
f 473//175 665//175 664//175
f 568//380 760//380 761//380
f 474//177 666//177 665//177
f 569//381 761//381 762//381
f 475//179 667//179 666//179
f 570//382 762//382 763//382
f 476//286 668//286 667//286
f 572//383 571//383 763//383
f 477//183 669//183 668//183
f 572//384 764//384 765//384
f 478//185 670//185 669//185
f 573//385 765//385 766//385
f 479//187 671//187 670//187
f 575//386 574//386 766//386
f 480//189 672//189 671//189
f 575//387 767//387 768//387
f 385//191 577//191 672//191
f 576//388 768//388 673//388
f 1//389 97//389 98//389
f 577//390 578//390 674//390
f 3//389 2//389 98//389
f 579//390 675//390 674//390
f 4//389 3//389 99//389
f 580//390 676//390 675//390
f 4//389 100//389 101//389
f 580//390 581//390 677//390
f 5//389 101//389 102//389
f 581//390 582//390 678//390
f 7//389 6//389 102//389
f 583//390 679//390 678//390
f 8//389 7//389 103//389
f 583//390 584//390 680//390
f 9//389 8//389 104//389
f 584//392 585//392 681//392
f 9//389 105//389 106//389
f 586//390 682//390 681//390
f 10//389 106//389 107//389
f 586//390 587//390 683//390
f 12//389 11//389 107//389
f 587//390 588//390 684//390
f 13//389 12//389 108//389
f 589//390 685//390 684//390
f 13//389 109//389 110//389
f 590//391 686//391 685//391
f 14//389 110//389 111//389
f 591//391 687//391 686//391
f 16//389 15//389 111//389
f 592//390 688//390 687//390
f 17//389 16//389 112//389
f 593//390 689//390 688//390
f 17//389 113//389 114//389
f 594//390 690//390 689//390
f 18//389 114//389 115//389
f 595//392 691//392 690//392
f 19//389 115//389 116//389
f 595//390 596//390 692//390
f 21//389 20//389 116//389
f 597//390 693//390 692//390
f 22//389 21//389 117//389
f 598//390 694//390 693//390
f 22//389 118//389 119//389
f 598//390 599//390 695//390
f 23//389 119//389 120//389
f 599//390 600//390 696//390
f 24//389 120//389 121//389
f 601//390 697//390 696//390
f 25//389 121//389 122//389
f 601//390 602//390 698//390
f 27//389 26//389 122//389
f 603//390 699//390 698//390
f 28//389 27//389 123//389
f 604//390 700//390 699//390
f 28//389 124//389 125//389
f 604//390 605//390 701//390
f 29//389 125//389 126//389
f 605//390 606//390 702//390
f 31//389 30//389 126//389
f 607//390 703//390 702//390
f 32//389 31//389 127//389
f 607//390 608//390 704//390
f 33//389 32//389 128//389
f 608//392 609//392 705//392
f 33//389 129//389 130//389
f 610//390 706//390 705//390
f 34//389 130//389 131//389
f 610//390 611//390 707//390
f 36//389 35//389 131//389
f 611//390 612//390 708//390
f 37//389 36//389 132//389
f 613//392 709//392 708//392
f 37//389 133//389 134//389
f 614//390 710//390 709//390
f 38//389 134//389 135//389
f 615//390 711//390 710//390
f 40//389 39//389 135//389
f 616//390 712//390 711//390
f 41//389 40//389 136//389
f 617//390 713//390 712//390
f 41//389 137//389 138//389
f 618//390 714//390 713//390
f 42//389 138//389 139//389
f 619//390 715//390 714//390
f 43//389 139//389 140//389
f 619//392 620//392 716//392
f 45//389 44//389 140//389
f 621//390 717//390 716//390
f 46//389 45//389 141//389
f 622//390 718//390 717//390
f 46//389 142//389 143//389
f 622//390 623//390 719//390
f 47//389 143//389 144//389
f 623//390 624//390 720//390
f 48//389 144//389 145//389
f 625//390 721//390 720//390
f 49//389 145//389 146//389
f 625//390 626//390 722//390
f 51//389 50//389 146//389
f 627//390 723//390 722//390
f 52//389 51//389 147//389
f 628//390 724//390 723//390
f 52//389 148//389 149//389
f 628//390 629//390 725//390
f 53//389 149//389 150//389
f 629//390 630//390 726//390
f 55//389 54//389 150//389
f 631//390 727//390 726//390
f 56//389 55//389 151//389
f 631//390 632//390 728//390
f 57//389 56//389 152//389
f 632//391 633//391 729//391
f 57//389 153//389 154//389
f 634//390 730//390 729//390
f 58//389 154//389 155//389
f 634//390 635//390 731//390
f 60//389 59//389 155//389
f 635//390 636//390 732//390
f 61//389 60//389 156//389
f 637//390 733//390 732//390
f 61//389 157//389 158//389
f 638//392 734//392 733//392
f 62//389 158//389 159//389
f 639//392 735//392 734//392
f 64//389 63//389 159//389
f 640//390 736//390 735//390
f 65//389 64//389 160//389
f 641//390 737//390 736//390
f 65//389 161//389 162//389
f 642//390 738//390 737//390
f 66//389 162//389 163//389
f 643//391 739//391 738//391
f 67//389 163//389 164//389
f 643//390 644//390 740//390
f 69//389 68//389 164//389
f 645//390 741//390 740//390
f 70//389 69//389 165//389
f 646//390 742//390 741//390
f 70//389 166//389 167//389
f 646//390 647//390 743//390
f 71//389 167//389 168//389
f 647//390 648//390 744//390
f 72//389 168//389 169//389
f 649//390 745//390 744//390
f 73//389 169//389 170//389
f 649//390 650//390 746//390
f 75//389 74//389 170//389
f 651//390 747//390 746//390
f 76//389 75//389 171//389
f 652//390 748//390 747//390
f 76//389 172//389 173//389
f 652//390 653//390 749//390
f 77//389 173//389 174//389
f 653//390 654//390 750//390
f 79//389 78//389 174//389
f 655//390 751//390 750//390
f 80//389 79//389 175//389
f 655//390 656//390 752//390
f 81//389 80//389 176//389
f 656//391 657//391 753//391
f 81//389 177//389 178//389
f 658//390 754//390 753//390
f 82//389 178//389 179//389
f 658//390 659//390 755//390
f 84//389 83//389 179//389
f 659//390 660//390 756//390
f 85//389 84//389 180//389
f 661//391 757//391 756//391
f 85//389 181//389 182//389
f 662//390 758//390 757//390
f 86//389 182//389 183//389
f 663//390 759//390 758//390
f 88//389 87//389 183//389
f 664//390 760//390 759//390
f 89//389 88//389 184//389
f 665//390 761//390 760//390
f 89//389 185//389 186//389
f 666//390 762//390 761//390
f 90//389 186//389 187//389
f 667//390 763//390 762//390
f 91//389 187//389 188//389
f 667//391 668//391 764//391
f 93//389 92//389 188//389
f 669//390 765//390 764//390
f 94//389 93//389 189//389
f 670//390 766//390 765//390
f 94//389 190//389 191//389
f 670//390 671//390 767//390
f 95//389 191//389 192//389
f 671//390 672//390 768//390
f 96//389 192//389 97//389
f 577//390 673//390 768//390
usemtl steel_grey
f 769//389 866//389 865//389
f 771//389 866//389 770//389
f 771//389 868//389 867//389
f 773//389 868//389 772//389
f 773//389 870//389 869//389
f 775//389 870//389 774//389
f 776//389 871//389 775//389
f 776//389 873//389 872//389
f 777//389 874//389 873//389
f 779//389 874//389 778//389
f 779//389 876//389 875//389
f 781//389 876//389 780//389
f 782//389 877//389 781//389
f 783//389 878//389 782//389
f 784//389 879//389 783//389
f 785//389 880//389 784//389
f 786//389 881//389 785//389
f 786//389 883//389 882//389
f 787//389 884//389 883//389
f 789//389 884//389 788//389
f 789//389 886//389 885//389
f 791//389 886//389 790//389
f 791//389 888//389 887//389
f 793//389 888//389 792//389
f 793//389 890//389 889//389
f 795//389 890//389 794//389
f 795//389 892//389 891//389
f 797//389 892//389 796//389
f 797//389 894//389 893//389
f 799//389 894//389 798//389
f 800//389 895//389 799//389
f 800//389 897//389 896//389
f 801//389 898//389 897//389
f 803//389 898//389 802//389
f 803//389 900//389 899//389
f 805//389 900//389 804//389
f 806//389 901//389 805//389
f 807//389 902//389 806//389
f 808//389 903//389 807//389
f 809//389 904//389 808//389
f 810//389 905//389 809//389
f 810//389 907//389 906//389
f 811//389 908//389 907//389
f 813//389 908//389 812//389
f 813//389 910//389 909//389
f 815//389 910//389 814//389
f 815//389 912//389 911//389
f 817//389 912//389 816//389
f 817//389 914//389 913//389
f 819//389 914//389 818//389
f 819//389 916//389 915//389
f 821//389 916//389 820//389
f 821//389 918//389 917//389
f 823//389 918//389 822//389
f 824//389 919//389 823//389
f 824//389 921//389 920//389
f 825//389 922//389 921//389
f 827//389 922//389 826//389
f 827//389 924//389 923//389
f 829//389 924//389 828//389
f 830//389 925//389 829//389
f 831//389 926//389 830//389
f 832//389 927//389 831//389
f 833//389 928//389 832//389
f 834//389 929//389 833//389
f 834//389 931//389 930//389
f 835//389 932//389 931//389
f 837//389 932//389 836//389
f 837//389 934//389 933//389
f 839//389 934//389 838//389
f 839//389 936//389 935//389
f 841//389 936//389 840//389
f 841//389 938//389 937//389
f 843//389 938//389 842//389
f 843//389 940//389 939//389
f 845//389 940//389 844//389
f 845//389 942//389 941//389
f 847//389 942//389 846//389
f 848//389 943//389 847//389
f 848//389 945//389 944//389
f 849//389 946//389 945//389
f 851//389 946//389 850//389
f 851//389 948//389 947//389
f 853//389 948//389 852//389
f 854//389 949//389 853//389
f 855//389 950//389 854//389
f 856//389 951//389 855//389
f 857//389 952//389 856//389
f 858//389 953//389 857//389
f 858//389 955//389 954//389
f 859//389 956//389 955//389
f 861//389 956//389 860//389
f 861//389 958//389 957//389
f 863//389 958//389 862//389
f 863//389 960//389 959//389
f 769//389 960//389 864//389
f 866//1 961//1 865//1
f 867//3 962//3 866//3
f 868//5 963//5 867//5
f 869//7 964//7 868//7
f 870//9 965//9 869//9
f 871//11 966//11 870//11
f 872//13 967//13 871//13
f 873//15 968//15 872//15
f 874//17 969//17 873//17
f 875//19 970//19 874//19
f 876//21 971//21 875//21
f 877//23 972//23 876//23
f 878//25 973//25 877//25
f 879//27 974//27 878//27
f 880//29 975//29 879//29
f 881//31 976//31 880//31
f 882//33 977//33 881//33
f 883//35 978//35 882//35
f 884//393 979//393 883//393
f 885//39 980//39 884//39
f 886//41 981//41 885//41
f 887//43 982//43 886//43
f 888//45 983//45 887//45
f 889//47 984//47 888//47
f 890//49 985//49 889//49
f 891//51 986//51 890//51
f 892//53 987//53 891//53
f 893//55 988//55 892//55
f 894//57 989//57 893//57
f 895//394 990//394 894//394
f 896//61 991//61 895//61
f 897//63 992//63 896//63
f 898//65 993//65 897//65
f 899//67 994//67 898//67
f 900//69 995//69 899//69
f 901//71 996//71 900//71
f 902//73 997//73 901//73
f 903//75 998//75 902//75
f 904//77 999//77 903//77
f 905//79 1000//79 904//79
f 906//81 1001//81 905//81
f 907//83 1002//83 906//83
f 908//236 1003//236 907//236
f 909//87 1004//87 908//87
f 910//89 1005//89 909//89
f 911//91 1006//91 910//91
f 912//93 1007//93 911//93
f 913//95 1008//95 912//95
f 914//97 1009//97 913//97
f 915//99 1010//99 914//99
f 916//101 1011//101 915//101
f 917//103 1012//103 916//103
f 918//105 1013//105 917//105
f 919//107 1014//107 918//107
f 920//109 1015//109 919//109
f 921//111 1016//111 920//111
f 922//113 1017//113 921//113
f 923//115 1018//115 922//115
f 924//117 1019//117 923//117
f 925//119 1020//119 924//119
f 926//121 1021//121 925//121
f 927//123 1022//123 926//123
f 928//125 1023//125 927//125
f 929//127 1024//127 928//127
f 930//129 1025//129 929//129
f 931//131 1026//131 930//131
f 932//395 1027//395 931//395
f 933//135 1028//135 932//135
f 934//137 1029//137 933//137
f 935//139 1030//139 934//139
f 936//141 1031//141 935//141
f 937//143 1032//143 936//143
f 938//145 1033//145 937//145
f 939//147 1034//147 938//147
f 940//149 1035//149 939//149
f 941//151 1036//151 940//151
f 942//153 1037//153 941//153
f 943//396 1038//396 942//396
f 944//157 1039//157 943//157
f 945//159 1040//159 944//159
f 946//161 1041//161 945//161
f 947//163 1042//163 946//163
f 948//165 1043//165 947//165
f 949//167 1044//167 948//167
f 950//169 1045//169 949//169
f 951//171 1046//171 950//171
f 952//173 1047//173 951//173
f 953//175 1048//175 952//175
f 954//177 1049//177 953//177
f 955//179 1050//179 954//179
f 956//286 1051//286 955//286
f 957//183 1052//183 956//183
f 958//185 1053//185 957//185
f 959//187 1054//187 958//187
f 960//189 1055//189 959//189
f 865//191 1056//191 960//191
f 962//390 1057//390 961//390
f 962//390 1059//390 1058//390
f 964//390 1059//390 963//390
f 964//390 1061//390 1060//390
f 966//390 1061//390 965//390
f 966//390 1063//390 1062//390
f 967//390 1064//390 1063//390
f 969//390 1064//390 968//390
f 970//390 1065//390 969//390
f 971//390 1066//390 970//390
f 972//390 1067//390 971//390
f 973//390 1068//390 972//390
f 974//390 1069//390 973//390
f 974//390 1071//390 1070//390
f 976//390 1071//390 975//390
f 977//390 1072//390 976//390
f 977//390 1074//390 1073//390
f 979//390 1074//390 978//390
f 980//390 1075//390 979//390
f 980//390 1077//390 1076//390
f 982//390 1077//390 981//390
f 982//390 1079//390 1078//390
f 984//390 1079//390 983//390
f 984//390 1081//390 1080//390
f 986//390 1081//390 985//390
f 986//390 1083//390 1082//390
f 988//390 1083//390 987//390
f 988//390 1085//390 1084//390
f 990//390 1085//390 989//390
f 990//390 1087//390 1086//390
f 991//390 1088//390 1087//390
f 993//390 1088//390 992//390
f 994//390 1089//390 993//390
f 995//390 1090//390 994//390
f 996//390 1091//390 995//390
f 997//390 1092//390 996//390
f 998//390 1093//390 997//390
f 998//390 1095//390 1094//390
f 1000//390 1095//390 999//390
f 1001//390 1096//390 1000//390
f 1001//390 1098//390 1097//390
f 1003//390 1098//390 1002//390
f 1004//390 1099//390 1003//390
f 1004//390 1101//390 1100//390
f 1006//390 1101//390 1005//390
f 1006//390 1103//390 1102//390
f 1008//390 1103//390 1007//390
f 1008//390 1105//390 1104//390
f 1010//390 1105//390 1009//390
f 1010//390 1107//390 1106//390
f 1012//390 1107//390 1011//390
f 1012//390 1109//390 1108//390
f 1014//390 1109//390 1013//390
f 1014//390 1111//390 1110//390
f 1015//390 1112//390 1111//390
f 1017//390 1112//390 1016//390
f 1018//390 1113//390 1017//390
f 1019//390 1114//390 1018//390
f 1020//390 1115//390 1019//390
f 1021//390 1116//390 1020//390
f 1022//390 1117//390 1021//390
f 1022//390 1119//390 1118//390
f 1024//390 1119//390 1023//390
f 1025//390 1120//390 1024//390
f 1025//390 1122//390 1121//390
f 1027//390 1122//390 1026//390
f 1028//390 1123//390 1027//390
f 1028//390 1125//390 1124//390
f 1030//390 1125//390 1029//390
f 1030//390 1127//390 1126//390
f 1032//390 1127//390 1031//390
f 1032//390 1129//390 1128//390
f 1034//390 1129//390 1033//390
f 1034//390 1131//390 1130//390
f 1036//390 1131//390 1035//390
f 1036//390 1133//390 1132//390
f 1038//390 1133//390 1037//390
f 1038//390 1135//390 1134//390
f 1039//390 1136//390 1135//390
f 1041//390 1136//390 1040//390
f 1042//390 1137//390 1041//390
f 1043//390 1138//390 1042//390
f 1044//390 1139//390 1043//390
f 1045//390 1140//390 1044//390
f 1046//390 1141//390 1045//390
f 1046//390 1143//390 1142//390
f 1048//390 1143//390 1047//390
f 1049//390 1144//390 1048//390
f 1049//390 1146//390 1145//390
f 1051//390 1146//390 1050//390
f 1052//390 1147//390 1051//390
f 1052//390 1149//390 1148//390
f 1054//390 1149//390 1053//390
f 1054//390 1151//390 1150//390
f 1056//390 1151//390 1055//390
f 1056//390 1057//390 1152//390
f 1058//97 1153//97 1057//97
f 1059//99 1154//99 1058//99
f 1060//101 1155//101 1059//101
f 1061//103 1156//103 1060//103
f 1062//105 1157//105 1061//105
f 1063//248 1158//248 1062//248
f 1064//109 1159//109 1063//109
f 1065//111 1160//111 1064//111
f 1066//113 1161//113 1065//113
f 1067//115 1162//115 1066//115
f 1068//117 1163//117 1067//117
f 1069//119 1164//119 1068//119
f 1070//121 1165//121 1069//121
f 1071//123 1166//123 1070//123
f 1072//125 1167//125 1071//125
f 1073//127 1168//127 1072//127
f 1074//129 1169//129 1073//129
f 1075//131 1170//131 1074//131
f 1076//395 1171//395 1075//395
f 1077//135 1172//135 1076//135
f 1078//137 1173//137 1077//137
f 1079//139 1174//139 1078//139
f 1080//141 1175//141 1079//141
f 1081//143 1176//143 1080//143
f 1082//145 1177//145 1081//145
f 1083//147 1178//147 1082//147
f 1084//149 1179//149 1083//149
f 1085//151 1180//151 1084//151
f 1086//153 1181//153 1085//153
f 1087//396 1182//396 1086//396
f 1088//157 1183//157 1087//157
f 1089//159 1184//159 1088//159
f 1090//161 1185//161 1089//161
f 1091//163 1186//163 1090//163
f 1092//165 1187//165 1091//165
f 1093//167 1188//167 1092//167
f 1094//169 1189//169 1093//169
f 1095//171 1190//171 1094//171
f 1096//173 1191//173 1095//173
f 1097//175 1192//175 1096//175
f 1098//177 1193//177 1097//177
f 1099//179 1194//179 1098//179
f 1100//286 1195//286 1099//286
f 1101//183 1196//183 1100//183
f 1102//185 1197//185 1101//185
f 1103//187 1198//187 1102//187
f 1104//189 1199//189 1103//189
f 1105//191 1200//191 1104//191
f 1106//1 1201//1 1105//1
f 1107//3 1202//3 1106//3
f 1108//5 1203//5 1107//5
f 1109//7 1204//7 1108//7
f 1110//9 1205//9 1109//9
f 1111//198 1206//198 1110//198
f 1112//13 1207//13 1111//13
f 1113//15 1208//15 1112//15
f 1114//17 1209//17 1113//17
f 1115//19 1210//19 1114//19
f 1116//21 1211//21 1115//21
f 1117//23 1212//23 1116//23
f 1118//25 1213//25 1117//25
f 1119//27 1214//27 1118//27
f 1120//29 1215//29 1119//29
f 1121//31 1216//31 1120//31
f 1122//33 1217//33 1121//33
f 1123//35 1218//35 1122//35
f 1124//393 1219//393 1123//393
f 1125//39 1220//39 1124//39
f 1126//41 1221//41 1125//41
f 1127//43 1222//43 1126//43
f 1128//45 1223//45 1127//45
f 1129//47 1224//47 1128//47
f 1130//49 1225//49 1129//49
f 1131//51 1226//51 1130//51
f 1132//53 1227//53 1131//53
f 1133//55 1228//55 1132//55
f 1134//57 1229//57 1133//57
f 1135//394 1230//394 1134//394
f 1136//61 1231//61 1135//61
f 1137//63 1232//63 1136//63
f 1138//65 1233//65 1137//65
f 1139//67 1234//67 1138//67
f 1140//69 1235//69 1139//69
f 1141//71 1236//71 1140//71
f 1142//73 1237//73 1141//73
f 1143//75 1238//75 1142//75
f 1144//77 1239//77 1143//77
f 1145//79 1240//79 1144//79
f 1146//81 1241//81 1145//81
f 1147//83 1242//83 1146//83
f 1148//236 1243//236 1147//236
f 1149//87 1244//87 1148//87
f 1150//89 1245//89 1149//89
f 1151//91 1246//91 1150//91
f 1152//93 1247//93 1151//93
f 1057//95 1248//95 1152//95
f 1249//389 1346//389 1345//389
f 1251//389 1346//389 1250//389
f 1252//389 1347//389 1251//389
f 1253//389 1348//389 1252//389
f 1253//389 1350//389 1349//389
f 1255//389 1350//389 1254//389
f 1255//389 1352//389 1351//389
f 1256//389 1353//389 1352//389
f 1257//389 1354//389 1353//389
f 1259//389 1354//389 1258//389
f 1259//389 1356//389 1355//389
f 1261//389 1356//389 1260//389
f 1261//389 1358//389 1357//389
f 1263//389 1358//389 1262//389
f 1264//389 1359//389 1263//389
f 1265//389 1360//389 1264//389
f 1266//389 1361//389 1265//389
f 1266//389 1363//389 1362//389
f 1268//389 1363//389 1267//389
f 1269//389 1364//389 1268//389
f 1270//389 1365//389 1269//389
f 1270//389 1367//389 1366//389
f 1271//389 1368//389 1367//389
f 1273//389 1368//389 1272//389
f 1273//389 1370//389 1369//389
f 1275//389 1370//389 1274//389
f 1276//389 1371//389 1275//389
f 1277//389 1372//389 1276//389
f 1277//389 1374//389 1373//389
f 1279//389 1374//389 1278//389
f 1279//389 1376//389 1375//389
f 1280//389 1377//389 1376//389
f 1281//389 1378//389 1377//389
f 1283//389 1378//389 1282//389
f 1283//389 1380//389 1379//389
f 1285//389 1380//389 1284//389
f 1285//389 1382//389 1381//389
f 1287//389 1382//389 1286//389
f 1288//389 1383//389 1287//389
f 1289//389 1384//389 1288//389
f 1290//389 1385//389 1289//389
f 1290//389 1387//389 1386//389
f 1292//389 1387//389 1291//389
f 1293//389 1388//389 1292//389
f 1294//389 1389//389 1293//389
f 1294//389 1391//389 1390//389
f 1295//389 1392//389 1391//389
f 1297//389 1392//389 1296//389
f 1297//389 1394//389 1393//389
f 1299//389 1394//389 1298//389
f 1300//389 1395//389 1299//389
f 1301//389 1396//389 1300//389
f 1301//389 1398//389 1397//389
f 1303//389 1398//389 1302//389
f 1303//389 1400//389 1399//389
f 1304//389 1401//389 1400//389
f 1305//389 1402//389 1401//389
f 1307//389 1402//389 1306//389
f 1307//389 1404//389 1403//389
f 1309//389 1404//389 1308//389
f 1309//389 1406//389 1405//389
f 1311//389 1406//389 1310//389
f 1312//389 1407//389 1311//389
f 1313//389 1408//389 1312//389
f 1314//389 1409//389 1313//389
f 1314//389 1411//389 1410//389
f 1316//389 1411//389 1315//389
f 1317//389 1412//389 1316//389
f 1318//389 1413//389 1317//389
f 1318//389 1415//389 1414//389
f 1319//389 1416//389 1415//389
f 1321//389 1416//389 1320//389
f 1321//389 1418//389 1417//389
f 1323//389 1418//389 1322//389
f 1324//389 1419//389 1323//389
f 1325//389 1420//389 1324//389
f 1325//389 1422//389 1421//389
f 1327//389 1422//389 1326//389
f 1327//389 1424//389 1423//389
f 1328//389 1425//389 1424//389
f 1329//389 1426//389 1425//389
f 1331//389 1426//389 1330//389
f 1331//389 1428//389 1427//389
f 1333//389 1428//389 1332//389
f 1333//389 1430//389 1429//389
f 1335//389 1430//389 1334//389
f 1336//389 1431//389 1335//389
f 1337//389 1432//389 1336//389
f 1338//389 1433//389 1337//389
f 1338//389 1435//389 1434//389
f 1340//389 1435//389 1339//389
f 1341//389 1436//389 1340//389
f 1342//389 1437//389 1341//389
f 1342//389 1439//389 1438//389
f 1343//389 1440//389 1439//389
f 1249//389 1440//389 1344//389
f 1346//1 1441//1 1345//1
f 1347//3 1442//3 1346//3
f 1348//5 1443//5 1347//5
f 1349//7 1444//7 1348//7
f 1350//9 1445//9 1349//9
f 1351//198 1446//198 1350//198
f 1352//13 1447//13 1351//13
f 1353//15 1448//15 1352//15
f 1354//17 1449//17 1353//17
f 1355//19 1450//19 1354//19
f 1356//21 1451//21 1355//21
f 1357//23 1452//23 1356//23
f 1358//25 1453//25 1357//25
f 1359//27 1454//27 1358//27
f 1360//29 1455//29 1359//29
f 1361//31 1456//31 1360//31
f 1362//33 1457//33 1361//33
f 1363//35 1458//35 1362//35
f 1364//37 1459//37 1363//37
f 1365//39 1460//39 1364//39
f 1366//41 1461//41 1365//41
f 1367//43 1462//43 1366//43
f 1368//45 1463//45 1367//45
f 1369//47 1464//47 1368//47
f 1370//49 1465//49 1369//49
f 1371//51 1466//51 1370//51
f 1372//53 1467//53 1371//53
f 1373//55 1468//55 1372//55
f 1374//57 1469//57 1373//57
f 1375//59 1470//59 1374//59
f 1376//61 1471//61 1375//61
f 1377//63 1472//63 1376//63
f 1378//65 1473//65 1377//65
f 1379//67 1474//67 1378//67
f 1380//69 1475//69 1379//69
f 1381//71 1476//71 1380//71
f 1382//73 1477//73 1381//73
f 1383//75 1478//75 1382//75
f 1384//77 1479//77 1383//77
f 1385//79 1480//79 1384//79
f 1386//81 1481//81 1385//81
f 1387//83 1482//83 1386//83
f 1388//85 1483//85 1387//85
f 1389//87 1484//87 1388//87
f 1390//89 1485//89 1389//89
f 1391//91 1486//91 1390//91
f 1392//93 1487//93 1391//93
f 1393//95 1488//95 1392//95
f 1394//97 1489//97 1393//97
f 1395//99 1490//99 1394//99
f 1396//101 1491//101 1395//101
f 1397//103 1492//103 1396//103
f 1398//105 1493//105 1397//105
f 1399//248 1494//248 1398//248
f 1400//109 1495//109 1399//109
f 1401//111 1496//111 1400//111
f 1402//113 1497//113 1401//113
f 1403//115 1498//115 1402//115
f 1404//117 1499//117 1403//117
f 1405//119 1500//119 1404//119
f 1406//121 1501//121 1405//121
f 1407//123 1502//123 1406//123
f 1408//125 1503//125 1407//125
f 1409//127 1504//127 1408//127
f 1410//129 1505//129 1409//129
f 1411//131 1506//131 1410//131
f 1412//133 1507//133 1411//133
f 1413//135 1508//135 1412//135
f 1414//137 1509//137 1413//137
f 1415//139 1510//139 1414//139
f 1416//141 1511//141 1415//141
f 1417//143 1512//143 1416//143
f 1418//145 1513//145 1417//145
f 1419//147 1514//147 1418//147
f 1420//149 1515//149 1419//149
f 1421//151 1516//151 1420//151
f 1422//153 1517//153 1421//153
f 1423//155 1518//155 1422//155
f 1424//157 1519//157 1423//157
f 1425//159 1520//159 1424//159
f 1426//161 1521//161 1425//161
f 1427//163 1522//163 1426//163
f 1428//165 1523//165 1427//165
f 1429//167 1524//167 1428//167
f 1430//169 1525//169 1429//169
f 1431//171 1526//171 1430//171
f 1432//173 1527//173 1431//173
f 1433//175 1528//175 1432//175
f 1434//177 1529//177 1433//177
f 1435//179 1530//179 1434//179
f 1436//181 1531//181 1435//181
f 1437//183 1532//183 1436//183
f 1438//185 1533//185 1437//185
f 1439//187 1534//187 1438//187
f 1440//189 1535//189 1439//189
f 1345//191 1536//191 1440//191
f 1442//390 1537//390 1441//390
f 1442//390 1539//390 1538//390
f 1443//390 1540//390 1539//390
f 1445//390 1540//390 1444//390
f 1446//390 1541//390 1445//390
f 1447//390 1542//390 1446//390
f 1447//390 1544//390 1543//390
f 1449//390 1544//390 1448//390
f 1450//390 1545//390 1449//390
f 1451//390 1546//390 1450//390
f 1452//390 1547//390 1451//390
f 1452//390 1549//390 1548//390
f 1454//390 1549//390 1453//390
f 1454//390 1551//390 1550//390
f 1456//390 1551//390 1455//390
f 1456//390 1553//390 1552//390
f 1457//390 1554//390 1553//390
f 1458//390 1555//390 1554//390
f 1460//390 1555//390 1459//390
f 1460//390 1557//390 1556//390
f 1462//390 1557//390 1461//390
f 1463//390 1558//390 1462//390
f 1464//390 1559//390 1463//390
f 1464//390 1561//390 1560//390
f 1466//390 1561//390 1465//390
f 1466//390 1563//390 1562//390
f 1467//390 1564//390 1563//390
f 1469//390 1564//390 1468//390
f 1470//390 1565//390 1469//390
f 1471//390 1566//390 1470//390
f 1471//390 1568//390 1567//390
f 1473//390 1568//390 1472//390
f 1474//390 1569//390 1473//390
f 1475//390 1570//390 1474//390
f 1476//390 1571//390 1475//390
f 1476//390 1573//390 1572//390
f 1478//390 1573//390 1477//390
f 1478//390 1575//390 1574//390
f 1480//390 1575//390 1479//390
f 1480//390 1577//390 1576//390
f 1481//390 1578//390 1577//390
f 1482//390 1579//390 1578//390
f 1484//390 1579//390 1483//390
f 1484//390 1581//390 1580//390
f 1486//390 1581//390 1485//390
f 1487//390 1582//390 1486//390
f 1488//390 1583//390 1487//390
f 1488//390 1585//390 1584//390
f 1490//390 1585//390 1489//390
f 1490//390 1587//390 1586//390
f 1491//390 1588//390 1587//390
f 1493//390 1588//390 1492//390
f 1494//390 1589//390 1493//390
f 1495//390 1590//390 1494//390
f 1495//390 1592//390 1591//390
f 1497//390 1592//390 1496//390
f 1498//390 1593//390 1497//390
f 1499//390 1594//390 1498//390
f 1500//390 1595//390 1499//390
f 1500//390 1597//390 1596//390
f 1502//390 1597//390 1501//390
f 1502//390 1599//390 1598//390
f 1504//390 1599//390 1503//390
f 1504//390 1601//390 1600//390
f 1505//390 1602//390 1601//390
f 1506//390 1603//390 1602//390
f 1508//390 1603//390 1507//390
f 1508//390 1605//390 1604//390
f 1510//390 1605//390 1509//390
f 1511//390 1606//390 1510//390
f 1512//390 1607//390 1511//390
f 1512//390 1609//390 1608//390
f 1514//390 1609//390 1513//390
f 1514//390 1611//390 1610//390
f 1515//390 1612//390 1611//390
f 1517//390 1612//390 1516//390
f 1518//390 1613//390 1517//390
f 1519//390 1614//390 1518//390
f 1519//390 1616//390 1615//390
f 1521//390 1616//390 1520//390
f 1522//390 1617//390 1521//390
f 1523//390 1618//390 1522//390
f 1524//390 1619//390 1523//390
f 1524//390 1621//390 1620//390
f 1526//390 1621//390 1525//390
f 1526//390 1623//390 1622//390
f 1528//390 1623//390 1527//390
f 1528//390 1625//390 1624//390
f 1529//390 1626//390 1625//390
f 1530//390 1627//390 1626//390
f 1532//390 1627//390 1531//390
f 1532//390 1629//390 1628//390
f 1534//390 1629//390 1533//390
f 1535//390 1630//390 1534//390
f 1536//390 1631//390 1535//390
f 1536//390 1537//390 1632//390
f 1538//97 1633//97 1537//97
f 1539//99 1634//99 1538//99
f 1540//101 1635//101 1539//101
f 1541//103 1636//103 1540//103
f 1542//105 1637//105 1541//105
f 1543//107 1638//107 1542//107
f 1544//109 1639//109 1543//109
f 1545//111 1640//111 1544//111
f 1546//113 1641//113 1545//113
f 1547//115 1642//115 1546//115
f 1548//117 1643//117 1547//117
f 1549//119 1644//119 1548//119
f 1550//121 1645//121 1549//121
f 1551//123 1646//123 1550//123
f 1552//397 1647//397 1551//397
f 1553//127 1648//127 1552//127
f 1554//129 1649//129 1553//129
f 1555//131 1650//131 1554//131
f 1556//395 1651//395 1555//395
f 1557//135 1652//135 1556//135
f 1558//137 1653//137 1557//137
f 1559//139 1654//139 1558//139
f 1560//141 1655//141 1559//141
f 1561//143 1656//143 1560//143
f 1562//145 1657//145 1561//145
f 1563//147 1658//147 1562//147
f 1564//149 1659//149 1563//149
f 1565//151 1660//151 1564//151
f 1566//153 1661//153 1565//153
f 1567//396 1662//396 1566//396
f 1568//157 1663//157 1567//157
f 1569//159 1664//159 1568//159
f 1570//161 1665//161 1569//161
f 1571//398 1666//398 1570//398
f 1572//165 1667//165 1571//165
f 1573//167 1668//167 1572//167
f 1574//169 1669//169 1573//169
f 1575//171 1670//171 1574//171
f 1576//173 1671//173 1575//173
f 1577//175 1672//175 1576//175
f 1578//177 1673//177 1577//177
f 1579//179 1674//179 1578//179
f 1580//286 1675//286 1579//286
f 1581//183 1676//183 1580//183
f 1582//185 1677//185 1581//185
f 1583//187 1678//187 1582//187
f 1584//189 1679//189 1583//189
f 1585//191 1680//191 1584//191
f 1586//1 1681//1 1585//1
f 1587//3 1682//3 1586//3
f 1588//5 1683//5 1587//5
f 1589//7 1684//7 1588//7
f 1590//9 1685//9 1589//9
f 1591//11 1686//11 1590//11
f 1592//13 1687//13 1591//13
f 1593//15 1688//15 1592//15
f 1594//17 1689//17 1593//17
f 1595//19 1690//19 1594//19
f 1596//21 1691//21 1595//21
f 1597//23 1692//23 1596//23
f 1598//25 1693//25 1597//25
f 1599//27 1694//27 1598//27
f 1600//399 1695//399 1599//399
f 1601//31 1696//31 1600//31
f 1602//33 1697//33 1601//33
f 1603//35 1698//35 1602//35
f 1604//393 1699//393 1603//393
f 1605//39 1700//39 1604//39
f 1606//41 1701//41 1605//41
f 1607//43 1702//43 1606//43
f 1608//45 1703//45 1607//45
f 1609//47 1704//47 1608//47
f 1610//49 1705//49 1609//49
f 1611//51 1706//51 1610//51
f 1612//53 1707//53 1611//53
f 1613//55 1708//55 1612//55
f 1614//57 1709//57 1613//57
f 1615//394 1710//394 1614//394
f 1616//61 1711//61 1615//61
f 1617//63 1712//63 1616//63
f 1618//65 1713//65 1617//65
f 1619//400 1714//400 1618//400
f 1620//69 1715//69 1619//69
f 1621//71 1716//71 1620//71
f 1622//73 1717//73 1621//73
f 1623//75 1718//75 1622//75
f 1624//77 1719//77 1623//77
f 1625//79 1720//79 1624//79
f 1626//81 1721//81 1625//81
f 1627//83 1722//83 1626//83
f 1628//236 1723//236 1627//236
f 1629//87 1724//87 1628//87
f 1630//89 1725//89 1629//89
f 1631//91 1726//91 1630//91
f 1632//93 1727//93 1631//93
f 1537//95 1728//95 1632//95
f 1730//389 1825//389 1729//389
f 1730//401 1827//401 1826//401
f 1732//402 1827//402 1731//402
f 1732//401 1829//401 1828//401
f 1734//403 1829//403 1733//403
f 1734//389 1831//389 1830//389
f 1736//389 1831//389 1735//389
f 1737//404 1832//404 1736//404
f 1738//405 1833//405 1737//405
f 1739//389 1834//389 1738//389
f 1740//389 1835//389 1739//389
f 1741//405 1836//405 1740//405
f 1741//389 1838//389 1837//389
f 1743//406 1838//406 1742//406
f 1743//389 1840//389 1839//389
f 1744//403 1841//403 1840//403
f 1745//389 1842//389 1841//389
f 1747//389 1842//389 1746//389
f 1748//405 1843//405 1747//405
f 1749//405 1844//405 1748//405
f 1750//389 1845//389 1749//389
f 1750//389 1847//389 1846//389
f 1752//389 1847//389 1751//389
f 1753//389 1848//389 1752//389
f 1754//389 1849//389 1753//389
f 1754//389 1851//389 1850//389
f 1756//389 1851//389 1755//389
f 1756//389 1853//389 1852//389
f 1758//389 1853//389 1757//389
f 1758//389 1855//389 1854//389
f 1760//389 1855//389 1759//389
f 1761//405 1856//405 1760//405
f 1762//389 1857//389 1761//389
f 1763//405 1858//405 1762//405
f 1764//405 1859//405 1763//405
f 1765//406 1860//406 1764//406
f 1765//389 1862//389 1861//389
f 1767//405 1862//405 1766//405
f 1767//389 1864//389 1863//389
f 1768//389 1865//389 1864//389
f 1769//389 1866//389 1865//389
f 1771//406 1866//406 1770//406
f 1772//389 1867//389 1771//389
f 1773//405 1868//405 1772//405
f 1774//405 1869//405 1773//405
f 1774//401 1871//401 1870//401
f 1776//402 1871//402 1775//402
f 1777//404 1872//404 1776//404
f 1778//389 1873//389 1777//389
f 1778//407 1875//407 1874//407
f 1780//408 1875//408 1779//408
f 1780//407 1877//407 1876//407
f 1782//404 1877//404 1781//404
f 1782//389 1879//389 1878//389
f 1784//389 1879//389 1783//389
f 1785//403 1880//403 1784//403
f 1786//406 1881//406 1785//406
f 1787//389 1882//389 1786//389
f 1788//389 1883//389 1787//389
f 1789//406 1884//406 1788//406
f 1789//389 1886//389 1885//389
f 1791//405 1886//405 1790//405
f 1791//389 1888//389 1887//389
f 1792//404 1889//404 1888//404
f 1793//389 1890//389 1889//389
f 1795//389 1890//389 1794//389
f 1796//406 1891//406 1795//406
f 1797//406 1892//406 1796//406
f 1798//389 1893//389 1797//389
f 1798//389 1895//389 1894//389
f 1800//389 1895//389 1799//389
f 1801//389 1896//389 1800//389
f 1802//389 1897//389 1801//389
f 1802//389 1899//389 1898//389
f 1804//389 1899//389 1803//389
f 1804//389 1901//389 1900//389
f 1806//389 1901//389 1805//389
f 1806//389 1903//389 1902//389
f 1808//389 1903//389 1807//389
f 1809//406 1904//406 1808//406
f 1810//389 1905//389 1809//389
f 1811//406 1906//406 1810//406
f 1812//406 1907//406 1811//406
f 1813//405 1908//405 1812//405
f 1813//389 1910//389 1909//389
f 1815//406 1910//406 1814//406
f 1815//389 1912//389 1911//389
f 1816//389 1913//389 1912//389
f 1817//389 1914//389 1913//389
f 1819//405 1914//405 1818//405
f 1820//389 1915//389 1819//389
f 1821//406 1916//406 1820//406
f 1822//406 1917//406 1821//406
f 1822//407 1919//407 1918//407
f 1824//408 1919//408 1823//408
f 1729//403 1920//403 1824//403
f 1826//1 1921//1 1825//1
f 1827//3 1922//3 1826//3
f 1828//5 1923//5 1827//5
f 1829//7 1924//7 1828//7
f 1830//9 1925//9 1829//9
f 1831//11 1926//11 1830//11
f 1832//13 1927//13 1831//13
f 1833//15 1928//15 1832//15
f 1834//17 1929//17 1833//17
f 1835//409 1930//409 1834//409
f 1836//21 1931//21 1835//21
f 1837//410 1932//410 1836//410
f 1838//411 1933//411 1837//411
f 1839//27 1934//27 1838//27
f 1840//412 1935//412 1839//412
f 1841//413 1936//413 1840//413
f 1842//33 1937//33 1841//33
f 1843//35 1938//35 1842//35
f 1844//37 1939//37 1843//37
f 1845//39 1940//39 1844//39
f 1846//41 1941//41 1845//41
f 1847//43 1942//43 1846//43
f 1848//45 1943//45 1847//45
f 1849//47 1944//47 1848//47
f 1850//49 1945//49 1849//49
f 1851//51 1946//51 1850//51
f 1852//53 1947//53 1851//53
f 1853//55 1948//55 1852//55
f 1854//57 1949//57 1853//57
f 1855//59 1950//59 1854//59
f 1856//61 1951//61 1855//61
f 1857//63 1952//63 1856//63
f 1858//414 1953//414 1857//414
f 1859//415 1954//415 1858//415
f 1860//69 1955//69 1859//69
f 1861//416 1956//416 1860//416
f 1862//417 1957//417 1861//417
f 1863//75 1958//75 1862//75
f 1864//418 1959//418 1863//418
f 1865//79 1960//79 1864//79
f 1866//81 1961//81 1865//81
f 1867//83 1962//83 1866//83
f 1868//236 1963//236 1867//236
f 1869//87 1964//87 1868//87
f 1870//89 1965//89 1869//89
f 1871//91 1966//91 1870//91
f 1872//93 1967//93 1871//93
f 1873//95 1968//95 1872//95
f 1874//97 1969//97 1873//97
f 1875//99 1970//99 1874//99
f 1876//101 1971//101 1875//101
f 1877//103 1972//103 1876//103
f 1878//105 1973//105 1877//105
f 1879//107 1974//107 1878//107
f 1880//109 1975//109 1879//109
f 1881//111 1976//111 1880//111
f 1882//113 1977//113 1881//113
f 1883//419 1978//419 1882//419
f 1884//117 1979//117 1883//117
f 1885//420 1980//420 1884//420
f 1886//421 1981//421 1885//421
f 1887//123 1982//123 1886//123
f 1888//422 1983//422 1887//422
f 1889//423 1984//423 1888//423
f 1890//129 1985//129 1889//129
f 1891//131 1986//131 1890//131
f 1892//133 1987//133 1891//133
f 1893//135 1988//135 1892//135
f 1894//137 1989//137 1893//137
f 1895//139 1990//139 1894//139
f 1896//141 1991//141 1895//141
f 1897//143 1992//143 1896//143
f 1898//145 1993//145 1897//145
f 1899//147 1994//147 1898//147
f 1900//149 1995//149 1899//149
f 1901//151 1996//151 1900//151
f 1902//153 1997//153 1901//153
f 1903//155 1998//155 1902//155
f 1904//157 1999//157 1903//157
f 1905//159 2000//159 1904//159
f 1906//424 2001//424 1905//424
f 1907//425 2002//425 1906//425
f 1908//165 2003//165 1907//165
f 1909//426 2004//426 1908//426
f 1910//427 2005//427 1909//427
f 1911//171 2006//171 1910//171
f 1912//428 2007//428 1911//428
f 1913//175 2008//175 1912//175
f 1914//177 2009//177 1913//177
f 1915//179 2010//179 1914//179
f 1916//286 2011//286 1915//286
f 1917//183 2012//183 1916//183
f 1918//185 2013//185 1917//185
f 1919//187 2014//187 1918//187
f 1920//189 2015//189 1919//189
f 1825//191 2016//191 1920//191
f 1922//390 2017//390 1921//390
f 1923//390 2018//390 1922//390
f 1924//429 2019//429 1923//429
f 1924//390 2021//390 2020//390
f 1926//430 2021//430 1925//430
f 1927//390 2022//390 1926//390
f 1927//390 2024//390 2023//390
f 1928//431 2025//431 2024//431
f 1929//390 2026//390 2025//390
f 1931//430 2026//430 1930//430
f 1931//390 2028//390 2027//390
f 1932//432 2029//432 2028//432
f 1933//390 2030//390 2029//390
f 1935//390 2030//390 1934//390
f 1936//390 2031//390 1935//390
f 1937//390 2032//390 1936//390
f 1938//392 2033//392 1937//392
f 1939//390 2034//390 1938//390
f 1939//390 2036//390 2035//390
f 1941//390 2036//390 1940//390
f 1942//390 2037//390 1941//390
f 1943//392 2038//392 1942//392
f 1944//390 2039//390 1943//390
f 1945//390 2040//390 1944//390
f 1946//390 2041//390 1945//390
f 1947//390 2042//390 1946//390
f 1948//391 2043//391 1947//391
f 1948//390 2045//390 2044//390
f 1950//390 2045//390 1949//390
f 1951//390 2046//390 1950//390
f 1951//390 2048//390 2047//390
f 1952//390 2049//390 2048//390
f 1953//430 2050//430 2049//430
f 1955//390 2050//390 1954//390
f 1955//390 2052//390 2051//390
f 1956//390 2053//390 2052//390
f 1957//390 2054//390 2053//390
f 1959//391 2054//391 1958//391
f 1960//390 2055//390 1959//390
f 1961//430 2056//430 1960//430
f 1962//390 2057//390 1961//390
f 1963//390 2058//390 1962//390
f 1963//390 2060//390 2059//390
f 1965//390 2060//390 1964//390
f 1966//429 2061//429 1965//429
f 1967//430 2062//430 1966//430
f 1968//392 2063//392 1967//392
f 1969//390 2064//390 1968//390
f 1970//390 2065//390 1969//390
f 1971//390 2066//390 1970//390
f 1972//430 2067//430 1971//430
f 1972//390 2069//390 2068//390
f 1974//429 2069//429 1973//429
f 1975//390 2070//390 1974//390
f 1975//390 2072//390 2071//390
f 1976//432 2073//432 2072//432
f 1977//390 2074//390 2073//390
f 1979//429 2074//429 1978//429
f 1979//390 2076//390 2075//390
f 1980//431 2077//431 2076//431
f 1981//390 2078//390 2077//390
f 1983//390 2078//390 1982//390
f 1984//390 2079//390 1983//390
f 1985//390 2080//390 1984//390
f 1986//391 2081//391 1985//391
f 1987//390 2082//390 1986//390
f 1987//390 2084//390 2083//390
f 1989//390 2084//390 1988//390
f 1990//390 2085//390 1989//390
f 1991//391 2086//391 1990//391
f 1992//390 2087//390 1991//390
f 1993//390 2088//390 1992//390
f 1994//390 2089//390 1993//390
f 1995//390 2090//390 1994//390
f 1996//392 2091//392 1995//392
f 1996//390 2093//390 2092//390
f 1998//390 2093//390 1997//390
f 1999//390 2094//390 1998//390
f 1999//390 2096//390 2095//390
f 2000//390 2097//390 2096//390
f 2001//429 2098//429 2097//429
f 2003//390 2098//390 2002//390
f 2003//390 2100//390 2099//390
f 2004//390 2101//390 2100//390
f 2005//390 2102//390 2101//390
f 2007//392 2102//392 2006//392
f 2008//390 2103//390 2007//390
f 2009//429 2104//429 2008//429
f 2010//390 2105//390 2009//390
f 2011//390 2106//390 2010//390
f 2011//390 2108//390 2107//390
f 2013//390 2108//390 2012//390
f 2014//430 2109//430 2013//430
f 2015//429 2110//429 2014//429
f 2016//391 2111//391 2015//391
f 1921//390 2112//390 2016//390
f 2018//97 2113//97 2017//97
f 2019//99 2114//99 2018//99
f 2020//101 2115//101 2019//101
f 2021//103 2116//103 2020//103
f 2022//105 2117//105 2021//105
f 2023//107 2118//107 2022//107
f 2024//109 2119//109 2023//109
f 2025//111 2120//111 2024//111
f 2026//113 2121//113 2025//113
f 2027//433 2122//433 2026//433
f 2028//117 2123//117 2027//117
f 2029//119 2124//119 2028//119
f 2030//121 2125//121 2029//121
f 2031//123 2126//123 2030//123
f 2032//125 2127//125 2031//125
f 2033//127 2128//127 2032//127
f 2034//129 2129//129 2033//129
f 2035//131 2130//131 2034//131
f 2036//395 2131//395 2035//395
f 2037//135 2132//135 2036//135
f 2038//137 2133//137 2037//137
f 2039//139 2134//139 2038//139
f 2040//141 2135//141 2039//141
f 2041//143 2136//143 2040//143
f 2042//145 2137//145 2041//145
f 2043//147 2138//147 2042//147
f 2044//149 2139//149 2043//149
f 2045//151 2140//151 2044//151
f 2046//153 2141//153 2045//153
f 2047//396 2142//396 2046//396
f 2048//157 2143//157 2047//157
f 2049//159 2144//159 2048//159
f 2050//161 2145//161 2049//161
f 2051//163 2146//163 2050//163
f 2052//165 2147//165 2051//165
f 2053//167 2148//167 2052//167
f 2054//169 2149//169 2053//169
f 2055//171 2150//171 2054//171
f 2056//434 2151//434 2055//434
f 2057//175 2152//175 2056//175
f 2058//177 2153//177 2057//177
f 2059//179 2154//179 2058//179
f 2060//286 2155//286 2059//286
f 2061//183 2156//183 2060//183
f 2062//185 2157//185 2061//185
f 2063//187 2158//187 2062//187
f 2064//189 2159//189 2063//189
f 2065//191 2160//191 2064//191
f 2066//1 2161//1 2065//1
f 2067//3 2162//3 2066//3
f 2068//5 2163//5 2067//5
f 2069//7 2164//7 2068//7
f 2070//9 2165//9 2069//9
f 2071//11 2166//11 2070//11
f 2072//13 2167//13 2071//13
f 2073//15 2168//15 2072//15
f 2074//17 2169//17 2073//17
f 2075//435 2170//435 2074//435
f 2076//21 2171//21 2075//21
f 2077//23 2172//23 2076//23
f 2078//25 2173//25 2077//25
f 2079//27 2174//27 2078//27
f 2080//29 2175//29 2079//29
f 2081//31 2176//31 2080//31
f 2082//33 2177//33 2081//33
f 2083//35 2178//35 2082//35
f 2084//393 2179//393 2083//393
f 2085//39 2180//39 2084//39
f 2086//41 2181//41 2085//41
f 2087//43 2182//43 2086//43
f 2088//45 2183//45 2087//45
f 2089//47 2184//47 2088//47
f 2090//49 2185//49 2089//49
f 2091//51 2186//51 2090//51
f 2092//53 2187//53 2091//53
f 2093//55 2188//55 2092//55
f 2094//57 2189//57 2093//57
f 2095//394 2190//394 2094//394
f 2096//61 2191//61 2095//61
f 2097//63 2192//63 2096//63
f 2098//65 2193//65 2097//65
f 2099//67 2194//67 2098//67
f 2100//69 2195//69 2099//69
f 2101//71 2196//71 2100//71
f 2102//73 2197//73 2101//73
f 2103//75 2198//75 2102//75
f 2104//436 2199//436 2103//436
f 2105//79 2200//79 2104//79
f 2106//81 2201//81 2105//81
f 2107//83 2202//83 2106//83
f 2108//236 2203//236 2107//236
f 2109//87 2204//87 2108//87
f 2110//89 2205//89 2109//89
f 2111//91 2206//91 2110//91
f 2112//93 2207//93 2111//93
f 2017//95 2208//95 2112//95
f 769//389 770//389 866//389
f 771//389 867//389 866//389
f 771//389 772//389 868//389
f 773//389 869//389 868//389
f 773//389 774//389 870//389
f 775//389 871//389 870//389
f 776//389 872//389 871//389
f 776//389 777//389 873//389
f 777//389 778//389 874//389
f 779//389 875//389 874//389
f 779//389 780//389 876//389
f 781//389 877//389 876//389
f 782//389 878//389 877//389
f 783//389 879//389 878//389
f 784//389 880//389 879//389
f 785//389 881//389 880//389
f 786//389 882//389 881//389
f 786//389 787//389 883//389
f 787//389 788//389 884//389
f 789//389 885//389 884//389
f 789//389 790//389 886//389
f 791//389 887//389 886//389
f 791//389 792//389 888//389
f 793//389 889//389 888//389
f 793//389 794//389 890//389
f 795//389 891//389 890//389
f 795//389 796//389 892//389
f 797//389 893//389 892//389
f 797//389 798//389 894//389
f 799//389 895//389 894//389
f 800//389 896//389 895//389
f 800//389 801//389 897//389
f 801//389 802//389 898//389
f 803//389 899//389 898//389
f 803//389 804//389 900//389
f 805//389 901//389 900//389
f 806//389 902//389 901//389
f 807//389 903//389 902//389
f 808//389 904//389 903//389
f 809//389 905//389 904//389
f 810//389 906//389 905//389
f 810//389 811//389 907//389
f 811//389 812//389 908//389
f 813//389 909//389 908//389
f 813//389 814//389 910//389
f 815//389 911//389 910//389
f 815//389 816//389 912//389
f 817//389 913//389 912//389
f 817//389 818//389 914//389
f 819//389 915//389 914//389
f 819//389 820//389 916//389
f 821//389 917//389 916//389
f 821//389 822//389 918//389
f 823//389 919//389 918//389
f 824//389 920//389 919//389
f 824//389 825//389 921//389
f 825//389 826//389 922//389
f 827//389 923//389 922//389
f 827//389 828//389 924//389
f 829//389 925//389 924//389
f 830//389 926//389 925//389
f 831//389 927//389 926//389
f 832//389 928//389 927//389
f 833//389 929//389 928//389
f 834//389 930//389 929//389
f 834//389 835//389 931//389
f 835//389 836//389 932//389
f 837//389 933//389 932//389
f 837//389 838//389 934//389
f 839//389 935//389 934//389
f 839//389 840//389 936//389
f 841//389 937//389 936//389
f 841//389 842//389 938//389
f 843//389 939//389 938//389
f 843//389 844//389 940//389
f 845//389 941//389 940//389
f 845//389 846//389 942//389
f 847//389 943//389 942//389
f 848//389 944//389 943//389
f 848//389 849//389 945//389
f 849//389 850//389 946//389
f 851//389 947//389 946//389
f 851//389 852//389 948//389
f 853//389 949//389 948//389
f 854//389 950//389 949//389
f 855//389 951//389 950//389
f 856//389 952//389 951//389
f 857//389 953//389 952//389
f 858//389 954//389 953//389
f 858//389 859//389 955//389
f 859//389 860//389 956//389
f 861//389 957//389 956//389
f 861//389 862//389 958//389
f 863//389 959//389 958//389
f 863//389 864//389 960//389
f 769//389 865//389 960//389
f 866//1 962//1 961//1
f 867//3 963//3 962//3
f 868//5 964//5 963//5
f 869//7 965//7 964//7
f 870//9 966//9 965//9
f 871//11 967//11 966//11
f 872//13 968//13 967//13
f 873//15 969//15 968//15
f 874//17 970//17 969//17
f 875//19 971//19 970//19
f 876//21 972//21 971//21
f 877//23 973//23 972//23
f 878//25 974//25 973//25
f 879//27 975//27 974//27
f 880//29 976//29 975//29
f 881//31 977//31 976//31
f 882//33 978//33 977//33
f 883//35 979//35 978//35
f 884//393 980//393 979//393
f 885//39 981//39 980//39
f 886//41 982//41 981//41
f 887//43 983//43 982//43
f 888//45 984//45 983//45
f 889//47 985//47 984//47
f 890//49 986//49 985//49
f 891//51 987//51 986//51
f 892//53 988//53 987//53
f 893//55 989//55 988//55
f 894//57 990//57 989//57
f 895//394 991//394 990//394
f 896//61 992//61 991//61
f 897//63 993//63 992//63
f 898//65 994//65 993//65
f 899//67 995//67 994//67
f 900//69 996//69 995//69
f 901//71 997//71 996//71
f 902//73 998//73 997//73
f 903//75 999//75 998//75
f 904//77 1000//77 999//77
f 905//79 1001//79 1000//79
f 906//81 1002//81 1001//81
f 907//83 1003//83 1002//83
f 908//236 1004//236 1003//236
f 909//87 1005//87 1004//87
f 910//89 1006//89 1005//89
f 911//91 1007//91 1006//91
f 912//93 1008//93 1007//93
f 913//95 1009//95 1008//95
f 914//97 1010//97 1009//97
f 915//99 1011//99 1010//99
f 916//101 1012//101 1011//101
f 917//103 1013//103 1012//103
f 918//105 1014//105 1013//105
f 919//107 1015//107 1014//107
f 920//109 1016//109 1015//109
f 921//111 1017//111 1016//111
f 922//113 1018//113 1017//113
f 923//115 1019//115 1018//115
f 924//117 1020//117 1019//117
f 925//119 1021//119 1020//119
f 926//121 1022//121 1021//121
f 927//123 1023//123 1022//123
f 928//125 1024//125 1023//125
f 929//127 1025//127 1024//127
f 930//129 1026//129 1025//129
f 931//131 1027//131 1026//131
f 932//395 1028//395 1027//395
f 933//135 1029//135 1028//135
f 934//137 1030//137 1029//137
f 935//139 1031//139 1030//139
f 936//141 1032//141 1031//141
f 937//143 1033//143 1032//143
f 938//145 1034//145 1033//145
f 939//147 1035//147 1034//147
f 940//149 1036//149 1035//149
f 941//151 1037//151 1036//151
f 942//153 1038//153 1037//153
f 943//396 1039//396 1038//396
f 944//157 1040//157 1039//157
f 945//159 1041//159 1040//159
f 946//161 1042//161 1041//161
f 947//163 1043//163 1042//163
f 948//165 1044//165 1043//165
f 949//167 1045//167 1044//167
f 950//169 1046//169 1045//169
f 951//171 1047//171 1046//171
f 952//173 1048//173 1047//173
f 953//175 1049//175 1048//175
f 954//177 1050//177 1049//177
f 955//179 1051//179 1050//179
f 956//286 1052//286 1051//286
f 957//183 1053//183 1052//183
f 958//185 1054//185 1053//185
f 959//187 1055//187 1054//187
f 960//189 1056//189 1055//189
f 865//191 961//191 1056//191
f 962//390 1058//390 1057//390
f 962//390 963//390 1059//390
f 964//390 1060//390 1059//390
f 964//390 965//390 1061//390
f 966//390 1062//390 1061//390
f 966//390 967//390 1063//390
f 967//390 968//390 1064//390
f 969//390 1065//390 1064//390
f 970//390 1066//390 1065//390
f 971//390 1067//390 1066//390
f 972//390 1068//390 1067//390
f 973//390 1069//390 1068//390
f 974//390 1070//390 1069//390
f 974//390 975//390 1071//390
f 976//390 1072//390 1071//390
f 977//390 1073//390 1072//390
f 977//390 978//390 1074//390
f 979//390 1075//390 1074//390
f 980//390 1076//390 1075//390
f 980//390 981//390 1077//390
f 982//390 1078//390 1077//390
f 982//390 983//390 1079//390
f 984//390 1080//390 1079//390
f 984//390 985//390 1081//390
f 986//390 1082//390 1081//390
f 986//390 987//390 1083//390
f 988//390 1084//390 1083//390
f 988//390 989//390 1085//390
f 990//390 1086//390 1085//390
f 990//390 991//390 1087//390
f 991//390 992//390 1088//390
f 993//390 1089//390 1088//390
f 994//390 1090//390 1089//390
f 995//390 1091//390 1090//390
f 996//390 1092//390 1091//390
f 997//390 1093//390 1092//390
f 998//390 1094//390 1093//390
f 998//390 999//390 1095//390
f 1000//390 1096//390 1095//390
f 1001//390 1097//390 1096//390
f 1001//390 1002//390 1098//390
f 1003//390 1099//390 1098//390
f 1004//390 1100//390 1099//390
f 1004//390 1005//390 1101//390
f 1006//390 1102//390 1101//390
f 1006//390 1007//390 1103//390
f 1008//390 1104//390 1103//390
f 1008//390 1009//390 1105//390
f 1010//390 1106//390 1105//390
f 1010//390 1011//390 1107//390
f 1012//390 1108//390 1107//390
f 1012//390 1013//390 1109//390
f 1014//390 1110//390 1109//390
f 1014//390 1015//390 1111//390
f 1015//390 1016//390 1112//390
f 1017//390 1113//390 1112//390
f 1018//390 1114//390 1113//390
f 1019//390 1115//390 1114//390
f 1020//390 1116//390 1115//390
f 1021//390 1117//390 1116//390
f 1022//390 1118//390 1117//390
f 1022//390 1023//390 1119//390
f 1024//390 1120//390 1119//390
f 1025//390 1121//390 1120//390
f 1025//390 1026//390 1122//390
f 1027//390 1123//390 1122//390
f 1028//390 1124//390 1123//390
f 1028//390 1029//390 1125//390
f 1030//390 1126//390 1125//390
f 1030//390 1031//390 1127//390
f 1032//390 1128//390 1127//390
f 1032//390 1033//390 1129//390
f 1034//390 1130//390 1129//390
f 1034//390 1035//390 1131//390
f 1036//390 1132//390 1131//390
f 1036//390 1037//390 1133//390
f 1038//390 1134//390 1133//390
f 1038//390 1039//390 1135//390
f 1039//390 1040//390 1136//390
f 1041//390 1137//390 1136//390
f 1042//390 1138//390 1137//390
f 1043//390 1139//390 1138//390
f 1044//390 1140//390 1139//390
f 1045//390 1141//390 1140//390
f 1046//390 1142//390 1141//390
f 1046//390 1047//390 1143//390
f 1048//390 1144//390 1143//390
f 1049//390 1145//390 1144//390
f 1049//390 1050//390 1146//390
f 1051//390 1147//390 1146//390
f 1052//390 1148//390 1147//390
f 1052//390 1053//390 1149//390
f 1054//390 1150//390 1149//390
f 1054//390 1055//390 1151//390
f 1056//390 1152//390 1151//390
f 1056//390 961//390 1057//390
f 1058//97 1154//97 1153//97
f 1059//99 1155//99 1154//99
f 1060//101 1156//101 1155//101
f 1061//103 1157//103 1156//103
f 1062//105 1158//105 1157//105
f 1063//107 1159//107 1158//107
f 1064//109 1160//109 1159//109
f 1065//111 1161//111 1160//111
f 1066//113 1162//113 1161//113
f 1067//115 1163//115 1162//115
f 1068//117 1164//117 1163//117
f 1069//119 1165//119 1164//119
f 1070//121 1166//121 1165//121
f 1071//123 1167//123 1166//123
f 1072//125 1168//125 1167//125
f 1073//127 1169//127 1168//127
f 1074//129 1170//129 1169//129
f 1075//131 1171//131 1170//131
f 1076//395 1172//395 1171//395
f 1077//135 1173//135 1172//135
f 1078//137 1174//137 1173//137
f 1079//139 1175//139 1174//139
f 1080//141 1176//141 1175//141
f 1081//143 1177//143 1176//143
f 1082//145 1178//145 1177//145
f 1083//147 1179//147 1178//147
f 1084//149 1180//149 1179//149
f 1085//151 1181//151 1180//151
f 1086//153 1182//153 1181//153
f 1087//396 1183//396 1182//396
f 1088//157 1184//157 1183//157
f 1089//159 1185//159 1184//159
f 1090//161 1186//161 1185//161
f 1091//163 1187//163 1186//163
f 1092//165 1188//165 1187//165
f 1093//167 1189//167 1188//167
f 1094//169 1190//169 1189//169
f 1095//171 1191//171 1190//171
f 1096//173 1192//173 1191//173
f 1097//175 1193//175 1192//175
f 1098//177 1194//177 1193//177
f 1099//179 1195//179 1194//179
f 1100//181 1196//181 1195//181
f 1101//183 1197//183 1196//183
f 1102//185 1198//185 1197//185
f 1103//187 1199//187 1198//187
f 1104//189 1200//189 1199//189
f 1105//191 1201//191 1200//191
f 1106//1 1202//1 1201//1
f 1107//3 1203//3 1202//3
f 1108//5 1204//5 1203//5
f 1109//7 1205//7 1204//7
f 1110//9 1206//9 1205//9
f 1111//11 1207//11 1206//11
f 1112//13 1208//13 1207//13
f 1113//15 1209//15 1208//15
f 1114//17 1210//17 1209//17
f 1115//19 1211//19 1210//19
f 1116//21 1212//21 1211//21
f 1117//23 1213//23 1212//23
f 1118//25 1214//25 1213//25
f 1119//27 1215//27 1214//27
f 1120//29 1216//29 1215//29
f 1121//31 1217//31 1216//31
f 1122//33 1218//33 1217//33
f 1123//35 1219//35 1218//35
f 1124//393 1220//393 1219//393
f 1125//39 1221//39 1220//39
f 1126//41 1222//41 1221//41
f 1127//43 1223//43 1222//43
f 1128//45 1224//45 1223//45
f 1129//47 1225//47 1224//47
f 1130//49 1226//49 1225//49
f 1131//51 1227//51 1226//51
f 1132//53 1228//53 1227//53
f 1133//55 1229//55 1228//55
f 1134//57 1230//57 1229//57
f 1135//394 1231//394 1230//394
f 1136//61 1232//61 1231//61
f 1137//63 1233//63 1232//63
f 1138//65 1234//65 1233//65
f 1139//67 1235//67 1234//67
f 1140//69 1236//69 1235//69
f 1141//71 1237//71 1236//71
f 1142//73 1238//73 1237//73
f 1143//75 1239//75 1238//75
f 1144//77 1240//77 1239//77
f 1145//79 1241//79 1240//79
f 1146//81 1242//81 1241//81
f 1147//83 1243//83 1242//83
f 1148//85 1244//85 1243//85
f 1149//87 1245//87 1244//87
f 1150//89 1246//89 1245//89
f 1151//91 1247//91 1246//91
f 1152//93 1248//93 1247//93
f 1057//95 1153//95 1248//95
f 1249//389 1250//389 1346//389
f 1251//389 1347//389 1346//389
f 1252//389 1348//389 1347//389
f 1253//389 1349//389 1348//389
f 1253//389 1254//389 1350//389
f 1255//389 1351//389 1350//389
f 1255//389 1256//389 1352//389
f 1256//389 1257//389 1353//389
f 1257//389 1258//389 1354//389
f 1259//389 1355//389 1354//389
f 1259//389 1260//389 1356//389
f 1261//389 1357//389 1356//389
f 1261//389 1262//389 1358//389
f 1263//389 1359//389 1358//389
f 1264//389 1360//389 1359//389
f 1265//389 1361//389 1360//389
f 1266//389 1362//389 1361//389
f 1266//389 1267//389 1363//389
f 1268//389 1364//389 1363//389
f 1269//389 1365//389 1364//389
f 1270//389 1366//389 1365//389
f 1270//389 1271//389 1367//389
f 1271//389 1272//389 1368//389
f 1273//389 1369//389 1368//389
f 1273//389 1274//389 1370//389
f 1275//389 1371//389 1370//389
f 1276//389 1372//389 1371//389
f 1277//389 1373//389 1372//389
f 1277//389 1278//389 1374//389
f 1279//389 1375//389 1374//389
f 1279//389 1280//389 1376//389
f 1280//389 1281//389 1377//389
f 1281//389 1282//389 1378//389
f 1283//389 1379//389 1378//389
f 1283//389 1284//389 1380//389
f 1285//389 1381//389 1380//389
f 1285//389 1286//389 1382//389
f 1287//389 1383//389 1382//389
f 1288//389 1384//389 1383//389
f 1289//389 1385//389 1384//389
f 1290//389 1386//389 1385//389
f 1290//389 1291//389 1387//389
f 1292//389 1388//389 1387//389
f 1293//389 1389//389 1388//389
f 1294//389 1390//389 1389//389
f 1294//389 1295//389 1391//389
f 1295//389 1296//389 1392//389
f 1297//389 1393//389 1392//389
f 1297//389 1298//389 1394//389
f 1299//389 1395//389 1394//389
f 1300//389 1396//389 1395//389
f 1301//389 1397//389 1396//389
f 1301//389 1302//389 1398//389
f 1303//389 1399//389 1398//389
f 1303//389 1304//389 1400//389
f 1304//389 1305//389 1401//389
f 1305//389 1306//389 1402//389
f 1307//389 1403//389 1402//389
f 1307//389 1308//389 1404//389
f 1309//389 1405//389 1404//389
f 1309//389 1310//389 1406//389
f 1311//389 1407//389 1406//389
f 1312//389 1408//389 1407//389
f 1313//389 1409//389 1408//389
f 1314//389 1410//389 1409//389
f 1314//389 1315//389 1411//389
f 1316//389 1412//389 1411//389
f 1317//389 1413//389 1412//389
f 1318//389 1414//389 1413//389
f 1318//389 1319//389 1415//389
f 1319//389 1320//389 1416//389
f 1321//389 1417//389 1416//389
f 1321//389 1322//389 1418//389
f 1323//389 1419//389 1418//389
f 1324//389 1420//389 1419//389
f 1325//389 1421//389 1420//389
f 1325//389 1326//389 1422//389
f 1327//389 1423//389 1422//389
f 1327//389 1328//389 1424//389
f 1328//389 1329//389 1425//389
f 1329//389 1330//389 1426//389
f 1331//389 1427//389 1426//389
f 1331//389 1332//389 1428//389
f 1333//389 1429//389 1428//389
f 1333//389 1334//389 1430//389
f 1335//389 1431//389 1430//389
f 1336//389 1432//389 1431//389
f 1337//389 1433//389 1432//389
f 1338//389 1434//389 1433//389
f 1338//389 1339//389 1435//389
f 1340//389 1436//389 1435//389
f 1341//389 1437//389 1436//389
f 1342//389 1438//389 1437//389
f 1342//389 1343//389 1439//389
f 1343//389 1344//389 1440//389
f 1249//389 1345//389 1440//389
f 1346//1 1442//1 1441//1
f 1347//3 1443//3 1442//3
f 1348//5 1444//5 1443//5
f 1349//7 1445//7 1444//7
f 1350//9 1446//9 1445//9
f 1351//11 1447//11 1446//11
f 1352//13 1448//13 1447//13
f 1353//15 1449//15 1448//15
f 1354//17 1450//17 1449//17
f 1355//409 1451//409 1450//409
f 1356//21 1452//21 1451//21
f 1357//23 1453//23 1452//23
f 1358//25 1454//25 1453//25
f 1359//27 1455//27 1454//27
f 1360//399 1456//399 1455//399
f 1361//31 1457//31 1456//31
f 1362//33 1458//33 1457//33
f 1363//35 1459//35 1458//35
f 1364//37 1460//37 1459//37
f 1365//39 1461//39 1460//39
f 1366//41 1462//41 1461//41
f 1367//43 1463//43 1462//43
f 1368//45 1464//45 1463//45
f 1369//47 1465//47 1464//47
f 1370//49 1466//49 1465//49
f 1371//51 1467//51 1466//51
f 1372//53 1468//53 1467//53
f 1373//55 1469//55 1468//55
f 1374//57 1470//57 1469//57
f 1375//59 1471//59 1470//59
f 1376//61 1472//61 1471//61
f 1377//63 1473//63 1472//63
f 1378//65 1474//65 1473//65
f 1379//400 1475//400 1474//400
f 1380//69 1476//69 1475//69
f 1381//71 1477//71 1476//71
f 1382//73 1478//73 1477//73
f 1383//75 1479//75 1478//75
f 1384//418 1480//418 1479//418
f 1385//79 1481//79 1480//79
f 1386//81 1482//81 1481//81
f 1387//83 1483//83 1482//83
f 1388//236 1484//236 1483//236
f 1389//87 1485//87 1484//87
f 1390//89 1486//89 1485//89
f 1391//91 1487//91 1486//91
f 1392//93 1488//93 1487//93
f 1393//95 1489//95 1488//95
f 1394//97 1490//97 1489//97
f 1395//99 1491//99 1490//99
f 1396//101 1492//101 1491//101
f 1397//103 1493//103 1492//103
f 1398//105 1494//105 1493//105
f 1399//107 1495//107 1494//107
f 1400//109 1496//109 1495//109
f 1401//111 1497//111 1496//111
f 1402//113 1498//113 1497//113
f 1403//419 1499//419 1498//419
f 1404//117 1500//117 1499//117
f 1405//119 1501//119 1500//119
f 1406//121 1502//121 1501//121
f 1407//123 1503//123 1502//123
f 1408//397 1504//397 1503//397
f 1409//127 1505//127 1504//127
f 1410//129 1506//129 1505//129
f 1411//131 1507//131 1506//131
f 1412//133 1508//133 1507//133
f 1413//135 1509//135 1508//135
f 1414//137 1510//137 1509//137
f 1415//139 1511//139 1510//139
f 1416//141 1512//141 1511//141
f 1417//143 1513//143 1512//143
f 1418//145 1514//145 1513//145
f 1419//147 1515//147 1514//147
f 1420//149 1516//149 1515//149
f 1421//151 1517//151 1516//151
f 1422//153 1518//153 1517//153
f 1423//155 1519//155 1518//155
f 1424//157 1520//157 1519//157
f 1425//159 1521//159 1520//159
f 1426//161 1522//161 1521//161
f 1427//398 1523//398 1522//398
f 1428//165 1524//165 1523//165
f 1429//167 1525//167 1524//167
f 1430//169 1526//169 1525//169
f 1431//171 1527//171 1526//171
f 1432//428 1528//428 1527//428
f 1433//175 1529//175 1528//175
f 1434//177 1530//177 1529//177
f 1435//179 1531//179 1530//179
f 1436//286 1532//286 1531//286
f 1437//183 1533//183 1532//183
f 1438//185 1534//185 1533//185
f 1439//187 1535//187 1534//187
f 1440//189 1536//189 1535//189
f 1345//191 1441//191 1536//191
f 1442//390 1538//390 1537//390
f 1442//390 1443//390 1539//390
f 1443//390 1444//390 1540//390
f 1445//390 1541//390 1540//390
f 1446//390 1542//390 1541//390
f 1447//390 1543//390 1542//390
f 1447//390 1448//390 1544//390
f 1449//390 1545//390 1544//390
f 1450//390 1546//390 1545//390
f 1451//390 1547//390 1546//390
f 1452//390 1548//390 1547//390
f 1452//390 1453//390 1549//390
f 1454//390 1550//390 1549//390
f 1454//390 1455//390 1551//390
f 1456//390 1552//390 1551//390
f 1456//390 1457//390 1553//390
f 1457//390 1458//390 1554//390
f 1458//390 1459//390 1555//390
f 1460//390 1556//390 1555//390
f 1460//390 1461//390 1557//390
f 1462//390 1558//390 1557//390
f 1463//390 1559//390 1558//390
f 1464//390 1560//390 1559//390
f 1464//390 1465//390 1561//390
f 1466//390 1562//390 1561//390
f 1466//390 1467//390 1563//390
f 1467//390 1468//390 1564//390
f 1469//390 1565//390 1564//390
f 1470//390 1566//390 1565//390
f 1471//390 1567//390 1566//390
f 1471//390 1472//390 1568//390
f 1473//390 1569//390 1568//390
f 1474//390 1570//390 1569//390
f 1475//390 1571//390 1570//390
f 1476//390 1572//390 1571//390
f 1476//390 1477//390 1573//390
f 1478//390 1574//390 1573//390
f 1478//390 1479//390 1575//390
f 1480//390 1576//390 1575//390
f 1480//390 1481//390 1577//390
f 1481//390 1482//390 1578//390
f 1482//390 1483//390 1579//390
f 1484//390 1580//390 1579//390
f 1484//390 1485//390 1581//390
f 1486//390 1582//390 1581//390
f 1487//390 1583//390 1582//390
f 1488//390 1584//390 1583//390
f 1488//390 1489//390 1585//390
f 1490//390 1586//390 1585//390
f 1490//390 1491//390 1587//390
f 1491//390 1492//390 1588//390
f 1493//390 1589//390 1588//390
f 1494//390 1590//390 1589//390
f 1495//390 1591//390 1590//390
f 1495//390 1496//390 1592//390
f 1497//390 1593//390 1592//390
f 1498//390 1594//390 1593//390
f 1499//390 1595//390 1594//390
f 1500//390 1596//390 1595//390
f 1500//390 1501//390 1597//390
f 1502//390 1598//390 1597//390
f 1502//390 1503//390 1599//390
f 1504//390 1600//390 1599//390
f 1504//390 1505//390 1601//390
f 1505//390 1506//390 1602//390
f 1506//390 1507//390 1603//390
f 1508//390 1604//390 1603//390
f 1508//390 1509//390 1605//390
f 1510//390 1606//390 1605//390
f 1511//390 1607//390 1606//390
f 1512//390 1608//390 1607//390
f 1512//390 1513//390 1609//390
f 1514//390 1610//390 1609//390
f 1514//390 1515//390 1611//390
f 1515//390 1516//390 1612//390
f 1517//390 1613//390 1612//390
f 1518//390 1614//390 1613//390
f 1519//390 1615//390 1614//390
f 1519//390 1520//390 1616//390
f 1521//390 1617//390 1616//390
f 1522//390 1618//390 1617//390
f 1523//390 1619//390 1618//390
f 1524//390 1620//390 1619//390
f 1524//390 1525//390 1621//390
f 1526//390 1622//390 1621//390
f 1526//390 1527//390 1623//390
f 1528//390 1624//390 1623//390
f 1528//390 1529//390 1625//390
f 1529//390 1530//390 1626//390
f 1530//390 1531//390 1627//390
f 1532//390 1628//390 1627//390
f 1532//390 1533//390 1629//390
f 1534//390 1630//390 1629//390
f 1535//390 1631//390 1630//390
f 1536//390 1632//390 1631//390
f 1536//390 1441//390 1537//390
f 1538//97 1634//97 1633//97
f 1539//99 1635//99 1634//99
f 1540//101 1636//101 1635//101
f 1541//103 1637//103 1636//103
f 1542//105 1638//105 1637//105
f 1543//248 1639//248 1638//248
f 1544//109 1640//109 1639//109
f 1545//111 1641//111 1640//111
f 1546//113 1642//113 1641//113
f 1547//419 1643//419 1642//419
f 1548//117 1644//117 1643//117
f 1549//119 1645//119 1644//119
f 1550//121 1646//121 1645//121
f 1551//123 1647//123 1646//123
f 1552//125 1648//125 1647//125
f 1553//127 1649//127 1648//127
f 1554//129 1650//129 1649//129
f 1555//131 1651//131 1650//131
f 1556//395 1652//395 1651//395
f 1557//135 1653//135 1652//135
f 1558//137 1654//137 1653//137
f 1559//139 1655//139 1654//139
f 1560//141 1656//141 1655//141
f 1561//143 1657//143 1656//143
f 1562//145 1658//145 1657//145
f 1563//147 1659//147 1658//147
f 1564//149 1660//149 1659//149
f 1565//151 1661//151 1660//151
f 1566//153 1662//153 1661//153
f 1567//396 1663//396 1662//396
f 1568//157 1664//157 1663//157
f 1569//159 1665//159 1664//159
f 1570//161 1666//161 1665//161
f 1571//163 1667//163 1666//163
f 1572//165 1668//165 1667//165
f 1573//167 1669//167 1668//167
f 1574//169 1670//169 1669//169
f 1575//171 1671//171 1670//171
f 1576//428 1672//428 1671//428
f 1577//175 1673//175 1672//175
f 1578//177 1674//177 1673//177
f 1579//179 1675//179 1674//179
f 1580//181 1676//181 1675//181
f 1581//183 1677//183 1676//183
f 1582//185 1678//185 1677//185
f 1583//187 1679//187 1678//187
f 1584//189 1680//189 1679//189
f 1585//191 1681//191 1680//191
f 1586//1 1682//1 1681//1
f 1587//3 1683//3 1682//3
f 1588//5 1684//5 1683//5
f 1589//7 1685//7 1684//7
f 1590//9 1686//9 1685//9
f 1591//198 1687//198 1686//198
f 1592//13 1688//13 1687//13
f 1593//15 1689//15 1688//15
f 1594//17 1690//17 1689//17
f 1595//409 1691//409 1690//409
f 1596//21 1692//21 1691//21
f 1597//23 1693//23 1692//23
f 1598//25 1694//25 1693//25
f 1599//27 1695//27 1694//27
f 1600//29 1696//29 1695//29
f 1601//31 1697//31 1696//31
f 1602//33 1698//33 1697//33
f 1603//35 1699//35 1698//35
f 1604//393 1700//393 1699//393
f 1605//39 1701//39 1700//39
f 1606//41 1702//41 1701//41
f 1607//43 1703//43 1702//43
f 1608//45 1704//45 1703//45
f 1609//47 1705//47 1704//47
f 1610//49 1706//49 1705//49
f 1611//51 1707//51 1706//51
f 1612//53 1708//53 1707//53
f 1613//55 1709//55 1708//55
f 1614//57 1710//57 1709//57
f 1615//394 1711//394 1710//394
f 1616//61 1712//61 1711//61
f 1617//63 1713//63 1712//63
f 1618//65 1714//65 1713//65
f 1619//67 1715//67 1714//67
f 1620//69 1716//69 1715//69
f 1621//71 1717//71 1716//71
f 1622//73 1718//73 1717//73
f 1623//75 1719//75 1718//75
f 1624//418 1720//418 1719//418
f 1625//79 1721//79 1720//79
f 1626//81 1722//81 1721//81
f 1627//83 1723//83 1722//83
f 1628//85 1724//85 1723//85
f 1629//87 1725//87 1724//87
f 1630//89 1726//89 1725//89
f 1631//91 1727//91 1726//91
f 1632//93 1728//93 1727//93
f 1537//95 1633//95 1728//95
f 1730//389 1826//389 1825//389
f 1730//408 1731//408 1827//408
f 1732//407 1828//407 1827//407
f 1732//406 1733//406 1829//406
f 1734//389 1830//389 1829//389
f 1734//389 1735//389 1831//389
f 1736//389 1832//389 1831//389
f 1737//389 1833//389 1832//389
f 1738//389 1834//389 1833//389
f 1739//389 1835//389 1834//389
f 1740//389 1836//389 1835//389
f 1741//389 1837//389 1836//389
f 1741//405 1742//405 1838//405
f 1743//404 1839//404 1838//404
f 1743//406 1744//406 1840//406
f 1744//389 1745//389 1841//389
f 1745//406 1746//406 1842//406
f 1747//389 1843//389 1842//389
f 1748//389 1844//389 1843//389
f 1749//389 1845//389 1844//389
f 1750//389 1846//389 1845//389
f 1750//389 1751//389 1847//389
f 1752//389 1848//389 1847//389
f 1753//389 1849//389 1848//389
f 1754//389 1850//389 1849//389
f 1754//389 1755//389 1851//389
f 1756//389 1852//389 1851//389
f 1756//389 1757//389 1853//389
f 1758//406 1854//406 1853//406
f 1758//406 1759//406 1855//406
f 1760//389 1856//389 1855//389
f 1761//389 1857//389 1856//389
f 1762//404 1858//404 1857//404
f 1763//389 1859//389 1858//389
f 1764//403 1860//403 1859//403
f 1765//389 1861//389 1860//389
f 1765//406 1766//406 1862//406
f 1767//389 1863//389 1862//389
f 1767//389 1768//389 1864//389
f 1768//406 1769//406 1865//406
f 1769//403 1770//403 1866//403
f 1771//389 1867//389 1866//389
f 1772//389 1868//389 1867//389
f 1773//407 1869//407 1868//407
f 1774//407 1870//407 1869//407
f 1774//408 1775//408 1871//408
f 1776//407 1872//407 1871//407
f 1777//389 1873//389 1872//389
f 1778//389 1874//389 1873//389
f 1778//402 1779//402 1875//402
f 1780//401 1876//401 1875//401
f 1780//405 1781//405 1877//405
f 1782//389 1878//389 1877//389
f 1782//389 1783//389 1879//389
f 1784//389 1880//389 1879//389
f 1785//389 1881//389 1880//389
f 1786//389 1882//389 1881//389
f 1787//389 1883//389 1882//389
f 1788//389 1884//389 1883//389
f 1789//389 1885//389 1884//389
f 1789//406 1790//406 1886//406
f 1791//403 1887//403 1886//403
f 1791//405 1792//405 1888//405
f 1792//389 1793//389 1889//389
f 1793//405 1794//405 1890//405
f 1795//389 1891//389 1890//389
f 1796//389 1892//389 1891//389
f 1797//389 1893//389 1892//389
f 1798//389 1894//389 1893//389
f 1798//389 1799//389 1895//389
f 1800//389 1896//389 1895//389
f 1801//389 1897//389 1896//389
f 1802//389 1898//389 1897//389
f 1802//389 1803//389 1899//389
f 1804//389 1900//389 1899//389
f 1804//389 1805//389 1901//389
f 1806//405 1902//405 1901//405
f 1806//405 1807//405 1903//405
f 1808//389 1904//389 1903//389
f 1809//389 1905//389 1904//389
f 1810//403 1906//403 1905//403
f 1811//389 1907//389 1906//389
f 1812//404 1908//404 1907//404
f 1813//389 1909//389 1908//389
f 1813//405 1814//405 1910//405
f 1815//389 1911//389 1910//389
f 1815//389 1816//389 1912//389
f 1816//405 1817//405 1913//405
f 1817//404 1818//404 1914//404
f 1819//389 1915//389 1914//389
f 1820//389 1916//389 1915//389
f 1821//401 1917//401 1916//401
f 1822//401 1918//401 1917//401
f 1822//402 1823//402 1919//402
f 1824//401 1920//401 1919//401
f 1729//389 1825//389 1920//389
f 1826//1 1922//1 1921//1
f 1827//3 1923//3 1922//3
f 1828//5 1924//5 1923//5
f 1829//7 1925//7 1924//7
f 1830//9 1926//9 1925//9
f 1831//11 1927//11 1926//11
f 1832//13 1928//13 1927//13
f 1833//15 1929//15 1928//15
f 1834//17 1930//17 1929//17
f 1835//19 1931//19 1930//19
f 1836//21 1932//21 1931//21
f 1837//23 1933//23 1932//23
f 1838//411 1934//411 1933//411
f 1839//27 1935//27 1934//27
f 1840//29 1936//29 1935//29
f 1841//31 1937//31 1936//31
f 1842//449 1938//449 1937//449
f 1843//450 1939//450 1938//450
f 1844//393 1940//393 1939//393
f 1845//39 1941//39 1940//39
f 1846//41 1942//41 1941//41
f 1847//43 1943//43 1942//43
f 1848//45 1944//45 1943//45
f 1849//47 1945//47 1944//47
f 1850//49 1946//49 1945//49
f 1851//51 1947//51 1946//51
f 1852//53 1948//53 1947//53
f 1853//55 1949//55 1948//55
f 1854//57 1950//57 1949//57
f 1855//394 1951//394 1950//394
f 1856//451 1952//451 1951//451
f 1857//452 1953//452 1952//452
f 1858//65 1954//65 1953//65
f 1859//67 1955//67 1954//67
f 1860//69 1956//69 1955//69
f 1861//416 1957//416 1956//416
f 1862//73 1958//73 1957//73
f 1863//75 1959//75 1958//75
f 1864//77 1960//77 1959//77
f 1865//79 1961//79 1960//79
f 1866//81 1962//81 1961//81
f 1867//83 1963//83 1962//83
f 1868//236 1964//236 1963//236
f 1869//87 1965//87 1964//87
f 1870//89 1966//89 1965//89
f 1871//91 1967//91 1966//91
f 1872//93 1968//93 1967//93
f 1873//95 1969//95 1968//95
f 1874//97 1970//97 1969//97
f 1875//99 1971//99 1970//99
f 1876//101 1972//101 1971//101
f 1877//103 1973//103 1972//103
f 1878//105 1974//105 1973//105
f 1879//107 1975//107 1974//107
f 1880//109 1976//109 1975//109
f 1881//111 1977//111 1976//111
f 1882//113 1978//113 1977//113
f 1883//115 1979//115 1978//115
f 1884//117 1980//117 1979//117
f 1885//119 1981//119 1980//119
f 1886//421 1982//421 1981//421
f 1887//123 1983//123 1982//123
f 1888//125 1984//125 1983//125
f 1889//127 1985//127 1984//127
f 1890//453 1986//453 1985//453
f 1891//454 1987//454 1986//454
f 1892//395 1988//395 1987//395
f 1893//135 1989//135 1988//135
f 1894//137 1990//137 1989//137
f 1895//139 1991//139 1990//139
f 1896//141 1992//141 1991//141
f 1897//143 1993//143 1992//143
f 1898//145 1994//145 1993//145
f 1899//147 1995//147 1994//147
f 1900//149 1996//149 1995//149
f 1901//151 1997//151 1996//151
f 1902//153 1998//153 1997//153
f 1903//396 1999//396 1998//396
f 1904//455 2000//455 1999//455
f 1905//456 2001//456 2000//456
f 1906//161 2002//161 2001//161
f 1907//163 2003//163 2002//163
f 1908//165 2004//165 2003//165
f 1909//426 2005//426 2004//426
f 1910//169 2006//169 2005//169
f 1911//171 2007//171 2006//171
f 1912//173 2008//173 2007//173
f 1913//175 2009//175 2008//175
f 1914//177 2010//177 2009//177
f 1915//179 2011//179 2010//179
f 1916//286 2012//286 2011//286
f 1917//183 2013//183 2012//183
f 1918//185 2014//185 2013//185
f 1919//187 2015//187 2014//187
f 1920//189 2016//189 2015//189
f 1825//191 1921//191 2016//191
f 1922//390 2018//390 2017//390
f 1923//390 2019//390 2018//390
f 1924//390 2020//390 2019//390
f 1924//430 1925//430 2021//430
f 1926//390 2022//390 2021//390
f 1927//390 2023//390 2022//390
f 1927//390 1928//390 2024//390
f 1928//390 1929//390 2025//390
f 1929//429 1930//429 2026//429
f 1931//390 2027//390 2026//390
f 1931//392 1932//392 2028//392
f 1932//429 1933//429 2029//429
f 1933//390 1934//390 2030//390
f 1935//390 2031//390 2030//390
f 1936//390 2032//390 2031//390
f 1937//429 2033//429 2032//429
f 1938//390 2034//390 2033//390
f 1939//390 2035//390 2034//390
f 1939//390 1940//390 2036//390
f 1941//390 2037//390 2036//390
f 1942//390 2038//390 2037//390
f 1943//391 2039//391 2038//391
f 1944//390 2040//390 2039//390
f 1945//390 2041//390 2040//390
f 1946//390 2042//390 2041//390
f 1947//390 2043//390 2042//390
f 1948//390 2044//390 2043//390
f 1948//390 1949//390 2045//390
f 1950//390 2046//390 2045//390
f 1951//390 2047//390 2046//390
f 1951//390 1952//390 2048//390
f 1952//391 1953//391 2049//391
f 1953//390 1954//390 2050//390
f 1955//390 2051//390 2050//390
f 1955//390 1956//390 2052//390
f 1956//430 1957//430 2053//430
f 1957//392 1958//392 2054//392
f 1959//390 2055//390 2054//390
f 1960//431 2056//431 2055//431
f 1961//390 2057//390 2056//390
f 1962//432 2058//432 2057//432
f 1963//390 2059//390 2058//390
f 1963//390 1964//390 2060//390
f 1965//390 2061//390 2060//390
f 1966//390 2062//390 2061//390
f 1967//390 2063//390 2062//390
f 1968//390 2064//390 2063//390
f 1969//390 2065//390 2064//390
f 1970//390 2066//390 2065//390
f 1971//390 2067//390 2066//390
f 1972//390 2068//390 2067//390
f 1972//429 1973//429 2069//429
f 1974//390 2070//390 2069//390
f 1975//390 2071//390 2070//390
f 1975//390 1976//390 2072//390
f 1976//390 1977//390 2073//390
f 1977//430 1978//430 2074//430
f 1979//390 2075//390 2074//390
f 1979//391 1980//391 2076//391
f 1980//430 1981//430 2077//430
f 1981//390 1982//390 2078//390
f 1983//390 2079//390 2078//390
f 1984//390 2080//390 2079//390
f 1985//430 2081//430 2080//430
f 1986//390 2082//390 2081//390
f 1987//390 2083//390 2082//390
f 1987//390 1988//390 2084//390
f 1989//390 2085//390 2084//390
f 1990//390 2086//390 2085//390
f 1991//392 2087//392 2086//392
f 1992//390 2088//390 2087//390
f 1993//390 2089//390 2088//390
f 1994//390 2090//390 2089//390
f 1995//390 2091//390 2090//390
f 1996//390 2092//390 2091//390
f 1996//390 1997//390 2093//390
f 1998//390 2094//390 2093//390
f 1999//390 2095//390 2094//390
f 1999//390 2000//390 2096//390
f 2000//392 2001//392 2097//392
f 2001//390 2002//390 2098//390
f 2003//390 2099//390 2098//390
f 2003//390 2004//390 2100//390
f 2004//429 2005//429 2101//429
f 2005//391 2006//391 2102//391
f 2007//390 2103//390 2102//390
f 2008//432 2104//432 2103//432
f 2009//390 2105//390 2104//390
f 2010//431 2106//431 2105//431
f 2011//390 2107//390 2106//390
f 2011//390 2012//390 2108//390
f 2013//390 2109//390 2108//390
f 2014//390 2110//390 2109//390
f 2015//390 2111//390 2110//390
f 2016//390 2112//390 2111//390
f 1921//390 2017//390 2112//390
f 2018//97 2114//97 2113//97
f 2019//99 2115//99 2114//99
f 2020//101 2116//101 2115//101
f 2021//103 2117//103 2116//103
f 2022//105 2118//105 2117//105
f 2023//107 2119//107 2118//107
f 2024//109 2120//109 2119//109
f 2025//111 2121//111 2120//111
f 2026//113 2122//113 2121//113
f 2027//115 2123//115 2122//115
f 2028//117 2124//117 2123//117
f 2029//420 2125//420 2124//420
f 2030//121 2126//121 2125//121
f 2031//123 2127//123 2126//123
f 2032//125 2128//125 2127//125
f 2033//127 2129//127 2128//127
f 2034//129 2130//129 2129//129
f 2035//131 2131//131 2130//131
f 2036//395 2132//395 2131//395
f 2037//135 2133//135 2132//135
f 2038//137 2134//137 2133//137
f 2039//139 2135//139 2134//139
f 2040//141 2136//141 2135//141
f 2041//143 2137//143 2136//143
f 2042//145 2138//145 2137//145
f 2043//147 2139//147 2138//147
f 2044//149 2140//149 2139//149
f 2045//151 2141//151 2140//151
f 2046//153 2142//153 2141//153
f 2047//396 2143//396 2142//396
f 2048//157 2144//157 2143//157
f 2049//159 2145//159 2144//159
f 2050//161 2146//161 2145//161
f 2051//163 2147//163 2146//163
f 2052//165 2148//165 2147//165
f 2053//167 2149//167 2148//167
f 2054//427 2150//427 2149//427
f 2055//171 2151//171 2150//171
f 2056//173 2152//173 2151//173
f 2057//175 2153//175 2152//175
f 2058//177 2154//177 2153//177
f 2059//179 2155//179 2154//179
f 2060//286 2156//286 2155//286
f 2061//183 2157//183 2156//183
f 2062//185 2158//185 2157//185
f 2063//187 2159//187 2158//187
f 2064//189 2160//189 2159//189
f 2065//191 2161//191 2160//191
f 2066//1 2162//1 2161//1
f 2067//3 2163//3 2162//3
f 2068//5 2164//5 2163//5
f 2069//7 2165//7 2164//7
f 2070//9 2166//9 2165//9
f 2071//11 2167//11 2166//11
f 2072//13 2168//13 2167//13
f 2073//15 2169//15 2168//15
f 2074//17 2170//17 2169//17
f 2075//19 2171//19 2170//19
f 2076//21 2172//21 2171//21
f 2077//410 2173//410 2172//410
f 2078//25 2174//25 2173//25
f 2079//27 2175//27 2174//27
f 2080//29 2176//29 2175//29
f 2081//31 2177//31 2176//31
f 2082//33 2178//33 2177//33
f 2083//35 2179//35 2178//35
f 2084//393 2180//393 2179//393
f 2085//39 2181//39 2180//39
f 2086//41 2182//41 2181//41
f 2087//43 2183//43 2182//43
f 2088//45 2184//45 2183//45
f 2089//47 2185//47 2184//47
f 2090//49 2186//49 2185//49
f 2091//51 2187//51 2186//51
f 2092//53 2188//53 2187//53
f 2093//55 2189//55 2188//55
f 2094//57 2190//57 2189//57
f 2095//394 2191//394 2190//394
f 2096//61 2192//61 2191//61
f 2097//63 2193//63 2192//63
f 2098//65 2194//65 2193//65
f 2099//67 2195//67 2194//67
f 2100//69 2196//69 2195//69
f 2101//71 2197//71 2196//71
f 2102//417 2198//417 2197//417
f 2103//75 2199//75 2198//75
f 2104//77 2200//77 2199//77
f 2105//79 2201//79 2200//79
f 2106//81 2202//81 2201//81
f 2107//83 2203//83 2202//83
f 2108//236 2204//236 2203//236
f 2109//87 2205//87 2204//87
f 2110//89 2206//89 2205//89
f 2111//91 2207//91 2206//91
f 2112//93 2208//93 2207//93
f 2017//95 2113//95 2208//95
